task_id,alg,start,goal,success,cost,steps,time_sec,curvature,heading_change,bending_energy,path
1,SIPP_2^2,"136,192,0","134,195,0",0,-1,0,0.0,0.0,0.0,0.0,
1,SIPP_2^3,"136,192,0","134,195,0",0,-1,0,0.0,0.0,0.0,0.0,
1,SIPP_2^4,"136,192,0","134,195,0",0,-1,0,0.0,0.0,0.0,0.0,
1,SIPP_2^5,"136,192,0","134,195,0",0,-1,0,0.0,0.0,0.0,0.0,
1,SIPP_BigCS,"136,192,0","134,195,0",0,-1,0,0.0,0.0,0.0,0.0,
1,SIPP_Standard,"136,192,3","134,195,6",0,-1,1,0.009,0.0,0.0,0.0,
2,SIPP_2^2,"124,211,0","122,209,0",1,40.0,5,0.00157,21.2132,4.71239,9.42478,3 0 3 0
2,SIPP_2^3,"124,211,0","122,209,0",1,28.284272,2,0.00112,0.0,0.0,0.0,7 7
2,SIPP_2^4,"124,211,0","122,209,0",1,28.284272,2,0.00283,0.0,0.0,0.0,14 14
2,SIPP_2^5,"124,211,0","122,209,0",1,28.284272,2,0.00701,0.0,0.0,0.0,28 28
2,SIPP_BigCS,"124,211,4","122,209,13",1,28.0,2,0.12194,0.0,0.0,0.0,102 102
2,SIPP_Standard,"124,211,4","122,209,13",1,504.192239,1941,5.20375,28.13695,5.4085,0.9493,101 75 110 -0.192 32 81 2
3,SIPP_2^2,"136,199,0","135,202,0",1,40.0,4,0.00131,14.14214,3.14159,6.28319,2 2 3 2
3,SIPP_2^3,"136,199,0","135,202,0",1,34.142136,3,0.00169,3.82683,0.7854,1.5708,4 4 5
3,SIPP_2^4,"136,199,0","135,202,0",1,32.36068,2,0.00261,2.29753,0.46365,0.9273,8 9
3,SIPP_2^5,"136,199,0","135,202,0",1,31.622777,1,0.00299,0.0,0.0,0.0,17
3,SIPP_BigCS,"136,199,3","135,202,13",1,33.0,3,0.08147,3.85319,0.7822,0.2486,72
3,SIPP_Standard,"136,199,3","135,202,13",1,609.926127,1835,4.1644,35.79219,6.8806,1.0888,110 40 78 107 -7.582 46 26 -11.344 89
4,SIPP_2^2,"111,160,0","111,158,0",1,20.0,2,0.00087,0.0,0.0,0.0,0 0
4,SIPP_2^3,"111,160,0","111,158,0",1,20.0,2,0.00125,0.0,0.0,0.0,0 0
4,SIPP_2^4,"111,160,0","111,158,0",1,20.0,2,0.0031,0.0,0.0,0.0,0 0
4,SIPP_2^5,"111,160,0","111,158,0",1,20.0,2,0.00808,0.0,0.0,0.0,0 0
4,SIPP_BigCS,"111,160,1","111,158,11",1,20.0,2,0.27349,0.0,0.0,0.0,6 6
4,SIPP_Standard,"111,160,1","111,158,11",1,543.736369,267,1.23539,31.36482,6.0448,1.0356,41 79 -45.736 104 43 85 6
5,SIPP_2^2,"179,147,0","177,148,0",1,30.0,3,0.00115,7.07107,1.5708,3.14159,3 3 2
5,SIPP_2^3,"179,147,0","177,148,0",1,24.142136,2,0.00122,3.82683,0.7854,1.5708,6 5
5,SIPP_2^4,"179,147,0","177,148,0",1,22.36068,1,0.00154,0.0,0.0,0.0,11
5,SIPP_2^5,"179,147,0","177,148,0",1,22.36068,1,0.00414,0.0,0.0,0.0,22
5,SIPP_BigCS,"179,147,13","177,148,0",1,22.0,1,0.14689,0.13583,0.0,0.0,203
5,SIPP_Standard,"179,147,13","177,148,0",1,484.32293400000003,2820,8.10617,27.65759,5.3577,0.8925,-35.415 79 -25.908 104 43 85 26
6,SIPP_2^2,"93,219,0","92,217,0",1,30.0,3,0.00116,14.14214,3.14159,6.28319,0 3 0
6,SIPP_2^3,"93,219,0","92,217,0",1,24.142136,2,0.00135,3.82683,0.7854,1.5708,0 7
6,SIPP_2^4,"93,219,0","92,217,0",1,22.36068,1,0.00176,0.0,0.0,0.0,15
6,SIPP_2^5,"93,219,0","92,217,0",1,22.36068,1,0.00458,0.0,0.0,0.0,30
6,SIPP_BigCS,"93,219,9","92,217,8",1,22.0,1,0.11665,0.13583,0.0,0.0,202
6,SIPP_Standard,"93,219,9","92,217,8",1,498.0,1646,4.82624,25.85877,4.9628,0.7667,95 9 33 82 11 51
7,SIPP_2^2,"177,179,0","175,180,0",0,-1,0,0.0,0.0,0.0,0.0,
7,SIPP_2^3,"177,179,0","175,180,0",0,-1,0,0.0,0.0,0.0,0.0,
7,SIPP_2^4,"177,179,0","175,180,0",0,-1,0,0.0,0.0,0.0,0.0,
7,SIPP_2^5,"177,179,0","175,180,0",0,-1,0,0.0,0.0,0.0,0.0,
7,SIPP_BigCS,"177,179,0","175,180,0",0,-1,0,0.0,0.0,0.0,0.0,
7,SIPP_Standard,"177,179,9","175,180,4",0,-1,74418,180.00046,0.0,0.0,0.0,
8,SIPP_2^2,"74,174,0","73,175,0",1,20.0,2,0.00054,7.07107,1.5708,3.14159,3 2
8,SIPP_2^3,"74,174,0","73,175,0",1,14.142136,1,0.00037,0.0,0.0,0.0,5
8,SIPP_2^4,"74,174,0","73,175,0",1,14.142136,1,0.00083,0.0,0.0,0.0,10
8,SIPP_2^5,"74,174,0","73,175,0",1,14.142136,1,0.00199,0.0,0.0,0.0,20
8,SIPP_BigCS,"74,174,0","73,175,2",1,14.0,1,0.07157,0.0,0.0,0.0,103
8,SIPP_Standard,"74,174,0","73,175,2",1,1138.79344,16923,27.5301,53.55985,10.2816,1.5224,110 36 1 13 84 21 40 86 19 69 54 -9.485 82 -45.309 7
9,SIPP_2^2,"215,175,0","217,175,0",1,20.0,2,0.0007,0.0,0.0,0.0,1 1
9,SIPP_2^3,"215,175,0","217,175,0",1,20.0,2,0.00109,0.0,0.0,0.0,2 2
9,SIPP_2^4,"215,175,0","217,175,0",1,20.0,2,0.00274,0.0,0.0,0.0,4 4
9,SIPP_2^5,"215,175,0","217,175,0",1,20.0,2,0.00691,0.0,0.0,0.0,8 8
9,SIPP_BigCS,"215,175,3","217,175,1",1,20.0,2,0.1025,0.0,0.0,0.0,5 5
9,SIPP_Standard,"215,175,3","217,175,1",1,489.0,2536,6.64269,28.62103,5.4996,0.8771,54 106 41 79 104 47
10,SIPP_2^2,"173,109,0","172,107,0",0,-1,0,0.0,0.0,0.0,0.0,
10,SIPP_2^3,"173,109,0","172,107,0",0,-1,0,0.0,0.0,0.0,0.0,
10,SIPP_2^4,"173,109,0","172,107,0",0,-1,0,0.0,0.0,0.0,0.0,
10,SIPP_2^5,"173,109,0","172,107,0",0,-1,0,0.0,0.0,0.0,0.0,
10,SIPP_BigCS,"173,109,0","172,107,0",0,-1,0,0.0,0.0,0.0,0.0,
10,SIPP_Standard,"173,109,7","172,107,8",0,-1,0,0.0001,0.0,0.0,0.0,
11,SIPP_2^2,"211,167,0","209,171,0",1,60.0,9,0.00236,28.28427,6.28319,12.56637,2 2 3 2 3 2
11,SIPP_2^3,"211,167,0","209,171,0",1,48.284272,6,0.00294,7.76595,1.5708,3.14159,5 4 4 5
11,SIPP_2^4,"211,167,0","209,171,0",1,44.72136,2,0.00279,0.0,0.0,0.0,9 9
11,SIPP_2^5,"211,167,0","209,171,0",1,44.72136,2,0.00721,0.0,0.0,0.0,18 18
11,SIPP_BigCS,"211,167,11","209,171,15",1,44.0,2,0.11893,0.27536,0.0,0.0,206 206
11,SIPP_Standard,"211,167,11","209,171,15",1,422.0,943,2.99501,28.27657,5.4903,0.9074,38 15 110 32 81
12,SIPP_2^2,"61,108,0","64,103,0",1,80.0,19,0.00581,35.35534,7.85398,15.70796,0 0 0 1 0 1 0 1
12,SIPP_2^3,"61,108,0","64,103,0",1,62.426408,9,0.00529,15.63159,3.14159,6.28319,1 0 1 0 1
12,SIPP_2^4,"61,108,0","64,103,0",1,58.863496,5,0.00755,1.61623,0.32175,0.6435,1 1 2
12,SIPP_2^5,"61,108,0","64,103,0",1,58.41619299999999,3,0.01117,0.62191,0.12435,0.24871,2 3
12,SIPP_BigCS,"61,108,0","64,103,13",1,61.0,8,0.10776,3.92094,0.7823,0.2502,101 101 161
12,SIPP_Standard,"61,108,0","64,103,13",1,548.775517,1257,3.80909,25.28648,4.84,0.7094,12 -21.568 95 -18.207 13 108 38 3
13,SIPP_2^2,"107,23,0","111,17,0",1,518.962632,1083,0.42151,91.92388,20.42035,40.8407,1 1 1 1 1 2 1 1 2 1 1 1 1 1 -201.023 0 -10.352 3 -7.587 0 3 0 3 3 3 3 3 0 0 0 0 3 0
13,SIPP_2^3,"107,23,0","111,17,0",1,479.2671579999999,1374,0.82287,35.02602,7.06858,14.13717,2 2 2 2 2 3 2 3 2 2 2 2 -0.336 2 -2.873 0 -189.529 6 -10.352 6 -8.897 7 7 7 7 7 7 7
13,SIPP_2^4,"107,23,0","111,17,0",1,478.63870899999995,1420,2.18931,26.7551,6.28319,12.56637,14 14 14 14 14 14 14 14 14 14 15 15 14 -49.195 5 -0.875 3 3 4 -3.567 4 -2.016 6 -0.040 6 -0.040 6 -0.040 6 6 6 6 7 6
13,SIPP_2^5,"107,23,0","111,17,0",1,478.191406,1432,5.50298,25.81184,5.39097,10.78195,28 28 28 28 28 28 28 28 28 29 29 -50.090 10 -0.875 6 -0.393 7 -3.912 8 -2.016 12 -0.040 12 -0.040 12 -0.040 12 12 12 13 12
13,SIPP_BigCS,"107,23,14","111,17,15",1,477.00001,13076,73.15145,20.9364,4.0959,1.2262,207 223 100 100 164 329 70 -76.000 221 102 102 102 102
13,SIPP_Standard,"107,23,14","111,17,15",1,577.4319439999999,2110,4.96854,34.86915,6.7466,1.193,15 110 32 73 -72.432 108 42
14,SIPP_2^2,"87,72,0","94,71,0",1,80.0,8,0.00245,14.14214,3.14159,6.28319,1 1 1 1 1 1 0 1
14,SIPP_2^3,"87,72,0","94,71,0",1,74.142136,7,0.00388,3.82683,0.7854,1.5708,2 2 2 2 2 2 1
14,SIPP_2^4,"87,72,0","94,71,0",1,72.36068,6,0.0088,2.29753,0.46365,0.9273,4 4 4 4 4 3
14,SIPP_2^5,"87,72,0","94,71,0",1,71.622777,5,0.0188,1.60182,0.32175,0.6435,8 8 8 8 7
14,SIPP_BigCS,"87,72,2","94,71,10",1,72.0,5,0.14556,2.36487,0.4708,0.0538,5 29
14,SIPP_Standard,"87,72,2","94,71,10",1,429.0,1158,4.28725,27.55783,5.3488,0.8195,83 12 111 37 14
15,SIPP_2^2,"28,179,0","33,181,0",1,70.0,12,0.00399,28.28427,6.28319,12.56637,1 1 2 1 1 2 1
15,SIPP_2^3,"28,179,0","33,181,0",1,58.284272,8,0.00479,11.59279,2.35619,4.71239,2 3 2 2 3
15,SIPP_2^4,"28,179,0","33,181,0",1,54.72136,5,0.00755,2.34065,0.46365,0.9273,5 5 4
15,SIPP_2^5,"28,179,0","33,181,0",1,53.983457,3,0.01089,0.70968,0.1419,0.28379,10 9
15,SIPP_BigCS,"28,179,12","33,181,13",1,56.0,7,0.13438,3.88837,0.7838,0.1325,184
15,SIPP_Standard,"28,179,12","33,181,13",1,745.962304,4956,9.41723,37.36395,7.198,1.0613,66 50 77 106 41 87 4 72 -2.962 87
16,SIPP_2^2,"244,205,0","244,211,0",1,60.0,6,0.00194,0.0,0.0,0.0,2 2 2 2 2 2
16,SIPP_2^3,"244,205,0","244,211,0",1,60.0,6,0.00331,0.0,0.0,0.0,4 4 4 4 4 4
16,SIPP_2^4,"244,205,0","244,211,0",1,60.0,6,0.00873,0.0,0.0,0.0,8 8 8 8 8 8
16,SIPP_2^5,"244,205,0","244,211,0",1,60.0,6,0.02127,0.0,0.0,0.0,16 16 16 16 16 16
16,SIPP_BigCS,"244,205,5","244,211,6",1,60.0,6,0.25749,0.0,0.0,0.0,4 4 4 4 4 4
16,SIPP_Standard,"244,205,5","244,211,6",1,2161.7324639999997,78234,146.25935,84.0866,15.7129,2.257,62 94 24 91 3 23 50 69 38 11 47 15 110 32 57 -1.949 65 -72.333 45 -14.244 21 -60.206 32 89 17 111 49 60
17,SIPP_2^2,"158,176,0","161,173,0",1,60.0,10,0.00435,21.2132,4.71239,9.42478,0 1 1 0 0 1
17,SIPP_2^3,"158,176,0","161,173,0",1,42.426408,3,0.00263,0.0,0.0,0.0,1 1 1
17,SIPP_2^4,"158,176,0","161,173,0",1,42.426408,3,0.00673,0.0,0.0,0.0,2 2 2
17,SIPP_2^5,"158,176,0","161,173,0",1,42.426408,3,0.01779,0.0,0.0,0.0,4 4 4
17,SIPP_BigCS,"158,176,7","161,173,4",1,42.0,3,0.11677,0.0,0.0,0.0,101 101 101
17,SIPP_Standard,"158,176,7","161,173,4",1,496.0,2257,6.93695,30.78318,5.9536,0.9693,54 106 45 25 104 43
18,SIPP_2^2,"143,24,0","150,22,0",0,-1,0,0.0,0.0,0.0,0.0,
18,SIPP_2^3,"143,24,0","150,22,0",0,-1,0,0.0,0.0,0.0,0.0,
18,SIPP_2^4,"143,24,0","150,22,0",0,-1,0,0.0,0.0,0.0,0.0,
18,SIPP_2^5,"143,24,0","150,22,0",0,-1,0,0.0,0.0,0.0,0.0,
18,SIPP_BigCS,"143,24,0","150,22,0",0,-1,0,0.0,0.0,0.0,0.0,
18,SIPP_Standard,"143,24,10","150,22,2",0,-1,0,0.00012,0.0,0.0,0.0,
19,SIPP_2^2,"243,10,0","247,8,0",0,-1,0,0.0,0.0,0.0,0.0,
19,SIPP_2^3,"243,10,0","247,8,0",0,-1,0,0.0,0.0,0.0,0.0,
19,SIPP_2^4,"243,10,0","247,8,0",0,-1,0,0.0,0.0,0.0,0.0,
19,SIPP_2^5,"243,10,0","247,8,0",0,-1,0,0.0,0.0,0.0,0.0,
19,SIPP_BigCS,"243,10,0","247,8,0",0,-1,0,0.0,0.0,0.0,0.0,
19,SIPP_Standard,"243,10,0","247,8,15",0,-1,0,1e-05,0.0,0.0,0.0,
20,SIPP_2^2,"195,182,0","199,185,0",1,70.0,15,0.00377,28.28427,6.28319,12.56637,1 1 2 1 2 2 1
20,SIPP_2^3,"195,182,0","199,185,0",1,52.426408,6,0.00289,7.76595,1.5708,3.14159,3 2 3 3
20,SIPP_2^4,"195,182,0","199,185,0",1,50.644951999999996,5,0.0063,3.21945,0.6435,1.287,6 5 6
20,SIPP_2^5,"195,182,0","199,185,0",1,50.197649,3,0.00937,0.98576,0.1974,0.39479,11 12
20,SIPP_BigCS,"195,182,4","199,185,6",1,51.0,4,0.08651,3.29763,0.6405,0.1703,207 327
20,SIPP_Standard,"195,182,4","199,185,6",1,498.0,1267,3.68851,25.85877,4.9628,0.7667,90 22 41 87 20 51
21,SIPP_2^2,"53,168,0","49,160,0",0,-1,0,0.0,0.0,0.0,0.0,
21,SIPP_2^3,"53,168,0","49,160,0",0,-1,0,0.0,0.0,0.0,0.0,
21,SIPP_2^4,"53,168,0","49,160,0",0,-1,0,0.0,0.0,0.0,0.0,
21,SIPP_2^5,"53,168,0","49,160,0",0,-1,0,0.0,0.0,0.0,0.0,
21,SIPP_BigCS,"53,168,0","49,160,0",0,-1,0,0.0,0.0,0.0,0.0,
21,SIPP_Standard,"53,168,12","49,160,9",0,-1,0,0.00012,0.0,0.0,0.0,
22,SIPP_2^2,"246,115,0","248,126,0",1,130.0,27,0.00678,28.28427,6.28319,12.56637,2 2 2 2 2 2 2 2 2 1 2 1 2
22,SIPP_2^3,"246,115,0","248,126,0",1,118.28427199999999,20,0.0096,11.59279,2.35619,4.71239,4 4 4 4 3 4 4 4 4 4 3
22,SIPP_2^4,"246,115,0","248,126,0",1,114.72136,17,0.01972,6.94722,1.39094,2.78189,8 8 8 8 7 8 8 8 7
22,SIPP_2^5,"246,115,0","248,126,0",1,113.245554,13,0.03403,4.82449,0.96525,1.9305,16 16 15 16 16 16 15
22,SIPP_BigCS,"246,115,15","248,126,3",1,114.0,21,0.16684,2.36385,0.463,0.0399,4 4 4 4 80
22,SIPP_Standard,"246,115,15","248,126,3",1,676.3137469999999,1809,3.96288,25.43546,4.7676,0.7907,58 106 41 87 0 -82.932 20 -10.382 51
23,SIPP_2^2,"145,142,0","150,151,0",1,140.0,60,0.02165,28.28427,6.28319,12.56637,2 2 2 2 2 1 2 2 2 1 1 1 1 2
23,SIPP_2^3,"145,142,0","150,151,0",1,110.71068,27,0.01826,23.83578,4.71239,9.42478,3 3 4 3 4 3 4 4 3
23,SIPP_2^4,"145,142,0","150,151,0",1,103.584856,9,0.01788,1.61435,0.32175,0.6435,7 7 7 7 6
23,SIPP_2^5,"145,142,0","150,151,0",1,103.137553,7,0.03697,0.62227,0.12436,0.24871,14 14 14 13
23,SIPP_BigCS,"145,142,14","150,151,15",1,105.0,14,0.30834,5.55324,1.1038,0.2689,64 180
23,SIPP_Standard,"145,142,14","150,151,15",1,431.599152,1004,3.55416,22.62696,4.3659,0.7057,-20.599 22 41 87 20 55
24,SIPP_2^2,"125,164,0","118,171,0",1,140.597428,65,0.02001,28.28427,6.28319,12.56637,-0.597 2 2 2 2 3 2 2 3 3 3 3 3 3 2
24,SIPP_2^3,"125,164,0","118,171,0",1,103.48734399999998,13,0.00763,0.0,0.0,0.0,-4.492 5 5 5 5 5 5 5
24,SIPP_2^4,"125,164,0","118,171,0",1,101.673024,10,0.01595,4.84486,0.96525,1.9305,-0.383 9 10 10 10 11 10
24,SIPP_2^5,"125,164,0","118,171,0",1,101.225721,8,0.03269,3.58819,0.71654,1.43308,-0.383 18 20 20 21 20
24,SIPP_BigCS,"125,164,8","118,171,0",1,100.147272,3,0.14637,3.19599,0.65,0.0792,-1.147 358 103 103
24,SIPP_Standard,"125,164,8","118,171,0",1,485.18335699999994,1865,4.92005,26.05832,5.0276,0.834,41 87 -65.506 24 -4.677 107 50
25,SIPP_2^2,"221,32,0","224,25,0",1,219.255736,206,0.06006,63.63961,14.13717,28.27433,1 1 1 1 1 1 2 1 0 -19.106 0 -0.033 0 -0.117 0 0 3 0 3 0 3 3 0
25,SIPP_2^3,"221,32,0","224,25,0",1,198.99495199999996,200,0.11081,27.30663,5.49779,10.99557,2 2 2 2 2 2 3 1 1 0 0 7 7 7 6 6 7
25,SIPP_2^4,"221,32,0","224,25,0",1,194.65019500000002,193,0.26504,18.24534,3.60524,7.21048,4 4 4 5 4 4 2 -0.467 2 0 0 14 14 -0.532 13 13
25,SIPP_2^5,"221,32,0","224,25,0",1,194.65019500000002,196,0.65925,14.90846,2.9997,5.99939,9 8 8 8 8 4 -1.205 4 0 0 28 28 -0.532 26 26
25,SIPP_BigCS,"221,32,15","224,25,12",1,197.023343,704,3.2063,21.38144,4.2366,1.2591,68 343 329 -0.023 26
25,SIPP_Standard,"221,32,15","224,25,12",1,982.0,11639,19.10189,53.01544,10.1915,1.5269,47 19 109 51 110 36 17 111 49 108 42 76
26,SIPP_2^2,"198,141,0","189,146,0",1,177.614577,134,0.0433,49.49747,10.99557,21.99115,3 3 3 3 3 3 2 2 3 3 2 3 3 -14.798 2 -1.670 1 -1.147 2
26,SIPP_2^3,"198,141,0","189,146,0",1,177.614577,170,0.09852,32.96161,6.28319,12.56637,6 6 6 6 6 6 6 5 5 5 5 -18.229 2 -1.670 4 -1.147 2
26,SIPP_2^4,"198,141,0","189,146,0",1,103.584856,9,0.01281,3.23402,0.6435,1.287,11 11 11 10 11
26,SIPP_2^5,"198,141,0","189,146,0",1,103.137553,7,0.02514,0.62227,0.12436,0.24871,22 22 22 21
26,SIPP_BigCS,"198,141,8","189,146,9",1,178.043181,809,5.29061,12.85891,2.534,0.7439,309 67 167 -14.043 200
26,SIPP_Standard,"198,141,8","189,146,9",1,411.0,1010,3.37674,22.62696,4.3659,0.7057,21 40 86 23 54
27,SIPP_2^2,"152,143,0","163,141,0",1,130.0,30,0.00918,21.2132,4.71239,9.42478,1 1 1 1 1 1 1 1 1 0 1 1 0
27,SIPP_2^3,"152,143,0","163,141,0",1,118.28427199999999,20,0.01111,11.59279,2.35619,4.71239,2 2 2 2 2 2 2 1 2 2 1
27,SIPP_2^4,"152,143,0","163,141,0",1,114.72136,17,0.0242,6.94722,1.39094,2.78189,4 4 4 4 4 3 4 4 3
27,SIPP_2^5,"152,143,0","163,141,0",1,113.245554,13,0.04469,4.82449,0.96525,1.9305,8 7 8 8 8 8 7
27,SIPP_BigCS,"152,143,15","163,141,10",1,114.0,21,0.21994,2.36385,0.463,0.0399,5 5 5 5 81
27,SIPP_Standard,"152,143,15","163,141,10",1,421.0,901,3.72548,24.35918,4.706,0.7507,27 106 41 71 44
28,SIPP_2^2,"186,203,0","184,213,0",1,120.0,26,0.00685,14.14214,3.14159,6.28319,2 2 2 2 2 2 2 2 2 3 3 2
28,SIPP_2^3,"186,203,0","184,213,0",1,108.28427199999999,18,0.00921,11.59279,2.35619,4.71239,4 4 4 4 4 5 4 4 4 5
28,SIPP_2^4,"186,203,0","184,213,0",1,104.72136,15,0.01921,6.94722,1.39094,2.78189,8 8 8 8 9 8 8 9
28,SIPP_2^5,"186,203,0","184,213,0",1,103.245554,11,0.03411,4.82449,0.96525,1.9305,16 17 16 16 16 17
28,SIPP_BigCS,"186,203,4","184,213,8",1,104.0,16,0.11733,2.36385,0.463,0.0399,4 4 4 84
28,SIPP_Standard,"186,203,4","184,213,8",1,727.717151,1743,3.26532,28.5338,5.3143,0.7622,72 -1.858 63 79 96 86 27 66 -56.859 54
29,SIPP_2^2,"128,121,0","136,119,0",1,100.0,21,0.00692,21.2132,4.71239,9.42478,1 1 1 1 1 0 1 1 1 0
29,SIPP_2^3,"128,121,0","136,119,0",1,88.28427199999999,14,0.00826,11.59279,2.35619,4.71239,2 2 2 1 2 2 2 1
29,SIPP_2^4,"128,121,0","136,119,0",1,84.72136,10,0.01566,6.94722,1.39094,2.78189,4 4 3 4 4 3
29,SIPP_2^5,"128,121,0","136,119,0",1,83.245554,7,0.02927,3.22267,0.6435,1.287,7 8 8 7
29,SIPP_BigCS,"128,121,14","136,119,12",1,84.0,7,0.79564,2.36385,0.463,0.0399,5 81
29,SIPP_Standard,"128,121,14","136,119,12",1,86.0,1,0.05395,4.17478,0.8457,0.1277,9
30,SIPP_2^2,"253,111,0","245,105,0",1,140.0,62,0.01627,35.35534,7.85398,15.70796,3 3 3 3 3 0 0 3 3 0 0 0 3 0
30,SIPP_2^3,"253,111,0","245,105,0",1,104.85281599999999,20,0.00984,8.06995,1.5708,3.14159,7 7 7 7 7 6 6 7
30,SIPP_2^4,"253,111,0","245,105,0",1,101.28990399999998,14,0.01956,6.45237,1.287,2.574,14 13 14 13 14 14
30,SIPP_2^5,"253,111,0","245,105,0",1,100.395298,8,0.02807,2.95939,0.59219,1.18437,27 28 27 28
30,SIPP_BigCS,"253,111,12","245,105,15",1,100.0,6,0.12855,1.70958,0.3216,0.0203,102 102 178
30,SIPP_Standard,"253,111,12","245,105,15",1,696.2105740000001,4703,8.72566,31.54035,6.0148,1.0496,30 50 61 109 35 80 9 -28.211 41
31,SIPP_2^2,"215,165,0","202,172,0",1,200.0,124,0.03356,70.71068,15.70796,31.41593,3 3 3 3 3 2 3 3 2 3 3 2 3 2 3 3 2 2 2 3
31,SIPP_2^3,"215,165,0","202,172,0",1,158.99495199999996,55,0.02756,11.59279,2.35619,4.71239,6 5 6 6 6 6 6 5 5 5 5 5 5
31,SIPP_2^4,"215,165,0","202,172,0",1,148.30621599999998,13,0.01711,1.60648,0.32175,0.6435,11 11 11 11 11 11 10
31,SIPP_2^5,"215,165,0","202,172,0",1,147.858913,11,0.03853,0.62169,0.12436,0.24871,22 22 22 22 22 21
31,SIPP_BigCS,"215,165,14","202,172,2",1,149.0,30,0.29196,5.81735,1.1038,0.2689,67 183 203 203
31,SIPP_Standard,"215,165,14","202,172,2",1,327.0,534,2.02891,17.93878,3.459,0.4977,44 24 107 54
32,SIPP_2^2,"104,97,0","92,106,0",1,210.0,145,0.04945,63.63961,14.13717,28.27433,3 3 3 3 3 3 3 2 2 3 3 2 2 3 2 2 2 3 2 3 2
32,SIPP_2^3,"104,97,0","92,106,0",1,157.27922399999997,42,0.02802,8.06995,1.5708,3.14159,5 5 5 5 5 6 6 6 5 5 5 5
32,SIPP_2^4,"104,97,0","92,106,0",1,151.93485599999997,27,0.18045,6.44514,1.287,2.574,10 11 11 10 10 10 10 11 10
32,SIPP_2^5,"104,97,0","92,106,0",1,150.59294699999998,16,0.26153,2.95967,0.59219,1.18437,21 20 21 21 20 20
32,SIPP_BigCS,"104,97,1","92,106,3",1,150.0,4,0.24242,3.43355,0.6528,0.0402,155 219
32,SIPP_Standard,"104,97,1","92,106,3",1,152.0,3,0.70319,4.97952,0.9733,0.0991,55 75
33,SIPP_2^2,"111,220,0","122,211,0",1,200.0,133,0.03717,28.28427,6.28319,12.56637,1 1 1 1 1 1 1 0 0 0 0 1 1 1 0 0 0 0 0 1
33,SIPP_2^3,"111,220,0","122,211,0",1,147.27922399999997,32,0.01724,16.21469,3.14159,6.28319,1 1 1 1 1 1 1 2 1 2 1
33,SIPP_2^4,"111,220,0","122,211,0",1,143.716312,23,0.03311,6.4625,1.287,2.574,2 2 2 2 2 3 2 3 2
33,SIPP_2^5,"111,220,0","122,211,0",1,142.82170599999998,18,0.24671,1.97329,0.39479,0.78958,4 5 5 4 4 4 4
33,SIPP_BigCS,"111,220,13","122,211,15",1,142.0,7,0.30268,3.49395,0.6634,0.0518,101 153 249
33,SIPP_Standard,"111,220,13","122,211,15",1,165.0,21,0.66678,8.2752,1.63,0.2214,9 37
34,SIPP_2^2,"82,156,0","72,150,0",1,160.0,58,0.01361,42.42641,9.42478,18.84956,0 3 3 3 3 3 0 3 3 0 0 0 3 3 3 0
34,SIPP_2^3,"82,156,0","72,150,0",1,124.85281599999999,29,0.01303,8.06995,1.5708,3.14159,7 7 7 7 7 6 6 6 6 7
34,SIPP_2^4,"82,156,0","72,150,0",1,117.726992,10,0.01175,3.21795,0.6435,1.287,14 13 13 13 13 14
34,SIPP_2^5,"82,156,0","72,150,0",1,117.27968899999999,8,0.02182,2.22813,0.44611,0.89221,28 26 26 26 27
34,SIPP_BigCS,"82,156,8","72,150,12",1,118.0,8,0.08707,3.74811,0.6405,0.1703,322 197
34,SIPP_Standard,"82,156,8","72,150,12",1,727.50055,1874,4.84288,31.92958,5.9009,0.9323,53 57 81 -6.157 14 101 -29.728 59 -5.615 83 24
35,SIPP_2^2,"200,148,0","192,136,0",1,200.0,125,0.03559,35.35534,7.85398,15.70796,0 3 3 0 0 3 3 3 3 3 0 0 0 0 0 0 0 0 0 3
35,SIPP_2^3,"200,148,0","192,136,0",1,153.13708799999998,45,0.02524,24.08225,4.71239,9.42478,7 7 7 0 7 0 7 7 7 0 0 7
35,SIPP_2^4,"200,148,0","192,136,0",1,146.01126399999998,24,0.03577,3.21786,0.6435,1.287,14 14 14 15 15 15 15 14
35,SIPP_2^5,"200,148,0","192,136,0",1,144.222052,4,0.01579,0.0,0.0,0.0,29 29 29 29
35,SIPP_BigCS,"200,148,14","192,136,7",1,144.0,8,0.18263,1.97579,0.3214,0.0144,202 202 218 102
35,SIPP_Standard,"200,148,14","192,136,7",1,158.0,15,0.67136,6.08626,1.1673,0.148,10 50
36,SIPP_2^2,"219,163,0","206,159,0",1,170.0,72,0.02239,49.49747,10.99557,21.99115,3 3 3 3 3 3 3 3 0 3 3 3 0 3 0 3 0
36,SIPP_2^3,"219,163,0","206,159,0",1,146.56854399999997,45,0.02751,11.59279,2.35619,4.71239,6 6 6 6 6 6 6 6 7 6 7 7 7
36,SIPP_2^4,"219,163,0","206,159,0",1,139.44272,26,0.04579,9.33785,1.85459,3.70918,13 12 12 12 13 13 12 12 13
36,SIPP_2^5,"219,163,0","206,159,0",1,136.491108,10,0.04416,3.23437,0.6435,1.287,25 25 25 24 25
36,SIPP_BigCS,"219,163,10","206,159,5",1,138.0,22,0.2601,2.99841,0.5075,0.0551,205 205 205 365
36,SIPP_Standard,"219,163,10","206,159,5",1,414.0,1474,4.38464,24.70193,4.7763,0.7718,104 47 23 42 76
37,SIPP_2^2,"22,142,0","12,151,0",0,-1,0,0.0,0.0,0.0,0.0,
37,SIPP_2^3,"22,142,0","12,151,0",0,-1,0,0.0,0.0,0.0,0.0,
37,SIPP_2^4,"22,142,0","12,151,0",0,-1,0,0.0,0.0,0.0,0.0,
37,SIPP_2^5,"22,142,0","12,151,0",0,-1,0,0.0,0.0,0.0,0.0,
37,SIPP_BigCS,"22,142,0","12,151,0",0,-1,0,0.0,0.0,0.0,0.0,
37,SIPP_Standard,"22,142,1","12,151,7",0,-1,0,0.00013,0.0,0.0,0.0,
38,SIPP_2^2,"203,160,0","215,159,0",1,130.0,13,0.00428,14.14214,3.14159,6.28319,1 1 1 1 1 1 1 1 1 1 1 0 1
38,SIPP_2^3,"203,160,0","215,159,0",1,124.142136,12,0.00715,3.82683,0.7854,1.5708,2 2 2 2 2 2 2 2 2 2 2 1
38,SIPP_2^4,"203,160,0","215,159,0",1,122.36068,11,0.01769,2.29753,0.46365,0.9273,4 4 4 4 4 4 4 4 4 4 3
38,SIPP_2^5,"203,160,0","215,159,0",1,121.622777,10,0.04229,1.60182,0.32175,0.6435,8 8 8 8 8 8 8 8 8 7
38,SIPP_BigCS,"203,160,9","215,159,10",1,122.0,10,0.19663,2.74653,0.5456,0.0552,5 5 5 5 13
38,SIPP_Standard,"203,160,9","215,159,10",1,421.0,1499,4.58704,24.46299,4.706,0.7507,44 12 111 33 66
39,SIPP_2^2,"105,255,0","114,243,0",0,-1,0,0.0,0.0,0.0,0.0,
39,SIPP_2^3,"105,255,0","114,243,0",0,-1,0,0.0,0.0,0.0,0.0,
39,SIPP_2^4,"105,255,0","114,243,0",0,-1,0,0.0,0.0,0.0,0.0,
39,SIPP_2^5,"105,255,0","114,243,0",0,-1,0,0.0,0.0,0.0,0.0,
39,SIPP_BigCS,"105,255,0","114,243,0",0,-1,0,0.0,0.0,0.0,0.0,
39,SIPP_Standard,"105,255,0","114,243,2",0,-1,0,2e-05,0.0,0.0,0.0,
40,SIPP_2^2,"12,205,0","7,193,0",0,-1,0,0.0,0.0,0.0,0.0,
40,SIPP_2^3,"12,205,0","7,193,0",0,-1,0,0.0,0.0,0.0,0.0,
40,SIPP_2^4,"12,205,0","7,193,0",0,-1,0,0.0,0.0,0.0,0.0,
40,SIPP_2^5,"12,205,0","7,193,0",0,-1,0,0.0,0.0,0.0,0.0,
40,SIPP_BigCS,"12,205,0","7,193,0",0,-1,0,0.0,0.0,0.0,0.0,
40,SIPP_Standard,"12,205,11","7,193,0",0,-1,0,3e-05,0.0,0.0,0.0,
41,SIPP_2^2,"36,72,0","18,73,0",1,190.0,19,0.00655,7.07107,1.5708,3.14159,3 3 3 3 3 3 3 3 3 3 3 3 3 3 3 3 3 3 2
41,SIPP_2^3,"36,72,0","18,73,0",1,184.142136,18,0.01136,3.82683,0.7854,1.5708,6 6 6 6 6 6 6 6 6 6 6 6 6 6 6 6 6 5
41,SIPP_2^4,"36,72,0","18,73,0",1,182.36068,17,0.02918,2.29753,0.46365,0.9273,12 12 12 12 12 12 12 12 12 12 12 12 12 12 12 12 11
41,SIPP_2^5,"36,72,0","18,73,0",1,181.62277699999999,16,0.07298,1.60182,0.32175,0.6435,24 24 24 24 24 24 24 24 24 24 24 24 24 24 24 23
41,SIPP_BigCS,"36,72,14","18,73,10",1,182.0,16,0.58375,2.36487,0.4708,0.0538,7 7 7 7 3 31
41,SIPP_Standard,"36,72,14","18,73,10",1,247.0,139,1.03377,13.23539,2.5838,0.4192,50 101 83
42,SIPP_2^2,"127,145,0","121,159,0",1,200.614577,117,0.17391,42.42641,9.42478,18.84956,-0.615 2 3 2 2 2 2 2 2 2 2 2 2 2 3 3 2 3 3 3 2
42,SIPP_2^3,"127,145,0","121,159,0",1,166.19899499999997,53,0.03549,43.49852,8.63938,17.27876,-0.615 4 5 -0.732 4 4 5 4 5 4 5 4 4 5 4 5
42,SIPP_2^4,"127,145,0","121,159,0",1,157.291715,12,0.02156,4.6497,0.9273,1.85459,-0.480 9 -2.648 8 8 9 9 9 9 9
42,SIPP_2^5,"127,145,0","121,159,0",1,156.848749,10,0.24125,4.64479,0.9273,1.85459,-0.480 18 -2.648 16 -0.295 17 18 18 18 18
42,SIPP_BigCS,"127,145,13","121,159,10",1,159.569188,32,1.0087,5.89393,1.1035,0.2102,-0.615 4 -1.955 84 206 206 326
42,SIPP_Standard,"127,145,13","121,159,10",1,160.613698,2,0.05555,6.08626,1.1673,0.148,-2.614 20 51
43,SIPP_2^2,"243,165,0","227,166,0",1,170.0,17,0.006,7.07107,1.5708,3.14159,3 3 3 3 3 3 3 3 3 3 3 3 3 3 3 3 2
43,SIPP_2^3,"243,165,0","227,166,0",1,164.142136,16,0.01042,3.82683,0.7854,1.5708,6 6 6 6 6 6 6 6 6 6 6 6 6 6 6 5
43,SIPP_2^4,"243,165,0","227,166,0",1,162.36068,15,0.02626,2.29753,0.46365,0.9273,12 12 12 12 12 12 12 12 12 12 12 12 12 12 11
43,SIPP_2^5,"243,165,0","227,166,0",1,161.62277699999999,14,0.17803,1.60182,0.32175,0.6435,24 24 24 24 24 24 24 24 24 24 24 24 24 23
43,SIPP_BigCS,"243,165,10","227,166,7",1,162.0,14,0.80782,2.74653,0.5456,0.0552,3 15
43,SIPP_Standard,"243,165,10","227,166,7",1,162.0,2,0.04269,2.74653,0.5456,0.0552,3 7
44,SIPP_2^2,"234,27,0","221,18,0",0,-1,0,0.0,0.0,0.0,0.0,
44,SIPP_2^3,"234,27,0","221,18,0",0,-1,0,0.0,0.0,0.0,0.0,
44,SIPP_2^4,"234,27,0","221,18,0",0,-1,0,0.0,0.0,0.0,0.0,
44,SIPP_2^5,"234,27,0","221,18,0",0,-1,0,0.0,0.0,0.0,0.0,
44,SIPP_BigCS,"234,27,0","221,18,0",0,-1,0,0.0,0.0,0.0,0.0,
44,SIPP_Standard,"234,27,12","221,18,14",0,-1,0,0.00013,0.0,0.0,0.0,
45,SIPP_2^2,"103,211,0","111,196,0",0,-1,0,0.0,0.0,0.0,0.0,
45,SIPP_2^3,"103,211,0","111,196,0",0,-1,0,0.0,0.0,0.0,0.0,
45,SIPP_2^4,"103,211,0","111,196,0",0,-1,0,0.0,0.0,0.0,0.0,
45,SIPP_2^5,"103,211,0","111,196,0",0,-1,0,0.0,0.0,0.0,0.0,
45,SIPP_BigCS,"103,211,0","111,196,0",0,-1,0,0.0,0.0,0.0,0.0,
45,SIPP_Standard,"103,211,1","111,196,11",0,-1,0,4e-05,0.0,0.0,0.0,
46,SIPP_2^2,"13,69,0","27,75,0",1,200.0,114,0.03835,28.28427,6.28319,12.56637,1 1 1 1 1 1 1 1 1 1 1 1 2 2 2 1 2 2 2 1
46,SIPP_2^3,"13,69,0","27,75,0",1,164.852816,61,0.04006,27.52838,5.49779,10.99557,2 3 2 2 3 2 3 3 3 2 2 2 2 3
46,SIPP_2^4,"13,69,0","27,75,0",1,154.16407999999998,22,0.21401,4.66991,0.9273,1.85459,5 5 5 5 4 4 5 5
46,SIPP_2^5,"13,69,0","27,75,0",1,152.68827399999998,14,0.26538,0.70997,0.1419,0.28379,10 10 10 10 9 9
46,SIPP_BigCS,"13,69,2","27,75,5",1,152.0,6,0.22291,3.05059,0.5061,0.0613,207 207 207 207 311
46,SIPP_Standard,"13,69,2","27,75,5",1,158.0,7,0.68591,6.08626,1.1673,0.148,21 48
47,SIPP_2^2,"182,228,0","198,223,0",0,-1,0,0.0,0.0,0.0,0.0,
47,SIPP_2^3,"182,228,0","198,223,0",0,-1,0,0.0,0.0,0.0,0.0,
47,SIPP_2^4,"182,228,0","198,223,0",0,-1,0,0.0,0.0,0.0,0.0,
47,SIPP_2^5,"182,228,0","198,223,0",0,-1,0,0.0,0.0,0.0,0.0,
47,SIPP_BigCS,"182,228,0","198,223,0",0,-1,0,0.0,0.0,0.0,0.0,
47,SIPP_Standard,"182,228,6","198,223,14",0,-1,0,0.00025,0.0,0.0,0.0,
48,SIPP_2^2,"102,38,0","87,46,0",1,230.0,164,0.05569,63.63961,14.13717,28.27433,3 3 3 3 3 3 3 3 3 2 2 3 3 3 2 3 2 3 2 2 2 3 2
48,SIPP_2^3,"102,38,0","87,46,0",1,183.13708799999998,74,0.05283,24.28319,4.71239,9.42478,5 5 5 5 5 6 5 6 6 6 5 6 6 6 5
48,SIPP_2^4,"102,38,0","87,46,0",1,170.66689599999998,15,0.03014,1.61388,0.32175,0.6435,11 11 11 11 11 11 11 10
48,SIPP_2^5,"102,38,0","87,46,0",1,170.21959299999997,13,0.06666,0.62165,0.12436,0.24871,22 22 22 22 22 22 21
48,SIPP_BigCS,"102,38,6","87,46,9",1,171.0,40,0.42121,5.93564,1.1038,0.2689,67 183 203 203 203
48,SIPP_Standard,"102,38,6","87,46,9",1,335.0,529,2.28443,21.39977,4.1611,0.7366,40 78 99 85
49,SIPP_2^2,"39,29,0","53,22,0",1,271.568798,339,0.1094,21.2132,4.71239,9.42478,1 1 1 1 1 1 1 1 1 1 1 1 1 0 0 0 1 -59.389 0 0 -2.180 0 0
49,SIPP_2^3,"39,29,0","53,22,0",1,168.99495199999996,64,0.04112,15.86708,3.14159,6.28319,1 2 2 2 2 2 1 1 1 1 1 2 2 1
49,SIPP_2^4,"39,29,0","53,22,0",1,156.52476,7,0.01198,0.0,0.0,0.0,3 3 3 3 3 3 3
49,SIPP_2^5,"39,29,0","53,22,0",1,156.52476,7,0.03031,0.0,0.0,0.0,6 6 6 6 6 6 6
49,SIPP_BigCS,"39,29,0","53,22,5",1,155.0,4,0.70909,1.04752,0.0,0.0,193 201 201 201
49,SIPP_Standard,"39,29,0","53,22,5",1,159.0,4,0.05156,4.73187,0.9185,0.0813,53 89
50,SIPP_2^2,"116,21,0","104,34,0",0,-1,0,0.0,0.0,0.0,0.0,
50,SIPP_2^3,"116,21,0","104,34,0",0,-1,0,0.0,0.0,0.0,0.0,
50,SIPP_2^4,"116,21,0","104,34,0",0,-1,0,0.0,0.0,0.0,0.0,
50,SIPP_2^5,"116,21,0","104,34,0",0,-1,0,0.0,0.0,0.0,0.0,
50,SIPP_BigCS,"116,21,0","104,34,0",0,-1,0,0.0,0.0,0.0,0.0,
50,SIPP_Standard,"116,21,4","104,34,11",0,-1,0,0.00014,0.0,0.0,0.0,
51,SIPP_2^2,"220,60,0","235,74,0",1,290.0,240,0.08156,84.85281,18.84956,37.69911,1 1 2 2 1 2 1 1 1 2 1 1 1 1 2 1 1 2 2 1 1 2 2 2 2 2 2 2 1
51,SIPP_2^3,"220,60,0","235,74,0",1,207.98990399999994,28,0.01822,7.77347,1.5708,3.14159,3 3 3 3 3 3 3 3 3 3 3 3 3 2 3
51,SIPP_2^4,"220,60,0","235,74,0",1,206.20844799999995,27,0.04586,3.21341,0.6435,1.287,6 6 6 6 6 6 6 6 6 6 6 6 5 6
51,SIPP_2^5,"220,60,0","235,74,0",1,205.76114499999994,25,0.10663,1.97543,0.39479,0.78958,12 12 12 12 12 12 12 12 12 12 12 11 12
51,SIPP_BigCS,"220,60,15","235,74,0",1,204.0,11,0.17875,1.74352,0.3314,0.0258,100 100 100 100 100 100 100 100 100 100 124
51,SIPP_Standard,"220,60,15","235,74,0",1,347.85735800000003,447,2.29756,23.70143,4.6151,0.8288,32 -5.857 97 87 24
52,SIPP_2^2,"85,170,0","67,182,0",1,300.0,200,0.04973,77.78175,17.27876,34.55752,3 2 2 2 3 2 3 3 3 3 3 3 3 3 3 3 3 3 3 2 2 3 2 2 3 2 2 2 3 2
52,SIPP_2^3,"85,170,0","67,182,0",1,229.70563199999995,79,0.0371,16.02901,3.14159,6.28319,5 5 5 5 5 5 5 5 5 6 5 5 6 6 6 6 6 5
52,SIPP_2^4,"85,170,0","67,182,0",1,219.016896,26,0.03176,6.45667,1.287,2.574,10 10 10 10 11 11 11 11 11 10 11 10
52,SIPP_2^5,"85,170,0","67,182,0",1,218.12229,20,0.05762,2.2359,0.44611,0.89221,20 20 20 20 22 22 22 22 21 21
52,SIPP_BigCS,"85,170,7","67,182,7",1,217.0,13,0.10281,2.40596,0.3216,0.0203,103 103 103 103 183 195
52,SIPP_Standard,"85,170,7","67,182,7",1,979.563535,4066,7.08278,44.37409,8.5523,1.4891,31 43 101 107 30 -41.489 34 -4.075 83 12 95 1 9
53,SIPP_2^2,"95,139,0","77,125,0",0,-1,0,0.0,0.0,0.0,0.0,
53,SIPP_2^3,"95,139,0","77,125,0",0,-1,0,0.0,0.0,0.0,0.0,
53,SIPP_2^4,"95,139,0","77,125,0",0,-1,0,0.0,0.0,0.0,0.0,
53,SIPP_2^5,"95,139,0","77,125,0",0,-1,0,0.0,0.0,0.0,0.0,
53,SIPP_BigCS,"95,139,0","77,125,0",0,-1,0,0.0,0.0,0.0,0.0,
53,SIPP_Standard,"95,139,8","77,125,0",0,-1,0,0.00015,0.0,0.0,0.0,
54,SIPP_2^2,"12,30,0","31,36,0",1,256.851905,55,0.01721,7.07107,1.5708,3.14159,2 2 2 2 2 2 1 -6.852 1 1 1 1 1 1 1 1 1 1 1 1 1 1 1 1 1 1
54,SIPP_2^3,"12,30,0","31,36,0",1,252.42640799999998,65,0.03694,11.69247,2.35619,4.71239,4 4 4 4 4 3 3 2 2 2 2 2 2 2 2 2 2 2 2 2 2 2 2 1
54,SIPP_2^4,"12,30,0","31,36,0",1,248.863496,64,0.09386,10.23595,2.03444,4.06889,8 8 8 8 7 6 4 4 4 4 4 4 4 4 4 4 4 4 4 4 4 3
54,SIPP_2^5,"12,30,0","31,36,0",1,247.38769000000002,61,0.21696,9.45225,1.89255,3.78509,16 16 16 15 12 8 8 8 8 8 8 8 8 8 8 8 8 8 8 7
54,SIPP_BigCS,"12,30,9","31,36,2",1,253.0,144,1.08932,13.02213,2.5443,0.4915,4 4 88 160 5 29 361
54,SIPP_Standard,"12,30,9","31,36,2",1,412.0,296,1.4251,19.64749,3.8056,0.498,22 45 21 44 16
55,SIPP_2^2,"108,176,0","110,199,0",0,-1,0,0.0,0.0,0.0,0.0,
55,SIPP_2^3,"108,176,0","110,199,0",0,-1,0,0.0,0.0,0.0,0.0,
55,SIPP_2^4,"108,176,0","110,199,0",0,-1,0,0.0,0.0,0.0,0.0,
55,SIPP_2^5,"108,176,0","110,199,0",0,-1,0,0.0,0.0,0.0,0.0,
55,SIPP_BigCS,"108,176,0","110,199,0",0,-1,0,0.0,0.0,0.0,0.0,
55,SIPP_Standard,"108,176,14","110,199,2",0,-1,0,0.00015,0.0,0.0,0.0,
56,SIPP_2^2,"143,155,0","132,174,0",1,300.0,262,0.09516,56.56854,12.56637,25.13274,3 3 2 3 3 2 2 2 3 3 3 2 2 2 2 2 2 2 3 3 3 2 2 2 2 2 2 2 2 3
56,SIPP_2^3,"143,155,0","132,174,0",1,240.07567600000002,140,0.09329,12.0017,2.35619,4.71239,5 5 5 5 5 5 5 5 5 5 4 4 4 4 4 5 -3.996 4 -0.410 4 -0.106 4
56,SIPP_2^4,"143,155,0","132,174,0",1,240.07567600000002,161,0.28471,5.55981,1.10715,2.2143,9 9 9 10 10 10 10 10 10 9 9 -12.904 8 -0.410 8 -0.106 8
56,SIPP_2^5,"143,155,0","132,174,0",1,240.07567600000002,165,0.76469,22.03317,4.12439,8.24877,19 20 20 19 19 19 19 -0.998 8 -0.410 16 -0.106 16
56,SIPP_BigCS,"143,155,2","132,174,2",1,239.961462,778,6.5971,10.78976,2.0762,0.4118,179 206 206 326 -12.961 235
56,SIPP_Standard,"143,155,2","132,174,2",1,248.0,77,0.86091,13.75774,2.6747,0.4041,104 55 83
57,SIPP_2^2,"9,168,0","17,149,0",1,270.0,203,0.2414,63.63961,14.13717,28.27433,0 0 0 0 0 0 0 0 0 0 0 1 0 1 1 1 1 0 0 1 0 0 0 0 1 0 1
57,SIPP_2^3,"9,168,0","17,149,0",1,223.13708799999995,112,0.25427,27.80602,5.49779,10.99557,0 0 0 0 0 1 0 1 1 1 1 1 0 0 0 1 0 0 1
57,SIPP_2^4,"9,168,0","17,149,0",1,208.88544,40,0.07589,9.28967,1.85459,3.70918,1 1 1 1 1 1 0 1 0 0 1
57,SIPP_2^5,"9,168,0","17,149,0",1,206.67173099999997,23,0.11187,2.1286,0.42569,0.85138,2 1 2 2 2 2 1 1
57,SIPP_BigCS,"9,168,1","17,149,12",1,206.0,11,0.18569,3.43339,0.5061,0.0613,204 204 204 204 204 204 308 6
57,SIPP_Standard,"9,168,1","17,149,12",1,245.0,90,0.82659,11.60812,2.273,0.3191,53 81 10
58,SIPP_2^2,"113,42,0","109,23,0",0,-1,0,0.0,0.0,0.0,0.0,
58,SIPP_2^3,"113,42,0","109,23,0",0,-1,0,0.0,0.0,0.0,0.0,
58,SIPP_2^4,"113,42,0","109,23,0",0,-1,0,0.0,0.0,0.0,0.0,
58,SIPP_2^5,"113,42,0","109,23,0",0,-1,0,0.0,0.0,0.0,0.0,
58,SIPP_BigCS,"113,42,0","109,23,0",0,-1,0,0.0,0.0,0.0,0.0,
58,SIPP_Standard,"113,42,15","109,23,3",0,-1,0,0.00014,0.0,0.0,0.0,
59,SIPP_2^2,"116,159,0","108,142,0",1,405.565888,672,0.21153,49.49747,14.13717,28.27433,1 -92.743 3 -9.614 2 3 -13.208 3 3 3 0 0 0 0 0 0 0 0 0 0 0 0 0 0 0 0 3 3 3 0 3 0
59,SIPP_2^3,"116,159,0","108,142,0",1,232.42640799999998,137,0.0813,23.45165,4.71239,9.42478,0 0 0 0 0 7 7 0 0 0 0 0 0 0 0 0 6 7 6 6 6 6
59,SIPP_2^4,"116,159,0","108,142,0",1,228.863496,141,0.21374,17.37569,3.42539,6.85077,0 0 0 0 0 0 0 15 0 0 0 15 0 0 14 12 12 12 12 12
59,SIPP_2^5,"116,159,0","108,142,0",1,227.38768999999996,139,0.51612,11.18445,2.2143,4.42859,0 0 0 0 0 0 31 0 0 0 0 31 28 24 24 24 24 24
59,SIPP_BigCS,"116,159,12","108,142,4",1,228.77485099999998,558,3.0733,10.52417,2.072,0.5539,362 6 6 6 6 6 6 66 -0.775 162 7 7 7
59,SIPP_Standard,"116,159,12","108,142,4",1,513.482955,473,2.06996,22.74008,4.2437,0.637,-15.483 13 60 108 50 109 51
60,SIPP_2^2,"114,111,0","135,106,0",1,260.0,151,0.05342,56.56854,12.56637,25.13274,1 1 1 1 1 1 1 1 1 1 1 1 1 0 1 1 0 1 0 0 1 1 1 1 0 1
60,SIPP_2^3,"114,111,0","135,106,0",1,230.71067999999997,99,0.06625,19.61218,3.92699,7.85398,2 2 2 2 2 2 2 2 2 2 2 2 2 1 2 1 1 1 2 2 1
60,SIPP_2^4,"114,111,0","135,106,0",1,221.8034,66,0.11683,11.61714,2.31824,4.63648,4 4 4 4 4 4 3 4 4 4 3 3 3 4 4 3
60,SIPP_2^5,"114,111,0","135,106,0",1,218.11388499999998,42,0.19056,8.06155,1.60875,3.21751,8 8 8 7 7 8 7 7 8 8 7
60,SIPP_BigCS,"114,111,3","135,106,4",1,220.0,115,1.53064,7.76408,1.4844,0.1702,201 305 29 361
60,SIPP_Standard,"114,111,3","135,106,4",1,246.0,76,0.8519,14.36865,2.8158,0.5322,32 65 41
61,SIPP_2^2,"32,40,0","11,56,0",1,370.0,426,0.12324,84.85281,18.84956,37.69911,3 3 3 3 3 3 3 3 3 3 3 3 3 3 3 2 2 2 2 2 3 2 2 2 2 2 3 2 3 2 2 3 2 2 3 2 3
61,SIPP_2^3,"32,40,0","11,56,0",1,276.2741759999999,120,0.07415,11.59153,2.35619,4.71239,5 5 5 5 5 5 5 5 5 5 5 5 5 5 6 6 5 5 6 6 6
61,SIPP_2^4,"32,40,0","11,56,0",1,267.36689599999994,78,0.12306,11.30005,2.25225,4.50451,10 10 10 11 10 11 10 11 10 10 10 10 10 10 11 11
61,SIPP_2^5,"32,40,0","11,56,0",1,265.13038099999994,46,0.17698,2.96208,0.59219,1.18437,21 21 21 21 20 21 20 20 20 20 20
61,SIPP_BigCS,"32,40,10","11,56,11",1,264.0,17,0.18008,6.88837,1.317,0.0981,155 251 183 251
61,SIPP_Standard,"32,40,10","11,56,11",1,331.0,396,1.93108,11.33324,2.1969,0.2815,3 7 83 16
62,SIPP_2^2,"236,3,0","249,22,0",1,448.418387,282,0.06788,49.49747,10.99557,21.99115,1 1 1 1 1 1 1 2 2 1 2 2 2 2 2 2 2 2 2 1 1 1 1 1 1 -108.418 2 2 2 2 2 2 2 3 2
62,SIPP_2^3,"236,3,0","249,22,0",1,442.560523,295,0.13004,31.72515,6.28319,12.56637,3 2 2 2 3 2 3 3 3 4 3 3 3 3 3 -166.997 4 4 4 4 4 4 4 5
62,SIPP_2^4,"236,3,0","249,22,0",1,440.779067,298,0.33599,10.13166,2.03444,4.06889,4 4 5 5 6 6 6 6 6 6 6 7 -172.341 8 8 8 8 8 8 9
62,SIPP_2^5,"236,3,0","249,22,0",1,440.041164,298,0.79354,9.81075,1.96559,3.93118,9 9 12 12 13 12 12 12 12 -174.265 16 16 16 16 16 17
62,SIPP_BigCS,"236,3,14","249,22,0",1,440.255871,1725,5.04616,19.32535,3.8352,0.8887,311 77 320 -164.256 239 56
62,SIPP_Standard,"236,3,14","249,22,0",1,662.0,210,0.83462,28.39733,5.4472,0.7416,3 15 94 8 36 17 111 53
63,SIPP_2^2,"7,60,0","5,34,0",1,280.0,75,0.02514,28.28427,6.28319,12.56637,0 0 0 0 0 0 0 0 0 0 0 0 0 0 0 0 0 0 0 0 0 0 0 0 3 0 3 0
63,SIPP_2^3,"7,60,0","5,34,0",1,268.284272,65,0.0408,11.59279,2.35619,4.71239,0 0 0 0 0 0 0 0 0 0 0 0 0 0 0 0 0 0 0 0 0 0 7 0 0 7
63,SIPP_2^4,"7,60,0","5,34,0",1,264.72136,53,0.09226,6.94722,1.39094,2.78189,0 0 0 0 0 0 0 0 0 0 0 0 0 0 0 0 0 0 0 0 15 0 0 15
63,SIPP_2^5,"7,60,0","5,34,0",1,263.24555399999997,43,0.18898,4.82449,0.96525,1.9305,0 0 0 0 0 0 0 0 0 0 0 0 0 0 0 0 0 31 0 0 0 31
63,SIPP_BigCS,"7,60,14","5,34,4",1,264.0,86,0.6631,4.98532,0.9783,0.1089,362 6 2 6 6 6 6 30
63,SIPP_Standard,"7,60,14","5,34,4",1,498.36015499999996,1312,3.75628,14.69269,2.6747,0.404,13 108 54 -161.360 58
64,SIPP_2^2,"115,231,0","111,255,0",0,-1,0,0.0,0.0,0.0,0.0,
64,SIPP_2^3,"115,231,0","111,255,0",0,-1,0,0.0,0.0,0.0,0.0,
64,SIPP_2^4,"115,231,0","111,255,0",0,-1,0,0.0,0.0,0.0,0.0,
64,SIPP_2^5,"115,231,0","111,255,0",0,-1,0,0.0,0.0,0.0,0.0,
64,SIPP_BigCS,"115,231,0","111,255,0",0,-1,0,0.0,0.0,0.0,0.0,
64,SIPP_Standard,"115,231,11","111,255,3",0,-1,0,0.00014,0.0,0.0,0.0,
65,SIPP_2^2,"125,134,0","133,112,0",1,300.0,249,0.08718,28.28427,6.28319,12.56637,0 0 0 0 0 0 0 0 0 0 0 0 0 0 0 0 0 0 0 0 1 1 1 0 1 1 1 1 1 0
65,SIPP_2^3,"125,134,0","133,112,0",1,253.13708799999995,141,0.097,36.12942,7.06858,14.13717,0 0 0 0 0 0 0 0 0 1 1 1 1 0 1 0 1 0 1 0 0 1
65,SIPP_2^4,"125,134,0","133,112,0",1,238.88544,67,0.11783,9.28967,1.85459,3.70918,1 1 1 1 1 1 0 1 0 0 0 0 0 1
65,SIPP_2^5,"125,134,0","133,112,0",1,234.45802199999997,20,0.09682,1.41937,0.28379,0.56759,1 1 1 1 1 2 2 1
65,SIPP_BigCS,"125,134,3","133,112,12",1,236.0,42,0.91586,5.65892,0.9769,0.1151,204 204 204 204 204 308 58
65,SIPP_Standard,"125,134,3","133,112,12",1,241.0,17,0.65368,7.5875,1.4641,0.1365,49 92 18
66,SIPP_2^2,"18,106,0","9,127,0",0,-1,3,0.00161,0.0,0.0,0.0,
66,SIPP_2^3,"18,106,0","9,127,0",0,-1,3,0.00124,0.0,0.0,0.0,
66,SIPP_2^4,"18,106,0","9,127,0",1,238.88544,61,0.1269,14.91526,2.96174,5.92348,11 9 9 9 8 9 9 9 8 8 9 8 8 8
66,SIPP_2^5,"18,106,0","9,127,0",1,235.93382799999995,41,0.21935,6.95788,1.39094,2.78189,22 18 18 17 17 17 17 18 16 16
66,SIPP_BigCS,"18,106,15","9,127,3",1,240.0,85,1.60912,13.56564,2.6827,0.4087,235 60 131
66,SIPP_Standard,"18,106,15","9,127,3",1,247.0,3,0.02716,6.53432,1.2486,0.1398,75 94 0
67,SIPP_2^2,"38,77,0","61,80,0",1,340.0,283,0.20837,98.99495,21.99115,43.9823,1 1 1 1 1 1 1 0 0 0 1 1 1 0 1 1 1 2 2 1 1 1 1 2 1 1 1 2 1 2 1 2 2 1
67,SIPP_2^3,"38,77,0","61,80,0",1,258.99495199999996,114,0.20948,43.64891,8.63938,17.27876,2 2 2 2 2 2 2 2 1 2 1 2 3 3 2 2 2 3 2 3 2 2 3
67,SIPP_2^4,"38,77,0","61,80,0",1,246.52476000000001,64,0.1093,11.60144,2.31824,4.63648,4 4 4 4 4 3 3 4 4 4 5 5 5 5 4 5
67,SIPP_2^5,"38,77,0","61,80,0",1,238.851788,44,0.18222,6.25937,1.24905,2.49809,8 8 8 8 8 8 8 8 8 7 9 9 10 9
67,SIPP_BigCS,"38,77,8","61,80,1",1,240.0,114,1.3535,7.5725,1.4766,0.1563,361 5 5 5 85 311
67,SIPP_Standard,"38,77,8","61,80,1",1,250.0,12,0.05912,13.27647,2.5773,0.3616,5 105 36
68,SIPP_2^2,"179,206,0","168,218,0",1,532.725473,611,0.32603,63.63961,14.13717,28.27433,3 3 2 -156.041 2 -51.478 2 -12.201 2 -1.255 2 -1.750 2 2 2 2 2 2 2 2 2 2 3 2 3 3 3 3 3 3 0 3 0 0 3 0
68,SIPP_2^3,"179,206,0","168,218,0",1,503.43615299999993,621,0.33819,46.07042,9.42478,18.84956,5 6 6 -141.871 4 -30.126 4 -21.380 2 -12.201 4 -1.255 4 -1.750 4 4 4 4 4 4 4 4 4 5 5 6 6 6 6 7 7 0 7
68,SIPP_2^4,"179,206,0","168,218,0",1,501.65469699999994,633,0.86489,19.23001,3.78509,7.57019,11 -163.681 8 -51.478 8 -12.201 8 -1.255 8 -1.750 8 8 8 8 8 8 8 8 8 10 10 12 12 12 12 14 14 15
68,SIPP_2^5,"179,206,0","168,218,0",1,501.65469699999994,639,2.03679,35.6771,7.06858,14.13717,23 -144.390 16 -30.126 16 -21.380 8 -12.201 16 -1.255 16 -1.750 16 16 16 16 16 16 16 16 16 20 20 24 24 24 24 28 28 30
68,SIPP_BigCS,"179,206,0","168,218,0",1,508.12042299999996,3510,13.8669,31.21594,6.2236,2.1715,103 -232.345 167 -0.775 336 342 336 334 7 7 79 202
68,SIPP_Standard,"179,206,0","168,218,0",1,909.0,2896,4.80005,31.78524,5.956,0.7887,3 3 7 59 67 39 12 111 45 9 49
69,SIPP_2^2,"146,135,0","164,152,0",1,370.650243,305,0.09745,106.06602,23.56194,47.12389,1 1 1 -0.106 1 -0.033 0 -0.117 1 -0.395 1 1 2 1 2 1 2 2 2 1 1 2 2 2 2 2 2 2 2 1 1 1 2 2 2 1 1 1 2 1 2
69,SIPP_2^3,"146,135,0","164,152,0",1,294.10350399999993,156,0.08907,41.82095,8.63938,17.27876,2 2 2 -0.106 2 -0.033 0 -0.117 2 3 3 3 3 3 3 3 3 3 3 4 4 3 4 3 4 4 3
69,SIPP_2^4,"146,135,0","164,152,0",1,285.196224,126,0.18578,24.43196,5.21399,10.42799,4 4 -0.075 0 -0.032 4 -0.033 4 -0.117 4 6 6 6 6 7 6 7 7 7 7 6 6 6
69,SIPP_2^5,"146,135,0","164,152,0",1,283.40701199999995,107,0.39048,20.20176,4.3731,8.74619,8 8 -0.075 0 -0.032 8 -0.033 8 -0.117 8 12 12 12 12 13 13 13 14 13
69,SIPP_BigCS,"146,135,3","164,152,3",1,334.208583,705,6.73119,17.58138,3.4506,1.0179,100 168 4 64 -63.911 160 -0.298 73 100 100 100 176
69,SIPP_Standard,"146,135,3","164,152,3",1,505.0,78,0.69621,30.61593,5.9343,0.9502,87 20 35 80 9 37
70,SIPP_2^2,"22,73,0","46,69,0",1,320.0,203,0.06926,70.71068,15.70796,31.41593,0 1 0 1 1 1 1 1 1 1 1 1 1 0 0 0 1 0 1 1 1 1 1 1 1 1 1 1 2 1 1 2
70,SIPP_2^3,"22,73,0","46,69,0",1,289.7056319999999,202,0.1266,40.05468,7.85398,15.70796,1 1 2 2 1 2 1 1 1 1 2 2 1 2 2 2 2 2 3 3 2 2 3 3
70,SIPP_2^4,"22,73,0","46,69,0",1,278.46975299999997,156,0.26283,15.58145,3.10364,6.20727,2 2 2 2 3 3 3 3 -3.016 4 5 5 4 5 4 4 5
70,SIPP_2^5,"22,73,0","46,69,0",1,275.24767799999995,138,0.61121,8.22127,1.60457,3.20914,4 4 6 5 6 5 -3.640 9 9 9 9
70,SIPP_BigCS,"22,73,2","46,69,10",1,276.907685,485,3.99104,17.0429,3.3178,0.819,101 101 101 169 65 -2.908 149 207 311
70,SIPP_Standard,"22,73,2","46,69,10",1,337.0,149,0.911,14.45404,2.6747,0.404,26 57 105 52
71,SIPP_2^2,"193,38,0","222,35,0",0,-1,0,0.0,0.0,0.0,0.0,
71,SIPP_2^3,"193,38,0","222,35,0",0,-1,0,0.0,0.0,0.0,0.0,
71,SIPP_2^4,"193,38,0","222,35,0",0,-1,0,0.0,0.0,0.0,0.0,
71,SIPP_2^5,"193,38,0","222,35,0",0,-1,0,0.0,0.0,0.0,0.0,
71,SIPP_BigCS,"193,38,0","222,35,0",0,-1,0,0.0,0.0,0.0,0.0,
71,SIPP_Standard,"193,38,3","222,35,9",0,-1,0,0.00051,0.0,0.0,0.0,
72,SIPP_2^2,"115,120,0","126,93,0",0,-1,0,0.0,0.0,0.0,0.0,
72,SIPP_2^3,"115,120,0","126,93,0",0,-1,0,0.0,0.0,0.0,0.0,
72,SIPP_2^4,"115,120,0","126,93,0",0,-1,0,0.0,0.0,0.0,0.0,
72,SIPP_2^5,"115,120,0","126,93,0",0,-1,0,0.0,0.0,0.0,0.0,
72,SIPP_BigCS,"115,120,0","126,93,0",0,-1,0,0.0,0.0,0.0,0.0,
72,SIPP_Standard,"115,120,15","126,93,8",0,-1,0,5e-05,0.0,0.0,0.0,
73,SIPP_2^2,"158,151,0","184,158,0",1,330.0,261,0.07931,77.78175,17.27876,34.55752,1 1 1 1 1 1 1 1 1 1 1 1 1 1 1 1 1 1 1 2 1 2 2 1 2 1 1 2 1 2 1 1 2
73,SIPP_2^3,"158,151,0","184,158,0",1,288.99495199999996,169,0.10082,35.8143,7.06858,14.13717,2 2 2 2 2 3 3 2 2 3 2 3 3 2 3 2 2 2 2 2 2 2 2 2 2 3
73,SIPP_2^4,"158,151,0","184,158,0",1,276.52476,105,0.17011,16.25113,3.24553,6.49107,4 4 4 4 4 4 4 4 5 4 5 4 5 5 5 5 4 4 5
73,SIPP_2^5,"158,151,0","184,158,0",1,271.35943899999995,55,0.23327,3.22267,0.6435,1.287,9 8 8 8 8 8 9 9 9 9 9 9
73,SIPP_BigCS,"158,151,0","184,158,10",1,274.0,185,1.49483,10.02774,1.946,0.2163,311 57 311 5 85
73,SIPP_Standard,"158,151,0","184,158,10",1,318.0,324,1.71426,9.94313,1.8906,0.2533,53 105 28 48
74,SIPP_2^2,"107,83,0","84,65,0",0,-1,0,0.0,0.0,0.0,0.0,
74,SIPP_2^3,"107,83,0","84,65,0",0,-1,0,0.0,0.0,0.0,0.0,
74,SIPP_2^4,"107,83,0","84,65,0",0,-1,0,0.0,0.0,0.0,0.0,
74,SIPP_2^5,"107,83,0","84,65,0",0,-1,0,0.0,0.0,0.0,0.0,
74,SIPP_BigCS,"107,83,0","84,65,0",0,-1,0,0.0,0.0,0.0,0.0,
74,SIPP_Standard,"107,83,14","84,65,1",0,-1,0,0.00027,0.0,0.0,0.0,
75,SIPP_2^2,"191,77,0","209,101,0",0,-1,0,0.0,0.0,0.0,0.0,
75,SIPP_2^3,"191,77,0","209,101,0",0,-1,0,0.0,0.0,0.0,0.0,
75,SIPP_2^4,"191,77,0","209,101,0",0,-1,0,0.0,0.0,0.0,0.0,
75,SIPP_2^5,"191,77,0","209,101,0",0,-1,0,0.0,0.0,0.0,0.0,
75,SIPP_BigCS,"191,77,0","209,101,0",0,-1,0,0.0,0.0,0.0,0.0,
75,SIPP_Standard,"191,77,9","209,101,7",0,-1,0,1e-05,0.0,0.0,0.0,
76,SIPP_2^2,"248,57,0","219,61,0",0,-1,0,0.0,0.0,0.0,0.0,
76,SIPP_2^3,"248,57,0","219,61,0",0,-1,0,0.0,0.0,0.0,0.0,
76,SIPP_2^4,"248,57,0","219,61,0",0,-1,0,0.0,0.0,0.0,0.0,
76,SIPP_2^5,"248,57,0","219,61,0",0,-1,0,0.0,0.0,0.0,0.0,
76,SIPP_BigCS,"248,57,0","219,61,0",0,-1,0,0.0,0.0,0.0,0.0,
76,SIPP_Standard,"248,57,4","219,61,11",0,-1,0,4e-05,0.0,0.0,0.0,
77,SIPP_2^2,"59,63,0","87,58,0",1,417.212589,482,0.17112,70.71068,15.70796,31.41593,1 0 0 0 1 1 1 1 1 0 0 0 0 0 0 1 1 1 1 1 1 1 1 1 1 -7.213 1 1 1 1 1 1 1 2 1 1 2 2 1 1 2 1
77,SIPP_2^3,"59,63,0","87,58,0",1,350.4163119999999,342,0.24074,35.61536,7.06858,14.13717,2 1 1 1 1 1 1 2 2 2 2 1 1 1 1 1 2 2 2 3 2 3 3 3 3 2 2 3
77,SIPP_2^4,"59,63,0","87,58,0",1,335.23392099999995,283,0.52286,17.66918,3.5013,7.0026,2 2 2 3 3 3 3 3 2 3 2 -0.851 4 4 5 5 6 6 5 6
77,SIPP_2^5,"59,63,0","87,58,0",1,333.892012,272,1.26127,6.90522,1.3734,2.7468,4 4 5 5 5 6 6 6 -2.193 8 8 11 11 11
77,SIPP_BigCS,"59,63,10","87,58,0",1,333.70967199999996,1433,10.86655,13.07687,2.5306,0.4376,101 181 217 169 -0.710 93 176
77,SIPP_Standard,"59,63,10","87,58,0",1,349.69140600000003,149,0.83371,9.18097,1.6513,0.1633,68 45 -13.691 17 63
78,SIPP_2^2,"175,232,0","145,231,0",1,410.0,295,0.08457,63.63961,14.13717,28.27433,3 2 3 2 2 2 3 3 3 3 3 3 3 3 3 3 3 3 3 3 3 3 3 3 3 3 3 3 3 3 3 2 3 3 0 0 3 0 0 0 0
78,SIPP_2^3,"175,232,0","145,231,0",1,383.42839499999997,337,0.17529,31.43101,6.28319,12.56637,5 4 5 5 5 6 6 6 6 7 7 7 7 7 7 7 7 6 6 6 6 6 6 6 6 7 6 -7.154 6 5 5 5
78,SIPP_2^4,"175,232,0","145,231,0",1,373.115248,326,0.44517,22.25985,4.39064,8.78128,10 10 9 10 12 13 12 13 13 13 13 13 13 13 13 13 12 12 9 9
78,SIPP_2^5,"175,232,0","145,231,0",1,369.745252,316,1.09552,16.93833,3.21463,6.42927,20 19 20 25 25 26 26 26 26 26 26 25 25 -0.029 18 18
78,SIPP_BigCS,"175,232,12","145,231,13",1,373.0,1823,10.0348,20.11657,3.7866,1.0093,206 214 205 205 205 205 253 162 7 7 71 206
78,SIPP_Standard,"175,232,12","145,231,13",1,504.0,173,0.74796,32.45992,6.2837,1.0278,78 107 46 14 109 35
79,SIPP_2^2,"14,157,0","37,144,0",0,-1,0,0.0,0.0,0.0,0.0,
79,SIPP_2^3,"14,157,0","37,144,0",0,-1,0,0.0,0.0,0.0,0.0,
79,SIPP_2^4,"14,157,0","37,144,0",0,-1,0,0.0,0.0,0.0,0.0,
79,SIPP_2^5,"14,157,0","37,144,0",0,-1,0,0.0,0.0,0.0,0.0,
79,SIPP_BigCS,"14,157,0","37,144,0",0,-1,0,0.0,0.0,0.0,0.0,
79,SIPP_Standard,"14,157,7","37,144,2",0,-1,88164,180.00366,0.0,0.0,0.0,
80,SIPP_2^2,"233,143,0","252,119,0",0,-1,0,0.0,0.0,0.0,0.0,
80,SIPP_2^3,"233,143,0","252,119,0",0,-1,0,0.0,0.0,0.0,0.0,
80,SIPP_2^4,"233,143,0","252,119,0",0,-1,0,0.0,0.0,0.0,0.0,
80,SIPP_2^5,"233,143,0","252,119,0",0,-1,0,0.0,0.0,0.0,0.0,
80,SIPP_BigCS,"233,143,0","252,119,0",0,-1,0,0.0,0.0,0.0,0.0,
80,SIPP_Standard,"233,143,0","252,119,7",0,-1,0,0.00011,0.0,0.0,0.0,
81,SIPP_2^2,"56,16,0","24,16,0",0,-1,0,0.0,0.0,0.0,0.0,
81,SIPP_2^3,"56,16,0","24,16,0",0,-1,0,0.0,0.0,0.0,0.0,
81,SIPP_2^4,"56,16,0","24,16,0",0,-1,0,0.0,0.0,0.0,0.0,
81,SIPP_2^5,"56,16,0","24,16,0",0,-1,0,0.0,0.0,0.0,0.0,
81,SIPP_BigCS,"56,16,0","24,16,0",0,-1,0,0.0,0.0,0.0,0.0,
81,SIPP_Standard,"56,16,7","24,16,6",0,-1,0,4e-05,0.0,0.0,0.0,
82,SIPP_2^2,"131,91,0","97,93,0",1,360.0,99,0.03611,28.28427,6.28319,12.56637,3 3 3 3 3 3 3 3 3 3 3 3 3 3 3 3 3 3 3 3 3 3 3 3 3 3 2 3 3 3 3 3 3 3 2 3
82,SIPP_2^3,"131,91,0","97,93,0",1,348.284272,89,0.06248,11.59279,2.35619,4.71239,6 6 6 6 6 6 6 6 6 6 6 6 6 6 6 6 6 6 6 6 6 6 6 6 6 6 6 6 6 5 6 6 6 5
82,SIPP_2^4,"131,91,0","97,93,0",1,344.72136,77,0.14441,6.94722,1.39094,2.78189,12 12 12 12 12 12 12 12 12 12 12 12 12 12 12 12 12 12 12 12 12 12 12 12 12 12 12 12 11 12 12 11
82,SIPP_2^5,"131,91,0","97,93,0",1,343.24555399999997,63,0.30624,4.82449,0.96525,1.9305,24 24 24 24 24 24 24 24 24 24 24 24 24 24 24 24 24 24 24 24 24 24 24 24 24 24 23 24 24 23
82,SIPP_BigCS,"131,91,2","97,93,12",1,344.0,129,1.27872,4.98532,0.9783,0.1089,363 7 7 7 7 7 7 7 7 7 7 7 7 7 3 31
82,SIPP_Standard,"131,91,2","97,93,12",1,399.0,804,3.14541,18.01469,3.4592,0.5266,34 67 55 107 50
83,SIPP_2^2,"230,226,0","210,211,0",0,-1,0,0.0,0.0,0.0,0.0,
83,SIPP_2^3,"230,226,0","210,211,0",0,-1,0,0.0,0.0,0.0,0.0,
83,SIPP_2^4,"230,226,0","210,211,0",0,-1,0,0.0,0.0,0.0,0.0,
83,SIPP_2^5,"230,226,0","210,211,0",0,-1,0,0.0,0.0,0.0,0.0,
83,SIPP_BigCS,"230,226,0","210,211,0",0,-1,0,0.0,0.0,0.0,0.0,
83,SIPP_Standard,"230,226,5","210,211,3",0,-1,0,0.00038,0.0,0.0,0.0,
84,SIPP_2^2,"90,91,0","116,106,0",0,-1,0,0.0,0.0,0.0,0.0,
84,SIPP_2^3,"90,91,0","116,106,0",0,-1,0,0.0,0.0,0.0,0.0,
84,SIPP_2^4,"90,91,0","116,106,0",0,-1,0,0.0,0.0,0.0,0.0,
84,SIPP_2^5,"90,91,0","116,106,0",0,-1,0,0.0,0.0,0.0,0.0,
84,SIPP_BigCS,"90,91,0","116,106,0",0,-1,0,0.0,0.0,0.0,0.0,
84,SIPP_Standard,"90,91,1","116,106,8",0,-1,0,4e-05,0.0,0.0,0.0,
85,SIPP_2^2,"245,121,0","222,142,0",0,-1,0,0.0,0.0,0.0,0.0,
85,SIPP_2^3,"245,121,0","222,142,0",0,-1,0,0.0,0.0,0.0,0.0,
85,SIPP_2^4,"245,121,0","222,142,0",0,-1,0,0.0,0.0,0.0,0.0,
85,SIPP_2^5,"245,121,0","222,142,0",0,-1,0,0.0,0.0,0.0,0.0,
85,SIPP_BigCS,"245,121,0","222,142,0",0,-1,0,0.0,0.0,0.0,0.0,
85,SIPP_Standard,"245,121,3","222,142,14",0,-1,0,1e-05,0.0,0.0,0.0,
86,SIPP_2^2,"93,27,0","81,3,0",1,537.945714,721,0.21636,120.20815,26.70354,53.40708,0 1 1 1 0 1 0 0 0 0 0 -97.782 0 -0.101 0 -0.062 0 0 0 0 3 0 3 3 3 3 3 3 3 3 3 0 0 0 0 0 3 3 0 3 0 3 0 0 3 0 3
86,SIPP_2^3,"93,27,0","81,3,0",1,352.751302,165,0.09553,27.42324,5.49779,10.99557,2 1 1 1 0 0 0 0 0 0 0 0 0 7 7 7 7 7 7 7 -0.619 7 7 6 6 7 6 6 7 7
86,SIPP_2^4,"93,27,0","81,3,0",1,346.888396,139,0.21531,14.50315,2.8578,5.7156,3 2 2 0 0 0 0 0 0 0 0 0 14 15 14 14 14 14 13 -1.369 13 13 13 13
86,SIPP_2^5,"93,27,0","81,3,0",1,345.37805899999995,134,0.47419,11.89051,2.35619,4.71239,6 4 4 0 0 0 0 0 0 0 0 31 28 28 28 28 28 27 26 26 25
86,SIPP_BigCS,"93,27,10","81,3,12",1,346.0,308,1.65519,14.12376,2.7255,0.5622,201 329 6 6 6 6 6 34 102 102 126 309
86,SIPP_Standard,"93,27,10","81,3,12",1,825.0,8322,17.9378,28.8927,5.2993,0.6665,52 80 5 73 108 50 61 61 69 38
87,SIPP_2^2,"195,146,0","168,132,0",1,410.0,522,0.15638,106.06602,23.56194,47.12389,3 3 3 3 3 3 3 3 3 3 3 3 3 3 3 3 0 0 0 0 3 3 3 0 3 0 3 3 0 0 0 0 3 3 0 3 0 3 0 3 0
87,SIPP_2^3,"195,146,0","168,132,0",1,327.9899039999999,227,0.13377,31.62545,6.28319,12.56637,7 7 7 7 7 7 7 7 7 7 6 6 6 7 6 6 6 6 6 7 6 6 6 7 6 6 7
87,SIPP_2^4,"195,146,0","168,132,0",1,304.83097599999996,27,0.04312,1.61592,0.32175,0.6435,13 13 13 13 13 13 13 13 13 13 13 13 13 14
87,SIPP_2^5,"195,146,0","168,132,0",1,304.383673,25,0.10309,0.62187,0.12436,0.24871,26 26 26 26 26 26 26 26 26 26 26 26 27
87,SIPP_BigCS,"195,146,3","168,132,13",1,304.0,63,0.87715,5.19745,0.8277,0.0816,102 178 205 205 205 205 205 205 205 309
87,SIPP_Standard,"195,146,3","168,132,13",1,317.0,84,0.21981,13.40399,2.6033,0.3205,38 23 50 77
88,SIPP_2^2,"135,152,0","162,134,0",1,450.0,609,0.3773,84.85281,18.84956,37.69911,0 0 0 0 0 0 1 1 1 1 0 0 1 0 1 1 1 1 1 1 1 1 1 0 0 0 1 1 1 1 1 1 1 1 1 0 0 0 0 1 0 1 1 1 0
88,SIPP_2^3,"135,152,0","162,134,0",1,344.5584479999999,213,0.14591,23.56261,4.71239,9.42478,1 1 1 1 1 1 1 1 1 1 1 1 1 1 1 2 2 1 2 2 2 1 2 2 2 2 1
88,SIPP_2^4,"135,152,0","162,134,0",1,328.5253439999999,110,0.20665,4.83359,0.96525,1.9305,3 3 3 3 3 3 3 2 2 2 2 2 3 3 2 2 2 2
88,SIPP_2^5,"135,152,0","162,134,0",1,324.499617,9,0.04367,0.0,0.0,0.0,5 5 5 5 5 5 5 5 5
88,SIPP_BigCS,"135,152,14","162,134,6",1,324.0,9,0.29972,5.7054,0.9742,0.0546,201 201 201 201 217 153 217
88,SIPP_Standard,"135,152,14","162,134,6",1,327.0,18,0.08873,7.43302,1.2947,0.1135,65 53 57 73
89,SIPP_2^2,"208,129,0","192,103,0",1,420.0,394,0.10831,77.78175,17.27876,34.55752,3 3 3 3 3 3 0 0 0 3 0 0 0 0 0 0 3 3 3 3 0 0 3 3 0 0 0 0 0 0 0 0 0 3 3 0 0 0 0 0 3 0
89,SIPP_2^3,"208,129,0","192,103,0",1,343.8477679999999,224,0.1215,19.72263,3.92699,7.85398,6 6 6 7 7 7 7 7 7 7 7 7 7 0 0 0 0 0 7 7 0 0 0 0 0 0 0 0 7
89,SIPP_2^4,"208,129,0","192,103,0",1,327.173232,121,0.17638,23.62457,4.67443,9.34887,14 14 13 13 -1.140 12 14 15 15 15 15 0 0 0 15 15 0 15 0 15
89,SIPP_2^5,"208,129,0","192,103,0",1,323.48371699999996,79,0.29689,10.52556,2.12084,4.24169,27 -0.381 27 -1.653 24 28 31 31 31 31 30 30 30 31
89,SIPP_BigCS,"208,129,14","192,103,8",1,324.160824,177,1.47754,7.02056,1.148,0.2254,205 205 205 -3.161 325 202 202 202 202 202 202 202 362
89,SIPP_Standard,"208,129,14","192,103,8",1,332.369031,31,0.09956,15.06201,2.8699,0.38,27 -0.369 90 10 54
90,SIPP_2^2,"235,219,0","239,187,0",0,-1,0,0.0,0.0,0.0,0.0,
90,SIPP_2^3,"235,219,0","239,187,0",0,-1,0,0.0,0.0,0.0,0.0,
90,SIPP_2^4,"235,219,0","239,187,0",0,-1,0,0.0,0.0,0.0,0.0,
90,SIPP_2^5,"235,219,0","239,187,0",0,-1,0,0.0,0.0,0.0,0.0,
90,SIPP_BigCS,"235,219,0","239,187,0",0,-1,0,0.0,0.0,0.0,0.0,
90,SIPP_Standard,"235,219,9","239,187,8",0,-1,0,1e-05,0.0,0.0,0.0,
91,SIPP_2^2,"83,53,0","113,77,0",1,540.0,912,0.2859,155.56349,34.55752,69.11504,1 1 1 1 1 1 1 1 1 2 1 1 2 2 1 1 2 1 1 2 1 1 2 2 2 2 1 2 1 1 1 2 1 1 1 2 2 2 1 2 2 2 1 2 2 2 2 2 2 1 1 1 2 1
91,SIPP_2^3,"83,53,0","113,77,0",1,405.26912799999985,250,0.15186,24.23104,4.71239,9.42478,3 3 3 3 3 3 3 3 3 3 3 3 3 3 3 3 3 3 4 3 3 3 2 2 2 3 2 2 2 2 3
91,SIPP_2^4,"83,53,0","113,77,0",1,399.9247599999999,252,0.54164,14.275,2.81984,5.63968,6 6 6 6 6 6 6 6 6 6 6 6 6 6 6 6 6 7 6 6 6 4 4 5 4 4 4 5
91,SIPP_2^5,"83,53,0","113,77,0",1,398.00165099999987,240,1.02398,7.54097,1.50194,3.00388,12 12 12 12 12 12 12 12 12 12 12 12 12 12 12 12 12 12 13 12 9 8 8 8 9
91,SIPP_BigCS,"83,53,8","113,77,10",1,397.0,983,7.52147,8.05628,1.5851,0.33,248 100 100 100 100 100 100 100 100 100 100 100 100 100 100 100 100 100 160 57
91,SIPP_Standard,"83,53,8","113,77,10",1,404.0,145,0.62488,12.57196,2.4425,0.2972,71 52 64 48 103
92,SIPP_2^2,"80,111,0","109,92,0",0,-1,0,0.0,0.0,0.0,0.0,
92,SIPP_2^3,"80,111,0","109,92,0",0,-1,0,0.0,0.0,0.0,0.0,
92,SIPP_2^4,"80,111,0","109,92,0",0,-1,0,0.0,0.0,0.0,0.0,
92,SIPP_2^5,"80,111,0","109,92,0",0,-1,0,0.0,0.0,0.0,0.0,
92,SIPP_BigCS,"80,111,0","109,92,0",0,-1,0,0.0,0.0,0.0,0.0,
92,SIPP_Standard,"80,111,8","109,92,11",0,-1,0,4e-05,0.0,0.0,0.0,
93,SIPP_2^2,"119,155,0","91,162,0",1,922.327556,5430,1.7995,183.84776,40.8407,81.68141,2 2 2 2 2 2 2 2 2 2 2 2 3 3 3 3 3 3 2 2 2 2 2 3 3 3 2 3 3 3 3 3 3 3 3 3 3 3 2 3 3 2 2 2 2 3 3 3 3 3 3 3 3 3 3 3 0 0 0 3 0 3 3 3 0 -72.328 1 0 0 0 0 1 0 1 1 0 0 1 0 1 0 0 1 1 1 0
93,SIPP_2^3,"119,155,0","91,162,0",1,443.13708799999995,821,0.50797,39.83456,7.85398,15.70796,6 6 6 6 6 6 6 6 6 6 6 6 7 6 7 7 7 6 6 6 6 6 6 6 6 7 6 6 6 5 4 4 3 3 4 4 4 4 4 4 4
93,SIPP_2^4,"119,155,0","91,162,0",1,438.693534,841,1.33622,33.36984,6.56698,13.13396,12 12 12 12 12 12 12 12 12 12 13 13 12 14 14 12 12 12 12 12 12 12 13 12 12 12 9 -0.634 7 -3.329 6 -0.500 8 8 8 8 8 8 8
93,SIPP_2^5,"119,155,0","91,162,0",1,438.693534,856,3.3896,25.41415,4.9611,9.9222,24 24 24 24 24 24 24 24 24 25 25 28 28 24 24 24 24 24 24 24 24 25 24 -0.083 18 -5.479 13 -1.562 16 16 16 16 16 16 16
93,SIPP_BigCS,"119,155,0","91,162,12",1,452.049169,4877,28.66359,23.55978,4.6096,1.0253,365 7 7 7 63 186 7 7 7 7 7 67 167 -1.049 200 304
93,SIPP_Standard,"119,155,0","91,162,12",1,875.440298,21505,46.47883,22.68909,4.3038,0.4468,6 66 50 93 3 7 -46.440 83 4 64 28
94,SIPP_2^2,"69,116,0","96,140,0",1,811.644229,2544,1.05766,169.70563,37.69911,75.39822,1 2 1 1 2 1 1 1 2 2 1 -35.076 2 -21.956 1 -3.619 1 1 1 0 -4.817 1 -12.238 1 -1.137 2 -1.137 1 -1.137 2 -1.137 2 -1.138 2 -1.137 2 -1.089 2 -1.636 1 -0.394 2 2 -1.810 2 -12.602 2 -9.950 2 -0.022 2 -0.094 2 -0.375 2 -1.123 2 -2.873 3 -21.032 2 3 3 3 -6.589 3 2 -7.913 2 -0.094 1 -11.498 2 -2.873 1 -6.923 2 1 -1.350 1 -6.878 1 1 1 1 1 1 1 1 1 1 1 1 1
94,SIPP_2^3,"69,116,0","96,140,0",1,717.8313230000001,2283,1.42151,144.14349,31.41593,62.83185,3 2 2 3 2 2 3 2 -10.908 4 -21.635 4 -0.106 6 3 2 1 1 1 1 2 2 3 4 3 -0.542 3 4 4 4 4 4 -1.734 4 4 4 -1.476 4 -0.093 4 -0.020 6 6 4 -0.045 4 -0.375 6 -1.123 4 -2.873 6 -21.032 2 -12.458 2 -13.119 4 -1.126 2 -0.592 2 -0.206 2 -0.049 2 2 2 2 2 -0.019 2 -0.310 2 3 3 4 5
94,SIPP_2^4,"69,116,0","96,140,0",1,717.177982,2533,4.23039,60.44314,12.06477,24.12953,4 4 5 4 3 3 3 3 -50.572 8 -6.997 7 6 6 7 -2.557 7 8 8 8 8 8 -3.193 8 8 8 -1.476 8 -0.093 8 -0.020 8 8 11 -9.182 12 -2.873 12 -21.032 8 -12.458 4 -13.119 4 -1.126 4 -0.592 4 -0.206 4 -0.049 4 4 4 4 4 -0.019 4 5 6 -1.438 8 10
94,SIPP_2^5,"69,116,0","96,140,0",1,717.177982,2597,10.84326,60.86515,15.28227,30.56454,8 8 9 8 7 7 7 7 9 -4.061 16 16 17 16 16 16 16 17 -0.207 16 -0.394 16 -0.040 18 -1.920 16 -0.093 16 -0.020 16 16 22 -9.182 24 -2.873 24 -21.032 8 -12.458 16 -13.119 8 -1.126 8 -0.592 8 -0.206 8 -0.049 8 8 8 8 8 -0.019 8 10 12 -1.438 16 20
94,SIPP_BigCS,"69,116,4","96,140,13",0,-1,25896,180.03556,0.0,0.0,0.0,
94,SIPP_Standard,"69,116,4","96,140,13",1,819.515693,7700,18.77058,36.74932,7.0908,1.178,98 84 21 44 0 20 -11.758 35 -54.758 80 1
95,SIPP_2^2,"126,201,0","103,228,0",0,-1,0,0.0,0.0,0.0,0.0,
95,SIPP_2^3,"126,201,0","103,228,0",0,-1,0,0.0,0.0,0.0,0.0,
95,SIPP_2^4,"126,201,0","103,228,0",0,-1,0,0.0,0.0,0.0,0.0,
95,SIPP_2^5,"126,201,0","103,228,0",0,-1,0,0.0,0.0,0.0,0.0,
95,SIPP_BigCS,"126,201,0","103,228,0",0,-1,0,0.0,0.0,0.0,0.0,
95,SIPP_Standard,"126,201,4","103,228,0",0,-1,0,5e-05,0.0,0.0,0.0,
96,SIPP_2^2,"187,140,0","165,169,0",1,510.0,844,0.25539,120.20815,26.70354,53.40708,3 3 3 3 3 3 3 3 3 2 3 3 3 3 3 2 2 2 2 2 2 2 2 2 2 2 3 2 2 2 2 2 3 2 3 2 2 3 2 2 2 2 2 3 2 3 2 2 3 3 2
96,SIPP_2^3,"187,140,0","165,169,0",1,381.12699199999986,225,0.13735,16.1271,3.14159,6.28319,5 5 5 5 5 5 5 5 5 5 5 5 5 5 5 5 5 5 4 4 4 5 5 5 4 4 4 4 5
96,SIPP_2^4,"187,140,0","165,169,0",1,368.6567999999999,142,0.2353,9.67856,1.9305,3.86101,10 10 10 10 9 9 10 10 9 9 9 10 10 10 10 9 9 10 10 10 10 10
96,SIPP_2^5,"187,140,0","165,169,0",1,365.5256789999999,82,0.36844,2.96442,0.59219,1.18437,19 19 19 19 19 19 20 20 19 20 20 20 20 20 20
96,SIPP_BigCS,"187,140,3","165,169,15",1,364.0,24,0.27297,8.69463,1.6376,0.1064,254 127 222 127 222
96,SIPP_Standard,"187,140,3","165,169,15",1,403.0,516,1.24824,17.78111,3.449,0.4482,11 39 20 51 78
97,SIPP_2^2,"80,49,0","44,55,0",1,460.0,396,0.13303,56.56854,12.56637,25.13274,0 0 3 3 3 3 3 3 3 3 3 3 3 3 3 3 3 3 3 3 3 3 3 3 3 3 3 3 3 3 3 3 3 3 3 2 2 2 2 3 2 2 3 2 3 2
97,SIPP_2^3,"80,49,0","44,55,0",1,407.27922399999994,272,0.17871,35.67504,7.06858,14.13717,0 7 6 6 6 6 6 6 6 6 6 6 6 6 6 6 6 6 6 6 6 6 6 6 5 5 6 6 6 5 6 5 5 5 6 5 5
97,SIPP_2^4,"80,49,0","44,55,0",1,391.24612,180,0.30824,21.91196,4.35268,8.70536,15 12 12 12 12 12 12 12 12 12 12 12 12 12 12 11 11 11 12 12 11 11 12 11 11 12 12 11
97,SIPP_2^5,"80,49,0","44,55,0",1,385.3428959999999,111,0.47109,16.85064,3.3594,6.71881,30 24 24 24 24 24 23 24 24 24 24 23 23 23 23 23 24 23 24 23
97,SIPP_BigCS,"80,49,14","44,55,13",1,399.0,211,1.50939,18.33941,3.5038,0.8631,70 341 203 203 203 203 363 7 7 7 83 307
97,SIPP_Standard,"80,49,14","44,55,13",1,485.0,227,0.66615,16.6806,3.1851,0.3609,66 50 109 55 75 70
98,SIPP_2^2,"73,239,0","109,233,0",1,554.990737,521,0.14505,35.35534,7.85398,15.70796,2 2 -41.536 1 1 1 0 0 0 0 0 0 0 1 1 1 1 1 1 1 1 1 1 -27.295 0 -22.781 1 1 -3.379 1 1 1 1 1 1 1 1 1 1 1 1 1 1 1 1 1 1 1 1 1
98,SIPP_2^3,"73,239,0","109,233,0",1,448.88228,220,0.11449,35.63288,7.06858,14.13717,0 0 0 0 0 0 1 2 -1.878 1 -0.040 1 -2.111 2 2 2 2 2 2 2 2 2 2 2 2 2 2 2 2 2 2 2 2 2 2 2 2 2 2 3 2 3 2 2 3
98,SIPP_2^4,"73,239,0","109,233,0",1,443.537912,194,0.25962,27.58866,5.45983,10.91966,0 0 0 0 0 1 -1.489 4 -2.170 2 -0.040 2 -2.111 4 4 4 4 4 4 4 4 4 4 4 4 4 4 4 4 4 4 4 4 4 4 4 5 4 5 4 4 5
98,SIPP_2^5,"73,239,0","109,233,0",1,441.32420299999995,189,0.62233,23.84961,4.75035,9.50069,0 0 0 0 1 -2.227 8 -2.170 4 -0.040 4 -2.111 8 8 8 8 8 8 8 8 8 8 8 8 8 8 8 8 8 8 8 9 8 8 8 9 8 9
98,SIPP_BigCS,"73,239,3","109,233,5",1,442.091796,337,1.74326,15.38622,3.0148,0.5283,58 -11.960 324 -2.132 377 367 1 5 5 5 5 5 5 5 57
98,SIPP_Standard,"73,239,3","109,233,5",1,492.0,68,0.16656,19.62399,3.7659,0.5145,18 84 1 5 105 52
99,SIPP_2^2,"41,74,0","51,109,0",1,1025.765978,5447,2.01183,176.7767,39.26991,78.53982,1 1 1 1 1 1 1 1 1 1 1 1 1 1 1 1 1 1 1 1 1 1 2 2 2 2 1 2 2 1 2 2 1 2 2 2 1 2 2 2 2 1 1 1 1 1 2 2 1 2 2 1 2 1 2 2 2 2 2 2 2 2 3 2 3 3 3 3 3 3 3 3 3 3 3 2 2 2 2 3 3 3 2 2 2 2 3 3 3 3 -13.077 3 -9.951 3 -0.094 3 -11.498 3 -2.873 3 -6.923 0 -11.350 0
99,SIPP_2^3,"41,74,0","51,109,0",1,1025.765978,7188,4.73128,78.03182,15.70796,31.41593,2 2 2 3 3 2 2 2 2 2 2 3 3 3 3 2 2 2 2 2 3 3 3 2 3 2 3 2 2 2 3 3 3 3 3 4 4 4 4 4 4 4 4 4 5 5 5 5 5 5 5 5 5 5 5 -90.256 6 -17.191 6 -2.284 4 -1.597 6 -1.248 6 -1.122 6 -1.079 6 -14.874 6 6 6 -21.589 6 -9.951 6 -0.094 6 -11.498 6 -2.873 6 -6.923 0 -11.350 0
99,SIPP_2^4,"41,74,0","51,109,0",1,720.4164159999999,2338,3.97509,40.80691,8.13778,16.27555,5 4 5 5 5 5 5 5 5 5 6 6 6 5 6 5 5 6 6 6 6 6 8 8 8 8 9 10 10 12 11 12 12 12 12 11 12 12 11 11 11 12 12 11
99,SIPP_2^5,"41,74,0","51,109,0",1,711.3820710000002,2224,9.50188,23.50621,4.67731,9.35461,9 10 10 10 11 11 11 11 11 11 10 11 12 12 16 16 17 16 20 20 23 23 23 24 23 23 24 24 23
99,SIPP_BigCS,"41,74,9","51,109,3",1,719.0,22627,139.28118,22.59514,4.1725,0.5476,85 207 207 207 207 207 207 207 207 255 100 100 100 156 48 307 7 31 307
99,SIPP_Standard,"41,74,9","51,109,3",1,1043.078351,40303,91.38541,38.22422,7.3384,1.0194,89 17 79 64 -65.092 48 87 24 91 -29.377 11 -114.609 43
100,SIPP_2^2,"200,171,0","223,141,0",1,530.0,943,0.28006,106.06602,23.56194,47.12389,1 1 1 1 1 1 1 1 1 1 1 0 1 0 0 0 0 0 0 0 1 1 0 0 0 1 0 0 1 1 0 0 0 1 0 0 0 0 0 0 0 0 1 0 0 0 0 0 1 1 1 1 0
100,SIPP_2^3,"200,171,0","223,141,0",1,395.26912799999985,238,0.13616,31.39754,6.28319,12.56637,1 0 1 0 0 0 1 1 1 1 1 1 1 1 1 1 1 1 0 0 1 1 1 1 1 1 1 1 0 1
100,SIPP_2^4,"200,171,0","223,141,0",1,382.7989359999999,151,0.2381,12.90069,2.574,5.14801,2 2 2 1 1 2 1 2 2 2 2 1 2 2 2 1 1 1 2 2 2 2 2
100,SIPP_2^5,"200,171,0","223,141,0",1,379.6678149999999,90,0.36649,4.93989,0.98698,1.97396,3 3 3 3 3 4 3 4 3 4 4 4 4 4 4 4
100,SIPP_BigCS,"200,171,15","223,141,6",1,378.0,32,0.30804,8.69458,1.6376,0.1064,252 101 125 220 125 220
100,SIPP_Standard,"200,171,15","223,141,6",1,396.0,229,0.61237,12.78133,2.462,0.2615,22 49 68 53 73
101,SIPP_2^2,"195,160,0","178,125,0",1,572.106414,1345,0.41352,127.27922,28.27433,56.54867,3 3 0 3 0 0 3 0 3 3 3 0 0 0 0 0 0 0 0 0 3 3 3 3 0 0 3 0 0 0 0 0 0 0 3 3 3 0 0 3 3 3 0 0 3 0 0 0 0 0 -2.013 0 -10.062 0 -0.032 0 0 1 1
101,SIPP_2^3,"195,160,0","178,125,0",1,446.70501699999994,415,0.25878,47.44691,9.42478,18.84956,7 6 7 7 6 -2.374 6 -1.639 0 -4.702 7 7 7 7 7 7 7 7 0 7 0 0 0 0 0 0 0 0 0 0 0 0 0 0 0 0 0 0 7 0 7
101,SIPP_2^4,"195,160,0","178,125,0",1,427.409559,277,0.45911,30.23353,5.92348,11.84696,13 13 14 -5.937 12 -6.642 15 0 0 0 0 0 15 0 15 15 15 15 15 0 0 15 15 15 0 0 15
101,SIPP_2^5,"195,160,0","178,125,0",1,420.0305289999999,122,0.49665,9.31242,1.83705,3.6741,27 26 -6.384 24 -6.642 30 31 31 31 31 31 31 31 31 31 31
101,SIPP_BigCS,"195,160,11","178,125,12",1,423.64119300000004,672,4.52073,17.83382,3.369,0.8087,162 -3.405 79 -6.236 202 202 202 202 202 202 306 6 6 30 306
101,SIPP_Standard,"195,160,11","178,125,12",1,436.138714,91,0.24623,21.57997,4.1783,0.5811,-11.139 27 90 10 46 10
102,SIPP_2^2,"207,163,0","197,125,0",1,480.0,527,0.21257,49.49747,10.99557,21.99115,0 0 0 0 0 0 0 0 0 0 0 0 0 0 0 0 0 0 0 0 0 0 0 0 0 0 0 0 3 3 3 3 3 0 3 3 3 0 3 0 0 0 0 0 0 0 0 3
102,SIPP_2^3,"207,163,0","197,125,0",1,450.418387,631,0.37669,45.21736,8.63938,17.27876,7 7 7 7 0 0 0 7 0 0 0 0 0 0 0 0 7 0 0 0 0 0 0 0 0 0 0 0 0 0 7 -1.497 7 -3.482 6 -0.151 0 -0.060 0 -11.808 0 -2.976 0 -1.927 7 -1.237 0
102,SIPP_2^4,"207,163,0","197,125,0",1,450.418387,672,1.0684,33.50628,6.56698,13.13396,0 0 0 0 0 0 0 0 0 0 0 0 15 15 15 15 0 0 0 0 15 0 0 0 -6.667 15 13 -4.925 12 -0.151 0 -0.060 0 -11.808 0 -2.976 0 -1.927 14 -1.237 0
102,SIPP_2^5,"207,163,0","197,125,0",1,450.418387,687,2.76002,31.72995,6.28319,12.56637,0 0 0 0 0 0 0 0 0 0 0 0 0 0 0 31 31 0 31 31 31 -1.055 24 -1.624 26 -4.963 24 -0.151 0 -0.060 0 -11.808 0 -2.976 0 -1.927 28 -1.237 0
102,SIPP_BigCS,"207,163,4","197,125,3",1,451.403598,4843,33.28832,8.0303,1.3831,0.1423,102 102 102 102 102 102 102 102 102 154 306 6 6 -2.064 42 -4.340 196
102,SIPP_Standard,"207,163,4","197,125,3",1,454.069589,787,1.89462,27.10972,5.2811,0.9208,98 108 46 -12.418 10 -19.652 42
103,SIPP_2^2,"54,104,0","30,75,0",1,530.0,482,0.15931,183.84776,40.8407,81.68141,0 3 3 3 0 3 0 0 0 0 0 0 0 0 0 0 3 3 3 3 0 0 3 0 0 0 0 3 3 0 3 3 0 3 0 0 3 0 3 0 3 3 3 0 3 3 0 3 0 0 3 3 0
103,SIPP_2^3,"54,104,0","30,75,0",1,406.9848559999999,164,0.09697,47.12395,9.42478,18.84956,7 6 7 7 0 0 0 0 7 7 7 7 7 7 7 7 7 0 0 7 0 7 0 7 7 7 7 7 7 6 6 7
103,SIPP_2^4,"54,104,0","30,75,0",1,400.02917599999995,178,0.2649,14.47561,2.8578,5.7156,13 14 14 14 15 15 15 15 15 14 14 15 15 15 15 15 14 -2.706 14 12 12 12 13
103,SIPP_2^5,"54,104,0","30,75,0",1,398.468783,175,0.62781,12.8121,2.53186,5.06373,26 28 28 30 30 30 30 29 30 29 29 30 31 -0.188 25 -0.437 25 24
103,SIPP_BigCS,"54,104,11","30,75,9",1,399.0,622,3.3558,12.2687,2.2179,0.4901,75 102 182 202 202 202 202 202 202 202 202 202 234
103,SIPP_Standard,"54,104,11","30,75,9",1,418.0,25,0.06784,17.16108,3.3415,0.5264,77 90 10 30 34
104,SIPP_2^2,"249,103,0","225,82,0",1,453.029362,502,0.21104,14.14214,3.14159,6.28319,3 0 0 0 0 0 0 0 0 0 0 0 0 0 0 0 0 0 0 0 0 0 3 3 -3.029 3 3 3 3 3 3 3 3 3 3 3 3 3 3 3 3 3 3 3 3 3
104,SIPP_2^3,"249,103,0","225,82,0",1,449.410502,567,0.34898,11.77758,2.35619,4.71239,-0.569 0 0 -2.273 0 0 0 0 0 0 0 0 0 0 0 0 0 0 0 0 0 7 7 7 6 6 6 6 6 6 6 6 6 6 6 6 6 6 6 6 6 6 6 6 5
104,SIPP_2^4,"249,103,0","225,82,0",1,443.978613,567,0.93001,14.95829,2.96174,5.92348,-0.569 0 0 -1.683 15 -0.503 0 0 0 0 0 0 0 0 0 0 0 0 0 0 0 15 14 12 12 12 12 12 12 12 12 12 12 12 12 12 12 12 12 12 12 12 11
104,SIPP_2^5,"249,103,0","225,82,0",1,441.852425,565,2.48014,12.79953,2.53605,5.0721,-0.569 0 0 -2.273 0 0 0 0 0 0 0 0 0 0 0 0 31 0 31 28 24 24 24 24 24 24 24 24 24 24 24 24 24 24 24 24 24 24 23
104,SIPP_BigCS,"249,103,15","225,82,4",1,445.811796,4715,31.21243,10.86293,2.1201,0.4903,-2.812 2 6 6 6 6 14 330 7 7 7 7 7 7 3 31
104,SIPP_Standard,"249,103,15","225,82,4",1,495.811796,945,1.71127,12.97629,2.497,0.291,-2.812 2 2 10 38 7 67
105,SIPP_2^2,"102,125,0","133,148,0",1,590.0127749999999,927,0.44216,70.71068,15.70796,31.41593,2 2 2 2 2 2 2 1 1 1 1 1 2 2 2 2 1 1 1 1 1 1 1 1 1 1 1 1 1 1 1 1 1 0 1 1 0 1 1 1 -0.076 1 -9.937 1 1 2 2 2 2 2 1 2 2 2 2 2 2 2 2 2
105,SIPP_2^3,"102,125,0","133,148,0",1,556.50497,1117,0.775,63.38705,12.56637,25.13274,4 4 4 4 4 4 3 3 3 2 2 2 3 2 2 2 2 2 2 2 2 2 2 2 2 2 2 2 2 2 3 2 3 3 3 2 3 3 3 2 3 3 4 5 5 6 5 -10.231 6
105,SIPP_2^4,"102,125,0","133,148,0",1,540.323778,1062,2.04593,30.6361,6.10333,12.20666,8 8 8 8 8 8 6 5 5 4 4 4 4 4 4 4 4 4 4 5 4 5 5 4 5 5 5 5 5 5 6 6 -4.848 11 11 11
105,SIPP_2^5,"102,125,0","133,148,0",1,539.660396,1079,4.95742,35.18407,6.92669,13.85337,16 16 16 16 16 16 12 9 8 9 9 9 8 8 9 9 8 9 10 10 10 10 10 -3.337 12 16 24 22 22 -0.155 24
105,SIPP_BigCS,"102,125,11","133,148,6",1,556.4058419999999,9850,78.18332,29.14986,5.7234,1.3315,4 4 4 4 4 68 207 311 5 5 5 5 57 367 85 335 -12.406 36
105,SIPP_Standard,"102,125,11","133,148,6",1,580.5791919999999,1908,5.03065,29.04472,5.6129,0.8728,35 80 9 45 21 -3.579 44 0
106,SIPP_2^2,"99,23,0","132,5,0",0,-1,0,0.0,0.0,0.0,0.0,
106,SIPP_2^3,"99,23,0","132,5,0",0,-1,0,0.0,0.0,0.0,0.0,
106,SIPP_2^4,"99,23,0","132,5,0",0,-1,0,0.0,0.0,0.0,0.0,
106,SIPP_2^5,"99,23,0","132,5,0",0,-1,0,0.0,0.0,0.0,0.0,
106,SIPP_BigCS,"99,23,0","132,5,0",0,-1,0,0.0,0.0,0.0,0.0,
106,SIPP_Standard,"99,23,2","132,5,4",0,-1,0,6e-05,0.0,0.0,0.0,
107,SIPP_2^2,"233,114,0","197,104,0",1,460.0,174,0.05249,77.78175,17.27876,34.55752,0 3 3 3 0 3 3 3 3 0 3 3 3 3 3 0 3 3 0 0 3 3 3 0 0 0 0 3 3 3 3 3 3 3 3 3 3 3 3 3 3 3 3 3 3 3
107,SIPP_2^3,"233,114,0","197,104,0",1,401.42135999999994,185,0.10374,12.11439,2.35619,4.71239,7 7 7 7 7 7 7 7 6 6 6 6 6 6 6 6 6 6 6 7 7 6 6 6 6 6 6 6 6 6 6 6 6 6 6 6
107,SIPP_2^4,"233,114,0","197,104,0",1,385.388256,130,0.18088,10.9375,2.17634,4.35268,14 13 13 13 13 13 13 12 12 12 12 12 12 12 12 12 12 12 12 12 12 12 13 13 12 12 13
107,SIPP_2^5,"233,114,0","197,104,0",1,378.7471289999999,88,0.27803,15.19913,3.03765,6.0753,28 25 25 25 25 25 24 24 25 24 24 24 24 25 24 25 24 25
107,SIPP_BigCS,"233,114,5","197,104,9",1,383.0,237,1.37045,14.61909,2.8031,0.4679,102 162 87 205 309 7 7 7 43 309
107,SIPP_Standard,"233,114,5","197,104,9",1,405.0,48,0.12208,5.72112,1.1057,0.1081,66 38 3 3 3
108,SIPP_2^2,"195,106,0","237,105,0",1,430.0,43,0.01332,14.14214,3.14159,6.28319,1 1 1 1 1 1 1 1 1 1 1 1 1 1 1 1 1 1 1 1 1 1 1 1 1 1 1 1 1 1 1 1 1 1 1 1 1 1 1 1 1 0 1
108,SIPP_2^3,"195,106,0","237,105,0",1,424.142136,42,0.02425,3.82683,0.7854,1.5708,2 2 2 2 2 2 2 2 2 2 2 2 2 2 2 2 2 2 2 2 2 2 2 2 2 2 2 2 2 2 2 2 2 2 2 2 2 2 2 2 2 1
108,SIPP_2^4,"195,106,0","237,105,0",1,422.36068,41,0.06302,2.29753,0.46365,0.9273,4 4 4 4 4 4 4 4 4 4 4 4 4 4 4 4 4 4 4 4 4 4 4 4 4 4 4 4 4 4 4 4 4 4 4 4 4 4 4 4 3
108,SIPP_2^5,"195,106,0","237,105,0",1,421.622777,40,0.15626,1.60182,0.32175,0.6435,8 8 8 8 8 8 8 8 8 8 8 8 8 8 8 8 8 8 8 8 8 8 8 8 8 8 8 8 8 8 8 8 8 8 8 8 8 8 8 7
108,SIPP_BigCS,"195,106,1","237,105,7",1,422.0,40,0.38679,2.74653,0.5456,0.0552,5 5 5 5 1 1 5 5 5 5 5 5 1 13
108,SIPP_Standard,"195,106,1","237,105,7",1,482.0,910,2.10322,15.87833,3.0331,0.3695,53 89 1 5 105 52
109,SIPP_2^2,"58,232,0","98,236,0",1,500.485679,301,0.09429,42.42641,9.42478,18.84956,2 2 2 2 2 2 1 2 1 1 1 1 1 1 1 1 1 1 1 1 1 -0.486 1 1 1 1 1 1 1 1 1 1 1 1 1 1 0 0 1 1 1 1 1 1 1 1 1 1 1 1 0
109,SIPP_2^3,"58,232,0","98,236,0",1,482.912087,313,0.17671,27.40917,5.49779,10.99557,4 4 4 4 4 4 3 -2.934 2 2 2 2 2 2 2 2 2 2 2 2 -0.568 2 -2.841 2 2 2 2 2 2 2 2 2 2 1 2 2 2 2 2 2 1 2 2 2 2 2 2 2 1
109,SIPP_2^4,"58,232,0","98,236,0",1,476.585957,294,0.43115,24.26289,4.81633,9.63266,8 8 8 8 8 -0.640 7 6 4 4 4 4 4 4 4 4 4 4 4 4 4 4 4 3 4 4 4 3 4 4 4 4 3 4 4 4 4 4 4 4 4 3
109,SIPP_2^5,"58,232,0","98,236,0",1,473.63434499999994,291,1.03647,15.95845,3.17955,6.3591,16 16 16 16 16 -0.640 14 12 8 8 8 8 8 8 8 8 8 8 8 8 8 8 8 8 8 8 8 8 8 7 8 7 7 8 8 8 8 7
109,SIPP_BigCS,"58,232,1","98,236,2",1,476.189925,926,5.04533,19.37627,3.8089,0.8179,167 -0.215 232 5 5 5 5 5 -2.975 29 361 5 5 5 5 5 5 5 5 5 5 29
109,SIPP_Standard,"58,232,1","98,236,2",1,534.4213689999999,197,0.3858,5.84969,1.1425,0.1162,-125.421 95 1 1 1 17
110,SIPP_2^2,"60,154,0","42,123,0",0,-1,0,0.0,0.0,0.0,0.0,
110,SIPP_2^3,"60,154,0","42,123,0",0,-1,0,0.0,0.0,0.0,0.0,
110,SIPP_2^4,"60,154,0","42,123,0",0,-1,0,0.0,0.0,0.0,0.0,
110,SIPP_2^5,"60,154,0","42,123,0",0,-1,0,0.0,0.0,0.0,0.0,
110,SIPP_BigCS,"60,154,0","42,123,0",0,-1,0,0.0,0.0,0.0,0.0,
110,SIPP_Standard,"60,154,14","42,123,9",0,-1,82298,180.00028,0.0,0.0,0.0,
111,SIPP_2^2,"31,235,0","3,199,0",1,640.0,1098,0.29441,141.42136,31.41593,62.83185,0 0 0 0 3 0 0 0 0 0 0 3 0 3 3 0 3 0 0 3 3 0 3 0 0 0 0 0 0 0 0 0 0 0 0 3 3 3 3 3 3 3 3 3 3 3 3 3 3 3 3 0 3 0 0 0 3 0 0 0 0 3 3 0
111,SIPP_2^3,"31,235,0","3,199,0",1,475.9798079999998,297,0.1619,23.67469,4.71239,9.42478,7 7 7 7 7 7 7 7 7 7 7 7 7 7 7 7 7 7 0 0 7 7 7 7 7 7 7 7 0 0 0 0 7 0 0 7
111,SIPP_2^4,"31,235,0","3,199,0",1,461.7281599999999,204,0.29278,9.68805,1.9305,3.86101,14 14 14 14 14 14 14 14 14 14 14 14 14 14 14 15 15 15 14 15 15 15 15 14 15 14 14 14
111,SIPP_2^5,"31,235,0","3,199,0",1,458.14973599999996,132,0.48805,6.91446,1.38177,2.76354,29 29 29 29 29 28 28 29 28 28 28 28 28 28 29 28 29 28 28 28
111,SIPP_BigCS,"31,235,2","3,199,4",1,456.0,41,0.33092,10.53503,1.969,0.1322,102 102 154 250 154 218 154 218
111,SIPP_Standard,"31,235,2","3,199,4",1,474.0,248,0.47182,12.9365,2.4533,0.2174,10 50 69 54 66 54
112,SIPP_2^2,"98,186,0","57,176,0",0,-1,0,0.0,0.0,0.0,0.0,
112,SIPP_2^3,"98,186,0","57,176,0",0,-1,0,0.0,0.0,0.0,0.0,
112,SIPP_2^4,"98,186,0","57,176,0",0,-1,0,0.0,0.0,0.0,0.0,
112,SIPP_2^5,"98,186,0","57,176,0",0,-1,0,0.0,0.0,0.0,0.0,
112,SIPP_BigCS,"98,186,0","57,176,0",0,-1,0,0.0,0.0,0.0,0.0,
112,SIPP_Standard,"98,186,13","57,176,10",0,-1,1,0.01517,0.0,0.0,0.0,
113,SIPP_2^2,"139,132,0","129,89,0",1,530.0,637,0.21521,84.85281,18.84956,37.69911,0 0 0 0 0 0 0 0 0 0 0 0 3 3 0 0 0 0 0 0 0 0 0 0 0 0 0 3 0 3 3 3 3 0 0 3 0 0 0 0 0 3 0 0 0 0 0 0 0 0 0 3 0
113,SIPP_2^3,"139,132,0","129,89,0",1,471.42135999999994,426,0.27905,51.98971,10.21018,20.42035,0 0 0 0 7 7 0 0 0 0 0 0 0 7 0 0 0 0 0 0 0 7 7 0 0 0 0 0 0 0 0 0 0 7 0 7 7 0 0 7 0 0 7
113,SIPP_2^4,"139,132,0","129,89,0",1,453.6068,284,0.51721,16.29556,3.24553,6.49107,0 0 0 0 0 0 0 0 0 0 0 0 0 0 0 0 0 0 15 15 15 15 15 0 15 15 15 0 0 15 0 0 15
113,SIPP_2^5,"139,132,0","129,89,0",1,446.22776999999985,173,0.83878,11.30108,2.25225,4.50451,0 0 0 0 0 0 0 0 0 0 31 31 31 0 31 31 31 31 31 0 31 0 31
113,SIPP_BigCS,"139,132,12","129,89,0",1,450.0,840,7.40955,8.10638,1.4752,0.1625,202 202 202 202 306 2 2 82 306
113,SIPP_Standard,"139,132,12","129,89,0",1,479.0,765,2.14204,7.4045,1.4273,0.1914,50 85 2 2 2 2
114,SIPP_2^2,"78,114,0","104,150,0",0,-1,0,0.0,0.0,0.0,0.0,
114,SIPP_2^3,"78,114,0","104,150,0",0,-1,0,0.0,0.0,0.0,0.0,
114,SIPP_2^4,"78,114,0","104,150,0",0,-1,0,0.0,0.0,0.0,0.0,
114,SIPP_2^5,"78,114,0","104,150,0",0,-1,0,0.0,0.0,0.0,0.0,
114,SIPP_BigCS,"78,114,0","104,150,0",0,-1,0,0.0,0.0,0.0,0.0,
114,SIPP_Standard,"78,114,3","104,150,11",0,-1,0,3e-05,0.0,0.0,0.0,
115,SIPP_2^2,"191,136,0","154,154,0",1,550.0,936,0.27507,113.13708,25.13274,50.26548,3 3 3 3 3 3 3 3 3 3 3 3 3 3 3 3 3 3 3 3 3 3 3 3 3 3 3 2 3 3 2 2 3 3 2 3 2 2 2 3 2 2 2 2 2 3 2 2 2 2 3 2 3 2 3
115,SIPP_2^3,"191,136,0","154,154,0",1,444.5584479999999,440,0.25756,31.22462,6.28319,12.56637,5 5 5 5 5 5 5 5 5 5 5 5 5 5 6 6 6 6 6 6 5 6 6 6 6 6 6 6 6 6 6 5 6 5 6 6 5
115,SIPP_2^4,"191,136,0","154,154,0",1,412.49224,49,0.07539,4.6175,0.9273,1.85459,11 11 11 11 11 11 11 11 11 11 11 11 11 11 11 11 11 12 11
115,SIPP_2^5,"191,136,0","154,154,0",1,411.75433699999996,35,0.13736,0.70922,0.1419,0.28379,22 22 22 22 22 22 22 22 22 22 22 22 22 22 22 22 22 23
115,SIPP_BigCS,"191,136,12","154,154,1",1,411.0,50,0.53461,6.07086,0.8277,0.0816,183 195 203 203 203 203 203 203 203 203 307 7
115,SIPP_Standard,"191,136,12","154,154,1",1,418.0,50,0.1834,7.57611,1.1886,0.0899,7 59 59 67 55
116,SIPP_2^2,"106,214,0","70,235,0",1,590.0,918,0.26829,155.56349,37.69911,75.39822,0 2 3 3 2 2 3 2 2 2 3 3 2 2 3 2 3 3 3 3 3 3 2 2 3 3 2 2 3 3 3 3 3 3 3 3 3 3 3 3 2 3 2 2 3 2 2 2 2 3 3 3 3 2 3 3 3 3 2
116,SIPP_2^3,"106,214,0","70,235,0",1,475.0397639999999,443,0.24986,64.79684,13.35177,26.70354,0 5 -2.197 5 6 6 5 6 6 6 5 5 5 5 5 5 6 5 5 6 5 6 6 6 5 6 6 6 6 6 6 5 5 5 5 5 5 4 4 5
116,SIPP_2^4,"106,214,0","70,235,0",1,465.590958,422,0.64181,28.08134,6.10333,12.20666,0 10 -3.678 11 12 12 12 12 12 12 11 11 11 11 11 11 11 11 11 12 11 11 9 9 8 9 9
116,SIPP_2^5,"106,214,0","70,235,0",1,460.2939419999999,387,1.51536,19.04878,4.31473,8.62945,0 20 -2.197 20 23 23 23 23 23 23 23 22 23 22 22 20 17 18 17
116,SIPP_BigCS,"106,214,15","70,235,13",1,487.416117,218,1.8025,17.23786,3.1864,0.7569,198 -40.416 334 7 7 7 7 83 203 203 307 67 155
116,SIPP_Standard,"106,214,15","70,235,13",1,572.03376,146,0.37315,21.44127,3.8503,0.6365,62 -61.034 86 23 34 75 62
117,SIPP_2^2,"190,152,0","170,113,0",1,590.0,1145,0.35843,141.42136,31.41593,62.83185,3 0 3 0 0 3 3 3 3 3 3 3 0 0 0 0 0 0 0 0 0 0 0 3 3 3 0 0 0 3 0 0 0 0 3 0 0 0 0 0 0 0 0 0 0 0 3 0 3 3 0 3 0 0 3 0 0 0 3
117,SIPP_2^3,"190,152,0","170,113,0",1,472.8427199999999,461,0.28176,47.1789,9.42478,18.84956,7 7 7 7 7 7 7 7 7 7 7 7 0 0 0 0 7 0 7 0 7 7 0 0 0 0 0 0 0 0 0 7 0 0 7 7 0 0 7
117,SIPP_2^4,"190,152,0","170,113,0",1,444.062589,149,0.24892,11.10557,2.2143,4.4286,15 15 15 15 15 15 15 15 14 15 15 15 15 14 -2.460 15 -0.826 15 15 0 15 15 15
117,SIPP_2^5,"190,152,0","170,113,0",1,440.93275299999993,111,0.46734,3.28483,0.65686,1.31372,29 29 30 29 29 29 30 30 30 30 31 31 31 31 30
117,SIPP_BigCS,"190,152,2","170,113,4",1,442.0,321,2.44012,9.22236,1.6121,0.1359,202 202 202 218 102 182 202 202 202 306 82
117,SIPP_Standard,"190,152,2","170,113,4",1,484.0,692,1.69755,12.96618,2.533,0.2994,50 69 46 2 2 14
118,SIPP_2^2,"209,214,0","200,171,0",1,520.0,180,0.04949,42.42641,9.42478,18.84956,0 0 0 0 0 0 0 0 0 3 3 0 0 3 3 3 3 3 3 0 3 0 0 0 0 0 0 0 0 0 0 0 0 0 0 0 0 0 0 0 0 0 0 0 0 0 0 0 0 0 0 0
118,SIPP_2^3,"209,214,0","200,171,0",1,467.279224,140,0.07278,15.88264,3.14159,6.28319,0 7 7 7 7 0 0 0 7 7 7 7 7 0 0 0 0 0 0 0 0 0 0 0 0 0 0 0 0 0 0 0 0 0 0 0 0 0 0 0 0 0 0
118,SIPP_2^4,"209,214,0","200,171,0",1,460.15340000000003,136,0.18071,7.15183,1.4289,2.8578,14 14 15 15 14 14 14 15 15 0 0 0 0 0 0 0 0 0 0 0 0 0 0 0 0 0 0 0 0 0 0 0 0 0 0 0 0 0 0
118,SIPP_2^5,"209,214,0","200,171,0",1,458.073588,131,0.41818,4.91129,0.98279,1.96559,29 29 28 28 29 31 0 0 0 0 0 0 0 0 0 0 0 0 0 0 0 0 0 0 0 0 0 0 0 0 0 0 0 0 0
118,SIPP_BigCS,"209,214,7","200,171,11",1,457.0,399,1.26262,6.00386,1.1163,0.1197,202 202 250 158 2 2 2 6 6 6
118,SIPP_Standard,"209,214,7","200,171,11",1,487.0,84,0.13036,20.65875,4.0046,0.49,54 66 46 6 106 37
119,SIPP_2^2,"115,112,0","96,72,0",1,590.0,1054,0.36704,141.42136,31.41593,62.83185,3 3 3 3 0 0 3 3 3 0 0 0 0 0 0 0 0 0 3 3 0 0 0 3 3 0 3 0 3 0 3 0 0 0 3 0 0 0 0 0 0 0 0 0 0 0 0 0 0 0 0 3 0 3 3 0 0 0 3
119,SIPP_2^3,"115,112,0","96,72,0",1,478.7005839999999,510,0.35598,47.30973,9.42478,18.84956,7 7 7 7 7 7 7 7 7 7 7 0 0 0 0 0 7 0 0 0 0 7 7 0 7 7 0 0 0 0 0 0 0 0 7 0 7 0 0 7
119,SIPP_2^4,"115,112,0","96,72,0",1,444.85292,82,0.15919,4.664,0.9273,1.85459,15 15 15 15 15 15 15 15 15 15 15 15 15 15 15 15 15 15 0 0 15
119,SIPP_2^5,"115,112,0","96,72,0",1,443.37711399999995,60,0.29163,0.70922,0.1419,0.28379,30 30 30 30 30 30 30 30 30 30 30 30 30 30 30 30 30 31 31
119,SIPP_BigCS,"115,112,13","96,72,9",1,441.0,10,0.19967,5.12552,0.5061,0.0613,194 194 194 202 202 202 202 202 306
119,SIPP_Standard,"115,112,13","96,72,9",1,443.0,5,0.0561,5.53571,0.5969,0.061,58 58 58 58 90
120,SIPP_2^2,"50,217,0","12,233,0",1,661.915856,1300,0.36381,77.78175,20.42035,40.8407,3 2 3 3 2 3 3 3 3 3 3 2 2 2 3 3 3 3 3 3 3 2 2 3 3 3 3 3 3 3 3 3 3 3 3 3 3 3 3 3 3 3 3 3 3 0 3 -70.713 1 -11.119 2 -0.084 2 2 2 2 2 2 2 2 2
120,SIPP_2^3,"50,217,0","12,233,0",1,446.2741759999999,388,0.22051,55.14696,10.99557,21.99115,5 5 5 5 5 5 6 6 5 5 5 5 6 6 6 6 6 6 6 6 6 6 5 6 6 5 6 6 5 6 6 5 6 6 6 5 6 5
120,SIPP_2^4,"50,217,0","12,233,0",1,417.77088,149,0.22342,18.66034,3.70918,7.41836,11 11 11 11 11 11 11 11 11 11 12 11 11 12 12 11 11 12 11 12 12 11
120,SIPP_2^5,"50,217,0","12,233,0",1,413.34346199999993,82,0.30343,2.12934,0.42569,0.85138,22 22 22 22 22 22 22 23 22 22 22 23 23 23 23 23
120,SIPP_BigCS,"50,217,13","12,233,2",1,413.0,60,0.44671,6.8484,0.9691,0.1012,203 203 203 203 203 203 203 203 307 7 83 195
120,SIPP_Standard,"50,217,13","12,233,2",1,419.0,51,0.13937,9.0012,1.4641,0.1365,55 91 7 59 59
121,SIPP_2^2,"230,148,0","188,133,0",1,575.2847429999999,597,0.17105,98.99495,21.99115,43.9823,-2.066 0 -3.219 0 0 0 0 3 3 3 3 3 3 3 0 3 3 3 3 0 0 3 3 3 3 3 3 3 3 0 0 3 3 3 3 3 3 0 3 3 0 0 3 3 3 3 3 3 3 3 3 3 3 3 0 3 3 3 0
121,SIPP_2^3,"230,148,0","188,133,0",1,510.8482389999999,260,0.13747,67.79024,13.35177,26.70354,-2.066 0 -3.219 0 0 0 7 6 6 6 6 6 6 7 6 7 6 6 6 6 7 7 6 6 6 6 7 7 6 6 7 6 7 6 6 6 6 6 6 6 7 6 6 6 6 6 6 7
121,SIPP_2^4,"230,148,0","188,133,0",1,493.033679,165,0.23518,23.98708,4.81633,9.63266,-2.066 0 -3.219 0 0 0 14 12 12 12 12 12 13 13 13 13 13 12 12 12 12 12 12 13 13 13 12 12 12 12 12 12 12 12 13 12 12 13
121,SIPP_2^5,"230,148,0","188,133,0",1,486.39255199999985,110,0.4007,17.16834,3.46334,6.92669,-2.066 0 -3.219 0 0 0 28 24 24 24 24 24 26 25 25 25 25 25 25 25 24 24 24 24 24 25 24 24 25
121,SIPP_BigCS,"230,148,1","188,133,8",1,492.965994,331,2.7845,22.94582,4.4426,1.0115,-5.966 348 162 87 205 205 309 7 87 365 7 59
121,SIPP_Standard,"230,148,1","188,133,8",1,588.630846,248,0.73428,29.75716,5.7471,0.8604,-11.631 33 82 23 50 93 11 47
122,SIPP_2^2,"191,65,0","190,14,0",0,-1,0,0.0,0.0,0.0,0.0,
122,SIPP_2^3,"191,65,0","190,14,0",0,-1,0,0.0,0.0,0.0,0.0,
122,SIPP_2^4,"191,65,0","190,14,0",0,-1,0,0.0,0.0,0.0,0.0,
122,SIPP_2^5,"191,65,0","190,14,0",0,-1,0,0.0,0.0,0.0,0.0,
122,SIPP_BigCS,"191,65,0","190,14,0",0,-1,0,0.0,0.0,0.0,0.0,
122,SIPP_Standard,"191,65,14","190,14,15",0,-1,0,1e-05,0.0,0.0,0.0,
123,SIPP_2^2,"35,232,0","33,186,0",0,-1,0,0.0,0.0,0.0,0.0,
123,SIPP_2^3,"35,232,0","33,186,0",0,-1,0,0.0,0.0,0.0,0.0,
123,SIPP_2^4,"35,232,0","33,186,0",0,-1,0,0.0,0.0,0.0,0.0,
123,SIPP_2^5,"35,232,0","33,186,0",0,-1,0,0.0,0.0,0.0,0.0,
123,SIPP_BigCS,"35,232,0","33,186,0",0,-1,0,0.0,0.0,0.0,0.0,
123,SIPP_Standard,"35,232,8","33,186,9",0,-1,0,3e-05,0.0,0.0,0.0,
124,SIPP_2^2,"2,62,0","9,13,0",1,601.849359,510,0.20108,70.71068,15.70796,31.41593,0 0 0 0 0 0 0 0 0 0 0 0 0 0 0 0 0 0 0 0 0 0 0 0 0 0 0 0 0 3 -21.849 0 0 0 0 0 0 0 0 0 0 0 0 0 1 0 0 0 0 1 0 1 1 1 0 1 1 1 0
124,SIPP_2^3,"2,62,0","9,13,0",1,578.417903,685,0.39991,35.6913,7.06858,14.13717,0 0 0 0 0 0 0 0 0 0 0 0 0 0 0 0 0 0 0 0 0 0 0 0 0 0 0 7 0 -27.707 0 0 0 0 0 0 0 0 0 0 0 0 0 0 0 1 1 0 2 2 1 2 2 1
124,SIPP_2^4,"2,62,0","9,13,0",1,571.913016,749,1.16957,21.93929,4.35268,8.70536,1 1 1 1 1 1 1 1 1 1 1 1 0 0 0 0 0 1 0 0 0 0 0 0 0 0 0 0 0 1 0 15 14 12 12 12 13
124,SIPP_2^5,"2,62,0","9,13,0",1,566.315442,735,2.90016,18.73773,3.70918,7.41836,1 2 2 2 1 1 2 1 1 1 1 1 2 0 0 0 0 0 0 0 0 1 0 28 28 24 24 25
124,SIPP_BigCS,"2,62,12","9,13,5",1,568.0,5457,37.3182,16.66779,3.0397,0.6613,204 204 204 204 204 308 6 6 86 204 204 204 308 6 6 6 6 6 6 6 66 102 162 7 7
124,SIPP_Standard,"2,62,12","9,13,5",1,586.0,1157,2.67423,21.21962,3.9911,0.4914,92 22 49 60 92 10 38
125,SIPP_2^2,"131,34,0","91,7,0",1,818.962632,1677,0.59347,148.49242,32.98672,65.97345,3 -12.644 3 -2.841 3 3 0 0 0 0 0 0 0 3 0 0 3 3 3 0 3 3 3 -115.537 3 -10.352 3 -7.587 0 3 3 0 3 3 3 3 3 3 3 3 3 3 3 3 3 3 3 0 3 3 0 0 0 0 0 3 0 3 0 0 3 3 3 3 3 0 0 0 0 0 3 0
125,SIPP_2^3,"131,34,0","91,7,0",1,720.6885180000003,1161,0.70037,60.00309,11.78097,23.56195,6 5 6 7 7 -2.560 7 7 7 7 7 7 7 0 -167.042 0 -10.352 6 -8.897 7 7 7 7 7 7 7 7 6 6 6 6 6 7 6 7 7 7 7 7 7 6 7 6 6 6 7
125,SIPP_2^4,"131,34,0","91,7,0",1,702.8739579999999,1018,1.57721,28.74131,5.7156,11.43119,11 12 13 -0.172 14 15 15 15 15 14 -168.402 12 -10.352 12 -8.897 14 14 13 14 14 13 14 14 13 13 13 13 14 13 13 13 13
125,SIPP_2^5,"131,34,0","91,7,0",1,700.02293,989,3.83055,14.20996,2.84026,5.68051,23 26 -0.046 29 29 29 -195.101 27 28 28 26 26 27 26 26 26 27 27 26 27
125,SIPP_BigCS,"131,34,12","91,7,2",1,697.243088,7820,44.55241,15.31766,2.8743,0.651,-4.092 347 102 -2.918 102 154 -193.233 354 178 205 205 205 205 205 205 221
125,SIPP_Standard,"131,34,12","91,7,2",1,699.9873399999999,353,0.64811,12.36216,2.1404,0.2412,-15.455 23 54 -182.532 74 61 61 69
126,SIPP_2^2,"187,132,0","223,164,0",1,700.0,2116,0.63569,127.27922,28.27433,56.54867,2 2 2 1 2 1 1 2 1 1 1 1 1 2 2 1 1 1 1 2 1 1 1 2 2 2 2 2 2 2 2 2 2 2 2 2 2 2 2 2 2 2 2 1 2 1 1 1 2 1 1 1 1 1 1 1 1 1 1 1 1 1 2 2 2 1 1 1 1 0
126,SIPP_2^3,"187,132,0","223,164,0",1,492.5483519999998,215,0.13315,31.94538,6.28319,12.56637,3 3 3 3 3 3 3 3 3 3 3 3 3 3 3 3 3 3 2 3 3 3 2 3 3 3 3 3 2 3 3 3 3 3 2 3
126,SIPP_2^4,"187,132,0","223,164,0",1,485.42252799999983,171,0.28719,9.67591,1.9305,3.86101,6 6 6 6 6 6 6 6 6 6 6 6 6 6 6 6 5 5 6 6 6 6 5 6 6 6 6 6 5 6 6 6
126,SIPP_2^5,"187,132,0","223,164,0",1,483.63331599999987,140,0.61457,1.97384,0.39479,0.78958,12 11 11 11 11 12 12 12 12 12 12 12 12 12 12 12 12 12 12 12 12 12 12 12 12 12 12 12
126,SIPP_BigCS,"187,132,13","223,164,4",1,480.0,30,0.33547,5.29273,0.9842,0.066,100 100 100 100 100 100 100 100 100 100 100 100 100 100 100 100 100 100 100 124 223 124
126,SIPP_Standard,"187,132,13","223,164,4",1,486.0,57,0.18784,6.83242,1.286,0.0694,71 28 28 48 71 52
127,SIPP_2^2,"131,123,0","173,146,0",1,650.0,1299,0.42139,155.56349,34.55752,69.11504,1 1 1 1 1 1 1 1 2 1 1 2 2 1 1 1 1 2 1 2 1 1 1 2 1 1 1 1 1 2 1 1 1 1 1 1 1 1 1 1 1 1 1 1 2 2 2 2 2 2 2 2 2 2 1 2 2 2 1 2 1 2 1 2 1
127,SIPP_2^3,"131,123,0","173,146,0",1,515.2691279999999,569,0.34872,32.33062,6.28319,12.56637,3 3 3 3 3 3 3 3 3 3 3 3 3 3 3 3 3 3 2 3 3 2 2 2 2 2 2 2 2 2 2 2 2 2 3 2 3 2 2 2 2 3
127,SIPP_2^4,"131,123,0","173,146,0",1,481.42146399999996,115,0.17743,8.06793,1.60875,3.21751,5 5 5 5 5 5 5 5 5 5 5 5 5 5 5 5 5 6 6 5 6 5 6
127,SIPP_2^5,"131,123,0","173,146,0",1,479.63225200000005,87,0.35253,1.86648,0.37307,0.74613,10 10 10 10 10 10 10 10 10 10 10 10 10 10 11 11 11 10 11
127,SIPP_BigCS,"131,123,1","173,146,5",1,475.0,18,0.24566,3.96691,0.3214,0.0144,199 207 207 207 207 207 207 207 207 207 207 207 207 207 223 100
127,SIPP_Standard,"131,123,1","173,146,5",1,487.0,100,0.30102,10.36705,1.8316,0.1246,17 71 48 63 71 48
128,SIPP_2^2,"255,193,0","238,214,0",0,-1,0,0.0,0.0,0.0,0.0,
128,SIPP_2^3,"255,193,0","238,214,0",0,-1,0,0.0,0.0,0.0,0.0,
128,SIPP_2^4,"255,193,0","238,214,0",0,-1,0,0.0,0.0,0.0,0.0,
128,SIPP_2^5,"255,193,0","238,214,0",0,-1,0,0.0,0.0,0.0,0.0,
128,SIPP_BigCS,"255,193,0","238,214,0",0,-1,0,0.0,0.0,0.0,0.0,
128,SIPP_Standard,"255,193,7","238,214,9",0,-1,0,2e-05,0.0,0.0,0.0,
129,SIPP_2^2,"115,137,0","101,183,0",1,710.228419,1779,0.57729,120.20815,26.70354,53.40708,3 3 2 3 3 3 3 3 3 3 3 2 2 2 3 2 2 2 2 2 2 2 2 -10.849 2 2 2 2 2 2 2 2 2 2 2 2 2 2 2 2 2 2 2 2 3 2 2 2 3 -59.379 2 2 3 2 3 3 2 2 2 2 2 1 2 2 1 2
129,SIPP_2^3,"115,137,0","101,183,0",1,542.8427199999999,478,0.29995,47.2632,9.42478,18.84956,4 3 4 4 4 4 4 4 4 4 4 3 4 4 4 3 4 5 5 5 5 5 5 5 5 5 5 5 5 5 4 4 4 4 4 4 4 4 5 4 4 5 5 5 4 4
129,SIPP_2^4,"115,137,0","101,183,0",1,516.1208799999999,239,0.40133,16.75818,3.32145,6.64289,8 7 7 7 8 8 8 8 8 8 8 8 8 8 10 9 10 10 10 9 9 9 9 9 9 9 9 9 10 9 9
129,SIPP_2^5,"115,137,0","101,183,0",1,511.67065600000006,194,0.84191,10.3031,2.05067,4.10135,15 15 16 16 16 16 16 15 16 16 16 18 19 18 18 19 18 18 18 18 19 19 19
129,SIPP_BigCS,"115,137,2","101,183,4",1,510.0,607,4.17158,9.60949,1.6135,0.1297,200 200 360 4 4 4 84 206 206 206 206 206 206 222 179
129,SIPP_Standard,"115,137,2","101,183,4",1,528.979391,169,0.44543,14.18398,2.3538,0.3618,4 96 -11.979 62 62 62 78
130,SIPP_2^2,"71,124,0","122,122,0",1,687.705378,598,0.19076,77.78175,20.42035,40.8407,1 1 0 1 1 0 0 0 1 -13.335 1 -21.635 2 -0.106 3 -21.956 1 -3.619 1 1 1 0 -4.817 1 -12.238 1 1 1 1 1 1 1 1 1 1 1 1 1 1 1 1 1 1 1 1 1 1 1 1 1 1 1 1 1 1 1 1 1 1 1 1 1 1 1 1 2 1 2
130,SIPP_2^3,"71,124,0","122,122,0",1,644.4092939999999,785,0.48374,50.7578,10.21018,20.42035,1 1 1 1 1 1 1 1 1 1 1 -36.812 4 -8.897 3 3 2 2 2 2 3 2 2 2 2 2 2 2 2 2 2 2 2 3 3 3 2 2 2 3 2 2 2 3 2 2 2 2 2 2 2 2 2 2
130,SIPP_2^4,"71,124,0","122,122,0",1,627.6736959999998,621,0.98548,16.0611,3.17955,6.3591,2 2 2 2 2 2 2 2 2 2 2 2 2 2 2 3 2 3 4 4 4 4 6 6 6 5 6 6 5 5 5 5 5 5 5 5 5 5
130,SIPP_2^5,"71,124,0","122,122,0",1,565.7109709999999,277,1.03231,24.36321,4.87888,9.75777,5 4 4 4 5 4 4 7 7 8 8 8 12 12 9 9 8 8 8 9 9 8 9 9 8 9 8 8 8
130,SIPP_BigCS,"71,124,7","122,122,12",1,567.0,738,4.44929,20.17501,3.8434,0.6247,101 101 101 101 153 201 305 93 160 85 207 311 5 5 5 5 5 57
130,SIPP_Standard,"71,124,7","122,122,12",1,651.0,132,0.30931,13.18122,2.5332,0.3283,29 29 29 41 71 48 71 48
131,SIPP_2^2,"177,255,0","170,207,0",0,-1,0,0.0,0.0,0.0,0.0,
131,SIPP_2^3,"177,255,0","170,207,0",0,-1,0,0.0,0.0,0.0,0.0,
131,SIPP_2^4,"177,255,0","170,207,0",0,-1,0,0.0,0.0,0.0,0.0,
131,SIPP_2^5,"177,255,0","170,207,0",0,-1,0,0.0,0.0,0.0,0.0,
131,SIPP_BigCS,"177,255,0","170,207,0",0,-1,0,0.0,0.0,0.0,0.0,
131,SIPP_Standard,"177,255,15","170,207,2",0,-1,0,1e-05,0.0,0.0,0.0,
132,SIPP_2^2,"219,164,0","255,132,0",0,-1,0,0.0,0.0,0.0,0.0,
132,SIPP_2^3,"219,164,0","255,132,0",0,-1,0,0.0,0.0,0.0,0.0,
132,SIPP_2^4,"219,164,0","255,132,0",0,-1,0,0.0,0.0,0.0,0.0,
132,SIPP_2^5,"219,164,0","255,132,0",0,-1,0,0.0,0.0,0.0,0.0,
132,SIPP_BigCS,"219,164,0","255,132,0",0,-1,0,0.0,0.0,0.0,0.0,
132,SIPP_Standard,"219,164,13","255,132,0",0,-1,80248,180.00031,0.0,0.0,0.0,
133,SIPP_2^2,"134,229,0","85,237,0",1,570.0,429,0.11604,49.49747,10.99557,21.99115,3 3 3 3 3 3 3 3 3 3 3 3 3 3 3 3 3 3 3 3 3 2 3 3 3 2 2 2 2 2 3 3 3 3 3 3 3 3 3 3 3 3 3 3 3 3 3 3 3 3 3 3 3 3 2 3 2
133,SIPP_2^3,"134,229,0","85,237,0",1,523.137088,249,0.12824,27.80602,5.49779,10.99557,6 6 6 6 6 6 6 6 6 6 6 6 6 6 6 5 6 6 6 6 5 5 5 5 5 6 6 6 6 6 6 6 6 6 6 6 6 6 6 5 6 6 6 6 6 6 6 6 5
133,SIPP_2^4,"134,229,0","85,237,0",1,508.88544,179,0.23724,16.2369,3.24553,6.49107,12 12 12 12 12 12 12 12 12 11 12 12 12 12 12 12 11 11 11 11 11 12 12 12 12 12 12 12 12 12 12 12 12 12 12 12 12 11 12 12 11
133,SIPP_2^5,"134,229,0","85,237,0",1,504.4580219999999,147,0.4858,9.48934,1.89255,3.78509,24 24 24 24 24 24 24 24 24 24 24 24 23 23 23 22 22 23 24 24 24 24 24 24 24 24 24 24 24 24 24 23 24 24 23
133,SIPP_BigCS,"134,229,5","85,237,4",1,506.0,510,2.50052,11.0854,2.0314,0.2192,203 363 7 7 7 7 15 203 203 203 363 7 7 7 7 7 7 7 7 7 31
133,SIPP_Standard,"134,229,5","85,237,4",1,555.0,714,1.82176,14.24925,2.7288,0.264,50 93 3 11 55 67 55
134,SIPP_2^2,"223,179,0","176,163,0",1,630.0,905,0.25872,106.06602,23.56194,47.12389,3 3 3 3 3 3 3 3 3 3 3 3 3 3 3 3 3 3 3 3 3 3 3 3 3 3 3 3 3 3 3 3 3 0 0 3 3 3 0 0 0 3 0 0 3 0 0 3 3 3 0 3 0 0 0 0 3 3 3 0 3 3 0
134,SIPP_2^3,"223,179,0","176,163,0",1,536.2741759999999,605,0.3286,39.54563,7.85398,15.70796,6 6 6 6 6 6 6 6 6 6 6 6 6 6 6 6 6 6 6 6 6 6 6 7 7 7 7 7 6 7 6 7 7 7 7 7 6 6 7 7 7 6 6 7 7 6 6
134,SIPP_2^4,"223,179,0","176,163,0",1,507.77088,319,0.46291,14.04058,2.78189,5.56377,13 13 13 13 13 13 13 13 13 13 13 13 13 12 12 12 12 12 12 12 12 12 12 12 13 12 12 12 13 12 13
134,SIPP_2^5,"223,179,0","176,163,0",1,496.70233499999983,31,0.1154,1.42035,0.28379,0.56759,25 25 25 25 25 25 25 25 25 25 25 25 25 25 26 25
134,SIPP_BigCS,"223,179,15","176,163,13",1,502.0,639,4.18036,13.612,2.4457,0.2575,205 205 205 205 205 309 87 205 205 365 87 309
134,SIPP_Standard,"223,179,15","176,163,13",1,508.0,121,0.31031,14.14333,2.4724,0.2651,38 19 61 61 93 19
135,SIPP_2^2,"135,180,0","183,165,0",1,630.0,795,0.25727,141.42136,31.41593,62.83185,1 1 1 1 1 1 1 1 1 1 1 1 1 1 1 1 1 1 1 1 1 1 0 1 1 0 1 0 0 0 1 1 1 0 0 0 1 1 1 1 1 0 1 1 1 1 1 1 1 0 1 0 1 1 1 0 1 0 1 1 0 0 1
135,SIPP_2^3,"135,180,0","183,165,0",1,542.13204,564,0.35763,35.55385,7.06858,14.13717,1 1 1 1 1 1 1 1 1 2 2 2 1 1 2 2 2 2 2 2 2 2 2 1 2 2 2 2 2 2 2 2 2 2 2 2 2 2 2 2 2 1 2 2 1 1 2 2
135,SIPP_2^4,"135,180,0","183,165,0",1,515.4101999999999,341,0.58772,14.01369,2.78189,5.56377,3 3 3 3 3 3 3 3 3 3 3 3 4 4 4 4 4 4 4 4 4 4 4 4 4 4 3 4 4 3 4 4 3
135,SIPP_2^5,"135,180,0","183,165,0",1,504.34165499999983,95,0.3997,9.69321,1.9305,3.86101,7 7 7 7 7 7 7 8 7 7 8 7 7 7 7 7 8 7
135,SIPP_BigCS,"135,180,8","183,165,0",1,510.0,865,6.29146,13.47219,2.4104,0.25,5 81 201 201 201 201 201 201 201 305 29 361 81
135,SIPP_Standard,"135,180,8","183,165,0",1,514.0,104,0.28343,10.22395,1.7394,0.1772,57 57 89 1 5 89
136,SIPP_2^2,"144,148,0","153,97,0",1,647.5740949999999,1146,0.38355,98.99495,21.99115,43.9823,0 0 0 0 0 0 0 0 0 0 0 0 0 0 0 0 0 0 0 0 0 0 0 0 0 1 0 0 0 0 0 0 0 0 1 0 0 0 0 0 1 0 1 1 0 0 0 1 1 0 0 1 1 1 0 0 0 0 -26.122 0 -0.375 3 0 -1.077 0
136,SIPP_2^3,"144,148,0","153,97,0",1,547.2792239999999,475,0.30264,31.98653,6.28319,12.56637,0 0 0 0 0 0 0 0 0 0 0 0 1 1 1 0 0 1 1 0 0 0 0 0 0 0 0 0 0 0 0 0 0 0 0 0 0 0 1 1 1 0 0 0 0 0 1 0 0 0 0
136,SIPP_2^4,"144,148,0","153,97,0",1,531.24612,346,0.59382,16.31605,3.24553,6.49107,0 0 0 0 0 0 0 0 0 0 0 0 0 0 0 0 0 0 0 0 0 0 0 0 1 0 0 0 0 0 0 1 0 0 1 1 1 1 1 1 0 1
136,SIPP_2^5,"144,148,0","153,97,0",1,524.6049929999999,261,1.27805,11.29646,2.25225,4.50451,0 0 0 0 0 0 0 0 0 0 0 0 0 0 0 0 0 0 1 1 0 0 1 1 0 1 1 1 1 0 0 0 1
136,SIPP_BigCS,"144,148,1","153,97,5",1,528.0,1198,9.81782,15.53208,2.9991,0.3266,6 6 6 2 58 308 42 364 86 308
136,SIPP_Standard,"144,148,1","153,97,5",1,562.0,1082,2.83679,15.04424,2.8989,0.3819,37 2 2 2 6 106 53
137,SIPP_2^2,"7,14,0","62,13,0",1,802.2847429999999,1522,0.45768,106.06602,23.56194,47.12389,1 0 0 1 1 1 1 1 1 1 1 1 1 1 1 1 1 0 0 1 0 1 0 0 0 1 1 1 1 2 2 2 2 2 2 2 2 2 2 2 2 1 1 1 -2.285 1 1 1 1 1 1 1 1 1 1 1 1 1 1 1 1 1 0 0 0 1 1 1 1 1 1 1 1 1 1 0 1 1 1 1 0
137,SIPP_2^3,"7,14,0","62,13,0",1,603.8477679999999,593,0.34619,39.65592,7.85398,15.70796,2 2 2 2 2 2 2 2 2 2 2 2 2 3 3 2 2 2 2 2 2 3 3 2 2 2 2 2 2 2 2 3 3 2 1 1 1 1 1 2 2 2 2 1 1 2 2 2 2 2 2 2 2 2 2
137,SIPP_2^4,"7,14,0","62,13,0",1,580.68884,427,0.78628,20.87632,4.17283,8.34566,4 5 5 5 5 5 4 4 4 4 4 4 4 4 4 4 5 4 4 4 4 4 4 4 4 4 4 4 4 4 4 3 3 3 4 4 3 3 3 4 4 3
137,SIPP_2^5,"7,14,0","62,13,0",1,571.0961009999999,304,1.11758,4.81964,0.96525,1.9305,8 8 8 8 8 8 8 8 8 8 9 9 9 9 9 9 8 8 8 8 8 8 7 7 7 7 7 7 7
137,SIPP_BigCS,"7,14,6","62,13,2",1,575.0,1696,9.73804,19.99258,3.8481,0.5267,57 207 311 5 1 5 5 57 383 305 81 305
137,SIPP_Standard,"7,14,6","62,13,2",1,585.0,192,0.39406,23.55264,4.5655,0.6055,1 17 95 17 111 45 9
138,SIPP_2^2,"172,166,0","127,186,0",1,650.0,1076,0.53556,77.78175,17.27876,34.55752,3 3 3 3 3 3 3 3 3 3 3 3 3 3 3 3 3 3 3 3 3 3 3 3 3 3 3 3 3 3 3 3 3 3 3 3 3 3 2 2 2 2 2 2 2 3 3 2 2 3 2 2 2 2 2 2 2 3 3 2 2 3 2 3 2
138,SIPP_2^3,"172,166,0","127,186,0",1,532.84272,366,0.24122,19.64322,3.92699,7.85398,6 6 6 6 6 6 6 6 6 6 6 6 6 6 6 6 5 5 6 6 6 6 6 6 6 6 5 6 5 5 5 5 5 5 5 5 5 5 5 5 5 5 5 5 5
138,SIPP_2^4,"172,166,0","127,186,0",1,528.439849,363,0.63661,8.59618,1.71269,3.42539,12 12 12 12 12 12 12 12 12 12 12 12 12 12 12 12 11 11 12 12 12 12 12 12 11 -0.941 10 10 10 10 10 10 10 10 10 10 10 10 10 10 10 10 10
138,SIPP_2^5,"172,166,0","127,186,0",1,528.0275389999999,379,1.69567,9.14665,1.82369,3.64738,24 24 24 24 24 24 24 24 24 24 24 24 24 24 24 24 24 24 23 23 24 24 -0.605 22 21 20 20 20 20 20 20 20 20 20 20 20 19 20
138,SIPP_BigCS,"172,166,14","127,186,13",1,525.0,2172,17.07708,8.44001,1.6283,0.1881,363 7 7 7 7 3 7 31 203 355 103 103 103 103 103 103 103 103 103 103 103 103
138,SIPP_Standard,"172,166,14","127,186,13",1,559.0,637,1.42139,17.09001,3.2763,0.3412,38 3 7 67 51 78 75
139,SIPP_2^2,"103,226,0","51,219,0",1,630.041314,731,0.24261,106.06602,23.56194,47.12389,3 3 3 -8.782 3 -0.101 3 3 2 3 3 3 3 3 3 0 3 0 0 3 3 3 3 3 3 3 3 3 3 3 3 3 3 3 3 3 3 3 3 3 -1.086 3 -0.106 0 -9.937 3 -0.029 3 3 0 3 3 3 3 0 3 3 3 3 3 3 3 0 3 3 3 0
139,SIPP_2^3,"103,226,0","51,219,0",1,594.941393,640,0.36353,83.60544,16.49336,32.98672,6 6 7 6 6 5 6 5 6 6 6 6 7 7 6 6 6 6 7 7 6 6 5 6 5 6 6 7 6 6 6 6 6 6 5 -4.512 6 -0.013 6 6 7 7 7 7 7 6 6 6 6 6 6 6 6 7
139,SIPP_2^4,"103,226,0","51,219,0",1,579.095343,530,0.80498,46.5577,9.16901,18.33802,12 13 12 12 12 11 11 12 13 13 13 12 13 11 11 12 -3.027 12 12 14 14 10 -1.149 11 11 12 12 12 13 13 13 13 13 13 12 13
139,SIPP_2^5,"103,226,0","51,219,0",1,576.881634,515,1.95598,35.87719,6.88873,13.77746,24 25 23 23 26 26 25 25 23 22 -7.455 24 24 28 28 20 -1.149 22 23 24 25 26 26 26 26 26 25
139,SIPP_BigCS,"103,226,1","51,219,7",1,582.055348,2844,18.69486,39.56059,7.6687,2.3642,166 203 315 205 205 349 -0.643 175 -11.948 205 -2.089 349 -1.194 171 -1.182 87 205 205 309
139,SIPP_Standard,"103,226,1","51,219,7",1,591.00001,160,0.37157,17.52703,3.229,0.4404,74 109 47 -0.401 3 -11.596 3 -0.003 19 61
140,SIPP_2^2,"43,230,0","94,234,0",1,641.389273,870,0.26779,56.56854,12.56637,25.13274,1 1 1 1 1 1 1 1 1 1 1 1 1 1 1 1 1 1 1 1 1 1 1 2 2 2 1 1 2 1 2 1 0 -69.115 1 1 -2.274 1 1 1 1 1 1 1 1 1 1 1 1 1 1 1 1 1 1 1 1 1 1
140,SIPP_2^3,"43,230,0","94,234,0",1,534.852816,266,0.15823,19.66274,3.92699,7.85398,2 2 2 2 2 2 2 2 2 2 2 2 2 2 2 2 3 2 2 2 2 2 2 2 3 3 3 3 2 2 2 2 2 2 2 2 2 2 2 2 2 2 2 2 2 2 2 2 2 2 1
140,SIPP_2^4,"43,230,0","94,234,0",1,524.16408,232,0.3744,11.57478,2.31824,4.63648,4 5 4 4 5 5 5 5 4 4 4 4 4 4 4 4 4 4 4 4 4 4 4 4 4 4 4 4 4 4 4 4 4 4 4 4 4 4 4 4 4 4 4 4 3
140,SIPP_2^5,"43,230,0","94,234,0",1,519.7366619999999,203,0.83232,8.0451,1.60875,3.21751,8 8 8 8 8 8 8 8 8 8 9 9 8 9 9 9 8 8 8 8 8 8 8 8 8 8 8 8 8 8 8 8 8 8 8 8 8 8 7
140,SIPP_BigCS,"43,230,4","94,234,12",1,522.0,827,6.84604,10.17906,1.9552,0.224,207 311 5 5 5 5 5 5 5 5 57 367 1 1 29
140,SIPP_Standard,"43,230,4","94,234,12",1,566.0,1069,2.28256,23.94336,4.5804,0.7009,32 105 48 95 1 9 53
141,SIPP_2^2,"79,183,0","134,173,0",1,690.0,823,0.23792,148.49242,32.98672,65.97345,1 1 1 1 1 1 2 1 1 1 1 1 2 1 1 1 1 1 1 1 1 0 0 1 0 1 1 1 1 1 1 1 0 1 1 1 1 1 0 0 1 1 0 1 1 1 1 1 1 1 1 0 0 1 1 1 1 1 1 0 1 1 1 0 1 1 1 1 0
141,SIPP_2^3,"79,183,0","134,173,0",1,607.9899039999999,510,0.28179,83.36703,16.49336,32.98672,2 2 2 2 2 2 2 2 3 2 2 3 2 2 2 1 2 2 1 1 2 1 2 2 2 1 2 2 2 2 2 1 1 2 2 1 1 2 2 1 2 2 2 2 1 2 2 2 2 2 2 2 2 2 1
141,SIPP_2^4,"79,183,0","134,173,0",1,583.04952,347,0.51186,16.25913,3.24553,6.49107,4 5 5 4 4 4 4 4 4 4 4 4 3 3 3 3 3 3 3 3 3 4 4 4 4 4 4 4 4 4 4 4 4 4 4 4 3 3 4 4 3
141,SIPP_2^5,"79,183,0","134,173,0",1,572.7188779999999,183,0.67038,16.12379,3.21751,6.43501,9 9 8 8 8 8 8 8 8 8 8 7 7 7 7 7 7 7 7 8 7 8 7 8 7 8 7
141,SIPP_BigCS,"79,183,8","134,173,0",1,578.0,981,5.90604,13.91927,2.5283,0.2728,311 5 1 81 201 201 201 201 201 201 361 13 305
141,SIPP_Standard,"79,183,8","134,173,0",1,605.189419,66,0.13601,28.10789,5.4219,0.7608,17 -16.189 111 45 5 89 5 97
142,SIPP_2^2,"167,19,0","129,51,0",0,-1,0,0.0,0.0,0.0,0.0,
142,SIPP_2^3,"167,19,0","129,51,0",0,-1,0,0.0,0.0,0.0,0.0,
142,SIPP_2^4,"167,19,0","129,51,0",0,-1,0,0.0,0.0,0.0,0.0,
142,SIPP_2^5,"167,19,0","129,51,0",0,-1,0,0.0,0.0,0.0,0.0,
142,SIPP_BigCS,"167,19,0","129,51,0",0,-1,0,0.0,0.0,0.0,0.0,
142,SIPP_Standard,"167,19,8","129,51,10",0,-1,0,1e-05,0.0,0.0,0.0,
143,SIPP_2^2,"108,70,0","53,59,0",1,736.3574199999999,1578,0.76225,77.78175,17.27876,34.55752,3 3 3 3 3 3 3 3 3 3 3 3 3 3 3 3 3 3 3 3 3 3 3 3 3 3 3 3 3 3 3 2 2 3 3 -8.660 0 -6.845 3 -3.293 0 3 3 3 3 3 3 3 3 -9.314 3 -3.920 3 3 3 -4.325 3 3 3 3 3 3 0 0 3 3 0 0 0 0 0 0 0 0 3 0
143,SIPP_2^3,"108,70,0","53,59,0",1,671.794209,1492,0.97231,35.91419,7.06858,14.13717,6 7 7 7 7 7 7 6 6 6 6 6 6 6 6 6 6 6 6 6 6 6 6 6 6 6 6 6 6 7 -3.094 6 6 6 7 7 7 7 7 7 7 7 7 6 6 6 6 6 6 6 6 6 6 6 6 5 5 4 4 3
143,SIPP_2^4,"108,70,0","53,59,0",1,652.746135,1388,2.40745,43.26993,8.38361,16.76723,13 13 13 13 13 12 12 12 12 12 13 12 12 12 12 12 12 12 12 12 12 12 -2.863 13 -12.701 12 12 12 13 12 12 13 12 13 13 13 12 12 12 12 13 13 12 12 8 -9.991 8 6
143,SIPP_2^5,"108,70,0","53,59,0",1,650.374509,1393,6.25416,31.10426,6.17924,12.35849,24 25 25 25 25 24 25 24 24 24 25 24 24 24 24 -0.598 24 -6.692 26 -12.701 24 24 25 25 25 25 25 25 25 24 24 24 20 16 -0.424 10
143,SIPP_BigCS,"108,70,0","53,59,14",1,670.98163,16185,129.7255,34.88205,6.7209,1.7253,365 3 43 325 -6.926 234 -0.056 75 178 205 205 205 205 205 341 331 64
143,SIPP_Standard,"108,70,0","53,59,14",1,700.570404,8041,23.01812,24.21338,4.6601,0.614,101 91 7 91 -29.176 3 -0.556 23 -1.839 54 90
144,SIPP_2^2,"240,74,0","223,22,0",1,698.578097,751,0.38296,91.92388,20.42035,40.8407,3 3 3 3 3 3 3 3 0 3 0 3 0 0 3 3 0 3 3 3 0 3 0 0 0 0 0 0 0 0 0 0 0 0 3 0 -5.913 0 0 0 0 -1.653 0 -1.012 0 0 0 0 0 0 0 0 0 0 0 0 0 0 0 0 0 0 0 0 0 0 0 0 0 0 0 0
144,SIPP_2^3,"240,74,0","223,22,0",1,695.830359,1226,0.77833,48.0641,9.42478,18.84956,6 6 6 6 6 6 6 6 6 6 6 7 7 6 7 -0.614 7 -1.800 0 -3.078 7 7 0 0 0 0 0 0 7 0 0 0 0 0 -9.164 0 -2.262 0 -0.869 0 -0.101 0 -0.062 0 1 0 0 0 1 -0.600 0 0 0 0 0 0 0 0 0 0 0 0 0 0 0 0 0 0 0 0 0 0 0
144,SIPP_2^4,"240,74,0","223,22,0",1,695.086153,1376,2.3009,52.87753,10.73981,21.47962,12 13 12 12 13 12 12 12 13 12 12 12 12 14 14 0 15 0 0 0 0 0 0 0 15 0 0 0 -3.563 4 -2.262 0 -0.869 0 -0.101 0 1 0 -0.476 0 -1.255 0 -1.750 0 0 0 0 0 0 0 0 0 0 0 0 0 0 0 0 0 0 0 0 0 0 1
144,SIPP_2^5,"240,74,0","223,22,0",1,693.446428,1382,5.90235,20.80339,4.1448,8.2896,25 25 24 24 24 24 24 24 24 25 28 28 -0.604 31 0 0 0 0 0 0 0 0 0 31 -18.911 0 -0.869 0 -0.101 0 -0.062 0 -0.620 0 -1.012 0 0 0 0 0 0 1 0 0 0 0 0 0 0 0 1 0 0 0 0 1
144,SIPP_BigCS,"240,74,15","223,22,0",1,694.406107,11168,74.72763,30.13186,5.8909,1.2164,7 7 59 309 75 102 170 58 340 -12.786 306 -1.620 58 364 2 6 6 58
144,SIPP_Standard,"240,74,15","223,22,0",1,696.883815,1253,2.27143,15.79503,3.0726,0.4101,93 -18.134 23 -11.399 46 -2.027 2 -7.324 2 2 2 22
145,SIPP_2^2,"231,182,0","200,221,0",1,1714.041314,7658,2.49729,155.56349,34.55752,69.11504,2 3 3 -37.057 0 3 3 0 3 3 3 3 3 3 3 3 3 3 3 3 3 3 3 3 -619.921 3 3 3 3 3 3 0 -30.227 0 3 -6.836 3 3 2 2 3 2 3 2 2 2 2 2 2 2 2 2 2 2 2 2 2 2 2 2 2 2 2 1 2 1 1 1 1 1 1 1 1 1 1 1 2 2 2 2 2 2 2 2 2 2 3 3 3 3 2 2 2 2 2 3 3 3 3 3 3 3 2 2 3 2
145,SIPP_2^3,"231,182,0","200,221,0",1,914.693534,2122,1.20474,87.55354,17.27876,34.55752,4 4 3 4 4 4 4 4 4 4 4 4 4 4 4 4 4 4 4 3 3 3 4 4 3 4 4 4 4 4 4 4 4 4 4 4 4 4 4 4 4 5 5 6 6 6 6 6 5 5 6 6 6 6 6 6 6 6 6 6 6 5 5 5 6 6 7 6 6 6 6 6 6 7 7 7 6 7 -1.591 0 -0.022 2 -12.665 0 0 0
145,SIPP_2^4,"231,182,0","200,221,0",1,914.267838,2214,3.3205,50.62371,9.99237,19.98473,8 7 8 8 8 8 8 8 8 8 8 8 8 8 8 8 8 8 6 6 6 7 8 8 8 8 8 8 8 8 8 8 8 8 8 8 8 8 8 10 10 11 12 12 12 12 11 11 12 12 12 12 12 12 10 11 11 12 13 13 13 13 13 13 12 -16.465 0 -19.900 1 0
145,SIPP_2^5,"231,182,0","200,221,0",1,914.267838,2236,7.64684,42.829,8.49748,16.99497,16 15 16 16 16 16 16 16 16 16 16 16 16 16 16 16 16 12 12 12 15 16 16 16 16 16 16 16 16 16 16 16 16 16 16 16 16 20 20 24 23 24 24 23 23 24 24 24 -0.655 22 22 23 25 26 26 26 26 26 -22.756 0 -19.900 2 0
145,SIPP_BigCS,"231,182,10","200,221,1",0,-1,31438,180.0825,0.0,0.0,0.0,
145,SIPP_Standard,"231,182,10","200,221,1",1,1794.753888,27798,54.66057,75.81023,14.5173,2.0024,36 -168.492 5 73 108 50 109 55 -3.090 67 47 19 109 39 4 104 -57.704 47 -2.467 15 110 36 1
146,SIPP_2^2,"130,168,0","83,139,0",1,956.3574199999999,3985,1.59655,169.70563,37.69911,75.39822,3 3 3 3 3 3 3 3 3 3 3 3 3 3 3 3 3 3 2 3 3 3 2 2 3 3 3 3 3 3 2 2 3 3 3 2 3 3 3 2 3 2 3 3 3 3 3 3 0 0 3 0 3 0 0 0 0 0 0 -26.743 0 -9.614 0 0 0 0 0 0 0 0 0 0 0 0 0 3 0 3 0 0 0 0 0 0 0 3 3 0 0 0 0 0 0 3
146,SIPP_2^3,"130,168,0","83,139,0",1,803.6666450000002,2621,1.72254,94.5845,18.84956,37.69911,7 7 7 7 7 6 7 6 7 7 7 7 7 -2.019 6 -0.534 6 7 -1.489 0 -0.563 7 0 0 0 0 0 0 7 0 7 7 7 7 7 7 7 7 7 7 0 7 7 0 0 0 7 -24.378 6 -2.135 5 6 6 6 6 6 6 6 6 6 6 5 5 4 4 4 5 4 4 5
146,SIPP_2^4,"130,168,0","83,139,0",1,796.540821,2661,4.57216,55.74984,11.60112,23.20224,14 14 13 14 14 14 13 13 13 14 -3.287 12 13 14 14 14 14 14 14 14 14 14 14 0 0 0 0 0 15 0 15 0 15 15 15 -37.653 0 -2.135 10 12 12 12 12 12 12 12 12 12 12 9 9 9 8 9
146,SIPP_2^5,"130,168,0","83,139,0",1,776.134819,2441,10.86484,25.47789,5.11005,10.22011,24 24 24 24 24 24 24 24 24 24 24 24 23 23 24 23 23 23 24 23 24 24 24 24 24 24 24 24 28 28 0 0 0 0 31 31 0 0 0 0 0 0 0 0 0 0 0 31 31 0 0 0 31
146,SIPP_BigCS,"130,168,14","83,139,10",0,-1,24870,180.02546,0.0,0.0,0.0,
146,SIPP_Standard,"130,168,14","83,139,10",1,827.254116,9941,22.2987,28.6258,5.1113,0.7081,6 82 -14.359 27 58 58 74 -35.896 93 15 62
147,SIPP_2^2,"46,74,0","49,130,0",1,1149.4131619999998,5168,1.97679,219.2031,48.69469,97.38937,2 2 2 2 1 1 1 1 1 2 1 2 2 1 2 1 1 1 1 1 2 2 1 1 1 1 2 2 1 1 2 2 1 -36.568 1 -1.597 1 -1.248 2 1 2 1 2 1 1 1 1 2 1 2 1 2 2 2 2 2 2 2 2 2 2 2 2 2 2 2 2 2 2 2 2 2 2 2 2 2 2 2 2 2 2 2 2 2 3 3 3 3 3 3 3 3 3 3 3 3 3 3 3 3 3 3 3 3 3 2 2 3 3 2 3 3 2 3
147,SIPP_2^3,"46,74,0","49,130,0",1,1018.568317,4592,3.01526,106.89611,21.20575,42.4115,3 3 3 3 3 2 2 3 3 3 3 3 3 3 2 3 2 2 3 3 2 3 3 2 3 3 2 3 3 4 4 4 4 4 4 4 4 4 4 4 4 4 4 4 4 4 4 4 4 4 3 4 4 4 4 5 -5.151 5 5 6 5 6 5 6 6 6 5 5 6 6 5 -49.548 6 -5.593 6 -2.467 5 -1.818 6 -3.302 6 -2.284 6 6 6 6 6 6 6
147,SIPP_2^4,"46,74,0","49,130,0",1,1018.568317,4847,8.42391,53.06976,10.56988,21.13977,6 6 5 5 6 6 5 5 6 6 5 6 6 6 5 6 5 6 5 6 6 8 8 8 8 8 8 8 8 8 8 8 8 7 8 7 8 8 8 8 8 8 8 8 8 9 10 11 11 11 12 12 12 11 11 12 -63.202 12 -5.593 12 -2.467 10 -1.818 12 -3.302 12 -2.284 12 12 12 12 12 12 12
147,SIPP_2^5,"46,74,0","49,130,0",1,1018.568317,4931,20.87734,22.58668,4.51918,9.03836,11 11 11 11 11 11 11 12 11 12 12 12 12 15 15 16 16 16 16 16 16 16 16 16 16 16 16 16 16 16 16 16 16 16 16 18 20 22 23 23 23 23 -71.208 24 -5.593 24 -2.467 20 -1.818 24 -3.302 24 -2.284 24 24 24 24 24 24 24
147,SIPP_BigCS,"46,74,15","49,130,11",0,-1,29112,180.0366,0.0,0.0,0.0,
147,SIPP_Standard,"46,74,15","49,130,11",1,1018.962405,12678,27.7828,33.65407,6.4205,0.8408,36 21 48 79 88 0 4 104 51 86 -44.962 3 3
148,SIPP_2^2,"19,20,0","55,63,0",1,790.0,2046,0.86775,70.71068,15.70796,31.41593,1 1 1 1 1 1 1 1 1 1 1 1 1 1 1 1 1 1 1 1 1 1 1 1 2 2 2 2 2 2 2 2 2 2 2 2 2 2 2 2 2 2 1 1 2 2 2 2 2 1 1 1 1 1 1 1 2 2 2 2 2 2 2 2 2 2 2 2 1 2 2 2 2 1 2 2 2 2 1
148,SIPP_2^3,"19,20,0","55,63,0",1,644.2862590000001,1250,0.75848,47.33475,9.42478,18.84956,3 4 4 4 3 3 3 3 4 4 4 4 3 3 3 3 3 3 4 4 4 4 3 3 3 3 3 3 3 3 3 3 3 3 3 3 3 3 3 3 4 4 4 4 3 2 -1.738 2 2 1 2 1
148,SIPP_2^4,"19,20,0","55,63,0",1,640.675067,1352,2.36183,23.94042,4.7883,9.5766,6 7 7 7 7 7 7 7 6 6 7 7 7 6 7 6 6 6 5 6 7 7 7 7 7 7 7 5 -2.170 4 -7.693 3 -0.758 3 -0.840 2
148,SIPP_2^5,"19,20,0","55,63,0",1,640.242297,1371,5.87777,16.33767,3.23086,6.46173,14 14 14 14 14 13 14 13 13 14 13 12 12 11 12 14 14 14 14 14 14 13 8 -3.072 8 -7.693 6 -1.613 5
148,SIPP_BigCS,"19,20,9","55,63,14",1,640.972299,12078,96.10974,24.28463,4.4372,0.9873,100 152 200 200 200 200 200 200 200 200 200 200 320 255 168 80 200 328 -2.972 33
148,SIPP_Standard,"19,20,9","55,63,14",1,647.0337010000001,3580,10.59095,11.12021,1.8829,0.1304,56 56 64 -21.462 52 -2.102 64 48 -42.469 95
149,SIPP_2^2,"8,63,0","57,85,0",0,-1,0,0.0,0.0,0.0,0.0,
149,SIPP_2^3,"8,63,0","57,85,0",0,-1,0,0.0,0.0,0.0,0.0,
149,SIPP_2^4,"8,63,0","57,85,0",0,-1,0,0.0,0.0,0.0,0.0,
149,SIPP_2^5,"8,63,0","57,85,0",0,-1,0,0.0,0.0,0.0,0.0,
149,SIPP_BigCS,"8,63,0","57,85,0",0,-1,0,0.0,0.0,0.0,0.0,
149,SIPP_Standard,"8,63,4","57,85,11",0,-1,75507,180.00172,0.0,0.0,0.0,
150,SIPP_2^2,"149,252,0","187,213,0",1,770.0,1122,0.29715,219.2031,48.69469,97.38937,0 0 0 0 0 0 0 0 0 0 0 0 0 0 1 1 1 0 1 1 1 1 0 0 0 1 0 0 1 1 0 0 0 1 1 0 0 1 1 0 1 0 1 0 1 0 1 1 1 1 1 1 1 1 1 1 0 0 1 1 1 0 0 0 1 1 1 1 0 0 1 0 1 0 1 0 1
150,SIPP_2^3,"149,252,0","187,213,0",1,594.26408,337,0.16857,63.04068,12.56637,25.13274,1 0 1 0 0 0 0 0 0 0 0 1 1 1 1 1 1 2 1 1 1 1 1 1 1 2 2 1 1 1 2 1 1 1 2 1 1 1 1 1 1 1 2 1 2 2 1
150,SIPP_2^4,"149,252,0","187,213,0",1,576.4495199999999,236,0.30071,24.79774,4.9302,9.8604,0 0 0 0 0 1 1 0 0 2 2 3 3 2 2 2 2 2 2 3 2 2 2 3 2 2 3 2 2 2 2 2 2 3 3 3 2
150,SIPP_2^5,"149,252,0","187,213,0",1,571.39529,160,0.50818,14.80898,2.93502,5.87005,1 0 0 1 0 0 0 4 4 5 5 5 5 5 5 4 4 4 4 4 5 4 4 4 5 4 4
150,SIPP_BigCS,"149,252,3","187,213,13",1,570.0,136,0.53237,18.62238,3.5967,0.4228,308 6 6 6 50 249 153 249 181 249 153
150,SIPP_Standard,"149,252,3","187,213,13",1,585.0,16,0.0337,11.35543,2.0701,0.2201,2 26 65 53 57 65 29
151,SIPP_2^2,"165,114,0","136,163,0",1,780.0,2197,0.71929,134.35029,29.84513,59.69026,3 3 3 3 3 3 3 3 3 3 3 2 3 3 2 3 2 2 2 2 2 2 3 2 3 3 3 3 2 2 2 2 2 2 2 2 2 2 2 2 2 2 2 2 2 2 2 2 2 3 2 2 2 2 3 2 3 3 3 3 3 2 2 2 2 2 2 2 2 3 2 2 2 2 2 3 3 2
151,SIPP_2^3,"165,114,0","136,163,0",1,610.1219440000002,547,0.33251,79.52461,15.70796,31.41593,5 5 5 5 5 4 5 4 5 5 4 5 4 4 4 4 4 4 4 5 5 5 5 4 5 4 4 4 5 5 5 4 5 4 4 5 5 5 4 4 5 5 5 5 5 5 5 4 5
151,SIPP_2^4,"165,114,0","136,163,0",1,583.4001040000003,311,0.50502,20.4276,4.06889,8.13778,10 10 9 10 10 10 10 9 9 9 8 8 8 9 9 9 8 9 9 9 9 9 9 8 9 9 10 10 10 10 10 10 10 10
151,SIPP_2^5,"165,114,0","136,163,0",1,581.2242510000001,302,1.27793,10.00247,2.00067,4.00134,20 20 20 19 20 19 -0.561 18 17 17 17 17 18 18 18 17 18 18 18 18 18 20 21 20 20 20
151,SIPP_BigCS,"165,114,7","136,163,2",1,579.5483509999999,1095,8.30808,13.0689,2.2825,0.2322,254 127 -1.307 206 206 310 84 206 206 206 206 206 206 206 -1.241 358 103 103 103
151,SIPP_Standard,"165,114,7","136,163,2",1,593.501094,217,0.63662,10.00138,1.7855,0.1509,31 51 62 94 16 -7.501 70 31
152,SIPP_2^2,"232,82,0","205,32,0",1,770.0,1068,0.4469,148.49242,32.98672,65.97345,0 0 0 0 0 0 3 3 0 3 3 0 0 3 0 0 0 0 3 3 3 0 0 0 0 0 0 0 0 0 0 0 3 3 0 0 0 0 0 0 0 0 0 0 0 0 0 0 0 0 0 0 3 3 0 0 0 0 3 0 3 3 3 3 3 3 3 3 3 0 3 0 3 3 3 0 3
152,SIPP_2^3,"232,82,0","205,32,0",1,708.1214470000001,1039,0.68981,75.92647,14.92257,29.84513,0 7 0 0 0 7 7 7 6 7 7 6 -5.212 7 -0.905 0 -1.883 7 7 7 7 7 7 7 7 7 7 0 0 0 7 7 6 6 6 6 6 7 6 7 7 7 7 0 0 0 0 0 0 0 0 0 0 0 1 0 0 1 1 1 1
152,SIPP_2^4,"232,82,0","205,32,0",1,685.6293280000001,944,1.65799,35.04246,6.96464,13.92929,15 0 0 0 13 13 13 13 13 14 15 15 15 15 15 15 15 14 14 13 13 13 12 12 12 14 14 0 0 0 0 0 0 0 0 0 0 0 2 1 2 1 2
152,SIPP_2^5,"232,82,0","205,32,0",1,681.4616830000001,929,4.09563,25.05227,4.96528,9.93057,0 0 31 26 26 26 26 26 -0.416 29 30 30 30 30 30 30 28 28 25 25 25 28 28 0 0 0 0 0 0 0 0 0 0 1 4 3 4
152,SIPP_BigCS,"232,82,10","205,32,14",1,683.140315,7785,54.13208,28.08259,5.2704,0.9665,6 22 205 -2.756 205 -1.384 373 202 202 202 202 202 202 322 309 39 6 6 6 6 6 58 252
152,SIPP_Standard,"232,82,10","205,32,14",1,711.89608,1729,2.66063,19.77932,3.8269,0.5029,10 -45.565 30 46 -0.257 2 -5.074 2 6 82 19
153,SIPP_2^2,"246,177,0","197,144,0",1,820.0,2123,0.61445,148.49242,32.98672,65.97345,3 3 0 3 0 0 0 0 3 0 3 3 0 3 3 3 3 3 3 3 3 3 3 3 3 3 3 3 3 3 3 3 3 3 3 3 3 3 3 3 3 3 3 3 3 0 0 0 0 3 3 3 0 0 3 3 0 0 0 0 0 3 0 0 3 3 3 0 3 0 0 0 0 0 0 0 0 0 0 0 3 0
153,SIPP_2^3,"246,177,0","197,144,0",1,626.6904879999998,660,0.40625,27.83461,5.49779,10.99558,7 7 7 7 7 7 7 7 7 7 7 7 7 7 7 7 7 7 7 7 7 7 7 7 7 7 7 7 7 7 6 6 7 6 6 6 7 6 7 6 6 6 6 6 6 6 6 6 6
153,SIPP_2^4,"246,177,0","197,144,0",1,598.1871919999999,286,0.4495,14.52587,2.89576,5.79151,14 14 14 14 14 14 14 14 14 14 14 13 13 13 14 14 13 14 13 13 13 13 13 13 14 13 13 14 14 13 13 13 13
153,SIPP_2^5,"246,177,0","197,144,0",1,591.477647,40,0.15713,3.21756,0.6435,1.287,27 28 28 27 27 27 27 27 27 27 27 27 27 27 27 27 26 27
153,SIPP_BigCS,"246,177,4","197,144,13",1,590.0,26,0.25221,10.98883,1.9388,0.1096,221 102 178 205 205 205 205 205 221 178 221 126
153,SIPP_Standard,"246,177,4","197,144,13",1,595.0,33,0.10761,5.20637,0.643,0.0347,30 50 61 61 61 69 30
154,SIPP_2^2,"48,97,0","5,63,0",1,803.5633,1424,0.58118,77.78175,17.27876,34.55752,0 0 0 0 0 1 -4.800 0 -1.639 0 0 0 0 0 0 0 0 0 0 0 0 0 0 0 0 0 0 0 3 3 0 0 3 0 0 3 3 3 3 3 0 3 3 3 0 0 0 0 -4.974 3 3 -2.150 3 3 3 3 3 3 3 3 3 3 3 3 3 3 3 3 3 3 3 3 3 3 3 3 3 3 3 3 3 3 3
154,SIPP_2^3,"48,97,0","5,63,0",1,795.028631,1942,1.22115,70.95845,14.13717,28.27433,0 0 0 0 1 -10.658 0 -1.639 0 -23.667 6 -0.033 0 -0.117 0 -4.913 6 -7.443 6 7 7 6 7 -1.807 7 7 7 7 7 7 0 0 -1.829 7 7 7 7 7 7 7 7 7 7 7 -28.985 0 -20.181 0 -11.263 6 -12.186 6 -1.137 6 -1.137 6 -1.137 6 -1.137 6 -4.635 7 6 6 6 6 6 6 6 6 6 6 6 6 6
154,SIPP_2^4,"48,97,0","5,63,0",1,745.9907250000002,1464,2.3949,58.18069,11.49718,22.99436,6 9 -3.552 12 -0.012 12 -0.012 12 13 13 13 14 14 0 0 -15.248 12 -8.290 11 12 12 12 12 12 12 13 14 14 14 14 14 14 14 14 14 14 14 14 14 15 14 15 14 14 14 15 15 14 14 14 0 0 4 4 4
154,SIPP_2^5,"48,97,0","5,63,0",1,745.964539,1501,6.0387,53.46271,10.32117,20.64235,12 18 -3.552 24 -0.012 24 25 26 26 28 28 0 0 -15.998 24 -8.610 23 24 24 24 25 24 28 28 28 28 28 28 28 28 28 28 28 28 28 28 28 29 29 28 28 29 31 0 -2.840 8 -0.370 8 8
154,SIPP_BigCS,"48,97,0","5,63,10",1,792.396808,14618,89.53046,24.79314,4.6668,0.6719,204 364 14 202 306 14 250 102 -1.429 162 -1.165 7 -0.370 7 -0.200 3 -2.233 31 203 203 307 31
154,SIPP_Standard,"48,97,0","5,63,10",1,1383.907279,15460,31.45478,43.28874,7.9488,1.243,56 80 5 73 100 66 30 30 50 61 61 93 11 -110.907 43 101
155,SIPP_2^2,"81,58,0","61,3,0",1,750.0,1010,0.34659,106.06602,23.56194,47.12389,3 3 3 3 3 3 3 3 3 0 0 0 0 0 0 0 0 0 0 0 0 0 0 0 0 0 0 0 0 0 3 0 0 0 0 0 3 3 3 3 3 0 3 0 3 0 0 0 0 3 0 0 0 0 0 0 0 0 0 0 0 0 0 0 3 0 0 0 0 0 0 0 0 3 0
155,SIPP_2^3,"81,58,0","61,3,0",1,638.7005839999999,592,0.39377,35.4602,7.06858,14.13717,7 6 7 7 7 7 7 7 7 7 7 7 7 0 7 0 0 0 0 0 0 0 0 0 0 0 0 7 7 7 7 7 0 0 0 0 0 0 0 0 0 0 0 7 0 0 0 0 0 0 0 0 0 0 0 0
155,SIPP_2^4,"81,58,0","61,3,0",1,610.1972880000001,386,0.66855,11.99804,2.39415,4.7883,13 14 15 15 15 15 15 15 15 15 14 15 15 15 14 15 15 15 15 0 0 0 0 0 0 0 0 0 0 0 0 0 0 0 0 0 0 0 0 0
155,SIPP_2^5,"81,58,0","61,3,0",1,608.31519,378,1.6203,8.03084,1.60457,3.20914,26 -0.198 29 30 29 30 30 30 30 30 29 30 30 30 30 30 31 0 0 0 0 0 0 0 0 0 0 0 0 0 0 0 0 0 0 0 0
155,SIPP_BigCS,"81,58,9","61,3,10",1,607.513015,1676,11.44478,8.68409,1.4791,0.1546,-2.513 357 182 202 202 202 202 202 202 202 202 202 202 362 2 2 6
155,SIPP_Standard,"81,58,9","61,3,10",1,643.43546,1053,1.97426,8.28267,1.5615,0.116,-6.435 50 69 54 90 2 2 2 2
156,SIPP_2^2,"7,79,0","53,45,0",1,800.0,1790,0.57647,134.35029,29.84513,59.69026,0 0 0 0 0 0 0 0 0 0 1 1 0 0 1 0 1 1 1 1 1 1 1 1 0 0 0 0 0 1 1 1 1 0 0 0 0 0 0 0 0 1 1 1 1 1 1 0 1 1 1 1 1 1 0 0 0 1 1 1 0 0 1 1 1 1 1 1 1 1 1 0 1 1 1 1 1 1 0 1
156,SIPP_2^3,"7,79,0","53,45,0",1,600.8326239999999,537,0.32906,31.76498,6.28319,12.56637,1 1 1 1 1 1 1 1 1 1 1 1 1 1 1 1 1 1 1 1 1 1 1 1 1 1 1 1 1 2 1 1 2 2 2 2 1 2 2 2 2 2 1 2 2 1
156,SIPP_2^4,"7,79,0","53,45,0",1,583.0180639999999,348,0.57096,12.73965,2.53605,5.0721,2 2 2 2 2 2 2 2 2 2 2 2 2 2 2 2 3 2 2 2 3 2 2 2 2 2 3 3 3 3 3 3 3 4 4 3
156,SIPP_2^5,"7,79,0","53,45,0",1,580.4199849999999,317,1.3317,3.03127,0.60555,1.21109,4 4 4 4 4 4 4 4 4 4 4 4 4 4 4 4 4 4 4 4 4 5 5 -0.220 5 6 7 7 6 6 6 6
156,SIPP_BigCS,"7,79,0","53,45,3",1,578.0,999,8.12843,6.57753,1.1597,0.1076,249 101 101 101 101 101 101 101 101 101 101 101 101 101 101 101 101 101 101 101 101 181 201 201 201 201 305 5
156,SIPP_Standard,"7,79,0","53,45,3",1,584.0,174,0.47795,10.56695,1.8916,0.1745,76 65 29 29 53 57 89
157,SIPP_2^2,"13,144,0","8,203,0",1,720.0,567,0.27149,134.35029,29.84513,59.69026,3 2 3 3 2 2 2 3 3 3 2 2 2 2 2 2 2 2 2 2 2 2 2 2 2 3 2 2 2 2 2 2 2 3 2 2 2 2 2 1 2 1 2 1 2 1 2 2 2 2 2 2 2 2 2 2 2 2 2 2 2 2 2 2 2 2 2 2 3 2 2 2
157,SIPP_2^3,"13,144,0","8,203,0",1,711.2001280000001,1237,0.72707,71.58351,14.13717,28.27433,5 5 4 5 -5.582 5 -7.855 6 -0.012 6 5 4 4 4 4 4 4 4 4 4 4 4 5 4 4 4 4 4 4 4 4 4 4 4 3 4 3 3 3 4 4 4 4 4 4 4 4 5 4 5 5 4 4 4 4 4 -24.416 4 -0.918 4 -0.201 4 -0.084 4 3 4 4 3
157,SIPP_2^4,"13,144,0","8,203,0",1,707.553268,1292,2.01732,58.96335,11.88491,23.76983,10 9 9 -1.216 12 -9.926 12 -0.012 12 9 8 8 8 8 8 8 8 8 8 -2.091 9 8 8 8 8 8 8 8 8 8 8 8 6 6 7 7 9 9 9 8 8 8 8 8 8 8 8 8 9 8 -23.352 4 -0.201 8 7 8 7
157,SIPP_2^5,"13,144,0","8,203,0",1,707.112421,1313,5.30841,50.63648,10.05074,20.10147,19 18 -1.663 24 -9.926 24 -0.012 24 17 16 16 16 16 16 16 16 16 -2.717 17 16 16 16 16 16 16 16 16 16 15 12 12 15 17 17 17 16 17 16 16 16 -27.711 8 -0.918 16 -0.201 16 14 -0.297 15
157,SIPP_BigCS,"13,144,4","8,203,6",1,707.2705619999999,9810,59.23407,30.56948,5.9489,1.1918,187 4 4 4 4 4 4 -5.696 76 -17.878 243 4 4 4 4 4 32 168 4 4 4 4 4 4 84 -39.449 318 -0.247 200
157,SIPP_Standard,"13,144,4","8,203,6",1,710.222395,1138,2.36129,26.17014,4.9628,0.7037,35 64 -19.715 44 -23.858 20 51 62 94 -1.649 8
158,SIPP_2^2,"217,212,0","162,226,0",1,1934.187446,6019,1.77993,282.84271,65.97345,131.94689,3 3 3 3 3 3 0 3 0 0 0 0 0 3 3 0 3 3 3 3 3 0 3 3 0 0 3 0 0 0 0 0 0 0 0 0 0 0 0 0 0 0 0 0 0 0 0 0 1 1 1 1 1 1 1 1 1 1 1 -296.979 3 3 3 3 0 3 3 -30.227 0 3 -6.836 3 3 3 3 2 2 2 2 2 2 2 2 2 2 2 2 2 2 2 2 2 2 2 2 2 2 2 2 2 3 2 3 3 3 2 3 -8.642 3 -12.274 2 3 -2.065 3 -7.165 3 3 3 3 3 2 3 2 2 2 2 2 2 2 2 2 3 3 2 3 3 2 3 2 3 2 2 3 3 3 3 3 3 3 3 2 3 3 3 3 3 3 3 3 3 2 2 2 3
158,SIPP_2^3,"217,212,0","162,226,0",1,728.882178,833,0.44089,83.0749,16.49336,32.98672,6 6 6 6 6 5 6 5 5 4 4 4 4 4 4 4 5 5 4 4 4 4 5 6 5 5 5 -2.277 6 -4.473 6 6 6 7 6 7 6 6 6 6 7 6 7 6 6 7 6 6 6 6 6 6 6 6 6 6 6 6 6 6 6 6 6 6 6 6 6 7
158,SIPP_2^4,"217,212,0","162,226,0",1,707.257384,760,1.02598,50.77107,10.09631,20.19261,12 12 12 12 12 11 10 10 8 8 8 8 9 8 8 9 9 8 9 10 10 11 12 13 13 12 13 12 12 12 12 12 12 12 12 12 12 12 12 12 12 13 12 12 12 12 13 12 12 13 12 12 13
158,SIPP_2^5,"217,212,0","162,226,0",1,696.8454989999999,694,2.27248,30.27635,6.03735,12.0747,23 24 24 24 24 20 20 16 16 17 16 16 17 17 20 20 20 20 20 24 24 24 25 25 25 25 24 25 25 24 25 24 24 24 24 24 24 24 24 24 24 24 24
158,SIPP_BigCS,"217,212,10","162,226,12",1,703.453929,3174,13.17326,26.26711,5.0784,1.0031,7 31 331 4 4 4 84 206 206 326 -0.454 379 309 7 7 7 7 7 7 7 7 7 7 7 7 7 7 7 7 87 309
158,SIPP_Standard,"217,212,10","162,226,12",1,1629.0,22781,48.24685,42.20968,7.9615,0.9475,50 61 85 6 66 50 93 3 3 3 3 11 39 0 0 8 52 64 36 21
159,SIPP_2^2,"114,170,0","74,128,0",0,-1,0,0.0,0.0,0.0,0.0,
159,SIPP_2^3,"114,170,0","74,128,0",0,-1,0,0.0,0.0,0.0,0.0,
159,SIPP_2^4,"114,170,0","74,128,0",0,-1,0,0.0,0.0,0.0,0.0,
159,SIPP_2^5,"114,170,0","74,128,0",0,-1,0,0.0,0.0,0.0,0.0,
159,SIPP_BigCS,"114,170,0","74,128,0",0,-1,0,0.0,0.0,0.0,0.0,
159,SIPP_Standard,"114,170,3","74,128,0",0,-1,0,3e-05,0.0,0.0,0.0,
160,SIPP_2^2,"91,78,0","112,133,0",1,760.0,1502,0.51349,98.99495,21.99115,43.9823,1 1 1 1 1 1 1 1 1 2 1 2 2 1 1 1 1 2 2 2 2 2 2 2 2 2 2 2 2 2 2 2 2 2 2 2 2 2 2 2 2 2 2 2 2 2 2 2 2 2 2 2 2 2 2 2 2 2 2 2 2 2 2 2 1 2 2 1 2 1 2 1 1 1 2 1
160,SIPP_2^3,"91,78,0","112,133,0",1,690.9204269999999,1531,1.02305,63.50572,12.56637,25.13274,3 3 3 3 3 3 3 3 4 4 4 4 4 4 4 4 4 4 4 4 4 4 4 3 4 4 3 4 3 3 3 4 3 4 3 3 4 4 4 4 3 4 4 4 4 4 4 4 4 3 3 4 4 -50.481 3 -3.454 3
160,SIPP_2^4,"91,78,0","112,133,0",1,613.825928,410,0.75252,25.06381,4.95823,9.91645,6 6 6 6 6 6 6 6 8 8 8 8 8 8 8 8 8 8 8 8 8 8 7 7 7 8 8 7 7 7 7 7 7 7 8 7 8 8 8 7 8 7
160,SIPP_2^5,"91,78,0","112,133,0",1,604.2331889999998,214,1.18618,8.80852,1.75065,3.5013,12 12 12 12 12 12 12 12 15 15 15 15 15 15 15 15 15 15 15 16 15 16 16 16 16 16 16 16 15
160,SIPP_BigCS,"91,78,13","112,133,3",1,607.0,1055,9.92745,14.84567,2.7297,0.4603,100 100 100 100 100 100 100 168 4 4 4 80 200 200 200 200 200 200 200 360 4 4 28 304
160,SIPP_Standard,"91,78,13","112,133,3",1,690.8458609999999,4136,13.1283,20.83552,3.9762,0.4767,51 110 52 64 52 88 8 -41.846 28
161,SIPP_2^2,"50,166,0","44,207,0",0,-1,0,0.0,0.0,0.0,0.0,
161,SIPP_2^3,"50,166,0","44,207,0",0,-1,0,0.0,0.0,0.0,0.0,
161,SIPP_2^4,"50,166,0","44,207,0",0,-1,0,0.0,0.0,0.0,0.0,
161,SIPP_2^5,"50,166,0","44,207,0",0,-1,0,0.0,0.0,0.0,0.0,
161,SIPP_BigCS,"50,166,0","44,207,0",0,-1,0,0.0,0.0,0.0,0.0,
161,SIPP_Standard,"50,166,0","44,207,1",0,-1,0,3e-05,0.0,0.0,0.0,
162,SIPP_2^2,"115,156,0","61,123,0",1,870.0,1787,0.71733,120.20815,26.70354,53.40708,0 0 0 0 0 0 0 0 0 0 0 0 3 0 3 0 3 3 3 0 3 0 3 0 0 0 3 3 3 3 3 3 3 3 3 3 3 0 3 3 3 3 3 3 0 0 0 0 0 0 0 3 3 3 3 3 3 3 3 3 3 3 3 3 3 3 3 3 3 3 3 3 3 3 3 3 3 3 3 3 0 0 0 0 0 0 3
162,SIPP_2^3,"115,156,0","61,123,0",1,807.1334840000001,1931,1.21326,67.96677,13.35177,26.70354,6 6 6 6 7 7 6 6 6 7 6 -3.754 7 7 0 0 0 0 0 0 0 0 0 7 0 7 7 7 7 -0.368 7 7 7 7 7 7 7 6 7 7 7 7 7 6 6 6 6 6 7 -34.821 6 -11.448 6 -8.099 5 6 6 -0.662 6 -1.200 6 -1.424 6 -1.804 6 6 6 6 6 6 6 6 7
162,SIPP_2^4,"115,156,0","61,123,0",1,800.073388,1913,3.17771,57.49132,11.09952,22.19903,0 0 0 0 0 0 15 0 15 15 -1.695 15 14 14 14 14 14 14 12 12 12 13 13 12 13 12 12 12 12 12 12 12 12 12 12 12 12 -3.421 12 -28.644 12 -12.273 8 -0.525 13 -11.662 12 -6.075 13 -0.562 15 -0.711 13 -0.490 13 -0.179 13 -1.214 12 12 13 13 13
162,SIPP_2^5,"115,156,0","61,123,0",1,800.073388,1942,8.11189,49.26665,9.28288,18.56576,31 31 31 0 0 0 0 0 28 28 28 28 28 -0.677 28 28 25 25 24 25 24 24 24 24 24 24 24 24 24 24 24 24 -7.084 24 -28.644 24 -12.273 16 -0.525 26 -11.662 24 -6.075 26 -0.562 30 27 -0.464 25 -1.533 24 24 26 26 26
162,SIPP_BigCS,"115,156,12","61,123,6",1,800.482078,14980,97.80236,27.48882,5.0781,1.2157,202 202 362 34 178 309 7 7 7 7 7 87 349 -70.582 175 -0.346 205 -7.298 205 -0.766 205 -0.490 197 205
162,SIPP_Standard,"115,156,12","61,123,6",1,800.661603,3597,8.83915,29.52631,5.4153,0.9084,98 108 30 50 93 11 -27.647 43 -8.015 61 61
163,SIPP_2^2,"125,80,0","126,31,0",1,1259.023062,4747,1.78094,261.62951,58.11946,116.23893,0 3 3 3 0 3 3 3 3 3 3 3 3 0 3 0 0 3 3 3 3 3 3 0 0 0 0 3 3 3 0 3 0 0 0 0 0 0 3 3 0 0 0 3 0 3 0 0 0 0 0 0 -155.066 0 -22.833 3 0 -1.125 0 3 0 0 0 0 0 0 0 0 0 1 1 1 1 1 1 0 1 0 1 1 0 1 1 1 0 1 1 1 0 1 0 1 1 1 1 1 1 1 1 1 1 1 1 1 1 0 0 0 0 0 3
163,SIPP_2^3,"125,80,0","126,31,0",1,1131.1651380000003,3785,2.39854,103.13138,20.42035,40.84071,7 6 6 7 7 7 7 6 6 6 -7.893 6 6 -18.409 6 -0.029 6 -0.034 6 7 0 7 7 7 7 7 0 7 0 0 0 0 7 0 -16.864 0 -19.953 0 -0.094 0 -0.500 7 -4.738 7 7 -180.278 0 -20.762 7 -12.495 7 0 0 1 1 1 1 1 1 1 1 1 1 1 2 2 1 2 2 1 2 2 2 2 1 1 2 1 1 2 2 1
163,SIPP_2^4,"125,80,0","126,31,0",1,1111.1003720000006,3598,5.94481,109.569,21.99115,43.9823,13 13 13 13 13 14 -21.081 12 -0.049 0 0 -20.031 12 -0.033 12 -0.117 0 -0.395 12 -0.869 0 -1.078 0 -0.985 0 -0.534 0 -0.151 0 -0.060 0 -1.874 15 14 14 14 -7.812 0 -1.169 0 -0.106 12 -0.013 0 0 12 14 14 13 -187.332 12 -20.762 14 -8.463 15 1 3 2 2 2 2 2 2 2 2 2 2 3 3 4 4 4 3 3 3 4 3
163,SIPP_2^5,"125,80,0","126,31,0",1,1107.2541540000007,3558,14.92428,56.22104,11.52521,23.05041,24 24 24 24 24 24 24 23 -1.709 26 -0.317 25 31 31 -0.480 31 31 31 30 -1.523 0 -5.225 8 -0.178 0 -0.288 0 -11.275 0 -0.013 0 0 25 28 28 -188.070 24 -20.762 28 -8.463 30 3 4 4 4 4 4 4 4 4 5 7 7 7 6 6 7
163,SIPP_BigCS,"125,80,5","126,31,7",0,-1,24865,180.07948,0.0,0.0,0.0,
163,SIPP_Standard,"125,80,5","126,31,7",1,1136.425644,23153,54.33709,44.27236,8.477,1.179,31 47 23 54 106 37 -38.644 10 -37.232 54 -4.550 106 53 73 84 1
164,SIPP_2^2,"54,78,0","1,109,0",1,1078.07587,3697,1.20652,268.70058,59.69026,119.38052,2 2 2 3 3 -52.116 3 2 3 2 2 2 2 2 3 2 3 3 2 2 3 3 2 3 2 3 3 3 3 3 3 2 -87.862 3 3 3 2 2 2 3 2 3 3 3 2 3 2 3 3 3 3 3 3 2 2 3 3 3 2 3 3 3 2 2 2 3 3 3 2 2 3 3 2 3 2 2 2 3 2 3 3 3 3 3 3 3 3 3 3 -37.842 0 -0.206 0 -0.049 0
164,SIPP_2^3,"54,78,0","1,109,0",1,739.4112640000002,1015,0.65873,75.70509,14.92257,29.84513,6 6 6 6 6 6 6 6 6 6 6 6 7 6 6 6 6 6 6 6 7 6 6 6 6 6 5 5 5 5 5 5 5 5 5 5 5 6 5 5 5 5 5 6 6 5 6 6 5 4 5 4 4 4 4 4 4 5 4 5 4 4 4 5
164,SIPP_2^4,"54,78,0","1,109,0",1,704.536608,779,1.2696,22.78933,4.53254,9.06507,12 12 12 12 12 12 12 12 12 12 12 12 12 12 12 12 13 13 12 11 11 11 11 11 11 10 10 10 10 10 10 10 10 10 10 10 11 11 10 10 8 8 8 8 9 9 8 8 9
164,SIPP_2^5,"54,78,0","1,109,0",1,693.7962670000004,663,2.70063,20.41218,4.07176,8.14352,24 24 24 24 24 24 25 24 25 24 24 24 24 24 24 24 23 21 22 21 21 21 21 20 20 20 20 20 20 20 20 20 20 17 16 17 16 17
164,SIPP_BigCS,"54,78,1","1,109,3",1,695.0,2362,12.11184,16.61837,3.0029,0.4343,7 7 7 7 3 59 381 203 203 203 203 203 203 251 103 103 103 103 103 103 115 84 206
164,SIPP_Standard,"54,78,1","1,109,3",1,878.019748,3801,6.2358,19.03823,3.2813,0.4477,-108.278 59 83 20 47 -88.647 3 -0.095 7 59 59
165,SIPP_2^2,"198,179,0","169,232,0",1,1661.720295,8534,2.84223,261.62951,58.11946,116.23893,3 3 3 3 3 3 3 3 3 3 3 3 3 3 3 3 3 3 3 3 3 3 3 3 3 3 3 3 0 3 0 3 0 3 3 0 3 3 3 3 3 3 3 3 3 3 3 3 3 3 3 3 3 3 3 3 3 3 3 3 3 3 3 2 2 2 -57.798 2 -1.670 3 -1.110 3 -1.142 2 2 3 2 2 2 2 2 2 2 2 2 2 2 3 3 2 2 2 2 2 2 2 2 2 2 2 2 2 2 2 2 2 2 2 2 2 2 2 2 2 2 2 1 1 1 1 1 1 1 1 1 1 1 1 1 1 2 1 2 1 1 1 2 1 2 1 2 2 2 1 1 2 1 2 1 2 1 1 1 1 1 2 1 1 1 1 2 1 1 2
165,SIPP_2^3,"198,179,0","169,232,0",1,1484.2634649999986,6873,4.12738,130.71405,25.91814,51.83628,6 6 6 6 6 6 6 6 6 6 6 6 6 6 6 6 6 6 6 6 6 6 6 6 6 6 7 6 7 7 6 6 6 6 6 7 6 -5.455 6 6 -1.979 6 6 6 6 6 6 6 6 6 6 5 5 5 6 5 5 6 6 -89.792 6 -3.293 6 -1.670 6 -4.674 5 5 5 4 4 4 4 4 4 4 4 5 4 4 4 4 4 4 4 4 4 4 4 4 4 3 3 3 4 3 3 3 3 3 4 3 3 3 3 3 3 2 3 2 2 2 3 2 3 2 3 3 3 3 3 2 3 2 2 3 2 3
165,SIPP_2^4,"198,179,0","169,232,0",1,1460.5256109999993,6512,10.41929,55.63326,11.06156,22.12312,12 12 12 12 12 12 12 12 12 12 12 12 12 12 12 12 12 12 12 12 12 12 12 12 13 13 13 12 12 13 12 12 12 13 12 11 11 11 12 12 11 12 11 11 12 12 -108.537 12 -3.293 12 -1.670 12 -4.674 10 10 8 8 8 8 8 8 8 8 8 8 8 8 8 8 8 9 8 8 8 9 -0.689 7 7 7 7 6 6 6 6 6 6 6 5 5 5 5 5 5 5 5 5 5 6 5 6
165,SIPP_2^5,"198,179,0","169,232,0",1,1457.615112,6520,25.81255,45.39512,9.1614,18.3228,24 24 24 24 24 24 24 25 25 24 24 24 24 24 24 24 24 24 24 24 24 24 25 25 24 25 24 24 24 23 23 23 23 23 24 24 24 24 -108.277 16 -3.293 24 -1.670 24 -4.674 20 20 17 16 16 16 16 16 17 16 16 16 16 16 16 16 16 16 16 16 15 13 13 12 12 12 12 12 12 11 10 10 10 10 10 10 10 10 10 11
165,SIPP_BigCS,"198,179,1","169,232,0",0,-1,29016,180.1865,0.0,0.0,0.0,
165,SIPP_Standard,"198,179,1","169,232,0",1,1474.4843,59966,139.5692,29.89369,5.3448,0.6557,30 38 3 3 3 3 7 75 -71.484 94 0 16 110 52 72 63 63 63
166,SIPP_2^2,"129,3,0","86,49,0",0,-1,0,0.0,0.0,0.0,0.0,
166,SIPP_2^3,"129,3,0","86,49,0",0,-1,0,0.0,0.0,0.0,0.0,
166,SIPP_2^4,"129,3,0","86,49,0",0,-1,0,0.0,0.0,0.0,0.0,
166,SIPP_2^5,"129,3,0","86,49,0",0,-1,0,0.0,0.0,0.0,0.0,
166,SIPP_BigCS,"129,3,0","86,49,0",0,-1,0,0.0,0.0,0.0,0.0,
166,SIPP_Standard,"129,3,7","86,49,2",0,-1,1,0.00814,0.0,0.0,0.0,
167,SIPP_2^2,"107,236,0","161,206,0",1,840.0,1694,0.49323,91.92388,20.42035,40.8407,0 0 0 0 0 0 0 0 0 0 0 0 0 0 0 0 0 0 0 0 0 0 1 1 0 0 1 1 1 1 1 1 1 1 1 1 1 1 1 0 0 1 1 0 1 1 1 1 1 1 1 1 1 1 1 1 1 1 1 1 1 1 1 1 1 1 1 1 1 1 1 1 1 0 1 0 1 1 1 1 1 1 0 1
167,SIPP_2^3,"107,236,0","161,206,0",1,675.9798080000002,591,0.30891,71.72258,14.13717,28.27433,1 1 2 1 2 1 1 2 2 2 2 2 1 2 2 2 2 2 2 2 1 1 2 2 2 2 2 1 1 1 1 1 1 1 1 1 0 0 1 1 1 1 1 1 1 2 1 1 2 1 2 2 2 2 2 1
167,SIPP_2^4,"107,236,0","161,206,0",1,658.7621870000002,529,0.70401,23.78372,4.75035,9.50069,2 2 3 3 3 4 4 4 4 4 4 4 4 4 4 4 4 4 3 3 3 2 2 2 2 2 2 2 2 -0.083 1 3 1 1 2 2 2 2 3 3 4 4 4 4 3
167,SIPP_2^5,"107,236,0","161,206,0",1,654.3097630000002,504,1.81063,17.65955,3.51884,7.03768,5 5 7 8 8 8 8 8 8 8 8 8 7 7 7 5 4 4 4 4 5 2 2 2 2 4 4 5 7 8 8 7
167,SIPP_BigCS,"107,236,2","161,206,7",1,656.512416,2481,12.91802,18.81984,3.5256,0.3487,181 361 5 5 13 201 201 353 101 -5.512 125 252 153 305 5 5
167,SIPP_Standard,"107,236,2","161,206,7",1,679.914129,266,0.54682,19.83694,3.8237,0.5148,53 89 1 -11.831 13 68 -11.083 29 53 97
168,SIPP_2^2,"217,167,0","152,161,0",1,710.0,622,0.20176,35.35534,7.85398,15.70796,3 3 3 3 3 3 3 3 3 3 3 3 3 3 3 3 3 3 3 3 3 3 3 3 3 3 3 3 3 3 3 3 3 3 3 3 3 3 3 3 3 3 3 3 3 3 3 3 3 3 3 3 3 3 3 3 3 3 3 3 3 3 0 0 3 3 0 0 0 3 0
168,SIPP_2^3,"217,167,0","152,161,0",1,674.852816,512,0.29923,31.9175,6.28319,12.56637,6 6 6 6 6 6 6 6 6 6 6 6 6 6 6 6 6 6 6 6 6 6 6 6 6 6 6 6 7 7 7 6 6 6 6 6 6 6 6 6 6 6 6 6 6 6 7 6 7 6 6 6 6 6 7 6 6 6 6 6 6 6 6 6 6
168,SIPP_2^4,"217,167,0","152,161,0",1,664.16408,413,0.63776,6.92508,1.39094,2.78189,12 12 12 12 12 12 12 12 12 12 12 12 12 12 12 12 12 12 12 12 12 12 12 12 12 12 12 12 12 12 12 12 12 12 12 12 12 12 12 12 12 12 12 12 12 12 12 12 12 12 12 13 13 13 13 13 12 12 13
168,SIPP_2^5,"217,167,0","152,161,0",1,659.7366619999999,362,1.4364,12.88838,2.574,5.14801,24 24 24 24 24 24 24 24 24 24 24 24 24 24 24 24 25 25 24 25 24 24 24 24 24 24 24 24 24 24 24 24 24 24 24 25 25 24 24 24 25 24 24 24 24 24 24 24 24 24 24 24 24
168,SIPP_BigCS,"217,167,13","152,161,14",1,662.0,1515,10.99257,10.03051,1.9474,0.2101,7 7 3 7 3 3 3 7 7 7 7 59 365 87 309
168,SIPP_Standard,"217,167,13","152,161,14",1,720.0,3811,9.92432,19.41661,3.6761,0.4042,50 109 55 91 3 3 19 69 50
169,SIPP_2^2,"149,93,0","128,149,0",1,770.0,1589,0.53721,91.92388,20.42035,40.8407,2 2 2 2 2 2 2 2 2 2 2 2 2 2 2 2 2 2 2 2 2 2 3 2 2 3 2 2 2 3 2 3 2 2 2 2 2 2 2 2 2 2 2 2 2 2 2 2 2 2 2 2 2 2 2 2 2 3 3 3 3 3 3 3 3 3 3 3 3 3 3 3 2 3 2 2 3
169,SIPP_2^3,"149,93,0","128,149,0",1,646.9848559999998,953,0.60706,20.13809,3.92699,7.85398,5 5 5 5 5 5 5 5 5 5 5 5 5 5 5 5 5 5 4 4 4 5 4 5 5 4 4 4 4 4 4 4 4 4 4 4 4 4 4 4 4 4 4 4 4 4 4 4 4 4 4 4 4 4 4 4
169,SIPP_2^4,"149,93,0","128,149,0",1,612.434166,495,0.86822,13.23329,2.63999,5.27998,8 8 8 8 8 8 8 8 8 8 8 8 9 9 9 9 9 9 9 9 9 9 9 9 9 9 9 9 8 9 9 9 8 8 -1.078 9 10
169,SIPP_2^5,"149,93,0","128,149,0",1,605.0322639999999,385,1.75262,5.35338,1.06919,2.13839,17 17 17 17 17 17 17 17 17 17 17 17 17 17 17 -0.016 17 18 -0.137 17 -0.210 18 22
169,SIPP_BigCS,"149,93,6","128,149,3",1,607.0,1890,16.69118,10.46401,1.6098,0.4434,206 206 206 206 206 206 206 206 206 206 206 206 206 206 206 206 206 310 4 4 4 4 4 0 76
169,SIPP_Standard,"149,93,6","128,149,3",1,611.858937,298,0.91269,9.86502,1.4426,0.1887,62 62 62 62 94 0 -2.859 20
170,SIPP_2^2,"189,104,0","182,47,0",0,-1,0,0.0,0.0,0.0,0.0,
170,SIPP_2^3,"189,104,0","182,47,0",0,-1,0,0.0,0.0,0.0,0.0,
170,SIPP_2^4,"189,104,0","182,47,0",0,-1,0,0.0,0.0,0.0,0.0,
170,SIPP_2^5,"189,104,0","182,47,0",0,-1,0,0.0,0.0,0.0,0.0,
170,SIPP_BigCS,"189,104,0","182,47,0",0,-1,0,0.0,0.0,0.0,0.0,
170,SIPP_Standard,"189,104,5","182,47,12",0,-1,0,1e-05,0.0,0.0,0.0,
171,SIPP_2^2,"71,83,0","9,60,0",1,947.2502949999999,2349,0.86722,205.06097,45.55309,91.10619,2 3 3 3 3 2 3 3 3 3 0 0 0 0 0 0 3 3 0 0 3 3 3 3 0 3 3 0 3 3 3 3 3 3 3 3 3 3 3 3 3 3 3 0 0 3 3 0 3 3 0 0 3 0 0 3 0 3 3 3 3 3 3 3 3 3 3 3 3 0 0 0 0 0 3 0 3 3 0 0 -12.821 3 -0.206 3 -0.049 3 3 3 3 -10.063 2 -0.117 3 -11.263 3 -1.096 3 -1.636 3
171,SIPP_2^3,"71,83,0","9,60,0",1,750.568798,1053,0.67215,39.64509,7.85398,15.70796,6 5 5 6 6 7 7 7 7 7 7 7 7 7 7 7 7 7 7 7 7 7 7 7 7 6 7 6 7 7 7 -5.370 0 -3.219 6 -0.201 6 6 6 6 6 6 6 6 6 6 6 6 -3.033 6 -1.050 6 6 6 6 6 6 6 6 6 6 6 6 6 6 6 6 6
171,SIPP_2^4,"71,83,0","9,60,0",1,747.389273,1174,1.99704,20.89669,4.06889,8.13778,12 11 11 14 14 14 14 14 14 14 14 14 14 14 14 14 14 14 14 14 14 14 14 14 14 14 15 14 14 12 12 12 12 12 12 12 12 12 12 12 12 12 12 12 11 11 12 -0.895 12 -1.138 12 12 12 12 12 12 12 12 12 12
171,SIPP_2^5,"71,83,0","9,60,0",1,745.9413420000001,1178,5.1427,16.7515,3.39449,6.78897,22 23 28 28 28 28 28 28 28 28 28 28 28 28 28 28 28 28 28 28 28 29 28 28 28 28 28 25 24 24 24 24 24 24 24 24 24 24 24 24 24 24 23 23 24 24 24 24 24 23
171,SIPP_BigCS,"71,83,11","9,60,7",1,746.570824,8574,59.26624,19.01582,3.7062,0.8776,203 -3.571 347 102 102 102 102 102 102 102 102 102 102 102 102 102 102 102 102 102 102 102 154 322 365 7 7 7 7 7 7 7 7 7 7 7 7 31 307
171,SIPP_Standard,"71,83,11","9,60,7",1,754.924098,1482,3.71968,22.06543,4.1025,0.5676,99 61 77 -9.889 66 54 -1.035 82 3 3 7
172,SIPP_2^2,"151,28,0","81,31,0",0,-1,0,0.0,0.0,0.0,0.0,
172,SIPP_2^3,"151,28,0","81,31,0",0,-1,0,0.0,0.0,0.0,0.0,
172,SIPP_2^4,"151,28,0","81,31,0",0,-1,0,0.0,0.0,0.0,0.0,
172,SIPP_2^5,"151,28,0","81,31,0",0,-1,0,0.0,0.0,0.0,0.0,
172,SIPP_BigCS,"151,28,0","81,31,0",0,-1,0,0.0,0.0,0.0,0.0,
172,SIPP_Standard,"151,28,1","81,31,4",0,-1,0,3e-05,0.0,0.0,0.0,
173,SIPP_2^2,"132,168,0","166,111,0",1,910.0,2911,0.97857,141.42136,31.41593,62.83185,1 1 1 1 1 1 1 1 1 1 1 1 1 1 1 1 1 1 1 1 1 0 1 0 0 0 1 1 0 1 1 0 0 0 0 0 0 0 0 1 0 0 0 0 1 0 0 0 1 0 0 1 0 0 0 0 0 0 0 0 0 0 0 0 0 0 0 0 0 0 0 0 0 0 0 0 0 0 0 0 0 0 0 0 0 1 0 1 1 0 1
173,SIPP_2^3,"132,168,0","166,111,0",1,710.8326239999999,853,0.55251,20.0525,3.92699,7.85398,1 1 1 1 1 1 1 1 1 1 1 1 1 1 1 1 1 1 1 1 1 1 1 1 1 1 1 1 1 1 1 0 0 1 1 0 0 0 0 0 0 0 1 0 0 0 0 0 0 0 0 0 0 0 0 0 0
173,SIPP_2^4,"132,168,0","166,111,0",1,669.8591359999999,224,0.38693,17.74866,3.53926,7.07851,2 2 1 2 2 2 1 2 1 1 1 1 2 1 1 2 2 1 1 1 1 1 1 1 2 2 1 1 1 1 1 1 1 1
173,SIPP_2^5,"132,168,0","166,111,0",1,666.728015,152,0.65952,4.21383,0.8409,1.68179,4 4 4 3 3 4 2 2 2 2 2 2 2 2 2 2 2 2 2 2 2 2 3 3 3 3 3
173,SIPP_BigCS,"132,168,0","166,111,6",1,661.0,46,0.55081,8.88136,1.2966,0.081,252 101 177 196 204 204 204 204 204 204 204 204 204 204 204 204 220 177
173,SIPP_Standard,"132,168,0","166,111,6",1,669.0,47,0.19705,9.938,1.5615,0.116,29 49 60 60 60 68 49 92
174,SIPP_2^2,"94,14,0","157,1,0",0,-1,0,0.0,0.0,0.0,0.0,
174,SIPP_2^3,"94,14,0","157,1,0",0,-1,0,0.0,0.0,0.0,0.0,
174,SIPP_2^4,"94,14,0","157,1,0",0,-1,0,0.0,0.0,0.0,0.0,
174,SIPP_2^5,"94,14,0","157,1,0",0,-1,0,0.0,0.0,0.0,0.0,
174,SIPP_BigCS,"94,14,0","157,1,0",0,-1,0,0.0,0.0,0.0,0.0,
174,SIPP_Standard,"94,14,13","157,1,5",0,-1,0,1e-05,0.0,0.0,0.0,
175,SIPP_2^2,"166,126,0","166,90,0",1,885.012775,4161,2.18056,169.70563,37.69911,75.39822,1 1 1 1 1 1 1 1 0 1 1 1 1 1 1 0 -5.013 1 1 1 1 1 1 1 1 1 0 0 0 0 0 0 0 0 1 0 0 0 0 0 0 0 0 0 0 1 0 1 0 0 0 0 0 0 0 3 3 0 0 3 3 3 3 3 0 3 0 3 3 3 3 0 0 3 0 3 3 3 3 3 3 3 3 3 3 3 3 0 3
175,SIPP_2^3,"166,126,0","166,90,0",1,836.5656050000002,4521,2.74211,51.08953,10.21018,20.42035,1 1 1 1 1 1 1 1 1 1 1 1 1 2 1 2 1 2 2 2 1 1 1 1 1 1 0 0 0 0 0 7 7 7 7 6 6 -138.159 6 6 6 7 7 7 7 7 6 6 6 6 6 6 6 7 6 6 6 6
175,SIPP_2^4,"166,126,0","166,90,0",1,834.565888,4689,7.53841,34.20059,6.78479,13.56958,2 2 2 2 2 2 2 2 2 2 2 3 3 3 3 2 3 2 2 1 1 0 0 15 14 14 14 12 12 -152.411 12 12 14 14 13 14 14 12 12 12 12 12 13 12 -0.780 12 -0.101 12 -0.062 12 -0.620 12
175,SIPP_2^5,"166,126,0","166,90,0",1,834.565888,4733,19.38373,24.97559,4.96528,9.93057,4 4 4 4 4 4 5 5 5 5 5 4 4 4 2 1 31 28 28 28 24 24 -156.123 24 24 28 28 28 28 25 24 24 24 25 -1.386 24 -0.869 24 -0.101 24 -0.062 24 -0.620 24
175,SIPP_BigCS,"166,126,12","166,90,6",0,-1,25804,180.08796,0.0,0.0,0.0,
175,SIPP_Standard,"166,126,12","166,90,6",1,854.644464,22752,53.11184,27.19781,5.0989,0.7133,76 65 45 9 33 74 -107.644 61 93 3
176,SIPP_2^2,"187,125,0","195,57,0",1,840.0,1079,0.32863,127.27922,28.27433,56.54867,0 0 0 0 0 0 0 0 0 0 0 0 0 0 0 0 1 1 0 1 0 0 0 1 0 1 0 0 0 0 0 0 0 0 0 0 0 0 0 0 0 0 0 0 0 0 0 0 1 1 1 1 1 1 1 0 0 0 0 0 0 0 0 0 3 0 0 0 0 0 0 0 0 3 0 0 0 0 0 3 0 0 3 0
176,SIPP_2^3,"187,125,0","195,57,0",1,729.7056320000002,583,0.33706,43.80377,8.63938,17.27876,0 1 1 0 0 1 1 0 0 1 1 1 0 0 0 0 0 0 0 0 0 0 0 0 0 0 0 0 0 0 0 0 0 0 0 0 0 0 0 0 0 0 0 0 0 1 1 1 0 0 0 0 0 0 0 0 0 0 0 0 0 0 0 7 0 0 0 7
176,SIPP_2^4,"187,125,0","195,57,0",1,703.6068,376,0.56668,16.273,3.24553,6.49107,0 1 1 1 1 0 0 0 1 1 0 0 0 0 0 0 0 0 0 0 0 0 0 0 0 0 0 0 0 0 0 0 0 0 0 0 0 1 1 1 0 0 0 0 0 0 0 0 0 0 0 0 0 0 0 0 0 15
176,SIPP_2^5,"187,125,0","195,57,0",1,696.22777,327,1.25219,6.44779,1.287,2.574,1 1 1 1 1 1 0 0 0 0 0 0 0 0 0 0 0 0 0 0 0 0 0 0 0 0 0 0 0 1 1 1 0 0 0 0 0 0 0 0 0 0 0 0 0 0 0 31
176,SIPP_BigCS,"187,125,2","195,57,10",1,700.0,1506,8.31636,10.60889,1.9474,0.2101,204 204 204 204 364 2 6 2 86 308 2 2 6 30
176,SIPP_Standard,"187,125,2","195,57,10",1,726.0,991,1.63457,13.27711,2.5698,0.2446,49 68 37 2 2 2 2 6 90
177,SIPP_2^2,"188,139,0","129,169,0",1,1195.20508,8222,2.67271,190.91883,42.4115,84.823,2 2 2 2 2 2 2 2 3 3 3 2 2 2 2 2 2 2 3 3 3 3 3 2 3 3 3 3 3 3 3 3 3 3 3 3 3 3 3 3 3 3 3 2 2 2 3 2 2 3 2 2 2 3 3 3 2 2 3 3 3 3 2 2 3 3 3 2 2 2 2 2 2 2 3 3 3 3 3 3 3 3 3 3 3 3 3 3 3 3 3 3 3 3 3 3 3 2 3 3 2 3 3 0 -19.513 0 -1.047 1 -0.410 1 -4.235 1 1 1 0 0 0 1 0 0 1
177,SIPP_2^3,"188,139,0","129,169,0",1,714.2640799999998,1137,0.72002,59.70793,11.78097,23.56195,5 5 5 5 5 5 5 5 5 5 5 5 5 5 5 5 6 6 6 5 5 5 5 6 5 6 5 6 5 6 5 5 5 5 6 6 5 5 6 6 5 6 6 6 6 6 6 6 6 6 6 6 6 6 6 6 6 6 6
177,SIPP_2^4,"188,139,0","129,169,0",1,662.601856,59,0.09774,1.61284,0.32175,0.6435,11 11 11 11 11 11 11 11 11 11 11 11 11 11 11 11 11 11 11 11 11 11 11 11 11 11 11 11 11 10
177,SIPP_2^5,"188,139,0","129,169,0",1,662.154553,57,0.23367,0.62154,0.12436,0.24871,22 22 22 22 22 22 22 22 22 22 22 22 22 22 22 22 22 22 22 22 22 22 22 22 22 22 22 22 21
177,SIPP_BigCS,"188,139,4","129,169,8",1,660.0,261,2.12648,7.72907,0.8277,0.0816,103 183 195 195 195 195 203 203 203 203 203 203 203 307
177,SIPP_Standard,"188,139,4","129,169,8",1,670.0,185,0.51498,14.50388,2.4072,0.2437,11 55 59 59 59 67 55 91
178,SIPP_2^2,"128,42,0","65,26,0",0,-1,0,0.0,0.0,0.0,0.0,
178,SIPP_2^3,"128,42,0","65,26,0",0,-1,0,0.0,0.0,0.0,0.0,
178,SIPP_2^4,"128,42,0","65,26,0",0,-1,0,0.0,0.0,0.0,0.0,
178,SIPP_2^5,"128,42,0","65,26,0",0,-1,0,0.0,0.0,0.0,0.0,
178,SIPP_BigCS,"128,42,0","65,26,0",0,-1,0,0.0,0.0,0.0,0.0,
178,SIPP_Standard,"128,42,7","65,26,14",0,-1,76871,180.0018,0.0,0.0,0.0,
179,SIPP_2^2,"168,126,0","222,92,0",0,-1,0,0.0,0.0,0.0,0.0,
179,SIPP_2^3,"168,126,0","222,92,0",0,-1,0,0.0,0.0,0.0,0.0,
179,SIPP_2^4,"168,126,0","222,92,0",0,-1,0,0.0,0.0,0.0,0.0,
179,SIPP_2^5,"168,126,0","222,92,0",0,-1,0,0.0,0.0,0.0,0.0,
179,SIPP_BigCS,"168,126,0","222,92,0",0,-1,0,0.0,0.0,0.0,0.0,
179,SIPP_Standard,"168,126,2","222,92,14",0,-1,0,3e-05,0.0,0.0,0.0,
180,SIPP_2^2,"42,89,0","14,143,0",0,-1,0,0.0,0.0,0.0,0.0,
180,SIPP_2^3,"42,89,0","14,143,0",0,-1,0,0.0,0.0,0.0,0.0,
180,SIPP_2^4,"42,89,0","14,143,0",0,-1,0,0.0,0.0,0.0,0.0,
180,SIPP_2^5,"42,89,0","14,143,0",0,-1,0,0.0,0.0,0.0,0.0,
180,SIPP_BigCS,"42,89,0","14,143,0",0,-1,0,0.0,0.0,0.0,0.0,
180,SIPP_Standard,"42,89,2","14,143,1",0,-1,2,0.02604,0.0,0.0,0.0,
181,SIPP_2^2,"137,180,0","165,242,0",1,1406.284743,6790,2.46253,197.9899,43.9823,87.96459,3 3 3 3 3 0 0 0 0 3 3 0 3 3 3 3 2 2 2 2 2 2 2 2 2 2 2 2 2 2 2 2 2 2 2 2 2 2 2 2 2 2 2 2 2 2 2 2 2 2 2 2 2 2 3 2 2 2 -3.542 2 -1.027 2 -1.137 2 2 2 2 2 2 1 2 1 1 2 2 1 1 1 1 2 1 1 1 1 1 1 1 1 1 1 1 1 1 1 1 1 2 1 2 2 1 2 2 2 2 2 2 2 1 2 1 -135.547 0 1 1 -1.813 1 -3.219 1 1 1 1 1 1 1 2 2 1 1 2 2 1
181,SIPP_2^3,"137,180,0","165,242,0",1,983.6141450000015,1135,0.68602,63.89997,12.56637,25.13274,7 7 6 7 6 6 7 6 6 6 5 5 4 -4.151 4 4 4 4 4 4 4 4 4 4 4 4 3 4 4 4 4 4 4 4 4 4 4 4 4 -7.920 4 4 -3.432 3 3 2 3 3 3 3 3 3 3 3 3 3 3 2 3 3 3 3 3 3 3 3 3 3 3 3 3 3 3 3 3 3 3 3 3 3 2 3
181,SIPP_2^4,"137,180,0","165,242,0",1,964.5786860000001,1401,2.19833,66.99679,13.42768,26.85536,12 12 13 13 13 12 12 12 10 10 8 8 7 7 7 8 8 8 7 6 6 6 6 6 6 7 6 6 6 5 6 6 6 7 7 8 8 7 7 7 6 6 6 6 7 6 7 6 7 6 7 7 7 -33.622 4 -0.206 8 -0.049 8 5 6
181,SIPP_2^5,"137,180,0","165,242,0",1,964.131383,1530,5.95947,49.09481,9.30461,18.60921,25 25 25 24 24 20 20 16 15 15 15 15 12 12 12 12 12 13 12 12 12 11 13 -0.492 14 14 14 15 14 12 12 12 12 13 13 13 13 -1.939 14 16 -40.226 16 -0.206 8 -0.049 16 11
181,SIPP_BigCS,"137,180,13","165,242,15",1,963.455315,9757,53.67152,36.71748,6.9733,1.4669,205 205 205 381 331 4 80 200 200 216 124 207 263 200 304 64 100 100 100 100 100 100 100 100 100 100 100 168 -32.455 24
181,SIPP_Standard,"137,180,13","165,242,15",1,985.0,671,1.54934,38.66866,7.4294,0.9364,93 15 110 44 0 12 71 48 71 52 72 79
182,SIPP_2^2,"191,220,0","227,167,0",1,900.030172,1684,0.46886,148.49242,32.98672,65.97345,1 1 1 1 1 0 0 -10.006 0 -0.012 0 -0.012 0 0 0 0 0 0 0 0 0 0 0 0 0 0 0 0 0 0 0 0 0 0 0 0 0 0 0 0 0 0 0 0 0 0 1 1 1 0 1 1 1 1 1 0 1 0 1 1 1 1 1 1 0 1 1 1 1 0 1 0 0 1 0 1 0 0 0 0 0 1 1 1 1 1 1 0 1 1 1 0
182,SIPP_2^3,"191,220,0","227,167,0",1,758.1723930000004,983,0.53363,60.41708,11.78097,23.56195,0 -10.122 0 -2.571 0 0 0 1 1 -0.515 1 -1.411 1 1 0 1 0 0 0 0 0 0 0 0 0 0 0 0 0 0 1 0 0 1 0 0 0 1 0 0 0 1 1 1 1 1 1 1 1 1 1 1 1 1 2 2 2 1 1 2 2 2 2 2 2 2 2 1
182,SIPP_2^4,"191,220,0","227,167,0",1,731.7324960000001,664,0.96287,33.22833,6.60494,13.20987,15 -7.546 1 -1.631 1 2 3 1 -0.489 1 0 0 1 0 0 0 0 0 0 0 0 0 0 0 0 0 0 0 1 0 0 1 2 2 3 3 2 3 3 3 3 3 3 3 3 3 2 2
182,SIPP_2^5,"191,220,0","227,167,0",1,728.176878,618,2.19318,30.71533,6.12375,12.24749,30 -7.546 2 1 4 5 -1.523 2 0 0 1 0 0 0 0 0 0 0 0 0 0 0 0 1 0 1 0 4 4 6 6 6 6 6 5 6 6 6 5 5
182,SIPP_BigCS,"191,220,9","227,167,0",1,727.531532,4096,19.20959,27.12096,5.0541,1.1059,6 -10.122 6 -2.571 6 -2.109 78 321 204 -0.728 308 6 42 364 6 6 6 50 193 201 201 201 201 201 201 321
182,SIPP_Standard,"191,220,9","227,167,0",1,756.994855,900,1.32403,20.15305,3.8853,0.4918,-33.995 49 92 2 2 22 53 65 53 97
183,SIPP_2^2,"187,161,0","134,112,0",1,1020.0,3966,1.28381,155.56349,34.55752,69.11504,3 3 3 3 0 0 0 0 0 0 0 0 0 0 0 0 0 0 0 0 0 0 0 0 0 0 0 0 0 0 3 3 0 0 0 0 0 3 0 3 3 3 3 3 3 3 3 3 0 0 0 0 0 0 0 3 3 3 3 0 3 3 3 3 3 3 3 0 0 0 0 3 3 3 0 3 3 3 3 3 3 3 0 3 3 0 3 3 3 3 3 3 3 3 0 3 0 3 3 3 3 3
183,SIPP_2^3,"187,161,0","134,112,0",1,732.9646640000005,106,0.06892,11.923,2.3562,4.71239,6 6 6 7 7 7 7 7 7 7 7 7 7 7 7 7 7 7 7 7 7 7 7 7 7 7 7 7 7 7 7 7 7 7 7 7 7 7 7 7 7 7 7 7 7 7 7 7 7 7 7 6 7
183,SIPP_2^4,"187,161,0","134,112,0",1,731.1832080000005,105,0.17039,7.06011,1.4289,2.8578,12 12 12 14 14 14 14 14 14 14 14 14 14 14 14 14 14 14 14 14 14 14 14 14 14 14 14 14 14 14 14 14 14 14 14 14 14 14 14 14 14 14 14 14 14 14 14 14 14 14 13 14
183,SIPP_2^5,"187,161,0","134,112,0",1,730.4453050000006,102,0.42033,3.92766,0.7854,1.5708,24 24 25 28 28 28 28 28 28 28 28 28 28 28 28 28 28 28 28 28 28 28 28 28 28 28 28 28 28 28 28 28 28 28 28 28 28 28 28 28 28 28 28 28 28 28 28 28 28 28 28
183,SIPP_BigCS,"187,161,11","134,112,7",1,723.075102,53,0.46458,5.65405,1.1136,0.2744,7 -0.075 75 102 102 102 102 102 102 102 102 102 102 102 102 102 102 102 102 102 102 102 102 102 102 102 102 102 102 102 102 102 102 102 102 102 102 102 102 102 102 102 102 102 102 102 102 126
183,SIPP_Standard,"187,161,11","134,112,7",1,738.0,100,0.29864,15.97695,3.0434,0.3192,27 66 30 30 30 50 77 66 50
184,SIPP_2^2,"144,98,0","77,80,0",1,850.0,1657,0.63751,77.78175,17.27876,34.55752,3 3 3 3 3 3 3 3 3 3 3 3 3 3 3 3 3 3 3 3 3 3 3 3 3 3 3 3 3 3 3 3 3 3 3 3 3 3 3 3 3 3 3 3 3 3 3 3 3 3 3 3 3 3 3 3 3 3 3 3 3 0 0 0 0 0 0 0 3 0 0 0 0 3 3 0 3 0 0 0 3 0 0 3 0
184,SIPP_2^3,"144,98,0","77,80,0",1,744.5584480000002,1110,0.71595,82.84283,16.49336,32.98672,6 6 6 6 7 7 6 6 6 6 6 6 6 7 6 6 6 6 6 6 6 7 6 7 7 7 6 7 7 7 7 6 6 6 6 6 6 6 6 6 6 6 6 6 7 6 7 6 6 6 6 6 6 6 6 6 6 6 7 6 7 7 6 7 6 6 7
184,SIPP_2^4,"144,98,0","77,80,0",1,714.2736960000001,734,1.46054,17.81451,3.56728,7.13457,12 12 12 12 12 12 12 12 12 12 12 12 12 12 12 12 12 12 12 12 12 12 12 12 12 13 13 13 13 13 12 12 13 13 13 13 12 13 13 12 12 12 12 13 13 13 13 13 13 14
184,SIPP_2^5,"144,98,0","77,80,0",1,707.3492630000001,628,2.84378,13.60215,2.7159,5.4318,24 24 24 24 24 24 24 24 24 24 24 24 24 24 24 24 24 24 25 24 25 25 25 25 25 24 25 25 24 25 25 25 25 25 27 27 28
184,SIPP_BigCS,"144,98,3","77,80,15",1,711.0,3754,30.89085,17.61595,3.1413,0.4495,59 205 205 205 205 205 205 309 43 205 365 7 7 7 3 7 59 205 205 205 325
184,SIPP_Standard,"144,98,3","77,80,15",1,722.0,1170,3.53243,19.41126,3.7158,0.4507,50 93 3 3 3 23 38 23 50
185,SIPP_2^2,"82,73,0","94,4,0",1,970.0,2269,0.93607,134.35029,29.84513,59.69026,0 0 0 0 1 1 0 0 0 0 1 1 0 0 0 0 0 1 0 0 0 0 3 0 0 0 0 0 0 0 0 0 0 0 0 0 0 0 0 0 0 0 0 3 3 3 3 0 0 0 0 0 0 0 0 1 1 0 1 1 0 1 1 1 1 1 1 1 1 1 1 1 0 0 0 0 0 0 0 0 0 0 0 0 0 0 0 0 0 0 0 0 0 3 3 0 3
185,SIPP_2^3,"82,73,0","94,4,0",1,897.5314410000002,2373,1.53294,75.84694,14.92257,29.84513,0 1 1 1 0 0 0 0 1 1 0 0 0 0 1 0 0 0 0 0 0 0 0 0 0 0 0 0 0 7 7 0 0 0 0 0 0 0 0 0 0 7 7 0 0 0 0 -23.681 2 -11.718 2 2 2 2 2 2 2 2 2 2 1 1 0 0 0 0 0 0 0 0 0 0 0 0 0 0 7 0 7 0 0 7
185,SIPP_2^4,"82,73,0","94,4,0",1,892.187073,2567,4.50146,36.78139,7.31442,14.62884,0 1 1 1 1 1 1 0 0 0 0 0 0 0 0 0 0 0 0 0 0 15 0 0 0 0 0 15 15 15 0 0 0 0 0 0 0 -41.496 4 -11.718 4 4 4 4 4 4 4 4 4 4 2 2 0 0 0 0 0 0 0 0 0 0 0 0 0 15 15 0 15
185,SIPP_2^5,"82,73,0","94,4,0",1,873.8978460000005,2364,10.05674,18.78024,3.74215,7.4843,3 3 3 3 4 4 4 3 4 4 4 4 4 4 4 3 4 4 4 4 3 4 4 3 0 0 31 28 28 29 28 28 28 28 28 29 29 29 29 28 28
185,SIPP_BigCS,"82,73,6","94,4,14",1,868.0,23846,160.00155,17.54078,3.2056,0.3613,101 101 101 101 101 101 101 101 101 101 101 101 101 101 125 204 204 204 204 220 101 101 101 117 218 102 154 218 154
185,SIPP_Standard,"82,73,6","94,4,14",1,895.0,7472,14.91417,18.41144,3.4976,0.3774,65 49 68 49 68 29 33 66 30 30 54
186,SIPP_2^2,"204,152,0","207,222,0",0,-1,0,0.0,0.0,0.0,0.0,
186,SIPP_2^3,"204,152,0","207,222,0",0,-1,0,0.0,0.0,0.0,0.0,
186,SIPP_2^4,"204,152,0","207,222,0",0,-1,0,0.0,0.0,0.0,0.0,
186,SIPP_2^5,"204,152,0","207,222,0",0,-1,0,0.0,0.0,0.0,0.0,
186,SIPP_BigCS,"204,152,0","207,222,0",0,-1,0,0.0,0.0,0.0,0.0,
186,SIPP_Standard,"204,152,3","207,222,9",0,-1,78848,180.00149,0.0,0.0,0.0,
187,SIPP_2^2,"104,145,0","73,82,0",1,1061.418387,3573,1.33839,226.27417,50.26548,100.53096,0 1 0 0 0 1 0 0 1 1 1 1 0 0 0 0 0 0 -1.418 0 3 3 3 3 3 3 3 3 3 3 3 3 3 3 0 3 3 3 3 3 3 3 3 0 0 3 0 0 0 0 0 0 0 0 0 0 0 0 0 0 0 0 0 0 0 3 3 3 0 0 3 0 3 0 0 0 3 0 0 0 0 3 3 0 3 0 0 0 0 0 3 3 0 3 0 0 0 0 3 0 0 0 0 0 0 3 0
187,SIPP_2^3,"104,145,0","73,82,0",1,824.6803920000009,837,0.53443,48.42651,9.42478,18.84956,1 1 1 1 1 1 0 0 0 1 1 0 0 0 0 7 0 7 7 7 7 7 7 7 7 7 7 7 7 0 0 0 0 0 0 7 7 7 7 7 7 7 7 7 7 7 7 7 7 7 7 7 0 7 7 7 7 7 7 7 7 0 7
187,SIPP_2^4,"104,145,0","73,82,0",1,797.9585520000009,508,0.839,20.76558,4.1448,8.2896,2 2 1 2 1 1 1 1 0 15 15 15 15 15 15 15 14 14 14 14 14 15 14 14 14 14 14 14 14 14 14 14 14 14 14 14 14 14 14 14 14 14 15 14 14 14 15 14
187,SIPP_2^5,"104,145,0","73,82,0",1,793.6832680000008,431,1.7804,12.15196,2.38997,4.77993,2 3 3 2 3 -0.936 31 30 29 30 29 29 29 29 28 28 28 28 28 28 28 28 28 28 28 28 28 28 28 28 28 28 28 28 29 29 28 28
187,SIPP_BigCS,"104,145,10","73,82,7",1,790.0,1126,6.73628,15.86152,2.8962,0.3648,204 204 252 117 250 182 202 202 202 202 250 102 102 102 102 102 102 102 102 102 102 102 102 102 102 102 102 102 102 154
187,SIPP_Standard,"104,145,10","73,82,7",1,810.0,195,0.53093,20.27445,3.8804,0.3399,68 37 10 54 66 50 69 54 66 30
188,SIPP_2^2,"96,191,0","156,157,0",1,1017.016527,2250,0.68226,212.13203,47.12389,94.24778,2 2 -26.595 1 -0.370 1 -0.093 1 -9.947 0 -0.012 0 0 1 1 1 0 1 1 1 1 1 1 1 1 1 1 1 1 0 1 1 1 1 0 1 1 1 0 1 1 1 0 0 1 1 1 1 1 1 1 1 1 1 1 0 0 1 0 1 0 1 1 1 1 1 1 1 1 1 1 1 1 1 0 0 0 0 0 0 0 0 0 0 0 0 0 0 1 0 1 0 0 0 0 1 0 0 1 0 1 1 0
188,SIPP_2^3,"96,191,0","156,157,0",1,817.8721830000004,1112,0.65519,119.41956,23.56195,47.12389,3 3 3 -24.631 0 -9.947 0 -0.012 0 1 2 2 -0.023 1 2 2 1 1 1 1 1 2 1 1 2 1 2 1 1 1 1 1 1 1 2 1 1 1 2 1 1 2 1 2 1 1 1 1 1 1 1 2 2 2 1 2 2 2 2 1 2 2 2 1 2 2 1
188,SIPP_2^4,"96,191,0","156,157,0",1,773.8667600000001,390,0.59317,10.37688,5.21399,10.42799,8 8 -36.965 0 -0.093 0 1 3 3 3 3 3 3 3 3 3 3 3 3 2 2 3 3 3 3 3 3 3 3 3 3 3 3 3 3 3 2 2 2
188,SIPP_2^5,"96,191,0","156,157,0",1,770.7998410000001,295,1.09542,7.42852,4.62181,9.24361,16 16 -36.965 0 1 6 6 6 6 6 6 6 6 6 6 6 6 6 6 6 6 6 6 5 6 6 6 6 5 5 5 5
188,SIPP_BigCS,"96,191,8","156,157,6",1,780.513075,598,3.2615,28.71492,5.2203,1.4098,4 68 351 -11.038 161 -1.475 50 201 201 201 201 201 201 201 201 201 201 201 201 201 201 217 101 153 217
188,SIPP_Standard,"96,191,8","156,157,6",1,834.762348,58,0.12091,20.16142,3.7729,0.3951,36 -91.762 13 68 29 53 57 65 53 89
189,SIPP_2^2,"252,78,0","248,5,0",1,770.0,330,0.11191,42.42641,9.42478,18.84956,0 0 0 0 0 0 0 0 0 0 0 0 0 0 0 0 0 0 0 0 0 0 0 0 0 0 0 0 0 0 0 0 0 0 0 0 0 0 0 0 0 0 0 0 3 3 0 0 0 0 0 0 0 0 0 0 0 0 0 0 0 0 0 0 0 0 0 0 0 0 0 0 0 3 0 3 0
189,SIPP_2^3,"252,78,0","248,5,0",1,753.0570399999999,456,0.23231,31.41887,6.28319,12.56637,0 0 0 0 0 0 0 0 0 0 0 0 0 0 0 0 0 0 0 0 0 0 0 0 0 0 0 0 0 0 0 0 7 0 0 0 0 0 7 0 0 0 0 0 0 0 0 0 0 0 0 0 0 0 0 0 0 0 0 0 0 0 7 0 0 0 0 0 0 0 0 7 -6.488 0
189,SIPP_2^4,"252,78,0","248,5,0",1,753.0570399999999,579,0.82033,17.4206,3.42539,6.85077,0 0 0 0 0 0 0 0 0 0 15 15 0 0 0 0 0 0 0 0 0 0 0 0 0 0 0 0 0 0 0 0 0 0 0 0 0 0 0 0 0 0 0 0 0 0 0 0 0 0 0 0 0 0 0 0 0 0 0 0 0 0 0 0 0 15 -4.406 0 0 14 -7.427 0
189,SIPP_2^5,"252,78,0","248,5,0",1,753.0570399999999,622,2.25671,15.93764,3.14159,6.28319,0 0 0 0 0 0 0 0 0 0 0 0 0 0 0 0 0 0 0 0 0 0 0 0 0 0 0 0 0 0 0 0 0 0 0 0 0 0 0 0 0 0 0 0 0 31 31 0 0 0 0 0 0 0 0 0 0 0 0 0 0 0 0 0 -5.005 0 -0.394 0 -0.040 30 -1.920 0 -0.093 24
189,SIPP_BigCS,"252,78,0","248,5,14",1,752.9598749999999,3301,17.57071,14.95803,2.8773,0.5549,6 6 6 6 6 6 2 2 6 30 202 202 306 6 6 6 6 6 6 6 2 6 6 6 6 30 338 -4.960 308
189,SIPP_Standard,"252,78,0","248,5,14",1,810.0,1793,2.926,21.0907,4.0149,0.5068,2 2 2 6 74 77 106 49 92 2
190,SIPP_2^2,"234,61,0","169,37,0",1,1046.651069,2281,0.75615,169.70563,37.69911,75.39822,3 3 3 3 3 3 3 3 3 0 3 3 3 0 0 0 3 3 3 3 3 3 0 0 3 0 3 3 3 3 3 3 3 3 3 3 3 3 3 0 3 0 3 0 0 0 0 0 0 0 0 0 3 3 3 3 3 3 0 -20.335 3 -21.635 3 -0.106 0 -9.929 3 -0.012 3 3 3 3 3 3 3 3 3 3 0 3 0 -101.016 0 -3.619 3 3 0 3 3 3 3 3 3 3 3 3
190,SIPP_2^3,"234,61,0","169,37,0",1,749.4112640000001,605,0.37422,44.41879,8.63938,17.27876,7 7 7 7 6 6 6 6 6 6 6 6 6 6 6 6 6 6 6 6 6 7 7 6 6 6 6 6 7 7 7 6 7 7 7 7 7 7 7 7 7 7 7 6 6 6 6 6 6 6 6 6 6 7 6 7 7 7 6 6 6 6 6 6 6
190,SIPP_2^4,"234,61,0","169,37,0",1,722.8533940000001,523,0.82629,28.27708,5.63968,11.27937,12 12 12 12 12 13 12 12 12 12 12 13 13 13 13 13 13 13 12 12 12 13 12 13 13 13 13 13 13 13 14 14 13 14 13 13 13 -9.071 14 12 12 12 12 12 12 12
190,SIPP_2^5,"234,61,0","169,37,0",1,703.875999,361,1.42712,5.8696,1.17601,2.35201,24 24 24 24 25 25 25 25 25 25 25 25 25 25 27 27 27 27 26 26 26 26 26 25 24 24 24 24 24 24
190,SIPP_BigCS,"234,61,15","169,37,12",1,728.7349820000001,3406,16.64212,16.6068,2.8656,0.626,205 205 205 205 205 205 205 309 7 3 87 205 205 205 205 205 205 205 205 253 -16.735 102 162 7 67
190,SIPP_Standard,"234,61,15","169,37,12",1,795.974164,1304,2.2946,25.94278,4.8606,0.6345,19 61 93 3 23 50 77 -50.220 74 -0.754 109
191,SIPP_2^2,"28,29,0","96,50,0",0,-1,0,0.0,0.0,0.0,0.0,
191,SIPP_2^3,"28,29,0","96,50,0",0,-1,0,0.0,0.0,0.0,0.0,
191,SIPP_2^4,"28,29,0","96,50,0",0,-1,0,0.0,0.0,0.0,0.0,
191,SIPP_2^5,"28,29,0","96,50,0",0,-1,0,0.0,0.0,0.0,0.0,
191,SIPP_BigCS,"28,29,0","96,50,0",0,-1,0,0.0,0.0,0.0,0.0,
191,SIPP_Standard,"28,29,2","96,50,7",0,-1,0,3e-05,0.0,0.0,0.0,
192,SIPP_2^2,"131,136,0","64,110,0",1,990.0,3462,1.18606,205.06097,45.55309,91.10619,3 3 3 3 3 3 3 3 0 0 0 0 0 3 3 3 3 3 3 0 3 3 3 0 0 0 0 3 3 3 3 0 3 3 0 0 3 0 0 0 3 0 3 3 3 3 3 3 3 0 3 3 3 0 3 3 3 3 3 3 0 3 3 3 3 3 3 3 3 3 3 3 0 0 0 3 0 0 0 0 3 3 3 3 3 3 3 0 3 3 3 0 3 3 3 3 2 2 2
192,SIPP_2^3,"131,136,0","64,110,0",1,777.695536,1321,0.8841,52.10049,10.21018,20.42035,7 7 7 7 7 7 7 7 7 7 7 7 7 7 7 7 7 6 6 7 6 6 7 7 6 6 6 6 6 6 6 6 6 6 6 6 7 6 7 7 7 6 6 6 6 6 6 7 6 6 6 6 7 6 6 6 6 6 6 6 6 6 6 6 6 6 6
192,SIPP_2^4,"131,136,0","64,110,0",1,735.343274,702,1.27472,30.31448,6.02742,12.05484,13 13 13 13 13 13 13 13 13 13 13 13 12 12 13 12 13 13 12 13 13 12 12 12 12 13 13 13 12 12 12 13 13 13 13 12 12 12 13 13 -3.966 12
192,SIPP_2^5,"131,136,0","64,110,0",1,720.3091349999999,212,1.10131,2.12951,0.42569,0.85138,25 25 25 25 25 25 25 25 25 25 25 25 26 26 25 25 25 26 26 26 26 26 26 26 26 26
192,SIPP_BigCS,"131,136,1","64,110,6",1,722.0,859,7.67414,10.69394,1.4844,0.1702,205 205 205 205 205 205 205 205 205 205 205 205 205 205 205 205 205 205 205 205 205 205 309 7 7 7 7 59 365
192,SIPP_Standard,"131,136,1","64,110,6",1,741.0,1129,3.38303,24.56591,4.6922,0.4761,23 50 93 19 93 19 69 50 93
193,SIPP_2^2,"182,132,0","237,186,0",1,1090.0,4703,1.42409,233.34524,51.83628,103.67256,1 1 1 1 1 1 1 2 2 2 2 1 1 1 1 1 2 1 1 1 1 1 1 1 1 1 1 1 1 1 1 1 1 1 1 1 1 2 2 2 2 2 2 2 2 2 2 2 2 2 2 2 2 1 2 2 1 2 2 2 1 2 2 1 2 2 2 2 2 1 1 2 2 1 1 2 1 1 2 2 2 2 2 2 2 2 2 2 2 1 2 1 2 1 2 1 1 1 1 1 2 1 1 2 1 2 1 1 2
193,SIPP_2^3,"182,132,0","237,186,0",1,832.238214000001,813,0.50074,48.56027,9.42478,18.84956,3 4 4 3 4 4 4 3 3 3 3 4 4 -1.615 2 -4.227 3 3 2 2 2 2 2 2 2 2 2 3 3 3 3 3 3 3 3 3 3 3 3 3 3 3 3 3 3 3 3 3 3 3 3 3 3 3 3 3 3 3 3 3 3 3 3 4 4 3
193,SIPP_2^4,"182,132,0","237,186,0",1,792.5484560000003,442,0.8591,11.29069,2.25225,4.50451,5 5 5 5 5 5 5 5 5 5 7 7 6 6 6 6 6 6 6 6 6 6 6 6 6 6 6 6 6 6 6 6 6 6 7 7 7 7 7 7 6 6 6 7 6
193,SIPP_2^5,"182,132,0","237,186,0",1,788.9700320000001,350,1.51647,8.7987,1.75483,3.50967,10 10 10 10 10 10 10 10 10 10 14 13 12 12 12 12 12 12 12 12 12 12 12 12 12 12 12 12 13 13 12 13 13 13 13 13 12
193,SIPP_BigCS,"182,132,13","237,186,15",1,781.0,445,2.90968,13.04464,2.2683,0.2712,207 207 207 207 207 207 207 207 207 327 248 100 100 100 100 100 100 100 100 100 100 100 100 180 216 100 152 216
193,SIPP_Standard,"182,132,13","237,186,15",1,825.1976689999999,527,1.08308,23.9596,4.3555,0.521,63 63 79 -2.198 72 79 72 71 48 87 0
194,SIPP_2^2,"128,54,0","71,52,0",0,-1,0,0.0,0.0,0.0,0.0,
194,SIPP_2^3,"128,54,0","71,52,0",0,-1,0,0.0,0.0,0.0,0.0,
194,SIPP_2^4,"128,54,0","71,52,0",0,-1,0,0.0,0.0,0.0,0.0,
194,SIPP_2^5,"128,54,0","71,52,0",0,-1,0,0.0,0.0,0.0,0.0,
194,SIPP_BigCS,"128,54,0","71,52,0",0,-1,0,0.0,0.0,0.0,0.0,
194,SIPP_Standard,"128,54,6","71,52,11",0,-1,9,0.01221,0.0,0.0,0.0,
195,SIPP_2^2,"27,100,0","85,56,0",1,1020.0,2090,0.96931,212.13203,47.12389,94.24778,1 0 1 1 1 0 1 1 0 0 1 0 1 0 0 1 1 1 0 1 1 0 1 0 0 0 0 0 0 0 0 0 0 0 0 0 0 0 0 0 1 1 1 1 1 1 1 1 1 1 1 1 1 1 1 1 1 1 1 1 1 1 1 1 1 1 1 1 1 1 1 1 1 1 0 0 1 0 0 1 1 1 0 0 1 0 1 0 1 1 0 1 0 0 0 0 0 0 0 0 0 1
195,SIPP_2^3,"27,100,0","85,56,0",1,922.568798,2292,1.48994,99.73652,19.63495,39.26991,1 1 1 1 2 1 1 1 2 2 1 -0.827 2 1 1 1 1 1 1 1 1 1 1 2 2 1 2 2 2 2 2 2 2 2 2 2 2 1 1 1 1 1 1 1 2 2 1 2 2 2 2 1 1 2 1 2 2 2 2 1 1 1 1 1 1 -1.650 0 -0.370 0 7 6 -3.864 7 6 7 7 -9.071 0 -1.101 0
195,SIPP_2^4,"27,100,0","85,56,0",1,922.568798,2685,4.52877,56.6839,11.85689,23.71377,2 2 3 3 3 3 -0.758 1 -4.493 3 2 2 2 2 3 2 2 2 3 2 4 4 4 4 4 4 3 3 4 3 3 3 3 3 3 3 3 3 3 3 3 3 2 2 2 2 -3.468 13 -6.877 13 13 13 14 -0.001 4 -1.101 0
195,SIPP_2^5,"27,100,0","85,56,0",1,922.568798,2724,11.42253,60.48015,11.83229,23.66457,5 5 5 -0.202 6 0 -2.965 7 4 4 4 4 4 4 4 4 4 7 7 7 8 8 8 7 6 6 6 6 6 6 6 6 5 6 6 5 4 4 0 24 24 -7.153 26 26 27 -0.449 8 -1.101 0
195,SIPP_BigCS,"27,100,8","85,56,2",1,922.4545840000001,25487,175.2146,44.179,8.5089,2.2083,89 101 101 101 -5.964 153 249 101 101 101 157 5 5 5 5 65 181 201 201 201 201 201 201 201 337 -17.200 351 165 -13.510 322 -7.781 237
195,SIPP_Standard,"27,100,8","85,56,2",1,922.480231,4685,11.28225,33.51876,6.4418,0.7827,53 -14.251 65 49 84 1 5 89 5 73 -2.714 108 -9.514 46
196,SIPP_2^2,"104,203,0","118,131,0",1,1078.482993,3488,1.12421,169.70563,37.69911,75.39822,0 0 0 0 0 0 0 0 0 3 -7.031 0 -10.064 0 -0.310 0 -1.078 0 0 0 0 0 0 0 0 0 0 0 0 0 0 0 0 0 0 0 0 1 1 0 1 0 0 0 0 1 0 0 1 1 1 1 1 1 1 0 0 0 0 1 0 0 0 0 1 0 0 0 0 1 0 1 1 0 1 1 0 1 0 0 0 0 0 0 0 0 0 0 0 0 0 0 0 0 0 0 0 0 0 0 0 3 3 3 3 2 2 2 2 2
196,SIPP_2^3,"104,203,0","118,131,0",1,830.5526980000003,1460,0.88249,83.17497,16.49336,32.98672,0 1 1 1 1 1 0 0 1 1 1 1 0 0 0 0 0 1 1 1 0 1 0 0 1 0 0 0 0 0 0 0 0 0 0 0 0 0 0 0 1 0 1 1 0 0 0 0 0 0 0 0 -5.641 0 -13.785 1 0 0 0 0 0 0 0 0 0 7 0 0 7 7 0 0 0 7
196,SIPP_2^4,"104,203,0","118,131,0",1,823.108739,1520,2.38049,46.64144,9.31091,18.62182,2 2 2 2 1 2 1 1 1 0 0 0 0 1 1 1 0 0 0 0 0 0 1 0 0 1 0 0 0 0 0 0 0 0 0 1 0 0 1 1 -42.266 1 0 0 0 0 0 15 0 15 0 0 15 0 0 15
196,SIPP_2^5,"104,203,0","118,131,0",1,754.61775,522,2.06686,9.70192,1.9305,3.86101,31 31 31 0 -2.162 0 1 1 1 1 1 1 1 1 1 1 1 1 1 1 1 0 0 0 0 0 1 0 0 0 0 0 1
196,SIPP_BigCS,"104,203,12","118,131,13",1,766.0,5008,34.09822,22.80975,4.4308,0.9661,204 204 220 101 161 6 6 6 6 6 6 2 2 2 58 364 62 161 6 66
196,SIPP_Standard,"104,203,12","118,131,13",1,824.88169,4262,9.12725,30.75661,5.903,0.6866,49 68 49 108 46 22 49 -12.882 92 6 90
197,SIPP_2^2,"181,90,0","172,29,0",1,1096.651069,1319,0.42733,261.62951,58.11946,116.23893,1 1 1 2 2 1 1 1 2 2 1 1 1 0 1 1 0 0 0 0 0 1 0 0 0 0 0 0 0 0 0 0 0 1 0 0 1 0 0 -1.574 3 -14.865 0 -1.158 0 0 0 -4.203 0 0 0 0 3 0 0 0 0 0 0 0 0 0 0 0 0 0 0 0 3 0 0 3 3 3 3 3 3 3 3 0 3 3 0 3 0 0 0 0 3 0 0 0 -11.232 0 -3.619 3 0 0 3 0 3 3 3 0 3 3 0 0 0 0 3 0
197,SIPP_2^3,"181,90,0","172,29,0",1,939.8275760000012,794,0.44929,99.1322,19.63495,39.26991,2 3 3 2 2 3 3 3 2 1 1 1 0 1 1 0 0 1 0 0 0 0 0 0 0 0 0 0 0 0 1 1 0 1 0 0 0 1 0 0 0 0 0 7 7 7 7 7 7 7 7 0 0 0 7 0 7 7 7 7 7 7 7 7 7 7 7 7 0 0 7 7 7 7 6 6 7
197,SIPP_2^4,"181,90,0","172,29,0",1,911.027033,766,1.13042,44.84535,8.92317,17.84635,6 6 5 5 5 4 2 1 1 1 1 0 1 0 0 1 0 0 0 1 0 0 0 0 0 0 0 0 1 0 0 0 0 0 14 14 15 15 15 14 14 14 15 15 15 15 15 14 14 14 14 14 14 13 13 13 -0.896 12 -0.206 12
197,SIPP_2^5,"181,90,0","172,29,0",1,911.027033,824,2.97081,31.67128,6.3036,12.6072,11 11 9 4 1 1 1 1 1 1 0 0 0 1 0 0 0 0 0 1 0 0 0 28 28 28 29 30 28 28 29 -3.020 29 29 29 29 30 -2.201 28 26 25 -4.850 24 -0.206 24
197,SIPP_BigCS,"181,90,2","172,29,1",1,910.9298679999999,4855,23.49325,32.74224,6.091,1.3706,64 184 -3.503 69 204 204 204 204 204 204 204 204 364 6 2 66 182 202 250 154 202 202 202 322 -3.178 205 -2.248 309
197,SIPP_Standard,"181,90,2","172,29,1",1,937.063636,874,1.3354,33.09732,6.2176,0.8048,80 -16.540 13 92 2 -9.524 18 108 54 58 74 69 50
198,SIPP_2^2,"1,13,0","40,74,0",1,1214.252763,5569,1.69781,240.41631,56.54867,113.09734,2 2 2 1 2 2 2 1 2 1 2 2 2 1 1 1 2 1 2 1 1 1 1 1 1 1 1 1 1 1 1 1 1 1 1 1 1 1 1 2 1 2 2 2 1 1 1 2 2 1 2 1 2 2 2 2 2 2 2 2 2 2 2 2 2 2 2 2 2 2 2 2 2 2 2 2 2 2 2 2 2 2 2 1 2 2 2 2 1 1 1 1 2 2 2 2 1 1 2 1 2 2 1 1 1 2 2 2 2 -24.066 0 -5.067 3 -5.121 3 3 3 0 0 3 0
198,SIPP_2^3,"1,13,0","40,74,0",1,771.5433040000003,852,0.5059,59.65695,11.78097,23.56195,4 4 4 3 3 4 4 4 3 4 3 3 3 3 3 3 3 3 3 3 3 3 3 3 3 3 3 3 3 3 3 3 3 3 3 3 3 4 3 4 4 4 4 4 4 4 4 3 3 3 3 4 3 3 4 3 4 4 4 4 3
198,SIPP_2^4,"1,13,0","40,74,0",1,735.9141839999999,338,0.52183,8.73227,1.75065,3.5013,8 8 7 7 7 7 7 7 6 6 6 6 6 6 6 6 6 6 6 6 6 6 6 7 7 7 6 6 6 6 7 7 7 7 7 7 7 7 7 7 7
198,SIPP_2^5,"1,13,0","40,74,0",1,733.245416,316,1.20105,3.93139,0.7854,1.5708,15 15 15 14 13 12 12 12 12 12 12 12 12 12 12 12 12 12 12 12 13 13 13 13 14 14 14 14 14 14 14 14 14 14
198,SIPP_BigCS,"1,13,9","40,74,4",1,730.307407,904,5.62671,7.98561,1.1166,0.0862,80 200 200 200 248 100 100 100 100 100 100 100 100 100 100 100 100 100 100 100 180 -0.307 192 192 200 200 200
198,SIPP_Standard,"1,13,9","40,74,4",1,742.7565809999999,262,0.56328,21.29536,3.8277,0.4129,44 12 79 64 52 64 -2.757 52 56 56
199,SIPP_2^2,"188,210,0","234,158,0",0,-1,0,0.0,0.0,0.0,0.0,
199,SIPP_2^3,"188,210,0","234,158,0",0,-1,0,0.0,0.0,0.0,0.0,
199,SIPP_2^4,"188,210,0","234,158,0",0,-1,0,0.0,0.0,0.0,0.0,
199,SIPP_2^5,"188,210,0","234,158,0",0,-1,0,0.0,0.0,0.0,0.0,
199,SIPP_BigCS,"188,210,0","234,158,0",0,-1,0,0.0,0.0,0.0,0.0,
199,SIPP_Standard,"188,210,8","234,158,1",0,-1,0,3e-05,0.0,0.0,0.0,
200,SIPP_2^2,"104,131,0","108,207,0",1,847.56346,571,0.1998,56.56854,12.56637,25.13274,2 2 2 2 2 2 2 1 2 1 1 2 -19.389 2 2 -8.174 2 2 2 2 2 2 2 2 2 2 2 2 2 2 2 2 2 2 2 2 2 2 2 2 2 2 2 2 2 2 2 2 2 2 2 2 2 2 2 2 2 2 2 1 1 2 2 2 2 2 2 2 2 2 2 2 2 2 2 2 2 2 2 2 2 2 3 2
200,SIPP_2^3,"104,131,0","108,207,0",1,809.4051999999999,363,0.23726,39.74724,7.85398,15.70796,4 5 5 4 4 5 -0.142 4 4 -7.841 4 4 4 3 4 3 3 3 3 3 4 4 4 4 4 4 4 4 4 4 4 4 4 4 4 4 4 4 4 4 4 4 4 4 4 4 4 3 4 4 4 4 4 4 4 4 4 4 4 4 4 4 4 4 4 4 4 4 4 4 4 4 4 4 4 4 4 4
200,SIPP_2^4,"104,131,0","108,207,0",1,805.613443,346,0.60458,15.91408,3.14159,6.28319,9 10 9 9 8 -3.028 7 7 7 6 6 6 -1.263 6 -4.087 8 8 8 8 8 8 8 8 8 8 8 8 8 8 8 8 8 8 8 8 8 8 8 8 8 8 8 8 8 8 8 8 8 8 8 8 8 8 8 8 8 8 8 8 8 8 8 8 8 8 8 8 8 8 8 8 7
200,SIPP_2^5,"104,131,0","108,207,0",1,804.87554,342,1.69707,12.34246,2.48055,4.9611,19 18 17 -4.213 14 14 14 12 12 12 -1.263 12 -4.087 16 16 16 16 16 16 16 16 16 16 16 16 16 16 16 16 16 16 16 16 16 16 16 16 16 16 16 16 16 16 16 16 16 16 16 16 16 16 16 16 16 16 16 16 16 16 16 16 16 16 16 16 16 16 16 15
200,SIPP_BigCS,"104,131,2","108,207,12",1,805.058329,1451,9.78642,18.35969,3.5453,0.7917,179 -1.343 342 -0.200 200 -0.274 200 320 -2.240 239 4 4 4 4 4 4 4 0 4 4 4 4 4 0 0 0 4 4 12
200,SIPP_Standard,"104,131,2","108,207,12",1,837.8796120000001,928,1.86035,23.39903,4.5289,0.6033,51 110 -30.880 44 0 8 44 0 0 0 16
201,SIPP_2^2,"56,223,0","137,225,0",1,1030.0,1770,0.57589,155.56349,34.55752,69.11504,1 2 2 2 2 2 2 2 1 2 2 2 1 2 1 1 1 1 2 1 1 1 1 1 1 1 1 1 1 1 1 1 1 1 1 1 1 1 1 1 1 1 1 1 1 1 1 1 1 1 1 1 1 1 1 1 1 1 1 1 1 0 0 1 1 1 1 1 1 1 1 0 1 0 1 1 1 1 1 1 1 0 1 1 1 1 0 1 1 1 1 1 1 1 1 1 0 0 1 1 0 0 1
201,SIPP_2^3,"56,223,0","137,225,0",1,957.5280349999999,1369,0.77892,47.43347,9.42478,18.84956,4 4 3 4 4 3 4 4 4 4 3 3 2 2 2 2 2 2 2 2 3 -1.254 2 2 2 1 1 1 1 1 1 2 2 2 2 2 2 2 2 2 2 1 1 1 1 1 2 2 2 2 2 2 2 2 2 2 2 2 2 2 2 2 2 2 2 2 2 2 2 2 2 2 2 2 2 2 2 2 2 2 2 2 2 2 2 2 2 2 2 2
201,SIPP_2^4,"56,223,0","137,225,0",1,936.055152,1121,1.84076,38.30656,7.59822,15.19643,8 8 7 7 8 8 8 8 6 6 4 4 4 4 5 4 5 3 3 3 3 3 4 4 4 4 4 4 4 4 4 4 4 4 4 4 4 4 4 4 4 4 4 4 3 4 4 4 4 4 4 4 4 4 4 4 4 4 4 4 4 4 4 4 4 3 3 3 3 3 4 4 3
201,SIPP_2^5,"56,223,0","137,225,0",1,924.248704,921,3.63371,22.52972,4.46655,8.9331,15 15 16 16 16 16 12 12 9 8 8 9 8 7 7 7 7 7 7 7 7 7 7 8 8 8 8 7 8 8 8 8 8 8 8 8 8 7 8 8 8 8 8 8 8 8 8 8 8 8 8 8 8 8 8 8 8
201,SIPP_BigCS,"56,223,11","137,225,3",1,930.0,5183,32.57351,23.45533,4.4379,0.8328,4 4 4 80 328 57 383 201 201 201 201 201 305 5 5 5 5 5 5 5 5 5 5 5 5 5 5 5 5 5 5 5 5 5 5 5 5 5 5 1 5 5 81 305
201,SIPP_Standard,"56,223,11","137,225,3",1,974.0,3231,7.61476,24.79555,4.7189,0.5929,4 72 95 1 1 1 9 53 73 84 1 1
202,SIPP_2^2,"88,80,0","12,95,0",1,1390.20508,7936,2.96586,226.27417,50.26548,100.53096,3 3 3 3 3 3 3 3 3 3 2 2 -18.574 3 3 3 3 3 3 3 3 3 3 3 3 3 3 3 3 3 0 3 0 0 0 0 3 3 0 0 0 3 3 3 3 3 0 3 0 3 3 0 3 0 0 0 0 0 0 0 0 0 3 3 3 3 0 3 0 3 3 3 0 3 3 3 3 3 3 3 3 3 3 3 3 3 3 3 3 3 3 -1.631 3 2 3 3 2 2 2 2 2 2 2 2 2 2 2 2 2 2 2 2 2 2 2 2 2 2 2 2 2 2 2 2 2 2 2 3 3 2 3 2 3 3 3 3 2 2 3
202,SIPP_2^3,"88,80,0","12,95,0",1,1284.1950799999995,8156,5.40613,140.17218,27.48894,54.97787,6 5 5 5 6 6 6 6 6 6 6 6 6 7 7 7 7 7 6 7 6 -5.734 0 -0.029 0 7 6 6 6 7 7 7 7 6 6 6 6 6 6 6 6 6 6 6 7 6 7 7 6 6 6 6 6 6 6 6 7 7 6 6 6 7 6 7 6 7 7 7 6 6 6 7 6 6 6 6 6 6 6 -3.823 4 -0.117 4 -3.576 4 -0.084 4 4 4 4 4 4 4 4 3 3 3 3 4 4 4 4 4 4 4 4 4 4 4 4 4 4 5 4 5 5 5 4 5
202,SIPP_2^4,"88,80,0","12,95,0",1,1268.078028,8032,13.90046,73.39235,14.8087,29.61739,12 11 11 11 12 12 12 12 -2.611 12 12 14 14 15 15 0 -0.265 0 13 12 12 12 12 12 -2.145 13 13 13 13 13 13 13 13 13 13 12 12 12 12 12 12 12 12 12 12 12 12 12 13 13 13 13 13 13 12 12 -7.786 8 -9.986 8 -0.029 12 -0.034 12 -0.032 12 -0.033 12 -0.117 8 -3.576 8 7 7 7 8 8 7 8 8 8 8 8 8 9 9 8 8 8 8 8 9 9 8 8 9
202,SIPP_2^5,"88,80,0","12,95,0",1,1261.8643950000003,7990,34.42238,78.05543,15.78388,31.56775,23 23 22 23 26 28 29 30 -0.447 0 -0.370 0 25 24 24 24 24 -2.770 25 25 25 25 25 25 25 25 25 25 25 25 25 25 25 24 25 -19.691 16 -0.029 24 -10.065 16 -0.033 24 -0.117 16 -3.576 16 -0.427 15 15 16 15 15 16 17 17 17 16 17 16 16 16 17
202,SIPP_BigCS,"88,80,15","12,95,13",0,-1,24581,180.20022,0.0,0.0,0.0,
202,SIPP_Standard,"88,80,15","12,95,13",1,1285.036833,52131,126.43414,33.26051,6.2451,0.6543,91 -23.180 27 66 30 50 61 69 -0.244 38 7 67 -8.811 39 0 -5.801 16 94 0
203,SIPP_2^2,"102,83,0","83,158,0",1,940.0,1644,0.63346,155.56349,34.55752,69.11504,2 2 2 2 2 2 2 2 2 2 2 2 2 2 2 2 2 2 2 2 2 3 3 3 2 2 2 2 2 2 2 2 2 3 3 2 2 3 2 3 2 3 2 2 3 2 2 2 2 2 2 3 3 3 3 2 3 3 2 2 2 2 2 3 2 3 3 2 3 2 2 2 2 2 2 2 2 2 2 2 2 2 2 2 2 2 2 2 2 2 2 2 2 2
203,SIPP_2^3,"102,83,0","83,158,0",1,845.2691280000001,1278,0.82531,75.53277,14.92257,29.84513,5 5 5 5 5 4 5 5 5 5 5 5 4 4 5 4 4 5 5 4 5 4 4 4 4 4 4 4 4 4 4 4 4 4 4 4 4 4 4 4 5 5 4 4 4 5 4 4 4 4 4 5 5 5 4 4 4 4 4 4 4 4 4 4 4 4 4 4 4 4 4 3 4 3 4
203,SIPP_2^4,"102,83,0","83,158,0",1,820.702605,1151,2.00821,25.82699,5.13808,10.27616,10 10 10 10 9 9 10 9 9 9 9 9 9 9 9 8 8 8 8 8 8 8 8 8 8 8 8 9 9 8 8 8 9 9 9 9 9 8 -2.778 8 8 8 8 8 8 8 8 8 8 8 8 7 7 8 7 8
203,SIPP_2^5,"102,83,0","83,158,0",1,811.5542890000002,1039,4.66782,21.94361,4.37597,8.75194,19 19 19 19 18 18 18 18 19 18 16 16 16 16 17 17 16 16 17 17 17 17 16 17 16 17 15 15 15 16 16 16 16 16 16 15
203,SIPP_BigCS,"102,83,14","83,158,11",1,812.0,6588,54.07174,22.7685,4.0609,0.5288,206 206 206 206 206 206 206 222 131 56 206 310 40 206 206 382 200 200 360 4 4 4 4 4
203,SIPP_Standard,"102,83,14","83,158,11",1,829.0,1791,4.63757,23.27917,4.1998,0.466,51 62 70 39 0 16 62 94 8 44
204,SIPP_2^2,"44,115,0","18,183,0",1,1047.0758700000001,846,0.29691,155.56349,34.55752,69.11504,2 2 -66.002 2 -30.226 2 2 -10.847 2 2 2 2 3 3 3 2 2 2 3 3 2 3 2 2 3 3 3 3 3 3 2 3 2 2 3 3 3 3 3 3 3 2 3 2 2 2 2 2 2 2 2 2 2 2 2 2 2 2 2 2 2 2 2 2 2 2 2 2 2 2 2 2 2 2 2 2 2 2 2 2 3 2 2 2 2 2 2 2 2 3 2 3 3 2 2 3 2
204,SIPP_2^3,"44,115,0","18,183,0",1,941.6343179999999,679,0.43327,52.96256,10.99557,21.99115,4 4 3 -51.860 6 -30.226 4 4 -10.847 4 4 5 5 5 5 5 5 6 6 6 5 6 6 6 6 6 5 5 5 5 5 5 4 5 5 5 5 5 4 4 4 4 4 4 4 4 4 4 4 4 4 4 4 4 4 4 4 4 4 4 4 4 4 4 4 4 4 4 4 4 4 4 4 4 4 4 4 4 4 4
204,SIPP_2^4,"44,115,0","18,183,0",1,918.47539,598,0.98292,57.88387,11.56316,23.12633,8 7 -53.641 12 -30.226 8 8 -10.847 8 8 10 10 11 11 11 10 11 11 11 11 11 10 10 8 8 8 8 9 8 9 8 8 8 8 9 8 9 8 8 8 8 8 8 8 8 9 8 8 8 8 8 8 8 8 8 8 8 8 8 8 8 8 8 8 8 8
204,SIPP_2^5,"44,115,0","18,183,0",1,914.3385720000001,549,2.1914,41.21531,8.1786,16.35721,15 -54.379 24 -30.226 16 16 -10.847 16 16 20 20 22 22 21 22 22 22 22 22 20 20 17 16 16 16 16 16 16 16 16 16 16 16 16 16 16 16 16 16 16 17 16 17 16 16 16 16 16 16 16 16 16 16 16 17 16 16 16 17
204,SIPP_BigCS,"44,115,0","18,183,1",1,914.103134,2656,13.39006,17.37727,3.2273,0.5382,4 4 -66.002 4 -30.226 4 4 -10.875 48 203 203 203 203 203 203 203 323 366 4 4 4 4 4 4 4 0 4 4 4 4 4 4 4 4 4 4 4 4 4 84 310
204,SIPP_Standard,"44,115,0","18,183,1",1,1014.008913,1049,2.33293,42.35012,8.1117,1.214,-107.009 0 24 99 109 51 94 4 104 51 110 52
205,SIPP_2^2,"209,180,0","254,230,0",0,-1,0,0.0,0.0,0.0,0.0,
205,SIPP_2^3,"209,180,0","254,230,0",0,-1,0,0.0,0.0,0.0,0.0,
205,SIPP_2^4,"209,180,0","254,230,0",0,-1,0,0.0,0.0,0.0,0.0,
205,SIPP_2^5,"209,180,0","254,230,0",0,-1,0,0.0,0.0,0.0,0.0,
205,SIPP_BigCS,"209,180,0","254,230,0",0,-1,0,0.0,0.0,0.0,0.0,
205,SIPP_Standard,"209,180,11","254,230,10",0,-1,81007,180.00296,0.0,0.0,0.0,
206,SIPP_2^2,"196,153,0","152,89,0",1,1080.0,4279,1.64692,183.84776,40.8407,81.68141,0 0 0 0 0 0 3 0 3 3 0 0 3 0 0 3 3 3 3 3 3 3 3 3 3 3 3 3 3 3 3 3 3 3 3 3 3 3 3 3 3 0 0 0 0 0 0 0 0 0 0 0 0 0 0 0 0 0 0 0 0 3 3 0 0 3 3 0 0 0 3 3 3 3 0 0 0 3 0 0 3 0 0 0 0 0 0 0 3 0 0 0 0 0 0 0 0 0 3 0 3 0 0 0 0 0 3 0
206,SIPP_2^3,"196,153,0","152,89,0",1,946.7015190000001,3124,1.91321,80.10349,15.70796,31.41593,7 7 7 0 0 7 7 7 7 7 7 7 7 7 7 0 0 0 0 0 0 7 7 7 7 7 0 7 7 0 7 7 0 0 7 7 7 7 7 7 7 7 7 7 7 7 7 7 7 0 -8.754 0 -0.029 0 7 6 6 6 7 6 6 -57.195 0 -13.246 0 -7.651 1 0 0 0 0 0 0 7
206,SIPP_2^4,"196,153,0","152,89,0",1,943.4365290000001,3302,5.36341,44.33619,8.63938,17.27876,14 14 14 14 14 14 15 14 15 14 14 14 14 15 15 15 15 15 15 15 15 15 15 14 14 14 14 14 14 14 14 14 14 14 14 14 14 -20.194 0 -9.937 0 -0.029 0 13 12 -2.068 13 12 -86.649 1 -0.875 15 15 0 0 0 0
206,SIPP_2^5,"196,153,0","152,89,0",1,942.9469540000001,3365,14.12551,50.63844,10.10755,20.2151,28 29 28 28 28 29 28 28 28 28 28 -0.282 30 30 30 30 30 30 30 30 30 30 28 28 28 28 28 28 29 28 28 29 -13.033 0 -0.410 24 -0.106 24 -9.937 0 -0.029 0 25 -2.694 25 -87.499 2 -0.875 30 -0.248 31 0 0 0
206,SIPP_BigCS,"196,153,11","152,89,9",0,-1,25050,180.06169,0.0,0.0,0.0,
206,SIPP_Standard,"196,153,11","152,89,9",1,945.502133,15323,36.82564,28.49594,5.4593,0.6071,66 50 85 10 54 74 77 -4.982 66 -125.610 54 -6.911 90
207,SIPP_2^2,"69,112,0","42,183,0",1,1404.1151169999998,4868,1.77802,282.84271,62.83185,125.66371,0 0 1 1 1 -1.574 1 2 2 2 2 2 1 1 2 2 2 2 2 -9.077 1 -2.262 1 1 1 1 1 -4.792 1 1 1 2 2 2 1 2 2 2 2 2 -1.749 2 -2.510 2 -10.113 2 2 2 -0.045 2 2 -1.498 3 -2.873 3 -21.032 2 3 3 3 -6.589 3 3 2 2 2 2 2 2 2 2 3 2 2 3 3 2 3 3 3 3 3 3 3 3 3 3 3 3 3 3 3 3 3 2 3 2 3 3 2 2 3 3 2 3 2 2 2 2 2 3 2 2 3 2 2 3 2 3 3 3 2 3 3 2 2 2 2 2 2 2 2 2 2 2 2 2 2 2 3 2 2 2 2 3 2
207,SIPP_2^3,"69,112,0","42,183,0",1,1148.1118480000002,2470,1.56182,98.8345,19.63495,39.26991,6 6 6 6 6 6 6 6 6 6 6 6 7 6 6 6 6 5 5 4 5 5 5 4 5 5 5 4 5 5 5 5 5 6 6 6 6 6 5 5 6 6 5 5 6 5 5 5 5 5 4 4 4 4 4 4 4 4 4 4 4 4 4 4 4 4 3 4 4 4 4 4 4 4 3 3 3 3 3 3 3 3 4 4 3 3 3 3 3 3 3 3 3 4 3 4 3
207,SIPP_2^4,"69,112,0","42,183,0",1,1128.143408,2455,3.99971,39.406,7.85398,15.70796,12 12 12 12 12 12 12 12 12 12 12 13 12 12 12 12 10 10 10 10 9 10 9 9 10 10 11 11 11 11 11 11 11 11 10 10 10 8 8 8 8 8 8 8 8 8 8 8 8 8 8 8 8 8 8 8 8 8 8 8 8 8 7 7 7 7 7 7 7 7 7 6 6 6 4 5 4 5 4
207,SIPP_2^5,"69,112,0","42,183,0",1,1127.991348,2506,10.16572,25.55551,5.0721,10.14419,24 24 24 24 24 24 24 24 24 24 24 25 24 24 24 20 20 19 19 19 20 20 22 22 22 22 22 22 22 21 20 20 16 16 16 16 16 16 16 16 16 16 16 16 16 16 16 16 16 16 16 16 16 16 16 16 15 14 14 14 14 14 13 13 14 -2.166 12 9 9 -3.317 8
207,SIPP_BigCS,"69,112,2","42,183,3",1,1127.894183,22239,135.63243,29.70799,5.4143,1.2623,7 7 7 7 7 7 7 59 349 103 103 103 179 206 326 203 203 203 203 203 203 203 203 235 4 4 4 4 4 4 4 4 4 4 4 4 4 4 4 4 4 28 200 200 200 200 200 200 200 200 320 -5.259 207 -0.635 311
207,SIPP_Standard,"69,112,2","42,183,3",1,1230.227391,4887,9.25342,52.60635,9.8255,1.3618,26 105 -22.042 52 88 16 78 -12.185 83 24 59 91 15 62 94 20
208,SIPP_2^2,"131,125,0","207,135,0",1,860.0,906,0.30791,91.92388,20.42035,40.8407,1 1 1 1 1 1 1 1 1 1 1 1 1 1 1 1 1 1 1 1 1 1 2 2 1 2 2 1 2 1 1 1 1 1 1 1 1 1 1 1 1 1 1 1 1 1 1 1 1 1 1 1 1 1 1 1 1 1 1 1 1 1 1 1 1 1 1 1 1 1 1 1 1 1 1 1 1 1 2 1 2 2 1 2 1 2
208,SIPP_2^3,"131,125,0","207,135,0",1,801.4213599999999,723,0.44558,31.90991,6.28319,12.56637,2 3 3 3 2 2 2 2 2 2 3 2 2 3 3 2 2 3 3 3 3 2 2 2 2 2 2 2 2 2 2 2 2 2 2 2 2 2 2 2 2 2 2 2 2 2 2 2 2 2 2 2 2 2 2 2 2 2 2 2 2 2 2 2 2 2 2 2 2 2 2 2 2 2 2 2
208,SIPP_2^4,"131,125,0","207,135,0",1,783.6068,537,0.86606,20.98372,4.17283,8.34566,4 5 5 5 4 4 4 4 4 4 4 4 4 4 4 4 4 4 4 5 5 4 4 4 4 4 4 4 4 4 4 4 4 4 4 4 4 4 4 4 4 4 4 4 4 4 4 4 4 4 4 4 4 4 4 4 4 4 4 5 5 5 4 5 4 5
208,SIPP_2^5,"131,125,0","207,135,0",1,776.22777,455,1.86332,11.29078,2.25225,4.50451,9 9 9 9 9 9 8 8 8 8 8 8 8 8 8 9 9 8 8 8 8 8 8 8 8 8 8 8 8 8 8 8 8 9 8 8 8 8 8 9 8 8 8 8 8 8 8 8 8 8 8 8 8 8 8 8
208,SIPP_BigCS,"131,125,11","207,135,6",1,780.0,2040,15.7011,12.75569,2.4457,0.2575,207 311 5 85 367 5 5 1 5 5 5 5 5 5 5 5 5 5 5 5 5 5 1 5 5 5 5 5 5 5 5 85 311
208,SIPP_Standard,"131,125,11","207,135,6",1,803.0,1503,3.94647,11.6524,2.273,0.2561,48 71 36 1 1 1 1 1 1 9
209,SIPP_2^2,"188,131,0","137,191,0",0,-1,0,0.0,0.0,0.0,0.0,
209,SIPP_2^3,"188,131,0","137,191,0",0,-1,0,0.0,0.0,0.0,0.0,
209,SIPP_2^4,"188,131,0","137,191,0",0,-1,0,0.0,0.0,0.0,0.0,
209,SIPP_2^5,"188,131,0","137,191,0",0,-1,0,0.0,0.0,0.0,0.0,
209,SIPP_BigCS,"188,131,0","137,191,0",0,-1,0,0.0,0.0,0.0,0.0,
209,SIPP_Standard,"188,131,8","137,191,7",0,-1,72149,180.00059,0.0,0.0,0.0,
210,SIPP_2^2,"5,19,0","71,53,0",1,1236.841958,7199,2.30752,212.13203,47.12389,94.24778,2 2 2 2 2 2 2 2 2 2 2 2 2 2 1 1 2 1 2 2 2 1 2 1 1 1 1 2 2 1 2 2 1 1 1 2 2 1 1 1 1 1 1 1 1 1 1 1 1 1 1 2 1 1 1 1 1 1 1 1 1 1 1 2 1 1 1 1 1 1 2 1 1 1 1 1 -17.042 1 -0.053 1 -0.310 1 1 1 0 0 1 0 1 0 1 0 1 1 1 1 1 1 1 1 1 2 2 2 -99.494 2 -11.125 1 2 -2.114 2 -6.705 2 2 2 2 2
210,SIPP_2^3,"5,19,0","71,53,0",1,1083.389273,6463,4.04422,87.05547,17.27876,34.55752,2 2 2 2 2 2 3 2 2 2 2 3 2 2 3 3 3 3 4 4 4 3 3 3 3 3 3 3 3 3 3 3 3 3 3 3 3 3 3 3 3 3 3 3 3 3 3 3 3 3 3 3 3 3 3 2 3 2 2 2 2 3 2 3 3 3 2 3 2 2 -0.041 1 1 1 0 0 0 0 0 0 7 0 7 7 7 -13.815 0
210,SIPP_2^4,"5,19,0","71,53,0",1,792.9850120000003,932,1.4702,40.92961,8.09982,16.19964,5 4 4 4 4 4 4 4 4 5 5 4 5 5 4 4 5 5 5 5 5 5 5 5 5 8 8 8 8 7 6 5 5 4 4 4 5 5 4 5 5 5 -2.055 4 6 6 6 6 6 6
210,SIPP_2^5,"5,19,0","71,53,0",1,786.8377320000002,918,3.80466,25.15191,4.96528,9.93057,8 8 8 8 9 9 8 9 9 9 10 10 10 10 10 10 10 10 10 12 15 16 16 -3.636 12 -1.032 9 9 9 9 9 9 8 -0.542 12 12 12 13 12
210,SIPP_BigCS,"5,19,3","71,53,1",1,784.868512,4936,35.91262,27.36142,5.0728,1.2175,311 5 5 5 85 207 207 207 207 207 207 207 207 207 207 335 64 100 100 -0.869 100 160 5 5 5 5 5 5 85 207 327 248
210,SIPP_Standard,"5,19,3","71,53,1",1,1083.8634299999999,36513,92.49713,28.60862,5.1731,0.651,4 -1.277 72 71 28 28 48 71 48 63 95 9 33 -3.586 58
211,SIPP_2^2,"159,126,0","85,154,0",1,1020.0,3020,1.29375,84.85281,18.84956,37.69911,3 3 3 3 3 3 3 3 3 3 3 3 3 3 3 3 3 3 3 3 3 3 3 3 3 3 3 3 3 3 3 3 3 3 3 3 3 3 3 3 3 3 3 3 3 3 3 3 3 3 3 3 3 3 3 3 3 3 3 3 2 3 3 3 3 3 3 3 2 3 3 2 3 2 2 2 2 2 2 2 2 2 2 2 2 2 2 2 2 2 2 2 2 3 3 2 2 3 2 2 2 3
211,SIPP_2^3,"159,126,0","85,154,0",1,959.2526830000006,3124,2.12206,55.55696,10.99557,21.99115,6 6 6 6 6 6 6 6 6 6 6 6 6 6 6 6 6 6 6 6 6 6 6 6 6 6 6 6 6 6 6 6 6 6 6 6 6 6 6 6 6 6 6 6 6 6 6 6 6 6 6 6 6 6 6 6 5 5 6 5 5 5 -4.384 4 -0.310 4 3 3 4 4 4 4 4 5 5 5 5 4 4 5 5 4 5 5 5 5 6 6 5 6
211,SIPP_2^4,"159,126,0","85,154,0",1,951.576285,3217,5.76219,36.4991,7.21048,14.42096,12 12 12 12 12 12 12 12 12 12 12 12 12 12 12 12 12 12 12 12 12 12 12 12 12 12 12 12 12 12 12 12 12 12 12 12 12 12 12 12 12 12 12 12 12 12 12 12 12 12 12 12 12 11 11 11 -1.742 11 -1.775 10 10 7 7 8 7 8 9 9 9 10 10 10 -1.386 9 -1.132 12 10 11 11 12
211,SIPP_2^5,"159,126,0","85,154,0",1,947.7575960000005,3237,14.92412,30.28838,6.03735,12.0747,24 24 24 24 24 24 24 24 24 24 24 24 24 24 24 24 24 24 24 24 24 24 24 24 24 24 24 24 24 24 24 24 24 24 24 24 24 23 24 24 23 24 24 24 23 24 24 24 24 24 24 24 24 23 17 15 15 17 17 17 17 20 20 24 24 24 24 23
211,SIPP_BigCS,"159,126,15","85,154,3",0,-1,22892,180.0547,0.0,0.0,0.0,
211,SIPP_Standard,"159,126,15","85,154,3",1,985.027192,14840,40.44848,8.97576,1.7026,0.232,3 3 3 3 3 3 3 -11.027 3 15 94 0 0
212,SIPP_2^2,"211,225,0","158,179,0",1,1297.765978,4304,1.24741,134.35029,29.84513,59.69026,2 2 2 2 2 3 3 3 2 3 2 3 2 3 3 2 3 3 3 3 3 -83.963 0 -5.593 3 -4.473 0 -4.006 0 -15.477 0 -0.288 0 0 0 0 0 0 0 0 -2.820 0 0 0 0 -11.145 0 0 0 0 0 0 0 0 0 0 0 0 0 0 0 3 0 3 0 0 0 0 0 3 3 0 0 0 0 0 0 0 0 0 0 0 0 0 0 0 0 0 0 3 3 3 3 3 3 3 3 3 3 3 3 3 3 3 3 3 3 3 3 3 3 3 3 3 3 3 3 3 3 3 3 3 3 3 3
212,SIPP_2^3,"211,225,0","158,179,0",1,936.6904880000008,1300,0.7097,71.30451,14.13717,28.27433,7 7 7 7 7 7 6 6 6 7 7 0 0 0 0 0 0 0 0 0 0 0 0 0 0 0 0 0 0 0 0 0 0 0 0 0 0 7 7 7 7 7 7 7 7 0 7 7 7 7 7 7 7 7 7 6 7 6 6 6 6 6 6 6 6 5 6 6 6 6 5 6 5 5 5 6 5 6 6 5
212,SIPP_2^4,"211,225,0","158,179,0",1,901.0613680000005,1132,1.57716,48.57955,9.67062,19.34123,14 14 13 14 13 13 14 14 0 0 0 0 0 0 0 0 0 0 0 0 0 0 15 15 15 15 0 15 15 15 0 15 0 0 0 14 14 14 14 14 14 14 14 13 13 12 11 11 11 12 12 12 11 12 12 11 11 12 12 11
212,SIPP_2^5,"211,225,0","158,179,0",1,877.9811800000002,994,3.3423,28.56989,5.69806,11.39611,27 27 27 28 28 0 0 0 0 0 0 31 0 0 0 31 31 31 31 31 31 0 0 31 28 28 27 27 26 27 24 23 23 23 23 24 23 24 23
212,SIPP_BigCS,"211,225,12","158,179,2",1,890.0,7791,32.24321,30.80785,5.6843,0.8914,178 205 237 6 6 6 6 6 14 202 202 202 202 202 306 22 253 118 203 203 203 203 203 363
212,SIPP_Standard,"211,225,12","158,179,2",1,929.0,707,0.96031,28.50873,5.0808,0.7732,61 85 2 2 10 54 58 82 7 59 99
213,SIPP_2^2,"112,63,0","172,116,0",1,1370.0,4057,1.44786,318.19805,70.68583,141.37167,3 3 3 3 3 3 3 3 3 2 2 3 2 3 2 2 2 3 2 2 2 2 2 2 2 2 1 1 1 1 1 1 1 1 1 1 1 1 1 1 1 1 1 1 1 1 1 2 2 1 1 1 2 2 2 2 1 2 2 2 2 1 1 2 1 1 1 2 1 1 1 2 2 2 2 1 1 1 1 1 1 1 1 1 1 1 2 1 1 1 1 1 1 1 1 1 1 2 2 1 2 1 2 1 1 2 2 1 1 2 2 2 1 2 1 1 2 1 1 1 1 1 2 2 1 2 2 1 2 2 2 2 1 2 2 1 2
213,SIPP_2^3,"112,63,0","172,116,0",1,866.3961200000006,733,0.42096,42.76733,8.63938,17.27876,4 4 4 4 4 4 4 4 3 3 3 3 3 3 3 3 3 3 3 3 3 3 3 3 3 3 3 3 3 3 3 3 3 3 3 3 3 3 3 3 3 3 3 3 3 3 3 3 2 2 2 3 2 2 2 2 2 3 2 2 2 3 2 2 3 2 2 3
213,SIPP_2^4,"112,63,0","172,116,0",1,839.67428,422,0.61833,7.04975,1.4289,2.8578,8 8 8 8 8 8 8 8 6 6 6 6 6 6 6 6 6 6 6 6 6 6 6 6 6 6 6 6 6 6 6 6 6 6 6 5 5 5 5 5 5 5 5 5 5 5 5 5 5 5 6 6 6
213,SIPP_2^5,"112,63,0","172,116,0",1,832.9647350000002,216,0.77365,9.752,1.96977,3.93954,16 16 16 16 16 16 16 16 12 12 12 11 12 12 12 12 12 12 12 12 12 12 11 11 11 11 11 11 12 11 11 11 11 11 11 11 11 12
213,SIPP_BigCS,"112,63,13","172,116,13",1,830.0,55,0.38054,21.03291,4.0452,0.4051,4 4 4 4 4 4 20 255 100 100 100 176 255 176 223 176 255 124 223
213,SIPP_Standard,"112,63,13","172,116,13",1,1102.2262739999999,1919,4.21717,36.21205,6.6145,0.8267,11 51 -11.131 110 36 17 63 63 95 21 48 63 71 -6.095 44
214,SIPP_2^2,"66,124,0","144,140,0",1,1087.705378,2472,0.82756,183.84776,40.8407,81.68141,1 1 1 1 1 1 1 0 1 1 0 0 0 1 -5.076 2 -21.956 1 -3.619 1 1 1 0 -4.817 1 -12.238 1 1 1 1 1 1 1 1 1 1 1 1 1 1 1 1 1 1 1 1 1 1 1 1 1 1 1 1 1 1 1 1 1 1 1 1 1 1 1 1 1 1 1 1 1 1 1 1 1 1 1 2 2 1 2 2 2 2 1 2 2 1 2 1 2 2 1 2 2 2 1 1 2 2 2 1 1 2 1 1 2 2 1
214,SIPP_2^3,"66,124,0","144,140,0",1,946.9133480000006,1482,0.97927,114.56323,22.77655,45.55309,2 1 1 1 2 2 2 2 2 1 -28.507 4 3 2 1 1 1 1 2 2 2 2 2 2 2 3 3 3 3 2 2 2 3 2 2 2 3 3 2 2 3 3 3 3 3 3 3 2 2 2 2 2 3 3 2 2 2 3 3 2 2 2 3 2 2 2 2 2 2 2 2 2 3 2 2 3 2 2 2 3
214,SIPP_2^4,"66,124,0","144,140,0",1,894.431342,648,1.11036,53.23316,10.59791,21.19582,2 2 3 3 3 1 2 2 2 2 4 -1.267 5 -3.349 6 5 5 5 5 5 5 5 5 4 5 4 5 4 4 5 5 5 4 5 5 5 5 5 5 4 5 5 5 4 4 4 5 4 5 4 5
214,SIPP_2^5,"66,124,0","144,140,0",1,885.865853,428,1.7944,15.51721,3.08322,6.16644,5 5 5 4 3 4 8 -5.791 11 -0.613 10 9 9 9 9 9 9 9 9 10 10 10 10 10 10 10 10 10 10 9 10 9 10 10 9
214,SIPP_BigCS,"66,124,5","144,140,0",1,886.29593,814,4.82718,30.96954,5.5783,1.2786,153 201 321 204 332 73 -2.296 100 160 85 207 207 207 207 207 207 207 207 207 311 85 207 207 207 207 207 207 207 311
214,SIPP_Standard,"66,124,5","144,140,0",1,939.6926129999999,169,0.47507,29.6025,5.4836,0.7901,84 -85.871 1 -4.822 17 95 17 63 63 95 21 32
215,SIPP_2^2,"136,148,0","142,231,0",1,1081.497328,2876,1.07053,106.06602,23.56194,47.12389,2 2 2 2 2 2 2 2 2 2 2 2 2 2 2 2 2 2 2 2 2 3 2 -0.076 2 -0.013 2 2 2 2 2 2 2 2 2 2 2 2 2 2 2 2 2 2 2 2 2 2 3 3 2 2 3 3 2 2 2 2 2 2 2 2 2 2 2 2 2 2 2 2 2 2 1 2 1 2 2 1 2 2 2 2 2 2 2 2 2 2 2 2 2 2 1 1 2 -70.991 1 -19.949 1 -0.094 1 -0.375 1 1 1
215,SIPP_2^3,"136,148,0","142,231,0",1,924.5208050000003,1331,0.84083,35.57654,7.06858,14.13717,4 4 4 4 4 4 4 4 4 4 4 4 4 4 4 4 4 4 4 4 4 5 -5.934 4 -0.013 4 4 4 4 4 4 4 4 4 4 4 4 4 4 4 4 4 4 4 4 5 5 5 5 5 4 4 4 4 4 4 4 4 4 4 4 4 4 4 4 4 4 3 3 3 3 -5.884 4 -1.138 4 -1.137 4 4 4 4 4 3 3 3 3 3 3 2 3
215,SIPP_2^4,"136,148,0","142,231,0",1,915.0777290000002,1306,2.15369,46.25277,9.20697,18.41394,8 8 8 8 8 8 8 8 8 8 8 8 8 8 8 8 9 8 8 8 9 8 8 8 8 8 8 8 7 8 8 8 8 8 8 8 8 8 8 8 10 10 10 9 9 8 8 8 8 8 8 7 7 8 8 8 8 8 8 7 6 6 -3.656 8 8 9 8 8 6 -2.252 6 6 6 6 5 6
215,SIPP_2^5,"136,148,0","142,231,0",1,912.5043870000003,1283,5.54195,35.11197,6.98219,13.96437,16 16 16 16 16 16 16 16 17 16 17 16 16 16 16 16 16 16 16 16 16 16 16 16 16 16 16 16 16 16 16 16 15 16 16 16 17 20 20 20 17 16 16 16 16 16 16 16 16 16 16 15 15 12 12 12 12 18 17 13 11 11
215,SIPP_BigCS,"136,148,5","142,231,8",1,918.6633249999999,9730,68.008,41.11795,8.0494,2.0997,4 4 4 4 4 4 0 56 206 342 360 4 0 92 123 360 4 4 4 4 4 64 100 -6.092 172 -8.571 350 100 100 124
215,SIPP_Standard,"136,148,5","142,231,8",1,941.168558,2932,6.08973,37.42275,7.2185,1.108,83 16 110 44 0 20 35 88 0 -20.169 8 28
216,SIPP_2^2,"91,102,0","73,181,0",0,-1,0,0.0,0.0,0.0,0.0,
216,SIPP_2^3,"91,102,0","73,181,0",0,-1,0,0.0,0.0,0.0,0.0,
216,SIPP_2^4,"91,102,0","73,181,0",0,-1,0,0.0,0.0,0.0,0.0,
216,SIPP_2^5,"91,102,0","73,181,0",0,-1,0,0.0,0.0,0.0,0.0,
216,SIPP_BigCS,"91,102,0","73,181,0",0,-1,0,0.0,0.0,0.0,0.0,
216,SIPP_Standard,"91,102,10","73,181,3",0,-1,0,4e-05,0.0,0.0,0.0,
217,SIPP_2^2,"180,251,0","128,193,0",0,-1,0,0.0,0.0,0.0,0.0,
217,SIPP_2^3,"180,251,0","128,193,0",0,-1,0,0.0,0.0,0.0,0.0,
217,SIPP_2^4,"180,251,0","128,193,0",0,-1,0,0.0,0.0,0.0,0.0,
217,SIPP_2^5,"180,251,0","128,193,0",0,-1,0,0.0,0.0,0.0,0.0,
217,SIPP_BigCS,"180,251,0","128,193,0",0,-1,0,0.0,0.0,0.0,0.0,
217,SIPP_Standard,"180,251,2","128,193,13",0,-1,1,0.00494,0.0,0.0,0.0,
218,SIPP_2^2,"251,132,0","249,48,0",1,979.56346,840,0.25617,127.27922,28.27433,56.54867,0 0 0 0 0 0 0 0 0 0 0 0 0 0 0 0 0 0 0 0 0 0 0 0 0 1 0 0 0 0 0 0 0 0 1 0 1 0 0 0 3 0 0 3 3 0 3 3 0 0 0 0 0 0 0 0 0 0 0 0 0 0 0 1 1 -19.563 0 0 0 0 0 0 0 0 0 0 0 0 0 0 0 0 0 0 0 0 0 0 0 0 0 0 0 3 0 3 0
218,SIPP_2^3,"251,132,0","249,48,0",1,911.4945080000002,852,0.46605,51.19634,10.21018,20.42035,0 0 0 0 0 0 0 0 0 0 0 0 0 0 0 0 0 0 0 0 0 0 0 0 0 0 0 0 0 0 0 0 1 1 1 0 0 7 7 7 7 7 -5.220 0 0 1 1 0 0 1 1 0 0 0 0 0 0 0 0 0 0 0 0 0 0 0 0 0 0 0 0 0 0 7 7 0 0 0 0 0 0 0 7 0 7
218,SIPP_2^4,"251,132,0","249,48,0",1,887.2136,759,1.0795,39.53708,7.88201,15.76402,0 15 15 15 0 0 0 0 0 0 0 0 0 0 0 0 0 0 0 0 0 0 0 0 15 15 15 15 0 1 1 0 1 1 0 0 0 0 0 1 1 1 1 1 0 0 0 0 0 0 0 0 0 15 0 15 0 15 0 0 0 0 0 15
218,SIPP_2^5,"251,132,0","249,48,0",1,872.4555400000002,654,2.26757,27.38483,5.46976,10.93952,0 0 0 0 0 0 0 0 0 31 31 31 31 0 31 0 31 0 31 0 1 1 1 1 1 1 1 1 1 0 0 0 0 0 31 0 0 31 0 31 0 0 0 31
218,SIPP_BigCS,"251,132,0","249,48,9",1,878.0,3753,19.76771,25.46475,4.7733,0.722,202 202 306 2 2 82 378 204 204 308 58 204 204 380 306 2 6 30
218,SIPP_Standard,"251,132,0","249,48,9",1,895.944268,868,1.54637,23.3709,4.4757,0.5582,2 2 10 54 106 -0.944 49 92 2 2 6 90
219,SIPP_2^2,"16,97,0","97,105,0",1,1248.497328,3377,1.16064,325.26912,72.25663,144.51326,1 0 0 1 1 1 1 1 0 1 0 -17.560 1 -0.410 1 -0.106 1 -0.013 1 1 2 -0.034 1 -0.375 1 1 1 1 1 1 1 1 1 1 1 1 1 0 0 1 0 0 0 1 1 1 0 0 0 0 1 0 1 0 0 0 1 1 1 1 1 1 1 1 1 1 1 1 1 1 1 1 1 1 1 1 2 1 1 2 1 1 2 2 1 1 2 2 2 1 1 1 1 2 2 2 1 2 1 1 1 1 1 1 1 2 1 1 2 2 1 2 1 2 1 1 2 2 2 2 1 2 2 1 1 2 1 2 1
219,SIPP_2^3,"16,97,0","97,105,0",1,1049.3299520000007,1606,1.03917,120.80578,23.56195,47.12389,1 1 1 1 2 2 2 -40.991 2 -0.410 4 -0.106 2 -0.013 2 2 2 -0.034 2 -0.375 2 2 2 2 2 1 2 2 1 1 1 1 1 1 1 1 1 2 2 1 1 1 2 3 2 2 2 2 3 2 2 2 2 3 3 2 2 2 2 2 2 2 3 3 2 2 3 2 2 2 2 3 3 3 3 2 2 2 3 3 3 3 3 4 3 3 4 3 3 4 3
219,SIPP_2^4,"16,97,0","97,105,0",1,1013.7008320000002,1189,1.97193,63.45465,12.32053,24.64107,3 3 3 2 -46.336 4 -0.410 4 -0.106 4 -0.013 4 4 8 -0.034 4 -0.375 4 4 4 4 4 4 3 2 2 3 2 3 2 2 3 2 2 2 2 5 5 5 4 4 4 4 4 4 4 4 4 5 4 4 5 5 5 5 5 5 5 5 5 6 6 7 6 7 6 7 6
219,SIPP_2^5,"16,97,0","97,105,0",1,1006.7994400000001,1127,4.53442,64.49751,11.82311,23.64623,6 6 5 6 -34.832 16 -0.106 8 -0.013 8 8 16 -0.034 8 -0.375 8 8 8 8 7 7 4 4 4 4 4 4 4 5 4 7 8 8 9 8 8 9 9 8 9 9 9 10 10 10 10 10 -0.195 11 13 13 12 13 12
219,SIPP_BigCS,"16,97,15","97,105,5",1,1005.057173,7837,38.36753,29.38457,5.4337,0.9892,101 101 101 101 173 -43.400 311 5 29 201 249 101 101 101 101 149 367 5 5 57 207 207 207 207 207 207 207 207 -0.657 255 100 180 200
219,SIPP_Standard,"16,97,15","97,105,5",1,1049.418106,937,1.55002,25.33966,4.5886,0.459,-58.471 45 -0.947 1 5 65 49 84 17 63 63 71 52 64
220,SIPP_2^2,"137,133,0","113,210,0",1,1049.35742,2855,0.97446,113.13708,25.13274,50.26548,2 2 2 2 2 2 2 2 2 3 3 3 3 3 2 2 2 3 3 3 2 2 2 2 2 2 2 2 2 2 2 2 3 2 2 3 3 2 2 -35.057 2 -3.594 2 2 -0.706 2 2 2 2 2 2 2 2 2 2 2 2 2 2 2 2 2 2 2 2 2 2 2 2 2 2 2 2 2 2 2 2 2 2 2 2 2 2 2 3 2 3 2 2 3 2 2 2 3 3 3 3 3 3 3 3 3 3 2
220,SIPP_2^3,"137,133,0","113,210,0",1,877.695536,1334,0.87997,47.83294,9.42478,18.84956,5 5 5 5 5 5 5 5 5 5 5 5 5 5 4 4 4 4 5 5 5 5 4 5 4 4 4 4 4 4 4 4 4 4 4 5 4 5 5 5 5 4 4 4 4 4 4 4 4 4 4 4 4 4 4 4 4 4 4 4 5 4 4 4 4 4 4 4 4 4 4 4 4 4 4 4 3
220,SIPP_2^4,"137,133,0","113,210,0",1,831.37768,733,1.38144,27.87676,5.56377,11.12754,9 8 9 9 9 9 9 9 9 9 9 8 8 8 9 8 8 8 8 9 9 9 9 9 9 9 9 9 9 9 8 9 9 8 8 9 8 8 8 8 8 8 8 8 8 8 8 8 8 8 7
220,SIPP_2^5,"137,133,0","113,210,0",1,822.5228440000001,622,2.68432,6.07246,1.21109,2.42218,17 18 18 18 17 17 17 17 17 17 17 18 18 18 18 18 18 18 18 18 18 18 17 17 17 16 16 16 16 16 16 16 16 16 16 16 16 16 15
220,SIPP_BigCS,"137,133,10","113,210,2",1,822.0,2750,18.79452,12.83853,1.9474,0.2101,206 206 206 206 206 206 206 206 206 206 366 4 84 206 206 206 206 206 206 206 206 206 206 310 4 4 4 4 4 4 4 4 4 4 28
220,SIPP_Standard,"137,133,10","113,210,2",1,839.0,834,1.73788,24.1904,4.4238,0.5009,62 62 94 16 70 39 20 39 0 4
221,SIPP_2^2,"246,116,0","168,130,0",1,980.0,991,0.35276,120.20815,26.70354,53.40708,2 2 2 2 2 2 2 3 2 2 2 3 2 3 3 3 3 3 3 3 3 2 3 3 3 3 3 3 2 2 2 2 3 2 3 3 3 3 3 3 3 3 3 3 3 3 3 3 3 3 3 3 3 3 3 3 3 3 3 3 3 3 3 3 3 3 3 3 3 3 3 3 3 3 3 3 3 3 3 3 3 3 3 3 3 3 3 3 3 3 3 0 3 0 3 3 0 3
221,SIPP_2^3,"246,116,0","168,130,0",1,934.8173550000002,1278,0.75155,59.4835,11.78097,23.56195,4 4 4 4 4 4 4 4 5 5 5 6 6 5 5 -0.241 5 6 6 6 6 6 6 6 5 5 5 6 6 6 6 6 6 6 6 6 6 6 6 5 5 6 6 5 -0.018 6 6 6 6 6 6 6 6 6 6 6 6 6 6 6 6 6 6 6 6 6 6 6 6 6 6 6 6 6 6 6 6 6 6 7 7 7 6 7 7 6 6 7
221,SIPP_2^4,"246,116,0","168,130,0",1,916.79316,1237,2.03929,33.4485,6.67092,13.34184,8 8 8 8 8 8 9 8 10 10 10 11 -4.235 11 12 12 12 12 11 11 11 12 12 12 12 12 12 13 13 13 13 12 12 13 13 13 12 11 11 11 12 12 12 12 12 12 12 12 12 12 12 12 12 12 12 12 12 12 12 12 12 12 12 12 12 12 12 12 12 11
221,SIPP_2^5,"246,116,0","168,130,0",1,903.2169640000001,783,2.92715,24.00435,4.7883,9.5766,16 16 16 16 16 16 17 20 20 21 -5.420 22 24 24 23 23 23 24 24 24 25 25 25 25 25 24 25 24 24 24 24 24 24 24 24 24 24 23 24 24 24 24 24 24 24 23 23 24 24 24 24 24 24 24 24 24 24 24
221,SIPP_BigCS,"246,116,1","168,130,7",1,910.515867,5359,32.06494,21.57034,3.994,0.6937,4 4 4 4 4 4 72 155 -4.516 203 203 307 7 7 7 7 7 7 7 59 205 205 205 205 205 381 203 363 7 7 3 7 7 7 7 7 7 7 7 7 31
221,SIPP_Standard,"246,116,1","168,130,7",1,971.0,4205,10.74919,25.69858,4.9477,0.6601,0 24 67 55 107 38 3 3 3 3 23 50
222,SIPP_2^2,"86,81,0","18,121,0",1,1457.491244,8479,3.14678,70.71068,15.70796,31.41593,2 2 2 2 2 2 2 2 2 2 2 2 2 2 2 2 2 2 2 2 2 2 2 2 2 2 2 2 2 3 3 3 2 3 3 3 3 3 2 2 2 2 2 2 2 2 2 2 2 2 2 -94.213 3 -28.292 3 3 3 3 3 3 3 -0.486 3 3 3 3 3 3 3 3 3 3 3 3 3 3 -95.577 3 -1.597 3 -1.248 3 -1.122 3 -12.185 3 -1.255 3 3 3 3 -1.516 3 3 3 3 3 3 3 3 3 3 3 3 3 3 3 3 3 3 3 3 3 3 3 3 0 0 0 0 0 0 0 3 3 3 3 2 2 3 2 2
222,SIPP_2^3,"86,81,0","18,121,0",1,1018.4421440000003,2600,1.69915,99.82371,19.63495,39.26991,4 4 4 5 5 4 4 4 4 4 4 5 5 4 4 4 5 5 4 5 5 5 5 5 4 5 5 5 5 5 5 5 5 5 5 5 5 5 5 5 5 6 5 5 5 6 6 5 5 6 6 6 6 6 6 6 6 6 6 6 6 6 6 6 5 6 6 6 5 6 6 6 6 5 -2.544 6 7 0 -1.928 7 7 0 7 7 7 7
222,SIPP_2^4,"86,81,0","18,121,0",1,1005.7263770000001,2617,4.42679,11.17658,2.2143,4.4286,9 9 9 9 9 9 9 9 9 9 9 9 9 9 9 9 10 10 10 10 10 10 10 10 10 10 10 10 10 11 11 -1.282 11 11 11 12 12 12 12 12 12 12 12 12 12 12 12 12 12 12 12 12 12 12 12 -1.435 12 -0.117 12 -0.395 12 14 -1.349 14 15 15 15 15
222,SIPP_2^5,"86,81,0","18,121,0",1,1005.7263770000001,2746,11.58319,18.87383,3.75001,7.50002,18 18 18 18 18 18 18 19 19 18 18 18 18 19 18 19 20 20 20 20 20 20 20 21 21 20 24 24 24 24 24 24 24 24 24 24 23 23 24 24 24 24 24 24 24 24 24 -5.095 24 -0.117 24 -0.395 24 28 -1.349 28 30 30 30 30
222,SIPP_BigCS,"86,81,2","18,121,6",1,1004.6215359999999,26101,176.0265,25.89983,4.4986,0.9405,206 206 206 206 206 206 206 206 206 206 206 206 206 206 206 254 103 103 103 155 323 -7.005 238 7 7 7 7 7 7 7 7 7 7 7 7 7 31 -2.154 307 -0.463 79 194
222,SIPP_Standard,"86,81,2","18,121,6",1,1016.484068,7184,14.32455,21.28044,3.6064,0.3997,62 62 62 62 78 67 31 47 3 19 -8.484 77 74
223,SIPP_2^2,"79,0,0","93,78,0",0,-1,0,0.0,0.0,0.0,0.0,
223,SIPP_2^3,"79,0,0","93,78,0",0,-1,0,0.0,0.0,0.0,0.0,
223,SIPP_2^4,"79,0,0","93,78,0",0,-1,0,0.0,0.0,0.0,0.0,
223,SIPP_2^5,"79,0,0","93,78,0",0,-1,0,0.0,0.0,0.0,0.0,
223,SIPP_BigCS,"79,0,0","93,78,0",0,-1,0,0.0,0.0,0.0,0.0,
223,SIPP_Standard,"79,0,10","93,78,3",0,-1,0,1e-05,0.0,0.0,0.0,
224,SIPP_2^2,"111,169,0","105,82,0",0,-1,0,0.0,0.0,0.0,0.0,
224,SIPP_2^3,"111,169,0","105,82,0",0,-1,0,0.0,0.0,0.0,0.0,
224,SIPP_2^4,"111,169,0","105,82,0",0,-1,0,0.0,0.0,0.0,0.0,
224,SIPP_2^5,"111,169,0","105,82,0",0,-1,0,0.0,0.0,0.0,0.0,
224,SIPP_BigCS,"111,169,0","105,82,0",0,-1,0,0.0,0.0,0.0,0.0,
224,SIPP_Standard,"111,169,11","105,82,13",0,-1,0,2e-05,0.0,0.0,0.0,
225,SIPP_2^2,"88,69,0","158,122,0",1,1240.800403,4736,1.5631,226.27417,50.26548,100.53096,2 2 2 2 2 2 2 2 2 2 2 2 1 1 1 1 1 1 1 1 1 1 1 1 1 1 1 1 1 1 1 1 1 1 1 1 1 1 1 1 1 1 1 1 1 1 1 1 1 1 2 2 1 2 2 1 1 1 2 1 1 2 1 2 1 1 2 1 1 2 1 1 2 1 2 1 1 2 1 2 1 1 1 2 2 1 1 1 1 2 1 1 1 2 2 2 2 2 2 2 2 1 2 2 2 2 2 2 2 2 1 1 1 1 -10.800 2 2 2 2 2 2 2 2 2
225,SIPP_2^3,"88,69,0","158,122,0",1,937.1068000000012,1035,0.65406,63.86231,12.56637,25.13274,3 2 2 2 3 3 3 3 3 2 2 2 3 2 2 2 2 2 2 2 3 3 3 3 3 3 3 3 3 2 2 3 3 3 3 3 3 3 3 2 2 2 2 3 3 2 3 3 3 3 3 3 3 3 3 3 3 3 3 3 3 3 3 3 3 3 4 4 3 3 3 4 3
225,SIPP_2^4,"88,69,0","158,122,0",1,900.9641840000008,531,0.85466,27.06318,5.39385,10.78769,5 5 5 5 6 5 6 5 4 4 4 5 4 5 5 6 6 6 6 6 6 6 6 6 6 6 6 6 5 5 5 5 5 5 6 6 6 6 6 6 6 6 6 6 6 6 6 6 6 6 6 7 6 7 6
225,SIPP_2^5,"88,69,0","158,122,0",1,893.8301420000009,432,1.74834,14.77768,2.95257,5.90513,11 11 10 10 10 9 9 8 9 11 12 12 12 12 12 11 11 11 11 11 12 11 12 12 12 12 12 12 12 12 12 12 12 12 12 12 12 13 12 13 12
225,SIPP_BigCS,"88,69,10","158,122,10",1,890.0,984,7.45476,19.76507,3.6016,0.3694,176 207 207 207 311 93 100 100 100 100 124 207 207 207 255 124 255 100 100 100 100 100 100 100 100 100 152 248
225,SIPP_Standard,"88,69,10","158,122,10",1,920.255119,221,0.63211,16.97112,3.0802,0.2644,63 -11.255 95 17 71 28 28 48 79 64 28 52
226,SIPP_2^2,"95,142,0","18,172,0",0,-1,0,0.0,0.0,0.0,0.0,
226,SIPP_2^3,"95,142,0","18,172,0",0,-1,0,0.0,0.0,0.0,0.0,
226,SIPP_2^4,"95,142,0","18,172,0",0,-1,0,0.0,0.0,0.0,0.0,
226,SIPP_2^5,"95,142,0","18,172,0",0,-1,0,0.0,0.0,0.0,0.0,
226,SIPP_BigCS,"95,142,0","18,172,0",0,-1,0,0.0,0.0,0.0,0.0,
226,SIPP_Standard,"95,142,5","18,172,3",0,-1,0,3e-05,0.0,0.0,0.0,
227,SIPP_2^2,"164,114,0","100,55,0",1,1230.0,3866,1.58966,247.48737,54.97787,109.95574,3 3 3 3 3 3 3 3 3 3 3 3 3 3 3 0 3 0 3 3 3 3 3 3 3 3 3 3 3 3 3 3 3 3 3 3 3 3 3 3 3 3 3 3 3 3 3 3 0 0 0 0 0 0 0 0 0 0 3 0 0 0 0 3 0 0 3 3 0 0 3 3 0 0 3 0 0 0 0 0 0 0 0 0 3 0 0 0 3 0 3 0 0 0 3 0 0 0 0 0 0 3 3 0 0 0 3 0 3 0 0 0 0 3 0 0 0 0 3 0 0 3 0
227,SIPP_2^3,"164,114,0","100,55,0",1,1083.4791819999998,2862,2.12221,105.25889,20.42035,40.84071,7 7 7 7 7 7 7 7 7 7 7 7 7 7 7 7 7 7 6 7 6 7 6 6 7 7 7 7 7 7 7 7 6 7 6 7 7 7 7 7 0 -27.550 6 -6.470 6 -2.187 5 -1.083 7 6 6 6 7 -3.388 7 7 -22.985 0 0 0 7 7 -4.070 7 7 -50.899 6 -9.614 6 -3.985 7 7 0 7 0 0 0 0 0 7 7 7 7 7
227,SIPP_2^4,"164,114,0","100,55,0",1,1063.1496240000008,2832,4.86086,44.29418,8.81923,17.63847,13 13 13 13 13 13 13 13 13 13 13 13 12 13 12 13 13 13 12 12 12 12 13 12 12 12 12 13 13 13 14 14 14 14 14 14 14 13 14 14 14 14 14 14 14 14 14 15 14 15 14 15 0 0 2 2 2 1 2 1 1 2 2
227,SIPP_2^5,"164,114,0","100,55,0",1,1051.42869,2760,12.10012,19.7948,3.92412,7.84824,25 25 25 25 25 25 25 26 26 25 25 26 26 25 26 25 26 26 28 28 28 28 28 28 28 28 28 28 27 27 28 28 28 28 29 30 29 30 -1.309 2 3 3 4 3 4
227,SIPP_BigCS,"164,114,2","100,55,9",0,-1,24475,180.05622,0.0,0.0,0.0,
227,SIPP_Standard,"164,114,2","100,55,9",1,1088.290143,15771,40.76675,16.503,2.9373,0.2327,19 61 61 69 30 -57.732 54 -9.975 66 -16.963 54 -77.135 66 -15.486 30 46
228,SIPP_2^2,"94,81,0","173,112,0",1,1100.0,2850,1.24325,205.06097,45.55309,91.10619,1 1 2 1 1 2 2 2 2 2 2 2 2 2 2 2 2 1 1 1 1 1 2 1 1 1 1 1 1 1 1 1 1 1 1 1 1 1 1 1 1 1 1 1 1 1 1 1 1 1 1 2 2 1 1 2 1 1 1 1 1 2 2 1 2 2 2 1 1 1 1 2 1 2 1 1 2 1 1 1 1 1 1 1 1 1 1 1 1 1 1 1 1 1 1 2 1 1 2 1 1 2 1 1 2 2 1 1 1 2
228,SIPP_2^3,"94,81,0","173,112,0",1,1035.001987,3516,2.31012,122.14666,24.34734,48.69469,3 3 3 3 3 3 3 3 3 3 2 2 2 3 2 2 3 2 2 2 2 3 2 3 3 3 2 3 3 3 2 3 2 3 3 2 2 2 2 3 2 2 2 2 2 2 3 2 2 2 2 2 2 2 2 2 2 3 2 2 3 2 2 2 2 2 2 2 2 -8.267 2 -5.593 2 -2.467 1 -1.945 2 -5.225 2 -0.178 2 3 2 2 -47.176 4 -9.566 3 -4.463 4 4 4
228,SIPP_2^4,"94,81,0","173,112,0",1,1035.001987,3870,6.75553,48.68217,9.81251,19.62503,5 5 5 5 5 5 5 5 5 5 5 5 5 5 5 5 5 5 5 5 5 5 4 4 5 4 4 4 4 5 4 4 4 5 4 4 4 4 4 4 5 4 4 -54.585 4 -5.593 4 -2.467 2 -1.945 4 -5.225 4 -0.178 4 5 4 -48.957 8 -9.566 6 -4.463 8 8 8
228,SIPP_2^5,"94,81,0","173,112,0",1,1035.001987,3941,17.81493,39.75741,8.45953,16.91905,9 9 9 9 9 9 9 9 9 9 9 9 9 9 9 9 10 10 10 10 10 10 10 10 10 10 10 -54.031 0 -5.593 8 -2.467 4 12 -0.956 12 -8.395 8 -1.169 8 -0.106 8 -49.755 8 -9.566 12 -4.463 16 16 16
228,SIPP_BigCS,"94,81,15","173,112,5",0,-1,23734,180.08552,0.0,0.0,0.0,
228,SIPP_Standard,"94,81,15","173,112,5",1,1050.2765239999999,21887,56.58495,33.16187,6.1233,0.8296,63 71 36 21 48 63 71 36 9 -35.516 41 -102.761 79
229,SIPP_2^2,"24,18,0","72,89,0",1,1190.0,5016,1.68949,176.7767,39.26991,78.53982,1 1 1 1 1 1 1 1 1 1 1 1 1 1 1 1 1 1 1 1 2 2 2 2 1 1 2 1 1 1 1 1 1 1 2 2 2 2 2 1 2 2 2 2 2 1 1 1 1 1 1 1 1 2 2 2 2 2 2 1 2 1 1 2 2 2 1 2 2 2 2 2 2 2 2 2 2 2 2 2 2 2 2 2 2 2 2 2 2 2 1 1 2 2 2 2 2 2 2 2 2 2 1 2 1 2 2 2 2 2 2 2 2 2 1 2 2 1 2
229,SIPP_2^3,"24,18,0","72,89,0",1,908.8225280000012,1052,0.63238,88.30764,17.27876,34.55752,3 4 3 4 4 4 4 4 4 4 4 3 3 4 4 4 4 3 3 4 4 3 4 3 4 3 4 3 3 3 3 3 3 3 3 3 3 3 3 3 4 4 3 4 3 4 3 3 3 3 3 3 3 3 3 3 3 3 3 3 3 3 3 3 3 3 3 3 3 4 3
229,SIPP_2^4,"24,18,0","72,89,0",1,886.2236430000012,877,1.39994,15.02797,2.9997,5.99939,8 8 8 8 8 8 8 7 7 7 7 8 7 7 7 7 7 7 6 6 6 5 6 6 6 7 7 7 7 7 7 -1.828 6 6 6 6 6 6 6 6 6 6 6 6 6 6 6 6 6 6 6 6 6 6 6 6
229,SIPP_2^5,"24,18,0","72,89,0",1,881.7955580000009,852,3.64643,11.95097,2.39415,4.7883,15 15 15 15 15 15 15 15 14 14 14 10 10 12 14 14 14 13 14 14 -0.055 13 12 12 12 12 12 12 12 12 12 12 12 12 12 12 12 12 12 12 12 11 12
229,SIPP_BigCS,"24,18,4","72,89,7",1,877.605869,4317,34.0448,18.93417,3.3832,0.5349,80 200 200 200 200 200 200 304 4 -0.040 20 327 200 200 200 200 200 200 -0.566 248 100 100 100 100 100 100 100 100 100 100 100 100 100 100 100 100 124
229,SIPP_Standard,"24,18,4","72,89,7",1,893.0,1166,3.31349,22.28065,4.2475,0.4124,4 88 8 28 52 64 52 64 28 48 79
230,SIPP_2^2,"124,193,0","41,181,0",0,-1,0,0.0,0.0,0.0,0.0,
230,SIPP_2^3,"124,193,0","41,181,0",0,-1,0,0.0,0.0,0.0,0.0,
230,SIPP_2^4,"124,193,0","41,181,0",0,-1,0,0.0,0.0,0.0,0.0,
230,SIPP_2^5,"124,193,0","41,181,0",0,-1,0,0.0,0.0,0.0,0.0,
230,SIPP_BigCS,"124,193,0","41,181,0",0,-1,0,0.0,0.0,0.0,0.0,
230,SIPP_Standard,"124,193,1","41,181,1",0,-1,0,1e-05,0.0,0.0,0.0,
231,SIPP_2^2,"82,138,0","10,193,0",0,-1,0,0.0,0.0,0.0,0.0,
231,SIPP_2^3,"82,138,0","10,193,0",0,-1,0,0.0,0.0,0.0,0.0,
231,SIPP_2^4,"82,138,0","10,193,0",0,-1,0,0.0,0.0,0.0,0.0,
231,SIPP_2^5,"82,138,0","10,193,0",0,-1,0,0.0,0.0,0.0,0.0,
231,SIPP_BigCS,"82,138,0","10,193,0",0,-1,0,0.0,0.0,0.0,0.0,
231,SIPP_Standard,"82,138,14","10,193,1",0,-1,0,3e-05,0.0,0.0,0.0,
232,SIPP_2^2,"68,70,0","118,142,0",1,1340.0,7292,2.48703,205.06097,45.55309,91.10619,1 1 1 1 1 1 1 1 1 1 1 1 1 1 1 1 1 1 1 1 1 1 1 1 1 1 1 1 1 1 1 1 1 2 2 2 2 2 2 2 2 2 2 2 2 2 2 2 2 2 2 1 1 1 1 2 1 1 2 2 2 2 2 2 1 1 2 2 2 2 2 2 1 2 2 2 2 2 2 2 2 2 2 2 1 2 2 1 1 2 1 2 2 2 2 2 2 2 2 2 2 2 2 2 2 2 1 1 2 2 2 2 2 2 1 1 1 2 2 1 2 1 2 2 2 1 2 2 3 3 3 0 3 0
232,SIPP_2^3,"68,70,0","118,142,0",1,1038.8225280000006,2955,2.02255,55.2109,10.99558,21.99115,3 2 2 2 2 3 2 2 3 2 2 2 2 3 3 3 3 3 3 3 3 3 3 3 3 3 3 3 3 3 3 3 3 3 3 3 3 3 3 3 3 3 3 3 3 3 3 3 3 3 3 4 3 3 3 4 4 4 4 3 4 4 4 4 4 4 4 4 4 4 4 4 4 4 4 4 4 4 4 5 5 6 6 5
232,SIPP_2^4,"68,70,0","118,142,0",1,901.6844800000001,254,0.43877,11.27798,2.25225,4.50451,5 5 5 5 5 5 6 7 7 7 7 6 6 6 7 7 6 6 6 6 7 7 7 7 7 7 7 7 7 7 7 7 7 7 7 7 7 7 7 7 7 7 6 6
232,SIPP_2^5,"68,70,0","118,142,0",1,897.658753,182,0.77167,5.08237,1.01657,2.03313,10 10 10 10 10 10 12 13 13 13 13 13 13 13 14 14 14 14 14 14 14 14 14 14 14 14 14 14 14 14 14 13 14 14 13
232,SIPP_BigCS,"68,70,15","118,142,4",1,893.0,188,1.31978,11.09011,1.2941,0.2166,207 207 207 207 207 207 327 200 200 200 200 200 200 248 100 100 100 180 192 192 192 192 200 200 200
232,SIPP_Standard,"68,70,15","118,142,4",1,922.0,402,1.34642,21.33587,3.6398,0.4312,17 79 56 64 52 56 56 64 52 56 96
233,SIPP_2^2,"236,141,0","213,80,0",0,-1,0,0.0,0.0,0.0,0.0,
233,SIPP_2^3,"236,141,0","213,80,0",0,-1,0,0.0,0.0,0.0,0.0,
233,SIPP_2^4,"236,141,0","213,80,0",0,-1,0,0.0,0.0,0.0,0.0,
233,SIPP_2^5,"236,141,0","213,80,0",0,-1,0,0.0,0.0,0.0,0.0,
233,SIPP_BigCS,"236,141,0","213,80,0",0,-1,0,0.0,0.0,0.0,0.0,
233,SIPP_Standard,"236,141,11","213,80,13",0,-1,0,3e-05,0.0,0.0,0.0,
234,SIPP_2^2,"249,50,0","187,108,0",0,-1,0,0.0,0.0,0.0,0.0,
234,SIPP_2^3,"249,50,0","187,108,0",0,-1,0,0.0,0.0,0.0,0.0,
234,SIPP_2^4,"249,50,0","187,108,0",0,-1,0,0.0,0.0,0.0,0.0,
234,SIPP_2^5,"249,50,0","187,108,0",0,-1,0,0.0,0.0,0.0,0.0,
234,SIPP_BigCS,"249,50,0","187,108,0",0,-1,0,0.0,0.0,0.0,0.0,
234,SIPP_Standard,"249,50,0","187,108,1",0,-1,88990,180.00151,0.0,0.0,0.0,
235,SIPP_2^2,"89,235,0","179,229,0",0,-1,0,0.0,0.0,0.0,0.0,
235,SIPP_2^3,"89,235,0","179,229,0",0,-1,0,0.0,0.0,0.0,0.0,
235,SIPP_2^4,"89,235,0","179,229,0",0,-1,0,0.0,0.0,0.0,0.0,
235,SIPP_2^5,"89,235,0","179,229,0",0,-1,0,0.0,0.0,0.0,0.0,
235,SIPP_BigCS,"89,235,0","179,229,0",0,-1,0,0.0,0.0,0.0,0.0,
235,SIPP_Standard,"89,235,13","179,229,13",0,-1,12,0.02542,0.0,0.0,0.0,
236,SIPP_2^2,"225,99,0","210,25,0",1,1210.0,2769,1.09566,91.92388,20.42035,40.8407,0 3 3 3 3 3 3 3 3 3 3 3 3 3 3 3 3 3 3 3 3 3 3 3 3 3 0 0 0 0 0 0 0 0 0 0 0 0 0 0 0 0 0 0 0 0 0 0 0 0 0 0 0 0 0 0 0 0 0 0 0 0 0 0 0 0 0 0 0 0 0 0 0 0 0 0 0 0 0 0 0 0 0 0 0 0 0 1 1 1 1 1 1 1 1 1 1 1 1 0 1 0 1 1 0 0 0 0 0 1 0 0 0 3 3 3 3 3 0 0 3
236,SIPP_2^3,"225,99,0","210,25,0",1,1055.620565,1980,1.22789,69.7043,13.35177,26.70354,7 7 6 6 6 6 6 6 6 6 6 7 6 6 6 7 7 7 7 6 6 7 7 7 0 0 7 0 0 0 0 0 0 0 0 0 0 0 0 0 0 0 0 0 0 0 0 0 0 0 0 0 0 0 0 0 0 0 0 0 0 0 0 0 0 0 0 0 0 0 0 0 0 0 1 1 1 1 1 1 1 0 1 1 1 1 0 1 -28.738 6 -31.614 6
236,SIPP_2^4,"225,99,0","210,25,0",1,1055.620565,2256,3.74244,62.82617,12.67031,25.34062,13 12 13 13 13 13 12 13 13 12 12 12 12 13 14 14 0 0 0 0 0 0 0 0 0 0 0 15 0 0 0 0 0 0 0 0 0 0 0 0 0 0 0 0 0 0 0 0 0 0 0 0 0 0 0 0 0 0 0 0 0 0 0 0 0 2 2 2 2 2 2 2 3 2 2 14 -0.830 1 1 -15.225 12 -20.034 12 -11.498 8
236,SIPP_2^5,"225,99,0","210,25,0",1,1055.620565,2335,9.18597,45.48231,8.85432,17.70864,25 25 25 25 25 26 25 26 28 28 31 0 0 0 0 0 0 0 0 0 0 0 0 0 0 0 0 0 0 0 0 0 0 0 0 0 0 0 0 0 0 0 0 0 0 0 0 0 0 0 0 0 0 0 0 0 0 0 4 4 5 5 4 4 4 -1.075 2 -2.050 28 1 -3.568 28 -17.882 24 -0.094 16 -11.498 16
236,SIPP_BigCS,"225,99,4","210,25,7",1,1055.506351,23520,134.96497,36.68269,6.9155,1.453,205 205 205 205 309 7 87 333 86 332 5 5 21 204 204 204 204 308 6 6 6 6 6 6 6 6 6 6 6 6 6 6 6 6 6 6 6 6 14 202 202 -3.506 234
236,SIPP_Standard,"225,99,4","210,25,7",1,1097.002908,6790,11.48468,47.14237,9.0316,1.2294,19 93 27 98 84 13 92 22 37 2 6 66 -7.003 50
237,SIPP_2^2,"124,187,0","109,99,0",0,-1,0,0.0,0.0,0.0,0.0,
237,SIPP_2^3,"124,187,0","109,99,0",0,-1,0,0.0,0.0,0.0,0.0,
237,SIPP_2^4,"124,187,0","109,99,0",0,-1,0,0.0,0.0,0.0,0.0,
237,SIPP_2^5,"124,187,0","109,99,0",0,-1,0,0.0,0.0,0.0,0.0,
237,SIPP_BigCS,"124,187,0","109,99,0",0,-1,0,0.0,0.0,0.0,0.0,
237,SIPP_Standard,"124,187,8","109,99,2",0,-1,0,2e-05,0.0,0.0,0.0,
238,SIPP_2^2,"183,236,0","160,169,0",0,-1,0,0.0,0.0,0.0,0.0,
238,SIPP_2^3,"183,236,0","160,169,0",0,-1,0,0.0,0.0,0.0,0.0,
238,SIPP_2^4,"183,236,0","160,169,0",0,-1,0,0.0,0.0,0.0,0.0,
238,SIPP_2^5,"183,236,0","160,169,0",0,-1,0,0.0,0.0,0.0,0.0,
238,SIPP_BigCS,"183,236,0","160,169,0",0,-1,0,0.0,0.0,0.0,0.0,
238,SIPP_Standard,"183,236,0","160,169,3",0,-1,0,1e-05,0.0,0.0,0.0,
239,SIPP_2^2,"125,37,0","212,54,0",0,-1,0,0.0,0.0,0.0,0.0,
239,SIPP_2^3,"125,37,0","212,54,0",0,-1,0,0.0,0.0,0.0,0.0,
239,SIPP_2^4,"125,37,0","212,54,0",0,-1,0,0.0,0.0,0.0,0.0,
239,SIPP_2^5,"125,37,0","212,54,0",0,-1,0,0.0,0.0,0.0,0.0,
239,SIPP_BigCS,"125,37,0","212,54,0",0,-1,0,0.0,0.0,0.0,0.0,
239,SIPP_Standard,"125,37,9","212,54,12",0,-1,0,1e-05,0.0,0.0,0.0,
240,SIPP_2^2,"52,76,0","15,153,0",1,1260.439393,2781,1.16813,141.42136,31.41593,62.83185,3 3 3 3 3 3 3 3 3 3 3 3 3 3 3 3 3 3 3 3 2 2 3 2 3 3 2 3 3 3 3 2 3 2 2 2 3 2 2 2 2 2 2 2 2 2 1 1 1 1 1 2 2 -7.262 2 2 -2.342 2 2 2 3 3 3 3 3 3 3 3 3 2 3 3 2 2 2 2 2 2 2 2 2 2 2 2 2 2 2 2 2 -9.196 3 -1.639 2 2 2 2 2 2 2 2 2 2 2 2 2 2 2 2 2 2 2 2 2 2 2 2 2 2 2 2 2 2 2 2 2 2 2 3
240,SIPP_2^3,"52,76,0","15,153,0",1,1166.690488,2745,1.74555,67.7078,13.35177,26.70354,6 6 6 6 6 6 6 6 6 6 6 6 6 6 6 6 6 6 6 6 6 5 5 6 5 5 5 5 5 5 5 5 5 5 5 5 5 6 5 5 5 6 5 5 5 6 6 5 4 4 4 4 4 4 4 4 4 4 4 4 4 4 4 4 4 4 4 4 4 4 4 4 4 4 4 4 4 4 4 4 4 4 4 4 3 4 3 3 3 3 3 3 3 3 4 4 4 4 4 4 3 4 3
240,SIPP_2^4,"52,76,0","15,153,0",1,1153.809937,2945,4.97734,51.27824,10.17222,20.34444,12 12 12 12 12 12 12 12 12 12 12 12 12 12 12 11 11 12 11 11 12 12 10 10 10 10 10 10 10 10 11 10 10 10 10 10 10 10 10 10 11 8 8 7 7 7 8 8 8 8 8 7 8 8 8 8 8 8 8 8 8 8 8 8 8 8 8 7 7 7 7 8 8 8 8 8 8 8 8 8 10 10 -7.338 8 8 8 5 5
240,SIPP_2^5,"52,76,0","15,153,0",1,1153.809937,3117,13.17577,44.75427,9.03704,18.07409,24 24 24 24 24 24 24 24 24 23 23 23 24 24 24 23 24 23 20 20 20 20 20 20 20 20 20 20 20 20 20 20 20 20 20 20 20 16 16 16 16 16 16 16 16 16 16 16 16 16 16 16 16 16 15 15 15 16 16 15 16 16 15 15 15 15 16 16 24 20 -15.150 16 16 16 10 10
240,SIPP_BigCS,"52,76,8","15,153,14",1,1155.036848,28289,171.66714,43.0311,8.269,1.8522,7 7 7 7 7 7 7 83 363 83 251 103 103 103 103 103 103 103 103 103 103 103 123 360 4 4 4 0 28 200 200 200 200 200 304 76 -5.037 331 64 160
240,SIPP_Standard,"52,76,8","15,153,14",1,1157.712489,2807,5.22,37.09437,7.1349,1.06,3 3 11 55 67 31 51 102 88 0 8 52 96 -6.712 110
241,SIPP_2^2,"76,140,0","174,137,0",0,-1,0,0.0,0.0,0.0,0.0,
241,SIPP_2^3,"76,140,0","174,137,0",0,-1,0,0.0,0.0,0.0,0.0,
241,SIPP_2^4,"76,140,0","174,137,0",0,-1,0,0.0,0.0,0.0,0.0,
241,SIPP_2^5,"76,140,0","174,137,0",0,-1,0,0.0,0.0,0.0,0.0,
241,SIPP_BigCS,"76,140,0","174,137,0",0,-1,0,0.0,0.0,0.0,0.0,
241,SIPP_Standard,"76,140,12","174,137,14",0,-1,0,3e-05,0.0,0.0,0.0,
242,SIPP_2^2,"163,237,0","181,153,0",0,-1,0,0.0,0.0,0.0,0.0,
242,SIPP_2^3,"163,237,0","181,153,0",0,-1,0,0.0,0.0,0.0,0.0,
242,SIPP_2^4,"163,237,0","181,153,0",0,-1,0,0.0,0.0,0.0,0.0,
242,SIPP_2^5,"163,237,0","181,153,0",0,-1,0,0.0,0.0,0.0,0.0,
242,SIPP_BigCS,"163,237,0","181,153,0",0,-1,0,0.0,0.0,0.0,0.0,
242,SIPP_Standard,"163,237,5","181,153,6",0,-1,0,3e-05,0.0,0.0,0.0,
243,SIPP_2^2,"120,37,0","157,99,0",0,-1,0,0.0,0.0,0.0,0.0,
243,SIPP_2^3,"120,37,0","157,99,0",0,-1,0,0.0,0.0,0.0,0.0,
243,SIPP_2^4,"120,37,0","157,99,0",0,-1,0,0.0,0.0,0.0,0.0,
243,SIPP_2^5,"120,37,0","157,99,0",0,-1,0,0.0,0.0,0.0,0.0,
243,SIPP_BigCS,"120,37,0","157,99,0",0,-1,0,0.0,0.0,0.0,0.0,
243,SIPP_Standard,"120,37,10","157,99,3",0,-1,0,2e-05,0.0,0.0,0.0,
244,SIPP_2^2,"136,36,0","54,74,0",0,-1,0,0.0,0.0,0.0,0.0,
244,SIPP_2^3,"136,36,0","54,74,0",0,-1,0,0.0,0.0,0.0,0.0,
244,SIPP_2^4,"136,36,0","54,74,0",0,-1,0,0.0,0.0,0.0,0.0,
244,SIPP_2^5,"136,36,0","54,74,0",0,-1,0,0.0,0.0,0.0,0.0,
244,SIPP_BigCS,"136,36,0","54,74,0",0,-1,0,0.0,0.0,0.0,0.0,
244,SIPP_Standard,"136,36,5","54,74,6",0,-1,1,0.01328,0.0,0.0,0.0,
245,SIPP_2^2,"82,82,0","85,179,0",1,1101.066967,1592,0.75173,98.99495,21.99115,43.9823,2 2 2 2 2 2 2 2 2 2 2 2 2 2 2 2 2 2 2 2 2 2 2 2 2 2 1 2 2 2 2 2 2 2 2 2 2 2 2 2 2 2 2 2 2 2 2 2 2 2 2 2 3 2 2 2 3 3 2 -2.122 2 -11.498 2 2 2 2 2 2 2 2 2 2 2 2 2 2 2 2 1 1 1 2 2 2 2 1 2 2 1 1 2 2 2 2 -7.422 2 -0.012 2 -0.012 2 2 2 2 2 2 2 2 2 2 2 2 3 2
245,SIPP_2^3,"82,82,0","85,179,0",1,1083.4688449999999,2194,1.35852,99.49905,19.63495,39.26991,4 4 4 4 4 4 4 4 4 4 4 4 4 4 4 4 4 3 4 4 4 4 4 4 4 4 4 4 4 4 4 4 4 4 4 4 4 4 4 4 4 4 4 4 4 4 4 4 4 4 4 5 5 5 5 5 4 4 4 4 4 4 3 3 4 3 4 4 3 3 3 4 3 3 4 4 3 3 4 4 3 -0.548 4 -20.041 4 -0.012 6 -0.012 4 -0.012 4 4 5 4 5 4 4 4 4 4 4 4 5
245,SIPP_2^4,"82,82,0","85,179,0",1,1078.1244769999998,2320,3.84042,61.5693,11.74302,23.48603,8 8 8 8 8 8 8 8 8 8 8 8 8 8 8 8 8 8 8 8 8 8 8 8 8 8 7 8 8 8 8 8 8 8 8 8 8 8 8 8 8 8 8 8 8 8 8 8 8 9 10 10 10 -2.788 10 8 8 6 7 7 7 7 7 7 7 7 7 7 7 -6.407 8 -0.370 12 -20.041 8 -0.012 12 -0.012 8 -0.012 8 8 8 8 8 9 9 8 8 9
245,SIPP_2^5,"82,82,0","85,179,0",1,1075.8985030000001,2342,9.80821,60.01822,11.28224,22.56448,16 16 16 16 16 16 16 16 16 16 16 16 16 16 16 16 16 16 16 16 16 16 16 16 16 15 16 16 16 16 16 16 16 16 16 16 16 16 16 16 16 16 16 16 16 16 16 17 20 20 20 -4.264 20 16 15 14 14 14 14 14 14 14 14 14 13 -7.592 16 -0.370 24 -20.041 16 -0.012 24 -0.012 16 17 16 17 16 16 16 17
245,SIPP_BigCS,"82,82,6","85,179,3",1,1076.9115029999998,21104,143.74741,28.08523,5.3855,1.101,360 4 4 4 4 4 4 4 4 4 4 4 4 4 4 4 0 0 0 56 326 -0.447 331 64 180 200 200 200 304 4 -53.465 40 206 366 4
245,SIPP_Standard,"82,82,6","85,179,3",1,1080.976603,7049,15.65343,40.51639,7.779,1.0037,39 0 8 52 88 20 51 94 8 52 88 -16.977 16 102
246,SIPP_2^2,"127,208,0","206,176,0",1,1274.042437,3755,1.47448,106.06602,23.56194,47.12389,0 0 0 1 0 0 0 0 0 0 1 1 1 1 1 1 1 0 0 0 0 0 0 0 1 0 0 0 0 0 0 0 0 0 0 0 1 0 1 1 1 1 1 1 1 1 1 1 1 1 1 1 1 1 1 1 1 1 1 1 1 1 1 1 1 1 1 1 1 1 1 0 1 0 0 -154.076 1 -9.930 1 -0.012 1 -0.012 1 -0.012 1 1 1 1 1 1 1 1 1 1 1 1 1 1 1 1 1 1 1 1 1 1 1 1 1 1 1 1 1 1 0 1
246,SIPP_2^3,"127,208,0","206,176,0",1,1182.3548069999995,3794,2.30919,59.22415,11.78097,23.56195,2 2 2 2 2 2 2 2 2 2 2 2 2 2 2 2 2 2 2 2 2 2 2 2 2 2 1 2 2 2 2 2 2 2 2 2 2 2 2 2 2 2 2 2 3 2 2 2 3 3 3 3 3 3 2 2 2 3 3 3 1 1 0 0 0 0 0 0 0 0 0 0 0 1 1 1 0 0 0 0 0 0 0 0 0 0 0 0 0 -26.696 0 1 -3.822 1 1 1 1 1 1 1 1 1 2 2 2 1
246,SIPP_2^4,"127,208,0","206,176,0",1,1175.4838369999995,3955,6.26678,34.32046,6.78479,13.56958,4 4 4 4 4 4 4 4 4 4 4 4 4 4 4 4 4 4 4 4 4 4 4 4 4 3 4 4 4 4 4 4 4 4 4 4 4 4 4 4 4 4 4 4 4 5 6 6 6 6 6 6 5 5 5 2 2 1 1 1 0 0 0 0 0 0 0 0 0 0 0 0 0 0 0 0 0 0 0 0 0 -40.947 0 1 3 3 2 2 2 3 2 3 2
246,SIPP_2^5,"127,208,0","206,176,0",1,1172.686259,3960,15.64417,29.59285,5.60878,11.21757,8 8 8 8 8 8 8 8 8 8 8 8 8 8 8 8 8 8 8 8 8 8 8 8 8 8 7 8 8 8 8 8 8 8 8 8 8 8 8 8 8 8 9 9 11 11 11 12 12 1 0 0 0 0 0 1 1 1 0 0 0 0 0 0 0 0 0 0 0 0 -44.889 1 5 5 5 5 4
246,SIPP_BigCS,"127,208,14","206,176,8",0,-1,30671,180.04155,0.0,0.0,0.0,
246,SIPP_Standard,"127,208,14","206,176,8",1,1176.858869,12010,24.48598,28.25244,5.2645,0.5851,17 71 28 36 1 1 5 73 -15.325 60 92 2 -13.534 22 53 73
247,SIPP_2^2,"201,74,0","137,95,0",0,-1,0,0.0,0.0,0.0,0.0,
247,SIPP_2^3,"201,74,0","137,95,0",0,-1,0,0.0,0.0,0.0,0.0,
247,SIPP_2^4,"201,74,0","137,95,0",0,-1,0,0.0,0.0,0.0,0.0,
247,SIPP_2^5,"201,74,0","137,95,0",0,-1,0,0.0,0.0,0.0,0.0,
247,SIPP_BigCS,"201,74,0","137,95,0",0,-1,0,0.0,0.0,0.0,0.0,
247,SIPP_Standard,"201,74,11","137,95,10",0,-1,0,2e-05,0.0,0.0,0.0,
248,SIPP_2^2,"128,109,0","74,184,0",1,1290.0,5394,2.13386,226.27417,50.26548,100.53096,3 3 3 3 3 3 3 3 3 3 3 2 2 2 3 2 2 2 2 2 2 3 2 3 3 3 3 3 3 3 3 3 3 3 3 3 3 3 3 3 3 2 2 3 3 2 2 3 3 3 2 3 2 2 3 3 3 3 3 2 2 2 2 2 3 2 3 3 2 2 2 2 2 2 2 2 2 2 2 2 2 2 2 2 2 2 2 2 2 2 2 2 2 2 2 2 2 2 2 2 2 2 2 2 2 2 2 2 2 3 2 3 3 2 2 2 3 2 3 2 3 3 2 3 2 2 2 2 3
248,SIPP_2^3,"128,109,0","74,184,0",1,1123.923453,3625,2.41608,131.0315,25.91814,51.83628,4 4 4 4 5 5 4 4 4 5 5 5 4 5 4 4 4 5 4 4 4 4 4 4 4 4 4 4 5 5 5 5 5 5 5 4 4 4 4 4 4 4 4 4 5 4 4 4 4 4 4 -1.073 4 4 -2.287 5 -3.482 4 5 6 -2.052 5 5 5 5 5 5 6 5 5 5 -24.858 5 -4.176 6 -6.878 6 6 5 5 6 6 6 5 5 6 6 5 6 5 6 5 6 6 6 6 5 6 6 5
248,SIPP_2^4,"128,109,0","74,184,0",1,1117.0545379999999,3904,6.87199,57.54905,11.48725,22.9745,9 9 9 9 9 9 9 9 9 9 9 9 9 9 9 8 9 9 9 9 8 8 8 8 9 8 9 8 9 9 8 9 9 8 8 8 8 8 8 9 9 8 8 10 -2.187 10 10 11 11 12 13 13 13 -31.010 12 -12.370 12 -1.078 12 -1.369 12 -2.207 10 12 12 11 12 12 11
248,SIPP_2^5,"128,109,0","74,184,0",1,1114.319053,3953,17.68788,41.24246,8.38649,16.77297,17 17 17 17 17 17 17 17 17 17 17 18 18 18 18 18 18 18 18 18 17 18 18 18 17 17 16 17 16 20 20 23 23 25 27 26 -39.297 16 -1.078 24 -4.837 23 23 24 23
248,SIPP_BigCS,"128,109,6","74,184,10",0,-1,21783,180.05902,0.0,0.0,0.0,
248,SIPP_Standard,"128,109,6","74,184,10",1,1117.480231,16826,41.4954,43.12284,8.1897,1.0154,20 39 16 62 94 4 -4.534 104 51 86 -28.460 7 67 -2.486 47 7
249,SIPP_2^2,"57,123,0","50,29,0",1,1030.0,316,0.22421,63.63961,14.13717,28.27433,1 0 0 0 0 0 0 0 0 0 0 0 0 0 3 3 3 3 3 0 3 0 0 0 0 0 0 3 0 3 0 0 0 0 0 0 0 0 0 0 0 0 0 0 0 0 0 0 0 0 0 0 0 0 0 0 0 0 0 0 0 0 0 0 0 0 0 0 0 0 0 0 0 0 0 0 0 0 0 0 0 0 0 0 0 0 0 0 0 0 0 0 0 0 0 0 0 0 0 0 0 0 0
249,SIPP_2^3,"57,123,0","50,29,0",1,1022.122183,1256,0.77977,36.77939,7.06858,14.13717,1 0 0 0 0 0 0 0 0 0 0 0 0 0 7 7 7 7 7 7 7 7 0 0 0 0 0 0 0 0 0 0 0 0 0 0 0 0 0 0 0 -0.288 0 -1.535 0 0 0 0 0 0 0 0 0 0 0 0 0 0 0 0 0 0 0 0 0 0 0 0 0 0 0 0 0 0 7 0 0 0 0 0 0 0 0 0 0 0 -11.291 0 -12.448 0 -1.584 0 -1.535 0 -1.126 0 -0.592 0 -0.206 0 -0.049 0 0 2 -0.046 0
249,SIPP_2^4,"57,123,0","50,29,0",1,1022.122183,1456,2.36825,56.32104,10.85368,21.70735,2 0 0 0 0 0 0 0 0 0 15 14 15 14 15 14 14 15 0 0 0 0 0 0 0 0 0 0 0 0 0 0 0 0 0 0 2 0 15 15 15 0 0 0 0 0 0 0 0 0 0 0 0 0 0 0 0 0 0 0 0 0 0 0 0 0 0 0 0 0 0 0 0 0 0 0 0 0 -3.158 0 -12.448 4 -1.584 0 -1.535 0 -1.126 0 -0.592 0 -0.206 0 -0.049 0 0 0 -0.046 4
249,SIPP_2^5,"57,123,0","50,29,0",1,1022.122183,1587,6.6344,35.3859,6.78479,13.56958,4 0 0 0 0 0 0 0 0 31 29 29 28 28 31 0 0 0 0 0 0 0 0 0 0 0 0 0 0 0 0 1 0 0 0 0 0 31 31 0 0 0 0 0 0 0 0 0 0 0 0 0 0 0 0 0 0 0 0 0 0 0 0 0 0 0 0 0 0 -9.514 0 -12.370 0 -12.448 0 -1.584 0 -1.535 0 -1.126 0 -0.592 0 -0.206 0 -0.049 0 0 8 -0.046 0
249,SIPP_BigCS,"57,123,10","50,29,9",1,1022.0306959999999,9945,64.66665,21.84503,4.2431,0.8629,101 161 6 82 218 190 2 6 6 6 -6.011 2 2 2 2 6 6 6 82 338 -17.875 308 -15.144 2
249,SIPP_Standard,"57,123,10","50,29,9",1,1051.0,1100,2.73397,31.83079,6.115,0.8712,81 10 50 85 2 2 2 2 2 22 49 108 54
250,SIPP_2^2,"196,234,0","100,238,0",1,1313.59464,3000,0.89696,155.56349,34.55752,69.11504,3 3 3 3 3 3 3 3 3 3 3 3 3 3 2 2 3 2 3 -7.713 0 3 -1.119 0 3 3 3 3 3 3 3 3 3 3 3 3 3 3 3 3 3 0 0 3 0 0 0 3 3 3 3 3 3 3 3 3 3 3 3 3 3 3 3 2 -164.763 3 3 3 3 3 3 3 3 3 3 3 3 3 3 3 3 3 3 3 3 3 3 3 3 3 3 3 3 3 3 3 3 3 3 3 3 3 3 3 3 2 3 3 2 2 2 3 2 3 2 2 3
250,SIPP_2^3,"196,234,0","100,238,0",1,1176.0286509999996,2061,1.11183,91.87456,18.06416,36.12832,6 6 6 6 6 6 6 6 6 6 6 6 6 5 5 5 -25.286 0 6 7 7 7 7 7 7 7 6 6 6 6 6 6 6 6 6 6 6 6 6 6 6 7 7 7 7 7 7 7 -0.936 0 -2.111 7 -0.040 5 -1.958 6 -3.619 6 6 6 6 6 6 6 -6.054 6 -1.137 6 -1.137 6 -4.634 5 6 6 6 6 6 6 6 6 6 6 5 5 6 6 5 5 5 5 6 6 6 6 6 6 6 5 5 5 5 5 5 5 5 5 6 5
250,SIPP_2^4,"196,234,0","100,238,0",1,1146.066337,1653,2.33365,65.45176,12.67031,25.34062,12 12 12 12 12 12 12 12 12 12 12 12 10 10 11 -27.068 0 12 14 13 13 13 13 13 13 13 13 13 13 13 13 13 14 -29.953 12 -2.111 14 -2.111 12 -4.029 12 11 12 12 12 12 12 -7.313 12 -1.137 12 -6.093 11 12 11 11 11 11 11 11 11 11 11 12 12 11 11 11 11 11 11 12 11
250,SIPP_2^5,"196,234,0","100,238,0",1,1143.1147250000001,1633,5.73909,58.23405,11.77392,23.54783,24 24 24 24 24 24 24 24 24 24 24 23 20 20 -27.806 0 25 26 26 26 26 26 26 26 26 26 26 27 27 -31.585 24 -2.111 28 -1.841 25 23 24 24 24 24 -0.727 16 -1.137 24 -6.093 22 23 22 22 22 22 22 22 22 23 23 22 22 22 22 22 23
250,SIPP_BigCS,"196,234,14","100,238,1",1,1144.3193310000001,10052,51.57672,47.69543,8.8976,2.0434,365 7 7 7 7 71 326 -47.029 339 205 205 205 205 205 205 317 307 7 79 -13.426 226 -0.111 205 -0.273 205 -0.480 381 203 203 203 307 83 203 203 203 203 203 203 323
250,SIPP_Standard,"196,234,14","100,238,1",1,1553.474919,3290,5.04699,58.97151,11.2952,1.6596,111 -215.994 33 -7.844 82 7 99 109 47 7 91 -1.637 23 38 3 3 7 67 55
251,SIPP_2^2,"157,112,0","86,175,0",1,1340.0,6636,2.49924,254.55844,56.54867,113.09734,2 2 2 2 2 2 2 3 2 2 3 3 3 3 2 2 2 3 3 3 2 3 2 3 3 3 3 3 2 3 2 3 2 2 3 3 3 3 3 3 3 3 3 3 3 3 3 3 3 3 3 3 3 3 3 3 3 3 3 3 3 3 3 3 3 3 3 3 3 2 2 2 2 2 2 2 2 2 2 2 3 3 2 3 3 3 3 3 3 3 3 2 3 2 3 2 2 2 2 2 2 2 3 2 3 2 2 2 2 2 2 2 2 2 2 2 3 3 3 2 3 2 2 2 2 2 2 2 2 2 3 2 3 2
251,SIPP_2^3,"157,112,0","86,175,0",1,1114.5853260000001,3756,2.51026,59.28218,11.78097,23.56195,4 4 4 4 5 5 5 5 5 5 5 5 5 5 5 5 5 5 5 5 5 5 5 5 5 5 5 5 5 5 5 5 4 4 4 5 4 5 4 4 4 4 4 4 4 4 -1.768 4 4 4 -4.325 4 4 4 4 5 5 5 5 5 -2.807 5 6 6 6 6 6 6 6 6 6 5 6 6 6 6 6 6 6 6 6 5 6 6 5 6 6 6 6 6 6 6 6 6 6 6 5
251,SIPP_2^4,"157,112,0","86,175,0",1,1104.4271660000002,3884,6.95485,64.79677,12.88812,25.77624,10 10 10 10 10 10 10 10 10 10 10 10 10 10 9 9 10 9 10 9 9 9 10 10 9 8 -1.017 8 -0.632 10 8 8 8 9 8 -0.528 8 -2.541 6 9 10 -1.338 9 -4.096 8 -1.170 8 8 9 10 10 10 10 9 10 12 12 12 12 12 12 12 12 12 12 12 12 11 12 12 12 12 12 12 12 11 12 12 12 12 12 12 12 12 12 12 11
251,SIPP_2^5,"157,112,0","86,175,0",1,1097.0845980000001,3800,17.37267,25.97655,5.18309,10.36619,17 17 16 16 17 17 16 17 17 17 17 17 16 17 16 16 17 17 18 20 20 21 21 21 21 21 21 20 23 24 24 24 24 24 24 24 24 24 24 24 24 24 24 24 24 24 23 23 24 24 24 24 24 24 24 24 23
251,SIPP_BigCS,"157,112,0","86,175,1",0,-1,23883,180.06688,0.0,0.0,0.0,
251,SIPP_Standard,"157,112,0","86,175,1",1,1110.952002,16714,46.24467,20.37349,3.644,0.5421,31 31 31 51 62 -5.532 62 -12.670 102 -10.097 104 -1.653 55 91 3 3 3
252,SIPP_2^2,"161,157,0","101,236,0",1,1390.0,5206,1.87767,212.13203,47.12389,94.24778,3 3 3 3 3 3 3 3 3 3 3 3 3 3 2 2 3 2 3 3 2 2 3 3 3 3 3 3 3 3 3 2 2 3 2 2 2 2 2 3 3 2 2 2 3 2 2 3 3 2 2 2 2 2 2 2 3 2 2 3 2 2 2 2 2 2 2 2 2 2 2 2 2 2 2 2 2 2 2 3 2 2 2 2 2 2 2 2 2 2 2 2 2 2 2 2 2 2 2 2 2 2 2 2 2 2 2 2 3 3 3 3 3 3 3 3 3 3 3 2 3 3 3 3 3 3 3 3 3 3 2 3 3 2 2 3 2 2 3
252,SIPP_2^3,"161,157,0","101,236,0",1,1091.2489360000006,1361,0.84791,99.52696,19.63495,39.26991,6 5 5 6 6 6 5 5 5 6 6 5 5 5 5 5 6 6 5 6 5 5 4 4 4 4 5 5 5 5 5 5 5 5 5 5 5 5 4 4 4 4 4 4 4 4 4 4 4 4 4 4 4 4 4 5 5 5 5 5 5 5 4 5 5 5 5 4 5 4 4 5 5 5 5 5 5 4 5 5 5 4 5 5 5 5 4 5
252,SIPP_2^4,"161,157,0","101,236,0",1,1052.5704000000005,1013,1.65565,22.45221,4.46655,8.9331,11 11 11 11 11 10 11 11 10 11 11 11 9 9 9 9 9 10 10 10 10 10 10 10 8 8 8 8 8 8 8 8 8 8 8 8 8 8 9 10 10 10 10 10 10 10 10 10 10 10 10 10 9 9 9 9 9 9 9 9 9 10 10 10
252,SIPP_2^5,"161,157,0","101,236,0",1,1043.5132490000005,821,3.3776,22.66823,4.51,9.02001,22 22 22 22 22 22 22 22 21 21 17 16 16 16 16 16 17 17 16 16 16 16 17 17 20 20 20 20 20 20 19 20 20 19 19 20 19 19 19 20 19 20 19 19 19 20 20
252,SIPP_BigCS,"161,157,3","101,236,8",1,1039.0,3641,23.49143,20.09355,3.5712,0.3021,203 203 203 203 203 203 203 203 203 251 103 103 103 103 179 206 206 310 4 0 60 179 222 127 222 127
252,SIPP_Standard,"161,157,3","101,236,8",1,1055.0,788,1.56225,23.93834,4.5389,0.4408,11 55 67 31 51 94 0 20 51 70 51 70 31
253,SIPP_2^2,"156,239,0","164,158,0",0,-1,0,0.0,0.0,0.0,0.0,
253,SIPP_2^3,"156,239,0","164,158,0",0,-1,0,0.0,0.0,0.0,0.0,
253,SIPP_2^4,"156,239,0","164,158,0",0,-1,0,0.0,0.0,0.0,0.0,
253,SIPP_2^5,"156,239,0","164,158,0",0,-1,0,0.0,0.0,0.0,0.0,
253,SIPP_BigCS,"156,239,0","164,158,0",0,-1,0,0.0,0.0,0.0,0.0,
253,SIPP_Standard,"156,239,8","164,158,10",0,-1,0,2e-05,0.0,0.0,0.0,
254,SIPP_2^2,"171,174,0","89,123,0",1,1330.0,5091,1.78339,155.56349,34.55752,69.11504,0 0 0 0 0 0 0 0 0 0 0 0 0 0 0 0 0 0 0 0 3 3 3 3 3 3 3 3 0 3 0 0 3 0 0 3 3 3 3 3 0 3 3 3 3 3 0 3 0 0 0 3 3 3 3 3 3 3 3 3 0 3 3 3 3 3 3 3 3 3 3 3 3 3 3 3 3 3 0 3 3 3 3 3 3 3 3 3 3 3 3 3 3 3 3 3 3 3 3 3 3 3 3 3 3 3 3 3 3 3 3 0 0 0 0 0 0 0 0 0 0 0 0 0 0 0 0 0 3 3 0 3 0
254,SIPP_2^3,"171,174,0","89,123,0",1,1083.9697120000003,2510,1.69097,131.08664,25.91814,51.83628,0 0 0 0 7 7 7 7 7 7 7 0 7 7 7 7 0 0 0 0 7 7 7 7 7 7 7 7 7 7 6 6 6 7 7 7 7 6 6 7 6 6 7 6 6 7 6 6 7 6 7 6 6 7 6 6 6 7 7 6 6 7 6 7 6 6 7 6 6 7 6 6 6 6 6 6 6 6 6 6 6 6 6 6 6 7 7 7 7 6 7
254,SIPP_2^4,"171,174,0","89,123,0",1,1027.733408,1570,2.93329,31.13462,6.20727,12.41455,15 15 15 15 15 15 15 15 15 15 15 -1.525 14 13 12 12 12 12 12 12 13 13 13 13 13 13 13 13 13 12 12 13 13 13 13 13 13 13 13 13 13 13 13 13 12 12 13 12 13 13 12 12 13 12 13
254,SIPP_2^5,"171,174,0","89,123,0",1,1017.4027660000003,1201,5.32917,8.16817,1.63678,3.27356,30 30 30 30 30 30 30 30 30 30 30 -1.525 28 25 25 25 25 25 26 26 26 26 26 26 26 26 26 25 26 26 25 25 26 26 26 25 25 25 25 25 25
254,SIPP_BigCS,"171,174,0","89,123,13",1,1017.350546,7346,56.22606,15.01064,2.0742,0.4763,202 202 202 202 202 202 202 202 202 202 -0.051 202 -2.300 330 87 205 205 205 205 205 205 205 205 205 205 205 205 205 205 205 205 205 205 205 205 205 205 205 205 365 7 7 7 7 7 7
254,SIPP_Standard,"171,174,0","89,123,13",1,1037.806348,3058,7.87753,22.01094,3.5797,0.3459,58 58 -13.296 74 -3.511 61 69 50 93 19 61 61 93 19
255,SIPP_2^2,"63,126,0","153,94,0",1,1220.0,2967,1.01197,127.27922,28.27433,56.54867,0 0 0 0 0 0 0 0 0 0 0 0 0 0 0 0 0 1 1 1 1 0 1 1 1 1 1 1 0 1 1 1 1 1 1 1 1 1 1 1 1 1 1 0 1 1 0 1 1 1 1 1 1 1 1 1 1 0 1 1 1 1 1 1 1 1 1 1 1 1 1 1 1 1 1 1 1 1 1 1 1 1 1 1 1 1 1 1 1 1 1 1 1 1 1 1 1 1 1 1 1 1 1 1 1 1 1 1 1 0 0 0 0 1 0 0 0 1 0 0 1 0
255,SIPP_2^3,"63,126,0","153,94,0",1,1049.1168960000005,1696,1.13225,104.77127,20.42035,40.84071,1 1 1 1 2 2 2 2 2 1 2 1 3 3 2 1 1 1 1 2 2 2 1 2 2 2 2 2 2 2 1 2 1 1 1 1 1 2 2 2 1 1 2 2 2 2 2 2 2 2 2 2 2 2 2 2 2 2 2 2 2 2 2 2 2 2 2 2 2 2 1 1 1 1 1 1 1 1 1 1 2 1 1 2 1 2 1 2 2 1
255,SIPP_2^4,"63,126,0","153,94,0",1,1002.442676,743,1.29,64.62471,13.05805,26.11609,3 4 3 3 3 3 3 -0.912 8 6 4 2 2 2 2 4 4 4 4 4 4 4 4 4 4 4 4 4 4 4 3 3 3 4 3 3 3 4 3 4 3 3 4 4 3 4 3 3 4 3 3 3 3 3 3 3 3 3 3 3 4 3
255,SIPP_2^5,"63,126,0","153,94,0",1,989.8983250000003,323,1.48997,40.69663,7.91997,15.83993,6 6 7 6 6 6 -1.649 16 12 8 4 4 4 4 8 8 8 8 7 8 7 8 7 7 7 7 7 7 6 6 6 6 7 7 7 7 6 7 6 6 7 7 7 7
255,SIPP_BigCS,"63,126,11","153,94,13",1,1024.838045,2149,14.37207,22.98265,3.977,0.594,33 101 101 169 -52.838 81 201 361 5 5 81 201 201 201 201 201 201 201 201 201 201 201 201 201 201 201 201 201 305 5 5 5 5 5 5 5 29
255,SIPP_Standard,"63,126,11","153,94,13",1,1098.806761,2214,6.08264,28.02548,5.2809,0.6971,42 84 -26.807 5 57 65 53 89 1 1 1 1 5 89
256,SIPP_2^2,"203,168,0","212,76,0",0,-1,0,0.0,0.0,0.0,0.0,
256,SIPP_2^3,"203,168,0","212,76,0",0,-1,0,0.0,0.0,0.0,0.0,
256,SIPP_2^4,"203,168,0","212,76,0",0,-1,0,0.0,0.0,0.0,0.0,
256,SIPP_2^5,"203,168,0","212,76,0",0,-1,0,0.0,0.0,0.0,0.0,
256,SIPP_BigCS,"203,168,0","212,76,0",0,-1,0,0.0,0.0,0.0,0.0,
256,SIPP_Standard,"203,168,14","212,76,14",0,-1,77535,180.00072,0.0,0.0,0.0,
257,SIPP_2^2,"126,105,0","200,75,0",1,1140.0,2671,1.17924,148.49242,32.98672,65.97345,1 1 1 1 1 1 1 1 1 1 1 1 1 1 1 1 1 1 1 1 1 1 1 1 1 1 1 1 1 1 1 1 1 1 1 2 1 1 1 1 1 2 2 2 1 1 2 1 1 1 1 1 1 1 1 1 1 1 1 1 1 1 1 1 1 0 1 1 1 0 1 0 0 0 1 1 0 0 0 0 0 0 0 0 0 0 0 0 0 0 0 0 0 0 0 0 1 1 1 1 0 1 1 0 0 0 0 0 1 0 0 0 1 0
257,SIPP_2^3,"126,105,0","200,75,0",1,1067.024314,2465,1.55765,75.1786,14.92257,29.84513,2 2 2 2 2 2 2 2 2 2 2 2 2 2 2 2 2 2 2 2 3 3 3 2 2 3 2 3 2 2 2 2 2 2 2 2 2 2 2 2 2 2 2 2 2 2 2 2 2 2 2 2 2 2 2 2 2 2 2 2 2 1 1 1 0 1 1 1 -32.466 0 0 0 0 0 0 0 0 0 0 0 0 0 0 0 1 0 0 1 0 0 1 0 1 1 1 0 1
257,SIPP_2^4,"126,105,0","200,75,0",1,1054.554122,2417,4.10313,55.51229,11.0236,22.0472,4 4 4 4 4 4 4 4 4 5 4 4 4 4 4 5 4 4 4 4 5 4 4 4 4 4 4 4 4 4 4 4 4 4 4 4 4 4 4 5 5 4 4 4 4 4 4 4 4 4 4 4 4 4 4 3 2 2 2 1 2 -44.936 0 0 0 0 1 0 0 1 1 0 0 0 1 0 1 0 0 1 0 0 1
257,SIPP_2^5,"126,105,0","200,75,0",1,1049.3888010000003,2361,10.23853,30.73245,6.14834,12.29669,8 8 8 8 8 8 8 8 8 8 8 9 8 8 8 8 8 8 8 8 8 8 9 9 8 8 8 9 9 8 8 8 8 8 8 8 8 8 8 8 7 8 8 8 8 8 8 8 8 8 4 4 3 4 -49.811 0 1 1 1 1 0 0 1 1 0 0 0 0 1
257,SIPP_BigCS,"126,105,7","200,75,3",0,-1,23455,180.04376,0.0,0.0,0.0,
257,SIPP_Standard,"126,105,7","200,75,3",1,1063.137742,10393,24.4811,33.73227,6.4273,0.7999,45 1 21 48 95 1 17 111 49 -11.138 92 2 22 49
258,SIPP_2^2,"206,134,0","180,46,0",1,1140.0,1982,0.74925,113.13708,25.13274,50.26548,3 3 0 0 0 0 0 0 3 3 0 0 0 0 0 0 0 0 3 0 0 3 0 0 0 0 0 0 0 0 0 0 0 0 0 0 0 0 0 0 0 0 0 0 0 0 0 0 0 0 0 0 0 0 0 0 0 0 0 0 0 0 0 0 0 0 0 0 0 0 0 0 0 0 0 0 0 0 0 0 0 0 0 0 0 3 3 3 3 3 0 0 3 3 0 0 0 0 3 3 0 3 3 0 0 3 3 3 3 3 3 3 3 3
258,SIPP_2^3,"206,134,0","180,46,0",1,1081.9857909999998,1942,1.11386,73.30704,14.13717,28.27433,7 7 7 7 0 0 7 0 0 0 0 0 0 0 7 0 0 0 0 0 0 0 0 0 0 0 0 0 0 0 0 0 0 0 0 0 0 0 0 0 0 0 0 0 0 0 0 0 0 0 0 0 0 0 0 0 0 0 0 0 7 0 0 7 0 0 0 0 0 0 0 0 0 0 0 0 7 0 7 7 7 7 0 7 7 7 7 7 7 7 7 0 -0.781 6 -7.651 5 5 5 5
258,SIPP_2^4,"206,134,0","180,46,0",1,1071.042723,1957,2.99876,50.75827,10.09631,20.19261,0 0 0 15 0 15 0 15 15 15 15 0 0 0 0 0 0 0 0 0 0 0 0 0 0 0 0 0 0 0 0 0 15 0 0 0 0 0 0 0 0 0 0 0 0 0 0 0 15 15 15 0 0 0 15 0 0 0 0 0 15 15 0 0 0 15 0 0 0 0 14 14 14 14 14 14 14 14 14 -11.850 10 9 9
258,SIPP_2^5,"206,134,0","180,46,0",1,1069.561825,2000,7.71735,35.03386,6.8607,13.72141,31 31 31 31 31 31 0 0 0 0 0 0 0 0 0 0 0 0 0 0 0 0 0 0 0 0 0 0 0 0 0 0 0 0 0 0 0 0 31 0 0 0 31 31 31 0 31 0 31 0 31 0 0 31 0 31 28 28 28 28 28 28 28 28 -5.001 18 18 18
258,SIPP_BigCS,"206,134,13","180,46,2",1,1072.0,18587,103.22481,29.84287,5.7157,1.2044,6 82 202 202 202 306 2 2 6 6 2 6 6 6 6 6 6 6 6 82 202 202 362 2 66 182 202 330 11
258,SIPP_Standard,"206,134,13","180,46,2",1,1081.794791,6057,10.07708,24.07835,4.4964,0.5745,58 90 2 2 2 2 2 6 90 2 6 82 -0.795 15
259,SIPP_2^2,"68,40,0","11,119,0",0,-1,0,0.0,0.0,0.0,0.0,
259,SIPP_2^3,"68,40,0","11,119,0",0,-1,0,0.0,0.0,0.0,0.0,
259,SIPP_2^4,"68,40,0","11,119,0",0,-1,0,0.0,0.0,0.0,0.0,
259,SIPP_2^5,"68,40,0","11,119,0",0,-1,0,0.0,0.0,0.0,0.0,
259,SIPP_BigCS,"68,40,0","11,119,0",0,-1,0,0.0,0.0,0.0,0.0,
259,SIPP_Standard,"68,40,12","11,119,15",0,-1,0,3e-05,0.0,0.0,0.0,
260,SIPP_2^2,"107,185,0","32,208,0",0,-1,0,0.0,0.0,0.0,0.0,
260,SIPP_2^3,"107,185,0","32,208,0",0,-1,0,0.0,0.0,0.0,0.0,
260,SIPP_2^4,"107,185,0","32,208,0",0,-1,0,0.0,0.0,0.0,0.0,
260,SIPP_2^5,"107,185,0","32,208,0",0,-1,0,0.0,0.0,0.0,0.0,
260,SIPP_BigCS,"107,185,0","32,208,0",0,-1,0,0.0,0.0,0.0,0.0,
260,SIPP_Standard,"107,185,3","32,208,10",0,-1,0,3e-05,0.0,0.0,0.0,
261,SIPP_2^2,"108,31,0","92,131,0",1,1161.029362,1610,0.61964,113.13708,25.13274,50.26548,2 2 2 2 2 2 2 2 2 2 2 2 2 2 2 2 2 2 2 3 3 3 2 3 2 2 2 2 2 3 3 3 3 2 2 2 2 2 2 2 2 2 2 2 2 2 2 2 2 2 2 2 2 2 2 2 2 2 2 2 2 2 2 2 2 2 2 2 2 2 2 2 2 -1.029 3 2 2 2 2 2 2 2 2 2 2 2 2 2 2 2 2 2 2 2 2 2 2 2 2 2 2 3 2 3 3 2 2 3 2 2 2 2 2 3 3 3 2
261,SIPP_2^3,"108,31,0","92,131,0",1,1113.080768,2300,1.48553,123.01122,24.34734,48.69469,4 4 4 4 4 4 4 4 4 5 4 4 4 4 4 5 5 4 4 4 4 4 4 4 5 4 5 5 4 4 4 4 4 5 4 4 4 4 4 4 4 5 5 4 4 4 5 4 4 5 5 5 4 4 4 4 4 4 4 4 4 -2.845 5 -2.541 4 4 4 3 4 4 3 4 4 4 4 4 4 3 4 3 3 4 4 4 4 4 4 4 4 4 4 4 4 5 5 4 5 5 5 5 4 5
261,SIPP_2^4,"108,31,0","92,131,0",1,1057.9023360000003,1462,2.43072,46.31133,9.16901,18.33802,8 8 8 8 9 8 9 9 8 8 8 8 8 8 8 8 8 9 9 8 8 9 8 8 8 8 8 8 8 8 8 8 8 8 8 8 8 8 8 8 8 8 8 8 8 8 8 8 8 8 8 8 8 8 8 8 8 8 8 8 8 8 8 8 9 10 10 10 10 8 6 6 8 8 8 8 8 9 9 9 9 8 9 9 8 9
261,SIPP_2^5,"108,31,0","92,131,0",1,1042.9301050000001,1236,5.40361,17.53743,3.5013,7.0026,17 17 17 17 17 17 17 17 17 17 17 17 18 17 17 17 17 17 17 17 17 16 16 16 16 16 16 16 16 16 16 16 16 16 16 16 16 15 16 15 16 16 15 16 15 16 16 16 15
261,SIPP_BigCS,"108,31,15","92,131,15",1,1052.0,9118,66.82596,26.6292,4.8639,0.5214,84 206 206 206 206 206 206 206 206 310 4 84 206 366 84 206 310 4 4 4 4 4 4 4 4 4 4 4 4 4 4 28 360 28 304
261,SIPP_Standard,"108,31,15","92,131,15",1,1074.0,4239,11.36439,29.17668,5.5166,0.6619,0 20 51 94 0 20 51 62 94 0 4 88 8
262,SIPP_2^2,"135,135,0","230,166,0",1,1260.0,4440,1.73709,247.48737,54.97787,109.95574,1 1 1 1 1 1 1 1 1 1 1 1 1 1 1 1 1 1 1 1 1 1 1 1 1 1 1 1 1 1 1 1 1 1 1 2 1 2 1 1 1 1 1 1 1 1 1 1 1 2 2 1 1 2 1 2 2 2 1 1 1 1 2 2 2 1 1 1 1 2 1 1 1 1 2 2 1 1 1 1 1 1 1 1 2 1 2 1 1 2 1 2 2 1 2 1 2 1 1 2 2 2 2 2 2 2 1 2 1 1 1 1 1 1 1 1 1 1 1 1 1 1 1 2 1 2
262,SIPP_2^3,"135,135,0","230,166,0",1,1098.611716,3013,1.91473,67.90069,13.35177,26.70354,3 3 3 3 3 3 3 3 3 3 2 2 2 2 2 2 3 2 3 3 3 3 3 3 3 3 3 3 2 2 2 2 2 2 2 2 2 3 2 2 2 2 2 2 2 2 2 2 2 2 2 2 3 2 3 2 2 2 2 2 2 2 2 2 2 2 2 2 2 2 2 2 2 2 2 3 2 2 2 2 2 3 3 3 2 2 2 2 2 2 3 3 3 -19.160 2 -1.046 2
262,SIPP_2^4,"135,135,0","230,166,0",1,1098.611716,3505,5.88168,43.71499,8.42157,16.84314,4 4 4 4 4 4 4 4 4 4 4 4 4 4 4 4 4 4 4 5 5 5 5 5 5 5 5 5 5 5 5 5 5 4 4 4 4 4 4 4 5 4 5 5 5 5 4 5 5 5 5 6 5 5 5 5 5 5 -29.471 3 -1.416 4 -4.208 4 -4.686 4 -1.170 4 6 -17.511 8 -1.046 4
262,SIPP_2^5,"135,135,0","230,166,0",1,1098.611716,3648,15.55651,40.21483,8.00294,16.00587,9 9 9 9 9 9 9 9 9 9 9 9 9 9 9 9 8 8 8 8 9 8 8 8 8 8 8 8 8 8 8 8 8 8 9 9 8 9 9 9 9 -14.681 8 -0.012 16 -30.056 10 12 12 -0.168 13 -18.625 8 -1.046 16
262,SIPP_BigCS,"135,135,10","230,166,13",0,-1,24975,180.44615,0.0,0.0,0.0,
262,SIPP_Standard,"135,135,10","230,166,13",1,1098.5202289999997,15601,36.99883,27.66708,5.3303,0.6059,36 1 1 21 48 71 36 1 21 48 71 36 -53.520 1
263,SIPP_2^2,"138,30,0","36,17,0",0,-1,0,0.0,0.0,0.0,0.0,
263,SIPP_2^3,"138,30,0","36,17,0",0,-1,0,0.0,0.0,0.0,0.0,
263,SIPP_2^4,"138,30,0","36,17,0",0,-1,0,0.0,0.0,0.0,0.0,
263,SIPP_2^5,"138,30,0","36,17,0",0,-1,0,0.0,0.0,0.0,0.0,
263,SIPP_BigCS,"138,30,0","36,17,0",0,-1,0,0.0,0.0,0.0,0.0,
263,SIPP_Standard,"138,30,5","36,17,4",0,-1,0,4e-05,0.0,0.0,0.0,
264,SIPP_2^2,"196,39,0","162,121,0",0,-1,0,0.0,0.0,0.0,0.0,
264,SIPP_2^3,"196,39,0","162,121,0",0,-1,0,0.0,0.0,0.0,0.0,
264,SIPP_2^4,"196,39,0","162,121,0",0,-1,0,0.0,0.0,0.0,0.0,
264,SIPP_2^5,"196,39,0","162,121,0",0,-1,0,0.0,0.0,0.0,0.0,
264,SIPP_BigCS,"196,39,0","162,121,0",0,-1,0,0.0,0.0,0.0,0.0,
264,SIPP_Standard,"196,39,7","162,121,1",0,-1,1,0.02219,0.0,0.0,0.0,
265,SIPP_2^2,"75,225,0","23,155,0",0,-1,0,0.0,0.0,0.0,0.0,
265,SIPP_2^3,"75,225,0","23,155,0",0,-1,0,0.0,0.0,0.0,0.0,
265,SIPP_2^4,"75,225,0","23,155,0",0,-1,0,0.0,0.0,0.0,0.0,
265,SIPP_2^5,"75,225,0","23,155,0",0,-1,0,0.0,0.0,0.0,0.0,
265,SIPP_BigCS,"75,225,0","23,155,0",0,-1,0,0.0,0.0,0.0,0.0,
265,SIPP_Standard,"75,225,3","23,155,1",0,-1,0,3e-05,0.0,0.0,0.0,
266,SIPP_2^2,"136,183,0","229,149,0",1,1290.0,3701,1.19417,127.27922,28.27433,56.54867,0 0 1 0 1 1 1 1 1 1 1 1 1 1 1 1 1 1 1 1 1 1 1 1 1 1 1 1 1 1 1 1 1 1 1 1 1 0 1 1 1 1 1 1 1 1 1 1 1 1 1 1 1 1 1 1 1 1 1 1 1 1 1 1 1 1 1 1 1 1 1 1 1 1 1 1 1 1 1 1 2 1 1 1 1 0 0 0 0 0 0 0 0 0 0 0 0 0 0 0 0 0 0 0 0 0 0 0 1 0 1 1 1 0 0 1 0 0 0 1 1 1 1 1 1 0 1 1 0
266,SIPP_2^3,"136,183,0","229,149,0",1,1076.690488,1998,1.22718,75.69012,14.92257,29.84513,0 1 1 1 1 1 1 1 1 1 1 1 1 1 1 1 1 1 1 2 1 2 2 1 1 2 2 2 1 2 2 1 2 2 2 2 2 2 2 2 2 2 2 2 2 2 2 2 2 2 2 2 2 2 2 2 2 2 2 2 2 2 2 2 2 2 2 2 2 2 2 2 2 2 2 1 2 2 2 2 1 1 1 2 2 1 2 2 1 1 1 1 2 1
266,SIPP_2^4,"136,183,0","229,149,0",1,1021.465352,1174,1.98124,38.10031,7.59822,15.19643,0 2 2 4 4 4 4 4 4 4 4 4 4 4 4 4 4 4 4 4 4 4 4 4 3 3 3 3 4 3 3 3 4 3 3 3 3 3 3 3 3 4 3 3 3 4 3 3 3 3 3 3 3 3 3 3 3 4 4 4 3 4 3
266,SIPP_2^5,"136,183,0","229,149,0",1,1000.0661650000004,92,0.38361,7.56616,1.53284,3.06568,0 4 4 7 7 7 7 7 7 7 7 7 7 7 7 7 7 7 7 7 7 7 7 7 7 7 7 7 7 7 7 6 6 7
266,SIPP_BigCS,"136,183,7","229,149,11",1,1011.0,3656,26.80636,20.68477,3.548,0.6458,78 201 201 201 201 201 201 201 201 201 201 201 201 201 201 201 201 201 201 201 201 201 305 5 5 81 305 5 5 1 5 5 5 5 5 81 305
266,SIPP_Standard,"136,183,7","229,149,11",1,1055.0,2374,5.51303,27.67484,5.2771,0.6237,26 89 1 1 1 1 9 53 65 53 89 9 53
267,SIPP_2^2,"18,165,0","78,235,0",1,1339.410248,4602,1.50043,233.34524,51.83628,103.67256,2 2 2 2 2 2 2 2 2 2 2 2 2 2 2 2 2 2 2 2 2 2 2 2 2 2 2 2 2 2 2 2 2 2 1 2 2 2 2 1 1 1 1 1 1 1 1 1 2 1 2 1 2 2 1 2 2 1 1 1 1 -6.660 1 -6.845 1 2 2 2 2 2 2 2 2 1 1 1 1 1 1 1 1 1 1 1 1 1 2 1 1 1 2 1 1 1 1 1 2 1 1 2 1 2 2 2 2 2 1 2 2 2 2 2 1 1 2 1 1 1 2 1 1 1 2 1 2 1 -23.632 1 1 -2.273 1 1 1 1
267,SIPP_2^3,"18,165,0","78,235,0",1,1063.4022840000005,1480,0.8674,88.21494,17.27876,34.55752,3 4 4 4 4 4 4 4 4 4 4 4 4 4 4 4 4 4 4 4 4 3 3 4 3 3 3 4 4 4 3 4 4 3 3 4 3 4 3 4 3 3 3 3 3 3 2 2 3 3 3 2 2 2 2 2 2 2 2 2 2 2 2 2 3 2 3 3 2 2 2 3 -3.575 3 3 3 3 3 3 3 3 3 3 3 3 3 3 3 3 3
267,SIPP_2^4,"18,165,0","78,235,0",1,1048.4918950000003,1565,2.41502,44.86642,8.92317,17.84635,8 8 8 8 8 8 8 8 8 8 8 8 8 7 8 7 7 7 7 8 8 7 7 8 7 7 8 7 7 6 6 6 6 6 5 5 5 5 4 4 4 4 4 4 4 4 4 4 4 4 4 4 4 4 4 5 -0.092 6 -0.770 4 6 6 6 6 6 6 6 7 7 6 6 7 7 6 6
267,SIPP_2^5,"18,165,0","78,235,0",1,1035.5762510000002,1465,5.76281,29.12068,5.79282,11.58564,15 15 15 15 15 15 15 15 16 16 16 16 16 15 16 16 15 15 12 12 12 10 10 10 10 9 8 8 8 8 8 8 8 8 8 9 8 9 8 8 8 8 12 13 13 12 12 13 12 13 13 12
267,SIPP_BigCS,"18,165,10","78,235,10",1,1041.0,11648,69.01713,26.70096,4.937,0.7002,200 200 200 200 200 200 304 4 4 4 12 360 88 124 207 207 311 5 1 5 5 5 5 5 5 73 100 100 180 216 152
267,SIPP_Standard,"18,165,10","78,235,10",1,1059.075645,3743,7.41931,24.64143,4.7015,0.4417,44 0 0 8 52 64 48 95 1 -11.076 17 71 52 64
268,SIPP_2^2,"129,124,0","230,109,0",1,1213.8493589999998,2951,1.30054,113.13708,25.13274,50.26548,1 1 1 1 1 1 1 1 1 1 1 1 1 1 1 1 1 1 1 1 1 1 0 0 0 0 0 1 1 1 1 1 1 1 1 1 0 0 1 1 1 1 1 1 1 1 1 1 1 0 1 1 1 1 1 1 1 1 1 1 1 1 1 1 1 1 1 1 1 1 0 0 1 0 0 0 0 1 1 1 1 1 2 2 1 -0.017 1 -10.025 1 -0.053 1 1 -1.388 0 -2.366 0 1 0 1 1 1 1 1 1 1 1 1 1 1 1 1 1 1 1 1 1 1 1 1 1 1 1 1 1 1
268,SIPP_2^3,"129,124,0","230,109,0",1,1183.081235,3640,2.28746,119.45625,23.56195,47.12389,1 1 2 1 2 2 2 2 2 2 2 2 2 1 2 2 2 1 1 1 1 1 1 1 1 2 2 2 2 2 2 2 2 2 2 2 2 2 2 2 2 2 2 2 2 2 1 2 1 2 2 2 1 2 2 2 2 2 2 1 1 1 1 0 1 -25.187 0 -3.954 2 -3.078 1 2 2 3 3 2 2 2 2 -0.741 2 2 2 2 3 3 3 2 2 2 2 3 2 2 2 2 2 2 2 2 2 2 2 2 3 2 3
268,SIPP_2^4,"129,124,0","230,109,0",1,1175.062414,3828,6.56024,45.50665,9.06507,18.13014,4 3 3 3 3 3 4 4 4 4 4 4 3 3 3 3 3 3 3 4 4 4 4 4 4 4 4 4 4 4 4 4 4 4 4 4 4 4 4 4 4 3 3 3 2 2 2 2 1 -53.690 0 -3.954 4 -3.078 2 4 4 -1.210 4 -1.122 4 -1.078 4 4 5 5 6 6 5 5 4 4 5 5 4 4 4 4 4 4 4 4 4 4 4 4 4
268,SIPP_2^5,"129,124,0","230,109,0",1,1172.4014020000002,3877,16.7164,33.85106,6.64289,13.28579,7 7 7 7 8 7 7 7 7 7 7 7 7 8 8 8 8 8 7 7 7 8 8 8 8 8 8 8 8 4 4 4 3 -65.206 0 -8.291 7 -1.222 8 -1.248 8 -1.122 8 -1.078 8 8 10 10 12 11 9 9 8 8 8 8 8 8 8 8 8 8 8 8 9
268,SIPP_BigCS,"129,124,8","230,109,5",0,-1,23636,180.08396,0.0,0.0,0.0,
268,SIPP_Standard,"129,124,8","230,109,5",1,1176.537115,19020,48.37946,41.92973,8.1274,1.0954,80 9 53 65 45 1 1 9 49 -30.304 84 -0.233 21 36 1 21
269,SIPP_2^2,"94,34,0","143,121,0",1,1431.11169,6979,2.45885,141.42136,31.41593,62.83185,2 2 2 2 2 2 2 2 2 1 1 1 1 2 1 2 1 1 2 2 2 2 2 2 2 2 2 2 2 2 2 2 2 2 2 2 2 2 2 2 2 2 2 2 2 2 2 2 2 2 2 2 2 2 2 2 2 2 2 2 2 2 2 2 2 2 2 2 2 -26.556 3 -4.473 3 2 2 2 2 2 2 2 2 2 2 2 1 2 1 1 1 1 1 1 1 1 1 1 2 1 2 1 1 1 1 1 1 1 1 1 1 1 1 1 1 -0.082 1 1 2 2 2 2 2 2 2 2 2 1 1 1 2 1 1 1 1 1 1 1 1 1 1 1 1 1 2
269,SIPP_2^3,"94,34,0","143,121,0",1,1096.396120000001,1677,1.12701,91.02133,18.06416,36.12832,4 4 4 3 3 4 4 4 4 4 3 4 4 4 3 3 4 4 4 4 4 4 4 4 4 4 4 4 4 3 3 3 3 3 3 3 3 4 4 4 3 4 4 4 4 4 3 3 3 4 4 3 3 3 3 3 3 3 4 4 4 3 3 3 3 3 3 3 3 3 4 4 4 4 3 3 3 4 3 3 3 3 2 2 2 3 3 3 3 2 3
269,SIPP_2^4,"94,34,0","143,121,0",1,1054.6681680000006,1482,2.73856,36.71264,7.31442,14.62884,8 8 8 8 8 7 8 8 8 7 7 7 8 8 8 8 8 8 8 7 7 7 7 7 7 8 7 7 7 7 8 7 7 7 7 7 7 7 7 7 7 7 7 6 6 6 6 6 6 6 6 6 6 7 6 6 6 4 4 5 4 5 5
269,SIPP_2^5,"94,34,0","143,121,0",1,1048.0323620000001,1542,6.85956,13.76012,2.7468,5.4936,16 16 15 15 15 15 15 15 15 15 15 15 15 15 15 15 14 14 15 14 13 13 13 13 13 13 13 13 13 14 14 12 9 8 8 8 9 8
269,SIPP_BigCS,"94,34,2","143,121,3",1,1052.0,10349,72.66972,26.2983,4.6298,0.6342,80 200 200 200 200 200 360 80 200 200 200 200 200 304 4 32 100 152 200 200 200 200 200 200 200 200 216 100 160 5 57
269,SIPP_Standard,"94,34,2","143,121,3",1,1063.8207200000002,2797,6.94799,29.10499,5.4253,0.5821,4 56 88 0 4 64 52 64 52 64 52 -1.821 72 103
270,SIPP_2^2,"106,242,0","75,150,0",1,1319.485679,3841,1.35453,127.27922,28.27433,56.54867,0 0 0 0 0 0 0 0 0 0 0 0 0 0 0 0 0 0 0 0 0 0 0 0 0 0 0 0 0 0 3 0 0 0 0 0 0 3 0 3 3 0 0 0 0 0 0 0 0 0 0 0 0 3 3 0 0 -21.612 0 0 -4.192 0 -0.909 0 -0.918 0 0 0 0 0 0 0 0 0 0 0 0 0 -56.984 3 3 -2.030 3 -2.841 3 3 3 3 3 3 3 3 3 0 0 0 0 0 0 0 0 0 0 0 0 0 0 0 0 0 0 0 0 3 0 3 3 3 0 3 0 3 3 3 3 3 3 3 3 0
270,SIPP_2^3,"106,242,0","75,150,0",1,1234.8779399999994,3546,2.02765,124.74396,24.34734,48.69469,0 0 0 7 7 0 7 0 0 7 0 0 0 0 0 7 7 0 0 0 0 0 0 0 0 0 0 0 7 0 0 0 7 0 0 -146.966 6 -1.126 6 -0.592 0 -0.206 0 -0.049 0 0 0 0 0 0 0 -0.003 0 -0.012 0 0 0 0 0 0 0 0 0 7 -3.770 7 7 7 0 7 7 0 0 0 0 7 -16.149 0 -0.012 0 -0.012 0 7 0 0 7 0 0 0 0 0 7 7 7 7 0 0 0 7 7 7 7 7 7 6 7
270,SIPP_2^4,"106,242,0","75,150,0",1,1077.709586,1742,2.56563,46.25191,9.20697,18.41394,0 0 0 0 0 0 0 0 0 0 0 0 0 0 0 0 15 0 15 0 0 15 15 15 0 0 15 0 0 15 15 15 15 0 0 0 0 0 0 0 -25.532 0 -15.030 0 0 0 15 15 15 15 15 14 14 14 13 15 15 0 0 0 0 0 0 0 0 0 15 0 0 -2.150 0 -2.352 0 14 13 13 13 14
270,SIPP_2^5,"106,242,0","75,150,0",1,1074.8577890000001,1740,6.4713,34.75784,6.82275,13.64549,0 0 0 0 0 31 31 0 0 0 0 0 0 0 0 0 0 0 0 0 0 31 31 0 31 31 31 31 31 31 -32.911 0 -15.030 0 0 31 30 30 29 29 28 -0.085 24 31 0 0 0 0 0 0 0 0 0 0 31 0 31 27 26 26 26
270,SIPP_BigCS,"106,242,2","75,150,10",1,1080.147364,15714,106.6954,32.0681,6.0854,1.2173,202 202 306 6 6 6 6 6 6 6 2 2 6 6 6 30 322 -18.025 237 -15.124 82 202 202 202 322 -14.998 325 202 306 2 66 178 205
270,SIPP_Standard,"106,242,2","75,150,10",1,1231.8910489999998,14067,29.56208,49.24379,9.2377,1.3168,49 92 2 6 74 77 106 -51.154 33 -2.459 58 -20.278 82 27 90 10 50
271,SIPP_2^2,"166,218,0","125,140,0",0,-1,0,0.0,0.0,0.0,0.0,
271,SIPP_2^3,"166,218,0","125,140,0",0,-1,0,0.0,0.0,0.0,0.0,
271,SIPP_2^4,"166,218,0","125,140,0",0,-1,0,0.0,0.0,0.0,0.0,
271,SIPP_2^5,"166,218,0","125,140,0",0,-1,0,0.0,0.0,0.0,0.0,
271,SIPP_BigCS,"166,218,0","125,140,0",0,-1,0,0.0,0.0,0.0,0.0,
271,SIPP_Standard,"166,218,15","125,140,4",0,-1,0,2e-05,0.0,0.0,0.0,
272,SIPP_2^2,"208,130,0","195,27,0",1,1160.0,808,0.32325,98.99495,21.99115,43.9823,0 0 0 0 3 3 0 0 3 3 0 3 3 0 0 0 0 3 0 3 0 0 0 0 0 0 0 0 0 0 0 0 0 0 0 0 0 0 0 0 0 0 0 0 0 0 0 0 0 0 0 0 0 0 0 0 0 0 0 0 0 0 0 0 0 0 0 0 0 0 0 0 0 0 0 0 0 0 0 0 0 0 0 0 0 0 0 0 0 0 0 0 0 0 0 0 0 0 0 0 0 0 0 0 0 0 0 0 0 3 0 3 3 3 3 0
272,SIPP_2^3,"208,130,0","195,27,0",1,1117.4042139999997,1195,0.69015,24.23264,4.71239,9.42478,7 7 7 7 6 7 -5.201 7 0 0 0 0 0 0 7 0 0 0 0 0 0 0 0 0 0 0 0 0 0 0 0 0 0 0 0 0 0 0 0 0 0 0 0 0 0 0 0 0 0 0 0 0 0 0 0 0 0 0 0 0 0 0 0 0 0 0 0 0 0 0 0 0 0 0 0 0 0 0 0 0 0 0 0 0 0 0 0 0 0 0 0 0 0 0 0 0 0 -19.808 0 -0.012 0 -2.677 0 7 7 7 7 7
272,SIPP_2^4,"208,130,0","195,27,0",1,1116.7904359999998,1329,1.98684,14.39617,2.8578,5.7156,14 14 13 14 13 -0.245 15 0 0 0 0 0 0 0 0 0 0 0 0 0 0 0 0 0 0 0 0 0 0 0 0 0 0 0 0 0 0 0 0 0 0 0 0 0 0 0 0 0 0 0 0 0 0 0 0 0 0 0 0 0 0 0 0 0 0 0 0 0 0 0 0 0 0 0 0 0 0 0 0 0 0 0 0 0 0 0 0 0 0 0 0 0 0 0 -4.211 0 -20.040 0 -0.012 0 -3.845 15 14 14 14 14
272,SIPP_2^5,"208,130,0","195,27,0",1,1116.2898349999998,1360,5.07036,24.73913,5.05587,10.11173,27 28 27 -1.459 31 0 0 0 0 0 0 0 0 0 0 0 0 0 0 0 0 0 0 0 0 0 0 0 0 0 0 0 0 0 0 0 0 0 0 0 0 0 0 0 0 0 0 0 0 0 0 0 0 0 0 0 0 0 0 0 0 0 0 0 0 0 0 0 0 0 0 0 0 0 0 0 0 0 0 0 0 0 0 0 0 0 0 1 2 -0.738 0 -0.020 24 -9.588 29 28 28 28 28
272,SIPP_BigCS,"208,130,5","195,27,7",1,1114.945492,9387,49.60801,19.1859,3.7454,0.8558,-0.052 221 -0.143 170 6 6 6 6 6 2 2 2 2 2 2 2 6 6 6 6 6 6 2 30 338 -20.751 292 102 102 102
272,SIPP_Standard,"208,130,5","195,27,7",1,1131.918022,3205,5.49843,23.93743,4.635,0.6269,50 77 106 37 2 2 2 2 2 2 2 2 10 -6.918 46
273,SIPP_2^2,"101,37,0","117,142,0",1,1338.284743,4799,1.7276,106.06602,23.56194,47.12389,2 2 2 2 2 2 2 2 2 2 2 2 2 2 2 2 2 2 2 2 2 2 2 2 2 2 2 2 2 2 2 2 2 2 2 2 2 2 2 2 2 2 2 2 2 2 2 2 2 2 2 2 2 2 2 2 2 2 2 2 2 2 2 2 2 2 2 2 2 2 1 1 2 1 2 1 2 2 2 2 2 2 2 2 2 2 2 2 2 2 2 2 2 2 2 2 2 2 2 2 2 2 2 2 1 1 1 1 1 2 1 -4.273 2 -4.183 2 3 3 3 3 3 -4.919 2 -7.587 1 -5.593 2 1 1 1 -1.729 1 1 1 1 1 1 1
273,SIPP_2^3,"101,37,0","117,142,0",1,1116.2741760000001,1661,1.1231,43.5028,8.63938,17.27876,4 4 4 4 4 4 4 4 4 4 4 4 4 4 4 4 4 4 4 4 4 4 4 4 4 4 4 4 4 4 4 4 4 4 4 4 4 4 4 4 4 4 4 4 4 4 4 4 4 4 4 3 3 3 3 4 4 4 4 4 4 4 4 4 4 4 4 4 4 4 4 4 4 4 4 4 4 4 4 4 4 4 4 4 4 4 4 4 4 3 3 4 3 3 3 3 4 3 3 3 4 3 3 4 3
273,SIPP_2^4,"101,37,0","117,142,0",1,1088.59619,1259,2.30307,11.5683,2.31824,4.63648,8 8 8 8 8 8 8 8 8 8 8 8 8 8 8 8 8 8 8 8 8 8 8 8 8 8 8 8 8 8 8 8 8 8 8 8 8 8 8 8 8 8 8 8 8 8 8 8 8 8 8 8 8 8 8 8 8 8 8 8 8 8 8 8 8 8 8 8 7 7 7 7 8 7 7 7 7 7 7 7 8 -0.171 8 -0.117 8 -0.395 8 -0.143 7 7 7 7 7
273,SIPP_2^5,"101,37,0","117,142,0",1,1082.3222530000003,1193,5.81358,20.30458,4.05422,8.10844,16 16 16 16 16 16 16 16 16 16 16 16 16 16 16 16 16 16 16 16 16 16 16 16 16 16 16 16 16 16 16 16 16 16 16 16 16 16 16 16 15 15 15 15 15 15 16 16 16 16 16 15 16 16 15 16 16 16 16 16 15 16 16 16 16 16 16 16 16 16 16 15 16 16 15 13 14 13
273,SIPP_BigCS,"101,37,4","117,142,9",1,1087.0,7443,64.93436,16.60218,3.0509,0.4203,0 4 4 4 0 4 4 0 28 200 360 4 4 4 80 200 200 200 304 4 4 4 4 4 4 4 4 4 4 4 4 4 4 0 4 4 4 4 80 200 200 320
273,SIPP_Standard,"101,37,4","117,142,9",1,1127.0,6572,20.65558,22.6617,4.3262,0.5962,0 0 0 0 0 0 0 4 64 52 104 35 64 52
274,SIPP_2^2,"185,140,0","126,221,0",1,1400.0,5471,2.03748,197.9899,43.9823,87.96459,3 3 3 3 3 3 3 3 3 3 3 3 3 3 3 3 3 3 3 3 3 3 3 3 3 3 3 3 3 3 3 3 3 3 3 2 2 2 2 2 3 3 2 2 2 2 2 2 2 2 2 2 2 2 2 2 2 2 2 2 2 2 2 2 2 2 2 2 2 3 3 2 3 3 3 2 2 3 3 2 3 2 3 3 3 2 2 2 3 2 2 2 2 2 2 2 2 2 2 2 2 3 3 2 3 2 2 2 2 3 2 2 3 3 3 2 2 2 2 2 2 3 2 2 2 2 2 2 2 2 2 3 2 2 2 2 2 2 2 3
274,SIPP_2^3,"185,140,0","126,221,0",1,1203.8471529999997,3129,1.98026,104.23741,20.42035,40.84071,5 5 5 5 5 5 5 5 5 5 5 5 5 5 5 5 5 5 5 5 5 5 5 5 5 5 5 5 5 6 5 5 6 5 5 5 6 5 5 6 5 5 6 5 6 -92.962 4 -3.293 6 -1.670 6 -4.674 5 5 4 4 4 4 4 4 4 4 4 4 4 4 4 4 4 4 4 4 4 4 5 5 5 4 5 5 5 5 4 4 4 4 4 5 4 5 4 4 5
274,SIPP_2^4,"185,140,0","126,221,0",1,1128.4063200000003,2246,3.81095,31.11533,6.2172,12.4344,10 10 11 11 11 10 11 11 10 10 10 10 10 10 10 10 11 11 11 11 11 11 10 10 10 10 10 10 10 11 11 10 10 11 10 11 11 10 10 11 10 10 9 8 8 8 8 8 8 8 8 7 8 8 8 8 8 8 8 8 8 8 8 8 8 8 8 8 8 8 8 8 8 8 8 8 8 8 8
274,SIPP_2^5,"185,140,0","126,221,0",1,1119.3263630000006,2183,9.60858,16.03497,3.20546,6.41092,21 21 21 21 21 21 21 21 21 20 21 21 20 21 21 20 20 21 21 21 20 21 20 20 20 17 16 16 16 16 16 16 16 15 16 16 16 16 16 16 16 16 16 16 16 16 16 16 16 16 16 16 16 16 16 16 16 16 16 16
274,SIPP_BigCS,"185,140,6","126,221,6",1,1106.0,21433,156.09882,12.60872,2.0983,0.2872,155 203 203 203 203 203 203 203 203 203 203 203 219 103 103 103 103 103 103 103 103 103 103 103 103 103 103 103 103 103 155 235 0 0 0 0 4
274,SIPP_Standard,"185,140,6","126,221,6",1,1138.0,11704,28.32425,28.37291,5.2918,0.5724,78 67 55 67 55 59 67 55 67 35 88 0 0 16
275,SIPP_2^2,"93,102,0","14,157,0",0,-1,0,0.0,0.0,0.0,0.0,
275,SIPP_2^3,"93,102,0","14,157,0",0,-1,0,0.0,0.0,0.0,0.0,
275,SIPP_2^4,"93,102,0","14,157,0",0,-1,0,0.0,0.0,0.0,0.0,
275,SIPP_2^5,"93,102,0","14,157,0",0,-1,0,0.0,0.0,0.0,0.0,
275,SIPP_BigCS,"93,102,0","14,157,0",0,-1,0,0.0,0.0,0.0,0.0,
275,SIPP_Standard,"93,102,5","14,157,8",0,-1,0,4e-05,0.0,0.0,0.0,
276,SIPP_2^2,"15,179,0","122,188,0",1,1386.091497,2649,0.86416,197.9899,43.9823,87.96459,1 1 1 1 1 1 1 1 1 1 1 1 1 1 1 1 2 2 2 2 1 2 2 -46.030 1 -20.037 1 -0.012 1 -0.012 1 1 1 1 1 1 1 1 1 1 1 1 1 1 1 1 1 1 1 1 1 1 0 0 0 0 0 1 1 0 1 1 1 1 1 0 1 1 1 1 1 1 1 1 1 1 1 1 1 0 1 1 1 1 1 1 1 1 1 1 1 1 1 1 1 1 1 1 1 1 1 2 1 2 2 1 1 1 2 1 1 1 1 2 2 2 1 1 2 1 1 1 1 1 1 1 1 1 2 1 1 2 1 1 2 1
276,SIPP_2^3,"15,179,0","122,188,0",1,1233.3707209999998,1292,0.75876,67.44052,13.35177,26.70354,2 2 2 3 -2.453 2 -0.370 2 -0.093 2 -0.020 2 2 2 -0.045 2 -0.375 2 3 3 -0.563 3 -2.020 3 3 -75.239 2 -20.037 2 -0.012 2 -0.012 2 2 2 2 2 2 2 2 2 2 2 2 2 2 2 2 2 2 2 2 2 2 2 2 1 2 2 2 2 2 2 2 2 2 2 2 2 2 2 2 2 2 2 2 2 2 2 2 2 2 2 2 2 2 1 2 1 2 2 2 2 2 2 3 2 2 2 2 2 3 3 3 2 3 2 2 2 2 2 2 2 2 2 2 2 2 3
276,SIPP_2^4,"15,179,0","122,188,0",1,1219.2053939999998,1163,1.72638,55.31864,11.0236,22.0472,4 5 4 -4.234 4 -0.370 4 -0.093 4 -0.020 4 4 4 -0.045 4 7 6 5 5 -77.684 4 -20.037 4 -0.012 4 -0.012 4 4 4 4 4 4 4 4 4 4 4 4 4 4 4 4 4 4 4 4 4 4 4 3 4 4 4 4 4 4 4 4 4 4 4 4 3 4 4 4 4 4 4 4 4 4 4 4 4 4 4 3 4 4 -1.839 4 -0.029 4 4 5 4 4 4 4 4 4 5 4 4 4 4 5 4 5 4 4 5 4 4 5
276,SIPP_2^5,"15,179,0","122,188,0",1,1213.9297790000003,1077,3.96588,29.74638,5.94677,11.89353,11 -10.539 8 -0.370 8 -0.093 8 -0.020 8 8 8 -0.045 8 11 10 10 -78.131 8 -20.037 8 -0.012 8 7 8 8 8 8 8 8 8 8 8 8 8 8 8 8 8 8 8 8 8 8 8 8 8 8 8 8 8 8 8 8 8 8 8 7 8 8 8 8 8 8 8 8 8 8 8 8 7 7 8 8 8 8 9 8 9 9 8 9 9 9 8 8 8 9
276,SIPP_BigCS,"15,179,3","122,188,6",1,1216.8407849999999,8076,47.85746,30.53101,5.9707,0.957,-4.985 367 -0.093 5 5 -1.019 61 100 -100.811 164 361 5 5 1 1 1 1 29 361 -1.933 57 367 5 5 5 5 5 5 85 311
276,SIPP_Standard,"15,179,3","122,188,6",1,1268.960179,1473,2.52475,39.44507,7.3958,0.9286,97 71 -93.507 36 1 5 -4.453 73 84 1 17 63 95 17 95 17
277,SIPP_2^2,"83,146,0","67,41,0",0,-1,0,0.0,0.0,0.0,0.0,
277,SIPP_2^3,"83,146,0","67,41,0",0,-1,0,0.0,0.0,0.0,0.0,
277,SIPP_2^4,"83,146,0","67,41,0",0,-1,0,0.0,0.0,0.0,0.0,
277,SIPP_2^5,"83,146,0","67,41,0",0,-1,0,0.0,0.0,0.0,0.0,
277,SIPP_BigCS,"83,146,0","67,41,0",0,-1,0,0.0,0.0,0.0,0.0,
277,SIPP_Standard,"83,146,10","67,41,8",0,-1,0,3e-05,0.0,0.0,0.0,
278,SIPP_2^2,"112,109,0","207,143,0",1,1290.0,4609,1.57249,106.06602,23.56194,47.12389,1 1 1 1 1 1 1 1 1 1 1 1 1 1 1 1 1 1 1 1 1 1 1 1 1 1 1 1 1 1 1 1 1 1 1 1 1 1 1 1 1 1 1 1 1 1 1 1 1 1 1 1 1 1 1 1 1 1 2 1 1 1 1 1 1 1 1 1 1 1 1 1 1 1 1 1 1 1 1 1 1 1 1 1 1 1 1 2 1 1 2 2 2 2 2 2 2 2 2 1 2 1 2 2 2 2 2 2 2 2 2 2 2 2 2 2 2 1 2 1 1 2 2 2 1 1 2 2 2
278,SIPP_2^3,"112,109,0","207,143,0",1,1090.8326240000001,2579,1.69057,110.36787,21.99115,43.9823,3 3 3 3 3 3 3 3 3 2 3 3 2 2 2 2 2 2 2 2 3 2 3 2 3 2 3 3 3 3 3 2 2 2 3 3 3 3 3 2 2 2 2 2 2 2 2 3 3 2 2 2 3 2 2 2 3 2 3 2 2 2 2 2 2 2 3 2 2 2 2 2 3 2 2 2 2 2 2 2 2 2 2 2 2 2 2 2 2 2 3 3 2 2 3
278,SIPP_2^4,"112,109,0","207,143,0",1,1033.826032,1179,2.02904,20.41998,4.06889,8.13778,5 4 5 5 5 5 5 5 5 5 5 5 5 5 6 5 5 6 5 5 5 5 5 5 5 5 5 5 5 4 4 4 4 4 4 4 4 4 4 4 4 4 4 4 4 4 4 4 4 4 4 4 4 5 5 5 5 5 4 4 4 4 5
278,SIPP_2^5,"112,109,0","207,143,0",1,1021.5795750000002,812,3.608,13.12499,2.62114,5.24227,8 8 8 9 9 8 8 8 8 8 8 8 8 9 9 8 9 9 9 9 9 9 9 9 9 9 9 9 9 9 9 10 10 10 11 10 11 10 11 10 10 11
278,SIPP_BigCS,"112,109,1","207,143,15",1,1026.0,4439,38.41134,20.66947,3.517,0.4008,85 207 207 207 207 207 207 207 207 207 255 184 85 207 207 207 207 207 207 207 207 207 311 5 5 5 5 5 5 5 5 1 85 311
278,SIPP_Standard,"112,109,1","207,143,15",1,1039.806348,1616,4.67069,25.01378,4.2151,0.5263,63 63 63 -3.552 63 -4.254 63 95 21 36 17 95 1 21
279,SIPP_2^2,"224,158,0","121,171,0",0,-1,0,0.0,0.0,0.0,0.0,
279,SIPP_2^3,"224,158,0","121,171,0",0,-1,0,0.0,0.0,0.0,0.0,
279,SIPP_2^4,"224,158,0","121,171,0",0,-1,0,0.0,0.0,0.0,0.0,
279,SIPP_2^5,"224,158,0","121,171,0",0,-1,0,0.0,0.0,0.0,0.0,
279,SIPP_BigCS,"224,158,0","121,171,0",0,-1,0,0.0,0.0,0.0,0.0,
279,SIPP_Standard,"224,158,8","121,171,7",0,-1,0,3e-05,0.0,0.0,0.0,
280,SIPP_2^2,"148,250,0","170,175,0",1,1243.565888,3567,1.28741,183.84776,40.8407,81.68141,0 0 0 0 0 0 0 0 0 0 0 0 0 0 0 0 0 3 0 0 0 0 0 0 0 3 0 0 0 0 0 0 0 0 0 0 0 0 0 0 3 0 0 3 0 0 0 0 3 3 0 0 -6.103 3 -1.126 3 -3.129 2 3 -2.588 3 -0.620 3 3 0 0 0 0 0 0 0 0 0 0 0 0 0 0 0 0 0 0 0 0 0 0 0 0 1 0 1 1 1 1 1 1 1 1 1 1 1 1 1 1 1 1 1 1 1 1 1 1 1 0 1 1 1 0 1 0 1 1 1 1 1 0 1 0
280,SIPP_2^3,"148,250,0","170,175,0",1,1183.8269500000001,3801,2.1333,138.04467,27.48894,54.97787,0 0 0 0 0 0 0 0 0 0 0 0 7 0 7 0 7 7 7 7 7 7 7 -4.751 0 -0.011 0 7 6 7 7 7 7 7 6 -0.051 6 -0.620 0 -4.129 7 0 0 0 0 0 0 0 0 0 0 0 0 0 1 0 0 0 1 0 0 1 0 1 0 1 1 0 0 0 0 0 0 0 1 0 1 1 2 2 2 2 2 2 2 2 2 2 2 2 2 2 2 2 2 2 2 2 2 2 1 1 2 2 1 2 1 2 2 1
280,SIPP_2^4,"148,250,0","170,175,0",1,1161.407349,3729,5.48388,63.34386,12.5944,25.1888,0 0 0 15 0 0 15 15 0 0 0 0 0 0 14 14 14 14 14 -2.453 13 12 12 12 13 14 14 -0.891 15 -0.279 0 -0.101 0 -0.062 0 -5.489 15 0 0 0 0 0 0 0 0 0 0 0 0 0 0 1 1 1 1 1 1 0 0 0 0 0 0 0 1 2 2 4 4 4 4 4 4 4 4 4 4 4 4 4 4 4 3 4 3 4 4 3 4 4 3 4 4 3
280,SIPP_2^5,"148,250,0","170,175,0",1,1150.7120710000004,3624,13.50665,53.02792,10.5039,21.0078,31 31 31 0 0 0 0 0 0 0 0 28 28 26 26 25 24 24 -2.576 30 28 28 -0.168 29 -0.768 31 0 0 0 0 1 1 1 1 1 0 0 1 0 1 0 0 0 0 0 1 4 4 8 8 8 8 8 8 8 8 8 7 8 8 7 8 8 7 8 7 8 8 8 7
280,SIPP_BigCS,"148,250,15","170,175,14",0,-1,31589,180.05624,0.0,0.0,0.0,
280,SIPP_Standard,"148,250,15","170,175,14",1,1190.990083,20205,36.02197,51.15685,9.696,1.5324,42 100 74 61 85 -10.990 2 18 92 2 26 89 9 41 95
281,SIPP_2^2,"44,47,0","80,148,0",0,-1,0,0.0,0.0,0.0,0.0,
281,SIPP_2^3,"44,47,0","80,148,0",0,-1,0,0.0,0.0,0.0,0.0,
281,SIPP_2^4,"44,47,0","80,148,0",0,-1,0,0.0,0.0,0.0,0.0,
281,SIPP_2^5,"44,47,0","80,148,0",0,-1,0,0.0,0.0,0.0,0.0,
281,SIPP_BigCS,"44,47,0","80,148,0",0,-1,0,0.0,0.0,0.0,0.0,
281,SIPP_Standard,"44,47,8","80,148,6",0,-1,0,3e-05,0.0,0.0,0.0,
282,SIPP_2^2,"78,33,0","78,146,0",1,1187.212589,473,0.24316,56.56854,12.56637,25.13274,2 2 2 2 2 2 2 2 2 2 2 2 2 2 3 2 2 2 -2.720 2 -1.255 1 -1.750 2 -3.105 1 2 2 -8.382 2 2 2 2 2 2 2 2 2 2 2 2 2 2 2 2 2 2 2 2 2 2 2 2 2 2 2 2 2 2 2 2 2 2 2 2 2 2 2 2 2 2 2 2 2 2 2 2 2 2 2 2 2 2 2 2 2 2 2 2 2 2 2 2 2 2 2 2 2 2 2 2 2 2 2 2 2 2 2 2 2 2 2 2 2 2 2 2 2 2 2 3 2
282,SIPP_2^3,"78,33,0","78,146,0",1,1178.7055959999998,867,0.69686,51.64181,10.21018,20.42035,4 3 4 4 3 4 3 4 4 4 -3.552 4 -1.137 4 -1.137 4 -1.138 4 -1.137 4 -4.616 3 4 4 4 4 4 4 4 4 4 4 4 4 4 4 4 4 4 4 4 4 4 4 4 4 4 4 4 4 4 4 4 4 5 5 4 5 4 4 -2.853 4 4 4 4 4 4 4 4 4 4 4 4 4 4 4 4 4 4 4 4 4 4 4 4 4 4 4 4 4 4 4 4 4 4 4 4 4 4 4 4 4 4 4 4 4 4 4 4 4 4 4 4 4 4 4 4 4 4 5
282,SIPP_2^4,"78,33,0","78,146,0",1,1174.031689,1029,1.79228,31.29323,6.20727,12.41455,7 7 7 7 -4.263 8 -1.137 8 -1.137 8 -1.137 8 -6.094 7 8 8 8 8 -0.156 8 8 9 8 8 8 8 8 8 8 8 8 8 8 8 8 8 8 8 8 8 8 8 8 8 8 9 9 9 8 6 8 8 8 8 8 8 8 8 8 8 8 8 8 8 8 8 8 8 8 8 8 8 8 8 8 8 8 8 8 8 8 8 8 8 8 8 8 8 8 8 8 8 8 8 8 8 8 8 8 8 8 8 8 8 8 9 8 9
282,SIPP_2^5,"78,33,0","78,146,0",1,1171.842982,1063,4.74614,25.8633,5.16555,10.3311,13 13 12 12 15 16 16 16 16 16 16 16 16 16 17 16 16 16 16 16 16 16 16 16 16 17 16 16 17 17 17 16 17 -4.380 15 -0.840 16 16 16 16 16 16 16 16 16 16 16 16 16 16 16 16 16 16 16 16 16 16 16 16 16 16 16 16 16 16 16 16 16 16 16 16 16 16 16 16 16 16 16 16 17 16 16 16 16 16 16 16 16 16 17
282,SIPP_BigCS,"78,33,3","78,146,5",1,1173.135713,5628,47.44695,22.69323,4.32,0.6975,28 200 200 -15.158 304 -0.396 56 366 4 4 4 0 56 206 342 -1.582 360 0 0 0 4 4 0 4 4 4 4 4 4 4 4 4 4 4 4 4 4 84
282,SIPP_Standard,"78,33,3","78,146,5",1,1206.0,6575,17.98263,19.45631,3.7371,0.4556,48 87 0 0 20 51 94 0 0 0 0 0 0 0 16
283,SIPP_2^2,"47,121,0","152,103,0",1,1230.0,911,0.35145,127.27922,28.27433,56.54867,1 0 0 0 0 0 1 0 0 1 0 0 1 0 1 1 1 1 1 1 1 1 1 1 1 1 1 1 1 1 1 1 1 1 1 1 1 1 1 1 1 1 1 1 1 1 1 1 1 1 0 0 1 0 0 1 1 0 1 1 1 1 1 1 1 1 1 1 1 1 1 1 1 1 1 1 1 1 1 1 1 1 1 1 1 1 1 1 1 1 1 1 1 1 0 0 1 1 1 1 1 1 1 1 1 1 1 1 1 1 1 1 1 1 1 1 1 1 1 1 1 0 1
283,SIPP_2^3,"47,121,0","152,103,0",1,1153.847768,1177,0.76326,51.37491,10.21018,20.42035,0 0 1 0 1 0 1 0 1 1 2 2 2 2 2 2 2 2 2 2 2 2 2 2 2 2 2 2 2 2 2 2 2 2 2 2 2 2 2 2 2 2 2 1 1 1 1 1 2 2 2 2 2 2 2 2 2 2 2 2 2 2 2 2 2 2 2 2 2 2 2 2 2 2 2 2 2 2 2 2 2 2 2 2 2 2 2 2 1 1 2 2 2 2 2 2 2 2 2 2 2 2 2 2 2 2 2 2 2 1
283,SIPP_2^4,"47,121,0","152,103,0",1,1132.6236959999999,1128,1.954,54.91871,10.91966,21.83932,5 6 5 4 4 4 4 2 2 1 2 2 1 2 3 4 3 3 4 4 3 4 4 3 3 4 4 3 4 4 4 3 3 4 4 4 4 4 4 4 4 4 4 4 4 4 3 4 4 4 4 4 4 4 4 4 4 4 4 4 4 4 4 4 4 4 4 3 4 4 4 4 4 4 4 4 4 4 4 4 4 4 4 4 4 4 4 4 4 4 3
283,SIPP_2^5,"47,121,0","152,103,0",1,1121.689048,804,3.46434,20.81797,4.16234,8.32469,11 9 8 8 8 4 4 3 3 4 7 7 7 7 7 7 8 7 7 7 8 8 8 8 8 8 8 8 8 8 8 8 8 8 8 8 8 8 8 8 8 8 7 7 8 8 8 8 8 8 8 8 8 8 8 8 8 8 8 8 8 8 8 8 8 8 8 8 8 8 8 8 8 8 7
283,SIPP_BigCS,"47,121,10","152,103,5",1,1128.0,3312,21.87281,23.9605,4.4902,0.6996,128 21 204 324 201 201 201 201 201 201 201 305 5 5 5 1 5 1 1 1 5 5 5 5 5 5 5 29 361 5 5 5 5 5 5 5 29
283,SIPP_Standard,"47,121,10","152,103,5",1,1213.8019490000001,4068,11.64091,27.24773,5.2232,0.7067,37 26 89 1 1 1 1 1 1 1 1 -1.802 21 48 111 49
284,SIPP_2^2,"97,145,0","36,56,0",0,-1,0,0.0,0.0,0.0,0.0,
284,SIPP_2^3,"97,145,0","36,56,0",0,-1,0,0.0,0.0,0.0,0.0,
284,SIPP_2^4,"97,145,0","36,56,0",0,-1,0,0.0,0.0,0.0,0.0,
284,SIPP_2^5,"97,145,0","36,56,0",0,-1,0,0.0,0.0,0.0,0.0,
284,SIPP_BigCS,"97,145,0","36,56,0",0,-1,0,0.0,0.0,0.0,0.0,
284,SIPP_Standard,"97,145,15","36,56,12",0,-1,0,4e-05,0.0,0.0,0.0,
285,SIPP_2^2,"174,128,0","128,224,0",1,1500.0,5308,1.78651,261.62951,58.11946,116.23893,1 1 0 0 3 3 2 2 2 2 2 3 2 3 3 2 3 3 3 3 3 3 3 3 3 3 3 2 2 2 2 2 2 2 2 2 2 2 2 2 2 2 2 3 3 3 2 3 3 3 3 3 2 2 3 3 2 2 2 2 2 2 2 2 2 2 3 2 2 2 2 3 2 2 2 2 2 2 2 2 2 2 2 2 2 3 3 3 3 3 3 3 3 3 3 2 3 3 2 2 2 2 2 2 2 2 2 2 2 2 2 2 2 2 2 2 3 2 2 2 2 3 3 2 2 2 3 2 3 2 2 3 2 2 2 2 2 2 2 2 2 2 3 2 2 2 2 2 3 2
285,SIPP_2^3,"174,128,0","128,224,0",1,1225.5628809999998,2195,1.36966,98.69871,19.63495,39.26991,2 1 7 -6.239 5 5 5 4 4 4 4 5 5 5 5 5 5 5 5 5 5 5 5 5 5 5 5 5 5 5 5 5 5 5 5 5 5 5 5 5 4 4 4 4 4 4 4 4 4 4 5 4 4 5 5 5 -4.157 4 5 -2.202 5 5 4 4 4 4 4 4 4 4 4 4 5 4 4 4 4 4 4 4 4 5 5 4 4 4 5 4 4 4 4 4 4 4 4 4 5 4 5 5 4 4 4 5
285,SIPP_2^4,"174,128,0","128,224,0",1,1211.3112330000001,2088,3.52682,77.77053,15.4522,30.9044,4 2 14 -6.239 10 10 9 8 8 8 10 10 10 10 10 10 10 10 10 10 10 10 10 10 10 10 10 10 9 9 9 9 9 9 9 9 9 9 9 9 9 9 -11.728 8 -3.293 12 -1.670 12 -4.674 10 10 8 8 8 8 8 8 8 8 8 8 8 8 8 8 8 8 8 8 9 8 9 8 9 8 9 9 8 9 8 8 9 8 8 9
285,SIPP_2^5,"174,128,0","128,224,0",1,1205.4080090000004,1985,8.59741,69.44222,13.75362,27.50723,8 4 28 -6.239 20 20 16 17 17 20 20 20 19 19 19 19 19 19 19 19 19 20 19 20 19 19 19 -19.019 16 -3.293 24 -1.670 24 -4.674 20 20 16 16 16 16 16 17 16 17 16 16 16 16 16 17 17 16 16 16 17 16 17 17 16 16 16 17
285,SIPP_BigCS,"174,128,13","128,224,15",1,1274.0,7341,49.17644,47.37463,8.8615,2.1918,69 340 330 67 163 72 179 206 206 206 206 206 206 206 206 206 206 206 206 206 206 206 206 206 254 103 103 103 103 103 131 56 206 310 4 4 4 4 4 4 4 4 4 4 4 4 84 310
285,SIPP_Standard,"174,128,13","128,224,15",1,1504.0,4199,9.28721,58.37633,11.0708,1.458,13 108 34 83 16 62 94 16 70 51 70 55 83 16 94 0 16 94
286,SIPP_2^2,"3,186,0","114,180,0",1,1230.0,1178,0.36499,70.71068,15.70796,31.41593,1 1 1 1 1 1 1 1 1 1 1 1 1 1 1 1 1 1 1 1 1 1 1 1 1 1 1 1 1 0 1 1 1 1 1 1 1 1 1 1 1 1 1 1 1 1 1 1 1 1 1 1 1 1 1 0 0 0 0 1 1 1 1 1 0 0 0 0 1 1 1 1 1 1 1 1 1 1 1 1 1 1 1 1 1 1 1 1 1 1 1 1 1 1 1 1 1 1 1 1 1 1 1 1 1 1 1 1 1 1 1 1 1 1 1 1 1 1 2 1 2 2 1
286,SIPP_2^3,"3,186,0","114,180,0",1,1136.802177,619,0.34195,43.49852,8.63938,17.27876,2 2 2 2 2 2 2 2 2 2 2 2 2 2 2 2 2 2 2 2 2 2 2 2 2 2 2 2 2 1 -1.925 2 -0.012 2 -0.012 2 2 2 2 2 2 2 2 2 2 2 2 2 2 2 2 2 2 2 2 2 2 2 2 1 2 2 2 2 2 2 2 2 2 2 2 2 2 2 2 2 2 2 2 2 2 2 2 2 2 2 2 2 2 1 2 1 2 2 2 2 2 2 2 2 2 2 2 2 2 2 2 2 2 2 1 2 2 1
286,SIPP_2^4,"3,186,0","114,180,0",1,1127.894897,577,0.82732,25.61414,5.10012,10.20025,4 4 4 4 4 4 4 4 4 4 4 4 4 4 4 4 4 4 4 4 4 4 4 4 4 4 4 4 3 -3.706 4 -0.012 4 -0.012 4 4 4 4 4 4 4 4 4 4 4 4 4 4 4 4 4 4 4 4 4 4 4 3 4 4 4 4 4 4 4 4 4 4 4 4 4 4 4 4 4 4 4 3 4 4 3 4 4 4 4 3 4 4 4 4 4 4 4 4 4 4 4 4 4 4 4 4 4 4 4 4 4 3
286,SIPP_2^5,"3,186,0","114,180,0",1,1124.193117,537,1.90278,19.33777,3.86101,7.72201,8 8 8 8 8 8 8 8 8 8 8 8 8 8 8 8 8 8 8 8 8 8 8 8 8 8 8 7 -4.444 8 -0.012 8 7 8 8 8 8 8 8 8 8 8 8 8 8 8 8 8 8 8 8 8 8 8 8 8 8 8 8 8 8 8 8 8 8 8 7 8 8 8 8 8 8 8 8 7 8 8 8 8 8 8 7 8 8 8 8 8 8 8 8 8 8 7 8 8 8 8 8 8 8
286,SIPP_BigCS,"3,186,13","114,180,13",1,1127.461917,2536,15.25872,21.9866,4.2744,0.921,5 5 5 5 5 5 5 1 5 5 5 5 5 5 29 337 -1.462 343 361 5 5 5 5 1 1 5 1 1 29 201 361 1 5 5 5 5 5 29
286,SIPP_Standard,"3,186,13","114,180,13",1,1193.978619,2607,5.0845,29.03623,5.4732,0.7666,103 89 1 1 1 5 -19.596 57 -11.383 89 5 105 36 1 1 1
287,SIPP_2^2,"179,109,0","229,24,0",0,-1,0,0.0,0.0,0.0,0.0,
287,SIPP_2^3,"179,109,0","229,24,0",0,-1,0,0.0,0.0,0.0,0.0,
287,SIPP_2^4,"179,109,0","229,24,0",0,-1,0,0.0,0.0,0.0,0.0,
287,SIPP_2^5,"179,109,0","229,24,0",0,-1,0,0.0,0.0,0.0,0.0,
287,SIPP_BigCS,"179,109,0","229,24,0",0,-1,0,0.0,0.0,0.0,0.0,
287,SIPP_Standard,"179,109,2","229,24,7",0,-1,89902,180.00125,0.0,0.0,0.0,
288,SIPP_2^2,"205,79,0","227,179,0",1,1420.0,4325,1.36765,261.62951,58.11946,116.23893,3 2 3 3 2 2 2 2 2 3 2 2 2 2 2 2 2 2 2 2 2 2 2 2 2 3 2 2 2 2 2 2 2 2 2 2 2 3 2 2 2 2 3 3 2 3 3 2 2 2 1 1 1 1 1 1 2 2 1 2 1 1 2 1 1 2 2 1 2 2 2 2 2 2 2 2 1 2 2 2 2 2 1 2 2 2 2 2 2 2 2 2 2 1 1 1 1 1 1 2 2 2 2 2 2 2 1 2 2 2 2 2 2 2 1 2 2 2 2 2 2 2 1 2 2 2 2 2 2 2 2 2 1 1 1 1 1 1 1 1 1 2
288,SIPP_2^3,"205,79,0","227,179,0",1,1209.567646,3077,1.94246,75.51234,14.92257,29.84513,5 5 4 5 5 4 4 4 4 4 4 4 4 4 4 4 4 4 4 4 4 4 4 4 4 4 4 4 4 4 4 4 4 4 5 4 4 4 3 3 3 3 4 4 4 4 4 4 4 4 4 4 4 4 4 4 4 4 4 4 4 4 4 4 4 4 4 3 3 3 3 4 3 3 3 4 4 3 3 3 3 4 4 3 3 3 4 4 4 4 4 4 3 3 3 3 3 3 -44.710 4 -1.302 3 -11.726 2 -7.566 2
288,SIPP_2^4,"205,79,0","227,179,0",1,1086.230496,653,0.96189,32.7583,6.52902,13.05805,10 10 9 9 8 8 8 8 8 8 8 8 8 8 8 8 8 8 9 8 8 8 8 8 8 8 8 8 8 8 8 8 8 8 8 6 6 6 6 8 8 8 8 8 8 8 8 7 8 8 7 7 7 7 7 7 7 7 7 7 7 7 7 7 7 7 7 7 8 7 7 7 8 7
288,SIPP_2^5,"205,79,0","227,179,0",1,1072.769195,490,1.81858,22.74627,4.53254,9.06507,20 20 17 17 16 16 16 16 16 16 16 16 16 16 16 16 16 16 16 16 16 16 16 16 16 16 16 16 17 16 16 15 12 15 16 15 16 15 14 14 14 14 14 14 14 14 14 14 14 14 14 14 14 15 14 14 14 15 15 15
288,SIPP_BigCS,"205,79,6","227,179,15",1,1088.0,2986,17.88771,33.32451,6.0087,1.521,323 206 366 4 4 4 4 4 4 4 4 0 4 56 350 100 100 100 100 172 382 192 200 200 200 200 200 200 200 200 200 200 200 200 200 304 80 200
288,SIPP_Standard,"205,79,6","227,179,15",1,1209.479079,8757,21.18385,45.68968,8.7072,1.1845,83 0 20 39 16 110 28 44 8 52 56 88 8 -43.479 36
289,SIPP_2^2,"20,48,0","121,13,0",0,-1,0,0.0,0.0,0.0,0.0,
289,SIPP_2^3,"20,48,0","121,13,0",0,-1,0,0.0,0.0,0.0,0.0,
289,SIPP_2^4,"20,48,0","121,13,0",0,-1,0,0.0,0.0,0.0,0.0,
289,SIPP_2^5,"20,48,0","121,13,0",0,-1,0,0.0,0.0,0.0,0.0,
289,SIPP_BigCS,"20,48,0","121,13,0",0,-1,0,0.0,0.0,0.0,0.0,
289,SIPP_Standard,"20,48,2","121,13,11",0,-1,75162,180.00224,0.0,0.0,0.0,
290,SIPP_2^2,"198,254,0","106,215,0",1,1356.375136,2290,0.69504,127.27922,28.27433,56.54867,3 3 3 0 0 3 0 0 0 0 0 0 3 0 0 -2.958 0 0 -1.808 0 0 0 0 0 -7.439 3 -34.170 0 0 0 3 3 3 3 3 3 3 3 3 3 3 3 3 3 3 3 3 3 3 3 3 0 0 0 0 3 3 3 3 3 3 3 3 3 3 3 0 0 0 3 0 3 3 3 3 3 3 3 3 3 3 3 3 3 3 3 3 3 3 3 3 3 3 3 3 3 3 3 3 3 3 3 3 3 3 3 3 3 3 3 3 3 3 3 3 3 3 3 3 3 3 0 0 0 0 0 0 3 3 0 0 0 0 0 3
290,SIPP_2^3,"198,254,0","106,215,0",1,1249.8688159999992,1624,0.93794,114.95437,22.77655,45.55309,0 0 0 0 0 0 0 0 -9.634 1 -2.563 7 -4.634 0 7 0 7 7 7 7 -16.379 6 -34.170 0 7 7 6 7 7 6 6 6 6 6 6 6 6 6 7 6 6 6 6 6 6 6 6 7 6 6 6 6 6 6 6 6 6 6 6 6 6 5 6 6 6 6 6 6 6 6 6 -8.225 6 6 6 6 6 6 6 6 6 6 6 6 6 6 6 6 6 6 7 7 6 7 7 7 7 6 7 7 7 7 7 7 7 6 7 7 6 6 7
290,SIPP_2^4,"198,254,0","106,215,0",1,1213.436588,1134,1.60157,66.19174,13.59761,27.19521,0 0 0 0 0 0 0 0 -6.137 4 -0.525 15 -5.503 15 15 14 14 14 -20.532 12 -34.170 0 14 14 13 13 13 12 12 13 12 12 12 12 12 12 12 12 12 12 12 12 11 11 12 12 12 12 12 12 12 12 12 12 12 12 12 12 12 12 12 12 12 12 -2.700 14 13 13 13 13 13 13 13 13 13 13 13 13 12 12 12 13 12 13 13 12 13
290,SIPP_2^5,"198,254,0","106,215,0",1,1209.2252970000002,1068,3.97291,34.17812,6.81987,13.63975,2 1 2 30 -3.547 30 30 28 28 28 -0.174 28 -59.632 27 28 24 24 24 24 24 24 24 24 25 24 25 25 24 25 23 24 24 24 24 23 24 24 24 24 24 24 24 24 24 24 24 24 24 -9.502 25 26 26 26 26 26 26 26 26 26 26 26 25 26 25 25 25
290,SIPP_BigCS,"198,254,12","106,215,9",1,1212.457562,7516,36.8867,44.88745,8.32,2.2289,204 204 204 340 338 340 -21.908 234 -0.300 75 102 162 59 309 7 7 7 7 3 7 7 7 7 7 7 7 7 83 339 -9.250 197 205 205 205 205 205 205 205 205 205 205 205 205 365
290,SIPP_Standard,"198,254,12","106,215,9",1,1227.212524,1969,3.88175,37.87132,7.2975,1.0609,-3.027 100 -9.019 66 -59.873 30 38 3 3 3 7 -1.293 107 50 93 23 50 101
291,SIPP_2^2,"137,214,0","49,158,0",0,-1,0,0.0,0.0,0.0,0.0,
291,SIPP_2^3,"137,214,0","49,158,0",0,-1,0,0.0,0.0,0.0,0.0,
291,SIPP_2^4,"137,214,0","49,158,0",0,-1,0,0.0,0.0,0.0,0.0,
291,SIPP_2^5,"137,214,0","49,158,0",0,-1,0,0.0,0.0,0.0,0.0,
291,SIPP_BigCS,"137,214,0","49,158,0",0,-1,0,0.0,0.0,0.0,0.0,
291,SIPP_Standard,"137,214,8","49,158,5",0,-1,86245,180.00185,0.0,0.0,0.0,
292,SIPP_2^2,"33,174,0","67,77,0",1,1658.5258529999999,8004,2.83763,240.41631,53.40708,106.81415,1 1 0 1 1 1 1 1 1 0 0 1 1 1 1 1 1 1 0 1 1 1 0 0 0 0 0 1 0 1 -27.094 0 -3.972 0 0 0 0 0 0 0 0 1 1 1 1 1 1 1 1 1 1 1 1 1 1 1 1 1 1 1 0 1 1 0 0 0 1 0 0 1 0 0 0 0 0 0 0 0 0 0 0 0 0 0 0 0 0 0 0 0 0 0 0 0 0 0 0 0 0 0 3 3 3 -15.186 0 -1.138 0 -1.137 0 0 0 0 0 0 0 0 0 0 0 0 0 1 1 0 0 0 0 0 1 0 1 0 0 0 0 0 0 0 0 0 0 0 0 0 0 0 0 1 1 0 3 3 0 3 3 3 3 3 3 3 3 3 0 0 0 3
292,SIPP_2^3,"33,174,0","67,77,0",1,1600.2299859999998,9056,5.77795,126.95636,24.34734,48.69469,2 2 2 2 1 1 2 2 1 2 2 2 2 2 2 1 1 1 1 0 0 1 -73.957 0 -3.972 0 0 0 0 0 0 1 1 2 1 2 1 2 2 1 2 1 1 1 2 1 2 2 2 2 1 2 1 1 0 0 0 0 0 0 0 0 0 0 0 0 0 0 0 0 0 0 0 0 0 0 0 0 0 0 0 0 0 0 0 0 0 0 0 0 0 0 0 0 0 0 0 0 0 0 0 -30.294 0 -3.219 0 0 0 0 0 0 0 0 0 0 0 0 0 0 0 0 0 0 0 0 0 1 -73.457 6 -0.062 6 6 6 6 5 6 6 6 5
292,SIPP_2^4,"33,174,0","67,77,0",1,1596.604807,9341,15.36565,75.11793,14.98855,29.9771,3 3 3 3 3 4 4 4 3 4 4 4 2 0 1 -86.427 0 -3.972 0 0 0 0 0 0 2 2 3 3 3 3 3 3 3 4 3 4 4 2 2 0 0 0 0 0 0 0 0 0 0 0 0 0 0 0 0 0 0 0 0 0 0 0 0 0 0 0 0 0 0 0 0 0 0 0 0 0 0 0 0 0 0 0 0 0 0 0 -16.301 12 -18.162 0 0 0 0 0 0 0 0 0 0 0 0 0 0 0 0 0 0 1 1 0 -76.179 12 11 12 12 12 12 12 11
292,SIPP_2^5,"33,174,0","67,77,0",1,1595.191268,9430,38.21489,43.83913,8.78128,17.56255,7 7 7 7 7 7 4 1 -91.592 0 -3.972 0 0 0 0 0 0 4 4 6 7 6 6 7 6 6 7 4 4 1 1 1 1 1 1 1 0 0 0 0 0 0 1 0 0 0 0 0 0 0 0 0 0 1 0 0 0 0 0 0 0 0 0 0 0 0 0 0 0 28 29 29 29 30 -88.303 24 -0.062 24 24 23 24 23
292,SIPP_BigCS,"33,174,8","67,77,13",0,-1,30953,180.07435,0.0,0.0,0.0,
292,SIPP_Standard,"33,174,8","67,77,13",1,1603.870048,29302,61.10176,51.62926,9.3981,1.2375,23 54 90 18 100 106 53 89 1 5 57 65 -10.217 49 60 60 60 108 -4.653 38 7
293,SIPP_2^2,"46,129,0","46,232,0",1,1743.820761,5169,1.71373,339.41125,75.39822,150.79645,3 3 3 2 3 3 2 2 3 3 3 3 3 3 3 3 3 2 3 -65.526 3 -12.458 3 3 3 3 3 3 2 3 2 2 2 2 2 2 2 2 2 2 2 2 2 2 2 2 2 2 2 2 2 2 2 2 2 2 2 2 2 3 2 2 3 2 2 2 2 2 2 2 2 2 2 2 2 2 2 2 2 2 2 2 2 2 2 2 2 3 3 2 2 3 2 3 2 2 2 2 2 2 2 2 2 2 2 2 3 2 2 2 2 3 2 -4.119 2 -11.718 2 2 1 1 1 1 1 1 1 1 2 1 1 1 1 1 2 1 1 1 1 1 2 2 2 2 1 2 1 2 1 1 2 1 2 2 2 2 2 1 1 2 1 2 1 2 1 2 2 1 1 2 1
293,SIPP_2^3,"46,129,0","46,232,0",1,1616.661046999999,4839,2.98893,91.563,18.06416,36.12832,6 6 6 6 5 5 6 6 5 6 6 6 6 6 5 -88.957 6 -12.458 6 6 6 6 6 5 5 4 4 4 4 4 4 4 4 4 4 4 4 4 4 4 4 4 4 4 4 4 4 4 4 4 4 4 4 4 4 4 4 4 4 4 4 4 4 4 4 4 4 4 4 4 4 4 4 4 4 4 4 4 4 4 4 4 4 4 4 5 4 4 4 5 5 5 5 5 5 5 5 5 4 4 5 -7.152 4 -1.584 4 -1.535 4 3 2 2 2 2 2 2 2 2 3 3 2 2 2 3 3 3 3 3 3 3 3 2 2 2 3 3 3 3 3 3 2 2 3
293,SIPP_2^4,"46,129,0","46,232,0",1,1401.1899549999996,1351,2.14045,59.08905,11.74302,23.48603,12 12 12 12 12 11 12 11 12 11 11 -96.083 12 -12.458 12 12 12 12 12 10 10 8 8 8 8 8 8 8 8 8 8 8 8 8 8 8 8 8 8 8 8 8 8 8 8 8 8 8 8 8 8 8 8 8 8 8 8 8 8 8 7 8 8 8 8 8 8 8 8 8 8 8 8 8 8 8 8 8 7 7 7 7 8 8 6 7 7 7 -0.517 6 6 6 5 6 7 7 6 7 6 8 7 7 8 8 7
293,SIPP_2^5,"46,129,0","46,232,0",1,1393.3450930000004,1239,4.72974,21.83731,4.32178,8.64356,23 23 23 24 24 24 23 -99.035 24 -12.458 24 24 24 24 24 20 20 16 16 16 16 16 16 16 16 16 16 16 16 16 16 16 16 16 16 16 16 16 16 16 16 16 16 16 16 16 16 16 16 16 16 16 16 16 16 16 16 16 16 16 16 16 16 16 16 16 16 16 16 15 15 15 15 15 15 14 14 14 11 11 14 14 14 15 14 14 14 14
293,SIPP_BigCS,"46,129,9","46,232,12",1,1408.091108,8888,46.99166,45.3984,8.8657,2.0323,203 363 7 7 67 -106.599 175 341 331 4 4 4 4 4 4 4 4 4 4 4 4 4 4 4 4 4 4 4 4 4 4 4 4 4 4 4 4 4 4 4 4 4 4 4 4 0 4 4 4 4 80 304 4 4 80 224 -1.492 207 327 248 188 80
293,SIPP_Standard,"46,129,9","46,232,12",1,1602.568033,14994,32.10529,38.10671,7.1751,1.0407,86 3 -100.942 7 83 0 0 0 0 0 0 20 51 102 -12.626 72 63 95 21 28
294,SIPP_2^2,"247,154,0","213,67,0",1,1490.991348,4174,1.607,240.41631,53.40708,106.81415,0 0 3 3 0 0 3 3 3 3 0 3 0 3 0 3 3 0 3 3 3 3 3 3 3 3 3 3 3 3 3 3 3 3 3 3 3 0 0 0 0 0 0 0 0 3 0 0 3 3 3 3 3 3 3 3 3 3 0 0 0 0 0 0 0 0 0 0 3 3 0 3 3 0 3 3 -3.036 3 0 0 0 0 0 0 0 0 0 0 0 0 1 0 -1.110 0 -3.886 0 0 0 0 0 0 0 0 0 0 -12.959 0 0 0 0 0 0 0 0 0 0 0 0 0 0 0 0 0 0 1 1 0 0 1 0 1 1 1 1 1 1 1 0 1 0 1 0 0 0 0 0 0 0 0 0 0
294,SIPP_2^3,"247,154,0","213,67,0",1,1256.1017520000005,3837,2.18457,82.75877,16.49336,32.98672,7 7 7 7 7 7 7 7 7 7 7 7 7 7 7 6 6 7 7 7 7 6 6 6 6 6 7 7 7 7 7 7 7 7 7 7 6 6 7 6 7 7 7 7 7 7 7 7 7 7 7 7 7 0 0 0 0 0 0 0 0 0 0 0 0 0 0 0 0 1 0 1 1 1 1 1 1 0 1 0 0 0 1 1 1 2 2 2 2 1 2 1 1 0 0 0 0 0 0 0 0 0
294,SIPP_2^4,"247,154,0","213,67,0",1,1214.5052560000001,3446,5.18406,32.51882,6.501,13.00199,14 14 13 13 13 13 14 13 13 13 14 14 14 14 14 13 13 14 14 14 14 13 14 14 14 14 14 14 14 14 14 14 14 14 14 14 14 15 15 15 15 15 15 15 0 0 1 1 1 1 1 1 1 1 1 1 2 2 4 4 4 4 3 2 2 0 0 0 0 0 0 0 0 0
294,SIPP_2^5,"247,154,0","213,67,0",1,1209.08958,3456,13.16158,24.70368,4.91397,9.82794,27 27 27 28 28 28 27 27 27 27 27 27 28 28 28 28 28 28 28 27 28 28 28 28 28 28 28 30 30 30 30 30 30 30 -0.533 0 1 2 2 2 2 2 2 2 2 2 4 4 7 8 8 8 4 4 0 0 0 0 0 0 0 0 0
294,SIPP_BigCS,"247,154,3","213,67,4",0,-1,30701,180.04739,0.0,0.0,0.0,
294,SIPP_Standard,"247,154,3","213,67,4",1,1250.0,12874,26.32574,43.29786,7.9438,1.0156,69 50 69 50 61 69 54 58 58 106 37 22 45 13 108
295,SIPP_2^2,"162,121,0","190,228,0",0,-1,0,0.0,0.0,0.0,0.0,
295,SIPP_2^3,"162,121,0","190,228,0",0,-1,0,0.0,0.0,0.0,0.0,
295,SIPP_2^4,"162,121,0","190,228,0",0,-1,0,0.0,0.0,0.0,0.0,
295,SIPP_2^5,"162,121,0","190,228,0",0,-1,0,0.0,0.0,0.0,0.0,
295,SIPP_BigCS,"162,121,0","190,228,0",0,-1,0,0.0,0.0,0.0,0.0,
295,SIPP_Standard,"162,121,7","190,228,0",0,-1,73281,180.00382,0.0,0.0,0.0,
296,SIPP_2^2,"181,32,0","184,143,0",1,1658.574095,4502,1.63255,219.2031,48.69469,97.38937,2 2 2 2 2 2 1 1 1 1 2 2 2 1 2 1 1 1 1 1 2 2 2 2 2 2 2 1 2 2 2 2 2 2 2 2 2 2 2 1 1 1 1 1 1 1 1 2 2 2 2 2 2 2 2 2 2 2 3 3 3 3 2 3 3 3 3 -7.018 2 -30.049 2 -0.012 1 -9.925 2 -0.012 2 -0.014 2 -0.011 2 2 2 2 2 2 2 2 2 2 2 2 2 2 2 2 2 2 2 2 2 2 2 1 1 1 2 2 2 2 2 2 1 2 2 2 2 2 2 2 2 2 2 2 2 2 2 2 2 2 1 1 2 -2.652 2 -8.881 2 2 3 3 2 3 3 3 3 3 3 3 3 3 3 2 3 2 2 2 2 2 2 2 2 2 2 2 2 3 2 2 3
296,SIPP_2^3,"181,32,0","184,143,0",1,1552.7491729999997,3721,2.26834,79.79664,15.70796,31.41593,3 3 3 3 3 3 3 3 3 3 3 3 3 2 2 3 3 3 -14.431 4 -1.137 4 -1.137 4 -4.634 3 4 4 4 4 4 4 4 4 4 4 4 4 4 5 5 5 5 5 5 5 6 -126.268 4 -30.049 4 -10.025 4 4 4 4 4 4 4 4 4 4 4 4 4 4 4 4 4 4 4 4 4 4 4 4 3 3 3 3 3 3 4 4 4 4 4 4 4 3 3 4 4 4 4 4 4 4 4 3 4 4 4 4 4 4 5 -0.909 5 5 5 5 5 5 5 5 5 5 6 -5.337 5 6 5 5 5
296,SIPP_2^4,"181,32,0","184,143,0",1,1492.683407,4506,7.17701,112.38991,22.41684,44.83368,6 6 7 7 7 7 6 7 6 7 7 8 8 7 8 7 8 8 7 7 8 7 8 7 8 8 8 8 8 8 7 8 8 8 8 8 8 7 7 8 8 7 7 7 6 -81.569 12 12 11 9 9 10 10 9 8 8 8 8 10 9 9 9 9 10 10 10 9 10 10 10 9 10 9 10 10 9 9 9 8 8 9 8 6 4 4 3 4 3 -11.572 4
296,SIPP_2^5,"181,32,0","184,143,0",1,1492.683407,4621,18.0003,57.68076,11.01599,22.03198,13 13 13 13 14 14 15 15 15 15 15 15 16 15 16 15 16 16 16 16 16 16 15 15 16 16 15 14 13 -91.922 24 24 22 19 19 17 16 16 16 19 19 19 19 19 19 20 20 19 20 18 18 18 17 15 8 7 7 -21.069 8
296,SIPP_BigCS,"181,32,1","184,143,11",0,-1,33885,180.02678,0.0,0.0,0.0,
296,SIPP_Standard,"181,32,1","184,143,11",1,1553.933411,11077,20.73375,54.18304,10.3691,1.4505,71 52 64 -44.877 44 -86.812 24 83 -78.360 0 4 96 110 44 4 96 78 67 -7.884 31
297,SIPP_2^2,"159,154,0","70,226,0",1,1610.0,7874,2.90025,360.62446,80.11061,160.22123,3 3 2 3 3 3 2 2 3 2 3 2 2 2 2 2 2 2 3 3 2 3 3 3 3 3 2 2 3 2 3 2 2 2 2 2 2 3 2 2 3 3 3 2 3 2 3 3 2 3 2 2 3 2 2 3 3 3 3 3 3 2 3 2 2 2 2 2 2 2 2 2 2 2 2 2 2 2 2 2 2 3 2 2 2 2 2 2 2 2 2 2 3 3 3 3 3 3 3 3 3 3 3 3 3 3 3 2 3 3 3 3 3 3 3 3 3 2 3 3 3 3 3 3 3 3 3 3 3 3 3 2 2 2 2 3 2 3 3 3 3 2 3 3 2 3 3 2 3 3 3 3 3 2 2 3 3 3 3 3 2
297,SIPP_2^3,"159,154,0","70,226,0",1,1258.5281600000008,2590,1.64577,74.85685,14.92257,29.84513,6 6 6 6 5 5 5 5 6 6 5 5 5 5 5 5 5 5 5 5 5 5 5 5 5 5 5 5 5 5 5 5 5 5 5 5 5 5 6 6 6 6 5 5 5 5 4 4 4 5 5 4 4 4 4 5 4 4 4 4 5 5 5 4 5 5 5 5 5 5 5 5 5 5 5 5 5 6 6 6 6 6 6 6 6 5 6 6 6 6 6 5 6 6 6 6 6 6 5 5 5
297,SIPP_2^4,"159,154,0","70,226,0",1,1241.6310800000006,2731,4.5619,39.47112,7.788,15.576,10 10 11 10 11 11 11 10 11 11 11 10 10 10 10 10 10 11 11 10 10 10 10 10 10 10 10 10 10 10 11 10 10 10 10 10 9 9 9 9 9 9 9 9 9 9 9 10 10 10 10 10 10 9 10 10 10 12 12 12 12 12 12 12 12 12 12 12 12 12 12 12 12 13 12 12 12 9 8 8
297,SIPP_2^5,"159,154,0","70,226,0",1,1240.207659,2858,12.09174,31.90699,6.31197,12.62394,21 21 21 21 20 21 20 20 21 21 20 21 20 20 20 20 20 21 20 20 20 21 20 20 20 20 18 19 19 19 19 19 19 19 18 19 18 18 22 24 24 24 24 24 24 24 24 24 24 24 24 24 24 25 24 -3.446 24 -3.920 24 20 16 16 16
297,SIPP_BigCS,"159,154,10","70,226,9",1,1243.071989,25992,175.04934,35.01224,6.5164,1.4607,103 103 103 103 103 103 103 103 183 203 203 251 103 103 103 155 219 183 323 -1.516 206 206 206 206 206 206 206 206 206 206 206 254 103 103 103 103 -0.352 159 7 7 7 7 7 7 7 7 75 166 -8.204 331 4
297,SIPP_Standard,"159,154,10","70,226,9",1,1262.783426,12652,27.15808,36.67746,6.775,0.8591,55 67 55 67 55 67 31 51 62 70 39 24 99 101 -25.783 59
298,SIPP_2^2,"198,116,0","86,98,0",1,1300.0,2980,1.05943,28.28427,6.28319,12.56637,3 3 3 3 3 3 3 3 3 3 3 3 3 3 3 3 3 3 3 3 3 3 3 3 3 3 3 3 3 3 3 3 3 3 3 3 3 3 3 3 3 3 3 3 3 3 3 3 3 3 3 3 3 3 3 3 3 3 3 3 3 3 3 3 3 3 3 3 3 3 3 3 3 3 3 3 3 3 3 3 3 3 3 3 3 3 3 3 3 3 3 3 3 3 3 3 3 3 3 3 3 3 3 3 3 3 3 3 3 0 3 3 0 0 0 0 0 0 0 0 0 0 0 0 0 0 0 0 0 3
298,SIPP_2^3,"198,116,0","86,98,0",1,1194.5584479999998,1821,1.19568,43.30704,8.63938,17.27876,6 6 6 6 6 6 6 6 6 6 6 6 6 6 6 6 6 6 6 6 6 6 6 6 6 6 6 6 6 6 6 6 6 6 6 6 6 6 6 6 6 6 6 6 6 6 6 6 6 6 6 6 6 6 6 6 6 6 6 6 6 6 6 6 6 6 6 6 6 6 6 6 6 6 6 6 6 6 6 6 6 6 6 6 6 6 6 6 7 7 7 7 6 7 6 7 7 7 7 7 7 7 7 6 7 7 6 7 6 6 7 7
298,SIPP_2^4,"198,116,0","86,98,0",1,1162.49224,1158,2.05677,34.98074,6.95471,13.90943,12 12 12 12 12 12 12 12 12 12 12 12 12 12 12 12 12 12 12 12 12 12 12 12 12 12 12 12 12 12 12 12 12 12 12 12 12 12 12 12 12 12 12 12 12 12 12 12 12 12 12 12 12 12 12 12 12 12 12 12 12 12 12 12 12 12 12 13 13 13 12 13 12 13 13 13 12 12 12 13 13 13 13 13 13 12 13 12 13 12 13 13 12 13
298,SIPP_2^5,"198,116,0","86,98,0",1,1153.6374040000005,937,4.44276,23.4217,4.67443,9.34887,24 24 24 24 24 24 24 24 24 24 24 24 24 24 24 24 24 24 24 24 24 24 24 24 24 24 24 24 24 24 24 24 24 24 24 24 24 24 24 24 24 24 24 24 24 24 24 24 24 25 25 24 24 24 25 24 25 24 24 24 24 24 24 24 24 24 25 25 24 25 24 25 26 26 25 26 25 26 26 25 26 25
298,SIPP_BigCS,"198,116,0","86,98,15",1,1156.0,4803,37.94749,11.82446,1.9474,0.2101,7 3 3 3 3 59 205 205 205 205 205 365 7 7 7 7 7 7 7 7 7 3 7 7 3 87 205 205 205 205 205 205 205 309 7 7
298,SIPP_Standard,"198,116,0","86,98,15",1,1169.1264,749,2.17181,17.79727,3.1307,0.3601,3 3 3 3 3 3 3 19 61 93 -7.126 19 61 93 23
299,SIPP_2^2,"226,71,0","132,46,0",0,-1,0,0.0,0.0,0.0,0.0,
299,SIPP_2^3,"226,71,0","132,46,0",0,-1,0,0.0,0.0,0.0,0.0,
299,SIPP_2^4,"226,71,0","132,46,0",0,-1,0,0.0,0.0,0.0,0.0,
299,SIPP_2^5,"226,71,0","132,46,0",0,-1,0,0.0,0.0,0.0,0.0,
299,SIPP_BigCS,"226,71,0","132,46,0",0,-1,0,0.0,0.0,0.0,0.0,
299,SIPP_Standard,"226,71,3","132,46,2",0,-1,96437,180.00074,0.0,0.0,0.0,
300,SIPP_2^2,"82,218,0","193,236,0",0,-1,0,0.0,0.0,0.0,0.0,
300,SIPP_2^3,"82,218,0","193,236,0",0,-1,0,0.0,0.0,0.0,0.0,
300,SIPP_2^4,"82,218,0","193,236,0",0,-1,0,0.0,0.0,0.0,0.0,
300,SIPP_2^5,"82,218,0","193,236,0",0,-1,0,0.0,0.0,0.0,0.0,
300,SIPP_BigCS,"82,218,0","193,236,0",0,-1,0,0.0,0.0,0.0,0.0,
300,SIPP_Standard,"82,218,9","193,236,6",0,-1,0,2e-05,0.0,0.0,0.0,
301,SIPP_2^2,"199,83,0","251,183,0",1,1620.0,7764,2.72117,318.19805,70.68583,141.37167,2 2 2 2 2 2 2 2 2 2 2 2 2 2 2 2 2 2 2 2 2 2 2 2 2 2 2 2 2 2 2 2 2 2 2 2 2 1 2 1 1 1 1 2 1 2 1 1 1 1 1 1 1 1 1 1 1 1 1 1 1 1 2 2 2 2 2 2 2 2 2 2 1 1 1 1 1 1 1 1 1 1 1 1 1 2 1 2 2 1 2 2 1 2 2 2 1 2 2 2 2 1 2 2 2 2 2 2 2 2 2 2 2 1 2 2 1 1 2 2 2 2 2 1 2 1 1 1 2 1 2 2 2 2 1 1 2 2 2 2 1 2 2 2 1 1 2 1 2 2 2 2 2 1 2 2 2 3 0 3 0 3
301,SIPP_2^3,"199,83,0","251,183,0",1,1344.5378589999993,4160,2.51681,99.66113,19.63495,39.26991,4 4 4 4 4 4 4 4 4 4 4 4 4 4 4 4 4 4 4 3 4 4 4 4 4 4 4 4 4 4 4 4 4 4 3 3 3 3 3 3 2 2 2 2 2 3 3 2 3 3 3 3 3 3 3 2 3 2 2 2 2 2 2 2 1 2 -2.263 2 -4.183 2 -1.961 3 -1.157 3 4 4 4 4 4 4 4 4 4 4 4 4 4 4 4 4 4 4 4 3 3 3 3 3 3 3 3 3 3 4 4 3 4 4 4 4 4 3 4 4 4 3 4 4 4 3 4 4 3
301,SIPP_2^4,"199,83,0","251,183,0",1,1315.138097,3826,6.09805,54.01105,10.73981,21.47962,8 8 8 8 8 8 8 8 8 8 8 8 8 8 8 8 8 8 8 8 8 8 8 8 8 8 8 8 8 8 7 8 8 6 6 6 6 6 6 5 5 5 5 5 5 5 6 6 6 4 4 4 4 4 4 3 3 4 4 6 6 8 -1.342 8 -1.047 8 -0.410 8 -0.106 8 -0.013 8 8 8 8 8 8 8 8 7 7 7 7 7 7 7 8 8 7 8 7 7 8 8 7 7 8 8 7 8 8 7
301,SIPP_2^5,"199,83,0","251,183,0",1,1305.5453580000005,3528,14.06079,33.13847,6.56985,13.1397,16 16 16 16 16 16 16 16 16 16 16 16 16 16 16 16 16 16 16 16 16 16 16 16 16 16 16 16 16 16 16 15 12 12 12 12 12 12 10 10 10 11 11 11 9 8 8 8 7 7 8 -0.228 8 -2.111 12 12 -1.202 16 -2.094 16 -1.047 16 -0.410 16 -0.106 16 -0.013 16 15 16 15 15 15 15 14 15 15 15 15 15 15 16 15 16 15
301,SIPP_BigCS,"199,83,15","251,183,13",0,-1,27517,180.06026,0.0,0.0,0.0,
301,SIPP_Standard,"199,83,15","251,183,13",1,1333.393063,11735,28.29139,28.45984,5.1181,0.6043,0 0 0 0 12 71 48 95 -77.030 21 44 4 -3.363 56 56 56 88
302,SIPP_2^2,"154,159,0","67,76,0",0,-1,0,0.0,0.0,0.0,0.0,
302,SIPP_2^3,"154,159,0","67,76,0",0,-1,0,0.0,0.0,0.0,0.0,
302,SIPP_2^4,"154,159,0","67,76,0",0,-1,0,0.0,0.0,0.0,0.0,
302,SIPP_2^5,"154,159,0","67,76,0",0,-1,0,0.0,0.0,0.0,0.0,
302,SIPP_BigCS,"154,159,0","67,76,0",0,-1,0,0.0,0.0,0.0,0.0,
302,SIPP_Standard,"154,159,3","67,76,13",0,-1,64283,180.00003,0.0,0.0,0.0,
303,SIPP_2^2,"20,73,0","113,137,0",1,1690.0,8374,3.10366,424.26407,94.24778,188.49556,0 0 0 0 0 1 1 1 0 1 1 1 1 1 1 1 1 1 1 1 1 1 1 1 1 1 1 1 1 1 1 1 1 1 1 1 2 2 2 1 2 1 2 2 1 2 1 2 2 1 1 1 1 1 2 1 1 1 1 2 2 1 1 1 2 1 1 1 2 2 2 2 2 2 2 2 2 2 1 2 1 1 2 2 1 1 2 1 2 2 2 2 2 2 2 2 2 2 2 2 2 2 2 1 1 2 1 1 2 1 2 1 2 2 2 2 2 2 1 1 1 1 2 1 2 1 1 1 1 1 1 2 1 1 1 2 1 2 2 2 2 1 2 1 1 2 2 2 1 1 2 1 1 1 2 2 1 1 1 1 2 1 1 2 2 1 1 1 2
303,SIPP_2^3,"20,73,0","113,137,0",1,1325.106267,1891,1.21046,136.13302,26.70354,53.40708,1 1 1 2 2 2 2 1 1 2 2 2 2 1 -4.152 2 2 2 2 2 2 2 2 2 3 2 2 2 3 2 3 3 2 2 3 3 3 3 4 4 3 3 3 2 2 3 3 3 3 2 2 3 2 3 2 3 2 3 3 3 3 4 3 3 3 4 3 3 4 4 4 3 3 3 3 4 4 4 4 4 3 3 3 3 3 3 3 3 3 3 3 3 3 3 3 3 3 3 3 3 3 3 3 3 3 4 3
303,SIPP_2^4,"20,73,0","113,137,0",1,1313.413162,2696,4.70171,48.15661,9.68055,19.36109,3 3 3 3 3 3 3 -2.551 4 4 4 4 4 4 4 4 4 5 5 5 5 5 -1.941 5 7 7 6 6 6 5 5 5 5 6 5 5 6 6 7 7 7 7 7 7 7 7 7 6 6 7 6 6 6 6 6 6 6 7 7 6 6 6 6 6 6 6 6 6 6 7 6 6 6 -17.550 4 -2.284 4 -1.597 8 -1.248 4
303,SIPP_2^5,"20,73,0","113,137,0",1,1313.413162,2811,12.17151,32.41653,6.43632,12.87265,6 6 6 6 6 6 6 -2.281 9 8 8 9 9 9 9 8 8 -5.901 10 13 14 12 11 10 10 10 11 11 13 14 14 14 14 14 14 14 13 13 12 13 13 13 12 12 12 12 12 12 12 13 12 12 12 13 12 -7.321 8 -3.302 8 -13.881 8 -1.248 8
303,SIPP_BigCS,"20,73,1","113,137,10",1,1313.298948,21730,153.96068,51.92009,9.8915,2.1942,65 181 305 85 207 311 5 5 -4.702 77 200 352 176 207 207 207 327 200 200 200 200 200 200 200 200 248 100 100 100 100 100 100 100 100 124 359 172 342 -14.597 232
303,SIPP_Standard,"20,73,1","113,137,10",1,1313.8775500000002,2658,6.22572,36.24025,6.6266,0.6921,57 -3.049 89 1 21 52 72 63 79 64 44 8 48 71 52 64 -8.829 48
304,SIPP_2^2,"133,10,0","30,5,0",0,-1,0,0.0,0.0,0.0,0.0,
304,SIPP_2^3,"133,10,0","30,5,0",0,-1,0,0.0,0.0,0.0,0.0,
304,SIPP_2^4,"133,10,0","30,5,0",0,-1,0,0.0,0.0,0.0,0.0,
304,SIPP_2^5,"133,10,0","30,5,0",0,-1,0,0.0,0.0,0.0,0.0,
304,SIPP_BigCS,"133,10,0","30,5,0",0,-1,0,0.0,0.0,0.0,0.0,
304,SIPP_Standard,"133,10,7","30,5,11",0,-1,0,1e-05,0.0,0.0,0.0,
305,SIPP_2^2,"107,111,0","9,51,0",0,-1,4,0.00504,0.0,0.0,0.0,
305,SIPP_2^3,"107,111,0","9,51,0",1,1426.0907809999999,6225,4.28343,113.2585,21.99115,43.9823,2 1 1 7 7 7 7 7 7 7 7 7 7 7 7 7 7 7 7 7 7 7 7 7 7 7 7 7 7 7 7 7 7 7 7 7 7 7 7 7 7 7 7 7 0 7 7 0 0 0 7 0 7 7 -3.713 0 -1.078 0 -1.369 6 -2.207 7 6 6 6 6 6 6 6 6 6 6 6 6 6 6 6 6 6 6 6 6 6 6 6 6 6 6 6 6 6 7 6 6 7 7 7 7 7 6 6 6 6 6 5 5 5 5 6 5 6 6 6 -10.370 6 -0.060 0 -11.808 6 -2.976 0 -3.979 0
305,SIPP_2^4,"107,111,0","9,51,0",1,1213.7070080000005,694,1.16596,37.24867,7.46625,14.9325,4 2 2 14 14 13 13 13 13 13 13 13 13 13 13 13 13 12 13 13 13 13 14 14 14 14 13 14 14 13 14 14 13 13 13 13 14 13 13 13 13 13 13 13 14 13 13 14 14 14 14 13 13 13 13 13 13 13 13 13 13 13
305,SIPP_2^5,"107,111,0","9,51,0",1,1207.3031130000004,436,1.81733,16.59886,3.35235,6.70469,8 4 4 28 28 26 26 26 26 26 26 26 26 25 26 26 26 26 26 26 26 27 27 27 27 27 27 27 27 27 27 27 27 27 27 27 26 26 26 26 26 26 26 26 26 25
305,SIPP_BigCS,"107,111,14","9,51,2",1,1225.0,533,3.85029,34.37142,6.0697,1.338,69 340 322 197 197 205 205 205 309 7 75 178 205 205 205 205 205 205 205 205 221 102 178 221 178 205 205 205 205 205 205 309
305,SIPP_Standard,"107,111,14","9,51,2",1,1430.0,4831,11.42144,46.38278,8.4252,1.1517,111 33 66 50 69 50 69 50 61 61 61 61 93 7 99 93 27
306,SIPP_2^2,"53,129,0","49,10,0",0,-1,0,0.0,0.0,0.0,0.0,
306,SIPP_2^3,"53,129,0","49,10,0",0,-1,0,0.0,0.0,0.0,0.0,
306,SIPP_2^4,"53,129,0","49,10,0",0,-1,0,0.0,0.0,0.0,0.0,
306,SIPP_2^5,"53,129,0","49,10,0",0,-1,0,0.0,0.0,0.0,0.0,
306,SIPP_BigCS,"53,129,0","49,10,0",0,-1,0,0.0,0.0,0.0,0.0,
306,SIPP_Standard,"53,129,10","49,10,7",0,-1,70154,180.00051,0.0,0.0,0.0,
307,SIPP_2^2,"241,150,0","210,51,0",0,-1,0,0.0,0.0,0.0,0.0,
307,SIPP_2^3,"241,150,0","210,51,0",0,-1,0,0.0,0.0,0.0,0.0,
307,SIPP_2^4,"241,150,0","210,51,0",0,-1,0,0.0,0.0,0.0,0.0,
307,SIPP_2^5,"241,150,0","210,51,0",0,-1,0,0.0,0.0,0.0,0.0,
307,SIPP_BigCS,"241,150,0","210,51,0",0,-1,0,0.0,0.0,0.0,0.0,
307,SIPP_Standard,"241,150,1","210,51,6",0,-1,84908,180.00213,0.0,0.0,0.0,
308,SIPP_2^2,"167,236,0","94,151,0",0,-1,0,0.0,0.0,0.0,0.0,
308,SIPP_2^3,"167,236,0","94,151,0",0,-1,0,0.0,0.0,0.0,0.0,
308,SIPP_2^4,"167,236,0","94,151,0",0,-1,0,0.0,0.0,0.0,0.0,
308,SIPP_2^5,"167,236,0","94,151,0",0,-1,0,0.0,0.0,0.0,0.0,
308,SIPP_BigCS,"167,236,0","94,151,0",0,-1,0,0.0,0.0,0.0,0.0,
308,SIPP_Standard,"167,236,11","94,151,14",0,-1,8,0.01935,0.0,0.0,0.0,
309,SIPP_2^2,"105,33,0","131,144,0",1,1430.0,4381,1.73319,212.13203,47.12389,94.24778,2 2 2 2 2 2 2 2 2 2 2 2 2 2 2 2 2 2 2 2 2 2 2 2 3 3 3 2 2 2 2 2 2 2 2 2 2 2 2 2 2 2 2 2 2 2 2 2 2 2 2 2 2 2 2 2 1 1 1 1 2 2 2 2 1 2 2 2 2 1 1 1 1 1 2 2 1 2 1 2 1 2 2 1 2 2 1 2 2 2 2 2 2 2 2 2 2 2 2 2 2 1 2 2 2 2 2 1 1 1 2 1 1 1 1 1 2 2 2 2 2 2 2 2 2 2 2 2 2 1 1 1 2 2 2 1 2 2 2 2 2 1 2
309,SIPP_2^3,"105,33,0","131,144,0",1,1289.4112639999994,3446,2.27896,75.7719,14.92257,29.84513,5 4 5 4 4 4 5 4 4 4 4 4 4 4 4 4 4 4 4 4 4 4 4 4 4 4 4 3 4 3 3 3 4 4 3 3 4 3 4 4 4 4 4 4 4 3 3 4 4 4 4 4 4 4 4 4 4 4 4 4 4 4 4 4 4 4 4 4 4 4 4 4 4 4 4 4 4 4 4 4 4 4 4 4 4 4 4 4 4 4 4 4 4 4 4 4 4 4 4 3 3 3 3 3 3 3 3 3 3 3 2 3 2 2 2 2 2 2 2
309,SIPP_2^4,"105,33,0","131,144,0",1,1247.1160229999998,2982,5.39162,33.72904,6.67092,13.34184,8 8 8 8 8 8 8 8 8 8 8 8 8 8 8 8 8 9 8 9 9 8 8 8 8 8 8 8 8 8 8 7 7 7 7 7 7 7 7 7 7 7 7 7 7 7 7 7 7 7 7 7 7 7 7 7 7 7 8 7 7 7 8 8 8 8 8 8 8 7 7 7 8 8 8 10 -5.125 12 -0.504 13
309,SIPP_2^5,"105,33,0","131,144,0",1,1246.5258529999999,3153,14.58474,34.58199,6.92669,13.85337,16 16 16 16 16 16 16 16 16 17 16 16 16 17 16 16 16 17 16 16 16 15 15 15 15 15 15 14 14 14 15 14 14 14 14 14 14 14 14 14 14 14 14 15 15 15 15 15 15 15 15 15 15 15 16 20 24 -0.031 30 -0.504 24
309,SIPP_BigCS,"105,33,2","131,144,15",0,-1,22465,180.05821,0.0,0.0,0.0,
309,SIPP_Standard,"105,33,2","131,144,15",1,1265.766028,13790,40.33014,35.70065,6.3715,0.9256,0 0 16 102 88 8 52 56 56 56 64 52 56 96 -1.766 86
310,SIPP_2^2,"19,34,0","101,123,0",0,-1,0,0.0,0.0,0.0,0.0,
310,SIPP_2^3,"19,34,0","101,123,0",0,-1,0,0.0,0.0,0.0,0.0,
310,SIPP_2^4,"19,34,0","101,123,0",0,-1,0,0.0,0.0,0.0,0.0,
310,SIPP_2^5,"19,34,0","101,123,0",0,-1,0,0.0,0.0,0.0,0.0,
310,SIPP_BigCS,"19,34,0","101,123,0",0,-1,0,0.0,0.0,0.0,0.0,
310,SIPP_Standard,"19,34,0","101,123,5",0,-1,0,4e-05,0.0,0.0,0.0,
311,SIPP_2^2,"113,51,0","82,164,0",0,-1,0,0.0,0.0,0.0,0.0,
311,SIPP_2^3,"113,51,0","82,164,0",0,-1,0,0.0,0.0,0.0,0.0,
311,SIPP_2^4,"113,51,0","82,164,0",0,-1,0,0.0,0.0,0.0,0.0,
311,SIPP_2^5,"113,51,0","82,164,0",0,-1,0,0.0,0.0,0.0,0.0,
311,SIPP_BigCS,"113,51,0","82,164,0",0,-1,0,0.0,0.0,0.0,0.0,
311,SIPP_Standard,"113,51,13","82,164,8",0,-1,0,1e-05,0.0,0.0,0.0,
312,SIPP_2^2,"231,114,0","188,10,0",0,-1,0,0.0,0.0,0.0,0.0,
312,SIPP_2^3,"231,114,0","188,10,0",0,-1,0,0.0,0.0,0.0,0.0,
312,SIPP_2^4,"231,114,0","188,10,0",0,-1,0,0.0,0.0,0.0,0.0,
312,SIPP_2^5,"231,114,0","188,10,0",0,-1,0,0.0,0.0,0.0,0.0,
312,SIPP_BigCS,"231,114,0","188,10,0",0,-1,0,0.0,0.0,0.0,0.0,
312,SIPP_Standard,"231,114,12","188,10,12",0,-1,0,3e-05,0.0,0.0,0.0,
313,SIPP_2^2,"125,193,0","7,171,0",0,-1,0,0.0,0.0,0.0,0.0,
313,SIPP_2^3,"125,193,0","7,171,0",0,-1,0,0.0,0.0,0.0,0.0,
313,SIPP_2^4,"125,193,0","7,171,0",0,-1,0,0.0,0.0,0.0,0.0,
313,SIPP_2^5,"125,193,0","7,171,0",0,-1,0,0.0,0.0,0.0,0.0,
313,SIPP_BigCS,"125,193,0","7,171,0",0,-1,0,0.0,0.0,0.0,0.0,
313,SIPP_Standard,"125,193,8","7,171,11",0,-1,0,2e-05,0.0,0.0,0.0,
314,SIPP_2^2,"132,126,0","227,68,0",1,1596.644229,7964,2.97978,268.70058,59.69026,119.38052,1 1 1 1 1 1 1 1 1 1 1 1 1 1 0 1 1 0 0 0 0 1 1 1 0 1 1 1 1 1 0 1 1 1 1 0 1 1 0 1 1 1 1 1 1 1 1 1 1 1 1 1 1 1 1 1 1 0 0 1 1 1 0 0 1 1 0 0 1 1 1 0 1 0 0 1 1 0 0 0 0 1 0 0 0 0 0 0 0 0 0 0 0 0 0 0 0 0 0 0 0 0 0 1 1 1 1 1 1 1 0 0 0 1 1 1 1 1 0 0 1 1 -16.958 1 1 -1.880 1 1 1 1 1 0 0 0 0 0 0 1 0 1 1 1 0 1 1 1 0 0 -18.332 1 -29.475 1 1 1 1 1 1
314,SIPP_2^3,"132,126,0","227,68,0",1,1313.2984899999997,3372,2.14578,121.45935,24.34734,48.69469,2 2 2 2 1 1 1 2 2 2 2 2 2 2 2 2 2 2 2 2 2 2 1 1 1 1 1 1 1 1 1 1 2 2 2 2 2 2 2 1 2 2 2 2 2 1 1 2 1 2 2 2 2 2 2 2 1 1 1 1 1 0 -46.902 0 0 0 0 1 1 1 1 0 0 0 0 0 0 1 1 0 1 0 1 1 1 1 1 2 2 2 2 2 1 1 1 1 1 1 2 1 2 1 2 1 2 1 2 2 1
314,SIPP_2^4,"132,126,0","227,68,0",1,1283.0137379999999,3007,5.02739,30.9603,6.14129,12.28258,4 3 3 3 3 3 3 3 3 3 3 3 3 3 3 3 4 4 4 4 4 4 4 4 4 4 4 4 4 4 4 4 4 4 4 4 4 3 3 2 2 2 2 1 -78.969 0 0 1 1 1 1 1 1 1 1 1 1 2 2 4 4 4 4 3 3 3 3 2 3 2 2 3 3 2
314,SIPP_2^5,"132,126,0","227,68,0",1,1279.0108170000003,3102,13.12379,26.91312,5.36925,10.7385,6 6 6 6 6 6 6 6 6 7 6 6 6 7 7 8 8 8 8 8 8 8 8 8 8 8 8 8 8 8 8 7 7 8 4 4 4 3 -83.105 0 1 2 2 2 2 2 2 2 2 2 4 4 8 8 7 7 5 5 5 6 5
314,SIPP_BigCS,"132,126,0","227,68,3",0,-1,23964,180.06317,0.0,0.0,0.0,
314,SIPP_Standard,"132,126,0","227,68,3",1,1305.9988309999999,14789,36.25475,58.99958,11.3963,1.4622,45 9 53 65 45 21 36 9 37 -5.999 22 37 22 45 9 53 73
315,SIPP_2^2,"23,77,0","130,124,0",0,-1,4,0.01204,0.0,0.0,0.0,
315,SIPP_2^3,"23,77,0","130,124,0",1,1424.0916559999996,2476,1.61726,147.06373,29.05973,58.11947,6 7 7 1 1 1 1 1 2 2 2 1 2 2 1 2 2 2 2 2 1 1 2 2 1 2 3 3 3 3 3 3 3 3 3 3 3 3 2 2 2 2 2 2 2 2 2 2 2 3 2 3 3 3 3 3 3 3 3 3 3 3 2 3 3 2 2 3 2 3 2 3 3 3 2 3 3 2 3 3 2 3 3 3 3 3 3 3 3 3 3 2 2 2 2 2 2 3 3 3 3 3 3 3 3 2 3 3 3 3 2 3 3
315,SIPP_2^4,"23,77,0","130,124,0",1,1351.543511999999,1162,1.93143,53.06741,10.56988,21.13977,12 14 14 2 2 4 4 3 4 4 3 4 3 3 3 3 4 4 4 4 4 4 6 6 6 6 5 6 6 6 6 6 6 5 5 5 5 5 5 5 5 5 5 5 5 5 5 5 5 5 5 5 5 5 5 5 5 5 6 6 6 6 6 5 5 6 5 5 6 6 6 6 7 6 6 7 6
315,SIPP_2^5,"23,77,0","130,124,0",1,1344.796823,1075,4.685,31.86924,6.39837,12.79673,24 28 28 4 4 7 7 7 7 7 7 8 8 8 8 9 12 12 12 12 -0.597 10 13 12 11 10 10 10 10 10 10 10 10 10 10 10 10 10 10 10 10 10 10 10 10 10 10 11 11 11 11 11 11 12 12 12 13 12 13 12
315,SIPP_BigCS,"23,77,2","130,124,11",1,1369.0,1605,10.80116,37.57768,6.8443,1.4159,79 338 332 5 5 81 201 305 61 100 100 100 100 100 100 100 124 207 207 207 207 207 207 207 207 207 207 207 207 207 207 207 223 176 255 176 207 207 207 255 100 100 100 100 100 100
315,SIPP_Standard,"23,77,2","130,124,11",1,1636.929239,596,1.21397,40.59286,6.7157,0.9425,55 107 42 84 17 95 17 63 63 -6.596 63 63 63 63 63 63 63 71 -0.334 28 36
316,SIPP_2^2,"156,120,0","53,65,0",1,1831.945714,14786,5.38868,339.41125,75.39822,150.79645,0 0 0 0 0 0 0 0 0 0 0 3 3 3 3 3 3 3 3 3 3 3 0 0 0 3 0 3 3 3 3 3 3 3 3 3 3 0 3 3 3 3 3 3 3 3 0 0 3 0 0 3 0 3 0 3 0 3 3 3 3 0 0 3 3 3 3 3 3 3 0 3 3 3 3 3 3 3 3 3 3 0 3 3 3 0 3 3 3 3 3 0 3 0 0 3 3 3 3 3 3 0 0 0 0 0 0 0 0 3 0 3 3 3 3 0 0 0 3 0 0 3 3 3 -251.883 3 -0.062 3 0 0 0 0 3 3 3 3 3 3 3 3 3 3 3 3 3 3 3 3 3 0 3 0 3 3 0 3 0 0 3 0
316,SIPP_2^3,"156,120,0","53,65,0",1,1445.634528,7450,5.13115,76.02757,14.92257,29.84513,6 6 6 7 6 7 7 6 6 6 6 6 6 6 6 6 6 6 6 6 7 7 7 7 7 6 7 7 7 7 7 7 7 7 7 7 7 7 7 7 7 7 7 7 7 7 7 7 7 7 7 7 7 7 7 7 7 7 7 7 7 7 7 7 7 7 7 6 6 6 7 7 6 7 6 6 7 7 7 7 7 7 7 7 6 -99.450 6 -12.273 6 -12.274 6 -1.088 6 -1.369 6 -1.584 6 -1.535 6 -1.430 7 6 6 6 -4.282 5 6 5 5 5 5 -2.824 5
316,SIPP_2^4,"156,120,0","53,65,0",1,1444.15363,8149,14.74523,62.44278,12.28258,24.56515,13 12 13 13 13 13 13 12 13 13 13 13 13 13 13 13 13 13 13 13 13 14 14 15 14 15 14 14 14 15 15 14 14 14 14 14 14 14 14 15 14 15 15 15 15 15 15 15 15 15 0 15 15 0 15 -6.266 12 -6.470 12 -2.143 14 -1.661 11 -0.484 11 11 11 11 11 11 11 -0.345 11 11 12 -6.118 11 10 10 9 -0.436 11
316,SIPP_2^5,"156,120,0","53,65,0",1,1443.56346,8291,37.43206,39.36289,7.67413,15.34826,26 25 25 26 26 26 26 26 27 26 26 26 26 26 26 26 26 26 26 28 28 28 28 29 29 29 28 28 28 28 29 29 30 30 30 30 30 30 30 30 30 30 30 30 31 -12.945 24 -6.470 24 -2.143 28 -0.404 21 22 22 22 22 22 22 22 23 -1.077 24 -5.273 21 20 19 -0.216 24
316,SIPP_BigCS,"156,120,10","53,65,10",0,-1,21501,180.26434,0.0,0.0,0.0,
316,SIPP_Standard,"156,120,10","53,65,10",1,1445.559962,61769,173.35367,38.46937,7.3594,0.8371,3 23 50 77 74 69 54 66 50 69 46 6 82 -35.444 3 -30.091 3 11 -1.025 31
317,SIPP_2^2,"10,146,0","96,67,0",1,1781.962632,6794,2.41332,304.05592,67.54424,135.08848,0 0 0 0 0 3 3 0 3 0 0 0 3 -15.832 0 -0.084 0 0 0 1 1 1 0 0 1 1 1 -0.698 1 1 1 1 1 1 1 1 1 1 1 1 1 1 1 1 1 1 1 1 1 1 1 1 1 1 1 1 1 1 1 1 1 1 1 1 1 1 1 0 1 -27.761 1 -7.587 1 1 1 1 0 0 0 0 0 0 0 1 1 0 0 1 1 0 0 1 0 0 0 1 0 1 1 1 0 1 1 0 1 1 1 1 0 1 0 0 0 1 0 0 0 0 0 0 1 0 0 0 0 0 0 0 0 0 0 0 0 0 0 0 0 0 0 0 0 0 0 0 1 1 1 0 0 0 0 0 1 1 0 0 1 1 0 0 0 0 1 0 1 1 0 1 1 1 1 1 1 1 1 1 1 1
317,SIPP_2^3,"10,146,0","96,67,0",1,1532.1352640000005,3690,2.40145,139.72132,27.48894,54.97787,0 7 7 0 0 0 0 0 7 0 0 0 7 0 0 0 0 0 0 0 0 0 1 1 1 1 1 1 1 0 -108.130 2 -2.875 2 -1.597 2 1 1 1 0 0 1 1 1 0 0 0 0 1 0 1 1 1 2 2 2 2 2 2 1 1 1 1 1 1 1 1 1 1 1 1 1 1 1 1 1 1 1 1 1 1 1 2 2 2 2 2 2 2 1 2 2 2 2 2 1 2 2 2 1 1 2 2 2 2 1 2 2 2 2 2 2 2 2 2 1 2 1 2 1 2 2 1
317,SIPP_2^4,"10,146,0","96,67,0",1,1494.724688000001,3083,5.2572,66.426,13.59761,27.19521,0 15 15 0 0 0 0 15 0 15 0 1 1 1 1 1 1 1 -37.037 4 -90.689 0 -2.875 4 -1.597 4 2 2 2 0 0 0 1 1 1 1 2 2 3 4 4 4 4 4 3 2 2 2 2 2 2 2 2 2 2 2 2 2 2 2 2 3 3 3 3 3 3 3 3 3 3 3 3 3 4 4 4 4 4 4 4 4 4 4 4 4 4 4 3 4 4 3
317,SIPP_2^5,"10,146,0","96,67,0",1,1482.4472400000013,2729,11.51856,40.92789,8.17573,16.35147,0 31 31 31 0 31 0 2 2 2 1 2 2 2 -131.416 8 -2.875 8 -1.597 8 4 4 4 1 1 1 2 4 4 8 7 8 -0.301 8 8 -1.441 6 4 4 4 4 4 4 4 4 4 4 4 4 4 4 4 4 7 7 7 7 7 7 7 7 7 7 7 7 7 7 8 7
317,SIPP_BigCS,"10,146,14","96,67,14",1,1485.195634,26756,169.53977,48.90695,9.325,1.5855,6 6 30 202 202 362 42 -101.579 236 -4.616 21 308 74 101 101 169 5 5 89 101 101 101 101 101 101 101 101 101 101 101 101 101 157 5 81 201 201 201 201 201 201 305 5 5 81 305
317,SIPP_Standard,"10,146,14","96,67,14",1,1529.544594,7454,14.35901,40.33517,7.5981,1.0016,-29.428 85 -9.446 2 22 29 -101.671 49 60 84 9 49 76 65 53 73 84 1 1 1
318,SIPP_2^2,"104,11,0","191,71,0",0,-1,0,0.0,0.0,0.0,0.0,
318,SIPP_2^3,"104,11,0","191,71,0",0,-1,0,0.0,0.0,0.0,0.0,
318,SIPP_2^4,"104,11,0","191,71,0",0,-1,0,0.0,0.0,0.0,0.0,
318,SIPP_2^5,"104,11,0","191,71,0",0,-1,0,0.0,0.0,0.0,0.0,
318,SIPP_BigCS,"104,11,0","191,71,0",0,-1,0,0.0,0.0,0.0,0.0,
318,SIPP_Standard,"104,11,6","191,71,0",0,-1,85588,180.00227,0.0,0.0,0.0,
319,SIPP_2^2,"113,202,0","3,159,0",0,-1,0,0.0,0.0,0.0,0.0,
319,SIPP_2^3,"113,202,0","3,159,0",0,-1,0,0.0,0.0,0.0,0.0,
319,SIPP_2^4,"113,202,0","3,159,0",0,-1,0,0.0,0.0,0.0,0.0,
319,SIPP_2^5,"113,202,0","3,159,0",0,-1,0,0.0,0.0,0.0,0.0,
319,SIPP_BigCS,"113,202,0","3,159,0",0,-1,0,0.0,0.0,0.0,0.0,
319,SIPP_Standard,"113,202,3","3,159,7",0,-1,0,2e-05,0.0,0.0,0.0,
320,SIPP_2^2,"16,126,0","108,60,0",1,1580.0,6438,2.41223,141.42136,31.41593,62.83185,0 0 0 0 0 0 0 0 0 0 0 0 0 0 0 0 0 0 0 1 1 1 1 1 1 1 0 0 0 0 0 0 0 0 0 0 0 0 0 0 0 0 0 0 0 0 0 0 0 1 0 0 0 0 1 1 1 1 1 0 1 1 1 1 1 1 1 1 1 1 1 1 1 1 1 1 1 1 1 1 1 1 1 1 1 1 1 1 1 1 1 1 1 1 1 1 1 1 1 1 1 1 1 1 1 1 1 1 1 1 1 1 1 1 1 1 1 1 1 1 1 1 1 1 1 1 1 1 1 0 0 0 0 0 0 1 1 0 0 0 0 1 1 0 1 0 1 1 1 0 1 0 0 0 0 0 1 0
320,SIPP_2^3,"16,126,0","108,60,0",1,1289.905663999999,1934,1.27185,75.78099,14.92257,29.84513,2 2 2 2 2 2 2 2 2 2 2 2 2 2 2 2 2 2 2 2 2 2 2 2 2 2 2 2 3 2 -2.915 2 -0.020 2 2 2 2 1 1 1 2 2 1 1 0 0 1 1 1 1 1 1 1 1 1 1 1 1 1 1 0 1 1 1 1 1 1 1 1 1 0 0 0 1 1 1 1 1 0 1 0 0 0 0 0 0 -3.295 0 1 1 1 1 1 1 1 1 1 1 1 1 1 1 1 1 1 2 1 2 1
320,SIPP_2^4,"16,126,0","108,60,0",1,1228.8322480000002,1210,2.10111,30.63646,6.10333,12.20667,0 0 0 0 0 0 0 0 0 0 1 1 1 1 1 1 1 2 2 3 3 3 3 3 3 2 2 2 2 2 2 2 2 2 2 3 2 3 4 4 4 4 4 4 3 4 4 4 3 3 3 4 3 3 3 4 4 4 4 3 3 3 3 3 3 3 3 3 3 3 3 3 3
320,SIPP_2^5,"16,126,0","108,60,0",1,1218.7727420000006,1195,5.06174,20.51945,4.07307,8.14615,1 1 1 1 1 1 1 0 0 0 4 4 6 6 6 5 5 4 4 4 4 5 4 5 5 4 6 6 6 7 6 6 6 6 6 6 6 6 6 7 7 7 7 7 7 7 7 7 10
320,SIPP_BigCS,"16,126,8","108,60,11",1,1218.0,5612,31.95422,25.41834,4.2801,0.5253,308 86 204 308 6 50 201 201 201 217 101 101 101 101 101 181 201 201 201 201 201 201 201 201 201 201 201 201 201 201 201 201 201 201 201 201 305 5 5 41
320,SIPP_Standard,"16,126,8","108,60,11",1,1272.953234,2080,4.12906,13.18551,2.1317,0.1971,1 1 1 -16.998 1 -0.015 9 29 29 49 60 60 60 -11.940 68 53 65 29
321,SIPP_2^2,"129,87,0","214,61,0",1,1615.568798,6082,2.29449,205.06097,45.55309,91.10619,2 2 2 2 2 2 2 2 2 2 2 2 2 2 2 2 2 2 1 1 1 1 1 1 1 1 1 1 1 1 1 1 1 1 1 1 1 1 1 2 2 1 2 1 1 1 2 1 1 1 1 1 2 1 1 1 1 1 1 1 1 1 1 1 1 1 1 1 1 1 1 1 1 1 1 1 1 1 1 1 1 1 1 1 1 1 1 1 1 1 1 1 1 1 0 0 0 0 0 0 0 0 0 0 0 0 0 0 0 0 0 0 0 0 0 0 1 0 0 0 1 0 0 0 1 0 0 1 0 1 1 1 1 1 1 1 0 1 0 1 0 0 0 0 0 0 0 0 0 0 0 0 1 1 0 1 0 0 0 -4.439 3 -1.129 3
321,SIPP_2^3,"129,87,0","214,61,0",1,1306.3961200000003,2654,1.69219,119.34202,23.56195,47.12389,3 3 3 3 3 3 3 3 3 3 3 3 3 3 3 3 3 2 2 3 2 2 2 2 2 2 2 2 2 3 3 2 2 2 2 3 3 2 2 2 2 2 2 3 2 2 2 2 2 2 2 2 2 2 2 2 2 1 2 1 1 1 1 0 0 0 0 0 0 0 1 0 1 0 1 1 1 0 1 1 1 0 1 1 0 1 0 1 1 2 2 2 2 2 1 1 1 0 0 0 0 0 0 0 0 0 0 0 0 0 0 1
321,SIPP_2^4,"129,87,0","214,61,0",1,1272.926066,2435,3.95223,50.81613,10.10624,20.21247,6 6 5 6 5 5 5 5 6 5 5 6 5 5 5 6 5 5 5 5 5 5 5 4 4 4 4 4 4 4 4 4 4 4 4 4 4 4 4 4 3 2 2 1 2 2 -21.755 0 0 1 1 1 1 1 1 1 1 1 1 2 2 4 4 3 4 4 2 2 0 0 0 0 0 0 0 0 0 0 0 0 0 1
321,SIPP_2^5,"129,87,0","214,61,0",1,1270.712357,2442,10.29806,37.33393,7.44165,14.8833,11 11 11 11 10 10 10 11 11 9 10 10 10 9 9 8 9 9 8 7 8 8 8 8 8 8 8 8 8 4 4 4 3 -29.314 0 1 2 2 2 2 2 2 2 2 2 4 4 7 8 8 8 4 4 0 0 0 0 0 0 0 0 0 0 0 0 1
321,SIPP_BigCS,"129,87,1","214,61,4",0,-1,25103,180.06378,0.0,0.0,0.0,
321,SIPP_Standard,"129,87,1","214,61,4",1,1332.8634299999999,15970,36.76078,50.43205,9.4627,1.2422,71 48 63 71 36 21 36 9 49 -3.863 60 92 22 45 9 33 90
322,SIPP_2^2,"124,99,0","113,225,0",1,1424.611716,2710,1.08174,120.20815,26.70354,53.40708,2 2 2 2 2 2 2 2 2 2 2 2 2 2 2 2 2 2 2 2 2 2 2 2 2 2 2 2 2 2 2 2 2 2 2 2 2 2 2 2 2 2 2 2 2 2 2 2 2 2 2 2 1 2 2 2 2 2 2 2 2 2 2 2 -13.566 2 -1.046 2 2 3 2 3 2 2 2 3 3 3 3 3 3 2 2 2 2 2 2 2 2 2 2 2 2 2 2 2 2 2 2 3 2 3 3 2 3 2 2 2 2 3 2 2 2 2 2 2 2 2 2 2 2 2 2 2 2 2 2 2 2 2 2 2 2 2 2 2 2 2 2 2 2 2 1
322,SIPP_2^3,"124,99,0","113,225,0",1,1335.6979280000005,1955,1.29632,51.20561,10.21018,20.42035,4 4 4 4 4 4 4 4 4 4 4 4 4 4 4 4 4 4 4 4 4 4 4 4 4 4 4 4 4 4 4 4 4 4 4 4 4 4 4 4 4 4 4 4 4 4 4 4 4 4 4 4 4 4 4 4 4 4 4 4 4 3 3 4 -5.282 4 5 4 4 4 4 4 5 5 5 5 5 5 4 4 4 4 4 5 5 5 4 4 4 5 5 5 4 4 4 5 4 4 4 4 4 4 4 4 4 4 4 4 4 4 4 4 4 4 4 4 4 4 4 4 4 4 4 4 4 4 3
322,SIPP_2^4,"124,99,0","113,225,0",1,1307.111785,1939,3.37699,24.09489,4.81633,9.63266,8 8 8 8 8 8 8 8 8 8 8 8 8 8 8 8 8 8 8 8 8 8 8 8 8 8 8 8 8 8 8 8 8 8 8 8 8 8 8 8 8 8 7 8 8 8 8 8 8 8 7 7 8 8 8 8 8 8 8 8 8 -0.304 9 -0.174 9 10 9 9 9 9 9 9 9 9 9 9 9 8 8 9 8 8 8 8 8 8 8 8 8 8 8 8 8 8 8 8 8 8 8 8 8 8 8 8 8 8 8 8 8 7
322,SIPP_2^5,"124,99,0","113,225,0",1,1290.8327630000003,1568,7.22911,25.79178,5.14801,10.29602,17 17 17 16 16 16 17 16 16 16 17 17 17 17 17 16 16 16 16 16 16 16 16 16 16 16 16 16 17 16 16 16 16 16 16 17 17 17 17 17 16 16 16 16 16 16 16 16 16 16 16 16 16 16 16 16 16 16 16 16 16 15 16 16 16 16 16 16 16 15 16 16 16 16 16 16 16 16 16 16 16 16 16 16 15 16 16 15
322,SIPP_BigCS,"124,99,2","113,225,13",1,1298.0,10683,87.38338,21.58952,3.976,0.4417,206 206 206 206 206 310 4 4 4 0 0 84 206 366 40 206 310 28 304 4 4 0 4 4 4 4 4 4 4 0 0 4 4 4 4 4 4 4 4 28
322,SIPP_Standard,"124,99,2","113,225,13",1,1318.0,4092,11.41309,32.78859,6.1922,0.7429,39 0 16 94 16 94 0 16 62 110 44 0 0 0 0 4
323,SIPP_2^2,"201,227,0","192,102,0",1,1340.0,1396,0.44467,127.27922,28.27433,56.54867,0 0 0 0 0 0 3 0 0 3 0 3 0 0 0 0 0 0 0 0 0 0 0 0 0 0 0 0 0 0 0 0 0 0 0 0 0 0 0 0 0 0 0 0 0 0 0 0 0 0 0 0 0 0 0 0 0 0 0 0 0 0 0 0 0 0 0 0 0 0 0 0 0 0 0 0 0 0 0 0 0 0 0 0 0 0 0 0 0 0 0 0 0 0 0 0 0 0 0 0 0 0 0 0 0 0 0 0 0 0 0 0 0 0 3 0 0 0 0 0 0 0 3 0 0 3 0 3 0 3 0 0 3 0
323,SIPP_2^3,"201,227,0","192,102,0",1,1287.2792239999997,1068,0.61114,43.86633,8.63938,17.27876,0 7 7 0 0 0 7 0 0 0 0 0 0 0 0 0 0 0 0 0 0 0 0 0 0 0 0 0 0 0 0 0 0 0 0 0 0 0 0 0 0 0 0 0 0 0 0 0 0 0 0 0 0 0 0 0 0 0 0 0 0 0 0 0 0 0 0 0 0 0 0 0 0 0 0 0 0 0 0 0 0 0 0 0 0 0 0 0 0 0 0 0 0 0 0 0 0 0 0 0 0 0 0 0 0 0 0 0 0 0 0 0 0 0 0 7 0 7 7 0 7 7 0 0 7
323,SIPP_2^4,"201,227,0","192,102,0",1,1271.24612,851,1.27083,20.94465,4.17283,8.34566,0 15 15 15 15 0 0 0 0 0 0 0 0 0 0 0 0 0 0 0 0 0 0 0 0 0 0 0 0 0 0 0 0 0 0 0 0 0 0 0 0 0 0 0 0 0 0 0 0 0 0 0 0 0 0 0 0 0 0 0 0 0 0 0 0 0 0 0 0 0 0 0 0 0 0 0 0 0 0 0 0 0 0 0 0 0 0 0 0 0 0 0 0 0 0 0 0 0 0 0 0 0 0 0 0 0 0 15 15 0 15 0 15 0 0 15
323,SIPP_2^5,"201,227,0","192,102,0",1,1265.3428959999999,787,3.0885,9.48731,1.89255,3.78509,31 31 30 31 0 0 0 0 0 0 0 0 0 0 0 0 0 0 0 0 0 0 0 0 0 31 31 31 31 0 0 31 0 0 0 0 0 0 0 0 0 0 0 0 0 0 0 0 0 0 0 0 0 0 0 0 0 0 0 0 0 0 0 0 0 0 0 0 0 0 0 0 0 0 0 0 0 0 0 0 0 0 0 0 0 0 0 0 0 0 0 0 0 0 0 0 0 0 0 0 0 0 0 0 0 0 0 0
323,SIPP_BigCS,"201,227,2","192,102,9",1,1268.0,3039,17.32722,13.96016,2.6123,0.2819,202 202 202 362 2 2 2 6 6 2 2 2 2 2 6 6 2 6 6 6 6 6 14 362 6 6 14 306
323,SIPP_Standard,"201,227,2","192,102,9",1,1278.00001,499,1.00476,10.0632,1.9516,0.2417,46 -1.000 2 2 2 2 2 2 2 2 2 2 2 2 2 10 54
324,SIPP_2^2,"193,109,0","128,211,0",1,1740.074867,9442,3.1468,296.98485,69.11504,138.23008,3 3 3 3 3 3 3 3 3 3 3 3 3 3 2 3 3 3 3 3 3 3 3 3 3 3 3 3 3 3 3 3 3 3 2 2 2 2 2 2 2 2 3 3 2 3 2 2 2 2 3 2 3 2 2 2 2 2 2 2 2 2 2 2 2 2 2 2 2 2 2 2 2 3 2 3 2 3 2 2 2 2 2 2 2 2 2 2 2 2 2 2 2 2 2 3 2 2 3 2 2 3 2 3 2 2 2 2 2 2 2 2 2 2 3 2 2 3 3 3 3 3 3 3 3 3 3 3 2 2 2 2 2 2 2 2 2 2 2 2 3 3 2 3 -29.262 2 3 -2.342 1 2 -18.409 2 -0.029 2 -0.034 2 2 2 3 2 2 2 3 3 2 2 2 2 2 2 3 2 2 3
324,SIPP_2^3,"193,109,0","128,211,0",1,1309.0543840000005,3158,2.00303,87.3336,17.27876,34.55752,5 5 5 5 5 5 5 5 5 5 6 6 6 5 5 5 5 5 5 5 5 5 5 5 5 5 5 5 5 5 5 5 5 5 5 -2.202 5 -0.040 5 5 5 5 5 5 5 5 5 5 5 5 5 5 5 4 4 5 4 4 4 4 4 4 5 5 5 4 4 4 5 4 4 4 4 5 4 4 4 4 4 4 4 4 4 4 4 4 4 5 4 4 4 4 5 4 4 5 4 4 5 5 4 4 5 5 4 4 5
324,SIPP_2^4,"193,109,0","128,211,0",1,1250.0468080000012,1790,2.93416,42.28284,8.42157,16.84314,9 8 9 9 9 9 9 8 10 10 10 10 10 10 10 10 10 10 10 10 10 10 10 10 10 10 9 9 9 9 9 9 10 10 10 10 10 10 10 10 10 10 10 10 10 10 10 10 10 10 10 10 10 10 10 10 9 10 9 8 8 8 9 8 8 8 8 9 9 9 8 9 8 8 8 8 9 9 8 9
324,SIPP_2^5,"193,109,0","128,211,0",1,1238.7987540000015,1461,6.27644,13.25799,2.64417,5.28835,17 18 18 18 18 17 20 20 20 20 20 20 20 20 20 20 20 20 19 20 19 19 19 19 19 20 20 20 20 20 20 20 20 20 20 20 20 20 20 20 20 20 20 20 20 20 20 20 19 17 17 16 16 16 16 17 17 17 17 17 17 17
324,SIPP_BigCS,"193,109,6","128,211,10",1,1238.0,9193,64.24638,23.53716,4.3674,0.3768,84 206 222 103 103 103 103 103 127 222 127 222 103 103 103 103 103 103 103 103 103 103 103 103 103 103 103 103 103 103 103 103 103 127 310 4 4 84 206 206 310 56
324,SIPP_Standard,"193,109,6","128,211,10",1,1263.0,5894,13.53485,18.19106,3.0254,0.2466,67 31 31 31 55 67 51 62 62 62 94 0 16 62 94
325,SIPP_2^2,"125,229,0","217,159,0",1,1620.0,7375,2.52068,169.70563,37.69911,75.39822,0 0 0 0 0 0 0 0 0 0 0 0 0 0 0 0 0 0 0 0 0 0 0 0 0 0 1 0 0 0 0 0 0 0 0 0 0 0 0 0 0 0 0 0 0 1 1 0 1 1 1 1 1 1 1 0 0 0 0 1 1 1 1 1 1 1 1 1 1 1 1 1 1 1 1 1 1 1 1 1 1 1 1 1 1 1 1 1 1 1 1 1 1 1 0 1 1 1 1 1 1 1 1 1 1 1 1 1 1 1 1 1 1 1 1 1 1 1 1 1 1 1 1 1 1 1 1 1 1 1 1 1 1 1 1 0 0 0 1 0 1 0 0 0 1 0 0 0 0 1 0 0 0 1 0 0 0 1 0 0 1 0
325,SIPP_2^3,"125,229,0","217,159,0",1,1408.9791819999998,3730,2.17673,98.98004,19.63495,39.26991,2 3 2 3 2 2 -34.848 2 2 2 2 2 2 2 2 2 2 2 2 2 2 2 2 2 2 2 2 2 2 2 2 2 2 2 2 2 2 2 2 2 2 1 1 2 2 1 1 1 1 1 1 2 1 2 1 1 1 1 1 1 1 0 0 0 0 0 0 0 1 1 1 1 1 1 1 0 0 0 0 0 0 0 0 0 0 1 0 0 1 0 1 1 1 1 1 1 1 1 1 1 1 1 1 1 1 0 1 1 -3.818 1 1 1 -0.499 1 0 -2.708 1 0 0 1
325,SIPP_2^4,"125,229,0","217,159,0",1,1403.05195,4136,6.32679,54.61031,10.81572,21.63144,5 4 5 4 -38.411 4 4 4 4 4 4 4 4 4 4 4 4 4 4 4 4 4 4 4 4 4 4 4 4 3 3 4 3 3 3 3 3 3 3 4 3 3 3 3 2 2 2 0 0 1 1 1 1 1 1 0 0 0 0 0 0 0 0 0 0 0 0 0 -2.558 0 1 3 3 3 3 3 2 2 3 2 2 -1.012 4 -0.032 4 1 1 1 1 2 1 0 0 0 0 0
325,SIPP_2^5,"125,229,0","217,159,0",1,1401.5210210000002,4236,16.3419,44.64993,8.95695,17.91389,9 9 -39.887 8 8 7 7 7 7 8 8 8 8 8 7 7 7 8 8 8 7 8 8 8 8 8 7 8 7 6 6 6 6 -0.457 2 2 1 2 1 2 1 0 0 0 0 0 0 0 0 0 0 0 0 -9.128 1 6 6 6 6 5 5 7 8 1 2 2 3 1 0 0 0 0
325,SIPP_BigCS,"125,229,9","217,159,11",0,-1,31305,180.02133,0.0,0.0,0.0,
325,SIPP_Standard,"125,229,9","217,159,11",1,1409.1289080000001,7494,13.50603,43.97569,8.2531,0.9496,60 84 21 48 95 1 5 73 -1.062 68 49 92 18 68 29 49 -1.183 76 -6.884 81
326,SIPP_2^2,"50,29,0","151,90,0",0,-1,0,0.0,0.0,0.0,0.0,
326,SIPP_2^3,"50,29,0","151,90,0",0,-1,0,0.0,0.0,0.0,0.0,
326,SIPP_2^4,"50,29,0","151,90,0",0,-1,0,0.0,0.0,0.0,0.0,
326,SIPP_2^5,"50,29,0","151,90,0",0,-1,0,0.0,0.0,0.0,0.0,
326,SIPP_BigCS,"50,29,0","151,90,0",0,-1,0,0.0,0.0,0.0,0.0,
326,SIPP_Standard,"50,29,1","151,90,4",0,-1,0,4e-05,0.0,0.0,0.0,
327,SIPP_2^2,"115,224,0","178,119,0",1,1724.5658879999999,9354,3.01295,261.62951,58.11946,116.23893,1 1 1 1 1 0 0 0 0 0 1 0 1 1 1 0 1 0 0 1 0 0 0 0 0 0 0 0 0 0 0 0 0 0 0 0 0 0 0 0 0 0 0 0 1 0 0 0 0 0 0 1 0 1 1 1 1 1 1 0 1 0 0 0 1 1 1 0 0 1 1 1 1 1 1 1 1 1 1 1 1 1 1 1 1 1 1 1 1 0 0 0 0 0 0 0 0 0 0 0 0 0 0 0 1 1 1 1 1 1 1 1 1 1 0 0 0 1 1 0 1 0 0 1 0 1 0 1 0 0 0 0 0 1 1 1 1 1 0 0 0 0 0 0 0 0 0 0 0 0 0 3 0 -21.743 0 -1.170 0 0 -0.970 0 -0.062 0 -0.620 0 0 0 0 0 0 0 0 0 0 0 0
327,SIPP_2^3,"115,224,0","178,119,0",1,1310.954568000001,2076,1.24705,115.51407,22.77655,45.5531,0 0 1 0 1 1 0 0 0 0 0 0 0 1 1 1 0 1 1 1 1 1 0 1 1 1 1 1 1 1 0 1 1 0 0 0 0 0 0 0 1 0 1 1 1 1 1 1 1 1 1 1 1 1 1 1 1 1 1 1 1 1 1 1 1 1 1 1 1 1 1 1 0 1 1 1 0 1 0 0 1 1 1 0 0 1 0 0 0 0 0 0 0 0 0 0 0 0 1 1 0 1 0 0 1
327,SIPP_2^4,"115,224,0","178,119,0",1,1262.37332,1628,2.68634,23.96522,4.7883,9.57661,2 2 2 2 1 1 1 1 2 1 1 1 1 2 1 1 1 2 1 1 0 0 0 0 0 0 0 1 1 1 1 1 1 1 1 1 1 1 1 1 1 1 1 1 1 1 1 1 1 1 1 1 1 1 2 1 2 3 3 3 3 3 3 2
327,SIPP_2^5,"115,224,0","178,119,0",1,1256.466411000001,1593,6.18286,23.37094,4.65976,9.31953,3 3 2 3 2 2 3 2 2 3 3 3 1 0 0 0 0 1 1 4 4 4 4 4 4 4 4 4 4 4 4 4 4 4 4 4 4 4 4 4 3 4 3 3 3 3 3 4 4 3 2 0 0 0 0 0 1 0 0 0 1
327,SIPP_BigCS,"115,224,13","178,119,12",1,1248.0,8225,49.21313,16.66785,2.2316,0.2387,204 204 204 204 204 204 204 204 204 204 204 252 101 101 129 6 6 86 204 204 204 204 204 204 204 204 204 204 204 204 204 204 204 204 204 204 204 204 204 204 204 204 204 260 193 201
327,SIPP_Standard,"115,224,13","178,119,12",1,1271.0,4847,10.36408,28.98666,4.6889,0.5439,73 60 60 60 92 22 37 22 49 60 60 60 68 53 57
328,SIPP_2^2,"201,252,0","195,123,0",1,1654.568798,3911,1.39844,190.91883,42.4115,84.823,0 0 0 0 3 0 3 -16.137 0 0 -2.273 0 0 0 0 0 0 0 0 0 0 0 -75.552 0 -20.067 0 -4.006 0 -3.383 0 -2.094 3 -0.288 0 0 0 0 0 0 0 0 -2.820 0 0 0 0 -11.145 0 0 0 0 0 0 0 0 0 3 0 0 0 0 0 0 0 3 0 0 0 0 0 0 3 0 0 0 0 0 0 0 0 0 0 0 0 0 0 0 0 0 0 0 0 3 3 3 0 0 0 0 3 3 0 3 -28.939 0 -12.273 1 -1.137 0 -1.137 0 -1.138 0 -1.137 1 -1.043 0 0 1 0 0 0 0 0 0 0 0 0 0 0 0 0 0 0 0 0 0 0 0 0 0 0 0 0 0 0 0 0 0 0 0 0 0 0 0 0 0 0 0 0 1 1 0 1
328,SIPP_2^3,"201,252,0","195,123,0",1,1586.5425419999992,3426,1.94162,131.04962,25.91814,51.83628,0 1 1 0 -0.599 0 -3.637 0 0 0 0 7 0 0 7 7 7 7 7 -86.590 0 -5.593 0 -4.473 0 -2.009 7 -1.083 1 0 0 0 0 0 0 0 1 -7.073 0 0 0 1 1 0 -1.746 0 0 0 0 0 0 0 0 0 0 0 0 0 0 0 0 0 0 0 0 0 0 0 0 0 0 0 0 0 0 0 -10.054 0 -1.137 0 1 1 2 2 2 2 1 1 1 0 0 0 0 0 0 7 7 7 7 7 0 7 7 0 0 0 0 0 0 0 0 7 0 0 0 0 7 0 0 0 0 7 0 0 0 0 0 0 0 0 0 0 0 7 0 0 0 0 0 7 7 0 0 7
328,SIPP_2^4,"201,252,0","195,123,0",1,1558.039246,3079,4.44931,100.60432,19.66298,39.32596,2 1 1 15 15 14 15 15 15 14 -95.011 0 -5.593 0 -4.473 0 -2.009 14 -1.561 1 -0.457 0 -0.410 0 -0.106 0 -0.013 0 0 0 -0.034 0 -0.375 0 -1.123 4 0 1 -3.633 0 -0.418 0 -1.022 1 0 0 0 0 0 0 0 0 0 0 0 0 0 0 0 0 0 0 0 0 0 0 0 0 0 0 0 0 0 -10.291 0 -1.137 0 2 2 4 4 3 3 2 0 0 0 15 0 0 0 0 0 0 0 0 0 0 0 0 0 0 0 15 0 15 15 15 0 0 0 15 15 0 0 15 15 15 0 0 15 15 15 0 15
328,SIPP_2^5,"201,252,0","195,123,0",1,1546.2803230000006,2764,9.70532,69.85592,14.24398,28.48796,2 3 30 30 31 31 31 -78.369 24 -7.587 24 -5.593 0 -4.473 0 -2.009 28 -1.561 2 -0.186 1 0 0 0 0 -10.708 0 0 2 -3.633 0 -0.418 0 -1.342 1 0 0 0 0 0 0 0 0 0 0 0 0 0 0 0 0 0 0 0 0 0 0 0 0 0 0 0 0 -10.709 0 -1.137 0 4 4 7 7 4 -0.048 31 0 0 0 0 31 31 0 0 31 31 31 31 0 0 31 0 0 0 0 31 31 31 31 31 0 31
328,SIPP_BigCS,"201,252,13","195,123,10",1,1557.310372,25511,138.65222,69.77865,13.4362,3.2999,121 -0.257 362 6 6 70 -111.704 237 -0.092 74 -8.569 165 338 -0.426 364 6 6 6 2 30 202 -1.250 338 -0.698 204 -0.273 204 -0.040 332 5 9 82 202 202 202 202 202 202 306 6 6 6 6 6 6 6 6 6 6 6 6 6 6 6 82 306
328,SIPP_Standard,"201,252,13","195,123,10",1,1608.770137,12474,22.62647,53.68005,10.2176,1.4711,30 -47.569 46 -50.028 26 81 -3.174 2 2 2 6 98 84 13 108 54 58 90 2 6 90
329,SIPP_2^2,"25,57,0","133,3,0",1,1984.418387,17698,6.61681,282.84271,62.83185,125.66371,1 1 1 1 1 1 1 1 1 1 1 1 1 1 1 1 1 1 1 1 1 1 1 1 1 1 2 2 1 1 1 1 -4.566 1 1 0 0 1 0 0 0 0 1 1 1 0 0 1 0 1 0 1 1 1 1 1 0 1 1 1 1 1 0 1 0 0 0 0 1 1 0 -6.038 1 0 1 0 0 0 0 0 0 1 1 1 1 1 1 1 1 1 0 1 1 1 1 1 1 1 1 1 1 1 1 1 1 1 1 1 1 1 1 1 1 1 1 1 1 1 1 1 1 0 0 0 -8.453 1 -9.950 1 -0.022 1 1 1 1 2 1 -17.427 1 1 1 1 1 0 1 1 0 0 1 1 -94.183 2 3 3 -12.887 0 -1.037 0 0 0 0 0 0 0 0 1 1 1 0 -45.710 0 -4.183 0 -18.365 0 0 0 0 -1.597 0 0 0 0 0 0 0 0 0 0 0 3
329,SIPP_2^3,"25,57,0","133,3,0",1,1506.6048099999994,6977,4.49196,162.91721,32.20133,64.40265,2 2 2 2 1 1 0 0 1 1 1 1 1 1 1 1 1 0 1 1 1 1 1 1 2 2 2 1 2 2 1 2 2 2 2 2 1 2 2 2 2 1 2 1 2 1 2 2 2 2 1 1 1 2 -44.379 2 -7.993 3 2 2 2 2 2 2 2 2 3 2 3 3 2 -6.146 2 2 1 1 1 1 1 1 -1.351 1 -7.885 0 -0.029 0 1 2 2 2 1 2 2 2 2 2 2 2 2 2 2 2 2 2 2 2 2 1 1 1 2 2 1 1 2 2 2 1 1 0 1 0 0 0 0 0 0 0 0 7
329,SIPP_2^4,"25,57,0","133,3,0",1,1492.639615,6999,11.83915,90.05625,17.95029,35.90058,4 4 4 4 2 2 2 1 1 1 2 2 2 2 2 2 2 3 4 4 3 4 3 3 4 3 3 3 3 3 3 3 3 4 3 4 4 4 -72.883 4 -7.993 6 4 4 4 4 5 5 5 5 4 4 2 3 2 2 2 2 2 -0.191 0 -9.956 0 -0.029 0 3 4 -2.068 3 4 4 4 4 4 4 4 4 4 4 4 4 3 3 4 3 3 4 3 4 4 2 2 1 0 0 0 0 0 0 0 15
329,SIPP_2^5,"25,57,0","133,3,0",1,1486.6243020000002,6973,29.43358,51.05619,10.14132,20.28264,8 8 8 8 4 4 3 3 3 4 4 4 4 -0.349 4 7 7 7 7 7 6 6 6 6 7 7 7 6 -89.031 9 9 8 9 9 9 -1.463 5 4 4 4 4 4 -3.387 0 -9.956 0 -0.029 0 7 -2.694 7 8 8 8 8 8 8 7 7 7 8 7 7 8 8 8 4 4 1 0 0 0 0 0 31
329,SIPP_BigCS,"25,57,15","133,3,14",0,-1,25715,180.11886,0.0,0.0,0.0,
329,SIPP_Standard,"25,57,15","133,3,14",1,1509.770067,37038,88.11903,49.35651,9.484,1.31,-16.276 13 68 29 53 89 1 -6.406 9 -68.022 41 95 -2.036 9 -10.736 49 -4.293 84 1 1 9 37 6
330,SIPP_2^2,"212,110,0","195,226,0",0,-1,0,0.0,0.0,0.0,0.0,
330,SIPP_2^3,"212,110,0","195,226,0",0,-1,0,0.0,0.0,0.0,0.0,
330,SIPP_2^4,"212,110,0","195,226,0",0,-1,0,0.0,0.0,0.0,0.0,
330,SIPP_2^5,"212,110,0","195,226,0",0,-1,0,0.0,0.0,0.0,0.0,
330,SIPP_BigCS,"212,110,0","195,226,0",0,-1,0,0.0,0.0,0.0,0.0,
330,SIPP_Standard,"212,110,14","195,226,5",0,-1,0,2e-05,0.0,0.0,0.0,
331,SIPP_2^2,"7,154,0","89,239,0",1,1670.0,6278,1.93605,282.84271,62.83185,125.66371,2 2 2 2 2 2 2 2 2 2 2 2 2 2 2 2 2 2 2 2 2 2 2 1 2 1 2 2 2 2 2 2 2 2 2 2 2 2 2 2 2 2 2 2 2 2 2 2 2 2 2 2 2 2 2 2 2 2 1 2 2 1 1 1 1 2 1 1 1 1 1 1 1 1 2 1 1 1 1 1 1 2 1 1 1 1 1 2 2 2 2 2 2 2 1 2 2 1 2 1 1 1 1 2 2 2 2 1 1 1 1 1 1 1 1 1 2 1 1 2 1 1 1 1 2 1 2 1 2 1 1 2 1 1 1 1 2 1 1 1 1 1 1 1 1 1 1 1 1 1 2 1 1 1 1 1 1 1 1 1 1 2 1 1 1 1 2
331,SIPP_2^3,"7,154,0","89,239,0",1,1341.9596159999996,2550,1.49474,159.34152,31.41593,62.83185,3 4 3 4 4 4 4 3 4 4 4 4 4 4 4 4 4 4 4 4 3 3 4 4 4 3 3 4 4 4 4 3 3 3 3 3 4 4 3 4 3 3 3 3 3 3 3 3 4 3 3 4 3 3 3 2 2 2 2 2 2 2 2 2 2 2 2 2 2 3 2 3 3 3 2 3 2 3 3 3 2 2 3 2 2 3 3 2 3 2 3 3 3 3 3 3 3 3 3 3 2 3 3 3 2 3 3 3 3 2 3
331,SIPP_2^4,"7,154,0","89,239,0",1,1260.0126399999997,1375,2.22872,21.13531,4.21079,8.42157,8 8 8 7 7 7 7 7 7 7 8 7 7 7 7 7 7 7 7 7 7 7 7 7 7 8 8 8 7 6 6 6 5 4 4 5 5 5 5 5 5 5 5 5 5 5 5 5 5 5 5 5 5 5 5 5 5 5 6 6 6 6 6 6 6
331,SIPP_2^5,"7,154,0","89,239,0",1,1249.7930890000002,1205,4.61487,16.6469,3.32356,6.64713,15 15 14 14 15 14 15 15 14 14 14 14 14 14 15 14 14 14 14 14 15 13 12 12 9 9 10 10 10 10 10 10 11 10 10 11 10 11 11 10 11 11 10 10 10 10 10 11
331,SIPP_BigCS,"7,154,3","89,239,1",1,1245.0,6654,37.72835,26.56789,4.2819,0.7874,80 200 200 200 200 200 200 200 200 200 200 200 200 200 200 200 200 200 304 88 100 100 160 73 176 199 207 207 207 207 207 207 207 207 207 207 207 207 223 176
331,SIPP_Standard,"7,154,3","89,239,1",1,1267.0,1392,2.3493,27.18264,4.3888,0.4714,44 4 56 88 8 52 64 48 63 63 63 63 63 63 79
332,SIPP_2^2,"133,151,0","193,50,0",1,1825.35742,13175,4.68524,233.34524,51.83628,103.67256,1 1 1 1 1 1 1 0 0 1 1 1 1 1 1 1 1 1 1 1 1 0 0 1 1 1 1 1 1 1 1 1 1 1 1 1 1 1 1 1 1 1 1 0 0 0 0 0 0 1 0 0 0 0 0 1 1 1 1 0 1 1 1 0 0 1 1 1 0 0 0 0 0 0 1 0 1 0 1 0 0 0 1 1 1 0 0 0 1 1 0 1 0 -3.486 0 -1.109 0 -0.370 0 -0.093 0 -0.020 0 0 0 0 0 -0.017 0 -0.310 0 -1.078 0 -2.366 0 0 0 0 0 0 0 0 0 0 0 0 0 0 0 0 0 0 0 0 0 0 0 0 0 0 0 0 -99.156 0 -0.012 1 -0.012 1 -30.049 0 -0.012 1 -24.503 0 -0.370 0 -0.093 0 -0.020 0 0 0 0 0 -0.017 3 -0.310 0 -1.078 0 -2.663 3 -3.886 0 0 0 -4.325 0 0 0 0 0 0 0 0 0 0 0 0
332,SIPP_2^3,"133,151,0","193,50,0",1,1334.6803920000002,3352,2.15947,71.6972,14.13717,28.27434,1 1 1 1 1 1 1 1 1 1 1 1 1 1 1 1 1 1 1 1 1 1 1 1 1 1 1 1 1 1 2 1 1 1 1 2 2 1 2 2 2 1 1 2 1 2 2 1 1 2 1 2 2 2 1 1 1 0 0 1 1 0 0 0 0 0 0 0 0 0 0 0 0 0 0 0 0 0 0 0 0 0 0 0 0 0 0 0 0 0 0 0 0 0 0 0 0 0 0 0 0 0 0 0 0 0 0 0 0 0 0 0 0 1
332,SIPP_2^4,"133,151,0","193,50,0",1,1306.177096,3129,5.31342,24.68,4.9302,9.8604,2 2 2 2 2 2 2 2 2 2 2 2 2 2 3 2 2 2 3 2 2 2 2 2 2 2 2 2 3 2 3 3 2 2 3 3 3 3 3 3 3 3 2 2 1 1 0 0 0 0 0 0 0 0 0 0 0 0 0 0 0 0 0 0 0 0 0 0 0 0 0 1 0 0 0 0 0 0 0 0 0 0 0 0 0 0 0 0 0 0 0 0 0 0 0 0 0 0
332,SIPP_2^5,"133,151,0","193,50,0",1,1302.4647750000001,3087,13.592,15.23126,3.03765,6.07531,4 4 4 4 4 4 4 4 4 4 4 4 4 4 4 4 4 4 4 5 4 5 5 4 4 4 4 6 6 6 5 6 6 6 5 6 6 4 4 2 1 0 0 0 0 0 0 0 0 0 0 0 0 0 0 0 0 0 0 0 0 0 0 0 0 0 0 0 0 0 0 0 0 0 0 0 0 0 0 0 0 0 0 0 0 0 0 0 0 0 1
332,SIPP_BigCS,"133,151,1","193,50,6",0,-1,23573,180.06405,0.0,0.0,0.0,
332,SIPP_Standard,"133,151,1","193,50,6",1,1313.0,14498,38.04934,17.38828,3.0802,0.2644,68 53 65 29 29 53 57 57 73 92 2 2 2 2 2 6
333,SIPP_2^2,"207,250,0","171,132,0",0,-1,0,0.0,0.0,0.0,0.0,
333,SIPP_2^3,"207,250,0","171,132,0",0,-1,0,0.0,0.0,0.0,0.0,
333,SIPP_2^4,"207,250,0","171,132,0",0,-1,0,0.0,0.0,0.0,0.0,
333,SIPP_2^5,"207,250,0","171,132,0",0,-1,0,0.0,0.0,0.0,0.0,
333,SIPP_BigCS,"207,250,0","171,132,0",0,-1,0,0.0,0.0,0.0,0.0,
333,SIPP_Standard,"207,250,1","171,132,9",0,-1,0,2e-05,0.0,0.0,0.0,
334,SIPP_2^2,"248,25,0","224,148,0",1,1716.029362,4038,1.37724,367.69553,81.68141,163.36282,2 2 2 2 2 2 3 2 2 2 3 3 3 2 3 3 2 2 2 2 2 2 2 2 1 1 1 1 1 1 1 1 2 1 2 2 2 2 2 1 2 -7.583 2 -0.534 2 -0.151 2 -0.060 2 -0.420 2 2 2 2 2 2 2 2 2 2 2 2 2 2 2 2 2 -3.084 2 -0.084 2 2 2 2 3 2 3 2 -5.220 3 -2.976 2 -3.920 3 2 2 2 2 2 2 2 2 2 3 2 3 2 2 -1.997 2 2 3 2 2 2 2 2 2 2 2 2 2 2 2 2 2 2 2 2 2 2 2 2 2 2 2 2 1 2 2 2 2 2 3 2 2 2 3 2 3 3 3 3 3 2 2 3 2 2 2 3 2 2 2 2 2 3 2 2 2 3 2 2 2 3 3 3 2 3 2 3 2 3 3 3 3 3 2 3 2
334,SIPP_2^3,"248,25,0","224,148,0",1,1370.8326239999988,2014,1.23597,59.99107,11.78097,23.56195,4 4 4 4 5 5 4 4 5 5 5 4 4 4 4 4 4 4 4 4 4 4 4 4 4 4 4 4 4 4 4 4 4 4 4 4 4 4 4 4 4 4 4 4 4 4 4 4 4 3 3 4 4 4 4 3 3 4 3 4 4 4 4 4 4 4 4 4 4 4 4 4 4 4 4 4 4 4 4 4 4 4 4 4 4 4 4 4 4 4 4 5 4 4 4 4 4 4 5 5 5 5 5 5 5 5 5 5 5 5 5 5 5 5 5 5 5 5 5 5 4 4 5
334,SIPP_2^4,"248,25,0","224,148,0",1,1344.1107839999988,1902,3.07188,38.33367,7.63617,15.27234,8 9 9 9 9 9 8 8 8 8 8 8 8 8 7 8 8 8 8 8 8 8 8 8 7 8 8 8 8 8 8 8 8 8 8 8 8 8 7 7 7 8 8 8 8 8 8 8 8 8 8 8 8 8 8 8 8 8 8 8 8 8 8 8 8 8 8 8 8 8 8 8 8 8 8 8 8 8 8 8 8 8 9 9 8 9 8 10 10 10 10 10 10 10 10 10 10 10 10 10 10 10 9 10 10 10 9 10
334,SIPP_2^5,"248,25,0","224,148,0",1,1335.5465479999991,1852,7.76738,25.78978,5.14514,10.29027,18 17 18 18 17 16 16 16 16 16 16 16 16 16 16 16 16 16 15 16 16 16 16 15 15 16 16 16 16 16 16 16 16 16 16 16 16 16 15 16 15 16 16 16 16 16 16 16 16 16 16 16 16 16 16 16 16 16 16 16 16 16 16 16 16 16 16 16 16 17 17 16 16 16 16 17 17 20 20 20 20 20 20 20 20 20 20 20 20 20 20 20 20 20 19 20
334,SIPP_BigCS,"248,25,15","224,148,9",1,1336.0,15053,93.16935,19.95898,3.6717,0.3861,206 206 206 206 366 4 4 0 28 360 4 4 4 4 12 304 4 4 4 4 4 4 4 4 4 4 4 4 4 4 4 4 4 4 4 4 4 4 0 4 4 4 4 56 206 206 254 103 103 103 103 103 103 103 103 103 103 103 103 103 127
334,SIPP_Standard,"248,25,15","224,148,9",1,1374.844747,5685,11.54744,29.64936,5.722,0.7043,20 -8.845 39 0 0 0 0 8 44 0 0 0 0 20 55 67 51 78
335,SIPP_2^2,"58,102,0","146,30,0",0,-1,0,0.0,0.0,0.0,0.0,
335,SIPP_2^3,"58,102,0","146,30,0",0,-1,0,0.0,0.0,0.0,0.0,
335,SIPP_2^4,"58,102,0","146,30,0",0,-1,0,0.0,0.0,0.0,0.0,
335,SIPP_2^5,"58,102,0","146,30,0",0,-1,0,0.0,0.0,0.0,0.0,
335,SIPP_BigCS,"58,102,0","146,30,0",0,-1,0,0.0,0.0,0.0,0.0,
335,SIPP_Standard,"58,102,15","146,30,5",0,-1,0,2e-05,0.0,0.0,0.0,
336,SIPP_2^2,"105,54,0","78,177,0",1,1500.0,3893,1.44922,183.84776,40.8407,81.68141,2 2 3 3 3 2 2 3 3 2 2 2 2 2 2 2 2 2 2 2 2 2 2 2 2 2 2 2 2 2 2 2 2 2 2 2 2 2 2 2 2 2 2 2 2 2 2 2 2 2 2 2 2 2 2 2 2 2 2 2 2 2 2 2 2 2 2 2 2 2 2 2 2 2 2 2 3 2 2 2 2 3 2 2 2 2 2 2 2 3 2 3 2 3 3 3 3 2 2 2 2 2 2 2 2 2 3 2 2 3 3 2 2 2 3 2 2 2 2 2 2 2 2 2 2 2 2 2 2 2 2 2 2 2 2 2 3 3 3 3 3 2 3 3 3 3 2 2 3 2
336,SIPP_2^3,"105,54,0","78,177,0",1,1341.8376719999994,2563,1.62062,63.96367,12.56637,25.13274,5 5 4 4 5 4 4 4 4 4 5 5 4 4 4 4 4 4 4 4 4 4 4 4 4 4 4 4 4 4 4 4 4 4 4 4 4 4 4 4 4 4 4 4 4 4 4 4 4 4 4 4 4 4 4 4 4 4 4 4 4 4 4 4 4 5 5 5 5 4 4 4 4 4 4 4 4 4 4 4 4 4 4 4 4 4 4 4 4 4 4 4 4 4 4 5 5 5 5 4 4 4 5 5 5 5 5 4 5 5 5 4 4 4 5 4 4 4 5 5 5 5 5
336,SIPP_2^4,"105,54,0","78,177,0",1,1302.6456399999997,2107,3.49675,34.09045,6.81282,13.62563,9 8 9 9 9 8 9 8 8 8 8 8 8 8 8 8 8 8 8 8 8 8 8 8 8 8 8 8 8 8 8 8 8 8 8 8 8 8 8 8 8 8 8 8 8 8 8 8 8 8 8 8 8 8 8 8 8 8 8 9 9 9 9 9 9 8 8 8 8 8 8 8 8 8 8 8 9 9 9 9 9 9 8 8 8 8 8 8 8 9 8 9 9 9 8 9 10 10 10 10 10
336,SIPP_2^5,"105,54,0","78,177,0",1,1287.8875799999998,1783,7.44745,10.22205,2.03444,4.06889,17 17 17 17 17 17 17 17 17 17 17 17 16 16 16 16 16 17 18 18 17 17 17 16 16 16 16 16 16 16 16 16 16 16 16 16 16 16 16 16 16 16 16 16 16 16 16 16 16 16 16 16 16 16 16 16 16 16 16 16 16 16 16 16 16 16 16 16 16 16 16 16 17 17 17 17 20 20 20 20 20
336,SIPP_BigCS,"105,54,6","78,177,6",1,1295.0,12416,88.70384,19.90452,3.5651,0.3967,206 310 4 56 310 0 0 4 4 4 4 4 0 4 4 4 4 4 0 84 206 206 206 206 206 206 206 310 4 4 4 4 4 4 0 4 84 206 206 206 358
336,SIPP_Standard,"105,54,6","78,177,6",1,1314.613924,6240,14.91799,23.39483,4.2366,0.4741,39 16 94 16 62 -1.614 62 94 0 0 0 0 0 0 0 20 55
337,SIPP_2^2,"126,146,0","234,195,0",0,-1,0,0.0,0.0,0.0,0.0,
337,SIPP_2^3,"126,146,0","234,195,0",0,-1,0,0.0,0.0,0.0,0.0,
337,SIPP_2^4,"126,146,0","234,195,0",0,-1,0,0.0,0.0,0.0,0.0,
337,SIPP_2^5,"126,146,0","234,195,0",0,-1,0,0.0,0.0,0.0,0.0,
337,SIPP_BigCS,"126,146,0","234,195,0",0,-1,0,0.0,0.0,0.0,0.0,
337,SIPP_Standard,"126,146,2","234,195,11",0,-1,0,4e-05,0.0,0.0,0.0,
338,SIPP_2^2,"167,107,0","139,22,0",1,1956.137088,15915,5.57274,205.06097,45.55309,91.10619,3 3 3 3 3 3 3 3 3 3 3 3 3 3 3 3 3 3 3 3 3 3 3 3 3 3 3 3 3 3 3 3 3 3 3 3 3 3 3 3 3 3 3 3 3 3 3 3 3 3 3 0 3 0 0 0 3 3 0 3 0 0 0 3 0 3 0 0 0 0 0 0 0 0 0 0 0 0 0 0 0 0 0 -2.187 0 -1.804 0 1 -58.529 0 0 -3.617 0 0 0 0 0 0 0 0 0 0 0 0 0 0 0 0 0 0 0 0 0 0 0 0 0 0 0 0 0 0 0 0 0 0 0 0 0 3 3 0 3 0 0 0 3 0 0 0 0 0 0 3 3 3 0 3 0 0 0 1 0 0 0 0 1 0 1 1 1 1 1 1 1 1 1 1 1 1 1 1 1 1 1 1 1 1 1 1 1 1 1 1 1 1 1 1 1 1 1 1 2
338,SIPP_2^3,"167,107,0","139,22,0",1,1542.9646639999996,7694,4.9686,102.40392,20.42035,40.84071,3 2 2 3 3 2 2 2 2 2 2 2 2 2 2 2 2 2 2 1 2 1 1 1 1 1 1 1 1 1 0 0 0 0 0 0 0 0 1 0 0 0 0 0 0 0 0 1 0 0 0 0 0 0 0 0 0 0 0 0 0 0 0 0 0 0 0 0 0 0 0 0 0 0 7 7 7 7 7 7 7 7 7 7 7 7 7 7 7 7 7 7 7 7 7 7 7 7 7 7 6 7 7 6 6 7 6 6 6 6 6 6 6 7 6 6 6 6 6 6 6 6 6 6 7 6 7 6 7 6 6 6 6 7
338,SIPP_2^4,"167,107,0","139,22,0",1,1464.6901120000005,5956,9.96378,64.80107,12.87819,25.75639,4 5 5 5 4 4 4 4 4 4 4 4 4 3 4 4 4 2 2 1 1 1 1 1 0 0 0 0 0 0 0 0 0 0 0 0 1 1 1 0 0 0 0 0 0 0 0 0 0 0 0 0 15 0 0 0 15 0 15 15 15 15 14 14 14 14 14 14 14 14 14 14 13 13 13 13 13 13 12 13 13 12 13 12 13 13 13 13 13 12 13 13 12 12 13 12 13
338,SIPP_2^5,"167,107,0","139,22,0",1,1446.8237370000008,5500,23.13988,43.81541,8.70536,17.41073,9 10 9 8 8 8 8 8 8 8 8 8 7 8 4 4 2 1 1 1 1 0 1 0 1 0 0 0 1 0 31 31 31 31 0 0 0 31 31 0 0 0 0 0 0 0 28 28 28 28 28 28 28 28 27 27 26 25 26 25 26 26 25 26 25 26 26 25 25 26 26 25
338,SIPP_BigCS,"167,107,13","139,22,9",0,-1,26674,180.14012,0.0,0.0,0.0,
338,SIPP_Standard,"167,107,13","139,22,9",1,1498.0,35031,88.34245,48.17012,8.8934,1.1559,36 1 9 49 92 18 100 90 2 10 54 74 61 61 61 93 23 38
339,SIPP_2^2,"106,209,0","235,207,0",0,-1,0,0.0,0.0,0.0,0.0,
339,SIPP_2^3,"106,209,0","235,207,0",0,-1,0,0.0,0.0,0.0,0.0,
339,SIPP_2^4,"106,209,0","235,207,0",0,-1,0,0.0,0.0,0.0,0.0,
339,SIPP_2^5,"106,209,0","235,207,0",0,-1,0,0.0,0.0,0.0,0.0,
339,SIPP_BigCS,"106,209,0","235,207,0",0,-1,0,0.0,0.0,0.0,0.0,
339,SIPP_Standard,"106,209,10","235,207,0",0,-1,92834,180.00146,0.0,0.0,0.0,
340,SIPP_2^2,"0,8,0","113,1,0",0,-1,0,0.0,0.0,0.0,0.0,
340,SIPP_2^3,"0,8,0","113,1,0",0,-1,0,0.0,0.0,0.0,0.0,
340,SIPP_2^4,"0,8,0","113,1,0",0,-1,0,0.0,0.0,0.0,0.0,
340,SIPP_2^5,"0,8,0","113,1,0",0,-1,0,0.0,0.0,0.0,0.0,
340,SIPP_BigCS,"0,8,0","113,1,0",0,-1,0,0.0,0.0,0.0,0.0,
340,SIPP_Standard,"0,8,13","113,1,13",0,-1,0,3e-05,0.0,0.0,0.0,
341,SIPP_2^2,"163,204,0","151,95,0",1,1510.0,2575,1.0787,98.99495,21.99115,43.9823,0 3 3 3 3 3 3 3 3 3 3 3 3 3 3 3 3 3 3 3 3 3 3 3 3 3 3 0 3 0 0 0 0 0 0 0 0 0 0 0 0 0 0 0 0 0 0 0 0 0 0 0 0 0 0 0 0 0 0 0 0 0 0 0 0 0 0 0 0 0 0 0 0 0 0 0 0 0 0 0 0 0 0 0 0 0 0 0 0 0 0 0 0 0 0 0 0 0 0 0 0 0 0 0 0 0 0 0 0 0 0 0 0 0 0 0 0 0 0 0 0 0 0 0 0 0 0 0 1 1 1 1 1 1 1 1 1 0 1 0 1 1 1 0 0 0 1 0 0 1 0
341,SIPP_2^3,"163,204,0","151,95,0",1,1404.558447999999,1896,1.2238,50.99681,10.21018,20.42035,6 6 6 6 6 6 6 6 6 6 6 6 6 6 6 6 6 6 6 6 6 6 6 6 7 7 7 0 0 0 0 0 0 0 0 0 0 0 0 0 0 0 0 0 0 0 0 0 0 0 0 0 0 0 0 0 0 0 0 0 0 0 0 0 0 0 0 0 0 0 0 0 0 0 0 0 0 0 0 0 0 0 0 0 0 0 0 0 0 0 0 0 0 0 0 0 0 0 0 0 0 1 1 1 1 1 1 1 1 0 1 0 0 0 0 0 0 0 1 0 0 0 0 0 1 1 0 0 0 1 0 1 1
341,SIPP_2^4,"163,204,0","151,95,0",1,1397.50497,2273,3.84263,40.61646,8.06186,16.12373,12 12 12 12 12 12 12 12 12 12 12 12 12 12 12 13 12 12 12 12 12 12 12 12 14 14 0 0 0 0 0 0 0 0 0 0 0 0 0 0 0 0 0 0 0 1 1 1 1 1 1 1 1 1 1 0 0 0 0 0 0 1 0 0 0 0 0 0 0 0 0 0 0 0 0 0 0 0 0 0 0 0 0 0 0 1 0 0 0 0 0 0 0 1 0 0 0 0 0 0 0 0 0 0 1 1 1 0 0 0 0 0 -10.797 0 -0.582 15 -5.349 0
341,SIPP_2^5,"163,204,0","151,95,0",1,1397.50497,2423,10.36461,26.61909,5.32081,10.64161,24 24 24 24 24 24 24 24 24 24 24 24 24 24 24 24 24 24 24 24 24 24 25 28 28 0 0 0 0 0 0 0 0 0 0 0 0 0 0 0 0 0 0 1 1 1 1 1 1 1 1 1 1 1 1 0 0 0 0 0 1 0 0 0 1 1 1 0 0 0 0 0 1 0 0 0 0 0 0 0 0 0 0 0 0 0 0 0 0 0 0 0 0 -18.120 29 -5.835 0
341,SIPP_BigCS,"163,204,1","151,95,9",1,1397.390756,17742,128.64184,24.98538,4.769,0.9816,7 7 3 7 3 59 333 6 6 6 6 6 6 2 2 6 6 6 6 6 6 6 6 58 204 204 204 204 204 308 6 6 6 6 6 6 6 6 6 6 6 6 6 6 6 6 6 6 6 2 6 6 6 6 6 6 6 6 6 6 86 324 -15.391 233
341,SIPP_Standard,"163,204,1","151,95,9",1,1402.2424899999999,1031,2.69647,31.0357,5.8451,0.7477,91 3 23 46 2 2 18 60 92 2 2 2 2 22 37 2 -1.242 22
342,SIPP_2^2,"251,42,0","155,102,0",1,1740.0,6233,2.22084,219.2031,48.69469,97.38937,2 2 2 2 2 2 3 2 3 3 3 3 3 2 2 2 2 2 2 3 3 3 3 2 3 3 3 3 3 3 3 3 3 3 3 3 3 3 3 3 3 3 3 3 3 3 3 3 3 3 3 3 3 0 3 3 3 3 3 3 3 3 3 3 3 3 2 2 2 2 2 2 2 2 2 2 2 2 2 2 2 2 2 2 2 2 2 2 2 2 2 2 2 2 2 2 2 2 2 3 2 2 3 2 3 2 2 2 2 2 2 2 2 3 2 2 2 2 2 2 2 3 3 3 3 3 3 2 2 3 2 3 3 3 3 3 3 3 3 3 3 3 2 3 3 3 3 3 0 3 3 3 3 3 3 3 3 3 3 3 3 3 3 3 0 0 3 3 0 0 0 0 0 3
342,SIPP_2^3,"251,42,0","155,102,0",1,1569.4435879999992,5377,3.27528,171.04891,33.77212,67.54424,4 4 4 4 4 5 5 5 6 6 6 5 5 4 5 5 5 6 6 6 6 6 5 5 6 6 -0.327 6 6 6 6 7 6 6 6 6 6 6 7 6 7 6 6 6 6 6 6 6 6 6 6 6 6 6 6 6 5 5 4 4 4 4 4 4 4 4 4 4 4 4 4 4 4 4 5 4 4 4 4 4 4 4 4 4 4 4 4 4 4 4 4 4 5 5 5 5 4 5 4 4 5 4 5 4 5 4 5 4 5 5 6 5 6 6 6 6 6 6 6 6 6 6 6 6 6 6 7 6 7 7 7 7 6 6 6 6 7 6 6 7 6 6 7
342,SIPP_2^4,"251,42,0","155,102,0",1,1529.3018559999998,4941,7.79315,83.48061,16.66329,33.32657,8 8 8 8 8 10 10 11 12 12 10 10 9 10 10 11 12 12 11 11 12 13 12 12 12 12 12 12 12 12 13 12 12 12 13 12 13 12 12 12 12 12 12 12 12 12 10 10 8 8 8 8 8 8 8 8 8 8 8 8 8 8 9 9 8 8 8 8 8 8 8 8 8 8 9 9 9 8 8 8 9 8 8 8 8 9 9 9 10 10 10 12 12 11 12 12 12 12 12 12 12 12 12 12 13 13 12 12 12 13 13 13 13 13 13
342,SIPP_2^5,"251,42,0","155,102,0",1,1515.5338310000002,4793,18.78415,55.12195,11.03353,22.06706,16 16 16 16 16 20 20 24 23 20 20 18 20 20 23 23 23 25 25 25 25 24 24 24 24 24 24 24 24 24 24 24 24 24 24 24 24 24 20 20 17 17 16 16 16 16 16 16 17 16 16 17 16 16 16 16 16 16 16 16 16 17 16 16 16 16 16 16 16 17 -0.118 17 18 19 20 20 23 24 24 24 24 24 24 24 24 24 24 25 -0.276 28 25 25 25 26 26 25
342,SIPP_BigCS,"251,42,9","155,102,13",0,-1,29338,180.07281,0.0,0.0,0.0,
342,SIPP_Standard,"251,42,9","155,102,13",1,1641.0,27875,53.30644,60.89993,11.7474,1.6483,0 20 47 23 34 107 38 7 67 39 0 0 0 0 20 47 7 107 50 93
343,SIPP_2^2,"236,167,0","198,45,0",1,1925.35742,8826,2.88214,190.91883,42.4115,84.823,3 3 3 3 3 3 3 3 3 3 3 0 0 0 0 0 0 3 3 3 3 0 3 0 0 0 0 3 0 0 0 0 3 3 3 3 3 3 0 0 0 0 0 0 0 0 0 0 0 0 0 0 0 0 0 0 3 0 3 0 0 0 0 0 0 3 3 0 3 3 3 3 3 3 3 3 3 3 0 0 0 0 0 0 0 0 0 0 0 0 0 0 0 0 0 0 0 0 0 0 0 0 0 0 0 0 0 0 0 0 0 0 0 0 0 0 0 0 0 0 0 0 0 0 0 0 0 3 3 3 3 3 3 -201.486 0 -1.109 0 -0.370 0 -0.093 0 -0.020 0 0 0 0 0 -0.017 0 -0.310 0 -13.741 0 -3.886 0 0 0 -4.325 0 0 0 0 1 1 0 1 0 0 0 0 1 0 0 0 0 0 0 0 1 0
343,SIPP_2^3,"236,167,0","198,45,0",1,1464.378283,2597,1.53992,47.30191,9.42478,18.84956,6 6 6 6 7 7 7 6 6 7 7 7 7 7 7 6 7 7 7 7 7 7 7 7 7 7 7 7 7 7 7 7 7 0 0 0 0 0 0 0 0 0 0 0 0 0 0 0 0 0 0 0 0 0 7 7 7 0 -42.259 0 -3.714 0 0 7 0 0 0 0 7 0 0 0 0 0 0 0 0 0 0 0 0 0 0 0 0 0 0 0 0 0 0 0 0 0 0 0 0 0 0 0 0 0 0 0 0 0 0 0 0 0 0 0 0 0 0 0 0 0 0 0 0 0 0 0 0 0 0 0 0 0 0
343,SIPP_2^4,"236,167,0","198,45,0",1,1376.6905920000002,1846,2.84388,31.67993,6.32114,12.64228,14 14 14 14 14 14 14 14 14 14 14 14 14 14 14 14 14 14 14 14 14 15 15 15 14 15 15 15 15 14 15 14 15 15 15 14 14 15 14 15 15 15 0 0 0 0 0 0 0 0 0 0 0 0 0 0 0 0 0 0 0 0 0 0 0 0 0 0 0 0 0 0 0 0 0 0 0 0 0 0 0 0 0 0 0 0 0 0 0 1 0 0 0 1 1 0 0 0 0 0 0 0 1
343,SIPP_2^5,"236,167,0","198,45,0",1,1365.2362710000004,1746,6.8007,25.59918,5.11424,10.22847,28 28 28 28 28 28 29 28 29 29 29 29 29 29 29 29 29 29 29 29 29 28 28 28 29 31 0 31 31 0 0 0 0 0 0 0 0 0 0 0 0 0 0 0 0 0 0 0 0 0 0 1 0 0 1 0 0 0 0 0 0 0 0 0 1 0 0 0 0 0 0 1 0 0 0 1
343,SIPP_BigCS,"236,167,4","198,45,5",1,1366.0,13604,87.20862,21.11457,3.7267,0.3844,250 102 102 102 102 102 102 102 102 102 154 202 202 202 202 202 202 202 202 202 202 218 102 102 102 102 154 202 202 314 364 2 6 2 6 6 6 6 6 6 6 6 6 6 6 6 6 6 6 6 6 6 6 58 308
343,SIPP_Standard,"236,167,4","198,45,5",1,1372.0,3425,7.35832,19.94191,3.8558,0.314,30 54 66 54 66 54 66 30 46 2 2 2 2 2 2 18 92
344,SIPP_2^2,"210,13,0","80,12,0",1,1756.382126,5537,2.39861,219.2031,48.69469,97.38937,0 0 3 0 0 0 3 0 3 3 0 3 3 3 3 3 3 3 0 0 0 3 3 3 3 3 3 3 3 3 3 3 3 3 3 3 3 3 3 3 3 3 3 3 3 3 3 3 3 3 3 0 3 3 -8.574 3 3 3 3 3 3 3 3 3 3 3 3 3 3 3 3 3 3 3 3 3 3 3 3 3 3 3 3 3 3 3 3 3 3 3 3 3 3 3 3 3 3 3 3 3 3 3 3 3 3 3 3 2 2 3 3 2 3 3 2 2 2 3 2 2 2 2 3 2 3 0 -0.517 0 0 0 0 0 0 0 0 0 0 3 3 -17.291 3 3 3 3 3 3 3 3 3 3 3 3 3 3 3 3 2 2 3 3 2 2 2 2 2 2 3 3 3 3 3 2 3 3 2 3
344,SIPP_2^3,"210,13,0","80,12,0",1,1633.0928059999997,4333,2.58329,163.85046,32.20132,64.40265,0 0 0 7 7 7 6 7 6 6 6 6 6 6 6 6 6 6 6 6 6 6 6 6 6 6 6 6 6 6 6 6 6 7 7 6 6 7 6 6 6 7 6 6 6 6 7 -22.414 6 6 6 6 6 6 6 6 6 6 6 6 6 6 6 6 6 6 6 6 6 6 6 6 6 6 6 6 6 6 6 6 6 6 6 6 6 6 6 6 6 6 6 5 6 5 6 6 5 5 6 6 5 5 5 5 6 5 5 5 5 7 -3.418 7 0 7 7 7 0 7 0 0 7 6 6 6 6 6 6 6 6 6 6 7 -36.428 6 6 5 4 5 4 5 4 4 5 4 4 5
344,SIPP_2^4,"210,13,0","80,12,0",1,1511.8914059999993,2376,3.54526,78.42205,15.27234,30.54469,0 15 0 14 14 13 12 13 13 13 12 12 12 12 12 12 12 12 12 12 12 12 12 12 12 12 12 12 12 12 12 12 12 12 12 12 12 13 12 13 -34.885 12 12 12 12 12 12 12 12 12 12 12 12 12 12 12 12 12 11 12 11 12 12 12 12 12 12 12 12 12 12 12 12 12 12 12 12 12 11 12 11 11 11 11 12 12 11 11 11 11 11 13 14 14 14 15 15 14 13 10 10 10 10 10 10 10 10 11 11 12 12 0
344,SIPP_2^5,"210,13,0","80,12,0",1,1484.4414389999997,2004,7.11961,55.18079,11.03772,22.07543,31 0 28 28 25 24 24 24 24 24 24 24 24 24 24 24 24 24 25 25 24 24 24 25 24 24 24 24 24 25 25 24 24 -39.779 23 24 24 24 24 24 24 24 24 24 24 24 24 24 24 24 24 24 24 24 24 24 24 24 24 24 24 24 24 24 24 24 23 24 23 23 22 22 22 23 23 22 22 22 26 28 28 28 29 26 26 -0.371 22 20 20 20 21 21 20 28
344,SIPP_BigCS,"210,13,8","80,12,1",0,-1,34452,180.05902,0.0,0.0,0.0,
344,SIPP_Standard,"210,13,8","80,12,1",1,1913.226401,35304,62.81426,84.09726,16.1168,2.4254,14 109 51 86 11 51 -91.238 86 -45.614 7 107 50 69 42 100 82 -22.697 7 -14.678 99 93 3 11 55 75
345,SIPP_2^2,"244,156,0","110,164,0",1,1594.284743,5194,1.77498,183.84776,40.8407,81.68141,3 3 3 3 2 2 3 2 3 3 3 3 2 2 3 3 3 3 3 3 3 3 3 3 3 3 3 3 3 3 3 3 3 3 3 3 3 3 3 3 3 3 3 3 3 3 3 3 3 3 3 3 0 3 3 3 3 3 0 0 3 3 3 0 0 0 3 3 3 3 3 3 3 3 3 3 3 3 3 3 3 3 3 3 3 3 3 3 3 3 3 3 3 3 3 3 3 3 3 3 3 3 3 3 3 3 3 3 3 3 3 3 3 3 3 3 3 0 3 3 0 3 3 3 2 2 2 2 2 2 3 3 3 3 2 3 2 2 3 3 2 3 3 3 3 3 3 3 3 3 3 2 3 -14.285 3 3 3 3 3
345,SIPP_2^3,"244,156,0","110,164,0",1,1422.8427199999996,3064,1.87175,107.31333,21.20575,42.4115,6 5 5 6 6 6 6 6 6 5 5 6 6 6 6 6 6 6 6 6 6 6 6 6 6 6 6 7 7 6 6 6 6 6 6 6 6 6 6 6 6 6 6 6 6 6 6 6 6 7 7 6 7 6 6 6 7 6 6 6 6 6 6 6 6 6 6 6 6 6 6 6 6 6 6 6 6 6 6 6 6 6 6 6 6 6 5 6 6 6 6 6 6 6 6 6 6 5 6 5 6 6 6 6 6 6 6 6 6 6 6 6 5 5 6 6 6 6 6 6 6 5 6 5 5 6 5 6 6 6 6 6 6 5
345,SIPP_2^4,"244,156,0","110,164,0",1,1387.2136,2244,3.65548,53.54092,10.6639,21.32779,12 11 11 12 12 12 11 11 12 12 12 12 12 12 12 12 12 12 12 12 12 12 12 12 12 12 12 12 12 12 12 12 12 12 12 12 12 12 12 12 12 12 12 12 12 12 12 12 12 12 11 12 12 11 11 12 13 13 13 13 12 12 12 12 12 12 12 12 12 12 12 12 12 12 12 12 12 12 12 12 12 12 12 12 12 12 12 12 12 12 13 12 12 12 13 12 12 12 12 12 12 12 12 11 12 11 11 12 11 11 12 11 12 11
345,SIPP_2^5,"244,156,0","110,164,0",1,1372.4555400000006,1871,7.78684,12.9262,2.574,5.14801,23 23 23 23 24 24 24 24 24 24 24 24 24 24 24 24 24 24 24 24 24 24 24 24 24 24 24 24 24 24 24 24 24 24 24 24 24 24 24 24 23 23 23 24 24 24 24 24 25 25 25 25 25 25 24 24 24 24 24 24 24 24 24 24 24 24 24 24 24 24 24 24 24 24 24 24 24 24 24 24 24 23 23 23 23 23 23 24 24 24 24 24 24 23
345,SIPP_BigCS,"244,156,10","110,164,14",1,1378.0,11756,79.73355,27.55933,5.2716,0.7694,203 203 307 7 3 7 3 3 3 3 31 203 379 309 7 7 7 7 7 7 3 7 7 7 7 7 7 7 7 7 7 7 7 7 87 381 307 7 7 7 7 7 83 307
345,SIPP_Standard,"244,156,10","110,164,14",1,1401.0,5222,12.65103,35.90206,6.9078,0.9522,11 55 91 3 3 3 3 19 93 3 3 3 19 101 91 7 99
346,SIPP_2^2,"2,156,0","133,177,0",1,1720.0,4545,1.55958,275.77164,61.26106,122.52211,1 1 1 1 1 1 1 1 1 1 1 1 1 0 0 1 0 0 1 1 1 1 0 0 0 1 1 1 0 1 0 1 1 1 1 1 1 1 1 1 1 1 1 1 1 1 1 1 1 1 1 1 1 1 1 1 2 1 2 1 1 1 1 1 1 1 1 1 1 1 1 1 1 1 1 1 1 1 1 1 1 1 1 1 1 1 1 0 1 1 1 1 1 1 1 1 1 1 1 1 1 1 1 1 1 1 1 2 1 2 2 1 1 1 1 1 2 1 2 2 2 2 2 2 2 2 2 2 1 1 2 2 2 1 2 1 2 2 2 1 2 2 2 1 1 1 1 2 1 1 1 1 1 1 1 1 1 1 1 2 2 1 1 1 1 2 1 1 1 1 1 2
346,SIPP_2^3,"2,156,0","133,177,0",1,1530.1219440000002,2489,1.47309,115.41537,22.77655,45.55309,2 2 2 2 1 1 1 2 2 2 1 2 2 1 1 2 2 1 1 2 1 2 2 2 2 2 2 2 2 2 2 2 2 2 2 2 2 2 2 2 2 2 2 2 2 2 2 3 3 2 2 2 2 2 2 2 2 2 2 2 2 2 2 2 2 2 2 2 2 2 2 2 3 3 2 3 3 3 3 3 3 4 4 4 4 4 4 3 3 4 4 3 3 4 3 4 3 3 2 2 2 2 2 2 2 2 2 2 2 2 2 2 2 2 2 2 2 2 2 2 2 2 2 2 2 2 3 2 2 2 2 2 2 3 2 2 2 2 2 2 3
346,SIPP_2^4,"2,156,0","133,177,0",1,1457.323216,2359,3.58707,55.46879,11.0236,22.0472,4 5 5 5 5 4 4 4 5 5 5 4 4 5 7 7 7 7 7 7 7 6 4 5 5 5 5 5 4 4 4 3 3 3 4 4 4 4 4 3 3 4 4 4 4 4 4 4 4 4 4 4 4 4 3 4 4 4 4 4 4 4 4 4 4 4 4 4 4 4 4 4 4 4 4 4 4 4 4 4 4 4 4 4 4 4 4 5 4 4 4 5 4 4 4 4 4 4 4 4 4 4 4 3 3 4 3
346,SIPP_2^5,"2,156,0","133,177,0",1,1436.2243920000003,1980,7.46514,28.66401,5.7156,11.43119,9 9 9 9 9 10 9 -1.336 10 14 14 14 14 14 14 13 10 9 9 9 8 8 8 8 8 8 7 8 8 8 8 8 8 8 8 8 8 8 7 8 7 7 7 8 8 8 8 8 8 8 8 8 8 8 8 8 8 8 8 8 8 8 8 8 8 8 8 8 8 8 8 8 8 9 8 8 8 8 8 8 8 8 8 8 8 8 8 8 7 8 8 8 8 7
346,SIPP_BigCS,"2,156,12","133,177,6",1,1441.145871,13892,78.07768,32.79534,6.1164,1.0019,207 207 207 207 207 311 5 5 -3.146 49 200 200 200 200 256 311 81 201 305 5 1 1 1 1 1 1 57 343 361 5 5 5 5 5 29
346,SIPP_Standard,"2,156,12","133,177,6",1,1551.07524,5281,10.27293,51.04439,9.7715,1.2987,9 53 89 1 5 105 48 103 89 5 97 95 -61.075 17 71 28 28 48 79
347,SIPP_2^2,"29,176,0","150,139,0",1,1678.284743,3590,1.43999,197.9899,43.9823,87.96459,1 1 1 1 1 0 0 1 0 1 1 0 1 0 1 0 0 0 1 1 0 0 1 -17.526 1 1 1 1 1 2 1 1 1 1 1 0 0 0 0 0 0 0 0 0 0 1 0 0 1 1 1 1 1 1 1 1 1 1 1 1 1 1 0 0 0 0 1 1 1 1 1 1 1 1 0 0 1 1 0 0 0 0 0 0 0 1 1 1 1 1 1 1 1 1 1 1 1 1 1 1 1 1 1 1 1 1 1 1 1 1 1 -25.113 1 -4.183 1 0 1 0 0 1 -9.735 1 -4.473 1 -17.255 1 1 1 1 1 1 1 1 1 1 1 1 1 1 1 1 1 1 1 1 1 1 1 1 1 1 1 1 1 1 1 1 1 1 1 1 1 1 1 1 1
347,SIPP_2^3,"29,176,0","150,139,0",1,1589.264319,6185,4.09189,173.24014,36.91371,73.82743,2 2 2 1 1 2 2 1 2 2 2 1 1 1 2 2 2 3 2 2 1 1 0 0 0 1 1 -11.531 0 -3.972 0 0 0 0 0 0 1 1 2 2 2 2 2 2 2 2 2 2 2 2 2 1 2 2 2 1 2 2 2 2 2 2 2 1 2 2 2 2 2 2 2 2 1 2 2 1 2 2 2 2 2 2 2 2 2 2 2 2 1 2 3 2 2 2 3 2 2 2 2 2 2 2 2 3 -0.203 2 -0.084 2 1 2 1 1 1 1 1 1 1 1 1 1 2 2 2 1 2 2 -44.473 4 -43.727 0 -10.255 2 2 2 -0.046 2 2 2 2 2 1
347,SIPP_2^4,"29,176,0","150,139,0",1,1587.482863,6736,11.15035,88.65404,18.31,36.61999,4 3 3 3 3 3 4 3 5 4 4 4 4 2 2 1 1 0 -27.564 0 -3.972 0 0 0 0 0 0 2 2 3 3 3 3 3 4 4 4 4 4 4 4 4 4 4 4 4 4 4 4 4 4 4 4 4 4 4 4 4 4 4 4 4 4 4 4 4 4 4 4 3 4 4 4 4 4 5 -1.546 6 5 4 5 4 4 4 4 4 4 4 -0.548 4 2 2 -1.252 2 2 2 3 3 2 2 3 3 3 -72.212 4 -3.963 8 -29.764 4 -0.206 0 -0.049 0 4 4 -0.046 4 4 4 4 3
347,SIPP_2^5,"29,176,0","150,139,0",1,1586.74496,6879,28.60823,75.08712,14.10208,28.20417,7 7 7 7 7 7 8 8 8 2 2 2 -40.275 0 -3.972 0 0 0 0 0 0 4 4 8 8 8 8 8 8 8 8 8 8 8 8 8 8 8 8 8 8 8 8 8 8 8 8 8 8 8 8 7 7 7 7 8 8 8 8 8 8 7 7 -5.359 11 9 9 8 8 8 8 8 8 -3.086 8 4 4 -1.252 4 4 5 5 5 5 6 -59.859 16 -53.933 8 -0.049 0 8 8 -0.046 8 8 8 7
347,SIPP_BigCS,"29,176,2","150,139,8",0,-1,28364,180.01153,0.0,0.0,0.0,
347,SIPP_Standard,"29,176,2","150,139,8",1,1587.0473259999999,3151,8.03175,28.82387,5.4024,0.7305,53 97 71 28 -63.597 36 1 1 1 -28.467 1 9 29 29 29 29 49 60 -8.934 84 -0.049 5
348,SIPP_2^2,"156,229,0","26,244,0",0,-1,0,0.0,0.0,0.0,0.0,
348,SIPP_2^3,"156,229,0","26,244,0",0,-1,0,0.0,0.0,0.0,0.0,
348,SIPP_2^4,"156,229,0","26,244,0",0,-1,0,0.0,0.0,0.0,0.0,
348,SIPP_2^5,"156,229,0","26,244,0",0,-1,0,0.0,0.0,0.0,0.0,
348,SIPP_BigCS,"156,229,0","26,244,0",0,-1,0,0.0,0.0,0.0,0.0,
348,SIPP_Standard,"156,229,1","26,244,0",0,-1,0,4e-05,0.0,0.0,0.0,
349,SIPP_2^2,"192,118,0","245,8,0",1,1630.0,5447,1.87417,282.84271,62.83185,125.66371,0 0 0 0 0 0 0 0 0 0 0 0 0 0 0 0 0 0 0 0 0 0 0 0 0 0 0 0 0 0 0 0 0 1 1 1 0 1 0 1 1 1 1 1 0 0 0 1 0 1 1 1 1 1 1 1 1 0 1 1 0 1 0 0 0 0 0 0 0 0 0 0 0 1 0 0 0 1 0 0 0 0 0 0 0 0 0 0 1 0 1 1 1 0 0 1 0 0 0 0 0 0 0 0 0 1 1 0 0 0 0 1 1 0 1 1 1 1 1 1 1 1 1 1 1 1 1 0 0 0 0 0 1 0 0 0 0 0 1 0 1 1 1 1 0 1 0 0 0 0 0 0 0 0 0 0 0 0 0 0 0 1 0
349,SIPP_2^3,"192,118,0","245,8,0",1,1389.827576000001,2973,1.82673,123.38012,24.34734,48.69469,0 0 0 0 1 1 1 0 0 0 0 0 0 0 0 0 0 0 0 0 0 1 1 0 1 0 0 1 0 0 0 1 0 0 1 1 1 1 1 2 2 2 1 2 2 1 1 1 1 1 1 1 2 2 2 1 1 1 1 1 1 1 2 1 1 1 2 1 1 2 1 1 2 1 1 1 0 0 0 0 0 0 0 0 0 0 0 0 0 0 0 0 0 0 0 0 0 0 0 0 0 0 1 0 0 1 0 0 0 0 0 0 0 0 0 0 0 0 0 0 0 1
349,SIPP_2^4,"192,118,0","245,8,0",1,1344.0448609999999,2339,3.72801,50.15252,9.99237,19.98473,1 0 0 0 1 1 1 0 0 0 1 1 1 1 0 0 0 0 0 0 1 0 0 0 1 1 2 2 4 4 4 4 3 2 2 1 1 1 1 1 1 1 1 1 0 0 0 0 0 0 0 0 0 0 0 0 0 0 1 0 0 0 0 2 2 3 3 3 3 3 3 3 3 3 -1.290 1 0 0 0 0 0 0 0 0 0 0 0 0 0 0 0 1
349,SIPP_2^5,"192,118,0","245,8,0",1,1324.6659850000003,2181,8.66136,34.42099,6.8916,13.78321,0 0 0 1 1 1 1 1 0 1 1 1 1 1 1 4 4 8 8 8 7 4 4 0 0 0 0 0 0 0 1 1 1 1 1 1 1 0 1 1 1 4 4 6 6 6 5 5 5 6 6 4 0 0 0 0 0 0 0 0 0 0 0 0 0 0 0 0
349,SIPP_BigCS,"192,118,14","245,8,4",1,1333.0,19209,103.99426,42.13132,7.853,1.3844,204 204 204 308 6 6 86 204 364 86 332 5 5 21 204 204 204 308 86 308 6 6 6 6 6 6 6 6 6 50 201 201 201 201 201 201 201 233 2 6 6 6 6
349,SIPP_Standard,"192,118,14","245,8,4",1,1381.0,7044,10.94412,25.43732,4.8515,0.5448,37 2 2 18 76 89 9 29 29 53 65 37 2 2 2 2 2
350,SIPP_2^2,"199,183,0","122,78,0",1,1820.0,10042,3.13545,282.84271,62.83185,125.66371,3 3 3 3 3 3 0 0 3 3 0 0 3 3 3 3 3 3 3 3 3 3 3 3 3 3 3 3 3 3 3 3 3 3 3 3 3 3 0 0 0 3 3 3 3 3 3 3 3 3 3 3 3 3 3 3 0 0 0 3 0 0 0 0 0 0 0 0 0 0 3 0 0 0 0 0 0 0 0 0 0 0 0 0 0 0 0 0 0 0 0 0 0 0 0 0 0 0 0 0 0 0 0 0 0 0 0 0 3 0 0 0 0 3 3 0 0 3 0 3 3 3 3 3 3 3 3 0 0 0 0 0 0 0 0 0 0 0 3 0 3 0 0 0 0 0 0 0 0 0 3 3 3 0 0 0 0 0 0 3 3 0 3 0 3 0 0 3 0 0 3 0 0 3 0 0 3 0 0 0 0 3
350,SIPP_2^3,"199,183,0","122,78,0",1,1368.9444719999995,2780,1.70653,87.91997,17.27876,34.55752,7 7 7 7 7 7 7 7 7 7 7 7 7 7 7 7 7 7 7 7 0 0 7 7 7 0 7 7 7 7 7 7 7 7 7 7 7 7 0 0 0 7 7 7 0 0 0 0 0 0 7 7 7 7 0 0 7 7 0 7 7 7 0 0 0 7 7 7 7 7 0 0 0 7 7 0 0 0 7 7 7 7 7 7 7 7 7 7 7 7 7 7 7 7 7 7 7 7 0 0 7 7 0 0 7
350,SIPP_2^4,"199,183,0","122,78,0",1,1319.063703999999,1591,2.51313,9.68462,1.9305,3.86101,14 14 14 14 14 14 14 14 14 14 14 14 14 14 14 14 14 14 14 14 14 14 14 14 14 14 15 15 15 15 15 15 15 15 15 15 15 15 15 15 15 15 15 15 15 15 15 15 15 15 15 15 14 14 14 14 14 14 14 14 14 14 14 15 14 14 14 14 14 14 14 14 14 15 14 14 14
350,SIPP_2^5,"199,183,0","122,78,0",1,1306.5392199999994,835,3.4979,4.93466,0.98698,1.97396,29 29 29 29 29 29 29 29 29 29 29 29 29 29 29 29 29 29 29 29 29 29 29 29 29 29 28 28 28 28 29 28 28 28 28 28 28 28 28 28 28 28 28 28 28 28 28 29 28
350,SIPP_BigCS,"199,183,13","122,78,15",1,1302.0,219,1.7742,30.13903,5.556,0.3598,202 202 202 250 182 250 182 250 154 218 154 218 154 218 154 218 154 218 154 218
350,SIPP_Standard,"199,183,13","122,78,15",1,1308.0,555,1.42074,18.39164,3.215,0.1735,54 66 54 66 54 66 54 58 58 66 54 66 30 30 30 30
351,SIPP_2^2,"150,139,0","24,178,0",1,1962.5658879999999,14753,5.1784,296.98485,69.11504,138.23008,2 2 2 2 2 2 2 3 2 2 2 2 2 2 3 2 3 3 2 3 3 3 3 3 3 3 3 3 3 3 3 3 3 3 3 3 3 3 2 3 2 3 3 3 3 3 3 3 3 2 2 2 3 3 3 2 2 3 2 3 2 2 3 3 3 3 2 3 3 3 3 3 2 2 2 2 2 2 2 2 2 3 3 3 3 3 3 3 3 3 3 3 3 3 3 3 3 3 3 3 3 3 3 3 3 2 3 2 3 2 3 3 3 3 3 2 2 -69.832 3 -3.373 3 -13.797 3 3 -0.260 3 3 3 3 3 3 3 3 3 3 0 -80.274 2 -12.170 3 -12.273 2 -1.137 3 -1.137 3 -1.138 2 -1.137 3 -1.037 3 -1.200 3 -1.424 3 -1.804 2 3 3 3 3 -3.066 3 -3.594 3 3 -0.706 3 3 3 -3.208 3 3 3 3 3 3 3 3 3 3 3 3 3 3 0 0 0 3 3 3 3 0
351,SIPP_2^3,"150,139,0","24,178,0",1,1671.054702,9820,6.47636,163.27279,31.41593,62.83185,6 6 6 6 7 7 6 6 6 7 6 6 6 6 6 6 6 6 6 6 6 6 6 6 6 6 6 6 6 6 6 6 6 6 6 6 6 6 6 6 6 6 6 7 6 7 7 6 7 7 6 7 -13.542 0 -2.135 5 6 6 6 6 6 6 6 6 6 6 5 4 4 4 5 5 5 5 4 5 5 5 5 5 5 5 5 6 6 6 6 6 6 6 5 6 6 5 5 5 5 6 6 5 5 5 5 5 5 5 5 5 5 6 6 6 5 6 6 6 6 -32.841 5 -7.891 5 -2.715 5 4 4 4 4 5 5 5 5 5 5 6 -32.648 6 -0.370 6 -0.093 6 -9.949 4 -0.012 6 -0.012 6 -0.012 6 -0.012 4
351,SIPP_2^4,"150,139,0","24,178,0",1,1408.065123,2241,3.99936,50.37549,10.03032,20.06065,10 10 9 10 10 10 9 10 9 10 10 11 11 11 10 11 11 10 10 10 10 11 11 11 11 12 12 12 11 11 11 11 11 11 12 11 12 12 12 12 11 11 -0.780 13 -0.289 12 -4.131 12 12 12 12 12 12 12 12 12 12 12 12 12 12 12 12 12 12 12 12 12 12 12 12 12 12 12 12 12 12 12 12 12 12 12 12 12 12 12 12 12 12 12 12 12 12 12 12 12 12 12 12 12 12 12 11 12 11 12 11
351,SIPP_2^5,"150,139,0","24,178,0",1,1404.6953270000001,2203,9.94666,26.32301,5.23572,10.47144,19 20 19 20 19 20 20 21 21 21 21 20 21 22 22 22 22 22 22 22 22 23 23 23 23 22 23 -0.574 27 -1.437 25 24 24 24 24 24 24 24 24 24 24 24 24 24 24 24 24 24 24 24 24 24 23 23 24 24 24 24 24 24 24 24 24 24 24 24 24 24 24 24 24 23 24 24 24 24 24 24 24 24 24 24 24 23
351,SIPP_BigCS,"150,139,3","24,178,8",1,1405.334693,16940,126.39648,25.21692,4.4517,0.768,206 206 254 103 103 103 103 103 103 103 155 203 203 203 203 203 203 203 203 203 203 203 203 203 307 83 339 -8.335 205 381 363 7 7 7 7 3 3 3 3 7 7 7 7 7 7 7 7 7 83
351,SIPP_Standard,"150,139,3","24,178,8",1,1412.7604179999998,4282,9.19859,15.37527,2.7286,0.2581,70 -13.595 31 55 67 -0.463 55 59 59 91 -6.702 3 3 3 3 3 3 3 3 11
352,SIPP_2^2,"92,6,0","225,24,0",0,-1,0,0.0,0.0,0.0,0.0,
352,SIPP_2^3,"92,6,0","225,24,0",0,-1,0,0.0,0.0,0.0,0.0,
352,SIPP_2^4,"92,6,0","225,24,0",0,-1,0,0.0,0.0,0.0,0.0,
352,SIPP_2^5,"92,6,0","225,24,0",0,-1,0,0.0,0.0,0.0,0.0,
352,SIPP_BigCS,"92,6,0","225,24,0",0,-1,0,0.0,0.0,0.0,0.0,
352,SIPP_Standard,"92,6,14","225,24,8",0,-1,99168,180.00248,0.0,0.0,0.0,
353,SIPP_2^2,"211,226,0","126,121,0",1,2100.0,12936,4.1579,374.76659,83.25221,166.50441,2 3 3 2 2 3 3 3 3 2 2 3 3 3 3 2 3 2 3 2 3 2 3 3 2 3 3 3 3 0 0 3 3 3 3 3 3 3 3 3 3 3 3 3 3 3 3 3 3 3 3 3 0 0 0 0 3 3 3 3 3 3 3 3 3 0 0 3 0 3 3 0 3 3 3 3 3 3 3 3 3 3 3 0 3 3 3 3 0 0 0 0 3 0 0 0 0 3 0 0 0 0 0 0 0 0 3 3 0 0 0 0 3 3 0 3 0 0 3 0 0 0 0 0 0 0 0 0 0 0 0 0 0 0 0 0 0 0 3 0 0 0 0 3 3 0 0 0 0 0 0 0 0 0 0 0 0 0 0 0 0 0 0 0 0 3 0 0 0 0 0 3 0 0 0 3 3 3 0 0 0 3 0 0 0 0 0 0 0 0 0 0 0 0 0 0 0 0 0 0 0 0 0 0 0 0 0 0 0 3
353,SIPP_2^3,"211,226,0","126,121,0",1,1571.6666779999998,3999,2.48918,87.65201,17.27876,34.55752,7 7 7 7 7 7 7 6 7 -4.859 7 7 0 0 0 0 0 0 0 0 0 0 0 0 0 7 0 0 0 0 0 0 7 7 7 7 0 0 0 7 7 7 0 0 0 0 7 7 7 7 7 7 7 7 7 7 6 6 6 6 6 6 6 6 6 6 6 6 6 6 6 6 6 6 6 6 7 7 7 7 7 7 7 7 7 7 7 7 7 7 7 7 7 7 7 7 7 7 7 7 7 7 7 7 7 7 6 6 7 7 6 -5.028 7 0 0 0 0 0 0 0 0 0 0 -2.541 7 7 0 0 1 0 0 1
353,SIPP_2^4,"211,226,0","126,121,0",1,1560.873109,4833,7.80086,38.83889,7.71209,15.42417,14 14 13 14 13 14 14 14 15 0 0 0 0 0 0 0 0 0 0 0 0 0 0 15 15 15 15 0 0 0 0 15 15 15 15 14 14 14 14 14 14 14 14 13 13 13 13 13 13 13 13 13 13 13 13 13 13 13 13 13 13 13 13 13 13 13 13 13 13 13 13 13 14 13 -16.560 15 -0.875 1 1 0 0 0 0 0 0 0 0 0 -0.082 0 -1.095 0 -1.183 1 -0.355 1 0
353,SIPP_2^5,"211,226,0","126,121,0",1,1560.873109,5061,20.13901,29.59297,5.89258,11.78516,28 28 28 28 27 27 -1.117 31 0 0 0 0 0 0 0 0 31 31 31 31 31 31 0 31 31 28 28 28 28 28 28 27 27 26 26 26 26 26 26 26 26 26 26 26 26 26 26 26 26 26 26 26 26 26 26 26 26 26 26 26 27 -24.321 30 -0.875 2 -0.248 1 0 0 0 0 0 0 0 0 -0.572 0 -2.696 1 -0.674 2 0
353,SIPP_BigCS,"211,226,1","126,121,0",0,-1,29459,180.03043,0.0,0.0,0.0,
353,SIPP_Standard,"211,226,1","126,121,0",1,1566.578824,12867,28.58508,36.01173,6.218,0.6959,30 -37.579 46 6 90 6 58 66 38 19 61 61 61 61 61 77 90 2 22
354,SIPP_2^2,"14,137,0","152,148,0",1,1761.0226539999999,3657,1.46781,176.7767,39.26991,78.53982,2 2 3 3 3 3 2 3 3 2 2 2 2 1 2 1 1 1 1 1 1 1 1 1 1 1 1 1 1 1 1 1 1 1 1 1 1 1 1 1 1 1 1 1 1 1 1 1 1 1 1 1 1 1 1 2 2 2 1 2 1 1 1 1 1 1 1 1 1 1 1 1 1 1 1 1 1 1 1 1 1 1 1 1 1 1 1 1 1 1 1 1 -11.023 1 1 1 1 1 1 1 1 1 1 1 1 1 1 1 1 1 1 2 2 1 1 1 2 1 1 1 1 1 1 1 1 1 1 2 1 1 1 1 1 1 1 1 1 1 1 1 1 1 1 1 1 1 1 2 2 1 1 1 1 0 1 0 0 1 1 1 1 1 1 1 1 1 1 1 1 1 1 0 0 0 0 1
354,SIPP_2^3,"14,137,0","152,148,0",1,1690.5792319999991,3636,2.50926,110.27973,21.99115,43.9823,5 5 5 5 5 4 4 4 3 3 2 2 2 2 2 2 2 2 2 2 2 2 2 2 2 2 2 2 2 2 2 2 2 2 2 2 2 2 2 2 2 2 2 2 2 2 2 2 3 3 2 2 2 2 2 2 2 2 2 2 2 2 2 2 2 2 2 2 2 2 2 2 2 2 2 2 2 2 2 2 2 2 2 2 1 1 2 2 2 2 2 2 2 3 3 -50.318 2 -1.248 4 -1.122 2 -1.042 2 -1.142 2 -3.869 3 2 3 3 2 2 2 3 2 2 2 2 3 2 2 2 2 2 2 2 2 2 2 2 2 2 2 2 2 2 2 2 2 3 2 2 2 1 1 1 1 1 1 2 2 2 2 1 2 2 2 1
354,SIPP_2^4,"14,137,0","152,148,0",1,1656.1020329999992,3108,5.17657,75.59629,14.98855,29.9771,10 10 10 9 10 8 8 -0.100 6 6 4 4 4 4 4 4 4 4 4 4 4 4 4 4 4 4 4 4 4 4 4 4 4 4 4 4 4 4 4 4 4 4 4 4 4 4 4 5 6 4 4 4 4 4 4 4 4 4 4 4 4 4 4 4 4 4 4 4 4 3 3 3 4 3 3 3 3 4 3 3 3 3 3 3 4 3 4 4 3 4 4 3 4 4 4 3 4 4 4 4 3 4 4 4 4 4 4 3 4 5 6 6 6 6 6 6 6 6 6 6 6 5 6 5 5 6 6
354,SIPP_2^5,"14,137,0","152,148,0",1,1649.508898,3325,13.99903,53.3676,10.17928,20.35855,20 20 20 20 17 16 -0.838 12 12 8 8 8 8 8 8 8 8 8 8 8 8 8 8 8 8 8 8 8 8 8 8 8 8 8 8 8 8 8 8 8 8 8 8 8 8 9 12 8 8 8 8 8 8 8 8 8 8 8 8 8 8 8 8 7 7 7 7 7 7 7 7 7 7 7 7 7 8 8 8 8 8 8 8 8 8 8 8 8 8 8 9 9 8 8 9 9 9 9 8 -10.909 8 -0.206 8 -0.049 0 8 -18.031 8 -0.033 8 -0.117 8 13 13 12
354,SIPP_BigCS,"14,137,11","152,148,6",1,1653.0,22684,142.64647,44.41289,8.3303,1.765,103 103 103 103 163 68 343 361 1 1 1 73 184 29 361 5 5 5 5 5 5 81 201 201 201 201 201 201 201 201 201 201 201 201 201 201 361 5 5 5 5 5 5 5 5 5 5 5 45 100 100 100 100 100 100 100 124 223
354,SIPP_Standard,"14,137,11","152,148,6",1,2016.798348,50696,117.88451,65.06489,11.9497,1.8409,99 85 26 97 71 32 -37.609 89 1 1 1 1 21 48 63 63 63 63 63 95 17 95 13 -21.190 108
355,SIPP_2^2,"40,228,0","70,109,0",1,1848.983083,7641,3.1058,240.41631,53.40708,106.81415,3 3 3 3 3 3 0 3 3 0 3 0 0 0 0 3 3 3 3 3 3 0 0 3 0 0 0 0 0 0 0 0 0 0 0 0 0 0 0 0 0 0 0 0 0 0 0 0 0 0 0 0 0 0 0 3 0 0 0 0 0 0 0 0 0 0 0 0 0 0 0 0 0 0 0 0 0 0 0 0 0 0 0 0 0 0 0 0 0 0 0 0 0 0 0 0 0 0 0 0 0 0 0 0 0 0 0 0 0 0 0 1 0 1 1 0 1 1 1 1 0 0 0 1 1 1 1 0 1 1 1 1 0 0 1 0 1 1 1 1 -11.380 1 -3.714 1 -3.889 0 1 1 1 1 1 1 1 1 1 1 1 1 0 1 0 0 0 0 0 0 0 0 0 0 1 1 1 1 1 1 1 0 1 1 1 1 0 0 0 1
355,SIPP_2^3,"40,228,0","70,109,0",1,1755.8851399999994,7912,4.73774,99.09864,19.63495,39.26991,6 6 7 6 7 7 6 6 7 7 6 7 6 6 7 -3.965 7 7 0 -5.239 0 -2.663 0 0 0 0 0 0 0 0 0 0 0 0 0 0 0 0 0 0 0 0 0 0 0 0 0 0 0 0 0 0 0 0 0 0 0 0 0 0 0 0 0 0 0 0 0 0 0 0 0 0 0 0 0 0 0 0 0 0 0 0 0 0 -3.380 0 -1.086 0 -1.489 0 0 0 0 0 0 0 0 0 0 0 0 0 0 0 0 0 0 1 1 2 2 2 2 2 2 2 2 2 2 2 2 2 2 1 1 2 2 1 2 2 2 2 2 2 2 2 2 2 2 2 2 2 2 2 2 1 -31.629 0 -10.685 0 -0.060 0 -0.420 0 0 0 0 0 1 1 0 0 1 1 1 1 0 1 0 1
355,SIPP_2^4,"40,228,0","70,109,0",1,1743.376665,9108,14.2335,54.49542,10.73981,21.47962,12 13 13 13 13 13 13 12 13 14 14 0 0 0 1 0 0 0 0 0 0 0 0 0 0 0 0 0 0 0 0 0 0 0 0 -1.425 0 0 0 0 0 0 0 0 0 0 0 0 0 0 0 0 0 0 0 0 0 0 0 0 0 0 0 0 0 0 0 0 0 0 0 0 0 0 0 -13.931 0 -1.086 0 -1.489 0 0 0 0 0 0 0 0 0 0 0 0 0 0 0 0 0 0 2 2 4 4 4 4 4 4 4 4 4 4 4 4 4 4 4 4 4 4 4 3 4 3 4 3 4 4 4 4 4 4 4 4 3 -38.755 0 -10.685 0 -0.060 0 -1.874 1 -0.289 0 1 1 1 1 1 1 1
355,SIPP_2^5,"40,228,0","70,109,0",1,1742.967645,9437,36.54321,44.4365,8.62184,17.24368,26 25 26 25 26 26 26 28 28 0 0 0 0 0 1 0 0 0 0 0 0 0 0 0 0 0 0 0 0 0 1 0 0 0 0 0 0 0 0 0 0 0 0 0 0 0 0 0 0 0 0 0 0 0 0 0 0 0 31 0 0 0 0 0 0 0 0 -14.324 0 -1.086 0 -1.489 0 0 0 0 0 0 0 0 0 0 0 0 0 0 0 0 0 0 4 4 8 8 8 8 8 8 8 8 8 8 8 8 8 8 8 8 8 8 7 7 7 8 7 8 8 8 8 8 8 -41.707 0 -10.685 0 -0.060 0 -0.420 0 0 2 2 2 2 2 2 3
355,SIPP_BigCS,"40,228,11","70,109,13",0,-1,30422,180.13546,0.0,0.0,0.0,
355,SIPP_Standard,"40,228,11","70,109,13",1,1772.8915960000002,44590,88.526,28.23714,5.4182,0.6768,93 27 -20.428 90 2 2 2 2 2 2 2 -23.643 2 2 22 29 -20.251 45 -73.570 1 1 9 49 68
356,SIPP_2^2,"106,208,0","220,157,0",1,1650.0,6419,2.90215,325.26912,72.25663,144.51326,1 1 1 1 1 1 1 1 1 1 0 1 0 1 0 1 1 1 1 1 0 1 1 0 1 0 0 0 0 0 0 0 0 0 0 0 0 0 0 0 0 0 0 0 0 0 0 0 0 0 1 1 1 1 0 1 1 1 0 0 0 1 1 1 1 0 1 1 1 1 1 1 1 1 1 1 1 1 1 1 1 1 1 1 1 0 1 1 1 1 1 1 1 1 0 1 1 1 1 1 1 1 1 0 1 1 1 1 1 1 1 1 0 1 1 1 1 1 1 1 1 0 1 1 1 1 1 1 1 0 1 0 1 1 1 1 0 1 1 1 0 1 0 1 0 1 1 1 0 1 0 0 1 1 1 1 1 1 1 1 1 1 0 0 1
356,SIPP_2^3,"106,208,0","220,157,0",1,1475.2155689999986,4123,2.45395,115.0447,22.77655,45.55309,2 1 2 2 1 2 2 1 2 2 2 2 2 2 2 2 2 1 1 1 1 1 1 1 1 1 1 1 0 0 1 0 0 0 0 0 0 0 1 0 1 1 2 2 2 2 2 2 2 2 2 2 2 2 2 2 2 2 2 2 2 2 2 2 2 2 2 2 2 2 2 2 2 2 1 -54.859 2 -10.516 2 -0.013 2 2 2 2 2 2 2 2 2 2 2 2 1 2 1 1 1 2 2 2 2 2 2 1 1 1 1 1 1 1 1 1 2 1 1 2 2 1 1 2 1 1 1 1 2 2 1
356,SIPP_2^4,"106,208,0","220,157,0",1,1457.4010089999992,3952,6.20218,48.97495,9.74653,19.49306,3 4 4 4 4 4 4 3 3 3 4 4 4 4 2 2 1 1 2 2 2 2 2 2 2 0 0 0 0 0 0 0 1 2 2 4 4 4 4 4 4 4 4 4 4 4 4 4 4 4 4 4 4 4 4 4 4 4 4 4 4 4 4 4 4 4 3 -69.111 4 -10.516 4 -0.013 4 4 4 3 3 4 4 4 4 4 4 4 4 4 4 4 4 3 3 2 2 2 2 2 2 2 3 2 3 3 3 3 2 2 2 3 2
356,SIPP_2^5,"106,208,0","220,157,0",1,1450.2266509999997,3851,15.3272,38.756,7.68537,15.37074,8 7 8 8 8 8 7 7 8 7 4 4 3 4 4 4 4 4 4 1 1 0 0 0 0 0 4 4 8 8 8 8 8 8 8 8 8 8 8 8 8 8 8 8 8 8 8 8 8 8 8 8 8 8 8 7 8 8 8 -74.723 8 -10.516 8 -0.013 8 8 8 8 8 8 8 7 7 7 8 7 7 7 5 4 5 5 4 5 -1.271 5 4 4 4 4
356,SIPP_BigCS,"106,208,4","220,157,6",0,-1,30171,180.03897,0.0,0.0,0.0,
356,SIPP_Standard,"106,208,4","220,157,6",1,1466.3943140000001,11868,23.78568,39.23998,7.4962,0.9628,45 1 9 49 92 2 26 105 36 1 1 -5.071 1 1 9 29 53 -1.324 65 53
357,SIPP_2^2,"212,145,0","203,10,0",1,1747.132196,4398,1.62181,247.48737,54.97787,109.95574,0 0 0 0 0 0 0 0 3 3 0 3 3 0 3 0 0 3 0 0 0 0 0 0 0 0 0 0 3 0 3 0 3 0 0 3 3 0 3 0 0 0 0 0 0 0 0 0 0 1 1 1 1 0 1 0 1 1 1 1 1 1 0 0 0 0 0 0 0 3 0 3 0 0 3 3 3 3 -7.132 3 3 3 3 3 0 3 0 0 0 0 0 0 0 0 0 0 0 0 0 0 0 0 0 0 0 0 0 0 0 0 0 0 0 0 0 0 0 0 0 0 0 0 0 0 0 0 0 0 0 0 0 0 0 0 0 0 0 0 0 0 0 0 0 0 0 0 0 0 0 0 0 0 0 0 0 0 0 0 0 0 0 0 0 0 0 0 0 0 0 0 1 1 0 1 1
357,SIPP_2^3,"212,145,0","203,10,0",1,1620.5339799999995,4462,2.61308,121.97084,23.56195,47.12389,0 7 7 7 7 0 0 0 7 7 7 7 0 0 0 0 0 7 7 7 7 0 0 0 0 0 0 0 0 0 0 0 0 0 0 7 7 7 7 7 7 7 7 0 7 7 0 7 7 6 6 -2.302 6 -0.918 0 -14.448 0 -9.926 0 -0.012 2 -0.012 2 -0.012 2 -0.012 0 -0.012 0 -0.012 0 -0.012 2 2 1 -3.737 1 0 0 0 0 0 0 0 0 0 0 0 0 0 0 0 0 0 0 0 0 0 0 0 0 0 0 0 0 0 0 0 0 0 0 0 0 0 0 0 0 0 0 0 0 0 0 0 0 0 0 0 0 0 0 0 0 0 0 0 0 1 1 1 1 1 0 1 0 0 1 1 0 0 0 0 0 1 1 2
357,SIPP_2^4,"212,145,0","203,10,0",1,1606.282332,4355,6.74449,84.46595,17.84635,35.6927,0 15 15 15 15 15 15 15 15 15 15 15 15 15 15 15 15 15 0 15 15 0 0 15 15 14 14 14 12 12 -45.042 0 -0.012 4 -29.951 0 -10.025 0 -0.012 4 -0.012 0 -0.012 0 -0.012 0 -0.012 4 4 2 -3.737 2 0 0 0 0 0 0 0 0 0 0 0 0 0 0 0 0 0 0 0 0 0 0 0 0 0 0 0 0 0 0 0 0 0 0 0 0 0 0 0 0 0 0 0 0 0 0 0 0 0 0 0 0 1 1 1 0 0 0 0 0 0 0 1 1 0 1 1 1 2 2 4
357,SIPP_2^5,"212,145,0","203,10,0",1,1560.4016600000007,3484,13.80774,48.4987,9.67062,19.34123,31 30 30 30 30 31 30 30 31 30 31 31 0 0 0 0 0 0 0 0 0 0 0 0 0 0 0 0 0 0 0 0 0 0 0 0 0 0 1 1 1 4 4 8 7 8 8 4 4 0 0 0 0 0 0 0 0 0 0 0 0 0 0 0 0 0 0 0 28 28 25 25 25 28 28 31 31 31 31 0 0 0 0 0 0 0 0 0 0 0 0 0 1 1 1 1 0 4 4 8
357,SIPP_BigCS,"212,145,8","203,10,3",0,-1,29657,180.10023,0.0,0.0,0.0,
357,SIPP_Standard,"212,145,8","203,10,3",1,1759.759674,32159,63.94111,51.59134,9.923,1.4813,38 19 69 42 -30.568 76 -9.926 81 10 -82.266 42 92 2 2 2 2 2 2 2 2 6 106 45
358,SIPP_2^2,"127,119,0","77,241,0",1,1720.0,9011,3.19358,212.13203,47.12389,94.24778,2 2 2 2 2 2 2 2 2 2 2 2 2 2 2 2 2 2 2 2 2 2 2 2 2 2 2 2 2 2 2 2 2 2 2 2 2 2 2 2 2 2 3 2 2 2 2 2 2 2 2 2 2 2 2 2 2 2 2 2 2 2 2 2 2 2 2 2 2 2 2 2 2 2 2 2 2 2 2 2 2 2 2 2 2 2 2 2 2 3 3 3 2 2 3 3 3 3 3 3 3 3 3 3 3 3 3 3 3 3 3 3 3 3 3 3 3 3 3 3 3 3 3 3 2 3 2 2 2 3 2 3 2 3 3 2 3 2 3 3 2 3 2 3 3 2 3 3 2 3 2 2 2 2 2 2 2 2 2 2 2 2 2 2 2 3 2 2 2 2 3 2
358,SIPP_2^3,"127,119,0","77,241,0",1,1432.9646639999987,3002,1.93688,103.33991,20.42035,40.84071,5 5 5 5 5 5 5 5 5 5 5 5 5 5 5 4 4 4 4 4 4 4 4 4 4 4 4 5 4 5 4 5 5 4 4 4 4 4 4 4 4 4 4 4 4 4 5 5 5 5 4 4 4 5 4 4 4 4 4 4 4 4 4 4 4 4 4 4 4 4 4 4 4 4 4 4 4 4 4 4 4 4 4 4 4 4 5 5 4 4 4 4 5 5 4 5 5 5 5 5 5 5 5 5 4 4 5 4 5 4 4 5 4 5 5 5 5 5 5 5 5 6 5
358,SIPP_2^4,"127,119,0","77,241,0",1,1391.072429,2396,4.03126,53.86537,10.71178,21.42356,10 10 9 10 9 9 9 9 9 9 9 9 10 10 8 8 8 8 8 8 8 8 9 8 9 9 9 9 9 9 9 9 9 9 9 9 8 8 8 7 8 8 8 8 8 8 8 8 8 8 8 8 8 8 8 8 8 8 8 8 8 8 8 8 8 8 9 9 9 8 10 10 10 10 10 10 10 9 9 10 9 10 10 10 9 10 10 -0.736 12 -6.094 9 9 10
358,SIPP_2^5,"127,119,0","77,241,0",1,1390.6251260000001,2572,11.07801,29.46447,5.75068,11.50136,19 19 19 19 19 18 18 18 17 16 17 17 17 17 17 17 17 18 18 18 18 18 18 -3.056 15 16 16 16 16 16 16 16 16 16 16 16 16 16 16 16 16 16 16 16 16 16 16 16 16 16 16 17 17 17 -0.933 18 20 20 20 20 20 20 19 20 20 20 20 19 19 -9.181 24 -6.094 18 19
358,SIPP_BigCS,"127,119,13","77,241,0",1,1390.136766,18145,132.17766,47.22025,8.7848,1.6731,179 206 206 206 206 206 254 163 84 206 206 206 206 206 310 84 -0.201 286 376 310 4 4 4 4 4 4 4 4 4 4 4 4 4 0 92 103 127 206 206 206 206 206 334 -6.936 23
358,SIPP_Standard,"127,119,13","77,241,0",1,1401.8654669999999,5689,13.01402,39.79455,7.4657,0.9326,70 31 39 16 102 104 51 94 0 0 0 16 62 70 51 78 -4.865 75
359,SIPP_2^2,"160,97,0","240,205,0",0,-1,0,0.0,0.0,0.0,0.0,
359,SIPP_2^3,"160,97,0","240,205,0",0,-1,0,0.0,0.0,0.0,0.0,
359,SIPP_2^4,"160,97,0","240,205,0",0,-1,0,0.0,0.0,0.0,0.0,
359,SIPP_2^5,"160,97,0","240,205,0",0,-1,0,0.0,0.0,0.0,0.0,
359,SIPP_BigCS,"160,97,0","240,205,0",0,-1,0,0.0,0.0,0.0,0.0,
359,SIPP_Standard,"160,97,12","240,205,11",0,-1,76554,180.00276,0.0,0.0,0.0,
360,SIPP_2^2,"113,95,0","137,227,0",1,1861.255736,10842,3.72706,197.9899,47.12389,94.24778,2 2 2 2 2 2 2 2 2 2 1 1 1 2 2 2 2 2 2 2 1 2 2 1 2 2 2 2 2 2 2 2 2 2 2 2 2 2 2 2 2 2 2 1 1 2 2 2 1 1 1 2 2 2 1 2 2 2 1 1 1 2 2 2 2 2 2 2 2 2 2 2 2 1 2 1 2 2 1 1 1 1 1 1 1 1 -174.110 3 -9.059 3 3 3 2 3 -7.844 2 -10.062 2 -0.032 2 -0.033 2 -0.117 2 2 2 2 1 2 1 1 1 2 2 2 2 2 2 2 2 2 2 2 2 2 2 2 2 2 2 2 2 2 2 2 2 2 2 2 2 2 2 2 2 2 2 2 2 2 2 2 2 2 2 2 2 2 2 2 2 2 2 2 2 2 2 2 2 2 2 2 1 2
360,SIPP_2^3,"113,95,0","137,227,0",1,1419.4112640000003,2154,1.46717,79.54783,15.70796,31.41593,3 3 3 3 3 3 3 3 3 4 4 4 4 4 4 4 4 4 3 3 4 3 3 3 4 4 4 4 4 4 4 4 4 4 4 4 4 4 4 4 4 4 4 4 4 4 3 4 3 4 3 4 4 4 4 4 4 4 4 4 4 4 4 4 4 4 4 4 4 4 4 4 3 4 4 4 3 3 4 4 4 3 3 4 4 4 4 4 4 4 4 4 4 4 4 4 4 4 4 4 4 4 4 4 4 4 4 4 4 4 4 4 4 4 4 4 4 4 4 4 4 4 4 4 4 4 4 4 4 3 4 3
360,SIPP_2^4,"113,95,0","137,227,0",1,1376.65632,1429,2.7055,30.24634,6.02742,12.05484,8 7 7 7 7 7 7 7 7 7 7 7 7 7 7 7 8 7 7 7 7 8 8 8 7 8 8 8 8 8 8 8 8 8 8 8 8 8 8 8 8 8 8 8 8 8 8 8 8 8 8 8 8 8 8 8 8 7 8 8 8 8 8 8 8 8 8 8 7 8 8 8 8 8 8 8 8 8 8 8 8 8 8 8 8 8 8 8 8 8 8 8 8 8 8 8 8 8 8 8 8 8 8 8 8 7 8 7
360,SIPP_2^5,"113,95,0","137,227,0",1,1372.4716990000002,1396,6.36559,16.44958,3.28349,6.56698,14 14 14 14 14 14 14 14 14 14 14 15 15 14 14 15 14 -0.324 14 16 15 -2.132 15 16 16 16 16 16 16 16 16 16 16 16 16 16 16 16 16 16 16 16 16 16 16 16 16 16 16 16 16 16 16 16 16 16 16 16 16 16 16 16 15 15 16 16 16 16 16 16 16 16 16 16 16 16 16 16 16 16 16 16 16 16 16 16 16 16 16 16 16 16 16 16 16 16 16 16 15 16 15
360,SIPP_BigCS,"113,95,10","137,227,7",1,1373.720943,7771,65.73783,18.6788,3.2551,0.3532,180 200 200 200 200 200 200 200 200 200 200 200 200 304 -0.076 4 28 -1.645 360 4 4 4 4 0 0 4 4 4 4 4 0 28 200 360 0 0 0 4 4 4 4 28
360,SIPP_Standard,"113,95,10","137,227,7",1,1385.0,2943,8.87548,23.20677,4.3741,0.5457,8 52 88 8 52 56 88 0 0 0 0 0 0 0 0 0 8
361,SIPP_2^2,"174,159,0","69,243,0",0,-1,0,0.0,0.0,0.0,0.0,
361,SIPP_2^3,"174,159,0","69,243,0",0,-1,0,0.0,0.0,0.0,0.0,
361,SIPP_2^4,"174,159,0","69,243,0",0,-1,0,0.0,0.0,0.0,0.0,
361,SIPP_2^5,"174,159,0","69,243,0",0,-1,0,0.0,0.0,0.0,0.0,
361,SIPP_BigCS,"174,159,0","69,243,0",0,-1,0,0.0,0.0,0.0,0.0,
361,SIPP_Standard,"174,159,8","69,243,6",0,-1,79274,180.00146,0.0,0.0,0.0,
362,SIPP_2^2,"11,206,0","28,66,0",0,-1,0,0.0,0.0,0.0,0.0,
362,SIPP_2^3,"11,206,0","28,66,0",0,-1,0,0.0,0.0,0.0,0.0,
362,SIPP_2^4,"11,206,0","28,66,0",0,-1,0,0.0,0.0,0.0,0.0,
362,SIPP_2^5,"11,206,0","28,66,0",0,-1,0,0.0,0.0,0.0,0.0,
362,SIPP_BigCS,"11,206,0","28,66,0",0,-1,0,0.0,0.0,0.0,0.0,
362,SIPP_Standard,"11,206,3","28,66,9",0,-1,0,5e-05,0.0,0.0,0.0,
363,SIPP_2^2,"153,252,0","106,127,0",0,-1,0,0.0,0.0,0.0,0.0,
363,SIPP_2^3,"153,252,0","106,127,0",0,-1,0,0.0,0.0,0.0,0.0,
363,SIPP_2^4,"153,252,0","106,127,0",0,-1,0,0.0,0.0,0.0,0.0,
363,SIPP_2^5,"153,252,0","106,127,0",0,-1,0,0.0,0.0,0.0,0.0,
363,SIPP_BigCS,"153,252,0","106,127,0",0,-1,0,0.0,0.0,0.0,0.0,
363,SIPP_Standard,"153,252,0","106,127,11",0,-1,0,2e-05,0.0,0.0,0.0,
364,SIPP_2^2,"108,127,0","6,25,0",0,-1,0,0.0,0.0,0.0,0.0,
364,SIPP_2^3,"108,127,0","6,25,0",0,-1,0,0.0,0.0,0.0,0.0,
364,SIPP_2^4,"108,127,0","6,25,0",0,-1,0,0.0,0.0,0.0,0.0,
364,SIPP_2^5,"108,127,0","6,25,0",0,-1,0,0.0,0.0,0.0,0.0,
364,SIPP_BigCS,"108,127,0","6,25,0",0,-1,0,0.0,0.0,0.0,0.0,
364,SIPP_Standard,"108,127,4","6,25,4",0,-1,0,4e-05,0.0,0.0,0.0,
365,SIPP_2^2,"203,123,0","160,4,0",1,1724.041552,5258,1.92324,98.99495,21.99115,43.9823,1 2 2 2 3 3 3 3 0 0 0 0 0 0 0 0 0 0 0 0 0 0 0 0 0 0 0 0 0 0 0 0 0 0 0 0 0 0 0 0 0 0 0 0 0 0 0 0 0 0 0 0 0 0 0 0 0 0 0 0 0 0 0 0 0 0 0 0 0 0 0 0 0 0 0 0 0 0 0 0 0 0 0 0 0 0 0 0 0 0 0 0 0 0 0 0 0 0 -3.965 0 -20.040 0 -0.012 0 -0.014 3 -0.011 0 0 0 0 0 0 0 0 0 0 0 0 0 0 0 0 0 0 0 0 0 0 0 3 3 3 3 3 3 3 3 3 3 3 3 3 0 3 3 3 3 3 0 3 0 0 0 3 0 3 3 3 3 3 3 3 3 3 3 3 3 3 3 3 3 3 3 3
365,SIPP_2^3,"203,123,0","160,4,0",1,1653.7560809999998,5240,3.14233,60.52705,11.78097,23.56195,3 4 5 -1.810 6 -0.310 6 -1.078 6 -2.366 0 0 0 0 0 0 0 0 0 0 0 0 0 0 0 0 0 0 0 0 0 0 0 0 0 0 0 0 0 0 0 0 0 0 0 0 0 0 0 0 0 0 0 0 0 0 0 0 0 0 0 0 0 0 0 0 0 0 0 0 0 0 0 0 0 0 0 0 0 0 0 0 0 0 0 0 0 0 0 0 0 0 0 0 0 0 0 0 0 0 -10.115 0 -20.040 0 -0.012 0 -2.677 0 0 0 0 0 0 0 0 0 0 0 7 7 7 7 7 -5.428 6 -3.373 0 -8.364 0 7 6 7 7 -2.323 7 7 7 -1.301 7 7 7 7 6 6 6 6 7 6 6 6 6 6 6 6 6 6 6 6 6 6 6 6 6 6 6
365,SIPP_2^4,"203,123,0","160,4,0",1,1648.78766,5455,8.55675,55.64339,11.09952,22.19903,7 10 -3.592 12 -0.310 12 -1.078 12 -2.366 0 0 0 0 0 0 0 0 0 0 0 0 0 0 0 0 0 0 0 0 0 0 0 0 0 0 0 0 0 0 0 0 0 0 0 0 0 0 0 0 0 0 0 0 0 0 0 0 0 0 0 0 0 0 0 0 0 0 0 0 0 0 0 0 0 0 0 0 0 0 0 0 0 0 0 0 0 0 0 0 0 0 0 0 0 0 0 0 0 0 -10.115 0 -20.040 0 -0.012 0 -2.677 0 0 0 0 0 15 0 15 0 15 15 14 -12.554 12 -3.373 0 -7.774 15 15 15 14 14 13 13 13 12 12 13 12 12 12 12 12 12 12 12 12 12 12 12 12 12 12 12 12 12 12
365,SIPP_2^5,"203,123,0","160,4,0",1,1646.4172480000002,5480,21.44466,49.7404,9.60463,19.20926,14 20 -3.592 24 -0.310 24 -1.078 24 -2.366 0 0 0 0 0 0 0 0 0 0 0 0 0 0 0 0 0 0 0 0 0 0 0 0 0 0 0 0 0 0 0 0 0 0 0 0 0 0 0 0 0 0 0 0 0 0 0 0 0 0 0 0 0 0 0 0 0 0 0 0 0 0 0 0 0 0 0 0 0 0 0 0 0 0 0 0 0 0 0 0 0 0 0 0 0 0 0 0 0 0 -10.115 0 -20.040 0 -0.012 0 -2.407 31 31 31 0 31 31 -18.295 24 -3.373 0 -7.774 30 30 30 27 27 25 24 25 24 24 24 24 24 24 24 24 24 24 24 24 24 24 24 24 24 24
365,SIPP_BigCS,"203,123,8","160,4,9",0,-1,30998,180.14691,0.0,0.0,0.0,
365,SIPP_Standard,"203,123,8","160,4,9",1,1995.95014,42083,92.64927,43.88291,8.3478,1.2777,40 -10.685 78 107 30 42 76 81 -106.265 2 2 2 2 2 2 2 2 2 2 6 58 66 38 3 7
366,SIPP_2^2,"241,151,0","222,20,0",1,2011.066967,8975,2.93724,353.55339,78.53982,157.07963,0 0 0 0 0 3 3 0 3 0 0 0 0 3 0 0 0 0 0 0 1 0 0 0 1 0 1 1 1 1 0 1 1 1 0 0 0 0 1 0 1 0 1 0 0 0 1 1 1 1 1 0 0 0 0 3 0 0 0 0 0 0 3 0 3 3 3 0 0 0 0 -1.455 0 1 0 1 1 1 0 0 0 0 0 0 0 0 0 0 0 3 3 3 3 0 3 0 0 0 0 0 0 0 0 0 0 0 3 3 3 3 3 3 3 0 0 0 0 3 0 3 3 0 3 3 0 0 0 3 3 3 3 3 -49.551 3 -20.037 3 -0.012 3 -0.012 3 3 0 3 3 3 3 3 0 0 0 0 0 0 0 0 0 0 0 0 0 0 0 0 0 0 0 0 1 0 0 0 0 0 0 0 0 0 0 0 0 0 0 0 0 0 0 0 0 0 0 0 0 0 0 0 0 0 0 0
366,SIPP_2^3,"241,151,0","222,20,0",1,1544.6803919999984,2907,1.66759,119.19407,23.56195,47.12389,7 7 7 0 0 0 7 0 0 0 0 0 0 0 0 0 1 1 1 1 1 1 1 1 1 0 1 1 0 0 1 0 0 0 0 0 0 1 0 0 0 0 0 0 0 0 0 1 0 1 0 0 0 0 0 0 0 0 0 0 0 0 0 0 0 1 0 0 0 0 0 0 0 0 0 0 0 0 0 0 0 0 0 0 0 0 0 0 0 0 0 7 0 0 7 7 7 7 0 7 0 7 0 0 0 0 0 0 0 7 7 7 7 7 7 7 7 7 7 7 7 6 6 6 6 7 7 7 7 7 7 7 0 0 7
366,SIPP_2^4,"241,151,0","222,20,0",1,1496.0032729999994,2613,3.94347,53.75834,10.63587,21.27174,15 14 15 14 0 0 -2.985 0 0 0 0 0 0 1 0 2 2 2 2 2 1 1 1 1 1 1 1 1 1 0 0 0 0 0 0 0 0 0 0 1 0 0 0 0 0 0 0 0 0 0 0 0 0 0 0 0 0 0 0 0 0 0 0 0 0 0 0 0 0 0 0 0 0 15 15 15 15 15 15 15 15 15 0 15 0 0 0 15 0 0 14 14 14 13 13 13 13 14 14 14 14 14 14 14 14 0 15
366,SIPP_2^5,"241,151,0","222,20,0",1,1476.838362,2369,9.08968,28.74333,5.73314,11.46628,29 29 -0.230 31 1 0 1 1 4 4 4 4 4 1 1 1 1 1 1 1 1 1 0 0 0 0 0 0 0 0 0 0 0 0 0 0 0 0 0 0 0 0 0 0 0 0 0 31 31 31 31 31 31 31 31 0 0 31 31 0 0 31 28 28 27 27 27 27 28 28 28 28 28 31
366,SIPP_BigCS,"241,151,4","222,20,4",1,1484.915071,16824,88.35235,39.42669,7.3611,1.1877,66 -3.915 158 6 58 252 177 204 204 204 204 204 308 6 6 6 6 6 6 6 6 6 6 6 6 6 6 6 6 6 6 2 82 202 202 306 6 6 6 6 6 6 82 202 202 362 22 205 205 253 102 102 102 102 102 170
366,SIPP_Standard,"241,151,4","222,20,4",1,1546.0,5555,9.86336,30.31474,5.664,0.6836,54 98 68 29 49 92 2 2 2 2 2 2 2 6 74 69 50 61 85
367,SIPP_2^2,"48,177,0","64,37,0",0,-1,0,0.0,0.0,0.0,0.0,
367,SIPP_2^3,"48,177,0","64,37,0",0,-1,0,0.0,0.0,0.0,0.0,
367,SIPP_2^4,"48,177,0","64,37,0",0,-1,0,0.0,0.0,0.0,0.0,
367,SIPP_2^5,"48,177,0","64,37,0",0,-1,0,0.0,0.0,0.0,0.0,
367,SIPP_BigCS,"48,177,0","64,37,0",0,-1,0,0.0,0.0,0.0,0.0,
367,SIPP_Standard,"48,177,6","64,37,6",0,-1,0,4e-05,0.0,0.0,0.0,
368,SIPP_2^2,"150,123,0","221,25,0",1,1818.029362,8386,2.97776,197.9899,43.9823,87.96459,1 1 1 1 1 1 1 1 1 1 1 1 1 1 1 1 1 1 1 1 1 1 1 1 1 1 1 1 1 1 1 1 1 1 1 1 1 0 0 1 0 0 0 0 0 0 0 0 0 0 0 0 1 0 1 0 0 0 1 0 1 0 1 -128.029 0 0 0 0 0 0 0 0 0 0 0 0 0 0 0 0 0 0 0 0 0 0 0 0 0 0 0 0 0 0 0 0 0 0 0 0 0 0 0 0 0 0 0 0 0 0 0 0 0 0 0 0 0 0 0 0 0 0 0 0 0 0 0 0 0 0 0 1 0 1 1 0 0 0 1 1 1 1 1 1 1 1 0 1 1 1 1 1 1 1 0 0 1 1 0 1 0 1 1 1 1 1 1 0 0 1
368,SIPP_2^3,"150,123,0","221,25,0",1,1621.2446599999992,6383,3.93601,159.42628,30.63053,61.26106,2 2 1 1 2 2 1 2 2 2 2 2 2 2 2 2 2 2 2 2 2 2 2 2 2 1 1 2 1 1 1 1 1 1 1 1 1 2 1 1 1 0 0 1 0 0 7 0 7 7 7 6 6 7 -11.810 0 -0.012 2 -9.926 0 -0.012 2 -0.012 2 -0.012 0 -0.012 0 -0.012 0 -0.012 2 2 1 -3.737 1 0 0 0 0 0 0 0 0 0 0 0 0 0 0 0 0 0 0 0 0 0 0 0 0 0 0 0 0 0 0 0 0 0 0 0 0 0 0 0 0 0 0 0 0 0 0 0 0 1 1 1 1 1 1 1 1 1 2 2 2 2 2 1 2 1 1 1 2 2 2 2 2 2 1 2 2 1
368,SIPP_2^4,"150,123,0","221,25,0",1,1568.2156629999997,5447,8.91949,104.12539,19.91875,39.8375,4 4 4 4 4 3 3 3 3 3 3 3 4 3 4 3 3 4 3 3 3 4 4 3 2 2 1 1 0 0 14 15 14 14 12 12 -20.871 12 -0.918 0 -14.448 0 -9.926 0 -0.012 4 -0.012 4 -0.012 4 -0.012 0 -0.012 0 -0.012 0 -0.012 4 4 2 -3.737 2 0 0 0 0 0 0 0 0 0 0 0 0 0 0 0 0 0 0 0 0 0 0 0 0 0 0 0 0 0 0 0 0 1 1 1 0 1 1 1 1 1 2 2 4 4 4 4 4 4 2 2 1 2 2 2 -1.714 2 2 3 3 2
368,SIPP_2^5,"150,123,0","221,25,0",1,1559.7476060000001,5366,21.98077,88.10458,18.25107,36.50214,7 7 7 7 7 7 7 7 7 7 6 6 6 6 4 4 2 1 31 28 28 28 24 24 -29.725 24 -0.918 0 -14.448 0 -9.926 0 -0.012 8 -0.012 8 -0.012 8 -0.012 0 -0.012 0 -0.012 0 -0.012 8 8 8 1 0 0 0 0 0 0 0 0 0 0 0 0 0 0 1 0 1 0 0 1 0 1 0 1 1 0 0 0 0 1 1 0 4 4 8 8 7 8 8 4 3 3 4 -0.667 6 6 6
368,SIPP_BigCS,"150,123,15","221,25,9",0,-1,27093,180.16681,0.0,0.0,0.0,
368,SIPP_Standard,"150,123,15","221,25,9",1,1675.95014,40231,93.04791,36.44458,6.9142,1.0025,89 1 1 21 32 81 2 -117.950 2 2 2 2 2 2 22 37 22 53 57 65
369,SIPP_2^2,"144,150,0","76,33,0",1,1966.05704,15357,5.44703,296.98485,65.97345,131.94689,3 3 3 3 3 3 3 3 3 3 3 3 3 3 3 3 0 0 0 0 0 0 0 0 0 0 0 0 3 3 3 3 3 3 3 3 3 3 3 3 3 3 3 3 3 3 3 0 0 0 0 3 0 3 0 3 0 3 0 3 3 3 0 3 0 0 0 0 0 0 0 0 0 0 0 0 0 0 3 0 0 3 0 0 0 0 3 0 3 3 0 3 3 3 3 0 3 3 3 3 0 0 0 0 0 0 3 0 0 0 0 0 3 3 0 0 0 0 0 3 0 0 0 0 0 0 3 3 3 0 0 0 0 3 0 0 0 0 3 3 0 3 -71.883 3 -0.062 3 0 0 0 0 0 -0.017 0 0 0 0 0 0 0 0 0 0 0 0 0 0 0 0 0 0 0 0 0 0 0 0 0 0 0 -6.477 0 -1.175 0 -14.874 0 0 0 -1.476 0 -0.093 0 0 0 0 1
369,SIPP_2^3,"144,150,0","76,33,0",1,1451.6652479999984,4177,2.866,55.83363,10.99558,21.99115,7 7 7 7 7 7 7 7 7 7 7 7 7 7 7 7 7 7 7 7 7 7 7 7 7 7 7 7 7 7 7 7 7 7 0 0 7 0 0 0 0 0 0 0 0 0 0 0 0 0 0 0 0 0 0 0 0 0 0 0 0 0 0 0 0 0 0 0 0 7 7 7 7 7 0 0 0 0 0 0 0 0 0 7 0 7 7 7 7 0 7 7 7 7 7 7 7 7 7 7 7 7 7 7 7 7 7 7 7 7 7 0 0 7 0 0 7
369,SIPP_2^4,"144,150,0","76,33,0",1,1389.290558999999,2347,4.44733,32.08492,6.39706,12.79411,15 15 15 15 15 15 15 15 15 15 15 15 15 15 15 15 15 15 15 15 15 15 14 14 15 15 15 14 14 15 14 15 14 15 15 15 15 15 15 14 15 -16.393 0 -3.179 0 0 15 15 15 15 15 15 15 15 15 14 15 14 14 14 14 14 14 15 14 14 14 14 14 15 14 14 14
369,SIPP_2^5,"144,150,0","76,33,0",1,1376.567160000001,1844,9.31275,17.22385,3.43244,6.86489,28 28 28 28 28 28 28 28 28 28 28 28 28 29 29 29 29 29 29 29 29 29 29 29 29 29 29 28 28 28 28 29 29 29 29 29 31 31 31 31 31 31 31 0 31 0 31 31 31 0 31 0 31
369,SIPP_BigCS,"144,150,13","76,33,8",1,1377.0,12796,116.78473,27.70138,5.0027,0.6059,202 202 202 202 202 202 202 202 202 250 102 102 102 102 182 250 102 102 102 102 182 250 102 102 102 102 102 182 218 102 102 102 102 170 6 6 6 6 82 202 202 202 202 306 6 82 306
369,SIPP_Standard,"144,150,13","76,33,8",1,1385.0,5620,17.86163,26.92175,4.9544,0.3507,66 54 66 30 30 54 66 54 66 54 66 54 58 90 2 6 90
370,SIPP_2^2,"126,191,0","107,54,0",0,-1,0,0.0,0.0,0.0,0.0,
370,SIPP_2^3,"126,191,0","107,54,0",0,-1,0,0.0,0.0,0.0,0.0,
370,SIPP_2^4,"126,191,0","107,54,0",0,-1,0,0.0,0.0,0.0,0.0,
370,SIPP_2^5,"126,191,0","107,54,0",0,-1,0,0.0,0.0,0.0,0.0,
370,SIPP_BigCS,"126,191,0","107,54,0",0,-1,0,0.0,0.0,0.0,0.0,
370,SIPP_Standard,"126,191,13","107,54,15",0,-1,0,4e-05,0.0,0.0,0.0,
371,SIPP_2^2,"22,12,0","130,115,0",1,2110.0,14727,5.22396,403.05087,89.53539,179.07078,2 2 2 2 2 2 2 2 2 2 2 2 2 2 2 2 2 2 2 2 2 2 2 2 2 2 2 2 2 2 2 2 2 2 2 2 2 2 1 1 2 1 1 1 1 2 1 1 2 1 2 2 2 2 2 2 2 2 2 2 2 2 2 1 1 2 2 1 2 2 2 2 2 2 2 1 1 1 2 2 2 2 2 1 2 1 1 1 1 1 1 1 1 1 1 1 1 1 1 1 2 1 1 2 1 1 1 1 1 1 1 1 1 1 1 1 1 2 2 2 2 2 2 2 1 2 1 1 2 1 2 1 1 2 1 2 2 2 2 2 2 2 1 2 1 1 1 2 2 1 1 1 1 2 1 1 1 1 1 1 2 1 1 1 2 1 1 1 1 2 1 1 2 1 2 1 1 1 1 2 2 1 1 2 1 1 1 1 2 1 1 2 1 1 1 1 1 1 1 1 1 1 1 1 1 1 1 1 1 1 1
371,SIPP_2^3,"22,12,0","130,115,0",1,1665.4042459999998,6484,4.25974,118.1512,23.56195,47.12389,3 3 3 4 4 3 3 3 3 3 3 3 3 3 4 4 3 3 3 3 3 3 3 3 3 4 4 4 4 4 4 4 4 4 4 3 3 3 3 3 4 4 3 4 4 4 3 4 -5.517 3 3 3 3 3 3 3 3 3 3 3 3 3 3 3 3 3 3 3 3 3 3 3 3 2 3 3 3 3 2 3 3 3 3 3 3 3 3 3 3 3 3 3 3 3 3 3 3 2 2 3 2 3 2 2 3 3 3 3 2 3 2 2 2 3 3 3 3 2 2 2 2 2 -3.478 2 2 2 2 2 -10.186 2 0 1
371,SIPP_2^4,"22,12,0","130,115,0",1,1661.228419,7547,13.25142,63.91544,12.50039,25.00078,6 6 7 6 7 7 7 7 7 7 6 6 6 6 6 6 6 6 6 6 6 6 6 7 6 6 -0.586 6 6 5 5 6 5 6 5 5 5 5 7 7 7 7 7 7 7 7 7 7 7 8 7 8 8 7 6 5 5 5 6 6 6 6 6 6 6 6 6 6 6 6 6 6 6 6 6 6 5 5 5 6 6 6 6 6 6 6 6 6 -1.456 5 4 4 3 4 3 3 2 14 -4.090 0
371,SIPP_2^5,"22,12,0","130,115,0",1,1661.228419,7770,34.38686,45.12525,8.76923,17.53846,13 13 13 13 13 13 12 12 12 12 13 12 12 13 13 12 11 10 10 10 10 10 11 10 14 15 14 14 14 14 15 14 14 14 14 15 14 13 12 11 12 12 12 12 12 12 12 11 11 11 11 11 11 12 12 12 12 12 12 13 12 9 -3.763 8 8 6 7 6 4 28 -6.338 0
371,SIPP_BigCS,"22,12,10","130,115,1",0,-1,24059,180.21675,0.0,0.0,0.0,
371,SIPP_Standard,"22,12,10","130,115,1",1,1663.4317609999998,43501,116.18,37.09174,7.0808,0.8132,8 52 88 8 52 64 28 28 28 28 28 48 71 48 71 48 71 28 -4.708 32 -25.724 73
372,SIPP_2^2,"200,84,0","90,28,0",1,2114.0358459999998,12824,4.24817,311.12698,72.25663,144.51326,0 0 0 0 0 0 0 0 0 0 3 0 0 0 0 0 0 0 0 0 0 0 0 3 0 0 0 3 3 0 3 0 0 0 0 0 0 0 0 0 3 3 0 3 3 3 3 3 3 3 3 0 3 3 3 0 3 3 3 0 0 0 0 0 0 3 0 0 0 3 3 3 3 3 3 3 3 0 3 3 3 3 3 3 3 3 3 3 3 3 3 3 3 3 3 3 3 0 0 0 0 0 0 3 3 3 3 3 3 3 3 3 3 3 3 3 3 3 3 0 3 3 3 0 0 0 0 0 0 0 0 0 0 0 0 0 0 -161.137 2 -12.273 3 2 3 2 3 3 3 3 3 3 3 3 3 3 2 3 3 3 3 3 3 3 3 3 -12.684 3 -0.310 2 3 -3.444 3 -4.186 3 3 3 3 3 3 3 3 3 3 2 2 3 2 2 2 3 2 3 3 3 3 3 2 3 2
372,SIPP_2^3,"200,84,0","90,28,0",1,1531.5433040000003,2171,1.31354,123.33507,24.34734,48.69469,0 7 0 7 0 7 0 0 0 0 0 0 0 0 0 0 0 0 0 0 0 0 0 0 7 7 7 7 0 0 0 0 0 7 7 7 7 7 7 7 7 7 7 7 7 7 7 6 6 6 6 7 7 7 7 7 7 7 0 7 6 6 7 6 6 6 6 6 6 6 6 6 6 6 6 6 6 7 6 6 6 6 7 7 6 6 6 6 6 6 6 6 6 6 6 6 6 6 6 6 6 6 6 6 7 6 6 6 6 5 6 6 6 6 6 6 6 6 6 6 6 6 5 6 6 6 6 6 6 6 5 6 6 5 6 6 5
372,SIPP_2^4,"200,84,0","90,28,0",1,1506.3395240000002,2000,3.06578,68.33802,13.59761,27.19521,0 0 0 0 0 0 0 0 0 15 15 15 15 0 0 0 15 15 0 15 0 0 0 0 0 15 14 14 14 14 14 14 14 14 14 14 13 13 13 14 13 14 15 14 14 15 -5.190 13 14 12 12 12 12 12 12 12 12 12 12 12 12 12 12 12 12 12 13 13 13 12 12 12 12 12 12 12 12 12 12 12 12 12 12 13 12 12 12 12 12 12 12 12 12 12 12 12 12 12 12 12 11 12 11 12 11 12 12 12 12 11 11 12 12 11
372,SIPP_2^5,"200,84,0","90,28,0",1,1495.0724240000004,1852,7.12421,41.31806,8.18697,16.37395,31 31 31 31 31 31 0 0 0 0 31 0 31 0 0 0 0 0 28 28 27 27 28 28 28 28 27 28 27 28 30 30 31 25 -0.536 25 25 25 25 24 24 24 24 24 24 24 24 24 24 24 24 24 24 24 24 24 24 24 24 24 24 24 24 24 24 24 24 24 24 24 24 24 24 24 24 24 24 24 23 24 24 23 23 24 23 24 24 23 24 24 23
372,SIPP_BigCS,"200,84,4","90,28,0",1,1498.0,12908,64.39591,39.24917,7.4541,1.0917,6 82 202 306 82 362 6 6 22 253 102 126 205 325 202 202 202 322 205 205 309 7 7 7 3 7 7 3 7 7 7 7 7 7 7 7 7 7 7 7 31 307 7 7 7 7 7 7 7 7 7 7 31 307
372,SIPP_Standard,"200,84,4","90,28,0",1,1515.602925,1921,3.56424,39.93573,7.4792,0.8594,6 58 90 2 14 69 50 77 -20.629 82 19 93 3 3 3 -4.973 7 91 3 7
373,SIPP_2^2,"19,173,0","169,176,0",1,1775.957563,1906,0.69263,98.99495,21.99115,43.9823,1 2 2 2 2 2 2 2 2 2 2 1 1 1 1 1 1 1 1 1 1 1 1 2 2 -26.030 1 -20.037 1 -0.012 1 -0.012 1 1 1 1 1 1 1 1 1 1 1 1 1 1 1 1 1 1 1 1 1 1 1 1 0 1 1 1 1 0 0 1 0 0 0 0 1 1 1 1 1 1 1 1 1 1 1 1 1 0 1 1 1 1 1 1 1 1 1 1 1 1 1 1 1 1 1 1 1 1 1 1 1 1 1 1 1 1 1 1 1 1 1 1 1 1 1 1 1 1 1 1 1 1 1 1 1 1 1 1 1 1 1 1 1 1 1 1 1 1 1 1 1 0 -17.592 1 1 -2.274 1 1 1 1 1 1 1 1 1 1 1 1 1 1 1 1 1 1 1 1 1 1 1 1 1 1 1
373,SIPP_2^3,"19,173,0","169,176,0",1,1651.922986,1531,0.93508,67.54829,13.35177,26.70354,2 2 2 2 2 2 2 2 2 2 2 2 2 2 2 1 1 1 1 2 1 1 -2.673 2 -1.089 2 -1.636 2 3 4 3 3 3 3 4 3 3 4 3 3 3 3 3 3 3 2 2 2 2 2 2 2 2 2 2 2 2 2 2 2 2 2 2 2 2 2 2 2 2 2 2 1 1 1 1 1 -0.546 1 2 1 2 2 2 2 2 2 2 2 2 2 2 2 2 2 2 2 2 2 2 2 2 2 2 2 2 2 2 2 2 2 2 2 2 2 2 2 2 2 2 2 2 2 2 2 2 2 2 2 2 2 2 2 2 2 2 2 2 2 2 2 2 2 2 2 2 2 2 2 2 2 2 2 2 2 2 2 1
373,SIPP_2^4,"19,173,0","169,176,0",1,1648.026699,1641,2.69657,40.37299,8.03384,16.06767,4 4 4 4 4 4 4 4 4 4 4 4 4 4 3 2 2 2 2 3 -6.236 4 -1.089 4 -1.636 4 6 6 7 6 6 6 6 6 6 6 7 6 7 5 4 4 4 4 4 4 4 3 3 4 4 4 4 4 4 4 4 4 4 4 4 4 3 2 3 -15.371 3 -0.875 3 4 4 4 4 4 4 4 4 4 4 4 4 4 4 4 4 4 4 4 4 4 4 4 4 4 4 4 4 4 4 4 4 4 4 4 4 4 4 4 4 4 4 4 4 4 4 4 4 4 4 4 4 4 4 4 4 4 4 4 4 4 4 4 4 4 4 4 4 4 4 4 4 4 4 4 3
373,SIPP_2^5,"19,173,0","169,176,0",1,1641.6018560000007,1775,6.84109,43.28403,8.64644,17.29287,8 8 8 8 8 8 8 8 8 8 8 8 8 7 4 4 4 4 4 7 -0.114 10 12 12 12 13 13 13 12 13 9 8 8 8 8 8 8 8 8 8 8 8 8 8 8 8 8 8 8 8 8 8 8 8 8 8 9 9 8 8 8 11 10 7 7 7 7 7 7 7 7 8 8 8 8 8 8 8 8 8 7 8 8 8 8 8 8 8 8 8 8 8 8 8 8 8 8 7 8 8 7 7 8 8 8 8 7
373,SIPP_BigCS,"19,173,7","169,176,0",1,1637.2220029999999,9495,53.11076,35.17084,6.6558,1.299,5 5 5 5 5 1 65 101 101 101 101 -5.470 169 -2.752 73 100 100 180 248 128 1 1 1 57 207 207 383 201 201 201 201 201 305 5 1 5 5 1 5 5 5 5 5 5 5 5 5 5 5 5 5 5 5 5 5 5 5 5 81 305
373,SIPP_Standard,"19,173,7","169,176,0",1,1755.9732490000001,7652,16.43615,43.89647,8.3036,1.0453,-8.481 56 -3.971 80 -87.573 1 1 5 -1.949 73 84 1 17 95 1 1 1 9 53 89 17 95 1 21
374,SIPP_2^2,"104,153,0","110,7,0",1,1816.742974,6290,2.39767,240.41631,53.40708,106.81415,0 0 3 3 3 3 3 3 0 0 0 0 0 0 0 0 0 0 0 0 1 1 -25.013 0 1 0 0 0 0 0 0 0 0 0 0 0 0 0 0 0 0 0 0 0 0 0 0 0 0 0 0 1 0 0 0 0 0 0 0 0 0 0 0 0 0 0 0 0 0 0 0 0 0 0 0 0 0 0 0 0 0 0 0 0 0 0 0 0 0 -0.478 0 -11.346 0 0 0 0 0 0 0 0 0 0 0 0 0 0 0 0 0 0 -10.573 0 0 0 0 0 0 1 0 1 0 0 0 0 1 0 0 1 0 1 0 1 1 0 0 3 3 3 3 3 0 0 0 0 0 0 0 0 0 0 -4.647 0 -4.686 0 0 0 0 0 0 0 0 1 1 0 1 0 0 1 0 1 0 1 1 0 0 0 0 0 0 0 3 0
374,SIPP_2^3,"104,153,0","110,7,0",1,1709.116895999999,7519,5.007,130.84083,25.91814,51.83628,0 1 1 1 1 1 1 1 1 0 0 0 0 0 0 0 0 0 0 0 0 0 0 0 0 0 0 0 0 0 0 0 0 0 0 0 0 0 0 0 0 0 0 0 0 0 0 0 0 0 0 0 0 0 0 0 0 0 0 0 0 0 0 0 0 0 0 1 0 0 0 0 0 0 0 0 0 1 0 7 0 7 7 7 6 6 7 0 0 0 0 0 0 0 0 0 0 0 0 0 0 0 1 0 0 0 0 0 0 0 7 0 0 0 0 0 0 0 0 0 7 7 7 7 7 7 0 0 0 7 7 0 7 0 0 1 1 1 2 1 2 2 2 2 2 2 1 2 1 1 0 0 7 7 0 7
374,SIPP_2^4,"104,153,0","110,7,0",1,1700.223049,7967,14.02308,68.85069,13.70155,27.4031,2 2 2 2 2 2 1 1 0 15 15 15 15 15 15 15 15 15 15 15 15 0 0 0 0 0 0 0 0 15 0 15 0 0 0 0 0 0 0 0 0 15 0 15 15 15 0 15 15 0 15 0 0 0 0 0 0 0 15 0 0 0 0 0 0 0 0 0 0 0 0 0 0 0 0 0 0 0 0 0 0 0 0 0 0 0 0 0 0 0 0 1 1 1 1 1 1 1 0 0 -5.078 0 0 0 2 2 2 3 4 4 4 4 4 4 4 3 3 -5.946 0 -1.012 0 14 15 14
374,SIPP_2^5,"104,153,0","110,7,0",1,1699.775746,8146,36.47721,48.22427,9.50069,19.00138,4 4 4 4 3 4 2 31 31 31 31 31 31 31 31 31 31 31 31 31 31 31 31 0 31 31 31 0 31 31 0 0 0 0 0 0 31 0 0 0 0 0 0 0 0 0 0 0 0 0 0 0 0 0 0 0 0 0 0 0 0 0 0 0 0 0 0 1 0 1 3 3 1 0 -21.304 0 0 0 4 4 4 7 8 8 8 8 7 7 -8.159 0 -1.012 0 29 28
374,SIPP_BigCS,"104,153,4","110,7,12",0,-1,20693,180.22694,0.0,0.0,0.0,
374,SIPP_Standard,"104,153,4","110,7,12",1,1725.8218080000001,53989,149.46176,45.15658,8.326,1.1317,29 33 58 90 10 46 2 6 58 58 90 2 2 2 22 49 68 -67.822 53 73 108
375,SIPP_2^2,"101,23,0","84,166,0",1,1600.0,2531,0.92302,141.42136,31.41593,62.83185,2 3 2 2 3 3 3 3 2 2 2 2 2 2 2 2 2 2 2 2 2 2 2 2 3 2 2 2 2 2 2 2 2 2 2 2 2 2 2 2 2 2 2 2 2 2 2 2 2 2 2 2 2 2 2 2 2 2 2 2 2 2 2 2 2 2 2 2 2 2 2 2 2 2 2 2 2 2 3 2 2 3 2 2 3 2 2 3 3 3 2 3 2 2 2 2 2 2 2 3 2 2 2 2 2 2 2 2 2 2 2 2 2 2 2 2 2 2 2 2 2 2 2 2 2 2 2 2 2 2 2 2 2 2 2 2 2 2 2 2 2 2 2 2 2 2 2 2 2 2 2 2 2 2 2 2 3 3 3 2
375,SIPP_2^3,"101,23,0","84,166,0",1,1516.9848559999991,3107,1.91934,91.2684,18.06416,36.12832,4 4 4 4 4 4 4 4 4 4 4 4 4 4 4 4 4 4 4 4 4 3 3 4 5 5 5 5 4 4 4 4 4 4 4 4 4 4 4 4 4 4 4 4 4 4 4 4 4 4 4 4 4 4 4 4 4 4 4 4 4 4 4 4 4 4 4 4 4 4 4 4 4 4 4 4 4 4 4 4 4 4 4 4 4 4 4 4 4 4 4 4 4 4 4 4 4 4 4 4 4 4 4 4 4 5 4 4 4 5 5 4 4 5 4 4 5 5 4 4 5 5 4 4 5 4 5 4 4 4 4 5 5 4 4 5 5 4 4 4 4 4 5
375,SIPP_2^4,"101,23,0","84,166,0",1,1474.85292,1938,3.15964,25.67851,5.10012,10.20025,8 9 9 9 9 9 9 9 8 9 8 8 8 8 8 8 8 8 8 8 8 8 8 8 8 8 8 8 8 8 8 8 8 8 8 8 8 8 8 8 9 8 8 8 8 8 8 9 9 9 9 8 8 8 8 8 8 9 9 9 9 9 8 8 8 8 8 8 8 8 8 8 8 8 8 8 8 8 8 8 8 8 8 8 8 8 8 8 8 8 8 8 8 8 8 8 8 8 8 8 8 8 8 8 8 8 8 8 8 8 8 8 8 8 8 8 8 8 8 8 8 8 8 7
375,SIPP_2^5,"101,23,0","84,166,0",1,1462.3085690000005,1455,6.15305,14.31976,2.8578,5.7156,17 17 18 18 17 17 17 17 16 16 16 16 16 16 16 16 16 16 16 16 16 16 16 16 16 16 16 16 16 16 16 16 16 16 16 16 16 17 16 17 17 17 17 17 17 17 17 16 16 16 16 16 16 16 16 16 16 16 16 16 16 16 16 16 16 16 16 16 16 16 16 16 16 16 16 16 16 16 16 16 16 16 16 16 16 16 16 17 16 16 16 16 16 16 16 16 16 16 16 16 16 16 16 16 16 16 15
375,SIPP_BigCS,"101,23,2","84,166,11",1,1468.0,9023,63.21799,11.68841,1.946,0.2163,206 206 206 206 206 206 206 206 310 4 0 4 4 4 4 4 0 4 4 0 4 4 4 84 206 206 206 206 310 0 0 0 0 0 4 4 4 4 4 4 0 4 4 4 4 4 28
375,SIPP_Standard,"101,23,2","84,166,11",1,1490.0,4333,10.65172,27.63175,5.0575,0.57,94 20 39 16 62 62 94 0 0 0 0 0 0 0 0 4 88 16
376,SIPP_2^2,"181,136,0","97,22,0",0,-1,0,0.0,0.0,0.0,0.0,
376,SIPP_2^3,"181,136,0","97,22,0",0,-1,0,0.0,0.0,0.0,0.0,
376,SIPP_2^4,"181,136,0","97,22,0",0,-1,0,0.0,0.0,0.0,0.0,
376,SIPP_2^5,"181,136,0","97,22,0",0,-1,0,0.0,0.0,0.0,0.0,
376,SIPP_BigCS,"181,136,0","97,22,0",0,-1,0,0.0,0.0,0.0,0.0,
376,SIPP_Standard,"181,136,13","97,22,14",0,-1,69621,180.00053,0.0,0.0,0.0,
377,SIPP_2^2,"255,131,0","187,11,0",0,-1,0,0.0,0.0,0.0,0.0,
377,SIPP_2^3,"255,131,0","187,11,0",0,-1,0,0.0,0.0,0.0,0.0,
377,SIPP_2^4,"255,131,0","187,11,0",0,-1,0,0.0,0.0,0.0,0.0,
377,SIPP_2^5,"255,131,0","187,11,0",0,-1,0,0.0,0.0,0.0,0.0,
377,SIPP_BigCS,"255,131,0","187,11,0",0,-1,0,0.0,0.0,0.0,0.0,
377,SIPP_Standard,"255,131,5","187,11,12",0,-1,0,3e-05,0.0,0.0,0.0,
378,SIPP_2^2,"86,43,0","154,166,0",0,-1,0,0.0,0.0,0.0,0.0,
378,SIPP_2^3,"86,43,0","154,166,0",0,-1,0,0.0,0.0,0.0,0.0,
378,SIPP_2^4,"86,43,0","154,166,0",0,-1,0,0.0,0.0,0.0,0.0,
378,SIPP_2^5,"86,43,0","154,166,0",0,-1,0,0.0,0.0,0.0,0.0,
378,SIPP_BigCS,"86,43,0","154,166,0",0,-1,0,0.0,0.0,0.0,0.0,
378,SIPP_Standard,"86,43,11","154,166,10",0,-1,0,3e-05,0.0,0.0,0.0,
379,SIPP_2^2,"83,49,0","56,182,0",1,1991.630809,11382,4.08338,141.42136,31.41593,62.83185,0 3 0 0 3 3 2 3 3 -48.252 2 -12.274 2 -12.194 2 -1.255 2 -1.750 2 -3.105 1 2 2 -8.382 2 2 2 2 2 2 2 2 2 2 2 2 2 2 2 2 2 2 2 2 2 2 2 2 2 2 2 2 2 2 2 2 2 2 2 2 2 2 2 2 2 2 2 2 2 2 2 2 2 2 2 2 2 2 2 2 2 2 2 2 2 2 2 2 2 2 2 2 2 2 2 2 2 2 2 2 2 2 2 2 2 2 2 2 2 2 2 2 2 2 2 2 2 2 1 1 1 1 2 2 2 2 2 2 2 2 2 2 2 2 2 2 2 2 2 2 2 2 2 2 2 2 2 2 3 3 3 3 2 2 2 2 3 2 3 3 3 3 2 3 3 -134.273 3 -1.109 3 -0.370 3 -0.093 3 -0.020 3 3 3 3 -0.029 2 -0.033 3 -0.117 3 -0.395 3 -0.869 3 -1.093 3 -1.489 3 -1.890 3 -1.722 3 -0.918 2
379,SIPP_2^3,"83,49,0","56,182,0",1,1600.1662069999993,6389,4.27831,92.23622,18.06416,36.12832,4 3 3 3 4 4 4 4 4 4 4 4 4 4 4 4 4 4 4 4 4 4 4 4 4 4 4 4 4 4 3 3 3 4 4 4 3 4 4 4 4 4 4 4 -0.755 5 4 5 4 4 5 4 4 4 4 4 4 4 4 4 4 4 4 4 4 4 4 4 4 4 4 4 4 4 4 4 4 4 4 4 4 4 4 4 4 4 4 4 4 4 4 4 4 4 4 4 4 4 4 4 4 4 4 4 4 4 4 4 4 4 4 4 4 4 4 4 4 4 4 4 5 5 5 5 5 5 6 6 6 6 6 6 5 6 5 5 6 6 6 6 6 5 6 6 5 5 5 6 6 6 5
379,SIPP_2^4,"83,49,0","56,182,0",1,1575.389273,6237,10.59884,57.07424,11.38331,22.76662,7 6 7 8 8 8 8 8 8 7 8 8 8 8 8 7 8 8 8 8 8 8 8 8 7 8 7 8 8 8 8 8 8 8 8 8 7 8 8 8 8 8 8 9 9 9 9 8 8 8 8 8 8 8 8 8 8 8 8 8 8 8 8 8 8 8 8 8 8 8 8 8 8 8 8 8 8 8 8 8 8 8 8 8 8 8 8 8 8 8 8 8 8 8 8 8 8 8 8 8 8 8 8 9 9 9 9 8 10 10 11 12 12 12 12 12 12 12 12 10 10 11 11 10 11 11 12 -1.049 12 -1.137 12 -1.138 12
379,SIPP_2^5,"83,49,0","56,182,0",1,1575.389273,6517,27.9467,53.50389,10.28609,20.57218,12 15 15 15 15 15 15 15 16 16 16 16 16 16 16 16 16 16 16 16 16 16 16 16 16 16 16 16 16 16 16 16 16 16 16 17 17 16 17 17 16 16 16 16 16 16 16 16 16 16 16 16 16 16 16 16 16 16 16 16 16 16 16 16 16 16 16 16 16 16 16 16 16 16 16 16 16 16 16 16 16 16 17 16 16 16 17 16 16 16 17 16 17 20 20 24 24 24 24 24 24 24 24 24 24 -0.849 22 20 20 20 21 23 -0.759 24 -1.137 24 -1.137 16 -1.137 24 -1.138 24
379,SIPP_BigCS,"83,49,13","56,182,2",0,-1,25116,180.1553,0.0,0.0,0.0,
379,SIPP_Standard,"83,49,13","56,182,2",1,1612.0,37000,93.46911,27.05594,5.2116,0.6845,28 44 0 0 0 0 20 39 0 0 0 0 0 0 0 20 47 3 11 55
380,SIPP_2^2,"193,81,0","74,92,0",1,1820.0,4742,1.79538,240.41631,53.40708,106.81415,1 2 1 2 2 1 1 1 1 1 2 2 1 2 3 2 3 3 3 3 3 3 2 2 2 2 2 2 2 2 2 2 2 2 3 3 2 2 2 2 3 2 3 2 2 2 3 2 3 3 3 3 3 3 3 3 3 3 2 3 3 3 3 3 3 3 3 3 3 3 3 3 3 3 3 3 3 3 3 3 3 3 3 3 3 3 3 3 3 3 3 3 3 3 3 3 0 0 3 3 3 3 3 3 3 3 3 0 3 3 3 3 3 3 3 3 3 3 3 3 3 3 3 3 3 3 3 3 3 3 3 3 3 3 3 3 3 3 3 3 3 3 3 3 3 3 3 3 3 0 3 3 3 3 3 3 3 3 3 0 0 0 0 3 3 3 3 3 3 3 0 3 0 0 0 0 0 0 0 0 0 3
380,SIPP_2^3,"193,81,0","74,92,0",1,1608.1118479999986,3236,1.99192,102.60368,20.42035,40.84071,3 3 3 3 4 3 3 4 4 4 4 4 4 4 5 5 5 4 5 5 5 4 5 5 4 4 5 5 5 5 5 5 5 6 6 6 6 6 6 6 6 6 6 6 6 6 6 6 6 6 6 6 6 6 6 6 6 6 6 6 6 6 6 6 6 6 6 6 6 6 6 6 6 6 6 6 6 6 6 6 6 6 6 6 6 6 6 6 6 6 6 6 6 7 7 7 7 7 7 6 6 6 6 6 6 6 6 6 7 6 6 6 7 6 6 6 6 6 7 7 7 7 7 7 7 7 7 6 6 6 7 6 6 7 6 6 7 7 6 6 6 6 7
380,SIPP_2^4,"193,81,0","74,92,0",1,1577.50497,3005,4.83797,34.36998,6.78479,13.56958,6 6 7 6 7 7 9 9 9 9 9 9 10 9 9 9 9 10 10 10 10 -0.263 12 12 12 12 12 12 12 12 12 12 12 12 12 12 12 12 12 12 12 12 12 12 12 12 12 12 12 12 12 12 12 12 12 12 12 12 12 12 12 12 12 12 12 12 12 12 12 12 12 12 12 12 12 12 12 12 12 13 13 13 14 14 13 13 13 13 13 12 -3.076 12 -0.178 12 -0.288 12 12 12 12 12 12 12 12 13 13 13 13 13 13 13 13 13 13 13 13 -4.376 0
380,SIPP_2^5,"193,81,0","74,92,0",1,1577.50497,3252,13.57312,30.05973,6.04652,12.09304,13 13 13 17 18 19 19 18 18 18 19 19 20 20 -2.350 24 24 24 24 24 24 24 24 24 24 24 24 24 24 24 24 24 24 24 24 24 24 24 24 24 24 24 24 24 24 24 24 24 24 24 24 24 24 24 24 24 24 24 24 24 24 24 24 24 24 24 24 24 24 24 25 25 -0.179 26 27 26 26 26 27 -1.581 26 24 23 24 24 24 24 25 26 26 26 26 26 26 26 26 26 26 26 -5.283 0
380,SIPP_BigCS,"193,81,5","74,92,4",1,1577.390756,24183,153.72558,41.42833,7.76,1.4937,100 180 376 206 206 206 206 206 206 206 254 -9.163 151 365 7 7 7 7 7 7 7 7 7 3 7 7 7 7 7 7 7 7 7 7 7 7 7 7 7 7 7 7 7 7 7 7 7 7 3 87 205 205 325 330 -0.608 3 87 205 205 205 205 373 -0.620 234
380,SIPP_Standard,"193,81,5","74,92,4",1,1594.403855,5802,15.39828,27.96036,4.8794,0.5029,64 44 20 55 59 -11.404 91 3 3 3 3 3 3 19 61 93 19 61 61 69
381,SIPP_2^2,"184,146,0","123,27,0",0,-1,0,0.0,0.0,0.0,0.0,
381,SIPP_2^3,"184,146,0","123,27,0",0,-1,0,0.0,0.0,0.0,0.0,
381,SIPP_2^4,"184,146,0","123,27,0",0,-1,0,0.0,0.0,0.0,0.0,
381,SIPP_2^5,"184,146,0","123,27,0",0,-1,0,0.0,0.0,0.0,0.0,
381,SIPP_BigCS,"184,146,0","123,27,0",0,-1,0,0.0,0.0,0.0,0.0,
381,SIPP_Standard,"184,146,6","123,27,15",0,-1,68760,180.00112,0.0,0.0,0.0,
382,SIPP_2^2,"28,30,0","105,153,0",0,-1,0,0.0,0.0,0.0,0.0,
382,SIPP_2^3,"28,30,0","105,153,0",0,-1,0,0.0,0.0,0.0,0.0,
382,SIPP_2^4,"28,30,0","105,153,0",0,-1,0,0.0,0.0,0.0,0.0,
382,SIPP_2^5,"28,30,0","105,153,0",0,-1,0,0.0,0.0,0.0,0.0,
382,SIPP_BigCS,"28,30,0","105,153,0",0,-1,0,0.0,0.0,0.0,0.0,
382,SIPP_Standard,"28,30,2","105,153,13",0,-1,0,4e-05,0.0,0.0,0.0,
383,SIPP_2^2,"203,232,0","196,79,0",1,1600.0,919,0.30115,84.85281,18.84956,37.69911,0 0 0 0 0 0 0 0 0 0 0 3 0 0 0 0 0 0 0 0 0 0 0 3 0 0 0 0 0 0 0 0 3 0 0 0 0 0 0 0 0 0 0 0 0 0 0 0 0 0 0 0 0 0 0 0 0 0 0 0 0 0 0 0 0 0 0 0 0 0 0 0 0 0 0 0 0 0 0 0 0 0 0 0 0 0 0 0 0 0 0 0 0 0 0 0 0 0 0 0 0 0 0 0 0 0 0 0 0 0 3 3 0 0 0 0 3 0 0 0 0 0 0 0 0 0 0 0 0 0 0 0 0 0 0 0 0 0 0 0 0 0 0 0 0 0 0 0 0 0 0 0 0 0 0 0 0 0 3 0
383,SIPP_2^3,"203,232,0","196,79,0",1,1558.9949519999998,979,0.56661,19.87871,3.92699,7.85398,0 7 7 7 0 0 0 0 0 0 0 0 0 0 0 0 0 0 0 0 0 0 0 0 0 0 0 0 0 0 0 0 0 0 0 0 0 0 0 0 0 0 0 0 0 0 0 0 0 0 0 0 0 0 0 0 0 0 0 0 0 0 0 0 0 0 0 0 0 0 0 0 0 0 0 0 0 0 0 0 0 0 0 0 0 0 0 0 0 0 0 0 0 0 0 0 0 0 0 0 0 0 0 0 0 0 0 0 0 0 0 0 0 0 0 0 0 0 0 0 0 0 0 0 0 0 0 0 0 0 0 0 0 0 0 0 0 0 0 0 0 0 0 0 0 0 0 7 7 7 0 0 7
383,SIPP_2^4,"203,232,0","196,79,0",1,1546.52476,860,1.30116,20.93929,4.17283,8.34566,0 0 0 0 0 0 0 0 0 0 0 0 0 15 0 0 0 0 0 0 0 0 15 0 0 0 0 15 0 0 0 0 0 0 0 0 0 0 0 0 0 0 0 0 0 0 0 0 0 0 0 0 0 0 0 0 0 0 0 0 0 0 0 0 0 0 0 0 0 0 0 0 0 0 0 0 0 0 0 0 0 0 0 0 0 0 0 0 0 0 15 15 15 0 0 0 0 0 0 0 0 0 0 0 0 0 0 0 0 0 0 0 0 0 0 0 0 0 0 0 0 0 0 0 0 0 0 0 0 0 0 0 0 0 0 0 0 0 0 0 0 0 0 0 0 15
383,SIPP_2^5,"203,232,0","196,79,0",1,1541.3594389999998,888,3.34103,12.89072,2.574,5.14801,0 0 0 0 0 0 0 0 0 0 0 0 0 31 0 0 0 31 0 0 0 0 0 0 31 31 31 31 0 0 0 0 0 0 0 0 0 0 0 0 0 31 0 0 0 0 0 0 0 0 0 0 0 0 0 0 0 0 0 0 0 0 0 0 0 0 0 0 0 0 0 0 0 0 0 0 0 0 0 0 0 0 0 0 0 0 0 0 0 0 0 0 0 0 0 0 0 0 0 0 0 0 0 0 0 0 0 0 0 0 0 0 0 0 0 0 0 0 0 0 0 0 0 0 0 0 0 0 0 0 0 0 0 0 0 0 0 0 0
383,SIPP_BigCS,"203,232,10","196,79,4",1,1544.0,3149,18.29087,13.08608,2.5297,0.2666,362 6 2 6 6 6 6 6 6 82 362 2 6 6 6 6 6 6 2 2 2 2 6 6 6 6 6 6 2 6 2 2 2 6 2 6 6 6 6 6 6 6 6 6 14 306
383,SIPP_Standard,"203,232,10","196,79,4",1,1610.0,8931,18.7381,21.5619,4.1175,0.5357,46 2 2 2 2 2 2 2 2 2 2 2 10 30 54 106 49 92 2 2
384,SIPP_2^2,"83,125,0","176,229,0",1,2291.837426,14857,5.18541,226.27417,53.40708,106.81415,1 -0.041 2 -0.034 3 -0.032 3 -0.033 3 -21.380 3 -32.394 1 -0.869 0 -13.774 0 0 0 0 0 0 0 1 -6.912 1 1 1 1 1 1 1 1 1 1 1 1 1 1 1 1 1 1 1 1 1 1 1 1 1 1 1 1 1 1 1 1 1 1 1 1 1 1 1 1 1 1 1 1 1 2 2 2 2 2 2 2 2 2 1 1 2 1 2 2 2 2 2 2 2 2 2 1 2 2 2 1 2 2 1 1 2 1 2 2 2 2 2 2 2 2 2 2 2 2 2 2 2 2 2 2 2 2 2 2 2 1 2 2 2 2 2 2 2 2 2 2 2 2 2 2 2 2 2 2 2 2 2 2 2 2 2 2 2 2 2 2 2 2 2 2 2 2 2 2 2 2 2 2 2 2 2 2 2 2 2 2 2 1 1 1 1 1 1 1 1 1 1 1 1 2 2 2 1 2 1 1 1 1 2 2 1 -4.490 1 1 -1.880 1 1 1 2 2 2 1 1 1 1 1 1 1 1 1 2 1 1 1 1 1 1 1 2 2 1
384,SIPP_2^3,"83,125,0","176,229,0",1,1609.7527969999996,3795,2.31205,151.36452,30.63053,61.26106,2 -0.041 4 -0.034 6 -10.064 4 -0.117 6 -11.263 4 3 3 3 3 3 3 3 3 3 2 3 3 3 3 3 3 3 3 2 2 3 3 2 4 4 4 4 4 4 4 4 4 4 4 4 4 4 4 4 4 4 4 3 4 3 3 4 4 3 3 4 3 3 3 3 3 3 3 3 3 3 3 3 3 3 3 3 3 3 4 4 3 3 3 3 3 3 3 3 3 3 3 3 3 4 3 3 4 4 3 3 3 3 3 4 3 3 2 2 2 2 2 2 2 2 2 2 2 2 2 2 2 3 3 2 2 3 3 3 3 3 2 3
384,SIPP_2^4,"83,125,0","176,229,0",1,1580.6787109999996,3410,5.45187,69.45404,14.03323,28.06645,12 -20.106 8 -10.149 8 -11.263 8 6 6 6 6 6 6 6 6 6 5 6 6 5 6 6 6 5 4 5 -0.184 7 8 8 8 8 8 8 8 8 8 8 8 8 8 8 8 8 8 8 8 8 8 7 7 7 5 6 6 6 6 7 7 7 6 6 6 6 6 6 6 6 7 6 7 6 6 6 6 6 6 6 6 6 6 6 6 6 6 6 6 7 6 6 6 6 4 4 4 4 4 5 4 4 5 5 5 5 4 5 5 4 4 5
384,SIPP_2^5,"83,125,0","176,229,0",1,1571.9805220000003,3205,12.5632,62.64262,13.00749,26.01497,8 -0.041 16 -10.065 16 -0.033 24 -0.117 24 -11.263 16 12 12 12 12 12 12 12 12 12 11 12 12 12 11 9 10 -2.136 15 16 16 16 16 16 16 16 16 16 16 16 16 15 16 16 16 15 15 16 16 -2.521 10 12 12 12 12 13 13 13 12 12 12 12 12 13 12 12 12 12 13 12 12 12 12 12 12 13 12 12 12 12 12 12 12 12 9 9 9 9 9 9 9 8 8 9
384,SIPP_BigCS,"83,125,3","176,229,13",1,1572.227005,22641,130.38145,49.03619,9.4207,1.5475,-50.822 382 352 100 100 100 100 100 100 100 100 100 100 160 -1.184 37 4 4 4 4 4 4 4 0 28 -0.222 368 359 180 248 100 100 100 100 100 100 100 100 100 100 152 248 100 152 232 85 207 207 207 207 311 5
384,SIPP_Standard,"83,125,3","176,229,13",1,1606.410969,8272,16.22267,42.28068,8.074,0.8353,-51.436 110 28 48 -8.196 71 -15.824 44 0 4 -0.956 64 48 79 64 52 64 52 64 36 1 21 48
385,SIPP_2^2,"158,130,0","22,161,0",1,1774.56346,8160,3.1096,127.27922,28.27433,56.54867,0 0 0 0 3 0 3 3 3 3 3 3 3 3 3 3 3 3 3 3 3 3 3 3 3 3 3 3 3 3 3 3 3 3 3 3 3 3 3 3 3 3 3 3 3 3 3 3 3 3 3 3 3 3 3 3 3 3 3 3 3 3 3 3 3 3 3 3 3 3 3 3 3 3 3 3 3 3 3 3 3 3 3 3 3 3 3 3 3 3 3 3 3 3 3 3 3 3 3 3 3 3 3 3 3 3 3 3 3 3 3 3 3 3 3 3 3 3 3 3 3 3 3 3 3 3 3 3 3 3 3 2 3 3 2 3 2 3 3 2 2 2 3 3 2 2 3 2 3 2 2 2 2 2 2 2 2 2 2 2 2 2 2 2 2 2 2 2 2 2 2 2 2 2 2 3 -4.563 2
385,SIPP_2^3,"158,130,0","22,161,0",1,1619.1625990000002,5945,4.02457,71.94923,14.13717,28.27433,7 7 7 7 6 6 6 6 6 6 6 6 6 6 6 6 6 6 6 6 6 6 6 6 6 6 6 6 6 6 6 6 6 6 6 6 6 6 6 6 6 6 6 6 6 6 6 6 6 6 6 6 6 6 6 6 5 6 6 6 6 6 6 6 6 5 5 6 -4.899 5 5 5 5 5 5 5 5 5 5 5 5 4 5 5 4 5 5 6 6 6 6 6 6 6 5 5 6 6 6 6 6 6 6 6 6 6 6 6 6 6 7 7 6 6 6 6 6 6 6 6 6 6 6 6 6 6 6 6 6 6 6 6 6 6 6 6 5 5 4 4 4 4 4 4 4 4 4 4 4 5
385,SIPP_2^4,"158,130,0","22,161,0",1,1600.5259280000005,6131,10.77745,50.30106,10.03032,20.06065,14 14 14 13 12 12 12 12 12 12 12 12 12 12 12 12 12 12 12 12 12 12 12 12 12 12 12 12 12 12 12 12 12 12 12 12 12 12 12 12 12 12 12 12 12 12 12 12 12 12 12 12 12 11 11 12 12 11 12 12 12 12 12 12 12 10 9 9 10 10 10 10 10 10 10 10 10 9 10 10 12 12 12 12 12 12 12 12 12 12 12 12 12 12 11 11 12 12 12 12 12 14 13 12 12 12 12 12 12 12 12 12 12 12 12 12 12 12 12 12 12 12 12 12 12 12 10 10 8 8 8 8 8 8 8 8 8 8 9
385,SIPP_2^5,"158,130,0","22,161,0",1,1594.0186980000008,6057,26.90703,40.83771,8.14483,16.28966,28 28 28 26 24 24 24 24 24 24 24 24 24 24 24 24 24 24 24 24 24 24 24 24 24 24 24 24 24 24 24 24 24 24 24 24 24 24 24 24 24 24 24 24 24 24 24 24 24 24 24 24 24 24 24 24 24 24 23 24 23 23 20 19 19 19 20 20 20 20 20 20 20 20 24 24 24 24 24 24 24 24 23 24 24 24 24 24 23 24 24 24 25 28 24 24 24 24 24 24 24 24 24 24 24 24 24 24 24 24 24 24 24 24 24 24 24 20 20 16 16 16 16 16 16 16 16 16 17
385,SIPP_BigCS,"158,130,8","22,161,3",0,-1,23408,180.21385,0.0,0.0,0.0,
385,SIPP_Standard,"158,130,8","22,161,3",1,1709.0,50192,132.13432,27.69776,5.3317,0.7538,30 34 91 3 3 3 3 3 3 3 3 3 3 3 3 7 67 51 94 4 96
386,SIPP_2^2,"21,93,0","41,240,0",1,1830.0,4949,1.84979,254.55844,56.54867,113.09734,2 3 3 2 2 2 3 2 2 2 2 2 2 2 2 2 2 2 2 2 3 3 2 2 2 3 3 2 2 3 2 2 2 2 2 2 2 2 2 2 2 2 2 2 2 2 2 2 2 2 2 2 2 2 2 2 2 2 1 1 1 1 1 2 2 2 2 2 2 2 2 2 2 2 2 2 2 2 2 2 2 2 2 2 2 2 2 2 2 2 2 2 2 2 2 2 2 2 2 2 2 2 2 2 2 2 2 2 1 2 2 2 2 2 2 2 2 1 2 2 1 2 1 2 2 2 1 2 2 1 1 1 1 2 2 2 1 1 1 1 2 1 2 2 2 2 2 2 2 2 2 2 2 2 1 2 2 2 2 1 2 2 2 2 2 2 2 2 2 1 2 2 2 2 2 2 1 1 1 1 1 1 2
386,SIPP_2^3,"21,93,0","41,240,0",1,1627.4011679999985,2785,1.77218,83.4959,16.49336,32.98672,4 4 5 5 5 4 5 4 4 4 5 4 4 4 4 4 4 4 4 4 5 4 5 5 5 4 4 4 4 3 4 4 4 4 4 4 4 4 4 4 4 4 4 4 4 4 4 4 4 4 4 4 4 4 3 4 4 4 4 4 4 4 4 4 4 4 4 4 4 4 4 4 4 4 4 4 4 4 4 4 4 4 4 4 4 4 4 4 4 4 4 4 4 4 4 4 4 4 4 4 4 4 4 4 4 4 4 4 4 4 4 4 4 4 4 4 3 4 3 3 3 3 3 3 3 3 3 3 3 3 3 3 3 3 3 4 3 4 4 3 3 3 3 3 3 3 3
386,SIPP_2^4,"21,93,0","41,240,0",1,1608.7336119999984,2634,4.59202,14.15373,2.81984,5.63969,9 10 9 -0.928 9 9 9 9 9 9 8 8 8 8 8 8 8 8 8 8 8 8 8 8 8 8 8 8 8 8 8 8 8 8 8 8 8 8 8 8 8 8 8 8 8 7 7 8 8 8 8 8 8 8 8 8 8 8 8 8 8 8 8 8 8 8 8 8 8 8 8 8 8 8 8 8 8 8 8 8 8 8 8 8 8 8 8 8 8 8 8 8 8 8 8 8 8 8 8 8 8 8 8 8 8 8 8 8 8 8 7 6 6 6 6 6 6 6 6 6 6 6 6 6 6 6 6 6 6 6 6 6 6 6 6 6 6
386,SIPP_2^5,"21,93,0","41,240,0",1,1605.6584329999982,2694,11.46772,10.17497,2.0169,4.03381,19 18 -1.695 17 17 17 17 17 17 16 16 16 16 16 16 16 16 16 16 16 16 16 16 16 16 16 16 16 16 16 16 16 16 15 15 16 16 16 16 16 16 16 16 16 16 16 16 16 16 16 16 16 16 16 16 16 16 16 16 16 16 16 16 16 16 16 16 16 16 16 16 16 16 16 16 16 16 16 16 16 16 16 16 16 16 16 16 16 16 16 16 16 16 16 16 16 16 16 16 16 -0.135 16 -0.592 16 12 12 12 12 12 12 12 12 12 12 12 12 12 12 12 12 12 12 12 12 12 12 12 12 12 12 12
386,SIPP_BigCS,"21,93,1","41,240,1",1,1603.0,23956,159.42528,18.4128,3.5651,0.5542,179 310 56 310 28 360 4 4 4 4 0 4 4 4 4 0 4 4 4 4 4 4 4 4 4 0 4 4 4 4 4 4 4 4 4 4 4 4 0 4 4 4 4 4 4 4 4 4 4 4 4 0 64 100 100 100 100 100 100 100 100 100 100 100 100 100 100 100 100 100 100 100 100 100 100 100 100 100 100
386,SIPP_Standard,"21,93,1","41,240,1",1,1621.700744,11682,27.24211,23.94233,4.5673,0.4541,51 70 39 8 44 0 0 0 0 0 0 0 0 0 4 -3.701 64 52 64 28 28
387,SIPP_2^2,"33,243,0","170,202,0",0,-1,0,0.0,0.0,0.0,0.0,
387,SIPP_2^3,"33,243,0","170,202,0",0,-1,0,0.0,0.0,0.0,0.0,
387,SIPP_2^4,"33,243,0","170,202,0",0,-1,0,0.0,0.0,0.0,0.0,
387,SIPP_2^5,"33,243,0","170,202,0",0,-1,0,0.0,0.0,0.0,0.0,
387,SIPP_BigCS,"33,243,0","170,202,0",0,-1,0,0.0,0.0,0.0,0.0,
387,SIPP_Standard,"33,243,0","170,202,9",0,-1,0,2e-05,0.0,0.0,0.0,
388,SIPP_2^2,"255,175,0","126,113,0",0,-1,0,0.0,0.0,0.0,0.0,
388,SIPP_2^3,"255,175,0","126,113,0",0,-1,0,0.0,0.0,0.0,0.0,
388,SIPP_2^4,"255,175,0","126,113,0",0,-1,0,0.0,0.0,0.0,0.0,
388,SIPP_2^5,"255,175,0","126,113,0",0,-1,0,0.0,0.0,0.0,0.0,
388,SIPP_BigCS,"255,175,0","126,113,0",0,-1,0,0.0,0.0,0.0,0.0,
388,SIPP_Standard,"255,175,3","126,113,0",0,-1,0,1e-05,0.0,0.0,0.0,
389,SIPP_2^2,"67,90,0","208,99,0",1,1720.0,4870,1.89505,212.13203,47.12389,94.24778,1 1 1 1 1 1 1 1 1 1 1 1 1 1 1 1 1 1 1 1 1 1 1 1 2 1 2 2 1 1 1 2 2 2 1 1 1 1 1 1 1 1 1 1 1 1 1 1 1 1 1 1 1 1 1 1 1 1 2 2 2 2 1 1 1 1 1 1 1 1 1 1 1 1 1 1 1 1 1 1 1 1 1 1 1 1 1 1 1 1 1 1 1 1 1 1 1 1 1 1 1 1 1 1 2 1 2 2 2 2 1 1 1 1 1 1 1 2 2 2 1 2 2 1 1 1 1 1 1 1 1 1 0 1 1 1 1 1 1 1 1 1 1 0 1 0 0 0 1 1 1 1 0 0 1 1 1 1 1 0 0 1 1 1 0 1 1 1 1 1 0 1
389,SIPP_2^3,"67,90,0","208,99,0",1,1554.9747599999994,3866,2.48947,107.38423,21.20575,42.4115,2 2 2 2 3 3 3 2 2 2 2 2 2 2 2 2 2 2 2 2 2 2 2 2 2 2 2 2 2 2 2 2 2 2 3 3 3 3 3 2 3 2 2 2 2 2 2 2 2 2 2 2 2 2 2 2 2 2 2 2 3 3 2 2 2 2 2 2 2 2 2 2 2 1 1 2 3 3 3 2 2 2 3 2 2 2 2 2 2 3 2 2 2 2 2 3 3 3 3 3 2 2 2 2 2 2 3 2 2 2 2 2 2 2 2 2 2 2 2 2 2 2 2 2 2 2 1 1 1 1 2 1 1 1 1 2 1 1 2 2 1
389,SIPP_2^4,"67,90,0","208,99,0",1,1483.18108,2655,4.64536,35.03182,6.95471,13.90943,4 5 5 5 4 5 5 5 5 5 5 5 5 5 5 4 4 4 4 4 4 4 4 4 4 4 4 4 4 4 4 4 4 4 4 4 5 4 4 5 4 4 4 4 4 5 5 5 4 4 5 5 4 4 4 4 4 4 4 4 4 4 4 4 4 4 4 4 4 4 4 4 4 4 4 4 4 4 4 4 4 4 4 4 4 4 4 4 4 4 4 3 4 4 4 4 4 4 4 4 3 3 3 3 3 3 3 3 3 3
389,SIPP_2^5,"67,90,0","208,99,0",1,1466.9472140000003,2447,10.94961,20.09372,4.0029,8.00581,9 9 9 9 9 9 9 9 9 9 9 9 9 8 9 8 8 8 8 8 8 8 9 9 9 8 8 9 8 9 8 8 8 8 8 8 8 8 8 8 8 8 8 8 8 8 8 8 8 8 8 8 8 8 8 8 8 8 8 8 8 8 8 8 9 8 8 8 8 8 8 8 8 8 8 8 8 7 7 6 6 6 6 6 6 6 6 6
389,SIPP_BigCS,"67,90,9","208,99,7",1,1474.0,20033,160.37147,15.64037,2.4012,0.2423,85 207 207 207 207 207 207 207 207 207 207 207 311 85 207 311 5 5 5 5 5 5 5 5 5 5 5 5 5 5 5 5 5 5 5 5 5 5 5 5 5 5 5 5 5 5 5 5 5 5 5 5 5 5 5 5 5 5 5 5 5 5 1 5 5 5 5 5 5 5 5 5 5 5 5 81 193 193 201
389,SIPP_Standard,"67,90,9","208,99,7",1,1489.0,8217,24.05728,27.14932,4.9162,0.511,17 63 95 17 95 1 1 17 63 95 1 1 1 1 1 9 53 65
390,SIPP_2^2,"145,145,0","6,183,0",1,2090.0,14986,5.26627,212.13203,47.12389,94.24778,3 3 3 3 3 3 3 3 3 3 3 3 3 3 3 3 3 3 3 0 3 0 0 0 0 0 0 3 0 3 3 3 3 3 3 3 3 3 0 0 0 3 3 3 0 3 3 3 3 0 0 3 3 3 3 3 3 0 3 3 0 3 3 3 3 3 3 3 3 3 3 3 3 3 3 3 3 3 3 3 3 3 3 3 3 3 3 3 3 3 3 3 3 3 3 3 3 3 3 3 3 3 3 3 3 3 3 3 3 3 3 3 3 3 3 3 3 3 3 3 3 3 3 3 3 3 3 3 3 3 3 3 3 3 3 3 3 3 2 2 2 2 2 2 3 3 3 2 3 3 3 3 3 2 2 2 2 2 2 3 3 2 3 2 2 2 2 2 2 2 2 3 2 2 2 2 2 2 2 2 2 2 2 2 2 2 2 2 2 2 2 2 2 2 2 2 2 2 2 2 2 2 2 3 3 3 3 2 3
390,SIPP_2^3,"145,145,0","6,183,0",1,1613.2796949999995,3586,2.38452,89.26271,17.27876,34.55752,5 5 5 5 5 6 6 6 6 6 6 6 6 6 5 5 5 5 5 5 5 5 5 5 6 5 5 5 5 5 5 5 5 5 5 6 6 6 6 6 6 5 5 5 5 5 5 6 6 6 6 6 6 6 6 5 5 -33.692 0 -4.658 7 -1.800 6 -3.302 6 6 6 6 6 6 6 6 6 6 6 6 6 6 6 6 6 6 6 6 6 6 6 6 6 6 6 6 6 6 6 6 6 6 6 6 6 6 6 6 6 6 6 6 6 6 6 6 6 6 6 6 6 6 6 6 6 6 6 6 6 6 6 6 6 6 5 6 6 6 5 5 6 5 6 5 5 6 6 5
390,SIPP_2^4,"145,145,0","6,183,0",1,1538.944547,2444,4.17143,72.17879,14.34505,28.6901,11 12 11 11 11 11 11 10 10 10 10 10 10 11 10 10 11 10 10 10 11 11 11 10 11 11 11 11 -21.916 10 12 11 12 12 12 12 12 12 12 12 11 11 11 11 12 11 13 12 12 12 12 12 12 12 12 12 12 12 13 12 13 12 12 12 12 12 12 12 12 12 12 12 12 12 12 12 12 12 12 12 12 12 12 12 12 12 12 12 12 12 12 12 12 12 12 12 11 12 11 11 11 12 11 12 12 11 12 12 11
390,SIPP_2^5,"145,145,0","6,183,0",1,1519.3873120000005,1976,8.57996,23.44609,4.68149,9.36298,22 22 22 22 22 23 21 21 21 20 20 21 21 21 21 20 20 20 21 -25.710 23 23 23 24 24 24 24 24 23 23 24 24 24 24 24 24 24 24 24 24 24 24 24 24 24 24 24 24 24 24 24 24 24 24 24 24 24 24 24 24 25 23 23 23 23 23 24 24 24 24 24 24 24 24 24 24 24 24 23 24 24 24 24 24 24 24 24 24 24 24 23
390,SIPP_BigCS,"145,145,6","6,183,3",1,1533.055255,16643,113.1417,33.0045,6.0888,0.8946,83 203 203 251 155 203 203 203 203 203 203 251 103 103 103 103 103 -25.055 103 171 7 7 7 7 31 203 203 203 379 309 7 7 7 7 7 7 7 7 7 7 7 7 7 7 7 7 7 31 307 7 7 7 7 7 7 7 7 7 7 7 7 7 7 7 7 7 7 7 7 7 7 7 83 307
390,SIPP_Standard,"145,145,6","6,183,3",1,1605.784948,11739,25.99352,29.49131,5.5654,0.714,19 109 31 51 70 55 67 47 -55.785 3 3 3 3 3 3 3 3 7 59 99
391,SIPP_2^2,"148,155,0","24,237,0",1,2060.0,11163,3.94394,311.12698,69.11504,138.23008,2 2 2 2 2 2 2 2 2 3 2 2 3 2 3 3 3 3 3 3 3 3 2 2 3 2 2 2 2 2 2 2 2 2 2 2 2 3 3 2 3 3 3 3 3 2 3 3 2 2 3 2 2 2 2 2 2 2 2 2 2 2 2 2 2 2 2 2 2 3 2 2 2 2 2 2 2 3 3 3 3 3 3 3 2 3 3 3 3 3 2 2 2 2 3 2 3 3 3 2 3 3 3 3 2 3 3 3 2 3 3 3 3 3 3 3 3 3 3 3 3 3 3 3 3 3 3 3 3 3 2 3 3 2 3 2 3 3 2 3 3 3 3 3 3 3 3 3 3 3 3 3 3 3 3 3 3 3 3 3 3 3 3 3 3 3 3 3 3 3 3 3 3 3 3 3 3 3 3 3 3 3 3 3 3 3 3 3 3 3 2 2 2 2 2 2 2 2 2 2 3 2 2 2 3 2
391,SIPP_2^3,"148,155,0","24,237,0",1,1708.52816,5445,3.44556,107.94131,21.20575,42.4115,5 5 5 6 6 6 6 6 5 5 5 5 5 5 6 6 6 5 5 5 5 5 5 5 5 5 5 5 5 5 5 5 5 5 5 5 5 5 5 4 4 5 4 4 4 4 4 4 4 4 4 4 4 5 5 4 5 4 4 4 4 4 5 5 5 5 5 5 5 5 5 5 5 5 4 5 5 6 6 6 6 5 6 6 5 5 5 6 6 5 6 5 5 6 5 5 5 6 6 6 6 6 6 6 6 6 6 6 6 6 6 6 6 6 6 6 6 6 6 6 6 6 6 6 6 6 6 6 6 6 6 6 6 6 6 6 6 6 6 6 6 6 6 5 4 4
391,SIPP_2^4,"148,155,0","24,237,0",1,1629.944164,3536,5.68698,63.28112,12.60433,25.20866,10 10 11 10 11 11 11 10 11 11 10 11 11 -0.390 10 10 10 10 10 10 9 10 10 10 10 10 10 9 10 9 9 10 9 9 9 9 9 9 9 9 9 9 9 9 9 9 9 10 9 10 -2.219 10 10 12 11 12 12 11 12 12 12 11 11 12 12 12 11 11 12 12 12 12 12 12 12 12 12 12 12 12 12 12 12 12 12 12 12 12 12 12 12 12 12 12 12 12 12 11 12 12 12 12 11 11 11 12 11
391,SIPP_2^5,"148,155,0","24,237,0",1,1618.9291070000004,3334,13.77077,16.96556,3.37276,6.74552,21 21 21 21 21 21 -0.318 23 -1.712 20 20 20 20 20 20 20 20 20 20 19 19 19 18 18 18 18 18 18 18 18 18 18 18 18 18 18 18 19 19 18 23 23 23 23 23 23 23 24 24 24 24 24 24 24 24 24 24 24 24 24 24 24 24 24 24 24 24 24 24 24 24 24 24 24 23 23 23 23 24 24 24 24 23
391,SIPP_BigCS,"148,155,11","24,237,10",0,-1,27646,180.03282,0.0,0.0,0.0,
391,SIPP_Standard,"148,155,11","24,237,10",1,1641.966275,11600,23.08857,34.893,6.4444,0.7088,55 59 -2.910 67 -0.057 31 31 51 62 70 51 94 20 47 11 55 91 3 3 3 3 11
392,SIPP_2^2,"221,146,0","99,61,0",0,-1,0,0.0,0.0,0.0,0.0,
392,SIPP_2^3,"221,146,0","99,61,0",0,-1,0,0.0,0.0,0.0,0.0,
392,SIPP_2^4,"221,146,0","99,61,0",0,-1,0,0.0,0.0,0.0,0.0,
392,SIPP_2^5,"221,146,0","99,61,0",0,-1,0,0.0,0.0,0.0,0.0,
392,SIPP_BigCS,"221,146,0","99,61,0",0,-1,0,0.0,0.0,0.0,0.0,
392,SIPP_Standard,"221,146,12","99,61,9",0,-1,0,3e-05,0.0,0.0,0.0,
393,SIPP_2^2,"255,32,0","151,88,0",0,-1,0,0.0,0.0,0.0,0.0,
393,SIPP_2^3,"255,32,0","151,88,0",0,-1,0,0.0,0.0,0.0,0.0,
393,SIPP_2^4,"255,32,0","151,88,0",0,-1,0,0.0,0.0,0.0,0.0,
393,SIPP_2^5,"255,32,0","151,88,0",0,-1,0,0.0,0.0,0.0,0.0,
393,SIPP_BigCS,"255,32,0","151,88,0",0,-1,0,0.0,0.0,0.0,0.0,
393,SIPP_Standard,"255,32,6","151,88,15",0,-1,0,1e-05,0.0,0.0,0.0,
394,SIPP_2^2,"186,139,0","118,16,0",1,2261.10986,19696,6.8254,311.12698,69.11504,138.23008,0 0 0 0 0 0 0 0 0 0 0 1 0 0 0 0 0 0 0 0 0 0 0 0 0 1 1 1 0 0 0 0 0 0 0 0 0 0 1 1 0 0 0 0 0 3 0 0 3 0 3 0 3 3 -87.055 0 -29.951 0 -10.025 0 -0.012 1 -0.012 0 -0.012 0 -0.012 0 -0.012 1 1 1 0 1 0 0 0 0 0 0 0 0 0 0 0 0 0 0 0 0 0 0 0 0 0 0 0 0 0 0 0 0 0 0 0 0 0 0 0 0 0 0 0 0 0 0 0 0 0 0 0 0 0 3 3 3 3 3 3 3 3 3 3 3 3 3 3 0 0 0 3 3 3 3 3 3 3 3 0 3 3 3 0 3 0 0 3 3 0 0 3 3 3 3 0 0 0 0 0 3 0 3 0 0 0 3 0 3 3 3 3 3 3 3 3 3 3 3 3 3 3 3 3 3 3 3 3 3 3 3 3 3 3 3 3 -4.018 3 3 3 3 3 3 3 3 3 0 0 0 3 0 3 0
394,SIPP_2^3,"186,139,0","118,16,0",1,1857.452157999999,10389,6.7334,131.64926,25.91814,51.83628,6 6 6 6 7 7 7 7 7 6 7 7 7 7 7 7 7 7 7 7 7 7 7 7 7 7 7 7 7 7 7 7 7 7 7 7 7 7 7 7 7 7 7 7 7 7 7 7 7 7 6 -1.021 5 6 6 6 6 6 6 6 6 6 6 6 7 7 7 7 0 0 7 7 -3.601 6 -0.029 6 7 0 0 0 7 0 0 7 0 0 0 7 7 7 7 7 7 0 0 0 0 0 0 0 0 0 0 0 0 0 0 0 1 0 0 0 0 1 1 1 0 -0.438 0 -0.420 0 -2.288 0 0 7 7 0 0 7 0 7 7 7 7 7 0 0 0 0 0 0 1 2 2 2 2 2 1 1 1 1 1 1 1 2 2 1
394,SIPP_2^4,"186,139,0","118,16,0",1,1785.870504,9660,16.39968,48.55518,9.63266,19.26532,1 0 1 1 1 1 1 1 0 0 0 0 0 0 0 0 1 0 0 0 0 0 0 1 1 1 1 1 1 0 0 0 0 0 0 0 0 0 0 0 0 0 0 0 0 0 0 0 0 0 0 0 0 0 0 0 15 15 15 15 15 15 0 15 0 0 15 15 14 14 14 14 14 14 14 13 13 13 13 13 13 13 13 13 13 13 13 13 13 13 13 13 13 13 13 12 12 12 14 14 13 12 12 12 12 12 12 12 12 12 12 12 12 12 13 12 12 13
394,SIPP_2^5,"186,139,0","118,16,0",1,1766.5433730000007,9228,39.19722,36.40322,7.25131,14.50262,1 1 1 1 1 1 1 1 1 1 1 0 0 0 0 0 0 1 0 0 0 0 1 0 0 0 1 31 31 0 0 0 31 31 31 31 31 0 31 0 0 0 0 0 31 28 28 28 28 28 28 26 27 26 26 26 26 26 26 26 26 26 26 26 26 26 26 26 25 25 25 28 28 28 25 24 24 24 24 24 24 24 24 24 24 24 24 24 24 25
394,SIPP_BigCS,"186,139,8","118,16,1",0,-1,25866,180.28386,0.0,0.0,0.0,
394,SIPP_Standard,"186,139,8","118,16,1",1,1815.44489,69637,176.8079,48.97947,9.2854,1.1518,22 49 92 2 22 37 2 2 2 6 58 66 30 30 38 23 50 93 23 -3.445 38 3 23
395,SIPP_2^2,"145,229,0","9,177,0",0,-1,0,0.0,0.0,0.0,0.0,
395,SIPP_2^3,"145,229,0","9,177,0",0,-1,0,0.0,0.0,0.0,0.0,
395,SIPP_2^4,"145,229,0","9,177,0",0,-1,0,0.0,0.0,0.0,0.0,
395,SIPP_2^5,"145,229,0","9,177,0",0,-1,0,0.0,0.0,0.0,0.0,
395,SIPP_BigCS,"145,229,0","9,177,0",0,-1,0,0.0,0.0,0.0,0.0,
395,SIPP_Standard,"145,229,2","9,177,15",0,-1,0,5e-05,0.0,0.0,0.0,
396,SIPP_2^2,"58,79,0","187,151,0",1,2041.630809,12944,4.63598,431.33514,95.81858,191.63715,2 2 1 2 1 1 1 1 1 1 1 2 2 2 2 2 1 2 2 1 1 1 1 2 2 2 1 2 1 1 2 1 2 2 2 2 2 2 2 2 2 2 2 2 2 2 2 2 2 2 2 2 2 2 2 2 2 2 1 1 2 2 1 1 1 1 1 1 1 1 1 1 1 1 2 2 2 1 2 1 1 1 1 1 2 1 1 1 1 2 1 2 1 2 1 1 1 1 1 1 2 1 1 2 2 2 1 1 1 2 1 1 1 1 2 1 1 1 1 2 1 2 1 1 1 1 2 1 2 1 2 1 1 1 1 1 1 1 1 1 1 2 1 1 1 2 -9.357 1 1 2 1 2 2 2 2 1 2 -16.254 1 1 -4.192 1 -0.909 1 -0.918 1 1 1 1 1 1 1 1 1 1 1 1 1 1 1 1 1 1 1 1 1 1 1 1 1 1 1 1 1 1 1 2 1 1 1 1 1 1 1 2 1
396,SIPP_2^3,"58,79,0","187,151,0",1,1785.03214,11043,7.40632,202.12895,39.26991,78.53982,4 3 3 3 2 2 2 2 2 2 2 2 2 2 2 2 2 2 3 3 3 3 3 2 3 2 3 2 3 3 3 2 3 2 3 2 3 3 3 3 3 3 2 2 2 2 3 3 2 3 2 2 2 3 3 3 3 2 3 3 3 3 2 3 3 3 3 3 3 3 3 3 3 2 3 2 2 2 2 2 2 2 2 2 2 2 2 2 2 2 2 2 2 2 3 3 2 2 2 3 3 2 3 2 3 3 3 3 3 3 3 3 3 3 3 3 3 2 2 2 2 2 3 2 3 3 2 -131.424 4 4 -1.972 3 -3.482 4 -0.151 4 -0.060 2 -11.808 4 -2.976 4 -3.920 2
396,SIPP_2^4,"58,79,0","187,151,0",1,1529.2284750000001,2545,4.66008,29.96966,5.96144,11.92287,7 6 5 4 4 4 4 4 4 4 4 4 4 4 5 5 5 5 5 5 5 5 5 5 5 5 5 5 5 5 5 5 5 5 5 5 5 5 5 5 5 5 5 5 5 5 5 5 4 5 5 5 5 5 5 5 4 5 5 5 5 6 6 6 6 6 6 7 7 7 7 8 -1.533 7 5 5 5 5 5 6
396,SIPP_2^5,"58,79,0","187,151,0",1,1519.0050089999997,2443,11.51688,24.51489,4.8928,9.7856,14 12 10 9 9 9 9 9 9 10 9 10 9 10 10 10 10 10 10 10 9 10 9 10 9 9 10 9 10 10 10 10 10 10 10 10 10 10 10 10 9 10 10 10 10 10 10 12 12 12 12 12 12 12 15 14 15 14 12 10 10 10 10 11
396,SIPP_BigCS,"58,79,1","187,151,11",1,1516.0,17167,135.07629,30.3126,4.8003,0.8353,240 85 207 207 207 207 207 207 207 207 207 207 207 207 207 207 207 207 207 207 207 207 207 207 207 207 207 207 207 207 207 207 207 207 207 207 207 207 207 207 207 207 311 5 5 5 61 100 152 304 4 68 199 207
396,SIPP_Standard,"58,79,1","187,151,11",1,1536.455786,7794,21.57769,38.7846,6.3189,0.8283,80 -0.456 21 36 21 48 63 63 63 63 63 63 63 95 21 52 56 72 63
397,SIPP_2^2,"123,122,0","250,63,0",1,1890.030541,9363,3.48518,403.05087,89.53539,179.07078,1 1 1 1 1 1 1 1 1 1 1 1 1 1 1 1 1 1 1 1 1 1 1 0 1 1 1 1 0 1 1 1 1 1 1 1 1 1 1 1 1 1 1 1 1 1 1 1 1 1 1 1 1 0 1 0 1 0 0 1 1 0 0 1 1 1 0 1 1 1 0 1 0 1 1 0 0 1 1 0 1 0 0 0 1 0 1 0 0 0 0 0 0 0 0 0 0 0 0 0 0 0 0 0 0 0 0 1 1 0 1 0 1 0 1 0 1 1 1 0 1 1 1 1 1 1 1 1 1 1 1 1 0 0 1 0 0 0 0 0 0 1 1 1 0 1 0 1 1 0 1 0 1 1 1 1 0 1 1 1 1 1 1 1 1 1 1 1 1 0 1 1 1 -9.965 1 -20.040 1 -0.012 1 -0.014 1 1 0 1 1 1 1 1 1 0
397,SIPP_2^3,"123,122,0","250,63,0",1,1590.5382559999996,4238,2.69216,138.87163,27.48894,54.97787,2 2 2 2 2 2 2 2 2 2 2 2 2 2 2 2 2 2 2 2 2 2 2 2 2 2 2 2 1 1 1 1 1 1 2 2 2 2 2 2 1 1 2 2 2 2 1 2 1 2 2 2 2 1 2 2 2 2 2 2 2 2 1 1 2 1 1 0 1 1 0 0 0 0 0 0 0 0 0 0 0 1 1 1 1 1 1 1 1 1 1 1 0 1 1 2 2 2 2 1 2 1 1 1 2 1 1 2 2 2 1 2 2 1 1 1 1 2 2 2 2 2 2 2 2 2 2 2 2 2 1 1 1 2 1 2 2 2 2 1
397,SIPP_2^4,"123,122,0","250,63,0",1,1558.116469,4101,7.05462,60.93087,12.13075,24.2615,4 4 4 4 4 4 4 4 4 4 4 4 4 4 4 4 4 4 4 4 4 4 3 3 4 4 4 4 4 4 4 4 4 3 4 4 4 4 4 4 3 3 3 3 4 4 3 3 3 3 3 3 2 2 1 2 -0.783 1 0 1 1 1 1 1 1 1 1 1 1 2 2 3 4 4 4 4 3 3 3 4 4 3 3 4 4 3 3 4 3 3 3 3 3 3 4 4 3 -33.248 4 -1.624 3 -4.963 4
397,SIPP_2^5,"123,122,0","250,63,0",1,1558.116469,4202,18.5472,35.49257,7.03768,14.07537,8 8 8 8 8 8 8 8 8 8 8 8 8 8 8 8 8 8 8 8 8 7 7 7 7 7 7 7 7 7 7 7 7 7 8 8 8 8 8 4 4 3 4 -8.451 0 1 2 2 2 2 2 2 2 2 2 4 4 8 8 8 8 8 8 8 8 8 7 7 7 7 7 7 7 8 8 8 8 8 8 7 8 8 8 -1.910 8 1 1 -0.262 0 -0.534 0
397,SIPP_BigCS,"123,122,8","250,63,2",0,-1,23450,180.07921,0.0,0.0,0.0,
397,SIPP_Standard,"123,122,8","250,63,2",1,1562.314996,17145,41.80886,39.33164,7.5057,0.9396,65 45 1 1 1 1 1 9 29 -0.315 37 18 60 84 9 53 65 45 1 9
398,SIPP_2^2,"100,10,0","247,34,0",1,1896.983556,3309,1.06542,141.42136,31.41593,62.83185,1 2 2 2 2 2 2 2 2 2 2 2 3 3 2 2 1 2 1 1 1 1 2 2 1 1 1 1 2 2 2 2 2 2 1 2 2 1 1 1 1 1 1 0 1 1 1 1 -67.228 1 1 -0.799 1 -0.049 1 1 1 1 1 1 1 1 1 1 1 1 1 1 1 1 1 1 1 1 1 1 1 1 1 1 1 1 1 1 1 1 1 1 1 1 1 1 1 1 1 1 1 1 1 1 1 1 1 1 1 1 1 1 1 1 1 1 1 1 1 1 1 1 1 1 1 1 1 1 1 1 1 1 1 1 0 -0.056 0 -0.436 1 1 -2.845 1 1 1 1 1 1 1 1 1 1 1 1 1 1 -15.570 1 1 1 1 1 1 1 1 1 1 1 1 1 1 1 1 1 1 1 1 1 1 1 1 1 1 1 1 1 1 2 2 1 1 2 1
398,SIPP_2^3,"100,10,0","247,34,0",1,1700.4234689999998,1590,0.96014,95.00601,18.84956,37.69911,4 4 3 4 4 4 4 4 4 5 4 4 4 3 2 2 2 2 2 2 2 2 2 3 3 2 3 2 3 2 2 2 2 2 2 2 2 3 3 3 3 2 3 2 2 2 2 2 2 2 2 2 2 2 2 2 2 2 2 2 1 -1.931 1 -2.115 0 -1.311 1 -2.223 2 2 2 2 2 2 2 2 3 3 3 2 2 2 2 2 2 2 2 2 2 2 2 2 2 2 2 2 2 2 2 2 2 2 2 3 3 2 2 2 2 2 2 2 2 2 2 2 2 2 2 2 2 2 2 2 2 2 2 2 2 2 2 2 2 2 2 2 2 2 2 2 2 2 2 2 2 2 2 2 2 2 2 2 2 2 2 2 2 2 2 2 2 2 2 2 2
398,SIPP_2^4,"100,10,0","247,34,0",1,1691.516189,1345,2.11747,66.14037,13.05805,26.11609,8 8 7 8 8 8 8 8 9 8 8 6 4 4 4 5 4 5 4 5 5 5 5 5 4 4 4 4 4 4 5 5 5 4 4 4 4 4 4 4 4 4 4 4 4 4 4 4 4 -1.602 1 -1.416 0 -4.186 0 -1.311 2 -2.223 4 4 4 4 4 4 5 5 4 4 4 4 4 4 4 4 4 4 4 4 4 4 4 5 4 4 4 4 4 4 5 5 4 4 4 4 4 4 4 4 4 4 4 4 4 4 4 4 4 4 4 4 4 4 4 4 4 4 4 4 4 4 4 4 4 4 4 4 4 4 4 4 4 4 4 4 4 4 4 4 4 4 4 4 4 4 4 4 4 4 4 4
398,SIPP_2^5,"100,10,0","247,34,0",1,1687.8266740000001,1343,5.23859,39.68731,7.92989,15.85979,16 16 16 15 16 16 16 16 16 16 16 16 9 9 9 9 9 9 8 8 8 8 8 9 9 9 9 8 8 8 8 8 8 8 8 8 8 8 8 -16.222 2 -1.416 0 -4.186 0 -1.311 4 -2.223 8 8 8 8 8 8 8 8 8 8 8 8 8 8 8 8 8 8 8 9 9 9 8 8 8 9 8 9 8 8 8 8 8 8 8 8 8 8 8 8 8 8 8 8 8 8 8 8 8 8 8 8 8 8 8 8 8 8 8 8 8 8 8 8 8 8 8 8 8 8 8 8 8 8 8 8 8 8 8 8 8 8 8 8 8 8 8
398,SIPP_BigCS,"100,10,1","247,34,6",1,1690.603091,7785,38.2975,43.19297,8.2202,1.8121,360 4 4 4 4 4 64 160 5 5 5 5 57 207 207 207 207 207 207 367 41 343 -7.691 321 -11.587 204 -3.325 332 5 5 5 5 57 207 367 5 1 57 367 1 1 1 1 1 1 5 5 5 5 5 5 5
398,SIPP_Standard,"100,10,1","247,34,6",1,1705.0,695,1.39653,35.89737,6.9123,1.0693,40 102 72 95 1 1 1 9 45 1 21 36 1 1 1 1 1 1 1 1 1
399,SIPP_2^2,"157,207,0","79,90,0",1,1950.0,10234,3.4799,523.25902,116.23893,232.47786,3 3 3 3 0 3 3 3 3 3 3 3 3 3 3 3 3 0 3 0 3 0 3 3 0 3 0 0 0 0 0 0 0 0 0 0 0 0 0 0 0 0 0 0 0 0 0 0 0 0 0 0 0 0 0 0 3 3 0 3 0 0 3 0 0 0 0 0 3 3 0 0 0 0 3 0 0 0 0 0 0 0 0 3 3 0 0 3 3 0 0 0 0 0 3 0 0 0 0 0 0 3 3 0 0 0 3 3 0 3 3 3 0 0 0 0 3 0 0 0 3 0 0 3 0 0 3 0 0 3 0 3 0 0 0 3 0 3 0 3 0 3 3 0 3 3 3 0 0 3 3 3 3 0 0 0 3 0 3 3 0 3 3 3 0 3 3 3 0 3 3 3 3 3 3 3 0 0 3 0 3 0 0 3 0 0 0 0 0 0 0 0 0 0 3
399,SIPP_2^3,"157,207,0","79,90,0",1,1592.6702959999996,2621,1.63248,119.19798,23.56195,47.12389,7 7 7 6 6 6 6 6 6 6 6 6 6 6 7 6 6 6 6 7 7 0 0 0 0 0 0 0 0 0 0 0 0 0 0 0 0 0 0 0 0 0 0 0 0 0 0 0 7 0 0 0 0 0 7 7 7 7 7 7 0 0 7 7 7 7 7 0 7 0 0 7 7 0 7 7 6 7 7 7 7 6 7 7 7 7 7 7 7 7 7 7 7 7 7 7 7 7 7 7 7 7 7 7 7 7 7 7 7 7 7 0 0 0 0 0 7 0 0 0 0 0 0 7 0 0 0 0 7 0 7 0 0 7
399,SIPP_2^4,"157,207,0","79,90,0",1,1548.630917999999,1919,3.17658,60.80223,12.10272,24.20545,12 12 12 12 13 12 13 12 12 12 12 13 12 12 13 14 14 0 0 0 0 0 0 0 0 0 0 0 0 0 0 0 0 0 0 0 0 0 0 0 0 0 0 0 0 15 15 0 0 14 15 15 15 15 14 15 14 15 14 14 14 14 15 14 -1.251 13 13 13 13 14 15 15 15 15 14 14 14 14 14 14 14 14 14 14 14 14 14 14 14 14 15 15 15 15 15 15 15 15 15 0 0 15 0 0 15
399,SIPP_2^5,"157,207,0","79,90,0",1,1540.8645029999998,1803,7.25404,40.44239,8.03515,16.07029,25 25 25 25 24 24 24 24 24 24 24 28 28 0 0 0 0 0 0 0 0 0 0 0 0 0 0 0 0 0 0 0 0 0 0 0 0 0 0 0 31 31 0 -1.937 28 28 29 29 29 29 29 30 28 29 -0.135 28 24 24 25 28 28 29 29 29 28 28 28 28 28 28 28 28 29 28 29 29 29 31 30 31 30 31 30 30 31
399,SIPP_BigCS,"157,207,6","79,90,1",1,1539.237399,11068,66.55172,41.15452,7.6689,1.5065,205 309 7 7 7 43 333 6 6 6 6 6 6 14 362 6 6 2 -0.607 66 182 202 202 202 218 102 102 102 -0.630 102 162 75 102 182 202 202 218 102 102 102 102 102 102 102 102 102 182 202 202 202 202 202 306 6 6
399,SIPP_Standard,"157,207,6","79,90,1",1,1589.0,3836,7.83045,45.72566,8.4993,1.105,38 3 27 74 85 18 60 108 54 58 74 69 30 30 30 54 58 90 10
400,SIPP_2^2,"146,232,0","59,114,0",0,-1,0,0.0,0.0,0.0,0.0,
400,SIPP_2^3,"146,232,0","59,114,0",0,-1,0,0.0,0.0,0.0,0.0,
400,SIPP_2^4,"146,232,0","59,114,0",0,-1,0,0.0,0.0,0.0,0.0,
400,SIPP_2^5,"146,232,0","59,114,0",0,-1,0,0.0,0.0,0.0,0.0,
400,SIPP_BigCS,"146,232,0","59,114,0",0,-1,0,0.0,0.0,0.0,0.0,
400,SIPP_Standard,"146,232,8","59,114,14",0,-1,0,4e-05,0.0,0.0,0.0,
401,SIPP_2^2,"98,112,0","224,58,0",0,-1,0,0.0,0.0,0.0,0.0,
401,SIPP_2^3,"98,112,0","224,58,0",0,-1,0,0.0,0.0,0.0,0.0,
401,SIPP_2^4,"98,112,0","224,58,0",0,-1,0,0.0,0.0,0.0,0.0,
401,SIPP_2^5,"98,112,0","224,58,0",0,-1,0,0.0,0.0,0.0,0.0,
401,SIPP_BigCS,"98,112,0","224,58,0",0,-1,0,0.0,0.0,0.0,0.0,
401,SIPP_Standard,"98,112,14","224,58,9",0,-1,0,2e-05,0.0,0.0,0.0,
402,SIPP_2^2,"122,10,0","254,79,0",0,-1,85,0.05052,0.0,0.0,0.0,
402,SIPP_2^3,"122,10,0","254,79,0",1,2143.896673999999,3530,2.18308,195.99331,38.48451,76.96902,6 6 6 7 7 6 6 7 7 6 6 7 7 7 7 7 -32.103 2 -6.470 2 2 2 3 3 3 2 3 2 2 2 3 3 3 3 -54.391 4 -3.714 4 -3.938 4 -15.881 4 3 3 3 2 2 2 2 2 2 2 2 2 3 3 3 3 3 2 3 3 2 2 3 3 3 3 3 2 3 3 2 2 2 3 3 3 2 2 2 2 2 2 2 2 2 2 2 2 2 2 2 2 2 2 3 3 2 3 2 3 3 3 2 3 2 3 3 3 3 3 3 2 3 3 3 3 3 2 3 2 2 2 2 2 2 2 3 3 3 3 3 3 3 3 3 3 3 3 3 3 -3.466 3 -0.136 3 3 3 3 3 3 3 3 2 2 2 2 3 2 2 2 2 2 2 2 2 2 2 3 2 2 2 3 2 2 3
402,SIPP_2^4,"122,10,0","254,79,0",1,2042.3139819999997,1569,2.60436,61.39991,11.67703,23.35407,13 13 13 13 13 14 13 13 14 -44.573 4 -6.470 4 4 4 5 5 5 5 6 6 6 6 -61.517 8 -3.714 8 -3.938 8 -15.881 8 6 6 5 5 5 5 5 5 5 5 5 5 5 5 5 5 4 4 4 4 5 5 5 5 5 5 5 5 4 4 4 4 5 5 5 5 5 5 5 5 5 6 5 6 6 6 5 5 5 5 4 4 4 5 5 5 5 5 5 5 5 5 5 5 5 5 5 5 5 5 6 6 5 6 6 5 6
402,SIPP_2^5,"122,10,0","254,79,0",1,2029.0569430000007,1125,4.14186,70.5697,13.64474,27.28948,26 26 26 26 26 27 27 -45.468 8 -6.470 8 8 9 10 10 10 12 11 -20.009 24 -25.580 16 -3.037 16 -3.714 16 -1.892 20 -0.757 11 12 10 9 9 10 10 10 10 9 9 9 10 10 10 10 10 10 10 10 10 10 9 9 9 10 10 10 10 10 10 11 11 11 11 9 9 10 9 10 10 10 10 10 10 10 10 11 10 11 10 11 10 11 10 10 11
402,SIPP_BigCS,"122,10,8","254,79,3",1,2029.943168,4221,20.73161,72.83074,13.3302,3.2267,309 3 79 346 -0.594 169 73 100 164 337 -40.386 239 -19.963 20 199 199 207 207 207 311 85 207 207 311 85 207 207 207 223 176 207 207 311 73 176 199 199 207 207 207 207 207 207 207 223
402,SIPP_Standard,"122,10,8","254,79,3",1,2231.7226819999996,4463,8.59653,58.07251,10.7775,1.4335,61 61 109 -2.612 35 -44.885 80 21 28 48 95 1 1 1 -17.034 21 36 21 48 71 28 36 1 -10.192 17 63 71 48 71 28
403,SIPP_2^2,"115,147,0","234,62,0",1,2255.3574200000003,21052,7.45638,282.84271,65.97345,131.94689,0 0 0 1 1 0 1 1 1 0 0 1 0 1 1 1 0 1 1 0 1 1 1 1 1 0 1 1 1 0 1 1 1 1 1 1 1 1 1 1 1 1 1 1 1 1 1 1 1 1 1 1 1 1 1 1 1 1 1 1 1 1 1 1 1 1 1 1 1 1 1 1 1 1 1 1 1 1 1 1 1 0 1 0 0 0 0 0 0 1 1 0 0 1 0 1 0 1 0 0 0 0 1 0 0 0 0 0 0 0 0 0 0 0 0 0 0 0 0 0 0 0 0 0 0 0 0 0 0 0 0 0 0 0 0 0 0 0 0 0 0 0 0 0 0 0 0 0 1 1 -31.486 3 -1.109 0 -0.370 0 -0.093 0 -0.020 0 0 0 0 0 -0.017 0 -0.310 0 -13.741 0 -3.886 0 0 0 -4.325 0 0 0 0 1 1 1 0 1 1 1 0 0 1 1 1 1 1 1 1 1 1 1 1 1 1 1 1 1 1 1 1 1 1 1 1 1 2 1 1 1 1 1 1 1 1 1 1 2 2 2 2 2 1 2
403,SIPP_2^3,"115,147,0","234,62,0",1,1653.005583,5619,3.861,203.32457,40.05531,80.11061,2 2 2 2 1 1 2 1 2 2 2 2 2 1 1 2 2 1 1 2 1 1 1 1 2 1 2 2 1 1 1 1 1 1 2 2 1 1 1 1 1 2 1 2 1 2 2 2 1 1 2 2 2 2 2 1 1 2 1 1 1 2 2 2 1 1 1 1 2 2 1 2 1 1 1 1 1 1 1 0 0 0 0 0 0 1 1 1 1 1 0 1 0 0 1 0 0 1 0 0 1 1 1 2 2 2 2 2 1 1 1 0 0 0 0 1 0 1 1 1 1 1 -5.482 1 2 1 2 2 2 2 2 2 2 2 2 2 2 1
403,SIPP_2^4,"115,147,0","234,62,0",1,1644.849359,6479,11.46676,46.10919,8.96113,17.92226,3 3 3 3 3 3 3 3 3 3 3 3 3 3 3 3 3 3 3 3 3 3 3 3 3 3 3 3 2 3 3 2 2 3 3 3 3 3 2 2 1 1 1 1 1 1 1 1 1 1 1 1 1 2 2 4 -49.082 4 4 -1.941 3 -1.300 4 2 2 0 0 -0.156 1 1 1 1 -4.360 1 0 -19.500 4 3 -1.394 4 4 4 4 4 4 4 4 4 4 4 4 4
403,SIPP_2^5,"115,147,0","234,62,0",1,1644.849359,6774,29.70707,46.22827,8.96113,17.92226,6 6 6 6 6 6 6 6 6 6 6 6 6 6 6 6 6 6 6 6 6 6 6 6 6 6 6 6 6 6 6 6 5 5 5 4 4 2 2 2 2 2 2 2 2 2 2 2 2 2 4 4 8 -50.424 8 8 -1.941 6 -1.300 8 4 4 0 0 -0.156 2 2 2 2 -4.360 2 -19.447 8 -0.053 0 6 -1.394 8 8 8 8 8 8 8 8 8 8 8 8 8
403,SIPP_BigCS,"115,147,9","234,62,1",0,-1,23859,180.15439,0.0,0.0,0.0,
403,SIPP_Standard,"115,147,9","234,62,1",1,1653.918917,38644,98.22425,54.04971,10.0796,1.1523,53 57 89 9 53 65 53 65 53 89 13 92 18 68 -21.314 45 -2.291 13 -21.874 60 -33.440 84 5
404,SIPP_2^2,"159,102,0","181,246,0",0,-1,0,0.0,0.0,0.0,0.0,
404,SIPP_2^3,"159,102,0","181,246,0",0,-1,0,0.0,0.0,0.0,0.0,
404,SIPP_2^4,"159,102,0","181,246,0",0,-1,0,0.0,0.0,0.0,0.0,
404,SIPP_2^5,"159,102,0","181,246,0",0,-1,0,0.0,0.0,0.0,0.0,
404,SIPP_BigCS,"159,102,0","181,246,0",0,-1,0,0.0,0.0,0.0,0.0,
404,SIPP_Standard,"159,102,2","181,246,3",0,-1,71261,180.00189,0.0,0.0,0.0,
405,SIPP_2^2,"235,210,0","114,139,0",0,-1,0,0.0,0.0,0.0,0.0,
405,SIPP_2^3,"235,210,0","114,139,0",0,-1,0,0.0,0.0,0.0,0.0,
405,SIPP_2^4,"235,210,0","114,139,0",0,-1,0,0.0,0.0,0.0,0.0,
405,SIPP_2^5,"235,210,0","114,139,0",0,-1,0,0.0,0.0,0.0,0.0,
405,SIPP_BigCS,"235,210,0","114,139,0",0,-1,0,0.0,0.0,0.0,0.0,
405,SIPP_Standard,"235,210,14","114,139,12",0,-1,0,2e-05,0.0,0.0,0.0,
406,SIPP_2^2,"113,187,0","12,78,0",0,-1,0,0.0,0.0,0.0,0.0,
406,SIPP_2^3,"113,187,0","12,78,0",0,-1,0,0.0,0.0,0.0,0.0,
406,SIPP_2^4,"113,187,0","12,78,0",0,-1,0,0.0,0.0,0.0,0.0,
406,SIPP_2^5,"113,187,0","12,78,0",0,-1,0,0.0,0.0,0.0,0.0,
406,SIPP_BigCS,"113,187,0","12,78,0",0,-1,0,0.0,0.0,0.0,0.0,
406,SIPP_Standard,"113,187,1","12,78,8",0,-1,76959,180.00081,0.0,0.0,0.0,
407,SIPP_2^2,"83,93,0","167,208,0",0,-1,0,0.0,0.0,0.0,0.0,
407,SIPP_2^3,"83,93,0","167,208,0",0,-1,0,0.0,0.0,0.0,0.0,
407,SIPP_2^4,"83,93,0","167,208,0",0,-1,0,0.0,0.0,0.0,0.0,
407,SIPP_2^5,"83,93,0","167,208,0",0,-1,0,0.0,0.0,0.0,0.0,
407,SIPP_BigCS,"83,93,0","167,208,0",0,-1,0,0.0,0.0,0.0,0.0,
407,SIPP_Standard,"83,93,2","167,208,14",0,-1,65307,180.00127,0.0,0.0,0.0,
408,SIPP_2^2,"222,80,0","95,147,0",0,-1,0,0.0,0.0,0.0,0.0,
408,SIPP_2^3,"222,80,0","95,147,0",0,-1,0,0.0,0.0,0.0,0.0,
408,SIPP_2^4,"222,80,0","95,147,0",0,-1,0,0.0,0.0,0.0,0.0,
408,SIPP_2^5,"222,80,0","95,147,0",0,-1,0,0.0,0.0,0.0,0.0,
408,SIPP_BigCS,"222,80,0","95,147,0",0,-1,0,0.0,0.0,0.0,0.0,
408,SIPP_Standard,"222,80,10","95,147,15",0,-1,0,2e-05,0.0,0.0,0.0,
409,SIPP_2^2,"116,230,0","45,101,0",0,-1,0,0.0,0.0,0.0,0.0,
409,SIPP_2^3,"116,230,0","45,101,0",0,-1,0,0.0,0.0,0.0,0.0,
409,SIPP_2^4,"116,230,0","45,101,0",0,-1,0,0.0,0.0,0.0,0.0,
409,SIPP_2^5,"116,230,0","45,101,0",0,-1,0,0.0,0.0,0.0,0.0,
409,SIPP_BigCS,"116,230,0","45,101,0",0,-1,0,0.0,0.0,0.0,0.0,
409,SIPP_Standard,"116,230,13","45,101,5",0,-1,0,3e-05,0.0,0.0,0.0,
410,SIPP_2^2,"56,112,0","192,82,0",0,-1,0,0.0,0.0,0.0,0.0,
410,SIPP_2^3,"56,112,0","192,82,0",0,-1,0,0.0,0.0,0.0,0.0,
410,SIPP_2^4,"56,112,0","192,82,0",0,-1,0,0.0,0.0,0.0,0.0,
410,SIPP_2^5,"56,112,0","192,82,0",0,-1,0,0.0,0.0,0.0,0.0,
410,SIPP_BigCS,"56,112,0","192,82,0",0,-1,0,0.0,0.0,0.0,0.0,
410,SIPP_Standard,"56,112,7","192,82,5",0,-1,0,1e-05,0.0,0.0,0.0,
411,SIPP_2^2,"116,209,0","82,59,0",1,1942.327556,6025,2.26322,205.06097,48.69469,97.38937,3 3 3 3 3 3 3 3 3 2 3 3 3 0 0 3 0 0 0 0 0 0 0 0 0 0 0 0 0 0 0 0 0 0 0 0 0 0 0 0 3 3 3 3 0 0 3 3 0 0 0 3 0 3 3 0 3 0 0 3 3 3 3 3 3 3 3 3 3 0 0 3 -2.328 1 0 1 1 0 0 0 0 0 0 0 0 0 0 0 0 0 0 0 1 0 0 0 0 0 0 0 0 0 0 0 0 0 0 0 0 0 0 0 0 0 0 0 0 0 0 0 0 0 0 0 0 0 0 0 0 0 0 0 0 0 0 0 0 0 0 0 0 0 0 0 0 0 0 0 0 0 0 0 0 0 0 0 0 0 0 0 0 0 0 0 0 0 0 0 0 0 0 0 0 0 0 0 0 0 0 0 0 0 0 0 3 0 0 0 0 3 3 0 0 3 0
411,SIPP_2^3,"116,209,0","82,59,0",1,1737.945714,5406,3.36572,98.60576,19.63495,39.26991,7 7 7 7 7 0 0 0 0 0 0 0 7 6 6 7 7 7 7 7 7 0 0 0 0 7 7 7 7 7 7 7 7 7 7 7 7 7 7 0 0 0 0 0 0 1 1 2 0 0 0 0 0 0 0 0 0 0 0 0 0 0 0 0 0 0 0 0 0 0 0 0 0 0 0 0 0 0 0 0 0 0 0 0 7 0 0 0 0 0 0 7 7 0 0 0 0 0 0 0 0 7 0 0 0 0 0 0 0 0 0 0 0 0 0 0 7 0 0 0 0 0 0 0 0 0 0 0 0 0 0 0 0 0 0 0 7 7 0 7 7 -0.013 7 -0.142 0 -4.473 0 -4.036 0 -3.219 0 0 0 0 1 -34.355 0 -0.101 0 -0.062 0
411,SIPP_2^4,"116,209,0","82,59,0",1,1695.6132159999997,4671,7.52824,73.59311,14.74271,29.48542,15 15 15 14 15 0 0 15 12 13 14 14 14 14 14 14 14 14 14 14 14 14 14 14 15 15 15 15 14 0 0 0 0 0 0 2 2 -4.144 2 -1.642 0 15 0 0 0 0 0 0 0 0 0 0 0 0 0 0 0 0 0 0 0 0 0 0 0 0 0 0 0 0 0 15 0 15 15 15 0 15 0 15 15 15 15 15 15 15 0 0 0 0 0 0 0 0 0 0 0 0 0 0 0 0 0 0 0 0 0 0 0 0 0 0 0 15 14 15 -3.541 0 0 -0.775 0 1 2 1 2 2 1 2
411,SIPP_2^5,"116,209,0","82,59,0",1,1693.011239,4770,19.52045,64.73389,12.66401,25.32802,30 30 29 30 31 28 -1.303 24 28 28 29 28 28 28 28 28 29 28 28 28 29 28 28 28 31 0 0 0 0 0 4 4 8 -1.984 1 31 31 31 31 31 31 0 31 0 0 0 0 0 0 0 0 0 0 0 0 0 0 0 0 0 0 31 31 31 31 31 31 31 0 0 0 0 0 0 0 0 0 0 0 0 0 0 0 0 0 0 0 0 0 0 0 31 -1.293 26 -0.024 31 -0.407 2 4 4 4 3 -0.331 3
411,SIPP_BigCS,"116,209,10","82,59,8",0,-1,26641,180.03023,0.0,0.0,0.0,
411,SIPP_Standard,"116,209,10","82,59,8",1,1738.404223,7171,15.93886,51.86345,10.0095,1.5512,43 -19.744 77 98 108 54 66 46 -2.559 2 2 2 2 2 18 108 46 2 2 2 2 6 -2.101 98
412,SIPP_2^2,"247,168,0","218,22,0",1,2355.3574200000003,11829,4.03872,233.34524,51.83628,103.67256,3 3 3 3 3 3 3 3 3 0 3 3 3 3 3 3 3 3 3 3 3 3 3 3 3 3 3 3 3 3 3 0 0 0 0 0 0 0 0 0 0 0 0 0 0 0 0 0 0 0 0 0 0 0 0 0 0 0 0 0 0 3 3 3 3 3 3 3 3 3 3 0 3 3 3 0 3 0 3 0 0 0 0 0 0 0 0 0 0 0 0 0 3 0 0 0 3 0 0 3 0 0 0 0 0 0 0 0 0 0 0 0 0 0 0 0 0 0 0 0 0 0 0 0 0 3 3 3 0 0 0 0 0 3 0 3 0 0 0 0 0 0 0 0 -18.030 0 -63.456 3 -1.109 0 -0.370 0 -0.093 0 -0.020 0 0 0 0 0 -0.017 0 -0.310 0 -13.741 0 -3.886 0 0 0 -4.325 0 0 0 0 0 0 0 0 0 0 0 0 0 0 0 0 0 0 0 0 0 0 0 0 0 0 0 0 0 0 0 1 1 1 1 1 1 1 1 1 0 1 1 1 1 1 1 1 1 0 0 0 0 0 0 1 1 0 1 1 1 1 1 1 0
412,SIPP_2^3,"247,168,0","218,22,0",1,1920.2148419999985,5829,3.48971,130.56363,25.91814,51.83628,6 6 6 7 7 6 6 6 7 7 7 7 7 6 7 7 7 7 7 7 7 7 7 7 7 7 7 7 7 7 7 7 7 7 7 7 7 7 6 6 7 7 6 6 7 7 7 7 7 7 7 7 -2.218 7 7 0 0 0 1 1 1 -2.757 0 -1.047 0 7 0 0 0 0 0 0 0 7 0 0 0 0 0 0 -0.039 0 -0.062 0 1 0 0 1 1 1 1 1 1 0 0 0 0 0 1 0 0 1 0 1 1 2 2 2 2 2 1 1 1 0 0 0 0 0 0 0 0 0 0 0 0 0 0 0 0 0 0 0 0 1 1 1 1 1 1 1 0 0 0 0 0 0 0 0 0 0 0 0 0 0 0 0 0 0 0 7 0 0 0 0 0 0 7
412,SIPP_2^4,"247,168,0","218,22,0",1,1772.5311579999989,3651,5.55645,31.68139,6.32114,12.64229,13 13 13 13 13 14 13 13 14 14 14 14 14 14 14 14 14 14 14 14 14 14 14 14 15 15 15 15 15 15 14 14 14 15 15 15 15 15 14 14 0 -18.761 0 -3.714 0 0 0 15 0 0 -3.081 0 0 0 0 0 0 0 0 0 0 0 0 0 0 0 0 0 0 0 0 0 0 0 0 0 0 0 0 0 0 0 0 0 0 0 0 0 0 0 0 0 0 0 0 0 0 0 0 0 0 0 0 0 0 0 0 0 0 0 0 0 0 0 0 0 0 1 0 2 2 2 2 2 2 2 2 2 2 2 2 2 2 2 3 2
412,SIPP_2^5,"247,168,0","218,22,0",1,1770.5022089999993,3684,14.35963,24.3548,4.86134,9.72269,26 26 26 27 26 26 27 29 28 28 28 28 28 29 29 29 28 28 28 28 28 28 28 -0.394 30 29 29 29 29 30 31 -23.578 0 -3.443 31 31 0 0 0 0 0 0 0 0 0 0 0 0 0 0 0 0 0 0 0 0 0 0 0 0 0 0 0 0 0 0 0 0 0 0 0 0 0 0 0 0 0 0 0 0 0 0 0 0 0 0 0 0 0 0 0 0 0 0 0 0 0 0 1 0 0 1 4 4 4 4 4 4 4 4 4 4 4 4 4 4 5 4
412,SIPP_BigCS,"247,168,13","218,22,7",0,-1,28717,180.08408,0.0,0.0,0.0,
412,SIPP_Standard,"247,168,13","218,22,7",1,1795.5839,16912,36.90195,36.43953,6.977,0.8343,23 50 77 66 54 66 54 74 85 -5.052 2 -16.532 2 2 2 2 2 2 2 6 106 29 29 53
413,SIPP_2^2,"196,15,0","85,100,0",1,2399.693534,13271,4.31281,212.13203,47.12389,94.24778,3 2 2 3 3 -6.832 3 -0.084 3 3 3 3 3 3 3 0 -111.185 3 -13.612 3 3 2 3 2 3 2 2 3 3 3 3 3 3 3 3 3 -82.662 3 -88.407 3 -0.101 2 -3.637 3 3 3 3 3 3 3 3 3 -12.492 3 -0.029 3 -0.034 3 3 3 3 3 3 3 3 3 3 3 3 3 3 3 3 3 3 3 3 3 3 3 3 3 3 3 3 3 3 3 3 3 3 3 3 3 3 3 3 3 3 3 3 2 2 2 2 2 2 2 2 3 3 3 3 3 3 2 3 3 2 2 2 2 3 3 3 3 3 3 3 3 3 3 3 3 3 3 3 3 3 2 3 3 3 3 3 3 3 2 3 3 2 2 2 2 2 2 2 2 2 2 2 2 -0.094 1 1 2 -0.524 2 2 2 2 2 2 2 2 2 2 2 2 2 2 2 2 2 2 2 2 2 2 2 2 2 2 2 2 2 2 2 2 2 2 2 2 2 2 2 2 2 2 2 2 2 1 2 2 1 2 2 2 2 1
413,SIPP_2^3,"196,15,0","85,100,0",1,1744.6803919999986,3903,2.33527,134.7929,26.70354,53.40708,5 4 4 5 5 4 4 4 4 5 4 4 4 5 5 6 6 5 5 6 6 5 6 6 6 6 5 5 5 6 6 6 6 6 6 6 6 6 6 6 6 6 6 6 6 6 6 6 6 6 6 6 6 6 6 6 6 6 6 6 6 6 7 6 6 7 7 6 6 6 6 6 6 6 6 6 6 6 6 6 6 6 6 6 5 6 5 6 5 6 6 5 5 5 5 5 5 5 5 5 5 5 5 5 5 5 5 5 5 5 5 4 4 4 4 4 4 4 4 4 4 4 4 4 4 4 4 4 4 4 4 4 4 4 4 4 4 4 4 4 5 5 4 5 4 4 5 5 5 4 5 5 4 4 5
413,SIPP_2^4,"196,15,0","85,100,0",1,1650.6020580000002,2964,4.54241,52.55236,10.45601,20.91203,12 11 11 12 12 12 12 12 12 12 12 12 10 10 10 9 9 9 10 10 10 10 10 10 10 11 12 12 12 12 12 12 12 12 12 12 12 12 12 12 12 12 12 12 12 12 12 12 12 13 12 13 12 12 12 12 12 12 13 12 12 12 12 12 12 12 12 11 11 11 11 10 10 10 -0.656 9 9 10 10 10 -0.946 10 9 -3.599 9 9 9 9 9 9 9 9 9 9 9 9 9 9 9 9 9 8 8 8 8 8 8 8 8 9 8 8 8 9 8 9
413,SIPP_2^5,"196,15,0","85,100,0",1,1639.3968530000006,2624,9.85211,36.13682,7.18377,14.36753,23 23 24 24 24 24 24 24 24 24 20 20 20 19 19 20 20 20 19 20 22 24 24 24 24 24 24 24 24 24 24 24 24 24 24 24 24 24 24 24 24 24 24 25 24 25 25 24 24 24 24 24 23 24 24 24 24 24 24 24 -0.683 22 21 21 20 20 20 19 20 20 19 17 17 17 17 17 17 17 18 18 18 18 17 17 17 17 17 17 16 16 17
413,SIPP_BigCS,"196,15,12","85,100,2",1,1642.9847960000002,20328,111.07956,35.91795,6.6187,0.9599,203 363 7 7 7 23 206 254 103 103 103 103 171 7 7 7 7 7 3 7 7 7 3 59 309 7 7 7 7 7 83 203 355 103 -0.509 103 -0.473 103 -0.003 103 103 179 206 206 206 206 206 206 206 206 206 206 206 310 4 4 4 4 4 4 4 4 4 84 310
413,SIPP_Standard,"196,15,12","85,100,2",1,1742.0,3360,5.59817,71.49387,13.5293,1.9815,35 104 55 91 3 19 101 107 34 91 3 7 75 62 94 20 51 94 20 51 94
414,SIPP_2^2,"84,37,0","243,44,0",0,-1,0,0.0,0.0,0.0,0.0,
414,SIPP_2^3,"84,37,0","243,44,0",0,-1,0,0.0,0.0,0.0,0.0,
414,SIPP_2^4,"84,37,0","243,44,0",0,-1,0,0.0,0.0,0.0,0.0,
414,SIPP_2^5,"84,37,0","243,44,0",0,-1,0,0.0,0.0,0.0,0.0,
414,SIPP_BigCS,"84,37,0","243,44,0",0,-1,0,0.0,0.0,0.0,0.0,
414,SIPP_Standard,"84,37,9","243,44,1",0,-1,0,3e-05,0.0,0.0,0.0,
415,SIPP_2^2,"207,233,0","40,232,0",0,-1,0,0.0,0.0,0.0,0.0,
415,SIPP_2^3,"207,233,0","40,232,0",0,-1,0,0.0,0.0,0.0,0.0,
415,SIPP_2^4,"207,233,0","40,232,0",0,-1,0,0.0,0.0,0.0,0.0,
415,SIPP_2^5,"207,233,0","40,232,0",0,-1,0,0.0,0.0,0.0,0.0,
415,SIPP_BigCS,"207,233,0","40,232,0",0,-1,0,0.0,0.0,0.0,0.0,
415,SIPP_Standard,"207,233,0","40,232,15",0,-1,0,1e-05,0.0,0.0,0.0,
416,SIPP_2^2,"65,215,0","137,98,0",0,-1,0,0.0,0.0,0.0,0.0,
416,SIPP_2^3,"65,215,0","137,98,0",0,-1,0,0.0,0.0,0.0,0.0,
416,SIPP_2^4,"65,215,0","137,98,0",0,-1,0,0.0,0.0,0.0,0.0,
416,SIPP_2^5,"65,215,0","137,98,0",0,-1,0,0.0,0.0,0.0,0.0,
416,SIPP_BigCS,"65,215,0","137,98,0",0,-1,0,0.0,0.0,0.0,0.0,
416,SIPP_Standard,"65,215,6","137,98,12",0,-1,0,1e-05,0.0,0.0,0.0,
417,SIPP_2^2,"207,125,0","131,55,0",0,-1,0,0.0,0.0,0.0,0.0,
417,SIPP_2^3,"207,125,0","131,55,0",0,-1,0,0.0,0.0,0.0,0.0,
417,SIPP_2^4,"207,125,0","131,55,0",0,-1,0,0.0,0.0,0.0,0.0,
417,SIPP_2^5,"207,125,0","131,55,0",0,-1,0,0.0,0.0,0.0,0.0,
417,SIPP_BigCS,"207,125,0","131,55,0",0,-1,0,0.0,0.0,0.0,0.0,
417,SIPP_Standard,"207,125,0","131,55,6",0,-1,73664,180.00123,0.0,0.0,0.0,
418,SIPP_2^2,"163,159,0","23,106,0",0,-1,4,0.29842,0.0,0.0,0.0,
418,SIPP_2^3,"163,159,0","23,106,0",1,1794.829685,8562,5.93988,119.03886,23.56195,47.12389,4 5 6 5 6 6 -12.327 0 7 -0.050 0 -0.909 0 7 7 7 7 7 7 7 7 7 7 7 7 7 7 6 0 7 7 7 7 7 0 7 7 7 7 6 6 6 7 6 6 6 7 6 6 6 7 7 7 7 7 6 7 6 6 6 6 6 6 6 6 6 6 6 6 6 6 6 6 6 6 6 6 6 6 6 6 6 6 6 6 6 6 6 6 6 6 6 6 6 6 6 6 6 6 6 6 6 6 6 6 6 6 6 6 6 6 6 6 6 6 6 5 6 6 6 6 6 6 6 6 6 6 6 6 6 6 6 6 6 6 6 6 6 6 6 6 7 6 6 6 6 7 7 7 0 0 0 0 0 0 0 0 0 0 0 0 0 0 0 0
418,SIPP_2^4,"163,159,0","23,106,0",1,1742.91465,7764,13.72461,75.43643,15.34826,30.69651,8 6 -1.700 2 12 12 13 13 13 14 13 14 14 14 14 13 13 13 13 13 13 14 13 13 13 13 14 14 14 14 14 14 14 14 13 13 13 13 12 12 12 12 12 12 12 12 12 12 12 12 12 12 12 12 12 12 12 12 12 12 12 12 12 12 12 12 12 12 12 12 12 12 12 12 13 12 12 13 12 12 12 12 13 12 12 12 12 12 12 12 12 12 12 12 12 12 12 12 12 12 13 12 11 12 12 12 12 12 12 12 12 12 12 12 12 12 12 12 13 12 14 14 0 0 0 0 0 0 0 0 0 0 0 0 0 0 0 0
418,SIPP_2^5,"163,159,0","23,106,0",1,1725.2826270000003,7362,32.85044,51.828,10.6767,21.35339,16 12 -1.700 4 24 24 26 26 26 27 27 27 27 27 27 26 26 26 26 27 27 27 27 28 27 25 24 24 24 24 24 24 24 24 24 24 25 24 24 24 24 24 24 24 24 24 24 24 24 24 24 24 24 24 24 24 24 24 24 24 24 24 24 24 24 24 24 24 24 24 24 24 24 24 24 25 25 24 25 24 25 24 24 24 24 24 24 24 24 24 24 24 24 24 24 24 24 24 24 24 24 24 24 28 28 0 0 0 0 0 0 0 0 0 0 0 0 0 0 0 0
418,SIPP_BigCS,"163,159,4","23,106,11",0,-1,25327,180.19599,0.0,0.0,0.0,
418,SIPP_Standard,"163,159,4","23,106,11",1,1857.916491,52392,130.03887,55.94604,10.7407,1.4331,86 -44.687 27 74 77 82 19 77 -0.736 66 38 3 3 3 3 3 3 3 -7.494 19 93 3 27 106 49
419,SIPP_2^2,"36,60,0","180,109,0",1,1950.0,8000,2.95405,318.19805,70.68583,141.37167,2 2 1 1 2 2 2 1 2 1 2 1 1 1 1 1 1 2 2 2 2 2 2 2 2 1 2 2 2 2 2 1 1 1 2 1 1 1 1 1 1 1 1 1 1 1 1 2 1 1 1 1 1 1 1 1 1 1 1 1 1 1 1 1 1 1 1 1 1 1 1 1 1 1 1 1 1 1 1 1 1 1 1 1 1 2 1 1 1 1 1 1 1 2 2 1 1 1 1 1 1 1 2 2 1 2 2 2 2 2 2 2 2 1 1 1 1 1 1 1 1 1 1 2 1 1 1 1 1 2 2 1 1 1 1 1 1 1 1 1 1 1 1 1 1 1 1 1 1 1 1 1 1 1 1 1 1 1 1 2 1 2 1 1 1 2 2 2 1 2 2 1 1 1 1 1 1 1 2 1 1 2 1 2 2 1 2 1 1 1 1 1 1 0 1
419,SIPP_2^3,"36,60,0","180,109,0",1,1693.2180059999998,5254,3.42123,167.80748,32.98672,65.97345,3 3 4 3 -2.334 3 3 3 3 3 3 3 2 3 3 3 3 3 3 3 3 3 3 2 2 2 2 2 2 2 2 2 2 2 2 2 2 2 3 2 2 2 3 3 3 -12.369 2 3 3 3 3 2 2 2 3 3 2 2 2 2 2 2 2 2 2 2 2 2 3 2 2 2 2 2 2 2 2 2 1 2 2 2 2 2 2 2 2 2 2 2 2 3 2 3 2 2 2 2 2 2 2 2 2 2 3 2 2 2 2 3 3 2 3 2 2 2 3 3 3 2 3 2 3 3 3 3 2 2 2 2 3 2 2 2 3 2 3 2 3 3 -12.868 2 -0.206 2 -0.049 2 2 2 2 1
419,SIPP_2^4,"36,60,0","180,109,0",1,1619.224637,3131,5.20414,48.69049,9.70857,19.41715,7 6 7 6 6 6 6 5 5 6 6 6 6 6 6 6 6 6 5 5 5 5 5 5 5 6 5 5 6 5 5 4 4 4 4 4 -0.884 4 4 5 4 4 4 4 4 4 4 4 4 4 4 4 4 4 4 4 4 4 4 4 4 4 4 3 3 3 4 4 5 5 5 5 5 5 5 5 5 5 5 5 5 5 5 4 4 4 4 4 4 4 4 4 4 5 4 4 5 4 4 4 5 5 4 4 4 4 4 3
419,SIPP_2^5,"36,60,0","180,109,0",1,1595.4954,2423,10.40932,28.10205,5.58706,11.17412,13 13 11 11 11 10 10 11 10 9 8 8 8 8 8 8 8 8 8 8 8 8 8 8 8 8 8 8 8 8 8 8 7 8 8 8 8 8 9 11 10 9 8 8 8 9 9 9 8 -9.903 8 12 12 -0.544 10 10 10 10 10 10 10 10 10 10 10 10 9 9 9 9 9 9 9 9 9 9 -5.771 9 8 8 7
419,SIPP_BigCS,"36,60,1","180,109,2",1,1597.007636,17265,125.40907,34.16606,6.0555,0.9921,200 256 207 207 207 207 255 128 5 5 5 5 5 5 5 5 5 1 5 5 5 1 85 207 207 207 311 5 5 85 207 207 207 207 207 207 207 207 207 207 207 207 207 207 207 207 207 311 1 73 -23.008 128 65
419,SIPP_Standard,"36,60,1","180,109,2",1,1638.1855659999999,9845,26.37267,38.60565,6.6445,0.8127,72 63 71 36 1 1 5 105 -13.498 36 1 -25.500 21 48 63 63 63 63 63 -3.187 95 5
420,SIPP_2^2,"86,114,0","186,221,0",0,-1,0,0.0,0.0,0.0,0.0,
420,SIPP_2^3,"86,114,0","186,221,0",0,-1,0,0.0,0.0,0.0,0.0,
420,SIPP_2^4,"86,114,0","186,221,0",0,-1,0,0.0,0.0,0.0,0.0,
420,SIPP_2^5,"86,114,0","186,221,0",0,-1,0,0.0,0.0,0.0,0.0,
420,SIPP_BigCS,"86,114,0","186,221,0",0,-1,0,0.0,0.0,0.0,0.0,
420,SIPP_Standard,"86,114,6","186,221,14",0,-1,0,4e-05,0.0,0.0,0.0,
421,SIPP_2^2,"105,36,0","112,203,0",0,-1,0,0.0,0.0,0.0,0.0,
421,SIPP_2^3,"105,36,0","112,203,0",0,-1,0,0.0,0.0,0.0,0.0,
421,SIPP_2^4,"105,36,0","112,203,0",0,-1,0,0.0,0.0,0.0,0.0,
421,SIPP_2^5,"105,36,0","112,203,0",0,-1,0,0.0,0.0,0.0,0.0,
421,SIPP_BigCS,"105,36,0","112,203,0",0,-1,0,0.0,0.0,0.0,0.0,
421,SIPP_Standard,"105,36,4","112,203,2",0,-1,67101,180.00177,0.0,0.0,0.0,
422,SIPP_2^2,"0,161,0","144,98,0",0,-1,0,0.0,0.0,0.0,0.0,
422,SIPP_2^3,"0,161,0","144,98,0",0,-1,0,0.0,0.0,0.0,0.0,
422,SIPP_2^4,"0,161,0","144,98,0",0,-1,0,0.0,0.0,0.0,0.0,
422,SIPP_2^5,"0,161,0","144,98,0",0,-1,0,0.0,0.0,0.0,0.0,
422,SIPP_BigCS,"0,161,0","144,98,0",0,-1,0,0.0,0.0,0.0,0.0,
422,SIPP_Standard,"0,161,9","144,98,15",0,-1,0,1e-05,0.0,0.0,0.0,
423,SIPP_2^2,"124,92,0","209,4,0",1,2391.660396,21377,7.35112,438.4062,97.38937,194.77874,1 1 1 1 1 1 1 1 1 1 1 1 1 1 1 1 1 2 2 1 2 1 1 1 1 1 2 1 2 1 1 2 1 1 1 1 2 1 1 2 2 2 1 1 2 2 1 1 1 1 2 1 1 1 1 1 1 1 2 2 2 1 1 2 1 1 2 1 1 1 1 1 1 1 1 1 1 1 1 1 1 1 1 0 0 1 0 0 1 1 0 0 0 0 0 0 0 0 0 0 0 0 0 0 0 0 0 0 0 0 0 0 0 0 0 1 1 1 1 1 0 0 1 1 1 1 1 0 1 1 1 1 1 1 1 1 1 1 0 1 0 0 0 0 0 0 1 1 0 0 0 0 0 0 1 0 0 0 0 0 3 0 0 0 0 0 0 0 3 3 -21.660 0 1 0 1 1 1 1 1 0 1 0 0 0 0 0 0 0 0 0 0 0 0 0 0 0 0 0 0 0 0 0 0 0 0 0 0 0 0 0 0 0 0 0 0 0 0 0 0 3 3 0 0 3 0 3 0 0 3 3 3 0 3 3 3 0 0 3
423,SIPP_2^3,"124,92,0","209,4,0",1,1863.9697119999992,6776,4.36195,134.75286,26.70354,53.40708,3 3 3 3 3 3 3 3 3 2 3 2 2 2 2 2 2 2 3 2 2 3 3 2 2 2 2 2 2 2 2 2 2 2 2 2 2 2 2 3 3 2 2 2 2 3 2 3 3 2 2 2 2 2 2 2 2 2 2 2 2 2 1 2 1 1 0 0 1 1 0 0 0 0 0 0 0 0 0 0 0 0 0 0 0 0 0 0 1 0 0 0 0 1 1 1 1 0 1 0 0 1 0 0 0 0 0 0 0 0 0 0 0 0 0 0 0 0 1 0 0 0 0 0 0 0 0 0 0 0 0 0 0 0 1 0 1 1 1 1 1 1 1 1 1 0 0 0 0 0 0 0 0 0 0 0 0 0 0 0 0 0 0 0 0 0 0 0 7
423,SIPP_2^4,"124,92,0","209,4,0",1,1810.5260319999995,5908,10.02546,60.8954,12.13075,24.2615,5 4 5 5 5 5 5 5 5 5 5 5 5 5 4 4 4 4 4 5 5 5 4 4 4 4 5 4 5 4 4 4 4 4 4 4 4 4 4 4 3 4 4 4 4 2 2 2 1 1 0 1 1 1 1 0 0 0 0 0 0 0 1 0 0 1 1 0 0 0 0 0 0 0 0 0 0 0 0 0 0 0 0 0 0 0 0 0 0 0 0 0 0 0 0 0 0 0 0 0 0 0 0 0 0 0 2 2 2 2 2 2 2 2 1 2 0 0 0 0 0 0 0 0 0 0 0 0 0 0 0 0 0 0 0 0 0 0 15
423,SIPP_2^5,"124,92,0","209,4,0",1,1799.9135789999998,5729,24.60219,36.92603,7.32148,14.64296,9 9 9 9 9 9 9 9 10 9 9 10 10 10 10 9 9 9 8 8 8 8 8 8 8 8 8 8 7 8 8 4 4 3 4 -5.025 0 0 0 0 0 0 0 0 0 0 0 0 0 0 0 0 0 0 0 0 0 0 0 0 0 0 0 0 0 0 0 0 0 0 0 0 1 1 1 1 0 1 0 0 1 1 0 0 0 0 4 4 4 4 4 4 4 4 4 1 0 0 0 0 0 0 0 0 0 0 0 0 0 0 0 0 0 0 0 0 31
423,SIPP_BigCS,"124,92,10","209,4,0",0,-1,23984,180.20999,0.0,0.0,0.0,
423,SIPP_Standard,"124,92,10","209,4,0",1,1855.0,47940,118.70279,42.32318,7.4331,0.8857,17 63 63 63 63 95 1 5 81 18 60 92 2 2 2 2 2 26 73 92 6 90
424,SIPP_2^2,"115,79,0","228,4,0",1,1974.091497,6799,2.48052,247.48737,54.97787,109.95574,0 0 0 3 0 3 0 3 0 0 0 0 0 0 0 0 0 0 0 0 0 0 0 0 0 0 0 0 0 0 0 0 0 0 0 0 3 -4.055 0 -10.025 0 -0.012 0 0 0 0 0 0 0 1 1 0 1 1 1 1 1 1 1 1 1 1 1 1 1 1 1 1 1 1 1 1 1 1 1 1 1 1 1 1 1 1 1 1 1 1 1 1 0 1 1 1 1 1 1 1 1 1 1 1 1 1 1 1 1 1 1 1 1 1 1 1 1 1 1 1 1 1 1 1 1 1 1 1 1 1 1 1 1 1 1 0 1 1 1 1 1 1 1 1 0 1 1 1 1 1 1 1 1 1 1 0 0 0 0 1 0 0 0 0 0 0 0 0 0 0 0 0 0 0 1 1 1 0 0 1 1 1 1 1 0 1 0 0 1 1 0 1 0 0 0 1 1 0 1 1 1 0 1
424,SIPP_2^3,"115,79,0","228,4,0",1,1810.8431909999988,4838,3.04956,138.62234,27.48894,54.97787,0 0 0 7 0 7 7 0 0 0 0 0 0 0 0 0 0 0 0 0 0 0 0 0 0 0 0 0 7 7 7 0 0 0 7 0 1 1 1 0 1 1 1 2 2 2 2 2 2 2 2 2 2 1 2 2 2 2 2 2 2 2 2 2 2 2 2 2 2 2 2 2 2 2 2 2 2 2 1 2 2 2 2 2 2 2 2 2 2 2 2 2 2 2 2 2 2 2 2 2 2 2 2 2 2 2 2 2 2 2 2 2 2 2 2 2 2 2 1 2 1 1 2 2 1 -4.365 2 -3.219 2 2 2 2 2 2 2 2 2 2 2 1 1 1 1 1 1 0 1 1 0 1 1 0 1 1 1 0 0 0 0 1 1 0 1 1 2 2 1
424,SIPP_2^4,"115,79,0","228,4,0",1,1776.9678459999996,4411,7.13962,61.79333,12.3106,24.62121,0 15 15 15 0 0 0 0 0 0 0 0 0 0 0 0 0 0 0 0 15 15 15 15 15 0 0 1 -0.762 2 2 2 2 2 2 4 4 4 -0.141 4 4 -0.260 4 4 4 4 4 4 4 4 4 4 4 4 4 4 4 4 4 4 4 4 4 4 4 4 3 4 3 4 3 4 4 4 4 4 4 4 4 4 4 4 4 4 4 4 3 4 4 4 4 4 4 4 4 4 4 4 4 4 4 4 4 3 3 4 4 2 2 1 1 1 1 1 1 1 1 2 2 1 2 2 4 4 3 3 3 4 4 4 4 4 4 4 4 4 4 4 4 4 5
424,SIPP_2^5,"115,79,0","228,4,0",1,1769.141513,4343,17.60484,44.82051,8.9331,17.86621,31 31 31 0 31 0 0 0 31 0 0 0 0 0 31 31 0 31 -1.048 0 1 4 4 4 4 7 8 8 -3.158 8 8 -0.260 8 8 8 7 8 8 8 7 8 8 8 8 8 8 8 8 8 8 8 8 8 8 8 8 8 8 8 8 8 8 8 8 8 8 8 8 8 8 8 8 8 8 8 7 7 8 8 8 8 8 8 8 8 8 8 8 8 7 7 4 4 2 2 2 2 2 2 2 2 3 4 4 4 7 7 7 8 8 8 8 8 8 8 8 8 8 8 9
424,SIPP_BigCS,"115,79,4","228,4,7",0,-1,28742,180.04639,0.0,0.0,0.0,
424,SIPP_Standard,"115,79,4","228,4,7",1,1813.936033,13287,26.57242,47.01147,9.0118,1.0384,46 2 6 90 -5.936 18 84 1 1 1 5 89 1 1 1 5 65 37 18 76 89 1 21
425,SIPP_2^2,"18,116,0","170,157,0",1,2161.9626319999998,10173,3.54086,197.9899,47.12389,94.24778,1 1 1 2 2 2 1 2 1 2 2 2 2 1 1 1 1 1 1 1 1 1 1 1 1 1 1 1 1 1 1 1 1 1 1 1 2 2 2 1 1 1 2 1 1 1 1 1 1 2 2 -40.256 3 -4.913 3 3 -119.206 1 -7.587 1 1 1 1 1 1 1 1 1 1 1 1 1 1 1 1 1 1 1 1 1 1 1 2 2 2 2 2 2 2 2 1 1 1 1 1 1 1 1 1 1 1 1 1 1 1 1 1 1 1 1 1 1 1 1 1 1 1 1 1 1 1 1 1 1 1 1 1 1 1 1 2 2 2 2 2 2 2 1 1 1 1 2 2 2 2 2 1 1 1 1 1 1 1 1 1 1 1 1 1 1 1 1 1 1 1 2 1 1 1 1 2 2 1 1 2 1 1 2 2 1 1 1 1 1 1 1 1 1 1 1 1 1 1 1 1 1 1 1 1 1 1 2 1
425,SIPP_2^3,"18,116,0","170,157,0",1,1852.1391409999987,5791,3.88205,159.24942,31.41593,62.83186,3 3 3 4 3 3 3 3 2 2 2 2 2 2 2 2 2 2 2 2 2 2 2 2 2 2 2 3 2 -3.869 2 -0.012 2 -0.012 2 -0.012 2 1 2 2 2 2 2 2 2 1 2 1 1 1 1 2 2 1 1 2 1 2 1 3 3 3 3 3 3 3 3 3 3 3 3 3 3 3 3 3 2 2 2 2 2 2 2 2 2 2 2 2 2 2 2 3 3 3 3 3 2 3 3 3 3 2 2 2 3 2 3 3 3 3 3 3 3 3 3 3 3 4 4 3 3 3 2 2 3 3 3 2 2 3 3 2 2 2 2 2 2 2 3 2 2 2 2 2 2 2 1 1 1 1 1 2 1 2 2 2 2 2 1
425,SIPP_2^4,"18,116,0","170,157,0",1,1693.6412799999994,2045,3.58803,59.3875,11.809,23.618,6 6 6 6 7 6 6 4 4 4 4 4 4 4 4 4 4 4 4 4 4 5 4 4 5 4 4 4 4 4 4 3 4 3 3 3 3 3 3 4 4 3 3 4 4 5 5 5 5 5 5 5 5 5 5 5 5 5 5 5 5 5 5 6 6 6 6 6 6 6 6 6 5 5 5 5 5 5 5 5 4 4 4 4 5 4 4 5 4 4 4 4 4 4 4 4 4 4 4 4 4 4 4 4 4 5 4 5 4 5
425,SIPP_2^5,"18,116,0","170,157,0",1,1677.8241550000005,1829,8.01065,34.60518,6.85783,13.71566,12 12 12 13 12 12 8 8 8 8 8 8 8 8 8 8 8 8 8 8 8 9 9 8 8 8 7 7 7 6 6 7 7 6 7 11 11 11 11 11 10 10 10 10 10 10 10 10 10 10 10 10 11 12 12 11 12 9 9 9 9 9 9 9 8 8 9 8 8 8 8 8 9 9 8 8 8 8 8 8 8 8 8 9
425,SIPP_BigCS,"18,116,0","170,157,13",1,1677.0,10676,70.3029,32.39486,5.5173,0.7539,152 232 5 5 5 5 5 5 5 41 367 81 201 201 201 201 201 201 377 207 207 207 207 207 207 207 207 207 207 207 207 207 207 207 207 255 100 100 100 100 100 176 207 207 207 207 207 207 207 311 5 5 5 5 5 5 5 1 5 5 5 5 5 5 57
425,SIPP_Standard,"18,116,0","170,157,13",1,1702.136458,2063,5.21039,29.26292,4.6629,0.585,64 36 1 1 5 57 57 105 28 48 63 63 -4.136 63 63 63 63 95 1 1 21
426,SIPP_2^2,"59,232,0","42,86,0",1,2578.11169,19698,6.36832,155.56349,37.69911,75.39822,0 0 0 0 0 0 0 0 0 0 0 0 0 0 0 0 0 0 0 3 3 3 0 0 3 3 3 3 3 3 3 3 3 3 3 3 3 3 3 3 3 3 3 3 3 3 0 3 0 0 3 3 0 3 -224.651 0 -13.131 0 -49.491 3 -4.183 0 -4.183 3 0 0 0 0 0 0 3 3 3 3 0 3 -13.384 0 0 0 0 0 0 0 0 0 0 0 0 0 0 0 0 0 0 0 0 0 0 0 0 0 0 0 0 0 0 0 0 0 0 0 0 0 0 0 0 0 0 0 0 0 0 0 -37.781 0 -0.909 0 -1.113 0 -0.006 0 0 0 0 0 0 0 0 0 0 0 0 0 0 0 0 0 0 0 0 0 0 0 0 0 0 0 0 0 0 0 0 0 0 0 0 0 0 0 -32.732 0 0 -5.704 0 0 0 0 0 0 0 0 0 3 -117.000 1 -18.115 1 -6.470 1 1 1 1 1 1 1 1 1 1 -3.853 1 -1.137 1 -1.137 1 -1.137 0 -1.137 1 -1.138 1 -1.137 1 -1.037 1 -1.200 1 -1.424 0 -1.948 0 -2.976 0 0 0 0 0 0 0 0
426,SIPP_2^3,"59,232,0","42,86,0",1,2044.5280169999999,9621,5.94282,180.17384,35.34292,70.68584,7 7 7 7 0 0 0 0 0 0 0 0 0 0 7 7 7 0 7 7 7 7 7 7 6 6 6 6 5 6 6 6 6 6 6 6 6 7 7 7 0 7 7 0 0 0 7 7 7 7 7 7 7 7 7 7 7 7 0 0 0 1 0 1 0 0 0 0 0 0 0 0 0 1 0 0 0 0 0 0 0 0 0 0 0 0 0 0 0 1 1 1 0 0 1 0 0 0 0 0 0 0 0 0 0 0 0 0 0 0 0 0 0 0 0 7 7 7 0 -24.163 6 7 6 7 0 0 0 0 0 0 0 0 0 0 0 0 0 0 0 0 0 0 0 0 0 0 1 2 2 1 1 2 1 1 2 2 2 -8.121 2 -0.033 0 -15.030 2 -7.445 2 1 -1.506 2 2 2 2 2 1 1 -0.413 1 1 1 1 0 0 0 0
426,SIPP_2^4,"59,232,0","42,86,0",1,2044.439529,11967,19.24805,74.88402,14.88461,29.76922,15 15 15 14 15 15 15 15 15 15 15 14 15 14 -1.388 12 -0.101 12 11 11 12 12 12 12 12 13 14 14 14 15 15 14 15 15 15 14 14 15 15 15 15 0 0 0 0 0 0 0 0 0 0 0 0 0 0 0 0 0 0 0 0 0 0 0 0 0 0 0 0 0 0 0 1 1 0 0 0 0 0 0 0 1 0 0 0 0 0 0 0 1 0 0 0 0 0 0 0 0 0 0 0 0 15 15 15 15 15 15 15 0 2 2 2 2 2 -0.388 3 4 4 4 4 3 -106.287 4 -15.030 4 -7.044 3 -3.688 4 4 4 4 3 2 -2.195 2 2 2 -1.693 1 0 0 0
426,SIPP_2^5,"59,232,0","42,86,0",1,2043.849359,12225,48.20493,62.79047,12.56506,25.13012,30 30 30 30 30 29 30 30 29 30 30 28 -2.283 24 23 23 24 24 24 25 28 28 29 29 30 30 30 30 29 29 31 0 0 0 0 0 0 0 0 0 0 0 0 0 0 0 0 0 0 0 0 0 0 0 0 0 0 0 0 1 0 0 0 0 0 0 0 0 0 0 0 0 0 1 0 1 1 0 0 0 0 0 0 31 0 31 30 31 31 30 30 2 4 4 4 7 8 8 8 7 -114.820 8 -15.030 8 -7.044 6 -3.688 8 8 7 7 4 3 -1.144 0 0 0 0
426,SIPP_BigCS,"59,232,9","42,86,9",0,-1,29343,180.13294,0.0,0.0,0.0,
426,SIPP_Standard,"59,232,9","42,86,9",1,2044.254729,45570,91.23666,58.44314,10.5644,1.4373,6 58 66 34 99 69 30 54 58 58 90 10 46 2 2 2 18 92 22 45 5 -11.088 57 -12.971 57 -1.196 81
427,SIPP_2^2,"59,64,0","183,179,0",1,2390.0,20619,7.28243,410.12193,91.10619,182.21237,2 2 2 2 2 2 2 2 2 2 2 2 2 2 2 2 2 2 2 2 1 1 1 1 1 2 1 1 2 2 1 2 1 1 1 1 1 1 1 1 1 2 2 2 2 2 2 2 2 2 2 2 2 2 2 2 2 2 2 2 2 2 2 2 2 2 2 2 2 2 2 2 2 2 2 2 2 2 2 2 2 2 2 2 2 2 2 2 2 2 2 2 2 2 2 2 2 1 1 1 1 2 1 1 2 1 1 1 1 1 1 1 1 1 1 1 1 2 1 2 2 2 2 1 1 1 1 1 1 1 1 2 1 1 1 1 1 1 1 2 1 1 1 1 1 1 1 1 1 1 1 1 1 1 1 1 1 1 1 1 1 2 2 1 2 2 2 2 1 1 1 2 1 1 1 2 2 1 1 2 1 1 2 1 2 2 1 2 1 2 1 1 1 1 1 1 1 2 1 1 1 1 1 1 1 1 2 1 2 1 1 1 2 1 1 2 1 1 2 2 1 2 1 1 2 1 1 1 2 1 1 1 1 1 1 1 1 1 2
427,SIPP_2^3,"59,64,0","183,179,0",1,1936.083843,11152,7.74203,123.71339,24.34734,48.69469,3 4 4 3 3 3 3 3 3 3 3 -2.450 3 3 2 2 2 3 3 3 3 3 3 3 3 3 3 3 3 3 3 3 2 2 3 3 3 3 3 3 3 3 3 4 3 3 3 3 3 3 3 3 3 3 3 3 3 3 3 3 3 3 3 3 3 3 3 3 3 3 3 3 3 4 4 3 4 3 3 4 4 4 4 3 3 3 3 3 3 3 4 4 4 3 3 3 3 4 4 3 2 2 2 2 2 2 2 2 2 2 2 2 2 2 2 2 2 2 2 2 2 2 2 2 3 3 2 2 3 3 3 3 3 3 3 3 3 2 3 3 3 3 3 2 3 -12.007 4 -1.126 4 5 6 -4.571 5 6 6
427,SIPP_2^4,"59,64,0","183,179,0",1,1761.690183,3850,7.19728,50.67569,10.10624,20.21247,6 6 6 6 6 6 7 7 -0.149 7 6 5 6 5 5 6 6 6 6 6 6 6 6 6 5 5 5 6 6 6 6 6 6 6 6 7 7 7 6 6 6 6 6 6 6 6 6 7 7 6 6 6 6 6 6 6 6 6 6 6 6 7 7 7 7 7 6 6 7 7 7 7 7 7 7 -0.565 7 6 6 5 5 5 5 5 5 5 5 5 5 4 5 4 5 5 5 4 4 5 4 4 5 4 5
427,SIPP_2^5,"59,64,0","183,179,0",1,1752.850282,3634,17.16274,35.36083,7.04162,14.08324,12 12 12 12 13 13 -1.079 13 12 12 12 12 11 11 11 11 11 11 12 12 12 12 12 13 13 12 13 12 13 12 12 13 12 12 12 13 12 12 13 12 12 13 12 12 13 13 13 12 12 14 14 14 15 14 14 14 -1.567 9 10 10 10 10 9 10 10 9 10 9 10 9 10 9 10 10 9
427,SIPP_BigCS,"59,64,1","183,179,8",0,-1,22013,180.07412,0.0,0.0,0.0,
427,SIPP_Standard,"59,64,1","183,179,8",1,1766.025521,18122,51.55563,29.96333,5.1044,0.5167,52 -0.026 72 63 71 28 28 28 28 28 28 52 64 52 56 88 12 63 63 63 95 17
428,SIPP_2^2,"22,211,0","130,97,0",1,2696.145656,26232,8.78138,374.76659,83.25221,166.50441,1 1 1 1 1 1 1 1 1 1 1 1 1 1 1 1 1 1 1 1 1 1 1 1 1 1 1 1 2 2 2 1 1 1 1 2 1 1 1 2 2 2 1 1 2 2 1 1 1 1 1 1 1 1 1 1 1 1 2 1 2 1 1 2 1 1 1 1 1 1 1 1 1 1 1 1 1 1 1 1 1 1 1 1 1 1 1 1 1 1 1 1 1 1 1 1 0 0 0 0 0 0 0 0 0 0 0 0 0 0 0 0 0 0 0 0 0 0 0 0 0 0 0 0 0 0 1 1 1 1 0 0 1 1 1 0 0 0 1 1 1 0 0 0 0 0 0 0 1 1 0 0 1 0 0 0 0 0 0 0 0 0 1 0 0 0 0 0 0 0 0 0 0 0 0 0 0 0 0 1 0 1 0 0 0 0 0 0 0 0 0 0 0 0 0 0 0 1 0 0 1 1 1 1 1 1 1 1 1 1 0 0 0 1 1 0 1 0 0 1 0 0 0 0 0 1 0 0 0 0 0 0 1 0 0 1 0 1 0 0 0 0 0 0 0 0 -16.146 0 0 0 3 3 3 3 3 3 3 3 3 3 0 0 0 0 3 0 0 0 0
428,SIPP_2^3,"22,211,0","130,97,0",1,2249.803781,15189,9.61504,222.71901,43.9823,87.9646,4 4 4 4 4 5 5 5 5 6 6 0 0 0 0 1 0 0 1 1 1 1 1 1 1 1 0 0 0 0 0 0 0 0 0 0 0 0 0 0 0 0 0 0 0 0 0 0 0 7 0 0 1 0 1 1 1 2 2 2 3 3 3 3 3 2 2 3 1 1 2 2 1 2 1 1 0 0 0 0 0 0 0 1 0 0 1 0 0 1 1 0 1 1 1 1 2 2 2 2 1 2 2 2 2 1 1 1 1 2 2 1 1 1 2 1 1 1 0 0 1 1 1 1 1 0 1 1 1 1 1 0 1 1 1 1 1 0 1 1 1 1 1 1 1 1 1 1 1 1 1 1 1 1 1 1 1 1 1 0 1 1 -17.173 1 2 2 -3.112 2 -7.355 0 -0.012 2 -0.012 2 -0.012 2 -0.012 2 -0.012 2 -0.012 2 -0.012 2 2 -61.325 2 -15.613 1 -0.632 2
428,SIPP_2^4,"22,211,0","130,97,0",1,2249.803781,17237,28.36817,154.37167,29.38148,58.76297,9 9 9 10 11 12 15 0 0 0 0 0 0 0 0 0 0 0 0 0 1 0 1 0 1 1 0 0 0 0 0 1 1 1 1 1 1 2 -2.241 2 2 3 4 5 6 6 6 6 6 5 3 2 2 2 2 1 0 0 1 1 1 1 1 1 1 2 2 4 4 4 3 3 3 3 3 3 3 3 2 2 2 2 2 2 2 2 2 2 2 2 2 2 2 2 2 2 2 2 2 2 2 2 2 2 2 3 2 3 2 2 2 2 2 2 -12.962 0 -1.047 0 -0.410 0 -0.106 0 -0.013 0 0 0 -0.034 0 -0.500 2 -4.314 1 -26.936 4 -7.587 8 -0.735 1 -0.520 4 -0.454 4 -3.619 4 -7.355 0 -0.012 4 -0.012 4 -0.012 4 -0.012 4 -0.012 4 -19.940 0 -0.022 0 -0.094 4 -11.498 4 -2.873 4 -22.837 5 -2.113 4
428,SIPP_2^5,"22,211,0","130,97,0",1,2249.803781,18308,75.02899,131.93119,27.1321,54.2642,18 18 18 20 22 24 30 1 1 0 0 0 0 0 0 0 0 0 0 1 0 0 0 1 0 1 1 2 2 2 2 2 6 7 10 10 11 10 10 4 3 3 1 2 2 2 2 2 2 4 4 7 7 7 6 6 6 6 6 4 4 4 4 4 -0.258 4 4 4 4 4 4 4 4 4 4 4 4 4 4 4 4 4 4 4 4 4 4 4 4 4 4 4 4 4 4 4 4 -38.032 8 -1.047 0 -0.410 0 -0.106 0 -0.013 0 0 0 -0.034 0 -0.500 4 -4.314 2 -26.936 8 -7.587 16 -0.735 2 -0.520 8 -0.454 8 -3.619 8 -7.355 0 -0.012 8 -0.012 8 -0.012 8 -0.012 8 -0.012 8 -0.012 8 -19.949 0 -0.094 0 -11.498 8 -2.873 8 -22.837 10 -2.113 8
428,SIPP_BigCS,"22,211,6","130,97,15",0,-1,31262,180.25772,0.0,0.0,0.0,
428,SIPP_Standard,"22,211,6","130,97,15",1,2250.237903,69095,159.14683,32.62332,6.1479,0.7037,71 48 95 1 1 -5.011 1 1 5 57 65 29 -54.555 37 2 2 18 92 2 2 2 2 2 2 18 68 29 -62.671 41
429,SIPP_2^2,"168,112,0","15,67,0",1,2194.001987,14298,5.26116,289.91378,64.40265,128.8053,0 0 0 0 0 0 3 3 3 3 3 0 0 3 0 0 0 0 0 3 3 3 3 3 3 3 3 3 3 3 3 0 0 3 0 0 3 3 3 3 0 3 0 3 3 0 3 3 3 0 0 3 3 3 3 3 3 3 3 3 3 3 3 3 3 3 3 3 0 3 3 3 3 3 3 3 3 3 3 3 3 3 3 3 3 3 3 3 3 3 3 0 3 3 3 3 3 3 3 3 3 3 3 3 3 3 3 3 3 0 0 0 3 3 3 0 0 0 0 0 3 0 3 3 0 0 0 0 -211.883 3 -0.062 3 3 3 3 3 3 3 3 0 3 3 3 3 0 0 3 0 3 3 3 3 3 3 3 3 3 3 3 3 3 3 3 3 3 3 3 3 3 3 3 3 3 0 3 3 3 3 3 3 3 3 3 3 3 3 3 3 3 0 0 3 3 3 3 3 0 3 3 -2.056 3
429,SIPP_2^3,"168,112,0","15,67,0",1,1870.017907,8961,5.92752,147.71024,29.05973,58.11947,7 7 7 7 7 7 7 7 7 7 7 7 7 7 7 6 6 7 7 6 7 6 6 7 6 7 6 7 7 6 6 6 6 6 6 6 6 6 6 6 6 6 6 6 6 6 6 7 7 7 7 7 7 7 6 6 6 6 6 6 7 6 7 7 6 6 6 6 6 6 6 6 6 6 6 7 7 6 7 7 7 7 7 7 7 7 7 7 7 7 0 7 0 7 7 7 0 7 -6.730 6 -1.137 6 -1.137 6 -1.138 6 -1.137 6 -4.405 7 6 6 6 6 6 6 6 6 6 6 6 6 6 6 6 6 6 6 6 6 6 6 6 6 6 6 6 6 6 6 6 6 6 6 6 6 5 5 5 5 6 5 5 5 6 6 5 5 6 5 -27.583 6 -9.940 6
429,SIPP_2^4,"168,112,0","15,67,0",1,1814.104128,7634,13.32823,58.28189,11.63908,23.27815,13 12 13 13 13 13 13 13 13 13 13 13 13 13 13 13 13 13 12 12 12 12 12 12 12 12 13 12 12 13 13 14 14 14 14 14 13 13 13 13 14 13 14 14 14 14 13 13 14 14 14 14 14 14 14 14 14 13 13 14 13 14 14 13 -61.397 12 -12.273 12 -1.137 0 -1.137 12 -1.138 12 -6.044 13 12 12 12 12 -0.026 12 -0.206 12 -0.049 12 12 12 -0.046 12 -0.375 12 12 12 12 12 12 12 12 12 12 12 12 12 12 12 12 12 12 12 12 12 12 11 11 11 11 11 11 11 11 11 11
429,SIPP_2^5,"168,112,0","15,67,0",1,1812.1663180000003,7744,34.98134,26.84067,5.33835,10.6767,25 25 25 25 25 25 25 25 25 25 25 25 25 26 26 25 26 27 27 27 27 27 27 28 28 28 28 28 28 28 28 28 28 29 30 30 30 30 30 30 30 30 30 -10.271 26 24 24 24 24 24 24 24 23 23 24 23 24 24 24 24 24 24 24 24 24 24 24 24 24 24 24 24 23 23 24 23 24 24 22 22 22 22 22 22 22 22 21
429,SIPP_BigCS,"168,112,15","15,67,3",0,-1,22639,180.24292,0.0,0.0,0.0,
429,SIPP_Standard,"168,112,15","15,67,3",1,1814.237969,54193,147.91614,30.05539,4.7683,0.4358,19 61 61 93 19 61 61 69 50 69 54 58 74 -46.238 93 3 3 3 7 59 59 59
430,SIPP_2^2,"180,136,0","28,96,0",0,-1,0,0.0,0.0,0.0,0.0,
430,SIPP_2^3,"180,136,0","28,96,0",0,-1,0,0.0,0.0,0.0,0.0,
430,SIPP_2^4,"180,136,0","28,96,0",0,-1,0,0.0,0.0,0.0,0.0,
430,SIPP_2^5,"180,136,0","28,96,0",0,-1,0,0.0,0.0,0.0,0.0,
430,SIPP_BigCS,"180,136,0","28,96,0",0,-1,0,0.0,0.0,0.0,0.0,
430,SIPP_Standard,"180,136,1","28,96,9",0,-1,0,3e-05,0.0,0.0,0.0,
431,SIPP_2^2,"202,252,0","40,233,0",1,2023.13547,3762,1.12982,233.34524,51.83628,103.67256,3 3 3 3 3 0 0 3 0 0 0 0 0 0 3 3 0 0 0 0 3 3 0 0 0 -26.375 0 0 3 0 3 3 3 3 3 3 3 3 3 3 0 0 3 3 3 3 3 0 3 3 3 3 0 3 3 3 3 3 3 3 3 3 3 3 3 0 0 0 3 -4.952 3 3 3 3 3 3 3 3 3 3 3 3 3 3 3 3 3 3 3 3 3 3 3 3 3 3 3 3 3 3 3 3 3 3 3 3 3 3 3 3 3 3 3 3 3 3 3 3 3 3 3 3 3 3 3 3 3 3 3 3 3 3 3 3 3 3 3 3 2 3 3 3 3 3 3 3 3 3 3 3 3 3 3 3 3 3 3 3 2 3 3 2 3 2 2 2 2 3 2 3 3 3 3 3 3 3 3 3 3 3 2 3 -0.420 3 -1.387 3 3 3 3 3 3 3 3 3 3 3 3 3 3 0 0 3 0
431,SIPP_2^3,"202,252,0","40,233,0",1,1851.878912,1022,0.53677,69.46889,13.35177,26.70354,0 7 7 7 7 7 7 -17.055 1 -2.563 7 -4.635 0 7 -1.164 7 -2.736 7 7 -14.348 0 -34.170 0 7 7 6 6 6 6 6 6 6 6 6 6 6 6 6 6 6 6 6 6 7 7 7 7 6 6 6 6 6 6 6 6 6 6 6 6 6 5 6 6 6 6 6 6 6 6 6 -8.225 6 6 6 6 6 6 6 6 6 6 6 6 6 6 6 6 6 6 6 6 6 6 6 6 6 6 6 6 6 6 6 6 6 6 6 6 6 6 6 6 6 6 6 6 5 6 6 6 6 6 6 6 6 6 6 6 6 6 6 6 6 6 6 6 6 6 6 6 6 6 6 6 6 6 6 6 6 6 6 6 6 6 6 6 6 6 6 6 6 6 6 6 6 6 6 6 6 6 6 6 6 6 6 6 5
431,SIPP_2^4,"202,252,0","40,233,0",1,1840.387068,1026,1.4037,61.28936,12.02681,24.05362,15 15 14 -27.274 0 -0.525 15 -5.503 15 15 14 14 14 -44.350 0 -10.352 12 14 14 12 12 12 12 12 12 13 13 13 12 12 12 12 12 12 12 12 13 12 12 12 12 12 12 12 12 12 12 12 12 12 12 12 12 12 12 12 12 11 11 -2.700 14 12 12 12 12 12 12 12 12 12 12 12 12 12 12 12 12 12 12 12 12 12 12 12 12 12 12 12 12 12 12 12 12 12 12 12 12 12 12 12 12 12 12 12 12 12 12 12 12 12 12 12 12 12 12 11 12 12 12 12 12 12 12 12 11 12 12 12 12 12 12 12 12 12 12 12 12 12 12 12 12 12 12 12 12 12 12 12 12 12 12 12 12 12 12 12 12 12 12 12 12 12
431,SIPP_2^5,"202,252,0","40,233,0",1,1840.382126,1247,4.49478,33.13124,6.66331,13.32661,3 -1.419 29 -6.449 30 30 28 28 28 27 -60.165 27 28 24 25 25 24 24 24 24 24 24 24 24 24 25 25 23 23 24 24 24 24 24 24 24 24 24 24 24 24 24 24 24 24 24 -9.502 25 24 24 24 24 24 24 24 24 24 24 24 24 24 24 24 24 24 24 24 24 24 24 24 24 24 24 24 24 24 24 24 24 24 24 24 24 24 24 24 24 24 24 24 24 24 24 24 24 24 24 24 24 24 23 24 24 24 24 24 24 23 -2.731 24 24 24 24 24 24 24 24 24 24 24 24 24 24 24 24 24 24 24 24 24 24 24 24 24 24 24 24 24 24 24 24 24 24 24 24 24
431,SIPP_BigCS,"202,252,13","40,233,0",1,1842.615236,6647,32.45188,40.27756,7.7809,1.6677,101 161 -1.871 82 202 -39.038 234 -0.300 75 102 162 7 7 7 59 309 3 3 31 203 339 -8.407 365 7 7 7 7 3 3 3 7 3 3 31 363 3 3 3 3 3
431,SIPP_Standard,"202,252,13","40,233,0",1,1860.280541,1268,2.5465,34.07248,6.5928,0.9881,50 -30.558 85 -46.723 10 38 3 3 11 43 93 3 3 3 3 3 3 3 3 3 3 3 3 11
432,SIPP_2^2,"89,70,0","226,164,0",1,2317.913086,17492,6.12625,516.18795,114.66813,229.33626,2 2 2 2 2 2 2 2 2 2 1 2 2 1 2 1 1 1 1 1 1 1 1 1 1 1 1 1 1 1 1 1 1 1 1 1 1 1 1 1 1 1 1 1 1 1 1 1 1 2 1 2 2 2 1 1 1 2 1 2 1 2 2 1 1 1 1 2 1 1 1 1 1 1 2 1 2 1 1 1 2 2 1 1 2 2 1 2 1 1 1 1 1 1 1 2 2 1 1 2 1 1 1 1 2 1 2 2 1 1 1 1 1 1 1 1 1 2 2 2 2 1 2 1 1 1 1 1 1 1 1 1 1 1 1 1 1 1 1 1 1 1 1 1 1 1 1 1 1 2 1 2 2 2 2 2 2 2 1 2 1 1 1 2 2 1 2 1 2 1 1 1 1 1 2 2 2 2 2 1 1 2 1 1 1 2 1 2 2 1 2 1 2 1 1 2 1 1 2 2 2 2 2 2 2 1 2 2 2 2 1 2 2 1 2 2 2 2 2 2 2 2 2 2 2 2 2 2 -2.032 2 -3.619 2 -2.262 1
432,SIPP_2^3,"89,70,0","226,164,0",1,1839.8010139999988,6675,4.32098,187.56292,36.91371,73.82743,2 2 2 3 3 3 3 3 3 3 2 2 2 2 2 3 2 2 2 3 3 3 2 2 2 3 2 3 3 3 3 3 3 3 3 2 3 3 3 3 2 2 2 3 2 2 2 2 3 2 3 3 2 3 3 3 3 3 3 3 2 2 2 2 2 2 2 2 3 3 2 3 2 2 2 2 2 2 2 2 2 2 2 3 3 3 2 2 2 3 2 3 3 2 2 3 2 3 3 2 2 2 3 3 2 3 3 3 3 3 3 3 3 3 3 3 3 -4.288 3 4 4 4 4 4 4 4 4 4 3 3 3 4 3 3 3 3 3 3 3 3 3 3 3 3 3 4 3 4 3 4 3
432,SIPP_2^4,"89,70,0","226,164,0",1,1795.56652,5728,9.98575,61.90659,12.32053,24.64107,6 6 5 6 5 5 5 5 5 5 6 6 6 6 6 6 6 6 6 6 6 6 6 6 6 6 6 6 6 7 7 7 7 6 6 6 6 6 6 6 6 7 7 7 6 6 7 6 7 7 6 7 7 6 6 7 6 7 6 6 6 6 6 7 6 6 6 6 6 6 6 6 4 4 4 4 4 4 4 4 5 4 4 4 4 4 4 4 4 4 4 4 4 4 5 4 4 4 4 4 4 4 4 4 4 4 4 4 4 4 4 5 4 4 4 4 5 4 5 5 4 4 5
432,SIPP_2^5,"89,70,0","226,164,0",1,1780.1209860000001,5248,23.15566,31.84401,6.34992,12.69985,11 11 11 10 10 10 10 12 12 12 12 12 12 12 12 12 12 12 12 12 12 12 12 12 12 12 12 12 12 13 13 13 13 13 13 13 13 13 13 13 13 12 13 12 12 13 12 13 12 12 12 12 11 8 8 8 8 8 8 8 8 8 8 8 8 8 8 8 8 8 8 8 8 8 8 8 8 8 8 9 9 8 8 8 9 8 9 8 8 9 8 9 8 8 8 9
432,SIPP_BigCS,"89,70,4","226,164,4",0,-1,24720,180.12236,0.0,0.0,0.0,
432,SIPP_Standard,"89,70,4","226,164,4",1,1805.0,28607,75.39055,37.48323,7.0824,0.7619,71 36 25 64 28 28 52 64 28 52 56 64 52 64 48 95 1 1 1 1 17 103
433,SIPP_2^2,"147,24,0","18,116,0",0,-1,0,0.0,0.0,0.0,0.0,
433,SIPP_2^3,"147,24,0","18,116,0",0,-1,0,0.0,0.0,0.0,0.0,
433,SIPP_2^4,"147,24,0","18,116,0",0,-1,0,0.0,0.0,0.0,0.0,
433,SIPP_2^5,"147,24,0","18,116,0",0,-1,0,0.0,0.0,0.0,0.0,
433,SIPP_BigCS,"147,24,0","18,116,0",0,-1,0,0.0,0.0,0.0,0.0,
433,SIPP_Standard,"147,24,2","18,116,2",0,-1,0,5e-05,0.0,0.0,0.0,
434,SIPP_2^2,"238,216,0","114,119,0",1,2824.26211,27097,8.78757,438.4062,97.38937,194.77874,3 2 2 2 2 2 2 2 3 2 2 3 3 3 3 3 3 3 3 3 3 3 3 3 3 2 3 2 2 3 3 2 3 3 2 3 3 3 3 3 3 3 0 0 3 0 0 0 3 0 0 0 0 3 0 0 3 0 0 0 0 0 3 0 0 0 0 3 3 0 0 0 0 0 0 3 0 3 0 3 0 0 0 0 0 0 0 0 0 0 0 0 0 3 3 3 3 3 3 3 0 0 0 0 0 0 0 0 0 0 0 3 3 3 3 0 3 3 3 0 0 3 0 0 0 0 0 0 0 0 0 0 0 0 0 0 0 0 0 0 0 0 0 0 0 0 0 0 0 0 3 0 0 0 0 0 0 0 0 0 3 3 3 0 3 3 3 3 0 0 3 0 3 3 3 3 3 3 0 3 3 3 3 3 3 3 3 3 3 3 3 0 0 3 0 3 0 0 3 3 0 3 3 3 3 3 3 3 3 3 3 3 3 3 3 3 3 3 3 3 3 3 3 3 3 3 -307.382 3 -20.650 3 -3.619 3 -2.611 0 0 3 3 3 3 3 3 3 3 3 3 3 0 0 0 0 0 0 3
434,SIPP_2^3,"238,216,0","114,119,0",1,1801.0807679999991,3122,1.83655,90.92153,18.06416,36.12832,0 0 0 0 0 0 0 0 0 7 7 7 7 7 7 0 0 0 0 0 0 0 0 0 0 0 0 0 0 0 0 7 7 7 7 7 7 7 7 7 7 7 7 7 7 7 7 7 7 7 7 7 7 7 7 7 7 7 7 7 7 7 7 7 7 7 7 7 7 7 7 7 7 7 7 7 7 7 7 7 7 6 6 7 6 7 6 6 -1.173 7 6 6 6 6 6 6 6 6 6 6 6 -0.091 6 -0.869 6 -1.059 6 6 6 6 -0.982 6 -0.410 6 -0.106 6 -2.299 6 6 7 7 0 7 6 6 6 6 6 6 6 6 6 6 6 6 6 6 6 6 6 6 6 6 7 7 7 6 7 7 6 7 6 6 7 7 6 6 7
434,SIPP_2^4,"238,216,0","114,119,0",1,1706.5593439999998,1793,2.68192,40.22269,7.99588,15.99176,0 0 0 0 0 0 15 15 15 14 14 14 0 0 0 0 0 0 0 0 0 0 0 0 0 0 0 0 14 14 13 13 12 13 13 13 13 13 13 13 13 13 13 13 13 13 13 13 13 13 13 13 13 12 13 13 13 13 13 13 13 13 13 13 13 13 13 13 13 13 13 12 13 13 13 13 13 13 13 13 13 13 13 13 13 12 14 15 15 14 14 15 15 14
434,SIPP_2^5,"238,216,0","114,119,0",1,1700.052114,1797,6.60135,26.68591,5.26244,10.52487,31 31 0 0 31 0 28 28 28 0 0 0 0 0 0 0 0 0 0 0 0 0 0 0 0 28 28 26 25 26 26 26 26 26 26 26 26 25 26 26 26 26 26 26 25 25 26 26 26 26 26 26 26 26 26 26 26 26 26 26 26 26 26 26 26 26 26 26 26 26 26 26 26 26 26 26 26 26 26 28 29 29 30 29
434,SIPP_BigCS,"238,216,8","114,119,13",0,-1,33255,180.10387,0.0,0.0,0.0,
434,SIPP_Standard,"238,216,8","114,119,13",1,2077.931575,30267,68.29314,78.23881,14.7928,1.9963,-14.463 20 47 19 93 -5.046 19 -23.099 85 6 90 2 6 -2.537 82 19 101 107 38 27 58 58 66 30 38 23 46 -13.786 2
435,SIPP_2^2,"206,36,0","133,179,0",1,2652.041552,19466,7.15748,388.90873,86.3938,172.7876,3 3 0 0 -62.644 3 -2.841 3 3 2 3 2 -7.571 2 2 2 2 2 2 2 2 2 2 2 2 2 2 2 2 2 2 2 2 2 2 2 2 2 2 2 2 2 3 3 3 3 3 2 2 3 2 3 2 2 2 2 -83.973 2 -30.049 2 -9.925 2 -0.012 2 -0.014 2 -0.011 2 2 1 2 2 2 2 2 2 2 2 2 2 2 2 2 2 2 2 2 2 2 2 1 2 2 -4.211 2 2 2 3 2 3 3 2 3 2 2 3 3 2 3 3 3 3 3 3 3 3 3 3 2 3 3 3 3 3 3 3 3 3 3 3 3 3 3 3 3 3 3 3 3 3 3 2 2 2 2 3 2 3 3 2 2 2 2 3 2 3 3 3 3 3 3 3 3 3 3 3 -0.325 3 -1.142 3 -1.255 2 3 2 3 2 2 2 2 2 1 1 1 1 2 2 2 2 2 2 2 2 2 2 2 2 2 2 2 2 2 2 2 2 2 2 2 2 2 2 3 3 2 2 2 2 2 3 2 3 -88.055 2 -30.049 2 -9.925 2 -0.012 2 -0.014 2 -0.011 2 2 3 3 2 2 3 2 3 2 2 2 2 2 2 2 2 2 3 2
435,SIPP_2^3,"206,36,0","133,179,0",1,2064.614608999996,4132,2.55389,127.8612,25.13274,50.26549,7 7 -74.360 6 -2.841 6 5 5 5 4 4 4 4 4 4 4 4 4 4 4 4 4 4 4 4 4 4 4 4 4 4 4 4 4 3 4 -4.991 5 5 5 5 5 5 5 5 -116.835 4 -30.049 4 -10.025 4 4 4 4 4 4 4 4 4 4 4 4 4 4 4 4 4 4 4 4 4 4 4 4 3 3 3 3 5 5 5 5 5 5 5 5 5 5 5 5 5 5 5 5 5 5 5 5 5 5 5 5 4 5 5 4 5 4 5 5 5 5 4 5 4 4 5 5 5 5 5 5 5 5 5 5 5 5 5 5 5 4 5 4 5 5 5 5 4 4 5 5 5 5 5 5 4 4 5 4 5 5 5 4 5
435,SIPP_2^4,"206,36,0","133,179,0",1,2043.2693409999997,3745,5.94128,67.4711,13.28579,26.57157,14 14 -74.360 12 -2.841 12 10 10 10 8 8 8 8 8 8 8 8 8 8 8 8 8 8 8 8 8 8 8 7 8 8 8 8 8 8 8 10 10 10 10 10 11 10 -119.532 8 -30.049 8 -10.025 8 8 8 8 8 8 8 8 8 7 8 8 8 8 8 8 8 8 8 8 8 8 8 8 6 6 6 9 10 10 10 10 10 10 10 10 10 10 10 10 10 10 10 10 10 10 10 10 10 9 10 9 9 9 9 9 10 10 10 10 10 10 10 10 10 10 10 9 9 9 10 10 9 9 10 10 10 9 9 9 10 10 9 11 -0.787 11 10 10 10
435,SIPP_2^5,"206,36,0","133,179,0",1,2041.7137619999996,3852,15.2339,48.27024,9.77113,19.54226,29 -66.402 21 20 20 16 16 16 16 16 16 16 16 16 16 16 16 16 16 16 16 16 16 16 16 16 16 15 16 16 16 20 20 20 20 21 20 -121.831 16 -30.049 16 -10.025 16 16 16 15 16 16 16 16 16 16 16 16 16 16 16 16 16 16 16 16 16 16 15 12 12 20 20 20 20 20 20 20 20 20 20 20 20 20 20 20 20 20 20 20 20 20 20 20 20 20 20 20 20 19 19 19 20 19 19 19 18 19 19 18 18 18 18 18 18 18 19 -0.143 22 22 22 22
435,SIPP_BigCS,"206,36,9","133,179,11",1,2040.356141,29779,166.33601,50.84407,9.6025,2.1842,-73.593 330 -2.864 71 -3.951 366 4 4 4 0 12 336 230 -160.508 235 4 0 4 0 64 148 358 103 103 103 103 103 103 103 103 103 103 103 103 103 103 103 103 103 103 103 103 103 103 103 103 103 103 103 103 103 103 103 103 103 103 179 206 206 206 206 206 206 206 206 206 206 -7.440 230 203 203
435,SIPP_Standard,"206,36,9","133,179,11",1,2044.41985,3467,5.40241,54.2374,10.1472,1.2917,-104.478 109 39 8 44 24 -75.462 83 -40.133 0 0 4 -7.346 96 70 55 67 31 51 62 70 51 62 70 31 55
436,SIPP_2^2,"183,41,0","245,188,0",1,2407.041552,11518,3.63219,410.12193,91.10619,182.21237,2 2 2 2 2 1 2 2 1 1 1 1 1 1 1 2 1 2 2 2 2 2 2 2 2 2 2 2 2 1 2 1 1 1 2 2 2 2 1 1 2 1 2 2 3 3 3 3 2 2 3 3 2 3 -137.018 2 -30.049 2 -0.012 1 -9.925 2 -0.012 2 -0.014 2 -0.011 2 2 1 2 2 2 2 2 2 2 2 2 2 2 2 2 2 2 2 2 2 2 2 1 1 2 2 2 2 2 1 1 2 2 2 2 2 1 2 2 2 2 2 2 2 2 1 2 1 2 1 1 2 2 2 1 2 2 2 2 2 2 2 1 2 2 2 2 2 2 1 2 2 2 2 2 2 2 2 2 2 2 2 2 2 2 1 1 1 2 1 2 2 2 2 2 2 2 2 2 2 2 2 2 2 2 2 2 2 2 2 2 2 2 2 2 2 2 2 2 2 1 1 1 1 1 1 1 1 1 1 1 1 1 1 1 1 1 2 1 1 2 1 1 2 1 1 1 2 1 1 1 1 1 1 1 1 1 2 2 1 1 2
436,SIPP_2^3,"183,41,0","245,188,0",1,1740.7097539999975,3241,1.93016,103.4473,20.42035,40.84071,3 3 3 3 3 3 3 3 3 4 4 4 4 4 4 4 4 4 4 4 4 3 3 3 4 4 4 4 4 4 4 4 4 4 4 4 4 4 4 4 4 4 4 4 4 4 4 4 4 4 4 4 4 4 4 4 5 4 4 4 4 4 3 3 3 4 -0.998 3 -0.142 4 -4.473 4 4 4 4 4 4 4 4 4 4 4 4 4 4 4 4 4 4 4 4 3 3 3 4 3 3 3 3 4 3 4 3 3 4 4 3 3 3 3 3 3 3 4 3 3 3 3 3 3 3 4 4 3 3 3 3 3 3 3 3 3 3 3 3 3 3 3 3 3 3 3 3 4 3 3 4 4 4 3
436,SIPP_2^4,"183,41,0","245,188,0",1,1694.5741239999988,2200,3.31117,49.06091,9.74653,19.49306,6 6 6 6 6 6 6 6 6 8 8 8 8 7 8 8 8 8 8 8 8 7 7 8 8 8 8 8 8 8 8 8 8 8 8 8 8 8 8 8 8 8 8 8 8 8 8 8 8 8 8 8 8 8 8 8 9 7 5 6 6 8 -1.828 8 8 8 8 8 9 7 7 7 7 7 7 7 7 7 7 7 7 7 7 7 7 7 7 7 7 7 7 6 6 6 6 6 6 6 6 6 7 7 6 7 7 6 7 6 6 6 6 6 6 6 5
436,SIPP_2^5,"183,41,0","245,188,0",1,1685.4941670000003,1926,7.31692,31.51749,6.28606,12.57212,12 12 12 12 12 12 12 12 12 16 16 16 16 16 16 16 16 16 15 15 15 -0.135 17 16 16 16 16 16 16 16 16 16 16 16 16 16 16 16 16 16 16 16 16 16 16 16 16 16 16 16 16 16 16 16 14 11 -2.599 12 16 -2.494 16 16 17 16 15 13 13 13 13 14 14 13 14 14 14 14 14 14 14 13 13 13 13 13 13 13 13 13 13 13 13 12 10
436,SIPP_BigCS,"183,41,12","245,188,14",1,1685.6574329999999,11388,54.96997,40.39189,7.369,1.2719,100 100 100 100 100 100 100 100 100 168 28 360 0 4 4 0 4 4 4 4 4 56 366 68 -7.822 239 32 180 200 200 200 200 200 200 200 200 200 200 200 200 200 200 200 200 200 200 200 200 200 248 152 216 -0.836 176
436,SIPP_Standard,"183,41,12","245,188,14",1,1708.919512,3675,6.16509,42.09161,8.0731,0.7345,71 52 88 0 0 0 16 94 8 -13.920 44 8 52 64 52 64 52 64 52 64 52 64
437,SIPP_2^2,"120,125,0","19,236,0",0,-1,0,0.0,0.0,0.0,0.0,
437,SIPP_2^3,"120,125,0","19,236,0",0,-1,0,0.0,0.0,0.0,0.0,
437,SIPP_2^4,"120,125,0","19,236,0",0,-1,0,0.0,0.0,0.0,0.0,
437,SIPP_2^5,"120,125,0","19,236,0",0,-1,0,0.0,0.0,0.0,0.0,
437,SIPP_BigCS,"120,125,0","19,236,0",0,-1,0,0.0,0.0,0.0,0.0,
437,SIPP_Standard,"120,125,6","19,236,14",0,-1,0,4e-05,0.0,0.0,0.0,
438,SIPP_2^2,"234,137,0","99,53,0",0,-1,0,0.0,0.0,0.0,0.0,
438,SIPP_2^3,"234,137,0","99,53,0",0,-1,0,0.0,0.0,0.0,0.0,
438,SIPP_2^4,"234,137,0","99,53,0",0,-1,0,0.0,0.0,0.0,0.0,
438,SIPP_2^5,"234,137,0","99,53,0",0,-1,0,0.0,0.0,0.0,0.0,
438,SIPP_BigCS,"234,137,0","99,53,0",0,-1,0,0.0,0.0,0.0,0.0,
438,SIPP_Standard,"234,137,2","99,53,9",0,-1,0,3e-05,0.0,0.0,0.0,
439,SIPP_2^2,"99,66,0","4,191,0",1,2200.0,13597,4.90229,346.48232,76.96902,153.93804,3 3 3 3 3 3 3 3 3 3 3 3 3 2 2 2 2 3 2 2 3 2 3 3 2 2 2 2 3 2 2 3 2 2 2 2 2 3 2 3 2 2 2 2 3 2 3 2 2 2 2 2 2 2 3 2 2 3 2 2 2 3 2 3 3 3 3 3 2 2 2 2 2 2 3 3 2 2 2 2 2 2 2 2 2 2 2 3 3 3 3 3 3 3 2 2 2 3 2 3 3 3 3 3 3 3 3 3 3 3 3 3 3 3 3 3 3 3 3 3 3 3 3 3 3 3 3 3 3 3 3 3 3 3 3 3 3 2 2 2 3 3 3 3 3 3 3 2 2 2 3 2 2 2 2 2 2 2 2 2 2 2 2 2 2 2 2 2 2 2 2 2 2 2 2 2 2 2 2 2 2 2 2 2 2 2 2 2 2 2 2 2 2 2 2 2 2 2 2 2 3 2 2 2 3 3 2 2 2 3 3 3 2 3 2 2 2 2 3 2
439,SIPP_2^3,"99,66,0","4,191,0",1,1941.453194,9737,6.36867,150.28782,29.84513,59.69026,4 4 5 4 5 5 4 4 4 4 4 5 5 4 4 4 4 4 4 5 5 5 5 5 5 5 5 5 5 5 5 5 5 4 4 4 4 4 4 4 4 4 4 4 4 4 4 4 4 4 4 4 4 4 4 4 4 4 4 4 4 4 4 4 4 4 4 4 4 4 4 4 4 4 4 5 5 5 5 5 5 6 6 6 6 6 5 5 6 6 5 5 6 5 6 5 5 5 6 6 5 5 4 5 4 5 5 4 4 4 4 5 5 5 5 5 4 4 4 4 4 4 5 5 5 5 5 5 5 6 -14.341 5 -4.176 6 6 6 6 6 6 6 6 6 6 6 6 6 6 6 6 6 6 6 6 6 6 6 5 5 5 -34.272 7 -2.886 5 -3.482 6 -0.151 6 5 -1.902 5 4
439,SIPP_2^4,"99,66,0","4,191,0",1,1722.0132239999991,3584,6.08248,57.14465,11.38331,22.76662,8 8 9 8 9 9 9 9 8 8 8 8 8 8 8 8 8 8 8 8 9 9 9 9 9 8 8 8 8 8 9 9 8 8 8 8 8 8 8 8 8 8 8 8 8 9 9 9 9 9 9 9 9 9 9 9 10 10 12 11 11 11 11 12 11 11 11 11 12 10 10 10 10 10 9 10 10 10 10 10 10 10 10 10 10 9 10 10 11 11 11 11 11 11 11 11 11 11 11 11 11 12 11 12 11
439,SIPP_2^5,"99,66,0","4,191,0",1,1694.227626999999,3071,13.07819,23.60741,4.69485,9.3897,17 17 17 17 17 16 17 17 17 17 16 16 16 16 17 16 17 17 17 17 17 17 17 17 17 17 17 17 17 16 16 16 16 20 20 23 23 22 22 22 22 22 23 20 20 20 20 20 20 20 20 20 20 20 20 20 20 20 20 20 20 20 20 22 22 22 22 22 22 22 22 22 22 22 22 22 22 21
439,SIPP_BigCS,"99,66,10","4,191,11",0,-1,24630,180.40059,0.0,0.0,0.0,
439,SIPP_Standard,"99,66,10","4,191,11",1,1764.0,18683,43.11786,37.58313,6.3615,0.7751,62 70 51 62 94 0 0 0 0 16 86 11 55 75 62 62 86 7 59 59 59
440,SIPP_2^2,"101,193,0","235,98,0",1,2608.079232,33580,11.10402,417.193,92.67698,185.35397,1 1 1 1 1 1 1 1 1 0 1 1 0 0 0 0 1 1 1 1 1 0 1 0 1 1 1 0 1 1 1 1 1 1 1 0 1 1 1 1 1 1 0 0 0 1 0 1 1 1 1 1 1 1 1 1 1 1 1 1 1 1 1 1 1 1 1 1 1 1 1 1 1 1 1 1 1 1 1 1 1 0 1 1 -43.560 1 -0.410 0 -0.106 0 -9.930 1 -0.012 1 -0.012 1 -0.012 1 1 1 1 1 1 1 1 1 1 0 0 0 0 1 0 0 0 0 0 1 0 0 0 0 0 1 0 0 0 0 0 0 0 0 0 0 0 0 0 0 0 0 0 1 1 0 0 0 0 0 0 0 0 0 0 0 0 0 0 0 0 0 0 0 0 0 0 0 0 0 0 0 1 1 1 1 0 1 0 0 1 1 1 1 0 0 0 0 1 0 1 0 0 1 0 1 1 1 1 0 1 1 1 1 1 0 1 1 1 1 1 1 1 0 0 1 1 1 1 0 1 1 0 1 1 -77.724 0 -15.086 3 -4.180 0 -15.881 0 0 0 0 -1.653 0 -1.048 0 -8.453 1 -29.951 1 -10.025 1 -0.012 1 -0.012 1 -0.012 1 1 2 2 2 1 1 1 2
440,SIPP_2^3,"101,193,0","235,98,0",1,1756.9343759999988,4669,2.95725,140.02396,27.48894,54.97787,2 2 2 2 1 1 1 1 1 1 2 1 1 1 1 1 1 1 1 1 1 1 1 1 1 1 1 1 1 1 1 1 1 1 1 1 1 2 1 1 2 1 1 2 1 2 1 2 2 1 2 1 1 2 1 1 1 2 2 2 2 2 1 2 2 2 2 1 1 1 2 1 1 1 1 1 1 1 1 1 1 1 1 1 1 1 1 0 0 0 1 1 1 1 1 1 1 1 1 1 1 1 1 1 0 1 1 2 2 2 2 2 2 2 2 2 2 2 2 2 2 2 2 1 2 1 1 2 1 1 1 1 1 1 1 2 2 1
440,SIPP_2^4,"101,193,0","235,98,0",1,1701.1957439999992,3980,6.57384,27.3629,5.4318,10.86361,2 2 2 2 2 2 2 2 2 2 2 2 2 2 2 2 2 2 2 2 2 2 2 3 3 3 3 2 2 2 3 2 2 2 2 2 2 2 2 2 2 2 2 2 2 2 2 3 3 3 3 3 3 3 3 3 3 2 3 3 3 3 3 3 3 2 2 2 1 1 2 2 2 2 2 2 2 2 1 2 2 4 4 4 4 4 4 4 4 4 4 4 4 4 4 4 4 4 3 3 3 2 2 2 2 2 2 2 2
440,SIPP_2^5,"101,193,0","235,98,0",1,1696.4672829999995,4112,17.05107,27.60327,5.51871,11.03742,4 4 4 4 4 4 4 4 4 5 5 5 5 5 5 4 5 5 5 4 4 5 4 5 5 5 5 5 4 4 5 5 5 5 5 4 5 4 4 4 4 4 5 4 3 4 4 4 4 4 4 3 3 4 4 4 8 8 8 8 8 8 8 8 8 8 8 8 8 8 8 8 8 8 8 7 4 4 4 4 4 4 3 4
440,SIPP_BigCS,"101,193,15","235,98,14",0,-1,27435,180.04959,0.0,0.0,0.0,
440,SIPP_Standard,"101,193,15","235,98,14",1,1701.0,16411,37.14479,33.41577,6.3908,0.5017,65 53 65 29 53 65 53 65 53 65 53 65 29 29 49 68 45 1 1 13 68
441,SIPP_2^2,"100,60,0","13,203,0",1,2428.404915,19726,7.00339,311.12698,69.11504,138.23008,2 2 2 2 2 2 2 2 2 2 2 3 2 2 2 2 2 2 3 2 2 2 2 2 2 2 2 2 2 2 2 2 2 2 2 2 2 2 2 2 3 3 2 3 2 3 2 2 3 3 3 3 2 3 2 2 2 3 2 2 2 3 2 2 2 2 2 2 2 2 2 2 2 2 2 2 2 2 2 2 2 2 2 2 2 2 2 2 2 2 2 2 2 2 2 2 2 2 2 2 2 2 2 2 2 2 2 2 2 2 2 2 2 2 2 2 2 2 2 2 2 2 2 2 2 2 2 2 2 3 3 2 3 3 3 3 3 2 3 3 3 3 3 2 3 3 3 3 3 3 3 3 3 3 3 3 3 3 3 3 3 3 3 3 3 3 3 3 3 2 3 3 3 3 3 3 3 3 3 3 3 3 3 3 3 3 3 3 3 3 3 3 3 3 3 3 3 3 3 3 2 2 2 2 2 2 2 2 2 2 3 2 3 2 2 2 -5.057 3 -9.956 3 3 3 2 3 2 3 2 3 3 2 3 3 2 2 2 2 -2.992 1 -10.026 1 -0.011 1 -0.053 1 -0.310 1 2
441,SIPP_2^3,"100,60,0","13,203,0",1,1933.209476999999,6456,4.23566,150.434,29.05973,58.11947,4 4 4 4 5 5 5 4 4 4 4 4 4 5 5 5 4 4 5 5 5 5 5 4 5 5 5 5 5 5 5 5 5 5 5 4 4 4 4 4 4 4 4 4 4 4 4 4 4 4 4 4 4 4 4 4 4 4 4 4 4 4 4 4 4 4 4 5 4 4 4 5 4 4 4 4 4 4 4 4 4 4 4 4 4 5 5 5 6 6 6 6 6 5 5 5 5 5 6 5 5 6 6 6 6 6 5 5 5 5 5 5 5 6 6 6 6 6 5 6 5 -5.230 5 5 4 4 4 4 4 4 5 5 5 5 4 4 4 -1.291 6 -1.109 6 -0.370 6 -0.093 6 -0.020 4 6 6 5 5 5 5 5 5 5 5 5 5 5 5 4 4 4 4 4 5 5 4 4 4 5
441,SIPP_2^4,"100,60,0","13,203,0",1,1842.5429699999988,4421,7.48019,53.85646,10.71178,21.42356,10 10 9 10 9 9 9 9 9 9 9 9 10 9 10 9 9 9 9 9 9 8 8 8 8 8 8 8 8 8 8 8 8 8 8 8 8 8 8 8 8 8 8 8 8 8 8 8 8 8 8 8 8 8 8 8 8 8 9 8 8 8 8 8 9 9 10 10 12 12 11 11 11 11 11 11 11 11 12 10 10 10 10 9 9 9 9 9 9 8 8 8 8 9 9 9 11 10 10 -10.556 11 -5.657 12 12 12 12 11 10 10 10 10 10 10 10 10 10 10 10 10 10 10 10 10 10
441,SIPP_2^5,"100,60,0","13,203,0",1,1841.8050669999989,4587,19.62002,44.33452,8.85301,17.70601,16 16 16 16 16 16 16 16 16 17 17 16 16 17 16 16 16 16 16 16 16 16 16 16 16 16 16 16 17 16 17 20 20 20 20 20 20 20 17 17 17 17 17 17 17 17 17 17 16 17 17 20 20 23 23 23 22 22 22 22 22 20 20 18 18 19 18 19 17 18 18 18 19 19 -31.917 22 -5.657 24 24 23 24 20 20 20 20 20 20 20 20 20 20 20 20 20 20 20 20 20
441,SIPP_BigCS,"100,60,12","13,203,5",0,-1,24247,180.25415,0.0,0.0,0.0,
441,SIPP_Standard,"100,60,12","13,203,5",1,2003.979613,55547,141.02677,44.8028,8.5884,0.9945,70 51 70 51 94 0 0 0 0 0 16 78 91 11 31 31 -116.717 31 47 11 39 0 16 -1.262 86
442,SIPP_2^2,"89,132,0","255,103,0",0,-1,0,0.0,0.0,0.0,0.0,
442,SIPP_2^3,"89,132,0","255,103,0",0,-1,0,0.0,0.0,0.0,0.0,
442,SIPP_2^4,"89,132,0","255,103,0",0,-1,0,0.0,0.0,0.0,0.0,
442,SIPP_2^5,"89,132,0","255,103,0",0,-1,0,0.0,0.0,0.0,0.0,
442,SIPP_BigCS,"89,132,0","255,103,0",0,-1,0,0.0,0.0,0.0,0.0,
442,SIPP_Standard,"89,132,14","255,103,7",0,-1,0,6e-05,0.0,0.0,0.0,
443,SIPP_2^2,"135,203,0","47,63,0",1,2368.837426,18426,6.3612,707.10678,157.07963,314.15927,3 3 3 3 3 3 0 3 0 3 3 0 0 0 0 0 0 0 0 3 0 3 0 0 0 0 0 0 3 0 0 0 0 0 0 0 0 3 0 0 3 0 0 0 3 3 0 0 -28.837 0 0 0 0 0 0 0 0 0 0 0 0 0 0 0 0 1 1 1 0 0 0 0 0 0 0 3 0 3 0 3 0 3 0 0 3 3 3 3 3 3 3 3 3 3 3 3 0 0 3 0 0 3 0 0 0 0 0 3 0 0 0 3 0 0 0 3 3 3 3 3 0 3 0 0 0 0 0 3 3 0 3 0 0 0 0 0 0 3 3 0 0 3 3 3 0 0 3 0 0 0 3 3 0 3 0 0 3 0 0 3 0 0 3 0 3 0 3 3 0 3 0 0 3 3 0 0 3 0 3 0 0 3 3 0 3 3 3 3 0 3 3 0 3 0 3 3 0 3 3 0 3 0 3 3 0 3 3 0 3 3 0 3 3 0 0 3 3 0 0 0 0 0 0 0 0 0 0 0 0 0 0 0 3 0 3
443,SIPP_2^3,"135,203,0","47,63,0",1,1886.6544499999982,5158,3.32135,123.7162,24.34734,48.69469,6 6 6 6 6 7 7 0 7 0 0 0 0 0 0 0 0 0 0 0 0 0 0 0 0 0 7 7 7 0 0 0 0 0 0 0 0 0 7 7 7 0 0 0 0 0 0 0 0 0 0 0 0 0 0 0 0 0 -2.563 1 0 0 0 0 7 7 0 0 0 7 7 7 7 7 7 7 7 0 0 7 7 7 7 7 7 7 7 0 0 0 0 0 7 7 0 7 7 0 7 7 7 7 7 7 7 7 7 7 7 7 7 7 7 7 0 7 0 0 0 0 0 0 7 7 7 7 0 0 7 7 7 7 7 7 7 7 7 7 7 6 6 6 6 6 6 6 6 6 6 6 6 6 7 6 7 7 7 7 7 7
443,SIPP_2^4,"135,203,0","47,63,0",1,1842.202804,5156,8.42691,51.31944,10.21018,20.42035,12 12 12 12 13 14 15 14 0 0 0 0 0 0 0 0 0 0 0 0 0 0 0 0 15 0 15 0 0 0 0 0 0 15 15 15 0 0 0 0 0 0 0 0 0 0 0 0 0 0 -16.496 1 0 0 0 0 0 15 15 15 15 15 15 15 15 15 15 15 15 15 15 14 14 14 14 14 14 14 14 14 14 14 14 14 14 14 15 15 15 15 14 15 15 15 15 14 14 14 15 14 13 -1.765 13 13 13 13 13 13 13 13 13 12 12 12 13 -2.442 13 13 13 14
443,SIPP_2^5,"135,203,0","47,63,0",1,1839.641704,5391,22.53741,41.10004,8.18279,16.36558,24 24 24 24 26 28 28 31 0 0 0 0 0 0 0 0 0 0 0 0 0 0 0 31 31 0 0 0 0 0 31 31 0 0 0 0 0 0 31 0 0 0 0 0 -20.720 1 -0.159 0 -0.062 0 -0.350 31 31 29 29 29 29 29 29 29 29 29 29 29 29 29 29 28 29 29 29 29 29 29 30 28 28 24 24 24 25 25 25 25 25 24 -0.383 26 -5.504 26 28 28 27 28
443,SIPP_BigCS,"135,203,1","47,63,10",0,-1,27949,180.09165,0.0,0.0,0.0,
443,SIPP_Standard,"135,203,1","47,63,10",1,1964.19256,25485,62.58886,63.45452,11.78,1.4759,-40.260 77 90 26 81 18 100 58 66 54 66 30 50 61 61 85 10 54 -16.932 74 93 23 54 66 54
444,SIPP_2^2,"9,103,0","159,175,0",1,2323.404915,14465,5.15766,247.48737,54.97787,109.95574,2 2 2 2 2 2 2 2 2 2 2 2 2 2 2 2 2 2 2 2 2 2 2 2 2 2 2 2 2 2 2 2 1 2 2 1 1 2 2 1 2 2 2 1 2 2 2 1 1 2 2 1 1 1 1 1 1 1 1 1 1 -19.456 1 1 1 1 1 1 1 1 1 1 1 1 1 1 1 1 1 1 1 1 1 1 1 2 1 2 1 1 1 1 1 1 1 1 1 1 1 1 1 1 1 1 1 1 1 1 1 1 1 1 1 1 1 1 1 1 1 1 1 1 1 1 1 1 1 1 1 1 1 1 1 1 1 1 1 1 1 1 1 1 1 1 1 1 1 1 1 1 1 1 1 1 1 1 1 1 1 1 2 1 1 1 1 1 1 1 1 1 1 1 1 1 1 1 1 1 1 1 1 1 1 1 2 2 1 2 2 1 2 1 2 1 1 1 1 1 1 1 1 1 2 2 2 2 1 1 1 1 1 2 1 2 -3.139 2 -0.370 2 -0.093 2 -0.020 2 2 2 2 2 -0.017 2 -0.310 2 3 2 3 3 2 2 3
444,SIPP_2^3,"9,103,0","159,175,0",1,1968.3587519999971,4725,3.12427,163.52221,32.20133,64.40265,4 4 4 4 4 4 4 4 4 4 4 4 4 4 4 4 4 4 4 4 4 4 4 4 3 3 2 2 3 2 2 2 2 2 2 2 2 2 3 2 2 2 2 2 2 2 2 2 2 2 2 3 2 2 2 2 2 2 2 2 1 2 2 2 1 2 2 -5.380 2 -7.587 2 2 2 2 2 2 2 2 2 2 2 2 2 2 2 2 2 2 2 2 2 2 2 2 2 2 2 2 2 2 2 2 2 2 2 3 3 3 2 3 2 3 3 3 3 2 2 2 2 2 2 2 2 2 3 3 3 3 3 3 3 3 3 3 3 3 3 3 2 3 3 3 3 3 2 3 2 3 2 3 3 3 2 2 3 3 3 3 2 3 2 3 2 2 2 3 3 3 2 3 3 2 3 2 2 3
444,SIPP_2^4,"9,103,0","159,175,0",1,1929.41606,3864,6.82774,32.92933,6.56698,13.13396,8 8 8 8 8 8 8 8 8 8 8 8 8 8 8 8 8 8 8 8 8 8 8 8 6 -0.701 5 5 4 4 4 4 4 4 4 4 4 4 4 4 4 4 4 4 4 4 4 5 4 4 4 4 4 4 4 4 4 4 4 4 4 4 4 3 -20.089 4 -7.587 4 4 4 4 4 4 4 4 4 4 4 4 4 4 4 4 4 4 4 4 4 5 5 5 5 5 6 6 6 6 6 6 6 6 6 6 6 6 6 6 5 5 6 6 5 5 5 5 5 5 5 5 5 5 5 5 5 5 5 5 5 5 5 5 5 5 5 4 3 4 4 4 4 4 -7.998 4
444,SIPP_2^5,"9,103,0","159,175,0",1,1912.493357,3375,14.6289,24.53698,4.92602,9.85203,16 16 16 16 16 16 16 16 16 16 16 16 16 16 16 16 16 16 16 16 16 16 16 16 12 -0.701 10 9 8 8 8 8 8 8 8 8 8 8 8 8 8 8 8 8 8 8 8 8 8 9 7 8 8 8 8 8 8 8 8 8 8 -22.303 8 -7.587 8 8 8 8 8 8 8 8 8 8 8 8 8 8 8 8 8 8 8 8 9 11 11 11 11 11 11 11 11 11 11 11 11 11 11 11 10 10 10 10 10 10 10 10 10 10 10 10 11 9 8 7 8 8 8 -0.446 8
444,SIPP_BigCS,"9,103,14","159,175,12",1,1899.620565,22356,143.14286,38.4091,7.0447,1.3097,4 4 4 0 4 4 0 4 4 68 311 5 5 5 5 5 5 5 5 5 5 5 5 5 5 5 5 5 5 5 5 5 5 89 173 -13.865 311 5 5 5 5 5 5 5 5 5 5 5 5 5 5 5 5 5 61 176 207 207 207 223 176 207 207 223 176 207 207 207 207 207 207 207 207 207 207 207 207 207 207 367 5 5 5 -0.755 5
444,SIPP_Standard,"9,103,14","159,175,12",1,1948.514639,10262,24.24733,39.67845,6.9439,0.7903,39 0 8 48 95 1 1 5 -24.529 89 1 1 21 28 48 63 63 63 63 63 95 -7.603 21 -4.383 48 71
445,SIPP_2^2,"218,75,0","177,231,0",0,-1,0,0.0,0.0,0.0,0.0,
445,SIPP_2^3,"218,75,0","177,231,0",0,-1,0,0.0,0.0,0.0,0.0,
445,SIPP_2^4,"218,75,0","177,231,0",0,-1,0,0.0,0.0,0.0,0.0,
445,SIPP_2^5,"218,75,0","177,231,0",0,-1,0,0.0,0.0,0.0,0.0,
445,SIPP_BigCS,"218,75,0","177,231,0",0,-1,0,0.0,0.0,0.0,0.0,
445,SIPP_Standard,"218,75,5","177,231,7",0,-1,0,4e-05,0.0,0.0,0.0,
446,SIPP_2^2,"31,101,0","178,174,0",0,-1,0,0.0,0.0,0.0,0.0,
446,SIPP_2^3,"31,101,0","178,174,0",0,-1,0,0.0,0.0,0.0,0.0,
446,SIPP_2^4,"31,101,0","178,174,0",0,-1,0,0.0,0.0,0.0,0.0,
446,SIPP_2^5,"31,101,0","178,174,0",0,-1,0,0.0,0.0,0.0,0.0,
446,SIPP_BigCS,"31,101,0","178,174,0",0,-1,0,0.0,0.0,0.0,0.0,
446,SIPP_Standard,"31,101,4","178,174,2",0,-1,0,1e-05,0.0,0.0,0.0,
447,SIPP_2^2,"188,124,0","9,122,0",1,2122.327556,8481,3.01995,134.35029,29.84513,59.69026,3 3 3 3 3 3 3 3 3 3 3 3 3 3 3 3 3 3 3 2 3 2 3 3 3 3 3 3 3 3 3 3 3 3 3 3 3 3 3 3 3 3 3 3 3 3 3 3 3 3 3 3 3 3 3 3 3 3 3 3 3 3 3 3 3 3 3 3 3 3 0 0 0 3 3 3 3 3 3 3 3 3 3 3 3 3 3 3 3 3 3 3 3 3 3 3 3 3 3 3 3 3 3 3 3 3 3 3 3 3 3 3 3 3 3 3 3 3 3 3 3 3 3 3 3 3 3 3 2 2 2 2 2 3 3 2 3 -141.583 0 -10.685 0 -0.060 0 3 0 3 3 3 3 3 3 3 3 3 3 3 3 3 3 3 3 3 3 3 3 3 3 3 3 3 3 3 3 3 3 3 3 3 3 3 3 3 3 3 3 3 3 3 3 3 3 3 0 3 0 3 3 3 3 0
447,SIPP_2^3,"188,124,0","9,122,0",1,1871.742974,3850,2.55442,95.25173,18.84956,37.69911,6 6 6 6 6 6 6 6 6 6 6 6 6 6 6 6 6 5 5 5 6 6 6 6 6 6 6 6 6 6 6 6 6 6 6 6 6 6 6 6 6 6 6 6 6 6 6 6 6 6 6 5 6 6 5 5 6 6 6 6 6 6 6 6 6 6 6 6 5 6 7 6 6 6 6 6 6 6 6 6 7 7 6 6 6 6 6 6 6 6 6 6 6 6 6 6 6 6 6 6 6 6 6 6 6 6 6 6 6 6 6 6 6 6 6 6 6 6 6 6 6 6 6 6 6 6 6 6 6 6 6 6 6 6 6 6 6 6 5 6 6 6 6 6 7 6 6 7 7 6 6 6 6 7 6 6 6 6 6 6 6 6 6 6 6 6 6 7 6 6 6 6 6 6 6 7 7 -2.499 6 -4.686 6
447,SIPP_2^4,"188,124,0","9,122,0",1,1827.77088,2554,4.43699,39.68958,7.88201,15.76402,12 12 12 12 12 12 12 12 11 11 11 12 12 12 11 12 12 12 12 12 12 12 12 12 12 12 11 12 12 12 12 12 12 12 12 12 12 12 12 12 12 12 12 12 12 12 12 12 12 12 12 12 12 12 12 12 12 12 12 12 12 11 11 13 13 13 12 12 12 12 12 12 12 12 12 12 12 12 12 12 12 12 12 12 12 12 12 12 12 12 12 12 12 12 12 12 12 12 12 12 12 12 12 12 12 12 12 12 12 12 12 12 12 12 12 12 12 12 12 12 12 12 12 12 12 12 12 12 12 12 12 13 13 12 12 12 12 12 12 12 13 12 12 12 12 12 12 12 12 12 12 12 12 12 12 12 12 12 13 13 12 12 13
447,SIPP_2^5,"188,124,0","9,122,0",1,1818.7890950000005,2383,10.57988,27.40403,5.46976,10.93952,24 24 24 24 24 23 23 23 23 24 24 24 24 24 23 24 24 24 24 24 24 24 24 24 24 24 24 24 24 24 24 24 24 24 24 24 24 24 23 23 24 24 24 24 24 24 24 24 24 24 24 24 24 24 24 24 -2.825 25 25 24 24 24 24 24 25 24 24 24 24 24 24 24 24 24 24 24 24 24 24 24 24 24 24 24 24 24 24 24 24 24 24 24 24 24 24 24 24 24 24 24 24 24 24 24 24 24 24 24 24 24 24 24 24 24 24 24 24 24 24 24 24 25 25 25 24 24 24 24 24 24 24 24 24 24 24 24 24 24 24 24 24 25 24 25 24 24 24 25
447,SIPP_BigCS,"188,124,5","9,122,9",1,1821.712849,13725,105.86037,25.48684,4.8342,0.6495,7 7 7 7 7 7 31 203 203 363 3 3 3 3 7 7 7 7 31 203 -0.713 379 309 7 7 7 7 7 7 7 7 7 7 7 7 3 7 7 7 7 7 7 7 7 7 7 7 7 7 7 7 7 7 7 7 7 7 7 7 7 7 7 3 7 7 7 7 7 59 309 7 7 7 7 7 7 7 7 7 7 7 7 7 7 7 7 7 7 59 309
447,SIPP_Standard,"188,124,5","9,122,9",1,1873.382129,16753,46.63487,40.6029,7.8078,1.0626,3 7 -3.382 91 3 3 3 3 23 50 109 55 91 3 3 3 3 3 3 23 38 3 19 101
448,SIPP_2^2,"196,90,0","93,227,0",1,2461.482993,17986,6.03396,318.19805,70.68583,141.37167,0 1 1 2 -0.095 2 -0.310 2 -1.078 2 2 2 3 2 2 2 2 2 2 3 3 3 2 2 3 3 2 2 2 3 2 2 3 3 2 3 3 3 2 2 2 2 2 3 3 3 3 3 3 3 3 3 3 3 3 3 3 3 3 3 3 3 3 3 3 3 3 3 3 3 3 3 3 3 3 3 3 3 3 3 3 3 3 3 3 3 3 3 3 3 2 2 2 2 2 2 2 3 3 3 3 2 2 2 2 2 2 2 2 2 2 3 3 2 2 3 3 3 3 3 3 3 3 3 2 2 2 2 2 2 2 2 2 2 3 3 3 3 3 3 2 2 2 2 2 2 2 2 2 2 2 2 2 2 2 2 2 2 2 3 3 3 3 3 3 3 3 3 2 2 2 2 2 2 2 2 2 2 2 2 2 2 2 2 2 2 2 2 2 2 2 2 2 2 2 2 2 2 3 3 2 2 3 3 2 3 2 2 3 2 2 2 2 2 2 2 3 2 3 3 2 2 2 2 2 2 2 2 3 3 3 3 2 3 2 2 2 2 2 2 2 2 3 2 2 2 2 2 3
448,SIPP_2^3,"196,90,0","93,227,0",1,1950.5608129999976,6489,4.21448,158.97273,31.41593,62.83186,1 -3.817 3 3 4 4 5 4 4 5 5 5 5 5 4 4 4 4 5 5 5 5 5 5 5 4 5 5 4 -11.318 4 5 6 6 6 6 6 6 6 5 -2.027 5 5 5 5 5 5 5 5 5 5 5 5 5 5 5 5 5 5 5 5 5 5 5 5 5 5 5 5 5 5 5 5 5 5 5 5 5 5 -16.704 6 -9.059 6 6 6 5 -1.706 5 5 4 4 4 4 4 4 4 4 5 5 5 4 4 4 5 5 5 5 5 5 5 5 5 5 5 4 5 5 5 4 4 5 5 4 4 5 5 4 5 5 5 5 4 5 4 5 4 5 5 5 5 5 5 5 4 4 4 4 4 4 5 4 5 4 4 4 5
448,SIPP_2^4,"196,90,0","93,227,0",1,1880.6063650000008,4852,8.2729,74.37201,14.78067,29.56134,3 7 8 -0.581 9 10 9 9 10 9 10 9 9 10 10 12 12 12 12 12 11 11 11 10 10 10 10 10 10 10 10 10 10 10 11 11 10 11 11 11 11 11 11 11 11 11 10 10 10 10 10 10 10 10 10 10 10 10 10 11 11 10 11 10 8 8 8 8 8 8 8 8 8 8 9 9 9 9 9 9 9 8 9 9 9 9 9 9 9 8 9 9 9 9 9 9 8 9 9 9 9 9 9 8 9 9 8 8 9
448,SIPP_2^5,"196,90,0","93,227,0",1,1864.3412930000004,4540,19.3589,55.17707,10.73694,21.47387,6 15 17 19 19 19 19 20 20 23 23 23 24 23 20 20 20 20 20 20 21 21 21 21 21 21 21 21 21 21 21 20 20 20 20 20 21 20 20 20 20 20 20 17 17 17 17 17 17 18 18 17 17 18 18 18 18 -0.180 24 -0.029 16 -0.034 16 -0.032 16 -0.017 19 17 17 17 18 17 18 17 18 17 18 18 17
448,SIPP_BigCS,"196,90,1","93,227,3",0,-1,26377,180.11241,0.0,0.0,0.0,
448,SIPP_Standard,"196,90,1","93,227,3",1,2858.0,31151,63.7718,65.48472,11.5976,1.5926,60 84 9 33 90 14 109 31 39 0 0 0 0 0 8 44 24 67 55 59 59 59 67 31 55 67 31 31 31 51 62 62 62 62
449,SIPP_2^2,"15,127,0","108,240,0",1,2401.2671490000002,14550,4.97328,254.55844,59.69026,119.38052,1 1 1 1 1 1 1 1 1 1 1 1 1 1 1 1 1 1 1 1 1 1 1 1 1 1 1 1 1 1 1 1 1 1 1 2 1 1 1 2 1 1 2 -120.256 3 -4.913 3 3 -119.206 1 -7.587 1 1 1 1 1 1 1 1 1 1 1 1 1 1 1 1 1 1 1 1 1 1 1 2 2 2 2 2 2 2 2 2 2 2 2 2 2 2 2 2 2 2 2 2 2 2 1 2 1 1 1 1 2 1 2 1 2 2 2 2 2 2 2 1 1 2 1 2 2 2 1 2 2 2 1 2 2 2 1 2 1 1 1 1 1 1 1 2 2 2 2 1 2 1 1 2 2 2 1 2 2 2 2 2 1 2 2 2 2 2 2 2 2 2 2 2 2 -1.112 2 -0.032 2 -0.033 2 2 2 2 2 2 2 2 2 2 2 2 2 2 2 2 2 2 2 2 2 2 2 2 2 2 2 2 2 2 2 2 2 2 2 2 2 2 -3.354 2 -23.104 1 1 -1.519 1 -0.151 1 1 1 1
449,SIPP_2^3,"15,127,0","108,240,0",1,1931.957582999999,6119,3.80654,190.33848,37.69911,75.39823,5 5 5 5 5 5 5 4 5 5 4 4 3 3 3 3 3 3 3 3 3 3 3 3 3 3 3 4 3 3 4 4 4 3 3 3 2 -5.813 3 2 4 4 2 4 3 4 4 -1.832 3 3 2 3 3 3 3 3 3 3 2 2 2 2 2 2 2 2 2 2 2 2 2 2 2 2 2 2 2 3 3 2 2 2 2 2 3 2 3 3 3 -7.500 2 1 2 2 2 2 2 2 2 2 2 2 2 2 2 2 2 2 2 1 2 2 3 4 4 4 3 4 4 4 4 4 4 4 4 4 4 4 4 4 4 4 4 4 4 4 4 4 4 4 4 4 4 4 4 4 4 4 4 4 4 4 3 4 3 4 3 3 4 3 3 4 3 3 3 3 3 4 3
449,SIPP_2^4,"15,127,0","108,240,0",1,1904.645573,6097,9.82636,94.81755,18.8116,37.6232,10 10 10 10 10 10 10 10 9 8 8 6 7 6 6 6 6 6 6 6 6 6 6 6 6 7 7 7 6 7 -0.965 7 -9.388 4 -0.012 4 -0.012 4 -0.012 8 -0.012 4 7 8 8 -5.636 6 6 4 6 6 6 6 6 6 6 4 4 4 4 4 4 4 4 4 4 4 4 4 4 4 4 4 4 4 5 5 5 5 5 5 -17.599 3 4 4 4 4 4 4 4 4 4 4 4 4 4 4 4 4 3 4 5 6 8 8 8 8 8 8 8 8 8 8 8 8 8 8 8 8 8 8 8 8 8 8 8 8 8 8 8 7 8 8 7 7 7 7 7 7 7 7 7 7 8 8 7
449,SIPP_2^5,"15,127,0","108,240,0",1,1895.3725410000004,5974,23.95258,86.94687,17.03711,34.07421,20 20 20 20 20 20 20 20 17 15 12 12 12 12 12 13 13 13 13 12 13 13 -0.458 8 -9.979 8 -0.012 16 -0.012 8 -0.012 8 -0.012 8 15 16 16 9 12 12 12 12 12 12 12 9 9 9 8 9 8 8 8 8 8 8 9 8 8 9 8 8 8 8 -25.381 7 8 8 8 8 8 8 8 8 8 8 8 8 8 8 8 7 10 12 16 16 16 16 16 16 16 16 16 16 16 16 15 16 15 16 16 16 16 16 16 16 15 15 15 15 15 15 15 15 14 15
449,SIPP_BigCS,"15,127,15","108,240,1",0,-1,29569,180.06305,0.0,0.0,0.0,
449,SIPP_Standard,"15,127,15","108,240,1",1,1933.8435829999999,19923,38.23323,65.40255,12.4192,1.6666,67 35 64 52 56 -23.825 64 -3.668 48 79 80 1 21 36 -5.351 5 89 1 25 88 0 0 8 44 4 96
450,SIPP_2^2,"245,231,0","72,243,0",0,-1,0,0.0,0.0,0.0,0.0,
450,SIPP_2^3,"245,231,0","72,243,0",0,-1,0,0.0,0.0,0.0,0.0,
450,SIPP_2^4,"245,231,0","72,243,0",0,-1,0,0.0,0.0,0.0,0.0,
450,SIPP_2^5,"245,231,0","72,243,0",0,-1,0,0.0,0.0,0.0,0.0,
450,SIPP_BigCS,"245,231,0","72,243,0",0,-1,0,0.0,0.0,0.0,0.0,
450,SIPP_Standard,"245,231,11","72,243,5",0,-1,33,0.02559,0.0,0.0,0.0,
451,SIPP_2^2,"1,153,0","114,23,0",0,-1,0,0.0,0.0,0.0,0.0,
451,SIPP_2^3,"1,153,0","114,23,0",0,-1,0,0.0,0.0,0.0,0.0,
451,SIPP_2^4,"1,153,0","114,23,0",0,-1,0,0.0,0.0,0.0,0.0,
451,SIPP_2^5,"1,153,0","114,23,0",0,-1,0,0.0,0.0,0.0,0.0,
451,SIPP_BigCS,"1,153,0","114,23,0",0,-1,0,0.0,0.0,0.0,0.0,
451,SIPP_Standard,"1,153,3","114,23,11",0,-1,76326,180.00287,0.0,0.0,0.0,
452,SIPP_2^2,"197,235,0","74,123,0",1,2655.029362,19693,6.2774,459.61941,102.10176,204.20352,1 2 1 -83.979 2 -1.137 2 -1.137 3 -12.274 3 -1.089 3 3 3 3 3 -12.591 0 -34.170 0 0 3 0 3 3 3 3 3 3 3 3 3 3 3 3 3 3 3 3 3 3 3 3 0 0 0 0 3 3 3 3 3 3 3 3 3 0 0 3 0 3 3 0 3 3 3 3 3 3 3 3 3 3 3 3 3 3 3 0 0 3 0 0 0 0 0 0 0 0 0 0 3 3 3 0 3 3 0 0 0 0 0 0 0 0 3 3 0 0 0 0 0 0 0 0 0 0 0 0 0 0 0 0 0 0 0 0 0 0 0 0 0 0 0 0 0 0 0 0 0 0 0 0 0 0 0 0 0 0 3 3 0 3 3 3 3 3 0 3 3 0 3 3 0 3 3 3 0 0 0 3 0 3 3 0 3 3 3 3 0 0 3 3 3 3 3 3 3 0 0 0 0 3 3 0 3 3 0 0 3 3 0 3 0 3 0 0 3 0 3 3 3 3 3 3 3 3 0 3 3 0 3 3 3 3 3 3 3 3 3 3 3 3 3 0 0 0 0 0 0 -36.388 0 -13.228 3 -2.352 0 -3.037 3 -3.649 0 0 0 0 0 0 0
452,SIPP_2^3,"197,235,0","74,123,0",1,2083.647776,8999,5.34701,223.58405,43.9823,87.9646,7 6 6 6 6 6 6 6 6 6 6 6 6 5 5 6 5 -11.144 0 6 7 7 7 7 7 7 7 6 6 7 7 7 7 7 7 6 6 6 6 6 6 6 6 6 6 7 7 6 -6.794 6 -2.111 7 -0.040 7 7 7 7 7 7 7 0 0 7 7 0 7 7 0 7 7 7 0 0 0 7 6 7 7 7 7 7 7 7 7 7 7 7 7 7 0 0 7 7 7 7 7 7 7 7 7 7 0 0 0 0 7 7 7 7 0 0 0 0 7 0 0 7 0 0 0 0 7 7 6 6 6 6 6 6 6 6 6 6 6 6 6 6 6 6 6 6 6 7 7 7 7 7 7 -17.678 0 -10.260 6 0 -0.271 1 -26.331 0 -0.012 2 -10.025 0 -0.012 0 -0.012 0 -0.012 0 0 0 7 0 0 0 7 0 0 0 7 0 0 7
452,SIPP_2^4,"197,235,0","74,123,0",1,2076.5219519999996,12737,20.49723,99.29954,25.59639,51.19278,12 12 12 12 12 13 12 12 12 12 12 12 10 11 12 12 -8.849 4 12 14 13 14 13 13 13 13 13 13 13 13 13 13 13 13 -29.953 12 -2.111 14 -0.040 14 14 15 15 15 15 15 14 14 14 15 14 14 14 14 14 14 14 14 14 14 14 14 14 15 14 14 14 14 14 14 15 15 15 15 15 14 0 15 15 15 15 15 15 0 15 15 14 14 12 12 12 12 12 12 12 12 12 12 12 12 12 12 13 13 13 13 12 -1.580 12 -0.022 12 -0.094 0 -24.371 0 -45.839 15 -2.911 0 -18.472 0 -9.942 0 -0.012 0 -0.012 4 -0.012 4 -0.012 0 -0.012 0 0 15 15 0 0 0 0 0 15 15
452,SIPP_2^5,"197,235,0","74,123,0",1,2073.57034,12973,51.50127,109.87556,22.11051,44.22103,25 24 24 24 24 24 24 24 24 24 23 20 20 -16.183 0 25 26 26 26 26 26 26 26 26 25 26 26 26 26 -27.352 0 -2.111 28 -0.040 28 29 29 28 28 28 28 28 29 28 29 28 28 28 28 28 28 29 28 29 28 29 28 28 30 30 29 30 31 31 30 30 30 30 30 30 30 28 28 24 24 24 24 24 24 24 24 24 25 25 24 25 25 24 -9.586 24 -0.022 0 -0.094 0 -24.371 24 -45.839 30 -2.911 0 -18.472 0 -9.942 0 -0.012 8 -0.012 8 -0.012 0 -0.012 0 -0.012 0 31 0 31 31 0 31
452,SIPP_BigCS,"197,235,1","74,123,14",0,-1,32966,180.11079,0.0,0.0,0.0,
452,SIPP_Standard,"197,235,1","74,123,14",1,2201.8771920000004,28481,58.1851,45.27283,8.6092,1.0652,-276.371 23 38 19 61 101 91 -10.407 23 50 69 50 69 30 30 30 30 30 46 2 2 2 10 54 -13.100 90
453,SIPP_2^2,"135,216,0","95,49,0",0,-1,0,0.0,0.0,0.0,0.0,
453,SIPP_2^3,"135,216,0","95,49,0",0,-1,0,0.0,0.0,0.0,0.0,
453,SIPP_2^4,"135,216,0","95,49,0",0,-1,0,0.0,0.0,0.0,0.0,
453,SIPP_2^5,"135,216,0","95,49,0",0,-1,0,0.0,0.0,0.0,0.0,
453,SIPP_BigCS,"135,216,0","95,49,0",0,-1,0,0.0,0.0,0.0,0.0,
453,SIPP_Standard,"135,216,14","95,49,13",0,-1,68466,180.00042,0.0,0.0,0.0,
454,SIPP_2^2,"229,35,0","104,104,0",0,-1,0,0.0,0.0,0.0,0.0,
454,SIPP_2^3,"229,35,0","104,104,0",0,-1,0,0.0,0.0,0.0,0.0,
454,SIPP_2^4,"229,35,0","104,104,0",0,-1,0,0.0,0.0,0.0,0.0,
454,SIPP_2^5,"229,35,0","104,104,0",0,-1,0,0.0,0.0,0.0,0.0,
454,SIPP_BigCS,"229,35,0","104,104,0",0,-1,0,0.0,0.0,0.0,0.0,
454,SIPP_Standard,"229,35,0","104,104,13",0,-1,95231,180.00076,0.0,0.0,0.0,
455,SIPP_2^2,"129,146,0","22,10,0",1,2466.228419,22427,7.8991,360.62446,80.11061,160.22123,0 0 0 0 0 0 0 0 0 0 0 0 0 0 0 0 0 0 0 0 0 0 0 0 0 0 0 0 0 0 0 0 0 0 0 0 0 0 0 0 0 0 0 0 0 0 0 0 0 0 0 0 0 0 0 0 3 0 3 3 0 3 3 3 3 3 0 0 3 0 3 3 3 3 0 3 3 3 3 3 3 0 0 0 0 0 0 3 3 3 3 0 0 0 0 0 0 0 0 0 0 0 0 0 0 0 0 0 3 3 0 0 3 0 0 0 0 0 0 0 0 0 0 3 3 0 3 0 3 3 3 3 0 0 0 3 0 0 0 0 0 0 0 3 3 3 3 3 3 3 3 3 3 3 3 3 3 3 3 3 3 3 3 3 3 3 0 3 3 3 3 3 3 3 0 0 0 0 0 0 0 0 3 0 3 0 0 0 0 0 0 0 0 0 0 3 3 0 0 3 3 3 3 3 3 3 3 3 3 3 3 0 3 3 0 3 0 3 3 3 3 3 3 3 3 3 0 3 3 0 3 0 3 -11.984 3 -1.584 3 -1.535 3 -1.126 2 3 3 3 3 3 3 3 3
455,SIPP_2^3,"129,146,0","22,10,0",1,1803.208551999998,3398,2.2816,83.49378,16.49336,32.98673,0 0 7 0 0 7 0 7 0 0 0 7 7 7 7 7 7 7 7 7 7 7 7 7 7 7 7 7 7 7 7 7 7 7 7 7 7 7 7 7 7 7 0 7 7 7 7 7 7 0 0 0 0 0 0 0 0 0 7 7 7 7 7 7 7 7 7 7 0 0 7 7 7 7 7 0 7 7 7 7 7 0 7 7 7 7 7 7 7 7 7 7 7 7 7 7 7 7 7 7 7 7 7 7 7 7 7 7 7 7 7 7 7 7 7 7 7 7 7 7 7 7 7 7 7 7 0 0 0 7 7 0 0 0 0 7
455,SIPP_2^4,"129,146,0","22,10,0",1,1751.546327999997,1935,3.44134,25.78735,5.14801,10.29602,14 14 15 14 15 15 15 14 14 15 14 14 14 14 14 14 14 14 14 14 15 14 14 14 14 14 14 14 14 14 14 14 15 14 14 15 14 15 14 15 15 15 15 15 15 15 15 15 15 15 15 15 15 15 15 15 15 15 15 14 14 14 14 14 14 14 14 14 14 14 14 14 14 14 14 14 14 14 14 14 14 14 14 14 14 14 14 14 14 14 14 14 14 14 14 14 14 14 14 14 14 14 14 14 14 14 14
455,SIPP_2^5,"129,146,0","22,10,0",1,1742.6587049999973,1491,7.06893,9.40443,1.87919,3.75838,29 29 29 29 29 29 29 30 30 30 30 30 29 29 29 29 29 29 30 29 29 29 29 29 28 29 29 29 28 28 29 29 29 28 28 28 28 28 28 28 27 28 28 28 28 28 28 28 28 28 28 28 28 28 28 28 28 28 28 28 28 28 28 28 28 28 28 28 28 28 28 28 28 28 28 28 28 28 28 28 28
455,SIPP_BigCS,"129,146,15","22,10,12",1,1732.0,5949,50.66479,21.96551,3.6386,0.2793,182 202 202 202 202 202 202 202 202 202 202 202 202 202 202 202 202 202 202 202 250 154 250 154 250 154 250 154 250 102 102 102 102 102 102 102 102 102 102 102 102 102 102 102 102 102 102 102 102 102 102 102 102 102 102 102 102 102 102 102 102 102 102 102 102 102 102 102 102 102 102 102 126
455,SIPP_Standard,"129,146,15","22,10,12",1,1748.0,2940,9.06283,19.6443,3.2237,0.2176,54 58 58 66 54 58 58 74 69 54 66 54 66 30 30 30 30 30 30 30 30
456,SIPP_2^2,"195,164,0","44,237,0",1,2240.0,12019,4.16491,247.48737,54.97787,109.95574,3 3 3 3 3 2 2 3 3 3 3 3 3 3 3 3 3 3 3 3 3 3 3 3 3 3 3 3 3 3 3 3 3 3 3 3 3 3 3 3 3 3 3 3 3 3 3 3 3 3 3 3 3 3 3 3 3 3 3 3 3 3 3 3 3 3 3 3 3 3 3 3 3 2 2 3 2 3 3 2 3 3 3 2 2 2 2 2 2 2 2 2 2 2 2 2 2 2 3 3 3 3 2 2 2 3 2 2 2 2 2 3 2 2 2 2 2 2 2 2 2 2 2 2 2 2 2 2 2 2 2 2 2 2 2 2 2 2 2 2 3 2 3 3 3 2 3 2 3 3 3 2 3 3 3 3 3 3 3 3 3 3 3 3 3 3 3 3 3 2 3 3 3 3 3 3 3 3 3 3 3 3 2 2 2 2 2 2 3 3 2 3 3 3 3 3 3 3 3 3 3 3 3 3 3 3 3 3 3 3 3 3 3 3 2 2 3 3 3 2 3 3 3 2
456,SIPP_2^3,"195,164,0","44,237,0",1,1889.258120999998,4772,2.96298,147.76663,29.05973,58.11947,6 5 6 6 5 5 6 6 6 6 6 6 6 6 6 6 6 6 6 6 6 6 6 6 6 6 6 6 6 6 6 6 6 6 6 6 6 6 5 5 6 6 6 6 5 5 6 6 6 5 6 6 6 5 6 6 6 6 6 6 6 6 6 6 6 6 6 6 6 5 5 5 5 6 5 5 5 5 5 5 5 5 4 4 5 5 5 5 5 5 5 5 5 5 5 6 6 6 5 -24.161 4 4 4 4 4 4 4 5 5 5 5 5 5 5 5 5 5 5 5 5 5 5 6 6 5 5 6 6 5 6 5 5 5 6 5 5 6 6 5 5 6 6 6 6 6 6 6 6 6 6 6 6 5 5 5 5 6 6 5 6 5
456,SIPP_2^4,"195,164,0","44,237,0",1,1833.568597,3914,6.41357,89.64591,17.48664,34.97328,11 12 11 11 12 12 12 12 12 12 12 12 12 12 12 12 12 12 12 12 12 12 11 11 11 11 11 11 11 11 12 12 12 11 12 12 12 12 11 11 12 12 12 12 12 11 12 11 12 12 11 11 11 11 11 11 10 10 10 10 8 9 -13.141 8 -0.012 8 -0.012 8 11 12 12 12 11 11 11 11 -11.816 6 8 10 10 10 10 10 10 10 9 10 10 10 10 10 10 10 10 10 10 10 10 10 10 10 11 -1.380 10 -1.521 11 12 12 12 12 12 12 12 12 12 12 12 12 11 11 11 11 11 11 12 12 11
456,SIPP_2^5,"195,164,0","44,237,0",1,1807.002205000001,3586,14.69672,38.43567,7.67831,15.35663,22 23 22 -0.461 23 24 23 24 24 24 24 24 24 24 24 24 24 23 23 23 23 24 23 23 23 23 23 23 23 23 23 23 17 16 16 16 16 16 16 16 16 16 17 16 16 16 16 20 20 20 21 23 23 23 23 23 23 23 23 23 23 23 23 22 22 22 23 24 24 24 24 24 24 24 24 24 24 23 21 21 21 20 21 20 21 20
456,SIPP_BigCS,"195,164,12","44,237,9",0,-1,26365,180.05319,0.0,0.0,0.0,
456,SIPP_Standard,"195,164,12","44,237,9",1,1846.272386,15324,34.28929,51.09776,9.3982,1.2268,91 11 47 3 7 59 91 3 3 15 70 -12.272 35 104 55 59 59 67 31 55 91 3 7
457,SIPP_2^2,"28,3,0","197,20,0",1,2689.565888,16015,5.4315,367.69553,84.823,169.646,1 2 2 2 2 2 2 1 1 2 1 1 2 2 1 2 2 2 1 1 1 2 2 2 2 2 2 2 2 2 2 2 2 2 1 1 1 2 1 1 2 1 1 1 2 2 2 2 2 2 2 1 1 1 1 1 1 1 1 1 1 1 1 1 1 2 2 1 2 1 2 1 1 1 1 1 1 1 1 1 1 1 1 1 1 1 1 1 1 1 1 1 1 0 0 0 0 3 0 0 3 3 0 0 -21.382 2 -6.470 1 -4.258 2 -3.309 1 1 -2.382 1 -11.275 1 -9.930 1 -0.012 1 -0.012 1 -0.012 1 1 0 0 1 0 1 1 1 1 1 1 0 0 0 0 0 0 0 0 0 0 0 0 0 1 0 -0.596 1 1 1 1 -2.419 1 -3.594 1 1 -0.706 1 1 1 -3.208 1 1 1 1 1 1 1 1 1 1 1 1 1 1 1 1 1 1 1 1 1 1 1 1 2 2 2 1 1 1 1 2 2 2 2 2 2 1 1 1 1 1 1 1 1 1 1 1 1 1 1 1 1 1 1 1 1 1 1 1 1 1 1 1 1 1 1 1 1 1 1 1 2 1 1 1 2 1 1 1 1 1 1 2 1 1 1 1 1 1 1 1 1 1 1 1 0 0 0 0 0 0 0 0 0 1 1 1 1 0 1
457,SIPP_2^3,"28,3,0","197,20,0",1,2060.102523999999,5549,3.45552,168.20557,32.98672,65.97345,3 3 3 3 3 4 3 3 4 3 2 2 2 2 2 2 2 2 2 2 2 2 3 2 3 3 3 3 3 3 3 3 3 3 3 3 3 3 3 3 3 3 3 3 3 3 3 3 3 3 4 4 3 -27.040 1 2 1 2 2 2 2 2 2 2 2 2 2 2 2 2 2 1 2 2 1 2 2 2 2 2 2 2 2 1 2 2 1 2 2 2 1 2 2 2 2 2 2 2 2 2 2 2 -24.864 2 -7.954 3 2 2 2 2 1 2 2 2 2 2 2 2 2 2 2 2 2 2 2 2 2 2 2 2 2 2 2 2 2 2 2 2 2 2 2 2 2 2 2 2 2 2 2 2 2 2 2 1 1 1 2 2 1 1 2 2 2 2 2 1 2 2 2 1 1 0 1 0 1 1 1 0 1
457,SIPP_2^4,"28,3,0","197,20,0",1,2042.2879639999996,5342,8.59266,78.04705,15.70796,31.41593,6 6 7 6 7 6 6 6 6 6 6 6 6 6 6 6 6 5 5 4 4 5 5 5 5 5 5 4 4 4 4 4 4 7 7 7 7 6 7 6 6 -36.189 2 3 3 3 3 3 4 4 4 4 4 4 4 4 4 4 4 4 4 4 4 4 4 3 4 4 4 4 4 4 4 4 4 4 4 4 4 4 4 4 4 4 -35.553 4 -7.954 6 4 4 4 3 4 4 4 4 4 4 4 4 4 4 4 4 4 4 4 4 4 4 4 4 4 4 4 4 4 4 4 4 4 4 4 4 4 4 4 4 4 4 4 4 4 4 3 3 4 3 3 4 3 4 4 3 2 2 1 2 1 1 2
457,SIPP_2^5,"28,3,0","197,20,0",1,2034.968358,5287,21.11864,53.6227,10.45258,20.90517,12 13 12 12 13 12 12 12 12 12 12 12 12 11 12 -1.268 9 8 9 8 9 9 9 9 10 12 14 13 13 14 14 -41.585 4 7 7 7 7 8 8 8 8 8 8 8 8 8 8 8 8 7 7 8 8 8 8 8 8 8 8 8 8 8 8 8 8 8 8 8 -49.194 9 8 8 7 8 8 8 8 8 8 8 8 8 8 8 8 8 8 8 8 8 8 8 8 8 8 8 8 8 8 8 8 8 8 8 8 8 8 8 8 8 7 7 7 7 7 7 8 8 4 4 3 2 3
457,SIPP_BigCS,"28,3,7","197,20,3",0,-1,29504,180.15241,0.0,0.0,0.0,
457,SIPP_Standard,"28,3,7","197,20,3",1,2200.441087,52190,116.39121,58.18892,10.916,1.5214,52 64 28 48 63 95 -28.682 9 -68.022 41 95 -2.036 9 -19.331 29 -11.935 45 1 5 97 95 1 -35.662 1 -37.772 1 21 28 36 13 60
458,SIPP_2^2,"167,136,0","8,195,0",0,-1,0,0.0,0.0,0.0,0.0,
458,SIPP_2^3,"167,136,0","8,195,0",0,-1,0,0.0,0.0,0.0,0.0,
458,SIPP_2^4,"167,136,0","8,195,0",0,-1,0,0.0,0.0,0.0,0.0,
458,SIPP_2^5,"167,136,0","8,195,0",0,-1,0,0.0,0.0,0.0,0.0,
458,SIPP_BigCS,"167,136,0","8,195,0",0,-1,0,0.0,0.0,0.0,0.0,
458,SIPP_Standard,"167,136,8","8,195,10",0,-1,71559,180.00143,0.0,0.0,0.0,
459,SIPP_2^2,"39,213,0","178,131,0",1,2430.0,11883,3.98942,572.75649,127.2345,254.469,1 1 0 1 1 1 1 1 1 1 1 1 1 1 1 1 2 1 1 1 1 1 1 2 2 2 1 1 2 1 1 2 1 1 1 1 2 1 2 2 2 1 2 1 1 1 1 1 1 1 1 1 1 1 1 1 1 1 1 1 1 1 1 1 1 1 1 1 1 1 1 1 1 0 1 0 0 1 0 0 1 0 0 1 1 1 0 0 0 0 0 0 0 0 1 0 1 0 0 0 0 0 0 0 0 0 0 0 0 0 0 0 0 0 0 0 0 0 1 0 0 1 1 1 0 1 1 1 0 1 1 0 1 1 1 0 1 0 0 1 1 1 0 1 1 0 0 1 0 0 0 0 1 1 1 1 1 0 0 1 1 1 1 1 0 1 1 0 0 1 0 1 1 0 1 1 1 0 1 1 1 1 1 1 1 1 1 1 1 1 1 1 1 0 0 0 0 0 0 1 0 0 0 0 1 1 0 0 0 1 0 0 0 1 0 0 0 0 0 1 1 0 0 1 0 1 0 0 0 1 1 0 0 1 1 1 0 0 1 1 1 1 0
459,SIPP_2^3,"39,213,0","178,131,0",1,1855.929327999998,2119,1.2558,162.94383,32.20133,64.40265,2 2 1 2 3 3 2 2 2 2 2 2 2 2 2 2 2 3 2 2 2 3 2 2 3 2 2 2 3 3 2 2 3 3 3 2 3 1 2 1 1 2 1 2 1 1 2 1 1 2 1 1 1 1 1 1 1 1 1 1 1 1 1 1 1 1 1 1 1 0 0 1 1 1 1 1 1 2 2 2 2 2 2 2 1 1 1 1 1 2 2 2 2 1 1 1 1 1 1 1 1 1 1 1 1 1 1 1 1 1 1 1 1 1 1 1 1 1 1 1 1 1 1 1 1 1 1 1 0 1 1 1 1 1 0 1 0 1 1 1 1 1 0 1 1
459,SIPP_2^4,"39,213,0","178,131,0",1,1829.0136289999984,2763,4.41226,59.10222,11.81893,23.63786,3 4 4 5 5 5 5 5 5 5 5 5 4 4 4 4 4 4 4 4 4 5 5 4 4 3 2 3 3 2 3 2 3 2 2 2 2 2 2 2 2 2 2 2 2 2 2 2 2 1 1 2 2 2 2 2 2 3 3 3 4 3 3 3 3 3 3 3 4 4 -9.047 1 1 -0.439 1 2 2 2 2 1 2 2 -0.222 2 3 3 3 2 2 2 2 2 2 2 2 2 2 2 2 2 2 2 2 2 2 2 2 2 2 2 2 0 1 0 0 0
459,SIPP_2^5,"39,213,0","178,131,0",1,1825.8941939999988,3205,13.07199,41.11554,8.1841,16.3682,7 9 9 9 9 9 9 9 9 8 9 9 10 7 5 6 5 5 4 4 4 4 4 4 4 4 4 4 4 4 4 3 4 4 4 4 3 4 4 5 7 7 7 7 7 6 6 6 -6.715 0 -9.921 2 2 3 4 4 4 -0.496 3 4 -0.021 5 5 4 4 4 4 4 4 4 4 4 4 4 4 4 4 4 4 4 4 4 4 4 5 4 1 0 0 0
459,SIPP_BigCS,"39,213,5","178,131,5",1,1825.435649,20983,133.79373,44.4466,8.1974,1.2262,313 207 207 207 207 207 311 5 5 5 85 383 201 201 217 101 101 101 101 101 101 101 101 101 101 101 101 101 125 252 101 153 201 201 201 201 305 65 -27.512 125 -0.746 204 252 101 153 249 153 249 101 101 101 101 101 101 101 101 101 101 101 101 101 -0.177 101 161 6 6 6
459,SIPP_Standard,"39,213,5","178,131,5",1,1837.599074,4722,11.45003,56.8555,10.53,1.3749,97 63 95 21 32 57 73 68 49 68 53 57 89 13 -0.462 68 -0.477 29 29 53 65 49 76 -5.660 81
460,SIPP_2^2,"249,214,0","84,175,0",1,2330.0270330000003,7067,2.21129,403.05087,89.53539,179.07078,3 3 3 3 3 3 3 3 2 2 3 2 3 3 3 2 3 2 2 2 2 2 2 3 2 3 3 3 3 3 3 3 3 3 3 3 3 -58.057 3 3 3 3 3 3 3 3 3 3 3 3 3 3 3 3 3 3 3 3 3 0 0 0 0 0 0 0 3 0 0 3 0 0 0 3 3 0 3 0 3 3 3 3 3 3 3 3 3 3 3 3 3 3 3 3 0 0 0 3 0 3 3 3 3 3 3 3 3 3 3 3 0 3 3 3 3 3 3 3 0 3 3 3 3 3 3 0 3 3 3 3 -2.972 3 3 3 3 3 3 3 3 3 3 3 3 -7.073 3 -1.126 0 -0.592 3 -0.206 3 0 3 0 0 0 3 3 0 0 3 3 3 3 0 0 3 0 0 3 0 0 0 3 0 0 0 3 3 3 3 3 3 3 3 3 3 3 3 3 3 3 3 3 3 3 3 3 3 3 3 3 3 3 0 0 0 0 3 0 0 0 3 3 3 3 0 3 3 3 3 0 0 3 3 3 3 3 3 0 3 0
460,SIPP_2^3,"249,214,0","84,175,0",1,2150.0888529999997,8756,5.18084,154.96086,30.63053,61.26106,6 6 6 6 6 5 5 5 5 5 5 5 4 5 5 5 6 6 6 6 5 5 6 6 6 5 6 6 6 5 5 6 7 6 7 7 7 7 7 7 7 7 0 0 0 7 7 0 7 7 0 0 0 0 0 0 0 7 7 0 7 7 0 0 0 0 0 0 0 0 0 0 0 0 0 0 0 7 7 7 7 7 6 6 6 6 7 6 6 6 6 6 7 6 6 6 6 6 6 6 6 6 6 6 6 6 6 6 6 6 6 6 6 6 6 6 6 6 6 6 6 6 6 6 7 7 7 7 7 7 6 6 6 6 6 6 6 6 6 6 6 6 6 6 6 6 6 6 6 6 6 6 6 6 6 6 6 6 6 6 6 6 6 6 6 7 6 6 7 6 -5.203 6 -3.637 6 6 6 5 5 6 6 5 6 6 6 6 6 6 6 6 6 6 6 6 6 5
460,SIPP_2^4,"249,214,0","84,175,0",1,1931.0078089999993,3339,4.875,70.45393,14.24111,28.48222,12 12 12 12 12 10 10 10 10 10 9 10 10 10 10 11 11 11 12 12 12 12 12 12 11 11 -1.704 13 13 13 13 13 13 13 13 13 13 13 13 13 13 14 13 13 13 13 13 13 13 12 12 12 13 12 11 -41.975 12 -0.410 0 -10.119 12 12 12 12 13 13 13 13 12 12 12 12 12 12 12 12 12 12 12 12 12 12 12 12 13 14 14 14 14 14 14 14 14 14 14 14 13 14 13 12 12 12 12 12 12 12 13 12 12 12 13 13 13 13 13 13 13 13 13 13 13 13
460,SIPP_2^5,"249,214,0","84,175,0",1,1919.044658,2919,10.42889,54.91515,10.56283,21.12566,24 24 24 24 24 20 20 20 20 20 20 19 20 20 23 23 23 23 23 24 25 26 26 26 26 26 26 26 26 26 27 26 26 26 26 26 26 26 26 27 25 24 24 24 22 -48.404 24 -0.410 0 -10.119 24 24 24 24 24 24 24 24 24 24 24 25 24 24 24 25 24 25 25 25 28 28 28 28 28 28 28 28 28 28 27 27 25 25 25 25 25 25 25 25 26 25 26 26 25
460,SIPP_BigCS,"249,214,4","84,175,15",1,1920.916587,21072,108.36742,51.19718,9.2893,1.6164,7 7 35 179 334 7 7 83 203 203 347 178 205 205 205 205 205 205 205 205 205 205 205 205 205 205 205 205 205 -0.957 365 7 -72.960 59 365 59 365 7 63 102 102 102 102 102 102 102 102 178 205 205 205 205 205 205 205 309 7 7 7 87 309
460,SIPP_Standard,"249,214,4","84,175,15",1,1956.076252,5725,10.56506,52.00735,9.7257,1.1565,11 51 86 11 47 23 50 69 50 69 50 93 -63.076 3 3 3 23 30 30 38 19 61 61 93
461,SIPP_2^2,"134,210,0","47,62,0",1,2426.439393,19529,6.82217,431.33514,95.81858,191.63715,0 0 0 0 0 3 0 0 3 3 0 0 0 0 0 3 0 0 3 3 0 3 3 0 0 3 0 3 3 3 0 0 0 3 0 3 3 3 3 3 3 3 3 3 3 3 0 0 0 0 0 0 0 0 0 0 0 0 0 0 3 0 3 3 3 3 3 0 0 0 0 0 0 0 0 0 0 3 3 0 3 0 -1.574 1 -14.865 1 0 1 0 0 0 0 0 0 0 0 3 0 3 3 0 0 0 0 3 3 3 3 3 3 3 3 3 3 3 3 3 3 3 3 3 3 3 3 3 3 3 3 3 0 0 0 0 0 0 0 0 0 0 0 0 0 0 0 0 3 0 3 3 3 3 3 3 3 3 0 3 0 0 0 0 0 0 0 0 0 0 0 0 0 0 3 0 0 3 0 0 0 0 0 0 3 3 3 3 3 0 3 3 0 3 3 3 3 3 0 0 3 0 3 0 0 0 0 0 0 0 0 0 0 0 0 0 0 0 0 0 0 0 0 0 0 0 0 0 0 0 0 0 0 0 0 0 0 0 0 0 0 3 0 3 0 3
461,SIPP_2^3,"134,210,0","47,62,0",1,1991.6748259999988,7102,4.5422,154.61717,30.63053,61.26106,0 0 0 0 0 0 0 0 0 0 0 0 1 1 0 7 -0.683 0 -5.225 0 -10.466 0 0 -1.275 0 -0.013 0 0 0 0 0 0 0 0 0 0 0 0 0 0 0 0 0 0 0 0 0 1 1 0 0 0 0 -6.002 0 7 7 0 0 0 0 0 0 7 7 7 7 7 7 7 7 7 7 7 7 7 7 7 0 0 7 0 0 0 7 0 7 7 7 7 6 6 6 6 7 7 7 7 7 7 7 7 7 7 6 6 6 6 6 7 6 7 7 7 6 7 7 0 7 0 7 7 7 0 7 7 7 7 0 7 7 7 0 0 0 0 7 0 7 6 6 6 6 6 7 7 7 7 -0.782 7 7 7 7 7 7 7 7 7 7 7 7 7 7 7 7 7 0 0 0 0 7
461,SIPP_2^4,"134,210,0","47,62,0",1,1852.038039999999,3446,5.59094,54.23252,10.81572,21.63144,0 0 0 0 0 15 15 15 15 0 15 15 0 15 0 0 0 15 15 0 15 15 15 15 15 15 0 0 0 0 0 0 0 0 0 0 0 0 0 0 0 1 0 0 1 -3.434 0 0 0 0 0 15 14 14 14 15 15 15 15 15 14 15 15 15 15 15 15 15 15 14 14 14 14 14 14 14 14 14 14 15 15 15 15 15 15 15 14 14 14 15 14 14 14 14 13 13 13 13 13 13 13 13 13 13 13 14 13 13 13 13
461,SIPP_2^5,"134,210,0","47,62,0",1,1846.470457,4079,17.23071,32.67379,6.53895,13.0779,31 31 31 31 31 0 31 31 0 31 31 31 0 0 0 31 31 31 0 0 0 0 0 0 0 0 0 0 0 0 0 0 0 -0.006 1 -0.159 0 -0.062 0 -0.350 31 31 29 29 29 29 29 29 29 29 29 29 29 29 29 29 28 30 29 29 29 29 29 29 28 28 24 24 24 25 25 25 25 25 24 -0.383 26 -5.504 26 28 28 28 -0.458 28 28 28
461,SIPP_BigCS,"134,210,8","47,62,4",0,-1,27993,180.1126,0.0,0.0,0.0,
461,SIPP_Standard,"134,210,8","47,62,4",1,1969.046344,29149,71.05141,48.5059,8.2564,1.1517,42 -1.928 92 -11.082 2 -0.002 2 18 100 -2.659 58 58 58 66 50 61 61 61 85 6 58 74 -7.377 93 23 30 54 58
462,SIPP_2^2,"56,150,0","76,1,0",0,-1,0,0.0,0.0,0.0,0.0,
462,SIPP_2^3,"56,150,0","76,1,0",0,-1,0,0.0,0.0,0.0,0.0,
462,SIPP_2^4,"56,150,0","76,1,0",0,-1,0,0.0,0.0,0.0,0.0,
462,SIPP_2^5,"56,150,0","76,1,0",0,-1,0,0.0,0.0,0.0,0.0,
462,SIPP_BigCS,"56,150,0","76,1,0",0,-1,0,0.0,0.0,0.0,0.0,
462,SIPP_Standard,"56,150,8","76,1,14",0,-1,70844,180.00188,0.0,0.0,0.0,
463,SIPP_2^2,"206,8,0","35,9,0",0,-1,0,0.0,0.0,0.0,0.0,
463,SIPP_2^3,"206,8,0","35,9,0",0,-1,0,0.0,0.0,0.0,0.0,
463,SIPP_2^4,"206,8,0","35,9,0",0,-1,0,0.0,0.0,0.0,0.0,
463,SIPP_2^5,"206,8,0","35,9,0",0,-1,0,0.0,0.0,0.0,0.0,
463,SIPP_BigCS,"206,8,0","35,9,0",0,-1,0,0.0,0.0,0.0,0.0,
463,SIPP_Standard,"206,8,10","35,9,5",0,-1,0,2e-05,0.0,0.0,0.0,
464,SIPP_2^2,"26,94,0","180,173,0",1,2671.782326,24814,8.76845,325.26912,72.25663,144.51326,1 1 1 1 1 1 1 1 1 1 -0.075 1 -0.032 1 -0.033 0 -0.117 0 -3.709 1 1 1 0 0 0 0 0 0 0 0 1 1 1 1 1 1 1 1 0 1 0 1 -62.019 0 1 1 1 1 1 1 1 1 1 1 1 1 1 1 1 1 1 1 1 1 1 1 1 1 1 1 1 1 1 1 1 1 1 1 1 1 1 1 1 1 1 1 1 1 1 1 1 1 1 1 1 1 1 1 1 1 1 1 1 1 1 1 1 1 1 1 1 1 1 1 1 1 1 2 2 1 2 1 2 1 1 1 1 2 1 2 2 1 1 1 1 2 1 1 2 1 1 2 1 2 1 1 2 1 1 2 1 1 1 1 1 1 1 1 1 1 2 2 2 2 2 2 2 2 2 2 2 2 2 2 2 2 2 1 1 1 1 1 2 1 2 2 2 2 2 2 2 2 2 1 1 2 2 2 2 2 2 2 2 2 2 2 2 2 2 2 2 2 2 2 2 2 2 2 2 2 2 2 2 2 2 2 2 2 2 2 2 2 2 2 2 2 2 2 2 2 2 2 2 1 1 1 1 2 2 1 1 1 1 1 1 2 1 1 1 2 -15.799 1 1 1 1 1
464,SIPP_2^3,"26,94,0","180,173,0",1,2021.8126709999979,4202,2.85612,151.90784,30.63053,61.26106,2 2 2 2 2 2 2 2 2 2 -0.075 2 -0.032 2 -0.033 0 -0.117 0 -3.709 2 1 1 1 1 1 1 1 1 1 1 2 1 2 3 2 3 2 3 2 3 3 2 3 2 3 3 2 2 3 3 2 3 3 2 3 3 2 2 2 2 2 2 2 2 2 2 2 2 2 2 3 3 3 3 3 3 3 3 3 3 3 3 3 3 3 3 3 3 3 3 3 3 3 3 3 3 3 3 3 3 3 3 3 3 3 3 3 3 2 2 2 2 3 2 3 2 3 3 3 3 3 3 -16.971 2 -0.049 2 2 0 -0.046 2 2 2 3 3 3 3 3 3 3 3 3 3 3 3 3 3 3 3 3 3 3 3 3 3 3 3 3 3 3 3 3 3 3 3 3
464,SIPP_2^4,"26,94,0","180,173,0",1,1977.0041209999995,4018,7.15501,68.08657,13.82535,27.65069,4 4 4 4 4 4 4 4 4 4 -0.075 4 -0.032 4 -0.033 0 -0.117 0 -5.083 3 2 2 2 2 2 2 2 3 3 2 5 5 5 6 5 5 5 5 5 6 6 5 6 6 7 7 7 6 6 6 6 6 6 6 6 6 6 6 6 6 6 6 6 6 6 5 5 5 5 5 6 6 6 6 6 6 6 6 6 6 6 6 6 6 6 5 7 7 7 7 6 7 6 7 6 6 6 6 6 6 5 6 5 5 5 5 5 5 5 6 5 4 4 4 4 4 4 4 4 4 4 4 4 4 4 4 4 4 5 4 4 5
464,SIPP_2^5,"26,94,0","180,173,0",1,1954.4295120000004,3453,15.27532,48.77379,9.89261,19.78522,8 8 8 8 8 8 8 8 8 8 -0.075 8 -0.032 8 -0.033 0 -0.117 0 -3.438 7 4 4 4 4 4 4 4 5 4 10 10 10 11 10 11 10 10 11 12 12 13 13 13 12 12 12 12 12 12 12 12 11 12 11 11 11 11 12 12 12 12 12 12 12 12 12 12 12 12 12 12 12 12 12 13 13 13 14 13 -0.087 12 12 9 9 9 9 9 9 10 9 7 10 10 10 10 10 10 10 10 10 9
464,SIPP_BigCS,"26,94,7","180,173,13",0,-1,24604,180.07369,0.0,0.0,0.0,
464,SIPP_Standard,"26,94,7","180,173,13",1,2024.161141,16666,47.54,51.05937,9.7462,1.2476,32 -6.251 65 49 84 21 48 71 28 52 64 48 71 28 48 95 25 80 -20.684 1 -18.226 21 28 28 28 28 28
465,SIPP_2^2,"92,187,0","136,27,0",0,-1,0,0.0,0.0,0.0,0.0,
465,SIPP_2^3,"92,187,0","136,27,0",0,-1,0,0.0,0.0,0.0,0.0,
465,SIPP_2^4,"92,187,0","136,27,0",0,-1,0,0.0,0.0,0.0,0.0,
465,SIPP_2^5,"92,187,0","136,27,0",0,-1,0,0.0,0.0,0.0,0.0,
465,SIPP_BigCS,"92,187,0","136,27,0",0,-1,0,0.0,0.0,0.0,0.0,
465,SIPP_Standard,"92,187,9","136,27,1",0,-1,0,4e-05,0.0,0.0,0.0,
466,SIPP_2^2,"198,31,0","125,187,0",1,2841.0570460000004,28927,10.25706,395.9798,91.10619,182.21237,3 3 0 -18.883 2 -3.637 2 2 2 2 2 2 2 2 2 2 2 2 1 2 2 2 1 1 2 2 1 2 -0.458 2 -1.137 2 2 2 2 2 2 2 2 2 2 2 2 2 2 2 2 3 3 3 3 3 3 2 2 2 2 2 3 2 3 -82.903 2 -30.049 2 -0.012 1 -9.925 2 -0.012 2 -0.014 2 -0.011 2 2 2 2 2 2 2 2 2 2 2 2 2 2 2 2 2 2 2 2 2 2 2 1 1 2 -4.211 2 3 3 2 2 3 3 2 2 2 2 3 2 3 3 3 3 3 3 3 3 3 3 3 3 2 3 3 3 3 3 3 3 3 3 3 3 3 3 3 3 3 3 3 3 3 2 2 2 3 3 2 2 2 2 3 2 2 3 3 2 3 3 3 3 3 3 3 3 3 3 3 -0.325 3 -1.142 3 -1.255 2 3 3 2 2 2 2 2 2 2 1 1 1 1 2 2 2 3 2 3 3 3 3 3 3 3 3 3 2 2 2 2 2 2 2 2 2 2 2 2 2 2 2 2 2 2 3 2 3 3 3 3 2 2 2 2 2 2 2 2 3 -84.277 2 2 2 -1.857 2 -5.225 2 -0.178 2 -0.288 2 -1.169 2 -0.106 2 -0.013 2 2 2 2 3 3 2 2 2 2 -2.928 2 -0.014 2 -0.011 2 2 1 1 1 2 2 2 2 -1.015 2 2 3 2 3
466,SIPP_2^3,"198,31,0","125,187,0",1,2195.325288999996,5672,3.50997,159.25973,31.41593,62.83186,6 6 6 6 5 3 3 4 4 4 4 4 3 3 3 4 4 3 4 4 4 -21.710 4 -1.137 4 -1.137 4 -4.634 3 4 4 4 4 4 4 4 4 4 4 4 4 4 5 5 5 5 5 5 6 5 -126.268 4 -30.049 4 -10.025 4 4 4 4 4 4 4 4 4 4 4 4 4 4 4 4 4 4 3 4 4 4 4 4 4 3 3 3 5 5 5 5 5 5 5 5 5 5 5 5 5 5 5 5 5 5 5 5 4 5 5 5 5 5 5 4 4 5 4 5 5 5 5 5 5 5 5 5 5 5 4 5 5 5 4 5 5 5 5 5 5 4 4 5 5 5 5 5 5 5 5 5 5 5 4 5 4 5 4 4 4 5 5 5 5 5 5 5 6 6 6 5 4 4 4 4
466,SIPP_2^4,"198,31,0","125,187,0",1,2190.3562099999995,5981,9.54791,99.88684,20.03262,40.06524,12 12 12 12 10 7 7 7 8 8 7 7 8 8 8 8 8 8 -25.896 4 -6.093 7 8 8 8 8 8 8 8 8 8 8 8 8 8 10 10 11 10 10 10 10 -129.509 8 -30.049 8 -10.025 8 8 8 8 7 8 8 8 8 8 8 8 8 8 8 8 8 8 8 8 8 8 8 8 7 6 6 10 10 10 10 10 10 10 9 10 9 10 10 10 10 10 10 10 10 10 10 10 10 10 10 10 9 9 9 10 10 10 10 10 9 10 10 10 10 10 10 9 9 9 10 10 10 10 10 10 9 9 10 9 9 9 9 11 -0.787 11 10 10 10 10 10 10 -2.136 12 -0.084 12 12 12 -1.795 10 10 8 7
466,SIPP_2^5,"198,31,0","125,187,0",1,2189.6183069999997,6076,24.19122,80.05605,15.75429,31.50858,24 24 24 24 20 15 15 15 15 15 16 16 -28.449 8 -1.137 16 -6.093 14 16 16 16 16 16 16 16 16 16 16 16 16 16 20 20 20 20 21 20 -129.956 16 -30.049 16 -10.025 16 16 16 16 16 16 16 16 16 16 16 16 16 16 16 16 16 16 16 16 16 15 15 12 12 20 20 20 20 20 20 20 20 20 20 20 19 20 19 20 20 20 20 20 20 20 20 19 19 20 20 20 20 20 20 19 20 20 20 19 18 19 19 18 18 18 18 18 18 18 19 21 21 21 22 -5.176 24 -0.084 24 24 24 -1.795 20 20 15
466,SIPP_BigCS,"198,31,5","125,187,14",0,-1,33242,180.04608,0.0,0.0,0.0,
466,SIPP_Standard,"198,31,5","125,187,14",1,2206.5027039999995,14000,29.17149,67.75001,12.6592,1.9145,7 83 12 79 -131.516 104 39 -11.460 0 -10.112 8 40 102 -8.913 104 31 31 31 31 31 51 62 62 62 78 -2.103 67 -26.400 55 83
467,SIPP_2^2,"239,26,0","70,64,0",0,-1,0,0.0,0.0,0.0,0.0,
467,SIPP_2^3,"239,26,0","70,64,0",0,-1,0,0.0,0.0,0.0,0.0,
467,SIPP_2^4,"239,26,0","70,64,0",0,-1,0,0.0,0.0,0.0,0.0,
467,SIPP_2^5,"239,26,0","70,64,0",0,-1,0,0.0,0.0,0.0,0.0,
467,SIPP_BigCS,"239,26,0","70,64,0",0,-1,0,0.0,0.0,0.0,0.0,
467,SIPP_Standard,"239,26,6","70,64,5",0,-1,0,3e-05,0.0,0.0,0.0,
468,SIPP_2^2,"70,58,0","232,113,0",1,2386.983556,13495,4.69051,466.69048,103.67256,207.34512,1 1 1 1 1 2 2 2 2 1 1 1 1 2 2 1 1 1 1 1 1 2 1 2 2 1 2 2 2 1 2 1 2 1 1 1 2 1 1 2 1 2 1 1 1 1 1 1 1 1 1 2 1 2 2 2 2 2 2 2 2 2 1 1 1 1 1 1 1 1 2 1 1 1 1 2 1 -51.169 0 1 -3.394 1 -5.553 1 -0.151 1 -0.060 1 1 1 1 1 1 1 1 1 2 1 2 1 2 1 2 1 2 1 1 2 2 1 1 2 2 1 1 2 2 2 1 1 1 1 1 1 1 1 1 1 2 2 1 1 1 2 2 1 2 2 2 1 1 1 1 1 1 1 1 1 1 1 1 1 1 1 1 1 2 2 2 2 1 2 1 1 1 1 1 1 -46.729 1 -4.686 1 -33.632 2 1 -11.608 1 1 1 1 1 1 1 1 1 1 1 1 1 0 0 1 1 1 1 1 1 1 1 1 1 1 1 1 1 1 1 1 1 1 1 1 1 1 1 2 1 1 1 1 1 1 2 2 1 1 1 1 1 1 2 1
468,SIPP_2^3,"70,58,0","232,113,0",1,1856.1017519999994,3706,2.35526,130.84082,25.91814,51.83628,2 2 3 3 3 3 3 3 3 3 3 3 3 3 3 3 3 3 3 3 3 3 3 3 3 3 3 3 3 3 3 3 3 3 3 3 3 3 2 2 3 2 2 3 2 2 2 2 3 2 2 2 2 2 2 2 3 2 2 2 2 2 2 2 2 2 2 2 2 2 2 2 2 2 3 2 2 2 2 2 3 2 2 2 3 3 2 2 3 3 3 2 2 2 2 3 3 2 3 3 2 2 2 3 2 2 2 2 2 2 2 2 2 2 2 2 2 2 2 2 2 2 2 2 2 2 2 2 2 2 1 2 2 2 2 2 2 2 2 2 2 2 2 2 2 2 2 2 2 3 2 2 2 2 3 2 3 2 2 2 2 3
468,SIPP_2^4,"70,58,0","232,113,0",1,1780.0126400000004,2254,3.58026,45.03054,8.96113,17.92226,4 4 4 4 4 4 4 4 4 4 4 5 5 5 5 4 5 5 5 5 5 5 5 5 5 5 5 5 5 5 5 5 4 6 6 7 6 6 6 5 5 6 5 5 5 6 5 6 5 5 5 5 5 5 5 5 6 6 5 5 5 5 5 5 4 4 4 4 4 4 4 4 4 4 4 4 4 4 4 4 4 4 4 4 4 4 4 4 4 4 4 4 3 4 4 4 4 4 4 4 4 4 4 4 4 4 4 4 4 4 4 5 5 5 4 4 5
468,SIPP_2^5,"70,58,0","232,113,0",1,1764.7844710000006,1868,7.37212,26.26888,5.24202,10.48404,8 8 9 10 10 9 10 9 9 10 10 10 9 9 9 9 9 10 10 9 10 9 12 13 12 12 12 11 11 11 11 10 10 10 10 10 10 10 11 10 10 10 10 10 10 10 9 8 7 8 8 8 8 8 8 8 8 8 8 8 8 8 8 8 8 8 8 8 8 8 8 8 8 8 8 8 8 8 8 8 8 8 8 8 8 8 8 9 9 9 8 8 8 9
468,SIPP_BigCS,"70,58,7","232,113,5",1,1766.0,12088,82.65047,33.06952,5.4557,1.0631,5 5 5 5 85 207 207 207 207 207 207 207 207 207 207 207 207 207 207 207 207 207 367 77 200 352 124 207 207 207 207 207 207 207 207 207 207 207 207 207 207 207 207 207 207 207 343 361 5 5 5 5 5 5 5 5 1 5 5 5 5 5 5 5 5 5 5 5 5 5 5 5 5 5 5 5 85 311
468,SIPP_Standard,"70,58,7","232,113,5",1,1822.3126949999998,8845,20.03179,44.19011,8.4659,0.8709,21 28 28 28 48 71 -4.313 48 71 48 95 1 17 95 17 95 1 5 89 1 17 95 21
469,SIPP_2^2,"159,142,0","12,232,0",1,2496.555956,20282,7.01914,254.55844,56.54867,113.09734,2 2 2 2 2 2 2 2 2 2 2 2 2 2 2 2 2 2 2 2 2 2 2 2 2 2 2 3 3 3 3 3 3 3 3 3 3 3 3 3 3 3 2 2 3 3 2 2 3 3 3 3 3 3 2 3 3 3 3 3 2 3 3 3 3 3 3 3 3 3 2 3 3 3 3 3 3 3 3 3 3 3 3 3 3 3 3 3 3 3 3 3 3 3 3 3 3 3 3 3 3 3 3 3 3 3 3 3 3 3 3 3 3 3 3 2 2 2 3 3 3 2 3 3 2 3 3 3 3 3 3 3 3 -7.614 2 2 -95.954 2 -1.597 3 -12.370 3 -1.033 3 -1.137 3 -1.137 3 -1.137 3 -1.137 3 -1.137 3 -1.138 2 3 3 3 3 3 3 3 -1.167 3 3 3 3 3 3 3 3 3 3 3 3 3 3 3 3 3 3 3 3 3 3 3 3 3 3 3 3 2 2 2 2 3 2 2 2 2 2 2 2 3 3 2 2 2 2 2 2 2 2 2 3 2 3 2 2 3 3 2 2 2 2 2 3 2 2 2 2 2 2 2 2 2 3 3 2 2 2 2 2 2 2 2 2 2
469,SIPP_2^3,"159,142,0","12,232,0",1,1977.347216,7398,4.76412,153.45175,30.63053,61.26106,5 5 5 5 5 5 5 5 5 5 6 5 5 -14.556 2 4 -2.342 4 4 5 -2.196 5 5 5 5 5 5 5 5 5 5 5 5 5 5 5 5 5 5 5 5 5 5 5 5 5 5 5 5 5 6 5 5 5 4 4 4 5 4 4 4 4 5 4 4 4 5 5 5 5 5 5 5 5 5 5 5 5 5 4 5 6 6 6 6 6 6 6 6 6 6 6 6 5 5 6 5 5 5 6 5 6 6 5 6 5 6 6 6 6 6 6 6 6 6 6 6 6 6 6 6 6 5 6 6 6 6 6 6 6 6 6 6 5 6 5 5 6 5 5 5 5 -1.793 6 -3.373 6 6 6 6 6 7 6 6 6 6 6 6 6 6 6 6 6 6 6 6 6 6 6
469,SIPP_2^4,"159,142,0","12,232,0",1,1925.515606,6523,11.06366,57.62226,11.45922,22.91845,8 8 8 8 8 8 8 9 8 8 9 10 11 10 10 10 10 11 11 11 10 10 10 10 10 10 10 10 10 10 10 10 10 10 11 11 10 10 10 11 11 11 10 10 10 10 9 9 9 9 9 9 9 9 10 9 9 9 10 10 10 10 10 10 12 11 12 12 12 12 11 12 12 12 12 12 11 11 12 12 12 12 12 12 12 12 12 12 12 12 12 12 12 12 12 12 12 12 12 12 12 12 12 12 13 13 12 12 12 12 12 12 13 12 12 -2.037 12 11 11 11 11 11 11 11 11 11 11 11 11
469,SIPP_2^5,"159,142,0","12,232,0",1,1916.4687850000014,6507,27.12104,29.73517,5.93472,11.86944,16 16 17 16 16 16 16 16 16 18 20 20 20 20 20 20 20 20 20 20 21 20 21 21 21 21 21 20 20 20 21 20 21 21 20 20 19 19 19 18 18 18 18 19 19 19 18 20 23 23 23 23 23 23 24 23 23 23 23 23 23 23 23 23 23 23 23 23 23 24 24 24 25 25 25 25 26 26 25
469,SIPP_BigCS,"159,142,4","12,232,7",0,-1,27084,180.10609,0.0,0.0,0.0,
469,SIPP_Standard,"159,142,4","12,232,7",1,1946.532481,33743,73.01555,46.73981,8.5073,1.1161,0 24 59 59 67 31 31 31 51 62 62 70 -5.532 47 7 91 3 3 3 19 101 91 15 86
470,SIPP_2^2,"65,107,0","244,95,0",1,2010.0,5250,2.06002,183.84776,40.8407,81.68141,1 1 1 1 1 1 1 1 1 1 1 1 1 1 1 1 1 1 1 1 0 1 1 1 1 1 1 1 1 1 1 1 1 1 1 1 1 1 1 1 1 1 1 1 1 1 1 1 1 1 1 1 1 1 1 1 1 1 1 1 1 1 1 1 1 1 1 1 1 1 2 2 2 1 1 1 1 1 1 1 1 2 2 1 1 1 1 1 1 1 1 1 1 1 1 1 1 1 1 1 1 1 1 1 1 1 1 1 1 1 1 1 1 1 1 1 1 1 1 1 1 1 1 1 1 1 1 1 1 1 1 1 1 1 0 0 1 1 1 0 1 1 1 1 1 1 1 1 1 1 1 1 1 1 1 1 1 1 1 1 1 0 1 1 0 0 1 0 0 1 1 1 1 1 1 1 0 1 1 0 0 0 0 1 1 1 1 1 1 1 1 0 1 1 0 1 1 1 1 0 1
470,SIPP_2^3,"65,107,0","244,95,0",1,1872.8427199999992,3511,2.4406,91.47632,18.06416,36.12832,2 2 2 2 2 2 2 2 2 2 2 2 2 2 2 2 2 2 2 2 2 2 2 2 2 1 2 2 2 2 2 2 2 2 2 2 2 2 2 2 2 2 2 2 2 2 2 2 2 2 2 2 2 2 2 2 2 2 2 2 2 2 2 2 2 3 3 2 3 2 2 2 2 2 2 2 2 2 2 2 2 2 2 2 2 2 2 2 2 2 2 2 2 2 2 2 2 2 2 2 2 2 2 2 2 2 2 2 3 2 2 2 2 2 2 2 2 2 2 2 2 2 2 2 2 2 2 2 2 2 2 2 2 2 2 2 2 2 1 2 2 2 2 2 2 2 2 2 2 2 2 2 2 2 2 1 2 1 1 2 1 1 2 1 2 2 2 2 1 1 2 2 1 1 1 1 1 2 1
470,SIPP_2^4,"65,107,0","244,95,0",1,1842.5579679999998,2885,5.04285,38.30173,7.63617,15.27234,4 4 4 4 4 4 4 4 4 4 4 4 4 4 4 4 4 4 4 4 4 4 4 4 3 4 4 4 4 4 4 4 4 4 4 4 4 4 4 4 4 4 4 4 4 4 4 4 4 4 4 4 4 4 4 4 4 4 4 4 4 4 4 4 4 4 4 4 4 4 4 4 4 5 4 4 5 4 4 4 4 4 4 4 4 4 4 4 4 4 4 4 4 4 4 4 4 4 4 5 5 4 4 4 4 4 4 4 4 4 4 4 4 4 4 4 4 4 4 4 4 4 4 4 4 4 4 4 4 4 4 4 3 4 4 4 4 3 3 4 4 4 4 4 4 4 4 4 4 4 3 3 3 3 3 3 3 2 3 2 3 2
470,SIPP_2^5,"65,107,0","244,95,0",1,1834.5749320000004,2769,12.7337,18.30685,3.65943,7.31885,8 8 8 8 8 8 8 8 8 8 8 8 8 8 8 8 8 8 8 8 8 8 8 8 7 8 8 8 8 8 8 8 8 8 8 8 8 8 8 8 8 8 8 8 8 8 8 8 8 8 9 9 8 8 8 8 8 8 8 8 8 8 8 8 8 8 8 8 8 8 8 8 8 8 8 8 8 8 8 8 9 9 8 8 8 8 8 8 8 8 8 8 8 8 8 8 8 8 8 8 8 8 8 8 8 8 8 8 8 8 8 8 8 8 8 8 7 8 8 8 8 8 8 8 8 8 8 8 8 8 8 8 8 8 8 8 8 8 8 7 7 7 6 6 5 6 5 6 6 5
470,SIPP_BigCS,"65,107,3","244,95,8",1,1836.0,19136,149.60465,22.59606,4.2254,0.4423,361 5 5 5 5 5 5 5 5 5 5 5 5 5 5 1 1 1 5 5 5 5 5 5 5 5 5 5 1 5 5 5 5 5 5 5 5 5 57 367 5 5 5 5 5 5 5 5 1 57 367 5 5 5 29 305 5 5 5 5 5 5 5 5 5 5 5 5 5 5 5 5 5 5 1 81 201 201 201 201 201 217
470,SIPP_Standard,"65,107,3","244,95,8",1,1868.0,10816,30.12654,38.39083,7.403,1.0393,1 1 5 105 36 1 1 1 1 1 1 1 1 1 1 1 5 89 17 111 53 65 41
471,SIPP_2^2,"7,120,0","111,238,0",1,2401.9626319999998,12882,4.3721,268.70058,59.69026,119.38052,2 2 2 2 2 2 2 2 2 2 3 2 -39.205 1 -30.637 1 1 -7.841 1 -6.706 1 1 -2.225 1 1 1 1 1 1 1 1 1 1 1 1 1 1 1 1 1 1 1 1 1 1 1 1 1 1 1 1 1 1 1 1 1 1 1 1 0 1 1 1 1 -27.761 1 -7.587 1 1 1 1 1 1 1 1 1 1 1 1 1 1 1 1 1 1 1 1 1 1 1 1 1 1 1 1 2 2 2 2 2 1 2 2 2 2 2 2 2 2 2 2 2 2 2 2 2 2 2 2 2 2 2 1 2 2 2 2 2 2 2 2 2 2 2 2 1 1 1 1 2 2 2 2 2 2 1 1 1 1 1 1 1 1 1 1 2 2 2 1 1 2 1 2 2 2 1 1 2 1 2 2 2 2 1 2 2 2 2 2 2 2 2 2 2 2 2 2 2 2 2 2 2 1 2 2 2 1 2 2 2 2 1 2 2 2 2 2 2 2 2 2 2 2 1 2 2 2 2 2 1 2 2 2 2 2 2 2 2 1 1 1 2 2 3 2
471,SIPP_2^3,"7,120,0","111,238,0",1,1950.9545679999992,4906,3.05075,162.83403,32.20133,64.40265,4 4 4 4 5 4 4 4 4 5 4 4 4 4 4 3 3 3 3 3 3 3 3 4 4 3 3 3 3 3 3 3 3 3 3 4 4 4 4 4 3 3 3 3 3 3 3 4 4 3 3 3 3 3 3 3 3 2 3 3 2 2 3 2 2 2 2 2 2 2 3 2 2 2 2 2 2 2 2 2 2 2 2 2 2 3 3 3 2 3 2 1 2 2 2 2 2 2 2 2 2 2 2 2 2 2 2 2 1 2 1 2 2 3 4 4 3 4 4 4 4 4 4 4 4 4 4 4 4 4 4 4 4 4 4 4 4 4 4 4 4 4 4 4 4 4 4 4 3 3 3 3 3 3 3 3 3 3 4 3 4 4 3 3 4 3 4 4 3
471,SIPP_2^4,"7,120,0","111,238,0",1,1891.727613,4265,6.9001,77.62684,15.4522,30.9044,8 8 8 8 8 8 8 8 8 9 9 8 8 6 7 6 6 7 7 7 7 7 7 6 6 6 7 7 6 6 6 6 6 6 6 6 6 6 6 6 6 -1.645 5 6 6 6 6 6 6 4 4 4 4 4 4 4 4 4 4 4 4 4 5 4 4 5 4 5 5 4 4 4 5 5 -17.403 3 4 4 4 4 4 4 4 4 4 4 4 4 4 4 4 4 4 3 5 6 8 8 8 8 8 8 8 8 8 8 8 8 8 7 8 7 8 8 8 8 8 8 8 8 7 7 7 7 7 7 7 7 7 7 7 7 8 7
471,SIPP_2^5,"7,120,0","111,238,0",1,1888.357805,4317,17.23424,57.51395,11.46628,22.93256,17 17 16 16 16 16 16 16 16 16 15 13 13 13 13 12 12 12 12 12 13 13 12 12 12 12 12 -0.410 13 15 9 12 12 12 12 12 12 12 8 8 9 8 8 8 9 8 8 9 9 9 8 8 9 8 8 8 8 -24.347 7 8 8 8 8 8 8 8 8 8 8 8 8 8 8 8 7 10 12 16 15 16 16 16 16 16 16 16 16 16 16 16 16 16 15 16 16 16 16 16 16 14 14 14 14 14 14 14 14 14 14 14 14 15
471,SIPP_BigCS,"7,120,2","111,238,4",0,-1,28358,180.05189,0.0,0.0,0.0,
471,SIPP_Standard,"7,120,2","111,238,4",1,1932.960198,17568,34.05442,50.47592,9.4379,1.2733,94 4 56 56 64 28 28 -15.960 28 36 1 1 21 32 89 1 25 88 0 0 8 44 8 52
472,SIPP_2^2,"205,7,0","242,179,0",0,-1,0,0.0,0.0,0.0,0.0,
472,SIPP_2^3,"205,7,0","242,179,0",0,-1,0,0.0,0.0,0.0,0.0,
472,SIPP_2^4,"205,7,0","242,179,0",0,-1,0,0.0,0.0,0.0,0.0,
472,SIPP_2^5,"205,7,0","242,179,0",0,-1,0,0.0,0.0,0.0,0.0,
472,SIPP_BigCS,"205,7,0","242,179,0",0,-1,0,0.0,0.0,0.0,0.0,
472,SIPP_Standard,"205,7,1","242,179,1",0,-1,0,2e-05,0.0,0.0,0.0,
473,SIPP_2^2,"97,185,0","40,20,0",0,-1,0,0.0,0.0,0.0,0.0,
473,SIPP_2^3,"97,185,0","40,20,0",0,-1,0,0.0,0.0,0.0,0.0,
473,SIPP_2^4,"97,185,0","40,20,0",0,-1,0,0.0,0.0,0.0,0.0,
473,SIPP_2^5,"97,185,0","40,20,0",0,-1,0,0.0,0.0,0.0,0.0,
473,SIPP_BigCS,"97,185,0","40,20,0",0,-1,0,0.0,0.0,0.0,0.0,
473,SIPP_Standard,"97,185,14","40,20,4",0,-1,0,2e-05,0.0,0.0,0.0,
474,SIPP_2^2,"39,238,0","180,125,0",1,2577.029362,15406,5.16508,551.54329,122.52211,245.04423,1 1 1 1 1 1 1 1 1 1 1 1 1 1 1 1 1 1 1 1 1 1 1 1 1 1 1 1 1 1 1 1 1 1 1 1 1 1 1 1 1 1 1 1 1 1 1 1 1 1 0 0 0 0 0 0 1 0 0 0 0 0 0 1 0 0 0 1 0 0 0 0 0 0 1 1 0 1 0 0 1 1 1 0 0 1 0 0 1 0 1 1 1 0 0 1 0 1 1 0 0 0 0 0 0 0 0 0 0 0 0 0 0 0 0 0 0 0 0 0 0 0 0 0 0 1 1 0 0 1 1 1 0 0 0 0 0 0 0 0 0 0 0 0 1 1 0 0 1 0 1 1 0 1 1 0 1 0 0 1 0 0 0 1 1 0 0 1 1 0 1 0 1 1 0 1 0 1 1 1 0 1 0 0 0 0 0 1 0 0 0 0 0 0 1 1 0 0 1 0 1 1 0 1 1 1 1 1 0 0 1 0 1 0 1 1 1 1 1 0 1 1 1 1 1 0 1 1 1 1 1 1 0 1 1 1 1 1 1 1 1 1 1 1 0 1 0 -16.963 1 -20.067 1 1 1 1 1 1
474,SIPP_2^3,"39,238,0","180,125,0",1,2021.0226539999999,6130,3.8103,180.50255,35.34292,70.68584,1 1 2 1 1 1 1 2 2 2 1 1 1 1 1 1 1 1 1 1 1 2 2 2 2 2 2 1 2 2 2 3 3 2 2 2 3 1 2 1 2 1 1 2 1 1 2 1 1 2 1 1 1 1 0 0 1 1 1 1 1 1 1 1 1 1 1 1 1 1 0 1 1 1 1 1 1 2 2 2 1 2 2 1 1 1 1 2 2 2 1 2 1 1 1 1 1 1 1 1 1 1 1 1 1 1 1 1 1 1 1 1 1 1 1 1 1 1 1 1 1 1 1 1 1 1 1 1 1 1 1 1 1 0 1 1 0 0 1 0 0 0 7 0 0 7 0 0 1 2 -1.956 2 2 2 2 2 2 2 2
474,SIPP_2^4,"39,238,0","180,125,0",1,1989.552802,6911,11.49913,68.79652,13.60754,27.21507,2 2 3 2 3 3 3 3 3 3 3 3 2 2 3 3 2 3 5 5 5 4 3 2 3 3 2 3 2 3 2 2 2 2 2 2 2 2 2 2 2 2 2 2 2 2 2 1 1 2 2 2 2 2 3 4 4 4 3 3 3 3 4 3 3 2 2 2 2 2 2 2 2 2 2 2 2 2 2 2 2 2 2 2 2 2 2 2 2 2 2 2 2 2 2 2 2 2 2 2 2 2 2 2 2 2 2 2 2 1 2 2 2 2 2 1 1 1 0 14 -3.348 12 12 -0.429 9
474,SIPP_2^5,"39,238,0","180,125,0",1,1989.552802,7258,30.62304,42.08538,8.47576,16.95152,5 5 6 5 6 6 6 5 6 5 6 5 10 10 10 7 6 5 5 5 4 4 4 4 4 4 4 4 4 4 4 4 4 4 4 4 4 3 3 4 4 5 7 6 6 6 6 6 6 5 5 4 4 4 4 4 4 4 4 4 4 -0.089 4 4 -0.714 5 4 4 4 4 4 4 4 4 4 4 4 4 4 4 4 4 4 4 4 4 4 4 4 4 4 4 3 3 3 1 0 30 22 -3.928 18
474,SIPP_BigCS,"39,238,6","180,125,8",0,-1,26255,180.21637,0.0,0.0,0.0,
474,SIPP_Standard,"39,238,6","180,125,8",1,2038.5548179999998,46687,117.25664,55.54708,10.2795,1.4321,65 53 65 53 105 32 65 29 29 49 60 84 5 57 57 65 29 29 29 49 100 98 -33.555 76 89
475,SIPP_2^2,"142,203,0","30,64,0",0,-1,0,0.0,0.0,0.0,0.0,
475,SIPP_2^3,"142,203,0","30,64,0",0,-1,0,0.0,0.0,0.0,0.0,
475,SIPP_2^4,"142,203,0","30,64,0",0,-1,0,0.0,0.0,0.0,0.0,
475,SIPP_2^5,"142,203,0","30,64,0",0,-1,0,0.0,0.0,0.0,0.0,
475,SIPP_BigCS,"142,203,0","30,64,0",0,-1,0,0.0,0.0,0.0,0.0,
475,SIPP_Standard,"142,203,12","30,64,1",0,-1,0,4e-05,0.0,0.0,0.0,
476,SIPP_2^2,"249,177,0","183,18,0",0,-1,0,0.0,0.0,0.0,0.0,
476,SIPP_2^3,"249,177,0","183,18,0",0,-1,0,0.0,0.0,0.0,0.0,
476,SIPP_2^4,"249,177,0","183,18,0",0,-1,0,0.0,0.0,0.0,0.0,
476,SIPP_2^5,"249,177,0","183,18,0",0,-1,0,0.0,0.0,0.0,0.0,
476,SIPP_BigCS,"249,177,0","183,18,0",0,-1,0,0.0,0.0,0.0,0.0,
476,SIPP_Standard,"249,177,13","183,18,0",0,-1,83444,180.00145,0.0,0.0,0.0,
477,SIPP_2^2,"67,77,0","227,67,0",0,-1,0,0.0,0.0,0.0,0.0,
477,SIPP_2^3,"67,77,0","227,67,0",0,-1,0,0.0,0.0,0.0,0.0,
477,SIPP_2^4,"67,77,0","227,67,0",0,-1,0,0.0,0.0,0.0,0.0,
477,SIPP_2^5,"67,77,0","227,67,0",0,-1,0,0.0,0.0,0.0,0.0,
477,SIPP_BigCS,"67,77,0","227,67,0",0,-1,0,0.0,0.0,0.0,0.0,
477,SIPP_Standard,"67,77,6","227,67,15",0,-1,0,5e-05,0.0,0.0,0.0,
478,SIPP_2^2,"90,221,0","230,108,0",0,-1,0,0.0,0.0,0.0,0.0,
478,SIPP_2^3,"90,221,0","230,108,0",0,-1,0,0.0,0.0,0.0,0.0,
478,SIPP_2^4,"90,221,0","230,108,0",0,-1,0,0.0,0.0,0.0,0.0,
478,SIPP_2^5,"90,221,0","230,108,0",0,-1,0,0.0,0.0,0.0,0.0,
478,SIPP_BigCS,"90,221,0","230,108,0",0,-1,0,0.0,0.0,0.0,0.0,
478,SIPP_Standard,"90,221,4","230,108,7",0,-1,82008,180.00086,0.0,0.0,0.0,
479,SIPP_2^2,"202,169,0","239,3,0",1,2387.5676460000004,14598,4.90122,219.2031,48.69469,97.38937,0 0 0 0 0 0 0 0 0 0 0 0 0 0 0 0 0 0 0 0 0 0 0 1 1 -38.683 1 0 -2.274 0 0 0 0 0 0 0 0 0 0 0 0 0 0 0 0 0 0 0 0 0 3 0 3 3 3 0 0 0 0 0 3 0 0 -91.423 0 -3.714 0 0 0 0 0 0 -15.442 0 -1.078 0 0 0 0 0 0 0 0 0 0 0 0 0 0 0 0 0 0 0 0 0 0 0 0 0 0 0 0 0 0 0 0 0 0 0 0 0 0 0 0 0 0 0 0 0 0 0 0 0 0 0 0 1 0 1 1 1 1 1 1 1 1 1 1 1 1 1 1 1 1 1 1 1 0 0 0 0 0 0 0 0 0 0 0 1 0 1 0 0 0 0 0 1 0 1 0 1 1 1 1 1 1 1 0 0 0 0 0 1 0 0 0 0 0 0 1 1 1 -2.000 1 1 -2.954 1 1 1 1 1 1 0 1 0 0 0 0 0 0 0 0 0 0 0 0 0 0 0 0 0 0 0 3 3 3 3 0 0 3
479,SIPP_2^3,"202,169,0","239,3,0",1,2018.8619859999978,7976,4.85624,75.4932,14.92257,29.84513,0 0 0 0 7 7 7 0 0 0 0 0 0 0 0 7 7 0 0 0 0 0 0 0 0 7 0 0 0 0 0 0 0 0 0 0 0 0 0 0 0 0 0 0 0 0 0 0 0 0 0 0 0 0 0 0 0 0 0 7 7 0 0 0 0 7 -60.750 0 0 0 0 0 0 0 0 0 0 0 0 0 0 0 0 0 0 0 0 0 0 0 0 0 0 0 0 0 0 0 0 0 0 0 0 0 0 0 0 0 0 0 0 0 0 0 0 0 0 0 1 0 0 0 0 0 0 0 1 1 1 1 1 1 1 1 1 1 1 1 1 1 1 1 0 0 0 0 0 0 0 0 1 1 1 1 1 1 1 1 1 1 1 1 1 1 1 2 2 2 2 2 2 2 2 2 2 2 1 2 1
479,SIPP_2^4,"202,169,0","239,3,0",1,1980.0188039999991,7309,11.64823,76.09834,14.88461,29.76922,0 0 0 0 0 0 0 0 0 0 0 0 0 0 0 0 0 0 0 0 15 15 0 0 15 15 15 0 15 0 0 0 0 0 0 0 0 0 0 0 0 0 0 0 0 0 0 1 1 1 0 0 1 0 2 1 1 2 1 0 -18.159 12 12 12 12 14 14 0 0 0 0 0 0 0 0 0 0 0 0 0 0 0 0 0 0 0 0 0 0 0 0 0 0 0 0 0 0 0 0 0 0 0 0 0 0 0 0 0 0 0 0 0 0 0 0 0 0 0 0 0 1 2 1 2 2 2 2 2 2 2 2 1 1 1 1 1 1 2 2 2 2 1 1 2 2 2 4 4 4 4 4 4 4 4 4 3 4 3
479,SIPP_2^5,"202,169,0","239,3,0",1,1974.8306769999997,7339,29.42561,69.3205,13.49654,26.99308,0 0 0 0 0 31 0 0 0 0 31 0 0 31 0 0 0 0 31 0 0 0 0 0 0 0 0 0 0 0 0 0 0 0 28 -0.109 2 -0.186 1 0 0 0 0 0 0 0 0 0 0 0 0 0 -3.570 2 1 2 3 2 -23.890 24 24 24 24 28 28 0 0 0 0 0 0 0 0 0 0 0 0 0 0 0 0 0 0 0 0 0 0 0 0 0 0 0 0 0 0 0 0 0 0 0 0 0 0 0 0 0 0 0 0 0 0 0 0 0 1 0 0 1 4 4 4 4 4 4 4 4 4 3 3 3 3 3 2 2 2 4 4 8 8 8 8 7 8 8 8 8 7
479,SIPP_BigCS,"202,169,12","239,3,9",0,-1,26390,180.17402,0.0,0.0,0.0,
479,SIPP_Standard,"202,169,12","239,3,9",1,1999.937875,41332,91.99117,46.84906,8.7322,1.064,46 2 2 6 66 54 106 37 -40.938 2 2 2 2 2 2 22 37 18 76 73 60 60 76 89 1
480,SIPP_2^2,"43,56,0","37,231,0",0,-1,0,0.0,0.0,0.0,0.0,
480,SIPP_2^3,"43,56,0","37,231,0",0,-1,0,0.0,0.0,0.0,0.0,
480,SIPP_2^4,"43,56,0","37,231,0",0,-1,0,0.0,0.0,0.0,0.0,
480,SIPP_2^5,"43,56,0","37,231,0",0,-1,0,0.0,0.0,0.0,0.0,
480,SIPP_BigCS,"43,56,0","37,231,0",0,-1,0,0.0,0.0,0.0,0.0,
480,SIPP_Standard,"43,56,11","37,231,9",0,-1,1,0.02078,0.0,0.0,0.0,
481,SIPP_2^2,"180,94,0","54,25,0",1,2605.831908,20932,7.00281,388.90873,86.3938,172.7876,1 1 1 1 1 1 1 2 1 1 1 1 0 0 0 0 0 1 0 0 0 0 0 0 0 0 0 0 0 0 0 0 0 0 0 1 1 1 -24.800 0 -1.639 0 -1.158 3 0 0 -4.203 0 3 0 0 0 0 0 0 0 0 0 0 0 0 0 0 0 0 0 3 0 0 0 3 3 0 0 3 3 3 3 3 3 3 0 3 3 0 0 0 0 0 3 3 0 -14.850 0 3 0 0 3 0 0 0 0 0 0 0 0 0 0 0 0 3 3 3 3 3 3 3 3 3 3 3 3 3 3 3 3 3 3 3 3 3 3 3 3 3 3 3 0 3 3 3 3 3 3 3 0 3 3 0 3 0 3 3 0 0 3 0 3 3 3 3 3 3 3 3 3 3 3 3 3 3 3 3 3 3 3 3 3 3 3 3 3 3 3 3 3 3 3 2 3 3 3 3 3 3 3 3 2 3 2 2 2 2 2 2 3 2 -21.554 3 3 3 3 3 3 3 3 3 3 3 3 3 3 2 -2.647 2 -4.239 2 -4.183 3 -4.183 3 -12.376 0 3 0 3 3 3 3 3 3 3 3 3 3 3 3 3 3 3 3 3 3 3 3 3 3 0 3 3 3 0
481,SIPP_2^3,"180,94,0","54,25,0",1,2068.831908,6402,4.22538,151.36173,29.84513,59.69026,2 2 2 2 2 3 3 2 3 3 3 4 3 4 4 4 4 5 5 5 5 6 6 6 6 6 5 6 6 6 6 6 6 6 6 7 6 6 6 6 6 7 7 7 7 7 7 7 7 7 7 6 7 6 6 6 6 6 6 6 6 6 6 6 6 6 6 6 7 7 7 7 7 7 7 7 6 7 6 6 6 6 6 6 7 7 7 7 7 7 7 7 7 7 7 7 7 7 7 7 7 7 7 7 7 7 7 7 7 7 7 7 7 7 7 7 7 7 7 6 6 6 7 0 0 0 0 7 7 0 7 7 7 6 6 7 7 7 7 7 6 7 7 7 6 6 6 7 7 7 7 7 7 6 7 6 -70.066 6 -3.226 6 -1.639 6 -4.256 7 -0.995 0 0
481,SIPP_2^4,"180,94,0","54,25,0",1,1882.8896319999976,1689,2.6041,68.91134,13.71148,27.42295,4 5 4 5 4 4 6 6 6 7 8 8 9 9 10 10 11 11 12 12 12 13 12 12 12 12 12 13 13 13 13 13 13 13 13 13 13 13 13 13 13 13 13 13 13 13 14 14 14 14 13 14 14 14 13 14 12 13 13 13 12 13 13 13 14 13 14 14 14 14 14 14 14 14 14 14 14 14 14 14 14 14 14 14 14 13 14 14 14 14 14 13 14 14 14 14 14 14 14 14 14 14 13 13 14 14 14 14 14 14 14 14 13 14
481,SIPP_2^5,"180,94,0","54,25,0",1,1874.0398469999977,1442,5.46146,39.63277,7.89612,15.79225,9 8 8 9 12 12 12 15 17 18 20 20 23 23 -3.748 24 24 24 25 24 25 26 26 26 26 26 26 26 26 26 26 26 27 26 26 27 27 27 27 26 27 27 25 25 25 28 28 28 28 28 28 28 28 28 28 28 28 28 27 27 27 28 28 28 28 28 28 28 28 27 28 28 28 28 28 28 28 28 27 28 28 27 28 28 28 28 28 28 28 27 28
481,SIPP_BigCS,"180,94,15","54,25,13",1,1868.449895,6512,33.12123,43.16636,7.8917,1.1624,45 100 100 144 206 326 307 7 7 7 87 205 205 205 205 205 205 205 205 205 -1.450 205 205 205 205 205 205 221 178 253 162 63 102 102 102 102 102 102 102 102 102 102 102 102 102 102 102 102 102 102 102 102 102 102 102 126 205 205 221 126 253 102 102 102 102 102 102 126
481,SIPP_Standard,"180,94,15","54,25,13",1,1908.0,821,1.61474,46.84801,8.7319,1.0106,17 87 24 91 23 38 23 50 69 50 69 30 50 61 61 69 30 30 30 30 30 50 77
482,SIPP_2^2,"231,159,0","49,127,0",1,2417.079232,16543,5.6474,247.48737,54.97787,109.95574,-0.005 0 0 3 3 3 3 3 3 3 3 3 3 3 3 3 3 3 3 3 3 3 3 3 3 3 3 3 3 3 3 3 3 3 3 3 3 3 3 3 3 3 3 3 3 3 3 3 3 3 3 3 3 3 3 3 3 3 3 3 3 3 3 3 3 3 3 3 3 3 3 3 3 3 3 3 3 0 3 3 3 3 3 3 3 3 3 3 0 3 3 0 3 3 3 3 0 3 3 3 3 3 -60.607 3 3 -4.192 3 -0.909 3 -0.918 3 3 3 3 3 3 3 0 3 3 3 3 3 3 3 3 3 3 3 3 3 0 3 3 3 3 3 3 3 3 3 3 3 3 3 3 3 3 3 3 3 3 3 3 3 3 3 0 3 0 3 3 3 3 0 3 0 0 3 3 3 3 -0.863 0 -28.509 0 -30.226 0 0 -20.777 0 -10.025 0 -0.012 0 -0.012 1 -0.012 0 -0.012 0 0 0 0 0 0 0 3 0 3 0 0 0 0 0 0 0 0 3 3 3 3 3 3 3 3 3 3 2 3 3 3 3 3 3 3 3 3 2 3 3 3 3 3 3 3 2 2 2 3
482,SIPP_2^3,"231,159,0","49,127,0",1,2028.248708999998,8407,5.43517,163.75435,32.20133,64.40265,-0.005 6 -0.012 6 -0.014 6 -0.011 6 -0.053 6 -0.310 6 7 7 7 -0.301 6 -0.436 6 6 6 6 6 6 6 6 6 6 6 6 6 6 6 6 6 6 6 6 6 6 6 6 6 6 6 6 6 6 6 6 6 6 6 6 6 6 6 7 6 6 6 6 6 6 6 6 6 6 6 6 7 7 7 6 6 6 7 6 6 6 6 6 6 6 6 6 6 6 7 6 6 6 6 6 6 6 6 6 7 7 6 6 6 6 6 7 7 7 7 7 7 7 7 7 7 7 7 6 7 6 7 7 7 6 6 5 6 6 6 6 6 6 5 6 6 5 5 6 6 6 7 6 6 7 6 6 7 6 6 7 6 7 7 6 6 6 6 6 7 7 7 7 7 7 7 7 6 6 6 6 6 6 6 6 6 6 6 6 6 6 5 5 6 6 6 5 5 6 6 5
482,SIPP_2^4,"231,159,0","49,127,0",1,1958.901427,6357,10.88432,31.9825,6.34917,12.69834,-0.005 12 -0.012 12 -0.014 12 -0.011 12 -0.053 12 -0.310 12 -1.078 12 -2.366 12 12 12 12 12 12 12 12 12 12 12 12 12 12 12 12 12 12 12 12 12 12 12 12 12 12 12 12 12 12 12 12 12 12 12 12 12 12 12 12 12 12 12 12 12 13 13 13 13 12 12 13 13 13 13 13 13 13 13 13 13 13 13 13 13 13 13 13 13 13 12 13 13 13 13 13 12 12 12 12 12 12 12 12 12 12 12 12 12 12 12 12 12 12 12 12 12 13 13 12 12 12 12 12 12 12 12 12 12 12 12 13 13 13 13 13 13 12 12 12 12 12 12 12 12 12 12 11 11 11 11 11 -26.023 12 -8.099 14
482,SIPP_2^5,"231,159,0","49,127,0",1,1957.839611,6952,30.31776,32.06524,6.26564,12.53129,23 24 24 24 24 24 24 24 24 24 24 24 24 24 24 24 24 24 24 24 24 24 24 24 24 24 24 24 24 24 24 24 24 24 24 24 24 24 24 24 24 24 25 25 24 25 25 24 24 25 26 26 25 25 25 25 25 25 25 25 26 25 25 25 25 25 25 25 25 25 25 25 25 25 25 24 24 24 24 24 24 24 24 24 25 24 25 25 25 25 25 24 24 24 24 24 24 24 24 24 24 22 21 20 20 -52.827 27
482,SIPP_BigCS,"231,159,12","49,127,8",0,-1,24486,180.11342,0.0,0.0,0.0,
482,SIPP_Standard,"231,159,12","49,127,8",1,1958.684713,27585,69.93377,53.05159,9.8322,1.2631,-3.758 3 3 19 93 3 3 3 19 61 61 93 23 38 23 38 3 19 93 19 61 101 -14.247 91 -13.680 11
483,SIPP_2^2,"108,210,0","250,113,0",1,2470.0,21523,7.02157,473.76154,105.24335,210.48671,1 1 1 1 1 1 1 1 1 0 1 1 1 1 1 0 1 1 1 0 1 0 0 0 0 0 0 0 0 0 0 0 0 0 0 0 0 0 0 0 0 0 0 1 0 0 1 1 0 0 1 1 0 1 1 1 0 1 1 1 0 1 1 1 1 1 1 1 1 1 1 1 1 1 1 1 0 0 1 1 1 1 1 1 0 0 1 0 1 0 1 1 1 0 1 1 0 0 0 1 0 1 1 0 1 0 0 1 1 1 0 1 1 1 1 1 0 1 1 0 1 0 0 0 1 1 0 0 0 1 0 0 1 1 0 0 0 0 0 0 0 0 1 1 1 0 1 1 1 0 0 0 0 0 0 0 0 0 0 0 0 0 0 0 0 0 0 0 0 0 0 0 1 1 0 1 1 1 0 0 1 0 0 0 0 0 0 1 1 0 1 0 0 1 1 1 1 1 1 1 1 1 1 1 1 1 1 1 1 1 1 1 1 1 1 1 1 1 1 1 1 1 1 1 1 1 1 1 1 1 1 1 1 1 1 1 1 1 1 1 1 1 2 2 2 1 2
483,SIPP_2^3,"108,210,0","250,113,0",1,1948.6501039999998,5086,3.13131,71.43448,14.13717,28.27434,1 2 2 1 1 2 2 2 2 2 2 2 1 1 1 2 1 1 0 0 1 1 1 1 1 1 1 1 1 0 0 0 0 0 0 0 0 1 1 1 1 1 1 1 1 1 1 1 1 1 1 1 1 1 1 1 1 1 1 1 1 1 1 1 1 1 1 1 1 1 1 1 1 1 1 1 1 1 1 1 1 1 1 1 1 1 1 1 1 0 0 0 0 0 0 1 1 1 1 1 1 2 1 1 1 1 1 1 1 1 1 1 2 2 2 2 2 2 2 2 2 2 2 2 2 2 2 2 2 2 2 2 2 2 2 2 2 2 2 2 2 2 2 2 2 2 2 2 2 2 2 2 2 3 3 3 2 3
483,SIPP_2^4,"108,210,0","250,113,0",1,1910.7260320000005,4799,7.71628,54.20967,10.81572,21.63144,4 4 3 3 3 3 3 3 4 4 2 2 1 1 2 2 2 2 2 2 2 0 0 0 0 1 0 0 0 2 2 2 2 2 2 2 2 2 2 2 2 2 2 2 2 2 2 2 2 2 2 2 2 2 2 2 2 2 2 2 2 2 2 2 2 2 2 2 2 2 2 2 2 2 2 2 2 2 1 2 1 1 1 2 2 2 2 2 2 2 2 2 2 2 1 2 2 4 4 4 4 4 4 4 4 4 4 4 4 4 4 4 4 4 4 4 4 4 4 4 4 4 4 4 4 4 4 4 4 4 5 4 5 4 4 4 5 4 5
483,SIPP_2^5,"108,210,0","250,113,0",1,1897.8132480000013,4799,19.07271,39.66391,7.92415,15.8483,7 7 7 6 7 6 4 4 4 3 4 4 4 4 4 1 0 0 0 1 0 0 4 4 4 4 4 4 4 4 4 4 4 4 4 4 4 4 4 4 4 4 4 4 4 4 4 4 4 4 4 4 4 4 4 4 4 4 5 5 5 4 4 4 4 4 4 4 4 4 5 7 8 8 8 7 8 8 8 8 8 9 9 9 9 10 9 8 8 8 7 7 7 6 7 6 4 4 2 1 2 2 1
483,SIPP_BigCS,"108,210,7","250,113,0",0,-1,30838,180.0702,0.0,0.0,0.0,
483,SIPP_Standard,"108,210,7","250,113,0",1,1955.0,23910,50.81807,40.00887,7.6562,0.7626,1 9 49 68 37 18 68 29 49 76 73 68 29 49 68 29 29 45 1 1 1 1 17 95
484,SIPP_2^2,"158,139,0","8,31,0",0,-1,0,0.0,0.0,0.0,0.0,
484,SIPP_2^3,"158,139,0","8,31,0",0,-1,0,0.0,0.0,0.0,0.0,
484,SIPP_2^4,"158,139,0","8,31,0",0,-1,0,0.0,0.0,0.0,0.0,
484,SIPP_2^5,"158,139,0","8,31,0",0,-1,0,0.0,0.0,0.0,0.0,
484,SIPP_BigCS,"158,139,0","8,31,0",0,-1,0,0.0,0.0,0.0,0.0,
484,SIPP_Standard,"158,139,13","8,31,12",0,-1,0,4e-05,0.0,0.0,0.0,
485,SIPP_2^2,"195,232,0","253,63,0",1,2598.978538,12379,3.96524,240.41631,53.40708,106.81415,1 1 1 1 1 1 -264.029 0 -4.006 3 -3.383 0 -2.094 0 -1.047 0 -0.410 0 -0.106 0 -0.013 0 0 0 -0.034 0 -0.375 0 -1.123 0 -14.632 0 -7.597 0 0 0 0 0 0 0 0 0 0 0 0 0 0 0 0 0 0 0 0 0 0 0 0 0 0 0 0 0 0 0 0 0 0 -7.856 0 -1.137 0 -1.137 0 1 0 1 1 1 1 1 1 1 1 1 1 0 0 0 1 1 1 1 1 0 1 1 1 1 1 1 1 1 1 0 1 0 0 0 0 0 0 0 0 0 0 0 0 0 1 0 0 0 0 0 0 0 0 0 0 0 0 0 0 0 0 0 0 0 0 0 0 0 0 1 0 1 0 0 1 1 1 1 1 1 1 1 0 0 1 0 0 1 1 1 1 1 1 1 1 0 0 0 0 0 0 0 0 0 0 0 0 0 0 0 0 0 0 0 0 0 0 0 0 0 0 0 0 0 0 0 0 0 0 0 0 0 0 1 0 1 1 0 0 1 0 0 0 0 0 0 0 0 0 0 0 0 0 0 0 0 0 0 0 0 0 0 0 0 0 0 0 1 1 0 1
485,SIPP_2^3,"195,232,0","253,63,0",1,1938.5281599999998,3941,2.29708,127.03116,25.13274,50.26548,1 1 1 0 0 1 0 0 0 0 1 0 0 0 0 0 0 0 0 0 0 0 0 1 0 0 0 0 0 0 7 0 0 0 0 0 0 0 0 0 0 0 0 0 0 0 0 0 0 1 1 1 1 1 1 1 1 1 1 1 1 1 1 1 1 1 1 1 1 1 0 0 1 0 0 0 0 0 1 1 1 1 1 1 1 0 0 0 1 1 1 1 1 1 0 1 1 1 1 1 1 1 0 0 1 1 1 0 1 0 0 0 0 0 0 0 0 0 1 0 0 0 0 0 0 0 0 0 0 0 0 0 0 0 0 1 0 0 0 0 0 0 0 0 0 0 0 0 0 0 0 0 0 0 0 0 0 0 0 0 0 1 1 1 0 1 0 0 1
485,SIPP_2^4,"195,232,0","253,63,0",1,1883.926032,3285,5.05902,51.09475,10.17222,20.34444,0 0 0 0 0 0 0 0 0 0 0 0 0 0 1 0 1 1 1 1 0 0 0 0 0 0 0 0 0 0 0 0 0 0 0 0 0 0 0 0 0 0 0 0 2 2 2 2 2 2 2 2 2 2 2 2 2 2 1 1 1 1 1 1 1 2 1 2 2 2 2 1 1 1 1 2 2 2 2 1 2 2 2 2 2 2 2 2 2 0 1 0 0 0 0 1 0 1 1 0 0 0 0 0 0 0 0 0 0 0 0 0 0 0 0 0 0 0 0 0 0 0 0 0 0 0 0 0 0 0 0 0 0 0 0 0 0 1 1 1 0 0 1
485,SIPP_2^5,"195,232,0","253,63,0",1,1867.9371540000002,2991,11.92967,33.17588,6.61618,13.23235,1 1 1 0 1 0 0 0 0 0 1 0 0 0 0 0 0 0 0 0 0 0 0 0 0 0 0 0 0 0 0 0 0 0 0 0 0 0 1 4 4 4 4 4 4 3 3 3 3 4 3 3 3 3 4 4 3 3 3 4 4 4 4 4 4 4 4 4 4 4 4 1 1 0 1 1 1 1 0 0 0 0 0 0 0 0 0 0 0 0 0 0 0 0 0 0 0 0 0 0 0 0 0 0 0 0 0 0 0 0 0 0 1 0 1 0 1
485,SIPP_BigCS,"195,232,10","253,63,13",1,1869.0,23160,132.5799,25.36869,4.5707,0.4342,204 204 204 308 2 2 6 6 6 6 6 6 6 2 6 6 6 62 101 101 101 177 204 252 101 177 204 252 101 101 101 125 252 101 101 101 101 125 204 204 204 204 204 204 204 364 6 6 6 2 2 2 2 6 6 58
485,SIPP_Standard,"195,232,10","253,63,13",1,1915.0,11449,22.59523,46.09742,8.7407,1.1315,18 92 18 108 42 92 22 29 29 49 60 68 29 29 29 37 18 92 2 2 2 2 18
486,SIPP_2^2,"252,177,0","87,104,0",1,2506.837426,17328,5.6205,381.83766,84.823,169.646,0 0 0 0 0 0 0 0 0 0 0 0 0 0 0 0 0 0 0 3 3 3 0 0 0 0 3 0 3 3 3 0 3 3 3 3 0 3 3 3 3 3 3 3 3 3 3 3 3 3 3 3 3 3 3 3 0 3 3 3 3 3 3 3 3 3 3 3 3 3 0 0 0 0 0 0 0 3 3 3 3 3 3 3 3 3 0 0 0 3 3 0 0 3 3 3 3 3 3 3 3 0 0 3 3 0 3 3 0 0 3 3 3 3 3 3 0 3 0 0 3 3 3 3 0 3 3 3 3 3 3 3 3 3 3 0 3 3 3 3 3 3 0 3 3 0 -10.089 0 0 0 0 0 0 0 0 3 -21.351 2 -1.175 2 -1.369 2 -1.584 3 -1.535 3 -1.126 3 -0.592 3 -0.206 3 -0.049 3 3 3 3 -0.031 3 -0.033 3 -0.117 3 -0.395 3 -0.869 2 -1.059 3 3 3 3 3 3 -3.913 3 3 -1.346 3 3 3 3 3 3 3 3 3 3 3 3 3 3 3 3 3 3 3 3 3 0 0 0 0 0 0 0 0 0 3 3 3 3 3 3 3 3 3 3 0 0 0 3 3 0 3 3 0 3 3 3 0 3 3 3 3 0 3 3 0 3 3 3 3 0
486,SIPP_2^3,"252,177,0","87,104,0",1,1952.3759279999965,6903,4.26457,87.44294,17.27876,34.55752,7 6 6 7 7 6 7 7 7 6 7 6 6 6 6 6 6 6 6 6 6 6 6 6 6 6 6 6 6 6 6 6 6 6 6 6 6 6 6 6 6 6 6 6 6 6 6 6 6 6 6 6 6 6 6 6 6 6 6 6 6 6 6 6 6 6 6 6 6 6 6 6 6 6 6 6 6 6 6 7 6 6 7 7 6 7 6 7 7 6 6 6 6 6 6 6 7 7 6 7 7 7 7 6 7 7 7 7 7 7 7 7 7 7 7 7 7 7 7 7 7 7 7 7 7 7 7 7 7 7 7 7 7 7 7 7 7 7 7 7 7 7 7 7 7 7 7 7 7 7 7 7 7 7 7 7 7 6 6 6 6 6 6 6 7
486,SIPP_2^4,"252,177,0","87,104,0",1,1836.5812880000003,3022,5.15578,31.52327,6.28319,12.56637,13 13 13 14 13 13 13 13 13 13 13 13 13 13 13 13 13 13 13 13 13 13 13 13 13 13 13 13 14 14 14 13 14 14 13 14 14 13 13 13 13 13 13 13 13 13 13 13 13 13 13 13 13 13 13 13 13 12 12 12 12 12 12 12 12 12 12 12 12 12 12 12 12 12 12 12 12 12 12 13 13 13 13 13 13 13 12 12 12 13 13 13 13 13 13 13 12 13 12 13
486,SIPP_2^5,"252,177,0","87,104,0",1,1818.2448040000008,2049,8.71275,23.68137,4.72731,9.45462,27 27 26 26 27 26 26 26 27 26 26 26 27 27 26 26 26 27 26 26 26 27 26 26 26 26 26 26 26 26 26 26 26 26 26 26 26 26 26 26 26 26 26 26 26 25 25 25 25 24 25 25 25 24 24 25 25 25 25 25 25 25 25 25 24 25 24 24 25 25 24 25
486,SIPP_BigCS,"252,177,3","87,104,0",1,1812.0,7068,49.66025,30.29337,4.4818,0.4483,178 205 205 205 205 205 205 205 205 205 205 205 205 205 205 205 205 205 205 205 205 205 205 205 205 205 205 205 253 102 178 205 205 205 205 205 205 205 205 205 205 205 205 205 205 205 205 205 205 205 205 205 309 59 365 43 205 205 365 87 309
486,SIPP_Standard,"252,177,3","87,104,0",1,1843.0,10937,27.17473,44.16815,7.5869,0.825,61 69 50 61 61 61 61 61 69 50 61 93 23 50 93 23 38 23 50 93 3 19
487,SIPP_2^2,"50,206,0","77,55,0",0,-1,0,0.0,0.0,0.0,0.0,
487,SIPP_2^3,"50,206,0","77,55,0",0,-1,0,0.0,0.0,0.0,0.0,
487,SIPP_2^4,"50,206,0","77,55,0",0,-1,0,0.0,0.0,0.0,0.0,
487,SIPP_2^5,"50,206,0","77,55,0",0,-1,0,0.0,0.0,0.0,0.0,
487,SIPP_BigCS,"50,206,0","77,55,0",0,-1,0,0.0,0.0,0.0,0.0,
487,SIPP_Standard,"50,206,11","77,55,10",0,-1,0,2e-05,0.0,0.0,0.0,
488,SIPP_2^2,"19,28,0","209,38,0",0,-1,0,0.0,0.0,0.0,0.0,
488,SIPP_2^3,"19,28,0","209,38,0",0,-1,0,0.0,0.0,0.0,0.0,
488,SIPP_2^4,"19,28,0","209,38,0",0,-1,0,0.0,0.0,0.0,0.0,
488,SIPP_2^5,"19,28,0","209,38,0",0,-1,0,0.0,0.0,0.0,0.0,
488,SIPP_BigCS,"19,28,0","209,38,0",0,-1,0,0.0,0.0,0.0,0.0,
488,SIPP_Standard,"19,28,12","209,38,4",0,-1,0,3e-05,0.0,0.0,0.0,
489,SIPP_2^2,"39,230,0","127,87,0",1,2619.0226540000003,21824,7.31039,459.61941,102.10176,204.20352,1 1 1 1 1 1 1 1 1 1 1 1 1 1 1 1 1 1 1 1 1 1 1 1 2 2 1 1 2 1 -12.382 1 -6.470 1 0 0 0 1 1 1 1 1 1 1 1 1 1 1 1 1 1 1 1 1 1 1 0 1 1 0 0 1 0 1 0 0 0 1 0 0 0 0 0 0 0 0 1 0 0 0 0 1 1 0 0 0 0 1 1 0 1 1 1 1 1 1 1 1 0 1 0 0 0 0 0 0 0 0 0 0 0 0 1 0 0 0 0 1 0 0 0 0 1 0 0 0 0 0 0 0 1 1 0 0 0 0 0 0 0 0 0 0 1 1 1 1 0 1 1 0 1 1 1 0 1 0 1 0 0 0 1 0 0 0 0 1 0 0 0 0 1 1 0 1 0 -21.711 0 0 -5.812 0 0 0 0 0 0 0 0 0 0 0 0 0 0 0 0 0 0 0 0 0 0 0 0 0 0 0 0 0 0 0 0 0 0 0 0 0 0 0 0 0 0 0 0 0 0 0 0 0 0 1 0 0 1 0 0 0 3 0 3 3 0 0 3 3 0 -99.794 0 1 -2.853 1 0 1 0
489,SIPP_2^3,"39,230,0","127,87,0",1,2223.333178,13729,8.60551,179.30461,35.34292,70.68584,2 2 2 2 1 1 1 2 2 2 2 2 2 2 2 2 2 2 2 2 2 2 1 1 1 2 1 1 1 1 3 3 3 2 2 2 2 2 2 1 1 2 2 1 1 1 1 1 1 2 1 1 1 1 1 1 1 1 0 0 0 0 0 0 0 0 0 0 0 0 0 0 0 0 1 0 1 1 1 0 0 0 0 0 0 0 0 0 0 1 1 1 0 1 1 0 1 0 0 0 1 0 0 0 1 0 1 1 0 0 0 0 0 0 0 0 0 0 0 0 0 0 0 0 0 0 0 0 0 0 0 0 0 0 0 0 0 0 0 0 0 0 0 0 0 0 0 0 0 0 0 0 1 0 -83.259 0 -1.047 0 -0.410 0 -0.106 0 -0.013 0 0 0 -0.034 0 -0.375 0 1 0 -10.393 0 0 -43.436 2 -1.110 2 -1.243 2 -20.185 0 -0.012 0 -0.012 0 1 1 2 1 2 1 1 1 2 1 -2.166 1
489,SIPP_2^4,"39,230,0","127,87,0",1,1948.325359,4775,8.02642,71.01432,14.1652,28.33039,4 4 3 3 3 4 4 3 4 4 3 4 4 4 3 4 3 3 4 4 4 3 4 5 4 5 3 3 3 3 2 2 2 3 2 2 2 1 2 2 1 1 1 1 1 1 1 1 1 1 1 1 1 1 1 0 0 1 1 1 1 1 1 1 1 1 1 1 1 1 0 0 0 0 0 0 0 0 0 0 0 0 0 0 0 0 0 0 0 0 0 0 0 1 1 1 1 2 -5.380 1 -2.911 0 0 0 0 0 0 0 0 0 0 0 0 0 0 0 0 0 0 0 0 0 0 0 15 0 0 15
489,SIPP_2^5,"39,230,0","127,87,0",1,1937.753218,4839,20.09783,35.66954,7.09948,14.19897,7 7 7 7 7 7 7 7 7 8 8 8 8 9 10 7 5 6 5 5 4 4 4 3 3 2 2 2 1 1 1 1 1 1 1 1 1 1 1 1 1 1 1 1 2 1 1 1 2 1 -0.707 2 1 1 0 -0.367 1 4 4 4 4 4 -6.664 2 -3.688 0 0 31 31 0 0 0 0 0 0 0 0 0 0 0 0 31 0 0 0 0 31
489,SIPP_BigCS,"39,230,15","127,87,8",0,-1,28080,180.05342,0.0,0.0,0.0,
489,SIPP_Standard,"39,230,15","127,87,8",1,1957.269258,12838,28.50541,38.13063,6.114,0.864,57 57 89 21 32 57 73 60 60 60 60 60 60 60 92 2 2 2 22 -0.269 37 2 2 6
490,SIPP_2^2,"141,3,0","139,176,0",1,2625.913086,16651,5.47027,275.77164,61.26106,122.52211,3 3 3 0 3 3 0 -63.595 3 -0.370 3 -0.093 3 -0.020 3 3 3 -0.045 3 -0.375 3 3 3 3 3 3 3 3 2 3 3 3 3 -53.077 3 3 3 2 2 2 2 2 2 2 2 2 2 2 2 2 2 2 2 2 2 2 2 2 2 2 2 2 2 2 2 2 2 2 2 2 2 3 3 2 2 2 2 2 2 2 2 2 2 2 2 2 2 2 2 2 -18.693 2 -18.115 2 2 2 2 2 2 2 2 2 2 2 2 2 2 2 2 2 2 2 1 2 1 2 2 2 2 2 1 1 2 2 2 2 2 2 2 2 2 2 2 2 2 2 2 2 2 2 2 2 2 2 2 2 2 2 2 2 2 2 2 2 2 2 2 2 2 2 2 2 2 2 2 2 2 2 1 2 2 2 1 2 2 2 2 2 2 2 2 2 2 2 2 2 2 2 2 2 2 2 2 1 2 1 2 2 1 2 1 1 2 1 2 2 2 2 2 2 2 2 2 2 2 2 2 -1.531 2 2 2 2 2 2 2 2 2 2 2 2 2 2 1 1 2 1 2 2 1 1 1 1 1 1 0 0 0 0 0 1 0 1 1 1 1 1 0
490,SIPP_2^3,"141,3,0","139,176,0",1,2488.17446,20178,12.98259,172.09539,33.77212,67.54424,4 5 -68.624 4 4 4 5 5 5 5 5 5 5 5 5 5 5 5 5 5 4 5 5 5 5 6 6 5 5 5 6 5 -101.201 6 -3.942 6 -15.477 4 -1.047 4 -0.410 4 -0.106 4 -0.013 4 -4.617 4 -10.202 5 4 4 4 4 4 4 4 4 5 4 4 4 4 4 5 5 5 6 6 -9.846 5 5 4 4 4 4 4 4 4 4 3 3 3 3 3 3 4 4 4 4 4 4 4 3 3 4 4 4 4 4 4 4 4 4 3 3 4 4 3 3 3 3 3 4 4 4 4 4 4 4 4 4 4 4 4 4 4 4 4 4 3 4 4 4 4 4 4 4 4 4 4 4 4 3 4 4 4 4 4 4 4 4 4 4 4 4 4 4 4 4 4 4 4 4 4 4 4 4 4 4 4 4 4 4 4 4 3 3 3 3 3 3 3 3 3 4 4 4 4 4 4 4 4 4 3 4 3 3 3 3 -16.961 2 -0.151 0 -0.060 0 -0.420 0 1 1 0 0 0 1
490,SIPP_2^4,"141,3,0","139,176,0",1,2486.393004,22492,37.55847,140.50584,30.98031,61.96061,9 -70.405 8 8 10 10 10 10 10 10 10 10 10 10 10 9 9 10 10 10 10 11 11 10 11 10 -110.108 8 -17.324 12 -2.094 12 -1.047 8 -0.410 8 -0.106 8 -0.013 8 -4.617 8 -10.202 10 8 9 9 8 8 8 8 8 8 -1.795 8 -1.012 8 -1.142 8 -1.235 11 -2.515 8 12 12 -2.126 9 9 8 8 8 8 8 8 8 8 8 8 8 8 8 8 8 8 7 7 7 8 8 8 7 8 8 8 7 7 8 7 7 7 8 8 8 8 8 8 8 8 8 8 7 7 7 7 7 7 7 8 8 7 8 7 7 8 8 8 8 8 8 8 8 8 8 8 8 8 8 8 8 8 8 8 8 8 8 8 8 7 8 7 8 8 7 7 7 7 7 7 7 7 7 7 8 -74.723 0 -17.484 0 -3.681 4 2 2 0 0 1
490,SIPP_2^5,"141,3,0","139,176,0",1,2485.6551010000003,22892,94.66532,103.67687,20.74916,41.49832,18 -70.405 16 17 20 20 20 20 20 20 20 20 20 19 20 20 20 20 20 20 20 20 20 21 -114.036 24 -17.324 24 -2.094 24 -1.047 16 -0.410 16 -0.106 16 -0.013 16 -16.674 17 17 17 16 16 16 16 -3.935 16 -1.012 16 -1.142 16 -1.235 22 -2.515 16 24 24 -2.126 18 18 16 16 16 16 16 16 16 15 16 16 15 16 15 16 16 16 16 16 16 16 16 16 14 14 15 14 14 15 15 15 15 15 15 15 16 16 16 15 15 15 15 16 16 16 16 16 16 16 16 16 15 15 15 15 15 15 15 15 15 16 15 16 15 16 16 16 16 16 16 -106.270 8 -20.745 8 -0.420 0 4 4 0 1
490,SIPP_BigCS,"141,3,12","139,176,10",0,-1,32357,180.02914,0.0,0.0,0.0,
490,SIPP_Standard,"141,3,12","139,176,10",1,2651.2212510000004,8535,16.21447,45.75583,8.6403,0.9846,1 1 1 -11.320 1 1 -156.209 25 -13.082 56 -2.242 88 0 0 0 0 8 44 20 39 -25.457 0 0 0 24 67 -0.014 31 31 51 70 51 70 51 -0.897 70 55
491,SIPP_2^2,"89,221,0","87,29,0",1,2316.582631,6491,2.37001,254.55844,56.54867,113.09734,0 0 0 0 0 0 1 0 1 0 1 0 0 0 1 1 1 0 0 0 1 0 0 0 0 0 0 0 0 0 0 0 0 0 0 0 0 0 0 0 0 0 0 0 0 0 0 0 0 3 0 3 0 3 3 3 3 3 0 0 0 3 3 3 3 3 3 3 0 -32.328 1 0 0 0 0 0 0 0 0 0 0 0 0 0 0 0 0 0 1 1 1 0 0 0 0 0 0 0 0 0 0 0 0 0 0 0 0 0 0 0 0 0 0 0 0 0 0 0 0 0 0 0 0 0 0 0 0 0 0 0 0 0 0 0 0 0 0 0 0 1 1 0 0 0 0 0 0 0 0 0 0 0 0 0 0 0 0 0 0 0 0 0 0 0 0 0 0 0 0 0 0 0 0 0 0 1 0 0 0 0 0 0 0 1 0 0 0 0 0 0 0 0 0 1 1 0 -2.208 0 -1.062 0 -0.985 0 0 3 3 3 0 0 0 0 0 0 0 0 0 0 3 0 0 0 0 0 0 0 0 0 0 0 0 0 3 0
491,SIPP_2^3,"89,221,0","87,29,0",1,2113.218787,5957,3.82893,129.74129,25.91814,51.83628,0 1 1 1 1 1 1 0 0 0 0 0 1 0 0 0 0 0 0 0 0 0 0 0 0 0 0 0 0 0 0 0 0 0 7 7 0 0 0 7 7 7 7 7 0 0 0 7 0 0 0 0 0 0 0 1 0 0 0 0 0 0 0 0 0 0 0 0 0 0 0 0 0 0 0 0 0 0 0 0 0 0 0 0 0 0 0 0 0 0 0 0 0 0 0 0 0 0 0 0 0 0 0 7 0 0 0 0 7 7 7 0 0 7 0 0 0 0 0 0 0 0 0 0 0 0 0 0 0 0 0 0 0 0 0 0 0 0 0 0 0 0 0 0 0 0 0 0 0 0 0 0 0 0 0 7 7 0 0 7 0 0 0 0 0 0 0 0 0 0 7 7 0 0 0 0 0 0 0 0 0 7 1 -0.062 0 -0.034 2 -0.032 2 -0.033 2 -0.117 2 -0.395 2 2 1 1 1 0 0 0 0 7
491,SIPP_2^4,"89,221,0","87,29,0",1,2107.479912,7400,12.64855,82.49207,15.9538,31.9076,2 2 1 2 1 2 0 1 0 0 0 0 0 0 0 0 0 0 0 0 0 0 0 0 0 0 0 0 0 0 15 15 15 15 15 15 15 15 0 0 0 0 0 0 -7.450 2 -2.615 0 0 0 0 0 0 0 0 0 0 0 0 0 0 0 0 0 0 0 0 0 0 0 0 0 0 0 0 0 0 0 0 0 0 0 0 0 0 0 0 0 15 15 15 15 15 15 15 15 0 0 0 0 0 0 0 0 0 0 0 15 0 0 0 0 0 0 0 0 0 0 0 0 0 0 0 0 0 0 0 0 0 0 0 0 0 0 0 0 0 0 0 0 0 0 0 0 0 0 0 0 0 15 0 0 0 0 0 0 0 0 0 0 15 0 -13.347 0 -0.020 4 -9.964 0 -0.034 4 -0.032 4 -0.033 4 -0.117 4 3 3 2 0 0 0 15
491,SIPP_2^5,"89,221,0","87,29,0",1,2106.742009,7801,33.14806,79.65796,15.23383,30.46766,3 3 4 4 -0.585 1 -0.852 0 0 0 0 0 0 0 0 0 0 0 0 0 0 0 0 0 0 0 0 0 31 30 30 30 30 30 30 31 0 0 0 0 0 -9.122 4 -2.344 31 0 0 0 0 0 0 0 0 0 0 0 0 0 0 0 0 0 0 0 0 0 0 0 0 0 0 0 0 0 0 0 0 0 0 0 31 31 31 31 0 0 0 0 0 0 0 0 0 0 31 0 31 0 31 0 0 0 0 0 31 0 0 0 0 0 0 0 0 0 0 0 0 31 0 0 0 0 0 0 0 0 0 0 0 0 0 0 0 0 0 0 0 0 0 0 0 0 0 31 31 0 -10.019 0 -0.093 8 -9.956 0 -0.029 8 -0.034 8 -0.032 8 -0.033 8 -0.117 8 6 6 4 0 0 31
491,SIPP_BigCS,"89,221,12","87,29,12",0,-1,25937,180.17045,0.0,0.0,0.0,
491,SIPP_Standard,"89,221,12","87,29,12",1,2161.261065,42380,106.40671,59.97828,11.4368,1.5959,29 37 2 2 6 74 85 -13.290 2 2 2 2 2 2 10 46 2 2 10 46 10 46 6 98 76 -7.431 57 -6.540 81
492,SIPP_2^2,"202,95,0","243,253,0",0,-1,0,0.0,0.0,0.0,0.0,
492,SIPP_2^3,"202,95,0","243,253,0",0,-1,0,0.0,0.0,0.0,0.0,
492,SIPP_2^4,"202,95,0","243,253,0",0,-1,0,0.0,0.0,0.0,0.0,
492,SIPP_2^5,"202,95,0","243,253,0",0,-1,0,0.0,0.0,0.0,0.0,
492,SIPP_BigCS,"202,95,0","243,253,0",0,-1,0,0.0,0.0,0.0,0.0,
492,SIPP_Standard,"202,95,15","243,253,15",0,-1,0,4e-05,0.0,0.0,0.0,
493,SIPP_2^2,"55,49,0","28,235,0",1,3086.0907810000003,45676,16.06169,417.193,92.67698,185.35397,2 3 3 -7.801 3 3 -11.288 3 3 3 3 3 3 3 3 3 3 3 3 3 3 3 3 3 3 3 3 3 3 3 3 3 3 3 3 3 2 2 3 3 3 3 3 3 3 3 3 3 3 3 3 3 2 3 2 3 2 3 3 2 3 2 2 2 3 2 3 2 2 2 2 -6.506 1 -0.370 2 -0.093 1 -0.020 2 2 2 -38.497 2 -3.226 2 2 1 2 2 1 2 1 2 2 2 2 2 2 2 2 2 2 2 2 2 2 2 2 2 2 2 2 2 2 2 2 1 2 2 2 2 2 2 2 2 1 1 2 1 2 1 2 2 2 2 2 2 2 2 2 2 2 2 2 2 2 2 2 2 2 2 2 2 2 2 2 2 2 2 2 2 2 2 2 2 2 2 2 2 2 2 2 2 2 2 2 2 2 2 2 2 2 2 2 2 2 2 2 2 2 2 2 2 2 2 2 2 2 2 2 2 2 3 2 2 2 2 2 2 2 -14.257 2 -4.686 2 2 2 -9.713 2 2 -8.557 1 -10.062 1 1 0 0 1 -11.503 1 -4.458 1 -3.383 1 -2.094 2 1 2 2 2 2 2 2 2 2 2 2 2 2 2 1 2 2 2 2 -6.624 2 -12.273 2 3 2 3 2 2 2 2 2 2 2 3 2 2 2 2 2 2 2 3 2 2 2 2 3 3 2 2 2 2 3 2 -9.353 1 -13.228 1 -2.352 2 -3.037 1 -3.714 1 -3.997 1 -18.365 1 1 1 1 -2.548 1 -4.087 1 1 1 1 1 1
493,SIPP_2^3,"55,49,0","28,235,0",1,2465.2645509999984,18406,12.08348,207.47848,40.84071,81.68141,3 3 3 3 3 3 4 4 3 3 3 4 3 3 4 3 4 3 4 4 4 4 4 4 4 4 4 4 4 4 3 4 4 3 4 4 3 3 3 3 4 4 4 4 3 4 4 4 4 4 4 4 4 4 4 4 4 4 4 4 4 4 4 4 4 4 4 4 4 4 4 4 4 4 4 4 4 3 4 4 4 4 4 4 4 4 4 4 4 4 4 4 4 4 4 4 5 5 6 6 6 6 6 6 6 6 6 6 6 6 6 6 6 6 5 5 6 6 5 5 5 5 -105.861 4 -3.302 4 4 4 4 4 4 4 4 4 4 5 5 4 4 4 4 4 4 4 4 4 5 4 5 5 5 5 6 6 6 6 6 5 6 5 6 6 5 5 5 5 5 4 4 4 4 4 4 4 4 4 4 4 4 4 4 4 3 4 3 3 4 4 4 3 4 4 4 4 4 4 3 4 4 4 4 3 4 3 4 4 5 4 5 5 5 5 5 5
493,SIPP_2^4,"55,49,0","28,235,0",1,2079.9245599999995,5659,9.54363,50.34916,10.17222,20.34444,8 8 8 8 8 8 8 8 8 8 8 8 8 8 8 8 8 8 10 10 10 10 10 9 9 9 9 9 9 9 9 9 10 10 10 10 10 11 11 11 11 11 12 10 10 10 10 9 8 8 8 8 8 8 9 9 8 8 8 -17.453 12 -3.662 9 8 8 8 8 8 8 8 8 8 8 8 8 8 8 8 8 8 8 8 8 8 8 8 8 8 8 8 8 8 8 8 8 8 8 8 8 8 8 8 8 8 8 8 8 8 8 8 8 8 8 8 8 8 8 8 8 8 8 8 8 8 8 8 8 8 8 8 8 8 8 8 8 8 8 8 8 8 8 8 8 8 8 8 7 7 7 7 7 7 7 8 8 8 8 8 7 7 7 7 8 8 7
493,SIPP_2^5,"55,49,0","28,235,0",1,2068.280728000001,5342,22.8899,34.81785,6.93793,13.87585,16 16 16 16 16 16 16 16 16 16 16 16 16 16 16 16 16 17 19 19 19 19 19 19 19 19 20 22 22 22 22 22 22 20 20 19 20 19 19 20 20 19 20 17 15 15 15 15 15 15 15 15 15 15 15 15 15 16 16 15 16 16 16 16 16 16 16 16 16 16 16 16 16 16 16 16 16 16 16 15 16 16 16 16 16 16 16 16 16 16 16 15 16 16 16 16 16 16 16 16 16 16 16 16 16 16 16 16 16 15 16 16 16 16 16 16 16 16 16 16 16 15
493,SIPP_BigCS,"55,49,0","28,235,12",0,-1,27404,180.08498,0.0,0.0,0.0,
493,SIPP_Standard,"55,49,0","28,235,12",1,2122.463373,21120,47.43155,42.95122,8.1245,0.994,0 0 20 51 62 70 47 11 55 83 -0.281 4 -7.182 88 0 0 0 0 0 0 0 0 0 0 4 64 52 104
494,SIPP_2^2,"95,49,0","163,202,0",0,-1,0,0.0,0.0,0.0,0.0,
494,SIPP_2^3,"95,49,0","163,202,0",0,-1,0,0.0,0.0,0.0,0.0,
494,SIPP_2^4,"95,49,0","163,202,0",0,-1,0,0.0,0.0,0.0,0.0,
494,SIPP_2^5,"95,49,0","163,202,0",0,-1,0,0.0,0.0,0.0,0.0,
494,SIPP_BigCS,"95,49,0","163,202,0",0,-1,0,0.0,0.0,0.0,0.0,
494,SIPP_Standard,"95,49,0","163,202,3",0,-1,64858,180.00247,0.0,0.0,0.0,
495,SIPP_2^2,"114,1,0","155,181,0",0,-1,0,0.0,0.0,0.0,0.0,
495,SIPP_2^3,"114,1,0","155,181,0",0,-1,0,0.0,0.0,0.0,0.0,
495,SIPP_2^4,"114,1,0","155,181,0",0,-1,0,0.0,0.0,0.0,0.0,
495,SIPP_2^5,"114,1,0","155,181,0",0,-1,0,0.0,0.0,0.0,0.0,
495,SIPP_BigCS,"114,1,0","155,181,0",0,-1,0,0.0,0.0,0.0,0.0,
495,SIPP_Standard,"114,1,5","155,181,15",0,-1,0,2e-05,0.0,0.0,0.0,
496,SIPP_2^2,"61,80,0","10,251,0",0,-1,0,0.0,0.0,0.0,0.0,
496,SIPP_2^3,"61,80,0","10,251,0",0,-1,0,0.0,0.0,0.0,0.0,
496,SIPP_2^4,"61,80,0","10,251,0",0,-1,0,0.0,0.0,0.0,0.0,
496,SIPP_2^5,"61,80,0","10,251,0",0,-1,0,0.0,0.0,0.0,0.0,
496,SIPP_BigCS,"61,80,0","10,251,0",0,-1,0,0.0,0.0,0.0,0.0,
496,SIPP_Standard,"61,80,2","10,251,15",0,-1,83043,180.00467,0.0,0.0,0.0,
497,SIPP_2^2,"41,42,0","221,3,0",1,2255.0914970000003,9483,3.36959,183.84776,40.8407,81.68141,1 1 1 1 1 1 0 0 0 0 0 1 1 0 0 1 1 1 1 1 0 0 1 1 1 1 1 1 1 1 1 1 1 1 1 1 1 1 1 1 1 1 1 1 1 1 1 0 0 1 1 1 0 0 -16.821 1 -0.206 1 -0.049 1 1 1 1 1 1 1 1 1 1 1 1 1 1 1 1 1 1 1 1 1 1 1 1 1 1 1 1 1 1 1 1 1 1 1 1 1 1 1 1 1 1 1 1 1 1 1 1 1 1 1 1 1 1 1 1 1 1 1 1 1 1 1 1 1 1 1 1 1 1 1 1 1 1 1 1 1 1 1 1 1 1 1 1 1 1 1 1 1 1 1 1 1 1 1 1 1 2 1 1 1 1 1 1 1 1 1 1 1 1 1 1 1 1 1 1 1 1 1 1 1 1 1 1 1 1 1 0 0 0 0 0 0 1 0 0 0 1 1 0 0 0 0 1 0 1 1 1 0 1 0 1 1 1 1 0 0 -7.991 0 -0.012 0 -0.012 0 0 0 0 0 0 0 3
497,SIPP_2^3,"41,42,0","221,3,0",1,2040.3741609999984,5155,3.29874,94.55269,18.84956,37.69911,1 1 1 1 1 1 1 1 1 1 1 2 2 1 1 2 2 2 2 1 2 2 2 2 2 2 2 2 2 2 2 2 2 2 2 2 2 2 2 1 2 2 1 -38.828 2 -11.718 2 2 2 2 2 2 2 2 2 2 2 2 2 2 2 2 2 2 2 2 2 2 2 2 2 2 2 2 2 2 2 2 2 2 2 2 2 2 2 2 2 2 2 2 2 2 2 2 2 2 2 2 2 2 2 2 2 2 2 2 2 2 2 2 2 2 2 2 2 2 2 2 2 2 2 2 2 3 2 2 2 2 3 2 2 2 2 2 1 1 0 1 1 1 1 1 0 1 1 1 2 2 1 1 1 1 1 1 1 1 1 1 1 2 2 2 2 2 2 2 2 2 2 2 2 2 2 2 2 2 2 1 2 2 2 2 2 1
497,SIPP_2^4,"41,42,0","221,3,0",1,2023.5865929999995,4903,8.22476,53.53237,10.63587,21.27174,3 3 3 2 3 3 3 3 3 3 3 3 3 3 3 4 4 4 4 4 4 4 4 4 4 4 4 3 -65.550 4 -11.718 4 4 4 4 4 4 4 4 4 4 4 4 4 4 4 4 4 4 4 4 4 4 4 4 4 4 4 4 4 4 4 4 4 4 4 4 4 4 4 4 4 4 4 4 4 4 4 4 4 4 4 4 4 4 4 4 4 4 4 4 4 4 4 4 4 4 4 4 4 4 4 4 4 4 4 4 4 4 4 4 4 4 4 4 5 5 3 1 1 1 2 2 2 2 3 4 4 4 3 4 4 3 3 3 4 4 3 1 2 2 2 4 4 4 4 4 4 4 4 3 3 4 4 3
497,SIPP_2^5,"41,42,0","221,3,0",1,2013.877764,4670,19.56053,39.74676,7.91235,15.82471,5 6 6 6 6 7 7 7 7 7 7 7 7 7 8 8 7 -73.377 8 -11.718 8 8 8 8 8 8 8 8 8 8 8 8 8 8 8 8 8 8 8 8 8 8 8 8 8 8 8 8 8 8 8 8 8 8 8 8 8 8 8 8 8 8 8 8 8 8 8 8 8 8 8 8 8 8 8 8 8 8 8 9 8 8 8 8 8 8 8 8 8 8 8 8 8 8 8 8 8 8 8 8 8 9 8 8 -0.860 6 3 2 3 4 4 7 7 7 7 8 7 8 4 4 4 4 4 4 8 8 7 7 8 8 8 8 8 7
497,SIPP_BigCS,"41,42,2","221,3,4",0,-1,25728,180.06293,0.0,0.0,0.0,
497,SIPP_Standard,"41,42,2","221,3,4",1,2054.8540949999997,23875,48.67746,47.45435,9.0175,1.2575,57 65 41 111 45 -73.936 1 1 1 1 1 1 1 1 1 1 17 -1.352 111 49 84 5 -12.567 65 29 45 17
498,SIPP_2^2,"238,147,0","74,223,0",1,2445.137088,14829,4.94797,395.9798,87.96459,175.92919,3 3 3 3 0 0 3 3 3 -5.137 3 3 3 3 3 3 3 3 3 3 3 3 3 3 3 3 3 3 3 3 3 3 3 3 3 3 3 3 3 3 3 3 2 3 2 3 3 3 2 3 3 3 2 2 3 3 3 2 2 3 3 2 3 3 3 2 3 2 2 2 2 3 3 2 2 2 2 3 3 3 3 2 2 3 2 3 3 3 2 3 2 3 2 3 2 2 2 2 2 2 2 2 2 2 3 3 3 3 3 3 3 3 3 3 3 3 3 3 3 3 3 3 3 3 3 3 3 3 3 3 3 3 3 3 3 3 3 2 2 2 3 2 2 2 2 2 2 2 2 2 2 2 2 2 2 2 2 2 2 2 2 2 2 2 2 2 2 2 2 2 2 3 3 3 3 3 3 3 3 3 3 3 3 3 3 3 3 3 3 3 3 3 3 3 3 3 3 3 3 3 3 3 3 3 3 2 3 2 3 2 3 3 3 3 3 3 3 3 3 2 3 3 3 2 3 2 3 2 2 3 3 3 3 2 2 3 3 2 3 3 3 2 3 3 3
498,SIPP_2^3,"238,147,0","74,223,0",1,2092.161401999999,8040,4.91414,87.67712,17.27876,34.55752,6 6 6 6 7 7 7 6 6 6 6 6 6 6 6 6 6 6 6 6 6 6 6 6 6 6 6 6 6 6 6 6 6 6 6 5 6 6 6 6 6 5 5 6 6 6 6 6 6 6 6 6 6 6 6 6 6 6 6 5 5 5 5 5 6 6 6 6 6 6 6 6 6 6 6 6 6 6 6 6 6 6 6 6 6 6 6 6 6 6 6 6 6 6 6 6 6 6 5 5 5 5 5 5 6 5 5 5 5 5 5 5 5 5 5 5 5 5 5 5 5 5 5 5 5 5 5 5 5 5 5 5 5 5 5 5 4 5 5 5 5 5 4 4 4 -22.842 4 -8.897 5 -0.142 4 -4.473 4 4 4 4 4 4 4 5 5 5 5 5 5 5 5 5 5 5 5 6 5 6 5 5 6 6 6 6 6
498,SIPP_2^4,"238,147,0","74,223,0",1,1929.4806189999983,4665,7.40569,68.48591,13.52169,27.04339,13 12 -1.948 13 13 12 12 12 12 12 12 12 12 12 12 12 11 11 11 11 11 11 11 11 11 11 11 11 11 12 11 12 11 11 11 11 12 12 12 12 12 12 12 12 11 11 11 11 11 11 11 11 11 11 11 11 11 11 11 11 11 11 11 12 12 12 11 12 11 11 12 11 12 11 11 12 11 10 10 9 9 9 9 9 10 10 10 10 10 10 10 10 10 10 10 10 10 10 10 10 10 10 10 10 10 10 11 11 14 14 12 12 11 12 12
498,SIPP_2^5,"238,147,0","74,223,0",1,1876.8320089999986,3056,12.12398,18.92922,3.78222,7.56445,25 -2.686 26 25 23 23 23 23 23 23 23 23 23 23 23 23 23 23 22 23 23 24 23 23 23 23 22 22 22 22 22 22 22 22 22 22 22 22 22 22 22 23 23 23 23 23 23 22 22 20 20 19 20 20 20 20 20 20 20 20 20 20 20 20 20 20 20 20 20 20 20 20 20 20 20 20 20 20 20 21 23 24 24 24 24
498,SIPP_BigCS,"238,147,6","74,223,3",1,1891.466629,25590,168.95723,47.11499,8.4546,1.4318,-3.467 95 162 83 203 203 203 307 83 203 203 307 83 203 307 7 7 7 83 203 203 203 203 203 203 203 203 203 203 203 203 203 203 203 203 203 203 203 203 203 203 307 7 35 103 127 254 103 103 103 103 103 103 103 103 103 103 103 103 103 103 103 103 103 103 103 103 103 171 7 75
498,SIPP_Standard,"238,147,6","74,223,3",1,2068.002924,49529,116.95848,57.61881,10.7791,1.3203,-22.003 61 109 47 3 3 11 47 3 3 3 3 7 59 75 70 51 70 51 94 20 51 86 11 55 91
499,SIPP_2^2,"214,57,0","179,237,0",0,-1,0,0.0,0.0,0.0,0.0,
499,SIPP_2^3,"214,57,0","179,237,0",0,-1,0,0.0,0.0,0.0,0.0,
499,SIPP_2^4,"214,57,0","179,237,0",0,-1,0,0.0,0.0,0.0,0.0,
499,SIPP_2^5,"214,57,0","179,237,0",0,-1,0,0.0,0.0,0.0,0.0,
499,SIPP_BigCS,"214,57,0","179,237,0",0,-1,0,0.0,0.0,0.0,0.0,
499,SIPP_Standard,"214,57,5","179,237,0",0,-1,0,5e-05,0.0,0.0,0.0,
500,SIPP_2^2,"6,45,0","172,124,0",1,2503.4973280000004,17481,6.15383,438.4062,97.38937,194.77874,2 2 2 2 2 2 2 2 2 2 2 1 1 1 1 2 1 1 1 2 1 1 1 2 2 2 2 2 2 2 2 2 1 1 1 1 1 1 1 2 2 2 1 1 2 2 1 1 1 2 1 1 1 1 1 1 1 1 1 1 2 2 2 2 2 2 1 1 1 1 1 1 1 1 2 1 1 1 1 1 1 2 1 2 1 1 2 1 1 1 1 2 2 1 1 1 1 1 1 1 1 1 1 1 1 1 1 1 1 1 1 1 1 2 2 1 1 2 1 2 1 1 2 2 2 2 2 2 2 2 2 2 2 2 2 1 2 2 1 1 1 1 2 1 1 1 1 2 1 2 1 1 1 1 2 2 1 2 2 2 2 2 2 1 2 2 1 1 1 1 1 1 2 2 1 1 1 2 1 2 1 1 1 2 1 2 1 1 1 1 1 1 1 1 1 1 1 1 2 2 2 1 -13.028 1 -0.094 1 -0.375 1 1 1 1 1 1 1 1 1 1 1 1 1 1 1 1 1 1 1 1 1 1 1 1 1 1 1 1 1 1 1 1 1 1 1 1 1 1 1 1 1 1 0 1 0
500,SIPP_2^3,"6,45,0","172,124,0",1,2023.5224969999986,7133,4.74275,191.02492,37.69911,75.39823,3 2 2 3 2 3 3 3 3 3 3 -0.663 2 -1.639 4 -4.702 3 4 4 4 3 3 3 3 4 3 3 3 3 3 3 3 3 3 3 3 3 2 2 2 3 2 2 3 3 3 2 2 3 2 3 2 2 2 3 2 2 2 2 2 2 2 2 2 3 3 3 2 2 3 2 3 3 3 2 2 3 2 2 2 2 2 3 2 2 2 3 2 3 3 3 3 3 2 3 3 3 3 2 2 2 2 2 2 2 2 2 2 2 2 2 2 2 2 2 2 2 2 2 2 2 2 2 2 2 2 2 2 2 2 2 2 2 2 2 2 2 2 2 2 2 2 2 2 2 2 2 3 3 3 2 3 3 3 3 3 3 3 3 3 3 3 3 3 2 3 3 3 2 3 3 3 2 3
500,SIPP_2^4,"6,45,0","172,124,0",1,1869.6526480000002,1427,2.39301,68.51728,13.62564,27.25127,5 4 5 5 5 5 4 5 5 5 5 5 5 5 5 5 5 4 6 6 6 6 6 6 6 6 6 6 6 6 6 5 5 5 5 5 5 4 5 5 5 4 5 4 4 5 5 4 5 5 4 4 5 5 5 5 5 4 5 5 5 5 4 4 4 4 4 4 5 5 5 5 5 5 5 5 5 5 5 5 5 4 5 4 5 4 5 5 5 5 5 5 5 5 5 5 5 5 4 5
500,SIPP_2^5,"6,45,0","172,124,0",1,1853.8583290000008,1082,4.62115,15.01899,3.00313,6.00625,10 10 10 10 10 10 10 10 10 10 10 10 10 10 9 9 12 12 12 12 12 12 12 12 12 12 12 11 9 9 9 9 9 9 9 10 10 10 10 10 9 9 9 9 10 10 10 10 9 9 10 9 9 10 9 10 10 10 10 10 9 9 9 9 10 10 10 10 10 10 10 10 11 10 10 11
500,SIPP_BigCS,"6,45,9","172,124,5",1,1855.0,4796,34.73135,31.47529,4.682,0.5795,85 199 199 199 255 100 100 100 100 100 100 100 124 207 207 207 207 207 207 207 207 207 207 207 207 311 85 207 207 207 207 311 5 5 57 199 199 207 207 207 311 5 5 85 199 207 207 207 207 207 207 327
500,SIPP_Standard,"6,45,9","172,124,5",1,1942.0,13423,34.89915,44.75132,7.8849,0.9435,17 63 103 89 17 95 17 71 28 36 1 21 48 63 63 63 63 79 72 71 28 28 28
501,SIPP_2^2,"11,30,0","161,155,0",1,2750.0,22086,7.75609,601.04076,133.51769,267.03538,2 2 2 2 1 2 2 1 1 1 1 1 1 1 2 1 2 1 1 1 1 2 2 2 2 2 2 2 2 2 2 2 1 1 1 1 2 1 1 1 1 2 1 1 2 2 2 2 2 2 2 2 2 2 2 2 2 2 2 2 2 2 2 1 1 2 2 1 2 1 2 1 1 2 1 1 2 1 2 1 1 2 1 2 1 1 1 1 2 2 1 1 1 2 1 1 2 1 1 1 1 1 1 2 1 1 1 1 1 1 1 1 1 2 1 1 1 2 1 2 2 2 2 2 2 2 2 1 2 2 2 2 2 2 2 2 2 2 2 2 2 2 2 2 2 2 2 2 1 1 1 1 1 1 1 1 1 1 2 1 2 1 1 1 1 1 1 1 1 1 1 1 2 1 1 1 1 1 1 1 2 2 1 1 1 1 2 1 1 1 1 1 1 2 1 2 1 2 2 2 2 2 2 2 2 2 2 2 2 1 1 1 1 1 2 1 1 2 2 2 2 2 2 1 1 1 1 1 1 1 1 1 1 1 1 1 1 1 1 1 1 1 2 1 2 1 2 1 1 1 2 1 1 2 1 2 1 1 1 2 2 2 1 2 2 2 1 1 1 1 1 1 2 2 1
501,SIPP_2^3,"11,30,0","161,155,0",1,2145.038809999999,7919,5.28286,165.63199,32.98672,65.97345,3 4 4 4 4 3 3 3 2 2 2 2 2 2 2 2 2 3 3 3 3 3 3 3 3 3 3 3 3 3 2 3 3 3 3 3 3 3 3 3 3 4 4 4 -5.037 3 2 3 2 3 3 3 2 2 3 2 3 3 3 3 3 3 3 3 3 3 3 3 3 3 3 2 3 3 2 3 2 2 2 2 2 3 3 3 2 3 3 2 3 3 3 3 3 3 3 2 3 3 3 3 3 3 3 3 3 3 3 3 3 3 3 3 3 3 3 3 3 3 3 3 3 3 3 3 3 3 3 3 3 3 3 2 2 2 2 1 2 1 2 2 2 1 2 -3.047 2 3 4 -0.610 3 3 3 3 3 3 3 3 3 3 3 4 3 4 4 4 4 4 4 4 3
501,SIPP_2^4,"11,30,0","161,155,0",1,2093.816117999999,6507,11.59348,69.90165,13.92929,27.85857,7 8 8 8 6 6 4 4 4 4 4 4 4 4 5 6 6 6 6 6 6 6 6 6 6 6 6 5 -1.820 6 7 7 6 6 6 7 7 6 6 6 5 5 5 5 5 5 5 6 6 6 6 6 6 6 6 6 6 6 6 6 6 6 6 5 5 5 5 5 5 5 5 5 6 6 5 6 6 6 6 6 6 6 6 6 6 7 7 7 7 6 6 6 6 5 4 5 -2.740 4 -0.869 4 7 7 7 7 6 6 6 6 6 6 6 7 7 7 7 7 6 6 6 7 6 6 4 4 4 4 4 4 4 4 3 4 3
501,SIPP_2^5,"11,30,0","161,155,0",1,2071.732626,5730,25.68744,48.7183,9.69022,19.38045,15 16 16 12 12 8 8 8 8 8 8 9 9 12 12 12 11 12 12 12 12 12 12 13 13 13 13 13 -0.047 12 12 11 11 11 11 11 11 11 12 12 12 12 12 12 12 12 12 12 10 9 10 10 10 10 10 10 11 12 13 12 12 12 12 12 12 12 12 14 14 13 13 9 8 8 8 8 8 13 13 13 13 13 13 13 12 12 13 12 13 12 12 8 8 8 8 8 8 8 8 8 7
501,SIPP_BigCS,"11,30,1","161,155,9",0,-1,23987,180.12837,0.0,0.0,0.0,
501,SIPP_Standard,"11,30,1","161,155,9",1,2141.250704,29793,78.47949,65.46361,12.5042,1.579,110 32 97 71 52 72 79 72 71 28 28 28 48 71 48 71 28 52 64 28 36 5 -14.251 105 52 64 44
502,SIPP_2^2,"253,55,0","187,230,0",1,2540.066967,12940,4.31205,388.90873,86.3938,172.7876,2 2 2 2 2 2 2 2 2 2 2 2 2 2 2 2 2 2 2 2 2 2 2 2 2 2 2 2 2 2 2 2 2 2 2 2 2 2 2 2 2 2 2 2 2 2 2 2 2 3 2 3 2 3 3 2 2 2 2 2 2 2 3 2 2 2 3 2 2 2 2 2 2 3 2 3 2 2 2 2 3 3 3 3 3 3 3 3 3 3 3 3 3 3 3 2 2 2 2 2 3 2 3 3 3 3 3 3 2 2 3 2 2 2 2 2 2 2 2 2 2 2 2 2 3 2 2 2 2 2 2 2 2 2 2 2 3 3 3 3 3 3 3 3 3 3 3 3 3 3 2 3 3 2 3 2 2 2 2 2 2 2 2 2 2 2 3 2 2 2 3 2 2 2 2 2 3 2 2 3 2 2 2 2 2 2 2 2 2 2 2 2 2 2 -72.583 2 -0.534 2 -0.151 2 2 2 2 2 2 2 2 2 2 2 2 2 3 2 -17.143 2 -29.184 2 -0.370 3 -0.093 3 -0.020 3 -9.940 2 -0.012 2 -0.012 3 -0.012 2 -0.012 2 2 3 2 2 2 3 2 3 3 2 2 3 2 2 2 3 3 2 2 3
502,SIPP_2^3,"253,55,0","187,230,0",1,2046.5861499999992,4976,3.03271,115.76305,22.77655,45.5531,4 4 4 4 4 4 4 4 4 4 4 4 4 4 4 4 4 4 4 4 4 4 4 4 4 4 4 4 4 4 4 4 4 4 4 4 4 4 4 4 4 4 4 4 4 4 4 4 5 4 5 4 5 4 5 5 4 4 5 4 4 4 5 4 4 4 4 4 5 4 5 5 5 5 5 5 5 5 5 5 5 5 5 5 5 5 5 5 5 5 5 5 5 5 5 5 5 5 5 5 5 5 5 5 5 5 5 5 5 5 5 5 5 4 4 5 4 4 4 5 4 4 4 4 4 4 4 4 4 4 4 4 4 4 4 4 4 4 4 4 4 -3.297 4 -6.661 4 4 -1.531 4 4 4 4 4 4 4 4 4 4 4 4 4 5 5 5 5 5 4 4 5 4 4 4 4 5 4 5 5 5 6 6 5
502,SIPP_2^4,"253,55,0","187,230,0",1,2011.2719800000002,4457,7.20512,49.20951,9.81251,19.62503,8 8 8 8 8 8 8 8 8 8 8 8 8 8 8 8 8 8 8 8 9 9 8 8 8 8 9 9 9 8 8 8 8 8 8 8 8 8 8 8 8 8 8 8 8 8 8 8 8 8 8 8 8 8 8 9 9 8 8 8 9 8 9 10 10 10 10 10 10 10 9 10 10 10 10 10 10 10 10 10 9 9 10 10 10 10 10 10 10 10 10 10 10 10 10 10 10 10 9 9 9 9 9 9 9 9 9 8 8 8 8 8 8 8 8 8 8 8 8 -14.598 8 -26.110 8 -6.661 8 8 -1.092 9 9 9 9 9 9 8 9 8 8 9 9 9 8 8 9 9 9
502,SIPP_2^5,"253,55,0","187,230,0",1,2007.5824650000004,4474,18.59537,30.05152,5.99652,11.99304,16 16 16 16 16 16 16 16 16 16 16 16 16 16 16 16 16 16 16 16 16 16 16 16 16 16 16 16 16 16 16 16 16 16 16 16 16 16 16 16 17 17 16 17 17 16 16 17 16 17 17 16 17 17 20 20 20 20 20 20 20 20 20 20 20 20 20 19 19 19 20 20 20 20 20 20 20 20 20 20 20 20 20 20 19 19 18 18 18 18 18 18 17 16 16 16 16 16 16 16 16 16 16 16 -24.213 16 -26.110 16 -6.661 16 16 -1.092 18 18 18 17 18 17 18 18 18 17 17 18 17
502,SIPP_BigCS,"253,55,8","187,230,7",0,-1,28306,180.08226,0.0,0.0,0.0,
502,SIPP_Standard,"253,55,8","187,230,7",1,2009.9813499999998,17949,37.2848,33.52748,5.9782,0.5455,94 0 0 0 0 0 16 94 20 55 67 51 70 51 70 31 51 94 0 -39.400 0 -1.582 16 62 62 62
503,SIPP_2^2,"251,109,0","78,176,0",1,2415.630809,11570,4.00618,275.77164,61.26106,122.52211,2 2 2 2 2 2 2 2 2 2 2 2 2 2 2 2 2 3 3 3 2 3 2 3 3 2 3 2 3 2 3 3 3 2 3 2 3 2 2 3 2 2 2 2 2 2 2 2 2 2 2 2 2 2 2 3 2 2 2 3 3 3 3 3 3 3 3 3 3 3 2 3 3 3 2 3 3 3 3 2 2 2 2 2 2 2 2 3 2 2 2 2 2 2 2 3 2 3 2 3 3 3 3 3 3 3 3 3 3 3 3 3 3 3 2 3 2 2 3 3 3 3 3 2 -14.837 3 3 3 3 -0.793 3 3 3 3 3 3 3 3 3 3 3 3 3 3 3 3 3 3 3 3 3 3 3 3 3 3 3 3 3 3 3 3 3 3 3 3 3 3 3 3 3 3 3 3 3 3 3 3 3 3 3 3 3 3 3 3 3 3 3 3 3 3 3 3 3 3 3 3 3 3 3 3 3 3 3 3 3 3 3 3 3 3 3 3 3 3 3 3 3 3 3 3 3 3 3 3 3 3 3 3 3 3 3 3 3 3 3 3 3 3 3 3
503,SIPP_2^3,"251,109,0","78,176,0",1,2066.1017519999973,6914,4.31897,114.38031,22.77655,45.5531,4 4 4 5 5 4 5 4 4 4 4 4 4 5 5 5 5 5 5 5 5 6 6 6 6 5 6 6 5 5 6 6 6 6 6 6 6 6 6 6 6 6 6 6 6 6 6 6 6 6 6 6 6 6 6 6 6 6 6 6 6 6 6 6 6 6 6 6 6 6 6 6 6 6 6 6 6 6 6 6 6 6 6 6 6 6 6 6 6 6 6 6 6 6 6 6 6 6 6 6 6 6 6 6 6 6 5 5 5 5 5 6 5 5 5 5 5 5 5 5 5 6 6 5 5 6 5 5 5 5 5 5 5 5 5 5 5 5 5 5 5 5 5 5 6 6 6 6 6 6 5 5 6 5 6 5 5 5 6 6 6 6 5 6 6 6 6 6 6 6 6 6 6 6 6 6 6 6 6 5 6 6 5
503,SIPP_2^4,"251,109,0","78,176,0",1,1975.2474959999997,5113,8.42687,40.039,7.95792,15.91585,8 8 8 9 9 8 9 9 9 9 10 10 11 12 11 12 12 11 11 11 11 12 12 12 12 12 12 12 12 12 12 12 12 12 12 12 12 12 12 12 12 12 12 12 12 12 12 12 12 12 12 12 12 12 12 12 12 12 12 12 12 12 12 12 12 12 12 12 12 12 12 12 11 11 11 11 11 11 11 11 11 11 11 11 11 11 11 11 11 11 11 11 11 11 10 10 10 11 11 11 11 11 11 11 11 11 11 11 11 11 11 10 11 12 12 12 12 12 12 12 12 12 12 12 12 12 12 11 12 12 12 11
503,SIPP_2^5,"251,109,0","78,176,0",1,1947.0354290000012,3111,12.8013,27.69326,5.52869,11.05738,17 17 17 18 17 18 20 20 23 22 23 23 22 23 24 24 24 24 24 24 24 24 24 24 24 24 24 24 24 24 23 23 24 24 24 24 24 24 24 24 24 23 24 24 23 23 23 23 23 23 23 23 23 23 23 23 23 23 23 23 23 23 23 21 21 21 22 22 22 22 22 22 22 22 22 22 22 23 23 24 24 24 24 24 24 24 24 24 24 24 24 23 24 23
503,SIPP_BigCS,"251,109,4","78,176,13",1,1955.0,22672,150.93778,28.91153,4.6687,0.6544,56 206 206 206 206 206 326 203 203 203 203 203 203 203 203 203 203 203 203 203 203 203 203 203 203 203 203 203 203 203 307 7 7 3 7 7 7 7 7 7 7 7 7 7 7 3 7 7 7 7 7 7 7 7 7 7 7 7 83 307 7 7 7 91 183 203 203 203 203 203 203 203 203 203 203 203 307 7 7 7 7 7 7 7 7 7 7 7 31
503,SIPP_Standard,"251,109,4","78,176,13",1,1988.0,16608,40.26446,37.81335,6.7778,0.6995,94 20 55 59 91 3 3 3 3 7 59 59 59 91 3 7 67 55 67 55 91 3 3 11
504,SIPP_2^2,"113,226,0","95,33,0",0,-1,0,0.0,0.0,0.0,0.0,
504,SIPP_2^3,"113,226,0","95,33,0",0,-1,0,0.0,0.0,0.0,0.0,
504,SIPP_2^4,"113,226,0","95,33,0",0,-1,0,0.0,0.0,0.0,0.0,
504,SIPP_2^5,"113,226,0","95,33,0",0,-1,0,0.0,0.0,0.0,0.0,
504,SIPP_BigCS,"113,226,0","95,33,0",0,-1,0,0.0,0.0,0.0,0.0,
504,SIPP_Standard,"113,226,1","95,33,10",0,-1,72050,180.00107,0.0,0.0,0.0,
505,SIPP_2^2,"201,195,0","47,91,0",0,-1,0,0.0,0.0,0.0,0.0,
505,SIPP_2^3,"201,195,0","47,91,0",0,-1,0,0.0,0.0,0.0,0.0,
505,SIPP_2^4,"201,195,0","47,91,0",0,-1,0,0.0,0.0,0.0,0.0,
505,SIPP_2^5,"201,195,0","47,91,0",0,-1,0,0.0,0.0,0.0,0.0,
505,SIPP_BigCS,"201,195,0","47,91,0",0,-1,0,0.0,0.0,0.0,0.0,
505,SIPP_Standard,"201,195,13","47,91,8",0,-1,0,2e-05,0.0,0.0,0.0,
506,SIPP_2^2,"86,224,0","75,34,0",1,2747.800403,17885,6.03672,240.41631,53.40708,106.81415,-2.032 1 1 1 1 1 1 1 1 1 1 1 1 0 0 0 0 0 0 0 0 0 0 0 0 0 0 0 0 0 0 0 0 0 0 0 0 0 0 0 0 0 0 0 0 0 1 1 -119.580 0 0 -4.192 0 -0.909 0 -0.918 0 0 0 0 0 0 0 0 0 0 0 0 0 -56.984 3 3 -2.030 3 -2.841 3 3 3 3 3 3 3 3 0 3 0 0 0 0 0 0 0 0 0 0 0 0 0 0 0 0 0 0 0 0 0 0 3 3 0 0 3 0 0 0 3 0 3 0 3 0 0 0 0 0 0 0 0 0 0 0 0 0 0 0 3 3 0 0 3 3 -67.078 3 0 3 3 0 0 3 3 0 -4.157 0 -1.255 0 -1.750 0 0 0 0 0 0 0 0 0 0 0 0 0 0 0 0 0 0 0 1 0 0 0 1 0 0 0 0 0 0 0 0 0 0 0 0 0 0 0 0 0 0 0 0 0 0 0 0 0 0 0 0 0 0 0 0 0 0 0 0 0 0 0 0 0 0 0 1 1 1 0 1 0 0 0 0 0 0 0 0 0 0 0 0 0 0 0 0 0 0 0 0 0 -69.772 3 3 -1.077 3 -3.226 3
506,SIPP_2^3,"86,224,0","75,34,0",1,2339.88514,14147,9.0462,120.10631,23.56195,47.12389,7 -17.765 7 0 0 1 1 1 1 1 1 1 1 0 0 1 1 1 1 0 0 0 0 0 0 0 0 0 0 0 0 0 0 0 0 0 0 0 0 0 0 1 1 0 0 7 7 6 6 6 6 6 6 6 6 6 7 7 7 7 7 1 0 0 0 0 0 0 0 0 0 0 0 0 0 1 1 1 1 -0.796 0 0 0 0 0 0 0 0 0 0 0 0 0 0 0 0 0 0 0 0 0 0 0 0 0 0 0 0 0 0 0 0 0 0 0 0 0 0 0 0 0 0 0 0 0 0 0 0 0 0 0 0 0 0 0 0 0 0 0 0 0 0 0 0 0 0 1 0 0 0 0 0 0 0 0 0 0 0 0 0 0 1 1 0 0 1 0 0 0 0 0 0 0 0 0 -41.967 0 -9.951 0 -0.094 2 -0.375 0 -11.038 0 -1.062 0 -0.985 0 7 7 7 7 7 7 7 7 -45.863 6 -0.534 0 -0.151 0 -0.060 0 -0.420 0 7 7 7 7 7 7 7 7
506,SIPP_2^4,"86,224,0","75,34,0",1,2339.5574179999994,15376,25.6062,108.33913,20.62823,41.25647,14 -17.765 14 0 2 2 2 2 2 2 2 2 1 1 2 1 0 0 0 0 0 0 0 0 0 0 0 0 0 0 0 0 0 0 0 0 0 0 1 0 0 14 14 13 13 13 13 12 13 12 12 -27.337 2 0 0 0 0 1 1 0 0 0 1 1 1 0 0 0 0 0 0 0 0 0 0 0 0 0 0 0 0 0 0 0 0 0 0 0 0 0 0 0 0 0 0 0 0 15 0 0 0 0 0 0 0 0 0 0 0 0 0 0 0 0 0 0 0 0 0 0 0 0 0 0 0 0 0 0 0 0 0 0 0 0 0 0 0 0 0 0 0 0 0 1 1 0 0 0 0 1 1 0 0 1 -62.701 0 -10.115 0 1 0 0 14 14 14 13 14 14 14 14 -48.744 12 -0.534 0 -0.151 0 -0.060 0 -1.874 15 14 14 14 14 14 14 14
506,SIPP_2^5,"86,224,0","75,34,0",1,2338.7707609999998,15880,66.03127,64.43011,12.81927,25.63853,-10.017 24 -3.151 31 3 4 4 4 4 4 4 4 3 1 0 0 0 0 0 0 0 0 0 0 0 0 0 0 0 0 0 0 0 0 0 0 0 0 31 25 25 25 25 24 -35.823 1 1 1 1 1 0 0 1 0 0 0 0 0 0 0 0 0 0 0 0 0 0 0 0 0 0 0 0 0 0 0 0 0 31 0 0 0 0 0 0 0 0 0 0 0 0 0 0 0 0 0 0 0 0 0 0 0 0 0 0 0 0 0 0 0 1 0 0 0 0 0 0 0 0 0 0 0 0 0 0 0 0 0 0 1 1 1 2 2 2 2 2 1 0 31 25 25 25 26 -63.998 24 -18.138 29 28 28 28 28 28 28 28
506,SIPP_BigCS,"86,224,13","75,34,5",0,-1,27233,180.20968,0.0,0.0,0.0,
506,SIPP_Standard,"86,224,13","75,34,5",1,2339.1293729999998,50157,124.78546,65.29667,12.0501,1.4216,-66.762 68 49 60 68 49 60 68 -5.943 49 60 92 2 10 46 6 -3.187 66 30 54 66 54 74 85 18 100 -10.638 74 -1.039 85 -20.561 10 30
507,SIPP_2^2,"16,128,0","152,245,0",0,-1,0,0.0,0.0,0.0,0.0,
507,SIPP_2^3,"16,128,0","152,245,0",0,-1,0,0.0,0.0,0.0,0.0,
507,SIPP_2^4,"16,128,0","152,245,0",0,-1,0,0.0,0.0,0.0,0.0,
507,SIPP_2^5,"16,128,0","152,245,0",0,-1,0,0.0,0.0,0.0,0.0,
507,SIPP_BigCS,"16,128,0","152,245,0",0,-1,0,0.0,0.0,0.0,0.0,
507,SIPP_Standard,"16,128,5","152,245,13",0,-1,78935,180.00096,0.0,0.0,0.0,
508,SIPP_2^2,"209,222,0","192,26,0",1,2130.0,2250,0.8501,120.20815,26.70354,53.40708,3 0 3 3 3 3 3 0 0 3 3 0 3 0 0 0 0 0 0 0 0 0 0 0 0 0 0 0 0 0 0 0 0 0 0 0 0 0 0 0 0 0 0 0 0 0 0 0 0 0 0 0 0 0 0 0 0 0 0 0 0 0 0 0 0 0 0 0 0 0 0 0 0 0 0 0 0 0 0 0 0 0 0 0 0 0 0 0 0 0 0 0 0 0 3 0 0 0 0 0 0 0 0 0 0 0 0 0 0 0 0 0 0 0 0 0 0 0 0 0 0 0 0 0 0 0 0 0 0 0 0 0 0 0 3 3 3 0 0 0 0 0 0 0 0 0 0 0 0 0 0 0 0 0 0 0 0 0 0 0 0 0 0 0 0 0 0 0 0 0 0 3 0 0 0 0 0 0 0 0 0 0 0 0 0 0 0 0 0 0 0 0 0 0 0 0 0 0 0 0 0 0 0 0 0 0 0 3 3 0 0 3 0
508,SIPP_2^3,"209,222,0","192,26,0",1,2061.1084569999994,1822,1.0548,39.95758,7.85398,15.70796,6 6 6 6 7 7 7 6 7 -1.403 7 0 0 0 0 0 0 0 0 0 0 0 0 0 0 0 0 0 0 0 0 0 0 0 0 0 0 0 0 0 0 0 0 0 0 0 0 0 0 0 0 0 0 0 0 0 0 0 0 0 0 0 0 0 0 0 0 0 0 0 0 0 0 0 0 0 0 0 0 0 0 0 0 0 0 0 0 0 0 0 0 0 0 0 0 0 0 0 0 0 0 0 0 0 0 0 0 0 0 0 0 0 0 0 0 0 0 0 0 0 0 0 0 0 7 0 0 0 0 0 0 0 0 0 0 7 7 7 0 0 0 0 0 0 0 0 0 0 0 0 0 0 0 0 0 0 0 0 0 0 7 7 7 0 0 0 0 0 0 0 0 0 0 0 0 0 0 0 0 0 0 0 0 0 0 0 0 0 0 0 0 0 0 0 0 0 0 0 0 0 0 0
508,SIPP_2^4,"209,222,0","192,26,0",1,2056.913086,2394,3.74861,40.32055,7.95792,15.91584,13 12 13 13 12 13 -0.010 15 0 0 0 0 0 0 0 0 0 0 0 0 0 0 0 0 0 0 0 0 0 0 0 0 0 0 0 0 0 0 0 0 0 0 0 0 0 0 0 0 0 0 0 0 0 0 0 0 0 0 0 0 0 0 0 0 0 0 0 0 0 0 0 0 0 0 0 0 0 0 0 0 0 0 0 0 0 0 0 0 0 0 0 0 0 0 0 0 0 0 0 0 0 0 0 0 0 0 0 0 0 0 0 0 0 0 0 0 0 0 0 0 0 0 0 0 0 0 0 0 15 15 0 0 0 0 0 0 0 0 0 0 0 15 15 15 0 0 0 0 0 0 0 0 0 -0.867 12 -2.366 0 0 0 0 -0.064 0 0 0 0 0 0 0 0 0 0 0 0 0 0 0 0 0 0 0 0 0 0 0 0 0 0 0 0 0 0 0 0 0 0 0 0
508,SIPP_2^5,"209,222,0","192,26,0",1,2056.913086,2601,10.00654,15.84362,3.17955,6.3591,25 25 26 26 -1.805 31 0 0 0 0 0 0 0 0 0 0 0 0 0 0 0 0 0 0 0 0 0 0 0 0 0 0 0 0 0 0 0 0 0 0 0 0 0 0 0 0 31 31 0 0 0 0 0 0 0 0 0 0 0 0 0 0 0 0 0 0 0 0 0 0 0 0 0 0 0 0 0 0 0 0 0 0 0 0 0 0 0 0 0 0 0 0 0 0 0 0 0 0 0 0 0 0 0 0 0 0 0 0 0 0 0 0 0 0 0 0 0 0 31 31 31 0 0 0 0 0 0 0 0 0 0 31 -0.354 0 -1.109 0 -0.370 0 -0.093 0 -0.020 0 0 0 0 0 -0.017 0 -11.388 0 -2.366 0 0 0 0 -0.064 0 0 0 0 0 0 0 0 0 0 0 0 0 0 0 0 0 0 0 0 0 0 0 0 0 0 0 0 0 0 0 0 0 0 0 0
508,SIPP_BigCS,"209,222,9","192,26,9",1,2056.821599,14756,86.55538,18.25896,3.5161,0.4211,87 -0.557 245 2 6 2 2 2 2 2 2 30 306 2 6 6 6 2 2 2 2 2 6 2 82 362 6 -13.265 2 2 2 2 2 6 6 6
508,SIPP_Standard,"209,222,9","192,26,9",1,2101.0,8245,17.48499,31.97836,6.141,0.8331,23 46 2 2 2 2 2 2 2 2 2 2 2 6 106 49 100 66 54 90 2 2 2 2 2 2
509,SIPP_2^2,"64,15,0","204,147,0",0,-1,0,0.0,0.0,0.0,0.0,
509,SIPP_2^3,"64,15,0","204,147,0",0,-1,0,0.0,0.0,0.0,0.0,
509,SIPP_2^4,"64,15,0","204,147,0",0,-1,0,0.0,0.0,0.0,0.0,
509,SIPP_2^5,"64,15,0","204,147,0",0,-1,0,0.0,0.0,0.0,0.0,
509,SIPP_BigCS,"64,15,0","204,147,0",0,-1,0,0.0,0.0,0.0,0.0,
509,SIPP_Standard,"64,15,2","204,147,7",0,-1,0,2e-05,0.0,0.0,0.0,
510,SIPP_2^2,"0,11,0","78,175,0",0,-1,0,0.0,0.0,0.0,0.0,
510,SIPP_2^3,"0,11,0","78,175,0",0,-1,0,0.0,0.0,0.0,0.0,
510,SIPP_2^4,"0,11,0","78,175,0",0,-1,0,0.0,0.0,0.0,0.0,
510,SIPP_2^5,"0,11,0","78,175,0",0,-1,0,0.0,0.0,0.0,0.0,
510,SIPP_BigCS,"0,11,0","78,175,0",0,-1,0,0.0,0.0,0.0,0.0,
510,SIPP_Standard,"0,11,14","78,175,15",0,-1,0,1e-05,0.0,0.0,0.0,
511,SIPP_2^2,"214,29,0","125,195,0",0,-1,0,0.0,0.0,0.0,0.0,
511,SIPP_2^3,"214,29,0","125,195,0",0,-1,0,0.0,0.0,0.0,0.0,
511,SIPP_2^4,"214,29,0","125,195,0",0,-1,0,0.0,0.0,0.0,0.0,
511,SIPP_2^5,"214,29,0","125,195,0",0,-1,0,0.0,0.0,0.0,0.0,
511,SIPP_BigCS,"214,29,0","125,195,0",0,-1,0,0.0,0.0,0.0,0.0,
511,SIPP_Standard,"214,29,8","125,195,10",0,-1,77443,180.00132,0.0,0.0,0.0,
512,SIPP_2^2,"243,13,0","64,64,0",0,-1,0,0.0,0.0,0.0,0.0,
512,SIPP_2^3,"243,13,0","64,64,0",0,-1,0,0.0,0.0,0.0,0.0,
512,SIPP_2^4,"243,13,0","64,64,0",0,-1,0,0.0,0.0,0.0,0.0,
512,SIPP_2^5,"243,13,0","64,64,0",0,-1,0,0.0,0.0,0.0,0.0,
512,SIPP_BigCS,"243,13,0","64,64,0",0,-1,0,0.0,0.0,0.0,0.0,
512,SIPP_Standard,"243,13,6","64,64,10",0,-1,0,2e-05,0.0,0.0,0.0,
513,SIPP_2^2,"9,197,0","199,208,0",0,-1,0,0.0,0.0,0.0,0.0,
513,SIPP_2^3,"9,197,0","199,208,0",0,-1,0,0.0,0.0,0.0,0.0,
513,SIPP_2^4,"9,197,0","199,208,0",0,-1,0,0.0,0.0,0.0,0.0,
513,SIPP_2^5,"9,197,0","199,208,0",0,-1,0,0.0,0.0,0.0,0.0,
513,SIPP_BigCS,"9,197,0","199,208,0",0,-1,0,0.0,0.0,0.0,0.0,
513,SIPP_Standard,"9,197,5","199,208,5",0,-1,0,3e-05,0.0,0.0,0.0,
514,SIPP_2^2,"219,53,0","166,236,0",0,-1,0,0.0,0.0,0.0,0.0,
514,SIPP_2^3,"219,53,0","166,236,0",0,-1,0,0.0,0.0,0.0,0.0,
514,SIPP_2^4,"219,53,0","166,236,0",0,-1,0,0.0,0.0,0.0,0.0,
514,SIPP_2^5,"219,53,0","166,236,0",0,-1,0,0.0,0.0,0.0,0.0,
514,SIPP_BigCS,"219,53,0","166,236,0",0,-1,0,0.0,0.0,0.0,0.0,
514,SIPP_Standard,"219,53,2","166,236,15",0,-1,1,0.02044,0.0,0.0,0.0,
515,SIPP_2^2,"70,124,0","245,67,0",0,-1,0,0.0,0.0,0.0,0.0,
515,SIPP_2^3,"70,124,0","245,67,0",0,-1,0,0.0,0.0,0.0,0.0,
515,SIPP_2^4,"70,124,0","245,67,0",0,-1,0,0.0,0.0,0.0,0.0,
515,SIPP_2^5,"70,124,0","245,67,0",0,-1,0,0.0,0.0,0.0,0.0,
515,SIPP_BigCS,"70,124,0","245,67,0",0,-1,0,0.0,0.0,0.0,0.0,
515,SIPP_Standard,"70,124,8","245,67,7",0,-1,69895,180.00142,0.0,0.0,0.0,
516,SIPP_2^2,"37,29,0","127,197,0",1,2580.0,19915,6.80589,636.3961,141.37167,282.74334,1 1 1 1 1 1 1 1 1 1 1 1 1 1 1 1 1 1 1 1 1 1 1 1 2 2 2 1 2 2 2 2 2 2 2 2 2 2 2 2 2 2 2 2 2 2 1 1 1 1 2 1 2 1 2 2 2 2 2 2 2 2 2 2 2 2 2 2 1 2 1 2 1 2 2 2 1 2 2 1 2 2 2 1 2 1 2 2 2 1 2 2 2 2 2 2 2 2 2 2 2 2 2 2 2 2 2 2 2 2 2 2 2 2 2 2 1 2 2 2 2 2 1 1 1 1 1 1 1 1 1 1 1 2 1 1 2 1 2 1 2 1 2 1 1 1 2 1 2 2 2 2 2 2 2 1 1 2 2 2 2 2 2 2 1 2 2 1 2 2 2 2 2 2 2 2 2 2 1 2 1 2 2 1 2 1 2 2 1 2 1 1 2 1 2 2 2 2 2 1 2 2 2 2 2 2 2 2 2 1 1 2 1 2 2 1 1 2 1 2 2 2 2 2 2 2 2 2 1 2 1 2 2 1 2 1 2 2 2 1 2 1 1 2 1 2 2 2 1 2 2 2 1 2 2 2 2 1
516,SIPP_2^3,"37,29,0","127,197,0",1,2087.939423999998,7480,4.91091,131.65332,25.91814,51.83628,4 4 4 4 4 4 4 4 4 4 4 4 4 4 4 4 4 4 4 4 4 4 4 4 4 4 4 3 3 3 3 3 3 3 3 3 4 3 3 3 3 4 3 3 3 2 2 2 3 3 3 3 3 2 3 2 3 2 3 3 3 4 4 4 4 4 3 3 3 3 3 3 4 4 4 4 4 4 4 4 3 3 3 3 4 3 4 4 3 4 3 3 3 3 3 3 4 4 4 4 4 4 4 4 4 4 4 4 4 4 4 4 3 3 3 3 3 3 3 3 3 3 3 3 3 3 3 3 4 3 3 3 3 3 3 3 3 3 3 3 3 3 3 3 3 3 3 3 4 4 4 4 4 4 3 3 4 4 4 4 4 4 4 3 3 4 4 4 4 4 4 4 4 3
516,SIPP_2^4,"37,29,0","127,197,0",1,1955.7650839999992,3220,5.47216,46.06144,9.17894,18.35788,6 6 7 6 7 7 7 7 7 7 6 6 7 7 7 7 -1.707 7 5 5 6 6 6 6 6 6 6 7 7 7 7 7 7 7 7 7 7 7 7 7 7 7 7 7 7 7 7 6 7 7 7 6 6 6 6 6 6 6 7 6 6 6 6 6 7 7 7 7 6 7 7 7 7 7 7 7 7 7 7 7 7 8 8 8 8 8 8 8 8 8 8 8 8 8 8 8 8 8 7 7 8 7 8 7 7 7 7 8 7
516,SIPP_2^5,"37,29,0","127,197,0",1,1941.90728,2707,11.8169,31.75944,6.34156,12.68311,13 13 14 13 14 13 13 15 14 14 14 11 11 12 12 12 12 12 13 14 14 14 14 14 14 14 14 14 14 14 14 14 14 14 14 14 14 14 13 13 13 12 12 12 12 12 13 12 12 12 12 13 14 14 14 14 14 14 14 14 14 14 14 14 14 15 16 16 15 15 16 16 15 15 16 16 15 16 16 15 15 15 16 16 15
516,SIPP_BigCS,"37,29,0","127,197,5",1,1938.289689,12694,91.80206,36.32514,5.9755,0.8501,180 200 200 200 216 100 100 188 -1.290 68 255 100 100 152 192 192 192 192 200 200 200 216 100 100 152 248 100 180 200 200 200 200 200 200 200 200 200 200 200 200 200 200 200 200 304 4 4 4 4 4 4 4 4 4 4 4 4 4 80 304
516,SIPP_Standard,"37,29,0","127,197,5",1,1990.809797,13902,35.71751,42.91399,6.9584,0.7731,56 64 52 -4.608 56 72 -4.309 63 87 4 56 56 56 56 56 88 8 52 88 -20.892 4 56 56 64 28 44
517,SIPP_2^2,"26,148,0","162,36,0",0,-1,0,0.0,0.0,0.0,0.0,
517,SIPP_2^3,"26,148,0","162,36,0",0,-1,0,0.0,0.0,0.0,0.0,
517,SIPP_2^4,"26,148,0","162,36,0",0,-1,0,0.0,0.0,0.0,0.0,
517,SIPP_2^5,"26,148,0","162,36,0",0,-1,0,0.0,0.0,0.0,0.0,
517,SIPP_BigCS,"26,148,0","162,36,0",0,-1,0,0.0,0.0,0.0,0.0,
517,SIPP_Standard,"26,148,3","162,36,14",0,-1,0,2e-05,0.0,0.0,0.0,
518,SIPP_2^2,"209,10,0","119,177,0",1,2737.088577,17060,6.1862,367.69553,81.68141,163.36282,0 0 3 0 3 3 0 3 3 3 2 2 2 3 2 3 2 3 2 2 2 -45.057 2 -4.686 2 2 3 3 2 2 2 2 2 2 2 2 2 2 2 2 2 2 2 2 2 2 2 2 2 2 2 2 2 2 2 2 2 2 2 2 2 2 2 2 2 2 2 2 2 2 2 2 2 2 2 2 2 2 2 2 2 2 2 2 2 2 2 2 2 2 2 2 2 2 2 2 2 2 2 2 2 3 2 2 2 2 2 2 2 2 2 2 2 2 2 2 2 2 2 2 2 2 2 2 2 2 2 2 2 2 2 2 2 2 2 2 2 3 3 2 3 3 3 2 3 3 3 3 3 3 3 3 3 3 3 2 2 3 3 3 3 3 3 3 3 3 3 3 3 3 3 3 3 3 3 2 3 3 3 3 3 3 3 3 3 3 3 3 3 3 3 3 3 3 3 3 3 3 3 3 3 3 3 3 3 3 2 2 2 2 2 2 2 2 2 3 2 2 3 2 2 2 2 3 2 3 2 3 2 2 2 3 2 3 2 2 2 2 2 3 2 2 2 2 -8.510 1 2 2 -1.857 2 -5.225 2 -0.178 2 -0.288 2 -1.169 2 -0.106 2 -0.013 2 2 2 2 3 2 3 3 2 3 3 3 2 2 3 2
518,SIPP_2^3,"209,10,0","119,177,0",1,2236.795835,5152,3.10303,119.155,23.56195,47.12389,0 7 7 7 6 5 5 5 5 5 5 5 5 5 5 4 4 4 4 4 4 4 4 4 4 4 4 4 4 4 4 4 4 4 4 4 4 4 4 4 4 4 3 3 4 4 3 4 4 4 4 4 4 4 4 4 4 4 4 4 4 4 4 4 4 4 4 4 4 4 4 4 4 5 4 4 4 4 4 4 4 4 4 4 4 4 5 5 4 5 4 4 4 4 4 4 4 4 4 5 5 4 5 5 4 4 5 5 5 5 5 5 5 5 5 5 5 5 5 5 6 6 6 6 6 5 5 5 5 6 5 5 4 4 5 5 5 5 5 5 5 5 5 5 5 5 5 5 5 5 5 5 5 5 5 5 5 5 5 5 5 5 5 5 5 5 5 4 4 4 4 4 4 4 4 5 5 4 4 4 -1.283 5 5 6 6 6 6 6 6 6 6
518,SIPP_2^4,"209,10,0","119,177,0",1,2141.056731999995,3095,4.81844,62.56679,12.38652,24.77304,0 14 14 13 10 10 9 10 10 10 10 9 9 9 8 8 8 8 8 7 8 8 8 8 8 8 8 8 7 8 8 8 8 8 7 8 8 8 8 8 8 8 8 8 8 8 8 8 8 8 8 8 8 8 8 8 8 8 8 8 8 9 9 8 8 8 8 8 8 8 8 8 8 8 8 8 8 8 8 8 9 8 8 9 8 8 8 -5.609 10 9 9 9 10 10 10 10 10 10 10 10 10 10 10 10 10 10 10 10 10 11 10 10 10 10 10 10 10 10 10 10 10 10 10 10 10 10 10 10 10 10 10 10 10 10 10 10 10 10 10 10 10 10 10 10 10 10 10 10 10 10 10 10 10 10 10 10 11 11 9 9
518,SIPP_2^5,"209,10,0","119,177,0",1,2108.4531099999954,2815,10.98207,47.59318,9.18313,18.36625,15 16 16 16 16 16 16 16 16 16 16 16 16 16 16 16 16 17 12 22 22 22 22 20 20 16 16 16 16 16 16 16 16 16 17 17 17 17 16 17 17 17 17 -8.970 16 -10.025 16 16 16 16 16 16 16 16 16 16 16 16 16 16 16 16 16 16 16 16 16 15 15 12 12 20 20 20 20 20 20 20 20 20 20 20 20 20 20 20 20 20 20 20 20 20 20 20 20 20 20 20 20 20 20 20 20 20 20 20 20 20 20 20 20 20 20 20 20 20 20 20 20 20 20 20 20 20 20 20 20 20 20 20 20 20 20 20 20 21 20 20 20 21 21 20
518,SIPP_BigCS,"209,10,13","119,177,12",1,2128.0,23579,118.73483,50.02044,9.6932,2.3728,70 349 103 179 206 206 382 200 360 4 4 4 4 4 4 4 4 4 4 4 4 4 4 4 4 4 0 4 4 4 4 4 4 4 4 56 366 0 4 56 206 342 344 127 358 103 103 103 103 103 103 103 103 103 155 355 103 103 103 103 103 103 103 103 103 103 103 103 103 103 103 103 103 103 103 103 103 103 103 103 103 103 103 103 103 103 103 103 103 103 103 103 103 103 103 103 103 103 103 103 103 103 103
518,SIPP_Standard,"209,10,13","119,177,12",1,2313.133734,13751,23.98138,53.45719,9.9165,1.1395,21 44 -13.134 20 55 59 83 0 0 0 0 16 94 0 0 4 96 70 31 55 59 59 67 55 67 55 67 55 91
519,SIPP_2^2,"197,40,0","10,83,0",0,-1,0,0.0,0.0,0.0,0.0,
519,SIPP_2^3,"197,40,0","10,83,0",0,-1,0,0.0,0.0,0.0,0.0,
519,SIPP_2^4,"197,40,0","10,83,0",0,-1,0,0.0,0.0,0.0,0.0,
519,SIPP_2^5,"197,40,0","10,83,0",0,-1,0,0.0,0.0,0.0,0.0,
519,SIPP_BigCS,"197,40,0","10,83,0",0,-1,0,0.0,0.0,0.0,0.0,
519,SIPP_Standard,"197,40,0","10,83,14",0,-1,0,4e-05,0.0,0.0,0.0,
520,SIPP_2^2,"187,43,0","177,240,0",1,2740.066967,18632,6.61451,530.33009,117.80972,235.61945,-0.005 2 2 1 2 1 1 1 2 2 1 2 2 2 2 2 2 2 2 2 2 2 2 2 2 2 2 2 2 2 1 1 1 2 2 2 2 2 2 2 2 2 2 2 2 2 2 2 2 2 2 2 2 2 2 2 2 2 3 2 2 2 2 2 2 3 2 2 2 2 2 2 2 2 2 2 2 1 1 2 2 2 2 2 1 2 2 2 2 2 1 2 2 2 2 1 1 1 2 1 2 1 1 2 2 2 2 2 2 1 1 2 1 2 2 2 2 2 2 1 2 2 1 2 2 -1.570 2 -3.226 2 3 3 3 3 3 2 2 2 2 2 2 2 3 2 2 2 2 2 2 2 2 2 2 2 2 2 2 3 3 2 3 2 2 2 2 2 2 2 2 2 2 2 2 2 2 2 2 2 2 3 2 2 2 2 2 2 2 2 2 2 2 1 2 1 -107.782 2 -0.534 2 -0.151 2 2 3 2 2 2 3 2 2 2 2 2 2 3 2 2 2 3 2 -46.810 2 -9.940 2 -0.012 2 -0.012 3 -0.012 2 -0.012 2 2 2 3 3 2 3 3 2 2 2 2 2 3 3 3 2 2 2 3 2 3 2 3 3 3 2 2 3 3 3 2 3 2 2 2 2 3 2 2 3
520,SIPP_2^3,"187,43,0","177,240,0",1,2410.9742629999982,12459,7.78943,210.96129,41.6261,83.25221,-0.005 4 4 3 3 3 3 3 4 3 4 4 4 4 4 4 4 4 4 4 4 3 3 3 4 4 4 4 -0.026 5 4 4 4 4 4 4 4 4 4 4 4 4 4 4 4 4 4 4 4 4 4 4 4 4 4 4 4 4 4 4 4 4 4 3 2 2 2 2 4 4 -0.369 4 4 4 4 4 4 5 5 3 3 4 4 4 4 4 4 4 4 4 4 4 4 4 4 4 4 3 3 4 3 4 3 3 3 3 3 3 3 4 4 3 5 5 5 5 5 5 5 5 4 4 4 4 4 4 4 4 4 4 4 4 4 4 5 4 4 4 4 4 4 4 4 5 5 4 4 4 -112.724 4 -6.470 6 -2.143 5 5 5 4 5 4 4 5 4 4 4 5 4 5 4 4 5 5 5 5 5 5 5 4 5 5 5 5 4 4 5 5 4 5 5 5 5 5 4 4 4 4 4 4 4 4 4 4 4 4 3 3 4 4 3
520,SIPP_2^4,"187,43,0","177,240,0",1,2352.273782999997,11354,18.48655,111.64746,22.22706,44.45412,-0.005 8 7 6 6 6 6 8 7 7 7 8 8 8 8 8 8 8 8 8 7 7 8 8 8 8 8 8 8 8 8 8 8 8 8 8 8 8 8 8 8 8 8 8 9 8 8 8 8 8 8 8 9 8 5 4 4 4 6 8 9 9 9 8 8 7 7 7 7 7 8 8 8 7 7 7 8 8 7 7 7 7 8 8 7 8 8 8 8 8 8 8 8 8 8 8 9 9 8 9 9 9 9 9 9 9 9 9 8 8 -160.682 8 -6.470 12 -2.143 10 10 10 8 8 8 8 9 9 9 8 8 8 8 8 8 9 9 9 9 8 9 9 9 9 9 9 9 9 8 9 9 9 8 8 9
520,SIPP_2^5,"187,43,0","177,240,0",1,2341.9431409999993,11283,45.5195,64.71065,13.05805,26.11609,15 12 12 12 12 16 15 15 15 16 16 16 16 15 15 16 16 16 16 16 16 16 16 16 16 16 16 16 16 16 16 16 16 16 16 16 16 16 16 17 17 16 16 16 16 12 8 8 8 8 12 -0.540 16 16 16 18 18 17 15 15 15 15 15 15 15 14 14 15 15 14 15 17 17 17 17 17 17 17 17 17 18 17 -179.765 16 -6.470 24 -2.143 20 20 20 17 17 17 17 17 17 17 17 17 17 18 17 17 18 17 18 18 18 17
520,SIPP_BigCS,"187,43,1","177,240,14",0,-1,33287,180.24428,0.0,0.0,0.0,
520,SIPP_Standard,"187,43,1","177,240,14",1,2420.432848,71573,153.81828,82.64688,15.5582,2.0179,-3.994 64 52 88 16 94 0 16 110 -27.960 44 8 52 56 56 104 55 67 51 110 -58.176 52 -33.303 104 39 20 31 51 70 51 102 72
521,SIPP_2^2,"116,12,0","198,185,0",1,3164.382126,23515,8.01493,459.61941,102.10176,204.20352,0 0 0 3 3 3 3 3 3 3 3 3 0 0 0 0 3 0 3 3 3 3 3 3 0 3 3 -14.486 2 2 1 2 1 2 2 1 1 1 2 2 2 2 2 2 2 2 2 2 2 2 2 2 2 2 2 2 2 2 2 2 2 2 2 2 2 2 2 2 2 2 2 2 1 1 1 1 1 2 2 2 2 1 2 2 2 2 2 1 2 1 2 1 -41.781 2 -18.115 2 2 2 2 2 2 2 2 2 2 2 2 2 2 2 2 2 2 2 2 2 2 2 1 1 1 2 2 1 2 2 2 2 2 2 2 2 2 2 2 2 2 2 2 2 2 2 2 2 2 2 2 2 2 2 2 2 2 2 2 2 2 2 2 2 2 2 2 2 2 2 2 2 2 2 2 2 2 1 2 1 2 2 2 2 2 2 2 2 2 2 2 2 2 2 2 2 2 2 2 2 1 1 1 1 1 1 1 1 1 1 1 1 1 1 1 1 1 1 1 1 1 1 1 1 1 1 1 2 2 1 2 1 1 1 2 2 1 1 1 1 1 2 1 1 2 2 2 2 2 1 2 2 1 1 1 1 2 1 1 2 1 1 1 1 1 2 2 2 1 2 2 1 1 1 2 1 1 1 1 1 1 1 1 1 1 1 1 1 1 1 1 1 1 1 1 1 2 1 2 2 2 2 1 2 2 2 1 2 2 2 2 2 1 2 2 1
521,SIPP_2^3,"116,12,0","198,185,0",1,2636.6832019999947,6955,4.32866,252.16942,49.48009,98.96017,0 0 7 7 6 6 6 6 6 6 7 6 6 6 6 6 6 6 6 6 7 6 5 -4.055 2 -7.651 3 2 1 2 2 -0.302 2 -2.016 3 -0.040 3 -0.040 3 -0.040 3 4 4 4 4 4 4 4 4 4 4 4 4 3 4 3 3 3 4 4 3 4 4 4 3 3 4 -2.203 5 4 4 4 4 4 4 4 5 4 4 4 4 4 4 5 5 5 6 6 -9.846 5 5 3 3 3 3 3 3 4 4 4 4 4 3 3 4 3 3 3 2 3 2 3 3 3 3 3 3 3 3 3 3 3 3 3 3 3 3 3 3 4 3 3 3 3 3 3 3 3 3 3 3 3 3 3 3 3 3 3 3 3 3 3 2 3 3 3 3 3 4 3 4 4 3 4 4 3 3 4 3 3 3 4 3 4 4 3 3 3 3 3 3 3 3 3 3 3 3 3 3 3 3 3 3 3 3 3 3 3 4 4 4 4 4 4 4 4 4 4 4 4 4 4 4 4 3 4 4 4 4 3 4 3
521,SIPP_2^4,"116,12,0","198,185,0",1,2563.2887819999924,4453,7.18191,109.15132,21.5275,43.05501,0 0 14 12 12 12 12 12 12 12 12 12 12 12 13 13 12 13 12 9 -5.594 6 3 3 4 -2.961 4 -2.016 6 -0.040 6 -0.040 6 -1.521 7 7 8 8 7 7 7 7 7 7 8 8 8 8 8 -0.036 8 -0.106 8 -0.013 8 -4.617 8 -10.202 10 8 8 8 8 8 8 8 8 8 8 9 8 -0.130 9 10 -0.391 10 12 12 -8.971 11 7 7 7 7 7 6 7 7 6 6 6 6 6 6 6 6 6 6 6 6 6 6 6 6 6 6 6 6 6 6 6 6 6 6 6 6 6 6 6 6 6 6 6 6 6 6 6 6 6 6 6 5 6 5 6 7 7 7 7 6 7 7 7 7 7 7 6 7 7 7 7 7 6 6 6 6 6 6 7 7 7 7 7 7 7 7 7 7 7 7 7 8 7
521,SIPP_2^5,"116,12,0","198,185,0",1,2558.112914999994,4334,17.49644,84.17734,17.56543,35.13085,0 0 28 24 24 25 24 24 25 24 24 24 24 24 24 24 24 24 24 -26.289 9 -0.169 7 -3.912 8 -2.016 12 -0.040 12 -0.040 12 -0.040 12 15 15 15 14 15 15 15 -2.706 16 -1.047 16 -0.410 16 -0.106 16 -0.013 16 -16.674 17 17 17 16 16 16 16 -3.935 16 -1.012 16 -1.142 16 -1.235 22 -2.515 16 24 24 -2.126 18 18 14 13 13 13 14 12 12 12 11 11 12 12 12 12 12 12 12 12 12 12 12 12 12 12 12 12 12 12 12 12 12 12 12 12 12 12 12 12 12 12 12 12 12 12 12 12 12 12 12 12 14 14 13 13 14 14 14 14 14 14 13 13 12 13 13 13 13 14 14 14 14 14 14 14 14 15 14 14 15
521,SIPP_BigCS,"116,12,9","198,185,2",0,-1,28678,180.01842,0.0,0.0,0.0,
521,SIPP_Standard,"116,12,9","198,185,2",1,2586.669555,5936,12.76384,65.1678,11.742,1.6158,54 82 11 35 -95.577 64 48 87 0 0 20 -6.093 35 56 64 28 48 63 79 64 28 28 52 56 56 64 52 64 52 56 56 96
522,SIPP_2^2,"246,175,0","137,27,0",0,-1,0,0.0,0.0,0.0,0.0,
522,SIPP_2^3,"246,175,0","137,27,0",0,-1,0,0.0,0.0,0.0,0.0,
522,SIPP_2^4,"246,175,0","137,27,0",0,-1,0,0.0,0.0,0.0,0.0,
522,SIPP_2^5,"246,175,0","137,27,0",0,-1,0,0.0,0.0,0.0,0.0,
522,SIPP_BigCS,"246,175,0","137,27,0",0,-1,0,0.0,0.0,0.0,0.0,
522,SIPP_Standard,"246,175,5","137,27,13",0,-1,79535,180.00104,0.0,0.0,0.0,
523,SIPP_2^2,"103,254,0","224,98,0",1,2836.005642,21776,7.22872,643.46717,142.94247,285.88493,0 0 0 0 0 0 0 0 0 0 0 0 0 0 0 0 3 3 0 0 0 -15.965 0 -0.093 1 -9.949 0 0 0 0 0 0 0 0 0 0 0 0 0 0 0 0 0 0 0 0 0 0 0 0 0 0 0 0 0 0 0 0 0 0 0 0 0 0 0 1 0 0 1 0 1 1 0 1 0 0 1 0 1 1 0 1 1 1 1 1 1 1 0 1 0 1 1 1 0 0 1 1 1 1 0 1 0 1 0 1 1 1 1 1 1 1 1 1 1 1 1 1 1 0 1 0 1 0 0 0 0 0 0 0 1 1 0 1 1 0 1 0 1 0 1 0 1 0 0 0 1 0 1 0 0 1 1 1 0 0 1 0 0 0 1 1 1 1 0 0 0 1 0 1 0 0 0 0 0 1 0 1 1 0 0 0 0 0 0 0 0 0 0 0 0 0 0 0 0 0 0 0 0 0 0 0 0 0 0 0 0 0 0 0 1 1 1 1 1 0 1 1 1 1 1 1 1 1 1 1 1 1 1 0 1 0 0 1 1 1 0 1 0 1 0 0 0 1 1 1 1 1 1 1 1 1 1 0 1 1 1 0 1 1 1 0 1 1 1 1 1 1 1 0 1 1 1 0 1 1 1 1 0 1 1 1 0 1
523,SIPP_2^3,"103,254,0","224,98,0",1,2153.6640259999967,4820,3.00732,163.22551,32.20133,64.40265,0 0 1 1 1 1 1 0 0 1 1 1 0 0 0 0 0 0 0 0 0 1 0 0 0 0 0 1 1 1 1 1 1 1 1 1 1 1 0 0 0 0 0 1 1 1 1 1 0 0 0 1 0 1 1 1 0 1 1 0 0 0 1 1 0 0 0 0 0 0 0 0 1 1 1 1 1 1 1 1 1 1 1 1 1 1 2 2 2 2 1 1 1 1 1 1 1 1 1 1 1 2 2 1 -4.598 1 1 1 0 0 0 0 0 1 1 1 1 1 1 1 0 1 0 1 1 0 1 1 1 1 1 1 1 1 1 1 1 1 1 0 1 1 1 1 1 1 0 1 0 1 1 1 1 1 1 1 1 1 1 1 1 2 2 2 2 1 2 2 2 2 2 1
523,SIPP_2^4,"103,254,0","224,98,0",1,2088.5212319999996,4022,6.34748,70.47916,14.10914,28.21828,0 0 0 1 1 1 1 1 1 1 1 1 0 0 1 0 1 1 1 1 1 2 2 1 1 1 1 1 1 2 1 1 2 2 1 2 1 2 0 0 0 0 0 0 0 1 2 2 2 3 3 3 3 3 3 3 3 2 2 2 2 2 2 2 2 2 2 2 2 2 3 3 2 2 2 2 2 3 1 0 -1.417 0 -1.430 2 0 0 0 0 -1.828 3 -1.521 2 -0.040 2 1 1 1 1 1 1 1 1 1 1 2 2 2 2 2 2 2 2 2 3 3 3 3 3 2 2 3 -1.395 3 3 3
523,SIPP_2^5,"103,254,0","224,98,0",1,2075.983083,3891,15.63279,21.33287,4.24456,8.48912,1 1 1 1 1 1 2 2 2 2 -0.200 2 2 2 2 2 3 2 2 3 3 3 3 3 3 1 1 0 0 0 0 0 4 4 6 5 5 5 5 5 5 5 5 5 5 5 5 5 4 4 4 4 4 4 4 4 4 3 1 1 1 1 1 1 1 2 2 2 3 4 4 4 4 4 4 4 5 5 -0.349 6 7 -1.808 8 8 8 8
523,SIPP_BigCS,"103,254,10","224,98,13",0,-1,30044,180.06174,0.0,0.0,0.0,
523,SIPP_Standard,"103,254,10","224,98,13",1,2099.249154,16414,33.05651,51.56066,9.0061,0.8615,60 92 18 68 49 68 49 60 92 18 84 13 76 65 53 65 49 -25.249 60 60 68 49 68 53 57 57
524,SIPP_2^2,"208,97,0","18,144,0",1,2628.6117160000003,17436,6.12982,381.83766,84.823,169.646,2 2 3 3 3 3 3 3 2 2 3 3 3 2 3 3 3 3 3 2 2 2 3 2 3 2 3 3 2 3 2 3 3 3 3 2 2 2 2 2 3 -4.006 3 -0.012 3 3 3 3 3 3 3 3 3 3 3 3 3 3 3 3 3 3 3 3 3 3 3 3 3 3 3 3 3 3 3 3 3 3 3 3 3 3 3 3 3 3 3 3 3 3 3 3 3 3 3 3 3 3 3 3 3 3 3 3 0 3 3 3 3 3 3 0 0 3 3 3 3 3 3 3 3 3 3 0 -1.952 3 -20.043 3 -0.029 3 -0.034 3 3 2 2 2 2 2 3 2 2 2 3 3 3 3 3 3 3 3 3 3 3 3 3 3 3 3 3 2 2 2 2 2 3 2 3 2 3 2 3 3 3 3 3 0 3 0 0 0 0 3 3 3 3 3 3 3 3 3 2 3 3 2 3 3 3 3 2 3 3 3 3 3 3 3 3 3 3 3 3 3 3 3 3 3 3 3 3 3 3 3 3 3 3 3 3 3 3 3 2 2 2 2 2 2 2 2 3 3 3 2 3 3 3 3 3 3 3 3 3 3 2 2 2 2 -11.451 2 -1.086 2 2 1 2 2 2 1 2
524,SIPP_2^3,"208,97,0","18,144,0",1,2159.5332079999976,8126,5.28321,167.85427,32.98672,65.97345,5 5 5 5 5 5 5 6 6 6 6 5 5 5 5 6 6 6 6 5 6 6 6 5 6 6 6 6 6 6 6 6 6 6 6 6 6 6 6 6 6 6 6 6 6 6 6 6 6 6 6 6 6 6 6 6 6 6 6 6 6 6 6 6 6 6 6 6 6 6 6 6 6 6 6 6 6 6 6 6 6 6 6 6 6 6 6 6 6 6 6 6 6 6 6 6 5 5 5 5 5 5 5 6 5 5 6 5 5 6 6 6 6 5 6 6 6 6 5 6 6 6 6 6 6 5 6 6 5 6 6 6 5 6 5 5 5 6 6 5 7 7 7 7 6 6 6 7 6 6 6 6 6 6 6 6 6 6 6 6 6 6 6 6 6 6 6 5 5 5 5 5 5 6 6 6 6 6 6 6 5 5 6 5 5 5 5 4 5 4 5 4 4 5
524,SIPP_2^4,"208,97,0","18,144,0",1,2078.8339579999993,6077,10.65761,43.96226,8.74332,17.48664,10 10 10 10 11 11 11 11 11 11 11 11 11 12 -2.406 11 11 12 12 12 12 12 12 12 12 12 12 12 12 12 12 12 12 12 12 12 12 12 12 12 12 12 12 12 12 12 12 12 12 12 12 12 12 12 12 12 12 12 12 12 12 12 12 12 12 12 12 12 12 12 12 12 12 12 12 12 12 12 12 12 12 12 12 12 12 12 12 12 12 12 12 12 12 12 12 11 11 11 11 12 12 12 11 11 11 11 11 11 11 11 11 11 11 11 12 11 12 14 14 13 13 12 12 12 12 12 12 12 12 12 12 12 12 12 12 12 12 11 11 11 11 11 11 11 11 12 10 10 9 9 10 9 9
524,SIPP_2^5,"208,97,0","18,144,0",1,2064.055933,5824,25.3871,40.97966,8.14352,16.28704,21 21 21 21 21 22 21 22 23 24 24 24 24 24 24 24 24 24 24 24 24 24 24 24 24 24 24 24 24 24 24 24 24 24 24 24 24 24 24 24 24 24 24 24 24 24 24 24 24 24 24 24 24 24 24 24 24 24 24 24 24 23 23 23 23 24 23 23 24 23 23 23 23 23 23 23 24 24 24 24 24 24 24 24 24 24 24 23 23 23 23 24 24 24 24 -1.262 30 28 24 24 24 24 24 24 25 24 23 23 23 23 23 23 23 23 24 24 20 20 18 18 18 19
524,SIPP_BigCS,"208,97,15","18,144,15",0,-1,24426,180.17437,0.0,0.0,0.0,
524,SIPP_Standard,"208,97,15","18,144,15",1,2118.475661,43434,113.32124,54.2083,10.3022,1.3134,55 59 67 47 3 3 3 3 11 47 3 11 47 3 3 3 11 55 -11.476 107 38 3 3 11 55 75 94
525,SIPP_2^2,"234,154,0","56,233,0",1,2680.0748670000003,17991,6.00561,466.69048,103.67256,207.34512,3 3 3 3 2 2 2 2 3 3 3 3 3 3 3 3 3 3 3 3 3 3 3 3 3 3 3 3 3 3 3 3 3 3 3 3 3 3 3 3 3 3 3 3 3 3 3 3 3 3 3 3 3 3 3 3 3 3 3 2 3 3 3 3 3 3 2 2 2 3 3 2 2 3 3 3 3 3 2 3 3 2 2 2 2 3 2 3 2 3 2 3 2 3 2 3 2 2 3 3 2 3 3 3 3 3 3 2 3 2 3 3 3 3 2 3 -16.169 3 3 3 3 3 3 3 3 2 2 2 2 2 2 2 2 2 2 2 2 2 3 3 3 -75.435 2 2 -18.409 2 -0.029 2 -0.034 2 2 2 2 2 2 2 2 2 2 2 2 2 2 3 3 3 3 3 3 3 3 3 3 3 3 3 3 3 3 3 3 3 2 3 3 3 3 3 3 3 3 3 3 3 3 3 2 3 2 2 2 3 2 2 3 2 3 3 3 3 3 3 3 3 3 3 3 2 3 3 2 3 3 3 2 3 3 3 3 3 2 2 3 2 2 3 3 3 3 3 3 3 3 2 2 3 2 2 3 2 3 3 3 2 3 3 3 3 3 3 2 3
525,SIPP_2^3,"234,154,0","56,233,0",1,2121.3708799999963,5005,3.01893,182.81482,36.12832,72.25663,5 5 5 6 6 6 6 6 6 6 6 6 6 6 6 6 6 6 6 6 6 6 6 6 6 6 5 5 5 5 6 5 6 5 5 6 5 6 5 6 5 5 5 5 5 6 6 6 5 6 6 6 6 6 6 6 6 6 6 6 6 6 6 6 6 6 6 6 6 6 6 6 6 6 6 6 6 6 6 6 6 6 6 6 5 5 6 5 6 6 5 6 6 5 5 5 5 6 5 6 6 5 6 6 5 6 6 6 6 6 5 6 6 5 6 5 5 5 6 5 5 4 5 5 5 5 5 5 5 5 5 5 5 5 5 5 5 5 5 5 5 5 5 5 5 5 5 5 5 5 5 5 5 5 5 7 6 5 5 5 5 5 5 5 6 6 6 6 6 6 6 6 6 6 6 5 5 6 5
525,SIPP_2^4,"234,154,0","56,233,0",1,2057.1655520000004,4280,6.89181,49.63759,9.88843,19.77685,11 12 11 11 12 12 11 12 12 12 12 12 12 12 12 12 12 12 12 12 12 12 12 12 12 12 12 12 12 12 12 12 11 11 11 11 11 11 11 11 11 11 11 11 12 12 12 12 12 12 12 12 12 12 12 12 12 12 12 12 12 12 12 11 11 11 11 11 11 11 11 11 11 11 11 11 11 12 12 12 11 11 11 11 12 10 10 10 10 10 10 10 10 10 10 10 10 10 10 10 10 10 10 10 10 10 9 10 10 10 10 11 10 11 10 11 11 10 11 11 11 10 10 11 11 11 11 11 11 -27.992 12 -1.597 12
525,SIPP_2^5,"234,154,0","56,233,0",1,1997.8737969999993,2352,9.45508,27.17081,5.4318,10.86361,22 23 23 24 24 24 24 24 24 24 24 24 24 24 23 23 23 23 23 23 23 23 23 23 23 23 24 23 23 23 24 24 23 24 24 23 23 23 23 24 23 23 24 23 23 23 23 23 23 23 23 23 20 20 19 20 20 20 20 20 20 20 20 20 20 20 20 20 20 20 20 20 20 20 20 20 20 21 21 22 21 22 22 22 22 22 22 22 22 22 22 22
525,SIPP_BigCS,"234,154,0","56,233,3",0,-1,28164,180.04645,0.0,0.0,0.0,
525,SIPP_Standard,"234,154,0","56,233,3",1,2057.0740650000002,16280,34.0754,41.62761,7.4355,0.6599,55 59 59 91 3 3 7 91 3 3 7 59 59 91 7 67 51 70 51 78 67 55 67 47 -3.074 3
526,SIPP_2^2,"60,68,0","242,5,0",0,-1,0,0.0,0.0,0.0,0.0,
526,SIPP_2^3,"60,68,0","242,5,0",0,-1,0,0.0,0.0,0.0,0.0,
526,SIPP_2^4,"60,68,0","242,5,0",0,-1,0,0.0,0.0,0.0,0.0,
526,SIPP_2^5,"60,68,0","242,5,0",0,-1,0,0.0,0.0,0.0,0.0,
526,SIPP_BigCS,"60,68,0","242,5,0",0,-1,0,0.0,0.0,0.0,0.0,
526,SIPP_Standard,"60,68,4","242,5,1",0,-1,80304,180.00365,0.0,0.0,0.0,
527,SIPP_2^2,"197,240,0","81,91,0",0,-1,0,0.0,0.0,0.0,0.0,
527,SIPP_2^3,"197,240,0","81,91,0",0,-1,0,0.0,0.0,0.0,0.0,
527,SIPP_2^4,"197,240,0","81,91,0",0,-1,0,0.0,0.0,0.0,0.0,
527,SIPP_2^5,"197,240,0","81,91,0",0,-1,0,0.0,0.0,0.0,0.0,
527,SIPP_BigCS,"197,240,0","81,91,0",0,-1,0,0.0,0.0,0.0,0.0,
527,SIPP_Standard,"197,240,10","81,91,9",0,-1,76585,180.00377,0.0,0.0,0.0,
528,SIPP_2^2,"130,50,0","138,209,0",0,-1,0,0.0,0.0,0.0,0.0,
528,SIPP_2^3,"130,50,0","138,209,0",0,-1,0,0.0,0.0,0.0,0.0,
528,SIPP_2^4,"130,50,0","138,209,0",0,-1,0,0.0,0.0,0.0,0.0,
528,SIPP_2^5,"130,50,0","138,209,0",0,-1,0,0.0,0.0,0.0,0.0,
528,SIPP_BigCS,"130,50,0","138,209,0",0,-1,0,0.0,0.0,0.0,0.0,
528,SIPP_Standard,"130,50,5","138,209,6",0,-1,4,0.0111,0.0,0.0,0.0,
529,SIPP_2^2,"97,253,0","7,96,0",0,-1,0,0.0,0.0,0.0,0.0,
529,SIPP_2^3,"97,253,0","7,96,0",0,-1,0,0.0,0.0,0.0,0.0,
529,SIPP_2^4,"97,253,0","7,96,0",0,-1,0,0.0,0.0,0.0,0.0,
529,SIPP_2^5,"97,253,0","7,96,0",0,-1,0,0.0,0.0,0.0,0.0,
529,SIPP_BigCS,"97,253,0","7,96,0",0,-1,0,0.0,0.0,0.0,0.0,
529,SIPP_Standard,"97,253,13","7,96,5",0,-1,0,1e-05,0.0,0.0,0.0,
530,SIPP_2^2,"86,221,0","104,19,0",0,-1,0,0.0,0.0,0.0,0.0,
530,SIPP_2^3,"86,221,0","104,19,0",0,-1,0,0.0,0.0,0.0,0.0,
530,SIPP_2^4,"86,221,0","104,19,0",0,-1,0,0.0,0.0,0.0,0.0,
530,SIPP_2^5,"86,221,0","104,19,0",0,-1,0,0.0,0.0,0.0,0.0,
530,SIPP_BigCS,"86,221,0","104,19,0",0,-1,0,0.0,0.0,0.0,0.0,
530,SIPP_Standard,"86,221,15","104,19,4",0,-1,75023,180.00225,0.0,0.0,0.0,
531,SIPP_2^2,"207,234,0","112,58,0",0,-1,0,0.0,0.0,0.0,0.0,
531,SIPP_2^3,"207,234,0","112,58,0",0,-1,0,0.0,0.0,0.0,0.0,
531,SIPP_2^4,"207,234,0","112,58,0",0,-1,0,0.0,0.0,0.0,0.0,
531,SIPP_2^5,"207,234,0","112,58,0",0,-1,0,0.0,0.0,0.0,0.0,
531,SIPP_BigCS,"207,234,0","112,58,0",0,-1,0,0.0,0.0,0.0,0.0,
531,SIPP_Standard,"207,234,6","112,58,12",0,-1,0,2e-05,0.0,0.0,0.0,
532,SIPP_2^2,"221,169,0","18,192,0",0,-1,0,0.0,0.0,0.0,0.0,
532,SIPP_2^3,"221,169,0","18,192,0",0,-1,0,0.0,0.0,0.0,0.0,
532,SIPP_2^4,"221,169,0","18,192,0",0,-1,0,0.0,0.0,0.0,0.0,
532,SIPP_2^5,"221,169,0","18,192,0",0,-1,0,0.0,0.0,0.0,0.0,
532,SIPP_BigCS,"221,169,0","18,192,0",0,-1,0,0.0,0.0,0.0,0.0,
532,SIPP_Standard,"221,169,4","18,192,9",0,-1,76627,180.0003,0.0,0.0,0.0,
533,SIPP_2^2,"194,135,0","18,210,0",0,-1,0,0.0,0.0,0.0,0.0,
533,SIPP_2^3,"194,135,0","18,210,0",0,-1,0,0.0,0.0,0.0,0.0,
533,SIPP_2^4,"194,135,0","18,210,0",0,-1,0,0.0,0.0,0.0,0.0,
533,SIPP_2^5,"194,135,0","18,210,0",0,-1,0,0.0,0.0,0.0,0.0,
533,SIPP_BigCS,"194,135,0","18,210,0",0,-1,0,0.0,0.0,0.0,0.0,
533,SIPP_Standard,"194,135,11","18,210,0",0,-1,74541,180.001,0.0,0.0,0.0,
534,SIPP_2^2,"253,167,0","75,241,0",1,2626.578097,14621,4.83687,353.55339,81.68141,163.36282,3 3 3 3 3 3 3 3 3 3 3 3 3 3 3 3 3 3 3 3 3 3 3 3 3 3 3 3 3 3 3 3 3 3 3 3 3 3 3 3 3 3 3 3 3 3 3 3 3 3 3 3 3 3 3 3 3 3 3 3 3 3 3 3 3 3 2 3 3 2 2 3 3 3 3 3 3 3 3 3 3 3 3 3 3 3 3 3 3 3 3 2 3 3 3 3 3 3 2 3 3 2 3 2 2 2 3 3 2 3 3 3 2 2 3 3 3 2 3 3 3 3 3 3 3 3 3 3 3 2 3 2 2 2 2 2 2 2 2 2 2 3 2 3 -9.002 2 3 -0.260 2 3 -2.342 1 2 -18.409 2 -0.029 2 -0.034 2 2 2 2 2 2 2 2 2 2 2 2 2 2 2 2 2 2 2 2 2 2 2 2 2 2 2 2 2 3 2 3 3 2 3 3 3 3 3 3 3 3 3 3 3 3 3 3 3 3 3 3 3 3 3 3 3 3 3 3 3 3 3 3 3 3 3 2 3 3 3 3 3 3 3 2 2 3 2 3 2 3 2 3 2 2 2 2 3 3 3 3 2 2 3 2 -53.638 3 -0.918 3 -0.201 3 -0.084 3 -0.626 3 -1.037 3
534,SIPP_2^3,"253,167,0","75,241,0",1,2224.2810499999973,5867,3.54536,130.58915,25.91814,51.83628,6 6 6 6 6 6 6 6 6 6 6 6 6 6 6 6 6 6 6 6 6 6 6 6 6 6 6 6 6 6 6 6 6 6 6 6 6 6 6 6 6 6 6 6 6 6 6 6 6 6 6 6 6 6 6 6 6 6 6 6 6 6 6 6 6 6 6 6 6 5 5 5 6 6 6 6 6 6 6 6 6 6 6 6 6 6 6 5 5 6 6 6 5 6 6 6 6 6 6 6 5 5 5 5 5 5 5 6 6 -32.321 6 6 6 6 6 6 6 6 6 6 6 6 6 6 6 6 6 6 6 5 6 5 5 6 5 5 5 5 5 5 5 5 5 4 5 4 5 5 5 4 5 4 5 5 4 4 4 4 4 4 4 4 4 4 5 5 5 4 4 5 5 4 4 5 5 5 5 5 5 5 6 6 5 5 5 6 6 5 5 5 5 5 5 5 5 6 5
534,SIPP_2^4,"253,167,0","75,241,0",1,2186.4801249999987,5843,9.19541,43.13348,8.60142,17.20285,12 12 12 12 12 12 12 12 12 12 12 12 12 12 12 12 12 12 12 12 12 12 12 12 12 12 12 12 12 12 12 12 12 12 12 12 12 12 12 12 12 12 12 12 12 12 12 12 12 12 12 12 12 12 12 12 12 12 12 12 12 12 12 12 12 12 11 11 11 12 12 12 12 12 12 12 12 12 12 12 12 12 12 12 12 12 11 11 11 11 11 11 11 11 11 11 -55.480 12 12 12 12 12 12 12 12 12 12 12 11 11 12 11 12 11 11 11 11 11 10 10 9 9 9 9 9 9 10 10 10 9 9 9 10 12 12 12 12 11 11 11 11 10 10 9 9 8 -1.632 9 9 9 9 9 9 9 9 9
534,SIPP_2^5,"253,167,0","75,241,0",1,2182.167536,5949,23.58262,36.28733,7.24844,14.49687,24 24 24 24 24 24 24 24 24 24 24 24 24 24 24 24 24 24 24 24 24 24 24 24 24 24 24 24 24 24 24 24 24 24 24 24 24 24 24 24 24 24 24 24 24 24 24 24 24 24 24 24 24 24 24 24 24 24 24 24 24 24 24 23 24 23 23 24 23 23 23 23 23 24 23 24 23 24 23 23 23 24 24 -65.073 24 24 24 24 24 23 23 23 23 23 23 23 23 20 20 18 19 19 19 19 19 19 20 22 22 23 22 22 -4.909 23 20 -2.004 19 17 17 17 17 17 18 17
534,SIPP_BigCS,"253,167,7","75,241,14",0,-1,28733,180.09948,0.0,0.0,0.0,
534,SIPP_Standard,"253,167,7","75,241,14",1,2200.0777150000004,30878,65.98579,50.36596,9.3599,1.1844,91 3 3 3 3 3 3 3 3 11 47 11 47 -49.078 3 3 7 59 75 62 62 78 91 15 70 39 20
535,SIPP_2^2,"67,50,0","156,223,0",1,2777.841958,29831,10.35597,572.75649,127.2345,254.469,-0.005 1 1 2 2 2 2 2 2 2 2 2 2 2 2 2 2 2 1 2 -1.484 2 2 2 -1.476 2 -0.093 2 2 1 1 1 1 1 1 1 1 1 1 1 1 1 2 2 2 2 1 1 1 1 1 1 2 2 2 1 2 1 2 2 2 2 2 2 2 2 2 1 1 2 2 1 1 2 2 2 2 1 2 2 2 1 2 2 2 2 1 2 1 1 2 1 1 1 2 2 2 2 2 1 1 1 2 1 1 1 2 2 2 2 1 2 1 2 2 2 2 2 1 2 2 2 2 2 2 2 2 2 2 1 2 2 2 2 2 1 1 2 1 1 2 2 2 2 2 2 2 2 2 2 1 2 2 2 2 1 2 1 2 2 2 2 2 2 2 2 2 2 2 2 2 2 2 2 2 2 2 2 2 2 2 2 2 2 2 2 2 2 2 2 2 2 2 2 1 1 1 2 1 1 2 2 2 2 2 1 2 2 1 2 1 1 2 1 1 2 2 2 1 2 2 2 2 2 2 2 2 1 2 2 1 2 1 2 1 1 2 2 1 1 2 2 1 2 1 1 1 1 1 2 2 1 2 1 1 -124.148 1 -30.637 2 2 1 1 1 1 1 1 1 2
535,SIPP_2^3,"67,50,0","156,223,0",1,2127.943938999998,9350,6.41568,131.32679,25.91814,51.83628,-0.005 2 3 3 3 3 3 3 3 3 3 3 3 3 4 3 3 3 3 3 3 3 3 3 3 3 3 3 3 3 3 3 3 3 3 4 4 4 4 3 4 4 3 4 4 4 4 4 4 4 4 4 4 4 4 4 4 4 4 4 3 3 3 4 4 4 4 4 4 4 4 4 4 4 4 4 4 4 4 4 4 4 3 3 3 3 3 4 3 3 3 4 4 3 3 3 3 4 4 4 4 4 4 4 4 4 4 4 4 4 4 4 4 4 4 4 4 4 3 3 3 3 3 3 3 3 3 3 3 3 3 3 3 4 3 3 4 3 4 4 4 4 4 4 3 4 4 4 4 4 4 4 4 3 3 3 3 4 4 4 4 4 3 3 3 3 3 3 3 4 3 3 3 2 3 2 2 2 3
535,SIPP_2^4,"67,50,0","156,223,0",1,2026.159783,5230,9.51469,47.56192,9.52872,19.05744,-0.005 4 7 6 6 6 6 6 6 6 6 6 6 6 6 6 6 7 8 8 8 7 7 7 7 7 7 7 7 7 7 7 7 7 7 7 7 7 7 7 7 7 8 8 8 8 8 7 7 7 7 8 8 8 8 8 7 7 7 7 6 6 7 7 7 7 7 7 7 7 8 8 8 8 8 7 7 7 7 7 7 7 7 7 7 7 7 8 8 8 8 8 8 8 8 8 8 8 8 8 7 7 7 7 7 7 7 6 6 6 6 6 6 6 6 4 5 4 -5.103 5
535,SIPP_2^5,"67,50,0","156,223,0",1,2026.137903,5720,26.87104,42.60024,8.59568,17.19136,-0.005 8 12 12 12 12 12 12 12 12 12 12 12 12 13 12 15 14 15 15 14 14 14 14 14 14 14 15 14 15 15 14 15 14 14 15 16 15 15 15 15 15 16 -0.594 14 12 12 12 13 13 15 15 15 15 14 14 14 14 14 14 14 15 15 14 14 14 14 14 15 16 16 16 16 16 16 16 16 16 16 15 15 13 13 13 13 13 12 12 12 11 12 -11.118 6
535,SIPP_BigCS,"67,50,7","156,223,4",0,-1,21300,180.1135,0.0,0.0,0.0,
535,SIPP_Standard,"67,50,7","156,223,4",1,2043.803948,21637,61.21386,40.34216,6.4709,0.6679,-3.804 79 64 48 87 4 56 56 56 56 88 4 56 56 56 56 56 56 88 0 0 4 64 48 95
536,SIPP_2^2,"117,123,0","253,6,0",0,-1,0,0.0,0.0,0.0,0.0,
536,SIPP_2^3,"117,123,0","253,6,0",0,-1,0,0.0,0.0,0.0,0.0,
536,SIPP_2^4,"117,123,0","253,6,0",0,-1,0,0.0,0.0,0.0,0.0,
536,SIPP_2^5,"117,123,0","253,6,0",0,-1,0,0.0,0.0,0.0,0.0,
536,SIPP_BigCS,"117,123,0","253,6,0",0,-1,0,0.0,0.0,0.0,0.0,
536,SIPP_Standard,"117,123,0","253,6,1",0,-1,74714,180.09971,0.0,0.0,0.0,
537,SIPP_2^2,"26,66,0","219,20,0",0,-1,0,0.0,0.0,0.0,0.0,
537,SIPP_2^3,"26,66,0","219,20,0",0,-1,0,0.0,0.0,0.0,0.0,
537,SIPP_2^4,"26,66,0","219,20,0",0,-1,0,0.0,0.0,0.0,0.0,
537,SIPP_2^5,"26,66,0","219,20,0",0,-1,0,0.0,0.0,0.0,0.0,
537,SIPP_BigCS,"26,66,0","219,20,0",0,-1,0,0.0,0.0,0.0,0.0,
537,SIPP_Standard,"26,66,0","219,20,0",0,-1,73028,180.00045,0.0,0.0,0.0,
538,SIPP_2^2,"216,145,0","43,240,0",0,-1,0,0.0,0.0,0.0,0.0,
538,SIPP_2^3,"216,145,0","43,240,0",0,-1,0,0.0,0.0,0.0,0.0,
538,SIPP_2^4,"216,145,0","43,240,0",0,-1,0,0.0,0.0,0.0,0.0,
538,SIPP_2^5,"216,145,0","43,240,0",0,-1,0,0.0,0.0,0.0,0.0,
538,SIPP_BigCS,"216,145,0","43,240,0",0,-1,0,0.0,0.0,0.0,0.0,
538,SIPP_Standard,"216,145,0","43,240,15",0,-1,0,8e-05,0.0,0.0,0.0,
539,SIPP_2^2,"49,132,0","195,20,0",0,-1,0,0.0,0.0,0.0,0.0,
539,SIPP_2^3,"49,132,0","195,20,0",0,-1,0,0.0,0.0,0.0,0.0,
539,SIPP_2^4,"49,132,0","195,20,0",0,-1,0,0.0,0.0,0.0,0.0,
539,SIPP_2^5,"49,132,0","195,20,0",0,-1,0,0.0,0.0,0.0,0.0,
539,SIPP_BigCS,"49,132,0","195,20,0",0,-1,0,0.0,0.0,0.0,0.0,
539,SIPP_Standard,"49,132,12","195,20,4",0,-1,68292,180.002,0.0,0.0,0.0,
540,SIPP_2^2,"15,113,0","216,149,0",1,2689.455872,14296,5.13983,282.84271,62.83185,125.66371,3 3 3 3 3 2 2 2 2 2 2 2 3 3 2 2 2 2 2 2 2 2 2 1 1 1 2 1 1 2 2 2 2 2 2 2 1 2 1 1 1 1 1 1 2 2 1 1 2 1 2 2 2 1 2 1 2 2 1 -39.456 1 1 1 1 1 1 1 1 1 1 1 1 1 1 1 1 1 1 1 1 1 1 1 2 1 2 1 1 1 1 1 1 1 1 1 1 1 1 1 1 1 1 1 1 1 1 1 1 1 1 1 1 1 1 1 1 1 1 1 1 1 1 1 1 1 1 1 1 1 1 1 1 1 1 1 1 1 1 1 1 1 1 1 1 1 1 1 1 1 1 1 1 1 1 1 1 1 1 1 2 1 1 1 1 1 1 1 1 1 1 2 2 1 2 1 2 1 1 2 2 1 1 1 1 1 1 1 1 1 1 1 1 1 1 1 1 1 1 1 1 1 1 1 1 1 1 1 1 1 1 1 1 1 1 1 1 1 1 1 1 1 1 0 0 0 1 1 1 1 1 1 1 1 1 1 1 1 1 1 1 1 1 1 1 1 1 1 1 1 1 1 1 1 1 1 1 1 0 0 0 1 1 1 1 0 1
540,SIPP_2^3,"15,113,0","216,149,0",1,2298.969950999999,7066,4.68155,152.894,29.84513,59.69026,3 3 3 3 3 4 3 3 3 3 3 2 2 2 2 2 2 2 2 2 2 2 2 2 2 2 2 2 2 2 2 2 2 2 2 2 2 2 2 2 2 2 1 1 1 1 1 1 1 1 1 1 2 1 2 2 3 3 3 2 2 2 2 2 2 2 2 2 2 2 2 2 2 2 2 2 2 2 2 2 2 2 2 2 2 2 2 2 2 2 2 2 2 3 2 3 3 3 3 3 3 3 3 3 3 3 3 3 3 3 2 3 3 2 3 2 2 3 3 2 2 3 3 3 2 2 3 -12.062 2 -0.049 2 2 0 -0.046 2 2 2 2 2 2 2 2 2 2 3 3 2 3 3 2 2 2 2 2 2 2 1 1 2 2 2 2 2 2 2 2 2 2 2 2 2 2 2 2 2 2 2 2 2 2 2 2 2 2 2 2 2 2 2 2 2 2 2 2 2 2 3 2 3 2 2 3 3 3 3 3
540,SIPP_2^4,"15,113,0","216,149,0",1,2243.0132769999996,5389,9.59715,56.76858,11.31733,22.63465,6 6 6 6 6 6 6 7 6 6 4 4 4 4 4 4 4 4 4 4 4 4 4 4 4 4 4 4 4 4 4 4 4 4 4 4 4 4 4 4 4 3 3 2 2 2 2 2 2 3 3 4 5 5 4 4 4 4 4 4 4 4 4 4 4 4 4 4 4 4 4 4 4 4 4 4 4 4 4 4 4 4 4 4 4 4 4 4 4 4 4 4 4 4 4 5 5 5 5 4 4 4 4 4 4 4 4 4 4 4 4 4 4 4 4 4 4 4 4 3 3 4 3 4 4 4 3 3 3 4 -2.241 4 -3.293 4 5 5 5 5 5 5 5 5 5 6 6 5 5 5 6 6 6 6 6 6 5 6 6 5 5 5 6 5 5 5 6 -0.012 6 6 7
540,SIPP_2^5,"15,113,0","216,149,0",1,2231.8929909999997,5246,23.52389,40.91441,8.14483,16.28967,12 12 12 12 12 12 13 12 12 8 8 8 8 8 8 8 8 8 8 8 8 8 8 8 8 8 8 8 8 8 8 8 8 8 8 8 8 8 8 7 5 4 4 4 5 4 7 8 8 8 8 8 8 8 8 8 8 8 8 8 8 8 8 8 8 8 9 9 8 8 8 9 8 8 8 8 8 8 8 8 8 8 8 9 9 9 8 8 7 7 8 8 8 8 8 8 8 8 8 8 8 8 8 8 8 8 8 8 8 8 7 6 6 7 7 10 10 10 10 11 11 11 10 11 11 11 11 11 11 11 11 11 11 11 15
540,SIPP_BigCS,"15,113,15","216,149,6",0,-1,25688,180.06696,0.0,0.0,0.0,
540,SIPP_Standard,"15,113,15","216,149,6",1,2389.6597309999997,18138,42.89969,64.77664,12.0082,1.3008,49 68 53 89 13 68 41 95 17 63 95 1 17 95 1 1 17 63 63 95 21 48 -6.660 71 48 71 48 79 64 52
541,SIPP_2^2,"90,66,0","179,241,0",1,2763.915856,28148,9.82762,353.55339,78.53982,157.07963,2 2 2 2 2 2 2 2 2 2 2 2 2 2 2 2 2 2 2 2 2 2 2 2 2 2 2 2 2 2 2 2 2 3 2 2 2 2 2 2 2 2 3 2 2 3 2 2 2 2 2 2 2 2 2 2 2 2 2 2 2 2 2 2 2 2 3 2 2 -15.595 2 2 2 2 2 2 2 2 2 2 1 2 1 2 2 2 2 2 2 -8.321 2 2 2 2 2 2 2 2 2 2 2 2 2 2 2 2 2 2 2 2 2 2 2 2 2 2 2 2 2 2 2 2 2 2 1 1 1 1 1 1 2 1 2 2 2 2 1 2 2 2 2 2 2 2 2 2 2 2 2 2 2 2 2 2 2 2 2 2 2 1 2 1 1 1 1 1 1 1 1 1 1 1 1 1 1 1 1 1 1 1 1 1 1 1 1 1 2 1 1 1 1 1 1 1 1 1 2 2 1 1 1 2 2 2 2 1 1 2 1 1 1 1 2 2 2 2 2 2 2 2 1 1 1 1 2 2 1 1 1 1 2 1 1 1 2 1 1 2 1 2 2 2 1 1 1 1 1 1 1 1 2 1 1 1 1 1 1 1 1 0 1 1 1 1 1 1 1 2 2 2 2 1 2 2 1 2
541,SIPP_2^3,"90,66,0","179,241,0",1,2192.436622999998,10639,7.26499,235.53458,46.33849,92.67699,4 4 4 4 3 3 4 4 4 4 4 3 4 4 4 4 4 4 4 4 4 4 4 4 4 4 4 4 4 3 4 3 3 3 4 3 4 3 3 3 3 3 3 3 4 4 3 4 4 4 3 3 3 4 4 4 4 4 4 4 4 3 3 3 3 3 4 4 3 4 3 3 4 4 3 3 3 3 3 3 4 3 4 4 4 4 4 4 5 4 4 4 4 4 4 4 4 4 4 4 3 4 4 4 4 3 3 4 3 3 4 3 3 3 4 3 3 3 4 3 4 3 4 4 4 4 -7.745 4 4 -5.036 4 4 4 4 4 4 4 3 3 3 3 3 3 3 3 3 4 4 4 4 4 3 4 3 3 3 3 2 2 3 2 2 3 3 3 3 3 3 3 3 3 3 3 3 3 3 2 3 3 2 3 2 2 3 2 3
541,SIPP_2^4,"90,66,0","179,241,0",1,2129.9154559999984,9284,16.62591,61.37449,12.20666,24.41333,8 8 8 8 8 8 8 8 8 8 8 8 8 8 8 8 8 8 8 8 8 8 7 7 7 7 7 7 7 8 8 8 8 7 7 8 8 8 8 8 8 7 7 8 8 8 8 8 8 8 8 8 8 8 8 8 8 8 8 8 8 8 8 8 8 8 8 8 8 7 7 8 7 7 7 7 7 7 7 7 6 7 7 7 7 7 7 7 7 7 6 6 7 7 7 8 8 8 7 7 8 8 7 8 6 6 6 6 6 6 5 5 5 5 5 6 5 6 6 4 4 4 4 4 4 5 6 6 6 6 6 6 6 6 6 6 6 6 6 6 6 6 6 6 6 4 4
541,SIPP_2^5,"90,66,0","179,241,0",1,2121.989784999999,9383,42.70496,58.45614,11.64613,23.29227,16 16 16 16 16 16 16 16 16 15 15 16 16 15 16 15 16 16 16 16 15 15 15 16 16 15 15 16 16 16 16 15 15 16 16 16 16 16 17 16 16 16 16 16 16 15 16 15 16 16 16 15 15 16 15 15 14 14 14 14 14 14 14 14 14 14 14 13 13 13 13 15 14 14 14 15 15 12 11 11 11 11 12 12 12 12 9 8 8 8 8 8 9 12 12 12 12 12 12 12 12 12 12 12 12 12 13 13 12 6
541,SIPP_BigCS,"90,66,3","179,241,1",0,-1,20444,180.24501,0.0,0.0,0.0,
541,SIPP_Standard,"90,66,3","179,241,1",1,2150.0,57670,157.25779,64.45069,11.9758,1.4657,0 8 44 8 44 0 4 88 0 0 0 8 52 56 56 64 44 4 64 48 63 95 25 72 79 80
542,SIPP_2^2,"171,229,0","13,112,0",0,-1,0,0.0,0.0,0.0,0.0,
542,SIPP_2^3,"171,229,0","13,112,0",0,-1,0,0.0,0.0,0.0,0.0,
542,SIPP_2^4,"171,229,0","13,112,0",0,-1,0,0.0,0.0,0.0,0.0,
542,SIPP_2^5,"171,229,0","13,112,0",0,-1,0,0.0,0.0,0.0,0.0,
542,SIPP_BigCS,"171,229,0","13,112,0",0,-1,0,0.0,0.0,0.0,0.0,
542,SIPP_Standard,"171,229,10","13,112,7",0,-1,0,5e-05,0.0,0.0,0.0,
543,SIPP_2^2,"107,221,0","220,53,0",0,-1,0,0.0,0.0,0.0,0.0,
543,SIPP_2^3,"107,221,0","220,53,0",0,-1,0,0.0,0.0,0.0,0.0,
543,SIPP_2^4,"107,221,0","220,53,0",0,-1,0,0.0,0.0,0.0,0.0,
543,SIPP_2^5,"107,221,0","220,53,0",0,-1,0,0.0,0.0,0.0,0.0,
543,SIPP_BigCS,"107,221,0","220,53,0",0,-1,0,0.0,0.0,0.0,0.0,
543,SIPP_Standard,"107,221,4","220,53,0",0,-1,81722,180.00097,0.0,0.0,0.0,
544,SIPP_2^2,"219,138,0","37,47,0",1,2730.0,21439,7.16265,459.61941,102.10176,204.20352,3 3 3 3 3 3 3 3 3 0 3 3 3 0 0 0 0 3 0 0 0 0 0 0 0 0 0 0 3 3 0 0 3 0 0 3 3 0 3 3 3 3 3 3 3 3 3 3 3 3 3 3 3 3 3 3 3 3 3 3 3 3 3 3 3 3 3 3 3 3 3 3 3 3 3 3 3 3 3 3 3 3 3 3 3 3 3 3 3 3 3 3 3 0 3 3 0 0 0 0 3 3 3 3 3 3 3 3 3 3 3 3 3 0 3 3 3 3 3 0 0 3 0 0 0 3 3 3 0 3 0 0 3 0 0 0 3 0 0 0 0 0 0 0 0 0 0 0 0 0 0 3 3 3 3 3 3 3 3 3 3 0 3 3 3 3 3 3 3 3 3 3 3 3 3 3 3 0 3 3 3 3 3 3 0 3 3 3 0 3 3 3 0 0 3 3 0 0 3 0 3 3 3 3 0 0 3 3 3 3 3 3 3 3 0 3 0 3 3 3 3 3 3 3 3 3 3 0 0 3 0 3 0 3 0 0 3 3 3 0 3 3 0 0 0 0 0 0 0 0 0 0 0 0 0 0 0 0 0 3 3 3 3 3 3 3 3 3 3 0 0 3 0
544,SIPP_2^3,"219,138,0","37,47,0",1,2196.934375999996,7015,4.46677,163.01318,32.20133,64.40265,6 6 6 6 7 7 6 7 6 6 6 6 6 6 6 6 6 6 6 6 6 6 7 7 6 7 6 7 7 7 7 7 7 6 7 7 7 7 7 6 7 7 6 6 6 6 6 6 6 6 6 6 6 6 6 7 6 6 6 6 6 6 6 6 6 6 6 6 6 6 6 6 6 6 6 6 6 7 7 6 6 6 6 7 6 6 6 6 6 6 6 7 6 7 6 6 7 7 7 7 6 6 7 7 7 7 6 7 7 7 7 7 7 7 7 7 7 7 7 7 7 7 7 7 7 7 7 7 7 7 7 7 7 7 7 7 7 7 7 7 7 7 7 7 7 7 7 7 7 7 7 7 7 7 7 7 7 6 6 6 6 6 6 6 6 7 6 6 6 7 6 7 7 6 6 7 6 7 7 6 6 7
544,SIPP_2^4,"219,138,0","37,47,0",1,2058.6614389999995,1951,3.32657,56.94213,11.35528,22.71057,13 12 13 13 13 13 13 13 13 13 13 13 13 12 13 12 -0.219 13 13 13 14 14 14 14 13 13 14 13 14 13 13 13 13 13 13 13 13 13 13 14 -0.461 13 13 12 12 13 13 13 13 13 13 13 13 13 13 13 13 13 13 13 13 13 12 12 12 12 12 13 13 13 13 13 13 12 12 12 13 13 13 13 13 13 13 13 13 13 14 14 13 13 13 14 13 13 13 13 14 13 13 13 13 14 13 13 14 13
544,SIPP_2^5,"219,138,0","37,47,0",1,2045.554380000001,1466,6.27459,19.08542,3.8168,7.6336,26 25 26 26 25 25 26 25 26 26 26 26 26 27 26 27 27 27 26 26 26 26 27 27 27 27 27 26 25 25 26 26 26 26 26 26 26 26 26 26 26 26 26 25 25 25 25 25 26 25 25 25 25 25 25 25 27 27 27 27 26 26 27 26 26 27 26 27 26 27 26 26 27
544,SIPP_BigCS,"219,138,11","37,47,4",1,2044.0,6878,50.30229,36.27095,5.4785,0.56,197 197 205 205 205 309 95 178 197 205 205 205 221 102 178 197 197 197 205 205 205 309 7 7 7 7 87 197 205 205 205 309 63 178 205 205 205 205 205 205 205 205 205 205 205 221 178
544,SIPP_Standard,"219,138,11","37,47,4",1,2060.6981729999998,4344,11.38334,34.55482,5.0384,0.5223,23 50 61 -1.563 61 61 61 93 23 30 -1.135 50 61 61 61 61 61 61 93 19 61 61 69 50 61 69
545,SIPP_2^2,"48,13,0","253,41,0",0,-1,0,0.0,0.0,0.0,0.0,
545,SIPP_2^3,"48,13,0","253,41,0",0,-1,0,0.0,0.0,0.0,0.0,
545,SIPP_2^4,"48,13,0","253,41,0",0,-1,0,0.0,0.0,0.0,0.0,
545,SIPP_2^5,"48,13,0","253,41,0",0,-1,0,0.0,0.0,0.0,0.0,
545,SIPP_BigCS,"48,13,0","253,41,0",0,-1,0,0.0,0.0,0.0,0.0,
545,SIPP_Standard,"48,13,7","253,41,1",0,-1,0,4e-05,0.0,0.0,0.0,
546,SIPP_2^2,"203,234,0","67,90,0",1,3053.4973280000004,32638,10.51641,424.26407,94.24778,188.49556,3 3 3 3 3 3 3 2 -78.526 2 -1.089 3 -1.636 2 -0.394 3 3 -44.378 0 -10.352 3 0 3 0 3 3 3 3 3 3 3 3 3 3 3 3 3 3 3 3 3 3 0 0 3 0 3 0 3 3 3 3 3 3 3 3 0 3 0 3 0 3 0 3 3 3 3 3 3 3 3 3 3 3 3 3 3 3 3 3 3 3 3 3 0 3 0 0 0 0 0 0 0 0 0 0 0 0 0 0 3 0 0 0 0 0 0 3 0 0 0 0 0 0 0 0 0 0 0 0 0 0 0 0 0 0 0 0 0 0 0 0 0 0 0 0 0 0 0 0 0 0 0 0 0 0 0 3 0 0 3 0 0 0 3 0 0 3 0 3 3 0 3 0 0 0 0 0 0 3 0 0 0 -7.587 0 0 0 0 0 0 0 0 0 0 0 0 0 0 0 0 0 -8.858 0 -0.206 0 -0.049 0 0 0 -0.046 0 -0.375 0 0 0 0 0 0 0 0 0 0 0 0 0 0 0 0 0 0 0 0 0 0 0 0 0 0 1 0 1 0 0 0 3 3 3 3 3 3 3 3 3 3 3 3 3 3 3 3 3 3 3 3 3 3 3 3 3 3 3 3 3 3 3 3 3 3 3 3 3 3 3 3 3 3 3 3 3 3 3 3 3 3 3 3 3 3 0 3 3 0 3 3 0 3 0 3 3 0 3 3
546,SIPP_2^3,"203,234,0","67,90,0",1,2225.9293279999965,4650,2.86482,114.76368,22.77655,45.5531,7 0 0 0 0 0 0 0 0 0 0 0 0 0 0 0 0 0 0 0 0 0 0 0 0 0 7 0 0 0 7 0 0 0 0 0 0 0 0 0 0 0 0 0 0 0 7 0 0 7 7 7 7 7 7 7 7 7 7 0 7 7 7 7 6 6 6 6 6 6 6 6 6 6 6 6 6 6 6 6 6 6 7 7 6 7 7 7 7 7 7 6 6 7 6 7 7 7 7 7 7 7 7 7 7 7 7 7 7 7 7 7 7 7 7 7 7 7 7 7 7 7 7 7 7 7 7 7 7 7 7 7 7 7 7 7 7 7 7 7 7 7 7 7 7 7 7 7 7 7 7 7 7 7 7 7 7 7 7 7 6 6 6 6 6 6 7 7 6 6 6 7 6 6 6 6 7 6 7 6 7 6
546,SIPP_2^4,"203,234,0","67,90,0",1,2141.959927999998,2952,4.70408,42.94269,8.5734,17.14679,0 0 0 0 0 0 0 0 0 0 0 0 0 0 0 0 0 0 0 0 0 0 0 0 0 0 0 15 15 15 0 15 15 0 0 0 0 15 15 15 14 15 14 14 14 14 14 15 14 15 14 14 13 13 13 13 13 13 13 13 13 13 13 13 13 13 13 13 13 13 13 13 13 13 13 13 13 13 13 13 13 14 14 15 15 15 15 14 14 14 14 14 14 14 14 14 14 14 14 14 15 15 14 14 14 14 14 14 14 13 13 13 13 13 14 14 14 14 13 13 14 14 14 13 13 13 13 12
546,SIPP_2^5,"203,234,0","67,90,0",1,2128.154196999999,2682,10.60553,22.51076,4.50164,9.00327,0 0 0 0 0 0 0 0 0 0 0 0 0 0 0 0 0 0 0 0 0 0 31 0 31 31 31 31 0 31 0 31 29 29 29 29 28 28 28 28 27 25 26 26 26 26 26 26 26 26 26 26 26 26 26 26 26 26 26 26 26 26 26 26 26 26 27 27 28 29 29 29 29 29 29 28 28 28 28 28 28 28 28 28 28 28 28 28 28 27 27 27 27 27 27 27 26 26 26 25
546,SIPP_BigCS,"203,234,10","67,90,14",1,2125.9709270000003,15952,92.28938,43.74196,7.5204,1.1371,6 6 6 6 2 2 14 306 30 202 202 202 202 202 202 250 102 102 102 102 102 102 162 75 102 178 205 205 205 205 205 205 205 205 205 205 205 205 205 205 205 205 205 205 205 205 205 205 -0.719 205 -0.252 325 250 102 102 154 250 154 202 250 126 205 205 205 221 102 102 178 309
546,SIPP_Standard,"203,234,10","67,90,14",1,2236.0,3790,6.83092,63.85071,11.6116,1.4505,33 90 2 6 90 2 10 42 108 50 61 93 19 61 61 61 69 50 77 66 50 69 50 61 69 50 93
547,SIPP_2^2,"100,177,0","247,39,0",0,-1,0,0.0,0.0,0.0,0.0,
547,SIPP_2^3,"100,177,0","247,39,0",0,-1,0,0.0,0.0,0.0,0.0,
547,SIPP_2^4,"100,177,0","247,39,0",0,-1,0,0.0,0.0,0.0,0.0,
547,SIPP_2^5,"100,177,0","247,39,0",0,-1,0,0.0,0.0,0.0,0.0,
547,SIPP_BigCS,"100,177,0","247,39,0",0,-1,0,0.0,0.0,0.0,0.0,
547,SIPP_Standard,"100,177,6","247,39,12",0,-1,0,4e-05,0.0,0.0,0.0,
548,SIPP_2^2,"227,24,0","13,27,0",0,-1,0,0.0,0.0,0.0,0.0,
548,SIPP_2^3,"227,24,0","13,27,0",0,-1,0,0.0,0.0,0.0,0.0,
548,SIPP_2^4,"227,24,0","13,27,0",0,-1,0,0.0,0.0,0.0,0.0,
548,SIPP_2^5,"227,24,0","13,27,0",0,-1,0,0.0,0.0,0.0,0.0,
548,SIPP_BigCS,"227,24,0","13,27,0",0,-1,0,0.0,0.0,0.0,0.0,
548,SIPP_Standard,"227,24,15","13,27,15",0,-1,0,1e-05,0.0,0.0,0.0,
549,SIPP_2^2,"13,210,0","91,25,0",0,-1,0,0.0,0.0,0.0,0.0,
549,SIPP_2^3,"13,210,0","91,25,0",0,-1,0,0.0,0.0,0.0,0.0,
549,SIPP_2^4,"13,210,0","91,25,0",0,-1,0,0.0,0.0,0.0,0.0,
549,SIPP_2^5,"13,210,0","91,25,0",0,-1,0,0.0,0.0,0.0,0.0,
549,SIPP_BigCS,"13,210,0","91,25,0",0,-1,0,0.0,0.0,0.0,0.0,
549,SIPP_Standard,"13,210,9","91,25,6",0,-1,0,2e-05,0.0,0.0,0.0,
550,SIPP_2^2,"126,231,0","255,81,0",0,-1,0,0.0,0.0,0.0,0.0,
550,SIPP_2^3,"126,231,0","255,81,0",0,-1,0,0.0,0.0,0.0,0.0,
550,SIPP_2^4,"126,231,0","255,81,0",0,-1,0,0.0,0.0,0.0,0.0,
550,SIPP_2^5,"126,231,0","255,81,0",0,-1,0,0.0,0.0,0.0,0.0,
550,SIPP_BigCS,"126,231,0","255,81,0",0,-1,0,0.0,0.0,0.0,0.0,
550,SIPP_Standard,"126,231,0","255,81,4",0,-1,81864,180.00056,0.0,0.0,0.0,
551,SIPP_2^2,"59,111,0","220,0,0",0,-1,0,0.0,0.0,0.0,0.0,
551,SIPP_2^3,"59,111,0","220,0,0",0,-1,0,0.0,0.0,0.0,0.0,
551,SIPP_2^4,"59,111,0","220,0,0",0,-1,0,0.0,0.0,0.0,0.0,
551,SIPP_2^5,"59,111,0","220,0,0",0,-1,0,0.0,0.0,0.0,0.0,
551,SIPP_BigCS,"59,111,0","220,0,0",0,-1,0,0.0,0.0,0.0,0.0,
551,SIPP_Standard,"59,111,1","220,0,11",0,-1,67406,180.00262,0.0,0.0,0.0,
552,SIPP_2^2,"107,251,0","243,108,0",0,-1,0,0.0,0.0,0.0,0.0,
552,SIPP_2^3,"107,251,0","243,108,0",0,-1,0,0.0,0.0,0.0,0.0,
552,SIPP_2^4,"107,251,0","243,108,0",0,-1,0,0.0,0.0,0.0,0.0,
552,SIPP_2^5,"107,251,0","243,108,0",0,-1,0,0.0,0.0,0.0,0.0,
552,SIPP_BigCS,"107,251,0","243,108,0",0,-1,0,0.0,0.0,0.0,0.0,
552,SIPP_Standard,"107,251,11","243,108,5",0,-1,0,3e-05,0.0,0.0,0.0,
553,SIPP_2^2,"22,175,0","152,36,0",0,-1,0,0.0,0.0,0.0,0.0,
553,SIPP_2^3,"22,175,0","152,36,0",0,-1,0,0.0,0.0,0.0,0.0,
553,SIPP_2^4,"22,175,0","152,36,0",0,-1,0,0.0,0.0,0.0,0.0,
553,SIPP_2^5,"22,175,0","152,36,0",0,-1,0,0.0,0.0,0.0,0.0,
553,SIPP_BigCS,"22,175,0","152,36,0",0,-1,0,0.0,0.0,0.0,0.0,
553,SIPP_Standard,"22,175,6","152,36,3",0,-1,75561,180.00313,0.0,0.0,0.0,
554,SIPP_2^2,"255,253,0","91,155,0",0,-1,0,0.0,0.0,0.0,0.0,
554,SIPP_2^3,"255,253,0","91,155,0",0,-1,0,0.0,0.0,0.0,0.0,
554,SIPP_2^4,"255,253,0","91,155,0",0,-1,0,0.0,0.0,0.0,0.0,
554,SIPP_2^5,"255,253,0","91,155,0",0,-1,0,0.0,0.0,0.0,0.0,
554,SIPP_BigCS,"255,253,0","91,155,0",0,-1,0,0.0,0.0,0.0,0.0,
554,SIPP_Standard,"255,253,6","91,155,15",0,-1,0,2e-05,0.0,0.0,0.0,
555,SIPP_2^2,"46,47,0","163,206,0",0,-1,0,0.0,0.0,0.0,0.0,
555,SIPP_2^3,"46,47,0","163,206,0",0,-1,0,0.0,0.0,0.0,0.0,
555,SIPP_2^4,"46,47,0","163,206,0",0,-1,0,0.0,0.0,0.0,0.0,
555,SIPP_2^5,"46,47,0","163,206,0",0,-1,0,0.0,0.0,0.0,0.0,
555,SIPP_BigCS,"46,47,0","163,206,0",0,-1,0,0.0,0.0,0.0,0.0,
555,SIPP_Standard,"46,47,2","163,206,1",0,-1,0,4e-05,0.0,0.0,0.0,
556,SIPP_2^2,"207,104,0","44,242,0",1,3010.0,30755,10.89477,459.61941,102.10176,204.20352,3 3 3 3 3 2 2 2 3 2 2 2 2 2 2 3 2 2 2 2 2 3 3 2 3 3 3 2 3 2 3 2 2 2 2 3 3 3 2 2 2 2 2 2 2 2 2 2 2 2 2 2 2 2 2 2 2 2 2 2 2 2 2 2 2 2 2 2 2 2 2 3 2 3 3 3 3 2 3 3 3 3 3 3 3 3 2 3 3 3 3 3 3 2 2 2 3 2 2 2 2 2 2 3 3 3 2 3 2 3 3 3 3 2 2 2 3 3 3 3 3 3 3 2 3 3 3 3 3 3 3 3 2 3 3 3 3 3 2 3 3 3 2 3 2 3 2 3 2 2 2 2 2 2 2 2 2 2 2 2 2 2 2 2 2 2 2 2 2 2 2 2 2 2 2 2 2 2 2 2 2 2 2 2 2 2 2 2 2 2 2 2 2 2 2 2 3 3 3 3 3 3 3 3 3 3 3 3 3 3 3 3 3 3 3 3 2 3 3 3 3 3 3 3 3 3 3 3 3 3 2 2 3 3 3 3 3 3 3 3 3 3 2 3 3 3 3 3 3 3 2 3 3 3 3 2 3 2 3 3 2 3 3 3 3 3 3 3 3 2 3 3 3 3 3 3 2 2 2 3 3 3 3 3 3 3 3 3 3 3 3 3 3 3 3 3 3 3 3 3 2
556,SIPP_2^3,"207,104,0","44,242,0",1,2307.0829569999987,8101,5.21471,175.65314,34.55752,69.11504,5 5 5 6 6 6 5 5 5 5 5 5 5 5 5 5 5 5 5 5 5 6 6 5 5 5 5 5 5 5 5 5 5 5 5 5 5 5 4 4 5 4 5 5 5 5 5 5 5 5 5 5 5 5 5 5 5 5 5 5 5 5 5 5 4 5 5 4 4 5 5 5 5 5 5 4 4 4 4 5 4 5 5 6 6 6 5 6 6 6 6 6 6 6 6 6 5 5 5 5 5 6 6 5 5 4 4 5 5 5 5 5 5 4 5 5 4 6 5 5 5 5 5 5 5 5 5 5 5 5 5 5 5 5 5 5 5 5 5 5 -1.032 7 7 6 5 5 5 5 5 5 5 5 5 5 5 5 5 5 6 6 5 5 6 6 5 6 5 6 6 6 6 5 6 6 6 6 6 6 5
556,SIPP_2^4,"207,104,0","44,242,0",1,2192.4631599999966,3566,5.93858,49.13451,9.82244,19.64489,10 10 11 11 11 10 10 10 10 10 10 10 10 10 10 10 10 10 11 10 10 10 10 10 10 10 10 10 10 10 10 10 10 10 10 10 10 9 9 9 9 9 10 10 9 9 10 10 10 10 10 10 10 10 10 10 9 10 -0.479 10 10 10 10 10 10 10 10 10 10 11 11 11 11 12 12 12 11 12 11 11 11 10 10 10 10 10 9 10 10 10 10 10 10 10 10 10 10 10 10 10 10 10 10 10 10 10 10 10 10 10 10 11 10 10 10 11 10 10 10 10 10 10 11 11 11 11 11 11 11 12 12 12 11 11 11 11 12 11
556,SIPP_2^5,"207,104,0","44,242,0",1,2184.0951539999987,3293,13.87812,24.01706,4.79798,9.59597,20 20 20 20 20 20 21 21 21 20 20 20 20 20 21 20 20 20 20 20 20 20 20 20 20 20 20 20 20 20 19 19 20 19 19 19 19 19 19 19 19 20 20 21 21 20 20 20 21 21 22 23 23 23 23 22 20 20 19 20 20 20 20 20 20 20 20 20 20 20 20 20 20 20 20 20 20 20 20 20 20 20 20 20 20 20 20 20 20 21 21 20 20 21 21 21 21 23 23 23 23 24 24 23
556,SIPP_BigCS,"207,104,7","44,242,13",1,2181.641415,24473,171.3043,45.71681,8.5946,1.1547,103 103 103 103 103 103 103 103 103 103 103 103 183 203 251 103 103 103 103 103 103 103 103 127 254 179 222 127 206 206 254 155 219 183 203 203 203 307 7 71 254 103 103 103 103 103 103 103 103 103 103 103 103 103 103 103 103 103 103 103 155 219 103 103 103 103 103 103 183 -2.972 219 -0.670 171 31 307
556,SIPP_Standard,"207,104,7","44,242,13",1,2199.8629490000003,14412,35.89243,47.56886,8.8172,0.7493,67 55 67 31 51 70 31 31 51 70 51 -0.140 78 67 55 91 11 51 78 75 70 31 55 59 67 55 -3.723 59 91
557,SIPP_2^2,"22,222,0","236,215,0",0,-1,0,0.0,0.0,0.0,0.0,
557,SIPP_2^3,"22,222,0","236,215,0",0,-1,0,0.0,0.0,0.0,0.0,
557,SIPP_2^4,"22,222,0","236,215,0",0,-1,0,0.0,0.0,0.0,0.0,
557,SIPP_2^5,"22,222,0","236,215,0",0,-1,0,0.0,0.0,0.0,0.0,
557,SIPP_BigCS,"22,222,0","236,215,0",0,-1,0,0.0,0.0,0.0,0.0,
557,SIPP_Standard,"22,222,8","236,215,6",0,-1,90824,180.00121,0.0,0.0,0.0,
558,SIPP_2^2,"150,244,0","87,47,0",1,2746.2671490000002,17856,6.03804,388.90873,86.3938,172.7876,3 3 3 0 0 3 3 0 0 0 0 0 0 0 0 0 0 3 0 3 0 0 3 3 3 3 3 3 3 3 3 3 3 3 3 3 0 0 0 0 0 0 0 3 0 3 0 0 0 0 0 0 0 0 0 0 3 0 0 0 0 0 0 0 0 0 0 0 0 0 0 0 0 0 0 3 0 3 3 0 0 0 0 3 3 3 3 3 3 3 3 3 3 0 3 0 0 0 0 0 0 0 0 0 0 0 0 0 0 0 0 0 0 0 0 0 0 0 0 0 0 0 0 0 0 0 0 0 0 0 0 0 0 0 0 0 0 0 0 0 0 0 0 0 0 0 0 0 0 0 0 0 0 0 0 0 0 0 0 0 0 0 0 0 0 0 0 0 0 0 0 0 0 0 3 0 0 0 0 0 0 0 0 3 3 0 3 0 -52.057 1 -4.686 0 -9.614 1 -23.208 0 -12.418 0 0 3 3 0 3 3 3 3 3 3 0 0 0 3 0 3 3 0 0 0 0 -2.614 0 0 -1.519 0 -0.151 0 0 0 0 0 0 0 0 3 3 3 3 3 0 3 0 0 3 0 0 3 0 3 3 0 0 0 0 0 3 0 0 0 0 0 0 0 0 0 0 0 0 0 0 0 3 0
558,SIPP_2^3,"150,244,0","87,47,0",1,2337.1591209999997,8080,5.04188,216.8337,42.4115,84.823,7 7 7 7 0 0 0 0 7 0 0 7 7 7 7 6 7 6 7 6 7 6 6 6 6 6 7 7 7 7 7 7 7 0 0 0 7 7 0 7 7 7 7 7 7 7 7 7 0 0 7 0 0 0 0 0 0 0 0 7 7 7 7 0 0 0 0 0 0 0 0 0 0 0 0 0 0 0 0 0 0 0 7 0 0 0 0 0 0 7 0 7 0 -0.177 0 0 -7.082 0 0 0 0 7 7 0 0 0 0 0 0 0 0 0 0 0 0 7 7 7 7 7 0 0 0 0 0 0 0 0 0 0 0 0 0 0 0 0 0 0 0 0 1 0 0 1 0 0 0 0 0 0 0 0 0 0 0 0 0 0 0 7 7 0 0 7 0 0 0 1 0 0 0 0 0 0 0 1 0 0 1 0 0 0 0 0 0 0 0 0 0 0 7 7 0 0 7 7 7 0 7 7 7 0 -1.606 0 -1.076 0 -1.489 6 -0.632 7 7 7
558,SIPP_2^4,"150,244,0","87,47,0",1,2330.737491999999,9682,16.21868,106.02213,21.01597,42.03194,15 15 15 0 15 15 14 14 13 13 13 13 13 13 13 14 14 14 14 14 14 15 15 15 14 14 14 14 14 14 14 15 15 15 15 15 15 0 0 0 0 0 15 0 0 0 0 0 15 0 0 0 0 0 0 0 0 0 0 0 0 0 0 0 0 0 0 0 0 -13.471 12 -27.680 0 0 -7.082 0 0 0 0 15 15 15 15 15 0 0 0 15 0 15 0 0 0 0 0 0 0 0 0 0 0 0 0 1 0 0 0 0 0 0 0 0 1 15 15 15 0 0 0 0 0 0 0 0 0 0 0 0 0 0 0 15 0 1 0 0 0 0 0 0 1 0 1 0 1 0 0 0 0 0 0 0 0 0 0 0 15 15 15 15 0 15 14 12 12 12 12 12 12
558,SIPP_2^5,"150,244,0","87,47,0",1,2326.613232,9863,41.34546,74.05173,14.72174,29.44348,31 30 30 30 30 28 28 26 26 26 26 26 26 26 28 28 28 28 28 29 30 30 28 28 28 29 29 28 30 30 30 31 31 31 0 0 0 0 0 0 0 0 0 0 0 0 0 0 0 0 0 0 0 0 0 0 0 0 0 31 -20.284 24 -27.680 0 0 -7.082 0 0 0 31 31 31 31 31 0 0 0 0 31 0 0 31 0 0 0 0 1 1 0 0 0 0 0 0 31 31 31 0 0 0 0 0 0 0 31 0 0 0 0 0 -0.748 0 1 0 0 1 1 0 0 0 0 0 1 -1.246 31 0 31 31 0 0 0 0 0 0 31 -3.519 26 24 24 24 24 24 24
558,SIPP_BigCS,"150,244,7","87,47,10",0,-1,29695,180.16349,0.0,0.0,0.0,
558,SIPP_Standard,"150,244,7","87,47,10",1,2334.1234110000005,41903,99.03593,72.77238,13.8396,1.7159,6 74 93 23 46 10 50 77 90 2 6 90 2 -6.606 2 2 10 54 98 92 6 90 2 18 92 2 6 58 -10.518 82
559,SIPP_2^2,"11,170,0","214,213,0",1,2666.5049700000004,13778,4.68514,417.193,92.67698,185.35397,1 1 1 1 1 1 1 1 1 1 1 1 1 2 2 2 2 2 2 1 2 2 2 1 1 1 1 2 2 2 2 1 1 1 1 1 1 1 1 1 1 1 1 1 1 1 1 1 1 1 1 1 1 1 0 1 1 1 1 1 1 0 1 1 1 1 1 0 0 1 1 1 1 1 1 1 1 1 1 1 1 1 0 -17.213 1 1 1 1 2 1 1 2 1 1 1 1 1 1 1 1 1 1 1 1 1 1 2 1 1 1 1 2 1 1 1 1 1 1 1 1 1 1 1 1 1 1 2 2 1 1 1 1 1 1 2 2 2 2 1 2 1 1 2 2 2 1 1 2 1 1 1 1 2 1 1 2 2 2 2 1 1 2 1 1 1 2 2 2 1 2 1 1 1 1 1 1 1 1 1 1 1 1 1 1 1 1 1 1 2 2 2 1 1 1 2 -23.170 1 1 1 1 0 0 1 1 1 1 1 1 1 1 1 1 1 1 1 1 -26.123 1 1 1 2 2 2 1 1 1 1 1 1 1 1 1 1 1 1 1 1 1 1 1 2 1 1 1 2 1 1 1 2 1 2 1 1 1 1 1 1 1 1 1 1 1 2
559,SIPP_2^3,"11,170,0","214,213,0",1,2438.3672769999994,12678,7.78375,203.02795,40.05531,80.11061,3 3 2 3 3 2 3 2 3 3 3 3 3 3 3 3 3 2 2 3 2 -3.898 2 -20.037 2 -0.012 2 -0.012 2 2 2 2 2 2 2 2 2 2 2 2 2 2 2 2 2 2 2 2 2 2 2 2 1 2 2 2 2 2 2 2 2 2 2 2 2 2 1 2 2 2 2 2 2 2 2 2 2 2 2 2 2 1 2 2 2 2 2 2 2 2 2 2 2 2 2 2 2 3 2 2 3 3 3 2 2 3 3 2 2 2 2 2 2 3 3 3 3 3 3 3 3 3 3 3 3 3 3 3 3 4 3 2 1 1 2 2 2 -7.711 2 -13.738 2 2 2 2 2 2 2 2 2 2 2 2 2 2 2 2 2 2 2 2 2 2 2 3 2 2 3 3 2 2 3 3 3 3 3 3 3 3 3 3 3 2 2 2 2 -56.519 1 -0.632 2 1 2 1 1 2 2 1 3 3 4 3 2 2 1 1 2 1 2 2 1 2 2 2 2
559,SIPP_2^4,"11,170,0","214,213,0",1,2421.720515999999,13242,21.24365,94.11459,18.55583,37.11167,6 6 6 6 6 6 6 6 5 5 5 5 5 5 6 -14.587 4 -20.037 4 -0.012 4 -0.012 4 4 4 4 4 4 4 4 4 4 4 4 4 4 4 4 4 4 4 4 4 4 4 3 4 4 4 4 4 4 4 4 4 4 4 4 4 4 4 4 3 4 4 4 4 4 3 4 4 4 4 4 4 4 -1.839 4 -0.029 4 5 5 5 5 5 4 4 4 4 4 4 4 4 4 4 4 5 4 4 4 6 6 6 6 6 6 6 6 6 6 6 6 6 6 6 5 6 4 3 3 4 -46.794 5 5 4 4 4 4 5 4 4 4 4 4 4 4 5 4 4 5 4 4 4 4 4 4 4 4 6 6 6 5 5 5 5 5 -82.941 5 -1.523 3 3 3 3 -1.758 5 6 7 3 3 3 3 4 4 4 4
559,SIPP_2^5,"11,170,0","214,213,0",1,2419.859228,13417,53.28677,67.67284,13.37637,26.75274,11 11 11 11 11 11 12 12 12 -17.271 8 -20.037 8 -0.012 8 7 8 8 8 8 8 8 8 8 8 8 8 8 8 8 8 8 8 8 8 8 8 8 8 8 8 8 8 8 8 8 8 8 8 8 8 8 8 8 8 8 8 7 7 7 8 8 8 8 8 8 8 9 9 9 9 8 8 8 9 9 9 8 12 12 12 12 12 12 12 12 12 12 12 12 12 12 12 12 9 6 7 -54.136 8 8 9 9 9 8 8 8 8 8 9 8 8 8 9 8 8 8 8 8 9 11 11 12 12 12 12 12 -75.826 6 -1.523 6 6 6 7 12 13 -0.038 6 6 6 7 8 8 8
559,SIPP_BigCS,"11,170,9","214,213,2",0,-1,30859,180.27946,0.0,0.0,0.0,
559,SIPP_Standard,"11,170,9","214,213,2",1,2447.045601,72576,155.43611,65.72651,12.5647,1.5267,71 28 36 -46.049 1 1 5 65 -2.259 45 1 17 103 89 1 1 9 45 -1.738 1 1 17 95 5 97 71 28 52 88 4 72 95
560,SIPP_2^2,"19,26,0","188,152,0",1,2970.0,27066,9.38385,516.18795,114.66813,229.33626,0 1 1 1 1 2 2 2 2 2 2 2 2 2 2 2 2 2 1 1 2 2 2 2 2 2 2 2 2 2 2 2 2 2 2 1 1 1 1 2 1 1 1 1 1 1 2 2 2 2 2 2 2 2 2 2 2 2 2 2 2 2 1 2 2 2 2 2 2 2 1 1 1 2 1 1 2 2 1 1 1 2 1 1 1 1 1 1 1 1 1 2 1 1 1 1 1 1 1 1 1 2 2 1 1 2 1 2 2 2 1 1 1 1 1 1 2 1 2 1 1 2 1 2 2 2 2 2 2 2 2 2 2 2 2 2 2 2 2 2 2 2 2 2 2 2 2 1 1 1 1 2 1 1 1 1 1 2 1 1 2 2 1 1 1 1 1 1 1 1 1 1 1 1 1 1 1 1 1 1 1 1 1 1 2 1 1 2 1 1 1 1 1 2 1 1 1 1 1 1 1 1 1 1 1 1 1 2 1 1 1 1 1 1 1 1 1 1 1 1 1 1 1 1 1 1 1 1 1 1 1 1 1 1 1 1 1 1 1 1 1 1 1 1 1 1 2 1 1 1 1 1 1 2 1 1 2 1 1 1 2 2 1 2 1 2 1 2 1 1 2 2 2 2 1 2 2 2 2 2 2 2 1 2 1 2 2 1 2 2 2 2 2 2 1 2 1
560,SIPP_2^3,"19,26,0","188,152,0",1,2290.608128999997,8077,5.35867,119.24376,23.56195,47.12389,1 2 2 2 2 3 2 3 3 3 3 3 3 3 3 3 3 3 3 3 3 3 3 3 3 3 3 3 3 3 3 2 2 3 3 3 3 3 3 3 3 3 2 3 3 3 3 3 3 3 3 3 3 3 3 3 3 3 3 3 3 3 3 3 3 3 3 3 3 3 3 3 3 3 3 3 3 3 3 3 3 2 3 -0.120 2 2 3 4 4 3 4 3 2 2 2 2 2 2 2 2 2 2 2 2 2 2 2 2 2 2 2 2 2 2 2 2 2 2 2 2 2 2 2 2 2 2 2 2 2 2 2 2 3 3 3 3 3 3 3 3 2 3 3 3 3 3 4 3 4 3 3 3 3 3 3 3 4 3 3 3 4 4 4 4 4 4 3 3 3 3 3 3 3 3 3 3 3 3 3 3 2 3
560,SIPP_2^4,"19,26,0","188,152,0",1,2193.5652649999984,4694,8.25386,90.55636,18.07409,36.14818,2 4 6 5 6 6 6 6 6 5 6 5 6 6 6 6 6 6 5 6 6 6 6 6 6 6 6 6 6 6 6 6 6 5 6 6 6 5 6 5 6 5 6 5 6 5 6 5 5 6 5 6 6 6 6 6 6 6 6 6 6 6 6 6 6 6 5 5 5 5 5 5 5 5 5 5 4 5 5 4 5 5 5 4 5 5 5 5 5 5 5 -3.353 5 5 5 5 5 5 5 5 5 6 6 6 6 6 7 6 8 8 8 7 8 7 7 8 8 7 6 6 6 6 5 5 5 6 5 6
560,SIPP_2^5,"19,26,0","188,152,0",1,2178.933666,4274,18.67304,40.48943,8.1032,16.2064,4 9 12 12 12 12 12 12 12 12 12 12 11 11 11 12 12 12 12 12 12 12 12 12 11 12 11 12 11 11 11 11 12 12 12 12 11 12 12 12 12 12 12 11 12 11 12 11 12 12 11 11 12 9 9 9 9 9 10 10 10 10 10 10 10 10 10 10 10 10 9 10 10 10 11 11 11 11 12 12 12 12 12 12 12 15 15 15 15 16 16 16 12 11 11 11 11
560,SIPP_BigCS,"19,26,6","188,152,9",0,-1,24669,180.10968,0.0,0.0,0.0,
560,SIPP_Standard,"19,26,6","188,152,9",1,2238.6522889999997,21261,55.41257,51.3902,9.3474,0.9806,-5.966 105 48 71 52 64 -0.577 48 63 71 48 103 97 -10.038 63 71 48 71 48 71 48 71 28 28 -4.143 52 -4.928 56 56 64 48 71
561,SIPP_2^2,"31,16,0","58,213,0",0,-1,0,0.0,0.0,0.0,0.0,
561,SIPP_2^3,"31,16,0","58,213,0",0,-1,0,0.0,0.0,0.0,0.0,
561,SIPP_2^4,"31,16,0","58,213,0",0,-1,0,0.0,0.0,0.0,0.0,
561,SIPP_2^5,"31,16,0","58,213,0",0,-1,0,0.0,0.0,0.0,0.0,
561,SIPP_BigCS,"31,16,0","58,213,0",0,-1,0,0.0,0.0,0.0,0.0,
561,SIPP_Standard,"31,16,2","58,213,6",0,-1,75774,180.0008,0.0,0.0,0.0,
562,SIPP_2^2,"30,240,0","22,18,0",1,2546.3751359999997,6842,2.42516,205.06097,45.55309,91.10619,0 0 0 0 0 0 0 0 0 0 0 0 0 3 0 0 3 3 0 0 0 0 3 3 3 0 0 0 0 0 0 0 0 0 0 0 0 0 0 0 0 0 0 0 0 0 0 0 0 0 0 0 0 0 0 0 0 0 0 0 0 3 3 0 0 3 3 0 3 0 0 0 0 0 0 0 0 0 0 0 0 0 0 0 0 0 0 0 0 0 0 0 0 0 0 0 0 0 0 0 0 0 0 0 0 0 0 0 0 0 0 0 0 0 0 0 0 0 0 0 0 0 0 0 0 0 0 0 0 0 0 0 0 0 0 0 0 0 0 0 0 0 0 0 0 0 0 3 3 3 3 3 0 0 0 0 0 0 0 0 0 0 0 0 0 0 0 0 0 0 0 1 1 1 1 0 1 1 0 0 0 0 0 0 0 0 0 0 0 1 1 1 1 1 0 0 0 0 0 0 1 -6.375 0 0 0 0 0 0 0 0 0 0 0 0 0 0 0 0 0 0 0 0 0 0 0 0 0 0 0 0 0 0 0 0 0 0 0 0 3 0 0 0 0 0 0 0 0 0 3 0 0 0 3 0 3
562,SIPP_2^3,"30,240,0","22,18,0",1,2426.5740950000004,7488,4.61385,119.66705,23.56195,47.12389,0 7 7 7 7 0 0 0 0 0 0 0 0 0 0 0 0 0 0 7 7 7 0 0 0 0 0 0 0 0 0 0 0 0 0 0 0 0 0 0 0 0 0 0 0 0 0 0 0 0 0 0 0 0 0 0 0 0 0 0 0 0 0 0 0 0 0 0 0 0 0 0 0 0 0 0 0 0 0 0 0 0 0 0 0 0 0 0 0 0 0 0 0 0 0 0 0 0 0 0 0 0 0 0 0 0 0 0 0 0 0 0 0 0 0 0 0 0 0 0 0 0 0 0 0 0 0 0 0 0 0 0 0 0 0 0 0 7 7 7 7 7 0 0 7 -12.990 0 1 1 1 1 -7.623 0 -1.957 7 -0.544 1 0 0 1 1 0 1 1 1 1 1 0 0 0 0 0 0 0 0 0 0 0 0 0 1 1 0 0 0 0 7 7 0 0 0 0 0 0 7 0 0 7 0 0 0 7 7 7 0 0 0 0 0 0 0 0 0 0 0 0 0 0 0 0 0 0 0 -27.034 0 -0.500 7 -6.809 0
562,SIPP_2^4,"30,240,0","22,18,0",1,2311.4872959999975,3739,6.25242,38.2663,7.59822,15.19643,0 0 0 15 15 15 0 15 15 15 15 0 0 0 0 0 0 0 0 0 0 0 0 0 0 0 0 0 0 0 0 0 0 0 0 0 0 0 0 0 0 0 0 0 0 0 0 0 0 0 0 0 0 0 0 0 0 0 0 0 0 0 0 0 0 0 0 0 0 0 0 0 0 0 0 0 0 0 0 0 0 0 0 0 0 0 0 0 0 0 0 0 0 0 0 0 0 0 0 0 0 0 0 0 0 0 0 0 0 0 0 0 15 15 15 15 15 15 15 15 15 15 15 15 15 14 0 0 0 0 0 0 0 0 0 0 0 0 0 0 0 0 0 0 0 0 0 0 0 0 0 0 0 0 0 0 0 0 0 15 15 0 0 0 0 0 0 1 1 1 1 1 1 1 1 1 1 1 1 0 1 0 1 0 1
562,SIPP_2^5,"30,240,0","22,18,0",1,2304.2831789999977,3902,15.86608,25.37706,5.03414,10.06828,0 31 31 31 31 31 31 31 0 0 0 0 0 0 0 0 0 0 0 0 0 0 0 0 0 0 0 0 0 0 0 0 0 0 0 0 0 0 0 0 0 0 0 0 0 0 0 0 0 0 0 0 0 0 0 0 0 0 0 0 0 0 0 0 0 0 0 0 0 0 0 -1.166 0 -1.086 0 -1.218 31 0 0 0 0 0 0 0 0 0 0 0 0 0 0 0 0 0 0 0 0 0 0 0 0 0 0 0 0 0 0 31 30 30 30 30 30 30 30 30 31 -0.536 29 28 0 0 0 0 0 0 0 0 0 0 0 0 0 0 0 0 0 0 0 0 0 0 0 0 0 0 0 0 0 0 0 31 0 0 0 0 31 1 1 1 1 2 2 2 2 2 2 2 2 2 2 1
562,SIPP_BigCS,"30,240,5","22,18,12",1,2301.804715,27071,172.83153,30.8221,5.4609,0.7345,6 6 6 82 202 202 202 306 2 2 2 2 2 2 2 6 6 6 6 6 6 -0.805 30 362 2 2 2 90 182 202 202 202 202 306 6 6 6 6 6 6 6 6 6 6 6 6 6 6 6 6 6 6 6 6 6 6 6 6 6 6 6 6 6 6 6 6 6 30 378 204 204 204 204 204 204 204 204 204 204 204 204 308 6 6
562,SIPP_Standard,"30,240,5","22,18,12",1,2327.7734680000003,13961,32.51751,43.1466,7.9519,1.1463,90 6 90 2 2 2 2 2 2 2 2 2 2 2 2 6 90 14 -3.535 85 2 2 2 6 -0.239 98 60 60 60 100
563,SIPP_2^2,"45,206,0","107,30,0",0,-1,0,0.0,0.0,0.0,0.0,
563,SIPP_2^3,"45,206,0","107,30,0",0,-1,0,0.0,0.0,0.0,0.0,
563,SIPP_2^4,"45,206,0","107,30,0",0,-1,0,0.0,0.0,0.0,0.0,
563,SIPP_2^5,"45,206,0","107,30,0",0,-1,0,0.0,0.0,0.0,0.0,
563,SIPP_BigCS,"45,206,0","107,30,0",0,-1,0,0.0,0.0,0.0,0.0,
563,SIPP_Standard,"45,206,1","107,30,1",0,-1,78732,180.00056,0.0,0.0,0.0,
564,SIPP_2^2,"123,227,0","253,70,0",1,2870.0,29437,9.60697,381.83766,84.823,169.646,0 0 0 0 0 0 0 0 0 0 0 0 0 0 0 0 0 0 0 0 0 0 0 1 1 1 0 0 0 0 0 0 0 0 0 0 0 0 0 0 0 0 0 0 0 0 0 1 1 0 1 0 0 1 1 1 1 1 1 1 1 1 1 1 1 1 1 1 1 1 1 1 1 1 1 1 1 1 1 1 1 1 1 1 1 1 1 1 1 1 1 1 1 1 0 1 1 1 1 0 0 0 0 0 0 1 0 0 1 1 0 1 0 0 1 0 0 0 1 1 0 0 1 1 1 1 0 0 1 0 0 1 0 0 0 1 1 0 1 0 1 1 0 1 0 0 1 1 0 1 0 0 0 0 0 0 0 0 0 0 0 0 0 0 0 0 0 0 0 0 0 0 0 0 0 0 0 0 0 0 0 0 0 0 0 1 0 1 0 0 0 1 1 1 0 1 0 1 1 1 1 1 1 1 1 1 1 1 1 1 1 1 1 1 1 1 1 1 1 1 1 1 1 1 1 1 1 1 1 1 1 1 1 1 1 1 1 1 1 1 1 1 1 1 1 0 1 0 0 0 0 0 0 0 0 0 0 0 0 0 0 0 0 0 0 0 1 0 0 0 0 0 1 0 0 0 0 0 0 0 0 0 0 0 0 0 0
564,SIPP_2^3,"123,227,0","253,70,0",1,2319.3607839999986,8145,5.03426,159.59556,31.41593,62.83186,1 0 0 0 1 0 0 0 0 1 1 1 1 1 1 1 1 1 0 0 1 0 0 1 0 0 0 0 0 0 0 0 0 0 0 0 0 0 0 0 0 0 0 0 0 0 1 1 1 1 1 1 1 1 1 1 1 1 1 1 1 1 1 1 1 1 1 1 1 1 1 1 1 1 1 1 1 1 1 1 0 0 0 1 1 0 1 0 0 0 1 0 0 0 0 0 0 0 1 1 1 1 1 1 1 1 0 1 1 1 1 2 2 2 2 2 2 2 2 2 1 1 1 1 1 2 1 1 2 2 2 2 2 2 2 2 2 2 2 2 2 2 2 2 2 2 2 2 2 2 1 1 2 1 1 1 2 1 2 1 1 1 2 1 1 1 1 1 1 1 1 1 1 1 1 0 0 0 0 0 0 0 1 0 0 1 0 0 0 0 0 0 1
564,SIPP_2^4,"123,227,0","253,70,0",1,2192.8458479999986,5117,8.18612,84.17434,16.7392,33.4784,0 0 0 0 0 0 1 0 1 0 0 1 1 1 1 1 1 1 1 1 0 0 1 0 0 0 0 0 0 1 0 0 2 2 2 2 2 2 2 1 1 1 1 2 2 2 2 2 2 2 2 2 2 2 2 2 2 2 2 2 2 2 2 2 1 1 1 2 1 2 2 2 2 2 1 2 2 2 2 2 2 2 2 2 2 2 3 3 3 2 2 2 2 3 2 2 4 4 4 4 4 4 4 4 4 3 3 4 3 3 3 3 3 3 3 3 3 3 3 3 3 2 2 1 0 1 0 0 0 1 0 1 0 1 1 0 0 1
564,SIPP_2^5,"123,227,0","253,70,0",1,2170.8522639999996,4849,19.3747,28.13539,5.61297,11.22594,1 1 1 1 1 1 1 1 1 1 1 1 0 0 0 0 0 1 1 3 3 3 3 3 3 4 4 4 4 4 4 4 4 4 4 4 4 4 4 4 4 4 4 4 4 4 4 3 4 4 3 4 4 -0.040 4 4 4 4 4 4 4 4 4 4 4 4 4 5 5 4 5 7 8 7 7 8 8 8 8 8 8 7 6 6 6 6 6 6 6 6 6 6 5 4 4 1 1 1 1 1 1 0 1
564,SIPP_BigCS,"123,227,6","253,70,10",0,-1,31005,180.07367,0.0,0.0,0.0,
564,SIPP_Standard,"123,227,6","253,70,10",1,2211.352826,26617,54.14471,53.00046,9.7633,0.9338,37 2 22 49 92 18 68 29 49 68 49 76 65 -0.353 49 68 29 53 65 45 1 5 57 57 73 60 92 18
565,SIPP_2^2,"168,30,0","23,157,0",0,-1,0,0.0,0.0,0.0,0.0,
565,SIPP_2^3,"168,30,0","23,157,0",0,-1,0,0.0,0.0,0.0,0.0,
565,SIPP_2^4,"168,30,0","23,157,0",0,-1,0,0.0,0.0,0.0,0.0,
565,SIPP_2^5,"168,30,0","23,157,0",0,-1,0,0.0,0.0,0.0,0.0,
565,SIPP_BigCS,"168,30,0","23,157,0",0,-1,0,0.0,0.0,0.0,0.0,
565,SIPP_Standard,"168,30,11","23,157,7",0,-1,87177,180.00424,0.0,0.0,0.0,
566,SIPP_2^2,"250,14,0","35,24,0",1,2805.831908,10104,3.39386,240.41631,53.40708,106.81415,3 3 3 0 0 0 0 0 3 3 3 0 0 0 3 0 3 3 3 3 3 3 3 3 3 3 3 0 3 3 3 3 3 3 3 3 3 3 3 3 3 3 3 3 3 3 3 3 3 0 3 3 3 3 3 3 3 3 3 3 3 3 3 3 3 3 3 3 3 3 3 3 3 3 3 3 3 3 3 3 3 3 3 3 3 3 3 3 3 3 3 3 3 3 3 3 3 3 3 3 3 3 3 3 3 3 3 3 3 3 3 3 3 3 3 3 3 3 3 3 3 3 3 3 3 3 3 3 0 3 0 3 3 3 3 3 3 3 3 3 3 3 -5.006 2 -0.012 3 -0.012 3 -0.012 3 -0.012 3 -0.012 3 -0.012 3 -0.012 3 3 0 3 3 3 3 3 3 3 3 3 3 3 3 3 -6.114 3 3 2 2 2 2 2 2 2 2 2 3 2 2 2 2 2 -40.752 2 2 2 2 2 -19.084 2 -0.034 2 -0.032 2 2 2 3 2 3 3 3 3 3 3 3 3 3 3 2 2 3 3 3 -79.745 3 -4.239 2 -4.183 3 -4.183 3 -12.376 0 3 0 3 3 3 3 3 3 3 3 3 3 3 3 3 3 3 3 3 3 3 3 3 3 3 3 3 3 3 3 3 3 3 3 3 3 3 3 3 3 3 3 3 3 3 0 0 0 3
566,SIPP_2^3,"250,14,0","35,24,0",1,2768.4353349999974,11359,6.98579,206.07158,40.84071,81.68141,5 5 5 5 4 5 4 4 5 5 5 6 6 6 6 6 6 6 6 6 5 5 6 6 6 5 5 5 5 6 6 6 6 5 6 6 5 6 5 6 6 6 6 6 6 6 6 6 6 6 6 6 6 6 6 5 5 6 5 5 6 -5.057 6 -0.053 6 6 6 6 6 6 6 6 7 7 7 7 7 7 7 6 6 6 6 6 6 6 7 7 -5.772 6 -3.920 0 -3.219 6 6 6 6 6 6 6 6 6 6 6 6 6 6 6 6 6 6 6 6 6 6 6 6 6 6 6 6 6 6 5 6 -0.029 6 -202.111 5 -0.040 5 6 6 6 6 5 5 6 5 5 5 6 6 6 6 6 6 6 5 5 5 5 5 5 5 5 5 5 5 5 6 6 6 6 6 6 6 6 6 6 6 6 5 6 6 6 6 6 5 6 6 6 6 6 6 6 6 6 6 6 6 6 6 6 7 7 7 0 0 0 0 0 0 7 7 7 7 7 7 7 7 7 7 7 7 6 6 6 6 6 7 6 7 7 6 6 6 6 7 6 6 6 7
566,SIPP_2^4,"250,14,0","35,24,0",1,2699.8839519999965,9810,15.2496,109.85691,21.77334,43.54668,10 10 9 9 9 10 10 10 12 11 11 12 12 12 12 11 12 12 11 11 11 11 11 11 -0.965 12 -1.991 10 -1.148 12 -1.693 11 12 12 12 12 12 12 11 12 12 12 12 12 12 11 11 11 -1.235 12 -0.014 12 13 14 14 14 14 14 14 14 14 14 14 15 -2.057 13 12 12 12 12 12 -2.891 13 12 12 -1.140 12 12 12 12 12 12 12 12 11 12 12 12 12 12 12 12 12 12 12 12 12 12 12 12 12 11 11 10 -2.066 12 -4.183 12 -202.111 10 -1.521 11 11 11 11 11 11 12 12 12 12 12 12 11 -1.628 10 11 11 10 11 11 11 11 11 11 11 11 11 11 12 -0.655 12 12 -0.706 12 12 12 -3.208 12 12 12 12 12 13 13 12 12 13 14 14 14 14 13 13 13 13 13 14 13 13 13 13 14 14 14 14 14 14 14 14 14 0
566,SIPP_2^5,"250,14,0","35,24,0",1,2699.418387,9899,38.24088,79.83562,15.87446,31.74892,19 19 19 20 20 23 23 23 23 23 24 24 23 23 23 -0.570 16 -1.991 20 -0.878 23 23 24 24 24 24 24 24 23 23 23 23 26 -0.266 29 28 28 28 28 28 28 28 28 28 28 -3.696 25 24 24 24 24 -3.309 26 24 24 -1.140 24 24 24 24 24 24 24 23 24 24 24 24 24 24 24 24 24 24 24 24 24 23 23 24 -2.168 20 -2.111 24 -4.183 24 -202.111 20 -1.841 23 23 23 23 23 24 24 22 21 -2.969 21 21 22 22 -0.503 22 22 22 22 22 -0.423 22 22 23 24 24 24 25 25 25 25 26 27 27 27 27 27 27 27 28 28 -8.513 30 -0.008 27 28 28 28 -0.575 24
566,SIPP_BigCS,"250,14,6","35,24,8",0,-1,36326,180.09615,0.0,0.0,0.0,
566,SIPP_Standard,"250,14,6","35,24,8",1,2701.655377,48423,86.18694,71.44635,13.4058,1.5248,51 70 47 11 47 -1.908 19 109 55 107 50 69 38 -11.923 3 3 7 91 -216.701 7 91 11 55 59 59 -0.036 91 -0.956 3 19 69 30 30 -0.526 50 -1.606 69
567,SIPP_2^2,"24,70,0","204,182,0",0,-1,0,0.0,0.0,0.0,0.0,
567,SIPP_2^3,"24,70,0","204,182,0",0,-1,0,0.0,0.0,0.0,0.0,
567,SIPP_2^4,"24,70,0","204,182,0",0,-1,0,0.0,0.0,0.0,0.0,
567,SIPP_2^5,"24,70,0","204,182,0",0,-1,0,0.0,0.0,0.0,0.0,
567,SIPP_BigCS,"24,70,0","204,182,0",0,-1,0,0.0,0.0,0.0,0.0,
567,SIPP_Standard,"24,70,7","204,182,8",0,-1,65505,180.00179,0.0,0.0,0.0,
568,SIPP_2^2,"222,5,0","118,186,0",1,2901.0570460000004,19857,6.49203,395.9798,87.96459,175.92919,3 3 3 3 3 3 3 3 3 3 3 3 3 3 3 3 3 3 3 3 2 3 3 3 2 2 2 2 2 2 2 2 2 3 3 2 2 2 2 2 2 2 2 2 2 2 2 2 2 2 2 2 2 2 2 2 2 2 2 2 2 2 2 2 2 2 2 2 2 2 2 2 2 2 2 2 2 2 2 2 2 2 2 2 2 2 2 2 2 2 2 2 2 2 2 2 2 2 2 2 2 2 2 2 2 2 2 2 2 2 2 2 2 2 2 2 2 2 2 2 2 2 2 2 2 2 2 2 2 2 2 2 2 2 3 3 3 2 3 2 2 3 2 3 2 3 3 3 3 3 3 2 3 3 3 3 2 3 3 3 2 2 3 3 3 3 3 3 3 3 3 3 3 3 2 2 2 3 3 3 3 2 3 3 3 3 3 3 3 3 3 3 3 3 3 3 3 3 2 3 3 3 2 2 3 3 2 3 2 2 2 2 2 2 2 2 3 3 2 3 2 2 2 3 2 2 2 3 2 2 3 2 2 3 2 2 2 3 2 2 3 2 2 2 3 3 3 2 2 3 2 2 2 2 2 2 2 2 2 3 3 2 2 2 2 2 2 2 -10.031 2 -0.011 2 -0.053 2 2 2 2 1 1 2 2 -0.962 2 2 3 3 3 3 3 3 3 3 3
568,SIPP_2^3,"222,5,0","118,186,0",1,2410.2518249999957,6456,3.92463,154.94515,30.63053,61.26106,4 4 4 4 4 4 4 4 4 4 4 4 4 4 4 4 -7.563 4 4 4 4 5 -1.359 5 5 5 5 5 6 6 6 6 5 5 5 6 5 5 6 5 6 6 5 5 4 4 4 4 4 4 4 4 4 4 4 4 4 4 4 4 4 4 4 4 4 4 4 4 4 4 4 4 4 4 4 4 4 4 4 4 4 4 4 4 4 4 5 5 5 4 4 4 4 4 4 4 4 5 4 4 4 4 4 4 4 4 4 4 4 4 4 4 4 4 4 4 3 4 4 4 4 4 4 4 4 4 4 -4.178 4 -1.639 4 5 5 5 6 6 5 5 5 5 5 5 5 6 5 6 6 5 5 5 5 5 5 6 5 5 5 6 5 5 5 5 5 6 5 5 5 5 5 5 5 5 5 5 5 5 6 5 5 5 5 5 6 6 6 5 5 5 5 5 5 5 5 5 5 5 5 6 5 5 5 6 6 6 5 5 5 5 6 5
568,SIPP_2^4,"222,5,0","118,186,0",1,2372.9179869999944,5806,9.14346,60.72112,12.06477,24.12954,8 8 8 8 8 8 8 8 8 8 8 8 8 8 7 9 8 8 9 11 11 11 11 11 11 11 11 11 10 10 10 8 8 8 8 8 8 8 8 8 8 8 8 8 8 8 8 8 8 8 8 8 8 8 8 8 8 8 8 8 8 8 8 8 8 8 8 8 8 8 8 8 8 8 9 9 8 9 8 9 8 8 -2.178 8 8 8 8 8 8 8 8 8 8 8 8 8 8 8 8 8 8 8 8 8 7 8 7 8 8 8 -1.478 8 -3.226 8 9 10 10 10 10 10 10 10 10 10 10 10 10 10 10 10 10 10 10 10 10 10 10 10 10 10 10 10 10 10 10 10 10 10 11 11 11 11 10 10 11 11 10 10 11 11 11 11 11 11 11 11 11 11 11 11 11 10 11 10
568,SIPP_2^5,"222,5,0","118,186,0",1,2253.0837269999993,3235,12.53473,48.2935,9.6321,19.26421,16 16 16 16 16 16 16 16 16 16 16 16 16 15 -0.148 17 17 22 22 22 22 22 22 21 22 22 20 20 16 16 16 16 16 16 16 16 16 16 16 16 16 16 16 16 16 16 16 16 16 16 16 16 16 16 16 16 16 16 17 16 17 16 16 17 16 17 16 17 16 17 16 16 17 16 17 17 18 20 20 21 21 21 21 21 20 20 20 20 20 20 19 19 19 19 19 19 19 19 19 19 19 19 19 19 19 19 19 20 20 -0.345 21 21 22 22 21
568,SIPP_BigCS,"222,5,14","118,186,4",1,2253.0,23266,121.59974,45.92228,8.0791,1.2675,360 4 4 4 4 4 4 4 56 374 203 203 203 203 203 203 203 203 331 4 84 206 310 4 4 4 4 4 4 0 4 4 4 4 4 4 4 4 4 4 4 4 4 4 4 0 56 206 206 206 206 326 203 203 251 103 103 155 251 103 179 206 206 206 206 206 206 206 206 206 206 206 206 254 127 254 103 103 103 103 103 103 183 203 203 203 323
568,SIPP_Standard,"222,5,14","118,186,4",1,2374.344798,14554,24.67629,43.47055,8.2221,0.9164,39 4 104 47 11 51 94 0 0 0 0 0 -15.883 0 0 0 0 -3.461 20 31 55 67 31 31 55 59 67 55 67 31 55
569,SIPP_2^2,"219,232,0","95,58,0",0,-1,0,0.0,0.0,0.0,0.0,
569,SIPP_2^3,"219,232,0","95,58,0",0,-1,0,0.0,0.0,0.0,0.0,
569,SIPP_2^4,"219,232,0","95,58,0",0,-1,0,0.0,0.0,0.0,0.0,
569,SIPP_2^5,"219,232,0","95,58,0",0,-1,0,0.0,0.0,0.0,0.0,
569,SIPP_BigCS,"219,232,0","95,58,0",0,-1,0,0.0,0.0,0.0,0.0,
569,SIPP_Standard,"219,232,2","95,58,6",0,-1,0,2e-05,0.0,0.0,0.0,
570,SIPP_2^2,"86,166,0","188,14,0",0,-1,0,0.0,0.0,0.0,0.0,
570,SIPP_2^3,"86,166,0","188,14,0",0,-1,0,0.0,0.0,0.0,0.0,
570,SIPP_2^4,"86,166,0","188,14,0",0,-1,0,0.0,0.0,0.0,0.0,
570,SIPP_2^5,"86,166,0","188,14,0",0,-1,0,0.0,0.0,0.0,0.0,
570,SIPP_BigCS,"86,166,0","188,14,0",0,-1,0,0.0,0.0,0.0,0.0,
570,SIPP_Standard,"86,166,9","188,14,4",0,-1,66406,180.00123,0.0,0.0,0.0,
571,SIPP_2^2,"199,192,0","0,120,0",0,-1,0,0.0,0.0,0.0,0.0,
571,SIPP_2^3,"199,192,0","0,120,0",0,-1,0,0.0,0.0,0.0,0.0,
571,SIPP_2^4,"199,192,0","0,120,0",0,-1,0,0.0,0.0,0.0,0.0,
571,SIPP_2^5,"199,192,0","0,120,0",0,-1,0,0.0,0.0,0.0,0.0,
571,SIPP_BigCS,"199,192,0","0,120,0",0,-1,0,0.0,0.0,0.0,0.0,
571,SIPP_Standard,"199,192,5","0,120,3",0,-1,74326,180.00003,0.0,0.0,0.0,
572,SIPP_2^2,"36,10,0","55,212,0",0,-1,0,0.0,0.0,0.0,0.0,
572,SIPP_2^3,"36,10,0","55,212,0",0,-1,0,0.0,0.0,0.0,0.0,
572,SIPP_2^4,"36,10,0","55,212,0",0,-1,0,0.0,0.0,0.0,0.0,
572,SIPP_2^5,"36,10,0","55,212,0",0,-1,0,0.0,0.0,0.0,0.0,
572,SIPP_BigCS,"36,10,0","55,212,0",0,-1,0,0.0,0.0,0.0,0.0,
572,SIPP_Standard,"36,10,1","55,212,8",0,-1,75078,180.0006,0.0,0.0,0.0,
573,SIPP_2^2,"238,168,0","38,208,0",1,2809.883447,19973,6.68635,275.77164,61.26106,122.52211,3 3 3 3 3 3 3 3 3 3 3 3 3 3 3 3 3 3 3 3 3 3 3 3 3 3 3 3 3 3 3 3 3 3 3 3 3 3 3 3 3 3 3 3 3 3 3 3 3 3 3 3 2 3 3 3 3 3 3 2 3 2 2 3 3 3 2 3 3 3 3 3 3 3 3 3 2 2 3 2 3 3 2 3 2 3 3 2 3 3 3 3 3 3 3 3 3 3 3 3 3 3 3 3 2 3 -116.169 3 3 3 3 3 3 3 3 3 3 3 3 3 3 3 3 3 3 3 3 3 3 3 3 3 0 3 3 0 3 3 3 0 3 3 3 3 3 -13.613 3 -0.101 3 3 3 3 3 3 3 3 3 3 3 3 3 3 3 3 3 3 3 3 3 3 3 3 3 3 3 3 3 3 3 3 3 3 3 3 3 3 3 3 3 3 3 3 3 3 3 3 3 3 3 3 3 3 3 3 3 3 3 3 3 3 3 3 3 2 3 2 2 2 2 2 3 2 3 3 3 3 3 3 3 3 3 3 3 3 3 2 2 2 2 2 2 2 2 2 2 2 2 2 2 2 2 2 2 2 2 2 2 2 1 1 1 2 1 2 1 1 1 1 1 1 0
573,SIPP_2^3,"238,168,0","38,208,0",1,2365.708024,11689,7.27929,154.78985,30.63053,61.26106,6 6 6 6 6 6 6 6 6 6 6 6 6 6 6 6 6 6 6 6 6 6 6 6 6 6 6 6 6 6 6 6 6 6 6 6 6 6 6 6 6 6 6 6 6 6 6 6 6 6 5 5 5 5 6 6 6 6 6 6 6 6 6 6 6 6 6 6 6 6 6 6 6 6 6 6 6 6 6 5 6 6 6 6 6 6 6 6 6 6 6 6 5 6 5 6 6 5 5 5 5 6 5 5 6 6 5 5 6 6 6 6 5 6 6 6 6 5 6 5 5 5 6 5 5 5 5 5 5 5 5 5 5 5 5 5 5 5 5 5 5 5 5 4 5 5 5 5 5 5 5 5 5 5 5 5 5 5 6 6 6 6 6 7 7 7 7 7 7 6 6 6 6 6 6 6 6 6 6 7 6 7 6 7 7 7 6 6 6 6 6 6 6 7 7 7 6 7 -12.936 0 -42.823 6 6 5
573,SIPP_2^4,"238,168,0","38,208,0",1,2251.8064239999967,8082,13.20131,73.07647,14.56286,29.12572,12 12 12 12 12 12 11 11 12 12 12 11 12 12 12 12 11 12 12 12 12 12 12 12 12 12 12 12 11 12 12 12 12 12 12 12 12 12 12 12 12 12 12 12 12 12 12 11 12 12 12 12 12 12 12 12 12 12 11 11 11 11 11 11 12 12 12 12 12 12 12 12 12 12 12 12 12 12 12 12 12 12 12 12 12 12 12 12 11 11 11 11 12 11 11 11 11 12 12 12 12 12 12 10 10 10 10 10 10 10 10 10 10 10 10 10 10 10 10 9 10 10 10 10 10 10 10 10 10 10 11 10 11 11 11 10 11 11 12 12 12 12 12 12 12 12 12 11 12 12 13 13 14 14 14 14 14 14 14 14 13 14 13 13 14 13 14
573,SIPP_2^5,"238,168,0","38,208,0",1,2201.0550949999997,6498,26.65513,30.32961,6.07243,12.14487,24 24 24 24 24 24 24 24 24 24 24 24 24 24 24 24 24 24 24 24 24 24 24 24 24 24 24 24 24 24 24 24 24 24 24 24 24 24 24 24 24 24 24 24 24 24 24 24 24 24 24 24 24 24 24 23 23 23 23 24 23 24 23 23 23 24 23 23 24 24 24 24 24 23 23 23 23 23 23 23 23 23 23 20 20 20 20 20 20 20 20 20 20 20 20 20 20 20 19 20 20 20 20 20 20 20 20 20 21 21 21 22 23 26 26 26 26 25 26 26 26 26 26 25 25 25 25 24 25
573,SIPP_BigCS,"238,168,15","38,208,0",0,-1,29156,180.17042,0.0,0.0,0.0,
573,SIPP_Standard,"238,168,15","38,208,0",1,2253.937222,46471,104.57974,35.32989,6.1493,0.6475,3 3 3 3 3 3 7 91 3 3 7 59 59 59 91 15 70 31 51 78 59 91 3 -0.937 19 61 69 30
574,SIPP_2^2,"57,30,0","250,118,0",0,-1,0,0.0,0.0,0.0,0.0,
574,SIPP_2^3,"57,30,0","250,118,0",0,-1,0,0.0,0.0,0.0,0.0,
574,SIPP_2^4,"57,30,0","250,118,0",0,-1,0,0.0,0.0,0.0,0.0,
574,SIPP_2^5,"57,30,0","250,118,0",0,-1,0,0.0,0.0,0.0,0.0,
574,SIPP_BigCS,"57,30,0","250,118,0",0,-1,0,0.0,0.0,0.0,0.0,
574,SIPP_Standard,"57,30,4","250,118,4",0,-1,75361,180.00221,0.0,0.0,0.0,
575,SIPP_2^2,"222,19,0","66,131,0",0,-1,0,0.0,0.0,0.0,0.0,
575,SIPP_2^3,"222,19,0","66,131,0",0,-1,0,0.0,0.0,0.0,0.0,
575,SIPP_2^4,"222,19,0","66,131,0",0,-1,0,0.0,0.0,0.0,0.0,
575,SIPP_2^5,"222,19,0","66,131,0",0,-1,0,0.0,0.0,0.0,0.0,
575,SIPP_BigCS,"222,19,0","66,131,0",0,-1,0,0.0,0.0,0.0,0.0,
575,SIPP_Standard,"222,19,9","66,131,11",0,-1,90800,180.00122,0.0,0.0,0.0,
576,SIPP_2^2,"229,165,0","15,132,0",1,2748.830359,17751,6.00672,296.98485,65.97345,131.94689,3 3 3 3 3 3 3 3 3 3 3 3 3 3 3 3 3 3 3 3 3 3 3 3 3 3 3 3 3 3 3 3 3 3 3 3 3 3 3 3 3 3 3 3 3 3 3 3 0 0 3 3 3 3 3 3 3 0 0 3 0 3 3 3 3 3 3 3 3 3 3 3 3 3 3 3 3 3 3 3 0 0 0 3 3 3 3 3 0 0 3 3 3 3 3 3 3 3 3 0 3 3 0 3 3 -20.612 3 3 -4.192 3 -0.909 3 -0.918 3 3 3 3 3 3 3 3 3 3 3 3 0 3 3 3 3 3 3 3 3 3 3 3 3 3 3 0 0 3 3 3 3 3 3 3 3 0 3 3 3 3 3 3 3 3 3 3 3 3 3 0 3 0 3 3 3 3 3 3 3 0 3 -7.785 0 -31.846 0 0 -2.342 0 -18.472 0 -9.942 0 -0.012 0 -0.012 1 -0.012 0 -0.012 1 -0.012 0 0 0 3 0 0 -85.641 0 -1.255 3 -14.855 0 3 0 3 3 3 3 3 3 3 3 3 3 3 3 3 3 3 3 3 3 3 3 3 3 3 3 3 3 3 3 3 3 3 3 3 3 3 3 3 3 3 3 3 3 3 3 3 3 3 3 3 3 3 3 3 3 3 3 3 2 3 3 2 3
576,SIPP_2^3,"229,165,0","15,132,0",1,2386.9795539999986,10820,7.14037,114.83732,22.77655,45.55309,6 6 6 6 6 6 6 6 6 6 6 6 6 6 6 6 6 6 6 6 6 6 6 6 6 6 6 6 6 6 6 6 6 6 6 6 6 6 6 6 6 6 6 6 6 6 6 6 6 6 7 6 7 6 7 7 7 7 6 6 6 6 6 6 6 6 6 6 6 6 6 6 6 6 6 6 6 6 6 6 7 7 6 6 6 6 6 6 6 6 6 6 -80.973 6 -9.059 6 6 6 7 6 7 7 7 6 6 7 6 6 6 6 6 6 6 6 6 6 6 6 6 7 6 6 6 6 6 6 6 6 6 6 6 6 6 6 6 6 6 6 6 6 6 6 6 6 6 6 6 -2.683 6 6 6 6 6 6 6 6 6 6 6 6 6 6 6 6 6 6 6 6 6 6 6 6 6 6 6 6 6 7 6 6 7 7 7 6 6 6 6 7 6 7 6 6 6 6 6 6 6 6 6 6 6 6 6 6 6 6 6 7 7 0 0 7 7 7 7 7 7 7 0 7
576,SIPP_2^4,"229,165,0","15,132,0",1,2313.396526,8499,14.46786,63.40948,12.5944,25.1888,12 13 13 13 13 13 13 13 13 13 12 12 12 13 12 12 12 12 12 12 12 12 12 12 12 12 12 12 12 12 12 12 12 12 12 12 12 12 12 12 12 12 12 12 12 12 12 12 12 12 12 13 13 13 13 13 13 13 13 13 13 12 12 12 12 13 12 13 13 12 12 12 12 12 12 12 12 13 13 13 12 12 13 13 13 13 13 12 12 12 12 12 12 12 12 12 12 12 12 12 12 13 13 13 13 13 13 13 12 12 12 12 13 12 13 13 13 12 12 12 12 12 12 12 12 12 10 11 10 10 10 11 11 11 10 10 -15.024 12 -12.633 12 -1.890 12 -1.722 12 -0.918 12 -1.332 12 12 12 -0.651 12 -3.422 12 12 12 12 12 12 12 12 12 12 12 12 12 12 12 12 12 12 12 12 12 13
576,SIPP_2^5,"229,165,0","15,132,0",1,2312.6586230000003,9055,38.91136,32.41063,6.4701,12.94019,25 25 25 25 25 25 24 24 24 24 24 24 24 24 24 24 25 24 24 24 24 24 24 24 24 24 24 24 24 24 24 24 24 25 25 25 24 24 24 24 25 25 25 25 25 25 25 25 25 25 25 25 25 25 25 25 24 25 25 25 25 25 25 25 25 25 25 25 24 24 24 24 25 24 24 -14.627 25 25 25 24 24 24 24 24 24 24 24 24 24 -0.775 22 20 21 20 20 20 21 -35.491 24 -12.633 24 -1.890 24 -1.722 24 -0.918 24 -1.332 24 24 24 -0.651 24 -3.422 24 24 24 24 24 24 24 24 24 24 24 24 24 24 24 24 24 24 24 24 25
576,SIPP_BigCS,"229,165,3","15,132,4",0,-1,24774,180.18719,0.0,0.0,0.0,
576,SIPP_Standard,"229,165,3","15,132,4",1,2318.007191,50244,123.27421,33.35359,5.2057,0.6692,3 3 3 3 3 19 61 61 61 61 61 61 61 93 3 3 19 93 23 50 101 59 -45.086 59 -0.921 91 3 3 3
577,SIPP_2^2,"134,6,0","248,177,0",0,-1,0,0.0,0.0,0.0,0.0,
577,SIPP_2^3,"134,6,0","248,177,0",0,-1,0,0.0,0.0,0.0,0.0,
577,SIPP_2^4,"134,6,0","248,177,0",0,-1,0,0.0,0.0,0.0,0.0,
577,SIPP_2^5,"134,6,0","248,177,0",0,-1,0,0.0,0.0,0.0,0.0,
577,SIPP_BigCS,"134,6,0","248,177,0",0,-1,0,0.0,0.0,0.0,0.0,
577,SIPP_Standard,"134,6,7","248,177,10",0,-1,0,6e-05,0.0,0.0,0.0,
578,SIPP_2^2,"191,29,0","147,232,0",1,3078.13547,23282,7.61353,381.83766,84.823,169.646,2 2 2 2 2 2 2 2 2 2 2 2 2 2 2 2 2 2 2 2 1 1 1 1 1 1 1 1 1 2 2 2 2 2 2 2 2 2 2 2 2 2 2 2 2 2 2 2 3 3 3 2 2 3 2 3 3 2 3 3 -77.018 2 -30.049 2 -0.012 1 -9.925 2 -0.012 2 -0.014 2 -0.011 2 2 2 2 2 2 2 2 2 2 2 2 2 2 2 2 2 2 1 2 2 2 2 1 1 2 2 2 2 2 2 2 2 1 1 2 2 1 2 2 2 2 2 2 2 2 2 2 2 2 2 2 2 -2.652 2 -8.881 2 2 3 3 2 3 3 3 3 3 3 3 3 3 2 2 2 2 2 2 2 2 2 2 2 2 3 2 3 2 3 2 2 -7.946 2 -8.077 2 2 -1.519 2 -0.151 2 -0.060 2 -0.420 2 -1.387 2 2 2 2 2 2 2 2 2 2 2 2 1 2 2 2 1 2 1 1 2 2 2 1 2 2 2 2 2 1 2 2 2 2 2 2 1 2 2 2 2 2 2 2 2 2 2 2 2 2 2 2 2 2 2 2 2 2 2 2 2 2 2 2 2 2 2 2 2 2 2 2 2 2 2 2 2 3 3 3 3 2 3 3 3 3 3 3 3 3 3 3 3 3 3 3 3 3 3 3 3 3 3 3 3 3 3 3 3 3 3 3 3 3 3 3 3 2 2 3 2 2 2 2 3 3 3 2 3 2 2 3 2
578,SIPP_2^3,"191,29,0","147,232,0",1,2569.5037669999974,11952,7.53022,238.17584,47.12389,94.24778,4 4 4 4 4 4 4 4 4 4 4 4 4 4 4 4 4 4 4 4 3 4 4 4 4 4 3 3 4 4 4 4 4 4 3 4 3 2 2 3 4 4 4 4 4 4 4 4 4 4 4 4 3 4 4 4 4 4 4 4 4 4 3 3 4 4 3 3 3 -47.427 6 6 5 -2.678 5 5 5 5 5 4 5 4 4 4 4 4 4 4 4 4 4 4 4 4 3 3 3 3 4 3 4 4 4 4 4 4 4 4 4 4 3 4 4 4 3 -1.184 4 -1.584 4 -1.535 4 4 4 4 4 4 4 4 4 4 4 4 5 5 4 5 5 4 4 4 4 4 4 4 4 4 4 4 4 4 4 4 5 4 4 4 4 4 4 4 4 4 4 4 5 5 4 4 4 5 4 4 4 5 4 5 4 4 5 4 4 5 5 5 5 5 4 5 5 4 5 5 5 5 4 5 5 5 5 4 5 5 5 5 5 5 5 5 6 6 6 6 5 6 6 6 6 6 6 5 5 5 6 6 6 6 6 6 6 6
578,SIPP_2^4,"191,29,0","147,232,0",1,2487.9106059999986,9408,15.21653,102.23184,19.71087,39.42174,8 8 8 7 7 7 8 8 8 8 8 8 8 8 8 8 8 8 8 8 8 8 8 8 8 8 8 8 7 7 7 7 7 8 8 8 8 8 8 7 8 7 8 8 8 8 8 8 8 8 7 7 7 6 -82.301 12 12 11 10 9 9 9 10 8 8 8 8 10 10 9 10 10 10 10 10 10 10 10 10 10 10 9 10 10 10 10 10 9 10 10 10 10 9 10 10 10 10 10 9 9 10 9 10 10 9 9 9 10 9 9 9 9 9 11 12 10 10 10 10 10 10 10 10 10 10 10 9 8 8 8 8 8 8 8 8 8 8 8 -11.678 8 -2.111 6 -2.111 8 -4.032 8 8 8 8 8 8 8 8 8 8 8 8 8 8 8 8 8 7 7 7 7 7 7 6 6 6 6 6
578,SIPP_2^5,"191,29,0","147,232,0",1,2484.221091,9605,38.34406,75.88609,15.00685,30.01369,16 15 15 15 15 15 15 16 16 16 16 16 16 16 16 16 16 16 16 16 15 16 16 16 16 16 16 16 16 16 16 16 16 16 15 16 15 16 15 15 13 14 -90.865 24 24 21 19 18 17 16 16 16 20 20 20 19 20 20 20 20 20 20 20 19 19 20 19 19 19 19 19 19 20 20 20 20 20 20 20 20 20 20 20 19 20 20 19 19 20 20 20 20 20 20 20 20 20 20 20 17 17 16 16 16 16 17 16 16 16 -14.902 8 -2.111 12 -2.111 16 -4.032 16 16 16 16 16 16 16 16 16 16 16 16 15 15 15 15 15 14 12 12 12 12 12
578,SIPP_BigCS,"191,29,14","147,232,3",0,-1,34377,180.12986,0.0,0.0,0.0,
578,SIPP_Standard,"191,29,14","147,232,3",1,2580.762117,32119,71.9533,49.49627,8.7471,1.1783,-32.527 79 -0.248 88 -13.112 0 -1.222 0 -72.945 24 83 -96.007 0 0 4 -11.701 96 70 31 55 67 31 31 51 62 62 62 62 94 0 0 4 56 56 96
579,SIPP_2^2,"2,27,0","193,103,0",1,2980.0321400000003,26270,9.04808,480.83261,106.81415,213.6283,2 2 2 2 2 2 2 2 2 2 2 2 2 1 1 1 1 2 2 2 1 1 1 1 1 1 1 1 1 1 2 2 2 2 2 2 2 2 2 1 1 1 1 1 1 1 1 1 1 1 2 1 2 2 2 2 2 2 2 2 2 2 2 2 2 1 1 1 1 2 2 2 2 1 1 1 1 1 1 1 1 1 1 1 1 1 1 1 1 1 1 1 2 2 2 1 2 1 2 2 2 1 1 1 1 1 1 1 2 1 1 1 1 2 1 2 1 1 1 1 1 1 1 1 1 2 1 2 1 1 1 1 2 2 1 1 2 2 1 1 1 2 1 1 1 1 1 1 1 2 2 2 1 1 1 2 1 2 2 1 1 2 2 1 1 2 1 1 2 1 1 2 1 2 2 2 1 1 2 2 2 1 2 1 2 2 1 2 1 1 2 -19.563 1 1 -5.812 1 -7.587 1 1 1 -0.067 1 1 1 1 1 1 1 1 1 1 1 1 1 1 1 1 1 1 1 1 1 1 1 1 1 -2.935 1 -20.040 1 -0.012 1 -0.014 1 1 1 1 1 1 1 1 1 1 1 1 1 1 1 1 1 1 2 1 1 1 1 1 1 1 1 1 1 1 1 1 1 1 1 1 1 1 1 1 1 1 1 1 1 -85.529 0 -0.410 0 -20.035 1 -0.012 0 -0.014 0 -0.011 0 -0.053 1 -0.310 1 -1.078 0 -2.663 1 -3.886 0
579,SIPP_2^3,"2,27,0","193,103,0",1,2288.6501039999985,9336,6.03646,190.28946,37.69911,75.39823,3 3 3 3 3 3 3 3 3 3 2 2 2 2 3 2 2 2 3 3 3 3 3 3 3 3 3 3 3 3 3 2 2 3 3 2 2 2 2 2 2 3 3 2 2 3 3 3 3 3 2 3 3 2 3 3 3 3 2 3 3 3 3 2 3 3 2 3 3 3 3 2 2 2 2 2 2 2 2 2 2 2 2 2 3 3 3 3 3 2 2 3 3 3 2 2 2 2 2 2 3 3 3 3 2 3 3 3 2 2 2 2 3 2 3 3 2 2 2 2 2 3 3 2 2 2 2 2 2 2 2 2 2 3 2 2 2 2 2 2 2 2 2 2 2 2 2 2 2 2 2 2 2 2 3 3 3 3 3 3 3 3 3 3 2 3 3 2 3 2 2 2 2 2 2 2 2 2 2 2 2 2 2 1 2 2 1 1 1 1 0 1
579,SIPP_2^4,"2,27,0","193,103,0",1,2215.279199999999,7878,13.45465,75.33854,14.98855,29.9771,6 6 5 6 6 6 5 5 5 5 5 4 5 6 6 6 6 6 6 6 6 6 6 6 6 6 6 6 6 6 6 6 6 6 6 6 6 6 6 6 6 6 5 5 5 5 5 5 6 5 5 5 5 5 5 5 5 6 -1.383 6 -1.225 5 4 4 4 4 4 4 4 4 4 4 -4.809 3 4 5 5 5 5 5 4 5 5 4 5 4 5 5 5 4 4 4 4 4 4 4 4 4 4 5 5 5 4 5 4 5 5 5 5 5 5 5 4 5 5 4 4 4 4 4 4 4 4 4 4 4 5 4 4 4 4 4 4 4 4 4 4 4 4 3 2 2 2 1 2
579,SIPP_2^5,"2,27,0","193,103,0",1,2199.4493150000008,7706,32.64034,41.2159,8.23043,16.46085,12 11 12 12 11 9 9 10 11 12 12 12 12 12 12 12 12 12 12 12 12 12 12 12 11 11 12 11 11 11 11 11 12 12 11 12 11 12 11 11 12 11 12 12 11 11 11 11 11 10 10 10 9 9 9 8 8 8 8 8 8 8 8 8 8 8 8 8 8 8 8 8 8 8 9 9 9 9 9 8 9 8 8 8 8 8 8 8 8 8 8 8 9 8 8 8 8 8 8 8 8 8 9 8 8 8 8 8 8 8 8 8 8 7 4 4 3 4
579,SIPP_BigCS,"2,27,2","193,103,3",0,-1,23990,180.24059,0.0,0.0,0.0,
579,SIPP_Standard,"2,27,2","193,103,3",1,2242.316115,51588,133.16188,62.07198,11.1941,1.2811,28 36 21 52 72 71 48 71 48 71 48 71 36 -5.176 1 -0.531 17 63 -1.609 63 63 63 95 17 63 95 5 97 111 49
580,SIPP_2^2,"207,213,0","171,3,0",1,2496.913086,7468,3.16839,240.41631,53.40708,106.81415,0 0 0 0 0 3 3 0 0 0 0 0 3 3 3 3 3 0 0 0 0 0 0 0 0 0 0 0 0 0 0 0 0 0 0 0 0 0 0 0 0 0 0 0 0 0 0 0 0 0 0 0 0 0 0 0 0 0 0 0 0 0 0 0 0 0 0 0 0 0 0 0 0 0 0 0 0 0 0 0 0 0 0 0 0 0 0 0 0 0 0 0 0 0 3 0 0 0 0 0 0 0 0 0 0 0 0 0 0 0 0 0 0 0 0 0 0 0 0 0 0 0 0 3 3 0 0 0 0 0 3 3 0 3 0 0 0 0 0 0 0 0 0 0 0 0 0 0 0 0 -31.486 3 -1.109 0 -0.370 0 -0.093 0 -0.020 0 0 0 0 0 -0.017 0 -0.310 0 -1.078 3 -2.366 0 0 0 0 -0.064 0 0 0 0 0 0 0 0 0 0 0 0 0 0 0 0 0 0 0 0 0 0 0 0 0 0 0 0 0 0 0 0 0 0 0 0 0 0 0 0 0 0 3 0 3 0 3 0 0 0 0 0 3 0 0 0 3 0 3 0 0 3 3 3 0 3 3 3 0 0 3 3 3 3 3 3 3 3 3 0
580,SIPP_2^3,"207,213,0","171,3,0",1,2420.760853999999,9870,6.01594,120.76469,27.48894,54.97787,0 7 7 7 7 0 7 0 0 0 7 7 0 0 0 0 0 0 0 0 0 0 0 0 0 0 0 0 0 0 0 0 0 0 0 0 0 0 0 0 0 0 0 0 0 0 0 0 0 0 0 0 0 0 0 0 0 0 0 0 0 0 0 0 0 0 0 0 0 0 0 0 0 0 0 0 0 0 0 0 0 0 0 7 0 0 0 0 0 0 0 0 0 0 0 0 0 0 0 0 7 0 0 7 7 7 0 0 0 0 0 0 0 0 0 0 0 7 0 0 0 0 0 7 0 0 0 7 0 0 0 0 0 0 0 0 -15.874 0 -0.012 2 -0.012 2 -63.456 6 -1.109 0 -0.370 0 -0.093 0 -0.020 0 0 0 0 0 -0.017 0 -0.310 0 -1.078 6 -2.366 0 0 0 0 -0.064 0 0 0 0 0 0 0 0 0 0 0 0 0 0 0 0 0 0 0 0 0 0 0 0 0 0 0 0 0 0 0 0 0 0 0 0 0 0 0 0 0 0 0 0 0 0 7 7 7 7 7 7 7 6 6 7 7 7 7 7 6 6 6 6 6 6 7
580,SIPP_2^4,"207,213,0","171,3,0",1,2406.509205999998,10338,16.50768,49.55282,10.03032,20.06065,14 14 15 15 15 15 15 0 0 0 0 0 0 0 0 0 0 0 0 0 0 0 0 0 0 0 0 0 0 0 0 0 0 0 0 0 0 0 0 0 0 0 0 0 0 0 0 0 0 0 0 0 0 0 0 0 0 0 0 0 0 0 0 0 0 0 0 0 0 0 0 0 0 0 0 0 0 0 0 0 0 0 0 0 0 0 0 0 0 0 0 0 0 0 0 0 0 0 0 0 0 0 0 0 0 0 0 0 0 0 0 0 0 0 0 0 0 0 0 15 15 15 15 15 15 -63.778 0 -63.456 12 -1.109 0 -0.370 0 -0.093 0 -0.020 0 0 0 0 0 -0.017 0 -0.310 0 -1.078 12 -2.366 0 0 0 0 -0.064 0 0 0 0 0 0 0 0 0 0 0 0 0 0 0 0 0 0 0 0 0 0 0 0 0 0 0 0 0 0 0 0 0 0 0 0 0 0 0 0 0 15 15 15 15 15 14 14 14 14 14 13 13 12 12 12 12 12 13
580,SIPP_2^5,"207,213,0","171,3,0",1,2403.848193999999,10461,42.2818,42.3939,8.59094,17.18188,29 29 30 30 31 0 0 0 0 0 0 0 0 0 0 0 0 0 0 0 0 0 0 0 0 0 0 0 0 0 0 0 0 0 0 0 0 0 0 0 0 0 0 0 0 0 0 0 0 0 0 0 0 0 0 0 0 0 0 0 0 0 0 0 0 0 0 0 0 0 0 0 0 0 0 0 0 0 0 0 0 0 0 0 0 0 0 0 0 0 0 0 0 0 0 0 0 0 0 0 31 31 31 31 0 0 0 31 0 0 31 0 0 31 -141.671 0 -1.109 0 -0.370 0 -0.093 0 -0.020 0 0 0 0 0 -0.017 0 -0.310 0 -1.078 24 -2.366 0 0 0 0 -0.064 0 0 0 0 0 0 0 0 0 0 0 0 0 0 0 0 0 0 0 0 0 0 0 0 0 0 0 0 0 0 0 0 0 0 0 0 0 0 0 0 31 30 30 30 30 28 28 28 27 28 25 24 24 24 25
580,SIPP_BigCS,"207,213,12","171,3,0",0,-1,28244,180.26347,0.0,0.0,0.0,
580,SIPP_Standard,"207,213,12","171,3,0",1,2423.907454,79179,174.51207,42.90985,8.2308,1.0865,54 74 85 2 2 2 2 2 2 2 2 2 2 22 49 108 54 90 -78.010 2 -13.784 2 -0.113 2 2 2 2 2 10 54 82 19
581,SIPP_2^2,"213,166,0","33,39,0",1,3181.065523,38801,12.80061,813.1728,180.64158,361.28316,3 3 3 3 3 3 3 3 3 3 3 3 3 3 3 3 3 3 3 3 3 3 3 3 3 3 3 3 3 3 3 3 3 3 3 3 3 3 3 3 3 3 3 3 3 3 3 3 3 3 3 3 3 3 3 0 0 3 3 0 3 0 0 3 0 3 3 0 0 3 3 3 0 3 3 3 0 3 3 0 3 3 0 3 0 0 0 3 3 0 3 0 3 3 0 0 3 0 0 3 0 3 3 3 0 0 3 0 0 0 3 3 3 0 3 3 3 3 3 0 0 0 0 0 3 0 0 3 0 3 3 3 3 3 3 3 3 3 0 0 0 3 0 3 3 3 3 0 0 3 0 0 0 0 3 0 0 0 0 0 0 0 0 3 0 0 3 3 0 3 0 3 3 3 3 0 3 3 3 3 0 3 3 3 3 3 3 3 3 3 0 0 0 0 3 0 3 0 3 0 0 0 3 3 3 0 0 3 0 3 3 0 3 3 0 3 0 3 3 0 3 3 0 3 3 0 3 0 3 0 3 0 3 3 3 0 3 0 3 3 0 3 3 3 0 3 3 3 3 3 3 3 3 3 3 3 0 0 0 0 0 0 0 0 3 0 3 3 0 0 0 0 0 0 3 0 0 0 0 3 0 0 0 0 0 0 0 0 0 3 0 0 0 0 0 0 0 0 3 3 0 0 3 -109.253 0 0 0 -1.813 0
581,SIPP_2^3,"213,166,0","33,39,0",1,2370.3168079999973,9849,6.7325,158.37106,31.41593,62.83186,0 0 0 7 7 7 7 7 7 7 7 7 0 0 0 7 7 7 7 7 7 7 7 0 7 -3.220 7 -0.041 7 7 7 6 6 6 6 6 6 6 6 6 7 7 7 7 7 7 7 6 6 6 6 7 7 6 7 7 6 7 7 6 7 7 7 7 7 7 7 6 7 7 7 7 7 7 7 7 7 6 7 7 7 6 6 7 7 6 7 7 6 7 6 7 7 7 7 7 7 7 7 7 7 7 7 6 6 6 6 6 6 6 6 6 6 6 6 6 6 6 6 7 7 7 7 7 7 7 7 7 7 7 7 7 7 7 6 7 7 7 7 7 7 7 7 7 7 7 7 7 7 7 7 7 7 7 7 7 7 7 7 7 7 7 7 6 6 6 7 6 7 7 6 6 6 7 6 6 6 6 6 6 6 7 7 6 6 6 6 6 6
581,SIPP_2^4,"213,166,0","33,39,0",1,2266.77498,6499,11.39028,42.5246,8.46946,16.93891,12 12 12 12 12 12 13 13 13 13 13 13 13 13 13 13 13 13 13 13 13 13 13 14 14 14 14 14 13 14 13 14 13 13 13 13 13 13 13 13 13 13 13 14 13 13 14 14 13 13 14 14 14 14 14 14 13 14 14 14 14 14 14 14 14 14 14 14 14 14 14 14 14 14 14 14 14 14 14 14 14 14 14 14 14 14 14 14 14 14 14 14 14 14 14 14 14 14 13 14 14 14 14 14 14 14 14 13 13 13 13 13 13 13 13 14 14 14 14 14 13 13 13 13 13 13 14 13 14 14 0 -1.644 1
581,SIPP_2^5,"213,166,0","33,39,0",1,2239.4594859999975,4357,19.32662,25.18377,5.00742,10.01485,25 25 25 24 25 -0.765 24 26 26 26 26 26 26 26 26 26 26 26 26 26 26 26 27 27 27 27 26 27 27 27 27 27 27 27 28 28 27 28 28 28 27 27 27 28 28 27 27 29 29 28 28 28 28 28 28 28 28 28 28 28 28 28 28 28 28 28 28 28 28 28 28 28 28 28 28 28 28 28 28 28 28 27 26 26 26 27 27 27 27 27 27 27 27 27 27 28 0 0
581,SIPP_BigCS,"213,166,4","33,39,5",1,2220.809099,7132,54.36588,38.05037,6.5315,0.5053,205 309 7 87 205 205 205 205 205 205 205 205 205 205 205 205 205 205 205 205 205 205 205 205 205 205 205 221 102 102 178 253 102 102 102 102 102 102 102 102 126 205 221 -1.809 154 202 354 102 102 102 102 102 102 102 102 102 102 102 102 102 102 102 126 253 126 221 126 221 126 221 126
581,SIPP_Standard,"213,166,4","33,39,5",1,2268.0743410000005,28001,78.69616,35.90731,5.9261,0.563,93 19 61 61 61 61 69 50 69 50 -0.440 69 30 30 50 69 54 66 30 30 30 50 61 61 61 61 69 -5.634 42
582,SIPP_2^2,"176,227,0","243,23,0",0,-1,0,0.0,0.0,0.0,0.0,
582,SIPP_2^3,"176,227,0","243,23,0",0,-1,0,0.0,0.0,0.0,0.0,
582,SIPP_2^4,"176,227,0","243,23,0",0,-1,0,0.0,0.0,0.0,0.0,
582,SIPP_2^5,"176,227,0","243,23,0",0,-1,0,0.0,0.0,0.0,0.0,
582,SIPP_BigCS,"176,227,0","243,23,0",0,-1,0,0.0,0.0,0.0,0.0,
582,SIPP_Standard,"176,227,14","243,23,5",0,-1,1,0.01595,0.0,0.0,0.0,
583,SIPP_2^2,"249,180,0","74,34,0",1,3210.0,25975,9.52572,480.83261,106.81415,213.6283,0 0 0 0 0 0 0 0 0 0 0 0 0 0 0 0 0 0 0 0 0 0 0 0 0 0 0 3 3 3 3 3 3 3 0 0 0 3 0 3 0 0 3 0 0 3 0 0 0 0 3 3 3 3 3 0 3 3 3 3 3 3 0 3 3 3 0 0 0 3 3 0 0 0 0 3 0 0 0 3 3 0 3 0 3 3 0 3 3 3 3 3 0 0 3 3 3 0 3 3 3 0 3 0 3 0 3 0 3 3 0 0 0 0 0 0 0 0 0 0 0 0 0 0 0 0 0 0 0 0 0 0 0 0 0 0 0 0 0 0 0 0 0 0 0 0 0 0 0 0 0 0 3 0 3 3 0 3 0 0 0 0 0 0 0 0 0 0 0 3 3 0 0 0 0 0 0 0 0 0 0 0 0 3 0 3 0 0 0 3 3 3 3 3 3 0 0 0 0 3 0 0 3 0 0 3 0 0 3 0 3 3 3 3 3 3 3 3 3 3 3 3 3 3 3 3 3 3 3 3 3 3 3 0 3 3 3 3 3 3 3 3 3 3 3 3 3 3 3 3 3 3 3 3 3 3 3 3 3 3 3 3 3 3 3 3 3 3 3 3 3 3 3 3 3 3 3 3 3 3 3 3 3 3 3 3 3 3 3 3 3 3 3 3 3 3 3 3 3 3 3 3 3 3 3 3 3 3 3 3 3 3 3 3 3 0 3 3 3 3 0
583,SIPP_2^3,"249,180,0","74,34,0",1,2459.9592189999985,8398,5.18772,198.10606,39.26991,78.53982,7 7 7 7 7 7 7 7 7 7 6 6 6 7 6 6 7 7 7 7 6 7 7 7 7 7 7 7 6 7 6 7 7 7 6 6 6 6 7 7 7 7 6 6 6 7 6 6 7 7 7 7 7 7 7 7 6 6 7 7 6 7 6 6 6 6 7 6 7 6 7 6 7 6 7 6 7 7 6 7 7 6 7 7 0 7 7 0 0 0 0 0 -0.912 7 7 6 6 6 6 6 6 6 6 6 7 7 7 7 7 7 7 7 7 7 7 7 7 7 6 6 7 7 6 7 7 7 7 7 7 7 7 7 7 7 7 7 7 7 7 7 7 7 7 7 7 7 7 7 7 7 7 7 7 7 7 7 -15.116 0 -3.942 0 -3.228 7 7 7 7 7 7 7 7 7 7 7 7 7 7 7 7 7 7 7 7 7 7 7 7 7 0 0 0 0 0 0 7
583,SIPP_2^4,"249,180,0","74,34,0",1,2350.035846,5459,9.03671,61.49946,12.29251,24.58501,14 14 14 14 14 14 14 14 14 14 13 13 13 13 13 14 13 14 13 13 13 13 13 14 13 14 14 14 14 13 13 14 14 13 13 13 13 13 13 13 14 14 14 14 14 13 13 14 13 13 13 13 13 13 13 13 13 13 13 13 13 14 14 14 13 14 14 13 13 14 14 14 13 13 13 14 14 14 14 14 14 14 14 14 14 14 14 14 14 14 14 14 14 14 14 13 14 14 14 14 -0.932 14 0 -0.883 0 14 14 14 14 14 14 14 14 14 14 14 14 14 14 14 15 15 15 15 15 15 14 15 0 0 0 -1.835 15 14 14 14 14 14 14 14 -0.478 0
583,SIPP_2^5,"249,180,0","74,34,0",1,2350.035846,5923,25.22818,34.78005,6.93087,13.86174,28 28 28 28 28 28 28 28 28 28 26 26 26 26 26 26 26 26 26 26 26 26 27 27 27 27 27 27 27 27 27 27 27 27 27 27 27 27 27 27 27 27 27 27 27 27 27 27 27 27 27 27 27 27 28 28 28 28 28 28 28 28 28 28 28 28 28 28 28 4 -3.497 31 29 29 29 28 28 28 28 28 28 29 28 29 29 28 31 -0.104 0 -7.604 29 28 28 28 28 28 28 28 -1.265 0
583,SIPP_BigCS,"249,180,11","74,34,12",0,-1,24851,180.13065,0.0,0.0,0.0,
583,SIPP_Standard,"249,180,11","74,34,12",1,2351.9418450000003,24269,60.49872,31.52025,5.1527,0.3217,30 30 50 61 61 61 61 61 69 50 61 61 69 50 69 30 30 30 30 50 77 -18.345 66 54 66 54 66 -14.210 54 -0.387 66
584,SIPP_2^2,"208,80,0","25,182,0",0,-1,0,0.0,0.0,0.0,0.0,
584,SIPP_2^3,"208,80,0","25,182,0",0,-1,0,0.0,0.0,0.0,0.0,
584,SIPP_2^4,"208,80,0","25,182,0",0,-1,0,0.0,0.0,0.0,0.0,
584,SIPP_2^5,"208,80,0","25,182,0",0,-1,0,0.0,0.0,0.0,0.0,
584,SIPP_BigCS,"208,80,0","25,182,0",0,-1,0,0.0,0.0,0.0,0.0,
584,SIPP_Standard,"208,80,0","25,182,3",0,-1,0,2e-05,0.0,0.0,0.0,
585,SIPP_2^2,"28,205,0","135,19,0",1,3934.830359,61061,21.14842,502.04581,111.52654,223.05308,1 1 2 2 2 1 1 2 1 1 1 1 0 1 1 1 1 1 1 1 1 1 0 -59.782 3 -0.101 3 3 2 3 2 3 3 3 3 3 3 3 3 3 3 3 3 3 3 3 3 3 3 3 3 0 0 0 0 0 0 0 0 0 3 3 3 3 3 3 0 0 0 0 3 3 3 0 0 0 -2.171 3 0 0 0 0 0 0 0 0 0 0 0 0 0 0 0 0 0 0 0 0 0 0 0 0 0 0 0 0 0 0 0 0 0 0 0 0 0 0 0 0 0 0 0 0 0 0 0 0 0 0 1 1 1 0 0 1 1 1 1 1 1 1 0 0 0 0 0 0 0 0 0 0 0 0 0 0 0 0 0 0 0 0 0 0 0 0 0 0 0 0 0 0 0 0 0 0 0 0 0 0 0 0 0 0 0 0 0 0 0 0 0 0 0 0 0 0 0 0 0 0 0 0 0 0 0 0 0 0 0 0 0 0 0 0 0 0 0 0 1 1 1 1 1 1 1 1 1 1 1 1 1 1 1 1 1 1 1 1 1 1 1 1 1 1 1 0 1 0 1 1 0 0 0 0 0 0 0 1 1 0 1 1 1 1 0 0 1 1 0 0 0 0 0 1 1 1 0 1 0 0 0 0 1 1 0 1 1 1 1 1 0 1 1 1 1 0 1 1 1 0 1 1 0 1 1 0 1 0 0 0 1 1 1 1 1 1 1 1 1 1 0 0 1 0 0 0 1 1 1 1 1 1 0 1 1 0 1 1 1 1 1 1 1 1 1 1 1 0 0 1 1 1 1 1 1 1 1 1 0 0 1 0 1 1 1 1 1 1 1 1 -67.783 1 1 1 1 -58.883 0 -1.255 1 -14.855 0 0
585,SIPP_2^3,"28,205,0","135,19,0",1,3029.320604999995,17958,11.49471,254.34224,53.40708,106.81415,3 3 3 3 2 2 2 1 2 2 1 2 2 2 1 2 -100.787 6 5 5 -1.477 5 6 6 6 6 6 6 6 7 7 7 7 0 7 0 7 7 7 7 0 0 7 7 7 7 7 7 7 7 0 0 0 0 0 0 0 0 0 0 0 0 0 0 0 0 0 0 0 1 0 0 0 0 0 1 0 0 0 0 0 0 0 0 1 1 1 0 0 0 0 0 0 0 0 0 0 0 0 0 1 1 0 1 1 2 2 2 2 2 2 2 2 2 2 2 2 2 2 2 2 2 2 1 1 1 1 1 1 1 2 2 2 1 1 2 1 1 0 0 1 1 0 1 1 1 1 1 0 1 0 1 1 1 1 1 1 1 1 0 0 1 0 0 0 0 0 0 0 1 1 0 1 1 1 1 1 1 1 0 1 1 1 0 0 1 1 1 1 1 1 1 1 1 1 0 0 0 0 1 1 1 1 1 1 1 1 1 1 0 1 0 0 0 0 0 1 1 0 0 1 1 1 1 1 1 1 1 1 2 1 1 1 1 1 1 1 2 1 1 1 2 2 1 1
585,SIPP_2^4,"28,205,0","135,19,0",1,2964.840465,18894,32.16022,98.43074,19.48313,38.96626,6 6 5 5 5 5 5 5 4 4 4 4 5 5 4 5 4 4 4 4 4 4 4 4 4 4 4 4 4 6 5 5 5 6 6 6 3 3 3 3 3 2 2 2 2 2 2 2 2 1 1 1 1 1 1 1 1 1 1 1 1 1 1 1 0 0 0 0 0 0 0 0 0 0 0 0 0 0 0 0 0 0 0 0 0 0 0 0 0 0 0 0 0 0 0 0 0 0 0 1 0 0 0 0 0 15 15 15 15 15 15 15 0 0 0 0 0 0 0 0 0 15 0 0 0 0 0 0 0 0 0 0 0 0 0 15 15 15 0 15 15 0 0 0 0 0 0 -2.802 1 0 0 0 0 0 0 0 0 0 0 1 1 1 1 1 1 1 1 0 0 0 0 0 0 0 0 0 0 0 0 1 -17.792 0 -0.101 0 1 0 -6.807 2 2 4 3 2 3 2 2 2 2 2 2 2 2 2 2 3 3 3 -6.778 5 4
585,SIPP_2^5,"28,205,0","135,19,0",1,2964.840465,20031,83.60062,77.37216,15.42835,30.85671,12 11 9 9 9 9 9 9 9 8 8 8 8 8 9 8 9 8 9 11 11 12 6 6 5 5 5 4 4 4 3 4 1 1 1 1 1 0 1 0 0 0 0 0 0 0 0 0 0 0 0 0 1 1 0 0 1 1 1 1 1 1 1 0 0 0 0 0 0 0 0 0 31 31 31 31 31 31 31 31 31 31 31 31 31 31 31 31 31 0 0 0 0 -0.274 1 1 1 1 2 2 2 2 2 2 2 2 2 0 0 0 0 0 0 0 0 0 0 0 0 0 0 -32.753 8 -0.378 1 -7.167 4 4 7 5 4 4 4 4 4 5 5 5 4 4 -9.305 10 8
585,SIPP_BigCS,"28,205,0","135,19,10",0,-1,29557,180.22236,0.0,0.0,0.0,
585,SIPP_Standard,"28,205,0","135,19,10",1,2968.599533,64449,146.06767,74.07268,13.8147,1.6396,48 63 71 28 32 89 5 57 65 37 22 49 92 2 2 2 2 22 33 90 6 58 90 6 90 2 2 2 18 68 49 -0.600 68 29 53 65 45
586,SIPP_2^2,"200,175,0","24,35,0",1,3173.404915,34415,12.30127,813.1728,180.64158,361.28316,3 3 3 3 3 3 3 3 3 3 3 3 3 3 3 3 3 3 3 3 3 3 3 3 3 3 3 3 3 3 0 0 3 0 0 0 0 0 0 0 0 0 0 0 3 3 0 3 0 0 3 0 3 3 3 3 0 0 3 0 0 3 3 3 3 0 3 0 0 3 3 3 3 3 3 3 0 0 3 3 3 3 0 3 0 0 3 0 0 3 3 3 3 3 0 0 3 0 3 3 3 3 3 3 0 3 0 3 3 0 3 3 0 3 0 0 3 3 3 0 3 3 3 0 0 0 0 3 3 3 3 3 0 0 0 0 0 0 3 3 3 3 3 3 0 3 0 3 0 3 3 0 3 0 0 3 0 0 0 0 3 0 0 0 0 0 3 0 3 3 0 3 3 3 3 0 3 3 3 3 3 3 3 3 3 3 0 3 3 3 0 0 3 0 3 3 0 0 0 0 0 0 0 0 3 0 3 3 3 3 0 0 3 3 0 3 3 3 0 3 3 0 3 0 3 3 0 3 0 3 0 3 3 3 0 3 3 0 3 3 0 3 3 3 3 3 3 3 3 3 3 3 0 0 0 0 0 3 0 0 3 3 0 0 3 3 3 3 3 3 3 3 3 3 0 0 0 0 0 0 0 0 0 0 0 0 0 0 3 0 0 0 0 0 0 3 0 0 0 0 0 0 3 0 3 0 0 3 0 -3.017 0 -10.025 0 -0.053 0 -0.310 0 0 0 0
586,SIPP_2^3,"200,175,0","24,35,0",1,2357.8840029999956,6766,4.52026,143.6593,28.27434,56.54867,7 6 6 6 7 7 7 7 7 7 7 7 7 7 7 7 7 7 7 7 7 7 7 7 7 7 7 7 7 7 7 7 7 7 7 7 7 7 7 7 7 7 6 6 7 7 7 7 6 6 7 7 7 6 6 7 7 7 7 7 7 7 7 7 7 7 7 6 6 6 6 6 6 6 7 7 6 7 7 6 7 6 6 7 6 7 7 7 7 7 7 7 -0.411 7 7 0 7 7 0 7 6 6 6 7 7 7 7 7 7 7 7 7 7 7 7 7 7 7 7 7 7 7 7 7 7 7 7 7 7 7 7 7 7 7 7 6 6 6 6 6 6 6 7 7 7 7 7 7 7 7 7 7 7 7 7 6 6 6 7 6 7 7 7 7 7 7 6 6 7 6 6 7 7 7 7 7 7 7 0 7
586,SIPP_2^4,"200,175,0","24,35,0",1,2316.2374619999946,5927,10.28864,75.93192,14.89454,29.78908,13 12 12 13 14 14 14 14 14 14 14 14 14 14 14 14 14 14 14 14 14 14 14 14 14 14 14 14 14 14 14 14 14 14 14 14 13 13 14 14 14 14 13 13 14 14 14 13 14 14 14 14 14 14 14 14 14 14 14 14 12 13 13 13 13 13 13 13 13 13 14 14 14 14 12 -3.521 12 -2.718 13 14 14 15 0 -0.734 4 14 14 14 14 14 14 14 14 14 14 14 14 14 14 14 14 14 14 14 14 14 14 14 14 14 14 14 14 14 14 14 14 14 14 14 14 14 14 14 14 13 14 13 14 13 13 13 13 14 13 13 13 14 13 13 13 13 13 13 13 14 13 14
586,SIPP_2^5,"200,175,0","24,35,0",1,2307.133867999998,5330,23.96103,29.60518,5.91718,11.83436,24 25 -0.761 28 28 28 28 28 28 28 28 28 28 28 28 28 29 29 28 29 29 29 29 28 29 29 29 29 28 28 28 28 28 28 29 29 28 29 29 28 28 28 28 28 28 28 27 27 28 28 28 28 28 27 27 27 27 28 28 28 28 28 28 27 27 27 27 25 24 24 24 25 25 25 26 26 26 26 27 27 27 26 26 26 27 26 26 26 26 27 26 26 26 26 26 26 27 26 26 27
586,SIPP_BigCS,"200,175,6","24,35,9",0,-1,22852,180.08388,0.0,0.0,0.0,
586,SIPP_Standard,"200,175,6","24,35,9",1,2308.915163,17729,51.51648,39.53868,6.9717,0.5485,23 50 61 61 61 69 30 30 30 50 77 58 74 -17.942 69 -0.137 54 -0.837 66 50 69 30 30 30 50 69 50 69 50 69 50
587,SIPP_2^2,"236,158,0","13,161,0",1,2606.091497,11784,4.06982,148.49242,32.98672,65.97345,3 3 3 3 3 3 3 3 3 3 3 3 3 3 3 3 3 3 3 3 3 3 3 3 3 3 3 3 3 3 3 3 3 3 3 3 3 3 3 3 3 3 3 3 3 3 3 3 3 3 3 3 3 3 3 3 3 3 3 3 3 3 3 3 3 3 3 3 3 3 3 3 3 3 3 3 3 3 3 3 3 3 3 3 3 3 3 3 3 3 3 3 3 3 3 3 3 3 3 0 -34.110 3 -9.059 3 3 3 3 2 3 3 3 3 3 3 2 3 3 2 2 2 2 2 2 3 3 3 3 3 3 3 2 3 2 2 2 2 2 2 3 3 3 3 3 3 3 3 3 3 3 3 3 3 2 2 3 3 3 3 3 3 3 3 3 3 3 3 3 3 3 3 3 3 3 3 3 3 3 3 3 3 3 3 3 3 -12.885 3 -10.025 3 -0.012 3 3 3 3 3 3 3 3 3 3 3 3 3 3 3 3 3 3 3 3 3 3 3 3 3 3 3 3 3 3 3 3 3 3 3 3 3 3 3 3 3 3 3 3 3 3 3 3 3 3 3 3 0 0 0 0 3 3 3 0 0 3 0 0 0 0 0 0 3 0
587,SIPP_2^3,"236,158,0","13,161,0",1,2405.263825999999,8972,5.66197,83.35456,16.49336,32.98672,6 6 6 6 6 6 6 6 6 6 6 6 6 6 6 6 6 6 6 6 6 6 6 6 6 6 6 6 6 6 6 6 6 6 6 6 6 6 6 6 6 6 6 6 6 6 6 6 6 6 6 6 6 6 6 6 6 6 6 6 6 6 6 6 6 6 6 6 6 6 6 6 6 6 6 6 6 6 6 6 6 6 6 6 6 6 6 6 6 6 6 6 6 6 6 6 6 6 7 -39.968 6 -9.059 6 6 6 6 6 6 6 6 6 6 6 6 6 6 6 6 6 6 6 6 6 6 6 6 6 7 6 7 6 7 7 7 6 7 6 6 6 6 6 6 6 6 6 6 6 6 6 6 6 6 6 6 -2.683 6 6 6 6 6 6 6 6 6 6 6 6 6 6 6 6 6 6 6 6 6 6 7 6 6 6 6 6 6 6 6 6 7 7 7 6 6 6 6 6 7 6 6 6 6 6 6 6 6 6 6 6 5 6 6 6 6 6 6 5 5 5 5 5 5 5 5 5 5 5 4 4 5
587,SIPP_2^4,"236,158,0","13,161,0",1,2379.9688559999972,9327,15.71819,88.09638,17.44869,34.89737,11 11 11 12 12 12 11 12 11 12 12 12 12 12 12 12 12 12 12 12 12 12 12 12 12 12 12 12 12 12 12 12 12 12 11 11 11 11 11 11 11 12 11 11 11 11 11 11 11 11 11 12 12 12 12 12 12 12 12 12 11 12 12 12 12 12 12 12 12 12 12 12 12 12 12 12 11 11 11 12 12 11 14 13 14 13 13 14 13 13 11 11 12 12 12 12 12 12 12 12 12 12 12 11 13 13 13 13 12 12 12 12 12 12 12 12 12 12 12 12 12 12 12 12 12 12 12 13 12 12 12 12 12 12 12 12 12 12 12 12 12 12 14 13 13 13 12 12 12 11 11 12 12 12 12 12 12 12 12 13 13 13 13 13 13 13 13 14 13 14
587,SIPP_2^5,"236,158,0","13,161,0",1,2353.564567999999,8714,36.21615,57.27665,11.32725,22.65451,24 24 23 24 23 23 23 24 24 24 24 24 24 24 24 24 24 24 24 24 24 24 24 24 23 24 23 24 24 24 24 24 24 23 23 23 23 23 24 23 23 23 23 23 23 23 24 23 23 24 23 24 23 23 23 23 23 24 24 24 24 24 24 24 24 24 24 24 24 24 24 24 24 24 24 24 24 24 24 24 24 24 24 24 24 24 24 25 25 25 25 25 24 25 25 25 24 25 25 24 24 24 -14.175 24 -0.370 24 -0.093 24 -0.020 24 24 24 25 25 26 25 -1.525 24 -0.084 24 24 24 24 23 23 25 27 27 27 27 27 28 22
587,SIPP_BigCS,"236,158,8","13,161,7",0,-1,25405,180.23727,0.0,0.0,0.0,
587,SIPP_Standard,"236,158,8","13,161,7",1,2410.064672,64536,153.47371,63.65405,12.0756,1.6136,91 3 3 3 11 55 91 11 55 91 3 3 11 43 61 101 91 3 3 19 93 -26.966 3 -0.099 19 93 3 3 23 50 77
588,SIPP_2^2,"30,99,0","230,181,0",1,2939.630809,26226,9.7947,466.69048,103.67256,207.34512,1 1 1 1 1 1 1 1 1 1 1 1 1 1 1 1 1 1 1 1 2 2 2 1 2 1 1 1 1 1 1 1 1 1 1 1 1 1 1 1 1 2 2 2 2 2 2 2 2 2 2 2 2 1 1 1 2 2 1 1 1 1 1 2 2 2 2 2 2 2 2 1 1 1 2 1 1 1 1 1 1 1 1 1 1 1 1 1 1 1 1 1 1 1 1 2 1 2 1 2 2 1 2 1 1 1 1 1 1 2 1 1 1 1 1 1 1 1 1 1 1 1 1 2 1 1 1 1 1 1 1 1 1 2 1 2 1 2 2 2 2 1 1 1 1 1 1 1 1 1 2 2 2 2 2 2 2 2 2 2 2 1 1 1 1 1 2 1 1 1 1 1 1 1 1 1 1 1 1 1 1 1 1 1 1 1 1 1 1 1 1 1 1 2 1 1 1 1 1 2 1 1 2 1 1 1 1 1 1 1 2 2 2 2 2 1 2 1 1 1 2 2 2 2 2 2 1 1 1 1 2 1 1 1 2 1 1 1 1 2 1 1 1 1 2 1 1 -15.595 1 -0.370 1 -20.042 0 -0.022 0 -0.094 1 -11.498 1 -2.873 1 -23.118 1 1 -4.192 1 -0.909 1 -0.918 1 2 1 1 2 2 2 1 2 2 2 1 1 1 1 2 1 1 1 1 1 1 2 2 2 2 2 1
588,SIPP_2^3,"30,99,0","230,181,0",1,2531.145656,16810,11.08565,200.49034,39.26991,78.53982,2 2 2 2 2 2 2 2 2 2 2 2 2 2 2 2 3 2 3 3 3 2 2 2 2 3 2 2 2 3 2 2 2 2 3 3 3 3 3 3 3 3 3 3 3 3 3 3 3 3 3 3 3 3 3 2 2 3 3 2 3 2 -1.742 4 -0.012 4 -0.012 4 3 3 3 3 3 3 3 3 3 3 3 3 3 3 3 3 3 2 3 2 2 3 2 3 2 2 2 2 2 2 2 2 2 2 2 2 2 3 3 3 3 3 3 3 3 2 3 2 2 3 3 2 2 3 2 2 2 2 2 2 2 2 2 2 2 2 2 2 2 2 2 2 2 3 3 3 3 3 3 3 3 2 2 2 2 2 2 2 2 2 2 2 2 2 2 3 3 2 2 2 2 3 2 2 3 2 2 2 2 2 2 3 2 2 2 2 2 2 3 2 3 3 -152.642 1 -2.058 3 -2.736 3 -0.770 2 -1.109 2 -0.370 2 -0.093 2 -0.020 2 2 2 2 2 -0.017 2 -0.310 2 -1.078 2 -2.663 2
588,SIPP_2^4,"30,99,0","230,181,0",1,2531.145656,19140,33.03799,71.47822,14.24111,28.48222,5 4 4 4 4 4 4 4 4 4 4 4 4 4 4 4 4 5 6 6 5 5 5 5 4 4 4 4 4 5 6 7 6 6 6 6 7 7 7 6 7 7 7 6 6 6 6 6 6 7 6 6 6 5 5 5 5 5 5 5 5 5 5 6 5 5 4 4 4 4 4 4 4 3 3 -1.984 4 4 5 5 5 5 5 5 5 5 5 5 5 5 4 4 4 4 4 4 4 4 4 4 5 4 4 4 5 5 5 5 5 5 5 5 5 5 5 5 4 4 5 4 4 4 4 5 5 4 4 4 4 5 4 4 4 5 -224.657 5 4 -2.645 4 -1.109 4 -0.370 4 -0.093 4 -0.020 4 4 4 4 4 -0.017 4 -0.310 4 -1.078 4 -2.663 4
588,SIPP_2^5,"30,99,0","230,181,0",1,2531.145656,19677,84.56824,49.25187,9.81957,19.63914,8 8 8 8 8 8 8 8 8 8 9 8 8 8 8 9 12 12 9 9 8 9 9 12 12 13 13 13 13 12 12 12 13 13 12 12 -0.893 15 11 11 10 10 10 10 10 10 10 11 10 10 10 9 8 8 9 6 4 4 -3.473 8 9 9 9 9 9 9 9 9 9 9 9 9 9 9 10 10 10 10 10 10 9 9 9 9 9 9 9 8 8 8 9 9 9 -242.367 10 8 -2.645 8 -1.109 8 -0.370 8 -0.093 8 -0.020 8 8 8 8 8 -0.017 8 -0.310 8 -1.078 8 -2.663 8
588,SIPP_BigCS,"30,99,4","230,181,5",0,-1,23626,180.01427,0.0,0.0,0.0,
588,SIPP_Standard,"30,99,4","230,181,5",1,2539.529001,3712,9.80839,45.3743,6.9832,0.8049,-99.859 9 29 49 -48.670 84 21 36 17 63 63 71 28 48 63 79 56 64 48 63 63 63 63 63 63 63 63 63 63 95
589,SIPP_2^2,"226,173,0","84,13,0",0,-1,0,0.0,0.0,0.0,0.0,
589,SIPP_2^3,"226,173,0","84,13,0",0,-1,0,0.0,0.0,0.0,0.0,
589,SIPP_2^4,"226,173,0","84,13,0",0,-1,0,0.0,0.0,0.0,0.0,
589,SIPP_2^5,"226,173,0","84,13,0",0,-1,0,0.0,0.0,0.0,0.0,
589,SIPP_BigCS,"226,173,0","84,13,0",0,-1,0,0.0,0.0,0.0,0.0,
589,SIPP_Standard,"226,173,10","84,13,4",0,-1,0,5e-05,0.0,0.0,0.0,
590,SIPP_2^2,"225,61,0","41,162,0",1,2937.978538,16787,5.8108,424.26407,94.24778,188.49556,3 3 3 3 2 3 3 2 2 3 3 3 3 3 2 2 2 2 2 2 2 2 2 2 2 2 2 3 3 2 3 3 3 3 3 3 3 3 2 3 2 2 3 2 2 2 2 3 2 2 2 2 2 2 2 2 2 2 2 2 -9.660 2 -20.137 1 -8.052 2 -4.183 2 2 2 2 2 2 2 2 2 3 3 3 3 3 3 3 2 3 3 3 3 3 3 3 3 -24.810 3 -1.137 3 3 2 2 2 2 2 2 2 3 3 2 3 3 3 3 3 3 3 3 3 3 3 3 3 3 3 3 3 3 3 3 3 3 3 3 3 3 3 3 3 3 3 3 2 3 2 2 3 3 3 3 3 3 2 2 3 3 3 3 3 3 3 3 3 3 3 3 3 3 3 3 3 3 3 3 3 3 3 2 3 3 3 3 2 2 2 2 2 2 2 2 2 2 2 2 2 2 2 2 2 2 2 2 2 2 2 3 3 3 3 3 3 3 3 2 3 3 2 3 2 3 3 3 3 2 3 3 3 2 3 3 3 3 3 3 2 3 3 3 3 3 3 3 3 3 3 3 3 3 3 3 3 3 3 3 3 3 3 3 3 3 3 3 3 3 3 3 3 2 3 3 3 3 3 2 2 3 2 3 2 2 3 2 2 3 3 2 3 2 3 3 3 3 3 3 3 3
590,SIPP_2^3,"225,61,0","41,162,0",1,2470.3770779999995,10397,6.7848,230.63751,45.55309,91.10619,6 6 6 6 5 5 5 6 6 5 5 5 4 4 4 4 4 4 4 4 4 5 5 6 6 6 6 5 6 5 5 5 4 4 4 5 4 4 5 5 5 4 4 4 4 5 4 4 5 5 4 5 5 5 5 5 4 5 5 5 5 5 5 5 5 5 5 6 5 5 5 5 5 5 5 6 5 6 6 6 6 6 6 6 5 5 6 5 5 6 5 5 6 5 6 5 5 6 5 5 5 5 5 6 5 5 5 6 6 6 6 6 6 6 6 6 6 6 6 6 6 6 6 6 5 5 6 6 6 6 6 6 6 6 6 6 6 6 6 6 5 6 5 5 5 6 6 6 6 5 6 6 6 6 6 6 6 5 6 6 6 6 6 6 6 6 6 6 5 6 6 5 5 6 6 6 6 6 6 6 5 5 6 6 6 6 -83.148 6 6 6 6 6 6 5 5 5 5 5 5 5 6 6 6 6 6 6 6
590,SIPP_2^4,"225,61,0","41,162,0",1,2292.1885679999987,4970,8.4848,66.72843,13.31381,26.62763,11 12 12 11 11 11 10 9 8 8 8 8 8 8 8 8 10 10 11 12 12 12 12 10 10 9 9 9 9 9 9 9 9 9 9 9 9 9 10 10 12 12 12 12 12 12 12 12 12 11 11 11 11 11 12 12 12 12 12 12 12 12 12 12 12 12 12 12 12 12 12 12 12 13 12 12 11 12 12 12 12 12 11 11 11 11 11 11 11 11 11 11 11 11 11 11 12 12 12 12 12 12 12 12 11 11 11 11 11 10 11 10 10 10 10 10 10 10 10 11 11 11 11 11 11 11 11 11 11 11 11 12 12 12 10 10 10 10 10 10 10 12 12 12 12 12 12 12
590,SIPP_2^5,"225,61,0","41,162,0",1,2283.2289439999986,4919,21.07617,57.14069,11.34823,22.69645,22 23 22 23 20 18 16 16 16 16 16 16 16 16 20 20 24 24 24 23 20 20 18 18 18 18 18 18 18 18 18 18 18 18 18 20 20 24 24 23 24 24 23 24 23 23 23 24 24 24 24 24 24 24 24 24 24 24 24 24 24 24 24 25 24 24 24 24 24 24 24 24 24 23 23 23 23 23 23 23 23 23 23 23 23 -0.141 23 20 20 20 20 20 20 20 20 20 20 20 20 21 21 22 22 22 21 22 22 23 22 22 23 22 23 20 20 20 20 20 20 20 24 24 24 24 24 24 24
590,SIPP_BigCS,"225,61,12","41,162,5",0,-1,28115,180.12075,0.0,0.0,0.0,
590,SIPP_Standard,"225,61,12","41,162,5",1,2478.0,37992,84.95634,45.76601,8.4496,0.8679,44 24 91 3 15 94 16 70 31 55 67 31 31 31 55 59 59 67 31 31 55 91 3 3 3 3 3 19 69 54
591,SIPP_2^2,"186,170,0","11,18,0",0,-1,0,0.0,0.0,0.0,0.0,
591,SIPP_2^3,"186,170,0","11,18,0",0,-1,0,0.0,0.0,0.0,0.0,
591,SIPP_2^4,"186,170,0","11,18,0",0,-1,0,0.0,0.0,0.0,0.0,
591,SIPP_2^5,"186,170,0","11,18,0",0,-1,0,0.0,0.0,0.0,0.0,
591,SIPP_BigCS,"186,170,0","11,18,0",0,-1,0,0.0,0.0,0.0,0.0,
591,SIPP_Standard,"186,170,5","11,18,9",0,-1,0,4e-05,0.0,0.0,0.0,
592,SIPP_2^2,"253,173,0","27,145,0",0,-1,0,0.0,0.0,0.0,0.0,
592,SIPP_2^3,"253,173,0","27,145,0",0,-1,0,0.0,0.0,0.0,0.0,
592,SIPP_2^4,"253,173,0","27,145,0",0,-1,0,0.0,0.0,0.0,0.0,
592,SIPP_2^5,"253,173,0","27,145,0",0,-1,0,0.0,0.0,0.0,0.0,
592,SIPP_BigCS,"253,173,0","27,145,0",0,-1,0,0.0,0.0,0.0,0.0,
592,SIPP_Standard,"253,173,8","27,145,9",0,-1,76435,180.00137,0.0,0.0,0.0,
593,SIPP_2^2,"228,158,0","21,80,0",0,-1,0,0.0,0.0,0.0,0.0,
593,SIPP_2^3,"228,158,0","21,80,0",0,-1,0,0.0,0.0,0.0,0.0,
593,SIPP_2^4,"228,158,0","21,80,0",0,-1,0,0.0,0.0,0.0,0.0,
593,SIPP_2^5,"228,158,0","21,80,0",0,-1,0,0.0,0.0,0.0,0.0,
593,SIPP_BigCS,"228,158,0","21,80,0",0,-1,0,0.0,0.0,0.0,0.0,
593,SIPP_Standard,"228,158,1","21,80,4",0,-1,0,8e-05,0.0,0.0,0.0,
594,SIPP_2^2,"144,219,0","198,9,0",0,-1,0,0.0,0.0,0.0,0.0,
594,SIPP_2^3,"144,219,0","198,9,0",0,-1,0,0.0,0.0,0.0,0.0,
594,SIPP_2^4,"144,219,0","198,9,0",0,-1,0,0.0,0.0,0.0,0.0,
594,SIPP_2^5,"144,219,0","198,9,0",0,-1,0,0.0,0.0,0.0,0.0,
594,SIPP_BigCS,"144,219,0","198,9,0",0,-1,0,0.0,0.0,0.0,0.0,
594,SIPP_Standard,"144,219,11","198,9,12",0,-1,78455,180.00031,0.0,0.0,0.0,
595,SIPP_2^2,"252,86,0","36,38,0",1,3204.284743,29192,9.70463,388.90873,89.53539,179.07078,3 3 3 0 0 0 0 0 0 0 0 3 3 3 3 3 3 3 3 3 3 3 3 3 3 3 3 3 3 3 3 3 3 3 3 3 3 3 3 3 3 3 3 3 3 3 3 3 3 3 3 3 3 3 3 3 3 3 3 0 3 0 0 0 0 0 0 0 0 0 0 0 0 0 0 0 0 0 0 0 0 0 0 0 0 3 0 0 0 0 0 3 3 3 3 3 3 3 3 3 0 0 3 3 0 3 3 3 3 3 3 3 3 3 0 0 0 0 0 3 0 0 3 0 3 3 3 3 3 3 3 3 3 3 3 3 3 3 3 3 3 3 0 3 3 3 3 3 3 3 3 3 3 3 3 3 3 3 3 3 3 0 3 0 3 3 3 3 3 3 3 3 3 3 3 3 3 3 3 3 3 0 0 0 0 0 0 3 3 3 3 3 -5.439 2 -1.175 3 -1.636 2 -3.238 3 3 3 3 2 3 2 3 2 2 3 2 2 2 2 2 2 3 3 3 2 3 2 2 2 2 2 2 3 3 2 -5.569 0 -4.686 0 -1.170 3 3 -0.970 3 -0.062 3 -0.620 3 3 3 3 3 3 3 3 3 3 3 3 3 3 3 3 3 3 3 3 3 3 3 2 2 3 2 3 3 -8.255 3 3 3 3 3 3 3 3 3 3 3 3 3 3 3 3 3 3 3 3 3 3 3 3 3 3 3 3 3 3 3 3 3 3 3 0 3 0 0 0 3 0 0 0 3 -46.432 0 -21.813 0 -3.219 0 0
595,SIPP_2^3,"252,86,0","36,38,0",1,2713.217003,16830,10.72305,175.16774,34.55752,69.11504,7 7 7 7 7 7 7 7 7 7 7 7 7 7 7 7 7 7 7 7 7 7 7 7 7 6 6 6 6 6 6 6 6 6 7 6 7 7 7 7 7 6 6 6 6 6 6 7 6 7 7 7 7 7 7 7 7 7 7 7 7 7 6 6 6 6 6 6 7 7 7 -4.210 6 -2.640 7 6 6 6 6 6 6 6 6 6 6 6 6 6 6 6 6 6 6 7 6 6 7 7 6 7 7 6 6 6 6 6 6 6 6 6 6 6 6 6 6 6 6 6 7 7 7 -125.616 5 -0.040 5 6 6 5 5 6 6 6 6 6 6 6 6 6 6 6 5 6 6 6 6 5 5 5 5 5 5 5 5 5 5 6 6 5 5 5 6 6 5 5 6 6 6 6 6 6 5 6 6 6 6 6 7 6 6 6 6 6 6 6 6 6 6 6 6 7 7 0 0 0 0 0 7 0 7 7 7 -4.487 6 6 6 6 6 6 6 6 6 6 6 6 6 6 6 6 6 6 6 6 6 6 6 6 5
595,SIPP_2^4,"252,86,0","36,38,0",1,2600.4878589999985,14048,23.9597,104.56325,21.0259,42.0518,10 10 10 10 10 10 10 10 11 11 11 11 11 11 12 12 12 12 12 12 12 12 12 12 12 12 12 12 12 12 12 12 12 12 12 12 12 12 12 12 12 12 12 12 11 11 11 10 10 10 10 11 11 11 11 11 11 11 11 11 11 12 12 12 12 12 13 13 13 13 13 13 13 13 13 13 12 13 12 13 12 12 13 13 13 13 13 12 12 12 13 13 13 13 13 13 13 13 13 13 13 13 13 13 14 14 13 13 15 0 0 0 15 0 0 15 15 14 14 14 13 13 14 14 -1.708 0 -1.874 13 14 14 -0.296 15 15 14 15 15 14 -5.221 0 -4.183 12 -2.111 14 -2.111 12 -4.183 12 14 13 13 13 13 13 12 13 12 12 12 12 12 12 12 12 12 12 12 12 12 13
595,SIPP_2^5,"252,86,0","36,38,0",1,2539.8704079999975,10575,44.66016,46.52368,9.31247,18.62494,20 20 20 20 20 20 20 20 23 23 23 23 23 24 24 24 24 23 24 24 24 24 24 24 24 24 24 24 24 24 24 24 24 24 24 23 24 24 21 21 21 21 22 22 22 22 23 22 23 24 25 25 25 25 25 25 25 25 25 25 25 25 25 25 26 26 -1.612 26 27 27 26 26 26 26 26 26 26 26 27 27 26 28 28 31 31 30 30 28 28 28 27 26 26 26 26 27 27 26 26 26 26 26 26 26 28 0 0 0 0 0 0 0 28 28 26 24 24 24 24 24 24 24 24 24 25
595,SIPP_BigCS,"252,86,9","36,38,4",0,-1,28397,180.2011,0.0,0.0,0.0,
595,SIPP_Standard,"252,86,9","36,38,4",1,2653.633912,65893,138.41049,79.34927,14.8931,1.8629,66 50 69 50 69 50 93 27 66 38 -25.886 23 -0.747 38 23 38 3 3 3 -151.001 11 47 11 55 59 59 91 19 61 69 50 101 99
596,SIPP_2^2,"96,247,0","117,17,0",0,-1,0,0.0,0.0,0.0,0.0,
596,SIPP_2^3,"96,247,0","117,17,0",0,-1,0,0.0,0.0,0.0,0.0,
596,SIPP_2^4,"96,247,0","117,17,0",0,-1,0,0.0,0.0,0.0,0.0,
596,SIPP_2^5,"96,247,0","117,17,0",0,-1,0,0.0,0.0,0.0,0.0,
596,SIPP_BigCS,"96,247,0","117,17,0",0,-1,0,0.0,0.0,0.0,0.0,
596,SIPP_Standard,"96,247,6","117,17,12",0,-1,0,2e-05,0.0,0.0,0.0,
597,SIPP_2^2,"112,220,0","180,21,0",1,2930.001987,28410,9.47043,459.61941,102.10176,204.20352,1 1 1 0 1 0 0 1 1 0 1 1 1 1 0 0 0 1 0 0 0 0 0 1 0 1 1 1 0 0 0 0 0 0 0 0 0 0 0 0 0 0 0 0 0 0 0 0 0 0 0 1 1 1 1 1 0 0 1 1 1 0 0 1 1 1 1 1 1 1 1 1 1 1 1 1 1 1 1 1 1 1 1 1 1 1 1 0 1 1 1 0 0 0 0 0 0 0 1 0 1 1 0 0 0 0 0 1 0 1 0 0 0 0 1 1 0 1 1 1 0 0 1 1 0 0 0 0 0 0 0 1 0 1 1 1 0 1 0 0 0 0 0 0 0 0 0 0 0 1 1 1 0 0 0 0 0 0 0 0 0 0 0 0 0 0 1 1 0 1 1 1 1 1 0 1 0 1 0 0 0 0 0 0 0 0 0 0 0 0 0 0 0 1 0 0 0 0 0 0 0 0 0 0 0 -17.169 0 0 -2.833 0 0 0 0 0 0 0 0 0 0 0 0 0 0 0 0 0 0 0 0 0 0 0 0 0 0 0 0 0 0 0 0 0 0 0 0 0 0 0 0 0 0 0 0 0 3 3 3 3 3 0 3 0 0 0 3 3 0 0 0 0 0 0 0 0 3 3 0 0 0 3 0 0 0 0 3 0 0 0 0 0 0 0 0
597,SIPP_2^3,"112,220,0","180,21,0",1,2437.350687999998,13560,8.57363,211.45134,41.6261,83.25221,1 1 1 1 1 1 1 1 1 1 1 1 1 1 1 1 1 1 1 1 1 1 1 0 0 0 0 0 0 0 0 0 0 0 1 0 0 0 1 1 1 1 1 1 1 1 1 1 1 1 1 1 1 1 1 1 1 1 1 1 1 1 1 1 1 1 1 1 0 1 0 1 0 0 1 0 1 1 1 1 0 1 0 1 1 1 1 1 0 0 1 1 0 1 1 1 1 1 1 1 0 1 1 1 1 1 1 1 1 0 0 1 1 0 0 0 0 1 0 0 0 0 0 1 0 0 0 0 0 0 0 0 0 0 0 0 0 7 7 0 7 0 0 7 0 0 0 0 0 0 0 0 0 7 0 7 0 0 0 0 0 0 0 7 0 0 0 0 0 7 7 7 7 7 7 7 0 7 0 0 7 0 0 0 0 7 0 0 7 7 0 7 0 0 0 0 0 0 0
597,SIPP_2^4,"112,220,0","180,21,0",1,2341.152063999999,10603,17.7301,72.16514,14.35498,28.70996,2 2 2 2 2 2 2 2 2 2 2 2 2 1 1 2 2 2 1 1 1 1 2 1 0 0 0 0 0 0 0 2 2 2 2 2 2 2 2 2 2 2 2 2 2 2 2 2 2 2 2 2 2 1 1 1 1 2 2 2 2 2 1 1 2 2 2 2 1 1 1 1 1 1 1 1 2 1 1 1 1 2 1 1 1 1 1 1 1 1 2 1 2 0 1 0 0 0 0 0 1 0 0 0 0 0 0 0 0 0 0 0 15 0 15 15 15 15 15 0 0 0 15 0 0 15 15 15 15 14 15 15 14 15 15 15 15 15 0 0 0 0 0 0 0
597,SIPP_2^5,"112,220,0","180,21,0",1,2331.5575779999986,10513,44.1162,33.80732,6.74971,13.49941,4 4 4 4 4 4 4 4 4 4 4 4 3 3 3 3 3 1 0 0 0 0 1 1 4 4 4 4 4 4 4 4 4 4 4 4 4 4 3 4 4 3 4 4 4 4 4 4 4 3 4 4 3 3 3 3 2 2 2 2 2 2 2 3 2 3 2 2 2 2 2 2 2 3 1 1 0 0 0 0 1 0 0 0 -0.974 0 -8.842 0 31 31 31 31 0 0 31 31 31 31 31 29 29 30 30 30 30 30 30 31 0 0 0 0 0 0
597,SIPP_BigCS,"112,220,1","180,21,10",0,-1,25598,180.20995,0.0,0.0,0.0,
597,SIPP_Standard,"112,220,1","180,21,10",1,2353.9482980000002,71791,162.68689,45.33686,7.8897,0.9759,68 29 29 49 92 22 29 29 29 29 29 49 60 60 60 60 60 68 37 2 -0.948 6 58 98 108 54 66 46 2
598,SIPP_2^2,"57,119,0","244,37,0",0,-1,0,0.0,0.0,0.0,0.0,
598,SIPP_2^3,"57,119,0","244,37,0",0,-1,0,0.0,0.0,0.0,0.0,
598,SIPP_2^4,"57,119,0","244,37,0",0,-1,0,0.0,0.0,0.0,0.0,
598,SIPP_2^5,"57,119,0","244,37,0",0,-1,0,0.0,0.0,0.0,0.0,
598,SIPP_BigCS,"57,119,0","244,37,0",0,-1,0,0.0,0.0,0.0,0.0,
598,SIPP_Standard,"57,119,0","244,37,14",0,-1,0,3e-05,0.0,0.0,0.0,
599,SIPP_2^2,"189,131,0","3,1,0",1,3213.983556,35650,12.47809,473.76154,105.24335,210.48671,0 0 0 0 0 0 0 0 0 0 0 0 0 0 0 0 0 0 0 0 3 3 3 0 3 3 -30.963 3 3 3 -0.067 3 3 3 3 3 3 3 3 3 3 3 3 3 3 3 3 3 3 3 3 3 3 3 3 3 3 3 3 3 3 3 3 3 3 3 3 3 3 3 3 3 3 3 3 3 3 3 3 3 3 3 3 3 3 3 3 0 0 0 3 0 3 3 0 3 3 -14.691 0 -0.284 0 -0.012 0 -0.014 0 0 3 3 0 3 3 3 3 3 3 3 3 3 3 3 3 3 3 3 3 0 0 -7.953 0 3 0 3 0 0 0 0 0 0 0 0 0 0 0 0 3 3 0 3 0 0 0 0 0 3 3 3 3 0 3 0 3 3 3 3 0 0 3 3 0 0 0 0 0 0 0 3 3 0 0 3 3 3 3 3 3 3 3 3 3 3 3 0 0 0 3 3 0 0 0 0 0 0 3 0 3 3 3 3 0 3 0 3 0 3 3 3 3 0 3 3 3 0 0 3 0 0 0 0 0 3 3 3 3 0 0 0 0 3 3 3 3 3 3 3 3 3 3 3 3 3 3 3 3 3 3 3 3 3 3 3 3 3 3 3 3 3 3 3 3 3 3 0 0 0 0 0 0 0 0 3 3 3 3 0 3 0 0 3 3 3 3 0 0 3 0 0 3 0 0 0 0 0 0 0 0 0 0 0 0 0 0 0 0 0 0 0 0 0 3 3 0 0 3
599,SIPP_2^3,"189,131,0","3,1,0",1,2398.4776799999963,5375,3.50706,102.81426,20.42035,40.84071,7 7 7 7 7 7 7 7 7 7 7 7 6 7 6 6 7 7 6 6 6 6 6 6 6 6 6 6 6 6 6 6 6 6 6 6 6 6 6 6 6 6 6 6 6 6 6 6 7 6 7 7 7 7 7 6 7 7 7 7 6 7 7 7 7 7 7 7 7 7 7 7 7 7 7 7 7 7 7 7 7 7 7 7 7 7 7 7 7 7 7 7 7 7 7 7 7 7 7 7 7 7 7 7 7 7 7 7 7 7 7 7 7 7 7 6 6 6 6 7 6 7 7 7 7 7 6 6 7 7 6 7 7 7 7 7 7 6 6 7 7 7 7 7 7 7 7 7 7 7 7 7 7 7 7 7 7 7 7 7 7 7 7 7 7 7 7 7 7 7 7 7 6 6 6 6 6 7 7 7 6 6 6 6 6 7
599,SIPP_2^4,"189,131,0","3,1,0",1,2338.9351679999945,3331,5.79708,40.12689,8.00581,16.01162,14 14 14 14 14 14 14 14 13 14 14 13 13 13 13 12 12 12 12 12 12 12 12 12 12 12 12 12 12 12 12 12 12 12 12 13 13 13 13 13 13 13 13 14 14 14 14 14 14 13 13 13 14 13 13 13 14 15 15 14 14 14 14 14 14 14 14 14 14 14 14 14 14 14 14 13 14 14 14 14 14 14 14 14 14 14 14 14 14 14 14 14 14 14 14 14 14 13 13 13 13 13 13 13 14 14 14 14 14 14 14 14 14 14 14 14 14 14 14 14 14 14 14 14 14 14 14 14 14 14 14 13 14 14 14 13 13 13 14 13 14 13 13 13 13 13 13 14
599,SIPP_2^5,"189,131,0","3,1,0",1,2326.6506239999962,2726,11.91245,34.63045,6.90834,13.81668,28 28 28 28 28 28 28 28 27 27 26 26 25 24 24 24 24 24 24 24 24 24 25 24 25 24 24 24 24 25 -0.108 24 24 -1.683 26 26 26 26 26 27 27 27 27 27 27 27 29 29 29 28 28 28 28 28 28 28 28 28 28 28 28 28 28 28 28 28 28 28 28 28 28 28 28 28 27 27 28 28 26 27 27 27 27 28 28 27 28 28 28 28 28 28 28 28 28 28 28 28 28 27 27 27 27 28 27 27 27 27 27 28 28 27 28 27 28
599,SIPP_BigCS,"189,131,4","3,1,10",1,2315.677241,10171,68.01897,45.16251,7.9501,1.0248,83 347 178 205 205 205 205 205 205 205 205 205 205 205 205 205 205 205 253 102 102 102 126 205 205 205 205 205 205 205 -0.677 357 154 250 102 102 102 102 102 102 102 102 102 102 102 102 102 102 102 102 102 102 102 102 102 126 253 102 178 205 205 205 253 102 102 102 102 126 253 126 221 126 221 126 221
599,SIPP_Standard,"189,131,4","3,1,10",1,2340.974612,6302,16.38111,32.11255,5.5406,0.5532,30 30 38 23 38 3 19 61 61 69 30 54 74 69 30 30 30 30 50 61 -0.975 61 61 69 30 30 30 30 50
600,SIPP_2^2,"27,50,0","210,180,0",1,3130.0,33066,11.49799,657.60931,146.08406,292.16812,1 1 1 1 1 2 2 2 2 2 2 2 2 2 2 2 1 2 1 1 1 1 1 2 1 2 2 1 1 1 1 1 2 1 2 2 2 2 2 1 1 1 1 2 2 2 1 1 2 1 1 1 1 2 2 2 1 1 1 2 1 1 2 1 1 1 1 1 1 1 2 2 2 2 2 2 2 2 2 1 1 2 2 1 1 2 1 2 1 1 2 1 2 2 2 2 2 2 2 2 2 2 2 2 2 2 2 2 2 2 2 2 2 2 2 2 2 2 2 2 1 2 1 2 1 2 1 2 2 2 2 2 2 1 1 1 2 2 2 2 2 1 1 1 1 1 1 1 1 1 1 1 1 1 1 1 1 2 1 1 1 1 1 1 1 1 1 1 1 1 2 2 2 2 1 1 2 1 1 1 1 1 2 2 2 2 2 2 2 2 2 2 1 1 1 1 1 1 1 1 1 2 2 1 1 1 1 2 1 1 1 1 1 2 1 2 2 1 1 1 1 1 1 1 1 2 1 1 2 1 1 1 2 2 1 1 1 1 1 2 1 2 2 1 1 2 1 1 1 1 1 1 1 1 2 1 1 1 1 1 1 2 1 2 1 1 1 1 1 1 1 1 1 1 1 1 1 1 2 1 2 1 1 1 1 2 2 1 1 1 2 1 1 1 2 1 1 1 1 1 2 1 1 1 1 2 2 2 1 1 1 1 2
600,SIPP_2^3,"27,50,0","210,180,0",1,2374.335543999997,6444,4.32062,162.92069,32.20133,64.40265,2 2 2 2 3 3 2 2 2 2 3 2 2 3 3 3 3 2 3 3 2 2 2 2 2 2 2 2 3 2 2 3 3 3 3 2 3 3 3 3 3 3 3 3 3 3 3 3 3 3 3 3 3 3 3 3 3 3 3 3 3 3 3 3 3 3 3 3 3 3 3 4 3 3 3 3 3 3 3 3 3 3 3 3 3 3 3 3 3 3 3 3 3 3 2 2 3 3 3 3 3 2 3 3 3 3 3 3 3 2 3 3 2 3 3 3 2 2 2 2 2 2 2 2 2 2 3 2 2 3 3 3 2 2 3 3 3 2 2 2 2 2 3 3 3 3 3 3 3 3 3 2 2 2 3 3 3 3 3 2 3 3 3 3 3 3 3 3 3 3 3 3 2 3 3 3 3 2 3 3 3 2 2 3
600,SIPP_2^4,"27,50,0","210,180,0",1,2309.8341349999982,4394,7.96749,56.80994,11.36521,22.73042,4 4 4 4 6 6 5 6 5 5 6 6 5 6 6 6 6 6 6 6 6 6 6 6 6 7 7 7 6 6 5 5 5 5 6 6 5 6 6 6 5 5 5 6 5 5 5 5 6 6 6 6 6 6 6 6 6 6 6 6 6 6 6 6 6 6 6 6 6 6 6 6 6 6 6 6 6 6 6 6 5 5 6 5 6 6 5 6 5 5 -1.363 5 -9.665 4 4 4 -0.046 4 4 4 5 5 5 5 5 5 5 5 5 5 5 5 5 5 5 5 5 5 5 6 6 5 5 6 5 6 6 6 6 6 6 6 6 6 6 6 6 6 5 6
600,SIPP_2^5,"27,50,0","210,180,0",1,2307.307019999999,4769,21.60075,31.29391,6.26065,12.52131,8 8 8 9 12 12 12 12 12 12 12 11 12 12 11 12 12 11 12 12 12 14 14 14 12 11 11 11 11 10 11 11 11 10 10 10 10 12 12 12 11 12 12 12 11 12 12 12 12 12 12 12 12 12 12 12 12 12 12 12 12 12 12 12 12 12 12 12 12 12 11 11 11 11 -6.886 8 -10.255 8 8 8 -0.046 8 8 9 10 10 10 10 10 10 10 10 10 10 10 10 10 10 10 10 10 10 11 11 11 12 12 12 12 12 12 12 12 12 12 12 12 11 12
600,SIPP_BigCS,"27,50,9","210,180,5",0,-1,22801,180.06039,0.0,0.0,0.0,
600,SIPP_Standard,"27,50,9","210,180,5",1,2316.3974900000003,12961,37.13699,50.92107,9.1152,1.026,21 28 48 79 -0.863 56 72 63 63 63 71 48 71 28 28 28 28 52 80 -4.534 21 48 71 48 71 48 71 48 63 103
601,SIPP_2^2,"161,228,0","134,19,0",0,-1,0,0.0,0.0,0.0,0.0,
601,SIPP_2^3,"161,228,0","134,19,0",0,-1,0,0.0,0.0,0.0,0.0,
601,SIPP_2^4,"161,228,0","134,19,0",0,-1,0,0.0,0.0,0.0,0.0,
601,SIPP_2^5,"161,228,0","134,19,0",0,-1,0,0.0,0.0,0.0,0.0,
601,SIPP_BigCS,"161,228,0","134,19,0",0,-1,0,0.0,0.0,0.0,0.0,
601,SIPP_Standard,"161,228,11","134,19,10",0,-1,0,4e-05,0.0,0.0,0.0,
602,SIPP_2^2,"21,44,0","161,223,0",1,3257.228419,37372,13.46161,608.11183,135.08848,270.17697,2 2 1 2 1 2 1 1 2 1 2 1 1 1 2 1 2 1 1 1 1 1 2 2 1 2 1 1 1 1 2 1 2 1 1 1 1 1 1 1 1 1 1 1 1 1 1 1 1 1 1 1 2 2 2 1 1 1 2 1 2 2 2 2 2 2 2 2 1 1 2 1 2 2 1 2 1 2 2 2 2 2 2 2 1 2 1 2 2 1 1 1 2 2 2 2 2 2 1 2 2 2 2 2 2 2 2 2 2 2 2 2 2 2 2 2 2 2 2 2 2 2 2 2 2 1 2 2 1 2 1 1 2 1 2 2 2 1 2 2 1 2 2 2 2 2 2 2 2 2 2 2 2 2 2 2 2 2 2 2 2 2 2 2 2 2 2 2 2 2 2 2 2 1 2 2 2 2 2 2 2 2 2 2 2 2 2 2 2 2 1 2 1 1 1 1 2 1 1 1 2 1 2 1 2 2 2 1 2 2 2 2 2 2 2 1 2 1 2 2 2 2 2 2 2 2 2 2 2 2 2 2 2 2 2 2 2 2 2 2 2 2 2 2 2 2 1 1 1 1 1 1 1 1 1 1 2 1 1 1 1 1 1 1 1 1 1 1 1 1 1 1 1 1 1 2 1 1 1 1 1 1 1 1 1 1 1 1 1 1 1 1 1 1 1 2 1 1 1 1 2 1 2 2 1 1 1 -66.103 1 -1.126 1 1 1 1 1 1 1 2 1 1 2
602,SIPP_2^3,"21,44,0","161,223,0",1,2803.176101,30972,20.70244,228.58234,45.5531,91.10619,3 3 3 3 3 3 3 3 3 3 3 3 3 3 3 3 3 3 3 3 3 2 3 3 3 3 3 3 3 3 3 3 3 3 3 3 2 3 2 2 3 3 3 3 2 3 2 2 2 2 3 4 4 4 4 4 4 3 3 3 4 4 4 4 4 4 4 4 4 4 4 4 4 4 4 4 3 3 3 3 3 3 3 3 3 3 4 3 4 3 4 4 3 4 4 3 4 3 4 3 3 3 3 3 3 3 3 3 4 3 4 4 4 3 3 4 3 3 4 4 4 4 4 4 3 3 3 3 3 3 3 3 3 3 3 3 3 4 4 3 3 3 4 3 4 3 3 3 3 4 4 4 4 4 4 4 4 4 3 3 4 4 4 3 4 3 4 4 3 3 4 4 3 3 3 3 3 3 3 3 3 3 3 3 2 2 2 3 -106.579 2 -168.423 2 -23.545 3 2 2 2 2 2 2 2 2 3 2 3
602,SIPP_2^4,"21,44,0","161,223,0",1,2377.3605119999975,6399,11.47604,67.93158,13.53162,27.06325,6 6 6 6 6 6 6 6 6 6 6 6 6 6 6 6 6 6 6 6 5 6 6 6 6 6 6 6 6 6 6 6 5 5 5 5 5 5 5 6 5 6 6 6 6 6 6 6 7 7 7 7 7 7 7 7 7 6 6 6 6 6 6 6 6 6 6 6 6 7 7 7 7 6 7 7 7 7 7 7 7 7 7 7 7 7 7 7 8 8 8 8 8 8 8 7 7 7 8 8 7 8 7 8 7 7 7 8 7 7 8 7 6 6 6 6 6 6 7 6 7 7 7 7 6 6 6 6 6 7 6 6 6 4 4 4 4 4 5 4 4 5
602,SIPP_2^5,"21,44,0","161,223,0",1,2358.9784159999995,5718,25.65521,33.63503,6.72012,13.44024,12 12 12 12 12 12 12 12 12 12 12 12 12 12 12 12 12 12 12 11 12 12 12 12 12 12 12 12 12 12 11 10 10 10 10 10 10 11 12 12 14 14 14 13 13 13 13 13 14 13 12 12 12 13 12 12 13 13 12 12 12 12 15 14 14 14 14 14 14 14 14 14 14 14 14 14 15 15 15 15 15 15 15 15 15 16 15 15 13 13 13 12 13 13 13 12 12 12 12 12 12 12 12 8 8 9 8 8 8 9
602,SIPP_BigCS,"21,44,11","161,223,5",0,-1,24373,180.1393,0.0,0.0,0.0,
602,SIPP_Standard,"21,44,11","161,223,5",1,2387.0,31370,81.87427,35.79727,5.9483,0.6658,71 28 28 28 28 28 36 25 56 56 64 28 28 28 28 52 56 56 56 56 56 88 0 4 56 64 36 21
603,SIPP_2^2,"210,148,0","32,0,0",0,-1,0,0.0,0.0,0.0,0.0,
603,SIPP_2^3,"210,148,0","32,0,0",0,-1,0,0.0,0.0,0.0,0.0,
603,SIPP_2^4,"210,148,0","32,0,0",0,-1,0,0.0,0.0,0.0,0.0,
603,SIPP_2^5,"210,148,0","32,0,0",0,-1,0,0.0,0.0,0.0,0.0,
603,SIPP_BigCS,"210,148,0","32,0,0",0,-1,0,0.0,0.0,0.0,0.0,
603,SIPP_Standard,"210,148,2","32,0,14",0,-1,72961,180.00115,0.0,0.0,0.0,
604,SIPP_2^2,"40,114,0","251,188,0",0,-1,0,0.0,0.0,0.0,0.0,
604,SIPP_2^3,"40,114,0","251,188,0",0,-1,0,0.0,0.0,0.0,0.0,
604,SIPP_2^4,"40,114,0","251,188,0",0,-1,0,0.0,0.0,0.0,0.0,
604,SIPP_2^5,"40,114,0","251,188,0",0,-1,0,0.0,0.0,0.0,0.0,
604,SIPP_BigCS,"40,114,0","251,188,0",0,-1,0,0.0,0.0,0.0,0.0,
604,SIPP_Standard,"40,114,0","251,188,6",0,-1,0,3e-05,0.0,0.0,0.0,
605,SIPP_2^2,"209,213,0","61,33,0",1,3296.913086,37732,12.54987,205.06097,45.55309,91.10619,3 0 0 3 3 0 0 0 3 0 0 3 0 3 3 3 3 0 0 0 0 0 0 0 0 0 0 0 0 0 0 0 0 0 0 0 0 0 0 0 0 0 0 0 0 0 0 0 0 0 0 0 0 0 0 0 0 0 0 0 0 0 0 0 0 0 0 0 0 0 0 0 0 0 0 0 0 0 0 0 0 0 0 0 0 0 0 0 0 0 0 0 0 0 0 0 0 0 0 0 0 0 0 0 0 0 0 0 0 0 0 0 0 0 0 0 0 0 0 0 0 0 0 0 0 0 0 0 0 0 0 0 0 0 0 0 0 0 0 0 0 0 0 0 0 3 3 3 3 3 3 3 3 -1.486 0 -1.109 0 -0.370 0 -0.093 0 -0.020 0 0 0 0 0 -0.017 0 -11.388 0 -2.366 0 0 0 0 -0.064 0 0 0 0 0 0 0 0 0 0 0 0 0 0 3 3 3 3 3 3 0 3 0 3 3 3 3 0 3 3 0 0 3 0 0 0 0 0 0 3 3 3 3 3 3 3 3 3 3 3 3 3 3 3 3 3 3 3 0 3 3 3 3 3 3 3 3 3 3 3 3 3 3 3 3 3 3 3 3 3 3 3 3 3 3 3 3 3 3 3 3 3 3 3 3 3 3 3 3 0 3 3 3 3 3 3 3 3 3 3 3 3 3 3 3 3 3 3 3 3 3 3 3 3 3 3 3 3 3 3 3 3 3 3 3 3 3 3 3 3 3 3 3 3 3 3 3 3 3 3 3 3 3 3 3 0 3 3 3 0
605,SIPP_2^3,"209,213,0","61,33,0",1,2469.8475219999987,7234,4.81051,140.08107,27.48894,54.97788,0 0 0 7 7 7 7 7 7 7 7 7 7 7 0 0 0 7 7 7 7 7 0 0 0 7 0 0 0 0 0 7 7 6 6 6 6 7 6 7 7 7 7 6 6 7 7 7 7 7 7 6 7 7 7 7 7 7 7 7 7 7 7 7 7 7 7 7 7 7 7 7 7 7 7 7 7 7 7 7 7 7 7 7 7 7 7 7 7 7 7 7 7 7 7 7 7 7 7 7 7 7 7 7 7 7 7 7 7 7 7 7 7 7 7 7 7 7 7 7 7 7 7 7 7 7 7 7 7 7 7 7 7 7 7 7 6 7 7 7 7 7 -4.091 7 0 0 7 0 7 7 0 0 0 7 7 7 7 7 7 7 7 0 0 7 0 0 0 0 7 0 0 0 0 0 7 0 7 0 0 0 0 0 0 0 0 7 7 0 7 7
605,SIPP_2^4,"209,213,0","61,33,0",1,2467.1389630000003,9438,16.46051,96.34818,19.06737,38.13474,14 14 14 14 15 14 14 15 15 0 0 15 0 15 15 15 15 15 15 15 14 14 13 13 13 13 13 13 13 13 13 14 14 14 14 14 14 14 14 14 14 13 14 14 14 14 14 14 14 14 14 14 14 14 14 14 14 14 14 14 14 14 14 14 14 14 14 14 14 14 14 14 14 14 14 14 14 14 14 14 14 14 14 14 14 14 14 14 14 14 14 14 14 14 14 14 15 14 14 15 15 15 15 15 15 14 15 14 15 15 0 0 0 0 0 15 15 15 0 0 14 14 13 14 14 14 14 14 14 14 14 14 14 14 14 15 15 15 14 -0.633 12 -2.111 14 -2.111 12 -4.183 12 14 0 0 0 0 15 0 15 0 -18.357 0 -0.034 12 -10.064 0
605,SIPP_2^5,"209,213,0","61,33,0",1,2467.1389630000003,9933,43.79721,73.95934,14.50943,29.01885,28 28 28 29 29 29 31 31 31 30 30 30 30 30 28 28 28 28 28 28 28 28 28 28 28 28 28 29 28 28 28 28 28 27 27 27 27 27 27 27 28 28 28 28 28 28 27 27 27 27 28 28 28 28 29 29 29 28 28 28 28 29 29 29 29 28 28 29 28 28 28 28 28 28 28 28 28 29 29 28 28 31 0 31 31 31 28 28 26 26 27 -2.286 29 28 28 -1.082 30 29 30 29 -6.116 0 -4.183 24 -2.111 28 -2.111 24 -4.183 24 -2.171 31 0 0 0 0 0 1 0 -1.776 0 -0.029 24 -0.034 24 -0.032 24 -0.033 24
605,SIPP_BigCS,"209,213,5","61,33,8",0,-1,25157,180.22076,0.0,0.0,0.0,
605,SIPP_Standard,"209,213,5","61,33,8",1,2467.6199680000004,54686,145.08599,60.45092,11.4013,0.9881,66 30 46 6 66 54 66 54 66 54 74 77 66 54 66 30 30 54 66 54 66 54 82 19 61 69 50 -21.792 69 -0.102 46 -14.726 6
606,SIPP_2^2,"206,220,0","123,21,0",0,-1,0,0.0,0.0,0.0,0.0,
606,SIPP_2^3,"206,220,0","123,21,0",0,-1,0,0.0,0.0,0.0,0.0,
606,SIPP_2^4,"206,220,0","123,21,0",0,-1,0,0.0,0.0,0.0,0.0,
606,SIPP_2^5,"206,220,0","123,21,0",0,-1,0,0.0,0.0,0.0,0.0,
606,SIPP_BigCS,"206,220,0","123,21,0",0,-1,0,0.0,0.0,0.0,0.0,
606,SIPP_Standard,"206,220,15","123,21,2",0,-1,84510,180.00133,0.0,0.0,0.0,
607,SIPP_2^2,"23,220,0","255,203,0",0,-1,0,0.0,0.0,0.0,0.0,
607,SIPP_2^3,"23,220,0","255,203,0",0,-1,0,0.0,0.0,0.0,0.0,
607,SIPP_2^4,"23,220,0","255,203,0",0,-1,0,0.0,0.0,0.0,0.0,
607,SIPP_2^5,"23,220,0","255,203,0",0,-1,0,0.0,0.0,0.0,0.0,
607,SIPP_BigCS,"23,220,0","255,203,0",0,-1,0,0.0,0.0,0.0,0.0,
607,SIPP_Standard,"23,220,1","255,203,0",0,-1,89151,180.00237,0.0,0.0,0.0,
608,SIPP_2^2,"245,1,0","105,162,0",0,-1,0,0.0,0.0,0.0,0.0,
608,SIPP_2^3,"245,1,0","105,162,0",0,-1,0,0.0,0.0,0.0,0.0,
608,SIPP_2^4,"245,1,0","105,162,0",0,-1,0,0.0,0.0,0.0,0.0,
608,SIPP_2^5,"245,1,0","105,162,0",0,-1,0,0.0,0.0,0.0,0.0,
608,SIPP_BigCS,"245,1,0","105,162,0",0,-1,0,0.0,0.0,0.0,0.0,
608,SIPP_Standard,"245,1,7","105,162,3",0,-1,0,3e-05,0.0,0.0,0.0,
609,SIPP_2^2,"22,126,0","238,77,0",0,-1,0,0.0,0.0,0.0,0.0,
609,SIPP_2^3,"22,126,0","238,77,0",0,-1,0,0.0,0.0,0.0,0.0,
609,SIPP_2^4,"22,126,0","238,77,0",0,-1,0,0.0,0.0,0.0,0.0,
609,SIPP_2^5,"22,126,0","238,77,0",0,-1,0,0.0,0.0,0.0,0.0,
609,SIPP_BigCS,"22,126,0","238,77,0",0,-1,0,0.0,0.0,0.0,0.0,
609,SIPP_Standard,"22,126,12","238,77,6",0,-1,71350,180.00158,0.0,0.0,0.0,
610,SIPP_2^2,"194,218,0","136,12,0",1,2756.913086,14939,4.86344,176.7767,42.4115,84.823,3 2 -12.694 0 -7.373 0 -0.012 0 -0.012 0 0 0 0 0 0 0 0 0 1 1 0 0 0 0 0 0 0 0 0 0 0 0 0 0 0 0 0 0 0 0 0 0 0 0 0 0 0 0 0 0 0 0 0 0 0 0 0 0 0 0 0 0 0 0 0 0 0 0 0 0 0 0 0 0 0 0 0 0 0 0 0 0 0 0 0 0 0 0 0 0 0 0 0 0 0 0 0 0 0 0 0 0 0 0 0 0 0 0 0 0 0 0 0 0 0 0 0 0 0 0 0 0 0 0 0 0 0 0 0 0 0 0 0 0 0 0 0 0 0 0 0 0 0 0 0 0 0 0 0 0 0 3 -31.394 3 -1.109 0 -0.370 0 -0.093 0 -0.020 0 0 0 0 0 -0.017 0 -0.310 0 -1.078 3 -2.366 0 0 0 0 -0.064 0 0 0 0 0 0 0 0 0 0 0 0 0 0 0 0 3 3 3 3 3 0 0 0 3 0 0 3 3 3 3 3 0 3 0 0 3 3 0 3 3 3 3 3 3 3 3 3 3 3 3 3 3 3 3 3 3 0 3 3 3 3 3 3 3 3 3 3 3 3 3 3 3 3 3 3 3 3 0 0 0 0 0 0 0 0 0 0 0 0 0 0 0 0 3 0 0 0 0 0 0 0 3 3 3 0
610,SIPP_2^3,"194,218,0","136,12,0",1,2581.177165999998,14732,9.1166,133.37732,25.91814,51.83628,5 6 -6.355 0 0 -1.077 0 0 1 1 1 0 0 1 -2.993 0 -2.716 0 0 0 0 0 0 0 0 0 0 0 0 0 0 0 0 0 0 0 0 0 0 0 0 0 0 0 0 0 0 0 0 0 0 0 0 0 0 0 0 0 0 0 0 0 0 0 0 0 0 0 0 0 0 0 0 0 0 0 0 0 0 0 0 0 0 0 0 0 0 0 0 0 0 0 0 0 0 0 0 0 0 0 0 0 0 0 0 0 0 0 0 0 0 0 0 0 0 0 0 0 0 0 0 0 0 0 0 0 0 0 0 0 0 7 0 0 7 0 0 0 0 0 7 0 0 0 0 0 0 0 -45.207 0 -1.109 0 -0.370 0 -0.093 0 -0.020 0 0 0 0 0 -0.017 0 -0.310 0 -1.078 6 -2.366 0 0 0 0 -0.064 0 0 0 0 0 0 0 0 0 0 0 0 7 7 6 6 6 7 7 7 7 7 7 7 7 7 7 7 6 6 6 6 7 7 6 6 6 7 7 7 7 6 6 6 6 6 6 6 6 6 6 6 6 7 7 7 6 7 7 7 6 7 7 7 7 6 6 7 0 0 0 0 0 0 0 0
610,SIPP_2^4,"194,218,0","136,12,0",1,2557.908725999995,14641,23.87824,53.30562,10.63587,21.27174,11 14 0 0 1 2 2 2 2 -0.180 1 0 0 -0.064 0 0 0 0 0 0 0 0 0 0 0 0 0 0 0 0 0 0 0 0 0 0 0 0 0 0 0 0 0 0 0 0 0 0 0 0 0 0 0 0 0 0 0 0 0 0 0 0 0 0 0 0 0 0 0 0 0 0 0 0 0 0 0 0 0 0 0 0 0 0 0 0 0 0 0 0 0 0 0 0 0 0 0 0 0 0 0 0 0 0 0 0 0 0 0 0 0 0 0 0 0 0 0 0 0 0 0 0 0 0 0 0 0 0 0 0 0 0 15 15 15 15 15 -48.805 0 -2.841 0 -1.109 0 -0.370 0 -0.093 0 -0.020 0 0 0 0 0 -0.017 0 -11.388 0 -2.366 0 0 0 0 -0.064 0 0 0 0 0 0 0 0 0 0 0 0 14 14 14 14 13 13 13 14 14 14 14 14 14 12 12 12 12 13 13 13 13 13 13 13 13 13 13 13 13 13 13 13 12 13 12 12 13 0 0 0 0 0 0 1
610,SIPP_2^5,"194,218,0","136,12,0",1,2556.4285059999975,14843,59.53731,69.07491,14.39006,28.78012,22 28 0 -1.547 3 3 4 -1.309 2 0 0 -0.064 0 0 0 0 0 0 0 0 0 0 0 0 0 0 0 0 0 0 0 0 0 0 0 0 0 0 0 0 0 0 0 0 0 0 0 0 0 0 0 0 0 0 0 0 0 0 0 0 0 0 0 0 0 0 0 0 0 0 0 0 0 0 0 0 0 0 0 0 0 0 0 0 0 0 0 0 0 0 0 0 0 0 0 0 0 0 0 0 0 0 0 0 0 0 0 0 0 0 0 0 0 0 0 0 0 0 0 0 0 0 0 0 0 0 0 0 0 0 0 0 31 31 31 0 -48.582 24 -1.109 0 -0.370 0 -0.093 0 -0.020 0 0 0 0 0 -0.017 0 -0.310 0 -1.078 24 -2.366 0 0 0 0 -0.064 0 0 0 0 0 0 0 0 0 0 0 0 28 28 27 27 28 28 28 28 28 27 25 25 25 25 25 25 25 26 26 26 26 26 26 26 26 26 26 28 1 0 1
610,SIPP_BigCS,"194,218,1","136,12,6",0,-1,30459,180.14056,0.0,0.0,0.0,
610,SIPP_Standard,"194,218,1","136,12,6",1,2645.532799,54532,108.15791,53.92618,10.3952,1.4202,32 -53.533 81 10 46 2 2 2 2 2 2 2 6 90 2 2 2 2 2 2 2 2 6 66 54 66 38 3 3 23 50 77 98
611,SIPP_2^2,"215,145,0","16,33,0",1,3113.0756760000004,29393,10.14243,579.82756,128.8053,257.6106,0 0 3 0 0 0 3 3 3 0 3 3 0 0 3 0 0 3 0 0 0 0 0 0 0 0 0 0 0 0 3 3 0 3 3 0 3 0 3 3 0 0 0 0 3 3 3 3 3 3 3 3 3 3 3 3 3 3 3 3 3 3 3 3 3 3 3 3 3 3 3 3 3 3 3 3 3 3 3 3 3 3 3 3 3 3 3 3 3 3 3 3 3 3 3 3 3 3 0 3 0 3 3 3 3 3 3 3 3 3 3 3 3 3 3 3 3 3 3 3 3 3 3 3 3 3 3 3 3 3 3 0 3 0 3 3 3 3 3 3 3 3 3 3 3 3 3 3 0 3 0 0 3 0 3 3 0 3 3 3 0 3 3 3 3 3 0 0 3 3 3 3 3 3 3 0 3 0 0 0 0 0 0 0 0 0 0 0 0 0 3 0 3 0 3 3 0 0 3 3 3 3 0 0 0 3 0 3 0 3 0 0 3 3 3 0 3 3 3 0 3 3 3 3 3 3 3 3 3 3 3 3 3 3 3 3 3 3 3 3 3 3 3 3 3 3 0 0 3 0 0 0 0 0 0 3 3 3 3 3 3 3 3 3 3 0 0 0 3 0 3 0 0 0 0 0 3 3 0 0 0 0 0 3 3 0 0 0 0 3 0 0 0 0 0 3 0 0 0 0 0 3 0 3 -2.560 0 -0.410 0 -0.106 0 0 0 0 0
611,SIPP_2^3,"215,145,0","16,33,0",1,2481.6394640000003,10278,6.87296,170.96068,33.77212,67.54425,6 6 7 6 7 6 6 6 6 7 6 7 7 7 7 7 7 7 7 7 7 7 7 7 6 7 7 7 7 7 7 6 7 7 7 7 7 7 7 7 6 6 6 6 6 6 6 7 7 6 6 6 6 6 7 7 6 7 6 6 6 7 6 7 7 7 6 6 6 6 6 6 6 6 6 7 7 7 7 7 7 7 7 7 7 6 7 7 7 6 7 6 7 7 7 7 7 7 6 6 7 7 7 7 7 7 7 7 6 7 6 7 7 7 6 7 7 7 7 6 6 6 6 6 6 6 6 6 7 7 7 7 7 7 7 7 7 7 7 7 7 7 7 7 7 7 7 7 7 7 7 7 7 7 7 7 7 7 7 7 7 7 7 0 0 7 -7.251 6 -0.094 6 -0.375 6 6 6 6 6 6 6 6 6 6 6 6 6 6 6 6 6 6 6 6 6 6 6 6 6 6 6 6 6 6 6 6 5
611,SIPP_2^4,"215,145,0","16,33,0",1,2338.835355999997,4958,8.63243,62.40028,12.4344,24.86881,14 14 13 14 13 13 13 13 13 13 13 14 14 14 13 13 13 14 13 14 14 13 14 13 13 14 13 14 13 13 13 13 13 13 14 14 14 14 14 14 14 14 -1.957 13 12 12 12 12 13 13 13 13 13 13 13 13 13 13 13 13 13 13 13 13 13 13 13 13 13 13 13 13 13 12 12 12 12 13 13 13 13 13 13 14 14 14 13 13 13 13 14 14 13 13 14 13 13 13 13 14 13 13 13 14 14 14 14 14 14 14 14 14 14 14 14 13 13 13 13 14 13 13 13 11 10
611,SIPP_2^5,"215,145,0","16,33,0",1,2337.524296,6031,26.45711,20.94265,4.06889,8.13778,27 27 27 27 27 27 27 27 27 27 27 27 27 27 27 27 28 28 27 27 27 27 27 25 25 25 25 25 25 25 25 25 26 26 26 26 26 26 26 26 26 26 26 26 26 26 25 25 25 25 25 27 27 27 27 27 26 26 26 26 27 27 26 -0.089 27 27 28 28 28 28 28 28 28 28 28 28 28 27 27 28 28 27 -0.221 25 19
611,SIPP_BigCS,"215,145,13","16,33,4",0,-1,24578,180.09895,0.0,0.0,0.0,
611,SIPP_Standard,"215,145,13","16,33,4",1,2338.0055549999997,20491,52.8728,46.36057,7.8779,0.7585,69 50 69 50 69 50 69 50 69 -0.006 38 19 61 61 61 61 61 61 93 23 50 61 61 69 30 30 30 50 109
612,SIPP_2^2,"189,207,0","55,19,0",0,-1,0,0.0,0.0,0.0,0.0,
612,SIPP_2^3,"189,207,0","55,19,0",0,-1,0,0.0,0.0,0.0,0.0,
612,SIPP_2^4,"189,207,0","55,19,0",0,-1,0,0.0,0.0,0.0,0.0,
612,SIPP_2^5,"189,207,0","55,19,0",0,-1,0,0.0,0.0,0.0,0.0,
612,SIPP_BigCS,"189,207,0","55,19,0",0,-1,0,0.0,0.0,0.0,0.0,
612,SIPP_Standard,"189,207,2","55,19,12",0,-1,0,4e-05,0.0,0.0,0.0,
613,SIPP_2^2,"198,64,0","20,183,0",0,-1,0,0.0,0.0,0.0,0.0,
613,SIPP_2^3,"198,64,0","20,183,0",0,-1,0,0.0,0.0,0.0,0.0,
613,SIPP_2^4,"198,64,0","20,183,0",0,-1,0,0.0,0.0,0.0,0.0,
613,SIPP_2^5,"198,64,0","20,183,0",0,-1,0,0.0,0.0,0.0,0.0,
613,SIPP_BigCS,"198,64,0","20,183,0",0,-1,0,0.0,0.0,0.0,0.0,
613,SIPP_Standard,"198,64,4","20,183,4",0,-1,0,2e-05,0.0,0.0,0.0,
614,SIPP_2^2,"18,214,0","131,52,0",0,-1,0,0.0,0.0,0.0,0.0,
614,SIPP_2^3,"18,214,0","131,52,0",0,-1,0,0.0,0.0,0.0,0.0,
614,SIPP_2^4,"18,214,0","131,52,0",0,-1,0,0.0,0.0,0.0,0.0,
614,SIPP_2^5,"18,214,0","131,52,0",0,-1,0,0.0,0.0,0.0,0.0,
614,SIPP_BigCS,"18,214,0","131,52,0",0,-1,0,0.0,0.0,0.0,0.0,
614,SIPP_Standard,"18,214,10","131,52,3",0,-1,80247,180.00109,0.0,0.0,0.0,
615,SIPP_2^2,"17,179,0","232,104,0",1,3278.001987,39014,13.22748,509.11688,113.09734,226.19467,1 1 1 1 1 1 1 1 1 1 1 1 2 1 2 1 2 2 2 2 1 -66.030 1 -20.037 1 -0.012 1 -0.012 1 1 1 1 1 1 1 1 1 1 1 1 1 1 1 1 1 1 1 1 1 1 1 1 0 0 0 1 1 0 0 1 1 0 0 1 1 1 1 1 1 1 0 1 1 1 1 1 1 1 1 1 1 1 1 1 1 1 1 0 1 0 1 0 1 1 1 1 1 1 1 1 1 1 1 0 1 1 1 1 1 1 1 1 1 1 1 0 0 0 1 0 1 1 1 1 1 1 0 1 1 1 0 0 1 1 1 1 1 1 1 0 1 0 1 1 0 1 1 1 1 0 0 1 1 1 1 0 0 0 1 1 0 1 1 1 1 1 0 1 1 1 0 0 1 1 0 1 1 1 1 0 1 1 0 1 0 0 0 0 0 0 0 0 0 0 0 0 0 0 0 0 0 0 0 0 1 1 1 -118.602 0 -8.881 1 0 0 0 0 0 0 0 0 0 0 1 1 1 1 1 1 1 1 1 1 1 1 1 1 1 1 1 1 1 1 1 1 1 1 1 1 1 1 1 1 1 1 1 1 1 2 -5.189 1 -13.228 1 1 1 0 0 0 0 0 0 0 0 0 1 1 0 0 1 0 1 1 1 1 1 1 1 1 1 1 1 1 1 1 1 0 1 1 1 0 0 1 0 0 1 -6.011 1 1 1 1 1 1 1 1 1
615,SIPP_2^3,"17,179,0","232,104,0",1,2676.2520139999983,11639,7.49447,155.27651,30.63053,61.26106,2 2 2 2 2 2 2 2 2 2 2 2 3 -2.361 3 3 4 4 -0.933 4 -80.310 2 -20.037 2 -0.012 2 -0.012 2 2 2 2 2 2 2 2 2 2 2 2 2 2 2 2 2 2 2 2 2 2 2 2 1 2 2 2 2 2 2 2 2 2 2 2 2 2 2 2 2 2 2 2 2 2 2 2 2 2 2 2 2 2 2 1 1 2 2 2 2 2 2 2 2 2 2 2 2 2 2 2 2 2 2 2 2 2 1 1 1 1 1 1 1 1 1 1 1 1 1 1 1 1 1 1 1 1 1 1 1 1 1 2 1 0 1 0 1 1 0 1 1 1 2 2 2 2 2 2 2 2 2 2 2 2 2 2 2 2 2 1 1 0 0 0 1 1 1 0 1 1 1 1 1 1 -3.642 1 1 1 2 2 2 2 2 1 1 1 2 1 1 2 1 1 1 1 1 1 1 1 1 1 1 1 1 1 1 2 2 1 2 2 2 2 2 2 1 2 2 2 1 2 1 2 2 2 2 2 2 2 2 2 2 2 1
615,SIPP_2^4,"17,179,0","232,104,0",1,2642.1004690000004,14530,24.68685,117.0226,22.84253,45.68506,0 0 0 0 0 0 0 0 0 1 1 1 0 0 0 0 0 1 0 1 0 0 0 1 2 2 4 4 4 4 4 4 4 4 4 4 4 4 4 4 4 4 4 4 4 4 4 4 4 6 5 4 4 4 4 4 4 4 4 4 4 4 4 4 4 4 4 4 4 3 3 4 3 3 3 3 3 3 3 3 3 3 3 3 3 3 3 2 3 2 2 3 2 2 2 2 3 3 3 3 3 3 2 3 3 3 3 3 3 4 4 4 4 4 4 4 4 4 4 4 4 4 4 4 4 4 4 4 4 4 4 4 4 4 4 4 4 4 4 4 4 4 4 4 4 4 4 4 4 4 4 4 4 4 3 4 3 3 3 4 3 4 3 3 3 4 4 4 4 4 4 4 4 4 4 4 4 4 4 4 4 3 4 4 4 -21.539 4 -0.012 8 -29.974 4 -10.065 4 -0.033 4 -0.117 4 -0.395 4 -0.869 8 -1.093 4 -1.489 8
615,SIPP_2^5,"17,179,0","232,104,0",1,2642.1004690000004,15146,63.86192,98.48102,20.06639,40.13278,0 0 1 0 0 0 1 1 1 0 1 0 0 0 0 1 0 0 4 4 8 8 8 8 8 8 8 8 8 8 8 8 8 8 8 8 8 8 8 8 8 8 9 12 8 8 8 8 8 8 8 8 8 8 8 8 8 8 8 8 7 7 7 5 5 5 5 5 6 6 6 6 6 6 6 6 6 6 6 6 6 6 5 6 6 6 6 6 6 7 7 7 7 8 8 8 8 8 8 8 8 8 8 8 8 8 8 8 8 8 8 8 8 8 8 8 8 8 8 8 8 8 8 7 8 8 8 8 8 8 8 8 7 7 7 7 7 7 7 7 7 7 7 8 8 8 7 -28.267 8 -0.012 16 -0.012 16 -9.934 8 -0.029 8 -0.034 8 -0.032 16 -0.033 16 -0.117 16 -0.395 8 -0.869 16 -1.093 8 -1.489 16
615,SIPP_BigCS,"17,179,13","232,104,9",0,-1,27966,180.15996,0.0,0.0,0.0,
615,SIPP_Standard,"17,179,13","232,104,9",1,2655.074185,37939,95.0107,69.22523,13.0883,1.4551,-32.977 21 -2.263 36 -105.822 1 1 5 73 84 17 95 5 57 65 45 1 5 73 -10.272 68 29 53 -32.741 65 53 65 45 9 29 29 45 5 89 1
616,SIPP_2^2,"224,49,0","157,253,0",0,-1,0,0.0,0.0,0.0,0.0,
616,SIPP_2^3,"224,49,0","157,253,0",0,-1,0,0.0,0.0,0.0,0.0,
616,SIPP_2^4,"224,49,0","157,253,0",0,-1,0,0.0,0.0,0.0,0.0,
616,SIPP_2^5,"224,49,0","157,253,0",0,-1,0,0.0,0.0,0.0,0.0,
616,SIPP_BigCS,"224,49,0","157,253,0",0,-1,0,0.0,0.0,0.0,0.0,
616,SIPP_Standard,"224,49,13","157,253,13",0,-1,0,2e-05,0.0,0.0,0.0,
617,SIPP_2^2,"209,100,0","12,0,0",0,-1,0,0.0,0.0,0.0,0.0,
617,SIPP_2^3,"209,100,0","12,0,0",0,-1,0,0.0,0.0,0.0,0.0,
617,SIPP_2^4,"209,100,0","12,0,0",0,-1,0,0.0,0.0,0.0,0.0,
617,SIPP_2^5,"209,100,0","12,0,0",0,-1,0,0.0,0.0,0.0,0.0,
617,SIPP_BigCS,"209,100,0","12,0,0",0,-1,0,0.0,0.0,0.0,0.0,
617,SIPP_Standard,"209,100,3","12,0,8",0,-1,75689,180.00195,0.0,0.0,0.0,
618,SIPP_2^2,"24,166,0","215,70,0",0,-1,0,0.0,0.0,0.0,0.0,
618,SIPP_2^3,"24,166,0","215,70,0",0,-1,0,0.0,0.0,0.0,0.0,
618,SIPP_2^4,"24,166,0","215,70,0",0,-1,0,0.0,0.0,0.0,0.0,
618,SIPP_2^5,"24,166,0","215,70,0",0,-1,0,0.0,0.0,0.0,0.0,
618,SIPP_BigCS,"24,166,0","215,70,0",0,-1,0,0.0,0.0,0.0,0.0,
618,SIPP_Standard,"24,166,14","215,70,4",0,-1,0,7e-05,0.0,0.0,0.0,
619,SIPP_2^2,"8,84,0","177,238,0",0,-1,0,0.0,0.0,0.0,0.0,
619,SIPP_2^3,"8,84,0","177,238,0",0,-1,0,0.0,0.0,0.0,0.0,
619,SIPP_2^4,"8,84,0","177,238,0",0,-1,0,0.0,0.0,0.0,0.0,
619,SIPP_2^5,"8,84,0","177,238,0",0,-1,0,0.0,0.0,0.0,0.0,
619,SIPP_BigCS,"8,84,0","177,238,0",0,-1,0,0.0,0.0,0.0,0.0,
619,SIPP_Standard,"8,84,10","177,238,10",0,-1,79651,180.00049,0.0,0.0,0.0,
620,SIPP_2^2,"9,90,0","231,31,0",1,2986.2125889999998,18061,6.44088,403.05087,89.53539,179.07078,1 0 0 0 0 0 0 0 0 1 1 1 1 0 1 1 1 0 0 0 0 1 1 0 0 0 0 0 0 1 1 1 1 1 1 1 1 1 1 0 1 1 1 0 0 1 1 1 1 0 0 1 0 0 0 0 0 1 0 1 0 0 1 0 0 1 1 1 1 0 1 1 1 1 0 0 0 1 1 1 1 1 1 1 0 1 0 1 1 1 0 0 0 0 0 0 1 0 1 0 1 0 0 0 0 0 0 0 0 1 1 1 1 1 1 1 1 1 1 1 1 1 0 1 1 1 1 1 1 1 1 1 0 1 1 1 1 1 1 1 1 1 1 1 1 1 1 1 1 1 0 0 0 0 0 0 1 1 0 0 1 0 1 -7.830 1 -6.661 1 1 -1.721 1 1 1 1 1 1 1 1 1 1 1 1 1 1 1 1 1 1 1 1 1 1 1 1 1 1 1 1 1 1 1 2 2 1 1 1 1 1 1 1 1 1 1 1 1 1 1 1 1 1 1 1 1 1 1 1 1 1 1 1 1 1 1 1 1 1 1 1 1 1 1 1 1 2 2 2 1 2 1 2 1 1 1 1 1 1 1 1 1 1 1 1 1 1 1 1 1 1 1 1 1 1 1 1 1 1 1 1 1 1 1 1 1 1 1 1 1 1 1 1 1 1 1 1 1 1 1 1 1 1 2
620,SIPP_2^3,"9,90,0","231,31,0",1,2670.342264,12783,8.35633,154.75954,33.77212,67.54424,2 3 3 3 2 2 2 2 2 2 2 2 3 2 2 2 2 2 2 2 2 2 2 2 2 1 2 2 1 1 1 1 1 1 1 1 1 2 2 1 1 1 1 1 1 1 1 1 1 1 1 2 2 2 2 2 2 2 2 2 2 1 2 2 2 1 2 1 2 1 1 2 1 1 1 1 1 1 1 1 1 1 1 1 1 1 1 1 1 1 2 1 2 1 1 1 1 1 1 1 1 1 1 1 1 2 2 1 2 2 2 2 2 2 2 1 2 2 2 2 2 2 2 2 2 2 1 1 2 2 3 -4.397 5 -11.681 6 6 -55.357 2 -13.612 2 -11.119 2 -0.084 2 2 2 2 2 2 2 2 2 2 2 2 2 2 2 2 2 2 2 2 2 2 2 2 2 2 2 2 2 2 2 2 2 2 2 2 2 2 2 2 2 2 2 2 2 2 2 2 2 2 2 2 2 2 2 2 2 2 2 2 2 2 2 2 2 2 2 2 2 2 2 2 2 2 2 2 2 2 2 2 2 2 2 2 2 2 1 2 1 2 1
620,SIPP_2^4,"9,90,0","231,31,0",1,2529.537661999998,8254,14.1073,61.76723,12.28258,24.56516,5 5 5 5 4 4 4 4 4 4 4 4 4 4 4 4 4 4 4 4 4 3 4 2 2 2 2 2 2 2 3 3 2 2 3 3 3 3 3 3 3 3 3 3 3 3 3 4 3 4 4 3 2 2 3 3 3 3 1 1 1 2 1 2 -1.206 2 2 2 2 2 2 2 2 2 2 2 2 2 2 2 3 3 4 4 4 4 4 4 4 4 4 4 4 4 4 4 4 4 4 4 4 4 4 4 4 4 3 3 3 3 3 3 2 2 2 2 2 2 4 6 6 6 6 6 7 5 4 4 4 4 4 4 4 4 4 4 4 4 4 4 4 4 4 4 4 4 4 4 4 4 4 4 4 4 4 4 4 4 4 4 4 4 4 4 4 4 4 4 4 4 4 4 4 4 4 4 4 4 4 4 4 4 4 4 4 4 5
620,SIPP_2^5,"9,90,0","231,31,0",1,2526.8899260000003,8552,35.89794,47.08199,9.32215,18.6443,9 9 9 9 8 8 8 8 8 8 8 8 8 8 8 8 7 7 4 4 4 4 4 4 5 4 5 6 6 6 6 6 6 6 6 6 6 7 7 7 6 6 5 -0.021 7 4 4 4 2 2 2 2 2 4 4 4 4 4 4 4 4 4 4 5 4 4 7 6 8 8 8 8 8 8 8 8 8 8 8 8 8 8 8 8 8 8 8 8 8 8 7 7 7 7 4 4 4 4 3 6 12 12 12 13 12 12 -1.162 8 -0.151 8 8 8 8 8 8 8 8 8 8 8 8 8 8 8 8 8 8 8 8 8 8 8 8 8 8 8 8 8 8 8 8 8 8 8 8 8 8 8 8 8 8 8 8 8 8 8 8 8 8 8 8 8 8 8 8 8 8 8 9
620,SIPP_BigCS,"9,90,0","231,31,9",0,-1,25807,180.18204,0.0,0.0,0.0,
620,SIPP_Standard,"9,90,0","231,31,9",1,2563.625235,48933,118.41097,56.08872,10.6955,1.2516,17 95 1 9 29 29 53 89 5 65 53 65 49 -3.498 68 29 53 89 1 1 5 -10.107 65 -14.315 41 -2.705 79 80 1 1 1 1 1 1 9
621,SIPP_2^2,"166,224,0","4,54,0",0,-1,0,0.0,0.0,0.0,0.0,
621,SIPP_2^3,"166,224,0","4,54,0",0,-1,0,0.0,0.0,0.0,0.0,
621,SIPP_2^4,"166,224,0","4,54,0",0,-1,0,0.0,0.0,0.0,0.0,
621,SIPP_2^5,"166,224,0","4,54,0",0,-1,0,0.0,0.0,0.0,0.0,
621,SIPP_BigCS,"166,224,0","4,54,0",0,-1,0,0.0,0.0,0.0,0.0,
621,SIPP_Standard,"166,224,11","4,54,6",0,-1,0,5e-05,0.0,0.0,0.0,
622,SIPP_2^2,"1,152,0","234,110,0",0,-1,0,0.0,0.0,0.0,0.0,
622,SIPP_2^3,"1,152,0","234,110,0",0,-1,0,0.0,0.0,0.0,0.0,
622,SIPP_2^4,"1,152,0","234,110,0",0,-1,0,0.0,0.0,0.0,0.0,
622,SIPP_2^5,"1,152,0","234,110,0",0,-1,0,0.0,0.0,0.0,0.0,
622,SIPP_BigCS,"1,152,0","234,110,0",0,-1,0,0.0,0.0,0.0,0.0,
622,SIPP_Standard,"1,152,14","234,110,1",0,-1,73858,180.00121,0.0,0.0,0.0,
623,SIPP_2^2,"9,123,0","208,227,0",1,3241.9626319999998,29415,10.15672,381.83766,87.96459,175.92919,2 2 2 2 2 3 2 2 2 3 3 -49.205 1 -30.637 1 1 -7.841 1 -6.706 1 1 -2.225 1 1 1 1 1 1 1 1 1 1 1 1 1 1 1 1 1 1 1 1 1 1 1 1 1 1 1 1 1 0 1 1 1 1 1 1 1 1 1 1 1 -27.761 1 -7.587 1 1 1 1 1 1 1 1 1 1 1 1 1 1 1 1 1 1 1 1 1 1 1 1 1 1 1 1 1 1 1 1 1 1 1 2 1 2 1 1 2 2 1 2 1 2 1 2 1 1 1 1 1 1 1 1 1 1 1 1 1 1 1 1 1 1 1 1 1 1 2 2 2 2 1 2 1 2 2 1 2 2 1 2 2 1 2 2 1 1 1 1 1 1 1 1 1 1 1 1 1 1 1 1 1 1 1 1 1 1 1 2 2 2 2 2 2 1 1 1 1 1 1 1 1 1 1 1 1 1 1 1 1 1 1 1 1 1 1 1 1 1 1 1 1 1 2 1 2 1 2 2 1 1 1 2 1 1 1 1 1 1 1 1 1 1 1 1 1 1 1 1 1 1 1 2 2 2 2 2 2 2 2 2 1 2 2 2 2 2 2 1 2 1 2 2 2 2 2 2 2 2 2 2 2 2 2 2 2 2 2 2 2 2 2 2 2 2 2 1 2 1 1 1 2 2 1 1 2 2 2 2 2 2 2 2 2 2 2 2 2 2 2 2 2 2 2 2 2 1 1 2
623,SIPP_2^3,"9,123,0","208,227,0",1,2628.8534629999986,11522,7.49865,206.8417,40.84071,81.68141,5 5 5 5 4 4 4 4 4 4 4 4 4 4 3 3 3 3 3 4 3 3 3 3 4 4 4 3 3 3 3 3 4 3 3 3 3 3 3 3 3 3 3 -0.016 3 4 4 3 -1.771 3 3 2 3 3 3 3 3 3 3 2 2 2 2 2 2 2 2 3 2 2 2 2 2 2 2 2 2 3 2 2 2 3 3 3 2 2 2 3 2 2 -7.500 2 1 2 2 2 2 2 2 2 2 2 2 2 2 2 2 2 2 2 1 2 2 2 2 2 2 2 2 2 2 2 2 2 2 3 3 2 3 2 2 2 3 2 2 3 2 2 2 3 3 3 3 3 3 3 3 3 2 3 3 2 3 3 2 3 3 2 2 2 2 2 2 2 2 2 3 2 2 2 2 3 2 2 2 2 2 2 2 2 2 2 2 2 2 2 2 2 2 2 2 2 2 2 2 -2.632 3 2 3 3 2 2 2 2 3 2 2 2 2 2 3 3 3 3 3 3 3 3 3 3 3 3 3 3 3 3 3 3
623,SIPP_2^4,"9,123,0","208,227,0",1,2592.203556999996,11143,19.17319,89.80609,17.84635,35.6927,5 4 4 4 4 4 4 4 4 4 4 4 4 4 4 4 4 4 4 4 4 4 4 4 4 4 4 4 4 4 4 4 4 4 4 4 4 4 4 4 4 4 4 4 4 4 2 2 2 2 2 2 2 2 2 3 3 4 5 5 5 5 5 5 5 5 6 6 5 5 5 5 5 5 5 5 6 5 5 5 5 6 5 5 5 6 7 6 6 6 6 6 7 7 6 7 6 -1.621 5 5 5 5 4 5 5 5 4 4 5 4 4 4 4 4 4 3 5 5 5 5 5 5 5 5 5 5 5 5 5 5 6 6 6 6 6 8 8 7 8 7 7 8 8 7 7 7 8 8 8 7 7 7 8 7 7 7 7 7 8 8 7 8 8 7
623,SIPP_2^5,"9,123,0","208,227,0",1,2569.142526,10161,43.36358,39.87408,7.92702,15.85405,8 8 8 8 8 8 8 8 8 8 8 9 8 8 8 8 8 8 8 8 8 8 8 8 8 8 8 8 8 8 8 8 8 8 8 8 8 8 8 8 8 8 8 8 7 4 4 4 4 4 5 4 4 4 9 10 10 10 10 10 10 10 10 10 10 10 10 10 10 10 11 11 11 11 11 11 11 13 13 13 13 -1.936 12 12 9 9 9 9 9 9 8 9 7 9 10 10 10 10 10 10 10 10 10 11 11 11 10 12 12 15 15 15 15 15 15 15 15 15 15 15 14 15 14 14 15
623,SIPP_BigCS,"9,123,14","208,227,15",0,-1,27125,180.07819,0.0,0.0,0.0,
623,SIPP_Standard,"9,123,14","208,227,15",1,2632.361442,23356,46.84417,63.64975,11.7792,1.4399,16 102 56 64 52 -19.825 64 -3.668 48 79 80 1 21 36 -5.351 5 89 1 1 21 36 21 28 28 48 95 1 1 1 -36.518 17 63 63 71 28
624,SIPP_2^2,"44,45,0","205,223,0",0,-1,0,0.0,0.0,0.0,0.0,
624,SIPP_2^3,"44,45,0","205,223,0",0,-1,0,0.0,0.0,0.0,0.0,
624,SIPP_2^4,"44,45,0","205,223,0",0,-1,0,0.0,0.0,0.0,0.0,
624,SIPP_2^5,"44,45,0","205,223,0",0,-1,0,0.0,0.0,0.0,0.0,
624,SIPP_BigCS,"44,45,0","205,223,0",0,-1,0,0.0,0.0,0.0,0.0,
624,SIPP_Standard,"44,45,7","205,223,7",0,-1,0,4e-05,0.0,0.0,0.0,
625,SIPP_2^2,"204,203,0","17,63,0",1,3307.1655520000004,33317,11.19276,332.34019,73.82743,147.65485,3 3 3 3 0 0 0 0 0 0 0 0 0 0 0 0 0 0 0 0 0 0 0 0 0 0 0 0 0 0 0 0 0 0 0 0 0 0 0 0 0 0 0 0 0 0 0 0 0 0 0 0 0 0 0 0 0 0 0 0 0 0 0 0 0 0 0 0 0 0 0 0 0 0 0 0 0 0 0 0 0 0 0 0 0 0 3 3 3 3 3 3 3 3 3 3 3 3 3 3 3 3 0 0 0 0 0 3 3 3 0 3 3 3 3 3 0 0 3 0 3 3 3 3 3 3 3 3 0 3 3 3 3 3 3 3 0 3 3 3 3 3 3 3 3 3 3 0 0 0 0 0 3 3 3 3 3 3 3 3 3 3 3 3 3 0 0 3 3 3 3 3 3 3 3 3 3 3 3 3 3 3 3 3 3 3 3 3 3 3 3 3 0 0 0 0 0 3 3 0 0 -11.984 0 0 3 0 0 3 3 3 0 3 0 3 3 0 0 3 3 3 0 3 0 0 -2.614 0 0 -1.519 0 -0.151 0 0 0 3 3 3 3 3 3 3 3 3 3 3 3 3 3 3 3 3 3 3 3 3 3 3 3 3 3 3 0 3 3 3 3 -20.898 0 0 0 0 0 0 0 3 0 3 3 0 0 3 3 3 0 3 3 3 3 3 3 3 3 3 3 3 3 3 3 3 3 3 3 3 3 3 3 3 3 3 3 3 3 3 3 3 3 3 3 3 3 3 3 3 3 3 3 3 0 0 0 3 3 0
625,SIPP_2^3,"204,203,0","17,63,0",1,2526.051271999997,7832,5.24053,280.82984,55.76327,111.52654,6 6 7 7 0 0 7 7 7 7 7 7 7 0 0 0 0 0 0 0 0 0 7 7 7 6 6 6 6 6 7 6 6 6 7 7 7 7 7 7 7 7 6 7 7 7 7 7 7 7 7 7 6 7 7 7 7 7 7 7 7 7 7 7 7 7 7 7 7 7 7 7 7 7 7 7 7 6 7 7 6 7 6 6 7 6 7 7 7 7 7 7 7 7 7 7 7 6 7 6 7 7 7 0 0 7 7 7 7 7 6 7 6 6 6 7 6 7 6 7 6 7 7 6 7 6 7 6 7 7 6 7 6 7 7 6 7 7 7 7 7 7 6 6 6 7 7 7 6 6 7 6 7 7 7 7 6 7 7 6 6 6 7 6 7 6 6 6 6 6 6 6 6 6 6 7 7 7 7 7 7 7 7 7 7 7 7 6 7 7 7 6 7 6 6 6 7 6 6 7
625,SIPP_2^4,"204,203,0","17,63,0",1,2416.1630649999975,3797,6.62055,40.02756,7.99588,15.99176,12 12 14 14 0 0 15 15 15 15 15 15 15 0 15 14 14 14 14 14 14 14 14 14 14 14 14 14 14 14 15 15 14 14 15 14 14 14 14 14 14 14 14 14 14 14 14 14 14 14 14 14 14 14 14 14 14 14 14 14 14 14 14 14 14 14 14 14 14 14 14 14 14 14 14 14 13 12 13 13 13 13 13 13 13 13 13 13 13 13 13 13 13 13 13 13 13 13 13 13 13 13 13 13 13 13 13 13 13 13 13 13 13 13 13 12 12 12 13 12 13 13 -0.049 13 13 13 13 13 13 13 13 13 13 13 13 13 14
625,SIPP_2^5,"204,203,0","17,63,0",1,2415.1000579999977,4613,20.47715,36.10884,7.2309,14.46179,24 24 28 28 31 31 31 30 30 30 30 30 28 28 27 27 27 27 27 27 27 27 27 28 28 27 27 27 27 27 27 27 27 27 27 28 27 28 28 28 28 28 28 28 28 28 28 28 28 28 28 28 28 28 28 28 27 26 28 29 28 28 28 27 27 26 27 26 26 27 27 27 27 27 27 27 27 27 -3.829 24 -6.158 24 -7.597 24 -4.134 24 26 -0.555 24 26 26 26 -0.068 26 26 26 26 26 27 26 27 26 26 27
625,SIPP_BigCS,"204,203,8","17,63,6",0,-1,24860,180.05802,0.0,0.0,0.0,
625,SIPP_Standard,"204,203,8","17,63,6",1,2441.0,13519,36.77266,46.03225,7.2487,0.6116,27 90 6 66 54 66 50 69 54 66 54 66 50 69 50 61 61 61 61 61 61 61 61 61 61 93 19 61 61
626,SIPP_2^2,"254,189,0","25,219,0",1,3255.578097,13900,4.56988,240.41631,53.40708,106.81415,3 3 3 3 3 3 3 3 3 3 3 3 0 3 3 0 3 3 3 3 3 3 3 3 0 0 0 3 0 3 3 0 3 3 0 3 3 3 3 3 3 3 3 3 3 3 3 3 3 3 0 0 -319.057 0 -4.686 0 -9.614 1 -48.168 0 -1.072 3 -0.985 3 -0.048 3 -0.201 3 -0.084 3 -0.626 3 -1.037 3 3 3 3 3 3 3 3 3 3 3 3 3 3 3 3 3 3 3 3 3 3 3 3 3 3 3 3 3 3 3 3 3 3 3 3 3 3 3 3 3 3 3 3 3 3 3 3 3 3 3 3 3 3 3 3 3 3 3 3 3 3 3 3 3 3 3 3 3 3 3 3 3 3 3 3 3 3 3 3 3 3 3 3 3 3 3 3 3 3 3 3 3 3 3 3 3 3 3 3 3 3 3 2 3 3 3 2 2 3 3 2 3 3 3 3 3 2 3 3 3 3 3 3 3 3 3 3 3 3 3 3 3 3 3 3 3 3 3 3 3 3 3 3 3 3 3 3 3 3 3 3 3 3 3 3 3 3 3 3 3 3 3 3 3 3 3 3 3 3 3 3 3 3 3 3 3 3 3 3 3 3 2 2 2 2 2 3 2 3 2 2 2 2 2 2 2 2 2 2 2 2 2 2 2 2 2 2 2 2 2 2 2 2 2 2 2 2 3 2 3 2 2 2 3
626,SIPP_2^3,"254,189,0","25,219,0",1,2760.1968109999984,10527,6.58023,234.20375,46.33849,92.67699,6 6 6 6 7 7 6 6 6 6 6 7 6 6 6 6 6 6 6 6 6 7 7 7 6 7 7 7 6 6 7 7 7 6 6 6 6 6 6 7 7 6 7 6 7 7 6 7 7 7 7 7 7 6 7 7 7 7 6 6 6 -6.127 6 -0.093 6 6 6 6 6 6 6 6 6 6 6 6 6 6 6 6 6 6 5 6 5 5 5 5 5 5 5 5 5 5 5 6 5 5 6 5 5 5 6 6 6 6 6 6 6 6 6 6 6 6 6 5 6 6 5 5 4 4 4 4 4 4 4 4 4 4 5 5 5 -6.687 4 -0.029 4 -0.034 4 5 6 5 5 5 5 5 5 5 5 5 5 5 5 5 6 6 5 6 6 6 6 6 5 6 6 6 6 6 6 6 6 6 6 6 6 6 6 6 6 6 6 6 5 6 5 5 6 5 5 6 5 6 5 5 6 5 6 6 6 6 6 6 6 6 6 6 6 6 6 6 6 6 6 6 6 6 6 6 6 6 6 6 6 6 7 7 6 6 6 6 6 6 6 6 6 6 6 7 6 6 6 6 6 6 6 6 7
626,SIPP_2^4,"254,189,0","25,219,0",1,2621.828575999996,7524,12.01784,70.38869,14.03323,28.06646,12 12 12 12 12 12 12 13 13 13 13 13 13 13 13 13 13 13 13 13 13 13 13 13 13 13 13 14 13 14 14 13 13 14 13 13 13 12 12 11 11 11 11 11 12 11 12 12 11 11 11 11 11 10 11 11 11 10 10 11 11 11 12 12 12 12 12 12 12 12 12 12 12 12 12 12 12 11 11 11 11 11 11 11 11 12 11 10 10 10 10 10 10 10 10 10 11 10 11 11 10 9 9 9 9 10 10 10 10 10 10 11 10 11 11 11 10 11 13 13 13 13 13 13 13 13 13 12 12 12 12 12 12 12 12 12 12 12 12 12 12 12 12 12 12 12 12 12 12 12 11 11 11 11 11
626,SIPP_2^5,"254,189,0","25,219,0",1,2615.168267,9204,37.32367,66.20365,13.14676,26.29352,24 24 25 25 24 25 25 25 25 25 25 25 25 25 25 25 25 24 24 24 24 24 25 25 25 24 24 25 25 24 24 24 24 23 23 23 23 23 23 23 24 24 23 23 23 24 24 24 24 24 24 24 -29.109 24 24 24 24 24 23 23 23 23 23 23 23 23 20 20 19 19 19 19 19 19 18 20 22 22 22 23 23 -4.387 20 -3.864 21 22 21 23 24 24 24 24 24 24 24 24 24 24 24 24 24 25 24 24 24 25 25 23 24 24 24 25 25 28 30 30 -3.025 28 -7.502 22 22 18 -0.589 22 -0.420 22
626,SIPP_BigCS,"254,189,3","25,219,4",0,-1,29922,180.17134,0.0,0.0,0.0,
626,SIPP_Standard,"254,189,3","25,219,4",1,2644.133654,47073,102.92891,74.60838,13.7799,1.5639,93 19 69 50 93 23 50 69 -0.399 34 91 7 59 67 55 91 3 7 59 59 75 70 -4.735 51 70 55 59 107 50 93 3 3 11 47
627,SIPP_2^2,"59,222,0","188,40,0",0,-1,0,0.0,0.0,0.0,0.0,
627,SIPP_2^3,"59,222,0","188,40,0",0,-1,0,0.0,0.0,0.0,0.0,
627,SIPP_2^4,"59,222,0","188,40,0",0,-1,0,0.0,0.0,0.0,0.0,
627,SIPP_2^5,"59,222,0","188,40,0",0,-1,0,0.0,0.0,0.0,0.0,
627,SIPP_BigCS,"59,222,0","188,40,0",0,-1,0,0.0,0.0,0.0,0.0,
627,SIPP_Standard,"59,222,1","188,40,2",0,-1,75179,180.00268,0.0,0.0,0.0,
628,SIPP_2^2,"191,237,0","127,30,0",0,-1,0,0.0,0.0,0.0,0.0,
628,SIPP_2^3,"191,237,0","127,30,0",0,-1,0,0.0,0.0,0.0,0.0,
628,SIPP_2^4,"191,237,0","127,30,0",0,-1,0,0.0,0.0,0.0,0.0,
628,SIPP_2^5,"191,237,0","127,30,0",0,-1,0,0.0,0.0,0.0,0.0,
628,SIPP_BigCS,"191,237,0","127,30,0",0,-1,0,0.0,0.0,0.0,0.0,
628,SIPP_Standard,"191,237,14","127,30,9",0,-1,0,2e-05,0.0,0.0,0.0,
629,SIPP_2^2,"52,168,0","244,57,0",0,-1,0,0.0,0.0,0.0,0.0,
629,SIPP_2^3,"52,168,0","244,57,0",0,-1,0,0.0,0.0,0.0,0.0,
629,SIPP_2^4,"52,168,0","244,57,0",0,-1,0,0.0,0.0,0.0,0.0,
629,SIPP_2^5,"52,168,0","244,57,0",0,-1,0,0.0,0.0,0.0,0.0,
629,SIPP_BigCS,"52,168,0","244,57,0",0,-1,0,0.0,0.0,0.0,0.0,
629,SIPP_Standard,"52,168,14","244,57,13",0,-1,0,3e-05,0.0,0.0,0.0,
630,SIPP_2^2,"220,40,0","53,181,0",0,-1,0,0.0,0.0,0.0,0.0,
630,SIPP_2^3,"220,40,0","53,181,0",0,-1,0,0.0,0.0,0.0,0.0,
630,SIPP_2^4,"220,40,0","53,181,0",0,-1,0,0.0,0.0,0.0,0.0,
630,SIPP_2^5,"220,40,0","53,181,0",0,-1,0,0.0,0.0,0.0,0.0,
630,SIPP_BigCS,"220,40,0","53,181,0",0,-1,0,0.0,0.0,0.0,0.0,
630,SIPP_Standard,"220,40,11","53,181,14",0,-1,82930,180.00025,0.0,0.0,0.0,
631,SIPP_2^2,"246,187,0","17,131,0",0,-1,0,0.0,0.0,0.0,0.0,
631,SIPP_2^3,"246,187,0","17,131,0",0,-1,0,0.0,0.0,0.0,0.0,
631,SIPP_2^4,"246,187,0","17,131,0",0,-1,0,0.0,0.0,0.0,0.0,
631,SIPP_2^5,"246,187,0","17,131,0",0,-1,0,0.0,0.0,0.0,0.0,
631,SIPP_BigCS,"246,187,0","17,131,0",0,-1,0,0.0,0.0,0.0,0.0,
631,SIPP_Standard,"246,187,13","17,131,4",0,-1,77653,180.00207,0.0,0.0,0.0,
632,SIPP_2^2,"14,158,0","253,196,0",0,-1,0,0.0,0.0,0.0,0.0,
632,SIPP_2^3,"14,158,0","253,196,0",0,-1,0,0.0,0.0,0.0,0.0,
632,SIPP_2^4,"14,158,0","253,196,0",0,-1,0,0.0,0.0,0.0,0.0,
632,SIPP_2^5,"14,158,0","253,196,0",0,-1,0,0.0,0.0,0.0,0.0,
632,SIPP_BigCS,"14,158,0","253,196,0",0,-1,0,0.0,0.0,0.0,0.0,
632,SIPP_Standard,"14,158,10","253,196,0",0,-1,75470,180.00357,0.0,0.0,0.0,
633,SIPP_2^2,"217,223,0","82,31,0",1,3707.983083,44927,14.77633,452.54834,100.53096,201.06193,3 3 3 3 3 3 3 3 3 3 2 2 3 2 2 2 3 3 2 3 3 2 2 2 3 2 2 3 3 3 3 3 3 3 3 3 3 3 3 3 3 3 3 3 3 3 3 3 3 3 3 3 3 3 0 0 0 3 0 3 3 3 3 3 3 0 0 0 0 3 3 3 0 0 3 0 3 0 0 3 3 3 3 3 3 3 3 3 3 3 3 3 3 3 3 3 3 3 3 3 3 3 3 3 0 0 0 0 0 0 0 0 0 3 0 0 0 0 0 0 0 0 0 0 0 0 0 0 0 0 0 0 0 0 0 0 0 0 0 3 0 0 3 0 3 3 0 0 0 0 0 0 0 0 0 0 0 0 0 0 0 0 0 0 0 0 0 0 0 0 0 0 0 0 0 0 0 0 0 0 0 0 3 0 0 0 0 3 0 0 0 0 0 0 0 0 0 0 3 0 0 0 0 0 0 0 0 0 0 0 0 0 0 0 0 0 0 0 0 0 0 0 0 0 0 0 0 0 0 0 0 0 1 1 0 0 0 0 3 3 3 3 3 3 3 3 3 3 3 3 3 3 3 3 3 3 3 3 3 3 3 3 3 3 3 3 3 3 3 3 3 3 3 3 3 3 3 0 0 0 0 0 0 0 1 1 1 0 0 0 0 0 0 1 0 1 0 0 0 0 1 0 0 0 0 0 0 1 0 0 0 -0.578 0 -1.142 0 0 0 0 0 0 0 0 3 3 0 0 0 0 0 0 0 0 0 0 0 0 0 0 0 0 0 0 0 3 0 0 3 3 3 0 0 0 3 0 0 0 0 3 0 3 -0.043 3 -13.228 0 -2.352 3 -16.751 3 -3.889 3 3 3 3 3
633,SIPP_2^3,"217,223,0","82,31,0",1,2674.040985,11778,7.56268,195.57213,38.48451,76.96902,6 6 6 6 6 6 6 7 7 7 7 6 7 7 0 0 0 0 0 0 7 0 0 0 0 0 0 0 7 7 7 0 0 7 0 0 0 0 0 0 0 7 7 7 7 7 7 0 0 7 7 0 0 0 7 7 7 0 7 7 0 6 6 6 6 6 6 6 7 7 7 7 7 7 7 7 7 7 7 7 7 7 7 7 6 6 7 6 6 6 7 6 7 7 7 7 7 6 6 6 7 7 6 7 7 7 6 6 7 7 7 7 7 7 7 7 -1.414 7 6 7 7 7 7 7 7 7 7 7 7 7 7 7 7 7 7 7 7 7 7 7 7 7 7 7 7 7 7 7 7 7 7 7 7 7 7 7 7 0 0 0 0 0 7 0 0 0 0 0 0 7 7 0 0 0 0 0 0 0 0 0 0 7 0 0 0 0 0 0 0 7 0 0 0 0 0 0 0 0 0 0 0 0 0 0 0 0 0 7 7 7 7 7 7 -2.365 0 0 -2.201 0 0 1 1 0 1
633,SIPP_2^4,"217,223,0","82,31,0",1,2557.782326,8966,15.11743,115.12172,22.71056,45.42113,12 12 12 12 12 12 12 14 14 14 13 14 14 0 0 0 0 0 0 0 0 0 0 15 15 15 0 0 15 0 15 15 0 0 14 15 15 14 15 15 14 14 15 14 14 14 14 14 13 12 15 15 15 15 15 15 15 15 15 15 15 15 15 15 15 15 15 14 14 15 14 0 0 0 0 0 0 14 13 13 14 14 14 14 14 14 14 14 14 14 14 13 14 14 14 14 14 14 14 14 14 14 14 14 14 14 14 14 13 14 14 14 14 14 14 14 14 14 14 13 14 14 14 14 14 14 13 13 14 14 0 0 15 15 0 15 15 15 15 0 0 0 0 0 0 -0.531 15 14 14 14 14 14 14 15 14 14 15 -44.808 0 -6.470 0 -2.134 2 -2.014 15 -0.279 0
633,SIPP_2^5,"217,223,0","82,31,0",1,2557.782326,9941,40.99759,51.71327,10.32536,20.65072,24 24 24 24 24 24 25 28 28 28 28 28 0 0 0 0 31 31 0 31 31 31 31 31 31 30 30 30 28 28 28 28 28 28 28 28 28 26 28 29 31 31 30 30 30 30 30 30 30 30 30 30 30 30 30 30 31 0 0 0 0 31 28 27 27 27 27 27 27 28 28 28 28 28 28 28 28 28 28 28 28 28 28 28 28 28 28 28 28 28 28 28 28 28 28 28 28 28 28 28 28 28 28 28 28 28 27 28 31 0 0 0 0 0 31 31 31 0 31 30 28 28 28 28 28 28 28 28 28 28 27 -63.193 0 -8.709 1 -0.599 0
633,SIPP_BigCS,"217,223,6","82,31,3",0,-1,30697,180.26812,0.0,0.0,0.0,
633,SIPP_Standard,"217,223,6","82,31,3",1,2991.00001,66971,153.37471,77.65436,13.9348,1.7437,78 59 -29.834 99 -10.472 85 26 81 2 6 90 -0.281 6 82 3 3 19 61 69 54 58 58 58 58 66 46 2 2 6 58 66 30 -0.803 54 66 46 2 14 -11.611 69
634,SIPP_2^2,"9,73,0","230,81,0",0,-1,0,0.0,0.0,0.0,0.0,
634,SIPP_2^3,"9,73,0","230,81,0",0,-1,0,0.0,0.0,0.0,0.0,
634,SIPP_2^4,"9,73,0","230,81,0",0,-1,0,0.0,0.0,0.0,0.0,
634,SIPP_2^5,"9,73,0","230,81,0",0,-1,0,0.0,0.0,0.0,0.0,
634,SIPP_BigCS,"9,73,0","230,81,0",0,-1,0,0.0,0.0,0.0,0.0,
634,SIPP_Standard,"9,73,12","230,81,15",0,-1,74446,180.00068,0.0,0.0,0.0,
635,SIPP_2^2,"180,38,0","62,224,0",1,3675.520309,51779,17.3562,537.40115,119.38052,238.76104,0 0 0 0 0 0 3 3 3 3 0 0 0 3 3 0 3 -9.720 3 -1.255 3 -1.750 3 3 3 3 3 3 3 3 3 3 3 3 3 3 3 3 3 3 2 3 2 2 3 3 2 2 3 2 3 3 3 -3.018 3 3 3 3 3 3 0 3 0 3 3 0 3 3 3 3 0 3 3 3 -6.895 3 3 3 2 2 3 3 3 3 2 3 3 3 2 2 3 3 3 3 3 3 3 3 3 3 3 3 3 2 2 2 2 3 3 3 2 2 2 3 3 2 3 3 3 3 3 3 3 3 3 2 2 2 2 2 3 2 3 2 2 2 2 2 3 3 2 2 2 3 2 2 2 2 2 2 2 2 2 2 2 2 2 2 2 2 2 2 2 2 2 2 2 2 2 2 2 2 2 2 2 2 2 2 2 2 2 2 2 2 2 2 2 2 2 2 2 2 2 2 2 2 3 2 2 2 2 2 2 2 2 2 2 2 2 2 2 2 2 2 2 2 2 2 2 2 2 2 2 2 3 2 3 3 2 2 -19.392 2 -0.011 2 -0.053 2 2 2 2 2 2 2 2 2 2 2 2 2 1 1 2 2 2 2 2 2 2 2 2 2 2 2 2 2 2 2 2 2 1 1 2 2 1 2 2 2 2 2 1 2 2 2 2 2 2 1 1 1 1 1 1 1 2 2 2 2 2 2 2 2 2 2 2 2 2 2 2 2 1 2 1 2 2 -13.426 2 2 2 2 2 2 3 3 2 2 2 2 3 3 2 2 2 2 3 2 2 3 3 3 3 3 3 3 3 3 3 3 3 3 2 3 3 2 3 2 3 3 3 3 3 3 3 3 3 3 3 3 3 3 3 3 2
635,SIPP_2^3,"180,38,0","62,224,0",1,2957.4856790000003,19874,12.94073,236.17806,46.33849,92.67699,3 3 3 3 3 3 3 3 3 3 3 3 4 4 4 4 3 4 4 3 3 4 4 4 4 3 4 4 3 4 4 4 4 4 4 4 4 4 4 4 4 4 4 3 3 4 4 4 3 4 3 3 3 3 4 3 4 -0.430 4 -103.149 6 6 5 -2.678 5 5 5 5 5 5 4 4 4 4 4 4 5 5 5 5 5 5 5 5 5 5 5 5 5 5 5 5 5 5 5 5 5 5 5 5 5 4 5 5 5 5 4 5 5 6 -7.051 6 6 -2.342 6 6 6 6 6 7 -2.360 6 -0.033 6 -0.117 6 5 4 -1.368 5 5 5 5 5 5 5 5 5 5 5 5 5 5 5 5 5 5 5 5 5 5 5 5 5 5 5 5 5 5 5 5 4 4 4 4 5 5 5 5 5 5 5 5 5 4 4 4 5 4 5 5 4 5 5 5 5 5 5 5 4 5 5 4 5 5 5 4 4 5 5 4 5 4 5 5 5 6 6 5 5 5 6 6 6 5 5 5 6 6 6 6 6 6 -2.137 6 -1.597 6 7 7 7 6 6 6 6 6 -8.052 6 -2.841 4
635,SIPP_2^4,"180,38,0","62,224,0",1,2795.5212319999996,11314,18.61135,116.51356,22.3129,44.6258,6 6 6 6 6 6 6 6 6 6 6 6 7 7 7 7 8 8 8 8 8 8 8 7 8 8 8 7 8 8 7 8 8 8 8 8 8 7 8 8 8 8 8 8 8 8 8 7 7 8 8 9 9 9 10 10 10 9 9 9 9 9 10 10 10 10 10 10 10 10 10 10 10 10 10 10 10 10 -100.177 8 -9.930 8 -0.012 12 -0.012 8 -0.012 8 -0.012 12 -0.012 8 10 9 10 11 11 11 11 11 10 10 10 10 10 10 10 10 10 11 11 11 11 11 11 10 10 10 10 10 10 10 10 10 10 10 10 10 10 10 10 10 10 10 10 10 10 10 10 10 9 9 10 10 10 10 10 10 10 10 10 10 10 10 10 10 9 10 10 10 10 10 10 9 10 10 10 10 10 12 12 11 11 11 -10.372 12 -4.347 14 -0.988 13 12 12 12 12 12 12 12 11 11
635,SIPP_2^5,"180,38,0","62,224,0",1,2794.3651330000002,12480,50.75675,102.17401,21.11855,42.23709,12 12 12 12 12 12 12 12 12 12 12 12 15 15 16 16 16 16 16 16 16 16 15 15 16 16 16 16 16 16 16 16 16 17 16 16 16 16 16 17 16 16 16 16 17 17 16 16 16 16 16 16 15 16 -1.024 16 -0.178 16 -0.288 16 -1.169 16 17 20 20 20 20 20 20 20 20 20 20 20 19 20 20 20 -11.128 24 -117.310 16 -9.930 16 -0.012 16 -0.012 24 -0.012 16 -0.012 24 17 20 20 20 20 20 21 20 20 20 20 20 20 20 20 20 20 20 20 21 21 21 21 20 20 21 21 21 21 21 20 21 20 19 20 20 20 20 20 20 20 20 20 20 20 20 20 20 20 20 20 20 20 20 20 20 19 20 19 19 20 20 22 22 22 23 -6.209 0 -4.347 28 -1.307 25 24 24 24 24 24 23 22
635,SIPP_BigCS,"180,38,13","62,224,3",0,-1,32554,180.1305,0.0,0.0,0.0,
635,SIPP_Standard,"180,38,13","62,224,3",1,2806.361442,36833,79.37022,63.04584,11.8628,1.3137,28 28 44 4 88 0 4 88 20 51 94 20 47 11 -66.519 51 -3.348 78 67 31 31 55 59 67 31 31 51 70 31 51 62 86 3 -5.671 3 -9.823 7
636,SIPP_2^2,"202,8,0","146,231,0",1,3078.13547,20072,7.25977,459.61941,102.10176,204.20352,2 2 3 2 3 2 2 2 2 2 2 2 2 3 3 3 2 2 3 2 2 2 2 2 2 2 2 2 2 2 2 2 2 2 2 2 2 2 2 2 2 2 2 2 2 2 1 2 2 2 2 1 2 3 2 2 2 2 2 2 2 2 2 2 2 2 2 2 2 2 2 3 2 2 2 3 2 2 2 2 2 2 2 2 2 2 2 2 2 3 2 2 2 2 2 2 2 2 2 2 2 2 1 2 2 2 2 2 1 2 2 2 2 2 2 2 2 2 2 2 2 2 2 2 2 2 2 2 2 1 1 1 2 2 2 3 3 3 3 2 3 3 3 3 3 2 3 2 2 2 2 2 2 2 2 2 2 2 2 2 2 3 2 3 3 3 2 2 -4.597 2 2 -1.519 2 -0.151 2 -0.060 2 -0.420 2 -1.387 2 2 2 2 2 2 2 2 2 2 1 2 2 2 2 2 1 1 2 2 2 1 2 1 2 2 2 2 2 1 2 2 2 2 1 2 2 2 2 2 2 2 2 2 2 2 2 2 2 2 2 2 2 2 2 2 2 2 2 2 2 2 2 2 2 2 2 2 2 2 2 2 2 2 2 2 2 2 3 3 3 2 3 3 3 3 3 3 3 3 3 3 3 3 3 3 3 3 2 3 3 3 3 2 3 3 3 3 3 3 3 2 2 3 3 3 3 2 3 3 3 2 3 2 3 3 3 3 3 3 3 2 3
636,SIPP_2^3,"202,8,0","146,231,0",1,2613.6095609999957,8996,5.5081,114.97138,22.77655,45.5531,4 4 5 5 4 4 4 5 5 5 4 4 5 4 4 4 4 4 4 4 4 4 4 4 4 4 4 4 4 4 4 4 4 4 4 3 4 4 4 4 4 4 4 4 4 4 4 4 4 4 5 5 5 5 5 4 4 4 4 4 4 4 4 4 4 -17.361 4 -10.025 4 4 4 4 4 4 4 4 4 4 3 4 4 4 4 4 4 4 4 4 4 4 4 4 4 3 3 3 5 5 5 5 5 5 5 5 5 5 5 5 5 5 5 5 5 5 5 5 5 5 5 5 5 5 5 5 5 5 5 5 5 5 5 5 5 5 5 5 5 5 5 5 5 5 5 5 5 5 5 5 5 5 5 5 5 5 4 4 4 4 4 4 4 4 4 4 4 4 4 4 5 4 4 4 4 4 4 5 4 4 4 4 4 4 4 4 4 4 4 4 4 4 4 4 4 4 4 3 3 3 3 4 4 4 4 4 4 4 4 4 4 3 4 4 3 3 3 4 4 4 4 4 3 4 4 4 3
636,SIPP_2^4,"202,8,0","146,231,0",1,2558.384424999995,7301,11.71296,86.44508,17.12694,34.25387,9 9 9 9 9 8 8 9 8 8 8 8 8 8 8 8 8 8 8 8 8 8 8 8 8 8 8 8 8 8 8 8 8 8 8 8 8 8 8 8 8 7 8 -0.917 9 8 9 8 9 8 8 9 9 -7.773 8 -30.049 8 -10.025 8 8 8 8 7 8 8 8 8 8 8 8 8 8 8 8 8 8 8 8 8 8 8 8 6 6 7 10 10 10 10 10 10 10 10 10 10 10 10 10 10 10 10 10 10 10 10 10 10 10 10 10 10 10 10 10 10 10 10 10 10 10 10 9 9 9 9 10 9 9 9 9 9 9 9 10 9 9 9 9 9 9 9 10 10 10 9 8 8 8 8 8 8 8 8 8 8 8 8 8 8 8 8 8 8 8 7 7 8 8 8 7 7 7 7 8 7 8 8 7 8 8 7 8 8 7
636,SIPP_2^5,"202,8,0","146,231,0",1,2544.0943460000008,6879,27.71243,42.83897,8.57758,17.15516,18 17 17 17 17 16 17 16 16 16 16 16 16 16 16 16 15 16 16 16 16 16 16 16 16 16 16 16 16 16 16 16 16 16 16 16 -5.148 17 17 17 17 17 -11.658 16 -30.049 16 -10.025 16 16 16 15 16 16 16 16 16 16 16 16 16 16 16 16 16 16 16 16 16 16 15 12 12 20 20 20 20 20 20 20 20 20 20 20 20 20 20 20 20 19 19 20 20 20 20 19 19 19 20 20 20 20 20 20 20 20 20 19 19 19 19 18 18 18 18 18 18 18 -0.223 19 19 20 17 16 16 16 16 16 16 16 16 16 16 16 16 16 16 16 16 16 15 15 15 15 15 15 15 15 15 16 15
636,SIPP_BigCS,"202,8,14","146,231,3",0,-1,30774,180.11336,0.0,0.0,0.0,
636,SIPP_Standard,"202,8,14","146,231,3",1,2571.0,30004,65.04249,64.64159,11.6776,1.4882,39 20 51 102 64 52 104 51 94 0 0 4 96 70 31 55 67 31 31 51 62 62 62 62 94 0 0 8 44 4 56
637,SIPP_2^2,"31,34,0","204,210,0",1,3490.0,45459,15.65235,579.82756,128.8053,257.6106,1 1 1 1 1 1 1 1 1 1 1 1 1 1 1 1 1 1 1 1 1 1 1 1 1 1 1 1 1 1 1 1 1 1 1 1 1 1 1 1 2 2 1 2 1 2 2 1 2 2 2 2 2 1 1 2 2 2 2 2 2 2 2 1 2 2 2 2 2 2 2 2 2 2 2 2 2 2 1 2 2 1 1 1 1 1 1 1 1 1 1 1 1 1 1 1 1 1 1 1 1 1 1 1 1 1 1 1 1 1 1 1 2 1 2 1 1 2 2 1 2 2 1 1 2 1 1 2 1 1 2 1 2 1 1 1 1 1 1 2 2 2 2 2 2 2 2 2 2 2 1 1 1 1 1 1 1 1 2 2 2 2 2 2 2 1 2 1 1 1 1 1 1 1 1 1 1 1 1 1 1 1 1 1 1 1 1 1 1 1 2 2 1 1 2 1 1 2 2 2 2 2 1 1 2 2 2 1 2 2 2 2 2 2 2 2 2 2 2 2 2 1 2 2 2 2 2 2 1 2 1 2 2 1 2 2 2 2 2 1 2 2 2 2 2 2 2 1 2 2 2 2 1 1 2 2 2 2 1 2 2 2 2 2 1 2 2 2 2 2 2 1 1 2 1 1 1 1 1 1 2 2 2 2 2 2 2 1 1 1 1 2 1 1 1 1 1 1 2 2 2 2 2 2 2 2 2 2 2 2 2 2 2 2 2 2 2 1 1 2 1 2 2 2 2 2 2 2 2 2 1 1 2 2 1 1 2 2 2 2 2 2 2 2 1 1 1 2 1
637,SIPP_2^3,"31,34,0","204,210,0",1,2582.0310799999957,6839,4.56852,141.8796,28.27434,56.54867,3 2 2 3 2 3 3 3 3 3 3 3 3 3 3 2 2 3 4 3 3 3 4 4 4 3 4 3 3 2 3 3 3 3 3 3 3 3 3 3 3 3 3 3 3 3 3 3 3 3 3 3 3 3 3 3 3 3 3 3 3 3 3 3 2 3 3 3 3 3 3 3 3 3 3 3 3 3 3 3 3 3 2 2 2 2 3 3 3 3 3 3 3 3 3 3 3 3 3 3 3 2 2 3 3 3 3 3 3 3 3 3 3 3 3 3 3 3 3 3 3 3 3 3 3 3 3 3 3 3 3 3 3 3 3 3 3 3 3 3 3 3 3 3 3 2 3 3 2 3 2 2 2 3 3 3 3 3 3 3 3 3 3 3 3 3 4 4 4 4 4 4 4 4 4 3 4 4 3 3 3 4 4 4 3 3 3 4 3 3 3 3 4 3
637,SIPP_2^4,"31,34,0","204,210,0",1,2525.5379839999937,5135,9.15339,59.57139,11.89484,23.78969,4 4 5 5 6 6 6 6 6 6 6 6 6 6 6 6 7 7 7 7 6 6 5 6 6 6 6 6 6 6 6 6 6 6 6 6 6 6 6 6 6 6 6 6 5 6 6 6 6 6 6 6 6 6 6 6 6 6 6 6 6 6 6 6 6 6 6 5 6 5 6 5 6 5 5 5 5 6 6 6 6 6 6 6 6 6 6 6 6 6 6 6 6 6 6 6 7 6 7 6 6 6 6 6 6 6 6 6 6 6 6 6 6 6 6 6 6 6 6 6 6 6 6 6 6 6 6 6 6 6 6 6 6 5 5 5 5 5 6 6 5 6 6 6 7 8 7 7 7 7 7 7 8 7 8 7 7 7 8 7
637,SIPP_2^5,"31,34,0","204,210,0",1,2513.8242569999957,4350,19.92022,31.71247,6.33501,12.67002,9 8 -0.027 10 12 12 12 12 12 12 12 12 12 12 12 13 14 14 14 12 12 11 12 12 12 12 12 12 12 12 12 12 11 12 12 12 11 11 12 12 12 12 12 12 12 12 12 12 12 12 12 12 12 12 12 12 12 12 12 12 12 11 11 12 11 11 11 12 12 12 12 12 12 12 12 12 12 12 12 12 13 12 12 12 13 12 12 11 11 12 12 12 12 12 12 12 12 12 12 12 12 12 12 12 12 12 12 12 12 12 12 12 12 12 12 12 12 12 12 11 11 11 11 12 12 12 14 14 14 14 15 14 14 15 15 14 14 15
637,SIPP_BigCS,"31,34,2","204,210,7",0,-1,22764,180.17998,0.0,0.0,0.0,
637,SIPP_Standard,"31,34,2","204,210,7",1,2620.365142,43509,113.84125,62.47279,11.3045,1.138,5 105 -1.365 48 71 28 52 56 64 52 64 52 56 56 64 52 64 52 80 21 48 63 71 48 71 28 28 48 79 56 88 8 52
638,SIPP_2^2,"218,15,0","57,147,0",0,-1,0,0.0,0.0,0.0,0.0,
638,SIPP_2^3,"218,15,0","57,147,0",0,-1,0,0.0,0.0,0.0,0.0,
638,SIPP_2^4,"218,15,0","57,147,0",0,-1,0,0.0,0.0,0.0,0.0,
638,SIPP_2^5,"218,15,0","57,147,0",0,-1,0,0.0,0.0,0.0,0.0,
638,SIPP_BigCS,"218,15,0","57,147,0",0,-1,0,0.0,0.0,0.0,0.0,
638,SIPP_Standard,"218,15,2","57,147,2",0,-1,89131,180.00085,0.0,0.0,0.0,
639,SIPP_2^2,"2,192,0","249,182,0",0,-1,0,0.0,0.0,0.0,0.0,
639,SIPP_2^3,"2,192,0","249,182,0",0,-1,0,0.0,0.0,0.0,0.0,
639,SIPP_2^4,"2,192,0","249,182,0",0,-1,0,0.0,0.0,0.0,0.0,
639,SIPP_2^5,"2,192,0","249,182,0",0,-1,0,0.0,0.0,0.0,0.0,
639,SIPP_BigCS,"2,192,0","249,182,0",0,-1,0,0.0,0.0,0.0,0.0,
639,SIPP_Standard,"2,192,1","249,182,14",0,-1,77312,180.00195,0.0,0.0,0.0,
640,SIPP_2^2,"248,11,0","85,159,0",1,3263.2671490000002,28563,9.4789,551.54329,122.52211,245.04423,2 2 2 2 2 3 2 2 2 2 2 3 2 2 3 3 2 3 2 3 3 3 3 3 3 3 3 3 3 3 3 3 3 3 3 3 3 3 3 3 2 2 2 3 2 2 2 2 2 2 2 2 2 2 2 2 2 2 2 2 2 2 2 2 2 2 2 2 2 2 2 2 2 2 2 2 2 2 2 2 2 2 2 2 2 2 2 2 2 2 2 2 3 2 3 3 2 3 3 3 3 3 3 3 3 3 3 3 3 2 3 3 3 3 3 2 2 2 2 2 2 2 2 2 2 2 2 2 2 2 2 2 2 2 2 2 2 2 2 2 3 3 3 2 2 3 3 2 3 2 3 2 3 3 3 3 3 3 3 3 3 3 3 3 3 3 3 2 3 3 3 3 3 3 3 3 3 3 3 3 3 2 2 3 3 2 3 2 3 3 3 3 3 3 2 3 3 2 3 3 2 2 3 3 2 3 3 2 3 2 3 3 2 3 3 3 3 3 3 3 3 3 3 3 3 3 3 3 3 3 3 3 3 3 2 3 3 2 2 3 2 2 2 2 3 2 2 3 3 2 2 3 3 3 2 3 2 3 3 3 2 3 2 2 2 2 2 2 3 3 3 2 2 3 2 2 2 2 2 2 2 3 3 -13.705 3 -12.273 3 -93.187 3 -12.370 3 -1.033 3 -1.137 3 -12.273 3 -1.137 3 -1.137 3 -1.138 3 -1.137 3 -1.072 3 -0.985 3 -0.534 3 -0.151 3 2 3 2 2 2 2 2 2 3 3 3 3 2
640,SIPP_2^3,"248,11,0","85,159,0",1,2652.9628970000003,10203,6.47306,273.70244,54.19247,108.38495,5 4 4 4 4 5 5 4 4 4 4 4 4 5 5 5 5 5 5 4 4 3 3 3 4 4 4 4 4 4 4 4 4 4 4 4 4 4 4 4 4 4 4 5 5 5 5 5 5 5 5 6 5 5 6 5 5 6 6 5 5 5 5 6 5 5 6 5 5 5 5 5 5 6 6 6 6 6 5 6 5 5 4 5 4 4 5 4 5 5 4 4 4 4 4 5 4 4 5 5 5 5 5 5 5 4 5 4 5 5 6 6 6 6 6 6 6 6 6 6 5 6 6 6 6 7 6 6 6 6 6 6 6 6 6 6 6 6 6 5 6 6 6 6 6 5 6 6 5 5 5 6 6 6 6 6 6 6 5 6 6 5 5 5 5 5 5 6 5 5 5 5 4 4 4 4 4 4 4 4 4 5 5 5 5 5 5 6 5 6 6 6 6 6 6 6 6 6 5 5 5 5 5 6 5 5 6 5 5 6 5 6 6 5 5 4 4 4 4 -1.886 4 5 6 6 6 6 6 6
640,SIPP_2^4,"248,11,0","85,159,0",1,2477.455254999996,5058,8.27628,102.03977,20.3824,40.76479,9 9 9 8 8 8 9 8 9 9 9 9 8 8 8 7 7 8 -1.775 8 8 8 -0.601 8 8 8 8 8 8 8 8 8 8 8 8 10 10 10 10 10 10 10 10 10 10 10 10 10 10 10 11 11 11 11 11 10 10 10 -12.746 12 -4.183 12 -2.111 10 -1.521 11 12 12 12 12 10 10 9 9 9 9 9 9 9 9 9 9 9 9 9 10 10 11 12 12 12 12 12 12 12 12 12 12 12 12 12 12 12 12 12 11 12 11 11 12 11 11 12 12 11 11 11 11 11 11 12 11 11 10 10 10 10 10 10 11 10 11 10 10 10 10 10 11 10 10 10 11 10 10 11 11 12 12 12 11 12 11 12 11 11 11 10 10 10 10 10 10 11 10
640,SIPP_2^5,"248,11,0","85,159,0",1,2463.1129429999987,4759,19.11542,62.09559,12.28389,24.56778,17 17 17 17 18 18 18 17 14 14 15 17 -2.820 16 16 16 16 16 16 16 16 16 16 16 16 20 20 21 21 21 21 21 20 20 20 20 20 20 20 20 20 20 20 -14.982 24 -4.183 24 -2.111 20 -1.841 23 24 24 24 20 20 18 18 18 18 18 18 18 18 18 18 18 18 18 20 20 24 24 24 24 24 24 24 24 24 23 24 24 24 24 24 23 24 23 23 22 22 23 22 22 22 22 23 21 21 21 21 21 20 20 20 20 20 20 20 21 21 20 21 23 23 23 23 23 22 20 20 20 20 20 21 20
640,SIPP_BigCS,"248,11,9","85,159,2",0,-1,31951,180.08648,0.0,0.0,0.0,
640,SIPP_Standard,"248,11,9","85,159,2",1,2569.193772,27786,53.23336,70.96477,13.055,1.5488,16 70 35 88 0 16 70 55 59 59 -4.194 91 15 62 94 20 47 3 3 3 7 59 67 55 67 39 20 55 91 3 11 51
641,SIPP_2^2,"52,179,0","199,19,0",0,-1,0,0.0,0.0,0.0,0.0,
641,SIPP_2^3,"52,179,0","199,19,0",0,-1,0,0.0,0.0,0.0,0.0,
641,SIPP_2^4,"52,179,0","199,19,0",0,-1,0,0.0,0.0,0.0,0.0,
641,SIPP_2^5,"52,179,0","199,19,0",0,-1,0,0.0,0.0,0.0,0.0,
641,SIPP_BigCS,"52,179,0","199,19,0",0,-1,0,0.0,0.0,0.0,0.0,
641,SIPP_Standard,"52,179,2","199,19,3",0,-1,0,5e-05,0.0,0.0,0.0,
642,SIPP_2^2,"242,224,0","74,52,0",0,-1,0,0.0,0.0,0.0,0.0,
642,SIPP_2^3,"242,224,0","74,52,0",0,-1,0,0.0,0.0,0.0,0.0,
642,SIPP_2^4,"242,224,0","74,52,0",0,-1,0,0.0,0.0,0.0,0.0,
642,SIPP_2^5,"242,224,0","74,52,0",0,-1,0,0.0,0.0,0.0,0.0,
642,SIPP_BigCS,"242,224,0","74,52,0",0,-1,0,0.0,0.0,0.0,0.0,
642,SIPP_Standard,"242,224,12","74,52,10",0,-1,52,0.04864,0.0,0.0,0.0,
643,SIPP_2^2,"26,18,0","146,225,0",1,3310.0,34448,11.8262,692.96465,153.93804,307.87608,2 2 2 2 2 2 2 2 2 2 2 2 2 2 2 2 2 2 2 2 1 2 1 1 1 2 1 2 2 2 2 1 1 1 1 1 1 1 2 2 2 2 1 1 1 1 2 1 2 1 2 1 2 1 2 1 2 1 2 2 1 2 1 1 2 1 1 1 1 1 1 1 1 1 2 1 1 1 1 1 1 2 2 2 2 1 2 2 2 2 1 1 1 2 2 2 2 2 2 2 2 2 2 2 2 2 2 2 2 1 2 2 1 2 2 2 2 1 2 1 2 2 1 2 2 2 2 2 2 2 2 2 2 2 2 2 2 2 2 2 1 1 1 1 2 1 1 2 2 2 1 2 1 2 1 2 2 2 2 1 2 2 2 2 2 2 2 2 2 1 2 2 2 2 2 2 1 1 2 2 2 1 1 2 1 1 2 1 2 1 1 1 1 2 1 2 1 1 2 2 2 2 2 2 2 1 2 1 1 1 2 2 2 2 2 2 2 2 2 2 2 2 2 2 2 2 2 2 2 2 2 2 2 2 2 2 2 2 2 2 2 2 2 2 2 2 2 2 2 2 2 2 2 2 2 2 2 2 2 2 2 1 2 1 1 2 1 1 1 1 1 2 1 1 1 1 1 1 1 1 2 1 1 1 1 1 1 1 2 1 2 2 2 2 1 1 1 2 1 1 1 0 1 0 1 1 1 1 1 1 1 1 1 1 2 2 1 2 2 2 2 2 2 2 2 2 2 2 2 2 2
643,SIPP_2^3,"26,18,0","146,225,0",1,2608.6086219999984,10845,7.12955,162.41889,32.20133,64.40265,4 4 4 3 3 4 4 3 4 3 3 3 3 4 3 3 3 3 3 3 3 3 3 3 3 3 3 3 4 3 3 3 3 3 3 3 3 2 3 3 2 3 3 3 2 3 3 3 3 3 3 3 3 3 3 3 3 3 3 3 3 3 3 3 3 3 3 3 3 3 3 3 3 3 3 3 3 3 3 3 3 3 3 2 2 -2.587 4 -2.111 3 3 3 4 4 4 4 4 4 4 4 4 4 4 4 4 4 4 3 3 4 4 4 4 4 4 4 4 4 4 4 4 4 4 4 4 4 4 4 4 4 4 4 4 4 4 3 3 4 3 4 4 3 4 3 4 4 4 4 4 4 4 4 4 4 4 4 4 4 4 4 4 4 4 4 4 4 4 4 3 4 3 3 3 3 3 3 -5.302 4 -2.262 4 3 3 3 3 3 3 3 3 3 3 3 3 3 3 3 3 3 3 3 3 3 3 3 4 4 4 4 4 3 4 4 4 4 4 3 4 3
643,SIPP_2^4,"26,18,0","146,225,0",1,2466.9475900000007,5818,9.94977,73.39048,14.53483,29.06966,6 6 6 6 6 6 7 7 7 7 6 6 6 7 6 6 7 6 6 6 7 6 6 7 6 6 6 6 6 6 6 5 6 6 7 6 7 7 7 7 7 7 7 7 7 7 7 7 7 7 7 7 7 7 7 7 7 7 7 7 6 6 7 7 7 6 6 6 6 6 6 8 7 8 8 8 8 8 7 8 8 8 8 7 7 8 7 6 7 7 7 7 7 7 7 7 7 7 7 7 7 7 7 7 7 6 6 6 6 6 6 8 8 8 8 7 7 7 7 7 8 7 7 7 7 7 7 7 7 7 7 7 -5.154 4 -12.555 5
643,SIPP_2^5,"26,18,0","146,225,0",1,2466.9475900000007,6569,28.5976,25.46102,5.13102,10.26205,12 12 12 12 12 12 12 12 13 13 13 13 13 13 13 13 12 12 12 12 12 12 12 12 12 12 12 12 12 15 15 15 15 15 15 14 15 15 14 14 15 15 14 14 15 14 15 14 14 14 14 14 14 14 14 14 13 13 13 13 13 13 13 13 13 13 13 14 14 14 14 14 14 14 13 13 14 14 14 14 14 12 12 12 12 13 15 15 15 15 15 15 15 14 14 -25.965 8 -12.555 10
643,SIPP_BigCS,"26,18,12","146,225,4",0,-1,24925,180.11151,0.0,0.0,0.0,
643,SIPP_Standard,"26,18,12","146,225,4",1,2466.8895840000005,22131,55.84248,44.64656,7.3048,0.7622,52 56 64 28 28 28 28 44 4 56 56 56 56 56 88 8 28 52 56 56 64 52 64 44 8 52 56 56 -26.890 72
644,SIPP_2^2,"252,173,0","19,213,0",1,2829.945714,10360,3.51062,233.34524,51.83628,103.67256,3 3 3 3 3 3 3 3 3 3 0 0 3 0 3 3 3 3 3 3 3 3 3 3 3 3 3 3 3 3 3 3 3 3 3 3 3 3 3 3 3 3 3 3 3 3 3 3 3 3 3 3 3 3 3 3 3 3 3 3 3 3 3 3 3 3 3 3 3 3 3 3 3 3 3 3 3 3 3 3 3 3 3 3 3 3 3 3 3 3 3 3 2 3 3 3 3 3 2 3 3 3 3 3 3 3 3 3 2 2 2 2 2 2 3 2 -16.169 3 3 -2.853 3 3 3 3 3 3 3 3 3 3 3 3 3 3 3 3 3 3 3 3 3 3 3 3 3 3 3 3 3 3 3 3 3 3 3 3 0 3 -0.861 3 -0.062 3 3 3 3 3 3 3 3 3 3 3 3 3 3 3 3 3 3 3 3 3 3 3 3 3 3 3 3 3 3 3 3 3 3 3 3 3 3 3 3 3 3 3 3 3 3 3 3 3 3 3 3 3 3 3 3 3 3 3 3 3 3 3 3 3 3 3 3 3 3 3 3 3 3 3 2 2 2 3 3 2 2 3 2 3 3 3 3 2 2 2 3 2 2 3 2 2 2 2 2 3 3 2 2 2 2 2 2 2 2 2 2 2 2 2 2 3 2 3 2 2 2 3 2
644,SIPP_2^3,"252,173,0","19,213,0",1,2686.147082999998,10322,6.40216,183.44376,36.12832,72.25663,7 6 6 6 7 6 6 6 6 6 6 7 6 6 6 6 6 6 6 6 6 6 6 6 6 6 6 6 6 6 6 6 6 6 6 6 6 6 6 6 6 6 6 6 6 6 6 6 6 6 6 6 6 6 6 6 6 6 6 6 6 6 6 6 6 6 6 6 5 6 6 5 6 6 6 6 6 6 6 6 6 6 6 6 6 6 6 6 6 5 6 6 6 6 6 6 6 6 5 5 5 6 6 5 5 5 5 6 -42.321 6 6 6 6 6 6 5 5 5 5 6 6 6 6 6 5 5 5 5 6 6 6 6 6 6 6 6 6 6 5 5 5 5 5 5 5 5 5 5 5 6 6 5 6 6 -0.951 6 -4.347 5 5 4 4 4 4 5 4 5 5 4 5 5 5 5 5 5 5 5 5 5 5 5 6 6 6 6 6 6 6 6 6 6 6 6 6 6 7 6 6 6 6 6 6 6 7 6 6 6 6 7 6 6 7 7 6 6 7 6 7 7 6 6 6 6 6 6 7 6 6 6 6 6 6 6 6 6 6 6 6 6 6 6 6 7
644,SIPP_2^4,"252,173,0","19,213,0",1,2662.9195179999956,11304,18.27024,75.43202,15.01658,30.03315,12 13 13 12 12 12 12 12 13 12 12 12 12 12 12 12 12 12 12 12 12 12 12 12 12 12 12 12 12 12 12 12 12 12 12 12 12 12 12 12 12 12 12 12 12 12 12 12 12 12 12 12 12 12 12 11 12 12 12 12 12 12 12 12 12 12 12 11 11 11 11 11 11 11 12 12 12 12 12 12 12 12 12 12 12 11 12 12 12 12 12 12 12 12 11 -65.480 12 12 12 12 12 12 12 12 12 12 12 12 12 12 12 13 12 12 12 12 13 13 12 12 13 12 12 13 12 12 12 12 -0.940 12 -0.869 12 12 12 12 12 12 12 12 12 12 12 12 12 12 12 12 12 12 12 12 12 12 12 12 12 12 12 12 12 12 12 12 12 12 12 12 12 12 12 12 12 12 12 12 12 12 12 12 12 12 12 12 12 12 12 11 11 11 11 11 12 11 11 11 12 11 10 10 9 9 9 9 9 9 9 8 8 8 9 8 9 8 8 8 9
644,SIPP_2^5,"252,173,0","19,213,0",1,2642.279399000001,10996,45.37104,25.53258,5.0721,10.14419,25 25 25 24 24 24 24 24 24 24 24 24 24 24 24 24 24 24 24 24 24 24 24 24 24 24 24 24 24 24 24 24 24 24 24 24 24 24 24 24 24 24 24 24 24 24 24 24 24 24 24 24 24 24 24 24 24 24 24 24 24 24 24 24 24 25 25 25 25 25 25 25 25 25 25 25 25 25 24 23 23 22 22 22 22 22 22 22 23 23 23 23 23 23 23 23 23 23 23 23 23 23 23 23 23 23 23 25 25 25 24 24 24 24 24 24 24 24 24 25 24 24 24 24 24 24 24 24 24 24 24 23 18 17 -0.632 17 17 17 17 17 17 17 16 16 17
644,SIPP_BigCS,"252,173,10","19,213,1",0,-1,28692,180.2813,0.0,0.0,0.0,
644,SIPP_Standard,"252,173,10","19,213,1",1,2672.5684630000005,77237,177.40706,73.90177,14.0637,1.9701,38 3 3 3 3 3 3 3 7 107 34 67 55 91 -31.151 3 11 47 11 55 59 -5.217 83 20 31 55 99 93 23 38 -15.682 3 3 -1.519 3 19
645,SIPP_2^2,"53,66,0","237,216,0",0,-1,0,0.0,0.0,0.0,0.0,
645,SIPP_2^3,"53,66,0","237,216,0",0,-1,0,0.0,0.0,0.0,0.0,
645,SIPP_2^4,"53,66,0","237,216,0",0,-1,0,0.0,0.0,0.0,0.0,
645,SIPP_2^5,"53,66,0","237,216,0",0,-1,0,0.0,0.0,0.0,0.0,
645,SIPP_BigCS,"53,66,0","237,216,0",0,-1,0,0.0,0.0,0.0,0.0,
645,SIPP_Standard,"53,66,12","237,216,2",0,-1,65219,180.00052,0.0,0.0,0.0,
646,SIPP_2^2,"251,205,0","129,22,0",0,-1,0,0.0,0.0,0.0,0.0,
646,SIPP_2^3,"251,205,0","129,22,0",0,-1,0,0.0,0.0,0.0,0.0,
646,SIPP_2^4,"251,205,0","129,22,0",0,-1,0,0.0,0.0,0.0,0.0,
646,SIPP_2^5,"251,205,0","129,22,0",0,-1,0,0.0,0.0,0.0,0.0,
646,SIPP_BigCS,"251,205,0","129,22,0",0,-1,0,0.0,0.0,0.0,0.0,
646,SIPP_Standard,"251,205,9","129,22,4",0,-1,0,4e-05,0.0,0.0,0.0,
647,SIPP_2^2,"233,37,0","108,237,0",0,-1,0,0.0,0.0,0.0,0.0,
647,SIPP_2^3,"233,37,0","108,237,0",0,-1,0,0.0,0.0,0.0,0.0,
647,SIPP_2^4,"233,37,0","108,237,0",0,-1,0,0.0,0.0,0.0,0.0,
647,SIPP_2^5,"233,37,0","108,237,0",0,-1,0,0.0,0.0,0.0,0.0,
647,SIPP_BigCS,"233,37,0","108,237,0",0,-1,0,0.0,0.0,0.0,0.0,
647,SIPP_Standard,"233,37,9","108,237,1",0,-1,0,2e-05,0.0,0.0,0.0,
648,SIPP_2^2,"2,69,0","229,75,0",0,-1,0,0.0,0.0,0.0,0.0,
648,SIPP_2^3,"2,69,0","229,75,0",0,-1,0,0.0,0.0,0.0,0.0,
648,SIPP_2^4,"2,69,0","229,75,0",0,-1,0,0.0,0.0,0.0,0.0,
648,SIPP_2^5,"2,69,0","229,75,0",0,-1,0,0.0,0.0,0.0,0.0,
648,SIPP_BigCS,"2,69,0","229,75,0",0,-1,0,0.0,0.0,0.0,0.0,
648,SIPP_Standard,"2,69,5","229,75,12",0,-1,0,2e-05,0.0,0.0,0.0,
649,SIPP_2^2,"155,20,0","90,238,0",0,-1,0,0.0,0.0,0.0,0.0,
649,SIPP_2^3,"155,20,0","90,238,0",0,-1,0,0.0,0.0,0.0,0.0,
649,SIPP_2^4,"155,20,0","90,238,0",0,-1,0,0.0,0.0,0.0,0.0,
649,SIPP_2^5,"155,20,0","90,238,0",0,-1,0,0.0,0.0,0.0,0.0,
649,SIPP_BigCS,"155,20,0","90,238,0",0,-1,0,0.0,0.0,0.0,0.0,
649,SIPP_Standard,"155,20,8","90,238,4",0,-1,0,2e-05,0.0,0.0,0.0,
650,SIPP_2^2,"71,239,0","179,38,0",0,-1,0,0.0,0.0,0.0,0.0,
650,SIPP_2^3,"71,239,0","179,38,0",0,-1,0,0.0,0.0,0.0,0.0,
650,SIPP_2^4,"71,239,0","179,38,0",0,-1,0,0.0,0.0,0.0,0.0,
650,SIPP_2^5,"71,239,0","179,38,0",0,-1,0,0.0,0.0,0.0,0.0,
650,SIPP_BigCS,"71,239,0","179,38,0",0,-1,0,0.0,0.0,0.0,0.0,
650,SIPP_Standard,"71,239,11","179,38,0",0,-1,75850,180.00097,0.0,0.0,0.0,
651,SIPP_2^2,"24,235,0","229,100,0",1,3400.0,33151,10.91369,593.9697,131.94689,263.89378,1 1 1 1 1 1 1 1 1 1 1 1 1 1 1 1 1 1 1 1 1 1 1 1 1 1 1 1 1 1 1 1 1 1 0 0 1 0 1 1 1 0 1 0 1 0 1 1 1 1 0 0 1 1 1 1 1 1 1 0 1 0 0 0 1 0 1 1 0 1 0 1 1 0 1 1 0 1 0 1 1 0 1 1 0 1 1 0 1 1 1 1 1 1 1 1 0 0 0 0 1 0 1 1 1 0 1 1 1 0 0 0 0 0 0 0 0 0 0 0 0 0 0 0 0 0 0 0 0 0 0 0 0 0 0 0 0 0 0 0 0 0 0 0 0 0 1 0 1 0 1 0 0 0 0 0 0 0 0 0 0 0 0 0 0 1 1 1 1 0 0 0 0 0 0 0 0 0 0 0 0 0 0 0 0 0 0 0 0 0 0 0 0 0 0 1 1 1 1 1 1 1 1 1 1 1 1 0 1 1 0 1 1 1 0 1 1 1 0 1 1 0 0 1 1 1 1 1 1 1 1 1 1 1 1 1 1 1 1 1 0 1 1 1 1 1 1 1 1 1 1 1 0 1 0 0 0 1 1 1 1 1 1 1 1 1 1 1 1 1 1 1 1 1 1 1 1 1 1 1 1 1 1 1 1 1 0 1 0 0 0 0 1 1 0 1 1 1 1 0 0 0 1 1 1 1 1 1 1 1 1 1 1 1 1 1 1 1 1 1 1 1 1 1 1 1 0 0 1 0 1 0 0 1 0 0 1 0 0 1
651,SIPP_2^3,"24,235,0","229,100,0",1,2685.3405919999955,7803,4.69923,194.73846,38.48451,76.96902,2 2 2 2 1 1 2 2 2 2 2 1 2 2 2 2 2 2 2 2 2 2 2 2 2 2 2 1 1 2 2 2 2 2 2 2 2 2 2 2 2 2 2 2 2 2 2 1 2 1 1 2 1 1 1 1 1 2 1 2 1 1 1 1 1 1 1 1 2 1 2 2 1 1 1 2 1 1 1 2 2 2 2 1 1 0 0 0 0 0 1 0 1 0 0 1 0 1 0 1 1 0 1 1 1 1 1 1 1 1 1 1 1 1 1 1 1 1 1 1 1 1 0 0 1 1 1 1 1 1 1 1 1 1 1 1 1 1 2 2 2 2 2 2 2 2 2 1 1 2 1 1 1 1 1 1 1 1 1 1 1 1 1 1 1 1 2 2 2 1 1 1 1 1 1 1 1 1 1 1 1 1 1 1 1 1 1 1 1 1 1 1 1 2 2 2 2 2 2 2 2 2 2 2 2 2 1 1 1 1 2 2 1 1 1 1 2 1
651,SIPP_2^4,"24,235,0","229,100,0",1,2611.5779919999945,7485,12.29259,74.00936,14.67673,29.35346,4 4 4 4 4 4 4 4 4 4 4 4 4 4 4 4 4 4 4 4 4 4 4 4 4 4 4 3 3 3 3 3 3 3 3 4 3 3 3 3 3 2 3 3 2 3 2 3 2 2 2 1 1 2 2 1 1 1 1 1 1 2 3 4 3 3 3 3 3 3 4 4 3 3 3 3 3 3 3 3 3 3 3 3 3 3 2 2 2 2 2 2 2 3 2 2 2 2 2 2 2 2 2 2 2 2 3 2 2 2 2 2 2 2 2 2 3 2 2 3 3 3 3 0 0 0 0 1 1 0 1 1 1 1 1 1 1 2 2 2 3 3 3 3 3 3 3 4 4 3 4 4 4 4 4 3
651,SIPP_2^5,"24,235,0","229,100,0",1,2568.0748670000003,5783,23.91837,29.37484,5.86168,11.72336,8 8 8 8 8 8 8 8 8 7 7 8 8 8 8 8 7 8 8 7 7 7 7 7 7 7 7 7 6 6 5 5 5 4 4 4 3 3 2 2 2 3 3 4 4 6 6 6 6 6 6 6 6 6 6 6 6 6 6 6 6 6 6 6 6 5 5 5 5 4 4 4 4 4 4 4 4 4 4 4 4 4 4 5 4 4 4 4 4 4 5 4 4 4 4 4 4 4 2 2 2 2 2 2 2 2 3 3 4 4 7 7 7 6 6 6 6 7 7 -1.444 8 -0.034 8
651,SIPP_BigCS,"24,235,10","229,100,8",0,-1,27238,180.18312,0.0,0.0,0.0,
651,SIPP_Standard,"24,235,10","229,100,8",1,2636.630949,39819,97.25291,89.55366,16.9815,1.8851,89 1 5 89 5 89 9 53 65 37 22 49 68 53 65 49 76 65 -0.724 49 84 13 -10.907 76 65 53 57 89 13 68 45 9 53 89
652,SIPP_2^2,"254,192,0","33,93,0",0,-1,0,0.0,0.0,0.0,0.0,
652,SIPP_2^3,"254,192,0","33,93,0",0,-1,0,0.0,0.0,0.0,0.0,
652,SIPP_2^4,"254,192,0","33,93,0",0,-1,0,0.0,0.0,0.0,0.0,
652,SIPP_2^5,"254,192,0","33,93,0",0,-1,0,0.0,0.0,0.0,0.0,
652,SIPP_BigCS,"254,192,0","33,93,0",0,-1,0,0.0,0.0,0.0,0.0,
652,SIPP_Standard,"254,192,1","33,93,10",0,-1,79069,180.00063,0.0,0.0,0.0,
653,SIPP_2^2,"252,93,0","4,130,0",1,3513.898533,33374,11.30963,417.193,95.81858,191.63715,3 2 2 2 3 3 3 3 3 3 3 3 3 3 3 3 3 3 3 3 3 3 3 3 3 3 3 3 3 3 3 3 2 2 2 2 3 3 3 3 3 3 3 3 3 3 3 3 2 2 2 2 2 3 3 2 2 3 2 2 2 -36.574 0 -14.865 3 -1.124 3 3 3 3 3 3 3 3 3 3 3 3 3 3 2 2 2 2 3 2 2 2 2 2 3 3 3 3 2 3 2 3 3 3 3 3 3 3 3 3 3 3 3 3 3 3 3 3 3 3 3 3 3 3 3 3 0 3 3 3 3 3 3 3 3 0 3 3 3 3 3 3 3 2 2 3 2 2 3 3 3 2 3 3 3 3 3 3 3 3 3 3 3 3 3 3 3 3 3 3 3 3 3 3 3 3 2 2 2 2 2 2 2 2 2 2 2 2 2 2 2 2 2 2 2 3 3 3 3 3 3 2 3 3 3 3 3 3 3 3 2 3 3 3 3 3 3 3 3 3 3 3 3 0 0 0 3 0 0 3 3 0 3 3 3 3 3 3 3 3 3 3 0 0 3 3 3 0 0 0 0 0 -20.200 3 -13.228 3 -2.352 0 -3.037 3 3 3 3 3 3 3 3 3 3 3 3 3 3 3 3 3 3 3 -106.231 3 3 -3.379 3 3 3 3 3 3 3 3 3 3 3 3 3 3 3 3 3 3 3 3 3 3 3 3 3 3 3 2 3 2 3 3 3 3 3 3 3 3 3 3 3 3 -4.051 3 -0.053 0 -11.388 3 -2.663 0 -3.964 3 -0.789 3 0 0 0 3 2 2 3 3 3 3 3 2
653,SIPP_2^3,"252,93,0","4,130,0",1,2759.5669069999985,9823,6.41272,205.87979,40.84071,81.68141,5 4 6 6 -4.470 5 6 6 6 5 5 5 6 6 6 6 5 6 6 6 5 6 6 6 6 6 6 6 6 6 6 6 6 6 6 6 6 6 6 6 6 6 6 6 6 6 6 6 6 6 6 6 6 6 6 5 5 6 5 5 5 5 5 5 5 6 6 5 5 6 5 5 5 5 5 5 5 6 6 6 6 5 6 6 6 6 6 6 6 6 6 7 7 7 6 6 6 6 6 6 6 6 6 6 6 6 6 6 6 6 6 7 6 7 6 6 6 6 6 6 6 6 6 6 6 6 6 6 6 6 6 6 6 6 6 6 6 6 6 6 7 6 7 7 6 7 6 6 6 6 6 7 7 7 6 6 6 7 7 6 6 6 6 5 5 6 6 5 6 6 6 6 6 6 6 6 6 6 6 6 6 5 6 5 5 5 5 5 5 5 5 5 5 5 6 5 5 5 6 6 6 6 6 6 6 6 6 6 6 6 6 6 6 6 6 6 6 6 6 6 6 6 6 6 6 6 6 6 6 6 6 6 6 6 6 6 6 6 6 6 6 6 5 5 5 6 5 5 6 5
653,SIPP_2^4,"252,93,0","4,130,0",1,2641.2423689999982,5852,10.11679,75.36822,14.98855,29.9771,11 -0.481 8 -6.093 11 11 11 11 11 12 12 12 12 12 12 12 12 12 12 12 12 12 12 12 12 12 12 12 12 11 12 12 12 12 12 12 12 12 12 12 12 12 12 12 12 12 12 12 12 10 10 10 11 10 11 11 10 12 12 11 11 11 11 11 11 11 12 12 13 13 13 13 13 13 13 12 12 12 12 12 12 12 12 12 12 12 12 12 12 12 12 12 12 12 12 12 13 12 12 12 12 12 12 12 12 12 12 12 12 12 12 12 12 12 12 12 12 12 12 12 12 12 12 13 12 12 12 12 12 12 12 12 12 13 12 12 12 12 11 11 11 11 11 11 11 11 11 11 11 11 11 11 11 11 10 10 11 12 12 12 12 12 12 12 12 12 12 12 12 12 12 12 12 12 12 12 12 12 12 12 12 12 12 12 12 12 12 12 12 12 12 12 12 12 11 11 12 11 11 12 12 11
653,SIPP_2^5,"252,93,0","4,130,0",1,2624.6548360000006,5243,22.06726,60.73259,12.1056,24.21119,18 -0.481 24 -6.093 22 24 23 24 24 23 24 24 24 24 24 23 24 24 24 24 24 24 24 24 23 22 -2.457 24 24 24 24 24 24 24 24 24 24 24 24 24 24 24 24 24 24 23 21 21 20 20 20 22 22 23 23 22 23 23 25 25 25 25 25 25 24 24 24 24 24 24 24 24 24 24 24 24 24 24 24 24 24 24 24 24 25 25 24 24 24 24 24 24 24 24 24 24 24 24 24 24 24 24 24 24 24 24 24 24 24 24 24 25 24 24 25 24 24 24 24 23 21 21 21 21 22 22 22 22 22 22 22 22 23 24 24 24 23 23 24 24 24 24 24 24 24 24 24 24 24 24 24 24 24 24 24 24 24 24 24 24 24 24 24 24 23 23 23 24 24 24 24 23
653,SIPP_BigCS,"252,93,12","4,130,3",0,-1,27315,180.06281,0.0,0.0,0.0,
653,SIPP_Standard,"252,93,12","4,130,3",1,2657.85387,20499,46.18259,54.74618,9.9864,1.2439,-12.124 47 11 47 3 3 3 -4.730 7 67 55 59 99 61 93 3 3 3 19 93 3 3 7 67 55 59 59 91 3 3 3 3 7 99
654,SIPP_2^2,"78,11,0","159,227,0",0,-1,0,0.0,0.0,0.0,0.0,
654,SIPP_2^3,"78,11,0","159,227,0",0,-1,0,0.0,0.0,0.0,0.0,
654,SIPP_2^4,"78,11,0","159,227,0",0,-1,0,0.0,0.0,0.0,0.0,
654,SIPP_2^5,"78,11,0","159,227,0",0,-1,0,0.0,0.0,0.0,0.0,
654,SIPP_BigCS,"78,11,0","159,227,0",0,-1,0,0.0,0.0,0.0,0.0,
654,SIPP_Standard,"78,11,6","159,227,2",0,-1,2,0.01013,0.0,0.0,0.0,
655,SIPP_2^2,"191,213,0","21,34,0",0,-1,0,0.0,0.0,0.0,0.0,
655,SIPP_2^3,"191,213,0","21,34,0",0,-1,0,0.0,0.0,0.0,0.0,
655,SIPP_2^4,"191,213,0","21,34,0",0,-1,0,0.0,0.0,0.0,0.0,
655,SIPP_2^5,"191,213,0","21,34,0",0,-1,0,0.0,0.0,0.0,0.0,
655,SIPP_BigCS,"191,213,0","21,34,0",0,-1,0,0.0,0.0,0.0,0.0,
655,SIPP_Standard,"191,213,6","21,34,1",0,-1,0,2e-05,0.0,0.0,0.0,
656,SIPP_2^2,"254,120,0","2,118,0",1,3000.0,12947,4.50074,254.55844,56.54867,113.09734,3 2 2 2 2 2 2 3 3 3 3 2 2 3 3 3 3 3 3 3 3 3 3 3 3 3 3 3 3 2 3 3 3 2 2 2 3 2 3 3 3 3 3 3 3 3 3 3 3 3 3 3 3 3 3 3 3 3 3 3 3 3 3 3 3 3 3 3 3 3 3 3 3 3 3 3 3 3 3 3 3 3 3 3 3 3 3 3 3 3 3 3 3 3 3 3 3 3 3 3 3 3 3 3 3 3 3 3 3 3 3 3 3 3 3 3 3 3 3 3 3 3 3 3 2 2 2 2 2 3 3 2 3 2 3 3 3 3 3 3 3 3 3 3 3 3 3 3 3 3 3 3 3 3 3 3 3 3 3 2 2 3 3 3 3 3 3 3 3 3 3 3 3 3 3 3 3 3 3 3 3 3 3 3 3 3 2 3 3 3 3 3 3 0 0 0 0 0 0 3 0 3 0 0 0 3 3 0 0 3 3 3 3 0 3 3 3 3 3 3 3 3 3 3 3 3 3 3 3 3 3 3 3 3 3 3 3 3 3 3 3 3 3 3 3 3 3 3 3 3 3 3 3 3 3 3 3 3 3 3 3 3 3 3 3 3 3 3 3 3 3 0 3 3 3 0 3 3 3 3 3 3 3 3 3 3 3 3 3 0 0 0 0 0 0 0 0 0 0 3
656,SIPP_2^3,"254,120,0","2,118,0",1,2801.665247999997,13141,8.53204,115.07048,22.77655,45.5531,6 5 5 5 5 5 5 5 5 5 5 6 6 6 6 6 5 5 5 5 6 6 6 6 6 6 6 6 6 6 6 6 6 6 6 6 6 6 6 6 6 6 5 6 6 7 7 7 7 7 6 6 6 6 6 6 6 6 6 6 6 6 6 6 6 6 6 6 6 6 6 6 6 6 6 6 6 6 6 6 6 6 6 6 6 6 6 6 6 6 6 6 6 6 6 6 6 7 6 7 6 6 7 7 7 7 7 7 6 7 7 7 7 7 7 7 7 7 7 7 6 7 6 6 6 6 7 7 7 7 6 6 6 6 6 6 6 6 6 6 6 6 6 6 6 6 6 6 6 6 6 6 6 6 6 6 6 6 6 6 6 6 6 6 6 6 6 6 6 6 6 6 6 6 6 5 6 6 6 6 6 5 5 5 5 5 5 5 5 5 5 5 5 5 5 5 5 5 6 6 6 6 6 6 6 6 6 6 6 6 6 6 6 6 6 6 6 6 6 6 6 6 6 6 6 6 6 6 6 6 6 6 6 6 6 6 6 6 6 6 6 6 7 6 6 7 7 7 7 6 6 7
656,SIPP_2^4,"254,120,0","2,118,0",1,2692.9964319999976,10097,17.2269,84.25138,16.80518,33.61037,10 10 11 11 10 11 11 12 11 12 12 11 11 11 11 11 12 12 12 12 12 13 13 13 13 13 14 13 13 14 14 13 13 13 13 13 13 12 12 12 12 12 12 12 12 12 12 12 12 12 13 12 12 12 11 11 12 12 13 13 13 13 13 13 13 12 13 13 12 12 12 12 12 12 12 12 12 12 12 12 12 12 12 12 12 12 12 12 12 12 12 12 12 12 12 12 12 12 12 12 12 12 12 12 12 12 12 12 12 12 12 12 12 12 12 12 12 12 12 13 12 13 12 13 12 11 11 11 11 11 11 11 11 11 11 11 10 11 11 11 11 11 11 12 12 12 12 12 12 12 12 12 12 12 12 12 12 12 12 12 12 12 12 12 12 12 12 12 12 12 12 12 12 12 12 12 12 12 12 12 13 13 12 12 12 13 12 13 13 12 13
656,SIPP_2^5,"254,120,0","2,118,0",1,2663.434090000001,9332,39.9318,37.55007,7.51756,15.03512,21 21 21 21 22 23 24 23 23 23 24 24 24 25 26 26 25 25 25 25 23 23 23 24 24 24 24 24 24 24 24 24 24 24 24 24 24 25 25 25 24 24 24 24 25 25 25 25 25 25 25 25 25 25 25 25 25 25 25 25 25 25 25 25 24 24 24 24 24 24 24 24 24 24 24 24 24 24 24 24 24 23 22 22 22 22 22 22 22 22 22 22 22 22 22 22 21 23 24 24 24 24 24 24 24 24 24 24 24 24 24 24 24 24 24 24 24 24 24 24 24 23 25 25 25 25 25 24 24 24 25 24 24 24 25
656,SIPP_BigCS,"254,120,3","2,118,9",0,-1,26673,180.24375,0.0,0.0,0.0,
656,SIPP_Standard,"254,120,3","2,118,9",1,2715.885317,66993,161.21613,51.5313,9.2169,1.0464,67 55 59 91 3 -5.885 3 23 38 3 19 61 93 23 50 61 61 93 3 3 3 3 11 55 59 67 47 3 3 3 3 3 23 50
657,SIPP_2^2,"150,254,0","6,54,0",0,-1,0,0.0,0.0,0.0,0.0,
657,SIPP_2^3,"150,254,0","6,54,0",0,-1,0,0.0,0.0,0.0,0.0,
657,SIPP_2^4,"150,254,0","6,54,0",0,-1,0,0.0,0.0,0.0,0.0,
657,SIPP_2^5,"150,254,0","6,54,0",0,-1,0,0.0,0.0,0.0,0.0,
657,SIPP_BigCS,"150,254,0","6,54,0",0,-1,0,0.0,0.0,0.0,0.0,
657,SIPP_Standard,"150,254,4","6,54,15",0,-1,0,2e-05,0.0,0.0,0.0,
658,SIPP_2^2,"225,34,0","93,240,0",1,3679.255736,41291,13.56779,657.60931,146.08406,292.16812,2 2 3 2 3 2 2 2 2 2 2 2 2 2 3 2 2 3 2 3 2 3 2 3 3 3 3 3 3 2 3 3 3 3 3 3 3 3 3 3 3 3 3 3 2 2 2 2 2 2 2 2 2 2 2 2 2 3 2 3 3 2 3 2 2 3 2 2 2 3 2 -17.079 2 -9.925 2 -0.012 2 -0.014 2 -0.011 2 2 2 2 2 2 2 2 2 2 2 2 2 2 2 2 2 2 2 2 2 1 2 1 2 2 -4.211 2 3 3 2 3 2 3 2 3 2 2 2 3 2 3 3 3 3 3 3 3 3 3 3 3 2 3 3 3 3 3 3 3 3 3 3 3 3 3 3 3 3 3 3 3 3 3 3 3 2 2 3 2 2 2 2 2 2 2 3 2 3 3 3 3 3 3 3 3 3 3 3 -0.325 3 -1.142 3 -1.255 2 3 3 2 2 2 2 2 1 1 2 1 1 2 2 2 2 3 3 2 3 3 3 3 3 3 3 3 2 2 2 2 2 2 2 2 2 2 2 2 2 2 2 2 2 2 3 2 3 3 3 3 3 2 3 2 2 2 2 2 2 2 2 -64.277 1 2 2 -1.857 2 -5.225 2 -0.178 2 -0.288 2 -1.169 2 -0.106 3 -0.013 2 2 2 2 3 2 2 2 3 3 3 3 2 3 3 3 3 3 3 3 2 2 2 3 3 2 2 2 2 2 2 2 2 2 2 2 2 2 2 2 2 2 2 2 2 2 2 2 2 2 2 2 2 2 3 3 3 3 3 2 3 3 3 3 3 2 2 2 2 2 2 2 2 2 2 2 2 2 2 2 2 3 3 2 2 2 2 2 2 2 2 2 2 2 2 3 3 2 3 2 3 -31.924 2 -0.029 3 -20.098 2 -0.117 3
658,SIPP_2^3,"225,34,0","93,240,0",1,2840.3000489999936,7762,5.09309,183.05236,36.12832,72.25664,5 5 5 4 4 4 4 4 5 4 4 4 4 5 4 5 5 6 6 6 6 6 5 6 6 6 6 6 6 5 5 5 6 5 5 4 4 4 4 4 4 5 5 5 5 5 5 5 5 4 -90.033 4 -30.049 4 -10.025 4 4 4 4 4 4 4 4 4 4 4 4 4 4 4 4 4 4 4 4 4 3 4 4 4 3 3 3 5 5 5 5 5 5 5 5 5 5 5 4 5 5 5 5 5 5 5 5 5 5 5 5 5 5 4 4 4 4 4 4 4 4 4 4 4 4 4 4 5 4 4 5 5 5 5 5 5 5 5 5 5 5 5 5 5 5 5 5 4 5 4 5 5 5 5 5 5 5 5 5 5 4 5 5 5 5 5 5 4 4 4 4 4 4 4 5 4 5 4 4 5 5 5 5 5 5 5 5 5 5 5 5 5 5 5 5 5 5 5 5 5 5 5 5 5 5 5 4 5 4 5 5 5 5 5 5 5 5 5 5 5 4 5 4 4 5
658,SIPP_2^4,"225,34,0","93,240,0",1,2697.726875999993,4972,7.87333,135.87176,26.52369,53.04737,9 9 8 8 8 8 8 8 8 8 8 9 9 9 9 8 8 9 8 9 8 9 8 8 8 8 9 9 9 8 10 10 12 12 12 11 12 10 10 9 8 9 8 8 8 7 7 6 7 -53.929 12 12 11 9 9 9 10 10 8 8 8 8 10 10 10 10 10 10 9 9 9 9 9 9 9 10 10 10 10 9 9 9 10 10 10 10 10 10 10 10 10 10 10 10 9 9 9 9 9 10 10 10 10 10 10 10 10 10 11 12 10 10 10 10 10 10 10 10 10 10 10 8 8 8 8 8 8 8 9 10 10 10 10 10 10 10 9 9 10 10 12 12 12 11 12 11 11 11 10 9 9 9 9 9 9 9 9 9 9 9 10 10 10 10 10 9 10 8
658,SIPP_2^5,"225,34,0","93,240,0",1,2661.4291929999945,3966,15.70013,70.86933,14.23481,28.46961,18 17 16 16 16 16 16 16 17 17 17 17 16 17 17 17 17 17 17 20 20 23 24 24 24 20 20 17 17 16 15 13 14 -65.445 24 24 21 18 19 17 16 16 16 19 19 19 19 19 19 19 20 20 20 20 20 20 20 20 20 20 20 20 20 20 19 20 20 19 20 19 19 20 20 20 20 20 20 20 20 19 20 20 20 20 20 20 20 20 20 20 17 16 16 16 16 17 17 20 20 20 20 20 20 19 20 20 22 22 22 22 21 20 19 19 19 19 19 19 19 19 18 19
658,SIPP_BigCS,"225,34,9","93,240,13",0,-1,30763,180.0486,0.0,0.0,0.0,
658,SIPP_Standard,"225,34,9","93,240,13",1,2799.762117,14176,28.8451,69.19697,12.5139,1.5736,34 91 -52.904 7 75 110 40 62 94 0 0 4 -1.858 96 70 55 67 31 31 31 51 62 62 62 62 94 16 70 51 70 55 67 51 70 31
659,SIPP_2^2,"127,39,0","199,248,0",0,-1,0,0.0,0.0,0.0,0.0,
659,SIPP_2^3,"127,39,0","199,248,0",0,-1,0,0.0,0.0,0.0,0.0,
659,SIPP_2^4,"127,39,0","199,248,0",0,-1,0,0.0,0.0,0.0,0.0,
659,SIPP_2^5,"127,39,0","199,248,0",0,-1,0,0.0,0.0,0.0,0.0,
659,SIPP_BigCS,"127,39,0","199,248,0",0,-1,0,0.0,0.0,0.0,0.0,
659,SIPP_Standard,"127,39,6","199,248,12",0,-1,0,2e-05,0.0,0.0,0.0,
660,SIPP_2^2,"187,230,0","97,9,0",0,-1,0,0.0,0.0,0.0,0.0,
660,SIPP_2^3,"187,230,0","97,9,0",0,-1,0,0.0,0.0,0.0,0.0,
660,SIPP_2^4,"187,230,0","97,9,0",0,-1,0,0.0,0.0,0.0,0.0,
660,SIPP_2^5,"187,230,0","97,9,0",0,-1,0,0.0,0.0,0.0,0.0,
660,SIPP_BigCS,"187,230,0","97,9,0",0,-1,0,0.0,0.0,0.0,0.0,
660,SIPP_Standard,"187,230,13","97,9,9",0,-1,82946,180.0001,0.0,0.0,0.0,
661,SIPP_2^2,"5,33,0","236,98,0",1,3440.0,34889,12.01879,530.33009,117.80972,235.61945,2 2 2 2 2 2 2 2 2 2 2 1 1 1 2 1 1 2 2 1 1 1 1 2 1 2 2 1 1 1 1 1 1 1 1 1 1 1 1 1 1 1 2 1 2 1 2 1 2 2 2 2 2 2 2 2 2 2 2 2 2 2 1 1 1 2 1 1 1 1 1 1 1 1 2 1 1 1 1 1 1 1 1 1 1 1 1 1 1 1 1 1 1 1 1 1 1 1 1 2 2 2 2 2 2 2 2 2 2 2 2 2 2 2 1 1 1 1 1 1 1 1 1 1 1 1 2 1 2 2 1 2 1 1 1 1 1 1 2 2 1 1 2 1 1 2 1 2 1 2 1 2 2 2 2 2 2 2 2 2 2 2 1 2 1 2 2 1 1 2 2 2 2 2 2 2 2 1 1 2 1 1 2 1 1 1 1 1 1 1 1 1 1 1 2 1 1 1 1 1 1 1 1 1 1 1 1 1 1 1 1 1 1 1 1 1 1 1 1 1 1 1 1 1 1 1 1 1 1 1 1 1 1 2 2 2 1 1 1 1 1 1 1 1 1 1 1 1 1 1 1 0 1 1 1 0 1 1 0 1 1 1 0 1 1 1 0 1 1 1 1 1 1 1 0 1 1 1 1 1 1 1 1 1 0 0 0 0 0 0 0 1 1 1 1 1 1 1 1 1 1 1 1 1 1 1 1 1 1 1 1 1 1 1 1 1 1 1 1 1 1 1 1 1 1 1 1 1 1 1 0 0 1 0 0 0 0 0 0 0 0 1 0 1
661,SIPP_2^3,"5,33,0","236,98,0",1,2731.0627429999986,14062,9.0844,226.31789,44.7677,89.53539,2 2 2 3 2 3 2 3 2 3 2 2 2 2 2 2 2 3 3 3 3 3 3 3 3 3 3 3 3 3 3 3 3 3 3 3 3 3 3 3 2 3 3 3 -3.231 3 -2.294 3 3 3 3 3 3 3 3 3 2 3 3 3 2 2 3 3 2 3 2 3 3 3 3 3 3 3 3 3 3 3 3 3 3 3 2 2 2 2 2 2 3 3 2 3 2 2 2 2 2 2 3 3 -5.078 2 2 2 2 2 2 2 2 2 2 2 2 2 2 2 2 2 2 2 2 2 2 2 2 2 2 2 2 2 2 2 2 2 2 2 2 2 2 2 2 2 2 2 2 2 2 2 2 2 1 -16.787 1 -2.207 2 2 2 3 3 -0.389 3 3 3 4 3 3 2 2 2 3 3 3 2 2 3 3 2 2 2 2 2 2 2 2 2 2 2 2 1 2 1 1 2 2 1 2 1 2 2 2 2 2 2 2 2 2 2 2 2 2 1 2 1 2 2 2 2 2 2 1 2 2 1 2 2 2 2 2 2 2 1 2 2 2 2 1 2 1
661,SIPP_2^4,"5,33,0","236,98,0",1,2612.3631099999975,10614,18.34044,86.94172,17.30679,34.61358,4 5 5 4 5 4 4 4 4 4 5 4 5 6 6 6 6 6 6 6 6 6 6 6 6 5 7 6 6 6 6 6 6 6 6 6 7 -1.004 6 6 6 6 6 6 6 6 6 6 6 6 6 6 6 6 6 5 5 5 6 5 5 5 5 5 5 5 5 5 5 5 5 5 5 5 5 6 4 4 4 4 4 4 4 4 4 4 4 4 4 4 4 4 4 4 4 4 4 4 4 4 4 4 4 4 4 4 4 4 4 4 4 4 5 4 4 4 4 4 5 5 4 5 4 4 4 4 4 4 4 4 5 5 4 4 5 5 4 4 4 4 4 4 4 4 4 4 4 4 4 3 3 3 3 3 3 3 4 4 4 4 4 4 4 4 3 3 4 3 4 4 4 4 4 4 3 4 3 3 4 4 4 4 4 4 5
661,SIPP_2^5,"5,33,0","236,98,0",1,2597.073041,10633,45.50944,35.38608,7.06359,14.12719,9 9 9 8 8 8 9 9 12 12 12 12 12 12 12 12 12 12 12 12 11 13 13 12 12 12 12 13 11 11 11 11 12 12 12 11 12 12 11 11 12 12 12 12 11 10 10 10 10 10 10 10 10 10 10 9 10 9 9 9 9 9 9 8 8 8 8 8 8 9 9 8 8 8 8 8 8 8 8 8 8 8 8 8 8 8 8 8 8 8 8 8 8 8 8 8 8 8 8 8 8 8 8 8 8 8 8 8 8 8 8 8 8 8 8 7 8 8 8 8 7 7 7 7 7 7 7 7 7 7 7 7 7 -0.147 7 8 9 11
661,SIPP_BigCS,"5,33,2","236,98,3",0,-1,24169,180.23668,0.0,0.0,0.0,
661,SIPP_Standard,"5,33,2","236,98,3",1,2617.0,58144,147.4014,39.98657,7.2729,0.659,95 17 71 28 28 52 72 71 48 71 28 48 63 63 71 48 95 1 1 1 1 1 1 1 1 9 53 57 89 1 1 17
662,SIPP_2^2,"242,131,0","17,38,0",0,-1,0,0.0,0.0,0.0,0.0,
662,SIPP_2^3,"242,131,0","17,38,0",0,-1,0,0.0,0.0,0.0,0.0,
662,SIPP_2^4,"242,131,0","17,38,0",0,-1,0,0.0,0.0,0.0,0.0,
662,SIPP_2^5,"242,131,0","17,38,0",0,-1,0,0.0,0.0,0.0,0.0,
662,SIPP_BigCS,"242,131,0","17,38,0",0,-1,0,0.0,0.0,0.0,0.0,
662,SIPP_Standard,"242,131,14","17,38,4",0,-1,0,4e-05,0.0,0.0,0.0,
663,SIPP_2^2,"32,208,0","212,70,0",0,-1,0,0.0,0.0,0.0,0.0,
663,SIPP_2^3,"32,208,0","212,70,0",0,-1,0,0.0,0.0,0.0,0.0,
663,SIPP_2^4,"32,208,0","212,70,0",0,-1,0,0.0,0.0,0.0,0.0,
663,SIPP_2^5,"32,208,0","212,70,0",0,-1,0,0.0,0.0,0.0,0.0,
663,SIPP_BigCS,"32,208,0","212,70,0",0,-1,0,0.0,0.0,0.0,0.0,
663,SIPP_Standard,"32,208,15","212,70,10",0,-1,74071,180.00306,0.0,0.0,0.0,
664,SIPP_2^2,"250,49,0","71,217,0",0,-1,0,0.0,0.0,0.0,0.0,
664,SIPP_2^3,"250,49,0","71,217,0",0,-1,0,0.0,0.0,0.0,0.0,
664,SIPP_2^4,"250,49,0","71,217,0",0,-1,0,0.0,0.0,0.0,0.0,
664,SIPP_2^5,"250,49,0","71,217,0",0,-1,0,0.0,0.0,0.0,0.0,
664,SIPP_BigCS,"250,49,0","71,217,0",0,-1,0,0.0,0.0,0.0,0.0,
664,SIPP_Standard,"250,49,8","71,217,1",0,-1,0,4e-05,0.0,0.0,0.0,
665,SIPP_2^2,"31,210,0","165,25,0",0,-1,0,0.0,0.0,0.0,0.0,
665,SIPP_2^3,"31,210,0","165,25,0",0,-1,0,0.0,0.0,0.0,0.0,
665,SIPP_2^4,"31,210,0","165,25,0",0,-1,0,0.0,0.0,0.0,0.0,
665,SIPP_2^5,"31,210,0","165,25,0",0,-1,0,0.0,0.0,0.0,0.0,
665,SIPP_BigCS,"31,210,0","165,25,0",0,-1,0,0.0,0.0,0.0,0.0,
665,SIPP_Standard,"31,210,7","165,25,10",0,-1,76519,180.00188,0.0,0.0,0.0,
666,SIPP_2^2,"29,45,0","250,158,0",1,3500.0,42119,14.43496,707.10678,157.07963,314.15927,2 2 2 1 2 2 2 2 2 2 2 2 1 1 2 1 1 2 2 1 1 1 1 1 2 2 2 1 2 2 1 1 1 2 1 2 2 2 2 2 2 2 2 2 2 1 1 2 2 2 2 2 2 1 1 1 1 1 1 1 1 1 1 1 1 1 1 1 1 1 1 1 2 2 1 2 2 2 2 1 1 1 1 1 1 1 1 1 1 1 1 1 2 2 2 2 2 2 2 1 2 1 2 2 2 2 1 1 2 2 2 1 1 1 2 1 1 1 1 1 2 1 1 2 1 2 2 1 1 2 1 1 1 2 2 2 2 1 1 1 1 1 2 2 2 2 2 2 2 2 2 2 2 2 2 2 2 2 2 1 1 1 1 1 1 1 1 1 1 1 1 1 1 1 1 1 2 1 2 1 1 1 1 2 2 1 2 2 1 1 1 2 2 1 1 1 1 1 1 1 1 1 1 1 1 1 1 1 1 1 1 1 1 1 1 1 1 1 1 1 1 1 1 1 1 1 1 1 2 1 1 2 1 1 1 2 1 1 2 1 1 2 1 2 2 1 1 2 1 2 1 2 1 1 1 1 1 1 1 1 2 2 1 2 2 1 1 1 1 1 2 1 1 2 1 2 1 2 1 2 1 2 2 2 2 2 2 2 2 2 1 1 1 1 1 1 1 1 2 1 1 1 1 0 0 1 0 0 1 1 1 1 1 0 1 1 1 1 1 1 1 1 1 1 1 0 1 1 1 1 1 1 1 1 1 1 1 1 1 1 1 1 1 1 1 0 1 1 1 0
666,SIPP_2^3,"29,45,0","250,158,0",1,2694.6299119999962,12113,7.95779,274.30254,54.19248,108.38495,2 2 2 3 3 3 3 3 3 3 3 3 3 3 3 2 2 2 2 2 3 2 2 2 3 3 2 2 2 2 2 2 2 2 2 2 3 3 3 3 3 2 2 3 3 3 3 2 3 3 2 3 3 3 2 3 2 2 2 2 2 2 2 3 2 3 3 3 3 3 3 3 3 2 2 3 2 2 3 2 2 2 2 2 3 3 3 3 2 2 2 2 3 2 2 2 2 3 2 3 2 3 3 2 2 2 3 3 3 2 2 2 3 3 3 3 2 3 2 2 3 3 3 3 3 3 3 2 3 3 3 3 3 3 3 3 3 3 3 3 3 3 3 3 3 3 3 3 3 3 3 3 3 3 2 2 2 2 2 2 2 2 2 2 2 3 2 3 3 2 3 3 2 3 2 3 2 2 2 2 2 3 3 3 3 3 3 2 2 2 2 2 2 2 2 3 2 2 2 2 2 3 2 3 2 3 2 2 1 1 2 2 2 3 3 3 3 3 3 2 3
666,SIPP_2^4,"29,45,0","250,158,0",1,2552.764920999995,4909,8.6144,60.30861,11.92287,23.84574,6 6 5 6 6 6 6 5 5 6 6 6 5 5 4 4 5 5 5 5 5 5 4 4 -3.727 5 5 5 5 5 5 5 6 6 6 6 -1.278 5 5 5 4 4 4 5 5 5 5 5 5 5 5 5 5 4 4 4 4 5 5 5 5 5 5 5 5 5 5 5 4 4 4 4 5 4 5 4 4 5 5 5 5 5 5 5 5 5 -3.692 8 -17.672 7 7 5 5 5 5 5 5 5 5 5 5 5 5 5 5 5 5 5 5 5 5 5 5 5 5 5 5 5 5 5 5 5 5 5 5 5 5 5 5 5 6 5 6
666,SIPP_2^5,"29,45,0","250,158,0",1,2551.2371819999953,5117,22.51404,31.45647,6.19104,12.38209,12 12 11 11 12 11 12 12 12 10 9 9 9 9 9 9 9 11 11 12 12 11 12 12 12 11 10 9 9 9 9 9 10 10 10 10 9 9 10 10 9 9 9 9 9 10 9 10 10 10 9 9 9 9 10 10 10 10 10 -10.630 16 -20.137 16 15 10 10 10 10 10 10 10 10 10 10 10 10 10 10 10 10 10 10 10 10 10 10 10 10 10 10 10 10 10 10 10 10 10 10 10 10 10 10 11 11
666,SIPP_BigCS,"29,45,15","250,158,8",0,-1,23844,180.08968,0.0,0.0,0.0,
666,SIPP_Standard,"29,45,15","250,158,8",1,2559.943684,20591,54.08083,54.48274,9.0407,0.9124,28 28 36 17 63 63 71 48 63 63 95 17 63 95 17 95 17 79 -13.134 64 -1.809 48 71 48 63 63 63 63 63 63 95 25
667,SIPP_2^2,"133,55,0","175,235,0",0,-1,0,0.0,0.0,0.0,0.0,
667,SIPP_2^3,"133,55,0","175,235,0",0,-1,0,0.0,0.0,0.0,0.0,
667,SIPP_2^4,"133,55,0","175,235,0",0,-1,0,0.0,0.0,0.0,0.0,
667,SIPP_2^5,"133,55,0","175,235,0",0,-1,0,0.0,0.0,0.0,0.0,
667,SIPP_BigCS,"133,55,0","175,235,0",0,-1,0,0.0,0.0,0.0,0.0,
667,SIPP_Standard,"133,55,9","175,235,14",0,-1,0,2e-05,0.0,0.0,0.0,
668,SIPP_2^2,"250,172,0","39,40,0",1,3467.9753020000003,37592,12.64248,586.89863,130.3761,260.75219,3 3 3 3 3 3 3 3 0 3 3 3 0 3 3 3 3 3 3 3 3 3 3 3 3 3 3 3 3 3 3 3 3 3 3 3 3 3 3 3 3 3 3 3 3 3 3 3 3 3 3 3 3 3 3 3 3 3 3 3 3 3 3 3 3 3 3 3 3 3 3 3 3 3 3 3 3 3 3 3 3 3 3 3 3 3 3 3 3 3 3 3 3 3 3 3 3 3 3 3 0 0 0 3 0 0 0 0 3 3 0 0 0 3 0 0 0 3 0 0 3 3 3 3 3 3 3 3 3 3 3 3 3 3 3 3 3 3 3 3 3 3 0 3 0 0 3 0 3 3 0 0 0 3 3 3 0 3 0 3 3 3 0 0 3 3 3 3 3 3 3 3 3 3 3 3 3 3 3 3 3 3 3 3 3 3 3 3 3 3 0 3 0 3 3 0 0 0 0 0 0 0 3 0 3 0 3 0 0 0 0 3 3 -7.002 3 0 -0.260 0 0 0 0 0 0 0 0 0 0 0 0 0 0 -27.264 3 -1.052 0 -1.142 3 -1.255 0 3 0 0 0 0 0 0 0 0 0 0 0 0 0 0 0 0 0 0 0 0 0 0 0 0 0 3 0 3 3 0 3 0 0 3 3 0 3 3 3 3 3 3 3 3 3 3 3 3 0 3 0 0 0 0 0 0 0 0 0 0 0 0 0 0 0 0 0 0 0 0 0 3 0 0 3 0 3 0 3 3 0 3 0 3 0 0 0 0 0 3 3 0 3 0 0 0 3 0 3 3 0 3 3 3 0 0 3 3 0
668,SIPP_2^3,"250,172,0","39,40,0",1,2703.572343,11929,7.67682,233.75515,46.33849,92.67699,6 6 6 6 7 7 6 6 6 6 7 6 6 6 6 6 6 6 6 6 7 7 7 7 7 7 7 7 7 7 6 7 7 7 6 6 7 7 7 7 7 7 7 7 6 6 6 6 6 6 6 6 6 7 6 7 6 6 7 7 7 7 7 7 7 7 6 6 6 6 6 6 6 6 6 6 6 7 7 6 7 7 6 7 6 7 6 7 6 7 7 7 7 7 7 7 6 7 7 6 7 7 7 7 6 7 7 7 7 7 7 7 7 7 7 7 7 7 7 7 7 7 7 7 7 7 7 7 7 7 7 7 7 7 7 7 7 7 7 7 7 7 7 7 7 7 7 7 6 7 7 7 7 7 7 7 6 7 7 7 7 7 7 7 7 7 6 6 7 6 7 6 7 7 6 7 7 7 7 6 7 6 6 7 7 7 0 0 7 0 0 7 0 -0.953 7 7 6 6 6 6 6 6 6 6 6 6 6 6 6 6 6 5 6 6 6 6 5
668,SIPP_2^4,"250,172,0","39,40,0",1,2572.2987779999985,8340,14.2748,54.37066,10.86361,21.72722,13 13 13 13 13 14 13 13 13 13 14 13 13 13 13 13 13 13 13 13 13 13 13 14 14 14 14 14 13 13 13 13 14 13 13 13 13 13 13 13 13 13 13 13 13 13 13 13 13 14 13 14 13 13 14 14 14 14 14 14 14 14 14 14 14 14 14 14 14 14 14 13 13 13 14 -1.020 14 15 15 15 15 15 15 14 14 14 14 14 14 14 14 14 14 14 15 14 14 13 13 12 12 12 14 13 13 13 13 13 13 -0.063 13 -1.284 13 14 14 14 -0.188 13 14 13 13 13 13 13 -1.084 14 -0.040 14 -1.521 13 13 13 13 13 13 13 12 12 12 12 12 12 12 12 12 12 11
668,SIPP_2^5,"250,172,0","39,40,0",1,2566.2222309999993,8688,38.23386,33.02585,6.57116,13.14233,26 26 26 26 26 26 26 26 26 26 26 26 26 26 26 26 27 27 27 27 27 27 26 26 26 26 26 26 26 26 26 26 26 26 26 26 26 26 27 27 27 27 26 26 27 28 28 28 28 27 27 28 28 28 28 28 28 28 28 28 28 -0.393 26 29 29 29 29 29 28 28 29 29 29 28 28 25 25 25 26 26 25 25 26 25 27 28 27 28 28 28 28 28 28 28 28 28 -0.547 24 -3.912 25 26 26 26 26 26 25 24 24 24 24 24 24 24 24 23
668,SIPP_BigCS,"250,172,10","39,40,5",0,-1,23534,180.25153,0.0,0.0,0.0,
668,SIPP_Standard,"250,172,10","39,40,5",1,2588.425838,54669,142.11194,50.86694,8.464,0.7554,61 61 69 50 69 50 61 61 61 61 61 61 61 69 30 50 77 58 66 54 66 38 19 69 -4.497 50 69 50 -4.929 77 82 3 7
669,SIPP_2^2,"61,234,0","188,30,0",0,-1,0,0.0,0.0,0.0,0.0,
669,SIPP_2^3,"61,234,0","188,30,0",0,-1,0,0.0,0.0,0.0,0.0,
669,SIPP_2^4,"61,234,0","188,30,0",0,-1,0,0.0,0.0,0.0,0.0,
669,SIPP_2^5,"61,234,0","188,30,0",0,-1,0,0.0,0.0,0.0,0.0,
669,SIPP_BigCS,"61,234,0","188,30,0",0,-1,0,0.0,0.0,0.0,0.0,
669,SIPP_Standard,"61,234,3","188,30,10",0,-1,75748,180.15058,0.0,0.0,0.0,
670,SIPP_2^2,"145,250,0","183,8,0",0,-1,0,0.0,0.0,0.0,0.0,
670,SIPP_2^3,"145,250,0","183,8,0",0,-1,0,0.0,0.0,0.0,0.0,
670,SIPP_2^4,"145,250,0","183,8,0",0,-1,0,0.0,0.0,0.0,0.0,
670,SIPP_2^5,"145,250,0","183,8,0",0,-1,0,0.0,0.0,0.0,0.0,
670,SIPP_BigCS,"145,250,0","183,8,0",0,-1,0,0.0,0.0,0.0,0.0,
670,SIPP_Standard,"145,250,12","183,8,9",0,-1,82407,180.00241,0.0,0.0,0.0,
671,SIPP_2^2,"1,39,0","222,157,0",0,-1,0,0.0,0.0,0.0,0.0,
671,SIPP_2^3,"1,39,0","222,157,0",0,-1,0,0.0,0.0,0.0,0.0,
671,SIPP_2^4,"1,39,0","222,157,0",0,-1,0,0.0,0.0,0.0,0.0,
671,SIPP_2^5,"1,39,0","222,157,0",0,-1,0,0.0,0.0,0.0,0.0,
671,SIPP_BigCS,"1,39,0","222,157,0",0,-1,0,0.0,0.0,0.0,0.0,
671,SIPP_Standard,"1,39,7","222,157,4",0,-1,70454,180.001,0.0,0.0,0.0,
672,SIPP_2^2,"142,224,0","237,4,0",0,-1,0,0.0,0.0,0.0,0.0,
672,SIPP_2^3,"142,224,0","237,4,0",0,-1,0,0.0,0.0,0.0,0.0,
672,SIPP_2^4,"142,224,0","237,4,0",0,-1,0,0.0,0.0,0.0,0.0,
672,SIPP_2^5,"142,224,0","237,4,0",0,-1,0,0.0,0.0,0.0,0.0,
672,SIPP_BigCS,"142,224,0","237,4,0",0,-1,0,0.0,0.0,0.0,0.0,
672,SIPP_Standard,"142,224,5","237,4,1",0,-1,0,4e-05,0.0,0.0,0.0,
673,SIPP_2^2,"57,5,0","7,254,0",0,-1,0,0.0,0.0,0.0,0.0,
673,SIPP_2^3,"57,5,0","7,254,0",0,-1,0,0.0,0.0,0.0,0.0,
673,SIPP_2^4,"57,5,0","7,254,0",0,-1,0,0.0,0.0,0.0,0.0,
673,SIPP_2^5,"57,5,0","7,254,0",0,-1,0,0.0,0.0,0.0,0.0,
673,SIPP_BigCS,"57,5,0","7,254,0",0,-1,0,0.0,0.0,0.0,0.0,
673,SIPP_Standard,"57,5,13","7,254,12",0,-1,76643,180.00045,0.0,0.0,0.0,
674,SIPP_2^2,"247,9,0","183,251,0",0,-1,0,0.0,0.0,0.0,0.0,
674,SIPP_2^3,"247,9,0","183,251,0",0,-1,0,0.0,0.0,0.0,0.0,
674,SIPP_2^4,"247,9,0","183,251,0",0,-1,0,0.0,0.0,0.0,0.0,
674,SIPP_2^5,"247,9,0","183,251,0",0,-1,0,0.0,0.0,0.0,0.0,
674,SIPP_BigCS,"247,9,0","183,251,0",0,-1,0,0.0,0.0,0.0,0.0,
674,SIPP_Standard,"247,9,1","183,251,8",0,-1,80163,180.00098,0.0,0.0,0.0,
675,SIPP_2^2,"24,23,0","205,212,0",1,3819.029362,56386,19.35168,728.31998,161.79202,323.58404,2 2 2 1 2 2 2 2 2 2 2 2 1 2 2 2 2 1 2 2 1 1 2 2 2 2 2 2 2 1 2 1 2 1 2 2 1 2 2 1 2 1 2 1 1 2 2 2 2 2 2 2 2 1 1 2 2 2 1 2 2 2 2 1 2 2 1 1 2 1 2 1 2 1 1 1 2 2 2 2 2 1 1 1 1 1 2 2 1 1 1 2 1 1 2 1 1 2 1 1 2 2 1 1 1 1 2 1 1 1 2 1 1 2 2 2 1 2 -14.285 1 1 1 2 2 2 2 2 2 2 2 2 2 2 2 2 2 2 2 2 2 1 1 1 1 2 1 2 2 2 2 2 2 1 2 1 1 2 2 1 2 2 2 2 2 2 2 2 2 2 2 2 2 2 2 2 2 2 2 2 1 1 1 1 1 1 1 1 1 1 1 1 1 2 1 1 1 1 1 1 2 2 2 2 2 2 2 2 2 1 2 2 2 2 2 2 2 2 2 2 2 2 2 2 2 2 2 2 2 2 2 2 2 2 2 2 2 2 2 2 2 2 2 2 2 2 2 2 2 2 1 1 1 2 2 1 1 2 2 1 2 1 2 2 2 2 2 2 1 2 1 2 1 1 1 1 1 1 1 1 1 1 1 1 1 1 1 1 1 1 1 1 2 2 2 2 2 2 1 2 1 1 1 1 1 1 1 1 1 0 1 1 1 0 1 0 1 1 0 1 1 1 -5.707 1 -15.389 1 -3.649 1 1 1 1 1 1 1 1 1 1 1 1 1 1 1 1 1 1 1 1 1 1 1 1 1 1 2 1 1 1 1 1 1 1 1 1 1 1 1 1 1 1 1 1 1 1 1 2 2 2 1 1 1 1 2 1
675,SIPP_2^3,"24,23,0","205,212,0",1,2901.1112279999966,18246,12.12799,182.71579,36.12832,72.25664,3 3 3 3 3 3 3 3 3 3 3 3 3 3 3 3 3 3 -1.076 3 -2.563 3 3 3 3 3 3 3 4 4 3 3 3 3 3 3 3 3 3 3 3 3 3 3 3 3 3 3 3 3 3 3 2 2 3 3 3 2 2 2 2 2 3 2 2 3 3 3 2 3 2 3 3 3 3 3 3 3 2 3 3 3 3 2 2 2 2 2 2 2 2 2 2 2 2 2 2 2 2 2 2 2 2 2 2 2 3 3 3 3 3 3 3 3 3 3 3 3 3 3 3 3 3 2 2 3 2 2 2 3 3 2 3 3 2 2 3 3 3 3 2 3 3 3 3 3 3 3 4 4 4 4 3 4 3 4 4 4 3 3 3 4 4 3 3 3 3 3 3 3 3 3 3 3 3 3 3 3 3 3 3 3 3 3 3 4 4 4 4 3 3 4 4 4 4 4 4 4 4 4 4 4 4 4 4 4 4 3 4 4 4 4 4 4 4 4 4 4 4 4 3 4 3 4 3 3 3 3 4 4 4 4 4 4 3
675,SIPP_2^4,"24,23,0","205,212,0",1,2712.505341999993,8488,15.27638,83.0411,16.54125,33.0825,6 6 6 6 6 6 6 6 6 6 6 6 6 6 6 6 5 6 7 6 7 7 6 6 6 6 6 6 6 6 6 6 6 5 5 5 5 6 5 6 6 5 5 5 6 5 6 5 5 5 6 6 6 6 6 6 6 6 5 6 6 6 6 6 5 5 5 5 5 6 6 7 7 7 6 6 6 6 6 6 6 6 6 6 7 6 6 6 6 6 -1.908 8 8 8 8 8 8 8 7 7 7 6 6 6 6 6 6 6 6 6 6 6 6 6 7 6 6 6 6 6 6 6 6 6 6 6 6 6 6 5 5 5 5 5 6 6 5 6 5 6 5 6 6 6 6 6 6 6 6 6 6 7 8 8 7 7 7 7 8 8 7 8 7 7 7 7 8 7
675,SIPP_2^5,"24,23,0","205,212,0",1,2697.840826999996,8028,35.83101,34.66368,6.90128,13.80257,12 12 12 12 12 12 12 12 12 12 11 12 12 12 12 12 12 -0.332 14 12 12 13 13 12 11 11 11 11 11 11 11 11 11 11 11 11 11 12 12 12 12 12 12 12 12 12 12 11 11 10 10 11 -0.345 12 12 12 12 12 12 12 12 12 12 12 12 12 12 12 13 13 13 -0.265 17 15 15 15 15 12 12 12 12 12 12 12 12 12 12 12 12 12 12 12 12 12 11 12 12 12 12 12 12 12 11 11 11 11 12 12 12 12 12 11 11 11 12 12 12 13 15 15 15 14 15 15 14 14 14 15
675,SIPP_BigCS,"24,23,2","205,212,7",0,-1,24148,180.18784,0.0,0.0,0.0,
675,SIPP_Standard,"24,23,2","205,212,7",1,2733.709772,45882,116.99136,54.31385,9.6758,0.95,72 71 28 -0.710 52 64 48 71 28 28 48 71 48 63 63 71 28 28 44 0 12 79 64 52 72 63 71 28 48 63 87 4 56 56
676,SIPP_2^2,"37,210,0","189,47,0",0,-1,0,0.0,0.0,0.0,0.0,
676,SIPP_2^3,"37,210,0","189,47,0",0,-1,0,0.0,0.0,0.0,0.0,
676,SIPP_2^4,"37,210,0","189,47,0",0,-1,0,0.0,0.0,0.0,0.0,
676,SIPP_2^5,"37,210,0","189,47,0",0,-1,0,0.0,0.0,0.0,0.0,
676,SIPP_BigCS,"37,210,0","189,47,0",0,-1,0,0.0,0.0,0.0,0.0,
676,SIPP_Standard,"37,210,10","189,47,4",0,-1,74008,180.31878,0.0,0.0,0.0,
677,SIPP_2^2,"192,17,0","21,168,0",1,3307.7480520000004,33126,11.22444,664.68037,147.65485,295.30971,2 2 2 2 2 2 2 2 2 2 2 2 3 2 3 3 3 3 3 3 3 3 3 3 2 3 3 3 3 3 3 2 3 2 3 2 2 2 2 3 3 3 3 3 3 3 3 3 3 3 3 0 3 3 3 3 3 3 3 3 3 3 3 3 3 3 3 3 3 3 3 3 3 0 0 3 3 3 3 3 3 3 3 3 3 3 3 3 3 3 3 3 3 3 3 3 3 3 3 3 2 3 3 2 2 3 2 2 2 2 2 2 2 2 2 2 2 2 2 2 2 2 2 2 2 2 2 2 2 2 2 2 2 2 2 2 3 2 2 2 3 2 2 2 2 3 2 2 2 3 3 3 3 2 2 2 3 2 2 2 2 2 2 2 2 2 2 2 2 2 2 2 3 3 3 2 2 2 3 3 3 3 2 3 3 2 3 3 3 2 3 3 3 2 3 3 2 3 2 3 3 3 2 2 3 3 3 3 3 2 3 2 3 2 3 2 3 2 3 3 2 3 3 2 3 3 3 2 2 2 2 3 3 2 3 2 2 3 2 2 3 3 3 3 3 2 3 2 3 3 3 2 3 3 2 3 2 3 2 2 3 3 3 3 2 3 3 -3.094 3 -3.938 0 3 3 3 3 3 3 3 3 3 -0.084 3 -0.151 3 -0.060 3 -0.420 3 2 3 3 3 3 3 2 2 2 3 3 2 2 2 2 2 2 2 2 2 2 2 2 2 2 2 2 2 2 2 2 2 2 2 2 3 2 2 2 2 2 2 2 2 2 2 3 2
677,SIPP_2^3,"192,17,0","21,168,0",1,2761.5400489999965,10822,6.97498,242.83769,47.90929,95.81858,6 6 6 6 6 6 6 6 6 6 5 5 5 5 6 6 5 5 5 5 5 5 5 5 5 5 6 6 6 6 6 6 5 6 6 5 6 6 6 6 6 6 6 6 5 6 6 6 6 6 6 7 7 7 7 7 6 6 6 6 6 6 6 6 6 6 6 6 6 6 -4.101 6 6 -0.799 6 5 6 5 5 5 5 5 5 5 5 5 5 5 5 5 5 4 4 4 4 4 4 4 4 4 4 4 4 4 5 4 5 5 5 5 5 5 4 5 5 5 4 5 5 4 5 5 5 5 4 4 5 4 4 5 5 5 4 5 5 5 5 5 4 5 5 4 4 5 4 4 5 4 5 5 6 6 6 6 6 6 6 6 6 6 5 5 5 5 5 5 5 6 5 6 5 5 4 5 4 4 5 5 5 5 5 5 5 6 6 6 6 6 6 5 5 5 5 5 5 5 5 6 6 5 5 5 4 4 4 4 4 4 4 4 3 3 4 4 5 5 4 4 4 4 4 4 4 4 4 4 4 4 4 4 4 5 4 4 5
677,SIPP_2^4,"192,17,0","21,168,0",1,2672.3965109999967,8339,13.79018,85.61599,17.02299,34.04599,12 12 12 12 12 12 12 12 12 12 10 10 10 10 10 10 10 10 11 11 11 11 12 12 12 12 12 12 12 12 12 11 12 11 11 11 11 -1.360 12 12 12 12 12 13 13 13 13 13 12 13 12 13 12 13 -0.634 12 12 10 10 -0.458 10 10 10 10 10 10 10 10 10 10 10 10 10 10 10 9 9 9 9 9 9 9 9 9 9 9 9 9 9 9 9 9 9 9 9 9 9 9 9 9 9 9 9 9 10 10 12 11 11 11 11 12 12 11 12 -13.223 11 -0.762 11 -0.459 11 11 8 9 10 10 9 9 10 10 10 11 11 11 11 11 11 11 11 10 10 10 8 8 8 8 8 8 8 8 8 8 8 8 8 8 8 8 8 8 8 8 8 8 8 8 8 8 8 9 8 8 9
677,SIPP_2^5,"192,17,0","21,168,0",1,2662.6729920000002,8232,33.69755,46.84029,9.32502,18.65005,24 24 24 24 24 24 24 24 24 23 20 20 20 21 20 20 20 21 23 23 23 23 23 23 23 24 24 24 25 26 26 26 26 26 26 26 26 25 -0.255 22 20 20 -0.002 19 20 20 20 20 20 20 20 20 20 20 20 20 20 20 18 18 18 18 18 18 18 18 18 18 18 18 18 18 18 18 18 18 18 18 18 18 18 18 18 18 18 18 19 19 19 19 19 20 20 20 20 20 20 20 20 23 23 23 23 23 23 24 23 24 23 23 24 24 20 20 16 16 16 16 16 16 16 16 16 16 16 16 16 16 16 16 16 16 16 16 16 16 16 16 17 16 16 16 17
677,SIPP_BigCS,"192,17,6","21,168,8",0,-1,31202,180.2216,0.0,0.0,0.0,
677,SIPP_Standard,"192,17,6","21,168,8",1,2842.0,62764,147.43757,103.54416,19.2436,2.6306,96 78 99 109 47 19 101 107 38 11 47 11 51 62 62 62 62 70 51 70 51 70 51 70 55 91 3 7 91 15 102 56 88 4
678,SIPP_2^2,"41,32,0","155,253,0",1,3376.1221830000004,35040,12.21217,791.95959,175.92919,351.85838,1 2 2 2 2 2 2 2 2 2 2 1 1 2 2 1 1 2 1 2 1 2 1 2 2 2 2 1 2 2 1 1 2 2 2 1 1 1 1 1 1 1 1 1 1 1 2 2 2 2 2 2 2 1 1 2 1 1 2 2 1 2 2 1 2 2 2 2 2 2 1 2 2 2 2 2 2 1 1 2 2 2 2 2 2 2 2 2 1 2 2 2 2 1 1 2 2 2 2 2 2 2 2 2 2 2 2 2 2 2 2 2 2 2 2 2 2 2 2 2 1 2 1 2 2 2 1 1 2 2 1 1 1 2 1 1 1 2 1 1 1 1 1 1 1 1 2 2 1 2 2 2 2 2 2 1 2 2 2 1 2 2 2 2 1 2 1 1 2 2 2 1 1 2 1 2 2 2 1 2 2 2 1 2 2 2 2 2 2 2 2 2 2 1 2 1 2 2 2 2 2 2 2 2 1 2 2 2 2 2 2 1 1 1 1 1 1 1 2 1 1 1 1 1 1 2 1 2 1 2 1 2 2 2 1 1 2 2 2 2 2 1 1 2 1 2 2 2 1 2 2 2 2 1 2 2 2 2 2 2 1 1 2 1 1 1 1 1 2 1 1 2 2 1 2 2 2 1 1 1 2 2 2 2 1 1 1 1 2 2 2 2 2 1 2 1 2 1 2 2 2 2 2 2 2 2 2 2 2 2 2 2 2 2 2 2 2 2 1 2 2 2 2 2 2 -16.077 2 -9.951 2 -0.094 2 2 2 1 2 1 1 1
678,SIPP_2^3,"41,32,0","155,253,0",1,2712.0150429999994,12545,8.38769,257.67753,51.05088,102.10176,3 4 4 4 3 4 4 4 4 3 3 3 3 3 3 3 4 4 4 4 4 3 3 3 -1.652 4 3 3 3 2 2 3 3 3 3 3 3 -2.620 3 3 4 4 4 4 4 4 4 4 3 3 4 4 3 4 4 3 3 3 4 4 4 4 4 3 3 3 4 4 4 4 4 4 4 4 4 4 4 4 4 4 4 4 4 4 4 4 3 3 4 3 4 3 4 4 4 3 3 3 3 3 3 4 3 3 3 3 3 3 3 3 3 3 3 3 3 3 3 3 4 4 3 4 3 3 4 4 4 4 4 4 4 4 4 4 4 4 4 3 3 3 3 3 3 3 4 3 3 3 3 3 3 4 3 3 3 3 3 4 3 3 4 3 4 3 4 4 4 4 4 4 4 3 4 3 4 3 4 3 3 3 4 4 3 4 3 4 4 4 4 4 4 4 3 3 3 3 3 3 4 3 -2.108 3 3 3 4 3 4 4 4 4 4 4 4 4 4 4 4 4 3 3 3 3 3 3 3 3 2 2
678,SIPP_2^4,"41,32,0","155,253,0",1,2586.4122249999964,7002,12.31886,71.91761,14.31702,28.63404,7 7 7 7 7 6 7 7 7 7 7 8 8 8 8 7 5 5 5 5 5 6 6 -0.999 6 7 7 7 7 7 7 7 7 7 7 7 7 7 7 7 7 7 7 7 7 7 8 6 6 6 6 6 6 6 6 6 6 6 7 6 7 7 6 6 7 8 8 8 8 7 7 7 7 7 7 7 7 7 7 7 7 8 8 8 8 8 8 7 7 7 7 8 8 7 7 7 7 7 7 8 8 7 6 6 6 6 7 7 7 7 7 6 6 7 6 7 7 7 7 7 7 7 7 7 7 7 8 9 8 8 8 8 8 8 8 8 8 8 8 8 8 8 8 6 6 4 4
678,SIPP_2^5,"41,32,0","155,253,0",1,2560.663268999998,5726,25.67648,37.96026,7.59822,15.19643,14 14 14 14 14 13 14 14 15 16 16 16 14 -0.169 14 11 10 10 10 10 12 -2.462 12 14 14 14 14 14 14 14 14 14 14 14 14 14 14 14 14 14 14 14 14 14 15 14 14 14 15 15 15 15 15 15 12 12 12 12 12 13 13 13 13 12 13 13 12 12 15 15 15 15 15 15 15 14 14 15 14 14 14 14 14 14 15 13 13 13 13 13 14 14 14 14 14 14 15 16 16 16 16 16 16 16 16 16 16 16 16 16 16 16 16 12 12 8 8
678,SIPP_BigCS,"41,32,5","155,253,7",0,-1,24852,180.22097,0.0,0.0,0.0,
678,SIPP_Standard,"41,32,5","155,253,7",1,2623.219562,46111,117.14028,64.98044,11.1429,1.4685,52 56 88 -2.220 12 63 87 8 52 56 56 56 64 28 28 52 56 56 56 56 64 52 88 0 8 52 56 56 88 20 35 80
679,SIPP_2^2,"0,23,0","252,66,0",0,-1,0,0.0,0.0,0.0,0.0,
679,SIPP_2^3,"0,23,0","252,66,0",0,-1,0,0.0,0.0,0.0,0.0,
679,SIPP_2^4,"0,23,0","252,66,0",0,-1,0,0.0,0.0,0.0,0.0,
679,SIPP_2^5,"0,23,0","252,66,0",0,-1,0,0.0,0.0,0.0,0.0,
679,SIPP_BigCS,"0,23,0","252,66,0",0,-1,0,0.0,0.0,0.0,0.0,
679,SIPP_Standard,"0,23,0","252,66,9",0,-1,0,1e-05,0.0,0.0,0.0,
680,SIPP_2^2,"34,242,0","122,14,0",0,-1,0,0.0,0.0,0.0,0.0,
680,SIPP_2^3,"34,242,0","122,14,0",0,-1,0,0.0,0.0,0.0,0.0,
680,SIPP_2^4,"34,242,0","122,14,0",0,-1,0,0.0,0.0,0.0,0.0,
680,SIPP_2^5,"34,242,0","122,14,0",0,-1,0,0.0,0.0,0.0,0.0,
680,SIPP_BigCS,"34,242,0","122,14,0",0,-1,0,0.0,0.0,0.0,0.0,
680,SIPP_Standard,"34,242,10","122,14,9",0,-1,81769,180.00157,0.0,0.0,0.0,
681,SIPP_2^2,"251,7,0","19,107,0",0,-1,0,0.0,0.0,0.0,0.0,
681,SIPP_2^3,"251,7,0","19,107,0",0,-1,0,0.0,0.0,0.0,0.0,
681,SIPP_2^4,"251,7,0","19,107,0",0,-1,0,0.0,0.0,0.0,0.0,
681,SIPP_2^5,"251,7,0","19,107,0",0,-1,0,0.0,0.0,0.0,0.0,
681,SIPP_BigCS,"251,7,0","19,107,0",0,-1,0,0.0,0.0,0.0,0.0,
681,SIPP_Standard,"251,7,10","19,107,1",0,-1,0,3e-05,0.0,0.0,0.0,
682,SIPP_2^2,"130,15,0","23,244,0",0,-1,0,0.0,0.0,0.0,0.0,
682,SIPP_2^3,"130,15,0","23,244,0",0,-1,0,0.0,0.0,0.0,0.0,
682,SIPP_2^4,"130,15,0","23,244,0",0,-1,0,0.0,0.0,0.0,0.0,
682,SIPP_2^5,"130,15,0","23,244,0",0,-1,0,0.0,0.0,0.0,0.0,
682,SIPP_BigCS,"130,15,0","23,244,0",0,-1,0,0.0,0.0,0.0,0.0,
682,SIPP_Standard,"130,15,5","23,244,4",0,-1,0,1e-05,0.0,0.0,0.0,
683,SIPP_2^2,"16,76,0","214,231,0",1,3670.0,51130,17.85807,318.19805,70.68583,141.37167,2 2 2 2 2 2 2 2 2 2 2 3 3 2 2 2 3 3 2 2 3 3 2 2 2 2 2 2 2 3 2 2 2 2 2 2 2 2 2 2 2 2 2 2 2 2 2 2 2 2 2 2 2 2 2 2 2 2 2 2 2 2 2 2 2 2 2 2 2 2 2 2 2 2 2 2 1 1 1 1 1 1 1 1 1 1 1 1 1 1 1 1 1 1 1 1 1 1 1 1 1 1 1 1 1 1 1 1 1 1 1 1 1 1 1 1 2 2 2 1 2 1 1 1 1 1 1 1 1 1 1 1 1 1 1 1 1 1 1 1 1 1 1 1 1 1 1 1 1 1 1 1 1 1 1 1 1 1 1 1 1 1 1 1 1 1 1 1 1 1 1 1 1 1 1 1 1 2 1 1 1 1 2 1 2 1 1 1 1 1 1 1 1 1 1 1 1 1 1 1 1 1 1 1 1 1 1 1 1 1 1 1 1 1 1 1 1 1 1 1 1 1 1 1 1 1 1 1 1 1 1 1 1 1 1 1 1 1 1 1 1 1 2 1 1 1 1 1 1 1 1 1 1 1 1 1 1 1 1 1 1 1 1 1 1 1 2 2 2 2 2 2 2 2 2 2 2 2 2 2 2 2 2 2 2 2 2 2 2 2 2 2 2 2 1 2 2 2 2 2 2 2 2 2 1 1 1 1 1 2 1 2 2 2 2 2 2 2 2 2 2 2 2 2 2 2 2 2 2 2 2 2 2 1 2 1 2 1 2 2 2 1 2 2 1 2 2 2 2 2 1 2 2 2 2 1 1 1 1 2 1 1 1 1 1 2 1
683,SIPP_2^3,"16,76,0","214,231,0",1,2912.325447999995,13720,9.4094,243.30792,47.90929,95.81858,1 1 2 1 2 1 2 2 2 1 2 1 1 2 1 1 2 1 2 1 2 2 2 2 2 2 2 3 3 3 3 3 3 3 3 3 3 3 3 2 2 3 2 3 3 3 3 3 3 3 2 2 2 2 2 3 3 3 3 3 3 3 3 3 3 4 4 4 4 3 3 3 3 3 3 3 2 2 2 3 2 2 2 3 2 3 3 3 3 3 3 3 3 3 3 3 3 3 3 3 3 3 3 3 3 3 4 4 4 3 3 2 2 2 2 2 2 2 2 3 2 2 3 3 2 3 3 3 3 3 3 3 3 3 3 3 3 3 3 3 3 3 3 3 3 3 3 3 3 3 3 3 3 3 3 3 3 3 2 2 2 2 2 2 2 2 3 3 2 3 3 2 3 3 2 3 2 3 3 3 2 3 3 3 3 4 4 4 3 4 4 4 4 4 4 4 4 4 4 4 4 4 4 4 4 4 4 3 3 3 3 3 3 3 3 4 3 3 3 4 3 3 3 3 3 3 3 4 4 4 3 4
683,SIPP_2^4,"16,76,0","214,231,0",1,2747.864495999991,7705,13.95268,71.44693,14.17513,28.35025,3 3 3 4 4 3 4 4 3 3 3 3 3 4 4 4 4 4 4 4 6 6 6 6 5 6 6 6 6 6 6 5 5 5 5 5 5 5 5 5 5 5 5 5 5 5 6 6 5 6 6 6 6 6 6 6 6 6 6 6 6 6 6 6 6 6 6 6 6 6 6 6 6 6 6 5 5 5 5 5 5 4 6 6 6 6 6 6 6 6 6 6 6 6 6 5 6 6 6 6 6 6 6 6 6 6 6 6 6 6 6 6 6 6 5 6 6 6 6 6 6 6 5 6 6 6 6 5 5 5 5 5 6 6 6 6 7 7 7 8 8 7 7 7 7 7 8 7 7 7 7 7 8 8 8 7 7 8 7 7 7 7 6 7 6
683,SIPP_2^5,"16,76,0","214,231,0",1,2730.9737159999945,6719,30.12456,31.58019,6.30491,12.60983,6 6 7 7 7 7 7 6 7 8 8 8 8 9 12 12 12 12 -0.083 10 12 13 11 10 10 10 10 10 10 10 10 10 10 10 10 10 11 11 12 12 12 12 12 12 12 12 12 12 12 12 11 12 12 12 12 12 12 12 12 12 12 12 12 12 10 10 10 10 10 11 11 12 12 12 12 12 12 11 11 11 12 12 12 12 12 12 12 12 12 12 12 12 12 12 12 12 12 12 12 12 12 12 12 12 12 11 11 11 11 12 12 12 12 12 14 14 14 14 14 14 15 15 15 14 14 14 15 15 15 15 13 14 14 13
683,SIPP_BigCS,"16,76,2","214,231,8",0,-1,24930,180.17485,0.0,0.0,0.0,
683,SIPP_Standard,"16,76,2","214,231,8",1,2775.6955040000003,35003,94.24073,53.83363,8.9796,0.8072,57 57 89 25 -13.696 72 63 63 63 63 71 48 71 48 63 71 28 52 72 71 48 71 28 28 48 79 64 52 56 88 4 56 56 64
684,SIPP_2^2,"140,2,0","54,221,0",0,-1,0,0.0,0.0,0.0,0.0,
684,SIPP_2^3,"140,2,0","54,221,0",0,-1,0,0.0,0.0,0.0,0.0,
684,SIPP_2^4,"140,2,0","54,221,0",0,-1,0,0.0,0.0,0.0,0.0,
684,SIPP_2^5,"140,2,0","54,221,0",0,-1,0,0.0,0.0,0.0,0.0,
684,SIPP_BigCS,"140,2,0","54,221,0",0,-1,0,0.0,0.0,0.0,0.0,
684,SIPP_Standard,"140,2,3","54,221,11",0,-1,76601,180.00059,0.0,0.0,0.0,
685,SIPP_2^2,"246,131,0","25,253,0",0,-1,0,0.0,0.0,0.0,0.0,
685,SIPP_2^3,"246,131,0","25,253,0",0,-1,0,0.0,0.0,0.0,0.0,
685,SIPP_2^4,"246,131,0","25,253,0",0,-1,0,0.0,0.0,0.0,0.0,
685,SIPP_2^5,"246,131,0","25,253,0",0,-1,0,0.0,0.0,0.0,0.0,
685,SIPP_BigCS,"246,131,0","25,253,0",0,-1,0,0.0,0.0,0.0,0.0,
685,SIPP_Standard,"246,131,4","25,253,7",0,-1,75499,180.00139,0.0,0.0,0.0,
686,SIPP_2^2,"214,203,0","4,62,0",1,3705.630809,45202,15.8261,544.47222,120.95132,241.90263,3 3 3 3 3 3 3 3 3 3 3 3 3 3 0 0 0 0 0 0 0 0 0 0 0 0 0 0 0 0 0 0 0 3 3 3 3 0 3 0 3 0 0 0 0 3 3 3 3 0 3 3 0 3 3 3 3 3 3 3 0 3 0 0 3 3 3 3 3 3 3 3 3 3 3 3 3 3 3 3 3 3 3 3 3 3 3 0 3 3 0 0 3 3 0 3 0 3 3 0 0 3 0 0 0 3 0 3 3 0 0 3 0 0 3 3 0 3 3 3 3 3 3 0 3 3 3 3 3 3 0 0 3 0 3 3 3 3 3 3 3 3 0 3 0 0 0 3 0 3 0 0 3 3 3 0 3 3 3 3 3 3 0 3 3 3 3 3 3 3 3 3 3 3 3 3 3 3 3 3 3 3 3 3 3 3 3 3 3 3 0 0 0 3 0 0 0 0 0 0 0 3 3 0 3 3 3 3 0 -8.830 0 0 3 3 3 3 3 3 3 3 3 3 3 3 3 3 3 3 3 3 3 3 3 3 3 3 3 3 3 3 3 3 3 3 3 3 3 3 3 3 3 3 3 3 3 3 3 3 3 3 3 3 3 3 3 3 3 3 3 3 3 3 3 3 3 0 3 3 3 3 3 0 0 0 0 0 0 0 3 0 0 0 1 1 0 0 0 0 0 0 0 0 0 0 0 0 0 1 0 0 1 0 -3.068 0 0 -1.125 0 0 0 0 0 0 0 0 0 0 0 0 0 0 0 0 0 0 0 0 0 0 0 0 0 0 0 0 0 0 0 0 0 0 0 -13.142 1 -12.370 1 -1.076 1 -1.489 0 -13.612 0 -0.918 0 3 3 3 3 3 3 3 3 3 3 0
686,SIPP_2^3,"214,203,0","4,62,0",1,2748.4776799999963,8375,5.5495,130.82323,25.91814,51.83628,6 6 6 6 6 6 6 6 6 6 6 6 7 7 0 0 0 0 7 7 7 7 7 0 0 0 0 7 0 7 0 0 7 7 7 6 6 6 6 6 7 6 6 6 6 7 7 7 7 7 7 7 7 7 7 7 7 7 7 7 7 7 7 7 7 7 7 7 7 7 7 7 7 7 7 7 7 7 7 7 7 7 7 7 7 7 7 7 7 7 7 7 7 7 7 7 7 7 7 7 7 7 7 7 7 7 7 7 7 7 7 7 7 7 7 7 7 7 7 7 7 7 7 7 7 7 7 7 7 7 7 7 7 7 7 7 7 7 7 7 7 7 7 6 7 7 6 6 6 6 7 6 6 6 6 6 6 6 6 6 6 6 6 6 6 6 6 6 6 7 6 7 7 7 7 7 6 6 6 6 6 7 6 7 6 6 6 6 6 6 6 6 6 6 6 6 6 6 7 6 7 7 7 7 7 6 6 6 6 6 6 7 6 6 6 6 6 6 6 6 7
686,SIPP_2^4,"214,203,0","4,62,0",1,2686.333623999993,7561,13.29451,74.96929,15.00841,30.01682,12 12 12 12 12 12 12 12 12 12 12 12 14 14 15 15 15 15 15 15 0 0 0 15 15 14 14 13 13 13 13 13 13 13 14 14 13 13 14 14 14 14 14 14 14 14 14 14 14 14 14 14 14 14 14 14 14 14 13 13 13 14 13 13 13 14 13 14 13 14 14 14 14 14 13 14 14 14 14 14 14 14 14 14 13 14 14 13 14 14 14 14 14 14 14 14 14 13 14 13 13 13 13 13 13 13 14 14 14 14 13 13 14 14 13 14 13 13 13 14 14 13 13 13 13 13 13 13 13 13 13 13 13 13 13 13 13 13 13 13 13 13 13 14 13 13 13 14 14 13 12 10 10 8 8 8
686,SIPP_2^5,"214,203,0","4,62,0",1,2683.1585410000002,8302,36.24432,26.54428,5.25326,10.50652,24 24 24 24 24 24 24 24 24 24 24 24 28 28 31 31 31 30 30 30 30 30 28 28 28 28 28 28 28 28 28 28 28 28 28 28 28 28 29 28 28 28 27 27 27 27 27 27 27 27 27 27 27 28 28 28 28 28 27 28 28 28 27 27 27 27 27 27 27 27 27 27 27 27 27 27 27 27 27 27 27 27 27 27 27 27 26 26 26 26 26 26 26 26 26 26 26 26 26 26 26 26 26 26 26 26 26 26 26 -0.628 25 20 17 16 16
686,SIPP_BigCS,"214,203,8","4,62,1",0,-1,25657,180.15565,0.0,0.0,0.0,
686,SIPP_Standard,"214,203,8","4,62,1",1,2690.7384490000004,31484,81.69307,59.48856,10.8259,0.9757,3 23 46 6 58 66 30 50 69 50 69 50 69 50 69 50 69 50 69 50 69 50 69 50 61 61 69 50 61 61 69 34 -7.738 75
687,SIPP_2^2,"128,55,0","241,223,0",0,-1,0,0.0,0.0,0.0,0.0,
687,SIPP_2^3,"128,55,0","241,223,0",0,-1,0,0.0,0.0,0.0,0.0,
687,SIPP_2^4,"128,55,0","241,223,0",0,-1,0,0.0,0.0,0.0,0.0,
687,SIPP_2^5,"128,55,0","241,223,0",0,-1,0,0.0,0.0,0.0,0.0,
687,SIPP_BigCS,"128,55,0","241,223,0",0,-1,0,0.0,0.0,0.0,0.0,
687,SIPP_Standard,"128,55,9","241,223,15",0,-1,11,0.01276,0.0,0.0,0.0,
688,SIPP_2^2,"134,24,0","22,246,0",0,-1,0,0.0,0.0,0.0,0.0,
688,SIPP_2^3,"134,24,0","22,246,0",0,-1,0,0.0,0.0,0.0,0.0,
688,SIPP_2^4,"134,24,0","22,246,0",0,-1,0,0.0,0.0,0.0,0.0,
688,SIPP_2^5,"134,24,0","22,246,0",0,-1,0,0.0,0.0,0.0,0.0,
688,SIPP_BigCS,"134,24,0","22,246,0",0,-1,0,0.0,0.0,0.0,0.0,
688,SIPP_Standard,"134,24,4","22,246,4",0,-1,0,2e-05,0.0,0.0,0.0,
689,SIPP_2^2,"216,67,0","18,209,0",0,-1,0,0.0,0.0,0.0,0.0,
689,SIPP_2^3,"216,67,0","18,209,0",0,-1,0,0.0,0.0,0.0,0.0,
689,SIPP_2^4,"216,67,0","18,209,0",0,-1,0,0.0,0.0,0.0,0.0,
689,SIPP_2^5,"216,67,0","18,209,0",0,-1,0,0.0,0.0,0.0,0.0,
689,SIPP_BigCS,"216,67,0","18,209,0",0,-1,0,0.0,0.0,0.0,0.0,
689,SIPP_Standard,"216,67,2","18,209,14",0,-1,85766,180.00009,0.0,0.0,0.0,
690,SIPP_2^2,"243,82,0","3,72,0",1,3500.5687980000002,36122,12.77095,417.193,95.81858,191.63715,1 1 1 1 2 1 2 2 2 2 2 3 2 2 3 2 2 2 3 2 3 3 3 3 2 3 3 3 2 3 3 3 3 3 3 3 3 3 3 3 3 3 3 3 3 3 3 3 3 3 3 3 3 2 2 3 2 3 3 3 3 3 2 2 3 3 3 3 3 2 2 2 2 2 2 2 3 3 3 3 3 3 3 3 3 3 3 3 3 2 3 3 3 -16.842 3 -1.137 3 3 3 3 3 3 3 3 2 3 3 3 3 3 3 3 3 3 3 3 3 3 3 3 3 3 3 3 3 3 3 3 3 3 3 3 3 3 3 3 3 3 3 3 3 3 3 3 3 3 3 3 0 0 0 0 3 0 0 0 -79.274 2 -21.857 3 -3.309 3 3 -2.382 3 -1.169 3 -0.106 3 -0.013 3 3 3 3 3 3 3 3 3 3 -0.987 3 -9.931 3 -0.022 3 3 0 3 0 0 0 0 3 3 0 0 3 -2.537 0 -12.418 0 0 0 3 3 3 3 0 3 0 0 3 0 3 3 3 3 3 0 0 0 0 -2.614 0 0 -1.519 0 -0.151 0 0 3 0 3 3 3 3 3 3 3 3 3 3 3 3 3 3 3 3 3 3 3 3 3 3 3 3 3 3 3 3 3 3 0 -20.898 0 3 0 0 0 0 0 0 0 3 3 0 0 0 3 3 3 3 3 3 3 3 3 3 3 3 3 3 3 3 3 3 3 3 3 3 3 3 3 3 3 3 3 3 3 3 3 3 3 3 3 3 3 3 3 3 3 3 3 3 3 3 3 3 3 3 3 3 3 3 3 3 -19.638 0 -0.909 3 -1.113 3 -0.006 3 -0.084 2 -0.626 2 -1.027 3 2 2 2 2
690,SIPP_2^3,"243,82,0","3,72,0",1,2901.2195730000003,12286,7.91313,257.48801,51.05088,102.10176,6 6 6 7 7 7 7 7 7 6 6 6 6 6 6 6 6 6 6 6 6 6 6 5 6 6 6 6 6 6 6 5 6 6 6 6 6 5 5 5 4 5 4 4 5 4 5 4 5 4 5 5 5 4 5 5 5 5 4 4 4 4 4 4 5 5 5 5 6 5 5 5 6 5 -52.824 6 -3.049 0 7 7 6 6 6 6 6 7 7 7 7 7 6 6 6 6 6 7 7 7 7 7 7 6 6 6 6 6 6 6 6 6 6 6 6 6 6 6 6 6 6 6 6 6 6 6 6 6 6 6 6 6 6 6 6 6 6 6 6 6 6 6 6 6 6 6 6 6 6 6 6 6 6 6 6 6 6 6 6 6 6 6 6 6 6 6 7 7 7 6 7 7 7 7 6 7 6 6 7 7 6 6 7 7 6 6 6 6 7 6 7 6 6 7 6 7 6 6 6 7 7 6 6 6 6 6 6 6 6 6 6 7 6 7 6 7 7 7 6 6 6 6 6 6 6 6 6 6 6 7 6 6 6 6 6 6 7 7 7 7 6 -2.286 6 -0.394 6 6 -1.810 6 -2.510 6 -0.093 6 -0.020 6 6 6 6 6 6 6 6 6 6 5
690,SIPP_2^4,"243,82,0","3,72,0",1,2872.033989999999,13771,23.19045,74.46996,14.42096,28.84193,14 14 13 13 13 13 12 11 11 11 12 12 12 12 12 12 12 12 12 12 12 12 12 12 12 12 12 12 12 12 12 10 10 9 9 9 9 9 9 9 9 9 9 9 9 9 10 10 11 11 12 12 -80.182 12 -0.106 8 -0.013 8 -3.772 15 14 12 12 12 12 12 13 13 13 13 13 13 13 13 13 13 13 13 12 12 12 12 12 12 12 12 12 12 12 12 12 12 12 12 13 13 13 13 13 13 13 13 13 12 12 12 12 12 12 12 12 12 12 12 12 12 12 12 12 12 12 12 13 13 13 13 13 13 13 13 13 13 13 13 13 13 13 13 13 13 13 13 13 13 13 13 13 13 13 12 12 12 -2.597 12 12 12 12 12 12 12 12 12 12 12 12 12 11 12 12 12 12 12 12 -0.391 11 -1.200 11 11 11 10 11 11 11 10
690,SIPP_2^5,"243,82,0","3,72,0",1,2864.966268999999,14497,57.84477,53.72038,10.72383,21.44766,8 8 8 12 12 16 16 17 17 20 20 22 22 23 23 23 23 23 23 23 23 23 23 23 22 23 23 23 23 23 24 24 24 23 23 24 20 20 19 20 20 20 21 22 25 25 25 25 24 24 28 27 27 27 27 27 26 26 26 26 26 26 26 26 26 26 26 26 26 26 26 26 26 26 26 26 26 26 26 26 26 27 26 26 26 26 26 26 26 26 27 26 26 26 27 26 27 26 26 27 28 28 24 -2.022 24 24 24 24 24 24 24 24 24 24 24 24 24 24 24 23 23 23 22 21 21 22 22 21
690,SIPP_BigCS,"243,82,7","3,72,5",0,-1,28610,180.2086,0.0,0.0,0.0,
690,SIPP_Standard,"243,82,7","3,72,5",1,2891.602925,62700,136.38452,98.07605,18.0779,2.571,25 104 47 11 43 93 11 -3.990 55 59 91 11 -28.523 43 93 23 38 23 38 3 23 38 23 50 61 61 61 61 61 93 3 3 3 -8.010 3 -2.080 7 91
691,SIPP_2^2,"234,224,0","134,3,0",0,-1,0,0.0,0.0,0.0,0.0,
691,SIPP_2^3,"234,224,0","134,3,0",0,-1,0,0.0,0.0,0.0,0.0,
691,SIPP_2^4,"234,224,0","134,3,0",0,-1,0,0.0,0.0,0.0,0.0,
691,SIPP_2^5,"234,224,0","134,3,0",0,-1,0,0.0,0.0,0.0,0.0,
691,SIPP_BigCS,"234,224,0","134,3,0",0,-1,0,0.0,0.0,0.0,0.0,
691,SIPP_Standard,"234,224,2","134,3,1",0,-1,0,2e-05,0.0,0.0,0.0,
692,SIPP_2^2,"14,1,0","228,158,0",0,-1,0,0.0,0.0,0.0,0.0,
692,SIPP_2^3,"14,1,0","228,158,0",0,-1,0,0.0,0.0,0.0,0.0,
692,SIPP_2^4,"14,1,0","228,158,0",0,-1,0,0.0,0.0,0.0,0.0,
692,SIPP_2^5,"14,1,0","228,158,0",0,-1,0,0.0,0.0,0.0,0.0,
692,SIPP_BigCS,"14,1,0","228,158,0",0,-1,0,0.0,0.0,0.0,0.0,
692,SIPP_Standard,"14,1,11","228,158,0",0,-1,0,2e-05,0.0,0.0,0.0,
693,SIPP_2^2,"34,41,0","170,252,0",0,-1,0,0.0,0.0,0.0,0.0,
693,SIPP_2^3,"34,41,0","170,252,0",0,-1,0,0.0,0.0,0.0,0.0,
693,SIPP_2^4,"34,41,0","170,252,0",0,-1,0,0.0,0.0,0.0,0.0,
693,SIPP_2^5,"34,41,0","170,252,0",0,-1,0,0.0,0.0,0.0,0.0,
693,SIPP_BigCS,"34,41,0","170,252,0",0,-1,0,0.0,0.0,0.0,0.0,
693,SIPP_Standard,"34,41,13","170,252,14",0,-1,70635,180.00175,0.0,0.0,0.0,
694,SIPP_2^2,"242,218,0","41,54,0",1,3974.705378,43734,14.34811,890.95454,197.92034,395.84067,2 3 3 3 3 2 2 2 2 3 3 2 2 3 3 3 3 3 3 3 3 3 3 3 3 3 3 3 3 0 0 -87.382 3 3 3 3 3 3 3 3 3 3 3 0 3 0 0 0 0 3 0 3 0 0 0 0 3 0 0 0 0 0 0 0 0 0 0 3 3 3 3 3 0 0 0 0 0 0 0 0 0 0 0 3 3 3 3 0 3 0 3 0 0 0 0 0 0 0 0 0 0 3 3 3 3 3 3 3 3 3 0 3 3 3 3 3 3 3 0 3 3 3 0 3 0 3 3 3 3 3 3 3 3 3 3 3 3 3 3 3 3 3 3 3 3 3 3 3 3 3 0 0 3 3 0 3 0 0 0 0 3 0 0 3 0 0 3 0 0 0 3 3 3 3 3 3 3 0 3 0 3 3 3 0 0 0 0 0 3 0 0 3 3 0 0 3 0 3 0 3 0 0 0 0 0 0 0 0 3 3 3 3 3 0 0 0 3 3 0 3 0 0 3 3 0 0 3 3 3 0 3 0 0 3 0 0 3 3 0 0 0 3 0 0 0 3 3 0 0 0 3 3 0 0 3 -3.186 0 3 -7.527 3 -0.310 3 3 3 3 3 -48.631 2 3 -10.956 3 3 3 3 3 0 0 0 0 3 3 3 0 0 0 0 0 0 0 0 0 0 0 0 0 0 0 0 3 0 0 0 0 0 0 0 3 0 0 0 3 3 3 0 3 0 3 3 0 0 3 3 3 0 0 0 3 3 0 3 3 3 3 3 0 0 0 3 0 3 3 3 3 0 0 0 0 0 3 3 0 0 3 3 3 3 3 3 3 3 0 3 3 3 3 3 0 0 0 3 0 0 3 3 0 0 0 3 0 0 3 3 0 0 3 3 -6.714 0
694,SIPP_2^3,"242,218,0","41,54,0",1,2915.649826999998,10599,6.53509,262.34193,51.83628,103.67256,7 0 0 0 7 0 0 7 7 7 7 7 0 0 7 7 7 0 0 0 0 0 0 0 0 0 0 0 0 0 0 0 0 7 7 7 7 7 7 7 7 7 7 7 7 7 7 7 7 7 7 7 7 7 7 7 7 7 7 7 7 7 7 7 7 7 7 7 7 7 7 7 6 6 6 6 6 6 6 7 7 7 6 7 7 7 6 7 7 7 6 7 6 7 7 6 6 6 7 6 7 6 7 6 6 6 6 6 6 6 6 6 7 7 7 7 7 7 7 7 6 6 7 7 7 7 6 6 7 7 7 7 6 7 6 7 7 7 7 7 6 7 7 7 7 7 6 6 -0.072 6 -0.022 6 7 7 7 7 0 7 -8.618 0 -23.208 0 -12.418 0 7 6 -0.407 7 6 6 6 6 6 6 7 7 7 7 7 7 7 6 7 7 7 7 7 7 0 7 7 7 0 7 7 7 0 7 0 7 7 7 7 7 7 7 6 6 6 6 6 6 6 6 6 6 6 6 6 6 6 6 6 6 6 7 7 6 7 6 7 6 7 7 7 6 6 7
694,SIPP_2^4,"242,218,0","41,54,0",1,2759.4268239999938,6229,10.1692,54.56909,10.82565,21.6513,15 15 15 15 15 15 15 14 14 14 0 0 0 0 0 0 0 0 0 0 0 0 0 0 0 0 14 14 13 13 13 13 13 13 13 13 13 13 13 13 13 13 13 13 13 13 13 13 13 14 14 14 14 14 14 14 14 14 13 13 12 12 12 12 12 12 12 12 12 12 12 12 12 12 12 12 12 12 12 12 12 12 13 13 13 13 13 13 12 13 13 13 14 13 13 13 14 13 14 14 14 14 14 14 14 14 14 14 14 14 14 14 14 14 14 14 14 14 14 14 14 14 15 14 14 14 14 14 14 14 14 14 14 14 14 14 14 14 15 15 15 15 14 14 14 14 14 14 14 14 14 14 14 14 14 15 14 14 14 14 14 13 13 13 13 14 14 13 14 14 13 14 13 14
694,SIPP_2^5,"242,218,0","41,54,0",1,2735.6702599999944,5512,21.94239,48.92473,9.70096,19.40192,30 30 30 30 30 30 30 28 28 28 0 0 0 0 0 0 0 0 0 0 0 0 0 0 0 0 28 28 26 26 26 26 26 26 26 27 27 27 27 27 27 26 26 26 26 26 26 26 26 26 27 26 24 24 24 24 24 24 25 25 24 25 25 25 24 24 25 25 25 24 28 30 30 30 29 30 29 28 28 28 28 27 28 28 28 28 28 28 28 28 28 28 28 28 28 28 28 28 28 28 28 28 28 28 28 28 27 27 27 28 27 28 28 28 28 28 28 28 27 28 28 28 27 27 28 28 28 28 28 28 28 28 28 26 27 26 26 27 26 26 27
694,SIPP_BigCS,"242,218,13","41,54,8",0,-1,33119,180.15086,0.0,0.0,0.0,
694,SIPP_Standard,"242,218,13","41,54,8",1,3058.8498720000002,38693,90.01495,82.84326,15.1815,1.6588,-9.780 75 86 -0.481 19 93 -7.249 19 -23.099 85 6 90 2 6 -2.537 82 3 19 93 19 77 58 58 66 54 66 38 23 -31.235 54 66 30 50 61 77 58 58 -0.470 66 30 50 69 50
695,SIPP_2^2,"232,225,0","91,13,0",0,-1,0,0.0,0.0,0.0,0.0,
695,SIPP_2^3,"232,225,0","91,13,0",0,-1,0,0.0,0.0,0.0,0.0,
695,SIPP_2^4,"232,225,0","91,13,0",0,-1,0,0.0,0.0,0.0,0.0,
695,SIPP_2^5,"232,225,0","91,13,0",0,-1,0,0.0,0.0,0.0,0.0,
695,SIPP_BigCS,"232,225,0","91,13,0",0,-1,0,0.0,0.0,0.0,0.0,
695,SIPP_Standard,"232,225,12","91,13,0",0,-1,0,4e-05,0.0,0.0,0.0,
696,SIPP_2^2,"218,205,0","7,59,0",1,3705.630809,42733,14.6595,615.1829,136.65928,273.31856,3 3 3 3 3 3 3 3 3 3 0 3 0 3 3 3 3 3 3 0 3 0 0 0 0 0 0 0 0 0 0 0 0 0 0 0 0 3 3 0 0 0 3 3 0 0 0 3 0 3 0 0 3 3 0 3 3 0 0 0 3 3 3 3 3 0 3 0 3 3 3 3 3 3 3 3 3 3 3 3 3 3 3 3 3 3 0 3 3 0 0 0 3 3 3 3 3 3 0 3 0 0 0 0 3 3 0 3 3 0 3 0 0 3 3 0 0 0 3 3 3 3 3 0 3 3 3 3 3 3 3 3 3 3 3 3 3 3 0 3 0 3 0 0 3 3 3 3 0 3 3 3 3 0 0 3 3 3 0 3 3 0 0 0 3 3 3 3 3 3 3 3 3 3 3 3 3 3 3 3 3 3 3 3 3 3 3 3 3 3 3 3 3 3 0 0 3 3 0 3 3 3 0 3 0 3 0 0 3 3 0 0 0 3 0 0 3 0 3 3 3 3 3 3 3 3 3 3 3 3 3 3 3 3 3 3 3 3 3 3 3 3 3 3 3 3 3 3 3 3 3 3 3 3 3 3 3 3 3 3 3 3 3 3 3 3 3 3 3 3 3 3 3 3 0 0 3 3 0 0 3 3 3 3 3 3 0 3 3 0 -9.574 0 0 0 0 0 0 0 0 0 0 0 0 0 0 0 0 0 0 0 0 0 0 0 0 0 0 0 0 0 0 0 0 0 0 0 0 0 0 0 0 0 0 0 0 0 0 0 0 0 0 0 0 0 0 0 1 1 1 1 1 0 -8.962 0 -1.076 0 -1.489 0 -13.612 0 -0.918 0 3 3 3 3 3 0 3 0 0 3 0
696,SIPP_2^3,"218,205,0","7,59,0",1,2792.363504,9025,5.93957,139.20274,27.48894,54.97788,7 6 6 6 6 6 6 6 6 6 6 6 6 6 6 7 7 7 0 0 0 7 7 7 7 0 0 7 7 0 7 0 0 0 7 0 0 7 7 6 6 6 6 6 7 6 7 7 7 7 7 7 7 7 7 7 7 7 7 7 7 7 7 7 7 7 7 7 7 7 7 7 7 7 7 7 7 7 7 7 7 7 7 7 7 7 7 7 7 7 7 7 7 7 7 7 7 7 7 7 7 7 7 7 7 7 7 7 7 7 7 7 7 7 7 7 7 7 7 7 7 7 7 7 7 7 7 7 7 7 7 7 7 7 7 7 7 7 7 7 7 6 7 7 7 7 -4.767 7 7 7 7 7 7 7 7 7 -1.171 7 7 7 6 6 6 6 6 7 6 6 6 6 7 6 6 6 6 7 6 6 6 7 6 6 6 6 7 7 6 -1.380 0 7 6 7 6 6 6 6 6 6 6 6 6 6 6 6 6 6 6 6 6 6 6 6 6 6 6 6 6 6 6 6 6 6 6 6 6 6
696,SIPP_2^4,"218,205,0","7,59,0",1,2652.704983999993,2729,4.56452,56.32326,11.25134,22.50269,12 12 12 12 12 12 12 12 12 12 13 12 12 13 14 14 15 15 15 15 15 15 0 0 15 15 0 14 14 13 13 13 13 14 14 13 13 13 13 14 14 14 14 14 14 14 14 14 14 14 14 14 14 14 14 14 14 14 14 14 14 14 14 14 13 13 14 14 13 14 14 14 14 14 14 14 14 14 14 13 14 14 14 14 14 13 13 14 14 14 14 14 14 14 14 14 13 13 13 13 13 13 13 13 13 13 13 13 13 13 13 13 14 14 14 14 13 14 13 13 13 14 14 13 13 13 13 13 13 13 13 13 13 13 13 13 13 13 13 13 13 13 13 13 13 13 13 13 13 12 13
696,SIPP_2^5,"218,205,0","7,59,0",1,2637.0949909999936,2142,8.91328,31.18902,6.21015,12.42029,24 24 25 24 24 24 24 24 24 25 24 24 28 28 31 30 31 30 30 30 31 30 28 28 27 27 27 26 26 26 26 26 27 28 28 27 27 27 27 27 28 28 28 28 28 28 27 27 28 28 28 28 28 28 28 28 28 28 28 28 28 28 28 28 28 28 28 28 28 28 28 28 28 28 28 27 27 27 27 27 26 26 26 27 27 27 27 27 27 27 26 26 27 26 27 26 26 26 26 26 26 26 26 26 26 26 26 26 26 26 26 26 26 26 26 26 26 26 26 25
696,SIPP_BigCS,"218,205,5","7,59,9",1,2636.158571,13727,93.2876,49.07243,8.2864,0.9533,365 7 7 7 59 325 202 202 202 202 202 306 66 102 102 178 205 205 205 205 205 253 102 102 102 102 102 102 102 102 102 102 102 102 102 102 102 102 102 126 221 126 221 126 221 178 253 102 102 102 102 178 205 205 221 178 221 178 197 197 197 197 197 205 205 205 205 205 205 -9.159 309
696,SIPP_Standard,"218,205,5","7,59,9",1,2664.0,4377,10.8231,48.76547,7.9252,0.6593,3 23 30 46 6 58 66 50 61 61 61 69 50 77 66 50 69 50 69 50 69 50 69 50 61 61 61 61 61 61 61 93
697,SIPP_2^2,"14,152,0","246,61,0",0,-1,0,0.0,0.0,0.0,0.0,
697,SIPP_2^3,"14,152,0","246,61,0",0,-1,0,0.0,0.0,0.0,0.0,
697,SIPP_2^4,"14,152,0","246,61,0",0,-1,0,0.0,0.0,0.0,0.0,
697,SIPP_2^5,"14,152,0","246,61,0",0,-1,0,0.0,0.0,0.0,0.0,
697,SIPP_BigCS,"14,152,0","246,61,0",0,-1,0,0.0,0.0,0.0,0.0,
697,SIPP_Standard,"14,152,7","246,61,0",0,-1,0,4e-05,0.0,0.0,0.0,
698,SIPP_2^2,"251,254,0","241,42,0",0,-1,0,0.0,0.0,0.0,0.0,
698,SIPP_2^3,"251,254,0","241,42,0",0,-1,0,0.0,0.0,0.0,0.0,
698,SIPP_2^4,"251,254,0","241,42,0",0,-1,0,0.0,0.0,0.0,0.0,
698,SIPP_2^5,"251,254,0","241,42,0",0,-1,0,0.0,0.0,0.0,0.0,
698,SIPP_BigCS,"251,254,0","241,42,0",0,-1,0,0.0,0.0,0.0,0.0,
698,SIPP_Standard,"251,254,5","241,42,2",0,-1,0,1e-05,0.0,0.0,0.0,
699,SIPP_2^2,"33,236,0","210,56,0",0,-1,0,0.0,0.0,0.0,0.0,
699,SIPP_2^3,"33,236,0","210,56,0",0,-1,0,0.0,0.0,0.0,0.0,
699,SIPP_2^4,"33,236,0","210,56,0",0,-1,0,0.0,0.0,0.0,0.0,
699,SIPP_2^5,"33,236,0","210,56,0",0,-1,0,0.0,0.0,0.0,0.0,
699,SIPP_BigCS,"33,236,0","210,56,0",0,-1,0,0.0,0.0,0.0,0.0,
699,SIPP_Standard,"33,236,12","210,56,3",0,-1,0,3e-05,0.0,0.0,0.0,
700,SIPP_2^2,"13,167,0","192,5,0",0,-1,0,0.0,0.0,0.0,0.0,
700,SIPP_2^3,"13,167,0","192,5,0",0,-1,0,0.0,0.0,0.0,0.0,
700,SIPP_2^4,"13,167,0","192,5,0",0,-1,0,0.0,0.0,0.0,0.0,
700,SIPP_2^5,"13,167,0","192,5,0",0,-1,0,0.0,0.0,0.0,0.0,
700,SIPP_BigCS,"13,167,0","192,5,0",0,-1,0,0.0,0.0,0.0,0.0,
700,SIPP_Standard,"13,167,0","192,5,3",0,-1,76594,180.00185,0.0,0.0,0.0,
701,SIPP_2^2,"2,149,0","210,4,0",0,-1,0,0.0,0.0,0.0,0.0,
701,SIPP_2^3,"2,149,0","210,4,0",0,-1,0,0.0,0.0,0.0,0.0,
701,SIPP_2^4,"2,149,0","210,4,0",0,-1,0,0.0,0.0,0.0,0.0,
701,SIPP_2^5,"2,149,0","210,4,0",0,-1,0,0.0,0.0,0.0,0.0,
701,SIPP_BigCS,"2,149,0","210,4,0",0,-1,0,0.0,0.0,0.0,0.0,
701,SIPP_Standard,"2,149,7","210,4,1",0,-1,76697,180.0015,0.0,0.0,0.0,
702,SIPP_2^2,"37,226,0","184,34,0",0,-1,0,0.0,0.0,0.0,0.0,
702,SIPP_2^3,"37,226,0","184,34,0",0,-1,0,0.0,0.0,0.0,0.0,
702,SIPP_2^4,"37,226,0","184,34,0",0,-1,0,0.0,0.0,0.0,0.0,
702,SIPP_2^5,"37,226,0","184,34,0",0,-1,0,0.0,0.0,0.0,0.0,
702,SIPP_BigCS,"37,226,0","184,34,0",0,-1,0,0.0,0.0,0.0,0.0,
702,SIPP_Standard,"37,226,3","184,34,7",0,-1,76292,180.00019,0.0,0.0,0.0,
703,SIPP_2^2,"177,4,0","112,245,0",1,3787.6145770000003,45436,14.64251,473.76154,105.24335,210.48671,1 1 2 1 2 2 2 2 2 2 2 2 2 2 2 2 2 2 2 2 2 2 2 2 2 2 2 2 2 2 2 2 1 1 1 1 1 1 1 1 1 2 2 2 2 2 2 2 2 2 2 1 1 1 1 1 1 2 -15.110 2 2 2 2 2 2 2 2 2 2 2 2 2 2 2 2 2 2 2 2 2 2 2 2 2 2 2 2 2 2 2 2 2 2 2 2 2 2 2 2 2 2 2 2 2 2 2 2 2 2 2 2 2 2 2 2 2 2 2 2 2 2 2 2 2 2 2 2 2 2 2 2 2 2 2 2 2 2 -0.654 2 2 3 2 3 3 3 3 3 3 2 3 3 3 2 2 3 3 3 3 3 3 3 3 2 3 2 3 2 3 3 3 3 3 3 3 3 3 3 3 3 3 3 3 3 3 3 3 3 3 3 3 3 3 3 3 3 3 3 3 3 3 2 2 2 2 2 2 2 2 2 2 2 2 2 2 3 3 3 3 3 3 2 2 2 2 3 2 3 3 2 3 3 2 2 2 3 3 2 3 2 3 3 3 2 2 2 2 -22.489 1 2 2 -1.857 2 -5.225 2 -0.178 2 -0.288 2 -1.169 2 -0.106 2 -0.013 2 2 2 3 3 2 3 2 2 3 3 3 2 3 3 2 2 2 3 3 3 2 3 3 3 2 3 2 2 2 2 2 2 2 2 2 2 2 2 2 2 2 2 2 2 2 2 2 2 2 2 2 2 3 3 3 3 3 3 3 3 3 2 2 3 2 2 2 2 2 2 2 2 2 2 2 2 2 2 2 2 2 2 2 2 2 2 1 2 2 1 2 1 1 2 2 2 2 2 1 2 1 1 1 1 1 -77.077 2 -1.248 2 -1.122 1 -1.079 2 2 2 2
703,SIPP_2^3,"177,4,0","112,245,0",1,2896.640007999995,8627,5.43189,198.0973,39.26991,78.53982,2 3 3 4 4 4 4 4 4 4 4 4 4 4 4 4 4 4 4 4 4 4 4 4 4 3 3 3 3 3 3 3 3 3 3 3 3 3 3 3 4 4 3 4 3 3 4 4 4 4 4 4 4 4 4 4 4 4 4 4 4 4 4 4 4 4 4 4 5 4 4 4 4 4 4 4 4 4 4 4 4 4 4 4 4 4 4 4 4 4 5 5 4 4 4 4 5 5 4 4 4 5 5 5 5 5 6 6 5 5 5 5 5 5 5 5 5 5 5 6 5 5 6 6 5 5 5 5 5 5 5 4 5 5 5 5 5 5 5 5 5 5 5 5 5 5 5 5 5 5 5 5 5 5 5 5 5 5 5 5 5 4 4 4 4 5 4 5 4 4 4 4 4 5 4 4 4 5 4 4 5 4 5 5 4 4 4 4 4 5 4 4 4 4 4 4 4 4 4 4 4 4 4 4 5 5 5 5 5 5 5 5 4 4 5 4 4 4 4 4 4 5 4 4 4 4 5 5 4 4 4 4 5 5 5 4 4 4 4 4 4 4 4 4 4 3 4
703,SIPP_2^4,"177,4,0","112,245,0",1,2767.0777159999925,4547,7.17633,72.236,14.39293,28.78587,4 6 6 8 8 8 8 8 8 8 8 8 8 8 8 8 8 8 8 8 8 8 8 8 8 6 6 6 6 6 6 6 6 6 6 6 7 6 7 7 7 6 6 8 8 8 8 8 8 8 8 8 8 8 8 8 8 9 9 8 8 8 8 8 8 8 8 8 8 8 8 9 8 8 8 8 8 8 8 8 8 8 8 8 8 8 8 8 9 -1.915 10 9 9 9 10 10 10 10 10 10 10 10 10 10 10 10 11 10 10 10 10 10 10 9 9 9 9 9 9 9 9 9 9 9 10 10 10 9 9 10 10 10 10 10 10 9 10 9 9 9 10 10 9 9 9 9 9 8 8 8 8 8 8 8 9 10 9 9 9 9 9 9 9 9 9 9 9 9 9 9 9 9 9 9 9 9 10 8 8 8 8 8 8 8 8 8 8 9
703,SIPP_2^5,"177,4,0","112,245,0",1,2756.540725999995,4262,16.11935,51.02401,10.21723,20.43447,8 12 12 16 16 16 16 16 16 16 16 16 16 16 16 16 16 16 16 16 16 16 16 16 15 12 12 13 13 12 13 12 12 12 12 12 12 12 14 16 16 16 16 16 16 16 16 16 16 16 16 16 16 16 16 16 16 17 17 16 16 16 16 16 16 16 16 16 16 16 16 16 16 16 17 17 15 16 17 20 20 20 20 20 20 21 20 20 20 20 20 20 20 20 20 20 20 20 20 20 20 19 19 19 19 19 19 19 19 19 19 19 18 19 18 18 18 18 18 18 18 18 17 16 16 16 17 16 17 19 19 18 18 18 18 18 18 18 18 18 18 18 18 18 18 18 18 17 16 16 16 16 16 16 16 16 17
703,SIPP_BigCS,"177,4,5","112,245,9",1,2751.0,24082,128.69121,62.63936,11.3892,1.8562,73 172 366 4 0 32 100 100 100 100 152 248 148 206 310 0 4 4 4 4 4 4 4 4 4 4 4 4 4 4 4 4 4 4 4 4 4 4 4 4 4 4 4 4 84 206 254 103 103 103 103 155 251 103 103 103 179 198 206 206 206 222 179 206 206 222 179 206 206 310 4 4 4 4 72 179 206 206 206 206 206 206 206 206 206 206 206 206 206 206 206 310 4 4 4 4 56
703,SIPP_Standard,"177,4,5","112,245,9",1,3008.878261,49999,114.68159,67.92466,12.7302,1.5256,17 -12.318 79 88 0 0 4 96 94 0 0 0 0 0 0 4 88 24 67 31 55 67 55 67 31 31 51 94 16 70 31 51 62 62 70 -16.731 35 -5.830 80
704,SIPP_2^2,"12,41,0","190,234,0",0,-1,0,0.0,0.0,0.0,0.0,
704,SIPP_2^3,"12,41,0","190,234,0",0,-1,0,0.0,0.0,0.0,0.0,
704,SIPP_2^4,"12,41,0","190,234,0",0,-1,0,0.0,0.0,0.0,0.0,
704,SIPP_2^5,"12,41,0","190,234,0",0,-1,0,0.0,0.0,0.0,0.0,
704,SIPP_BigCS,"12,41,0","190,234,0",0,-1,0,0.0,0.0,0.0,0.0,
704,SIPP_Standard,"12,41,4","190,234,12",0,-1,71315,180.0002,0.0,0.0,0.0,
705,SIPP_2^2,"162,89,0","11,247,0",0,-1,0,0.0,0.0,0.0,0.0,
705,SIPP_2^3,"162,89,0","11,247,0",0,-1,0,0.0,0.0,0.0,0.0,
705,SIPP_2^4,"162,89,0","11,247,0",0,-1,0,0.0,0.0,0.0,0.0,
705,SIPP_2^5,"162,89,0","11,247,0",0,-1,0,0.0,0.0,0.0,0.0,
705,SIPP_BigCS,"162,89,0","11,247,0",0,-1,0,0.0,0.0,0.0,0.0,
705,SIPP_Standard,"162,89,10","11,247,11",0,-1,0,3e-05,0.0,0.0,0.0,
706,SIPP_2^2,"255,86,0","5,6,0",0,-1,0,0.0,0.0,0.0,0.0,
706,SIPP_2^3,"255,86,0","5,6,0",0,-1,0,0.0,0.0,0.0,0.0,
706,SIPP_2^4,"255,86,0","5,6,0",0,-1,0,0.0,0.0,0.0,0.0,
706,SIPP_2^5,"255,86,0","5,6,0",0,-1,0,0.0,0.0,0.0,0.0,
706,SIPP_BigCS,"255,86,0","5,6,0",0,-1,0,0.0,0.0,0.0,0.0,
706,SIPP_Standard,"255,86,6","5,6,15",0,-1,0,1e-05,0.0,0.0,0.0,
707,SIPP_2^2,"224,203,0","30,13,0",0,-1,0,0.0,0.0,0.0,0.0,
707,SIPP_2^3,"224,203,0","30,13,0",0,-1,0,0.0,0.0,0.0,0.0,
707,SIPP_2^4,"224,203,0","30,13,0",0,-1,0,0.0,0.0,0.0,0.0,
707,SIPP_2^5,"224,203,0","30,13,0",0,-1,0,0.0,0.0,0.0,0.0,
707,SIPP_BigCS,"224,203,0","30,13,0",0,-1,0,0.0,0.0,0.0,0.0,
707,SIPP_Standard,"224,203,9","30,13,12",0,-1,0,1e-05,0.0,0.0,0.0,
708,SIPP_2^2,"240,156,0","12,22,0",1,3674.079232,43483,14.90116,671.75144,149.22565,298.4513,0 0 0 0 3 0 3 0 3 0 0 0 3 3 3 3 3 3 3 3 3 3 3 3 3 3 3 3 3 3 3 3 3 3 3 3 3 3 3 3 3 3 3 3 3 3 3 3 3 3 3 3 3 3 2 3 3 3 3 3 3 3 3 3 3 3 3 3 3 3 3 2 3 -4.023 3 3 3 3 3 3 3 3 3 3 3 3 3 3 3 3 3 3 3 3 3 3 3 3 3 3 3 3 3 3 3 3 3 3 3 3 3 3 3 3 3 3 3 3 3 3 0 0 0 0 0 3 3 0 3 3 0 0 3 3 3 3 3 3 0 3 0 0 0 0 3 0 0 3 0 0 0 0 0 0 0 0 3 0 3 3 3 0 0 3 0 3 3 0 3 3 3 0 3 0 3 3 0 3 0 0 0 0 3 3 0 0 0 0 3 0 3 3 0 0 3 3 3 3 3 3 3 3 0 3 3 3 3 3 3 3 3 3 3 3 0 0 0 3 0 3 0 3 0 3 0 3 0 0 0 0 0 0 0 0 0 0 0 0 0 0 0 0 0 0 0 0 0 0 0 0 0 0 0 0 0 0 0 0 0 0 0 0 0 0 0 0 0 0 0 0 0 0 0 0 0 0 0 0 0 3 3 3 3 3 0 3 3 3 3 3 3 3 3 3 3 3 3 3 3 3 3 3 3 3 3 3 3 3 3 3 0 3 0 3 3 0 3 0 0 3 0 0 3 3 3 3 3 3 0 0 3 0 3 0 0 0 3 0 3 0 3 3 0 3 0 0 0 3 0 3 3 0 3 0 3 3 3 3 3 3 3 0 3 -10.032 3 -0.012 3 -0.012 3 3
708,SIPP_2^3,"240,156,0","12,22,0",1,3026.035846,21032,13.68287,143.64821,28.27434,56.54867,6 6 6 5 6 5 6 6 6 5 6 6 6 6 6 6 6 6 7 7 7 7 7 7 7 7 7 7 7 7 7 7 6 7 7 7 7 7 7 7 7 7 7 7 7 7 7 7 7 6 7 7 7 7 7 7 7 7 7 7 6 6 6 6 6 6 6 6 6 6 6 7 7 7 7 7 7 7 7 7 6 6 6 7 7 7 7 7 7 7 7 7 7 7 6 7 7 6 7 7 7 7 7 7 7 7 7 7 7 7 6 7 6 6 6 6 6 6 6 6 6 6 6 6 6 6 7 7 7 0 0 7 7 7 7 7 7 7 7 6 6 6 6 6 6 6 6 6 6 6 6 6 7 7 7 7 6 6 6 6 6 6 6 6 6 6 6 6 6 6 6 6 6 6 6 6 6 6 6 6 6 6 6 6 6 6 6 6 6 6 6 6 6 7 7 7 7 7 -18.150 0 7 7 7 7 7 7 7 7 7 7 7 7 7 7 7 7 7 7 7 7 7 7 7 7 7 7 7 7 7 7 7 7 7 7 6 7 7 7 0 1 -2.772 2 2 2 -1.783 2 2
708,SIPP_2^4,"240,156,0","12,22,0",1,2720.0619519999946,6030,10.34886,60.6261,12.03674,24.07348,15 15 15 15 14 14 12 12 13 13 13 13 13 13 13 13 13 13 13 13 13 12 12 13 13 13 13 13 13 13 12 12 13 13 13 13 13 13 13 13 13 13 13 13 13 13 13 13 13 13 14 13 13 14 13 14 14 14 14 14 14 14 14 14 14 14 14 14 14 14 14 13 13 13 13 13 13 14 14 14 13 14 14 13 13 14 14 14 14 14 14 14 13 13 13 13 13 13 13 14 14 14 -1.161 12 12 12 12 12 12 12 12 11 12 12 12 14 14 14 14 14 14 14 14 13 14 14 13 13 13 13 13 14 13 13 13 13 13 13 13 13 13 13 13 13 13 13 13 14 14 14
708,SIPP_2^5,"240,156,0","12,22,0",1,2700.392474999995,5265,22.30587,37.34559,7.29138,14.58277,30 30 30 30 28 28 26 26 26 26 26 25 26 26 25 26 26 26 26 26 26 26 25 25 25 25 27 27 27 27 27 27 27 27 27 27 27 27 27 27 27 28 27 27 27 27 27 27 27 27 27 27 27 27 27 27 27 26 26 27 27 27 28 0 24 24 -1.218 24 24 23 24 24 24 24 24 24 25 27 27 27 27 27 27 26 27 26 26 26 26 26 26 27 26 27 26 27 26 26 27
708,SIPP_BigCS,"240,156,3","12,22,13",0,-1,26629,180.12558,0.0,0.0,0.0,
708,SIPP_Standard,"240,156,3","12,22,13",1,2731.6122889999997,26182,64.62253,67.00531,11.9569,1.3347,58 82 23 50 61 69 38 23 50 61 69 50 69 50 69 50 69 50 69 50 69 50 61 -1.612 101 99 69 30 30 50 61 61 61 93
709,SIPP_2^2,"169,241,0","2,29,0",1,3810.0,46623,15.72714,586.89863,130.3761,260.75219,3 3 3 3 3 3 3 0 0 3 0 3 3 3 3 3 0 3 3 3 0 0 3 0 0 0 3 0 0 3 0 0 3 0 3 3 3 3 3 3 3 3 3 3 0 0 0 0 0 0 0 3 0 0 3 3 3 0 0 3 0 0 3 0 0 0 0 3 0 3 3 0 0 0 0 0 0 0 0 0 0 0 0 0 3 0 0 3 3 3 0 3 0 3 0 3 0 0 3 3 0 3 3 3 3 3 3 3 3 0 0 0 0 0 0 0 0 3 0 0 0 3 3 3 0 0 0 0 0 0 0 0 0 0 0 0 0 0 0 0 0 0 0 0 0 0 0 0 0 0 0 0 0 0 0 0 0 0 0 0 0 0 0 0 0 0 0 0 0 0 0 0 0 0 0 0 0 0 0 0 0 0 0 0 0 0 0 0 0 0 0 0 0 0 0 0 0 0 0 0 0 0 0 0 0 0 0 0 3 3 3 0 3 0 3 0 0 3 3 0 0 0 0 0 0 0 0 0 0 0 0 0 0 0 0 0 0 0 0 0 0 0 0 3 3 0 3 3 3 3 3 3 3 3 3 3 3 3 3 3 3 3 3 3 3 3 3 3 3 3 0 3 3 3 3 3 3 3 3 3 3 3 3 3 3 3 3 3 3 3 3 3 3 3 3 3 3 3 3 3 3 3 3 3 3 3 3 3 3 3 3 3 3 3 3 3 3 3 3 3 3 0 0 0 0 0 0 0 3 0 3 3 0 3 3 3 3 3 3 3 3 0 3 0 3 3 0 3 3 3 3 0 3 3 3 0 0 0 0 0 0 0 0 0 3 3 0 3 0 3 0 0 0 0 0 0 0 0 0 1 0
709,SIPP_2^3,"169,241,0","2,29,0",1,2898.9392279999956,7124,4.42488,194.54123,38.48451,76.96903,7 6 6 7 7 7 7 7 7 7 7 7 6 7 7 7 7 7 7 6 7 7 7 7 7 7 7 7 7 7 6 6 6 6 6 6 7 7 0 0 0 0 0 0 0 0 0 0 0 0 0 0 0 0 0 7 7 7 7 0 0 0 0 0 0 7 0 7 0 7 0 0 7 7 7 7 0 7 7 7 7 7 7 7 7 7 7 7 7 7 7 7 0 0 0 0 7 0 7 7 7 7 7 7 7 7 7 7 7 7 7 7 7 7 7 7 7 7 7 7 7 7 7 7 -11.050 6 6 7 7 7 7 0 7 7 7 7 7 7 7 7 7 7 7 7 7 7 7 6 7 7 7 7 7 7 0 0 0 7 7 0 7 7 7 7 7 7 0 7 0 0 0 7 7 7 0 7 7 7 7 0 7 7 7 7 7 7 7 7 7 7 7 7 7 7 7 7 7 7 7 7 7 7 7 7 7 7 7 7 0 0 0 0 0 7 0 0 0 0 0 0 7 0 7 7 0 0
709,SIPP_2^4,"169,241,0","2,29,0",1,2852.0312019999924,6168,9.968,79.15208,15.75585,31.5117,13 12 14 14 13 13 14 13 13 13 13 14 14 14 14 14 14 14 14 14 13 13 14 13 14 13 14 0 0 0 0 0 0 0 0 0 0 0 15 15 15 15 15 15 15 15 14 14 14 14 14 14 14 14 14 14 14 14 14 14 14 0 0 0 0 0 0 0 0 0 0 0 0 15 15 15 15 14 14 14 14 14 14 14 14 14 14 14 14 14 14 14 14 14 14 14 14 14 14 14 14 14 14 -39.718 13 12 14 14 14 14 14 14 14 14 14 14 14 14 14 14 14 14 15 14 13 14 14 14 14 14 15 15 14 15 14 15 15 15 15 14 15 15 15 14 15 15 15 15 15 15 15 15 15 14 14 14 14 14 14 14 14 14 14 14 15 14 14 14 14 14 15 14 14 14 14 14 15 15 0
709,SIPP_2^5,"169,241,0","2,29,0",1,2811.695898999995,4848,19.22718,44.72897,8.9695,17.939,25 27 27 27 27 27 27 27 27 27 27 27 27 27 27 27 27 28 28 28 28 28 28 29 29 29 29 30 30 30 28 28 28 28 27 28 28 28 28 28 28 0 0 0 0 31 31 31 31 31 31 31 31 31 31 31 31 28 28 24 24 24 25 28 31 31 31 31 30 30 30 30 -0.246 30 -1.728 28 28 25 24 28 28 29 29 29 30 30 30 30 30 29 29 29 29 29 29 29 29 29 28 28 29 28 29 29 29 29 29 28 29 28
709,SIPP_BigCS,"169,241,10","2,29,2",0,-1,30955,180.07983,0.0,0.0,0.0,
709,SIPP_Standard,"169,241,10","2,29,2",1,2852.1908470000003,23437,47.27146,54.16572,9.5552,1.0067,-2.087 61 69 30 50 61 85 6 90 10 30 50 85 2 10 30 30 30 30 -21.063 50 -2.740 69 54 66 50 77 58 58 58 58 66 30 54 66 30 -3.300 54
710,SIPP_2^2,"91,240,0","217,10,0",1,3688.016527,38530,12.86406,565.68542,125.66371,251.32741,1 1 1 1 1 1 1 0 1 0 -6.262 0 3 0 3 3 0 0 0 0 0 0 0 0 0 0 0 0 0 0 0 0 0 0 0 1 0 0 0 0 0 0 0 0 1 0 0 0 0 0 1 1 1 0 0 0 0 0 0 0 0 0 0 0 0 0 0 0 0 0 0 0 0 0 0 0 1 0 1 1 1 0 0 0 1 0 0 0 0 0 0 0 1 1 0 1 1 1 1 1 1 1 1 1 1 1 1 0 1 1 0 0 0 1 1 1 1 1 1 1 1 1 1 1 1 1 1 1 1 1 1 1 1 1 1 1 1 1 1 1 1 1 1 1 1 1 1 1 1 1 1 1 1 1 1 1 1 0 0 0 1 1 0 0 0 0 0 0 1 0 0 0 0 0 0 0 0 1 0 0 0 0 0 0 0 0 1 0 0 0 0 1 0 0 0 0 1 0 0 1 1 1 1 1 1 1 1 1 1 1 1 1 1 1 0 0 1 0 0 0 0 0 0 0 0 0 0 0 1 0 0 1 0 0 0 0 0 0 0 0 1 0 0 0 0 0 0 0 0 0 0 0 0 0 0 0 -49.148 0 -12.273 0 1 0 1 1 1 1 1 0 1 0 0 0 0 0 0 0 0 0 1 0 0 0 0 0 0 0 0 0 0 0 0 0 0 0 0 0 0 0 0 0 0 0 0 0 0 0 0 -0.321 0 -0.012 0 0 0 0 0 0 0 0 0 0 0 0 1 0 1 1 0 1 1 1 0 0 1 1 0 0 0 1 0 0 1 0 0 0 0 0 0 0 0 1 0 1 0 0 0 0 0 0 1 0 0 1 0 1 1 0 1
710,SIPP_2^3,"91,240,0","217,10,0",1,2919.257836999998,11656,7.2763,235.76659,46.33849,92.67699,2 2 1 2 2 2 2 2 1 0 0 1 1 0 1 1 0 1 1 1 1 1 0 1 1 1 1 1 1 1 1 1 1 1 0 1 1 0 1 0 1 0 1 1 1 1 1 1 1 1 1 0 1 1 0 0 0 0 0 0 0 0 0 1 0 1 1 1 2 2 1 1 1 1 1 1 1 1 1 1 1 1 1 1 2 1 1 1 2 1 1 2 2 1 2 1 2 1 1 2 1 1 1 1 1 1 1 1 1 0 1 1 0 0 0 -3.542 1 -0.040 1 -0.040 1 1 1 1 1 1 1 1 1 1 1 0 0 0 0 0 0 0 0 0 0 0 0 0 0 0 0 0 0 0 0 0 0 0 0 0 0 0 0 0 0 0 0 0 0 0 0 0 0 0 0 0 0 0 0 0 0 0 0 0 0 0 0 0 0 0 0 0 0 0 0 0 0 0 0 0 0 0 0 0 0 0 0 0 0 0 0 0 1 1 0 0 0 0 0 0 1 1 0 1 1 1 1 1 1 1 1 1 1 0 1 0 0 0 0 0 0 0 1 1 0 1 1 1 0 1 0 0 1
710,SIPP_2^4,"91,240,0","217,10,0",1,2869.621638999995,10496,16.67529,83.26176,16.60723,33.21446,4 4 4 4 4 4 3 2 1 2 2 2 2 2 2 1 1 1 1 1 2 2 2 2 2 2 2 2 1 1 1 2 2 1 2 1 2 2 2 2 2 2 2 1 0 0 -0.249 0 0 0 0 0 0 2 2 4 4 4 -1.051 3 3 3 3 3 2 3 3 2 3 2 2 2 3 2 2 2 2 2 2 2 2 2 2 2 2 3 2 3 2 2 2 2 2 2 2 1 2 1 1 1 1 1 1 0 0 0 0 0 0 0 0 0 0 0 0 0 0 0 0 0 0 0 0 0 0 0 0 0 0 0 0 0 0 0 0 0 0 0 0 0 0 0 0 0 0 0 0 0 0 0 0 0 0 0 0 0 0 0 0 0 0 0 0 0 0 0 0 0 0 0 0 0 0 1 1 1 0 0 0 0 0 0 0 0 0 0 0 0 1 1 2 2 2 2 2 2 2 2 2 1 1 0 0 1 0 1 1 1 0 1
710,SIPP_2^5,"91,240,0","217,10,0",1,2854.742506999999,9979,38.14274,52.14035,10.43348,20.86697,8 8 8 8 8 7 4 4 4 4 4 4 4 4 3 3 3 3 3 3 3 3 3 4 4 4 4 4 3 4 3 -0.626 1 0 -6.019 0 0 0 0 0 0 4 4 8 8 8 -1.051 6 5 5 5 5 5 5 5 5 4 5 4 4 5 5 4 4 3 4 4 4 4 4 4 1 1 1 1 1 0 1 0 1 0 0 0 0 0 0 0 0 0 0 0 0 0 0 0 0 0 0 0 0 0 0 0 0 0 0 0 0 0 0 0 0 0 0 0 0 0 0 0 0 0 0 0 0 0 0 0 0 0 0 0 0 0 0 0 0 0 0 0 0 0 0 0 0 0 0 0 1 1 0 1 1 1 4 4 4 4 4 4 4 4 4 1 1 2 1 2 2 1
710,SIPP_BigCS,"91,240,0","217,10,15",0,-1,27556,180.20848,0.0,0.0,0.0,
710,SIPP_Standard,"91,240,0","217,10,15",1,2887.711945,53507,116.83597,43.82186,7.976,0.8672,5 73 60 68 29 29 29 37 2 26 -3.712 57 65 29 53 57 65 29 49 68 37 2 2 2 2 2 2 2 2 2 2 22 29 29 37 18
711,SIPP_2^2,"247,13,0","56,175,0",0,-1,0,0.0,0.0,0.0,0.0,
711,SIPP_2^3,"247,13,0","56,175,0",0,-1,0,0.0,0.0,0.0,0.0,
711,SIPP_2^4,"247,13,0","56,175,0",0,-1,0,0.0,0.0,0.0,0.0,
711,SIPP_2^5,"247,13,0","56,175,0",0,-1,0,0.0,0.0,0.0,0.0,
711,SIPP_BigCS,"247,13,0","56,175,0",0,-1,0,0.0,0.0,0.0,0.0,
711,SIPP_Standard,"247,13,13","56,175,2",0,-1,79719,180.00153,0.0,0.0,0.0,
712,SIPP_2^2,"12,1,0","239,141,0",0,-1,0,0.0,0.0,0.0,0.0,
712,SIPP_2^3,"12,1,0","239,141,0",0,-1,0,0.0,0.0,0.0,0.0,
712,SIPP_2^4,"12,1,0","239,141,0",0,-1,0,0.0,0.0,0.0,0.0,
712,SIPP_2^5,"12,1,0","239,141,0",0,-1,0,0.0,0.0,0.0,0.0,
712,SIPP_BigCS,"12,1,0","239,141,0",0,-1,0,0.0,0.0,0.0,0.0,
712,SIPP_Standard,"12,1,3","239,141,3",0,-1,1,0.01089,0.0,0.0,0.0,
713,SIPP_2^2,"171,251,0","109,5,0",0,-1,0,0.0,0.0,0.0,0.0,
713,SIPP_2^3,"171,251,0","109,5,0",0,-1,0,0.0,0.0,0.0,0.0,
713,SIPP_2^4,"171,251,0","109,5,0",0,-1,0,0.0,0.0,0.0,0.0,
713,SIPP_2^5,"171,251,0","109,5,0",0,-1,0,0.0,0.0,0.0,0.0,
713,SIPP_BigCS,"171,251,0","109,5,0",0,-1,0,0.0,0.0,0.0,0.0,
713,SIPP_Standard,"171,251,7","109,5,0",0,-1,0,1e-05,0.0,0.0,0.0,
714,SIPP_2^2,"251,29,0","19,129,0",1,3882.030541,53242,17.4635,438.4062,97.38937,194.77874,3 3 3 3 3 3 3 3 3 3 3 3 3 3 3 3 3 3 3 3 3 3 3 3 3 3 3 3 3 3 3 3 3 3 3 3 3 3 3 -71.166 3 -12.370 3 -1.028 3 -1.200 2 -1.424 3 3 3 3 3 3 3 3 3 3 3 3 3 3 3 3 3 3 -48.662 3 -18.424 3 3 3 3 3 3 3 3 3 3 3 3 3 3 3 3 3 3 3 3 0 3 3 3 3 3 -0.295 3 3 -2.845 3 3 3 3 3 3 3 3 3 3 3 -9.113 3 3 3 3 3 3 3 3 3 3 3 3 3 3 3 3 2 2 3 2 3 3 3 2 2 2 3 2 2 3 2 2 2 2 2 3 3 -56.506 0 0 0 0 0 0 3 3 3 3 3 3 3 3 3 3 3 3 3 3 3 2 3 2 2 2 2 2 2 2 2 2 2 2 2 3 2 3 3 3 2 3 3 3 3 3 3 3 3 3 3 3 3 3 3 3 3 3 3 3 3 3 3 3 3 3 3 3 3 2 2 3 2 2 2 2 2 3 2 3 2 3 -60.572 3 3 -18.401 3 -0.012 3 -0.014 3 3 3 3 3 3 3 3 3 3 3 3 3 3 3 3 3 3 3 3 3 3 3 3 3 3 3 3 3 3 3 2 3 2 3 2 2 3 2 2 3 3 2 3 2 2 3 2 3 2 3 3 2 3 2 3 3 3 3 3 3 2 3 3 3 3 3 3 3 3 2 2 2 3 2 2 2 2 2 2 2 2 2 2 2 3 3 2 2 2 2 2 2 2 2 2 2 2 2 2 2 2 2 2 2 2 2 2 2 2 2 2 2 2 2 2 2 2 2 2 2 2 2 2 2 2 2 1 1 1 1 1 2 1
714,SIPP_2^3,"251,29,0","19,129,0",1,3163.007937,15730,9.60983,246.25317,48.69469,97.38937,5 5 5 5 5 5 6 5 4 4 4 4 4 4 4 4 4 4 4 4 4 4 4 4 4 5 5 5 6 6 6 6 6 6 6 6 6 6 6 6 6 6 6 6 6 6 6 6 7 6 6 6 6 6 6 6 6 6 6 6 6 6 6 6 6 6 5 5 4 4 4 4 4 4 4 4 4 4 4 4 4 4 4 4 4 4 4 4 4 4 4 4 4 4 4 4 4 4 4 4 5 4 5 4 4 4 4 4 5 5 5 5 5 5 5 4 4 5 5 5 6 6 6 6 6 6 6 6 6 5 6 6 6 6 6 6 6 6 6 6 6 6 6 6 6 6 6 6 6 6 6 6 5 5 5 5 6 5 5 6 6 6 6 6 6 6 6 6 5 6 6 6 6 6 5 6 6 5 6 6 6 6 6 6 6 6 6 6 5 5 6 6 6 6 6 6 7 6 6 6 6 6 6 6 6 6 6 6 6 6 7 6 6 6 6 6 6 6 6 6 6 6 6 6 6 6 7 7 6 7 5 6 6 6 5 6 6 6 5 6 6 6 6 5 5 5 5 6 5 5 6 6 6 5 5 5 5 5 6 6 7 7 7 7 6 6 6 6 6 6 6 6 7 -2.130 6 -1.639 6 6 6 6 6 6 6 5 6 5 6 5 6 6 5
714,SIPP_2^4,"251,29,0","19,129,0",1,3128.808955,15877,24.19291,150.67801,29.86323,59.72646,10 10 10 10 10 11 9 8 8 8 8 8 8 8 8 8 8 8 9 8 8 8 8 10 10 12 12 12 12 12 12 12 12 12 12 12 12 12 12 12 13 12 12 12 12 12 12 12 12 12 12 12 12 12 12 12 12 12 12 12 12 12 10 10 8 8 8 8 8 8 8 8 8 8 8 8 8 8 8 8 8 8 9 9 8 8 8 8 8 9 8 8 8 8 8 9 9 8 9 9 9 8 9 9 10 10 12 12 12 12 12 12 12 12 12 11 12 12 12 12 11 12 12 11 12 12 11 11 12 12 11 11 12 11 12 11 11 11 11 11 12 12 11 12 12 12 12 12 12 12 12 12 12 12 12 12 12 12 12 12 12 12 12 12 12 12 13 13 13 13 12 12 12 12 12 12 12 12 12 12 12 13 -0.197 11 12 12 12 12 12 12 12 12 12 12 12 12 12 12 12 11 11 12 12 12 12 -0.450 11 11 11 11 11 11 11 11 11 10 11 -13.852 11 -5.610 12 -6.878 12 12 12 12 12 12 12 12 12 13 12 -3.478 12 -2.663 12 -3.890 12 -2.792 15 0 14 -0.614 14 12 12 11 12 11
714,SIPP_2^5,"251,29,0","19,129,0",1,3127.3331490000005,16550,59.56638,100.53154,20.07345,40.14689,20 20 20 21 19 16 16 16 16 16 16 16 16 16 16 16 16 16 17 16 20 20 24 24 24 24 24 24 24 24 24 24 24 24 24 24 25 24 24 24 24 24 24 24 24 24 24 24 24 24 24 24 24 24 24 24 24 24 20 20 16 16 16 16 16 16 16 16 16 16 16 16 16 16 17 17 16 16 16 16 16 17 16 16 17 17 17 17 17 17 18 20 20 23 23 24 24 23 23 24 24 24 24 24 24 24 24 24 23 21 20 20 -0.001 21 23 24 24 24 23 -2.000 23 24 24 23 24 24 24 24 24 24 24 24 24 24 24 24 25 25 24 24 24 25 25 25 25 25 24 24 24 24 24 24 24 24 24 24 24 24 23 24 23 24 24 23 23 24 24 24 24 24 24 23 21 22 22 22 22 22 22 21 -20.444 22 -5.610 24 -6.878 24 24 24 24 24 24 24 25 24 24 -4.216 24 -2.663 24 -3.890 24 -3.112 31 28 -1.033 28 24 23 23
714,SIPP_BigCS,"251,29,0","19,129,15",0,-1,30483,180.17787,0.0,0.0,0.0,
714,SIPP_Standard,"251,29,0","19,129,15",1,3135.725546,68063,129.16916,92.15493,17.2218,2.1979,15 -8.184 110 52 104 31 31 47 11 55 -85.010 91 15 62 94 20 47 3 3 7 59 91 7 91 3 19 93 3 3 3 3 7 75 86 19 -0.678 93 -37.854 7 59
715,SIPP_2^2,"215,29,0","50,228,0",1,3937.088577,52450,17.26934,622.25397,138.23008,276.46015,3 3 3 3 3 3 2 3 3 3 3 3 2 3 3 3 2 3 2 2 2 2 2 2 2 2 2 2 2 2 2 2 2 2 2 2 2 2 2 2 2 2 2 2 2 2 2 2 3 3 2 2 2 2 2 3 3 2 2 3 2 3 2 3 2 -37.030 2 -30.049 2 -9.925 2 -0.012 2 -0.014 2 -0.011 2 2 2 2 2 2 2 2 2 2 2 2 2 2 2 2 2 2 2 2 2 2 1 2 1 2 -4.211 2 2 3 3 2 2 2 2 2 2 3 3 3 3 3 3 3 3 3 3 3 3 2 3 3 3 3 3 3 3 3 3 3 3 3 3 3 3 3 3 3 3 3 3 3 2 2 3 2 2 2 2 2 3 3 2 3 2 3 3 2 3 3 3 3 3 3 3 3 3 3 3 -0.325 3 -1.142 3 -1.255 2 3 3 2 2 2 2 2 1 1 2 1 1 2 2 2 2 2 2 2 2 2 2 2 2 2 3 2 3 2 2 3 3 3 2 2 2 2 2 3 2 2 3 2 3 2 2 2 2 3 3 3 2 3 2 3 2 2 3 3 3 -84.277 2 2 2 -1.857 2 -5.225 2 -0.178 2 -0.288 2 -1.169 2 -0.106 2 -0.013 2 2 2 2 2 2 2 3 3 3 3 3 3 3 3 3 3 3 2 3 3 3 2 2 2 2 3 2 2 2 2 2 2 2 2 2 2 2 2 2 2 2 2 2 2 2 2 2 2 2 2 2 2 3 3 3 3 3 3 3 3 3 3 2 2 2 2 2 2 2 2 2 3 3 3 2 3 2 2 3 3 3 3 2 3 3 3 3 2 3 3 3 3 3 2 3 3 2 3 3 3 3 3 2 3 3 3 3 3 3 3 3 3 3 3 3 3 3 3 3 3 3 3 3 3 3 3 3 3 3 2 2 2 2 2 3
715,SIPP_2^3,"215,29,0","50,228,0",1,3081.2816699999994,10461,6.60973,128.63733,25.13274,50.26549,5 5 5 5 6 5 5 6 6 6 6 6 6 6 5 4 4 4 4 4 4 4 4 4 4 4 4 4 4 4 4 4 4 4 4 4 4 4 4 4 4 4 4 5 5 5 5 5 5 5 5 -104.886 4 -30.049 4 -10.025 4 4 4 4 4 4 4 4 3 4 4 4 4 4 4 4 4 4 4 4 4 4 4 4 4 3 3 3 5 5 5 5 5 5 5 5 5 5 5 5 5 5 5 5 5 5 5 5 5 5 5 5 5 5 5 5 5 5 5 5 5 5 5 5 5 5 5 5 5 5 5 5 5 5 5 5 5 5 5 5 5 5 5 5 5 5 5 5 5 5 5 5 5 5 5 5 5 5 5 5 5 5 5 5 4 4 4 4 5 5 5 5 5 5 4 5 4 4 4 5 5 5 5 5 5 5 5 5 5 5 5 5 5 5 5 5 5 4 4 5 4 -1.276 5 5 5 5 5 5 5 6 5 5 6 6 5 6 6 6 6 6 6 6 6 6 6 6 6 6 6 6 6 5 6 6 6 6 6 6 6 6 6 6 6 5 6 5
715,SIPP_2^4,"215,29,0","50,228,0",1,3059.439869,10246,16.93679,68.65146,13.56958,27.13916,11 11 11 12 11 11 11 11 9 8 8 8 8 8 8 8 8 8 8 8 8 8 8 8 8 8 8 8 8 8 7 8 8 8 10 10 10 10 10 10 10 10 -112.635 8 -30.049 8 -10.025 8 8 8 8 8 8 8 8 8 8 8 8 8 8 8 8 8 8 8 8 8 8 8 7 6 6 6 9 10 10 10 10 10 10 10 10 10 10 10 10 10 10 10 10 10 10 10 10 10 10 10 10 10 10 10 10 10 10 10 10 10 10 10 10 10 10 10 10 10 10 10 10 10 10 10 10 10 10 10 10 10 10 10 10 10 10 10 10 10 10 10 10 10 10 10 10 10 10 10 10 10 9 9 9 9 10 10 10 10 10 9 10 9 10 9 9 10 10 10 10 9 10 10 10 9 9 10 10 10 11 11 11 11 11 11 11 11 11 11 11 11 11 11 12 12 -0.386 13 14 14 12 12 12 12 12 12 12 12 11
715,SIPP_2^5,"215,29,0","50,228,0",1,3057.9094149999896,10365,41.17487,49.97688,9.93057,19.86114,23 22 22 22 22 22 22 18 16 16 15 16 16 16 16 16 16 16 16 16 16 16 16 16 16 16 16 16 16 16 16 16 20 20 20 20 20 20 20 20 -114.111 16 -30.049 16 -10.025 16 16 16 16 16 16 16 16 16 16 16 16 16 15 16 16 16 16 16 16 16 16 15 12 12 20 20 20 20 20 20 20 20 20 20 20 20 20 20 20 20 20 20 20 20 20 20 20 20 20 20 20 20 20 20 20 20 20 20 20 20 20 20 20 20 20 20 20 20 20 20 20 20 20 20 20 20 20 20 20 20 20 20 20 20 20 20 20 20 20 20 20 20 20 20 20 20 20 19 19 19 19 20 20 19 19 19 19 19 19 20 20 20 20 20 20 20 20 20 20 22 22 22 22 22 22 22 22 22 22 22 22 22 27 28 28 24 24 24 24 24 24 24 23
715,SIPP_BigCS,"215,29,14","50,228,15",0,-1,31678,180.13541,0.0,0.0,0.0,
715,SIPP_Standard,"215,29,14","50,228,15",1,3066.601802,38137,80.77099,58.13886,10.6404,1.3243,11 55 83 0 -108.760 0 -4.267 20 -3.902 39 -40.144 0 0 4 -7.346 96 78 67 31 55 75 78 67 31 31 31 31 31 31 31 51 62 62 62 78 59 91 3 -1.182 3 7
716,SIPP_2^2,"179,253,0","23,37,0",0,-1,0,0.0,0.0,0.0,0.0,
716,SIPP_2^3,"179,253,0","23,37,0",0,-1,0,0.0,0.0,0.0,0.0,
716,SIPP_2^4,"179,253,0","23,37,0",0,-1,0,0.0,0.0,0.0,0.0,
716,SIPP_2^5,"179,253,0","23,37,0",0,-1,0,0.0,0.0,0.0,0.0,
716,SIPP_BigCS,"179,253,0","23,37,0",0,-1,0,0.0,0.0,0.0,0.0,
716,SIPP_Standard,"179,253,4","23,37,13",0,-1,35,0.02191,0.0,0.0,0.0,
717,SIPP_2^2,"56,1,0","148,247,0",0,-1,0,0.0,0.0,0.0,0.0,
717,SIPP_2^3,"56,1,0","148,247,0",0,-1,0,0.0,0.0,0.0,0.0,
717,SIPP_2^4,"56,1,0","148,247,0",0,-1,0,0.0,0.0,0.0,0.0,
717,SIPP_2^5,"56,1,0","148,247,0",0,-1,0,0.0,0.0,0.0,0.0,
717,SIPP_BigCS,"56,1,0","148,247,0",0,-1,0,0.0,0.0,0.0,0.0,
717,SIPP_Standard,"56,1,8","148,247,2",0,-1,75035,180.00155,0.0,0.0,0.0,
718,SIPP_2^2,"243,181,0","3,66,0",1,3668.683407,42804,14.51063,424.26407,97.38937,194.77874,0 0 0 0 0 0 0 0 0 0 3 3 3 0 3 3 3 3 3 3 3 3 3 3 3 3 3 3 3 3 3 3 3 3 3 3 3 3 3 3 3 3 3 3 3 3 3 3 3 3 3 3 3 3 3 3 3 3 3 3 3 3 3 3 3 3 3 3 3 3 3 3 3 3 3 3 3 3 3 3 3 3 3 3 3 3 3 3 3 3 3 0 0 0 3 0 0 3 3 0 0 0 3 3 3 0 3 3 3 3 0 3 0 0 0 3 0 3 3 0 0 3 3 3 3 3 3 3 3 3 3 3 3 3 3 3 0 0 3 3 0 3 0 3 0 3 0 3 3 3 3 0 0 0 3 3 3 3 3 0 3 3 0 3 3 3 3 3 3 3 3 3 3 3 3 3 3 3 3 3 3 3 3 3 3 3 3 3 3 3 3 3 3 3 0 3 0 0 0 0 0 0 3 3 3 0 3 0 3 0 3 3 3 0 0 3 3 3 0 3 3 3 3 3 3 3 3 3 3 3 3 3 3 3 3 3 3 3 3 3 3 3 3 3 3 3 3 3 3 3 3 3 3 3 3 3 3 3 3 3 3 3 3 3 3 3 3 3 3 3 3 3 3 3 3 3 0 3 0 0 0 3 3 3 3 3 3 3 0 3 0 0 0 0 0 0 0 0 0 0 0 0 0 0 0 0 0 0 0 0 0 0 0 0 0 0 0 0 0 0 0 0 0 0 0 0 0 0 0 0 0 0 0 0 0 0 0 0 0 0 0 0 0 3 0 3 -12.842 3 -1.137 3 3 3 2 -72.432 0 -12.273 0 0 0 0 0
718,SIPP_2^3,"243,181,0","3,66,0",1,2901.198455999997,13457,8.54011,230.33609,45.5531,91.10619,5 5 5 6 6 6 6 6 7 7 7 7 7 7 7 7 7 7 7 7 7 7 7 7 7 7 7 7 7 7 7 7 7 7 7 7 7 7 7 7 7 7 7 7 7 7 7 7 7 7 7 7 7 7 7 7 7 7 6 6 7 6 6 7 6 6 6 6 6 6 6 6 6 7 7 6 7 6 7 7 7 6 6 6 6 7 7 6 7 7 6 7 7 7 7 7 7 7 7 7 7 7 7 7 7 7 7 7 7 7 7 7 7 7 7 7 7 7 7 6 6 6 6 6 6 6 6 6 6 6 6 6 6 6 6 6 6 7 7 6 6 6 6 7 7 7 7 6 7 6 6 6 6 6 6 7 6 6 6 6 7 6 6 7 6 7 6 7 7 7 6 6 6 7 6 6 6 6 7 7 6 7 6 6 6 6 6 7 6 7 6 7 6 6 6 6 6 6 6 6 6 6 6 6 6 6 7 6 6 7 6 6 6 7 6 7 7 6 6 6 6 6 6 6 6 6 6 6 6 6 6 6 6 6 6 6 6 7 6 7
718,SIPP_2^4,"243,181,0","3,66,0",1,2752.62349,8843,14.6924,45.39747,8.99909,17.99818,12 12 11 11 11 13 13 13 13 13 13 13 13 13 13 14 13 13 13 13 13 13 13 13 14 14 14 14 14 13 14 14 13 14 13 12 12 13 13 13 13 13 13 13 13 13 13 13 13 13 13 13 13 13 13 13 13 13 13 13 13 14 14 14 14 14 14 14 14 14 14 14 14 14 14 14 13 13 13 13 13 13 13 13 13 13 13 13 13 13 13 13 13 13 13 13 13 13 13 13 13 14 13 13 13 13 13 13 13 13 13 13 13 13 13 13 13 13 13 13 13 12 12 12 13 13 13 13 13 13 13 12 12 12 -2.445 12 -1.137 12 -1.137 12 10 11 10
718,SIPP_2^5,"243,181,0","3,66,0",1,2743.967157999995,9286,38.57255,17.08207,3.38325,6.7665,23 22 22 25 26 26 26 26 27 27 27 27 27 27 27 27 26 26 26 26 26 26 26 26 26 26 26 26 26 26 26 26 26 26 26 26 26 26 26 26 26 26 26 26 26 26 26 26 25 27 27 27 27 27 27 27 27 27 27 27 27 27 27 27 27 26 26 26 26 26 26 26 26 26 26 26 26 26 26 26 26 26 26 26 26 26 26 26 26 26 26 26 26 26 26 26 26 26 25 25 26 25 22 20 20 20 20
718,SIPP_BigCS,"243,181,11","3,66,10",0,-1,25964,180.19325,0.0,0.0,0.0,
718,SIPP_Standard,"243,181,11","3,66,10",1,2761.0,40195,101.5786,50.34329,7.2939,0.9098,10 30 50 61 61 61 61 61 69 50 61 61 61 61 61 61 61 61 61 61 61 93 23 38 19 61 61 93 19 69 34 59
719,SIPP_2^2,"228,58,0","23,208,0",1,3617.978538,34970,11.68257,572.75649,127.2345,254.469,2 2 2 2 2 2 2 2 2 2 2 2 2 2 2 2 3 3 3 3 3 3 3 2 3 3 3 2 3 2 3 3 2 3 3 3 3 3 3 3 3 3 3 3 2 2 3 2 2 3 3 2 2 2 2 2 2 2 2 2 2 2 2 2 2 2 1 2 2 2 2 2 2 2 2 2 2 2 2 3 3 3 3 3 3 3 3 3 3 3 3 3 3 3 -6.842 3 -1.137 3 3 2 3 3 3 3 3 3 3 3 3 3 3 3 3 3 3 3 3 3 3 3 3 3 3 3 3 3 3 3 3 2 2 2 3 2 2 3 2 2 3 3 3 2 3 2 2 3 3 2 3 3 2 3 3 3 3 3 3 3 3 3 3 3 3 3 3 3 3 3 3 3 3 3 3 3 3 3 3 3 2 3 3 2 2 2 2 2 2 2 2 2 2 2 2 2 3 2 2 2 2 2 3 2 3 2 3 3 3 3 2 3 3 2 3 3 3 3 3 3 3 2 3 2 3 2 3 2 3 2 3 3 2 3 2 3 3 3 3 3 3 3 3 3 3 3 3 3 3 3 3 3 3 3 3 3 3 3 3 3 3 3 3 3 3 3 3 3 3 3 3 3 3 3 3 3 2 3 2 2 2 2 2 2 3 2 2 2 3 3 3 3 3 3 3 3 3 3 2 2 2 2 2 2 3 3 2 2 2 3 3 2 2 3 3 3 3 3 3 3 2 2 2 2 2 2 2 2 2 2 2 2 2 2 3 2 2 2 3 3 3 3 3 3 3 2 2 2 2 2 2 2 2 2 2 2 2 2 2 2 2 2 1 2 1
719,SIPP_2^3,"228,58,0","23,208,0",1,3129.9545679999965,19211,11.15151,250.89949,49.48009,98.96017,4 4 5 4 4 4 4 4 4 4 4 5 5 5 6 6 5 5 5 6 6 6 5 6 5 5 6 6 6 6 6 6 5 5 5 4 5 5 4 4 5 5 5 5 5 5 5 4 5 4 4 4 4 4 4 5 4 5 5 4 4 5 5 5 5 5 6 5 6 -94.540 6 -19.986 6 -0.032 6 -0.033 6 5 6 5 6 5 6 5 6 6 6 6 6 6 -3.913 6 6 6 6 6 6 6 6 6 6 6 5 6 6 5 6 5 5 6 5 -1.660 4 4 -2.494 3 4 4 -9.988 4 5 -1.380 6 6 6 6 5 4 5 4 4 4 4 4 4 4 5 5 5 5 5 4 5 5 5 5 5 5 5 5 5 5 5 5 5 5 5 5 5 5 5 5 5 5 5 5 5 5 5 5 6 6 6 6 6 6 6 5 6 6 6 6 6 6 6 6 6 6 6 6 6 6 6 6 6 6 6 6 6 6 6 6 6 6 6 6 6 6 6 6 6 6 6 6 6 6 6 6 6 6 6 6 6 6 6 6 6 6 6 6 6 6 6 5 5 5 5 5 5 5 5 5 5 5 6 5 5 5 5 5 5 4 4 4 4 4 4 5 4 4 4 4 4 4 4 4 4 5
719,SIPP_2^4,"228,58,0","23,208,0",1,2785.2226319999936,9916,15.32923,74.97557,14.88461,29.76922,8 8 8 8 8 8 8 8 8 9 10 -1.754 10 10 12 11 11 11 11 11 11 12 12 11 12 12 10 10 9 9 9 9 9 9 9 9 9 9 9 9 9 10 10 11 11 11 11 11 11 11 11 11 11 11 11 11 11 11 10 10 11 10 10 10 10 10 10 10 10 10 10 10 10 10 11 11 11 10 10 10 10 10 10 10 10 10 10 10 10 10 10 10 10 10 10 11 11 11 11 10 10 10 10 10 10 10 10 11 12 12 12 12 12 12 12 12 12 12 12 12 12 12 12 12 12 12 12 12 12 12 12 12 12 12 12 12 12 12 12 12 12 12 12 12 12 12 12 12 11 11 11 11 11 11 11 11 12 11 12 11 12 12 11 12 11 10 10 9 9 9 8 9 8 8 8 8 8 8 8 8 8 9
719,SIPP_2^5,"228,58,0","23,208,0",1,2758.213574,8980,33.55923,56.5431,11.25553,22.51105,16 16 16 16 16 16 17 16 17 23 22 22 22 22 22 23 24 24 23 20 20 18 18 18 18 18 18 18 18 18 18 18 18 18 20 20 21 21 21 21 21 21 21 21 21 21 20 20 20 20 20 20 21 20 20 20 20 20 20 20 20 20 20 20 20 20 21 21 21 21 21 21 21 21 21 21 21 23 23 24 24 24 24 24 24 24 24 24 24 24 24 24 24 24 23 23 23 24 24 23 23 23 23 23 24 24 23 24 24 24 23 24 23 24 24 24 24 24 24 24 24 23 20 20 17 17 17 16 17 16 16 16 16 17
719,SIPP_BigCS,"228,58,7","23,208,15",0,-1,29606,180.35631,0.0,0.0,0.0,
719,SIPP_Standard,"228,58,7","23,208,15",1,2939.0153830000004,75577,168.39892,61.7836,11.3745,1.2947,40 78 59 91 15 62 94 20 55 67 31 55 67 55 67 55 67 31 55 67 31 55 91 3 3 3 3 3 3 3 7 83 -70.015 0 16 62
720,SIPP_2^2,"34,8,0","250,173,0",0,-1,0,0.0,0.0,0.0,0.0,
720,SIPP_2^3,"34,8,0","250,173,0",0,-1,0,0.0,0.0,0.0,0.0,
720,SIPP_2^4,"34,8,0","250,173,0",0,-1,0,0.0,0.0,0.0,0.0,
720,SIPP_2^5,"34,8,0","250,173,0",0,-1,0,0.0,0.0,0.0,0.0,
720,SIPP_BigCS,"34,8,0","250,173,0",0,-1,0,0.0,0.0,0.0,0.0,
720,SIPP_Standard,"34,8,10","250,173,3",0,-1,74472,180.00169,0.0,0.0,0.0,
721,SIPP_2^2,"235,79,0","4,201,0",1,3697.978538,33594,11.76871,516.18795,114.66813,229.33626,3 3 3 0 0 3 0 3 3 3 3 3 3 3 3 3 3 3 3 3 3 2 2 3 3 3 3 3 3 3 3 3 3 3 3 3 3 2 2 2 3 2 2 2 2 3 2 2 2 2 2 2 2 2 2 2 2 2 -29.660 2 -20.137 1 -8.052 2 -4.183 2 2 2 2 2 2 2 2 2 2 3 3 3 3 3 3 3 3 3 3 3 3 3 3 3 -24.810 3 -1.137 3 3 3 3 3 3 3 3 2 3 3 3 3 3 3 3 3 3 3 3 3 3 3 3 3 3 2 3 2 2 3 3 3 3 2 3 2 3 2 3 3 3 3 3 3 2 2 3 2 2 3 3 2 3 3 2 3 3 3 3 3 3 3 3 3 3 3 3 3 3 3 3 3 3 3 3 3 3 3 3 3 3 3 2 2 2 2 2 2 2 2 2 2 2 2 2 2 2 2 2 2 2 2 3 3 3 3 3 2 2 2 2 3 3 3 3 3 3 3 3 3 3 2 3 2 3 3 3 3 3 3 3 2 2 2 2 3 3 3 3 3 3 3 3 3 3 3 3 3 3 3 3 3 3 3 3 3 3 3 3 3 3 3 3 3 3 3 3 3 3 3 3 3 2 2 2 3 3 2 3 2 2 2 2 2 2 2 2 2 2 2 2 2 2 2 2 2 2 2 2 2 2 2 2 2 2 2 3 3 2 3 3 3 3 3 3 3 3 3 3 3 3 3 3 3 3 3 3 3 3 3 3 3 3 3 2 3 3 2 2 2 3 2 2 3 2 3 2 3 3 3 2 2 3 2 3 3 3 3 3 3 3 3 3 2 2 3 2 2 3 3 2 3 2
721,SIPP_2^3,"235,79,0","4,201,0",1,2916.3456399999964,9664,6.26115,183.09549,36.12832,72.25663,7 6 6 7 7 6 6 6 6 6 6 6 6 6 6 6 5 5 6 6 6 6 6 5 6 6 6 6 6 6 5 5 4 5 4 4 5 5 4 4 4 5 4 4 5 4 4 5 5 5 5 4 4 5 5 5 4 5 5 5 6 6 6 6 6 6 6 5 5 5 5 5 5 6 5 6 6 6 6 6 5 5 5 5 5 5 5 6 5 5 6 5 5 5 5 5 5 6 5 5 5 5 5 5 5 5 5 5 5 5 5 5 5 5 5 5 5 5 5 5 5 5 5 5 5 5 5 5 5 5 5 5 5 5 5 5 5 5 5 5 5 6 6 6 6 6 6 6 6 6 6 6 6 6 6 6 6 6 6 6 6 6 6 6 6 6 6 6 6 6 6 6 6 6 6 6 6 6 6 6 6 6 6 6 6 6 6 6 6 6 6 6 6 6 6 6 6 6 6 6 6 6 6 6 6 6 6 6 6 6 6 5 5 5 5 5 5 5 5 6 5 6 5 5 5 5 5 5 5 6 6 5 5 6 5 5 5 5 5 5 5 5 6 5
721,SIPP_2^4,"235,79,0","4,201,0",1,2836.926107,8768,14.9107,95.75567,18.84956,37.69912,13 13 14 12 11 12 12 12 12 12 12 12 11 12 12 12 11 12 12 12 12 12 12 12 12 10 10 9 9 9 9 9 9 9 9 9 9 9 9 9 10 10 11 12 12 11 11 12 12 12 11 12 12 12 11 12 12 12 12 12 12 12 12 12 12 12 12 12 12 12 12 12 12 12 13 12 12 12 12 12 12 12 12 12 12 12 12 12 12 12 12 11 11 11 11 11 11 11 11 11 11 11 11 11 11 11 -0.201 11 11 11 11 11 11 10 10 10 10 10 10 10 10 10 11 11 11 11 12 12 12 11 11 11 11 11 11 11 11 10 10 10 10 10 10 10 10 10 10 10 10 10 10 10 11 11 10 11 10 10 11 11 11 11 10 10 10 10 10 10 10 10 -1.943 12 -0.869 8 -0.101 8 9 9 9 -0.062 11 -0.456 11 9 11
721,SIPP_2^5,"235,79,0","4,201,0",1,2836.463817,9408,39.26587,47.75875,9.53578,19.07155,27 25 24 23 23 24 24 24 24 24 24 24 24 24 24 24 24 24 24 23 20 20 18 18 18 18 18 18 18 18 18 18 18 18 18 20 20 24 24 24 24 23 24 23 23 23 23 24 24 24 24 24 24 24 24 24 24 24 24 24 24 24 24 24 24 24 24 24 24 24 24 24 24 24 24 24 24 24 24 24 24 23 23 23 23 23 23 23 23 23 23 -0.930 22 20 20 20 20 20 20 20 20 20 20 20 20 21 21 21 22 21 23 23 22 22 22 23 22 22 22 20 20 20 20 20 20 20 20 20 20 20 21 21 21 21 21 21 21 21 21 20 20 20 -13.667 16 -0.869 16 -0.101 16 18 18 18 21 -1.674 20 -1.571 21
721,SIPP_BigCS,"235,79,2","4,201,15",0,-1,27888,180.06176,0.0,0.0,0.0,
721,SIPP_Standard,"235,79,2","4,201,15",1,2842.2919050000005,19941,42.66817,61.62517,11.0972,1.2506,50 -0.447 109 47 3 15 62 94 20 31 55 59 67 55 67 31 31 31 31 55 59 67 47 3 3 3 7 91 7 91 7 59 59 -9.845 59 75
722,SIPP_2^2,"21,243,0","154,24,0",0,-1,0,0.0,0.0,0.0,0.0,
722,SIPP_2^3,"21,243,0","154,24,0",0,-1,0,0.0,0.0,0.0,0.0,
722,SIPP_2^4,"21,243,0","154,24,0",0,-1,0,0.0,0.0,0.0,0.0,
722,SIPP_2^5,"21,243,0","154,24,0",0,-1,0,0.0,0.0,0.0,0.0,
722,SIPP_BigCS,"21,243,0","154,24,0",0,-1,0,0.0,0.0,0.0,0.0,
722,SIPP_Standard,"21,243,2","154,24,11",0,-1,79242,180.00114,0.0,0.0,0.0,
723,SIPP_2^2,"0,123,0","240,6,0",0,-1,0,0.0,0.0,0.0,0.0,
723,SIPP_2^3,"0,123,0","240,6,0",0,-1,0,0.0,0.0,0.0,0.0,
723,SIPP_2^4,"0,123,0","240,6,0",0,-1,0,0.0,0.0,0.0,0.0,
723,SIPP_2^5,"0,123,0","240,6,0",0,-1,0,0.0,0.0,0.0,0.0,
723,SIPP_BigCS,"0,123,0","240,6,0",0,-1,0,0.0,0.0,0.0,0.0,
723,SIPP_Standard,"0,123,8","240,6,14",0,-1,0,1e-05,0.0,0.0,0.0,
724,SIPP_2^2,"212,55,0","5,204,0",0,-1,0,0.0,0.0,0.0,0.0,
724,SIPP_2^3,"212,55,0","5,204,0",0,-1,0,0.0,0.0,0.0,0.0,
724,SIPP_2^4,"212,55,0","5,204,0",0,-1,0,0.0,0.0,0.0,0.0,
724,SIPP_2^5,"212,55,0","5,204,0",0,-1,0,0.0,0.0,0.0,0.0,
724,SIPP_BigCS,"212,55,0","5,204,0",0,-1,0,0.0,0.0,0.0,0.0,
724,SIPP_Standard,"212,55,7","5,204,0",0,-1,0,3e-05,0.0,0.0,0.0,
725,SIPP_2^2,"50,239,0","161,29,0",0,-1,0,0.0,0.0,0.0,0.0,
725,SIPP_2^3,"50,239,0","161,29,0",0,-1,0,0.0,0.0,0.0,0.0,
725,SIPP_2^4,"50,239,0","161,29,0",0,-1,0,0.0,0.0,0.0,0.0,
725,SIPP_2^5,"50,239,0","161,29,0",0,-1,0,0.0,0.0,0.0,0.0,
725,SIPP_BigCS,"50,239,0","161,29,0",0,-1,0,0.0,0.0,0.0,0.0,
725,SIPP_Standard,"50,239,8","161,29,0",0,-1,77326,180.00098,0.0,0.0,0.0,
726,SIPP_2^2,"213,5,0","31,178,0",1,3833.0774370000004,55013,16.60369,395.9798,91.10619,182.21237,3 3 3 3 3 3 3 3 2 3 2 3 2 3 3 3 2 2 2 2 2 2 -35.057 2 -4.686 2 2 2 2 2 3 3 2 2 2 2 2 2 2 2 2 2 2 2 2 2 2 2 2 2 2 2 2 2 2 2 2 2 2 2 2 2 2 2 2 2 2 2 2 2 2 2 2 2 2 2 2 2 2 2 2 2 2 2 2 2 2 2 2 2 2 2 2 2 2 2 2 2 2 2 2 2 2 3 2 2 2 2 2 2 2 2 2 2 2 2 2 2 2 2 2 2 2 2 2 2 2 2 2 2 2 2 2 2 2 2 2 2 2 2 2 2 2 2 2 2 2 2 3 3 3 3 3 3 3 3 3 3 3 3 3 3 3 2 3 3 3 3 3 3 3 3 2 2 2 2 2 2 2 2 2 2 2 2 2 2 3 3 2 3 3 2 3 3 3 3 3 3 3 3 3 3 2 3 3 3 3 3 3 3 2 2 2 2 3 3 3 3 3 3 2 3 3 3 3 3 3 3 3 3 2 3 3 3 3 3 2 3 3 3 3 3 3 3 3 -8.510 1 2 2 -1.857 2 -5.225 2 -0.178 2 -0.288 2 -1.169 2 -0.106 2 -0.013 2 3 2 2 3 2 3 2 2 3 3 3 2 3 3 3 3 3 3 3 3 3 3 3 3 3 3 3 3 3 3 3 3 3 3 2 2 2 2 2 2 2 2 3 3 3 3 3 3 3 3 3 3 3 3 3 3 3 3 3 3 3 3 3 3 3 3 3 3 3 3 3 3 0 3 0 3 3 3 0 3 0 0 0 3 0 3 3 0 -43.486 3 3 3 3 3 3 -0.914 3 3 3 -1.476 3 -0.093 3 -0.020 3 3 3 3 3 3 3 3 3 3 3 3 3 3 3 3 3 2 2 2 3
726,SIPP_2^3,"213,5,0","31,178,0",1,3060.4756779999957,15717,9.14041,170.71474,33.77212,67.54425,6 6 6 6 6 6 6 6 6 6 6 6 6 6 6 6 6 6 6 7 6 6 6 6 6 6 6 6 6 6 6 6 6 6 6 6 6 6 6 6 6 6 6 7 7 7 6 -43.125 6 6 6 6 6 6 6 6 6 6 6 6 6 6 6 6 6 6 6 6 6 5 5 5 5 5 5 5 5 5 5 4 5 5 5 5 5 5 5 5 5 4 4 5 5 5 5 5 5 5 5 5 5 5 4 5 5 5 4 4 4 4 5 4 4 4 4 4 4 4 4 4 4 4 4 4 4 3 4 4 4 4 4 4 4 5 4 4 4 5 4 5 4 5 4 4 4 4 4 4 4 4 4 4 4 4 5 5 5 5 5 5 5 5 5 5 5 4 5 5 5 5 5 5 5 5 4 5 4 5 4 5 5 4 5 5 5 5 5 4 4 4 4 4 4 4 4 4 4 4 4 4 4 4 4 4 4 4 4 4 4 5 5 5 5 5 5 6 6 6 6 6 6 6 6 5 5 5 5 5 6 6 6 5 5 5 5 5 5 5 5 5 5 5 5 5 5 5 5 5 5 5 5 5 5 5 5 6 5 5
726,SIPP_2^4,"213,5,0","31,178,0",1,2967.5348829999944,12865,19.10761,91.81055,18.27204,36.54408,12 12 12 12 12 12 12 12 12 12 12 12 12 12 12 12 12 12 12 12 12 12 12 12 12 13 13 12 12 12 13 12 12 12 12 13 12 12 12 12 12 12 12 -50.251 12 12 12 12 12 12 12 12 12 12 12 12 12 12 12 12 11 11 12 12 11 10 10 10 10 10 10 10 10 9 10 10 10 10 10 10 10 10 9 9 10 10 10 10 9 10 10 10 10 10 10 8 9 9 9 9 9 8 9 9 9 9 9 10 10 9 8 8 8 -2.635 8 8 8 8 8 8 8 8 8 8 8 8 8 8 9 9 9 9 9 8 9 9 8 9 8 8 9 9 8 9 9 8 8 8 8 8 8 8 8 8 8 8 8 8 8 9 9 9 9 9 9 9 9 9 9 10 10 10 11 11 11 11 11 11 11 12 12 11 12 10 10 10 10 10 10 10 10 10 10 10 10 10 10 10 10 10 10 10 10 10 11 10
726,SIPP_2^5,"213,5,0","31,178,0",1,2936.3874319999964,10688,37.20779,51.58703,10.29446,20.58892,24 24 24 24 24 24 24 24 25 25 24 24 24 24 24 24 24 24 24 24 25 24 24 24 24 24 24 24 24 24 24 24 24 24 24 24 24 24 25 -52.932 23 24 24 24 24 24 24 24 24 24 24 24 24 23 24 24 24 23 20 20 19 20 20 20 20 19 20 20 20 19 19 20 20 20 20 20 20 20 20 20 20 20 20 20 17 17 17 18 18 18 18 18 18 18 17 16 16 16 16 17 17 17 17 17 17 17 17 17 17 16 17 17 17 17 16 16 16 16 16 16 17 17 16 16 17 17 18 18 18 18 18 18 18 20 20 23 23 23 22 22 22 22 22 20 20 20 20 20 20 20 20 20 20 20 20 20 20 20 20 20 20 20 20 21 20
726,SIPP_BigCS,"213,5,9","31,178,13",0,-1,35461,180.19802,0.0,0.0,0.0,
726,SIPP_Standard,"213,5,9","31,178,13",1,3051.308088,68328,133.95887,78.71833,14.6138,1.6848,7 67 43 69 50 93 3 3 3 15 62 78 67 51 78 83 0 -19.878 0 0 20 51 62 62 70 51 70 -6.430 39 0 0 24 91 7 75 70 55 67 51
727,SIPP_2^2,"213,54,0","22,233,0",0,-1,0,0.0,0.0,0.0,0.0,
727,SIPP_2^3,"213,54,0","22,233,0",0,-1,0,0.0,0.0,0.0,0.0,
727,SIPP_2^4,"213,54,0","22,233,0",0,-1,0,0.0,0.0,0.0,0.0,
727,SIPP_2^5,"213,54,0","22,233,0",0,-1,0,0.0,0.0,0.0,0.0,
727,SIPP_BigCS,"213,54,0","22,233,0",0,-1,0,0.0,0.0,0.0,0.0,
727,SIPP_Standard,"213,54,15","22,233,2",0,-1,0,4e-05,0.0,0.0,0.0,
728,SIPP_2^2,"241,216,0","6,110,0",0,-1,0,0.0,0.0,0.0,0.0,
728,SIPP_2^3,"241,216,0","6,110,0",0,-1,0,0.0,0.0,0.0,0.0,
728,SIPP_2^4,"241,216,0","6,110,0",0,-1,0,0.0,0.0,0.0,0.0,
728,SIPP_2^5,"241,216,0","6,110,0",0,-1,0,0.0,0.0,0.0,0.0,
728,SIPP_BigCS,"241,216,0","6,110,0",0,-1,0,0.0,0.0,0.0,0.0,
728,SIPP_Standard,"241,216,12","6,110,9",0,-1,81302,180.00033,0.0,0.0,0.0,
729,SIPP_2^2,"40,223,0","212,30,0",0,-1,0,0.0,0.0,0.0,0.0,
729,SIPP_2^3,"40,223,0","212,30,0",0,-1,0,0.0,0.0,0.0,0.0,
729,SIPP_2^4,"40,223,0","212,30,0",0,-1,0,0.0,0.0,0.0,0.0,
729,SIPP_2^5,"40,223,0","212,30,0",0,-1,0,0.0,0.0,0.0,0.0,
729,SIPP_BigCS,"40,223,0","212,30,0",0,-1,0,0.0,0.0,0.0,0.0,
729,SIPP_Standard,"40,223,14","212,30,6",0,-1,76051,180.00109,0.0,0.0,0.0,
730,SIPP_2^2,"207,51,0","19,214,0",0,-1,0,0.0,0.0,0.0,0.0,
730,SIPP_2^3,"207,51,0","19,214,0",0,-1,0,0.0,0.0,0.0,0.0,
730,SIPP_2^4,"207,51,0","19,214,0",0,-1,0,0.0,0.0,0.0,0.0,
730,SIPP_2^5,"207,51,0","19,214,0",0,-1,0,0.0,0.0,0.0,0.0,
730,SIPP_BigCS,"207,51,0","19,214,0",0,-1,0,0.0,0.0,0.0,0.0,
730,SIPP_Standard,"207,51,11","19,214,15",0,-1,0,2e-05,0.0,0.0,0.0,
731,SIPP_2^2,"238,182,0","3,36,0",1,4007.9753020000003,59288,20.31839,749.53319,166.50441,333.00882,3 3 3 3 2 2 3 3 3 0 0 3 3 3 3 0 3 3 3 3 3 3 3 3 3 3 3 3 3 3 3 3 3 3 3 3 3 3 3 3 3 3 3 3 3 3 0 3 3 3 3 3 3 3 3 3 3 0 3 0 0 0 0 0 0 0 3 3 0 3 3 3 3 0 0 0 3 3 3 3 0 3 3 0 3 0 3 3 0 3 3 0 0 3 3 3 3 0 0 0 3 0 3 3 3 3 3 0 3 0 3 3 3 3 0 3 3 3 3 3 3 0 3 3 3 3 3 3 3 3 3 3 3 3 3 3 3 3 3 3 3 3 0 0 3 3 0 3 3 0 0 3 0 0 3 3 3 0 0 3 3 3 0 0 3 3 3 3 3 3 3 3 3 3 3 3 3 3 3 3 3 3 3 3 3 3 3 3 3 3 3 3 3 3 3 3 3 0 0 3 0 0 0 0 3 0 0 0 0 0 0 0 0 3 3 3 0 0 0 0 0 0 0 0 0 0 0 0 0 0 3 -14.526 0 -1.052 0 -1.142 3 -1.255 0 3 0 0 0 0 0 0 0 0 0 0 0 0 0 0 0 0 0 0 0 0 0 0 0 0 0 0 0 3 0 3 3 0 0 3 3 3 3 3 3 3 3 3 3 3 3 3 3 3 3 0 0 0 0 0 0 0 0 0 0 0 0 0 0 0 3 0 0 0 0 3 3 3 0 0 0 0 0 3 0 0 0 3 0 3 0 0 3 0 0 0 0 0 0 0 3 3 3 3 3 0 0 0 3 3 0 3 0 3 0 3 3 0 0 0 0 0 3 0 3 0 0 3 3 3 0 0 3 3 3 3 3 3 3 3 3 3 3 3 3 3 3 3 3 3 3 3 3 3 3 3 3 3 2 3 2 2 2 3 2 2 3 2 3
731,SIPP_2^3,"238,182,0","3,36,0",1,2988.767265,14449,9.41306,203.47534,40.05531,80.11062,6 6 6 5 6 5 7 7 7 7 7 6 7 7 7 7 7 7 6 7 7 7 7 7 7 7 7 7 6 7 7 7 7 7 7 7 7 7 7 6 6 6 7 7 7 7 7 7 7 7 7 7 7 7 7 7 7 7 6 6 6 6 6 6 6 6 6 6 7 6 7 7 7 7 6 7 7 7 7 7 7 6 7 6 7 7 6 7 6 6 7 7 7 7 6 6 6 6 6 6 6 6 6 6 6 6 6 6 6 6 6 6 6 6 6 6 6 6 6 6 6 6 6 7 7 7 7 7 7 7 7 7 7 7 7 7 7 7 7 7 7 7 7 7 7 7 7 7 7 7 7 7 7 7 7 7 7 7 7 7 6 6 6 6 7 6 7 7 7 7 6 7 7 6 6 7 7 7 6 7 6 7 7 7 7 7 7 6 7 7 7 7 7 7 7 7 7 7 7 7 7 7 7 7 7 7 7 7 7 7 7 7 7 7 7 6 6 6 7 6 7 7 7 6 6 6 6 6 6 6 -0.878 6 6 5 6 5
731,SIPP_2^4,"238,182,0","3,36,0",1,2835.6887759999927,6649,11.65031,54.12924,10.74974,21.49948,11 12 11 12 14 14 14 14 14 14 13 13 13 13 14 13 13 13 13 13 13 13 13 13 14 13 13 14 14 14 13 14 14 13 12 13 12 13 13 13 13 13 13 13 13 13 13 13 13 13 13 13 13 13 13 13 13 13 13 12 13 13 13 13 13 13 13 13 13 13 13 13 13 13 13 13 14 14 14 14 14 14 14 13 13 13 13 13 13 13 13 14 14 14 14 14 14 14 14 14 14 14 14 14 14 14 14 14 13 13 13 13 13 13 13 13 13 13 13 13 13 13 13 13 13 14 14 14 14 14 14 14 14 14 14 14 14 14 14 14 14 14 14 14 14 14 14 15 15 14 15 14
731,SIPP_2^5,"238,182,0","3,36,0",1,2807.0728759999965,4410,19.20902,14.778,2.91829,5.83658,23 23 27 26 26 27 27 27 27 27 27 27 27 27 27 27 27 27 25 25 25 25 26 26 26 26 26 26 26 26 26 26 26 26 25 26 26 26 26 26 26 26 26 26 27 27 27 27 27 27 27 27 27 27 27 27 27 27 27 27 27 27 26 27 27 27 27 26 27 27 27 27 27 27 26 27 27 27 28 28 28 28 28 28 28 28 28 28 28 28 28 28 28 28 28 28 28 28 28 28 28 28 28 28 28
731,SIPP_BigCS,"238,182,15","3,36,7",1,2796.0,6374,45.52703,46.15721,7.437,0.9255,103 171 75 178 205 205 205 205 205 205 205 205 205 205 205 205 221 102 102 102 102 102 102 178 309 87 205 205 205 205 205 205 205 205 205 205 205 205 205 205 205 205 205 205 205 205 205 205 205 205 205 221 102 102 102 178 221 126 221 126 205 205 205 205 205 205 205 205 205 205 205 205 205 253 126 253 126 253 102 102 102 102 102 102 102 102 102 102 102 102 102 102 102 102 102 102 102 102 126
731,SIPP_Standard,"238,182,15","3,36,7",1,2897.805915,25643,67.28135,55.00278,8.6864,0.8954,37 14 61 61 61 61 61 69 50 61 61 61 61 61 61 61 69 50 69 50 69 50 -9.046 69 30 38 23 38 23 -11.760 30 50 61 61 61 69
732,SIPP_2^2,"232,26,0","26,180,0",0,-1,0,0.0,0.0,0.0,0.0,
732,SIPP_2^3,"232,26,0","26,180,0",0,-1,0,0.0,0.0,0.0,0.0,
732,SIPP_2^4,"232,26,0","26,180,0",0,-1,0,0.0,0.0,0.0,0.0,
732,SIPP_2^5,"232,26,0","26,180,0",0,-1,0,0.0,0.0,0.0,0.0,
732,SIPP_BigCS,"232,26,0","26,180,0",0,-1,0,0.0,0.0,0.0,0.0,
732,SIPP_Standard,"232,26,8","26,180,0",0,-1,0,4e-05,0.0,0.0,0.0,
733,SIPP_2^2,"232,6,0","46,172,0",0,-1,0,0.0,0.0,0.0,0.0,
733,SIPP_2^3,"232,6,0","46,172,0",0,-1,0,0.0,0.0,0.0,0.0,
733,SIPP_2^4,"232,6,0","46,172,0",0,-1,0,0.0,0.0,0.0,0.0,
733,SIPP_2^5,"232,6,0","46,172,0",0,-1,0,0.0,0.0,0.0,0.0,
733,SIPP_BigCS,"232,6,0","46,172,0",0,-1,0,0.0,0.0,0.0,0.0,
733,SIPP_Standard,"232,6,6","46,172,4",0,-1,0,1e-05,0.0,0.0,0.0,
734,SIPP_2^2,"18,40,0","200,240,0",0,-1,0,0.0,0.0,0.0,0.0,
734,SIPP_2^3,"18,40,0","200,240,0",0,-1,0,0.0,0.0,0.0,0.0,
734,SIPP_2^4,"18,40,0","200,240,0",0,-1,0,0.0,0.0,0.0,0.0,
734,SIPP_2^5,"18,40,0","200,240,0",0,-1,0,0.0,0.0,0.0,0.0,
734,SIPP_BigCS,"18,40,0","200,240,0",0,-1,0,0.0,0.0,0.0,0.0,
734,SIPP_Standard,"18,40,1","200,240,15",0,-1,69501,180.0025,0.0,0.0,0.0,
735,SIPP_2^2,"40,243,0","159,26,0",0,-1,0,0.0,0.0,0.0,0.0,
735,SIPP_2^3,"40,243,0","159,26,0",0,-1,0,0.0,0.0,0.0,0.0,
735,SIPP_2^4,"40,243,0","159,26,0",0,-1,0,0.0,0.0,0.0,0.0,
735,SIPP_2^5,"40,243,0","159,26,0",0,-1,0,0.0,0.0,0.0,0.0,
735,SIPP_BigCS,"40,243,0","159,26,0",0,-1,0,0.0,0.0,0.0,0.0,
735,SIPP_Standard,"40,243,9","159,26,7",0,-1,0,2e-05,0.0,0.0,0.0,
736,SIPP_2^2,"244,44,0","43,217,0",0,-1,0,0.0,0.0,0.0,0.0,
736,SIPP_2^3,"244,44,0","43,217,0",0,-1,0,0.0,0.0,0.0,0.0,
736,SIPP_2^4,"244,44,0","43,217,0",0,-1,0,0.0,0.0,0.0,0.0,
736,SIPP_2^5,"244,44,0","43,217,0",0,-1,0,0.0,0.0,0.0,0.0,
736,SIPP_BigCS,"244,44,0","43,217,0",0,-1,0,0.0,0.0,0.0,0.0,
736,SIPP_Standard,"244,44,2","43,217,8",0,-1,0,2e-05,0.0,0.0,0.0,
737,SIPP_2^2,"223,48,0","6,189,0",1,3812.455872,38824,12.06877,728.31998,161.79202,323.58404,2 2 2 2 2 2 2 2 3 3 3 3 3 2 3 3 2 2 2 2 2 2 2 2 2 2 2 2 2 2 2 2 2 2 2 3 2 2 3 3 3 3 3 3 3 3 3 3 3 2 2 3 2 2 3 2 2 2 3 2 2 2 2 2 1 2 1 1 1 2 2 2 2 2 -47.132 3 3 3 2 2 3 2 2 2 2 3 3 3 3 3 3 3 2 2 1 2 1 2 2 2 2 2 3 3 3 3 3 3 3 3 3 3 3 3 3 3 3 3 3 3 3 3 3 3 3 3 3 2 2 2 3 3 -9.462 3 -0.370 3 -0.093 3 -0.020 3 3 3 3 -0.029 3 -0.033 3 -0.117 3 2 3 2 2 2 2 2 3 -34.184 3 -1.175 2 -1.369 2 -1.584 3 -1.535 3 2 3 3 3 3 3 3 3 3 3 3 -3.416 3 -1.059 3 3 3 2 3 2 2 2 3 2 3 3 3 3 3 3 3 3 3 3 3 2 2 2 2 2 2 2 2 2 3 3 3 3 3 2 2 2 3 2 3 2 3 3 2 3 2 3 3 3 3 3 3 2 3 3 3 3 2 2 3 2 3 3 2 3 3 3 3 3 3 3 3 3 3 3 3 3 3 3 3 3 3 3 3 3 3 3 3 3 3 3 3 3 3 3 3 3 3 3 3 3 3 3 3 3 3 3 3 3 2 3 3 3 2 3 2 3 2 2 2 2 2 3 2 2 2 3 3 2 2 3 3 -10.878 2 2 2 2 2 2 2 2 2 2 3 3 3 3 3 3 3 3 3 3 3 2 3 3 3 3 3 3 3 3 2 3 3 2 3 3 2 3 2 2 3 2 2 2 2 3 2 3 3 3 2 2 2 3 3 2 3 3 3 3 3 3 2 3 2 3 3 3 3 2 3
737,SIPP_2^3,"223,48,0","6,189,0",1,3158.2388399999963,18180,10.98218,218.86318,43.1969,86.3938,4 4 4 4 4 4 5 5 5 5 5 5 5 5 4 4 4 4 4 4 4 4 4 4 5 5 4 4 5 5 6 6 6 6 5 6 5 5 4 5 5 5 5 5 4 4 4 5 5 5 5 4 4 5 4 5 4 4 4 4 4 4 5 5 5 5 5 5 5 5 6 6 -56.256 6 -19.986 6 -0.032 6 -0.033 6 5 5 5 6 6 5 6 6 6 6 6 6 6 -3.913 6 6 6 6 6 6 6 6 6 6 6 6 6 6 6 5 5 5 5 5 -1.660 4 4 -2.494 3 4 4 -9.988 4 5 -1.380 6 6 6 6 5 4 5 4 4 4 4 4 4 4 4 5 5 5 5 5 5 5 5 5 5 5 5 5 5 5 5 5 5 5 5 5 5 5 5 5 5 5 5 5 5 5 5 5 5 5 5 5 5 6 6 6 6 6 6 6 6 6 6 6 6 6 6 5 6 6 6 6 6 6 6 6 6 6 6 6 6 5 5 6 6 6 6 6 6 6 6 6 6 6 6 6 6 6 6 6 6 5 5 6 6 6 6 6 6 6 6 6 5 6 6 6 6 6 6 6 6 6 6 6 6 6 6 6 6 5 6 7 6 7 7 6 5 6 5 5 5 5 5 6 6 6 6 5
737,SIPP_2^4,"223,48,0","6,189,0",1,3131.319919999993,17490,26.584,133.50154,26.20194,52.40387,8 8 8 8 8 8 10 10 10 10 10 10 10 10 8 8 8 8 8 8 8 8 8 9 9 8 10 10 11 12 12 12 12 10 10 9 9 9 9 9 9 9 9 9 9 9 9 9 10 10 11 10 11 10 -96.504 13 12 -7.128 14 11 11 11 11 12 12 12 12 12 12 12 12 11 11 11 11 11 11 12 12 12 12 -2.184 10 10 6 -5.270 7 8 -11.866 8 10 -1.380 12 12 12 11 9 9 9 9 9 9 9 9 9 10 10 10 10 10 10 10 10 10 10 10 10 10 10 10 10 10 10 10 10 11 11 11 11 11 11 11 11 11 11 11 11 11 11 12 12 12 12 12 12 12 12 12 12 12 12 12 12 12 12 12 12 12 12 12 12 12 12 12 12 12 12 12 12 12 12 12 12 11 12 12 12 12 11 12 11 12 12 12 12 12 11 12 11 11 11 11 11 10 11 10 10 11 13 14 14 14 15 14
737,SIPP_2^5,"223,48,0","6,189,0",1,3101.7929119999976,15739,57.30358,104.36008,20.67325,41.3465,16 16 16 16 16 16 20 20 20 20 20 20 20 20 17 16 16 17 16 16 16 16 16 16 20 20 24 24 24 23 20 20 18 18 18 18 18 18 18 18 18 18 18 18 18 20 20 21 21 -99.613 26 24 -7.128 28 22 22 -0.253 23 -0.051 23 24 24 24 24 -0.447 24 24 22 23 23 23 23 23 18 12 -8.110 15 -12.284 16 20 -1.380 24 24 23 18 18 18 18 19 19 19 18 18 20 20 20 20 20 21 20 20 20 20 21 20 20 20 21 21 20 23 23 23 23 23 23 23 23 23 23 24 24 24 24 24 24 24 24 24 24 24 24 24 24 24 24 24 24 24 24 24 24 24 24 23 23 23 24 24 24 24 24 24 23 23 22 22 22 22 22 21 22 26 28 28 28 28 28
737,SIPP_BigCS,"223,48,8","6,189,2",0,-1,30223,180.14185,0.0,0.0,0.0,
737,SIPP_Standard,"223,48,8","6,189,2",1,3283.690036,47368,93.19013,63.48901,11.6293,1.3072,6 -41.799 74 -11.581 93 15 94 0 0 0 20 39 0 0 20 55 67 31 31 -9.310 31 31 55 91 3 3 3 7 91 7 91 3 3 3 11 51 70 55 59 59 59 59
738,SIPP_2^2,"89,4,0","201,252,0",1,3864.382126,35509,11.24966,473.76154,108.38495,216.76989,1 1 1 1 1 1 1 1 -64.800 2 -1.639 3 -1.158 2 3 -67.169 1 -6.878 1 -2.841 2 1 1 1 1 1 1 2 1 2 2 2 2 1 2 2 2 2 2 2 2 2 2 2 2 1 1 2 2 2 2 2 2 1 2 2 2 2 1 1 2 2 -10.766 2 2 2 2 2 2 2 2 2 2 2 2 2 2 2 2 2 2 -50.331 2 -0.534 1 -0.151 1 -18.115 2 2 2 2 2 2 2 2 2 2 2 2 2 2 2 2 2 2 2 2 2 2 2 1 1 2 1 2 1 2 2 2 2 2 2 2 2 2 2 2 2 2 2 2 2 2 2 2 2 2 2 2 2 2 2 2 2 2 2 2 2 2 2 2 2 2 2 2 2 2 2 2 2 2 2 1 2 2 2 1 1 2 1 1 1 1 1 2 1 1 1 1 1 2 2 2 2 1 1 1 1 1 1 1 1 1 1 1 1 1 1 1 1 1 1 1 1 1 1 1 1 1 1 2 2 2 2 2 2 2 2 2 2 2 2 2 2 2 2 2 2 2 2 2 2 2 2 1 1 1 1 1 1 2 1 2 1 1 1 1 2 1 1 1 1 2 1 1 2 1 2 2 2 1 2 2 2 1 1 1 1 1 1 1 1 2 1 1 1 1 1 1 1 1 1 1 2 2 2 2 2 2 2 1 2 2 2 1 2 2 2 2 1 2 2 2 2 2 2 1 2 2 2 2 2 2 2 2 2 2 2 2 2 2 2 2 2 2 2 2 2 2 2 2 2 2 2 2 2 2 2 2 2 2 1 1 2 2 1 1 2 2 2 2 2 2 2 2 2 2 2 2 2 2 2 2 2 2 2 2 2 2 2 2 2 1 2
738,SIPP_2^3,"89,4,0","201,252,0",1,3319.1096099999945,13847,8.12333,290.13222,60.47566,120.95132,2 2 2 2 3 3 2 2 2 2 -4.409 4 -9.729 5 6 7 6 -74.059 2 -7.651 3 2 1 2 2 -0.302 2 -2.016 3 -0.040 3 -0.040 3 -0.040 3 4 4 3 4 4 4 4 4 4 4 4 3 3 4 4 4 3 4 4 4 3 4 3 4 4 3 -2.203 5 4 4 4 4 4 4 4 4 4 4 4 5 4 4 5 5 5 6 6 -9.846 5 5 4 4 4 4 3 3 3 3 3 4 3 4 3 3 3 3 3 3 3 3 3 3 3 3 2 3 3 3 3 3 3 3 2 3 3 3 3 2 3 3 3 3 3 3 3 3 3 3 3 3 3 3 3 3 3 3 3 3 3 3 3 3 3 3 3 3 3 3 3 3 3 3 3 3 4 4 4 4 4 4 4 4 4 4 3 3 3 3 3 3 3 3 3 3 3 4 3 3 4 4 4 4 4 3 4 4 4 3 4 4 3 3 4 3 4 3 4 3 4 3 4 4 4 4 4 4 4 4 4 4 4 4 4 4 4 4 4 4 4 4 4 4 4 4 4 4 4 4 4 4 4 4 4 4 4 4 4 4 4 4 4 4 4 4 4 4 4 4 4 4 4 4 4 4 4 4 4 4 4 4 4 4 4 4 4 3 3 4 3 3 3 4 3 4 3 4 4 3
738,SIPP_2^4,"89,4,0","201,252,0",1,3240.3708219999917,10904,16.86061,122.88275,23.84574,47.69148,7 7 6 7 -53.269 0 -82.302 5 -0.324 1 -0.875 3 3 4 -3.567 4 -2.016 6 -0.040 6 -0.040 6 -1.521 7 8 7 7 7 7 8 8 8 7 7 8 7 8 8 -0.036 8 -0.106 8 -0.013 8 -4.617 8 -10.202 10 8 8 8 8 8 8 8 8 8 8 8 9 -0.130 9 10 -0.391 10 12 12 -8.971 11 7 7 7 7 7 7 7 6 6 6 6 6 6 5 6 6 6 6 6 5 6 6 6 6 6 6 6 6 6 6 6 6 6 6 6 6 6 6 6 6 6 6 6 6 6 6 6 6 6 6 6 6 6 6 6 6 6 7 7 7 7 7 7 7 7 7 7 6 6 6 6 6 6 7 7 7 7 7 7 7 7 7 7 7 7 7 7 8 7 8 8 8 8 8 8 8 8 8 8 8 8 8 8 8 8 8 8 8 8 8 8 8 8 8 8 8 8 8 8 8 8 8 8 8 8 8 8 8 8 8 8 8 8 8 8 8 8 8 8 8 8 8 8 8 8 8 8 8 7 7 7 7 8 7 7 8 7
738,SIPP_2^5,"89,4,0","201,252,0",1,3230.029633999995,10512,38.69433,99.47523,20.14074,40.28149,14 15 15 -45.787 3 -6.115 0 -65.916 10 -0.875 6 -0.393 7 -3.912 8 -2.016 12 -0.040 12 -0.040 12 -0.040 12 15 15 15 15 15 14 15 -2.706 16 -1.047 16 -0.410 16 -0.106 16 -0.013 16 -16.674 17 17 16 16 16 16 17 -3.935 16 -1.012 16 -1.142 16 -1.235 22 -2.515 16 24 24 -2.126 18 18 14 14 13 13 13 12 12 12 11 12 12 12 12 12 12 12 12 12 12 12 12 12 12 12 12 12 12 12 11 12 12 12 12 12 12 12 12 12 12 12 12 12 12 12 12 12 12 12 12 12 13 13 14 14 14 14 14 14 14 14 13 13 13 13 13 12 13 14 14 14 14 14 14 15 15 15 15 15 16 16 16 16 16 16 16 16 16 16 16 16 16 16 16 16 16 16 16 16 16 16 16 16 16 16 16 16 16 15 16 16 16 16 16 16 16 16 16 15 16 16 16 16 16 15 16 16 16 16 16 16 16 16 16 16 16 15
738,SIPP_BigCS,"89,4,10","201,252,0",0,-1,29659,180.19975,0.0,0.0,0.0,
738,SIPP_Standard,"89,4,10","201,252,0",1,3258.506965,52301,129.22382,66.70045,12.4385,1.3879,97 -195.874 79 64 52 88 20 -3.043 39 -15.663 20 -7.927 39 8 28 28 28 48 71 52 72 71 28 52 56 56 64 52 64 52 56 88 0 0 0 0 0 0 0 4 88
739,SIPP_2^2,"112,235,0","248,2,0",0,-1,0,0.0,0.0,0.0,0.0,
739,SIPP_2^3,"112,235,0","248,2,0",0,-1,0,0.0,0.0,0.0,0.0,
739,SIPP_2^4,"112,235,0","248,2,0",0,-1,0,0.0,0.0,0.0,0.0,
739,SIPP_2^5,"112,235,0","248,2,0",0,-1,0,0.0,0.0,0.0,0.0,
739,SIPP_BigCS,"112,235,0","248,2,0",0,-1,0,0.0,0.0,0.0,0.0,
739,SIPP_Standard,"112,235,5","248,2,1",0,-1,81707,180.00169,0.0,0.0,0.0,
740,SIPP_2^2,"60,6,0","193,244,0",0,-1,0,0.0,0.0,0.0,0.0,
740,SIPP_2^3,"60,6,0","193,244,0",0,-1,0,0.0,0.0,0.0,0.0,
740,SIPP_2^4,"60,6,0","193,244,0",0,-1,0,0.0,0.0,0.0,0.0,
740,SIPP_2^5,"60,6,0","193,244,0",0,-1,0,0.0,0.0,0.0,0.0,
740,SIPP_BigCS,"60,6,0","193,244,0",0,-1,0,0.0,0.0,0.0,0.0,
740,SIPP_Standard,"60,6,10","193,244,7",0,-1,71108,180.00097,0.0,0.0,0.0,
741,SIPP_2^2,"247,180,0","8,41,0",1,3965.630809,55459,18.47438,615.1829,139.80087,279.60175,0 0 0 0 3 0 3 3 3 0 0 0 0 3 3 3 3 3 3 3 3 3 3 3 3 3 3 3 3 3 3 3 3 3 3 3 3 3 3 3 3 3 3 3 3 3 3 3 3 3 3 3 3 3 3 3 3 3 3 3 3 3 3 3 3 3 0 3 3 3 3 3 3 3 3 3 3 3 3 3 3 3 3 3 3 3 3 3 3 3 3 0 3 3 0 0 0 0 0 0 3 3 3 0 3 3 0 3 3 0 0 0 0 3 3 3 3 3 0 0 3 0 0 3 0 3 3 3 3 0 0 3 0 0 0 3 3 3 3 3 3 3 3 0 3 0 0 0 0 0 0 0 0 0 0 0 0 3 0 3 0 3 3 3 3 3 3 3 0 3 3 3 0 3 3 3 3 0 3 0 3 0 3 0 0 -3.100 0 -13.612 0 -0.918 0 -0.201 0 -0.084 0 -0.626 0 -1.022 0 0 0 0 0 0 0 0 0 0 0 0 0 0 0 0 0 0 0 0 0 0 0 0 0 0 0 0 0 0 0 0 0 0 0 3 3 3 3 3 3 3 3 3 3 3 3 3 3 3 3 3 3 3 3 3 3 3 3 3 3 3 3 3 3 3 3 3 3 3 3 3 3 3 3 3 3 3 3 3 0 3 3 3 3 3 3 3 3 3 0 3 3 0 3 3 0 0 0 0 0 0 0 0 3 3 3 3 3 0 3 3 0 0 3 3 3 3 3 0 3 0 0 3 0 3 0 0 3 0 3 0 0 3 3 0 3 3 3 0 3 3 0 -78.819 2 -20.683 3 -5.067 3 -7.766 2 3 -1.125 3 -11.814 3 3 3 3 -0.793 3 3 3 3 3 0 0 3 0 0 0 0 3 0 0 0 0 0 0 0 0 0 0 3 3 3 3 3 3 3 3 3 3 3 0 0 0 3
741,SIPP_2^3,"247,180,0","8,41,0",1,3001.969601,14863,9.72081,294.45202,58.11947,116.23893,7 7 7 7 7 7 0 0 7 7 7 6 7 7 7 7 7 6 7 7 7 7 7 7 7 7 7 7 7 7 7 7 7 7 7 6 7 7 6 6 6 6 6 6 6 6 6 6 6 6 6 6 6 6 6 6 6 7 7 7 7 7 7 6 7 6 6 6 6 6 6 6 6 6 6 6 6 7 6 6 6 6 7 7 6 6 7 7 7 7 7 7 7 7 6 7 6 7 7 6 7 6 7 6 6 6 6 6 6 6 6 6 6 6 7 7 7 7 7 7 7 7 7 6 7 6 6 6 6 6 6 6 6 6 6 6 6 7 7 7 7 7 7 7 7 7 7 7 7 7 7 6 6 6 6 7 6 7 6 7 6 6 7 7 6 6 7 6 7 7 7 6 6 7 7 6 7 7 6 7 6 7 7 7 7 7 7 7 7 7 6 7 6 6 7 7 7 7 6 6 6 6 6 7 7 7 7 6 6 6 7 7 6 7 7 7 7 6 7 7 7 6 7 7 7 7 7 6 7 7 6 7 7 6 6 6 7 7 7 7 7 7 -4.497 1
741,SIPP_2^4,"247,180,0","8,41,0",1,2828.418655999996,7056,12.18627,71.70594,14.36491,28.72982,14 14 15 14 14 14 15 13 13 13 13 13 13 14 13 13 13 13 13 13 13 13 13 13 14 14 13 13 13 13 13 13 13 13 14 14 14 14 13 13 13 13 13 13 13 13 13 13 13 13 13 13 13 13 13 13 13 14 14 14 13 13 13 13 14 13 14 14 14 13 14 14 13 13 14 14 13 13 13 14 13 13 13 13 13 13 13 13 14 13 13 13 13 14 14 14 14 14 14 14 14 14 14 14 13 13 -3.024 13 12 13 13 13 13 13 13 13 12 12 12 12 12 12 12 12 13 13 -13.084 0 14 13 13 13 13 13 13 13 13 13 13 14 13 13 13 14 13 13 13 14
741,SIPP_2^5,"247,180,0","8,41,0",1,2821.0538669999946,7472,32.49999,14.60178,2.9196,5.8392,29 29 28 28 27 27 26 27 27 27 27 27 26 26 26 27 26 26 26 26 26 26 26 26 26 26 26 26 26 26 26 26 26 26 26 26 26 26 26 26 26 25 26 26 26 26 26 26 25 25 25 25 25 25 25 25 25 25 25 25 25 26 26 26 26 26 26 26 26 26 26 26 26 26 25 26 26 26 26 26 26 26 26 26 26 26 25 26 26 26 26 26 26 26 26 26 26 26 27 28 29 29 29 29 29 29 29 30 29
741,SIPP_BigCS,"247,180,15","8,41,4",1,2770.0,8503,66.12524,31.72423,3.8946,0.4653,102 102 102 154 322 197 205 205 205 205 205 205 205 205 205 205 205 205 205 205 205 205 205 205 221 102 102 178 197 205 205 205 205 205 205 205 205 205 205 205 205 205 205 205 205 205 205 205 205 205 205 205 205 205 205 205 205 205 205 205 205 205 205 205 205 205 205 205 205 205 205 205 205 205 205 205 205 205 205 205 205 205 205 205 205 205 205 205 205 205 205 205 205 205 309 59 357 102 102 102 102 102 102 102 154 218
741,SIPP_Standard,"247,180,15","8,41,4",1,2831.120182,35519,91.6653,41.28212,5.6483,0.5495,54 74 61 61 61 61 61 61 69 50 61 61 61 61 61 61 61 61 61 69 30 50 77 74 -9.307 93 3 23 30 -10.813 50 61 61 61 69
742,SIPP_2^2,"237,228,0","19,72,0",0,-1,0,0.0,0.0,0.0,0.0,
742,SIPP_2^3,"237,228,0","19,72,0",0,-1,0,0.0,0.0,0.0,0.0,
742,SIPP_2^4,"237,228,0","19,72,0",0,-1,0,0.0,0.0,0.0,0.0,
742,SIPP_2^5,"237,228,0","19,72,0",0,-1,0,0.0,0.0,0.0,0.0,
742,SIPP_BigCS,"237,228,0","19,72,0",0,-1,0,0.0,0.0,0.0,0.0,
742,SIPP_Standard,"237,228,6","19,72,14",0,-1,0,4e-05,0.0,0.0,0.0,
743,SIPP_2^2,"253,76,0","18,205,0",0,-1,0,0.0,0.0,0.0,0.0,
743,SIPP_2^3,"253,76,0","18,205,0",0,-1,0,0.0,0.0,0.0,0.0,
743,SIPP_2^4,"253,76,0","18,205,0",0,-1,0,0.0,0.0,0.0,0.0,
743,SIPP_2^5,"253,76,0","18,205,0",0,-1,0,0.0,0.0,0.0,0.0,
743,SIPP_BigCS,"253,76,0","18,205,0",0,-1,0,0.0,0.0,0.0,0.0,
743,SIPP_Standard,"253,76,3","18,205,5",0,-1,84624,180.00213,0.0,0.0,0.0,
744,SIPP_2^2,"9,34,0","202,230,0",0,-1,0,0.0,0.0,0.0,0.0,
744,SIPP_2^3,"9,34,0","202,230,0",0,-1,0,0.0,0.0,0.0,0.0,
744,SIPP_2^4,"9,34,0","202,230,0",0,-1,0,0.0,0.0,0.0,0.0,
744,SIPP_2^5,"9,34,0","202,230,0",0,-1,0,0.0,0.0,0.0,0.0,
744,SIPP_BigCS,"9,34,0","202,230,0",0,-1,0,0.0,0.0,0.0,0.0,
744,SIPP_Standard,"9,34,5","202,230,0",0,-1,72374,180.0014,0.0,0.0,0.0,
745,SIPP_2^2,"93,5,0","255,231,0",0,-1,0,0.0,0.0,0.0,0.0,
745,SIPP_2^3,"93,5,0","255,231,0",0,-1,0,0.0,0.0,0.0,0.0,
745,SIPP_2^4,"93,5,0","255,231,0",0,-1,0,0.0,0.0,0.0,0.0,
745,SIPP_2^5,"93,5,0","255,231,0",0,-1,0,0.0,0.0,0.0,0.0,
745,SIPP_BigCS,"93,5,0","255,231,0",0,-1,0,0.0,0.0,0.0,0.0,
745,SIPP_Standard,"93,5,0","255,231,11",0,-1,79057,180.00107,0.0,0.0,0.0,
746,SIPP_2^2,"1,194,0","241,77,0",0,-1,0,0.0,0.0,0.0,0.0,
746,SIPP_2^3,"1,194,0","241,77,0",0,-1,0,0.0,0.0,0.0,0.0,
746,SIPP_2^4,"1,194,0","241,77,0",0,-1,0,0.0,0.0,0.0,0.0,
746,SIPP_2^5,"1,194,0","241,77,0",0,-1,0,0.0,0.0,0.0,0.0,
746,SIPP_BigCS,"1,194,0","241,77,0",0,-1,0,0.0,0.0,0.0,0.0,
746,SIPP_Standard,"1,194,14","241,77,13",0,-1,75043,180.00197,0.0,0.0,0.0,
747,SIPP_2^2,"10,69,0","245,208,0",0,-1,0,0.0,0.0,0.0,0.0,
747,SIPP_2^3,"10,69,0","245,208,0",0,-1,0,0.0,0.0,0.0,0.0,
747,SIPP_2^4,"10,69,0","245,208,0",0,-1,0,0.0,0.0,0.0,0.0,
747,SIPP_2^5,"10,69,0","245,208,0",0,-1,0,0.0,0.0,0.0,0.0,
747,SIPP_BigCS,"10,69,0","245,208,0",0,-1,0,0.0,0.0,0.0,0.0,
747,SIPP_Standard,"10,69,8","245,208,7",0,-1,71398,180.00187,0.0,0.0,0.0,
748,SIPP_2^2,"65,183,0","253,0,0",0,-1,0,0.0,0.0,0.0,0.0,
748,SIPP_2^3,"65,183,0","253,0,0",0,-1,0,0.0,0.0,0.0,0.0,
748,SIPP_2^4,"65,183,0","253,0,0",0,-1,0,0.0,0.0,0.0,0.0,
748,SIPP_2^5,"65,183,0","253,0,0",0,-1,0,0.0,0.0,0.0,0.0,
748,SIPP_BigCS,"65,183,0","253,0,0",0,-1,0,0.0,0.0,0.0,0.0,
748,SIPP_Standard,"65,183,12","253,0,14",0,-1,77660,180.00303,0.0,0.0,0.0,
749,SIPP_2^2,"12,144,0","255,38,0",0,-1,0,0.0,0.0,0.0,0.0,
749,SIPP_2^3,"12,144,0","255,38,0",0,-1,0,0.0,0.0,0.0,0.0,
749,SIPP_2^4,"12,144,0","255,38,0",0,-1,0,0.0,0.0,0.0,0.0,
749,SIPP_2^5,"12,144,0","255,38,0",0,-1,0,0.0,0.0,0.0,0.0,
749,SIPP_BigCS,"12,144,0","255,38,0",0,-1,0,0.0,0.0,0.0,0.0,
749,SIPP_Standard,"12,144,14","255,38,10",0,-1,75609,180.00134,0.0,0.0,0.0,
750,SIPP_2^2,"77,229,0","251,10,0",0,-1,0,0.0,0.0,0.0,0.0,
750,SIPP_2^3,"77,229,0","251,10,0",0,-1,0,0.0,0.0,0.0,0.0,
750,SIPP_2^4,"77,229,0","251,10,0",0,-1,0,0.0,0.0,0.0,0.0,
750,SIPP_2^5,"77,229,0","251,10,0",0,-1,0,0.0,0.0,0.0,0.0,
750,SIPP_BigCS,"77,229,0","251,10,0",0,-1,0,0.0,0.0,0.0,0.0,
750,SIPP_Standard,"77,229,3","251,10,7",0,-1,1,0.01644,0.0,0.0,0.0,
751,SIPP_2^2,"29,15,0","242,204,0",0,-1,0,0.0,0.0,0.0,0.0,
751,SIPP_2^3,"29,15,0","242,204,0",0,-1,0,0.0,0.0,0.0,0.0,
751,SIPP_2^4,"29,15,0","242,204,0",0,-1,0,0.0,0.0,0.0,0.0,
751,SIPP_2^5,"29,15,0","242,204,0",0,-1,0,0.0,0.0,0.0,0.0,
751,SIPP_BigCS,"29,15,0","242,204,0",0,-1,0,0.0,0.0,0.0,0.0,
751,SIPP_Standard,"29,15,11","242,204,0",0,-1,73320,180.00211,0.0,0.0,0.0,
752,SIPP_2^2,"42,10,0","225,229,0",0,-1,0,0.0,0.0,0.0,0.0,
752,SIPP_2^3,"42,10,0","225,229,0",0,-1,0,0.0,0.0,0.0,0.0,
752,SIPP_2^4,"42,10,0","225,229,0",0,-1,0,0.0,0.0,0.0,0.0,
752,SIPP_2^5,"42,10,0","225,229,0",0,-1,0,0.0,0.0,0.0,0.0,
752,SIPP_BigCS,"42,10,0","225,229,0",0,-1,0,0.0,0.0,0.0,0.0,
752,SIPP_Standard,"42,10,13","225,229,8",0,-1,0,2e-05,0.0,0.0,0.0,
753,SIPP_2^2,"20,217,0","244,65,0",0,-1,0,0.0,0.0,0.0,0.0,
753,SIPP_2^3,"20,217,0","244,65,0",0,-1,0,0.0,0.0,0.0,0.0,
753,SIPP_2^4,"20,217,0","244,65,0",0,-1,0,0.0,0.0,0.0,0.0,
753,SIPP_2^5,"20,217,0","244,65,0",0,-1,0,0.0,0.0,0.0,0.0,
753,SIPP_BigCS,"20,217,0","244,65,0",0,-1,0,0.0,0.0,0.0,0.0,
753,SIPP_Standard,"20,217,9","244,65,9",0,-1,74598,180.00079,0.0,0.0,0.0,
754,SIPP_2^2,"29,183,0","247,27,0",0,-1,0,0.0,0.0,0.0,0.0,
754,SIPP_2^3,"29,183,0","247,27,0",0,-1,0,0.0,0.0,0.0,0.0,
754,SIPP_2^4,"29,183,0","247,27,0",0,-1,0,0.0,0.0,0.0,0.0,
754,SIPP_2^5,"29,183,0","247,27,0",0,-1,0,0.0,0.0,0.0,0.0,
754,SIPP_BigCS,"29,183,0","247,27,0",0,-1,0,0.0,0.0,0.0,0.0,
754,SIPP_Standard,"29,183,0","247,27,11",0,-1,76552,180.00255,0.0,0.0,0.0,
755,SIPP_2^2,"241,39,0","12,171,0",0,-1,0,0.0,0.0,0.0,0.0,
755,SIPP_2^3,"241,39,0","12,171,0",0,-1,0,0.0,0.0,0.0,0.0,
755,SIPP_2^4,"241,39,0","12,171,0",0,-1,0,0.0,0.0,0.0,0.0,
755,SIPP_2^5,"241,39,0","12,171,0",0,-1,0,0.0,0.0,0.0,0.0,
755,SIPP_BigCS,"241,39,0","12,171,0",0,-1,0,0.0,0.0,0.0,0.0,
755,SIPP_Standard,"241,39,3","12,171,1",0,-1,0,2e-05,0.0,0.0,0.0,
756,SIPP_2^2,"202,243,0","74,1,0",0,-1,0,0.0,0.0,0.0,0.0,
756,SIPP_2^3,"202,243,0","74,1,0",0,-1,0,0.0,0.0,0.0,0.0,
756,SIPP_2^4,"202,243,0","74,1,0",0,-1,0,0.0,0.0,0.0,0.0,
756,SIPP_2^5,"202,243,0","74,1,0",0,-1,0,0.0,0.0,0.0,0.0,
756,SIPP_BigCS,"202,243,0","74,1,0",0,-1,0,0.0,0.0,0.0,0.0,
756,SIPP_Standard,"202,243,1","74,1,4",0,-1,75058,180.00125,0.0,0.0,0.0,
757,SIPP_2^2,"10,161,0","252,41,0",1,3723.065523,41977,11.61828,502.04581,111.52654,223.05308,0 0 0 0 0 0 0 0 0 0 0 0 0 1 1 1 1 1 1 1 1 1 1 1 1 1 1 0 1 1 1 1 1 1 1 1 1 1 1 1 1 1 1 1 1 1 1 1 1 1 1 1 1 2 1 2 1 1 1 1 1 1 1 1 1 1 1 1 1 1 1 1 1 1 1 1 1 1 1 1 1 1 0 1 1 1 1 1 1 1 1 1 1 1 1 1 1 1 1 1 1 1 1 1 0 0 1 1 1 0 0 1 1 1 0 1 0 1 0 -3.375 1 -7.587 1 -20.067 1 1 1 1 1 1 1 1 1 1 1 1 1 1 1 1 1 1 1 1 1 1 1 1 1 1 1 1 1 1 1 1 1 1 1 1 1 1 1 1 1 1 1 1 1 1 1 -18.664 1 1 1 -10.313 0 -3.059 1 0 1 0 0 1 0 0 1 0 1 1 1 0 0 0 0 0 0 0 0 0 0 0 0 1 1 1 0 1 0 0 1 1 1 1 1 0 1 0 1 0 1 1 0 0 1 0 1 1 0 1 1 1 1 1 1 1 1 1 1 1 1 1 1 1 1 1 0 1 1 0 1 1 1 0 1 1 1 1 1 1 1 1 1 1 1 1 1 1 1 1 1 1 1 1 1 1 1 1 1 1 1 1 1 1 1 1 1 1 1 1 0 0 0 0 0 0 0 1 0 0 0 0 0 0 0 0 1 1 1 1 1 1 0 1 0 0 0 0 1 0 1 0 0 0 0 0 0 0 0 0 0 0 0 0 0 0 0 0 0 0 0 0 0 0 0 0 0 0 0 0 0 0 0 0 0 0 0 0 0 0 1 0 1 0 0 0 0 0 1 0 0 1
757,SIPP_2^3,"10,161,0","252,41,0",1,3094.765075999998,17708,9.52097,196.74716,39.26991,78.53982,1 1 1 1 1 1 1 1 1 1 1 1 2 1 1 2 2 2 2 2 2 2 2 2 2 2 2 2 -2.993 2 2 2 2 2 2 2 2 2 2 3 2 3 2 2 2 2 2 2 2 2 2 2 2 2 2 2 2 2 2 2 2 2 2 2 2 2 2 2 2 2 2 2 2 2 2 2 2 2 2 2 2 2 2 2 1 1 2 1 1 1 1 1 1 1 1 2 2 2 1 1 2 2 1 2 1 1 1 1 1 1 2 2 1 1 1 1 1 1 1 1 1 1 1 2 1 1 1 2 1 2 2 1 1 1 1 2 2 2 2 2 2 2 2 2 2 2 2 2 2 2 2 2 2 2 2 2 2 2 2 2 2 2 2 2 2 2 1 2 2 2 2 2 2 1 2 2 2 2 2 1 1 1 1 1 1 1 1 1 1 1 1 0 0 0 0 1 0 0 0 0 0 0 1 0 0 1 0 1 1 2 2 2 2 2 2 2 2 2 2 -20.647 2 -20.078 2 -11.388 2 -0.592 1 1 1 1 1 1 1 1 1 1 1 1 1 0 0 1 1 2 1 1 1 1 1 1 1 1 0 1 1 0 1 1 1 1 1 1 0 1 1
757,SIPP_2^4,"10,161,0","252,41,0",1,2966.1326959999983,10548,14.72979,92.69451,18.45189,36.90379,2 2 3 2 2 2 2 2 2 2 2 2 2 2 3 4 4 4 4 4 4 4 4 4 4 4 5 4 4 4 4 4 4 4 4 5 6 4 4 4 4 4 4 4 4 4 4 4 4 4 4 3 4 4 3 4 4 4 3 3 3 3 3 3 3 3 3 3 3 3 3 3 2 2 3 3 3 3 3 3 3 3 3 3 3 3 3 3 3 3 3 3 3 3 3 3 4 4 4 4 4 4 4 4 4 4 4 4 4 4 4 4 4 4 4 5 4 4 4 4 4 4 4 4 4 4 4 4 4 4 4 4 4 3 2 2 1 1 1 1 0 1 1 1 1 1 1 1 2 1 2 2 4 4 4 4 3 2 2 2 2 2 2 2 2 3 3 3 3 3 3 4 4 4 4 4 4 3 3 4 3 -1.320 1 0 1 1 1 1 0 1 1 0 0 1
757,SIPP_2^5,"10,161,0","252,41,0",1,2938.982109999998,9597,33.80094,81.14912,16.17161,32.34322,4 4 4 4 4 4 4 4 4 4 4 4 4 7 8 8 8 8 8 8 8 8 8 8 7 8 9 8 8 8 8 8 12 9 8 8 8 8 8 8 8 8 8 8 8 8 8 8 8 7 7 7 7 7 7 7 7 7 7 7 7 7 7 7 7 6 6 6 6 6 6 6 6 6 6 6 7 8 8 7 8 7 7 4 8 7 8 7 7 8 8 8 8 7 8 8 7 7 8 8 8 7 7 4 4 2 1 0 0 0 0 1 0 -0.695 0 0 -2.718 2 4 4 -1.028 4 4 4 4 4 4 4 4 4 8 8 7 7 4 4 4 4 4 4 4 4 6 7 6 6 7 7 7 6 7 4 4 1 1 1 1 2 1
757,SIPP_BigCS,"10,161,12","252,41,3",0,-1,28581,180.23968,0.0,0.0,0.0,
757,SIPP_Standard,"10,161,12","252,41,3",1,3053.0,75499,177.85254,91.01926,17.0413,2.0724,65 49 84 1 1 25 80 9 53 57 65 53 65 53 89 5 57 57 89 1 1 1 1 5 73 92 22 49 84 13 92 22 45 1 9 49 68
758,SIPP_2^2,"2,33,0","255,151,0",0,-1,0,0.0,0.0,0.0,0.0,
758,SIPP_2^3,"2,33,0","255,151,0",0,-1,0,0.0,0.0,0.0,0.0,
758,SIPP_2^4,"2,33,0","255,151,0",0,-1,0,0.0,0.0,0.0,0.0,
758,SIPP_2^5,"2,33,0","255,151,0",0,-1,0,0.0,0.0,0.0,0.0,
758,SIPP_BigCS,"2,33,0","255,151,0",0,-1,0,0.0,0.0,0.0,0.0,
758,SIPP_Standard,"2,33,3","255,151,5",0,-1,73300,180.00004,0.0,0.0,0.0,
759,SIPP_2^2,"237,220,0","7,84,0",0,-1,0,0.0,0.0,0.0,0.0,
759,SIPP_2^3,"237,220,0","7,84,0",0,-1,0,0.0,0.0,0.0,0.0,
759,SIPP_2^4,"237,220,0","7,84,0",0,-1,0,0.0,0.0,0.0,0.0,
759,SIPP_2^5,"237,220,0","7,84,0",0,-1,0,0.0,0.0,0.0,0.0,
759,SIPP_BigCS,"237,220,0","7,84,0",0,-1,0,0.0,0.0,0.0,0.0,
759,SIPP_Standard,"237,220,10","7,84,0",0,-1,0,4e-05,0.0,0.0,0.0,
760,SIPP_2^2,"6,255,0","245,108,0",0,-1,0,0.0,0.0,0.0,0.0,
760,SIPP_2^3,"6,255,0","245,108,0",0,-1,0,0.0,0.0,0.0,0.0,
760,SIPP_2^4,"6,255,0","245,108,0",0,-1,0,0.0,0.0,0.0,0.0,
760,SIPP_2^5,"6,255,0","245,108,0",0,-1,0,0.0,0.0,0.0,0.0,
760,SIPP_BigCS,"6,255,0","245,108,0",0,-1,0,0.0,0.0,0.0,0.0,
760,SIPP_Standard,"6,255,12","245,108,10",0,-1,0,1e-05,0.0,0.0,0.0,
761,SIPP_2^2,"34,21,0","239,227,0",0,-1,0,0.0,0.0,0.0,0.0,
761,SIPP_2^3,"34,21,0","239,227,0",0,-1,0,0.0,0.0,0.0,0.0,
761,SIPP_2^4,"34,21,0","239,227,0",0,-1,0,0.0,0.0,0.0,0.0,
761,SIPP_2^5,"34,21,0","239,227,0",0,-1,0,0.0,0.0,0.0,0.0,
761,SIPP_BigCS,"34,21,0","239,227,0",0,-1,0,0.0,0.0,0.0,0.0,
761,SIPP_Standard,"34,21,9","239,227,11",0,-1,71175,180.00288,0.0,0.0,0.0,
762,SIPP_2^2,"205,238,0","9,35,0",0,-1,0,0.0,0.0,0.0,0.0,
762,SIPP_2^3,"205,238,0","9,35,0",0,-1,0,0.0,0.0,0.0,0.0,
762,SIPP_2^4,"205,238,0","9,35,0",0,-1,0,0.0,0.0,0.0,0.0,
762,SIPP_2^5,"205,238,0","9,35,0",0,-1,0,0.0,0.0,0.0,0.0,
762,SIPP_BigCS,"205,238,0","9,35,0",0,-1,0,0.0,0.0,0.0,0.0,
762,SIPP_Standard,"205,238,10","9,35,13",0,-1,0,4e-05,0.0,0.0,0.0,
763,SIPP_2^2,"1,28,0","233,193,0",0,-1,0,0.0,0.0,0.0,0.0,
763,SIPP_2^3,"1,28,0","233,193,0",0,-1,0,0.0,0.0,0.0,0.0,
763,SIPP_2^4,"1,28,0","233,193,0",0,-1,0,0.0,0.0,0.0,0.0,
763,SIPP_2^5,"1,28,0","233,193,0",0,-1,0,0.0,0.0,0.0,0.0,
763,SIPP_BigCS,"1,28,0","233,193,0",0,-1,0,0.0,0.0,0.0,0.0,
763,SIPP_Standard,"1,28,8","233,193,15",0,-1,67107,180.0025,0.0,0.0,0.0,
764,SIPP_2^2,"245,33,0","26,195,0",1,4121.027033,57284,16.28237,530.33009,117.80972,235.61945,3 3 3 3 3 3 3 3 3 3 3 3 3 3 3 3 3 3 3 3 3 3 3 3 3 3 3 3 3 3 3 3 3 3 3 3 3 3 3 3 3 3 2 3 2 3 3 2 2 2 2 2 2 2 2 2 2 2 2 2 2 2 2 2 2 2 2 2 2 2 2 2 2 2 2 2 2 2 2 2 2 2 2 2 2 2 2 2 2 2 2 2 2 2 2 2 2 2 2 2 2 2 3 3 2 2 3 2 2 2 2 2 2 2 2 2 2 2 2 2 2 2 2 2 2 2 2 2 2 2 2 2 2 2 2 2 2 2 2 2 2 2 2 2 2 2 2 2 3 3 3 3 3 3 3 3 3 3 3 2 3 3 3 3 3 3 3 3 3 3 3 3 2 2 2 2 2 2 2 2 2 3 2 2 3 2 2 3 3 3 3 3 3 2 3 2 3 2 2 3 3 2 3 3 3 3 3 3 3 3 2 3 2 2 2 3 3 3 3 2 3 3 3 3 3 3 3 3 3 3 3 3 3 3 2 3 3 3 3 3 2 3 3 3 3 -28.253 2 2 2 -1.857 2 -5.225 2 -0.178 2 -0.288 2 -1.169 2 -0.106 2 -0.013 2 2 2 2 2 2 3 2 3 2 3 2 2 3 3 3 3 3 3 3 3 2 3 3 3 2 3 3 3 2 3 3 3 2 3 3 3 3 3 2 3 3 3 3 3 3 3 3 3 3 3 3 3 0 0 3 3 3 3 3 3 3 3 3 3 3 3 3 3 3 3 3 3 3 3 3 3 3 3 0 0 3 0 0 3 0 3 3 0 -43.486 3 3 3 3 3 3 -0.914 3 3 3 -1.476 3 -0.093 3 -0.020 3 3 3 3 3 3 3 3 3 3 3 3 3 3 3 3 2 3 2 3 2 2 2 3 3 2 -16.772 2 2 2 2 -50.379 2 -0.592 2 -0.206 3 2 2 2 2 2 2 2 3 3 2
764,SIPP_2^3,"245,33,0","26,195,0",1,3288.9105659999964,16832,8.64545,221.02331,43.9823,87.9646,5 6 6 6 5 6 6 6 6 6 6 6 6 6 6 6 6 6 6 6 6 6 6 6 6 6 6 6 6 6 6 5 5 6 6 6 6 6 6 6 6 6 6 5 5 4 4 4 4 4 4 4 4 4 4 4 4 4 4 4 4 4 4 4 4 4 4 4 4 4 4 4 4 4 4 4 4 4 4 4 4 4 4 4 4 4 4 4 4 4 4 5 4 4 4 5 5 4 5 4 5 4 5 4 5 5 4 4 4 5 4 4 5 5 5 6 6 6 6 6 6 6 6 6 5 6 6 6 6 6 5 5 6 6 6 5 6 6 6 6 5 -2.766 5 5 5 5 5 -2.693 6 -1.175 4 -1.369 4 -1.584 6 5 6 6 6 6 6 6 6 6 6 6 -2.388 5 6 6 6 6 6 5 6 6 5 5 5 5 5 5 5 5 5 5 5 5 5 5 5 6 5 6 5 5 5 5 6 5 6 6 6 6 6 6 6 6 6 5 5 5 5 5 6 6 6 6 6 6 6 6 6 6 6 6 6 6 6 6 6 6 6 6 6 6 6 6 6 6 6 6 6 6 6 6 6 6 6 6 6 5 5 5 5 5 5 5 5 5 5 5 5 5 5 5 5 5 5 5 5 5 5 5 5 5 5 5 5 5 5 5 5 4 4 4 4 4 4 4 4 4 4 5 4 5
764,SIPP_2^4,"245,33,0","26,195,0",1,3236.838654999993,13930,18.19987,118.60402,23.7418,47.4836,12 12 12 12 12 12 12 12 12 12 12 12 12 12 12 12 12 12 12 12 12 12 12 12 12 12 12 12 12 12 12 12 12 12 12 11 11 11 11 10 10 8 8 8 8 8 8 8 8 8 8 8 8 8 8 8 8 8 8 8 8 8 8 8 8 8 8 8 8 8 8 8 8 8 8 8 8 8 8 8 8 8 8 8 8 8 9 9 8 9 9 9 8 9 9 9 8 9 9 10 10 11 11 11 11 12 12 12 12 12 12 12 12 12 12 12 12 12 12 12 12 12 12 12 10 10 10 10 10 -31.668 8 -1.175 8 -1.369 12 -1.584 8 -0.945 11 12 -0.154 12 -0.049 12 12 12 12 -0.031 12 -0.033 12 -4.331 11 11 11 10 10 10 10 11 10 11 10 11 10 11 11 10 10 11 10 10 11 11 11 12 12 12 11 11 12 11 11 11 11 12 12 12 12 12 12 12 12 12 12 12 12 12 12 12 12 12 12 12 12 12 12 12 12 12 12 12 12 12 12 12 11 11 11 11 10 10 10 10 10 10 10 10 10 10 10 10 10 10 9 10 9 10 10 10 10 10 9 10 9 9 9 8 8 9 8 9
764,SIPP_2^5,"245,33,0","26,195,0",1,3160.483452999997,12762,42.14822,58.09858,11.53932,23.07864,24 24 24 24 24 24 24 24 24 24 24 24 24 24 24 24 24 24 24 24 24 24 23 23 24 24 24 23 23 24 24 24 24 24 24 20 20 16 16 16 16 16 16 16 16 16 16 16 16 16 16 16 16 16 16 16 16 16 16 16 16 16 16 16 17 17 16 16 17 16 17 16 16 16 16 16 16 17 17 17 16 16 17 16 17 18 20 20 20 20 20 20 21 21 21 21 21 20 19 19 20 20 23 24 24 24 24 24 24 24 24 24 24 24 24 24 24 24 24 24 24 24 24 24 24 24 24 24 24 24 24 22 22 22 22 22 22 22 22 22 22 22 23 23 23 23 22 22 22 23 24 24 24 24 24 24 24 24 24 24 24 24 24 24 24 24 24 24 24 24 24 23 23 23 24 24 24 20 20 20 20 20 20 20 20 20 20 20 20 20 20 20 20 19 19 19 19 19 17 17 17
764,SIPP_BigCS,"245,33,6","26,195,9",0,-1,31964,180.18277,0.0,0.0,0.0,
764,SIPP_Standard,"245,33,6","26,195,9",1,3253.6867460000003,64409,129.0007,79.5327,14.9956,1.8414,38 3 11 47 3 15 94 0 0 0 16 94 0 0 24 91 3 3 7 -29.569 59 -7.118 59 67 31 55 67 47 11 47 3 3 7 91 11 51 70 31 31 51 102
765,SIPP_2^2,"180,42,0","13,237,0",0,-1,0,0.0,0.0,0.0,0.0,
765,SIPP_2^3,"180,42,0","13,237,0",0,-1,0,0.0,0.0,0.0,0.0,
765,SIPP_2^4,"180,42,0","13,237,0",0,-1,0,0.0,0.0,0.0,0.0,
765,SIPP_2^5,"180,42,0","13,237,0",0,-1,0,0.0,0.0,0.0,0.0,
765,SIPP_BigCS,"180,42,0","13,237,0",0,-1,0,0.0,0.0,0.0,0.0,
765,SIPP_Standard,"180,42,11","13,237,3",0,-1,81887,180.0012,0.0,0.0,0.0,
766,SIPP_2^2,"252,225,0","12,89,0",0,-1,0,0.0,0.0,0.0,0.0,
766,SIPP_2^3,"252,225,0","12,89,0",0,-1,0,0.0,0.0,0.0,0.0,
766,SIPP_2^4,"252,225,0","12,89,0",0,-1,0,0.0,0.0,0.0,0.0,
766,SIPP_2^5,"252,225,0","12,89,0",0,-1,0,0.0,0.0,0.0,0.0,
766,SIPP_BigCS,"252,225,0","12,89,0",0,-1,0,0.0,0.0,0.0,0.0,
766,SIPP_Standard,"252,225,13","12,89,2",0,-1,78511,180.00161,0.0,0.0,0.0,
767,SIPP_2^2,"236,70,0","17,255,0",0,-1,0,0.0,0.0,0.0,0.0,
767,SIPP_2^3,"236,70,0","17,255,0",0,-1,0,0.0,0.0,0.0,0.0,
767,SIPP_2^4,"236,70,0","17,255,0",0,-1,0,0.0,0.0,0.0,0.0,
767,SIPP_2^5,"236,70,0","17,255,0",0,-1,0,0.0,0.0,0.0,0.0,
767,SIPP_BigCS,"236,70,0","17,255,0",0,-1,0,0.0,0.0,0.0,0.0,
767,SIPP_Standard,"236,70,13","17,255,12",0,-1,79256,180.21377,0.0,0.0,0.0,
768,SIPP_2^2,"195,246,0","31,9,0",0,-1,0,0.0,0.0,0.0,0.0,
768,SIPP_2^3,"195,246,0","31,9,0",0,-1,0,0.0,0.0,0.0,0.0,
768,SIPP_2^4,"195,246,0","31,9,0",0,-1,0,0.0,0.0,0.0,0.0,
768,SIPP_2^5,"195,246,0","31,9,0",0,-1,0,0.0,0.0,0.0,0.0,
768,SIPP_BigCS,"195,246,0","31,9,0",0,-1,0,0.0,0.0,0.0,0.0,
768,SIPP_Standard,"195,246,14","31,9,14",0,-1,79943,180.00145,0.0,0.0,0.0,
769,SIPP_2^2,"201,26,0","19,211,0",0,-1,0,0.0,0.0,0.0,0.0,
769,SIPP_2^3,"201,26,0","19,211,0",0,-1,0,0.0,0.0,0.0,0.0,
769,SIPP_2^4,"201,26,0","19,211,0",0,-1,0,0.0,0.0,0.0,0.0,
769,SIPP_2^5,"201,26,0","19,211,0",0,-1,0,0.0,0.0,0.0,0.0,
769,SIPP_BigCS,"201,26,0","19,211,0",0,-1,0,0.0,0.0,0.0,0.0,
769,SIPP_Standard,"201,26,6","19,211,5",0,-1,0,2e-05,0.0,0.0,0.0,
770,SIPP_2^2,"232,28,0","36,222,0",0,-1,0,0.0,0.0,0.0,0.0,
770,SIPP_2^3,"232,28,0","36,222,0",0,-1,0,0.0,0.0,0.0,0.0,
770,SIPP_2^4,"232,28,0","36,222,0",0,-1,0,0.0,0.0,0.0,0.0,
770,SIPP_2^5,"232,28,0","36,222,0",0,-1,0,0.0,0.0,0.0,0.0,
770,SIPP_BigCS,"232,28,0","36,222,0",0,-1,0,0.0,0.0,0.0,0.0,
770,SIPP_Standard,"232,28,5","36,222,14",0,-1,0,2e-05,0.0,0.0,0.0,
771,SIPP_2^2,"165,254,0","34,5,0",0,-1,0,0.0,0.0,0.0,0.0,
771,SIPP_2^3,"165,254,0","34,5,0",0,-1,0,0.0,0.0,0.0,0.0,
771,SIPP_2^4,"165,254,0","34,5,0",0,-1,0,0.0,0.0,0.0,0.0,
771,SIPP_2^5,"165,254,0","34,5,0",0,-1,0,0.0,0.0,0.0,0.0,
771,SIPP_BigCS,"165,254,0","34,5,0",0,-1,0,0.0,0.0,0.0,0.0,
771,SIPP_Standard,"165,254,4","34,5,0",0,-1,72387,180.00243,0.0,0.0,0.0,
772,SIPP_2^2,"248,42,0","29,226,0",0,-1,0,0.0,0.0,0.0,0.0,
772,SIPP_2^3,"248,42,0","29,226,0",0,-1,0,0.0,0.0,0.0,0.0,
772,SIPP_2^4,"248,42,0","29,226,0",0,-1,0,0.0,0.0,0.0,0.0,
772,SIPP_2^5,"248,42,0","29,226,0",0,-1,0,0.0,0.0,0.0,0.0,
772,SIPP_BigCS,"248,42,0","29,226,0",0,-1,0,0.0,0.0,0.0,0.0,
772,SIPP_Standard,"248,42,14","29,226,2",0,-1,84196,180.00087,0.0,0.0,0.0,
773,SIPP_2^2,"248,70,0","0,201,0",0,-1,0,0.0,0.0,0.0,0.0,
773,SIPP_2^3,"248,70,0","0,201,0",0,-1,0,0.0,0.0,0.0,0.0,
773,SIPP_2^4,"248,70,0","0,201,0",0,-1,0,0.0,0.0,0.0,0.0,
773,SIPP_2^5,"248,70,0","0,201,0",0,-1,0,0.0,0.0,0.0,0.0,
773,SIPP_BigCS,"248,70,0","0,201,0",0,-1,0,0.0,0.0,0.0,0.0,
773,SIPP_Standard,"248,70,9","0,201,4",0,-1,84795,180.00229,0.0,0.0,0.0,
774,SIPP_2^2,"214,222,0","9,2,0",0,-1,0,0.0,0.0,0.0,0.0,
774,SIPP_2^3,"214,222,0","9,2,0",0,-1,0,0.0,0.0,0.0,0.0,
774,SIPP_2^4,"214,222,0","9,2,0",0,-1,0,0.0,0.0,0.0,0.0,
774,SIPP_2^5,"214,222,0","9,2,0",0,-1,0,0.0,0.0,0.0,0.0,
774,SIPP_BigCS,"214,222,0","9,2,0",0,-1,0,0.0,0.0,0.0,0.0,
774,SIPP_Standard,"214,222,7","9,2,5",0,-1,0,2e-05,0.0,0.0,0.0,
775,SIPP_2^2,"250,191,0","6,27,0",1,4627.991348,69821,22.95279,742.46212,164.93361,329.86723,0 0 0 0 0 0 0 0 0 0 0 0 0 0 0 0 3 3 3 3 3 0 0 0 3 0 3 3 3 3 0 0 3 0 0 3 0 3 3 0 3 3 3 3 3 3 3 3 0 3 3 0 3 3 3 3 0 3 0 0 0 0 0 3 0 0 0 3 0 0 0 3 0 3 0 3 3 3 3 3 0 3 -390.122 3 -0.375 0 3 -1.077 3 3 3 3 3 3 3 3 3 3 3 3 3 3 3 3 3 3 3 3 3 3 3 3 3 3 3 3 3 3 3 3 3 3 3 3 3 3 3 3 3 3 3 3 3 3 3 3 3 3 3 3 3 3 3 3 3 3 3 3 3 3 3 3 3 3 3 3 3 3 3 3 3 3 3 3 3 3 3 3 3 3 3 3 3 3 3 3 0 0 3 0 3 3 0 0 0 0 0 0 0 0 0 0 0 0 0 0 3 0 0 0 3 0 0 0 3 3 3 3 3 3 3 3 0 0 3 0 3 0 0 3 0 0 3 -16.503 3 -12.490 0 3 -7.527 3 -0.310 3 3 3 3 3 -48.631 2 3 -10.956 3 3 3 3 0 0 0 3 0 3 3 3 0 0 0 0 0 0 0 0 0 0 0 0 0 0 0 0 3 0 0 0 0 0 0 0 3 0 0 0 0 3 3 3 3 3 3 3 0 3 0 0 3 0 0 0 0 0 0 0 0 0 0 0 0 0 0 0 0 0 0 0 3 3 3 0 3 3 0 3 3 3 3 0 3 0 3 3 3 3 0 0 3 3 3 3 0 0 0 0 0 3 3 3 3 3 3 3 3 3 0 3 3 3 0 3 0 3 0 0 0 0 0 0 0 0 0 0 0 0 0 0 0 0 0 3 3 3 3 3 3 0 3 3 3 3 0 3 3 3 3 0 3 0 0 0 0 3 3 3 3 0 3 3 3 3 3 3 3 3 3 3 3 2 3 3 3 3 3 3 3 2 3
775,SIPP_2^3,"250,191,0","6,27,0",1,3136.883895999992,11608,7.53394,162.90428,32.20133,64.40266,6 6 6 7 7 6 6 6 7 6 7 6 6 7 7 7 6 7 7 7 7 7 7 7 7 7 7 7 7 7 7 7 7 7 6 7 7 7 7 7 7 7 7 6 6 6 7 7 7 6 6 6 6 6 6 6 6 6 6 6 6 6 6 6 6 6 6 6 6 6 6 6 6 6 6 6 6 6 6 6 6 6 6 6 6 6 6 6 6 6 6 6 7 7 7 7 7 6 7 6 7 7 7 7 6 7 7 7 7 7 7 6 7 7 7 7 7 7 7 7 7 7 6 6 6 6 7 7 7 7 7 7 7 7 7 7 7 7 7 7 7 7 7 7 7 7 7 6 7 7 7 7 7 7 7 7 7 7 7 7 7 7 7 7 7 7 7 7 7 7 7 7 7 7 7 7 7 7 7 7 6 6 6 6 7 7 7 7 7 6 6 6 6 6 6 6 6 6 6 6 7 7 7 7 7 7 7 7 7 7 7 7 7 7 7 7 7 7 7 7 7 7 7 7 6 7 6 7 7 7 7 7 7 7 7 7 7 7 0 7 0 7 7 7 7 0 7
775,SIPP_2^4,"250,191,0","6,27,0",1,2976.793823999992,4933,8.33923,53.23274,10.61777,21.23554,13 13 13 13 14 13 13 14 14 14 14 14 14 14 13 13 13 13 13 13 13 13 13 13 13 13 14 14 13 14 13 14 13 13 14 13 13 13 13 14 13 13 13 14 14 13 13 13 13 13 14 13 14 14 14 14 14 14 14 14 14 14 14 14 14 14 14 14 14 13 13 13 13 13 13 13 13 13 13 13 13 13 13 13 13 13 13 13 13 13 13 13 13 13 14 14 14 14 14 13 14 14 14 14 14 14 14 14 13 13 13 13 13 14 13 13 13 13 13 13 13 13 13 13 13 14 14 14 14 14 14 14 14 14 14 14 14 14 14 14 14 14 14 14 14 14 14 14 14 14 13 14 14 14 13 14 14 14 14 14 13 14 14 14
775,SIPP_2^5,"250,191,0","6,27,0",1,2952.6394619999946,3422,14.78669,18.32513,3.66361,7.32722,27 26 26 26 26 26 27 27 27 27 27 27 27 27 27 27 27 27 27 27 27 27 27 27 27 27 28 28 28 28 27 27 27 27 28 27 27 27 27 27 26 26 26 26 26 26 27 26 27 27 27 27 26 27 27 27 27 27 27 27 27 27 27 27 27 26 26 26 26 27 26 26 26 26 26 26 26 26 26 27 27 27 28 28 27 28 28 28 28 28 28 28 28 28 28 28 28 28 28 28 28 28 27 28 28 27 28 28 28 28
775,SIPP_BigCS,"250,191,4","6,27,3",1,2936.0,2820,21.18807,38.95866,5.8882,0.3917,205 205 205 205 205 205 205 205 205 205 205 205 205 205 205 205 205 205 205 205 205 205 205 205 205 221 102 102 178 221 102 102 102 126 253 102 102 102 102 102 102 126 253 102 102 178 205 205 205 205 205 205 205 205 205 205 205 205 205 205 205 205 205 205 205 221 102 126 221 178 205 205 205 205 205 205 205 205 205 205 253 126 253 102 102 102 102 102 102 102 102 102 102 102 102 102 102 102 102 102 102 102 126 221 126
775,SIPP_Standard,"250,191,4","6,27,3",1,2956.0,5879,15.03563,47.05913,7.716,0.4164,61 69 50 69 50 69 50 61 61 69 50 69 50 69 30 50 61 61 61 61 61 69 50 69 50 61 69 50 61 69 54 66 50 69 30 50
776,SIPP_2^2,"245,230,0","24,49,0",0,-1,0,0.0,0.0,0.0,0.0,
776,SIPP_2^3,"245,230,0","24,49,0",0,-1,0,0.0,0.0,0.0,0.0,
776,SIPP_2^4,"245,230,0","24,49,0",0,-1,0,0.0,0.0,0.0,0.0,
776,SIPP_2^5,"245,230,0","24,49,0",0,-1,0,0.0,0.0,0.0,0.0,
776,SIPP_BigCS,"245,230,0","24,49,0",0,-1,0,0.0,0.0,0.0,0.0,
776,SIPP_Standard,"245,230,15","24,49,15",0,-1,31,0.025,0.0,0.0,0.0,
777,SIPP_2^2,"221,57,0","12,253,0",1,4137.978537999999,51012,14.26645,721.24892,160.22123,320.44245,3 3 3 3 3 3 2 2 2 2 3 2 2 2 2 2 2 2 2 2 2 2 2 2 2 2 2 3 3 2 3 3 3 3 3 3 3 3 3 2 2 2 2 3 2 2 3 2 2 2 2 2 2 2 2 2 2 2 2 2 -9.660 2 -20.137 1 -8.052 2 -4.183 2 2 2 2 2 2 3 3 2 2 2 3 3 3 3 3 3 3 3 3 3 2 3 3 3 -24.810 3 -1.137 3 3 3 3 3 3 3 3 2 3 3 3 3 3 3 3 3 3 3 3 3 3 3 3 3 3 3 3 3 3 3 3 3 3 3 3 3 3 2 2 2 2 2 2 2 2 2 3 3 2 2 3 3 2 3 3 3 3 3 3 3 3 3 3 3 3 3 3 3 3 3 3 3 3 3 3 3 3 3 3 3 2 3 3 2 2 2 2 2 2 2 3 3 2 2 2 3 2 2 2 2 3 3 2 2 3 2 2 3 3 2 3 2 2 2 3 3 3 3 3 3 3 3 3 3 3 2 3 2 3 2 2 2 3 2 2 3 3 3 3 3 3 3 3 3 3 3 3 3 3 3 3 3 3 3 3 3 3 3 3 3 3 3 3 3 3 3 3 3 3 3 3 3 3 3 2 2 2 3 2 2 2 2 2 2 3 2 3 3 3 2 2 2 3 2 2 2 3 2 2 3 2 3 2 3 3 2 3 2 3 2 2 3 3 3 2 3 3 2 3 3 3 3 2 2 3 3 2 2 2 3 3 3 2 3 2 2 2 2 3 3 3 2 2 3 3 2 2 2 2 2 2 2 2 2 2 2 2 2 2 2 2 2 2 2 2 3 2 2 2 2 2 2 2 2 2 3 2 2 2 2 2 2 2 2 2 2 2 2 2 2 2 2 3 2 2 2 2 2 3 2 3 2 2 2 2 3 2 2 2 2 2 3 3 2 2 2 3
777,SIPP_2^3,"221,57,0","12,253,0",1,3246.020429999998,17457,9.01112,222.52998,43.9823,87.9646,5 5 5 5 5 5 5 5 4 4 4 4 4 4 4 4 4 4 4 5 5 6 6 5 6 6 6 5 5 5 4 5 5 5 5 5 5 5 5 5 4 4 5 4 4 4 4 4 4 4 4 5 5 4 4 5 5 5 5 5 5 5 5 5 5 5 5 4 5 5 5 5 5 5 5 5 5 5 5 5 5 5 5 5 5 5 5 5 5 5 5 5 5 5 5 5 5 5 5 5 5 5 4 4 4 4 5 5 5 5 5 5 5 5 5 5 5 5 5 5 5 5 5 5 5 5 5 5 5 5 5 5 5 5 5 5 4 5 5 5 5 5 4 5 5 5 5 5 4 5 4 5 4 5 5 5 4 5 4 -6.610 4 -4.658 5 5 6 6 6 6 6 5 6 5 5 6 5 5 6 6 5 5 6 5 6 5 6 6 6 6 6 6 6 5 5 6 6 6 6 6 6 6 6 6 6 5 5 5 6 6 6 6 6 6 6 6 6 6 6 6 6 6 6 6 6 6 6 6 6 6 6 6 6 6 6 6 6 7 7 6 5 5 5 5 5 5 5 4 4 4 4 4 4 4 4 4 4 4 4 4 5 4 4 4 4 5 5
777,SIPP_2^4,"221,57,0","12,253,0",1,3178.0931219999957,17087,23.25424,103.71267,20.66619,41.33238,10 10 9 10 10 9 10 9 8 8 8 8 8 8 8 8 10 10 12 12 11 12 12 10 10 9 9 9 9 9 9 9 9 9 9 9 9 9 10 10 10 10 10 10 10 10 10 10 10 10 10 10 10 10 10 10 10 10 10 10 10 10 10 10 10 10 10 10 10 10 10 10 10 10 10 10 10 10 10 10 9 10 10 10 10 9 9 9 10 10 10 10 10 10 10 10 10 10 10 10 10 10 10 10 10 10 10 10 10 10 10 10 10 10 10 10 10 9 10 9 -0.781 9 9 9 9 9 8 9 8 9 8 8 8 9 -0.694 11 12 12 12 12 12 12 12 12 12 11 11 11 11 11 11 12 12 12 12 12 12 12 12 12 12 12 12 12 12 12 12 12 12 12 12 12 12 12 12 13 12 12 12 12 12 12 12 12 12 12 12 12 12 12 12 12 12 11 11 11 12 12 11 11 11 11 10 8 8 8 8 8 9 8 8 8 9 8 8 8 9 8 9 8 9
777,SIPP_2^5,"221,57,0","12,253,0",1,3159.0498949999987,16378,55.9435,85.04346,16.97531,33.95062,20 19 20 19 20 17 16 16 16 16 16 16 16 20 20 24 24 23 24 20 20 18 18 18 18 18 18 18 18 18 18 18 18 18 20 20 20 20 20 20 20 20 20 20 20 20 20 20 20 20 20 20 20 20 20 20 20 20 20 20 20 20 20 20 20 20 20 20 20 20 20 20 20 20 20 20 19 20 20 20 18 18 19 19 20 20 20 20 20 20 20 20 20 20 20 20 20 20 20 20 20 20 20 20 20 20 20 19 20 20 20 20 20 17 17 17 18 17 17 17 20 20 24 24 24 24 24 24 24 24 23 23 23 23 23 24 24 24 24 24 24 24 24 24 24 24 24 24 24 24 24 24 24 25 24 24 24 24 24 24 23 24 23 23 23 24 23 24 24 23 24 24 23 24 24 22 18 16 16 16 17 16 16 17 16 16 16 17 16 17
777,SIPP_BigCS,"221,57,1","12,253,1",0,-1,31081,180.22574,0.0,0.0,0.0,
777,SIPP_Standard,"221,57,1","12,253,1",1,3408.189735,65098,143.04165,77.94433,14.5988,1.784,79 104 31 47 3 15 110 44 20 51 78 59 -12.864 67 -47.608 39 -43.719 20 55 67 31 55 67 55 67 31 31 51 62 70 31 31 31 31 31 47 3 3 3 3 7 59 83
778,SIPP_2^2,"247,3,0","44,175,0",0,-1,0,0.0,0.0,0.0,0.0,
778,SIPP_2^3,"247,3,0","44,175,0",0,-1,0,0.0,0.0,0.0,0.0,
778,SIPP_2^4,"247,3,0","44,175,0",0,-1,0,0.0,0.0,0.0,0.0,
778,SIPP_2^5,"247,3,0","44,175,0",0,-1,0,0.0,0.0,0.0,0.0,
778,SIPP_BigCS,"247,3,0","44,175,0",0,-1,0,0.0,0.0,0.0,0.0,
778,SIPP_Standard,"247,3,11","44,175,13",0,-1,80560,180.00001,0.0,0.0,0.0,
779,SIPP_2^2,"209,20,0","9,185,0",0,-1,0,0.0,0.0,0.0,0.0,
779,SIPP_2^3,"209,20,0","9,185,0",0,-1,0,0.0,0.0,0.0,0.0,
779,SIPP_2^4,"209,20,0","9,185,0",0,-1,0,0.0,0.0,0.0,0.0,
779,SIPP_2^5,"209,20,0","9,185,0",0,-1,0,0.0,0.0,0.0,0.0,
779,SIPP_BigCS,"209,20,0","9,185,0",0,-1,0,0.0,0.0,0.0,0.0,
779,SIPP_Standard,"209,20,7","9,185,11",0,-1,0,2e-05,0.0,0.0,0.0,
780,SIPP_2^2,"253,169,0","2,26,0",1,3977.9753020000003,50874,13.90707,572.75649,127.2345,254.469,3 3 3 3 3 3 3 3 3 3 3 3 3 3 3 3 3 3 3 3 3 3 3 3 3 3 3 3 3 3 3 3 3 3 3 3 3 3 3 3 3 3 3 3 3 3 3 3 3 3 3 3 3 0 3 0 0 3 3 0 0 0 0 0 3 3 3 3 0 3 0 3 3 3 3 3 3 3 3 3 3 3 3 3 3 3 3 3 3 3 3 3 3 3 3 3 3 3 3 3 3 3 3 3 3 3 3 3 3 3 3 3 3 0 0 3 3 3 0 0 3 3 3 3 3 3 3 3 3 3 3 3 3 3 3 3 3 3 3 3 3 3 3 0 3 3 0 0 0 3 0 0 3 3 3 3 3 0 0 3 0 0 3 0 3 3 3 3 3 3 3 3 3 3 3 3 3 3 3 3 3 3 3 3 3 3 3 3 3 3 3 3 3 3 3 3 0 0 0 0 0 0 3 0 0 0 0 3 0 0 0 0 0 -7.002 3 0 -0.260 0 0 0 0 0 0 0 0 0 0 0 0 0 0 -27.264 3 -1.052 0 -1.142 3 -1.255 0 3 0 0 0 0 0 0 0 0 0 0 0 0 0 0 0 0 0 0 0 0 0 0 0 0 3 3 0 0 0 0 3 3 0 3 0 3 3 3 3 3 3 3 3 3 3 3 3 0 3 0 3 0 0 0 0 0 0 0 0 0 0 0 0 0 0 0 0 0 0 0 0 0 0 0 0 0 0 0 0 0 3 0 0 3 0 0 0 3 3 3 3 0 3 3 3 0 3 3 0 0 3 0 3 0 0 3 0 3 3 0 0 0 0 0 3 3 0 3 3 3 3 0 3 0 3 3 0 3 3 3 3 3 3 3 3 3 3 3 3 3 3 3 3 3 3 3 3 3 3 3 3 3 3 3 3 3 0 0 3 0
780,SIPP_2^3,"253,169,0","2,26,0",1,3102.3254479999923,12604,6.46697,171.35252,33.77212,67.54425,6 6 6 6 6 6 6 6 6 6 6 6 6 6 6 6 6 6 6 6 6 6 6 6 6 6 6 6 6 6 6 6 6 6 6 6 6 6 6 6 6 6 6 6 7 7 7 6 7 6 7 7 6 7 7 6 7 6 7 7 7 6 6 6 6 6 6 6 6 6 6 6 6 6 6 6 6 6 6 6 6 6 6 6 6 6 6 6 6 6 7 7 7 7 6 6 7 6 6 7 7 6 7 7 6 7 6 7 7 6 6 7 7 7 6 6 6 6 6 6 6 6 7 7 7 7 7 7 7 7 7 7 7 7 7 7 7 7 7 7 7 7 7 7 7 7 7 7 7 7 7 7 7 7 7 7 7 7 7 7 7 7 7 7 7 7 7 7 7 7 7 7 6 6 7 7 7 7 7 7 7 7 7 7 6 7 7 7 7 7 7 7 7 7 7 7 7 7 6 6 6 6 7 7 7 7 7 7 7 7 7 7 7 7 7 7 7 7 7 7 7 7 7 7 7 7 6 6 7 7 7 6 7 7 6 7 7 6 7 7 7 6 7 7 7 7 7 7 7 7 7
780,SIPP_2^4,"253,169,0","2,26,0",1,2966.5837999999967,8400,12.29645,66.4774,13.24783,26.49566,13 13 13 13 13 12 12 13 13 12 13 13 13 13 13 13 13 13 13 13 13 13 13 13 13 13 13 13 13 13 13 13 13 13 13 13 13 13 13 13 13 14 13 13 13 13 13 13 13 14 13 14 14 14 14 14 14 14 14 13 13 13 13 13 13 13 13 13 13 13 13 13 13 13 13 13 13 13 13 13 13 13 13 13 13 13 13 13 13 13 13 13 14 14 14 14 15 14 15 -2.374 13 12 12 12 12 12 12 12 12 12 12 13 12 13 12 12 13 13 12 13 13 13 14 -15.331 0 14 14 14 14 14 14 14 14 14 14 14 14 14 14 14 14 14 14 14 14 14 14 14 14 14 13 13 14 13 13 14 13 13 13 14
780,SIPP_2^5,"253,169,0","2,26,0",1,2958.556408999999,8847,31.83603,40.13193,8.00425,16.0085,26 25 25 26 26 26 25 26 26 26 26 26 26 26 26 26 26 26 26 26 26 26 26 26 26 26 26 26 26 26 26 26 26 26 26 26 26 26 27 27 27 27 27 27 27 28 28 28 28 28 28 28 28 28 27 27 27 27 27 28 29 29 29 29 28 29 29 29 28 28 28 28 28 28 25 25 25 26 26 26 26 26 26 -2.725 27 28 28 27 27 -0.398 27 28 28 28 25 25 26 26 26 26 26 26 24 24 24 25 25 25 25 24 25 24 25 25 25 25 24 25 24 25 25 24 24 24 25
780,SIPP_BigCS,"253,169,10","2,26,5",0,-1,26214,180.19375,0.0,0.0,0.0,
780,SIPP_Standard,"253,169,10","2,26,5",1,2969.075734,45001,116.88671,52.54347,8.2342,0.8448,50 93 23 50 61 61 61 61 61 61 61 61 61 61 61 69 50 61 61 61 61 69 -8.143 50 77 -15.176 82 3 23 -6.757 30 30 50 77 66 50 69 50
781,SIPP_2^2,"12,251,0","184,37,0",0,-1,0,0.0,0.0,0.0,0.0,
781,SIPP_2^3,"12,251,0","184,37,0",0,-1,0,0.0,0.0,0.0,0.0,
781,SIPP_2^4,"12,251,0","184,37,0",0,-1,0,0.0,0.0,0.0,0.0,
781,SIPP_2^5,"12,251,0","184,37,0",0,-1,0,0.0,0.0,0.0,0.0,
781,SIPP_BigCS,"12,251,0","184,37,0",0,-1,0,0.0,0.0,0.0,0.0,
781,SIPP_Standard,"12,251,5","184,37,12",0,-1,78533,180.00016,0.0,0.0,0.0,
782,SIPP_2^2,"242,216,0","25,11,0",1,4557.991348,60109,15.83669,1110.15765,252.89821,505.79642,2 2 2 2 2 3 2 3 3 2 2 2 3 3 3 3 3 3 3 3 3 3 3 3 3 3 3 3 3 3 0 3 0 -67.382 3 3 3 3 3 3 3 3 3 3 3 3 0 0 0 0 0 3 0 3 0 3 0 0 0 0 0 0 0 0 0 0 3 3 3 0 3 0 3 0 0 0 3 3 3 0 0 0 0 3 0 0 0 0 0 0 3 3 0 0 0 0 0 3 0 0 0 0 3 0 3 0 3 3 3 3 3 0 3 3 3 3 3 3 3 3 0 3 3 0 0 3 3 3 3 3 3 3 3 3 3 3 3 3 3 3 3 3 3 3 3 3 3 3 3 3 3 3 3 3 3 3 3 3 3 3 3 3 3 3 3 3 3 3 3 3 3 3 3 3 3 3 3 3 3 3 0 0 0 0 0 0 0 3 0 0 0 0 0 0 0 0 0 0 3 3 3 0 0 0 0 0 0 0 0 0 0 0 3 0 0 0 0 0 0 3 3 0 0 0 3 0 0 3 0 0 3 3 0 0 0 3 0 0 0 3 3 0 0 0 0 3 3 0 0 0 0 0 3 0 0 0 3 -3.186 0 3 -7.527 3 -0.310 3 3 3 3 3 2 3 -28.631 1 3 -10.956 3 3 3 0 3 0 0 0 3 3 3 3 0 0 0 0 3 3 3 0 0 3 0 0 3 0 3 0 0 3 0 0 3 0 0 3 3 3 0 3 0 0 0 3 0 3 3 0 3 0 3 0 0 0 0 0 0 0 3 0 3 3 3 0 0 3 0 3 0 0 0 0 3 3 0 0 3 3 0 3 0 0 3 0 3 3 0 3 0 3 0 3 3 3 3 3 3 0 0 0 3 3 0 0 0 0 0 3 0 0 3 0 0 0 0 0 0 3 3 0 0 3 3 3 0 0 3 3 0 0 0 0 3 0 0 0 0 0 0 3 0 0 3 0 0 3 0 0 0 3 0 3 0 0 0 0 3 0 0 0 0 0 3 0 3 0 0 0 0 3 0 3 0 0 0 3
782,SIPP_2^3,"242,216,0","25,11,0",1,3439.5633000000003,23279,11.72946,282.07329,55.76327,111.52654,7 7 7 7 7 7 0 0 0 7 0 0 7 7 7 0 0 0 0 0 0 0 0 0 0 0 0 0 0 0 0 7 7 7 7 7 7 7 7 7 7 7 7 7 7 7 7 7 7 7 7 7 7 7 7 7 7 7 7 7 7 7 7 7 7 7 7 7 7 7 7 7 7 7 7 6 7 7 7 6 6 6 7 6 7 7 7 7 7 7 7 7 7 7 7 7 7 6 7 7 7 7 7 7 7 6 7 7 6 6 6 6 6 7 7 7 7 0 7 7 7 0 7 0 7 0 7 7 7 7 0 7 0 0 -0.044 0 -1.078 6 -2.663 6 -1.893 7 7 6 7 7 7 7 6 7 6 6 6 7 6 6 7 6 6 6 6 5 5 6 6 6 6 6 6 6 5 6 7 7 7 7 7 7 6 6 6 7 6 6 6 6 7 0 0 0 0 0 0 0 0 0 0 0 0 0 0 0 0 0 0 0 0 7 7 0 0 0 7 7 7 0 7 7 7 7 7 7 0 7 0 7 7 7 7 0 7 7 7 7 7 7 7 0 0 7 7 7 7 7 7 7 7 7 7 7 7 7 7 7 6 6 6 6 6 6 6 6 6 7 6 6 6 6 7 -29.254 6 -4.183 6 -1.982 5 -1.523 6 -2.262 6 -0.869 6 -0.101 6 -0.062 6 -0.620 6 -0.997 6
782,SIPP_2^4,"242,216,0","25,11,0",1,3439.5633000000007,31324,42.62607,130.39448,25.48252,50.96504,14 14 15 15 15 15 15 14 14 14 0 0 0 0 0 0 0 0 0 0 0 0 0 0 0 0 14 14 13 13 13 13 13 13 13 13 13 13 13 13 13 13 13 13 13 13 13 13 13 13 14 13 13 13 13 13 13 13 13 13 13 13 13 13 12 12 13 12 12 13 13 13 13 13 13 14 14 0 15 15 15 15 15 15 13 13 13 13 14 14 14 14 13 13 13 14 14 14 14 14 14 14 14 14 14 14 14 14 14 14 14 15 15 15 15 0 0 0 0 0 0 0 15 15 15 0 0 15 0 15 0 0 15 0 0 0 0 0 0 0 15 15 0 0 0 15 15 15 15 15 15 0 0 0 15 15 0 -19.732 11 -0.819 13 -0.459 13 13 13 13 13 14 14 0 15 0 0 0 0 -1.216 15 -0.629 14 14 14 14 -1.425 13 13 12 -2.995 12 -0.582 11 12 12 12 12 12 12 12 -10.587 12 -1.170 12 12 -0.970 12 12 13 -33.577 12 -4.183 12 -1.982 10 -1.523 12 -2.262 12 -0.869 12 -0.101 12 -0.062 12 -0.620 12 -0.997 12
782,SIPP_2^5,"242,216,0","25,11,0",1,3130.609897999992,8045,26.74613,32.92402,6.56698,13.13396,29 29 30 30 30 28 28 28 0 0 0 0 0 0 0 0 0 0 0 0 0 0 0 0 28 28 26 26 26 26 26 26 26 26 26 26 26 26 26 26 26 26 26 26 26 26 26 26 26 26 26 26 25 26 26 26 26 26 26 26 26 26 25 25 26 26 26 26 26 28 28 31 30 30 30 31 -0.212 27 26 26 27 27 27 27 27 28 28 28 28 28 28 28 28 28 28 28 28 28 28 28 28 28 27 27 27 28 28 28 28 28 28 28 28 28 28 28 28 28 28 28 28 28 28 28 28 28 28 28 28 28 28 28 28 30 30 30 30 30 30 30 30 30 30 30 29 29 29 29 29 29 29 29 28 26 27
782,SIPP_BigCS,"242,216,1","25,11,3",0,-1,37849,180.1915,0.0,0.0,0.0,
782,SIPP_Standard,"242,216,1","25,11,3",1,3504.1429080000003,54357,127.85697,87.63003,16.2173,1.7434,-10.454 70 47 11 43 -1.531 77 -2.066 66 -1.273 46 10 46 2 10 38 3 3 19 61 77 66 54 66 54 66 30 -25.520 50 -25.346 77 66 50 69 50 69 54 58 -0.953 66 30 30 30 54 66 46 6 58 58
783,SIPP_2^2,"7,16,0","179,251,0",0,-1,0,0.0,0.0,0.0,0.0,
783,SIPP_2^3,"7,16,0","179,251,0",0,-1,0,0.0,0.0,0.0,0.0,
783,SIPP_2^4,"7,16,0","179,251,0",0,-1,0,0.0,0.0,0.0,0.0,
783,SIPP_2^5,"7,16,0","179,251,0",0,-1,0,0.0,0.0,0.0,0.0,
783,SIPP_BigCS,"7,16,0","179,251,0",0,-1,0,0.0,0.0,0.0,0.0,
783,SIPP_Standard,"7,16,4","179,251,13",0,-1,76046,180.00159,0.0,0.0,0.0,
784,SIPP_2^2,"38,227,0","243,27,0",0,-1,0,0.0,0.0,0.0,0.0,
784,SIPP_2^3,"38,227,0","243,27,0",0,-1,0,0.0,0.0,0.0,0.0,
784,SIPP_2^4,"38,227,0","243,27,0",0,-1,0,0.0,0.0,0.0,0.0,
784,SIPP_2^5,"38,227,0","243,27,0",0,-1,0,0.0,0.0,0.0,0.0,
784,SIPP_BigCS,"38,227,0","243,27,0",0,-1,0,0.0,0.0,0.0,0.0,
784,SIPP_Standard,"38,227,5","243,27,8",0,-1,79266,180.00273,0.0,0.0,0.0,
785,SIPP_2^2,"217,255,0","49,17,0",0,-1,0,0.0,0.0,0.0,0.0,
785,SIPP_2^3,"217,255,0","49,17,0",0,-1,0,0.0,0.0,0.0,0.0,
785,SIPP_2^4,"217,255,0","49,17,0",0,-1,0,0.0,0.0,0.0,0.0,
785,SIPP_2^5,"217,255,0","49,17,0",0,-1,0,0.0,0.0,0.0,0.0,
785,SIPP_BigCS,"217,255,0","49,17,0",0,-1,0,0.0,0.0,0.0,0.0,
785,SIPP_Standard,"217,255,14","49,17,14",0,-1,0,2e-05,0.0,0.0,0.0,
786,SIPP_2^2,"245,253,0","124,21,0",0,-1,0,0.0,0.0,0.0,0.0,
786,SIPP_2^3,"245,253,0","124,21,0",0,-1,0,0.0,0.0,0.0,0.0,
786,SIPP_2^4,"245,253,0","124,21,0",0,-1,0,0.0,0.0,0.0,0.0,
786,SIPP_2^5,"245,253,0","124,21,0",0,-1,0,0.0,0.0,0.0,0.0,
786,SIPP_BigCS,"245,253,0","124,21,0",0,-1,0,0.0,0.0,0.0,0.0,
786,SIPP_Standard,"245,253,15","124,21,5",0,-1,0,1e-05,0.0,0.0,0.0,
787,SIPP_2^2,"248,232,0","61,2,0",0,-1,0,0.0,0.0,0.0,0.0,
787,SIPP_2^3,"248,232,0","61,2,0",0,-1,0,0.0,0.0,0.0,0.0,
787,SIPP_2^4,"248,232,0","61,2,0",0,-1,0,0.0,0.0,0.0,0.0,
787,SIPP_2^5,"248,232,0","61,2,0",0,-1,0,0.0,0.0,0.0,0.0,
787,SIPP_BigCS,"248,232,0","61,2,0",0,-1,0,0.0,0.0,0.0,0.0,
787,SIPP_Standard,"248,232,9","61,2,6",0,-1,0,1e-05,0.0,0.0,0.0,
788,SIPP_2^2,"255,232,0","63,3,0",0,-1,0,0.0,0.0,0.0,0.0,
788,SIPP_2^3,"255,232,0","63,3,0",0,-1,0,0.0,0.0,0.0,0.0,
788,SIPP_2^4,"255,232,0","63,3,0",0,-1,0,0.0,0.0,0.0,0.0,
788,SIPP_2^5,"255,232,0","63,3,0",0,-1,0,0.0,0.0,0.0,0.0,
788,SIPP_BigCS,"255,232,0","63,3,0",0,-1,0,0.0,0.0,0.0,0.0,
788,SIPP_Standard,"255,232,1","63,3,13",0,-1,0,1e-05,0.0,0.0,0.0,
789,SIPP_2^2,"218,50,0","10,252,0",0,-1,0,0.0,0.0,0.0,0.0,
789,SIPP_2^3,"218,50,0","10,252,0",0,-1,0,0.0,0.0,0.0,0.0,
789,SIPP_2^4,"218,50,0","10,252,0",0,-1,0,0.0,0.0,0.0,0.0,
789,SIPP_2^5,"218,50,0","10,252,0",0,-1,0,0.0,0.0,0.0,0.0,
789,SIPP_BigCS,"218,50,0","10,252,0",0,-1,0,0.0,0.0,0.0,0.0,
789,SIPP_Standard,"218,50,12","10,252,2",0,-1,0,1e-05,0.0,0.0,0.0,
790,SIPP_2^2,"251,209,0","22,22,0",0,-1,0,0.0,0.0,0.0,0.0,
790,SIPP_2^3,"251,209,0","22,22,0",0,-1,0,0.0,0.0,0.0,0.0,
790,SIPP_2^4,"251,209,0","22,22,0",0,-1,0,0.0,0.0,0.0,0.0,
790,SIPP_2^5,"251,209,0","22,22,0",0,-1,0,0.0,0.0,0.0,0.0,
790,SIPP_BigCS,"251,209,0","22,22,0",0,-1,0,0.0,0.0,0.0,0.0,
790,SIPP_Standard,"251,209,12","22,22,0",0,-1,0,1e-05,0.0,0.0,0.0,
791,SIPP_2^2,"53,217,0","249,9,0",0,-1,0,0.0,0.0,0.0,0.0,
791,SIPP_2^3,"53,217,0","249,9,0",0,-1,0,0.0,0.0,0.0,0.0,
791,SIPP_2^4,"53,217,0","249,9,0",0,-1,0,0.0,0.0,0.0,0.0,
791,SIPP_2^5,"53,217,0","249,9,0",0,-1,0,0.0,0.0,0.0,0.0,
791,SIPP_BigCS,"53,217,0","249,9,0",0,-1,0,0.0,0.0,0.0,0.0,
791,SIPP_Standard,"53,217,1","249,9,5",0,-1,79217,180.00025,0.0,0.0,0.0,
792,SIPP_2^2,"230,1,0","8,169,0",1,4214.800636999999,55968,15.57438,601.04076,133.51769,267.03538,3 3 3 3 3 3 2 2 2 3 2 2 2 2 2 2 2 2 2 2 2 2 2 2 2 2 2 2 2 2 2 2 2 2 2 3 2 3 3 3 3 3 2 3 3 2 3 3 3 3 3 3 3 3 3 3 2 2 3 2 2 3 2 3 3 3 2 2 2 2 2 2 2 2 2 2 2 2 2 2 2 2 2 2 2 2 2 2 2 2 2 2 2 2 2 2 2 2 2 2 2 2 2 2 2 2 2 2 2 2 2 2 2 2 2 2 2 2 2 2 2 2 2 2 2 2 2 2 2 2 2 2 2 2 2 2 2 2 2 2 2 2 2 2 2 2 2 2 2 2 2 2 2 2 2 2 2 2 3 3 3 3 2 3 3 3 3 3 3 3 3 3 3 3 2 2 2 2 3 2 3 2 3 3 2 3 3 3 3 3 3 2 2 2 2 2 3 3 3 2 2 3 3 3 3 2 3 2 3 2 3 3 3 3 3 3 3 3 2 3 3 3 2 3 3 2 2 3 2 2 3 3 3 3 3 3 3 3 3 3 2 3 3 3 3 3 3 3 3 3 3 3 3 2 3 2 2 3 3 2 2 2 3 3 3 3 3 3 3 2 3 3 3 2 2 3 2 2 3 3 3 3 3 3 3 3 3 3 3 3 2 2 3 2 2 2 2 2 2 2 2 2 3 2 2 3 2 3 3 -2.004 3 3 3 3 3 3 3 3 3 3 3 3 3 3 3 3 3 3 3 3 3 3 3 0 0 3 -18.880 3 -0.062 3 3 3 3 3 3 3 3 3 3 3 3 3 3 3 3 3 3 3 3 3 3 0 3 3 3 3 3 3 3 3 3 3 3 3 3 0 0 3 3 3 3 3 3 0 3 3 3 3 3 0 3 3 3 0 3 3 3 3 3 3 3 3 3 3 3 3 3 2 3 2 2 3 -31.473 3 -2.094 3 -0.288 0 0 0 0 0
792,SIPP_2^3,"230,1,0","8,169,0",1,3328.847732,21895,11.07016,180.91875,36.12832,72.25663,6 6 6 6 6 6 6 6 6 6 6 5 6 6 6 6 6 6 6 6 6 6 6 6 6 6 6 6 6 5 5 6 5 6 5 5 5 5 5 5 5 5 5 5 5 6 5 6 5 5 5 5 5 5 5 6 6 6 6 6 5 6 6 6 6 6 6 6 6 7 6 6 6 6 6 6 6 6 6 6 6 6 6 6 6 6 6 6 6 6 6 6 6 6 6 6 6 6 6 6 7 6 6 6 6 6 6 6 6 5 5 5 6 5 5 5 5 5 5 5 5 5 5 5 5 6 5 5 -19.631 4 -1.170 4 4 -0.970 4 -0.062 4 -0.620 4 4 4 4 4 4 4 4 4 4 4 5 4 4 4 4 4 4 4 4 4 5 5 5 5 5 5 5 5 5 5 5 5 4 5 5 5 5 5 5 5 5 4 4 4 5 5 5 5 5 5 4 4 5 4 4 5 5 5 5 5 5 5 5 5 5 5 5 5 5 5 5 4 4 4 4 4 5 5 5 5 5 5 5 5 6 6 6 6 6 -13.424 6 -3.714 6 -1.892 7 -1.523 6 -2.262 6 6 6 6 -1.653 6 -1.032 6 -0.985 6 -0.534 6 -0.151 6 -0.060 6 -0.420 6 5 5 5 6 5 5 -2.416 5 5 5 5 5 5 5 5 5 5 5 5 5 5 4 -1.699 4 5 5 4 4 4 4 4 4 4 4 4 4 4 4 4 4 4 4 4
792,SIPP_2^4,"230,1,0","8,169,0",1,3211.5386589999985,16202,20.93792,95.21891,18.91554,37.83108,12 12 12 12 12 12 12 12 12 12 12 11 12 12 12 12 12 12 12 12 12 12 12 12 12 11 11 11 11 11 10 10 10 10 10 10 10 10 10 12 11 10 10 11 12 12 12 12 12 11 11 12 12 12 12 12 12 12 12 12 12 12 12 12 12 12 12 12 12 12 12 12 12 12 12 12 12 12 11 12 11 11 11 11 11 11 11 11 11 12 12 12 12 12 12 12 12 12 12 11 11 11 11 12 11 11 12 11 11 12 11 11 12 12 11 11 11 10 10 10 10 10 10 10 10 10 10 9 9 9 9 9 9 10 10 10 10 10 10 10 10 10 9 9 10 10 10 8 8 8 8 8 8 8 8 8 8 8 8 8 8 8 8 8 8 8 8 8 8 8 8 8 8 8 8 8 8 9 9 9 10 10 10 10 10 11 11 11 11 11 11 11 11 10 10 10 8 8 8 9 8 8 -37.906 7 8 -2.590 8 8 8 9 9 9 9 9 9 9 10 10 10 10 10 11 10
792,SIPP_2^5,"230,1,0","8,169,0",1,3160.119046999995,14659,46.81446,92.25173,18.3783,36.75659,24 24 24 24 24 24 24 23 23 24 23 24 23 23 24 20 20 20 19 20 24 24 23 23 24 24 23 24 23 20 20 23 24 24 24 24 24 23 24 24 24 24 24 24 24 24 23 24 24 24 24 24 24 24 24 24 24 24 24 24 24 24 24 24 24 22 22 22 22 22 22 22 22 21 22 21 22 20 20 18 19 18 16 15 15 16 16 16 16 16 16 16 16 16 16 16 16 16 17 17 17 17 17 17 18 18 18 20 20 20 20 20 20 20 20 21 20 20 20 21 21 21 21 21 21 20 20 20 20 20 21 21 23 23 23 23 23 23 23 24 23 24 24 23 23 20 20 18 18 18 18 18 18 18 18 18 18 17 15 12 12 19 22 21
792,SIPP_BigCS,"230,1,12","8,169,8",0,-1,41565,180.22592,0.0,0.0,0.0,
792,SIPP_Standard,"230,1,12","8,169,8",1,3331.872729,92129,173.49441,63.86442,11.5672,1.3813,59 83 16 -4.790 70 31 31 51 94 0 0 0 0 0 0 20 47 3 3 7 59 -1.272 59 -5.810 59 67 31 31 55 91 7 91 3 3 3 11 31 51 78 91 19 61 101
793,SIPP_2^2,"3,12,0","250,185,0",1,4247.720295,54542,15.68223,791.95959,175.92919,351.85838,2 2 2 2 2 2 2 2 2 2 2 2 1 1 2 1 1 1 1 1 1 1 1 1 1 1 1 1 1 1 1 1 1 1 1 2 1 1 1 1 1 1 2 1 1 1 2 1 2 1 1 1 1 1 1 1 1 1 1 1 1 1 1 1 1 1 1 1 1 1 1 1 2 2 1 1 2 2 1 -45.066 2 -2.655 1 2 2 2 2 2 2 2 2 1 1 1 1 2 2 2 2 1 2 2 2 2 2 2 2 2 2 2 2 2 2 2 2 2 1 2 1 2 1 1 1 1 1 2 1 2 2 1 2 2 1 2 2 2 2 2 2 2 2 2 2 2 1 1 2 2 2 2 2 2 2 2 2 2 2 2 2 2 1 2 1 1 1 1 1 1 1 1 1 1 1 1 1 1 2 1 1 1 1 1 2 1 1 1 1 1 1 1 2 1 1 2 2 2 1 1 1 2 1 1 1 2 1 2 2 2 2 2 2 2 2 1 1 1 1 1 1 1 1 1 1 1 1 1 2 2 2 2 2 1 2 1 1 1 1 1 1 2 2 1 1 1 1 1 1 1 1 1 1 1 1 1 1 1 1 1 1 1 1 1 1 1 1 1 1 1 1 1 1 1 1 1 1 1 1 1 1 1 1 1 1 1 1 1 1 1 1 1 1 1 1 1 1 1 1 1 1 1 1 1 1 2 2 2 1 1 1 2 2 1 2 1 1 1 1 2 2 1 2 2 2 1 2 1 1 1 2 1 2 1 1 2 1 1 1 2 2 1 1 2 1 1 1 1 2 2 2 2 2 1 2 1 1 1 2 2 2 1 2 2 1 1 1 1 2 2 2 2 1 2 1 2 1 2 2 2 2 2 2 1 2 2 2 2 2 1 2 2 2 2 1 2 1 2 2 2 2 1 1 2 2 2 2 2 2 2 2 1 2 1 1 2 1 1 1 1 1 1 1 2
793,SIPP_2^3,"3,12,0","250,185,0",1,3268.599623999996,16655,8.82511,170.05819,33.77212,67.54425,4 4 4 3 3 4 4 4 4 3 4 4 4 3 3 3 3 3 3 3 3 3 3 3 3 3 3 3 3 3 3 3 3 3 3 3 3 3 3 3 3 3 3 3 3 3 3 3 3 3 3 3 3 3 3 3 3 3 3 3 3 3 3 3 3 3 3 3 3 3 3 3 3 3 3 3 3 3 2 2 2 2 3 3 3 3 3 3 3 3 2 3 3 3 2 3 3 3 3 3 3 2 2 3 3 3 3 3 3 3 3 3 3 3 3 3 3 3 3 3 3 3 3 3 3 3 2 3 3 3 4 4 3 4 3 3 4 3 2 2 2 2 2 2 2 2 2 2 2 2 2 2 2 2 2 2 2 2 2 2 2 2 2 2 2 2 2 2 2 2 2 2 2 2 2 2 2 2 2 2 2 2 2 2 2 2 2 2 2 2 2 2 2 3 3 3 2 3 2 2 2 2 2 2 2 3 3 3 3 3 2 3 3 3 3 3 3 3 3 3 3 3 3 3 3 2 3 3 3 3 3 2 2 2 2 2 2 2 2 2 3 2 3 3 3 3 3 2 3 3 3 3 3 2 3 2 3 3 2 3 3
793,SIPP_2^4,"3,12,0","250,185,0",1,3125.8314159999973,7878,10.87053,76.75791,15.32023,30.64046,8 8 8 8 8 8 7 7 7 8 6 6 6 6 6 6 6 6 6 6 6 6 6 6 5 5 5 5 5 5 5 5 6 6 6 6 5 6 6 6 5 5 5 5 5 5 5 5 5 5 5 5 4 5 4 5 5 5 5 5 5 5 5 5 5 5 5 5 5 5 5 5 5 5 5 5 5 5 5 5 5 5 5 4 5 5 5 5 5 5 5 5 5 5 5 5 5 6 -1.581 7 6 6 6 6 6 7 6 6 7 6 7 6 7 6 6 6 7 6 6 6 6 6 7 7 6 6 7 7 6 6 6 5 5 5 5 5 5 5 5 5 5 5 5 6 6 6 6 6 6 6 6 -0.430 5 5 4 5 5 5 5 5 5 4 5 5 5 5 4 5
793,SIPP_2^5,"3,12,0","250,185,0",1,3105.1426679999954,7104,24.99015,26.23011,5.21531,10.43061,15 15 15 16 16 16 16 -0.944 12 12 11 10 11 11 11 11 11 11 11 11 11 11 11 11 11 11 11 11 11 11 10 10 10 10 10 10 10 10 10 10 10 10 9 10 10 10 10 10 10 10 10 10 10 10 10 10 10 10 9 10 10 10 10 10 10 10 10 10 10 10 10 10 10 10 12 13 13 12 12 12 12 13 13 13 13 13 13 12 12 12 13 12 12 13 12 12 12 12 11 11 11 11 11 11 11 11 11 11 11 9 9 9 9 9 10 10 9 9 8
793,SIPP_BigCS,"3,12,7","250,185,2",0,-1,28164,180.14258,0.0,0.0,0.0,
793,SIPP_Standard,"3,12,7","250,185,2",1,3129.0,35459,91.78116,53.23926,8.4915,0.8128,88 8 48 63 71 28 28 48 63 63 95 17 63 63 63 63 63 63 63 63 63 79 56 56 64 28 28 28 48 71 48 71 48 95 21 48 95
794,SIPP_2^2,"3,145,0","251,7,0",0,-1,0,0.0,0.0,0.0,0.0,
794,SIPP_2^3,"3,145,0","251,7,0",0,-1,0,0.0,0.0,0.0,0.0,
794,SIPP_2^4,"3,145,0","251,7,0",0,-1,0,0.0,0.0,0.0,0.0,
794,SIPP_2^5,"3,145,0","251,7,0",0,-1,0,0.0,0.0,0.0,0.0,
794,SIPP_BigCS,"3,145,0","251,7,0",0,-1,0,0.0,0.0,0.0,0.0,
794,SIPP_Standard,"3,145,0","251,7,15",0,-1,0,4e-05,0.0,0.0,0.0,
795,SIPP_2^2,"252,4,0","67,238,0",1,4190.0,44219,11.86178,685.89358,152.36724,304.73449,3 3 3 3 3 3 3 3 3 3 3 3 3 3 3 3 3 3 3 3 3 3 3 2 3 3 3 3 3 2 3 2 2 2 2 2 2 2 2 2 2 2 2 2 2 2 2 2 2 2 2 2 2 2 2 2 2 2 2 2 2 2 2 2 2 2 2 2 2 2 2 2 2 2 2 2 2 2 2 2 2 2 2 2 2 2 3 2 2 2 2 3 3 2 3 2 2 2 2 2 2 2 3 2 3 3 3 2 3 2 3 2 2 3 3 3 3 3 3 3 3 3 3 3 2 2 2 2 2 2 3 2 2 2 2 2 2 2 2 2 2 2 2 2 2 2 2 2 2 2 2 2 2 2 2 2 2 2 3 2 2 2 2 2 2 2 2 2 2 2 2 2 2 2 2 2 2 3 2 2 2 2 2 2 2 3 3 3 3 2 2 3 3 2 2 3 2 2 3 3 3 3 3 2 3 3 3 3 3 3 3 3 3 3 3 3 3 3 3 3 3 3 3 3 3 3 3 3 3 3 3 3 3 3 3 3 3 3 3 3 3 3 3 3 3 3 3 3 3 3 3 3 3 2 2 3 3 3 2 2 2 2 3 3 3 2 3 2 2 2 3 3 2 3 3 2 2 3 2 3 3 2 3 3 2 2 3 2 2 3 2 2 2 2 2 2 3 2 2 2 2 2 2 2 2 3 2 2 2 2 2 2 2 2 2 2 3 3 2 2 3 3 2 3 2 2 2 2 3 2 2 2 2 2 2 2 2 3 2 2 2 2 2 2 2 2 2 2 2 2 2 2 2 2 2 2 2 3 3 2 2 3 2 3 2 2 3 3 2 2 3 3 2 3 3 3 2 2 3 3 2 3 3 3 2 3 3 2 3 3 3 2 3 3 3 3 3 3 2 3 3 3 3 3 3 3 3 3 3 3 3 3 2 2 3 3 3 3 2
795,SIPP_2^3,"252,4,0","67,238,0",1,3439.1883599999937,12053,6.2829,208.30112,40.84071,81.68141,5 6 6 6 6 6 6 6 6 6 6 6 6 6 6 6 6 6 6 6 6 6 6 6 6 6 6 5 5 4 4 4 4 4 4 4 5 5 4 5 5 5 5 5 4 5 5 5 5 5 5 5 5 5 5 5 5 5 5 5 5 4 4 4 4 4 4 4 4 4 4 4 4 4 4 4 4 4 4 4 4 4 4 4 4 4 4 4 4 4 4 4 4 4 5 5 5 5 4 4 4 4 4 4 4 4 4 4 4 4 4 4 4 5 5 4 5 4 4 4 4 5 4 4 4 5 4 5 4 5 5 5 5 5 5 5 5 5 5 4 4 4 5 5 5 6 6 6 6 6 6 6 6 6 6 5 5 5 5 5 5 5 5 5 5 5 5 5 5 5 5 5 6 6 6 5 5 5 5 5 5 5 5 6 5 5 5 5 5 5 6 6 6 6 6 6 5 5 5 5 5 5 5 5 5 5 5 5 5 5 5 5 5 6 6 6 5 5 5 5 6 4 5 4 4 4 4 4 4 3 3 4 4 4 4 4 4 4 4 4 5 5 4 4 5 4 4 4 5 5 4 4 4 4 4 4 4 4 5 5 5 5 5 5 5 5 5 5 5 5 5 5 5 5 5 5 5 5 5 5 5 5 6 6 5 6 6 5
795,SIPP_2^4,"252,4,0","67,238,0",1,3294.6898169999995,8483,11.30859,93.5776,18.65161,37.30321,12 12 12 12 12 12 12 12 12 12 12 12 12 12 12 12 12 12 12 12 12 12 12 12 12 11 10 10 9 9 10 10 10 9 9 10 9 9 9 9 10 10 10 10 10 10 10 9 10 10 10 8 8 8 8 8 8 8 8 8 8 8 8 8 8 8 8 8 8 8 8 8 8 8 8 8 8 8 8 8 8 8 8 8 8 8 8 8 8 8 8 8 8 8 8 8 8 8 9 8 9 9 9 9 9 9 9 9 9 9 9 9 9 9 10 10 10 10 10 10 10 10 11 11 11 11 11 11 11 10 10 11 11 11 -0.013 11 11 12 10 10 10 10 10 10 10 10 10 9 9 10 10 9 10 10 11 11 10 10 9 9 9 9 9 10 9 10 10 10 10 10 10 10 10 10 9 10 9 9 9 10 9 9 9 9 10 10 10 9 9 9 9 9 10 10 10 10 10 10 11 11 10 11 10 11 -34.041 12 10 -0.160 11 10 9 10 10 10 9 10
795,SIPP_2^5,"252,4,0","67,238,0",1,3292.626524,8833,29.67351,49.00405,9.78867,19.57734,24 24 24 24 24 24 24 24 24 24 24 24 24 24 24 24 24 24 24 24 23 24 24 24 24 20 20 19 19 19 19 19 18 18 18 20 20 20 20 20 20 20 20 20 17 16 16 16 16 16 16 16 16 16 16 16 16 16 16 16 16 16 16 16 16 16 16 16 16 16 16 16 16 16 16 16 16 16 17 17 17 17 16 16 17 17 17 16 16 16 17 17 17 17 17 18 20 20 20 20 20 20 21 21 22 23 22 -0.006 22 21 23 22 22 -1.136 22 -0.758 22 21 20 19 19 19 19 20 20 20 20 20 20 21 21 20 19 19 19 19 19 19 19 20 20 19 18 18 18 18 18 18 18 19 19 19 19 19 21 22 21 21 21 -43.992 23 20 20 19 19 20 20
795,SIPP_BigCS,"252,4,14","67,238,7",0,-1,35728,180.12527,0.0,0.0,0.0,
795,SIPP_Standard,"252,4,14","67,238,7",1,3294.941895,33036,74.75694,42.91677,6.7666,0.6183,3 3 3 15 62 62 78 75 94 0 0 0 0 0 16 62 62 62 70 55 59 59 67 -4.739 31 31 -3.673 31 -1.549 31 31 51 70 51 62 62 62 70 55 59 -34.981 67 51
796,SIPP_2^2,"240,68,0","11,250,0",0,-1,0,0.0,0.0,0.0,0.0,
796,SIPP_2^3,"240,68,0","11,250,0",0,-1,0,0.0,0.0,0.0,0.0,
796,SIPP_2^4,"240,68,0","11,250,0",0,-1,0,0.0,0.0,0.0,0.0,
796,SIPP_2^5,"240,68,0","11,250,0",0,-1,0,0.0,0.0,0.0,0.0,
796,SIPP_BigCS,"240,68,0","11,250,0",0,-1,0,0.0,0.0,0.0,0.0,
796,SIPP_Standard,"240,68,3","11,250,2",0,-1,84642,180.00216,0.0,0.0,0.0,
797,SIPP_2^2,"253,50,0","8,208,0",0,-1,0,0.0,0.0,0.0,0.0,
797,SIPP_2^3,"253,50,0","8,208,0",0,-1,0,0.0,0.0,0.0,0.0,
797,SIPP_2^4,"253,50,0","8,208,0",0,-1,0,0.0,0.0,0.0,0.0,
797,SIPP_2^5,"253,50,0","8,208,0",0,-1,0,0.0,0.0,0.0,0.0,
797,SIPP_BigCS,"253,50,0","8,208,0",0,-1,0,0.0,0.0,0.0,0.0,
797,SIPP_Standard,"253,50,4","8,208,15",0,-1,88710,180.00145,0.0,0.0,0.0,
798,SIPP_2^2,"121,3,0","234,253,0",0,-1,0,0.0,0.0,0.0,0.0,
798,SIPP_2^3,"121,3,0","234,253,0",0,-1,0,0.0,0.0,0.0,0.0,
798,SIPP_2^4,"121,3,0","234,253,0",0,-1,0,0.0,0.0,0.0,0.0,
798,SIPP_2^5,"121,3,0","234,253,0",0,-1,0,0.0,0.0,0.0,0.0,
798,SIPP_BigCS,"121,3,0","234,253,0",0,-1,0,0.0,0.0,0.0,0.0,
798,SIPP_Standard,"121,3,13","234,253,3",0,-1,77998,180.00028,0.0,0.0,0.0,
799,SIPP_2^2,"251,1,0","64,225,0",0,-1,0,0.0,0.0,0.0,0.0,
799,SIPP_2^3,"251,1,0","64,225,0",0,-1,0,0.0,0.0,0.0,0.0,
799,SIPP_2^4,"251,1,0","64,225,0",0,-1,0,0.0,0.0,0.0,0.0,
799,SIPP_2^5,"251,1,0","64,225,0",0,-1,0,0.0,0.0,0.0,0.0,
799,SIPP_BigCS,"251,1,0","64,225,0",0,-1,0,0.0,0.0,0.0,0.0,
799,SIPP_Standard,"251,1,10","64,225,10",0,-1,77469,180.00115,0.0,0.0,0.0,
800,SIPP_2^2,"87,9,0","228,253,0",0,-1,0,0.0,0.0,0.0,0.0,
800,SIPP_2^3,"87,9,0","228,253,0",0,-1,0,0.0,0.0,0.0,0.0,
800,SIPP_2^4,"87,9,0","228,253,0",0,-1,0,0.0,0.0,0.0,0.0,
800,SIPP_2^5,"87,9,0","228,253,0",0,-1,0,0.0,0.0,0.0,0.0,
800,SIPP_BigCS,"87,9,0","228,253,0",0,-1,0,0.0,0.0,0.0,0.0,
800,SIPP_Standard,"87,9,0","228,253,1",0,-1,0,4e-05,0.0,0.0,0.0,
801,SIPP_2^2,"21,215,0","234,32,0",0,-1,0,0.0,0.0,0.0,0.0,
801,SIPP_2^3,"21,215,0","234,32,0",0,-1,0,0.0,0.0,0.0,0.0,
801,SIPP_2^4,"21,215,0","234,32,0",0,-1,0,0.0,0.0,0.0,0.0,
801,SIPP_2^5,"21,215,0","234,32,0",0,-1,0,0.0,0.0,0.0,0.0,
801,SIPP_BigCS,"21,215,0","234,32,0",0,-1,0,0.0,0.0,0.0,0.0,
801,SIPP_Standard,"21,215,8","234,32,15",0,-1,80652,180.00071,0.0,0.0,0.0,
802,SIPP_2^2,"4,113,0","254,253,0",0,-1,0,0.0,0.0,0.0,0.0,
802,SIPP_2^3,"4,113,0","254,253,0",0,-1,0,0.0,0.0,0.0,0.0,
802,SIPP_2^4,"4,113,0","254,253,0",0,-1,0,0.0,0.0,0.0,0.0,
802,SIPP_2^5,"4,113,0","254,253,0",0,-1,0,0.0,0.0,0.0,0.0,
802,SIPP_BigCS,"4,113,0","254,253,0",0,-1,0,0.0,0.0,0.0,0.0,
802,SIPP_Standard,"4,113,11","254,253,6",0,-1,83741,180.00415,0.0,0.0,0.0,
803,SIPP_2^2,"25,242,0","246,39,0",0,-1,0,0.0,0.0,0.0,0.0,
803,SIPP_2^3,"25,242,0","246,39,0",0,-1,0,0.0,0.0,0.0,0.0,
803,SIPP_2^4,"25,242,0","246,39,0",0,-1,0,0.0,0.0,0.0,0.0,
803,SIPP_2^5,"25,242,0","246,39,0",0,-1,0,0.0,0.0,0.0,0.0,
803,SIPP_BigCS,"25,242,0","246,39,0",0,-1,0,0.0,0.0,0.0,0.0,
803,SIPP_Standard,"25,242,9","246,39,1",0,-1,80407,180.00276,0.0,0.0,0.0,
804,SIPP_2^2,"198,18,0","18,235,0",0,-1,0,0.0,0.0,0.0,0.0,
804,SIPP_2^3,"198,18,0","18,235,0",0,-1,0,0.0,0.0,0.0,0.0,
804,SIPP_2^4,"198,18,0","18,235,0",0,-1,0,0.0,0.0,0.0,0.0,
804,SIPP_2^5,"198,18,0","18,235,0",0,-1,0,0.0,0.0,0.0,0.0,
804,SIPP_BigCS,"198,18,0","18,235,0",0,-1,0,0.0,0.0,0.0,0.0,
804,SIPP_Standard,"198,18,3","18,235,9",0,-1,85232,180.00036,0.0,0.0,0.0,
805,SIPP_2^2,"40,35,0","240,253,0",0,-1,0,0.0,0.0,0.0,0.0,
805,SIPP_2^3,"40,35,0","240,253,0",0,-1,0,0.0,0.0,0.0,0.0,
805,SIPP_2^4,"40,35,0","240,253,0",0,-1,0,0.0,0.0,0.0,0.0,
805,SIPP_2^5,"40,35,0","240,253,0",0,-1,0,0.0,0.0,0.0,0.0,
805,SIPP_BigCS,"40,35,0","240,253,0",0,-1,0,0.0,0.0,0.0,0.0,
805,SIPP_Standard,"40,35,2","240,253,3",0,-1,0,4e-05,0.0,0.0,0.0,
806,SIPP_2^2,"246,30,0","35,239,0",1,4200.0,47150,12.33917,756.60426,168.07521,336.15041,3 3 3 3 3 3 3 3 3 3 3 3 3 3 3 3 3 3 3 3 3 3 3 3 3 3 3 3 3 3 3 3 3 3 3 3 3 3 3 3 3 3 3 3 3 3 2 2 2 2 2 2 2 2 2 2 2 2 2 2 2 2 2 2 2 2 2 2 2 2 2 2 2 2 2 2 2 2 2 2 2 2 2 2 2 2 2 2 2 2 2 2 2 2 2 2 2 2 2 2 2 2 2 3 2 2 2 2 3 2 2 2 2 2 2 2 2 2 2 2 2 2 2 2 2 2 2 2 2 2 2 2 2 2 2 3 3 3 3 2 3 2 2 2 2 3 3 3 3 3 3 3 3 2 3 3 3 3 3 3 3 3 3 3 3 3 2 3 2 3 3 3 3 3 3 3 2 3 2 2 3 3 2 3 2 2 3 2 3 3 3 2 3 3 3 3 2 2 3 2 3 3 2 3 2 3 2 2 2 3 3 3 3 3 3 3 3 2 2 3 3 2 2 2 3 3 3 2 3 2 3 3 2 2 2 2 2 2 2 3 2 3 2 3 3 2 2 3 2 2 2 3 2 2 2 2 2 2 3 2 3 2 2 2 2 3 3 2 3 3 3 3 2 3 2 3 2 3 3 2 3 3 2 2 3 2 2 2 2 2 2 2 2 2 2 2 2 2 2 2 2 2 2 2 2 2 2 2 2 2 2 2 2 3 3 3 3 3 3 3 3 3 3 2 2 2 2 2 2 2 2 2 3 3 3 3 2 3 3 3 2 3 3 3 3 3 2 3 3 3 3 3 3 3 3 2 3 2 3 3 3 2 3 2 3 3 3 3 3 2 2 2 2 3 2 3 3 2 2 3 3 3 3 3 2 2 2 3 3 2 3 3 3 3 3 3 3 3 2 2 3 3 3 2 3 3 3 3 3 3 3 3 3 3 3 3 3 3 3 2
806,SIPP_2^3,"246,30,0","35,239,0",1,3514.9322169999928,20889,10.3084,238.49207,47.12389,94.24778,5 6 6 6 6 5 5 5 6 6 6 6 6 6 6 6 6 5 6 6 6 6 6 6 6 6 6 6 6 6 6 6 6 6 6 6 6 6 5 6 6 5 6 6 5 5 4 4 4 4 4 4 4 4 4 4 4 4 4 4 4 4 4 4 4 5 5 5 4 4 4 4 4 4 4 4 4 4 4 4 4 4 4 4 4 4 4 4 4 4 4 4 4 4 4 4 4 4 4 4 -0.257 4 4 4 4 4 4 4 4 4 4 4 4 4 4 4 4 4 4 4 4 4 4 4 4 4 4 4 4 4 -1.838 4 -1.639 4 5 5 5 5 6 6 5 5 5 5 5 5 6 5 6 6 5 5 5 6 6 5 5 5 5 5 5 5 5 5 5 5 5 5 6 5 6 5 5 5 5 5 5 5 5 5 5 5 5 5 5 6 6 5 5 5 5 6 5 6 6 5 6 5 5 5 5 6 5 5 5 6 5 5 5 5 5 5 5 5 6 5 5 5 5 5 4 4 4 5 5 5 5 5 5 5 5 5 5 5 5 5 5 5 5 4 5 5 5 4 5 5 4 4 4 5 5 5 5 5 5 5 5 5 5 6 5 5 6 6 6 6 6 6 6 6 6 5 6 6 5 6 6 5 6 5 5 5 5 6 6 6 6 6 6 6 6 6 6 6 6 6 6 6 6 6 6 6 6 7
806,SIPP_2^4,"246,30,0","35,239,0",1,3428.0470999999866,15759,20.85377,81.38719,16.17161,32.34323,12 12 12 12 12 12 12 12 12 12 12 12 12 12 12 12 12 12 12 12 12 12 12 12 12 11 11 12 12 11 11 12 12 11 11 12 11 10 10 8 8 8 8 8 8 8 8 8 8 8 8 8 8 8 8 8 8 8 8 8 8 8 8 8 8 8 8 8 8 8 8 8 8 8 8 8 8 8 8 8 8 8 8 8 8 9 8 9 9 9 8 8 8 8 8 8 8 8 8 8 8 8 8 8 8 7 8 8 8 8 8 8 8 8 8 8 7 8 -2.395 10 11 -0.433 10 10 10 10 10 10 10 10 10 10 10 10 10 10 10 10 10 10 10 10 10 10 10 10 10 10 10 10 10 10 10 10 10 10 10 10 10 10 10 10 10 11 11 11 11 11 11 11 10 10 10 11 11 11 11 11 11 11 11 11 11 11 10 10 10 10 10 10 9 10 9 10 10 9 9 10 10 10 10 10 10 10 10 10 10 10 10 11 11 11 11 10 10 10 10 10 10 11 10 11 11 11 11 11 11 11 11 11 11 11 11 11 12 12 13 13 12 12 12 12 13
806,SIPP_2^5,"246,30,0","35,239,0",1,3421.2184330000005,15789,51.87283,64.59926,12.88101,25.76203,23 23 23 23 24 24 24 24 24 24 24 24 24 24 23 24 24 24 24 24 24 23 23 24 24 24 24 24 24 24 20 20 16 16 16 16 16 16 16 16 16 16 16 16 16 16 16 16 16 16 16 16 16 16 16 16 16 16 16 16 16 16 16 16 16 17 16 16 16 16 17 17 16 17 16 16 16 16 16 16 16 16 16 16 16 16 16 16 16 16 16 16 16 16 16 16 16 16 16 16 16 16 15 16 15 -2.420 16 18 20 21 21 21 20 20 21 20 20 21 21 21 21 21 21 21 21 20 20 20 20 20 20 20 20 20 20 21 21 21 21 20 21 21 20 20 21 21 21 20 20 20 19 19 19 20 20 20 20 19 20 20 20 20 20 20 20 21 21 21 21 20 21 21 20 20 21 21 22 22 22 22 22 22 22 22 22 22 -2.454 24 -10.469 24 -0.853 25 25 24 25
806,SIPP_BigCS,"246,30,13","35,239,8",0,-1,37442,180.26407,0.0,0.0,0.0,
806,SIPP_Standard,"246,30,13","35,239,8",1,3437.344798,77898,158.53925,58.24146,10.8759,1.0821,91 3 3 3 7 75 94 0 0 0 0 0 -13.883 0 0 0 0 -3.461 20 31 55 67 55 67 55 67 31 31 31 55 59 75 62 70 55 67 55 67 31 55 67 47 19 101
807,SIPP_2^2,"252,228,0","14,55,0",0,-1,0,0.0,0.0,0.0,0.0,
807,SIPP_2^3,"252,228,0","14,55,0",0,-1,0,0.0,0.0,0.0,0.0,
807,SIPP_2^4,"252,228,0","14,55,0",0,-1,0,0.0,0.0,0.0,0.0,
807,SIPP_2^5,"252,228,0","14,55,0",0,-1,0,0.0,0.0,0.0,0.0,
807,SIPP_BigCS,"252,228,0","14,55,0",0,-1,0,0.0,0.0,0.0,0.0,
807,SIPP_Standard,"252,228,3","14,55,5",0,-1,81364,180.00064,0.0,0.0,0.0,
808,SIPP_2^2,"20,14,0","241,230,0",0,-1,0,0.0,0.0,0.0,0.0,
808,SIPP_2^3,"20,14,0","241,230,0",0,-1,0,0.0,0.0,0.0,0.0,
808,SIPP_2^4,"20,14,0","241,230,0",0,-1,0,0.0,0.0,0.0,0.0,
808,SIPP_2^5,"20,14,0","241,230,0",0,-1,0,0.0,0.0,0.0,0.0,
808,SIPP_BigCS,"20,14,0","241,230,0",0,-1,0,0.0,0.0,0.0,0.0,
808,SIPP_Standard,"20,14,1","241,230,5",0,-1,73860,180.00126,0.0,0.0,0.0,
809,SIPP_2^2,"244,211,0","0,37,0",0,-1,0,0.0,0.0,0.0,0.0,
809,SIPP_2^3,"244,211,0","0,37,0",0,-1,0,0.0,0.0,0.0,0.0,
809,SIPP_2^4,"244,211,0","0,37,0",0,-1,0,0.0,0.0,0.0,0.0,
809,SIPP_2^5,"244,211,0","0,37,0",0,-1,0,0.0,0.0,0.0,0.0,
809,SIPP_BigCS,"244,211,0","0,37,0",0,-1,0,0.0,0.0,0.0,0.0,
809,SIPP_Standard,"244,211,5","0,37,13",0,-1,81577,180.00005,0.0,0.0,0.0,
810,SIPP_2^2,"91,9,0","235,253,0",0,-1,0,0.0,0.0,0.0,0.0,
810,SIPP_2^3,"91,9,0","235,253,0",0,-1,0,0.0,0.0,0.0,0.0,
810,SIPP_2^4,"91,9,0","235,253,0",0,-1,0,0.0,0.0,0.0,0.0,
810,SIPP_2^5,"91,9,0","235,253,0",0,-1,0,0.0,0.0,0.0,0.0,
810,SIPP_BigCS,"91,9,0","235,253,0",0,-1,0,0.0,0.0,0.0,0.0,
810,SIPP_Standard,"91,9,2","235,253,0",0,-1,15,0.02892,0.0,0.0,0.0,
811,SIPP_2^2,"252,5,0","53,210,0",0,-1,0,0.0,0.0,0.0,0.0,
811,SIPP_2^3,"252,5,0","53,210,0",0,-1,0,0.0,0.0,0.0,0.0,
811,SIPP_2^4,"252,5,0","53,210,0",0,-1,0,0.0,0.0,0.0,0.0,
811,SIPP_2^5,"252,5,0","53,210,0",0,-1,0,0.0,0.0,0.0,0.0,
811,SIPP_BigCS,"252,5,0","53,210,0",0,-1,0,0.0,0.0,0.0,0.0,
811,SIPP_Standard,"252,5,12","53,210,0",0,-1,80308,180.00076,0.0,0.0,0.0,
812,SIPP_2^2,"2,147,0","255,6,0",0,-1,0,0.0,0.0,0.0,0.0,
812,SIPP_2^3,"2,147,0","255,6,0",0,-1,0,0.0,0.0,0.0,0.0,
812,SIPP_2^4,"2,147,0","255,6,0",0,-1,0,0.0,0.0,0.0,0.0,
812,SIPP_2^5,"2,147,0","255,6,0",0,-1,0,0.0,0.0,0.0,0.0,
812,SIPP_BigCS,"2,147,0","255,6,0",0,-1,0,0.0,0.0,0.0,0.0,
812,SIPP_Standard,"2,147,7","255,6,8",0,-1,80738,180.00153,0.0,0.0,0.0,
813,SIPP_2^2,"254,48,0","26,252,0",0,-1,0,0.0,0.0,0.0,0.0,
813,SIPP_2^3,"254,48,0","26,252,0",0,-1,0,0.0,0.0,0.0,0.0,
813,SIPP_2^4,"254,48,0","26,252,0",0,-1,0,0.0,0.0,0.0,0.0,
813,SIPP_2^5,"254,48,0","26,252,0",0,-1,0,0.0,0.0,0.0,0.0,
813,SIPP_BigCS,"254,48,0","26,252,0",0,-1,0,0.0,0.0,0.0,0.0,
813,SIPP_Standard,"254,48,1","26,252,7",0,-1,89800,180.00197,0.0,0.0,0.0,
814,SIPP_2^2,"2,53,0","249,220,0",0,-1,0,0.0,0.0,0.0,0.0,
814,SIPP_2^3,"2,53,0","249,220,0",0,-1,0,0.0,0.0,0.0,0.0,
814,SIPP_2^4,"2,53,0","249,220,0",0,-1,0,0.0,0.0,0.0,0.0,
814,SIPP_2^5,"2,53,0","249,220,0",0,-1,0,0.0,0.0,0.0,0.0,
814,SIPP_BigCS,"2,53,0","249,220,0",0,-1,0,0.0,0.0,0.0,0.0,
814,SIPP_Standard,"2,53,15","249,220,8",0,-1,77415,180.00249,0.0,0.0,0.0,
815,SIPP_2^2,"16,169,0","241,5,0",0,-1,0,0.0,0.0,0.0,0.0,
815,SIPP_2^3,"16,169,0","241,5,0",0,-1,0,0.0,0.0,0.0,0.0,
815,SIPP_2^4,"16,169,0","241,5,0",0,-1,0,0.0,0.0,0.0,0.0,
815,SIPP_2^5,"16,169,0","241,5,0",0,-1,0,0.0,0.0,0.0,0.0,
815,SIPP_BigCS,"16,169,0","241,5,0",0,-1,0,0.0,0.0,0.0,0.0,
815,SIPP_Standard,"16,169,9","241,5,14",0,-1,80575,180.00107,0.0,0.0,0.0,
816,SIPP_2^2,"31,206,0","222,5,0",0,-1,0,0.0,0.0,0.0,0.0,
816,SIPP_2^3,"31,206,0","222,5,0",0,-1,0,0.0,0.0,0.0,0.0,
816,SIPP_2^4,"31,206,0","222,5,0",0,-1,0,0.0,0.0,0.0,0.0,
816,SIPP_2^5,"31,206,0","222,5,0",0,-1,0,0.0,0.0,0.0,0.0,
816,SIPP_BigCS,"31,206,0","222,5,0",0,-1,0,0.0,0.0,0.0,0.0,
816,SIPP_Standard,"31,206,10","222,5,11",0,-1,0,4e-05,0.0,0.0,0.0,
817,SIPP_2^2,"249,3,0","57,235,0",1,4280.0,49086,13.66337,749.53319,166.50441,333.00882,3 3 3 3 3 3 3 3 3 3 3 3 3 3 3 3 3 3 2 3 3 3 3 3 3 3 2 2 3 2 2 2 2 2 2 2 2 2 2 2 2 2 2 2 2 2 2 2 2 2 2 2 2 2 2 2 2 2 2 2 2 2 2 2 2 2 2 2 2 2 2 2 2 2 2 2 2 2 2 2 3 2 2 2 2 2 2 2 2 3 3 2 2 2 3 2 3 2 2 3 2 3 2 3 2 3 2 3 2 2 3 2 3 3 3 3 3 3 3 2 3 3 2 2 2 3 2 2 3 2 2 2 2 2 2 2 2 2 2 2 2 2 2 2 2 2 2 2 2 2 2 2 2 2 2 2 2 2 3 2 2 2 2 2 2 2 2 2 2 2 2 2 2 2 2 2 3 2 2 2 2 3 3 3 3 2 3 2 2 2 3 2 3 3 2 2 2 3 3 3 3 3 3 3 3 3 3 3 3 3 3 3 3 3 3 3 3 3 3 3 3 3 3 3 3 3 3 3 3 3 3 3 3 3 3 3 3 3 3 3 3 3 3 3 3 3 2 3 2 3 3 3 2 3 3 2 2 2 2 3 3 2 2 3 2 3 2 2 3 2 2 2 2 3 3 2 3 3 2 2 3 2 3 2 2 3 2 3 3 2 3 3 3 2 2 2 2 2 2 2 2 2 2 2 2 2 2 2 2 2 2 2 2 2 3 3 2 3 3 3 2 3 2 2 2 2 3 2 2 2 2 2 2 2 2 2 3 2 2 2 2 2 2 2 2 2 2 2 2 2 2 2 2 2 2 2 2 3 2 2 3 2 2 2 2 2 3 3 3 3 3 3 3 3 2 3 3 3 3 3 3 3 3 3 3 3 3 2 3 3 3 2 3 2 3 2 2 2 3 3 3 3 3 3 3 3 3 3 3 3 3 3 3 2 3 3 3 3 0 3 3 3 3 3 3 3 0 3
817,SIPP_2^3,"249,3,0","57,235,0",1,3396.6810419999933,10037,5.02349,198.60716,39.26991,78.53982,5 6 6 6 6 6 6 6 6 6 6 6 6 6 6 6 6 6 6 6 6 6 6 5 -0.213 5 5 4 4 4 5 4 5 4 4 4 5 5 5 5 5 5 5 5 5 5 5 4 5 4 5 5 5 5 5 5 5 5 5 4 4 4 4 4 4 4 4 4 4 4 4 4 4 4 4 4 4 4 4 4 4 4 4 4 4 4 4 4 4 4 4 5 4 4 4 4 4 4 4 4 4 4 4 4 4 4 4 4 4 4 4 5 5 5 5 5 5 4 4 4 5 4 4 5 4 4 5 5 5 5 5 5 4 4 5 5 5 5 5 5 5 4 5 5 5 5 5 5 5 5 5 5 5 5 5 5 5 5 5 5 5 5 5 5 6 6 6 6 6 6 5 5 5 5 5 5 5 5 5 5 5 5 5 5 5 5 5 6 6 6 5 5 5 5 5 5 5 5 5 5 5 5 5 5 5 5 5 5 4 4 4 5 4 4 4 4 4 4 5 5 5 5 5 5 5 5 4 4 4 5 5 5 4 4 5 5 5 5 4 4 5 5 4 5 4 5 5 5 5 5 5 5 5 5 5 5 5 5 5 6 6 6 6 6 6 6 6 6 6 6 6 6 6 6 5 5 6 5 5 6 5
817,SIPP_2^4,"249,3,0","57,235,0",1,3365.042991999999,10319,13.73405,89.91671,17.85628,35.71256,12 12 12 12 12 12 12 12 12 12 12 12 12 12 12 12 11 12 12 12 12 -0.109 11 11 9 9 9 9 9 9 9 9 10 10 10 10 9 10 10 10 10 10 10 10 10 10 9 8 8 8 8 8 8 8 8 8 8 8 8 8 8 8 8 8 8 8 8 8 8 8 8 8 8 8 8 8 8 8 8 8 8 8 8 8 8 8 8 8 8 8 8 8 8 8 8 8 8 9 9 9 9 9 9 9 9 9 9 9 9 9 -0.316 8 -2.262 8 10 10 10 10 10 10 11 11 10 10 11 12 12 12 11 -0.824 11 10 11 11 11 11 12 11 -0.709 11 11 10 10 10 10 10 10 10 10 10 10 10 9 9 9 9 10 10 11 11 10 10 10 10 10 10 10 9 9 9 9 9 9 10 10 9 10 10 10 9 9 9 9 9 9 9 9 9 9 9 9 10 10 10 10 10 10 10 10 10 11 11 11 10 10 11 10 -35.822 12 10 12 11 11 11 11 11 12 12 12 12 12 11 10
817,SIPP_2^5,"249,3,0","57,235,0",1,3353.600312999993,10576,35.29094,75.95956,14.92831,29.85662,24 24 24 24 24 24 24 24 24 24 24 24 24 24 24 24 24 24 24 23 -0.847 22 22 18 18 19 18 19 19 18 18 19 20 20 20 20 20 20 20 20 20 17 16 16 16 16 16 16 16 16 16 16 16 16 16 16 16 16 16 16 16 16 17 16 17 16 16 17 17 16 17 16 16 16 16 16 16 16 16 16 16 16 16 17 16 17 17 16 17 17 17 17 16 16 16 -0.141 18 18 19 19 19 19 19 19 19 19 19 19 20 20 20 20 20 20 20 20 20 20 20 20 20 20 20 23 23 23 23 22 22 22 22 22 22 21 21 21 21 21 20 20 18 18 18 18 19 19 19 19 19 19 19 20 20 20 20 24 24 24 24 24 24 23 23 28 28 28 18 18 18 18 20 21 23 23 20 20
817,SIPP_BigCS,"249,3,3","57,235,11",0,-1,38221,180.19016,0.0,0.0,0.0,
817,SIPP_Standard,"249,3,3","57,235,11",1,3370.8323530000002,50469,111.73047,82.48339,15.5686,1.7394,3 3 11 -2.478 31 39 20 31 55 83 0 0 0 0 20 39 0 20 51 70 31 55 59 -4.564 59 -0.423 67 51 70 55 67 51 70 51 78 83 20 51 70 55 67 -33.367 55 91 11
818,SIPP_2^2,"25,183,0","246,7,0",0,-1,0,0.0,0.0,0.0,0.0,
818,SIPP_2^3,"25,183,0","246,7,0",0,-1,0,0.0,0.0,0.0,0.0,
818,SIPP_2^4,"25,183,0","246,7,0",0,-1,0,0.0,0.0,0.0,0.0,
818,SIPP_2^5,"25,183,0","246,7,0",0,-1,0,0.0,0.0,0.0,0.0,
818,SIPP_BigCS,"25,183,0","246,7,0",0,-1,0,0.0,0.0,0.0,0.0,
818,SIPP_Standard,"25,183,8","246,7,15",0,-1,83539,180.00037,0.0,0.0,0.0,
819,SIPP_2^2,"134,18,0","251,252,0",0,-1,0,0.0,0.0,0.0,0.0,
819,SIPP_2^3,"134,18,0","251,252,0",0,-1,0,0.0,0.0,0.0,0.0,
819,SIPP_2^4,"134,18,0","251,252,0",0,-1,0,0.0,0.0,0.0,0.0,
819,SIPP_2^5,"134,18,0","251,252,0",0,-1,0,0.0,0.0,0.0,0.0,
819,SIPP_BigCS,"134,18,0","251,252,0",0,-1,0,0.0,0.0,0.0,0.0,
819,SIPP_Standard,"134,18,6","251,252,15",0,-1,0,4e-05,0.0,0.0,0.0,
820,SIPP_2^2,"37,183,0","254,0,0",0,-1,0,0.0,0.0,0.0,0.0,
820,SIPP_2^3,"37,183,0","254,0,0",0,-1,0,0.0,0.0,0.0,0.0,
820,SIPP_2^4,"37,183,0","254,0,0",0,-1,0,0.0,0.0,0.0,0.0,
820,SIPP_2^5,"37,183,0","254,0,0",0,-1,0,0.0,0.0,0.0,0.0,
820,SIPP_BigCS,"37,183,0","254,0,0",0,-1,0,0.0,0.0,0.0,0.0,
820,SIPP_Standard,"37,183,14","254,0,1",0,-1,78902,180.00022,0.0,0.0,0.0,
821,SIPP_2^2,"17,190,0","244,15,0",0,-1,0,0.0,0.0,0.0,0.0,
821,SIPP_2^3,"17,190,0","244,15,0",0,-1,0,0.0,0.0,0.0,0.0,
821,SIPP_2^4,"17,190,0","244,15,0",0,-1,0,0.0,0.0,0.0,0.0,
821,SIPP_2^5,"17,190,0","244,15,0",0,-1,0,0.0,0.0,0.0,0.0,
821,SIPP_BigCS,"17,190,0","244,15,0",0,-1,0,0.0,0.0,0.0,0.0,
821,SIPP_Standard,"17,190,14","244,15,7",0,-1,0,4e-05,0.0,0.0,0.0,
822,SIPP_2^2,"221,19,0","25,250,0",1,4423.327556,51441,13.42275,742.46212,164.93361,329.86723,-144.169 2 2 -3.394 2 -5.553 2 -0.151 2 -0.060 2 2 3 2 3 3 3 3 3 3 3 3 3 2 2 2 3 3 3 3 3 3 3 3 3 3 2 2 2 2 2 2 2 2 3 2 2 2 2 2 2 2 2 2 2 2 2 2 2 2 2 2 2 2 2 2 2 2 2 2 2 2 2 2 2 2 2 2 2 2 2 2 2 2 2 2 2 2 2 2 2 2 2 2 2 2 3 2 2 2 2 2 2 2 2 2 2 2 2 2 2 2 2 2 2 2 2 2 2 2 2 2 2 2 2 2 3 3 2 3 3 3 3 3 2 3 3 3 3 2 3 3 2 3 3 3 2 2 3 3 3 2 3 3 3 2 3 2 3 3 3 3 2 3 2 2 3 2 3 2 2 2 2 2 2 3 3 3 2 3 3 2 3 2 3 3 3 3 3 3 3 2 3 3 3 3 3 2 3 3 2 3 3 2 3 3 2 3 2 2 2 3 3 2 3 3 3 2 3 3 3 2 3 2 2 2 2 2 3 3 3 2 2 3 2 2 3 3 3 2 2 2 2 2 2 2 2 2 2 3 3 2 2 2 3 3 3 3 3 3 3 3 3 2 3 3 3 2 2 3 3 2 2 3 2 2 2 2 2 2 2 2 2 2 2 2 2 2 2 2 2 2 2 2 2 2 2 2 2 2 2 3 2 3 3 2 3 2 3 3 3 3 3 3 2 2 2 2 2 2 2 2 2 2 2 3 2 3 3 3 3 3 3 3 3 3 3 3 3 2 3 3 3 3 3 3 3 3 3 2 3 3 2 3 3 3 3 3 3 3 3 3 3 3 3 3 3 3 3 3 3 3 3 3 3 3 3 3 3 3 3 3 3 3 3 3 3 3 3 3 3 3 3 3 3 3 3 3 3 2 2 2 2 2 3 2 3 2 2 3 2 2 2 3 2 2 2 2 2 2 2 2 2 2 3 2 2 2 2 2 2 3
822,SIPP_2^3,"221,19,0","25,250,0",1,3492.1389630000003,14842,7.34861,213.32775,41.62611,83.25221,5 5 5 5 5 5 5 4 5 4 5 5 5 4 4 4 5 5 6 6 6 6 6 6 5 5 4 4 4 4 4 4 4 4 4 4 4 4 4 4 4 4 4 4 5 4 5 4 4 5 5 5 5 5 5 4 4 4 4 4 -21.798 4 -10.025 4 4 4 4 4 4 4 4 4 4 4 4 4 4 4 4 4 3 4 4 4 4 4 4 4 3 3 3 5 5 5 5 5 5 5 5 5 5 5 5 5 5 5 5 5 5 5 5 5 5 5 5 5 5 5 5 5 5 5 5 5 5 5 5 5 5 5 5 5 5 5 5 5 5 5 5 5 5 5 5 5 5 5 5 5 5 5 5 5 5 5 5 5 5 5 5 5 5 5 5 5 5 5 5 4 4 4 5 5 5 5 5 5 4 4 5 4 4 4 5 4 4 5 5 5 5 5 5 5 4 5 5 5 5 5 5 5 5 5 5 5 -1.276 5 5 6 6 6 6 6 6 6 5 5 5 5 6 6 5 5 6 6 5 5 6 6 6 6 6 6 6 6 6 5 6 6 6 6 6 6 5 5 5 5 5 5 6 5 5 5 5 5 5 5 5 5 5 6 6 6 6 6 6 6 6 6 6 6 5 5 5 6 5 5 -2.109 4 -9.950 4 -0.034 2 -0.032 4 -0.033 2
822,SIPP_2^4,"221,19,0","25,250,0",1,3389.1236609999964,9895,12.90825,89.68889,17.71438,35.42876,10 10 9 9 9 10 10 10 9 9 10 10 10 12 12 12 12 12 12 10 10 8 8 8 8 8 8 8 8 8 8 8 8 8 8 8 8 9 9 9 9 9 9 9 9 8 -14.908 8 -30.049 8 -10.025 8 8 8 8 8 8 8 8 8 8 7 8 8 8 8 8 8 8 8 8 8 8 8 8 6 6 6 9 10 10 10 10 10 10 10 10 10 10 10 10 10 10 10 10 10 10 10 10 10 10 10 10 10 10 10 10 10 10 10 10 10 10 10 10 10 10 10 10 10 10 10 10 10 10 10 10 10 10 10 10 10 10 10 10 10 10 10 10 10 10 10 10 10 10 10 10 10 10 10 10 10 9 9 9 9 10 10 10 10 10 10 10 9 9 9 10 9 10 10 9 9 10 9 10 10 10 10 10 10 11 11 11 11 11 11 11 11 11 11 11 11 11 11 12 12 -0.386 13 14 14 12 11 11 11 10 11 10 10 11 12 11 11 11 11 11 11 11 10 10 9 10 9 10
822,SIPP_2^5,"221,19,0","25,250,0",1,3383.32199099999,9809,32.10152,63.75932,12.59097,25.18194,20 20 20 20 20 20 20 20 21 23 23 20 20 16 17 17 16 16 16 16 16 16 17 16 16 17 16 16 16 16 17 18 18 18 17 18 -27.116 16 -30.049 16 -10.025 16 16 16 16 16 16 16 16 16 16 16 16 16 16 16 16 16 16 16 16 16 15 15 12 12 20 20 20 20 20 20 20 20 20 20 20 20 20 20 20 20 20 20 20 20 20 20 20 20 20 20 20 20 20 20 20 20 20 20 20 20 20 20 20 20 20 20 20 20 20 20 20 20 20 20 20 20 20 20 20 20 20 20 20 20 20 20 20 20 20 20 20 20 20 20 20 20 20 19 19 19 19 20 20 19 19 19 19 19 20 20 20 20 20 20 19 20 20 20 20 22 22 21 22 22 22 21 21 22 18 18 18 20 24 24 24 24 24 24 24 24 24 24 24 24 24 24 24 24 24 23 23 23 23 23 24 24 24 20 20 19 19
822,SIPP_BigCS,"221,19,6","25,250,9",0,-1,37937,180.1458,0.0,0.0,0.0,
822,SIPP_Standard,"221,19,6","25,250,9",1,3408.762117,45611,91.70881,75.61139,13.8366,1.8696,20 31 47 15 102 96 62 94 -28.061 0 0 4 -11.701 96 78 67 31 31 31 31 31 31 31 31 31 31 31 51 62 62 62 78 59 67 55 67 47 3 7 91 7 83
823,SIPP_2^2,"228,0,0","34,225,0",0,-1,0,0.0,0.0,0.0,0.0,
823,SIPP_2^3,"228,0,0","34,225,0",0,-1,0,0.0,0.0,0.0,0.0,
823,SIPP_2^4,"228,0,0","34,225,0",0,-1,0,0.0,0.0,0.0,0.0,
823,SIPP_2^5,"228,0,0","34,225,0",0,-1,0,0.0,0.0,0.0,0.0,
823,SIPP_BigCS,"228,0,0","34,225,0",0,-1,0,0.0,0.0,0.0,0.0,
823,SIPP_Standard,"228,0,0","34,225,5",0,-1,0,3e-05,0.0,0.0,0.0,
824,SIPP_2^2,"7,255,0","175,27,0",0,-1,0,0.0,0.0,0.0,0.0,
824,SIPP_2^3,"7,255,0","175,27,0",0,-1,0,0.0,0.0,0.0,0.0,
824,SIPP_2^4,"7,255,0","175,27,0",0,-1,0,0.0,0.0,0.0,0.0,
824,SIPP_2^5,"7,255,0","175,27,0",0,-1,0,0.0,0.0,0.0,0.0,
824,SIPP_BigCS,"7,255,0","175,27,0",0,-1,0,0.0,0.0,0.0,0.0,
824,SIPP_Standard,"7,255,7","175,27,9",0,-1,0,3e-05,0.0,0.0,0.0,
825,SIPP_2^2,"17,225,0","203,9,0",0,-1,0,0.0,0.0,0.0,0.0,
825,SIPP_2^3,"17,225,0","203,9,0",0,-1,0,0.0,0.0,0.0,0.0,
825,SIPP_2^4,"17,225,0","203,9,0",0,-1,0,0.0,0.0,0.0,0.0,
825,SIPP_2^5,"17,225,0","203,9,0",0,-1,0,0.0,0.0,0.0,0.0,
825,SIPP_BigCS,"17,225,0","203,9,0",0,-1,0,0.0,0.0,0.0,0.0,
825,SIPP_Standard,"17,225,10","203,9,7",0,-1,81042,180.00098,0.0,0.0,0.0,
826,SIPP_2^2,"250,254,0","61,26,0",0,-1,0,0.0,0.0,0.0,0.0,
826,SIPP_2^3,"250,254,0","61,26,0",0,-1,0,0.0,0.0,0.0,0.0,
826,SIPP_2^4,"250,254,0","61,26,0",0,-1,0,0.0,0.0,0.0,0.0,
826,SIPP_2^5,"250,254,0","61,26,0",0,-1,0,0.0,0.0,0.0,0.0,
826,SIPP_BigCS,"250,254,0","61,26,0",0,-1,0,0.0,0.0,0.0,0.0,
826,SIPP_Standard,"250,254,14","61,26,6",0,-1,0,2e-05,0.0,0.0,0.0,
827,SIPP_2^2,"29,247,0","255,35,0",0,-1,0,0.0,0.0,0.0,0.0,
827,SIPP_2^3,"29,247,0","255,35,0",0,-1,0,0.0,0.0,0.0,0.0,
827,SIPP_2^4,"29,247,0","255,35,0",0,-1,0,0.0,0.0,0.0,0.0,
827,SIPP_2^5,"29,247,0","255,35,0",0,-1,0,0.0,0.0,0.0,0.0,
827,SIPP_BigCS,"29,247,0","255,35,0",0,-1,0,0.0,0.0,0.0,0.0,
827,SIPP_Standard,"29,247,2","255,35,12",0,-1,80803,180.00175,0.0,0.0,0.0,
828,SIPP_2^2,"241,5,0","23,187,0",1,4186.983556,49135,13.04901,586.89863,130.3761,260.75219,3 3 3 3 3 3 3 3 3 3 3 3 3 3 3 3 3 3 3 3 3 3 3 3 3 3 3 2 3 -49.597 2 2 -1.519 2 2 2 2 2 2 2 2 2 2 2 2 2 2 2 2 2 2 3 2 2 2 3 2 3 3 3 3 3 2 3 2 3 2 3 3 2 2 3 2 2 3 2 2 2 2 2 2 2 2 2 2 2 2 2 2 2 2 2 2 2 2 2 2 2 2 2 2 2 2 2 2 2 2 2 2 2 2 2 2 2 2 2 2 2 2 2 2 2 2 2 2 2 2 2 2 2 2 2 2 2 2 2 2 2 2 2 2 2 2 2 2 2 2 2 2 2 2 2 2 2 2 2 2 2 2 2 2 2 2 2 2 2 2 2 2 3 2 3 2 2 2 2 3 3 3 3 3 3 3 3 3 2 2 3 2 2 3 2 2 3 2 2 3 3 2 3 3 3 3 3 3 2 3 2 3 3 3 2 2 3 2 3 3 2 2 2 2 3 3 2 3 2 3 2 3 3 2 3 3 3 3 3 3 3 3 3 3 3 2 2 3 3 2 3 3 3 3 3 3 2 3 3 3 3 3 3 3 2 2 2 2 2 2 3 3 3 3 3 3 3 3 3 3 3 3 3 3 3 2 3 3 3 3 3 3 3 2 3 3 3 3 3 3 3 3 3 3 3 3 2 2 2 2 2 2 3 3 3 3 3 3 3 3 3 3 3 3 3 3 3 3 3 3 3 3 3 3 3 3 3 3 3 3 3 2 3 3 2 2 3 3 2 3 2 3 2 2 -104.259 3 -7.587 3 -5.593 2 3 3 3 -3.187 3 -1.170 3 3 -0.970 3 -10.682 3 -1.048 3 -1.369 3 3 3 3 3 3 3 3 3 3 3 3 3 3 3 3 3 3 3 3 3 3 3 3 3 3 3 3 3 3 3 3 3 3 2 3 2 3 2
828,SIPP_2^3,"241,5,0","23,187,0",1,3511.8006370000003,21400,10.71918,272.29997,53.40708,106.81415,6 6 6 6 6 6 6 6 6 6 6 6 6 6 6 6 5 5 4 4 4 4 5 5 4 4 4 5 4 4 4 4 4 4 5 5 5 5 5 5 5 5 -2.104 5 5 5 6 6 5 5 5 6 6 5 5 4 4 4 4 4 4 4 4 4 4 4 4 4 4 4 4 4 4 4 4 4 4 4 4 4 4 4 4 4 4 4 4 4 4 4 4 4 4 4 4 4 4 4 4 4 4 4 4 4 4 4 4 4 4 4 4 4 4 4 4 4 4 4 5 4 5 5 5 4 4 5 4 5 5 5 5 5 5 4 5 6 6 -0.089 6 -0.062 6 5 -1.054 5 -2.621 5 5 5 5 6 5 5 5 6 6 6 6 6 5 6 5 6 5 6 6 6 6 6 6 6 6 6 6 6 6 6 6 6 6 6 6 6 6 6 6 6 6 6 6 6 6 6 6 6 5 5 5 5 5 6 5 5 6 6 6 6 6 6 6 6 6 5 6 5 5 5 6 5 5 5 5 5 5 6 5 6 6 6 6 6 6 6 6 6 6 6 6 6 6 6 6 6 6 6 6 6 6 6 6 6 6 6 6 6 6 6 6 6 6 6 5 5 5 6 6 5 5 5 6 6 6 6 5 5 5 5 5 -27.698 4 -3.945 6 -2.111 5 -0.040 5 4 4 4 4 4 4 5 5 5 5 4 -2.050 6 -1.893 5 5 6 6 5 5 6 5 5 6 5 5 5 5 5 5 -1.365 4 -3.309 6 6 -2.382 6
828,SIPP_2^4,"241,5,0","23,187,0",1,3273.578471999993,10128,12.52761,80.74952,16.13366,32.26731,12 12 12 12 12 12 12 12 12 12 12 12 12 12 12 12 10 10 8 8 8 8 8 8 8 8 8 8 8 8 8 8 8 8 8 8 8 8 8 9 9 9 8 8 8 8 8 8 8 8 8 8 8 8 8 8 8 8 8 8 8 8 8 8 8 8 8 8 9 9 9 9 9 9 8 9 8 10 10 11 12 12 12 12 10 10 9 9 9 9 9 9 9 9 9 9 9 9 9 10 10 11 12 12 12 12 12 12 12 12 12 12 12 12 14 12 12 12 12 12 12 12 12 12 12 12 12 12 12 12 12 12 12 12 12 12 12 12 12 12 11 11 11 11 11 11 11 11 11 12 12 12 12 12 12 12 11 11 12 12 12 12 12 12 12 12 11 12 12 11 9 10 10 10 10 10 10 10 10 11 11 11 11 11 11 11 10 10 10 10 10 10 10 10 12 12 12 11 11 11 11 11 11 11 11 10 10 10 10 10 10 10 10 10 10 10 10 10 10 10 10 10 10 10 10 10 10 10 10 10 10 10 10 10 10 10 10
828,SIPP_2^5,"241,5,0","23,187,0",1,3245.4190589999957,9265,28.00787,74.1854,14.7906,29.5812,24 24 24 24 24 24 24 24 24 24 24 24 24 24 24 24 20 20 16 16 16 16 16 16 16 17 16 17 16 16 17 16 16 16 16 16 16 16 16 16 16 16 16 16 16 16 16 16 16 16 16 16 16 17 17 17 17 17 17 16 17 16 16 16 16 16 16 20 20 24 24 24 23 20 20 18 18 18 18 18 18 18 18 18 18 18 18 18 20 20 24 24 24 24 24 24 24 24 24 23 24 25 24 24 24 24 24 24 24 24 24 24 24 24 23 24 23 24 23 24 23 23 23 23 23 23 23 24 24 24 24 23 23 24 24 24 24 24 24 24 24 24 23 20 20 20 20 20 20 20 20 20 20 20 20 20 21 21 21 21 21 21 23 23 23 22 22 22 22 22 20 20 20 20 20 20 20 20 20 20 20 20 20 20 20 20 20 20 20 20 20 20 20 20 20 20 20 20 20 20 20 20
828,SIPP_BigCS,"241,5,15","23,187,8",0,-1,43690,180.26096,0.0,0.0,0.0,
828,SIPP_Standard,"241,5,15","23,187,8",1,3405.3539220000002,77295,157.98403,78.02879,14.727,1.7955,3 3 15 94 16 -14.555 78 67 39 0 0 0 0 0 16 94 0 20 -2.799 31 31 55 91 3 7 59 91 3 7 91 7 91 3 3 3 7 59 83 20 55 67 31 43
829,SIPP_2^2,"115,11,0","255,254,0",0,-1,0,0.0,0.0,0.0,0.0,
829,SIPP_2^3,"115,11,0","255,254,0",0,-1,0,0.0,0.0,0.0,0.0,
829,SIPP_2^4,"115,11,0","255,254,0",0,-1,0,0.0,0.0,0.0,0.0,
829,SIPP_2^5,"115,11,0","255,254,0",0,-1,0,0.0,0.0,0.0,0.0,
829,SIPP_BigCS,"115,11,0","255,254,0",0,-1,0,0.0,0.0,0.0,0.0,
829,SIPP_Standard,"115,11,5","255,254,9",0,-1,83341,180.00019,0.0,0.0,0.0,
830,SIPP_2^2,"19,53,0","242,253,0",0,-1,0,0.0,0.0,0.0,0.0,
830,SIPP_2^3,"19,53,0","242,253,0",0,-1,0,0.0,0.0,0.0,0.0,
830,SIPP_2^4,"19,53,0","242,253,0",0,-1,0,0.0,0.0,0.0,0.0,
830,SIPP_2^5,"19,53,0","242,253,0",0,-1,0,0.0,0.0,0.0,0.0,
830,SIPP_BigCS,"19,53,0","242,253,0",0,-1,0,0.0,0.0,0.0,0.0,
830,SIPP_Standard,"19,53,1","242,253,10",0,-1,75657,180.0022,0.0,0.0,0.0,
