task_id,alg,start,goal,success,cost,steps,time_sec,curvature,heading_change,bending_energy,path
1,SIPP_2^2,"136,192,0","134,195,0",0,-1,0,0.0,0.0,0.0,0.0,
1,SIPP_2^3,"136,192,0","134,195,0",0,-1,0,0.0,0.0,0.0,0.0,
1,SIPP_2^4,"136,192,0","134,195,0",0,-1,0,0.0,0.0,0.0,0.0,
1,SIPP_2^5,"136,192,0","134,195,0",0,-1,0,0.0,0.0,0.0,0.0,
1,SIPP_BigCS,"136,192,0","134,195,0",0,-1,0,0.0,0.0,0.0,0.0,
1,SIPP_Standard,"136,192,3","134,195,6",0,-1,0,0.00011,0.0,0.0,0.0,
2,SIPP_2^2,"124,211,0","122,209,0",1,40.614577,5,0.00198,21.2132,4.71239,9.42478,-0.615 3 0 3 0
2,SIPP_2^3,"124,211,0","122,209,0",1,34.715297,4,0.00273,0.0,0.0,0.0,-3.695 7 -2.736 7
2,SIPP_2^4,"124,211,0","122,209,0",1,32.840464999999995,3,0.00593,5.60705,1.10715,2.2143,-0.480 13 0
2,SIPP_2^5,"124,211,0","122,209,0",1,32.840464999999995,3,0.01545,5.60705,1.10715,2.2143,-0.480 26 0
2,SIPP_BigCS,"124,211,4","122,209,13",1,33.240289000000004,6,0.18559,3.15309,0.6405,0.1703,-4.240 325
2,SIPP_Standard,"124,211,4","122,209,13",1,554.262113,1298,4.41123,26.1487,5.0274,0.8281,-0.051 68 -4.390 41 -7.806 87 24 -28.015 107 30
3,SIPP_2^2,"136,199,0","135,202,0",1,40.0,4,0.00156,14.14214,3.14159,6.28319,2 2 3 2
3,SIPP_2^3,"136,199,0","135,202,0",1,34.142136,3,0.00201,3.82683,0.7854,1.5708,4 4 5
3,SIPP_2^4,"136,199,0","135,202,0",1,32.36068,2,0.00285,2.29753,0.46365,0.9273,8 9
3,SIPP_2^5,"136,199,0","135,202,0",1,31.622777,1,0.00302,0.0,0.0,0.0,17
3,SIPP_BigCS,"136,199,3","135,202,13",1,33.0,3,0.07485,3.85319,0.7822,0.2486,72
3,SIPP_Standard,"136,199,3","135,202,13",1,609.926127,1340,5.02416,35.79219,6.8806,1.0888,110 40 78 107 -7.582 46 26 -11.344 89
4,SIPP_2^2,"111,160,0","111,158,0",0,-1,0,0.0,0.0,0.0,0.0,
4,SIPP_2^3,"111,160,0","111,158,0",0,-1,0,0.0,0.0,0.0,0.0,
4,SIPP_2^4,"111,160,0","111,158,0",0,-1,0,0.0,0.0,0.0,0.0,
4,SIPP_2^5,"111,160,0","111,158,0",0,-1,0,0.0,0.0,0.0,0.0,
4,SIPP_BigCS,"111,160,0","111,158,0",0,-1,0,0.0,0.0,0.0,0.0,
4,SIPP_Standard,"111,160,1","111,158,11",0,-1,0,0.00012,0.0,0.0,0.0,
5,SIPP_2^2,"179,147,0","177,148,0",0,-1,0,0.0,0.0,0.0,0.0,
5,SIPP_2^3,"179,147,0","177,148,0",0,-1,0,0.0,0.0,0.0,0.0,
5,SIPP_2^4,"179,147,0","177,148,0",0,-1,0,0.0,0.0,0.0,0.0,
5,SIPP_2^5,"179,147,0","177,148,0",0,-1,0,0.0,0.0,0.0,0.0,
5,SIPP_BigCS,"179,147,0","177,148,0",0,-1,0,0.0,0.0,0.0,0.0,
5,SIPP_Standard,"179,147,13","177,148,0",0,-1,0,4e-05,0.0,0.0,0.0,
6,SIPP_2^2,"93,219,0","92,217,0",0,-1,0,0.0,0.0,0.0,0.0,
6,SIPP_2^3,"93,219,0","92,217,0",0,-1,0,0.0,0.0,0.0,0.0,
6,SIPP_2^4,"93,219,0","92,217,0",0,-1,0,0.0,0.0,0.0,0.0,
6,SIPP_2^5,"93,219,0","92,217,0",0,-1,0,0.0,0.0,0.0,0.0,
6,SIPP_BigCS,"93,219,0","92,217,0",0,-1,0,0.0,0.0,0.0,0.0,
6,SIPP_Standard,"93,219,9","92,217,8",0,-1,0,3e-05,0.0,0.0,0.0,
7,SIPP_2^2,"177,179,0","175,180,0",0,-1,0,0.0,0.0,0.0,0.0,
7,SIPP_2^3,"177,179,0","175,180,0",0,-1,0,0.0,0.0,0.0,0.0,
7,SIPP_2^4,"177,179,0","175,180,0",0,-1,0,0.0,0.0,0.0,0.0,
7,SIPP_2^5,"177,179,0","175,180,0",0,-1,0,0.0,0.0,0.0,0.0,
7,SIPP_BigCS,"177,179,0","175,180,0",0,-1,0,0.0,0.0,0.0,0.0,
7,SIPP_Standard,"177,179,9","175,180,4",0,-1,55182,180.00096,0.0,0.0,0.0,
8,SIPP_2^2,"74,174,0","73,175,0",1,183.375136,55,0.02301,14.14214,6.28319,12.56637,1 1 1 1 1 -63.375 3 3 3 3 3 2 3
8,SIPP_2^3,"74,174,0","73,175,0",1,177.517272,67,0.04642,3.82683,3.92699,7.85398,2 2 2 2 2 -63.375 6 6 6 6 6 5
8,SIPP_2^4,"74,174,0","73,175,0",1,175.735816,69,0.11402,2.29753,3.60524,7.21048,4 4 4 4 4 -63.375 12 12 12 12 11
8,SIPP_2^5,"74,174,0","73,175,0",1,174.99791299999998,68,0.24774,1.60182,3.46334,6.92669,8 8 8 8 8 -63.375 24 24 24 23
8,SIPP_BigCS,"74,174,0","73,175,2",1,478.87259199999994,1104,5.53914,26.87431,5.3046,1.4894,255 100 100 176 351 -4.984 165 -7.371 330 7 7 -0.729 43 -7.789 309
8,SIPP_Standard,"74,174,0","73,175,2",1,1148.2600289999998,2965,7.39438,54.21703,10.134,1.6643,72 63 111 45 1 13 108 34 75 -26.587 86 11 -6.950 43 -19.723 61
9,SIPP_2^2,"215,175,0","217,175,0",1,20.0,2,0.00113,0.0,0.0,0.0,1 1
9,SIPP_2^3,"215,175,0","217,175,0",1,20.0,2,0.0015,0.0,0.0,0.0,2 2
9,SIPP_2^4,"215,175,0","217,175,0",1,20.0,2,0.00381,0.0,0.0,0.0,4 4
9,SIPP_2^5,"215,175,0","217,175,0",1,20.0,2,0.01223,0.0,0.0,0.0,8 8
9,SIPP_BigCS,"215,175,3","217,175,1",1,20.0,2,0.22794,0.0,0.0,0.0,5 5
9,SIPP_Standard,"215,175,3","217,175,1",1,498.0,2072,8.20854,31.36482,6.0448,1.0356,33 74 109 35 80 17
10,SIPP_2^2,"173,109,0","172,107,0",0,-1,0,0.0,0.0,0.0,0.0,
10,SIPP_2^3,"173,109,0","172,107,0",0,-1,0,0.0,0.0,0.0,0.0,
10,SIPP_2^4,"173,109,0","172,107,0",0,-1,0,0.0,0.0,0.0,0.0,
10,SIPP_2^5,"173,109,0","172,107,0",0,-1,0,0.0,0.0,0.0,0.0,
10,SIPP_BigCS,"173,109,0","172,107,0",0,-1,0,0.0,0.0,0.0,0.0,
10,SIPP_Standard,"173,109,7","172,107,8",0,-1,0,0.00012,0.0,0.0,0.0,
11,SIPP_2^2,"211,167,0","209,171,0",1,60.0,9,0.00382,28.28427,6.28319,12.56637,2 2 3 2 3 2
11,SIPP_2^3,"211,167,0","209,171,0",1,48.284272,6,0.00463,7.76595,1.5708,3.14159,5 4 4 5
11,SIPP_2^4,"211,167,0","209,171,0",1,44.72136,2,0.00471,0.0,0.0,0.0,9 9
11,SIPP_2^5,"211,167,0","209,171,0",1,44.72136,2,0.01277,0.0,0.0,0.0,18 18
11,SIPP_BigCS,"211,167,11","209,171,15",1,44.0,2,0.27258,0.27536,0.0,0.0,206 206
11,SIPP_Standard,"211,167,11","209,171,15",1,422.0,942,4.36718,28.27657,5.4903,0.9074,38 15 110 32 81
12,SIPP_2^2,"61,108,0","64,103,0",1,80.0,19,0.00854,21.2132,4.71239,9.42478,0 0 0 1 1 0 0 1
12,SIPP_2^3,"61,108,0","64,103,0",1,62.426408,9,0.00787,7.76595,1.5708,3.14159,1 0 0 1 1
12,SIPP_2^4,"61,108,0","64,103,0",1,58.863496,5,0.01265,1.61623,0.32175,0.6435,1 1 2
12,SIPP_2^5,"61,108,0","64,103,0",1,58.41619299999999,3,0.01907,0.62191,0.12435,0.24871,2 3
12,SIPP_BigCS,"61,108,0","64,103,13",1,61.0,8,0.18376,3.92094,0.7823,0.2502,101 101 161
12,SIPP_Standard,"61,108,0","64,103,13",1,548.775517,574,3.24579,22.06361,4.2431,0.5855,-39.419 64 -2.322 36 -7.035 13 108 38 3
13,SIPP_2^2,"107,23,0","111,17,0",1,518.962632,1120,0.55519,70.71068,15.70796,31.41593,1 2 2 2 1 1 1 1 1 1 1 1 1 1 1 0 -181.023 0 -10.352 3 -7.587 0 3 3 0 3 3 3 3 0 0 0 0 0 3
13,SIPP_2^3,"107,23,0","111,17,0",1,479.2671579999999,1096,0.90506,32.85765,6.28319,12.56637,3 3 3 2 2 2 2 2 2 2 1 2 -204.454 0 -10.352 6 -8.897 7 7 7 7 7 7 7
13,SIPP_2^4,"107,23,0","111,17,0",1,479.2671579999999,1136,2.42659,31.9897,5.63968,11.27937,6 6 6 4 4 4 3 4 4 4 4 -4.635 2 -187.458 12 -10.352 12 -8.897 14 14 14 14 14 14 14
13,SIPP_2^5,"107,23,0","111,17,0",1,478.20534199999986,1134,5.97502,17.993,4.17989,8.35977,12 12 12 8 8 8 8 8 7 8 8 -213.248 27 28 28 28 28 28 28
13,SIPP_BigCS,"107,23,14","111,17,15",1,477.00001,10846,81.83864,19.66604,3.7837,1.1283,100 100 100 124 207 207 343 329 70 -75.000 221 102 102 102 102
13,SIPP_Standard,"107,23,14","111,17,15",1,577.4319439999999,1258,5.04761,34.86915,6.7466,1.193,15 110 -29.954 32 73 -42.478 108 42
14,SIPP_2^2,"87,72,0","94,71,0",1,187.017907,166,0.07271,35.35534,7.85398,15.70796,1 1 2 1 2 2 1 1 1 -2.250 1 -3.238 0 -21.476 0 -20.041 0 -0.012 0
14,SIPP_2^3,"87,72,0","94,71,0",1,187.017907,208,0.16775,15.93057,3.14159,6.28319,2 2 3 3 3 -7.041 2 -12.782 2 -3.238 0 -21.476 0 -20.041 0 -0.012 0
14,SIPP_2^4,"87,72,0","94,71,0",1,187.017907,223,0.47092,16.12349,2.9997,5.99939,6 5 6 5 4 -9.245 0 -3.238 0 -21.476 0 -20.041 0 -0.012 0
14,SIPP_2^5,"87,72,0","94,71,0",1,187.017907,226,1.18096,12.08093,2.55359,5.10718,11 12 9 -10.430 0 -3.238 0 -21.476 0 -20.041 0 -0.012 0
14,SIPP_BigCS,"87,72,2","94,71,10",1,186.903693,811,6.67059,19.76682,3.9236,1.1782,163 68 343 -0.904 233
14,SIPP_Standard,"87,72,2","94,71,10",1,497.0,1121,5.63182,28.95122,5.6129,0.8728,44 8 32 81 10 38
15,SIPP_2^2,"28,179,0","33,181,0",1,70.0,12,0.00583,28.28427,6.28319,12.56637,1 1 2 1 1 2 1
15,SIPP_2^3,"28,179,0","33,181,0",1,58.284272,8,0.00705,11.59279,2.35619,4.71239,2 3 2 2 3
15,SIPP_2^4,"28,179,0","33,181,0",1,54.72136,5,0.01108,2.34065,0.46365,0.9273,5 5 4
15,SIPP_2^5,"28,179,0","33,181,0",1,53.983457,3,0.01559,0.70968,0.1419,0.28379,10 9
15,SIPP_BigCS,"28,179,12","33,181,13",1,56.0,7,0.17775,3.88837,0.7838,0.1325,184
15,SIPP_Standard,"28,179,12","33,181,13",1,1014.943573,932,3.44839,38.27231,7.4122,1.0434,-19.490 37 -87.072 14 101 -39.489 67 39 -102.552 8 36 9 -17.341 45
16,SIPP_2^2,"244,205,0","244,211,0",0,-1,0,0.0,0.0,0.0,0.0,
16,SIPP_2^3,"244,205,0","244,211,0",0,-1,0,0.0,0.0,0.0,0.0,
16,SIPP_2^4,"244,205,0","244,211,0",0,-1,0,0.0,0.0,0.0,0.0,
16,SIPP_2^5,"244,205,0","244,211,0",0,-1,0,0.0,0.0,0.0,0.0,
16,SIPP_BigCS,"244,205,0","244,211,0",0,-1,0,0.0,0.0,0.0,0.0,
16,SIPP_Standard,"244,205,5","244,211,6",0,-1,0,0.00011,0.0,0.0,0.0,
17,SIPP_2^2,"158,176,0","161,173,0",1,60.0,10,0.00527,21.2132,4.71239,9.42478,0 1 1 0 0 1
17,SIPP_2^3,"158,176,0","161,173,0",1,42.426408,3,0.00306,0.0,0.0,0.0,1 1 1
17,SIPP_2^4,"158,176,0","161,173,0",1,42.426408,3,0.00829,0.0,0.0,0.0,2 2 2
17,SIPP_2^5,"158,176,0","161,173,0",1,42.426408,3,0.02075,0.0,0.0,0.0,4 4 4
17,SIPP_BigCS,"158,176,7","161,173,4",1,42.0,3,0.14507,0.0,0.0,0.0,101 101 101
17,SIPP_Standard,"158,176,7","161,173,4",1,496.0,1805,8.12659,30.78318,5.9536,0.9693,54 106 45 25 104 43
18,SIPP_2^2,"143,24,0","150,22,0",0,-1,0,0.0,0.0,0.0,0.0,
18,SIPP_2^3,"143,24,0","150,22,0",0,-1,0,0.0,0.0,0.0,0.0,
18,SIPP_2^4,"143,24,0","150,22,0",0,-1,0,0.0,0.0,0.0,0.0,
18,SIPP_2^5,"143,24,0","150,22,0",0,-1,0,0.0,0.0,0.0,0.0,
18,SIPP_BigCS,"143,24,0","150,22,0",0,-1,0,0.0,0.0,0.0,0.0,
18,SIPP_Standard,"143,24,10","150,22,2",0,-1,0,0.0001,0.0,0.0,0.0,
19,SIPP_2^2,"243,10,0","247,8,0",0,-1,0,0.0,0.0,0.0,0.0,
19,SIPP_2^3,"243,10,0","247,8,0",0,-1,0,0.0,0.0,0.0,0.0,
19,SIPP_2^4,"243,10,0","247,8,0",0,-1,0,0.0,0.0,0.0,0.0,
19,SIPP_2^5,"243,10,0","247,8,0",0,-1,0,0.0,0.0,0.0,0.0,
19,SIPP_BigCS,"243,10,0","247,8,0",0,-1,0,0.0,0.0,0.0,0.0,
19,SIPP_Standard,"243,10,0","247,8,15",0,-1,0,1e-05,0.0,0.0,0.0,
20,SIPP_2^2,"195,182,0","199,185,0",1,70.0,15,0.00519,28.28427,6.28319,12.56637,1 1 2 2 1 2 1
20,SIPP_2^3,"195,182,0","199,185,0",1,52.426408,6,0.00379,7.86564,1.5708,3.14159,3 3 2 3
20,SIPP_2^4,"195,182,0","199,185,0",1,50.644951999999996,5,0.00856,3.21945,0.6435,1.287,6 5 6
20,SIPP_2^5,"195,182,0","199,185,0",1,50.197649,3,0.01371,0.98576,0.1974,0.39479,11 12
20,SIPP_BigCS,"195,182,4","199,185,6",1,51.0,4,0.13605,3.29763,0.6405,0.1703,207 327
20,SIPP_Standard,"195,182,4","199,185,6",1,533.837226,1712,7.62506,25.85877,4.9628,0.7667,-35.837 90 22 41 87 20 51
21,SIPP_2^2,"53,168,0","49,160,0",0,-1,0,0.0,0.0,0.0,0.0,
21,SIPP_2^3,"53,168,0","49,160,0",0,-1,0,0.0,0.0,0.0,0.0,
21,SIPP_2^4,"53,168,0","49,160,0",0,-1,0,0.0,0.0,0.0,0.0,
21,SIPP_2^5,"53,168,0","49,160,0",0,-1,0,0.0,0.0,0.0,0.0,
21,SIPP_BigCS,"53,168,0","49,160,0",0,-1,0,0.0,0.0,0.0,0.0,
21,SIPP_Standard,"53,168,12","49,160,9",0,-1,0,0.00013,0.0,0.0,0.0,
22,SIPP_2^2,"246,115,0","248,126,0",1,236.284743,113,0.03935,35.35534,7.85398,15.70796,2 1 1 1 1 1 1 2 2 2 2 2 1 2 2 2 -2.983 2 -3.302 2 3 3 3 3 3
22,SIPP_2^3,"246,115,0","248,126,0",1,231.413162,166,0.1079,47.53417,9.42478,18.84956,2 3 2 2 3 2 4 4 4 4 4 4 3 3 -6.415 6 -3.078 5 6 6 -1.210 6 6
22,SIPP_2^4,"246,115,0","248,126,0",1,230.928997,176,0.28753,27.62633,5.45983,10.91966,4 5 4 6 6 8 8 8 7 7 -3.486 8 -2.143 10 -1.148 12 -2.284 12 12 13
22,SIPP_2^5,"246,115,0","248,126,0",1,230.928997,176,0.67284,21.50093,4.24874,8.49748,8 9 12 12 15 16 15 -5.699 16 -2.143 20 -1.148 24 -2.284 24 24 26
22,SIPP_BigCS,"246,115,15","248,126,3",1,231.469447,403,1.80703,16.0033,3.1408,0.9804,5 73 152 336 -23.469 334 7 7 7
22,SIPP_Standard,"246,115,15","248,126,3",1,766.4557859999999,867,3.07921,25.43546,4.7676,0.7907,58 106 41 87 -182.986 0 -0.470 20 51
23,SIPP_2^2,"145,142,0","150,151,0",1,140.0,60,0.02842,49.49747,10.99557,21.99115,2 2 2 2 2 2 1 2 1 1 2 1 2 1
23,SIPP_2^3,"145,142,0","150,151,0",1,110.71068,27,0.02416,23.83578,4.71239,9.42478,3 3 4 3 4 3 4 4 3
23,SIPP_2^4,"145,142,0","150,151,0",1,103.584856,9,0.02441,1.61435,0.32175,0.6435,7 7 7 7 6
23,SIPP_2^5,"145,142,0","150,151,0",1,103.137553,7,0.04781,0.62227,0.12436,0.24871,14 14 14 13
23,SIPP_BigCS,"145,142,14","150,151,15",1,105.0,14,0.37738,5.55324,1.1038,0.2689,64 180
23,SIPP_Standard,"145,142,14","150,151,15",1,525.358465,1386,5.86317,28.08576,5.3945,0.8376,16 -20.358 94 12 111 33 74
24,SIPP_2^2,"125,164,0","118,171,0",1,143.102599,70,0.02916,49.49747,10.99557,21.99115,-0.597 2 2 2 2 3 2 3 3 3 2 3 2 -2.505 3 3
24,SIPP_2^3,"125,164,0","118,171,0",1,133.102599,72,0.05639,33.28943,6.28319,12.56637,-0.597 4 5 5 5 5 4 5 4 6 -0.260 6 -1.535 0
24,SIPP_2^4,"125,164,0","118,171,0",1,133.102599,77,0.16135,14.21151,2.67795,5.35589,-0.383 9 9 9 10 10 -4.234 12 -1.584 12 -1.535 0
24,SIPP_2^5,"125,164,0","118,171,0",1,133.102599,77,0.41452,13.88363,2.67795,5.35589,-0.383 18 19 19 -5.129 24 -1.584 24 -1.535 0
24,SIPP_BigCS,"125,164,8","118,171,0",1,135.680373,251,2.15234,11.8272,2.3567,0.6837,-0.564 56 334 -1.116 75
24,SIPP_Standard,"125,164,8","118,171,0",1,485.18335699999994,993,4.39338,26.05832,5.0276,0.834,41 87 -65.506 24 -4.677 107 50
25,SIPP_2^2,"221,32,0","224,25,0",0,-1,0,0.0,0.0,0.0,0.0,
25,SIPP_2^3,"221,32,0","224,25,0",0,-1,0,0.0,0.0,0.0,0.0,
25,SIPP_2^4,"221,32,0","224,25,0",0,-1,0,0.0,0.0,0.0,0.0,
25,SIPP_2^5,"221,32,0","224,25,0",0,-1,0,0.0,0.0,0.0,0.0,
25,SIPP_BigCS,"221,32,0","224,25,0",0,-1,0,0.0,0.0,0.0,0.0,
25,SIPP_Standard,"221,32,15","224,25,12",0,-1,0,9e-05,0.0,0.0,0.0,
26,SIPP_2^2,"198,141,0","189,146,0",0,-1,0,0.0,0.0,0.0,0.0,
26,SIPP_2^3,"198,141,0","189,146,0",0,-1,0,0.0,0.0,0.0,0.0,
26,SIPP_2^4,"198,141,0","189,146,0",0,-1,0,0.0,0.0,0.0,0.0,
26,SIPP_2^5,"198,141,0","189,146,0",0,-1,0,0.0,0.0,0.0,0.0,
26,SIPP_BigCS,"198,141,0","189,146,0",0,-1,0,0.0,0.0,0.0,0.0,
26,SIPP_Standard,"198,141,8","189,146,9",0,-1,0,4e-05,0.0,0.0,0.0,
27,SIPP_2^2,"152,143,0","163,141,0",1,130.0,30,0.01286,21.2132,4.71239,9.42478,1 1 1 1 1 1 1 1 1 0 1 1 0
27,SIPP_2^3,"152,143,0","163,141,0",1,118.28427199999999,20,0.01568,11.59279,2.35619,4.71239,2 2 2 2 2 2 2 1 2 2 1
27,SIPP_2^4,"152,143,0","163,141,0",1,114.72136,17,0.03313,6.94722,1.39094,2.78189,4 4 4 4 4 3 4 4 3
27,SIPP_2^5,"152,143,0","163,141,0",1,113.245554,13,0.0605,4.82449,0.96525,1.9305,8 7 8 8 8 8 7
27,SIPP_BigCS,"152,143,15","163,141,10",1,114.0,21,0.29055,2.36385,0.463,0.0399,5 5 5 5 81
27,SIPP_Standard,"152,143,15","163,141,10",1,565.0268189999999,1484,6.32685,23.66677,4.6151,0.8288,28 28 32 -53.027 81 14 101
28,SIPP_2^2,"186,203,0","184,213,0",0,-1,0,0.0,0.0,0.0,0.0,
28,SIPP_2^3,"186,203,0","184,213,0",0,-1,0,0.0,0.0,0.0,0.0,
28,SIPP_2^4,"186,203,0","184,213,0",0,-1,0,0.0,0.0,0.0,0.0,
28,SIPP_2^5,"186,203,0","184,213,0",0,-1,0,0.0,0.0,0.0,0.0,
28,SIPP_BigCS,"186,203,0","184,213,0",0,-1,0,0.0,0.0,0.0,0.0,
28,SIPP_Standard,"186,203,4","184,213,8",0,-1,62980,180.00062,0.0,0.0,0.0,
29,SIPP_2^2,"128,121,0","136,119,0",1,100.0,21,0.0081,21.2132,4.71239,9.42478,1 1 1 1 1 1 0 1 1 0
29,SIPP_2^3,"128,121,0","136,119,0",1,88.28427199999999,14,0.00933,11.59279,2.35619,4.71239,2 2 2 1 2 2 2 1
29,SIPP_2^4,"128,121,0","136,119,0",1,84.72136,10,0.01806,6.94722,1.39094,2.78189,4 4 3 4 4 3
29,SIPP_2^5,"128,121,0","136,119,0",1,83.245554,7,0.0351,3.22267,0.6435,1.287,7 8 8 7
29,SIPP_BigCS,"128,121,14","136,119,12",1,84.0,7,1.4538,2.36385,0.463,0.0399,5 81
29,SIPP_Standard,"128,121,14","136,119,12",1,86.0,1,0.0662,4.17478,0.8457,0.1277,9
30,SIPP_2^2,"253,111,0","245,105,0",1,140.0,48,0.01652,35.35534,7.85398,15.70796,3 0 0 0 0 3 3 3 3 3 0 3 3 0
30,SIPP_2^3,"253,111,0","245,105,0",1,116.568544,26,0.01797,15.7167,3.14159,6.28319,7 0 0 7 7 6 6 6 6 7
30,SIPP_2^4,"253,111,0","245,105,0",1,113.005632,18,0.03172,10.2713,2.03444,4.06889,0 15 14 14 12 12 12 13
30,SIPP_2^5,"253,111,0","245,105,0",1,111.529826,16,0.06963,7.7946,1.5708,3.14159,31 28 28 24 24 25
30,SIPP_BigCS,"253,111,12","245,105,15",1,113.66583500000002,25,0.28196,8.17208,1.6098,0.4434,6 70 -0.666 309
30,SIPP_Standard,"253,111,12","245,105,15",1,717.20124,1268,3.70157,37.79315,7.3445,1.2556,-27.612 82 -10.325 7 107 -88.264 42 84 21 40
31,SIPP_2^2,"215,165,0","202,172,0",1,200.0,124,0.05272,21.2132,4.71239,9.42478,3 3 3 3 3 3 3 3 3 3 3 2 2 2 2 2 2 3 3 2
31,SIPP_2^3,"215,165,0","202,172,0",1,158.99495199999996,55,0.04461,19.69392,3.92699,7.85398,6 5 6 6 6 6 5 5 5 5 5 6 5
31,SIPP_2^4,"215,165,0","202,172,0",1,148.30621599999998,13,0.02824,1.60648,0.32175,0.6435,11 11 11 11 11 11 10
31,SIPP_2^5,"215,165,0","202,172,0",1,147.858913,11,0.06386,1.24415,0.24871,0.49742,22 22 22 22 21 22
31,SIPP_BigCS,"215,165,14","202,172,2",1,149.0,30,0.46684,5.81735,1.1038,0.2689,67 183 203 203
31,SIPP_Standard,"215,165,14","202,172,2",1,327.0,534,3.15831,17.93878,3.459,0.4977,44 24 107 54
32,SIPP_2^2,"104,97,0","92,106,0",1,210.0,143,0.06396,70.71068,15.70796,31.41593,3 3 3 3 3 2 2 3 2 2 3 2 3 3 3 2 2 3 2 2 3
32,SIPP_2^3,"104,97,0","92,106,0",1,157.27922399999997,42,0.03337,8.10258,1.5708,3.14159,5 5 5 5 5 5 5 5 6 6 6 5
32,SIPP_2^4,"104,97,0","92,106,0",1,151.93485599999997,27,0.05448,4.8383,0.96525,1.9305,11 11 10 10 10 10 10 11 10
32,SIPP_2^5,"104,97,0","92,106,0",1,150.59294699999998,16,0.08914,2.95967,0.59219,1.18437,21 20 21 21 20 20
32,SIPP_BigCS,"104,97,1","92,106,3",1,150.0,4,0.90249,3.43355,0.6528,0.0402,155 219
32,SIPP_Standard,"104,97,1","92,106,3",1,152.0,3,1.01752,4.97952,0.9733,0.0991,55 75
33,SIPP_2^2,"111,220,0","122,211,0",1,240.0,163,0.06347,49.49747,10.99557,21.99115,1 1 1 1 1 0 1 1 1 1 1 1 1 1 0 0 0 3 0 0 0 0 3 0
33,SIPP_2^3,"111,220,0","122,211,0",1,204.85281599999996,129,0.0939,19.91618,3.92699,7.85398,2 2 2 2 2 2 2 2 2 1 1 1 1 0 7 0 0 7
33,SIPP_2^4,"111,220,0","122,211,0",1,174.16408,76,0.13789,12.42099,2.49809,4.99618,3 4 4 3 3 3 3 0 0 15
33,SIPP_2^5,"111,220,0","122,211,0",1,171.95037100000002,73,0.32224,10.03518,1.99649,3.99298,6 7 6 6 7 0 31
33,SIPP_BigCS,"111,220,13","122,211,15",1,178.0,256,1.76615,12.09982,2.3567,0.6837,29 201 201 329 66
33,SIPP_Standard,"111,220,13","122,211,15",1,506.95830299999994,720,3.02229,21.26396,3.9833,0.634,23 54 -2.961 106 41 -1.997 63 71
34,SIPP_2^2,"82,156,0","72,150,0",0,-1,0,0.0,0.0,0.0,0.0,
34,SIPP_2^3,"82,156,0","72,150,0",0,-1,0,0.0,0.0,0.0,0.0,
34,SIPP_2^4,"82,156,0","72,150,0",0,-1,0,0.0,0.0,0.0,0.0,
34,SIPP_2^5,"82,156,0","72,150,0",0,-1,0,0.0,0.0,0.0,0.0,
34,SIPP_BigCS,"82,156,0","72,150,0",0,-1,0,0.0,0.0,0.0,0.0,
34,SIPP_Standard,"82,156,8","72,150,12",0,-1,44,0.07535,0.0,0.0,0.0,
35,SIPP_2^2,"200,148,0","192,136,0",1,280.820761,338,0.14615,77.78175,17.27876,34.55752,0 0 0 0 3 0 3 0 0 3 3 3 0 3 0 3 3 -60.821 3 0 0 0 1
35,SIPP_2^3,"200,148,0","192,136,0",1,153.13708799999998,45,0.03509,24.08225,4.71239,9.42478,7 7 7 0 7 0 7 7 7 0 0 7
35,SIPP_2^4,"200,148,0","192,136,0",1,146.01126399999998,24,0.04833,3.21786,0.6435,1.287,14 14 14 15 15 15 15 14
35,SIPP_2^5,"200,148,0","192,136,0",1,144.222052,4,0.02248,0.0,0.0,0.0,29 29 29 29
35,SIPP_BigCS,"200,148,14","192,136,7",1,144.0,8,1.77255,1.97579,0.3214,0.0144,202 202 218 102
35,SIPP_Standard,"200,148,14","192,136,7",1,158.0,15,0.12673,6.08626,1.1673,0.148,10 50
36,SIPP_2^2,"219,163,0","206,159,0",1,170.0,72,0.03261,35.35534,7.85398,15.70796,3 3 3 3 3 3 3 3 3 3 3 0 0 3 0 3 0
36,SIPP_2^3,"219,163,0","206,159,0",1,146.56854399999997,45,0.04066,11.77758,2.35619,4.71239,6 6 6 6 6 6 6 7 7 7 6 6 7
36,SIPP_2^4,"219,163,0","206,159,0",1,139.44272,26,0.06238,9.33785,1.85459,3.70918,13 12 12 12 12 13 13 12 13
36,SIPP_2^5,"219,163,0","206,159,0",1,136.491108,10,0.06206,3.23437,0.6435,1.287,25 25 25 24 25
36,SIPP_BigCS,"219,163,10","206,159,5",1,138.0,22,0.37481,4.95204,0.9691,0.1012,87 309
36,SIPP_Standard,"219,163,10","206,159,5",1,414.0,1475,7.10923,24.70193,4.7763,0.7718,104 47 23 42 76
37,SIPP_2^2,"22,142,0","12,151,0",0,-1,0,0.0,0.0,0.0,0.0,
37,SIPP_2^3,"22,142,0","12,151,0",0,-1,0,0.0,0.0,0.0,0.0,
37,SIPP_2^4,"22,142,0","12,151,0",0,-1,0,0.0,0.0,0.0,0.0,
37,SIPP_2^5,"22,142,0","12,151,0",0,-1,0,0.0,0.0,0.0,0.0,
37,SIPP_BigCS,"22,142,0","12,151,0",0,-1,0,0.0,0.0,0.0,0.0,
37,SIPP_Standard,"22,142,1","12,151,7",0,-1,0,0.00013,0.0,0.0,0.0,
38,SIPP_2^2,"203,160,0","215,159,0",1,130.0,13,0.0065,14.14214,3.14159,6.28319,1 1 1 1 1 1 1 1 1 1 1 0 1
38,SIPP_2^3,"203,160,0","215,159,0",1,124.142136,12,0.01083,3.82683,0.7854,1.5708,2 2 2 2 2 2 2 2 2 2 2 1
38,SIPP_2^4,"203,160,0","215,159,0",1,122.36068,11,0.03011,2.29753,0.46365,0.9273,4 4 4 4 4 4 4 4 4 4 3
38,SIPP_2^5,"203,160,0","215,159,0",1,121.622777,10,0.07522,1.60182,0.32175,0.6435,8 8 8 8 8 8 8 8 8 7
38,SIPP_BigCS,"203,160,9","215,159,10",1,122.0,10,0.41691,2.74653,0.5456,0.0552,5 5 5 5 13
38,SIPP_Standard,"203,160,9","215,159,10",1,609.131594,7838,25.83435,32.21274,6.2453,1.004,96 86 27 106 45 -1.891 1 -11.241 21
39,SIPP_2^2,"105,255,0","114,243,0",0,-1,0,0.0,0.0,0.0,0.0,
39,SIPP_2^3,"105,255,0","114,243,0",0,-1,0,0.0,0.0,0.0,0.0,
39,SIPP_2^4,"105,255,0","114,243,0",0,-1,0,0.0,0.0,0.0,0.0,
39,SIPP_2^5,"105,255,0","114,243,0",0,-1,0,0.0,0.0,0.0,0.0,
39,SIPP_BigCS,"105,255,0","114,243,0",0,-1,0,0.0,0.0,0.0,0.0,
39,SIPP_Standard,"105,255,0","114,243,2",0,-1,0,0.00034,0.0,0.0,0.0,
40,SIPP_2^2,"12,205,0","7,193,0",0,-1,0,0.0,0.0,0.0,0.0,
40,SIPP_2^3,"12,205,0","7,193,0",0,-1,0,0.0,0.0,0.0,0.0,
40,SIPP_2^4,"12,205,0","7,193,0",0,-1,0,0.0,0.0,0.0,0.0,
40,SIPP_2^5,"12,205,0","7,193,0",0,-1,0,0.0,0.0,0.0,0.0,
40,SIPP_BigCS,"12,205,0","7,193,0",0,-1,0,0.0,0.0,0.0,0.0,
40,SIPP_Standard,"12,205,11","7,193,0",0,-1,0,0.0001,0.0,0.0,0.0,
41,SIPP_2^2,"36,72,0","18,73,0",1,190.0,19,0.00843,7.07107,1.5708,3.14159,3 3 3 3 3 3 3 3 3 3 3 3 3 3 3 3 3 3 2
41,SIPP_2^3,"36,72,0","18,73,0",1,184.142136,18,0.015,3.82683,0.7854,1.5708,6 6 6 6 6 6 6 6 6 6 6 6 6 6 6 6 6 5
41,SIPP_2^4,"36,72,0","18,73,0",1,182.36068,17,0.03816,2.29753,0.46365,0.9273,12 12 12 12 12 12 12 12 12 12 12 12 12 12 12 12 11
41,SIPP_2^5,"36,72,0","18,73,0",1,181.62277699999999,16,0.09187,1.60182,0.32175,0.6435,24 24 24 24 24 24 24 24 24 24 24 24 24 24 24 23
41,SIPP_BigCS,"36,72,14","18,73,10",1,182.0,16,0.24547,2.74653,0.5456,0.0552,7 7 3 15
41,SIPP_Standard,"36,72,14","18,73,10",1,247.0,139,2.0255,13.23539,2.5838,0.4192,50 101 83
42,SIPP_2^2,"127,145,0","121,159,0",1,297.49732800000004,268,0.1213,56.56854,12.56637,25.13274,-0.615 2 -1.636 2 -0.394 2 2 2 2 -43.618 3 -30.765 2 -20.001 2 -0.094 2 -0.375 2 2 3 3 2 3 2 3 3 2
42,SIPP_2^3,"127,145,0","121,159,0",1,272.732209,267,0.23069,35.02602,7.06858,14.13717,-0.615 4 5 -0.732 4 4 5 -68.974 4 4 -18.403 4 -0.022 2 -0.094 4 5 5 5 -4.899 5 5
42,SIPP_2^4,"127,145,0","121,159,0",1,270.127815,264,0.58717,28.43399,5.17604,10.35207,-0.615 8 -1.636 8 -0.394 8 -0.040 9 -70.006 9 -19.596 8 -0.022 8 -0.094 4 9 10 10 11
42,SIPP_2^5,"127,145,0","121,159,0",1,269.296177,265,1.46901,19.67435,4.24874,8.49748,-0.615 16 -1.636 16 -0.394 16 16 16 16 -43.618 24 -30.765 16 -20.001 16 17 20 20 22
42,SIPP_BigCS,"127,145,13","121,159,10",1,269.856458,1144,8.88775,9.78926,1.8936,0.4743,-3.143 163 4 4 -100.714 56 326 203
42,SIPP_Standard,"127,145,13","121,159,10",1,594.1617709999999,1372,5.81046,23.45619,4.3769,0.6764,-0.046 56 64 40 86 -78.116 27 90
43,SIPP_2^2,"243,165,0","227,166,0",1,170.0,17,0.00707,7.07107,1.5708,3.14159,3 3 3 3 3 3 3 3 3 3 3 3 3 3 3 3 2
43,SIPP_2^3,"243,165,0","227,166,0",1,164.142136,16,0.01193,3.82683,0.7854,1.5708,6 6 6 6 6 6 6 6 6 6 6 6 6 6 6 5
43,SIPP_2^4,"243,165,0","227,166,0",1,162.36068,15,0.02642,2.29753,0.46365,0.9273,12 12 12 12 12 12 12 12 12 12 12 12 12 12 11
43,SIPP_2^5,"243,165,0","227,166,0",1,161.62277699999999,14,0.0581,1.60182,0.32175,0.6435,24 24 24 24 24 24 24 24 24 24 24 24 24 23
43,SIPP_BigCS,"243,165,10","227,166,7",1,162.0,14,1.46884,2.74653,0.5456,0.0552,3 15
43,SIPP_Standard,"243,165,10","227,166,7",1,162.0,2,0.04426,2.74653,0.5456,0.0552,3 7
44,SIPP_2^2,"234,27,0","221,18,0",0,-1,0,0.0,0.0,0.0,0.0,
44,SIPP_2^3,"234,27,0","221,18,0",0,-1,0,0.0,0.0,0.0,0.0,
44,SIPP_2^4,"234,27,0","221,18,0",0,-1,0,0.0,0.0,0.0,0.0,
44,SIPP_2^5,"234,27,0","221,18,0",0,-1,0,0.0,0.0,0.0,0.0,
44,SIPP_BigCS,"234,27,0","221,18,0",0,-1,0,0.0,0.0,0.0,0.0,
44,SIPP_Standard,"234,27,12","221,18,14",0,-1,0,0.00013,0.0,0.0,0.0,
45,SIPP_2^2,"103,211,0","111,196,0",0,-1,0,0.0,0.0,0.0,0.0,
45,SIPP_2^3,"103,211,0","111,196,0",0,-1,0,0.0,0.0,0.0,0.0,
45,SIPP_2^4,"103,211,0","111,196,0",0,-1,0,0.0,0.0,0.0,0.0,
45,SIPP_2^5,"103,211,0","111,196,0",0,-1,0,0.0,0.0,0.0,0.0,
45,SIPP_BigCS,"103,211,0","111,196,0",0,-1,0,0.0,0.0,0.0,0.0,
45,SIPP_Standard,"103,211,1","111,196,11",0,-1,0,5e-05,0.0,0.0,0.0,
46,SIPP_2^2,"13,69,0","27,75,0",1,200.0,107,0.28092,56.56854,12.56637,25.13274,1 1 1 1 1 1 1 2 2 1 1 1 2 1 2 1 1 2 2 1
46,SIPP_2^3,"13,69,0","27,75,0",1,164.852816,61,0.04447,27.52838,5.49779,10.99557,2 3 2 2 3 2 2 3 3 3 2 2 2 3
46,SIPP_2^4,"13,69,0","27,75,0",1,154.16407999999998,22,0.32744,4.68816,0.9273,1.85459,5 5 5 4 4 5 5 5
46,SIPP_2^5,"13,69,0","27,75,0",1,152.68827399999998,14,0.07189,2.83951,0.56759,1.13518,10 10 9 10 9 10
46,SIPP_BigCS,"13,69,2","27,75,5",1,152.0,6,1.16641,3.05059,0.5061,0.0613,207 207 207 207 311
46,SIPP_Standard,"13,69,2","27,75,5",1,158.0,7,0.07022,6.08626,1.1673,0.148,21 48
47,SIPP_2^2,"182,228,0","198,223,0",0,-1,0,0.0,0.0,0.0,0.0,
47,SIPP_2^3,"182,228,0","198,223,0",0,-1,0,0.0,0.0,0.0,0.0,
47,SIPP_2^4,"182,228,0","198,223,0",0,-1,0,0.0,0.0,0.0,0.0,
47,SIPP_2^5,"182,228,0","198,223,0",0,-1,0,0.0,0.0,0.0,0.0,
47,SIPP_BigCS,"182,228,0","198,223,0",0,-1,0,0.0,0.0,0.0,0.0,
47,SIPP_Standard,"182,228,6","198,223,14",0,-1,0,0.00012,0.0,0.0,0.0,
48,SIPP_2^2,"102,38,0","87,46,0",1,230.0,164,0.07282,63.63961,14.13717,28.27433,3 3 3 3 3 3 3 3 3 2 2 3 3 3 2 3 2 3 2 2 2 3 2
48,SIPP_2^3,"102,38,0","87,46,0",1,183.13708799999998,74,0.0677,24.28319,4.71239,9.42478,5 5 5 5 5 6 5 6 6 6 5 6 6 6 5
48,SIPP_2^4,"102,38,0","87,46,0",1,170.66689599999998,15,0.03997,1.61388,0.32175,0.6435,11 11 11 11 11 11 11 10
48,SIPP_2^5,"102,38,0","87,46,0",1,170.21959299999997,13,0.08788,0.62165,0.12436,0.24871,22 22 22 22 22 22 21
48,SIPP_BigCS,"102,38,6","87,46,9",1,171.0,40,0.68367,5.93564,1.1038,0.2689,67 183 203 203 203
48,SIPP_Standard,"102,38,6","87,46,9",1,341.99497099999996,435,3.17572,20.25479,3.9221,0.6167,14 109 51 -4.995 110
49,SIPP_2^2,"39,29,0","53,22,0",1,271.568798,339,0.14775,49.49747,10.99557,21.99115,1 1 1 1 1 0 1 1 1 0 1 1 0 1 1 1 1 -59.389 0 0 -2.180 0 0
49,SIPP_2^3,"39,29,0","53,22,0",1,168.99495199999996,64,0.05523,15.86708,3.14159,6.28319,1 2 2 2 2 2 1 1 1 1 1 2 2 1
49,SIPP_2^4,"39,29,0","53,22,0",1,156.52476,7,0.01552,0.0,0.0,0.0,3 3 3 3 3 3 3
49,SIPP_2^5,"39,29,0","53,22,0",1,156.52476,7,0.03883,0.0,0.0,0.0,6 6 6 6 6 6 6
49,SIPP_BigCS,"39,29,0","53,22,5",1,155.0,4,1.48602,1.04752,0.0,0.0,193 201 201 201
49,SIPP_Standard,"39,29,0","53,22,5",1,159.0,4,0.06704,4.73187,0.9185,0.0813,53 89
50,SIPP_2^2,"116,21,0","104,34,0",0,-1,0,0.0,0.0,0.0,0.0,
50,SIPP_2^3,"116,21,0","104,34,0",0,-1,0,0.0,0.0,0.0,0.0,
50,SIPP_2^4,"116,21,0","104,34,0",0,-1,0,0.0,0.0,0.0,0.0,
50,SIPP_2^5,"116,21,0","104,34,0",0,-1,0,0.0,0.0,0.0,0.0,
50,SIPP_BigCS,"116,21,0","104,34,0",0,-1,0,0.0,0.0,0.0,0.0,
50,SIPP_Standard,"116,21,4","104,34,11",0,-1,0,0.00045,0.0,0.0,0.0,
51,SIPP_2^2,"220,60,0","235,74,0",1,290.0,240,0.10355,106.06602,23.56194,47.12389,1 1 2 2 1 2 1 1 1 2 1 1 1 1 2 1 1 2 2 2 2 1 2 1 2 2 2 1 2
51,SIPP_2^3,"220,60,0","235,74,0",1,207.98990399999994,28,0.02563,7.77347,1.5708,3.14159,3 3 3 3 3 3 3 3 3 3 3 3 3 2 3
51,SIPP_2^4,"220,60,0","235,74,0",1,206.20844799999995,27,0.06524,3.21341,0.6435,1.287,6 6 6 6 6 6 6 6 6 6 6 6 5 6
51,SIPP_2^5,"220,60,0","235,74,0",1,205.76114499999994,25,0.15196,1.97543,0.39479,0.78958,12 12 12 12 12 12 12 12 12 12 12 11 12
51,SIPP_BigCS,"220,60,15","235,74,0",1,204.0,11,0.21722,1.74352,0.3314,0.0258,100 100 100 100 100 100 100 100 100 100 124
51,SIPP_Standard,"220,60,15","235,74,0",1,347.85735800000003,447,2.93944,23.70143,4.6151,0.8288,32 -5.857 97 87 24
52,SIPP_2^2,"85,170,0","67,182,0",1,517.849359,502,0.18368,49.49747,10.99557,21.99115,2 2 2 2 2 2 2 2 2 2 2 2 2 1 2 1 1 2 1 0 -58.984 0 -13.119 0 -1.126 3 -0.592 3 -0.206 3 -0.049 3 3 3 3 3 -0.019 3 -0.310 3 -1.078 3 -2.366 3 3 3 3 3 3 3 3 3 3 3
52,SIPP_2^3,"85,170,0","67,182,0",1,266.51222399999995,105,0.07388,15.97558,3.14159,6.28319,5 5 5 5 6 6 -36.807 6 6 5 5 5 5 5 5 5 6 6 5
52,SIPP_2^4,"85,170,0","67,182,0",1,262.94931199999996,101,0.17671,11.23746,2.2143,4.4286,10 10 10 10 12 12 -36.807 12 12 10 10 10 10 10 11 11 10
52,SIPP_2^5,"85,170,0","67,182,0",1,261.920856,94,0.37151,9.9126,1.96559,3.93118,20 20 20 20 24 24 -36.807 24 -0.157 23 20 21 20 20 20 20
52,SIPP_BigCS,"85,170,7","67,182,7",1,261.01106,250,1.27593,16.65247,3.2851,0.9039,4 72 175 -14.011 381 251 103 103 103
52,SIPP_Standard,"85,170,7","67,182,7",1,1392.0025799999999,15926,36.82277,61.98274,11.9546,1.9028,102 72 111 45 1 -3.196 13 108 34 75 -14.371 86 15 86 3 -199.436 19
53,SIPP_2^2,"95,139,0","77,125,0",0,-1,0,0.0,0.0,0.0,0.0,
53,SIPP_2^3,"95,139,0","77,125,0",0,-1,0,0.0,0.0,0.0,0.0,
53,SIPP_2^4,"95,139,0","77,125,0",0,-1,0,0.0,0.0,0.0,0.0,
53,SIPP_2^5,"95,139,0","77,125,0",0,-1,0,0.0,0.0,0.0,0.0,
53,SIPP_BigCS,"95,139,0","77,125,0",0,-1,0,0.0,0.0,0.0,0.0,
53,SIPP_Standard,"95,139,8","77,125,0",0,-1,0,0.00015,0.0,0.0,0.0,
54,SIPP_2^2,"12,30,0","31,36,0",1,270.40491499999996,71,0.02805,7.07107,1.5708,3.14159,2 2 2 2 2 2 1 -6.852 1 1 -3.179 1 -10.064 1 -0.310 1 1 1 1 1 1 1 1 1 1 1 1 1 1
54,SIPP_2^3,"12,30,0","31,36,0",1,264.236741,96,0.06704,23.66501,4.71239,9.42478,4 4 4 4 4 3 3 1 1 -3.473 2 -0.053 2 2 2 2 2 2 2 2 3 2 2 2 2 2
54,SIPP_2^4,"12,30,0","31,36,0",1,262.455285,97,0.17585,20.9417,4.06889,8.13778,8 8 8 8 7 6 2 2 -5.254 4 -0.053 4 4 4 4 4 4 4 4 5 4 4 4 4
54,SIPP_2^5,"12,30,0","31,36,0",1,261.436875,96,0.42443,21.9256,4.42859,8.85719,16 16 16 15 12 4 4 4 8 8 9 8 8 9 8 8 8 8
54,SIPP_BigCS,"12,30,9","31,36,2",1,270.362488,224,1.82707,11.82366,2.3494,0.8153,167 -2.800 328 -13.562 1 1 5
54,SIPP_Standard,"12,30,9","31,36,2",1,412.0,280,2.34687,19.64749,3.8056,0.498,22 45 21 44 16
55,SIPP_2^2,"108,176,0","110,199,0",0,-1,0,0.0,0.0,0.0,0.0,
55,SIPP_2^3,"108,176,0","110,199,0",0,-1,0,0.0,0.0,0.0,0.0,
55,SIPP_2^4,"108,176,0","110,199,0",0,-1,0,0.0,0.0,0.0,0.0,
55,SIPP_2^5,"108,176,0","110,199,0",0,-1,0,0.0,0.0,0.0,0.0,
55,SIPP_BigCS,"108,176,0","110,199,0",0,-1,0,0.0,0.0,0.0,0.0,
55,SIPP_Standard,"108,176,14","110,199,2",0,-1,0,0.00018,0.0,0.0,0.0,
56,SIPP_2^2,"143,155,0","132,174,0",1,300.0,260,0.11928,49.49747,10.99557,21.99115,3 3 3 3 3 2 2 3 3 3 2 2 2 2 2 2 2 2 2 2 2 2 2 3 2 2 2 3 3 2
56,SIPP_2^3,"143,155,0","132,174,0",1,240.07567600000002,140,0.11968,20.1535,3.92699,7.85398,5 5 5 5 5 5 5 5 4 4 4 5 4 4 5 5 -3.996 4 -0.410 4 -0.106 4
56,SIPP_2^4,"143,155,0","132,174,0",1,240.07567600000002,161,0.37588,5.55981,1.10715,2.2143,9 9 9 10 10 10 10 10 10 9 9 -12.904 8 -0.410 8 -0.106 8
56,SIPP_2^5,"143,155,0","132,174,0",1,240.07567600000002,165,1.02565,22.03317,4.12439,8.24877,19 20 20 19 19 19 19 -0.998 8 -0.410 16 -0.106 16
56,SIPP_BigCS,"143,155,2","132,174,2",1,239.961462,778,8.66892,10.78976,2.0762,0.4118,179 206 206 326 -12.961 235
56,SIPP_Standard,"143,155,2","132,174,2",1,248.0,77,1.24997,13.75774,2.6747,0.4041,104 55 83
57,SIPP_2^2,"9,168,0","17,149,0",1,270.0,168,0.07482,63.63961,14.13717,28.27433,0 0 0 0 0 0 0 0 0 1 0 0 0 0 1 0 1 1 0 0 0 1 1 1 0 0 1
57,SIPP_2^3,"9,168,0","17,149,0",1,223.13708799999995,77,0.06976,20.04007,3.92699,7.85398,0 0 0 0 0 0 0 0 1 1 1 1 1 1 0 1 0 0 1
57,SIPP_2^4,"9,168,0","17,149,0",1,216.01126399999998,55,0.12553,12.73881,2.53605,5.0721,1 0 0 0 0 0 0 0 2 1 2 1 1 2 2
57,SIPP_2^5,"9,168,0","17,149,0",1,211.121493,29,0.14938,7.1495,1.4289,2.8578,0 1 0 0 1 1 3 3 4
57,SIPP_BigCS,"9,168,1","17,149,12",1,212.0,55,0.50596,4.19439,0.7844,0.0543,6 6 6 86 204 220
57,SIPP_Standard,"9,168,1","17,149,12",1,659.0,1392,5.13499,33.99311,6.4996,1.0072,18 108 54 106 53 105 40 70
58,SIPP_2^2,"113,42,0","109,23,0",0,-1,0,0.0,0.0,0.0,0.0,
58,SIPP_2^3,"113,42,0","109,23,0",0,-1,0,0.0,0.0,0.0,0.0,
58,SIPP_2^4,"113,42,0","109,23,0",0,-1,0,0.0,0.0,0.0,0.0,
58,SIPP_2^5,"113,42,0","109,23,0",0,-1,0,0.0,0.0,0.0,0.0,
58,SIPP_BigCS,"113,42,0","109,23,0",0,-1,0,0.0,0.0,0.0,0.0,
58,SIPP_Standard,"113,42,15","109,23,3",0,-1,0,0.0001,0.0,0.0,0.0,
59,SIPP_2^2,"116,159,0","108,142,0",0,-1,0,0.0,0.0,0.0,0.0,
59,SIPP_2^3,"116,159,0","108,142,0",0,-1,0,0.0,0.0,0.0,0.0,
59,SIPP_2^4,"116,159,0","108,142,0",0,-1,0,0.0,0.0,0.0,0.0,
59,SIPP_2^5,"116,159,0","108,142,0",0,-1,0,0.0,0.0,0.0,0.0,
59,SIPP_BigCS,"116,159,0","108,142,0",0,-1,0,0.0,0.0,0.0,0.0,
59,SIPP_Standard,"116,159,12","108,142,4",0,-1,0,5e-05,0.0,0.0,0.0,
60,SIPP_2^2,"114,111,0","135,106,0",1,260.0,151,0.06475,28.28427,6.28319,12.56637,1 1 1 1 1 1 1 1 1 1 1 1 1 0 1 1 1 1 1 1 1 0 0 0 0 1
60,SIPP_2^3,"114,111,0","135,106,0",1,230.71067999999997,99,0.07911,19.61218,3.92699,7.85398,2 2 2 2 2 2 2 2 2 2 2 2 2 1 2 1 1 1 2 2 1
60,SIPP_2^4,"114,111,0","135,106,0",1,221.8034,66,0.1453,16.30529,3.24553,6.49107,4 4 4 4 4 4 3 4 3 3 4 4 3 4 4 3
60,SIPP_2^5,"114,111,0","135,106,0",1,218.11388499999998,42,0.23243,6.46109,1.287,2.574,7 7 7 8 8 7 8 8 8 8 7
60,SIPP_BigCS,"114,111,3","135,106,4",1,220.0,115,1.67485,5.62182,1.0517,0.1165,201 201 305 5 5 5 13
60,SIPP_Standard,"114,111,3","135,106,4",1,246.0,76,2.00004,14.36865,2.8158,0.5322,32 65 41
61,SIPP_2^2,"32,40,0","11,56,0",1,476.138963,1002,0.39902,70.71068,15.70796,31.41593,2 2 3 2 2 2 2 2 2 3 3 3 3 3 2 2 2 2 2 2 -81.486 3 -1.109 0 -0.370 3 -0.093 3 -0.020 3 3 3 -0.045 3 -0.375 3 -2.642 3 3 3 3 3 3 2 2 3 2
61,SIPP_2^3,"32,40,0","11,56,0",1,276.2741759999999,107,0.08558,19.57517,3.92699,7.85398,5 5 5 5 5 5 5 5 5 5 5 5 6 5 6 5 5 5 6 6 6
61,SIPP_2^4,"32,40,0","11,56,0",1,270.929808,106,0.21401,7.17425,1.4289,2.8578,10 10 10 10 10 10 10 10 10 10 11 10 10 10 11 11 12 12
61,SIPP_2^5,"32,40,0","11,56,0",1,269.29729899999995,96,0.45562,5.91229,1.18019,2.36038,20 20 20 20 20 20 20 20 20 20 21 20 21 23 24
61,SIPP_BigCS,"32,40,10","11,56,11",1,268.0,227,1.80926,4.34496,0.8375,0.0871,103 103 103 103 103 103 103 103 103 103 155 307
61,SIPP_Standard,"32,40,10","11,56,11",1,331.0,217,2.21484,15.9848,3.1187,0.4468,20 51 86 23
62,SIPP_2^2,"236,3,0","249,22,0",1,448.418387,281,0.10329,77.78175,17.27876,34.55752,1 1 1 1 1 1 1 2 2 1 2 2 1 2 2 2 2 1 1 1 2 2 2 1 1 -108.418 2 2 2 2 2 2 2 3 2
62,SIPP_2^3,"236,3,0","249,22,0",1,442.560523,296,0.2026,31.75778,6.28319,12.56637,3 2 2 2 3 2 3 3 3 3 3 3 4 3 3 -166.997 4 4 4 4 4 4 4 5
62,SIPP_2^4,"236,3,0","249,22,0",1,440.779067,301,0.52719,10.13166,2.03444,4.06889,4 4 5 5 6 6 6 6 6 6 6 7 -172.341 8 8 8 8 8 8 9
62,SIPP_2^5,"236,3,0","249,22,0",1,440.041164,300,1.22812,9.81075,1.96559,3.93118,9 9 12 12 13 12 12 12 12 -174.265 16 16 16 16 16 17
62,SIPP_BigCS,"236,3,14","249,22,0",1,440.255871,1694,6.94558,16.84368,3.3289,0.6555,85 327 320 -164.256 239 56
62,SIPP_Standard,"236,3,14","249,22,0",1,894.4913789999999,1166,3.42146,22.41277,4.1789,0.5697,3 11 51 -55.589 94 8 48 -4.242 63 -3.660 111 29 29
63,SIPP_2^2,"7,60,0","5,34,0",1,280.0,75,0.0308,21.2132,4.71239,9.42478,0 0 0 0 0 0 0 0 0 0 0 0 0 0 0 0 0 0 0 0 0 0 0 0 3 0 0 3
63,SIPP_2^3,"7,60,0","5,34,0",1,268.284272,65,0.04928,11.59279,2.35619,4.71239,0 0 0 0 0 0 0 0 0 0 0 0 0 0 0 0 0 0 0 7 0 0 0 0 0 7
63,SIPP_2^4,"7,60,0","5,34,0",1,264.72136,53,0.10587,6.94722,1.39094,2.78189,0 0 0 0 0 0 0 0 0 0 0 0 0 0 0 0 0 0 0 0 15 0 0 15
63,SIPP_2^5,"7,60,0","5,34,0",1,263.24555399999997,43,0.2132,4.82449,0.96525,1.9305,0 0 0 0 0 0 0 0 0 0 0 0 0 0 0 0 0 31 0 0 0 31
63,SIPP_BigCS,"7,60,14","5,34,4",1,264.0,86,0.65733,4.98532,0.9783,0.1089,362 6 6 6 6 6 2 30
63,SIPP_Standard,"7,60,14","5,34,4",1,573.0,2354,7.66581,30.38408,5.8822,0.9717,22 49 68 33 74 109 35
64,SIPP_2^2,"115,231,0","111,255,0",0,-1,0,0.0,0.0,0.0,0.0,
64,SIPP_2^3,"115,231,0","111,255,0",0,-1,0,0.0,0.0,0.0,0.0,
64,SIPP_2^4,"115,231,0","111,255,0",0,-1,0,0.0,0.0,0.0,0.0,
64,SIPP_2^5,"115,231,0","111,255,0",0,-1,0,0.0,0.0,0.0,0.0,
64,SIPP_BigCS,"115,231,0","111,255,0",0,-1,0,0.0,0.0,0.0,0.0,
64,SIPP_Standard,"115,231,11","111,255,3",0,-1,0,0.00015,0.0,0.0,0.0,
65,SIPP_2^2,"125,134,0","133,112,0",0,-1,0,0.0,0.0,0.0,0.0,
65,SIPP_2^3,"125,134,0","133,112,0",0,-1,0,0.0,0.0,0.0,0.0,
65,SIPP_2^4,"125,134,0","133,112,0",0,-1,0,0.0,0.0,0.0,0.0,
65,SIPP_2^5,"125,134,0","133,112,0",0,-1,0,0.0,0.0,0.0,0.0,
65,SIPP_BigCS,"125,134,0","133,112,0",0,-1,0,0.0,0.0,0.0,0.0,
65,SIPP_Standard,"125,134,3","133,112,12",0,-1,0,5e-05,0.0,0.0,0.0,
66,SIPP_2^2,"18,106,0","9,127,0",0,-1,0,0.0,0.0,0.0,0.0,
66,SIPP_2^3,"18,106,0","9,127,0",0,-1,0,0.0,0.0,0.0,0.0,
66,SIPP_2^4,"18,106,0","9,127,0",0,-1,0,0.0,0.0,0.0,0.0,
66,SIPP_2^5,"18,106,0","9,127,0",0,-1,0,0.0,0.0,0.0,0.0,
66,SIPP_BigCS,"18,106,0","9,127,0",0,-1,0,0.0,0.0,0.0,0.0,
66,SIPP_Standard,"18,106,15","9,127,3",0,-1,1,0.02318,0.0,0.0,0.0,
67,SIPP_2^2,"38,77,0","61,80,0",1,440.0,349,0.13566,91.92388,20.42035,40.8407,1 1 1 1 1 0 0 1 1 1 1 1 0 0 0 0 1 0 1 1 1 1 1 0 1 1 1 1 1 0 1 2 2 2 2 2 2 2 2 2 2 2 1 2
67,SIPP_2^3,"38,77,0","61,80,0",1,411.54000799999994,441,0.32561,44.50409,8.63938,17.27876,2 2 2 2 2 2 2 2 1 1 2 2 2 2 1 1 1 1 1 2 2 2 1 1 3 -1.718 4 -0.117 4 4 4 4 4 4 5 4 4 5
67,SIPP_2^4,"38,77,0","61,80,0",1,401.927417,436,0.822,34.30231,6.67092,13.34184,4 3 3 3 3 4 4 4 4 4 3 3 3 4 3 3 -1.239 7 8 9 8 9 8 8 9
67,SIPP_2^5,"38,77,0","61,80,0",1,397.9747449999999,433,1.92114,16.92783,3.42539,6.85077,7 7 7 7 7 6 7 6 7 12 -2.883 16 17 17 16 17
67,SIPP_BigCS,"38,77,8","61,80,1",1,401.0,2510,15.12661,16.18824,2.9582,0.8413,81 201 201 201 201 201 201 201 345 168 84 206
67,SIPP_Standard,"38,77,8","61,80,1",1,782.264602,2633,8.37884,36.02891,6.908,1.0319,9 53 -38.257 81 -6.007 22 41 79 104 51 70
68,SIPP_2^2,"179,206,0","168,218,0",1,594.455872,913,0.36127,70.71068,18.84956,37.69911,3 3 3 2 3 -105.089 3 -9.940 3 3 -65.245 1 -4.183 2 1 1 1 1 2 2 2 2 2 2 2 2 2 2 2 2 2 2 3 3 3 3 3 3 3 0 3 0 0 0 3
68,SIPP_2^3,"179,206,0","168,218,0",1,547.633369,868,0.63158,42.79666,8.63938,17.27876,6 6 6 6 -125.007 6 -10.115 6 -65.151 4 -2.111 3 -2.111 2 3 3 4 4 4 4 4 4 4 4 4 4 5 5 6 6 6 6 7 7 0 7
68,SIPP_2^4,"179,206,0","168,218,0",1,545.851913,876,1.58022,36.30201,7.39033,14.78067,12 12 12 12 -125.007 12 -10.115 12 -65.151 8 -2.111 6 -2.111 4 6 6 8 8 8 8 8 8 8 8 8 8 10 10 12 12 12 12 14 14 15
68,SIPP_2^5,"179,206,0","168,218,0",1,545.851913,889,3.70955,47.5925,9.28288,18.56576,23 -113.593 23 28 -69.293 8 -2.111 12 -2.111 8 12 12 16 16 16 16 16 16 16 16 16 16 20 20 24 24 24 24 28 28 30
68,SIPP_BigCS,"179,206,0","168,218,0",1,683.324573,7615,36.17004,24.88431,4.8915,1.3356,7 3 7 3 7 7 59 341 331 -9.325 0 4 4 68 311 5 5 5 5 89 101 101 101
68,SIPP_Standard,"179,206,0","168,218,0",1,948.168558,1848,5.084,34.04551,6.582,1.0678,3 3 3 11 31 39 12 103 -22.760 89 -7.409 9 33
69,SIPP_2^2,"146,135,0","164,152,0",1,497.023062,764,0.32038,106.06602,26.70354,53.40708,1 1 1 -0.106 1 -0.033 0 -0.117 1 -0.395 1 1 2 1 2 1 2 2 2 2 1 2 2 1 2 2 2 2 2 1 1 -2.768 1 -2.094 1 1 1 0 -87.553 2 -5.067 1 -0.436 2 2 -8.455 2 2 2
69,SIPP_2^3,"146,135,0","164,152,0",1,312.48362499999996,221,0.1744,42.25362,8.63938,17.27876,2 2 2 -0.106 0 -0.033 2 -0.117 2 3 3 3 3 3 4 3 3 4 -17.462 4 -0.918 4 3 4 3 3 3 3 3
69,SIPP_2^4,"146,135,0","164,152,0",1,310.70216899999997,234,0.47677,43.18435,9.28288,18.56576,4 4 -0.075 0 -0.032 4 -0.033 4 -0.117 4 6 6 6 6 7 6 7 7 -9.582 12 7 6 6 6 6 6
69,SIPP_2^5,"146,135,0","164,152,0",1,309.69380299999995,229,1.16055,25.87825,5.49779,10.99557,8 -0.041 0 -0.034 8 -0.032 8 -0.033 8 -0.117 8 12 12 12 12 13 14 -21.472 16 -0.648 15 12 12 12 12 12
69,SIPP_BigCS,"146,135,3","164,152,3",1,334.208583,705,7.49154,17.58138,3.4506,1.0179,100 168 4 64 -63.911 160 -0.298 73 100 100 100 176
69,SIPP_Standard,"146,135,3","164,152,3",1,632.522557,175,2.10052,31.38133,6.0277,0.9537,87 16 -11.388 102 64 32 81 -29.135 18
70,SIPP_2^2,"22,73,0","46,69,0",1,536.568317,944,0.48841,70.71068,15.70796,31.41593,0 1 0 1 1 1 1 1 1 -222.800 1 -1.639 1 -1.158 2 1 -10.971 1 1 1 1 0 1 1 1 1 1 1 1 1 0 1 1 0
70,SIPP_2^3,"22,73,0","46,69,0",1,504.95066999999995,1126,0.87813,48.12043,9.42478,18.84956,1 1 2 2 2 2 2 1 -207.148 2 -7.771 3 4 3 2 2 2 2 -2.753 2 2 1 1 2 1 2 2 1
70,SIPP_2^4,"22,73,0","46,69,0",1,498.584857,1121,2.31045,27.10371,5.31793,10.63587,2 2 4 4 4 4 3 -208.929 4 -7.771 6 8 6 4 4 4 4 -2.753 4 -0.289 3 -0.471 3 3 3
70,SIPP_2^5,"22,73,0","46,69,0",1,498.421096,1129,5.8678,25.54396,5.15849,10.31699,4 4 8 8 8 7 -209.667 8 -7.771 12 16 12 8 8 8 8 -2.753 8 7 6 5
70,SIPP_BigCS,"22,73,2","46,69,10",1,503.496134,11689,98.16573,16.13459,3.1312,0.92,332 5 5 5 5 -236.175 73 -4.321 160 81 201 201
70,SIPP_Standard,"22,73,2","46,69,10",1,507.294016,882,3.75595,12.68085,2.313,0.4556,-235.259 97 -7.035 103 57
71,SIPP_2^2,"193,38,0","222,35,0",0,-1,0,0.0,0.0,0.0,0.0,
71,SIPP_2^3,"193,38,0","222,35,0",0,-1,0,0.0,0.0,0.0,0.0,
71,SIPP_2^4,"193,38,0","222,35,0",0,-1,0,0.0,0.0,0.0,0.0,
71,SIPP_2^5,"193,38,0","222,35,0",0,-1,0,0.0,0.0,0.0,0.0,
71,SIPP_BigCS,"193,38,0","222,35,0",0,-1,0,0.0,0.0,0.0,0.0,
71,SIPP_Standard,"193,38,3","222,35,9",0,-1,0,0.0005,0.0,0.0,0.0,
72,SIPP_2^2,"115,120,0","126,93,0",0,-1,0,0.0,0.0,0.0,0.0,
72,SIPP_2^3,"115,120,0","126,93,0",0,-1,0,0.0,0.0,0.0,0.0,
72,SIPP_2^4,"115,120,0","126,93,0",0,-1,0,0.0,0.0,0.0,0.0,
72,SIPP_2^5,"115,120,0","126,93,0",0,-1,0,0.0,0.0,0.0,0.0,
72,SIPP_BigCS,"115,120,0","126,93,0",0,-1,0,0.0,0.0,0.0,0.0,
72,SIPP_Standard,"115,120,15","126,93,8",0,-1,0,7e-05,0.0,0.0,0.0,
73,SIPP_2^2,"158,151,0","184,158,0",1,330.0,168,0.06724,42.42641,9.42478,18.84956,1 1 1 1 1 1 1 1 2 2 2 2 1 2 2 1 1 1 1 1 1 1 1 1 1 1 1 1 1 1 1 2 1
73,SIPP_2^3,"158,151,0","184,158,0",1,288.99495199999996,98,0.07945,19.99792,3.92699,7.85398,2 2 2 2 2 3 3 3 3 3 2 3 2 2 2 2 2 2 2 2 2 2 2 2 2 3
73,SIPP_2^4,"158,151,0","184,158,0",1,278.30621599999995,76,0.16688,5.54637,1.10715,2.2143,5 5 5 5 5 5 6 4 4 4 4 4 4 4 4 4 4 4 4 4
73,SIPP_2^5,"158,151,0","184,158,0",1,277.12101,73,0.40614,3.5733,0.71236,1.42472,10 10 10 10 11 9 8 8 8 8 8 8 8 8 8 8 8 8
73,SIPP_BigCS,"158,151,0","184,158,10",1,275.0,120,1.14266,3.68723,0.5969,0.061,207 207 207 207 279 1 5 5
73,SIPP_Standard,"158,151,0","184,158,10",1,327.540183,155,2.13642,13.79666,2.6747,0.3411,-1.540 64 48 111 45
74,SIPP_2^2,"107,83,0","84,65,0",0,-1,0,0.0,0.0,0.0,0.0,
74,SIPP_2^3,"107,83,0","84,65,0",0,-1,0,0.0,0.0,0.0,0.0,
74,SIPP_2^4,"107,83,0","84,65,0",0,-1,0,0.0,0.0,0.0,0.0,
74,SIPP_2^5,"107,83,0","84,65,0",0,-1,0,0.0,0.0,0.0,0.0,
74,SIPP_BigCS,"107,83,0","84,65,0",0,-1,0,0.0,0.0,0.0,0.0,
74,SIPP_Standard,"107,83,14","84,65,1",0,-1,0,0.00014,0.0,0.0,0.0,
75,SIPP_2^2,"191,77,0","209,101,0",0,-1,0,0.0,0.0,0.0,0.0,
75,SIPP_2^3,"191,77,0","209,101,0",0,-1,0,0.0,0.0,0.0,0.0,
75,SIPP_2^4,"191,77,0","209,101,0",0,-1,0,0.0,0.0,0.0,0.0,
75,SIPP_2^5,"191,77,0","209,101,0",0,-1,0,0.0,0.0,0.0,0.0,
75,SIPP_BigCS,"191,77,0","209,101,0",0,-1,0,0.0,0.0,0.0,0.0,
75,SIPP_Standard,"191,77,9","209,101,7",0,-1,0,0.0001,0.0,0.0,0.0,
76,SIPP_2^2,"248,57,0","219,61,0",0,-1,0,0.0,0.0,0.0,0.0,
76,SIPP_2^3,"248,57,0","219,61,0",0,-1,0,0.0,0.0,0.0,0.0,
76,SIPP_2^4,"248,57,0","219,61,0",0,-1,0,0.0,0.0,0.0,0.0,
76,SIPP_2^5,"248,57,0","219,61,0",0,-1,0,0.0,0.0,0.0,0.0,
76,SIPP_BigCS,"248,57,0","219,61,0",0,-1,0,0.0,0.0,0.0,0.0,
76,SIPP_Standard,"248,57,4","219,61,11",0,-1,0,5e-05,0.0,0.0,0.0,
77,SIPP_2^2,"59,63,0","87,58,0",1,473.022654,686,0.31983,134.35029,29.84513,59.69026,1 0 0 0 0 1 1 1 1 1 0 0 1 1 1 0 1 1 0 0 0 0 0 1 -3.023 1 1 1 2 2 1 1 2 1 1 2 1 1 2 1 1 1 1 1 2 1 1 2
77,SIPP_2^3,"59,63,0","87,58,0",1,403.97853799999996,562,0.45802,47.19439,10.21018,20.42035,1 1 1 1 1 1 1 1 1 1 1 1 1 1 -13.496 4 -1.109 2 -0.370 4 -0.076 3 2 3 3 3 3 2 3 3 -0.806 2 -1.137 2 2 2
77,SIPP_2^4,"59,63,0","87,58,0",1,403.97853799999996,583,1.23983,22.31963,4.57049,9.14098,2 2 2 2 2 2 2 2 2 2 2 2 2 -27.638 4 -1.109 4 -0.370 8 5 6 6 6 6 6 5 -4.445 4 -1.137 4 4 4
77,SIPP_2^5,"59,63,0","87,58,0",1,403.714189,589,3.15703,38.23269,8.42863,16.85725,4 4 4 4 4 4 4 4 4 4 4 4 4 4 -13.496 16 -1.109 8 -0.370 16 10 12 12 12 12 11 12 7
77,SIPP_BigCS,"59,63,10","87,58,0",1,402.992461,3877,33.25912,17.73511,3.4883,0.7707,125 252 101 101 -20.855 173 -9.137 255 100 100 120
77,SIPP_Standard,"59,63,10","87,58,0",1,420.0,330,2.45024,22.49249,4.3846,0.7363,37 26 105 28 32
78,SIPP_2^2,"175,232,0","145,231,0",0,-1,0,0.0,0.0,0.0,0.0,
78,SIPP_2^3,"175,232,0","145,231,0",0,-1,0,0.0,0.0,0.0,0.0,
78,SIPP_2^4,"175,232,0","145,231,0",0,-1,0,0.0,0.0,0.0,0.0,
78,SIPP_2^5,"175,232,0","145,231,0",0,-1,0,0.0,0.0,0.0,0.0,
78,SIPP_BigCS,"175,232,0","145,231,0",0,-1,0,0.0,0.0,0.0,0.0,
78,SIPP_Standard,"175,232,12","145,231,13",0,-1,51,0.05583,0.0,0.0,0.0,
79,SIPP_2^2,"14,157,0","37,144,0",0,-1,0,0.0,0.0,0.0,0.0,
79,SIPP_2^3,"14,157,0","37,144,0",0,-1,0,0.0,0.0,0.0,0.0,
79,SIPP_2^4,"14,157,0","37,144,0",0,-1,0,0.0,0.0,0.0,0.0,
79,SIPP_2^5,"14,157,0","37,144,0",0,-1,0,0.0,0.0,0.0,0.0,
79,SIPP_BigCS,"14,157,0","37,144,0",0,-1,0,0.0,0.0,0.0,0.0,
79,SIPP_Standard,"14,157,7","37,144,2",0,-1,0,0.00013,0.0,0.0,0.0,
80,SIPP_2^2,"233,143,0","252,119,0",0,-1,0,0.0,0.0,0.0,0.0,
80,SIPP_2^3,"233,143,0","252,119,0",0,-1,0,0.0,0.0,0.0,0.0,
80,SIPP_2^4,"233,143,0","252,119,0",0,-1,0,0.0,0.0,0.0,0.0,
80,SIPP_2^5,"233,143,0","252,119,0",0,-1,0,0.0,0.0,0.0,0.0,
80,SIPP_BigCS,"233,143,0","252,119,0",0,-1,0,0.0,0.0,0.0,0.0,
80,SIPP_Standard,"233,143,0","252,119,7",0,-1,0,5e-05,0.0,0.0,0.0,
81,SIPP_2^2,"56,16,0","24,16,0",0,-1,0,0.0,0.0,0.0,0.0,
81,SIPP_2^3,"56,16,0","24,16,0",0,-1,0,0.0,0.0,0.0,0.0,
81,SIPP_2^4,"56,16,0","24,16,0",0,-1,0,0.0,0.0,0.0,0.0,
81,SIPP_2^5,"56,16,0","24,16,0",0,-1,0,0.0,0.0,0.0,0.0,
81,SIPP_BigCS,"56,16,0","24,16,0",0,-1,0,0.0,0.0,0.0,0.0,
81,SIPP_Standard,"56,16,7","24,16,6",0,-1,0,3e-05,0.0,0.0,0.0,
82,SIPP_2^2,"131,91,0","97,93,0",1,583.800403,1091,0.45799,98.99495,21.99115,43.9823,3 3 3 3 3 0 0 0 0 0 0 0 3 -6.821 3 3 2 3 3 2 3 3 3 3 3 3 2 3 3 3 3 3 2 2 2 3 3 3 3 3 3 3 2 3 2 2 -72.677 3 3 -1.077 3 -3.226 3 3
82,SIPP_2^3,"131,91,0","97,93,0",1,381.42135999999994,212,0.17278,20.00079,3.92699,7.85398,6 6 6 6 6 6 5 5 5 5 5 5 6 6 6 6 6 6 6 6 6 6 6 6 6 6 6 6 7 7 7 6 6 7
82,SIPP_2^4,"131,91,0","97,93,0",1,358.88544,132,0.27642,16.26205,3.24553,6.49107,12 11 11 11 11 12 12 12 11 12 12 12 12 12 12 12 12 12 12 12 12 13 13 12 12 13
82,SIPP_2^5,"131,91,0","97,93,0",1,349.73666199999997,85,0.44219,6.437,1.287,2.574,23 23 23 23 24 24 24 24 24 24 24 24 24 25 24 24 24 24 24 24 24 25
82,SIPP_BigCS,"131,91,2","97,93,12",1,355.0,296,2.44596,12.48794,2.3665,0.3441,7 83 203 203 379 365 7 7 7 7 59
82,SIPP_Standard,"131,91,2","97,93,12",1,404.0,236,2.06557,12.81608,2.4425,0.2972,67 55 99 69 50
83,SIPP_2^2,"230,226,0","210,211,0",0,-1,0,0.0,0.0,0.0,0.0,
83,SIPP_2^3,"230,226,0","210,211,0",0,-1,0,0.0,0.0,0.0,0.0,
83,SIPP_2^4,"230,226,0","210,211,0",0,-1,0,0.0,0.0,0.0,0.0,
83,SIPP_2^5,"230,226,0","210,211,0",0,-1,0,0.0,0.0,0.0,0.0,
83,SIPP_BigCS,"230,226,0","210,211,0",0,-1,0,0.0,0.0,0.0,0.0,
83,SIPP_Standard,"230,226,5","210,211,3",0,-1,0,5e-05,0.0,0.0,0.0,
84,SIPP_2^2,"90,91,0","116,106,0",0,-1,0,0.0,0.0,0.0,0.0,
84,SIPP_2^3,"90,91,0","116,106,0",0,-1,0,0.0,0.0,0.0,0.0,
84,SIPP_2^4,"90,91,0","116,106,0",0,-1,0,0.0,0.0,0.0,0.0,
84,SIPP_2^5,"90,91,0","116,106,0",0,-1,0,0.0,0.0,0.0,0.0,
84,SIPP_BigCS,"90,91,0","116,106,0",0,-1,0,0.0,0.0,0.0,0.0,
84,SIPP_Standard,"90,91,1","116,106,8",0,-1,0,4e-05,0.0,0.0,0.0,
85,SIPP_2^2,"245,121,0","222,142,0",0,-1,0,0.0,0.0,0.0,0.0,
85,SIPP_2^3,"245,121,0","222,142,0",0,-1,0,0.0,0.0,0.0,0.0,
85,SIPP_2^4,"245,121,0","222,142,0",0,-1,0,0.0,0.0,0.0,0.0,
85,SIPP_2^5,"245,121,0","222,142,0",0,-1,0,0.0,0.0,0.0,0.0,
85,SIPP_BigCS,"245,121,0","222,142,0",0,-1,0,0.0,0.0,0.0,0.0,
85,SIPP_Standard,"245,121,3","222,142,14",0,-1,0,1e-05,0.0,0.0,0.0,
86,SIPP_2^2,"93,27,0","81,3,0",0,-1,0,0.0,0.0,0.0,0.0,
86,SIPP_2^3,"93,27,0","81,3,0",0,-1,0,0.0,0.0,0.0,0.0,
86,SIPP_2^4,"93,27,0","81,3,0",0,-1,0,0.0,0.0,0.0,0.0,
86,SIPP_2^5,"93,27,0","81,3,0",0,-1,0,0.0,0.0,0.0,0.0,
86,SIPP_BigCS,"93,27,0","81,3,0",0,-1,0,0.0,0.0,0.0,0.0,
86,SIPP_Standard,"93,27,10","81,3,12",0,-1,1,0.01875,0.0,0.0,0.0,
87,SIPP_2^2,"195,146,0","168,132,0",0,-1,0,0.0,0.0,0.0,0.0,
87,SIPP_2^3,"195,146,0","168,132,0",0,-1,0,0.0,0.0,0.0,0.0,
87,SIPP_2^4,"195,146,0","168,132,0",0,-1,0,0.0,0.0,0.0,0.0,
87,SIPP_2^5,"195,146,0","168,132,0",0,-1,0,0.0,0.0,0.0,0.0,
87,SIPP_BigCS,"195,146,0","168,132,0",0,-1,0,0.0,0.0,0.0,0.0,
87,SIPP_Standard,"195,146,3","168,132,13",0,-1,0,5e-05,0.0,0.0,0.0,
88,SIPP_2^2,"135,152,0","162,134,0",1,450.0,598,0.30957,84.85281,18.84956,37.69911,1 1 1 1 0 0 1 1 0 1 1 1 1 1 1 1 1 1 0 1 1 1 1 0 1 1 1 1 1 0 0 0 0 0 0 0 0 0 0 0 1 1 0 0 1
88,SIPP_2^3,"135,152,0","162,134,0",1,429.654819,704,0.61784,40.11207,7.85398,15.70796,2 2 2 2 1 1 1 2 2 1 1 2 1 2 2 2 -0.951 2 -0.909 2 -1.113 2 -0.006 2 2 2 2 3 -1.444 2 -2.094 2 1 0 0 0 0 0 0 0 0 0 0 0 0
88,SIPP_2^4,"135,152,0","162,134,0",1,429.56879799999996,740,1.69841,18.03724,3.60524,7.21048,3 3 3 3 3 3 3 3 4 4 4 5 5 6 -5.669 4 -2.094 4 -0.457 1 0 0 0 0 0 0 0 0 0 -0.189 0 -1.050 0
88,SIPP_2^5,"135,152,0","162,134,0",1,429.56879799999996,752,4.38103,16.6913,3.21045,6.4209,6 6 6 6 6 6 7 7 9 11 -8.330 8 -2.094 8 -0.777 1 0 0 0 0 0 0 0 0 -0.607 0 -1.050 0
88,SIPP_BigCS,"135,152,14","162,134,6",1,430.04980299999994,5582,50.18035,26.05994,5.1118,1.5606,201 201 305 5 5 65 -12.196 173 -8.774 207 351 -1.801 161 6 6 -0.279 42
88,SIPP_Standard,"135,152,14","162,134,6",1,440.616811,805,3.55375,23.88402,4.609,0.668,106 45 17 -12.953 111 -9.664 37
89,SIPP_2^2,"208,129,0","192,103,0",1,420.0,373,0.14928,106.06602,23.56194,47.12389,3 3 3 3 0 0 0 3 0 3 0 0 3 3 0 0 0 0 0 3 3 0 0 0 0 3 0 0 0 0 3 0 0 0 0 0 0 3 3 3 3 0
89,SIPP_2^3,"208,129,0","192,103,0",1,343.8477679999999,200,0.15312,23.59433,4.71239,9.42478,7 6 6 6 7 7 7 7 7 7 7 7 7 7 0 0 0 0 0 7 0 0 0 0 0 0 0 0 7
89,SIPP_2^4,"208,129,0","192,103,0",1,328.954688,125,0.2461,22.19713,4.39064,8.78128,14 14 13 13 -1.140 12 14 15 15 15 14 15 0 15 15 0 0 0 0 0 15
89,SIPP_2^5,"208,129,0","192,103,0",1,325.55577299999993,93,0.4646,15.53526,3.12405,6.2481,27 -0.381 27 -1.653 24 28 29 30 30 31 31 0 31 0 31
89,SIPP_BigCS,"208,129,14","192,103,8",1,328.098312,288,3.82121,10.8486,2.0744,0.2539,95 102 -2.098 102 182 202 306 6 82
89,SIPP_Standard,"208,129,14","192,103,8",1,334.419793,29,0.11698,14.23148,2.757,0.3343,27 -0.420 66 46 6
90,SIPP_2^2,"235,219,0","239,187,0",0,-1,0,0.0,0.0,0.0,0.0,
90,SIPP_2^3,"235,219,0","239,187,0",0,-1,0,0.0,0.0,0.0,0.0,
90,SIPP_2^4,"235,219,0","239,187,0",0,-1,0,0.0,0.0,0.0,0.0,
90,SIPP_2^5,"235,219,0","239,187,0",0,-1,0,0.0,0.0,0.0,0.0,
90,SIPP_BigCS,"235,219,0","239,187,0",0,-1,0,0.0,0.0,0.0,0.0,
90,SIPP_Standard,"235,219,9","239,187,8",0,-1,0,0.00036,0.0,0.0,0.0,
91,SIPP_2^2,"83,53,0","113,77,0",1,1194.077437,3625,1.47699,261.62951,58.11946,116.23893,2 1 1 1 1 1 1 1 1 1 1 1 1 1 1 1 1 1 1 1 1 0 0 0 0 0 0 1 0 1 -97.076 2 -0.013 2 2 2 3 2 -12.694 2 -0.101 2 3 2 2 2 2 3 3 2 3 -35.079 2 -5.593 3 3 2 3 3 3 2 2 3 2 3 2 -3.501 2 -0.020 2 2 2 2 2 2 2 1 1 2 2 2 2 2 2 2 1 2 2 1 1 2 1 1 1 1 1 1 1 0 1 1 1 1 0 1 1 0 1 0 0 0 1
91,SIPP_2^3,"83,53,0","113,77,0",1,571.126992,878,0.70228,35.46638,7.06858,14.13717,4 4 4 4 4 4 4 4 4 4 4 4 4 4 4 4 3 4 4 3 3 3 3 3 3 3 3 3 3 3 3 3 2 2 2 2 1 1 1 1 1 1 2 2 1 2 2 1
91,SIPP_2^4,"83,53,0","113,77,0",1,545.02816,792,1.53414,11.81811,2.35619,4.71239,8 8 8 8 8 8 8 8 8 8 8 8 8 8 8 8 8 7 6 6 6 6 6 6 6 6 6 5 5 5 4 3 3 3 3 3 3 2
91,SIPP_2^5,"83,53,0","113,77,0",1,530.363261,733,3.37907,15.1186,2.96174,5.92348,16 16 16 16 16 16 16 16 16 16 16 16 16 16 16 16 15 12 12 11 12 11 10 10 11 6 6 6 6 7 6
91,SIPP_BigCS,"83,53,8","113,77,10",1,528.0,3569,27.4008,12.59283,2.2603,0.4967,4 4 4 4 4 4 4 4 0 64 100 100 100 176 207 287 193 201
91,SIPP_Standard,"83,53,8","113,77,10",1,1400.0441259999998,3693,9.95454,52.01554,9.8644,1.4383,80 5 81 -13.872 22 53 73 108 34 83 0 -132.962 0 -2.629 4 88 4 -0.582 56
92,SIPP_2^2,"80,111,0","109,92,0",0,-1,0,0.0,0.0,0.0,0.0,
92,SIPP_2^3,"80,111,0","109,92,0",0,-1,0,0.0,0.0,0.0,0.0,
92,SIPP_2^4,"80,111,0","109,92,0",0,-1,0,0.0,0.0,0.0,0.0,
92,SIPP_2^5,"80,111,0","109,92,0",0,-1,0,0.0,0.0,0.0,0.0,
92,SIPP_BigCS,"80,111,0","109,92,0",0,-1,0,0.0,0.0,0.0,0.0,
92,SIPP_Standard,"80,111,8","109,92,11",0,-1,0,0.00017,0.0,0.0,0.0,
93,SIPP_2^2,"119,155,0","91,162,0",0,-1,0,0.0,0.0,0.0,0.0,
93,SIPP_2^3,"119,155,0","91,162,0",0,-1,0,0.0,0.0,0.0,0.0,
93,SIPP_2^4,"119,155,0","91,162,0",0,-1,0,0.0,0.0,0.0,0.0,
93,SIPP_2^5,"119,155,0","91,162,0",0,-1,0,0.0,0.0,0.0,0.0,
93,SIPP_BigCS,"119,155,0","91,162,0",0,-1,0,0.0,0.0,0.0,0.0,
93,SIPP_Standard,"119,155,0","91,162,12",0,-1,1,0.02949,0.0,0.0,0.0,
94,SIPP_2^2,"69,116,0","96,140,0",0,-1,0,0.0,0.0,0.0,0.0,
94,SIPP_2^3,"69,116,0","96,140,0",0,-1,0,0.0,0.0,0.0,0.0,
94,SIPP_2^4,"69,116,0","96,140,0",0,-1,0,0.0,0.0,0.0,0.0,
94,SIPP_2^5,"69,116,0","96,140,0",0,-1,0,0.0,0.0,0.0,0.0,
94,SIPP_BigCS,"69,116,0","96,140,0",0,-1,0,0.0,0.0,0.0,0.0,
94,SIPP_Standard,"69,116,4","96,140,13",0,-1,0,5e-05,0.0,0.0,0.0,
95,SIPP_2^2,"126,201,0","103,228,0",0,-1,0,0.0,0.0,0.0,0.0,
95,SIPP_2^3,"126,201,0","103,228,0",0,-1,0,0.0,0.0,0.0,0.0,
95,SIPP_2^4,"126,201,0","103,228,0",0,-1,0,0.0,0.0,0.0,0.0,
95,SIPP_2^5,"126,201,0","103,228,0",0,-1,0,0.0,0.0,0.0,0.0,
95,SIPP_BigCS,"126,201,0","103,228,0",0,-1,0,0.0,0.0,0.0,0.0,
95,SIPP_Standard,"126,201,4","103,228,0",0,-1,0,4e-05,0.0,0.0,0.0,
96,SIPP_2^2,"187,140,0","165,169,0",0,-1,0,0.0,0.0,0.0,0.0,
96,SIPP_2^3,"187,140,0","165,169,0",0,-1,0,0.0,0.0,0.0,0.0,
96,SIPP_2^4,"187,140,0","165,169,0",0,-1,0,0.0,0.0,0.0,0.0,
96,SIPP_2^5,"187,140,0","165,169,0",0,-1,0,0.0,0.0,0.0,0.0,
96,SIPP_BigCS,"187,140,0","165,169,0",0,-1,0,0.0,0.0,0.0,0.0,
96,SIPP_Standard,"187,140,3","165,169,15",0,-1,2,0.0235,0.0,0.0,0.0,
97,SIPP_2^2,"80,49,0","44,55,0",0,-1,0,0.0,0.0,0.0,0.0,
97,SIPP_2^3,"80,49,0","44,55,0",0,-1,0,0.0,0.0,0.0,0.0,
97,SIPP_2^4,"80,49,0","44,55,0",0,-1,0,0.0,0.0,0.0,0.0,
97,SIPP_2^5,"80,49,0","44,55,0",0,-1,0,0.0,0.0,0.0,0.0,
97,SIPP_BigCS,"80,49,0","44,55,0",0,-1,0,0.0,0.0,0.0,0.0,
97,SIPP_Standard,"80,49,14","44,55,13",0,-1,0,8e-05,0.0,0.0,0.0,
98,SIPP_2^2,"73,239,0","109,233,0",0,-1,0,0.0,0.0,0.0,0.0,
98,SIPP_2^3,"73,239,0","109,233,0",0,-1,0,0.0,0.0,0.0,0.0,
98,SIPP_2^4,"73,239,0","109,233,0",0,-1,0,0.0,0.0,0.0,0.0,
98,SIPP_2^5,"73,239,0","109,233,0",0,-1,0,0.0,0.0,0.0,0.0,
98,SIPP_BigCS,"73,239,0","109,233,0",0,-1,0,0.0,0.0,0.0,0.0,
98,SIPP_Standard,"73,239,3","109,233,5",0,-1,0,5e-05,0.0,0.0,0.0,
99,SIPP_2^2,"41,74,0","51,109,0",0,-1,0,0.0,0.0,0.0,0.0,
99,SIPP_2^3,"41,74,0","51,109,0",0,-1,0,0.0,0.0,0.0,0.0,
99,SIPP_2^4,"41,74,0","51,109,0",0,-1,0,0.0,0.0,0.0,0.0,
99,SIPP_2^5,"41,74,0","51,109,0",0,-1,0,0.0,0.0,0.0,0.0,
99,SIPP_BigCS,"41,74,0","51,109,0",0,-1,0,0.0,0.0,0.0,0.0,
99,SIPP_Standard,"41,74,9","51,109,3",0,-1,66762,180.00059,0.0,0.0,0.0,
100,SIPP_2^2,"200,171,0","223,141,0",1,530.0,930,0.41171,106.06602,23.56194,47.12389,0 0 0 0 0 0 0 0 0 0 0 0 0 0 0 0 0 0 0 0 0 0 0 1 1 1 0 1 1 1 1 1 0 1 1 0 1 1 1 1 1 1 1 0 1 0 1 1 1 0 1 0 1
100,SIPP_2^3,"200,171,0","223,141,0",1,395.26912799999985,238,0.199,23.18633,4.71239,9.42478,1 0 0 0 0 1 1 1 1 1 1 1 1 1 1 1 1 1 0 0 1 0 1 1 1 1 1 1 1 1
100,SIPP_2^4,"200,171,0","223,141,0",1,382.7989359999999,151,0.34092,12.90459,2.574,5.14801,2 2 2 2 1 2 2 1 2 1 1 2 2 2 2 1 1 1 2 2 2 2 2
100,SIPP_2^5,"200,171,0","223,141,0",1,379.6678149999999,90,0.54087,4.93989,0.98698,1.97396,3 3 3 3 3 4 3 4 3 4 4 4 4 4 4 4
100,SIPP_BigCS,"200,171,15","223,141,6",1,378.0,32,0.537,8.69458,1.6376,0.1064,252 101 125 220 125 220
100,SIPP_Standard,"200,171,15","223,141,6",1,396.0,229,2.17291,12.78133,2.462,0.2615,22 49 68 53 73
101,SIPP_2^2,"195,160,0","178,125,0",0,-1,0,0.0,0.0,0.0,0.0,
101,SIPP_2^3,"195,160,0","178,125,0",0,-1,0,0.0,0.0,0.0,0.0,
101,SIPP_2^4,"195,160,0","178,125,0",0,-1,0,0.0,0.0,0.0,0.0,
101,SIPP_2^5,"195,160,0","178,125,0",0,-1,0,0.0,0.0,0.0,0.0,
101,SIPP_BigCS,"195,160,0","178,125,0",0,-1,0,0.0,0.0,0.0,0.0,
101,SIPP_Standard,"195,160,11","178,125,12",0,-1,0,0.00067,0.0,0.0,0.0,
102,SIPP_2^2,"207,163,0","197,125,0",1,597.720295,1570,0.86836,84.85281,18.84956,37.69911,0 0 0 0 0 0 0 0 0 0 0 0 0 0 0 0 0 0 0 0 0 0 0 0 0 0 0 0 0 0 0 0 0 0 0 0 3 0 0 0 3 0 0 3 0 -23.970 3 -1.566 3 -12.185 3 3 2 3 3 2 2 3 2
102,SIPP_2^3,"207,163,0","197,125,0",1,570.4968610000001,1811,1.54164,63.7561,12.56637,25.13274,7 7 7 7 7 7 7 0 7 7 7 7 7 7 0 0 0 0 7 0 0 0 0 0 0 0 0 0 0 7 0 7 7 0 0 0 7 0 0 0 2 2 -7.654 2 2 3 2 2 3
102,SIPP_2^4,"207,163,0","197,125,0",1,564.3877089999999,1820,4.05902,27.87557,5.60173,11.20346,14 14 14 14 14 14 14 14 14 14 14 14 15 0 15 0 0 0 0 0 0 0 0 15 0 0 0 15 15 15 0 0 0 0 2 -2.011 4 -6.009 5 -0.562 5 -0.711 5
102,SIPP_2^5,"207,163,0","197,125,0",1,564.3877089999999,1850,10.67944,17.2681,3.46334,6.92669,28 28 28 28 28 28 28 28 28 28 28 29 31 31 31 0 0 0 0 0 0 0 0 0 31 31 -1.399 0 0 4 -4.749 8 -6.009 10 -0.562 10 -0.711 10
102,SIPP_BigCS,"207,163,4","197,125,3",1,565.4302729999999,15842,162.82645,20.17523,3.8054,0.9111,102 102 102 102 102 102 102 102 102 154 306 6 30 202 202 202 346 -27.430 149 207
102,SIPP_Standard,"207,163,4","197,125,3",1,583.3310829999999,2554,10.69901,27.209,5.2776,0.8279,54 74 -12.156 85 10 42 -79.175 84
103,SIPP_2^2,"54,104,0","30,75,0",1,730.820761,732,0.3101,120.20815,32.98672,65.97345,0 1 -127.536 3 -12.448 2 -8.047 0 3 3 3 3 0 0 0 0 0 0 0 0 0 0 0 0 3 0 0 0 0 3 0 0 0 -11.072 0 -1.126 0 -0.592 0 0 3 3 3 3 3 3 3 3 3 3 3 3 3 0 3 3 0 0 3 0 3 0 3
103,SIPP_2^3,"54,104,0","30,75,0",1,588.495936,340,0.25503,51.8378,13.35177,26.70354,2 -159.984 6 7 6 7 7 0 0 0 0 7 7 0 0 7 0 7 7 7 7 0 -1.528 7 7 7 7 7 7 7 7 7 7 6 6 7
103,SIPP_2^4,"54,104,0","30,75,0",1,580.8695799999999,330,0.62997,32.24933,9.60463,19.20926,4 -159.984 12 14 12 14 14 0 0 0 15 0 15 15 15 15 15 14 14 13 14 14 14 13 14 13 13
103,SIPP_2^5,"54,104,0","30,75,0",1,573.338934,295,1.32222,18.80616,4.60558,9.21115,8 -159.713 25 28 28 31 31 31 31 30 30 28 27 27 27 27 28
103,SIPP_BigCS,"54,104,11","30,75,9",1,684.00001,4117,22.02333,49.63716,9.7756,2.7547,103 167 328 69 340 330 75 102 102 154 322 -19.970 237 -47.030 26 221
103,SIPP_Standard,"54,104,11","30,75,9",1,1369.706466,30066,73.95484,40.1286,7.444,1.031,1 -57.438 1 9 33 -18.137 58 58 66 50 -7.492 77 -15.204 66 -26.018 38 7 75 102 -1.419 88
104,SIPP_2^2,"249,103,0","225,82,0",0,-1,0,0.0,0.0,0.0,0.0,
104,SIPP_2^3,"249,103,0","225,82,0",0,-1,0,0.0,0.0,0.0,0.0,
104,SIPP_2^4,"249,103,0","225,82,0",0,-1,0,0.0,0.0,0.0,0.0,
104,SIPP_2^5,"249,103,0","225,82,0",0,-1,0,0.0,0.0,0.0,0.0,
104,SIPP_BigCS,"249,103,0","225,82,0",0,-1,0,0.0,0.0,0.0,0.0,
104,SIPP_Standard,"249,103,15","225,82,4",0,-1,0,0.00017,0.0,0.0,0.0,
105,SIPP_2^2,"102,125,0","133,148,0",1,592.578097,696,0.33162,113.13708,25.13274,50.26548,2 2 2 2 2 2 2 1 1 1 -7.103 2 -1.126 1 -0.592 2 -0.206 2 -0.049 2 1 1 1 1 1 1 1 1 1 1 1 1 1 1 1 1 1 1 2 1 2 1 1 1 2 1 2 -31.063 1 -10.511 1 -0.869 1 -1.059 2 2 2 2 2 2 2 1 2
105,SIPP_2^3,"102,125,0","133,148,0",1,578.297047,802,0.67094,54.31939,10.99557,21.99115,4 4 4 4 4 4 3 2 2 -12.960 2 -1.126 4 -0.592 4 -0.206 4 -0.049 4 2 2 2 2 2 2 2 2 2 2 2 2 2 2 2 2 1 2 2 2 2 1 2 -2.716 2 -9.937 2 3 4 4 4 4 3 4 4 4 4 4 4 4 4
105,SIPP_2^4,"102,125,0","133,148,0",1,576.8305829999999,831,1.81834,44.78565,9.06507,18.13014,8 8 8 8 8 8 6 4 4 -12.960 4 -1.126 8 -0.592 8 -0.206 8 -0.049 8 4 4 4 4 4 4 4 4 4 4 4 4 4 4 4 4 4 3 4 4 3 -6.278 4 -9.937 4 7 8 8 -2.096 7 8 8 8 8 8 8 8 8
105,SIPP_2^5,"102,125,0","133,148,0",1,575.980591,845,4.56173,40.45746,8.21369,16.42738,16 16 16 16 16 16 12 8 8 -12.960 8 -1.126 16 -0.592 16 -0.206 16 -0.049 16 8 8 8 8 8 8 8 8 8 8 8 8 8 7 8 8 8 8 7 -7.754 8 -9.937 8 15 16 -2.722 15 16 16 16 16 16 16 16
105,SIPP_BigCS,"102,125,11","133,148,6",1,575.574572,4562,40.83361,33.42306,6.5368,1.7059,331 68 327 -20.144 232 5 5 5 5 5 13 337 207 -43.431 247 4 4 4 4 4
105,SIPP_Standard,"102,125,11","133,148,6",1,588.7367489999999,223,1.78185,25.20445,4.8557,0.7416,110 -33.284 32 89 21 -23.319 52 -31.133 88
106,SIPP_2^2,"99,23,0","132,5,0",0,-1,0,0.0,0.0,0.0,0.0,
106,SIPP_2^3,"99,23,0","132,5,0",0,-1,0,0.0,0.0,0.0,0.0,
106,SIPP_2^4,"99,23,0","132,5,0",0,-1,0,0.0,0.0,0.0,0.0,
106,SIPP_2^5,"99,23,0","132,5,0",0,-1,0,0.0,0.0,0.0,0.0,
106,SIPP_BigCS,"99,23,0","132,5,0",0,-1,0,0.0,0.0,0.0,0.0,
106,SIPP_Standard,"99,23,2","132,5,4",0,-1,0,0.00022,0.0,0.0,0.0,
107,SIPP_2^2,"233,114,0","197,104,0",1,478.748052,246,0.10321,49.49747,10.99557,21.99115,0 3 3 3 3 3 3 3 0 0 3 3 3 0 0 3 3 3 3 3 3 3 0 0 0 0 0 3 3 3 3 3 -17.583 3 -0.534 3 -0.151 3 -0.060 3 -0.420 3 3 3 3 3 3 3 3 3 3
107,SIPP_2^3,"233,114,0","197,104,0",1,401.42135999999994,185,0.15795,20.18575,3.92699,7.85398,7 7 7 7 7 7 6 7 7 7 6 6 6 6 6 6 6 6 6 6 7 6 6 6 6 6 6 6 6 6 6 6 6 6 6 6
107,SIPP_2^4,"233,114,0","197,104,0",1,385.388256,130,0.28593,20.22027,4.03093,8.06186,14 13 13 13 13 13 12 12 12 12 12 12 12 12 13 12 12 12 12 12 13 12 13 12 12 12 13
107,SIPP_2^5,"233,114,0","197,104,0",1,378.7471289999999,88,0.44567,18.43405,3.68115,7.36231,28 25 25 25 24 25 25 24 25 24 24 24 24 25 24 25 24 25
107,SIPP_BigCS,"233,114,5","197,104,9",1,383.0,237,2.65536,14.61909,2.8031,0.4679,102 162 87 205 309 7 7 7 43 309
107,SIPP_Standard,"233,114,5","197,104,9",1,405.0,48,1.05995,5.72112,1.1057,0.1081,66 38 3 3 3
108,SIPP_2^2,"195,106,0","237,105,0",0,-1,0,0.0,0.0,0.0,0.0,
108,SIPP_2^3,"195,106,0","237,105,0",0,-1,0,0.0,0.0,0.0,0.0,
108,SIPP_2^4,"195,106,0","237,105,0",0,-1,0,0.0,0.0,0.0,0.0,
108,SIPP_2^5,"195,106,0","237,105,0",0,-1,0,0.0,0.0,0.0,0.0,
108,SIPP_BigCS,"195,106,0","237,105,0",0,-1,0,0.0,0.0,0.0,0.0,
108,SIPP_Standard,"195,106,1","237,105,7",0,-1,0,0.00041,0.0,0.0,0.0,
109,SIPP_2^2,"58,232,0","98,236,0",1,528.5415009999999,467,0.2109,56.56854,12.56637,25.13274,2 2 2 2 2 2 1 2 1 1 1 1 1 1 1 1 1 1 1 1 1 -0.486 1 1 1 1 1 1 1 1 1 1 1 1 1 1 1 1 0 1 -8.056 1 1 1 2 1 1 1 1 1 1 0 0 0
109,SIPP_2^3,"58,232,0","98,236,0",1,517.065523,589,0.46449,40.16385,7.85398,15.70796,4 4 4 4 4 4 3 -2.934 2 2 2 2 2 2 2 2 2 2 2 2 -0.568 2 -2.841 2 2 2 2 2 2 2 2 2 2 2 1 2 2 2 2 2 1 2 2 2 2 2 3 3 1 -1.653 0 -4.216 0
109,SIPP_2^4,"58,232,0","98,236,0",1,504.92042699999996,553,1.10569,37.70519,7.63617,15.27234,8 8 8 8 8 -0.640 7 6 4 4 4 4 4 4 4 4 4 4 4 4 4 4 4 3 4 4 4 3 4 4 4 4 3 4 4 4 4 4 4 4 5 4 2 -0.050 14
109,SIPP_2^5,"58,232,0","98,236,0",1,504.92042699999996,586,2.83358,30.52704,5.85749,11.71499,16 16 16 16 16 -0.640 14 12 8 8 8 8 8 8 8 8 8 8 8 8 7 7 8 8 8 7 8 8 8 8 8 8 8 9 8 8 8 8 4 -3.002 28
109,SIPP_BigCS,"58,232,1","98,236,2",1,520.97531,3795,26.25979,29.61489,5.8171,1.7151,4 4 4 4 64 -2.287 160 5 5 5 5 5 5 1 5 29 -0.513 297 -2.175 100 164 329 6
109,SIPP_Standard,"58,232,1","98,236,2",1,604.3633729999999,581,2.2878,22.62791,4.387,0.5558,-104.450 80 -0.375 5 65 45 -0.538 21 44
110,SIPP_2^2,"60,154,0","42,123,0",0,-1,0,0.0,0.0,0.0,0.0,
110,SIPP_2^3,"60,154,0","42,123,0",0,-1,0,0.0,0.0,0.0,0.0,
110,SIPP_2^4,"60,154,0","42,123,0",0,-1,0,0.0,0.0,0.0,0.0,
110,SIPP_2^5,"60,154,0","42,123,0",0,-1,0,0.0,0.0,0.0,0.0,
110,SIPP_BigCS,"60,154,0","42,123,0",0,-1,0,0.0,0.0,0.0,0.0,
110,SIPP_Standard,"60,154,14","42,123,9",0,-1,0,0.00042,0.0,0.0,0.0,
111,SIPP_2^2,"31,235,0","3,199,0",1,1460.165552,5471,2.1979,296.98485,65.97345,131.94689,2 1 1 1 2 1 1 1 1 1 1 1 1 0 0 0 0 1 0 0 0 0 -146.486 0 -1.109 3 -0.370 3 -0.093 3 -0.020 3 3 3 -0.045 3 -0.375 0 -1.123 3 -2.873 3 -23.118 3 3 -4.192 3 -11.827 3 3 -10.911 2 -12.179 3 -28.303 3 3 -2.190 3 3 0 0 -14.953 0 0 0 1 1 0 1 1 0 1 1 1 0 1 0 1 0 1 1 1 0 0 1 0 3 0 3 3 3 3 3 3 3 3 3 0 0 0 3 0 3 0 3 3 0 0 0 3 3 3 3 3 3 3 3 3 3 3 3 3 3 3 3 3 0 3 0 0 0 0 0 3 3 0
111,SIPP_2^3,"31,235,0","3,199,0",1,784.3906860000001,1304,0.9736,133.22285,26.70354,53.40708,2 3 2 2 3 2 1 2 0 -0.908 0 0 0 7 -5.541 7 7 7 7 7 7 6 7 6 7 6 6 7 7 7 7 7 7 7 7 7 7 7 7 7 0 0 0 0 7 0 7 0 7 1 -1.089 2 1 -0.952 1 -9.191 6 0 6 6 -0.018 6 5 5 6 6 6 6 6
111,SIPP_2^4,"31,235,0","3,199,0",1,625.8821220000002,247,0.44765,28.67872,5.67764,11.35528,5 4 5 4 3 -0.438 1 15 15 14 13 14 14 13 13 14 14 14 14 14 14 14 14 14 14 14 14 14 14 14 14 14 14 14 14 14 14 14 13 14
111,SIPP_2^5,"31,235,0","3,199,0",1,623.2230070000002,223,0.8863,17.4312,3.46753,6.93506,9 9 6 4 31 30 28 27 27 27 28 28 28 28 28 28 28 28 28 28 28 28 28 28 28 28 28 28 28 28 28 27 28
111,SIPP_BigCS,"31,235,2","3,199,4",1,622.729701,562,2.88998,19.61526,3.7852,0.9508,184 -3.715 69 -4.015 340 370 205 205 253 102 102 102 102 102 102 102 102 102 102 102 102 102 102 102 102 102 102 102 102 102 102 102
111,SIPP_Standard,"31,235,2","3,199,4",1,1567.81526,27752,60.88054,64.15493,12.098,1.7749,36 1 13 108 38 11 47 -46.074 7 67 35 80 13 -14.634 108 -2.107 30 54 58 58 74
112,SIPP_2^2,"98,186,0","57,176,0",0,-1,0,0.0,0.0,0.0,0.0,
112,SIPP_2^3,"98,186,0","57,176,0",0,-1,0,0.0,0.0,0.0,0.0,
112,SIPP_2^4,"98,186,0","57,176,0",0,-1,0,0.0,0.0,0.0,0.0,
112,SIPP_2^5,"98,186,0","57,176,0",0,-1,0,0.0,0.0,0.0,0.0,
112,SIPP_BigCS,"98,186,0","57,176,0",0,-1,0,0.0,0.0,0.0,0.0,
112,SIPP_Standard,"98,186,13","57,176,10",0,-1,0,5e-05,0.0,0.0,0.0,
113,SIPP_2^2,"139,132,0","129,89,0",1,547.0127749999999,789,0.3481,84.85281,18.84956,37.69911,0 0 0 0 0 0 0 0 0 0 0 0 3 3 0 0 0 0 0 0 0 0 0 0 0 0 0 3 3 0 0 0 0 0 0 0 0 3 0 3 3 0 0 0 3 3 0 0 3 -7.057 0 -9.956 0 0 0
113,SIPP_2^3,"139,132,0","129,89,0",1,538.665708,1138,0.96429,69.95223,14.13717,28.27433,0 0 0 0 7 7 0 0 0 0 0 0 7 7 7 7 7 7 0 0 0 0 0 0 7 7 7 7 0 0 0 0 7 0 7 0 0 0 0 0 7 -2.392 1 2 2 2 0 2
113,SIPP_2^4,"139,132,0","129,89,0",1,453.6068,284,0.66115,30.25514,6.02742,12.05484,0 15 15 15 15 0 15 0 0 0 0 0 0 0 15 0 0 0 0 0 0 0 0 0 15 0 15 0 0 0 15 0 15
113,SIPP_2^5,"139,132,0","129,89,0",1,446.22776999999985,173,1.09519,11.30108,2.25225,4.50451,0 0 0 0 0 0 0 0 0 0 31 31 31 0 31 31 31 31 31 0 31 0 31
113,SIPP_BigCS,"139,132,12","129,89,0",1,450.0,840,9.97701,15.08629,2.9165,0.3113,6 6 6 82 306 6 30 362 82 306
113,SIPP_Standard,"139,132,12","129,89,0",1,537.5734779999999,3156,11.55627,19.94016,3.7598,0.5483,46 10 54 58 98 -43.573 76
114,SIPP_2^2,"78,114,0","104,150,0",0,-1,0,0.0,0.0,0.0,0.0,
114,SIPP_2^3,"78,114,0","104,150,0",0,-1,0,0.0,0.0,0.0,0.0,
114,SIPP_2^4,"78,114,0","104,150,0",0,-1,0,0.0,0.0,0.0,0.0,
114,SIPP_2^5,"78,114,0","104,150,0",0,-1,0,0.0,0.0,0.0,0.0,
114,SIPP_BigCS,"78,114,0","104,150,0",0,-1,0,0.0,0.0,0.0,0.0,
114,SIPP_Standard,"78,114,3","104,150,11",0,-1,0,0.00051,0.0,0.0,0.0,
115,SIPP_2^2,"191,136,0","154,154,0",0,-1,46,0.03848,0.0,0.0,0.0,
115,SIPP_2^3,"191,136,0","154,154,0",1,595.7544750000001,367,0.27045,81.36197,15.70796,31.41593,6 6 6 6 6 6 6 6 6 6 6 7 7 7 7 1 -7.574 2 -2.284 4 -1.597 4 -4.786 3 4 5 4 5 5 5 5 5 6 5 5 5 5 5 5 6 5 6 5 5 -2.616 4 5 -1.628 5 6 6 6 6 6
115,SIPP_2^4,"191,136,0","154,154,0",1,594.382978,411,0.8087,66.26622,12.56637,25.13274,12 13 13 12 12 12 12 12 13 12 12 0 0 -21.203 4 -2.284 8 -6.684 7 8 9 10 11 10 -0.873 10 10 10 11 10 11 10 10 10 10 -7.786 8 -0.525 9 11 12 12 12 12 12
115,SIPP_2^5,"191,136,0","154,154,0",1,594.382978,450,2.22217,47.32507,9.21402,18.42805,25 25 24 24 24 24 26 31 4 -1.541 12 -1.007 12 18 18 18 18 21 22 21 20 20 21 20 -0.352 20 -10.043 16 -0.525 18 22 24 24 24 24 24
115,SIPP_BigCS,"191,136,12","154,154,1",1,670.0,2982,25.79343,34.16574,6.7454,1.983,7 7 7 3 75 174 332 77 336 206 254 103 103 103 103 103 103 103 103 103 103 103 103 191 59
115,SIPP_Standard,"191,136,12","154,154,1",1,1090.481556,6762,21.97006,24.16507,4.6181,0.5738,19 69 -296.943 50 101 -2.866 67 -9.643 31 -0.150 39 -44.879 8 48
116,SIPP_2^2,"106,214,0","70,235,0",1,617.644229,1008,0.42134,162.63456,39.26991,78.53982,0 2 3 3 2 3 3 3 3 3 3 3 3 3 3 3 3 3 3 3 2 3 3 2 3 3 2 2 3 3 2 2 3 2 3 3 3 3 2 2 2 -8.076 2 -19.568 3 2 2 3 3 2 2 3 2 2 2 2 3 3 3 2 3
116,SIPP_2^3,"106,214,0","70,235,0",1,504.3290839999999,581,0.47718,72.44523,14.92257,29.84513,0 5 -2.197 5 6 6 5 6 6 6 6 6 5 5 5 5 5 6 6 5 5 6 6 5 6 6 6 6 6 6 6 6 6 6 5 4 4 4 4 5 4 5 4 4 5
116,SIPP_2^4,"106,214,0","70,235,0",1,493.862593,559,1.19056,32.72758,7.03063,14.06125,0 10 -3.678 11 12 12 12 12 12 12 11 11 11 11 11 11 11 11 12 -3.572 12 12 12 12 12 12 10 9 8 8 8 9 8 8 9
116,SIPP_2^5,"106,214,0","70,235,0",1,491.5070449999999,568,3.02451,27.43842,5.96143,11.92287,0 20 -2.197 20 23 23 23 23 23 23 22 23 23 25 24 -5.050 20 17 17 16 16 17
116,SIPP_BigCS,"106,214,15","70,235,13",1,555.981104,2807,21.97027,28.21854,5.5509,1.4157,77 336 326 339 365 7 7 7 7 7 7 7 7 31 -12.938 355 -6.043 103 103 103 103 127
116,SIPP_Standard,"106,214,15","70,235,13",1,885.014529,69,0.18292,21.15887,3.9295,0.5144,56 -210.015 88 24 91 3 3 23 38
117,SIPP_2^2,"190,152,0","170,113,0",0,-1,0,0.0,0.0,0.0,0.0,
117,SIPP_2^3,"190,152,0","170,113,0",0,-1,0,0.0,0.0,0.0,0.0,
117,SIPP_2^4,"190,152,0","170,113,0",0,-1,0,0.0,0.0,0.0,0.0,
117,SIPP_2^5,"190,152,0","170,113,0",0,-1,0,0.0,0.0,0.0,0.0,
117,SIPP_BigCS,"190,152,0","170,113,0",0,-1,0,0.0,0.0,0.0,0.0,
117,SIPP_Standard,"190,152,2","170,113,4",0,-1,0,4e-05,0.0,0.0,0.0,
118,SIPP_2^2,"209,214,0","200,171,0",1,520.0,144,0.05538,84.85281,18.84956,37.69911,0 0 0 0 0 3 0 0 3 0 3 0 3 0 0 3 3 3 3 0 3 0 0 0 0 0 0 0 0 0 0 0 0 0 0 0 0 0 0 0 0 0 0 0 0 0 0 0 0 0 0 0
118,SIPP_2^3,"209,214,0","200,171,0",1,467.279224,113,0.08031,7.86324,1.5708,3.14159,0 0 0 0 7 7 7 7 7 7 7 7 7 0 0 0 0 0 0 0 0 0 0 0 0 0 0 0 0 0 0 0 0 0 0 0 0 0 0 0 0 0 0
118,SIPP_2^4,"209,214,0","200,171,0",1,460.15340000000003,108,0.19163,7.15183,1.4289,2.8578,14 14 15 15 14 14 14 15 15 0 0 0 0 0 0 0 0 0 0 0 0 0 0 0 0 0 0 0 0 0 0 0 0 0 0 0 0 0 0
118,SIPP_2^5,"209,214,0","200,171,0",1,458.073588,104,0.42909,4.91129,0.98279,1.96559,29 29 28 28 29 31 0 0 0 0 0 0 0 0 0 0 0 0 0 0 0 0 0 0 0 0 0 0 0 0 0 0 0 0 0
118,SIPP_BigCS,"209,214,7","200,171,11",1,457.0,246,1.12017,6.00386,1.1163,0.1197,202 202 250 158 2 2 2 6 6 6
118,SIPP_Standard,"209,214,7","200,171,11",1,487.0,70,0.2052,20.65875,4.0046,0.49,54 66 46 6 106 37
119,SIPP_2^2,"115,112,0","96,72,0",1,590.0,1005,0.46623,190.91883,42.4115,84.823,3 3 3 3 0 3 0 3 0 3 0 0 0 0 0 0 0 0 0 0 3 3 0 0 0 0 0 0 0 0 0 3 0 3 0 0 3 0 0 0 0 3 0 3 0 0 0 0 0 0 3 0 3 0 3 3 0 3 0
119,SIPP_2^3,"115,112,0","96,72,0",1,478.7005839999999,484,0.41605,27.68536,5.49779,10.99557,0 0 0 0 0 0 0 0 0 0 0 0 0 0 0 0 7 7 7 7 7 0 7 7 7 7 7 7 7 7 0 0 0 7 7 7 7 7 0 7
119,SIPP_2^4,"115,112,0","96,72,0",1,456.05515199999996,298,0.7169,18.84772,3.74714,7.49428,15 15 15 15 15 15 15 15 15 0 0 0 0 15 0 0 15 15 15 0 15 15 14 13 14
119,SIPP_2^5,"115,112,0","96,72,0",1,451.48608099999996,267,1.63452,4.30459,0.85844,1.71688,31 31 31 31 31 31 31 31 30 30 30 30 30 30 28 27 28
119,SIPP_BigCS,"115,112,13","96,72,9",1,452.909908,1256,14.01494,11.69958,2.0821,0.2203,82 202 202 202 306 82 202 202 202 202 -1.910 354 102
119,SIPP_Standard,"115,112,13","96,72,9",1,483.0,769,4.00243,17.81478,3.449,0.4482,2 10 46 10 50 77
120,SIPP_2^2,"50,217,0","12,233,0",1,840.8303589999999,2357,1.14944,148.49242,36.12832,72.25663,2 2 2 2 2 2 2 2 3 2 2 3 2 3 3 3 3 3 3 3 2 3 3 3 3 3 2 3 -16.631 2 2 -10.911 1 -1.056 2 -0.985 1 -0.534 1 -7.478 3 -0.370 3 -0.093 3 -9.950 0 -0.022 0 -0.094 0 -11.498 3 -2.873 0 -6.923 3 -29.575 3 3 -2.835 3 -42.894 3 -13.005 3 -3.105 3 3 3 3 3 3 3 3 3 3 3 3 3 3 2 2 3 2 2 3
120,SIPP_2^3,"50,217,0","12,233,0",1,747.50497,2801,2.27684,52.572,10.21018,20.42035,5 5 5 5 5 5 6 6 5 5 5 5 6 6 6 6 6 6 5 -1.884 5 5 4 4 4 4 5 5 5 5 -4.196 5 5 5 6 6 5 5 5 6 5 6 6 6 -95.168 0 -6.845 0 0 0 0 0 0 0 0 0 0 0
120,SIPP_2^4,"50,217,0","12,233,0",1,747.50497,2899,6.15981,47.24538,8.88522,17.77044,11 11 11 11 11 11 11 11 11 11 -2.972 10 8 8 9 8 9 8 9 8 11 11 11 11 12 11 12 11 -108.693 0 -6.845 0 0 0 0 0 0 0 0 0 0 0
120,SIPP_2^5,"50,217,0","12,233,0",1,747.50497,2920,15.0407,18.76879,3.67828,7.35656,20 20 21 21 19 18 18 18 18 17 20 20 23 23 23 23 23 23 24 24 24 -115.123 0 -6.845 0 0 0 0 0 0 0 0 0 0 0
120,SIPP_BigCS,"50,217,13","12,233,2",0,-1,24218,180.01029,0.0,0.0,0.0,
120,SIPP_Standard,"50,217,13","12,233,2",1,768.992297,7544,14.79563,41.79552,8.0463,1.2641,43 109 39 20 39 24 107 -20.992 46 2
121,SIPP_2^2,"230,148,0","188,133,0",0,-1,0,0.0,0.0,0.0,0.0,
121,SIPP_2^3,"230,148,0","188,133,0",0,-1,0,0.0,0.0,0.0,0.0,
121,SIPP_2^4,"230,148,0","188,133,0",0,-1,0,0.0,0.0,0.0,0.0,
121,SIPP_2^5,"230,148,0","188,133,0",0,-1,0,0.0,0.0,0.0,0.0,
121,SIPP_BigCS,"230,148,0","188,133,0",0,-1,0,0.0,0.0,0.0,0.0,
121,SIPP_Standard,"230,148,1","188,133,8",0,-1,0,5e-05,0.0,0.0,0.0,
122,SIPP_2^2,"191,65,0","190,14,0",0,-1,0,0.0,0.0,0.0,0.0,
122,SIPP_2^3,"191,65,0","190,14,0",0,-1,0,0.0,0.0,0.0,0.0,
122,SIPP_2^4,"191,65,0","190,14,0",0,-1,0,0.0,0.0,0.0,0.0,
122,SIPP_2^5,"191,65,0","190,14,0",0,-1,0,0.0,0.0,0.0,0.0,
122,SIPP_BigCS,"191,65,0","190,14,0",0,-1,0,0.0,0.0,0.0,0.0,
122,SIPP_Standard,"191,65,14","190,14,15",0,-1,0,1e-05,0.0,0.0,0.0,
123,SIPP_2^2,"35,232,0","33,186,0",0,-1,0,0.0,0.0,0.0,0.0,
123,SIPP_2^3,"35,232,0","33,186,0",0,-1,0,0.0,0.0,0.0,0.0,
123,SIPP_2^4,"35,232,0","33,186,0",0,-1,0,0.0,0.0,0.0,0.0,
123,SIPP_2^5,"35,232,0","33,186,0",0,-1,0,0.0,0.0,0.0,0.0,
123,SIPP_BigCS,"35,232,0","33,186,0",0,-1,0,0.0,0.0,0.0,0.0,
123,SIPP_Standard,"35,232,8","33,186,9",0,-1,0,4e-05,0.0,0.0,0.0,
124,SIPP_2^2,"2,62,0","9,13,0",1,601.849359,511,0.2195,70.71068,15.70796,31.41593,0 0 0 0 0 0 0 0 0 0 0 0 0 0 0 0 0 0 0 0 0 0 0 0 0 3 0 0 0 0 -21.849 0 0 0 0 0 0 0 0 0 0 0 0 0 1 0 0 0 0 1 0 1 1 1 1 1 0 1 0
124,SIPP_2^3,"2,62,0","9,13,0",1,578.417903,685,0.50503,27.56293,5.49779,10.99557,0 0 0 0 0 0 0 0 0 0 0 0 0 0 0 0 0 0 0 0 0 0 0 0 0 0 0 0 7 -27.707 0 0 0 0 0 0 0 0 0 0 0 0 0 0 0 0 1 1 2 2 1 2 2 1
124,SIPP_2^4,"2,62,0","9,13,0",1,571.913016,749,1.4318,35.87662,7.13457,14.26914,1 1 1 1 1 1 1 1 1 0 1 0 1 0 1 0 0 1 0 0 0 0 0 0 0 0 0 0 0 1 0 15 14 12 12 12 13
124,SIPP_2^5,"2,62,0","9,13,0",1,566.315442,735,3.69929,17.31995,3.42539,6.85077,1 1 1 2 1 1 1 1 1 2 2 2 2 0 0 0 1 0 0 0 0 0 0 28 28 24 24 25
124,SIPP_BigCS,"2,62,12","9,13,5",1,568.0,5457,39.39606,12.1729,2.0706,0.5601,204 204 204 204 204 204 204 204 204 204 204 204 308 6 6 6 6 6 6 2 66 102 162 7 7
124,SIPP_Standard,"2,62,12","9,13,5",1,588.0,1198,2.98107,22.84819,4.4238,0.5639,22 29 37 18 92 6 82
125,SIPP_2^2,"131,34,0","91,7,0",1,818.962632,1545,0.70877,148.49242,32.98672,65.97345,3 -12.644 3 -2.841 3 3 3 3 0 3 3 3 0 3 0 0 0 0 0 0 3 3 0 -115.537 0 -10.352 3 -7.587 0 3 3 0 3 3 3 3 3 3 3 3 3 3 3 3 3 3 3 0 3 3 0 0 0 0 3 3 0 0 0 0 3 3 3 3 3 0 0 0 0 0 3 0
125,SIPP_2^3,"131,34,0","91,7,0",1,720.6885180000003,1191,0.98802,84.79458,16.49336,32.98672,6 5 6 6 7 6 7 6 6 7 0 0 0 0 7 0 7 -146.170 0 -10.352 6 -8.897 7 7 7 7 7 7 7 7 7 7 7 7 7 7 6 6 6 6 6 7 6 6 6 6 7 6 7
125,SIPP_2^4,"131,34,0","91,7,0",1,702.8739579999999,1052,2.18358,37.95952,7.57019,15.14038,11 12 13 13 13 14 0 0 15 15 -162.716 0 -10.352 12 -8.897 14 14 13 14 14 13 14 14 13 13 13 13 14 13 13 13 13
125,SIPP_2^5,"131,34,0","91,7,0",1,700.02293,1028,5.07205,23.59957,4.65976,9.31953,23 26 26 26 28 0 31 0 0 -182.827 27 28 28 26 26 27 26 27 26 26 26 27 27
125,SIPP_BigCS,"131,34,12","91,7,2",1,697.243088,6424,46.21304,26.12692,5.0267,1.3714,171 7 7 7 75 174 340 -163.243 354 178 205 205 205 205 205 205 221
125,SIPP_Standard,"131,34,12","91,7,2",1,826.2759429999999,995,2.33354,24.08909,4.6871,0.6282,-15.456 3 27 -227.820 66 46 10 38 11
126,SIPP_2^2,"187,132,0","223,164,0",1,960.0,2105,1.08309,233.34524,51.83628,103.67256,2 3 3 3 2 3 3 3 3 3 3 0 0 0 0 0 1 1 1 2 1 1 1 2 1 2 2 1 1 2 1 1 1 1 1 1 1 1 1 1 1 1 1 2 1 1 1 1 1 2 1 1 2 1 2 2 2 2 1 1 1 1 1 2 2 2 2 2 2 2 2 2 2 2 1 1 2 2 2 2 2 1 2 1 2 2 2 2 1 2 1 1 2 1 1 1
126,SIPP_2^3,"187,132,0","223,164,0",1,839.0210480000002,3568,2.99948,99.89955,19.63495,39.26991,0 0 1 1 1 1 3 3 3 3 2 2 3 3 3 3 3 3 2 2 2 3 3 3 3 3 3 3 2 2 3 2 2 3 2 2 3 2 3 2 2 2 3 3 4 4 4 4 4 4 4 3 3 3 4 -52.331 4 5 6 6 6 6 6 5 6 5
126,SIPP_2^4,"187,132,0","223,164,0",1,833.8429329999999,3729,8.3894,47.8467,9.46273,18.92547,2 1 1 3 5 5 5 5 5 5 5 5 6 5 6 5 6 5 6 6 6 6 5 5 5 6 6 6 8 8 8 8 8 8 7 7 -86.178 8 11 12 11 12 12 -0.166 11
126,SIPP_2^5,"187,132,0","223,164,0",1,833.8429329999999,3961,22.0904,29.93319,5.85331,11.70662,2 3 6 10 10 10 11 11 11 11 11 10 11 11 11 10 11 14 15 16 16 16 15 -93.909 16 -0.099 23 23 24 -1.543 22
126,SIPP_BigCS,"187,132,13","223,164,4",0,-1,20767,180.01071,0.0,0.0,0.0,
126,SIPP_Standard,"187,132,13","223,164,4",1,834.3720689999999,2184,6.11837,40.0865,7.5784,1.1413,76 105 48 79 64 32 105 44 24 -3.372 59
127,SIPP_2^2,"131,123,0","173,146,0",1,784.638417,2082,0.90075,77.78175,17.27876,34.55752,2 2 2 2 2 2 2 2 2 2 2 2 2 2 2 2 2 2 -70.852 1 -4.184 2 1 1 1 1 -8.432 2 -12.296 1 -13.228 1 -2.352 1 -16.751 1 -3.997 1 1 1 1 -2.548 1 1 1 1 1 1 1 1 1 1 1 1 1 1 1 1 1 1 1 1 1 1 1 1 1 2 1 1 2 1 2 1
127,SIPP_2^3,"131,123,0","173,146,0",1,515.2691279999999,481,0.40045,40.3976,7.85398,15.70796,3 3 3 3 3 3 3 3 3 3 3 3 3 3 3 3 3 3 2 2 3 2 2 2 2 2 2 2 2 2 2 2 2 2 3 2 3 2 2 3 2 3
127,SIPP_2^4,"131,123,0","173,146,0",1,499.23602399999993,354,0.7804,18.79897,3.74714,7.49428,6 6 6 6 6 6 6 6 6 6 6 6 6 5 5 5 5 5 6 5 4 4 4 4 5 4 4 4 4 5 4 4 5
127,SIPP_2^5,"131,123,0","173,146,0",1,493.8622779999999,304,1.72651,13.97123,2.78894,5.57788,12 12 12 12 12 12 12 12 12 11 12 11 11 11 -0.105 9 9 8 9 8 9 8 8 8 9
127,SIPP_BigCS,"131,123,1","173,146,5",1,494.709187,1498,14.61555,12.82239,2.468,0.2485,100 100 100 100 100 124 255 100 176 -0.709 311 5 5 57 311
127,SIPP_Standard,"131,123,1","173,146,5",1,498.0,174,0.57584,10.68611,2.061,0.1975,28 28 48 95 17 95
128,SIPP_2^2,"255,193,0","238,214,0",0,-1,0,0.0,0.0,0.0,0.0,
128,SIPP_2^3,"255,193,0","238,214,0",0,-1,0,0.0,0.0,0.0,0.0,
128,SIPP_2^4,"255,193,0","238,214,0",0,-1,0,0.0,0.0,0.0,0.0,
128,SIPP_2^5,"255,193,0","238,214,0",0,-1,0,0.0,0.0,0.0,0.0,
128,SIPP_BigCS,"255,193,0","238,214,0",0,-1,0,0.0,0.0,0.0,0.0,
128,SIPP_Standard,"255,193,7","238,214,9",0,-1,0,2e-05,0.0,0.0,0.0,
129,SIPP_2^2,"115,137,0","101,183,0",0,-1,0,0.0,0.0,0.0,0.0,
129,SIPP_2^3,"115,137,0","101,183,0",0,-1,0,0.0,0.0,0.0,0.0,
129,SIPP_2^4,"115,137,0","101,183,0",0,-1,0,0.0,0.0,0.0,0.0,
129,SIPP_2^5,"115,137,0","101,183,0",0,-1,0,0.0,0.0,0.0,0.0,
129,SIPP_BigCS,"115,137,0","101,183,0",0,-1,0,0.0,0.0,0.0,0.0,
129,SIPP_Standard,"115,137,2","101,183,4",0,-1,0,4e-05,0.0,0.0,0.0,
130,SIPP_2^2,"71,124,0","122,122,0",0,-1,0,0.0,0.0,0.0,0.0,
130,SIPP_2^3,"71,124,0","122,122,0",0,-1,0,0.0,0.0,0.0,0.0,
130,SIPP_2^4,"71,124,0","122,122,0",0,-1,0,0.0,0.0,0.0,0.0,
130,SIPP_2^5,"71,124,0","122,122,0",0,-1,0,0.0,0.0,0.0,0.0,
130,SIPP_BigCS,"71,124,0","122,122,0",0,-1,0,0.0,0.0,0.0,0.0,
130,SIPP_Standard,"71,124,7","122,122,12",0,-1,0,4e-05,0.0,0.0,0.0,
131,SIPP_2^2,"177,255,0","170,207,0",0,-1,0,0.0,0.0,0.0,0.0,
131,SIPP_2^3,"177,255,0","170,207,0",0,-1,0,0.0,0.0,0.0,0.0,
131,SIPP_2^4,"177,255,0","170,207,0",0,-1,0,0.0,0.0,0.0,0.0,
131,SIPP_2^5,"177,255,0","170,207,0",0,-1,0,0.0,0.0,0.0,0.0,
131,SIPP_BigCS,"177,255,0","170,207,0",0,-1,0,0.0,0.0,0.0,0.0,
131,SIPP_Standard,"177,255,15","170,207,2",0,-1,0,1e-05,0.0,0.0,0.0,
132,SIPP_2^2,"219,164,0","255,132,0",0,-1,0,0.0,0.0,0.0,0.0,
132,SIPP_2^3,"219,164,0","255,132,0",0,-1,0,0.0,0.0,0.0,0.0,
132,SIPP_2^4,"219,164,0","255,132,0",0,-1,0,0.0,0.0,0.0,0.0,
132,SIPP_2^5,"219,164,0","255,132,0",0,-1,0,0.0,0.0,0.0,0.0,
132,SIPP_BigCS,"219,164,0","255,132,0",0,-1,0,0.0,0.0,0.0,0.0,
132,SIPP_Standard,"219,164,13","255,132,0",0,-1,59249,180.00104,0.0,0.0,0.0,
133,SIPP_2^2,"134,229,0","85,237,0",1,681.660396,776,0.31282,70.71068,15.70796,31.41593,3 3 3 3 3 3 3 3 3 3 3 3 3 3 3 3 3 3 3 3 3 3 3 3 0 3 3 0 3 3 3 3 3 3 3 -69.005 3 -0.012 2 -0.014 2 -2.630 2 2 2 3 2 3 3 3 3 3 3 3 3 3 3 3 3 3 2 2 2 2 3
133,SIPP_2^3,"134,229,0","85,237,0",1,628.7361730000003,832,0.623,27.7752,5.49779,10.99557,6 6 6 6 6 6 6 6 6 6 6 6 6 6 6 6 6 6 6 6 6 6 6 7 7 7 7 6 6 6 6 7 -39.893 6 6 -18.401 6 -0.012 6 -0.014 6 5 5 5 5 5 5 5 5 5 5 5 4 5
133,SIPP_2^4,"134,229,0","85,237,0",1,621.912426,820,1.53098,24.626,4.89224,9.78449,12 12 12 12 12 12 12 12 12 12 12 12 12 12 12 12 12 13 12 12 12 13 13 14 14 15 14 -0.344 13 -3.098 13 11 -0.502 11 10 10 10 10 10 9 9 9 10 9 9
133,SIPP_2^5,"134,229,0","85,237,0",1,619.538915,791,3.50826,20.01321,3.98667,7.97335,24 24 24 24 24 24 24 24 24 24 24 24 24 24 25 24 24 24 24 25 28 28 28 28 29 -1.862 25 24 23 19 19 20 20 19 19 19
133,SIPP_BigCS,"134,229,5","85,237,4",1,619.011291,3766,24.17539,21.56769,4.1539,0.6524,365 7 7 3 7 7 7 55 202 322 -2.653 381 -1.358 251 179 222
133,SIPP_Standard,"134,229,5","85,237,4",1,627.959411,181,0.41818,15.10163,2.7663,0.367,3 3 19 61 -55.959 109 51 78
134,SIPP_2^2,"223,179,0","176,163,0",1,630.0,860,0.36051,148.49242,32.98672,65.97345,3 3 3 3 3 3 3 3 3 3 0 3 0 3 3 3 0 3 3 0 0 3 3 3 3 3 3 0 0 3 3 3 3 3 3 3 3 3 3 0 3 0 3 3 3 3 3 3 3 0 0 0 3 3 3 0 3 3 0 0 3 3 0
134,SIPP_2^3,"223,179,0","176,163,0",1,536.2741759999999,605,0.49875,39.40507,7.85398,15.70796,6 6 6 6 6 6 6 6 6 6 6 6 6 6 6 6 6 6 6 6 6 6 6 6 6 7 7 7 7 7 7 6 7 6 7 7 7 7 7 7 6 7 6 7 7 6 6
134,SIPP_2^4,"223,179,0","176,163,0",1,507.77088,319,0.71443,9.35201,1.85459,3.70918,13 13 13 13 13 13 13 13 13 13 13 13 13 12 12 12 12 12 12 12 12 12 12 12 12 12 12 13 13 12 13
134,SIPP_2^5,"223,179,0","176,163,0",1,496.70233499999983,31,0.18128,1.42035,0.28379,0.56759,25 25 25 25 25 25 25 25 25 25 25 25 25 25 26 25
134,SIPP_BigCS,"223,179,15","176,163,13",1,502.0,639,7.05023,13.612,2.4457,0.2575,205 205 205 205 205 309 87 205 205 365 87 309
134,SIPP_Standard,"223,179,15","176,163,13",1,508.0,121,0.51259,14.14333,2.4724,0.2651,38 19 61 61 93 19
135,SIPP_2^2,"135,180,0","183,165,0",1,630.0,642,0.28346,98.99495,21.99115,43.9823,1 1 1 1 1 1 1 1 1 1 1 1 1 1 1 1 1 1 1 1 1 1 1 1 1 1 0 0 0 0 1 1 1 0 1 1 1 1 0 0 1 1 1 1 1 1 1 1 0 0 1 0 0 1 0 0 1 1 1 1 0 0 1
135,SIPP_2^3,"135,180,0","183,165,0",1,542.13204,433,0.36476,51.2661,10.21018,20.42035,2 2 2 2 2 2 2 1 1 1 1 1 1 1 1 2 2 2 2 1 2 2 2 2 2 2 2 2 1 1 2 2 2 2 2 2 2 2 2 1 2 1 2 2 1 2 2 1
135,SIPP_2^4,"135,180,0","183,165,0",1,515.4102,252,0.54838,20.93696,4.17283,8.34566,4 4 4 4 4 4 4 4 4 4 4 4 3 3 3 3 3 3 3 4 4 3 3 4 3 3 4 3 3 3 4 4 3
135,SIPP_2^5,"135,180,0","183,165,0",1,506.5553639999998,57,0.30769,3.73054,0.74744,1.49488,8 8 8 8 8 8 7 6 6 7 7 7 7 7 7 7 7 7 7 7 6
135,SIPP_BigCS,"135,180,8","183,165,0",1,510.0,413,4.54894,13.32043,2.409,0.2562,5 5 5 81 201 201 201 201 201 201 305 29 305 5 81
135,SIPP_Standard,"135,180,8","183,165,0",1,517.0,46,0.20655,16.22713,2.8446,0.3992,5 57 89 5 57 97
136,SIPP_2^2,"144,148,0","153,97,0",1,850.765978,3715,1.63101,70.71068,15.70796,31.41593,0 0 0 0 0 0 0 0 0 0 0 0 0 0 0 0 0 0 1 1 1 0 0 1 -113.250 1 0 0 1 1 -72.001 1 -12.274 1 -1.037 0 -1.200 0 -13.228 0 -2.352 0 -3.037 0 -3.714 0 -3.938 1 0 0 0 0 0 0 0 0 0 -0.810 3 0 0 0 0 0 0 0 0 0 0 0 0 0 -3.924 0
136,SIPP_2^3,"144,148,0","153,97,0",1,547.2792239999999,475,0.39942,40.09718,7.85398,15.70796,0 0 0 0 0 0 0 0 0 0 0 0 1 1 1 0 0 1 1 0 0 0 0 0 0 0 0 0 0 0 0 0 0 0 0 0 1 0 0 0 0 0 0 1 0 1 1 0 0 0 0
136,SIPP_2^4,"144,148,0","153,97,0",1,531.24612,346,0.77622,16.31605,3.24553,6.49107,0 0 0 0 0 0 0 0 0 0 0 0 0 0 0 0 0 0 0 0 0 0 0 0 1 0 0 0 0 0 0 1 0 1 1 1 1 1 1 0 0 1
136,SIPP_2^5,"144,148,0","153,97,0",1,524.6049929999999,261,1.4679,11.29377,2.25225,4.50451,0 0 0 0 0 0 0 0 0 0 0 0 0 0 0 0 0 0 1 0 1 1 0 0 1 1 1 1 1 0 0 0 1
136,SIPP_BigCS,"144,148,1","153,97,5",1,528.0,1198,11.63541,15.96722,3.0739,0.328,6 42 364 6 6 6 86 308 6 6 6 6 6 42 308
136,SIPP_Standard,"144,148,1","153,97,5",1,562.0,1078,3.00868,15.04424,2.8989,0.3819,37 2 2 2 6 106 53
137,SIPP_2^2,"7,14,0","62,13,0",1,805.11169,1531,0.63161,141.42136,31.41593,62.83185,1 0 0 1 1 1 1 1 1 1 1 1 1 1 1 1 1 0 0 1 0 1 0 0 0 1 1 1 1 1 2 2 2 2 2 2 2 2 2 1 1 -5.112 2 2 1 2 1 1 1 1 1 1 1 1 1 1 1 1 1 1 1 1 0 1 0 0 1 1 1 1 1 1 1 1 1 1 1 1 0 0 1
137,SIPP_2^3,"7,14,0","62,13,0",1,634.375136,935,0.69357,63.32281,12.56637,25.13274,2 2 2 2 2 2 2 2 2 2 2 2 2 3 3 2 2 2 2 2 2 3 3 2 2 2 2 2 2 2 2 3 3 2 1 1 1 2 1 2 1 1 2 1 1 2 2 2 2 2 2 2 -19.703 3 -2.541 2 2
137,SIPP_2^4,"7,14,0","62,13,0",1,633.581518,1032,2.01226,24.088,4.81633,9.63266,4 5 5 5 5 5 4 4 4 4 4 4 4 4 4 4 5 4 4 4 4 4 4 4 4 4 4 4 4 4 4 3 3 4 4 4 4 4 3 -16.819 4 -22.833 4 3 -4.734 3 -0.867 1
137,SIPP_2^5,"7,14,0","62,13,0",1,633.581518,1061,4.93063,30.75878,5.78445,11.56891,8 8 8 8 8 8 8 8 8 8 9 9 9 9 9 9 8 8 8 8 8 8 8 8 8 8 8 7 7 7 -23.461 8 -5.067 16 -3.845 5 -4.961 6 -0.867 2
137,SIPP_BigCS,"7,14,6","62,13,2",1,634.291634,7147,46.96029,26.62083,5.1551,1.1779,311 5 5 5 5 5 5 5 5 5 41 207 207 367 65 181 201 337 -40.292 271
137,SIPP_Standard,"7,14,6","62,13,2",1,772.962405,3018,7.69708,29.21429,5.5016,0.7998,63 79 64 32 -16.906 81 -2.962 22 -1.807 45 -2.287 1 5
138,SIPP_2^2,"172,166,0","127,186,0",1,650.0,1043,0.59959,120.20815,26.70354,53.40708,3 3 3 3 3 3 3 3 3 3 3 3 3 3 3 3 3 3 3 3 3 3 3 3 3 3 3 2 3 2 2 2 2 2 2 2 2 2 3 3 3 3 2 2 3 2 3 3 3 2 3 3 3 2 2 3 3 2 3 3 3 2 2 3 2
138,SIPP_2^3,"172,166,0","127,186,0",1,605.359948,980,0.87925,51.4953,10.21018,20.42035,6 6 6 6 6 6 6 6 6 6 6 6 6 6 6 6 5 5 6 6 6 6 6 6 6 6 5 6 5 5 4 4 4 5 4 5 5 5 5 5 5 -27.440 4 4 -2.964 6 -3.309 6 6 -2.382 6 -1.169 6 -0.106 6 5 5
138,SIPP_2^4,"172,166,0","127,186,0",1,605.359948,1038,2.6962,35.24789,6.78479,13.56958,12 12 12 12 12 12 12 12 12 12 12 12 12 12 12 12 12 12 12 12 12 12 11 11 11 -0.941 10 10 9 9 9 9 10 10 -40.448 8 11 -3.266 8 -3.309 12 12 -2.382 12 -1.169 12 -0.106 12 10 10
138,SIPP_2^5,"172,166,0","127,186,0",1,605.359948,1059,6.48441,27.66443,5.4627,10.92541,24 24 24 24 24 24 24 24 24 24 24 24 24 24 24 24 24 24 23 24 23 24 -0.605 22 -1.813 20 20 19 18 19 19 -40.311 16 16 -2.964 24 -3.309 24 24 -2.382 24 -1.169 24 -0.106 24 20 20
138,SIPP_BigCS,"172,166,14","127,186,13",1,606.0469689999999,9388,100.66862,21.76893,4.2574,1.0701,7 7 3 3 31 203 203 251 103 103 103 163 -59.871 36 -0.176 71
138,SIPP_Standard,"172,166,14","127,186,13",1,621.6198139999999,2240,6.91573,20.15344,3.872,0.4751,38 19 109 51 78 67 -48.620 31
139,SIPP_2^2,"103,226,0","51,219,0",1,1160.851905,5496,2.25854,141.42136,37.69911,75.39822,0 0 0 0 0 0 0 3 -3.763 3 3 3 3 3 3 3 3 3 3 3 3 3 3 3 3 2 2 2 3 3 3 3 3 3 3 2 2 -67.002 0 3 3 3 3 3 3 3 3 0 3 3 3 0 3 0 3 3 0 0 0 0 3 3 3 3 0 -79.878 2 -2.841 2 -1.109 2 -0.370 1 -0.093 2 -125.581 3 -18.365 2 -27.264 3 -18.115 3 -6.470 3 3 3 3 3 3 3 3 0
139,SIPP_2^3,"103,226,0","51,219,0",1,625.563496,450,0.59477,43.9204,8.63938,17.27876,0 0 0 0 0 0 7 7 6 6 5 5 6 6 6 6 6 6 6 6 6 6 6 6 6 5 5 5 6 6 6 6 6 6 6 6 6 6 6 6 6 6 6 6 7 7 6 6 6 6 6 7 6 6 6 6 6 7
139,SIPP_2^4,"103,226,0","51,219,0",1,609.530392,363,0.77332,28.72083,5.74362,11.48725,0 0 0 0 0 0 14 14 12 11 11 11 11 11 12 12 12 12 12 12 12 12 12 12 12 12 12 12 12 12 12 12 12 12 12 12 12 12 12 12 13 12 12 12 13 12 13 12 13
139,SIPP_2^5,"103,226,0","51,219,0",1,602.8892649999999,302,1.57939,19.05936,3.82305,7.6461,0 0 0 0 0 0 28 28 24 24 24 24 24 24 23 23 23 24 23 23 24 24 24 24 24 24 24 24 24 24 24 24 25 25 25 24 24 24 24 25
139,SIPP_BigCS,"103,226,1","51,219,7",1,609.0,1222,8.99638,20.92021,3.9824,0.9308,6 6 6 6 6 70 341 203 203 203 203 363 3 7 7 7 59 309 7 7 7 59
139,SIPP_Standard,"103,226,1","51,219,7",1,748.853661,690,1.85959,33.15425,6.3577,0.9367,108 38 15 86 -78.748 3 7 107 -5.106 50
140,SIPP_2^2,"43,230,0","94,234,0",1,661.137088,960,0.47284,42.42641,9.42478,18.84956,1 1 1 1 1 1 1 1 1 1 1 1 1 1 1 1 1 1 1 1 1 1 2 2 1 2 2 2 1 1 -52.984 1 -13.119 0 -1.126 1 -1.887 1 1 -2.274 1 1 1 1 1 -11.104 1 -0.307 1 1 -8.337 1 1 1 1 1 1 1 1 1 1 1 1 1 1
140,SIPP_2^3,"43,230,0","94,234,0",1,653.3501440000001,1239,1.01969,72.59113,14.13717,28.27433,1 1 1 1 1 1 1 1 1 2 2 2 2 1 1 1 1 2 -0.209 2 -0.020 2 2 2 3 3 2 3 3 3 4 3 3 3 -0.813 4 -0.049 4 2 2 -0.046 2 -0.375 2 3 3 2 3 3 2 2 3 2 2 2 2 2 2 2 3
140,SIPP_2^4,"43,230,0","94,234,0",1,617.6079679999999,921,1.93748,30.42265,6.03735,12.0747,2 2 2 2 3 3 2 3 2 2 2 2 3 3 4 5 5 6 5 6 6 6 6 6 6 4 4 4 4 5 6 5 5 5 6 5 5
140,SIPP_2^5,"43,230,0","94,234,0",1,615.5916189999999,914,4.78691,21.9872,4.37728,8.75456,4 4 4 5 4 5 5 4 5 7 -1.271 10 11 12 11 12 12 -0.433 12 12 8 8 8 8 9 11 11 10 11
140,SIPP_BigCS,"43,230,4","94,234,12",1,614.181075,7328,62.86931,20.04218,3.7987,0.6114,101 101 101 153 201 249 -0.822 145 223 100 100 -0.359 100 160 85 207 223
140,SIPP_Standard,"43,230,4","94,234,12",1,656.905714,2044,4.89739,18.14368,3.4954,0.4832,28 32 65 -77.906 45 1 17 95
141,SIPP_2^2,"79,183,0","134,173,0",1,875.8985329999999,1804,0.74355,155.56349,34.55752,69.11504,1 1 1 1 1 1 2 1 1 1 1 1 2 1 1 1 1 1 1 1 1 1 1 1 1 1 1 1 1 1 1 1 1 1 1 1 1 1 1 1 2 1 2 1 2 1 1 1 2 2 1 1 1 1 0 0 0 0 0 0 0 0 0 0 0 0 0 1 -0.002 0 0 0 0 0 0 0 0 1 -5.897 1 1 2 1 1 2 2 1 2 1
141,SIPP_2^3,"79,183,0","134,173,0",1,607.9899039999999,504,0.39692,75.21955,14.92257,29.84513,2 2 2 2 2 2 2 2 3 2 2 3 2 2 1 2 1 1 1 1 2 2 2 2 2 2 2 2 2 2 1 1 2 2 2 2 1 2 1 2 2 2 1 2 1 2 2 2 2 2 2 2 2 2 1
141,SIPP_2^4,"79,183,0","134,173,0",1,583.04952,347,0.70261,30.27941,6.02742,12.05484,4 4 4 4 4 4 4 5 5 4 4 4 4 4 4 4 4 4 4 4 4 4 4 3 3 4 3 3 4 3 3 3 4 3 3 3 4 3 4 4 3
141,SIPP_2^5,"79,183,0","134,173,0",1,572.7188779999999,183,1.09124,9.70201,1.9305,3.86101,9 9 8 8 8 8 8 8 8 8 8 7 8 8 8 7 7 7 7 7 7 7 7 7 7 8 7
141,SIPP_BigCS,"79,183,8","134,173,0",1,578.0,981,7.82365,16.40024,3.0005,0.3204,57 367 5 5 81 201 201 201 201 201 201 361 13 305
141,SIPP_Standard,"79,183,8","134,173,0",1,605.189419,66,0.18192,28.10789,5.4219,0.7608,17 -16.189 111 45 5 89 5 97
142,SIPP_2^2,"167,19,0","129,51,0",0,-1,0,0.0,0.0,0.0,0.0,
142,SIPP_2^3,"167,19,0","129,51,0",0,-1,0,0.0,0.0,0.0,0.0,
142,SIPP_2^4,"167,19,0","129,51,0",0,-1,0,0.0,0.0,0.0,0.0,
142,SIPP_2^5,"167,19,0","129,51,0",0,-1,0,0.0,0.0,0.0,0.0,
142,SIPP_BigCS,"167,19,0","129,51,0",0,-1,0,0.0,0.0,0.0,0.0,
142,SIPP_Standard,"167,19,8","129,51,10",0,-1,0,1e-05,0.0,0.0,0.0,
143,SIPP_2^2,"108,70,0","53,59,0",1,881.720295,1312,0.63924,148.49242,32.98672,65.97345,2 -1.720 2 2 3 2 3 3 3 3 3 3 3 3 3 3 3 3 3 3 3 3 2 3 2 2 2 2 2 2 3 3 3 3 3 3 3 3 3 3 3 3 3 3 3 3 3 3 3 3 3 0 0 0 0 3 3 3 0 0 0 0 0 3 3 3 0 0 3 0 0 0 0 3 0 3 3 3 3 3 3 0 0 0 0 3 0 0 3
143,SIPP_2^3,"108,70,0","53,59,0",1,789.1168960000003,2440,2.03924,31.52211,6.28319,12.56637,7 7 7 7 7 7 7 7 7 7 7 7 7 7 7 7 7 7 7 7 7 7 7 7 7 7 6 6 6 7 6 6 6 6 6 6 6 6 6 6 6 6 6 6 6 6 6 5 5 6 5 5 5 5 5 5 4 4 4 4 4 4 4 3
143,SIPP_2^4,"108,70,0","53,59,0",1,770.7888400000003,2377,5.03091,18.90443,3.74714,7.49428,14 14 14 14 14 14 14 14 14 14 14 14 14 14 14 14 14 14 14 14 14 14 14 13 13 13 13 12 12 12 12 12 12 12 12 12 12 12 12 12 11 12 11 10 10 10 10 10 10 10 8 8 8 8 8 7
143,SIPP_2^5,"108,70,0","53,59,0",1,764.5799660000002,2302,11.84711,14.8829,2.96174,5.92348,28 28 28 28 28 28 28 28 28 28 28 28 28 28 28 28 28 28 28 28 28 28 28 25 26 25 25 24 24 24 24 24 24 24 24 24 23 23 20 20 20 20 20 20 18 16 16 16 15
143,SIPP_BigCS,"108,70,0","53,59,14",1,765.0,15087,123.47777,31.5367,6.1378,1.3991,253 102 102 102 102 178 205 309 79 250 102 102 102 102 162 7 7 15 203 355 103 163 4 4 64
143,SIPP_Standard,"108,70,0","53,59,14",1,799.3769259999999,2008,6.66576,25.72096,4.9514,0.5978,-36.923 55 75 78 107 50 77 -22.729 66 -16.725 30 38
144,SIPP_2^2,"240,74,0","223,22,0",1,1744.228419,12923,5.85213,169.70563,37.69911,75.39822,0 0 0 0 0 0 0 0 0 0 0 0 0 0 0 1 0 1 1 0 0 0 0 0 0 0 0 1 1 1 1 1 1 1 0 1 0 0 0 0 0 0 0 0 0 0 0 0 0 1 1 0 0 0 1 0 -43.804 0 0 3 3 3 0 3 0 3 3 0 3 0 0 -650.890 3 -8.881 3 -3.226 3 -1.639 3 -12.324 3 -1.424 3 3 3 3 3 -0.907 3 -3.889 3 3 3 -30.485 3 -1.146 3 -1.369 3 -13.119 3 -1.126 3 3 3 3 3 0 3 0 0
144,SIPP_2^3,"240,74,0","223,22,0",1,1731.217719,16343,14.36417,111.43699,21.99115,43.9823,0 0 0 0 0 0 0 0 0 0 0 0 0 0 1 1 1 1 1 1 1 1 0 0 1 0 0 0 0 0 0 0 0 0 1 1 0 1 0 1 0 1 -125.814 0 7 6 -3.929 7 7 -1.622 7 -5.452 6 -7.587 6 -675.731 6 -9.729 5 6 6 7 6 7 6 7 6 -2.103 6 -3.889 6 6 6 -30.485 6 -1.146 6 -1.369 6 -2.207 5 6 6 6 7 -2.458 7 7 0
144,SIPP_2^4,"240,74,0","223,22,0",1,1731.196867,16669,36.08453,71.93145,14.21308,28.42616,0 0 0 0 0 0 0 0 0 0 0 0 0 0 1 1 1 1 1 1 1 1 1 1 1 1 1 1 -150.754 0 -0.909 12 -8.119 12 -1.013 10 -3.444 9 9 9 9 9 9 10 -511.822 0 -0.410 0 -0.106 0 -38.767 1 -0.276 13 -0.875 15 13 15 14 -10.093 13 -0.562 15 -0.711 13 -0.490 13 -0.559 13 -0.355 13 12 13 -1.602 15 0
144,SIPP_2^5,"240,74,0","223,22,0",1,1727.254927,16668,87.25702,67.14868,12.77712,25.55425,0 0 0 0 0 0 0 0 0 0 0 0 0 1 2 2 2 2 2 2 2 2 2 2 2 2 2 -151.492 0 28 -0.450 23 -4.974 26 -704.179 27 26 26 24 -1.682 24 -3.753 23 -0.739 8 -10.678 21 26 26 26 -0.088 25 24 31
144,SIPP_BigCS,"240,74,15","223,22,0",0,-1,24685,180.09522,0.0,0.0,0.0,
144,SIPP_Standard,"240,74,15","223,22,0",1,1737.54996,72260,161.71467,58.39763,10.9092,1.8802,30 42 84 25 56 104 43 -45.542 85 2 22 29 -308.024 33 -10.452 74 -13.432 61 61 -0.101 85
145,SIPP_2^2,"231,182,0","200,221,0",0,-1,0,0.0,0.0,0.0,0.0,
145,SIPP_2^3,"231,182,0","200,221,0",0,-1,0,0.0,0.0,0.0,0.0,
145,SIPP_2^4,"231,182,0","200,221,0",0,-1,0,0.0,0.0,0.0,0.0,
145,SIPP_2^5,"231,182,0","200,221,0",0,-1,0,0.0,0.0,0.0,0.0,
145,SIPP_BigCS,"231,182,0","200,221,0",0,-1,0,0.0,0.0,0.0,0.0,
145,SIPP_Standard,"231,182,10","200,221,1",0,-1,16,0.03139,0.0,0.0,0.0,
146,SIPP_2^2,"130,168,0","83,139,0",1,961.969757,3372,1.70429,155.56349,34.55752,69.11504,3 3 2 3 2 2 3 3 3 2 2 3 2 3 3 3 3 3 2 2 3 3 3 3 3 3 3 3 3 3 3 3 3 3 3 3 3 3 3 3 3 3 3 3 3 2 3 3 3 3 -4.146 0 -3.945 0 0 0 -13.879 3 0 0 0 0 0 0 0 0 0 0 0 0 0 0 0 0 0 0 0 0 0 0 0 0 0 3 0 0 0 3 3 0 0 0 0 0 3 0 3
146,SIPP_2^3,"130,168,0","83,139,0",1,897.453194,4001,3.52516,96.24635,18.84956,37.69911,5 5 5 5 5 5 5 6 6 5 6 5 6 6 6 6 6 6 6 6 6 6 6 6 6 6 6 6 6 6 6 6 6 6 6 6 6 6 6 6 6 6 7 0 7 1 0 0 0 0 0 0 1 1 1 0 7 0 0 0 7 7 0 7 0 0 0 0 0 0 7 0 7 0 0 0 -0.132 0 -0.151 0 -0.060 0 -5.984 7
146,SIPP_2^4,"130,168,0","83,139,0",1,895.9722959999999,4226,9.64317,57.87734,11.60112,23.20224,10 10 11 11 11 10 11 10 10 11 12 12 12 12 12 12 12 12 12 12 12 12 12 12 12 12 12 12 12 12 13 12 12 12 12 13 14 0 0 1 0 0 0 1 2 2 0 0 0 0 0 0 0 0 15 15 15 0 15 15 0 0 -10.396 0 -0.534 0 -0.151 12 -6.344 15
146,SIPP_2^5,"130,168,0","83,139,0",1,895.9722959999999,4293,24.42551,49.18447,9.66013,19.32026,21 21 21 20 21 23 24 24 24 24 24 24 24 24 24 24 24 24 24 24 24 24 24 24 24 24 24 24 24 25 28 28 0 0 1 1 0 4 4 -0.363 31 31 0 0 31 31 0 0 0 0 31 -16.682 24 -0.534 0 -0.151 0 -6.344 30
146,SIPP_BigCS,"130,168,14","83,139,10",0,-1,19790,180.07555,0.0,0.0,0.0,
146,SIPP_Standard,"130,168,14","83,139,10",1,1179.5072209999998,28722,82.21525,41.98702,7.928,1.1723,-87.608 77 -53.002 66 -6.753 42 92 18 100 82 -13.266 3 -8.667 7 -1.830 75 -0.381 62 86
147,SIPP_2^2,"46,74,0","49,130,0",0,-1,0,0.0,0.0,0.0,0.0,
147,SIPP_2^3,"46,74,0","49,130,0",0,-1,0,0.0,0.0,0.0,0.0,
147,SIPP_2^4,"46,74,0","49,130,0",0,-1,0,0.0,0.0,0.0,0.0,
147,SIPP_2^5,"46,74,0","49,130,0",0,-1,0,0.0,0.0,0.0,0.0,
147,SIPP_BigCS,"46,74,0","49,130,0",0,-1,0,0.0,0.0,0.0,0.0,
147,SIPP_Standard,"46,74,15","49,130,11",0,-1,66009,180.00198,0.0,0.0,0.0,
148,SIPP_2^2,"19,20,0","55,63,0",1,790.0,2005,1.06402,113.13708,25.13274,50.26548,2 2 2 2 1 1 2 1 2 2 2 2 2 2 2 2 2 2 2 1 2 2 2 2 2 2 2 2 2 2 2 2 2 2 1 1 1 1 1 1 1 1 1 2 2 1 2 2 2 2 2 1 1 1 1 1 1 1 1 1 1 1 1 1 1 1 1 1 1 1 2 2 2 1 2 2 1 1 2
148,SIPP_2^3,"19,20,0","55,63,0",1,758.559383,2636,2.11641,76.42359,14.92257,29.84513,3 3 3 3 4 4 3 4 4 4 4 4 3 3 3 3 3 3 3 3 3 4 4 4 -2.534 3 3 3 3 3 3 3 3 3 3 2 -48.059 2 -4.032 4 -3.383 2 -2.094 2 -1.047 2 -0.410 2 -0.106 2 -0.013 2 2 2 -1.895 5 -29.950 2 -7.871 3 -5.328 3 4 4 4 4 4
148,SIPP_2^4,"19,20,0","55,63,0",1,758.559383,2897,6.16458,65.05169,12.74622,25.49245,7 7 7 7 7 7 7 7 7 7 7 6 6 6 6 6 6 6 5 5 5 5 -65.598 8 -4.032 8 -3.383 4 -2.094 4 -1.047 4 -0.410 4 -0.106 4 -0.013 4 4 4 -1.895 10 8 -9.901 4 -0.049 0 -7.871 6 -5.328 6 8 8 8 8 8
148,SIPP_2^5,"19,20,0","55,63,0",1,758.559383,2940,15.84072,48.45683,10.35076,20.70152,14 14 14 14 14 13 14 13 13 14 13 12 10 11 10 11 -68.282 16 -4.032 16 -3.383 8 -2.094 8 -1.047 8 -0.410 8 -0.106 8 -0.013 8 8 8 -1.895 20 -29.950 8 -7.871 12 -5.328 12 16 16 16 16 16
148,SIPP_BigCS,"19,20,9","55,63,14",0,-1,18164,180.02867,0.0,0.0,0.0,
148,SIPP_Standard,"19,20,9","55,63,14",1,773.049955,8212,27.10756,18.38188,3.3942,0.4304,56 88 0 8 -8.018 36 1 -106.032 21 52
149,SIPP_2^2,"8,63,0","57,85,0",0,-1,0,0.0,0.0,0.0,0.0,
149,SIPP_2^3,"8,63,0","57,85,0",0,-1,0,0.0,0.0,0.0,0.0,
149,SIPP_2^4,"8,63,0","57,85,0",0,-1,0,0.0,0.0,0.0,0.0,
149,SIPP_2^5,"8,63,0","57,85,0",0,-1,0,0.0,0.0,0.0,0.0,
149,SIPP_BigCS,"8,63,0","57,85,0",0,-1,0,0.0,0.0,0.0,0.0,
149,SIPP_Standard,"8,63,4","57,85,11",0,-1,69760,180.00114,0.0,0.0,0.0,
150,SIPP_2^2,"149,252,0","187,213,0",1,811.59464,1346,0.62965,91.92388,20.42035,40.8407,0 0 0 0 0 0 0 0 0 0 0 0 0 0 0 0 0 1 1 1 0 1 1 1 1 1 1 1 1 1 1 1 1 1 1 1 1 1 1 1 1 1 1 1 1 1 1 1 0 0 0 0 0 0 0 0 1 1 1 0 1 1 1 1 0 1 0 0 0 0 0 0 0 0 0 1 -17.644 0 0 -3.950 3
150,SIPP_2^3,"149,252,0","187,213,0",1,800.485679,1587,1.16641,95.86341,18.84956,37.69911,0 0 0 0 0 0 0 0 0 0 0 0 0 0 0 1 2 -3.624 1 2 2 2 2 2 2 1 1 1 2 2 1 2 2 2 2 2 -7.514 2 2 2 1 1 2 2 1 1 2 2 2 1 2 2 -15.389 2 -9.937 2 -0.094 0 -0.375 2 -1.123 2 0 0 0 0 0 0 0 0 0 0 -25.160 1 -2.650 7 -0.770 6
150,SIPP_2^4,"149,252,0","187,213,0",1,701.07587,1066,2.1191,62.23709,11.63908,23.27815,0 0 0 0 0 0 0 0 0 0 0 0 0 0 0 -1.669 3 1 3 3 3 3 3 3 3 3 3 3 3 3 3 4 4 3 3 3 3 4 3 -1.938 0 -0.206 12 -0.049 12 12 0 12 0
150,SIPP_2^5,"149,252,0","187,213,0",1,701.07587,1079,5.3032,39.0475,7.45919,14.91838,0 0 0 0 0 0 0 0 0 0 0 0 0 0 0 4 -4.289 6 6 6 6 6 6 6 6 6 6 5 5 7 7 6 6 6 6 -24.190 0 -0.049 24 24 0 0 24
150,SIPP_BigCS,"149,252,3","187,213,13",1,801.102495,15521,118.97953,60.95454,12.0029,3.8494,6 6 6 6 2 -7.961 38 -0.651 81 201 -0.069 201 -1.385 337 -5.852 351 101 -3.678 169 -2.283 65 -7.333 173 -9.386 351 -5.864 165 338 -31.641 268
150,SIPP_Standard,"149,252,3","187,213,13",1,812.0531490000001,5157,13.53233,40.53564,7.811,1.254,98 100 106 45 -5.683 17 -5.413 95 -10.867 9 -3.761 49 -27.329 100
151,SIPP_2^2,"165,114,0","136,163,0",1,877.07587,2016,0.86348,91.92388,20.42035,40.8407,3 3 3 3 3 3 3 3 3 3 3 3 2 3 2 3 3 3 3 3 3 2 2 2 2 2 3 3 3 3 3 3 3 2 3 2 2 2 2 2 2 2 3 2 3 -86.262 2 2 -2.342 2 -8.423 2 -0.049 2 2 2 2 2 2 2 2 2 2 2 2 2 2 2 2 2 2 2 2 2 2 2 2 2 2 2 2 2
151,SIPP_2^3,"165,114,0","136,163,0",1,695.041552,1356,1.1185,60.17684,11.78097,23.56195,5 5 5 5 5 4 5 4 5 5 5 4 4 4 4 4 4 4 5 5 5 5 5 4 4 4 4 4 4 4 4 4 4 4 5 5 5 5 6 5 5 4 4 4 5 5 5 5 5 -51.538 6 -9.925 6 -0.014 6 -0.011 4
151,SIPP_2^4,"165,114,0","136,163,0",1,598.165248,417,0.85556,25.20314,5.03414,10.06828,10 10 9 10 10 10 10 9 9 8 8 8 8 8 8 8 8 9 9 8 9 9 9 8 8 8 10 10 10 10 10 10 10 10 10 10 10 9 10 11
151,SIPP_2^5,"165,114,0","136,163,0",1,590.018985,349,1.74518,10.83154,2.16298,4.32597,20 20 20 19 20 19 -0.880 17 16 16 16 17 17 17 17 17 17 17 20 20 20 20 20 20 20 20 20 20 21
151,SIPP_BigCS,"165,114,7","136,163,2",1,595.03613,2082,15.57546,20.37754,3.9071,0.5313,103 103 103 127 -0.791 310 56 310 56 206 358 103 103 -0.245 127 326 203
151,SIPP_Standard,"165,114,7","136,163,2",1,694.9735109999999,2083,6.04723,22.23388,4.0424,0.4823,59 59 75 94 -5.572 4 88 16 -6.402 86
152,SIPP_2^2,"232,82,0","205,32,0",0,-1,0,0.0,0.0,0.0,0.0,
152,SIPP_2^3,"232,82,0","205,32,0",0,-1,0,0.0,0.0,0.0,0.0,
152,SIPP_2^4,"232,82,0","205,32,0",0,-1,0,0.0,0.0,0.0,0.0,
152,SIPP_2^5,"232,82,0","205,32,0",0,-1,0,0.0,0.0,0.0,0.0,
152,SIPP_BigCS,"232,82,0","205,32,0",0,-1,0,0.0,0.0,0.0,0.0,
152,SIPP_Standard,"232,82,10","205,32,14",0,-1,0,4e-05,0.0,0.0,0.0,
153,SIPP_2^2,"246,177,0","197,144,0",1,905.567646,1810,0.81149,148.49242,32.98672,65.97345,0 0 0 0 0 0 0 0 0 0 -6.725 3 -3.105 0 3 3 -2.767 3 3 3 3 -0.128 3 3 3 3 -5.886 3 3 3 3 3 3 0 0 3 0 3 3 -6.287 2 -11.125 2 3 -1.979 3 -7.566 3 3 3 3 3 3 3 3 3 3 3 3 3 3 0 0 0 3 0 0 0 0 0 3 3 3 3 3 3 0 0 3 3 0 0 0 0 0 0 3 0 0 0 0 3 3 0 3
153,SIPP_2^3,"246,177,0","197,144,0",1,808.1354699999999,1040,1.05432,79.5492,15.70796,31.41593,0 0 0 0 7 7 7 -91.690 6 -10.211 6 6 6 6 6 6 6 6 6 -0.303 6 6 -0.852 4 -2.366 6 6 6 6 6 7 6 7 7 6 7 7 7 6 6 6 6 6 6 7 7 7 0 7 0 0 0 7 0 7 7 7 7 7 7 7 7 7 7 -3.301 0
153,SIPP_2^4,"246,177,0","197,144,0",1,796.7480519999999,1067,2.22962,45.5803,9.06507,18.13014,0 0 0 0 0 0 0 15 -27.470 12 -22.553 11 -17.080 11 12 12 12 11 12 12 12 -8.938 12 -2.366 12 12 12 12 -0.869 13 13 13 13 13 13 13 13 14 14 0 0 0 15 0 0 14 14 14 14 14 14 14 14 14 -0.739 0 -0.060 12 -0.420 12
153,SIPP_2^5,"246,177,0","197,144,0",1,796.7480519999999,1092,5.49357,55.52643,11.31733,22.63465,31 0 0 0 -76.914 27 -17.232 22 24 24 24 24 24 24 24 -0.446 24 24 -0.852 16 -2.366 24 24 24 24 -0.869 26 26 26 26 26 26 26 27 28 0 31 0 0 0 28 28 28 28 28 28 28 28 28 -1.925 0 -0.060 24 -0.420 24
153,SIPP_BigCS,"246,177,4","197,144,13",1,796.6918589999999,6534,45.3771,37.42187,7.1638,1.7671,101 165 -53.153 234 -9.829 15 -11.460 315 205 205 205 205 205 205 253 170 6 -9.765 70 253 102 102 -2.485 170
153,SIPP_Standard,"246,177,4","197,144,13",1,834.919968,252,0.54139,28.49067,5.2528,0.796,33 -5.540 82 -5.992 3 -61.230 7 -0.237 91 27 58 -0.920 58 74
154,SIPP_2^2,"48,97,0","5,63,0",0,-1,0,0.0,0.0,0.0,0.0,
154,SIPP_2^3,"48,97,0","5,63,0",0,-1,0,0.0,0.0,0.0,0.0,
154,SIPP_2^4,"48,97,0","5,63,0",0,-1,0,0.0,0.0,0.0,0.0,
154,SIPP_2^5,"48,97,0","5,63,0",0,-1,0,0.0,0.0,0.0,0.0,
154,SIPP_BigCS,"48,97,0","5,63,0",0,-1,0,0.0,0.0,0.0,0.0,
154,SIPP_Standard,"48,97,0","5,63,10",0,-1,1,0.01173,0.0,0.0,0.0,
155,SIPP_2^2,"81,58,0","61,3,0",1,1041.603999,2988,1.32069,183.84776,40.8407,81.68141,0 0 1 1 1 1 1 1 1 0 1 -22.683 0 -12.274 0 3 0 0 0 0 0 0 0 3 3 0 3 3 3 3 3 3 3 3 3 3 3 3 3 3 3 3 3 0 0 3 0 3 3 3 3 0 3 0 3 0 0 0 0 0 3 3 0 0 3 0 0 0 0 0 0 -9.578 0 -1.033 0 0 0 0 0 0 0 0 0 0 0 0 1 0 1 -43.693 0 0 -2.342 0 0 0 0 0 0 0 0
155,SIPP_2^3,"81,58,0","61,3,0",1,888.3732350000005,2161,1.79491,122.28218,24.34734,48.69469,4 4 4 4 5 4 -7.377 6 -1.050 6 -1.137 6 7 0 7 6 7 0 7 7 7 7 7 0 0 0 7 7 0 0 7 7 7 7 0 -4.257 7 0 0 0 0 0 0 0 0 0 7 0 7 0 0 0 7 7 7 6 6 6 7 -6.147 0 0 0 1 1 1 1 1 1 1 0 0 0 0 0 0 1 0 1
155,SIPP_2^4,"81,58,0","61,3,0",1,857.9741110000002,1916,4.12163,53.2258,10.56988,21.13977,8 8 8 8 9 -9.158 12 -1.050 12 -1.137 12 -0.546 15 13 14 14 14 15 15 15 0 14 14 14 14 14 15 -8.015 0 -6.684 15 0 0 0 0 0 0 0 15 15 15 15 14 14 13 14 14 -0.395 0 -1.642 2 2 1 1 1 1 1 1 1 2
155,SIPP_2^5,"81,58,0","61,3,0",1,857.3674440000001,1937,10.37086,49.99805,9.75071,19.50143,17 16 17 24 24 -0.189 31 27 28 30 30 30 30 29 28 28 28 28 -12.246 0 -6.684 30 0 0 31 0 31 31 31 28 28 27 28 -3.794 0 0 1 3 3 3 3 4
155,SIPP_BigCS,"81,58,9","61,3,10",1,857.3287499999999,14016,110.47331,58.15309,11.377,3.106,172 334 -5.566 79 322 -2.249 253 170 82 322 -6.348 237 82 202 202 322 205 -1.166 333 74 177 204 204 204 324
155,SIPP_Standard,"81,58,9","61,3,10",1,1041.215654,6972,14.31571,47.20029,9.108,1.4237,9 -50.240 33 82 19 101 107 46 -19.150 22 -15.254 37 -35.845 2 -2.727 6
156,SIPP_2^2,"7,79,0","53,45,0",1,808.8493589999999,1852,0.73753,176.7767,39.26991,78.53982,-0.013 1 1 0 0 0 0 0 1 0 0 0 0 0 0 0 1 1 1 1 1 1 1 1 1 1 1 0 0 0 0 0 0 1 0 0 0 0 0 1 0 1 1 0 0 1 0 1 1 1 1 1 1 1 1 1 1 1 1 1 0 1 1 0 0 1 0 1 0 1 1 -5.392 1 1 -3.444 1 1 1 1 1 0 1 0
156,SIPP_2^3,"7,79,0","53,45,0",1,600.8453989999998,460,0.35799,15.88651,3.14159,6.28319,-0.013 2 2 1 1 1 1 1 1 1 1 1 1 1 1 1 1 1 1 1 1 1 1 1 1 1 1 1 1 1 1 1 1 1 1 2 2 1 1 2 2 2 2 2 2 2 2
156,SIPP_2^4,"7,79,0","53,45,0",1,583.675749,234,0.46286,13.33182,2.67795,5.35589,-0.013 4 2 3 2 2 2 2 2 2 2 2 2 2 2 2 2 2 2 2 2 2 2 2 2 2 2 3 -0.645 3 3 3 3 3 3 3 4 3
156,SIPP_2^5,"7,79,0","53,45,0",1,582.1385079999999,230,1.12378,6.06569,1.21109,2.42218,7 4 4 4 4 4 4 4 4 4 4 4 4 4 4 4 4 4 4 4 4 4 4 4 4 5 6 6 6 7 6 6 7
156,SIPP_BigCS,"7,79,0","53,45,3",1,579.0,425,4.07145,8.66303,1.6099,0.3302,65 101 101 101 101 101 101 101 101 101 101 101 101 101 101 101 101 101 101 101 101 101 101 101 181 201 201 201 201 305
156,SIPP_Standard,"7,79,0","53,45,3",1,591.005966,139,0.47599,12.69612,2.3456,0.2667,-0.006 13 68 29 29 53 57 89
157,SIPP_2^2,"13,144,0","8,203,0",1,790.826059,1100,0.52692,190.91883,42.4115,84.823,3 2 3 3 2 2 2 2 2 2 2 2 2 2 2 2 2 2 2 2 3 2 3 3 2 3 2 2 2 2 2 2 2 3 2 2 2 2 2 1 2 1 2 1 2 1 2 2 2 2 2 2 3 2 3 3 2 2 -9.036 1 -3.383 2 -11.294 1 -0.918 2 2 2 2 2 2 2 2 -6.195 2 2 2 2 2 2 2
157,SIPP_2^3,"13,144,0","8,203,0",1,787.9861890000001,1439,1.15455,71.49951,14.13717,28.27433,5 5 4 5 -5.582 5 -7.855 6 -0.012 6 5 4 4 4 4 4 4 4 4 4 4 4 5 4 4 4 4 4 4 4 4 4 4 4 4 3 4 3 3 3 4 4 4 4 4 5 5 -85.881 4 -3.383 4 -13.141 4 3 4 4 4 4 4 4 3 4 4 4 4 4 5
157,SIPP_2^4,"13,144,0","8,203,0",1,782.6418209999999,1452,2.99669,47.86829,9.38682,18.77364,10 9 9 -1.216 12 -9.926 12 -0.012 12 9 8 8 8 8 8 8 8 8 8 -2.091 9 8 8 8 8 8 8 8 8 8 8 8 6 7 7 6 8 8 8 9 9 -94.478 8 -3.383 8 -13.141 8 7 8 8 8 8 8 7 8 8 8 9
157,SIPP_2^5,"13,144,0","8,203,0",1,780.1576490000001,1458,7.63052,36.70945,7.26885,14.5377,19 18 -1.663 24 -9.926 24 -0.012 24 17 16 16 16 16 16 16 16 16 -2.717 17 16 16 16 16 16 16 16 16 16 15 12 12 15 17 17 -98.280 16 -3.383 16 -12.871 15 16 16 16 16 15 16 16 17
157,SIPP_BigCS,"13,144,4","8,203,6",1,781.9294879999999,11958,90.68337,38.42056,7.5645,1.8257,187 4 4 4 4 4 4 -5.696 76 -17.878 243 4 4 4 4 4 4 4 64 156 72 -110.355 167 304 4 4 56
157,SIPP_Standard,"13,144,4","8,203,6",1,790.808162,948,2.0772,21.4972,4.1175,0.5357,39 -8.948 8 -30.792 52 -55.165 104 51 -19.054 94 -25.653 0 -6.195 0
158,SIPP_2^2,"217,212,0","162,226,0",0,-1,0,0.0,0.0,0.0,0.0,
158,SIPP_2^3,"217,212,0","162,226,0",0,-1,0,0.0,0.0,0.0,0.0,
158,SIPP_2^4,"217,212,0","162,226,0",0,-1,0,0.0,0.0,0.0,0.0,
158,SIPP_2^5,"217,212,0","162,226,0",0,-1,0,0.0,0.0,0.0,0.0,
158,SIPP_BigCS,"217,212,0","162,226,0",0,-1,0,0.0,0.0,0.0,0.0,
158,SIPP_Standard,"217,212,10","162,226,12",0,-1,1,0.0133,0.0,0.0,0.0,
159,SIPP_2^2,"114,170,0","74,128,0",0,-1,0,0.0,0.0,0.0,0.0,
159,SIPP_2^3,"114,170,0","74,128,0",0,-1,0,0.0,0.0,0.0,0.0,
159,SIPP_2^4,"114,170,0","74,128,0",0,-1,0,0.0,0.0,0.0,0.0,
159,SIPP_2^5,"114,170,0","74,128,0",0,-1,0,0.0,0.0,0.0,0.0,
159,SIPP_BigCS,"114,170,0","74,128,0",0,-1,0,0.0,0.0,0.0,0.0,
159,SIPP_Standard,"114,170,3","74,128,0",0,-1,0,3e-05,0.0,0.0,0.0,
160,SIPP_2^2,"91,78,0","112,133,0",1,986.042437,4008,1.74707,91.92388,20.42035,40.8407,2 2 2 2 2 2 3 3 -7.983 2 -3.302 2 1 1 1 1 1 1 1 1 1 2 2 2 2 2 2 2 1 2 1 1 2 2 -132.097 2 -6.470 3 2 2 2 -0.061 2 2 2 2 -1.653 2 -1.046 2 -1.489 2 -1.890 2 -1.722 1 -0.918 2 2 2 -0.911 2 -1.037 2 2 2 2 2 2 2 2 2 2 2 2 2 2 2 2 2 -5.440 2 -0.012 2 -0.012 2 2 1 1 1 1 1 1 1 1 1 1 1
160,SIPP_2^3,"91,78,0","112,133,0",1,690.9204269999999,1267,1.03748,31.88827,6.28319,12.56637,3 3 3 3 3 3 3 3 4 4 4 4 4 4 4 4 4 4 4 4 4 4 4 4 4 4 4 4 4 4 4 4 4 3 3 3 3 3 4 3 3 3 3 4 4 4 4 4 4 3 3 4 4 -50.481 3 -3.454 3
160,SIPP_2^4,"91,78,0","112,133,0",1,613.825928,359,0.78417,34.44555,6.81282,13.62563,6 6 6 6 6 6 6 6 8 8 8 8 8 8 8 8 8 8 8 8 8 8 8 7 7 7 7 8 7 8 7 7 7 7 8 7 8 7 8 7 8 7
160,SIPP_2^5,"91,78,0","112,133,0",1,604.2331889999998,210,1.16817,5.5736,1.10715,2.2143,12 12 12 12 12 12 12 12 15 15 15 15 15 15 15 15 15 15 15 15 16 16 16 16 16 16 16 16 15
160,SIPP_BigCS,"91,78,13","112,133,3",1,607.0,928,9.47934,17.0702,3.1913,0.5064,100 100 100 100 100 100 100 168 80 200 200 200 304 80 200 304 4 4 4 4 4 28
160,SIPP_Standard,"91,78,13","112,133,3",1,690.8458609999999,1666,4.67482,20.22023,3.8633,0.431,51 110 52 64 44 4 64 -39.846 28
161,SIPP_2^2,"50,166,0","44,207,0",0,-1,0,0.0,0.0,0.0,0.0,
161,SIPP_2^3,"50,166,0","44,207,0",0,-1,0,0.0,0.0,0.0,0.0,
161,SIPP_2^4,"50,166,0","44,207,0",0,-1,0,0.0,0.0,0.0,0.0,
161,SIPP_2^5,"50,166,0","44,207,0",0,-1,0,0.0,0.0,0.0,0.0,
161,SIPP_BigCS,"50,166,0","44,207,0",0,-1,0,0.0,0.0,0.0,0.0,
161,SIPP_Standard,"50,166,0","44,207,1",0,-1,0,3e-05,0.0,0.0,0.0,
162,SIPP_2^2,"115,156,0","61,123,0",0,-1,0,0.0,0.0,0.0,0.0,
162,SIPP_2^3,"115,156,0","61,123,0",0,-1,0,0.0,0.0,0.0,0.0,
162,SIPP_2^4,"115,156,0","61,123,0",0,-1,0,0.0,0.0,0.0,0.0,
162,SIPP_2^5,"115,156,0","61,123,0",0,-1,0,0.0,0.0,0.0,0.0,
162,SIPP_BigCS,"115,156,0","61,123,0",0,-1,0,0.0,0.0,0.0,0.0,
162,SIPP_Standard,"115,156,12","61,123,6",0,-1,0,3e-05,0.0,0.0,0.0,
163,SIPP_2^2,"125,80,0","126,31,0",0,-1,0,0.0,0.0,0.0,0.0,
163,SIPP_2^3,"125,80,0","126,31,0",0,-1,0,0.0,0.0,0.0,0.0,
163,SIPP_2^4,"125,80,0","126,31,0",0,-1,0,0.0,0.0,0.0,0.0,
163,SIPP_2^5,"125,80,0","126,31,0",0,-1,0,0.0,0.0,0.0,0.0,
163,SIPP_BigCS,"125,80,0","126,31,0",0,-1,0,0.0,0.0,0.0,0.0,
163,SIPP_Standard,"125,80,5","126,31,7",0,-1,0,3e-05,0.0,0.0,0.0,
164,SIPP_2^2,"54,78,0","1,109,0",0,-1,0,0.0,0.0,0.0,0.0,
164,SIPP_2^3,"54,78,0","1,109,0",0,-1,0,0.0,0.0,0.0,0.0,
164,SIPP_2^4,"54,78,0","1,109,0",0,-1,0,0.0,0.0,0.0,0.0,
164,SIPP_2^5,"54,78,0","1,109,0",0,-1,0,0.0,0.0,0.0,0.0,
164,SIPP_BigCS,"54,78,0","1,109,0",0,-1,0,0.0,0.0,0.0,0.0,
164,SIPP_Standard,"54,78,1","1,109,3",0,-1,67540,180.00073,0.0,0.0,0.0,
165,SIPP_2^2,"198,179,0","169,232,0",1,1673.088577,10242,4.72024,219.2031,48.69469,97.38937,3 3 3 3 3 3 3 3 3 3 3 3 3 3 3 0 0 3 0 3 -7.328 0 -11.808 0 -2.976 3 -3.998 0 -3.309 3 3 -2.382 3 -1.169 3 -0.106 3 -0.013 3 3 3 3 3 3 3 3 3 3 3 3 3 3 3 3 3 3 3 3 3 3 3 3 3 3 3 3 3 3 3 3 2 2 2 3 2 2 3 3 3 2 3 2 3 2 3 2 2 2 2 2 2 2 2 2 2 2 2 2 2 2 2 2 2 2 3 3 2 2 2 2 2 2 2 2 2 2 2 2 2 2 2 2 2 2 2 2 2 2 2 2 2 2 2 1 1 1 1 1 1 1 1 1 1 1 1 2 1 1 1 2 1 1 1 1 1 1 1 1 1 1 1 1 1 1 1 1 2 1 2 1 1 1 2
165,SIPP_2^3,"198,179,0","169,232,0",1,1501.8370569999988,7805,6.66602,154.91505,30.63053,61.26106,0 0 0 0 7 7 7 -2.535 7 -0.569 7 6 6 7 6 6 6 6 6 6 6 6 5 5 6 -5.094 6 -0.178 6 5 6 6 6 6 6 6 6 6 6 6 6 6 6 6 6 6 6 6 6 6 6 5 6 6 6 6 6 5 6 6 5 6 5 5 5 5 -9.855 4 -3.293 6 -1.670 6 -4.674 5 5 4 4 4 4 4 4 4 4 4 4 4 4 4 5 4 5 4 4 4 4 4 4 4 4 4 4 4 4 3 3 3 3 3 2 3 2 2 2 3 3 2 3 3 3 2 2 2 2 3 3 3 3 3 3 3 3 2 3 2 3 2 2 3
165,SIPP_2^4,"198,179,0","169,232,0",1,1466.207937,6907,15.49267,90.30615,17.98825,35.97649,0 15 15 15 0 12 -2.590 14 13 13 12 12 12 12 12 12 12 -0.600 12 -2.716 12 11 11 11 11 12 12 11 12 12 11 11 11 12 12 12 12 12 12 12 12 11 12 11 11 12 12 12 12 12 -26.686 8 -3.293 12 -1.670 12 -4.674 10 10 8 8 8 8 8 8 8 8 8 8 8 8 8 8 8 8 8 8 9 8 9 7 7 7 7 7 6 5 5 5 5 5 5 5 5 5 5 5 6 5 6 5 6
165,SIPP_2^5,"198,179,0","169,232,0",1,1462.6523190000003,6883,37.81438,36.99439,7.40656,14.81313,31 31 30 -5.955 25 -0.328 25 -0.096 25 25 24 24 23 23 23 23 23 23 23 23 23 24 24 23 23 23 22 -44.195 24 -3.293 24 -1.670 24 -4.674 20 20 16 16 16 16 16 16 16 16 16 16 16 16 17 16 17 16 16 16 15 14 14 14 14 12 10 10 10 10 10 10 10 11 10 11 10 10 11
165,SIPP_BigCS,"198,179,1","169,232,0",0,-1,18751,180.11674,0.0,0.0,0.0,
165,SIPP_Standard,"198,179,1","169,232,0",1,1495.768441,53521,168.46173,53.97357,10.2099,1.4111,-10.593 14 -11.781 93 3 3 15 86 3 7 -33.858 83 16 102 -4.536 88 12 63 71 48 95
166,SIPP_2^2,"129,3,0","86,49,0",0,-1,0,0.0,0.0,0.0,0.0,
166,SIPP_2^3,"129,3,0","86,49,0",0,-1,0,0.0,0.0,0.0,0.0,
166,SIPP_2^4,"129,3,0","86,49,0",0,-1,0,0.0,0.0,0.0,0.0,
166,SIPP_2^5,"129,3,0","86,49,0",0,-1,0,0.0,0.0,0.0,0.0,
166,SIPP_BigCS,"129,3,0","86,49,0",0,-1,0,0.0,0.0,0.0,0.0,
166,SIPP_Standard,"129,3,7","86,49,2",0,-1,1,0.00921,0.0,0.0,0.0,
167,SIPP_2^2,"107,236,0","161,206,0",1,846.042437,1782,0.95443,91.92388,20.42035,40.8407,0 0 0 0 0 0 0 0 0 0 0 0 0 0 1 1 1 0 0 0 0 0 0 0 0 1 1 0 0 1 1 1 1 1 1 1 1 1 1 1 1 1 0 0 0 1 1 1 1 1 1 1 1 1 1 1 1 1 1 1 1 1 1 1 1 0 1 0 1 1 -6.042 1 0 1 1 1 1 1 1 1 1 1 1 1 1
167,SIPP_2^3,"107,236,0","161,206,0",1,828.1012400000001,2202,1.76651,102.22459,19.63495,39.26991,1 1 1 2 2 1 1 2 2 2 2 2 1 2 2 2 1 2 2 2 2 1 2 2 2 2 2 0 1 0 0 0 1 1 1 1 1 1 1 1 0 0 0 0 1 0 0 0 0 0 5 -6.316 4 -0.014 2 -0.011 2 -0.053 2 -0.310 2 -30.601 2 -7.953 1 2 2 2 2 2 2 2 2 2 2 2 2
167,SIPP_2^4,"107,236,0","161,206,0",1,828.1012400000001,2340,4.91388,62.43203,14.92257,29.84513,2 2 3 3 3 4 4 4 4 4 4 4 4 4 4 3 3 3 4 4 4 2 2 1 2 2 2 2 3 -0.360 1 0 0 0 0 0 0 0 1 1 0 -35.566 8 -0.011 4 -10.363 8 -30.601 4 -7.953 2 4 4 4 4 4 4 4 4 4 4 4 4
167,SIPP_2^5,"107,236,0","161,206,0",1,826.8415610000001,2357,12.46829,45.11128,9.19648,18.39296,5 5 7 8 8 8 8 8 8 8 8 7 8 7 7 -1.421 4 4 3 4 4 4 6 -3.233 2 0 0 0 0 0 0 0 0 0 31 20 -4.496 16 -0.012 8 -0.014 8 -0.011 8 -0.053 8 -0.310 8 -39.814 7 8 8 8 8 8 8 8 8 8 8 8
167,SIPP_BigCS,"107,236,2","161,206,7",1,826.169581,19796,161.83219,28.48447,5.4423,1.2097,364 6 42 -1.023 332 -0.050 29 -55.360 201 -8.037 201 -4.211 201 -18.702 273 5 5 5 5 5 5 5 5 5 5 5 -4.746 69 -5.041 236 1
167,SIPP_Standard,"107,236,2","161,206,7",1,835.480874,4286,12.10383,27.71725,5.3357,0.7149,42 68 -42.971 53 -27.632 73 84 1 5 -28.878 89 17
168,SIPP_2^2,"217,167,0","152,161,0",1,710.0,613,0.29227,63.63961,14.13717,28.27433,3 3 3 3 3 3 3 3 3 3 3 3 3 3 3 3 3 3 3 3 3 3 3 3 3 3 3 3 3 3 3 3 3 3 3 3 3 3 3 3 3 3 3 3 3 3 3 3 3 3 0 3 3 3 3 3 3 3 3 0 0 3 0 3 3 3 0 3 3 3 0
168,SIPP_2^3,"217,167,0","152,161,0",1,674.852816,512,0.44954,23.8981,4.71239,9.42478,6 6 6 6 6 6 6 6 6 6 7 7 7 6 6 6 6 6 6 6 6 6 6 6 6 6 6 6 6 6 6 6 6 6 6 6 6 6 6 6 6 6 6 6 6 6 6 7 7 6 6 6 6 6 7 6 6 6 6 6 6 6 6 6 6
168,SIPP_2^4,"217,167,0","152,161,0",1,664.16408,413,0.96487,6.92508,1.39094,2.78189,12 12 12 12 12 12 12 12 12 12 12 12 12 12 12 12 12 12 12 12 12 12 12 12 12 12 12 12 12 12 12 12 12 12 12 12 12 12 12 12 12 12 12 12 12 12 12 12 12 12 12 13 13 13 13 13 12 12 13
168,SIPP_2^5,"217,167,0","152,161,0",1,659.7366619999999,362,2.22775,6.42101,1.287,2.574,24 24 24 24 24 24 24 24 24 24 24 24 24 24 24 24 25 25 25 25 25 24 24 24 24 24 24 24 24 24 24 24 24 24 24 24 24 24 24 24 25 24 24 24 24 24 24 24 24 24 24 24 24
168,SIPP_BigCS,"217,167,13","152,161,14",1,662.0,1515,18.75857,10.04111,1.9474,0.2101,365 7 7 7 7 7 7 7 7 7 7 7 7 7 3 7 7 7 3 87 309 7 7 7 7 7 7 7 59
168,SIPP_Standard,"217,167,13","152,161,14",1,729.0,4574,17.95014,28.26076,5.472,0.7105,47 11 47 3 23 50 69 50 109
169,SIPP_2^2,"149,93,0","128,149,0",1,817.0748669999999,1923,0.84204,148.49242,32.98672,65.97345,2 2 3 3 3 3 3 3 2 3 2 3 2 2 2 2 2 2 2 2 2 2 2 2 2 3 3 2 2 2 2 2 2 2 2 2 2 2 2 2 2 2 3 2 2 3 2 2 3 3 3 3 2 2 2 -8.604 1 2 -18.409 2 -0.029 2 -0.034 2 2 3 2 2 2 2 2 2 2 2 2 2 3 3 3 3 2 2 3
169,SIPP_2^3,"149,93,0","128,149,0",1,760.2384540000005,2111,1.79766,63.6737,12.56637,25.13274,3 3 3 3 4 4 4 3 4 4 4 4 4 4 4 4 5 5 4 4 4 4 4 3 3 3 4 4 -6.098 4 4 5 5 5 5 5 5 -5.669 4 -0.034 4 -0.032 4 5 5 5 4 4 5 5 5 5 5 5 5 5 5 6 6 6 5 5 6 6 6 5
169,SIPP_2^4,"149,93,0","128,149,0",1,647.8026500000001,803,1.77856,14.88814,2.96174,5.92348,11 11 11 11 10 9 9 9 9 9 9 9 9 9 9 8 8 8 8 8 8 8 8 8 8 8 8 8 8 8 9 9 9 8 8 8 8 8 -1.168 7 8 8 8
169,SIPP_2^5,"149,93,0","128,149,0",1,632.6108769999998,340,1.8319,12.0687,2.39415,4.7883,22 22 22 21 17 17 17 17 17 17 17 17 17 16 16 17 17 16 16 16 16 16 17 16 16 16 16 16 16 16 16
169,SIPP_BigCS,"149,93,6","128,149,3",1,635.0,1599,16.26567,21.63083,4.03,0.4963,203 203 203 243 56 206 206 310 84 310 4 4 56 366 4 4
169,SIPP_Standard,"149,93,6","128,149,3",1,748.9443759999999,3923,14.08502,17.99282,3.1762,0.363,52 64 40 70 -9.619 51 -6.268 62 70 -1.057 55 59
170,SIPP_2^2,"189,104,0","182,47,0",0,-1,0,0.0,0.0,0.0,0.0,
170,SIPP_2^3,"189,104,0","182,47,0",0,-1,0,0.0,0.0,0.0,0.0,
170,SIPP_2^4,"189,104,0","182,47,0",0,-1,0,0.0,0.0,0.0,0.0,
170,SIPP_2^5,"189,104,0","182,47,0",0,-1,0,0.0,0.0,0.0,0.0,
170,SIPP_BigCS,"189,104,0","182,47,0",0,-1,0,0.0,0.0,0.0,0.0,
170,SIPP_Standard,"189,104,5","182,47,12",0,-1,0,1e-05,0.0,0.0,0.0,
171,SIPP_2^2,"71,83,0","9,60,0",1,1336.683407,5836,2.64524,318.19805,70.68583,141.37167,2 3 3 2 2 2 2 3 3 0 0 3 0 3 3 -2.169 0 0 0 0 0 0 0 -9.351 3 -35.890 3 3 -2.273 3 -14.836 0 -1.050 0 -1.137 3 -1.137 0 3 3 3 -17.270 3 3 3 3 0 3 0 0 0 0 3 0 3 0 -12.709 0 -4.183 0 3 3 3 3 3 3 3 3 3 0 3 0 0 0 0 0 3 0 0 0 0 0 0 3 0 3 3 3 3 3 3 3 3 3 3 3 0 -41.464 3 2 3 2 2 3 3 3 2 2 3 2 3 2 2 2 2 2 3 3 0 0 3 0 -15.374 3 3 -7.841 3 3 3 3 3
171,SIPP_2^3,"71,83,0","9,60,0",1,1329.602477,7280,5.98074,145.72094,34.55752,69.11504,5 5 4 4 5 -14.028 7 -4.169 0 -2.309 0 1 0 7 7 7 7 7 0 -9.593 4 -31.555 0 -0.032 6 -10.149 0 -11.263 6 -1.050 6 -1.137 6 -4.634 7 6 6 5 -0.442 6 6 6 7 7 7 7 7 7 7 7 7 7 0 0 0 0 0 0 0 0 0 0 0 0 7 7 7 7 6 6 6 5 6 6 6 6 6 6 5 6 -113.108 5 -2.341 5 4 4 5 5 5 5 4 5 5 4 -59.990 6 6 -7.221 6 6 6 7 7 -0.897 7 7
171,SIPP_2^4,"71,83,0","9,60,0",1,1182.573265,4441,9.48449,100.69769,19.13335,38.2667,9 9 9 15 -5.323 0 -1.719 1 14 15 14 14 -37.888 12 -29.731 13 -6.071 12 -14.836 0 -1.050 0 -6.093 13 12 12 -0.052 10 -1.849 12 12 13 13 13 13 13 13 13 13 13 13 13 13 13 14 14 0 0 0 0 0 15 15 0 0 14 14 14 14 14 13 12 11 10 10 10 10 -4.725 11 -2.290 8 -2.716 8 8 8 7 8 8 7
171,SIPP_2^5,"71,83,0","9,60,0",1,1181.097459,4516,24.08057,87.13758,16.56927,33.13855,18 18 18 30 -0.037 6 -0.875 2 -0.248 1 0 0 0 0 -5.648 0 -0.370 0 25 24 24 24 24 -2.770 25 22 23 -1.111 20 -1.849 24 25 26 26 26 26 26 26 26 26 26 26 26 26 28 28 0 31 0 31 0 0 0 28 28 28 28 28 25 20 20 20 20 -0.898 22 -6.779 22 -2.290 16 -2.716 16 15 16 16 15
171,SIPP_BigCS,"71,83,11","9,60,7",0,-1,21200,180.02899,0.0,0.0,0.0,
171,SIPP_Standard,"71,83,11","9,60,7",1,1372.115956,14435,35.75821,65.75003,12.4242,2.0164,110 32 81 14 101 59 107 50 85 14 77 74 101 67 -98.116 31
172,SIPP_2^2,"151,28,0","81,31,0",0,-1,0,0.0,0.0,0.0,0.0,
172,SIPP_2^3,"151,28,0","81,31,0",0,-1,0,0.0,0.0,0.0,0.0,
172,SIPP_2^4,"151,28,0","81,31,0",0,-1,0,0.0,0.0,0.0,0.0,
172,SIPP_2^5,"151,28,0","81,31,0",0,-1,0,0.0,0.0,0.0,0.0,
172,SIPP_BigCS,"151,28,0","81,31,0",0,-1,0,0.0,0.0,0.0,0.0,
172,SIPP_Standard,"151,28,1","81,31,4",0,-1,0,3e-05,0.0,0.0,0.0,
173,SIPP_2^2,"132,168,0","166,111,0",1,1009.519005,3983,1.7781,155.56349,34.55752,69.11504,1 1 1 1 1 1 1 1 1 1 1 1 1 0 1 0 0 0 1 0 0 1 0 1 1 1 1 1 0 1 1 0 0 0 0 0 0 0 0 0 1 1 0 0 1 1 0 1 1 1 1 -9.017 0 -10.025 0 0 0 0 0 0 0 0 0 3 0 0 0 0 0 0 0 0 0 0 0 0 0 0 0 0 0 0 0 0 0 0 0 0 0 0 0 0 0 1 1 1 1 1 2 2 -0.477 3
173,SIPP_2^3,"132,168,0","166,111,0",1,733.3180339999999,880,0.74962,27.89086,5.49779,10.99558,1 1 1 1 1 1 1 1 1 1 1 2 -7.202 0 -9.425 1 1 1 1 1 1 1 1 1 1 1 1 1 1 1 1 1 1 0 0 1 1 1 1 0 0 0 0 0 0 0 0 0 0 0 0 0 0 0 0 0 0 0 0 0
173,SIPP_2^4,"132,168,0","166,111,0",1,710.159106,581,1.49626,39.24576,7.81603,15.63205,2 2 2 2 2 2 2 2 1 2 2 -8.984 4 -9.425 2 2 2 2 2 2 2 2 1 1 2 1 1 0 0 0 0 0 0 1 0 1 1 1 1 0 1 1 0 1 0 1
173,SIPP_2^5,"132,168,0","166,111,0",1,701.4381670000001,399,2.20974,16.39194,3.21882,6.43764,4 4 4 4 4 4 4 4 4 5 -9.431 0 -9.425 4 4 4 4 3 4 3 4 3 1 1 1 1 1 1 1 1 1 1
173,SIPP_BigCS,"132,168,0","166,111,6",1,703.214766,2015,18.76309,24.5415,4.6145,0.8914,101 181 201 329 -4.437 74 -7.777 101 177 252 101 129 86 204 204 204 204 204 308 6 6
173,SIPP_Standard,"132,168,0","166,111,6",1,739.83401,946,3.10406,23.31483,4.4844,0.5352,9 37 -4.834 26 65 49 68 37 2 2
174,SIPP_2^2,"94,14,0","157,1,0",0,-1,0,0.0,0.0,0.0,0.0,
174,SIPP_2^3,"94,14,0","157,1,0",0,-1,0,0.0,0.0,0.0,0.0,
174,SIPP_2^4,"94,14,0","157,1,0",0,-1,0,0.0,0.0,0.0,0.0,
174,SIPP_2^5,"94,14,0","157,1,0",0,-1,0,0.0,0.0,0.0,0.0,
174,SIPP_BigCS,"94,14,0","157,1,0",0,-1,0,0.0,0.0,0.0,0.0,
174,SIPP_Standard,"94,14,13","157,1,5",0,-1,0,1e-05,0.0,0.0,0.0,
175,SIPP_2^2,"166,126,0","166,90,0",0,-1,0,0.0,0.0,0.0,0.0,
175,SIPP_2^3,"166,126,0","166,90,0",0,-1,0,0.0,0.0,0.0,0.0,
175,SIPP_2^4,"166,126,0","166,90,0",0,-1,0,0.0,0.0,0.0,0.0,
175,SIPP_2^5,"166,126,0","166,90,0",0,-1,0,0.0,0.0,0.0,0.0,
175,SIPP_BigCS,"166,126,0","166,90,0",0,-1,0,0.0,0.0,0.0,0.0,
175,SIPP_Standard,"166,126,12","166,90,6",0,-1,54754,180.00043,0.0,0.0,0.0,
176,SIPP_2^2,"187,125,0","195,57,0",1,1006.028448,2044,0.86899,155.56349,37.69911,75.39822,0 1 1 1 1 1 0 0 0 0 0 0 0 -4.970 0 -0.106 1 -9.930 0 0 0 0 0 0 0 0 0 0 0 0 0 0 0 0 0 0 0 0 0 0 0 0 1 1 1 0 0 1 1 0 0 0 0 0 1 1 0 0 0 0 3 0 0 0 0 0 3 0 0 0 0 0 3 3 3 3 0 0 0 0 3 3 0 0 0 1 -5.051 2 -36.000 0 -9.950 0 -0.022 0 0 0 0 0 1 1 0
176,SIPP_2^3,"187,125,0","195,57,0",1,835.9094010000001,1150,0.8992,99.78664,18.84956,37.69911,7 7 7 7 0 1 1 1 1 1 1 1 0 0 0 0 0 0 0 1 0 1 0 0 0 0 0 0 0 0 0 0 0 1 1 1 1 1 1 1 0 1 0 0 -34.575 6 -1.923 0 6 0 0 0 0 7 0 0 0 0 0 0 0 0 0 7 0 0 0 0 0 0 0 7
176,SIPP_2^4,"187,125,0","195,57,0",1,825.3380559999999,1148,2.29611,45.77939,12.81221,25.62442,14 14 14 15 2 1 1 1 1 1 1 1 1 0 1 1 1 -1.014 1 1 0 0 0 1 0 0 0 1 0 -46.688 0 -9.518 8 -4.336 15 0 0 15 15 0 0 0 0 0 0 0 0 0 0 0 0 0 0 15
176,SIPP_2^5,"187,125,0","195,57,0",1,822.0232390000001,1130,5.74852,20.3653,3.99166,7.98333,28 28 28 30 2 2 2 3 2 2 2 1 1 2 3 1 1 1 1 -77.940 29 31 31 0 0 0 0 0 0 0 0 0 0 0 0 0 31
176,SIPP_BigCS,"187,125,2","195,57,10",1,826.4420099999999,8416,53.83317,31.44464,6.0079,1.3453,102 102 134 125 204 204 204 204 204 204 204 308 74 161 -74.442 34 170 6 6 6 2 6 30
176,SIPP_Standard,"187,125,2","195,57,10",1,1223.9992,5301,10.34693,19.20273,3.7048,0.5875,13 -61.223 100 -141.860 90 -272.917 2 2 2 2 2 22
177,SIPP_2^2,"188,139,0","129,169,0",0,-1,47,0.22403,0.0,0.0,0.0,
177,SIPP_2^3,"188,139,0","129,169,0",1,1171.1811129999996,5963,5.12524,172.7025,33.77212,67.54424,0 7 7 7 6 7 6 6 6 7 0 7 0 1 -3.917 3 -1.007 3 4 5 4 5 5 4 5 5 6 6 5 5 5 5 5 5 5 6 5 5 5 5 5 -3.222 4 5 -1.628 5 6 6 6 6 6 6 5 5 6 5 5 5 6 6 6 5 5 6 6 6 5 6 5 4 4 4 4 5 5 4 5 5 5 5 5 5 6 6 6 6 6 7 -19.200 0 -1.047 2 -0.410 2 -9.501 1 1 1 1 1
177,SIPP_2^4,"188,139,0","129,169,0",1,1169.8989809999998,6909,15.57244,123.24068,24.81099,49.62198,15 14 13 12 13 12 14 -1.541 15 0 2 4 -1.573 8 -3.078 6 9 9 9 9 11 11 10 10 11 10 10 11 10 10 10 -9.053 8 -0.525 9 11 11 11 11 12 12 11 11 12 12 12 12 12 11 11 10 10 10 8 8 9 8 9 8 11 11 12 12 11 11 12 -2.596 0 -40.466 4 -0.410 4 1 2 2 2 2
177,SIPP_2^5,"188,139,0","129,169,0",1,1169.6731229999998,7130,40.30519,78.76568,18.39009,36.78019,30 28 26 25 24 28 28 0 0 4 8 -2.070 16 -3.078 12 18 18 18 18 21 22 21 20 20 21 20 -0.352 20 -10.043 16 -0.525 18 22 22 -0.211 23 23 23 23 24 23 23 20 20 20 17 17 17 23 23 24 24 24 24 24 -2.862 8 -40.466 8 -0.410 8 -0.221 3 4 4 4
177,SIPP_BigCS,"188,139,4","129,169,8",0,-1,18859,180.03539,0.0,0.0,0.0,
177,SIPP_Standard,"188,139,4","129,169,8",1,1409.737185,13554,43.54261,53.08523,10.1865,1.5086,82 -12.663 23 42 -24.547 100 -112.269 82 -4.546 11 51 94 20 31 55 -90.712 75 94 4
178,SIPP_2^2,"128,42,0","65,26,0",0,-1,0,0.0,0.0,0.0,0.0,
178,SIPP_2^3,"128,42,0","65,26,0",0,-1,0,0.0,0.0,0.0,0.0,
178,SIPP_2^4,"128,42,0","65,26,0",0,-1,0,0.0,0.0,0.0,0.0,
178,SIPP_2^5,"128,42,0","65,26,0",0,-1,0,0.0,0.0,0.0,0.0,
178,SIPP_BigCS,"128,42,0","65,26,0",0,-1,0,0.0,0.0,0.0,0.0,
178,SIPP_Standard,"128,42,7","65,26,14",0,-1,13,0.02672,0.0,0.0,0.0,
179,SIPP_2^2,"168,126,0","222,92,0",0,-1,0,0.0,0.0,0.0,0.0,
179,SIPP_2^3,"168,126,0","222,92,0",0,-1,0,0.0,0.0,0.0,0.0,
179,SIPP_2^4,"168,126,0","222,92,0",0,-1,0,0.0,0.0,0.0,0.0,
179,SIPP_2^5,"168,126,0","222,92,0",0,-1,0,0.0,0.0,0.0,0.0,
179,SIPP_BigCS,"168,126,0","222,92,0",0,-1,0,0.0,0.0,0.0,0.0,
179,SIPP_Standard,"168,126,2","222,92,14",0,-1,0,4e-05,0.0,0.0,0.0,
180,SIPP_2^2,"42,89,0","14,143,0",0,-1,0,0.0,0.0,0.0,0.0,
180,SIPP_2^3,"42,89,0","14,143,0",0,-1,0,0.0,0.0,0.0,0.0,
180,SIPP_2^4,"42,89,0","14,143,0",0,-1,0,0.0,0.0,0.0,0.0,
180,SIPP_2^5,"42,89,0","14,143,0",0,-1,0,0.0,0.0,0.0,0.0,
180,SIPP_BigCS,"42,89,0","14,143,0",0,-1,0,0.0,0.0,0.0,0.0,
180,SIPP_Standard,"42,89,2","14,143,1",0,-1,0,3e-05,0.0,0.0,0.0,
181,SIPP_2^2,"137,180,0","165,242,0",1,1421.497328,6616,3.08379,190.91883,42.4115,84.823,0 0 0 0 0 0 3 3 3 3 3 3 3 3 3 3 3 3 3 3 2 2 2 2 3 2 2 2 -22.821 2 -20.185 2 -0.012 2 -0.012 2 2 2 2 2 2 1 2 1 1 2 2 1 2 2 2 2 2 2 2 2 2 2 2 2 2 2 2 2 2 2 2 2 2 2 1 1 2 1 1 1 1 2 2 2 2 2 2 2 2 2 2 2 2 2 2 2 1 1 1 1 -38.049 1 -19.949 1 -0.094 1 -0.375 1 1 1 1 1 2 1 2 2 2 1 1 1 1 2 1 1 1 1 1 1 1 1 1 1 2 1 1 1 2 2 2 1 1 2 2 1
181,SIPP_2^3,"137,180,0","165,242,0",1,1217.9652059999992,3753,3.21375,130.89147,25.91814,51.83628,0 0 0 0 0 0 6 6 6 6 6 6 6 6 5 5 5 5 5 5 5 5 5 6 6 5 -1.399 4 3 3 3 3 3 3 3 3 3 4 4 3 3 4 4 4 4 3 4 4 3 4 3 4 4 4 4 4 4 -0.579 4 -1.137 2 -4.241 3 3 3 3 4 5 4 5 4 4 3 2 2 2 2 3 3 2 2 -24.675 2 -1.255 2 2 2 2 2 3 3 3 3 3 3 3 3 3 3 2 3 3 3 2 3
181,SIPP_2^4,"137,180,0","165,242,0",1,1212.6208379999991,3953,8.76928,66.56757,12.78418,25.56836,0 0 0 0 0 0 12 12 12 12 12 12 12 11 10 10 10 11 11 10 10 10 10 -6.744 8 6 6 6 6 6 6 6 6 6 7 7 7 -1.205 7 6 6 6 6 6 5 6 6 6 5 6 6 7 8 7 7 7 10 -1.459 10 10 10 10 -50.217 4 -1.255 4 4 4 4 5 5 6 6 6 6 6 6 6 6 6 6 5 6
181,SIPP_2^5,"137,180,0","165,242,0",1,1210.9883289999993,4011,22.1072,58.47208,11.82443,23.64885,0 0 0 0 0 0 24 24 24 24 24 24 23 20 20 21 20 20 21 20 -8.376 16 12 12 12 12 12 12 12 12 12 15 14 13 12 12 12 11 11 12 12 12 12 13 15 14 14 19 21 -52.965 8 -1.255 8 8 8 9 11 12 12 12 12 12 12 12 12 11 12
181,SIPP_BigCS,"137,180,13","165,242,15",0,-1,18404,180.06402,0.0,0.0,0.0,
181,SIPP_Standard,"137,180,13","165,242,15",1,1368.066167,21857,60.86441,48.9177,9.2862,1.4457,108 34 67 35 56 88 0 20 51 110 36 -13.988 1 -20.479 1 -3.472 1 -0.127 25 64
182,SIPP_2^2,"191,220,0","227,167,0",0,-1,0,0.0,0.0,0.0,0.0,
182,SIPP_2^3,"191,220,0","227,167,0",0,-1,0,0.0,0.0,0.0,0.0,
182,SIPP_2^4,"191,220,0","227,167,0",0,-1,0,0.0,0.0,0.0,0.0,
182,SIPP_2^5,"191,220,0","227,167,0",0,-1,0,0.0,0.0,0.0,0.0,
182,SIPP_BigCS,"191,220,0","227,167,0",0,-1,0,0.0,0.0,0.0,0.0,
182,SIPP_Standard,"191,220,9","227,167,0",0,-1,0,3e-05,0.0,0.0,0.0,
183,SIPP_2^2,"187,161,0","134,112,0",0,-1,0,0.0,0.0,0.0,0.0,
183,SIPP_2^3,"187,161,0","134,112,0",0,-1,0,0.0,0.0,0.0,0.0,
183,SIPP_2^4,"187,161,0","134,112,0",0,-1,0,0.0,0.0,0.0,0.0,
183,SIPP_2^5,"187,161,0","134,112,0",0,-1,0,0.0,0.0,0.0,0.0,
183,SIPP_BigCS,"187,161,0","134,112,0",0,-1,0,0.0,0.0,0.0,0.0,
183,SIPP_Standard,"187,161,11","134,112,7",0,-1,0,3e-05,0.0,0.0,0.0,
184,SIPP_2^2,"144,98,0","77,80,0",1,850.0,1242,0.57648,148.49242,32.98672,65.97345,3 3 3 3 3 3 3 3 3 0 0 0 3 0 3 3 3 3 3 3 3 0 3 3 3 3 3 3 3 3 3 3 3 3 3 0 0 3 3 3 3 3 3 3 0 0 3 3 3 0 3 0 3 3 3 3 3 3 3 3 3 3 3 3 3 3 0 0 3 0 3 3 3 3 3 3 3 3 3 3 0 0 0 3 0
184,SIPP_2^3,"144,98,0","77,80,0",1,744.5584480000002,806,0.68087,71.50557,14.13717,28.27433,7 7 7 7 7 7 6 6 6 7 6 7 7 6 6 6 6 6 6 6 6 7 6 6 6 6 6 6 6 6 6 6 6 6 6 6 6 6 7 6 6 7 7 6 6 6 6 6 6 6 6 6 6 6 6 6 6 6 7 6 7 7 6 7 6 6 7
184,SIPP_2^4,"144,98,0","77,80,0",1,723.7164160000001,708,1.55942,33.46532,6.67092,13.34184,12 13 13 13 13 13 13 13 13 13 13 13 13 12 13 13 12 12 12 12 12 12 12 12 12 12 13 12 12 12 11 12 12 12 12 12 11 12 12 12 13 13 14 13 12 13
184,SIPP_2^5,"144,98,0","77,80,0",1,718.695628,669,4.0259,15.17859,3.0306,6.06119,25 26 25 26 26 26 26 25 25 25 25 25 25 25 24 25 24 24 -1.024 24 -0.012 24 23 23 23 24 26 26 26 27 25
184,SIPP_BigCS,"144,98,3","77,80,15",1,722.4843109999999,4408,44.26049,25.0645,4.6711,0.8765,205 205 205 205 205 205 205 205 205 205 309 7 7 7 7 87 365 67 171 7 7 -1.484 47 130
184,SIPP_Standard,"144,98,3","77,80,15",1,734.085865,1220,4.79405,13.18432,2.5485,0.3027,30 50 93 3 3 -4.988 3 -0.098 3 23 38
185,SIPP_2^2,"82,73,0","94,4,0",1,1689.042437,14013,6.37698,261.62951,61.26106,122.52211,3 3 3 3 0 3 3 3 3 0 3 3 3 3 3 3 3 3 3 0 0 3 0 0 0 3 0 3 3 0 3 0 0 0 0 0 0 0 0 0 0 0 0 0 0 0 0 0 0 0 0 0 1 0 0 0 0 0 0 0 1 0 0 -4.357 3 -23.208 0 -8.464 2 1 1 2 2 2 2 1 1 2 -14.544 1 1 1 0 0 1 -100.565 1 -11.659 0 1 1 1 1 1 1 1 1 1 1 1 1 1 -5.003 1 -1.169 1 -0.106 0 -9.930 1 -0.012 1 -0.012 1 -0.012 1 1 0 0 0 0 0 0 0 0 0 1 1 1 1 1 1 0 1 0 0 0 0 0 0 0 0 0 0 0 0 0 0 0 0 0 0 0 0 0 0 0 0 3 3 3 2 2 2
185,SIPP_2^3,"82,73,0","94,4,0",1,1181.5359909999997,5965,4.99582,132.90776,26.70354,53.40708,7 0 0 7 7 0 0 0 7 7 7 7 7 -0.318 7 7 7 7 7 7 0 0 1 1 1 1 1 1 1 1 1 1 1 1 0 0 1 0 0 0 0 0 0 1 0 -0.523 2 -0.206 2 -0.049 2 2 2 3 3 3 -2.577 6 -19.962 6 -0.034 6 -0.032 0 1 2 1 2 2 1 1 1 1 1 0 -17.624 0 -3.105 0 0 0 0 0 0 0 1 1 1 1 1 0 0 7 7 0 0 7 0 7 6 5 5 5
185,SIPP_2^4,"82,73,0","94,4,0",1,892.2978720000007,2401,5.26469,23.84121,4.7883,9.57661,2 2 1 1 1 1 2 2 2 2 2 2 2 2 2 2 2 2 2 2 2 2 2 2 2 2 1 2 2 2 2 2 1 0 0 0 14 14 14 14 14 14 14 14 14 14 15 14 14 14 15 15 15 15 14 15 14
185,SIPP_2^5,"82,73,0","94,4,0",1,873.8978460000005,2200,12.07683,14.83149,2.95257,5.90513,3 3 3 3 3 3 4 4 4 4 4 4 4 4 4 4 4 4 4 4 4 3 4 3 0 0 31 28 28 28 28 28 29 28 28 29 29 29 29 28 28
185,SIPP_BigCS,"82,73,6","94,4,14",1,868.0,15930,114.86542,22.08919,4.1912,0.4336,252 177 220 101 101 101 101 101 101 101 125 252 101 101 117 218 102 154 218 154
185,SIPP_Standard,"82,73,6","94,4,14",1,897.0,856,1.68215,21.77282,4.158,0.5003,68 49 76 73 68 29 33 66 30 30 54
186,SIPP_2^2,"204,152,0","207,222,0",0,-1,0,0.0,0.0,0.0,0.0,
186,SIPP_2^3,"204,152,0","207,222,0",0,-1,0,0.0,0.0,0.0,0.0,
186,SIPP_2^4,"204,152,0","207,222,0",0,-1,0,0.0,0.0,0.0,0.0,
186,SIPP_2^5,"204,152,0","207,222,0",0,-1,0,0.0,0.0,0.0,0.0,
186,SIPP_BigCS,"204,152,0","207,222,0",0,-1,0,0.0,0.0,0.0,0.0,
186,SIPP_Standard,"204,152,3","207,222,9",0,-1,59650,180.00266,0.0,0.0,0.0,
187,SIPP_2^2,"104,145,0","73,82,0",0,-1,0,0.0,0.0,0.0,0.0,
187,SIPP_2^3,"104,145,0","73,82,0",0,-1,0,0.0,0.0,0.0,0.0,
187,SIPP_2^4,"104,145,0","73,82,0",0,-1,0,0.0,0.0,0.0,0.0,
187,SIPP_2^5,"104,145,0","73,82,0",0,-1,0,0.0,0.0,0.0,0.0,
187,SIPP_BigCS,"104,145,0","73,82,0",0,-1,0,0.0,0.0,0.0,0.0,
187,SIPP_Standard,"104,145,10","73,82,7",0,-1,0,4e-05,0.0,0.0,0.0,
188,SIPP_2^2,"96,191,0","156,157,0",0,-1,0,0.0,0.0,0.0,0.0,
188,SIPP_2^3,"96,191,0","156,157,0",0,-1,0,0.0,0.0,0.0,0.0,
188,SIPP_2^4,"96,191,0","156,157,0",0,-1,0,0.0,0.0,0.0,0.0,
188,SIPP_2^5,"96,191,0","156,157,0",0,-1,0,0.0,0.0,0.0,0.0,
188,SIPP_BigCS,"96,191,0","156,157,0",0,-1,0,0.0,0.0,0.0,0.0,
188,SIPP_Standard,"96,191,8","156,157,6",0,-1,0,4e-05,0.0,0.0,0.0,
189,SIPP_2^2,"252,78,0","248,5,0",1,968.488315,1195,0.56246,77.78175,17.27876,34.55752,0 0 0 1 0 0 0 0 0 0 0 0 0 0 0 0 0 0 0 0 0 0 0 0 0 0 0 0 0 0 0 0 0 0 0 1 0 0 0 0 0 0 0 0 0 0 0 0 -123.804 0 0 3 3 3 0 3 0 0 0 0 0 0 0 0 0 0 0 0 0 0 0 0 0 0 0 0 0 3 3 3 -11.447 0 -3.238 0 0 1
189,SIPP_2^3,"252,78,0","248,5,0",1,955.644229,1322,1.05608,48.23526,9.42478,18.84956,0 0 0 0 0 1 0 0 0 0 0 0 0 0 0 0 0 0 0 0 0 0 0 0 0 0 0 0 0 0 0 0 0 0 0 0 0 0 0 0 0 0 0 0 0 1 -135.520 0 7 6 -3.929 7 7 0 0 0 0 0 0 0 0 0 0 0 0 7 7 7 7 0 0 0 0 0 -16.887 0 -1.636 0 -0.394 2 2
189,SIPP_2^4,"252,78,0","248,5,0",1,954.9679500000002,1365,2.82321,44.88138,8.88522,17.77044,0 0 0 0 0 1 0 0 0 0 0 0 0 0 0 0 0 0 0 0 0 0 0 0 0 0 0 0 0 0 0 0 0 0 0 0 0 0 0 0 0 1 0 0 -139.082 0 -0.319 13 -5.391 14 14 0 15 15 15 0 0 0 0 0 15 15 0 0 0 15 0 2 2 5
189,SIPP_2^5,"252,78,0","248,5,0",1,952.6515370000003,1359,6.90062,36.23213,7.10654,14.21308,0 0 0 0 1 0 0 0 0 0 0 0 0 0 0 0 0 0 0 0 0 0 0 0 0 0 0 0 0 0 0 0 0 0 0 0 0 0 0 0 0 1 -140.558 0 -1.016 25 -0.129 31 0 31 31 31 31 31 0 0 0 31 6 10
189,SIPP_BigCS,"252,78,0","248,5,14",1,955.5928019999999,12080,83.74145,36.74139,7.1072,1.8238,364 6 6 6 6 6 6 2 2 6 30 338 204 -136.817 268 -5.435 325 202 202 306 6 82 338 -10.341 332 5
189,SIPP_Standard,"252,78,0","248,5,14",1,1149.566425,4393,8.4475,41.15872,7.8693,0.8592,-43.582 6 -13.727 74 93 -15.258 19 69 46 18 68 45 9 37 18 92
190,SIPP_2^2,"234,61,0","169,37,0",1,1094.029362,1871,0.95429,268.70058,59.69026,119.38052,3 3 3 3 3 2 2 2 3 2 3 2 2 2 2 -15.112 3 -28.851 3 3 3 -0.067 3 3 3 3 0 3 0 0 3 0 0 0 3 3 3 0 3 0 0 0 0 0 0 3 0 3 3 3 3 3 0 3 3 3 3 0 3 3 3 0 0 0 0 0 0 0 3 3 3 3 3 3 3 0 3 3 3 3 3 3 3 3 0 0 0 3 0 3 0 3 3 0 3 3 3 0 3 0 3 3 3 3 3 3 3 3
190,SIPP_2^3,"234,61,0","169,37,0",1,971.7471840000006,1966,1.69329,95.43036,18.84956,37.69911,7 7 7 7 7 6 6 6 6 7 7 0 0 0 0 0 0 0 0 0 0 0 0 0 0 0 0 7 7 7 7 6 7 6 -20.298 4 -1.991 5 -1.148 6 5 6 6 6 6 6 6 6 6 6 6 5 5 5 -3.860 6 -0.918 6 -0.201 6 -0.084 6 -0.626 6 -1.073 6 6 6 -1.416 6 -0.011 6 6 6 7 6 6 7 7 7 6 6 7 7 6 7 6 6 5 5 5 5 5
190,SIPP_2^4,"234,61,0","169,37,0",1,961.0584480000003,1958,4.36799,59.86791,11.88491,23.76983,13 13 13 13 14 -1.375 14 14 0 0 0 0 0 0 0 0 0 0 0 0 0 15 15 15 13 12 -47.317 12 -1.991 10 -1.148 12 -1.693 11 12 12 12 12 11 12 12 12 12 12 11 -1.062 13 12 11 11 -7.826 12 -0.011 12 14 13 13 13 13 13 14 12 12 12 11 10 10 10 10
190,SIPP_2^5,"234,61,0","169,37,0",1,958.6770250000003,1960,10.86898,50.95912,10.24395,20.4879,26 27 26 26 -1.822 28 28 0 0 0 0 0 0 0 0 0 0 0 31 31 30 26 26 -36.432 16 -1.991 20 -0.878 23 24 24 24 24 24 24 24 23 23 -5.597 25 22 22 -8.207 24 25 27 27 26 25 24 24 22 20 20 20 20
190,SIPP_BigCS,"234,61,15","169,37,12",1,963.1174649999999,15161,115.21021,51.23276,9.7254,2.643,205 205 205 205 237 6 30 338 204 348 166 -10.471 307 7 59 205 205 349 103 103 103 -2.646 151 205 205 205 205 293 103 103 103
190,SIPP_Standard,"234,61,15","169,37,12",1,1051.146109,3876,8.89186,53.01787,10.2167,1.4913,40 78 107 46 10 38 19 69 -26.953 38 27 -28.193 74 109
191,SIPP_2^2,"28,29,0","96,50,0",0,-1,0,0.0,0.0,0.0,0.0,
191,SIPP_2^3,"28,29,0","96,50,0",0,-1,0,0.0,0.0,0.0,0.0,
191,SIPP_2^4,"28,29,0","96,50,0",0,-1,0,0.0,0.0,0.0,0.0,
191,SIPP_2^5,"28,29,0","96,50,0",0,-1,0,0.0,0.0,0.0,0.0,
191,SIPP_BigCS,"28,29,0","96,50,0",0,-1,0,0.0,0.0,0.0,0.0,
191,SIPP_Standard,"28,29,2","96,50,7",0,-1,0,4e-05,0.0,0.0,0.0,
192,SIPP_2^2,"131,136,0","64,110,0",1,990.0,2901,1.30668,261.62951,58.11946,116.23893,3 3 3 3 0 3 3 0 3 3 3 3 3 3 3 3 3 3 3 3 3 3 3 3 0 3 3 3 3 0 3 3 3 3 0 3 0 3 3 3 3 3 3 3 3 0 3 3 3 0 3 3 3 3 0 3 0 3 3 0 3 3 0 3 0 3 0 0 0 3 0 3 3 0 3 0 0 0 3 3 3 3 3 3 3 3 0 0 0 0 0 0 0 0 3 3 2 2 2
192,SIPP_2^3,"131,136,0","64,110,0",1,845.8173550000002,1995,1.72623,70.33224,14.13717,28.27433,7 6 6 7 6 6 7 6 6 6 6 6 6 6 6 6 6 6 6 6 6 6 6 6 6 6 6 6 6 6 6 6 7 7 7 7 7 7 7 7 7 7 7 7 7 7 7 7 7 7 7 7 7 7 7 7 -4.413 6 -3.238 0 6 6 -1.476 6 5 6 5 5 5 6 6 7 1
192,SIPP_2^4,"131,136,0","64,110,0",1,742.0664160000001,703,1.64217,21.24889,4.24874,8.49748,13 13 13 13 12 12 12 12 12 12 12 12 12 12 12 12 12 13 13 13 13 13 13 13 13 12 12 12 12 12 12 12 14 14 14 14 13 13 13 13 13 13 14 13 13 14 12
192,SIPP_2^5,"131,136,0","64,110,0",1,736.8018030000001,596,3.5217,13.03088,2.60072,5.20144,26 26 26 25 24 24 24 24 24 24 24 24 24 24 25 25 25 25 25 25 25 -2.266 26 -2.113 24 -1.016 25 27 27 27 26 27 26 27 26
192,SIPP_BigCS,"131,136,1","64,110,6",1,735.7718779999999,3118,33.31912,19.28378,3.5503,0.3383,205 205 -0.172 309 87 309 7 7 7 7 7 87 -3.568 309 87 205 205 221 178 -0.032 205
192,SIPP_Standard,"131,136,1","64,110,6",1,858.617811,9874,29.26979,45.80615,8.7925,1.448,-0.926 93 23 50 101 107 -15.080 50 -5.151 109 -4.841 43 -1.620 77 98
193,SIPP_2^2,"182,132,0","237,186,0",0,-1,0,0.0,0.0,0.0,0.0,
193,SIPP_2^3,"182,132,0","237,186,0",0,-1,0,0.0,0.0,0.0,0.0,
193,SIPP_2^4,"182,132,0","237,186,0",0,-1,0,0.0,0.0,0.0,0.0,
193,SIPP_2^5,"182,132,0","237,186,0",0,-1,0,0.0,0.0,0.0,0.0,
193,SIPP_BigCS,"182,132,0","237,186,0",0,-1,0,0.0,0.0,0.0,0.0,
193,SIPP_Standard,"182,132,13","237,186,15",0,-1,0,3e-05,0.0,0.0,0.0,
194,SIPP_2^2,"128,54,0","71,52,0",0,-1,0,0.0,0.0,0.0,0.0,
194,SIPP_2^3,"128,54,0","71,52,0",0,-1,0,0.0,0.0,0.0,0.0,
194,SIPP_2^4,"128,54,0","71,52,0",0,-1,0,0.0,0.0,0.0,0.0,
194,SIPP_2^5,"128,54,0","71,52,0",0,-1,0,0.0,0.0,0.0,0.0,
194,SIPP_BigCS,"128,54,0","71,52,0",0,-1,0,0.0,0.0,0.0,0.0,
194,SIPP_Standard,"128,54,6","71,52,11",0,-1,9,0.01386,0.0,0.0,0.0,
195,SIPP_2^2,"27,100,0","85,56,0",0,-1,0,0.0,0.0,0.0,0.0,
195,SIPP_2^3,"27,100,0","85,56,0",0,-1,0,0.0,0.0,0.0,0.0,
195,SIPP_2^4,"27,100,0","85,56,0",0,-1,0,0.0,0.0,0.0,0.0,
195,SIPP_2^5,"27,100,0","85,56,0",0,-1,0,0.0,0.0,0.0,0.0,
195,SIPP_BigCS,"27,100,0","85,56,0",0,-1,0,0.0,0.0,0.0,0.0,
195,SIPP_Standard,"27,100,8","85,56,2",0,-1,0,3e-05,0.0,0.0,0.0,
196,SIPP_2^2,"104,203,0","118,131,0",0,-1,0,0.0,0.0,0.0,0.0,
196,SIPP_2^3,"104,203,0","118,131,0",0,-1,0,0.0,0.0,0.0,0.0,
196,SIPP_2^4,"104,203,0","118,131,0",0,-1,0,0.0,0.0,0.0,0.0,
196,SIPP_2^5,"104,203,0","118,131,0",0,-1,0,0.0,0.0,0.0,0.0,
196,SIPP_BigCS,"104,203,0","118,131,0",0,-1,0,0.0,0.0,0.0,0.0,
196,SIPP_Standard,"104,203,12","118,131,13",0,-1,0,3e-05,0.0,0.0,0.0,
197,SIPP_2^2,"181,90,0","172,29,0",0,-1,0,0.0,0.0,0.0,0.0,
197,SIPP_2^3,"181,90,0","172,29,0",0,-1,0,0.0,0.0,0.0,0.0,
197,SIPP_2^4,"181,90,0","172,29,0",0,-1,0,0.0,0.0,0.0,0.0,
197,SIPP_2^5,"181,90,0","172,29,0",0,-1,0,0.0,0.0,0.0,0.0,
197,SIPP_BigCS,"181,90,0","172,29,0",0,-1,0,0.0,0.0,0.0,0.0,
197,SIPP_Standard,"181,90,2","172,29,1",0,-1,0,3e-05,0.0,0.0,0.0,
198,SIPP_2^2,"1,13,0","40,74,0",1,1306.5633,7494,3.17271,84.85281,18.84956,37.69911,2 2 2 2 2 2 2 2 2 2 2 2 2 2 2 2 2 2 2 2 2 2 2 2 2 2 2 2 2 2 2 2 2 2 2 2 2 2 2 2 -21.023 2 2 2 2 2 2 2 2 2 2 2 2 -232.043 1 -5.067 2 -0.436 1 1 -8.455 1 -2.416 1 -1.172 2 -1.489 2 -1.890 1 -1.722 1 -0.918 1 -0.201 1 -0.084 1 -0.626 1 -1.070 1 -1.489 1 -1.890 1 1 1 1 1 1 1 -5.773 1 -1.424 1 -1.804 1 -2.352 1 -3.037 2 -3.649 1 1 1 1 1 -1.136 1 -4.274 1 -1.124 1 1 1 1 1 2 2 2 1 2 1 1 2
198,SIPP_2^3,"1,13,0","40,74,0",1,771.5433040000003,800,0.61201,59.8816,11.78097,23.56195,4 4 4 3 3 4 4 4 3 4 3 3 3 3 3 3 3 3 3 3 3 3 3 3 3 3 3 3 3 3 3 3 3 3 3 3 3 3 4 4 4 4 4 4 4 3 3 4 3 4 4 3 3 4 4 4 4 3 3 4 3
198,SIPP_2^4,"1,13,0","40,74,0",1,735.9141839999999,338,0.65876,8.73227,1.75065,3.5013,8 8 7 7 7 7 7 7 6 6 6 6 6 6 6 6 6 6 6 6 6 6 6 7 7 7 6 6 6 6 7 7 7 7 7 7 7 7 7 7 7
198,SIPP_2^5,"1,13,0","40,74,0",1,733.245416,316,1.51451,7.88561,1.57498,3.14996,15 15 15 14 13 12 12 12 12 12 12 12 12 12 12 12 12 13 12 12 13 13 12 13 14 14 14 14 14 14 14 14 14 14
198,SIPP_BigCS,"1,13,9","40,74,4",1,730.307407,895,6.84911,7.98561,1.1166,0.0862,80 200 200 200 248 100 100 100 100 100 100 100 100 100 100 100 100 100 100 100 180 -0.307 192 192 200 200 200
198,SIPP_Standard,"1,13,9","40,74,4",1,746.0,319,0.85433,17.43193,3.0589,0.3225,8 52 56 72 71 28 52 56 88
199,SIPP_2^2,"188,210,0","234,158,0",0,-1,0,0.0,0.0,0.0,0.0,
199,SIPP_2^3,"188,210,0","234,158,0",0,-1,0,0.0,0.0,0.0,0.0,
199,SIPP_2^4,"188,210,0","234,158,0",0,-1,0,0.0,0.0,0.0,0.0,
199,SIPP_2^5,"188,210,0","234,158,0",0,-1,0,0.0,0.0,0.0,0.0,
199,SIPP_BigCS,"188,210,0","234,158,0",0,-1,0,0.0,0.0,0.0,0.0,
199,SIPP_Standard,"188,210,8","234,158,1",0,-1,0,7e-05,0.0,0.0,0.0,
200,SIPP_2^2,"104,131,0","108,207,0",0,-1,0,0.0,0.0,0.0,0.0,
200,SIPP_2^3,"104,131,0","108,207,0",0,-1,0,0.0,0.0,0.0,0.0,
200,SIPP_2^4,"104,131,0","108,207,0",0,-1,0,0.0,0.0,0.0,0.0,
200,SIPP_2^5,"104,131,0","108,207,0",0,-1,0,0.0,0.0,0.0,0.0,
200,SIPP_BigCS,"104,131,0","108,207,0",0,-1,0,0.0,0.0,0.0,0.0,
200,SIPP_Standard,"104,131,2","108,207,12",0,-1,630,0.87333,0.0,0.0,0.0,
201,SIPP_2^2,"56,223,0","137,225,0",1,1136.041314,1949,0.8569,113.13708,25.13274,50.26548,1 2 2 2 2 2 2 2 2 1 2 2 1 -7.405 1 1 1 1 1 1 -133.034 0 -1.175 1 -1.369 1 0 0 1 1 1 1 1 1 1 1 1 1 1 1 1 1 1 1 1 1 1 1 1 1 1 1 1 1 1 1 1 1 1 1 1 1 0 0 1 1 1 1 1 1 1 1 1 1 1 1 1 1 1 1 1 1 1 1 1 1 1 1 1 -3.029 1 -0.029 1 1 1 1 1 1 1 0 1 0 1 0 1
201,SIPP_2^3,"56,223,0","137,225,0",1,1071.4973279999997,2592,2.08921,95.52872,18.84956,37.69911,4 4 4 4 3 3 4 4 4 4 3 3 2 2 2 2 2 2 2 2 3 -1.254 2 2 2 1 1 2 2 1 1 1 2 2 2 2 2 1 2 1 1 1 2 2 2 2 2 2 2 2 2 2 2 2 2 2 2 2 2 2 2 2 2 3 2 2 2 2 2 2 2 2 2 2 2 2 2 2 2 2 3 2 2 2 2 2 3 2 -63.800 1 -1.394 2 -0.022 0 -0.094 0 -0.375 0 0
201,SIPP_2^4,"56,223,0","137,225,0",1,939.618064,784,1.86166,33.19203,6.56698,13.13396,7 8 8 8 7 8 8 8 6 6 4 4 4 4 5 5 4 3 3 3 2 3 3 3 2 3 3 3 4 4 4 4 4 4 4 4 4 4 4 4 4 4 4 4 4 4 4 4 4 4 4 4 4 4 4 4 4 4 4 4 4 4 4 4 4 4 4 4 4 4 4 4 4 4 3
201,SIPP_2^5,"56,223,0","137,225,0",1,934.89229,760,3.81371,18.63906,3.71205,7.42411,16 16 16 16 15 15 12 12 9 8 8 9 8 7 5 5 5 6 6 6 7 8 8 8 8 8 8 8 8 8 8 8 8 8 8 8 8 8 8 8 8 8 8 8 8 8 8 8 8 8 8 8 8 8 8 8 8 8 8 8 8 8 8 8 8 7
201,SIPP_BigCS,"56,223,11","137,225,3",1,937.0,3991,29.34602,24.38663,4.6049,1.1349,4 4 28 200 328 5 57 351 153 201 201 201 201 201 361 1 1 1 5 5 1 5 5 5 29
201,SIPP_Standard,"56,223,11","137,225,3",1,1133.0079099999998,8307,24.0467,42.86896,8.2586,1.1971,4 -9.609 80 -13.381 1 5 73 84 -89.563 9 41 71 36 -24.455 1 13
202,SIPP_2^2,"88,80,0","12,95,0",0,-1,0,0.0,0.0,0.0,0.0,
202,SIPP_2^3,"88,80,0","12,95,0",0,-1,0,0.0,0.0,0.0,0.0,
202,SIPP_2^4,"88,80,0","12,95,0",0,-1,0,0.0,0.0,0.0,0.0,
202,SIPP_2^5,"88,80,0","12,95,0",0,-1,0,0.0,0.0,0.0,0.0,
202,SIPP_BigCS,"88,80,0","12,95,0",0,-1,0,0.0,0.0,0.0,0.0,
202,SIPP_Standard,"88,80,15","12,95,13",0,-1,68458,180.00134,0.0,0.0,0.0,
203,SIPP_2^2,"102,83,0","83,158,0",0,-1,0,0.0,0.0,0.0,0.0,
203,SIPP_2^3,"102,83,0","83,158,0",0,-1,0,0.0,0.0,0.0,0.0,
203,SIPP_2^4,"102,83,0","83,158,0",0,-1,0,0.0,0.0,0.0,0.0,
203,SIPP_2^5,"102,83,0","83,158,0",0,-1,0,0.0,0.0,0.0,0.0,
203,SIPP_BigCS,"102,83,0","83,158,0",0,-1,0,0.0,0.0,0.0,0.0,
203,SIPP_Standard,"102,83,14","83,158,11",0,-1,0,3e-05,0.0,0.0,0.0,
204,SIPP_2^2,"44,115,0","18,183,0",0,-1,0,0.0,0.0,0.0,0.0,
204,SIPP_2^3,"44,115,0","18,183,0",0,-1,0,0.0,0.0,0.0,0.0,
204,SIPP_2^4,"44,115,0","18,183,0",0,-1,0,0.0,0.0,0.0,0.0,
204,SIPP_2^5,"44,115,0","18,183,0",0,-1,0,0.0,0.0,0.0,0.0,
204,SIPP_BigCS,"44,115,0","18,183,0",0,-1,0,0.0,0.0,0.0,0.0,
204,SIPP_Standard,"44,115,0","18,183,1",0,-1,0,3e-05,0.0,0.0,0.0,
205,SIPP_2^2,"209,180,0","254,230,0",0,-1,0,0.0,0.0,0.0,0.0,
205,SIPP_2^3,"209,180,0","254,230,0",0,-1,0,0.0,0.0,0.0,0.0,
205,SIPP_2^4,"209,180,0","254,230,0",0,-1,0,0.0,0.0,0.0,0.0,
205,SIPP_2^5,"209,180,0","254,230,0",0,-1,0,0.0,0.0,0.0,0.0,
205,SIPP_BigCS,"209,180,0","254,230,0",0,-1,0,0.0,0.0,0.0,0.0,
205,SIPP_Standard,"209,180,11","254,230,10",0,-1,63278,180.00215,0.0,0.0,0.0,
206,SIPP_2^2,"196,153,0","152,89,0",0,-1,0,0.0,0.0,0.0,0.0,
206,SIPP_2^3,"196,153,0","152,89,0",0,-1,0,0.0,0.0,0.0,0.0,
206,SIPP_2^4,"196,153,0","152,89,0",0,-1,0,0.0,0.0,0.0,0.0,
206,SIPP_2^5,"196,153,0","152,89,0",0,-1,0,0.0,0.0,0.0,0.0,
206,SIPP_BigCS,"196,153,0","152,89,0",0,-1,0,0.0,0.0,0.0,0.0,
206,SIPP_Standard,"196,153,11","152,89,9",0,-1,0,3e-05,0.0,0.0,0.0,
207,SIPP_2^2,"69,112,0","42,183,0",0,-1,0,0.0,0.0,0.0,0.0,
207,SIPP_2^3,"69,112,0","42,183,0",0,-1,0,0.0,0.0,0.0,0.0,
207,SIPP_2^4,"69,112,0","42,183,0",0,-1,0,0.0,0.0,0.0,0.0,
207,SIPP_2^5,"69,112,0","42,183,0",0,-1,0,0.0,0.0,0.0,0.0,
207,SIPP_BigCS,"69,112,0","42,183,0",0,-1,0,0.0,0.0,0.0,0.0,
207,SIPP_Standard,"69,112,2","42,183,3",0,-1,0,3e-05,0.0,0.0,0.0,
208,SIPP_2^2,"131,125,0","207,135,0",1,1202.8319079999999,5027,2.22695,98.99495,21.99115,43.9823,1 1 1 1 1 1 1 1 1 1 1 1 1 1 1 1 1 2 2 2 -166.488 1 1 -11.476 2 -20.048 2 -0.029 2 -0.034 2 2 3 3 -18.908 2 2 2 1 1 1 1 1 1 1 1 1 1 1 1 1 1 1 2 1 1 1 1 1 1 1 1 1 1 1 1 1 1 1 1 1 1 1 1 1 1 1 1 1 1 1 1 1 1 1 1 1 1 1 2 1 2 1 1 1 1 -5.648 1 -0.201 1 1 0 0 0 0 1
208,SIPP_2^3,"131,125,0","207,135,0",1,884.2640800000001,1716,1.66256,83.28118,16.49336,32.98672,2 3 3 3 2 2 2 2 3 3 3 3 3 3 3 3 3 3 3 3 2 3 3 2 2 2 2 2 1 1 1 2 1 1 2 2 2 2 1 2 1 2 2 2 2 2 2 2 2 2 2 2 2 2 2 2 2 2 2 2 2 1 2 1 1 2 2 2 2 2 2 2 3 3 2 3
208,SIPP_2^4,"131,125,0","207,135,0",1,856.919232,1403,3.1282,26.60705,5.31793,10.63587,6 6 6 6 6 6 6 5 5 5 5 6 6 5 5 6 6 6 4 4 3 3 3 3 3 3 3 3 3 3 4 4 4 4 3 4 4 4 4 4 4 4 4 4 4 4 4 4 4 5 5 4 4 4 4 5
208,SIPP_2^5,"131,125,0","207,135,0",1,841.6760130000002,1128,6.36168,15.00327,2.98634,5.97268,11 11 11 11 11 12 11 12 12 12 11 8 7 7 7 7 7 7 7 7 7 7 7 8 8 8 8 8 8 8 9 9 8 9
208,SIPP_BigCS,"131,125,11","207,135,6",1,845.0,8612,78.60847,22.83565,4.1247,0.5338,255 100 100 100 100 100 124 207 207 207 311 5 5 5 29 201 201 201 201 201 201 361 13 201 377 311
208,SIPP_Standard,"131,125,11","207,135,6",1,861.646705,2385,6.93294,29.91065,5.607,0.7945,63 71 28 -8.647 32 89 5 89 5 97 95
209,SIPP_2^2,"188,131,0","137,191,0",0,-1,0,0.0,0.0,0.0,0.0,
209,SIPP_2^3,"188,131,0","137,191,0",0,-1,0,0.0,0.0,0.0,0.0,
209,SIPP_2^4,"188,131,0","137,191,0",0,-1,0,0.0,0.0,0.0,0.0,
209,SIPP_2^5,"188,131,0","137,191,0",0,-1,0,0.0,0.0,0.0,0.0,
209,SIPP_BigCS,"188,131,0","137,191,0",0,-1,0,0.0,0.0,0.0,0.0,
209,SIPP_Standard,"188,131,8","137,191,7",0,-1,61982,180.00257,0.0,0.0,0.0,
210,SIPP_2^2,"5,19,0","71,53,0",0,-1,0,0.0,0.0,0.0,0.0,
210,SIPP_2^3,"5,19,0","71,53,0",0,-1,0,0.0,0.0,0.0,0.0,
210,SIPP_2^4,"5,19,0","71,53,0",0,-1,0,0.0,0.0,0.0,0.0,
210,SIPP_2^5,"5,19,0","71,53,0",0,-1,0,0.0,0.0,0.0,0.0,
210,SIPP_BigCS,"5,19,0","71,53,0",0,-1,0,0.0,0.0,0.0,0.0,
210,SIPP_Standard,"5,19,3","71,53,1",0,-1,59084,180.00079,0.0,0.0,0.0,
211,SIPP_2^2,"159,126,0","85,154,0",1,1078.8493589999998,3809,1.87265,49.49747,10.99557,21.99115,3 3 3 3 3 3 3 3 3 3 3 3 3 3 3 3 3 3 3 3 3 3 3 3 3 3 3 3 3 3 3 3 3 3 3 3 3 3 3 3 3 3 3 3 3 3 3 3 3 3 3 3 3 3 3 3 3 -48.713 2 -0.918 2 -0.201 2 2 -1.421 2 -7.597 2 2 2 2 2 2 2 2 2 2 2 2 2 2 2 2 2 2 3 3 3 3 3 3 3 3 3 2 3 3 2 2 2 3 3 3 3 3 3 2
211,SIPP_2^3,"159,126,0","85,154,0",1,1010.3150700000004,3734,3.20359,91.27973,18.06416,36.12832,6 6 6 6 6 6 6 6 6 6 6 6 6 6 6 6 6 6 6 6 6 6 6 6 6 6 6 6 6 6 6 6 6 6 6 6 6 6 6 6 5 6 6 6 5 6 6 6 6 6 6 6 6 -34.251 4 -12.565 6 -1.890 6 -1.722 6 -4.258 5 6 -4.140 4 4 4 -1.783 4 4 4 4 4 4 4 4 4 4 4 5 4 5 5 5 5 6 6 6 5 6 5 6 5 6 6 5
211,SIPP_2^4,"159,126,0","85,154,0",1,996.0634220000001,3639,8.1841,42.47534,8.31763,16.63526,12 12 12 12 12 12 12 12 12 12 12 12 12 12 12 12 12 12 12 12 12 12 12 12 12 12 12 12 12 12 12 12 12 12 12 12 12 12 12 12 12 12 12 12 12 12 12 12 12 12 12 12 12 11 -42.740 8 -1.890 8 -1.722 12 -4.258 10 12 -4.140 8 8 8 -1.783 8 8 8 8 8 8 8 8 8 8 9 8 10 11 11 11 11 11 11 11
211,SIPP_2^5,"159,126,0","85,154,0",1,993.9075270000003,3671,20.50729,36.04609,7.10654,14.21308,24 24 24 24 24 24 24 24 24 24 24 24 24 24 24 24 24 24 24 24 24 24 24 24 24 24 24 24 24 24 24 24 24 24 24 24 24 24 24 24 24 24 24 24 24 23 24 24 24 24 24 24 24 -43.478 16 -1.890 16 -7.239 23 20 16 16 16 16 16 15 16 16 16 17 16 20 22 22 22 22 22 22 22
211,SIPP_BigCS,"159,126,15","85,154,3",0,-1,19568,180.06845,0.0,0.0,0.0,
211,SIPP_Standard,"159,126,15","85,154,3",1,1086.3531739999999,23244,76.30368,35.14061,6.7206,0.9133,93 3 11 55 107 38 3 -15.433 11 -92.920 51 78 83 0
212,SIPP_2^2,"211,225,0","158,179,0",1,1672.800403,10343,4.32272,205.06097,48.69469,97.38937,3 3 0 0 0 3 0 3 3 3 0 3 0 3 3 0 0 0 0 0 0 0 0 0 0 0 0 0 0 0 0 3 0 3 0 0 0 0 0 0 0 0 0 0 0 0 0 0 0 0 0 0 0 0 1 0 1 1 1 1 1 1 0 -159.725 0 -19.766 1 1 -2.072 1 1 1 -37.688 3 -57.914 0 -1.248 3 -1.122 3 -1.062 3 -0.985 3 -0.534 3 -0.151 3 -0.060 3 -0.420 3 0 3 3 3 -1.537 3 3 3 3 3 3 3 -70.553 0 3 3 3 -0.793 3 3 0 3 3 3 3 3 3 3 3 3 3 3 3 3 3 3 3 3 3 3 3 3 3 3 3 3 3 3 3 3 2 2 3 -6.863 2 -0.307 2
212,SIPP_2^3,"211,225,0","158,179,0",1,1307.9718209999999,5856,4.74429,131.04151,25.91814,51.83628,7 7 7 7 7 7 6 6 6 7 7 0 0 0 0 0 0 0 0 0 0 0 0 0 0 0 0 7 -31.750 1 -0.632 0 -0.909 0 0 0 0 0 0 0 0 0 7 0 7 7 0 0 7 0 0 0 0 7 0 0 0 0 7 0 0 0 0 0 0 0 7 7 7 7 7 7 7 7 7 6 6 6 7 6 6 7 6 5 5 6 6 5 5 5 5 5 5 5 5 5 5 5 5 5 5 4 4 4 5 5 4 5 4 3 2
212,SIPP_2^4,"211,225,0","158,179,0",1,1194.9824159999998,3843,7.35636,65.76479,13.096,26.19201,14 14 13 13 14 13 14 14 0 0 0 0 0 0 0 0 0 0 0 0 0 0 15 -39.177 1 -2.113 0 -0.909 0 0 15 0 15 0 15 15 15 0 0 15 0 0 15 0 0 0 0 0 0 0 0 1 0 -2.295 14 14 12 12 12 12 12 12 12 12 12 12 12 12 13 13 12 12 12 11 -0.116 11 11 11 9 9 9 9 9 9 9
212,SIPP_2^5,"211,225,0","158,179,0",1,1002.9299000000003,1663,7.11795,25.14291,5.01373,10.02745,27 27 27 28 28 0 0 0 0 0 0 0 0 0 0 0 0 31 0 -41.256 2 -2.113 0 -0.909 0 31 31 31 31 31 31 31 30 29 26 24 24 24 24 24 23 23 23 23 23 22 23 22 23
212,SIPP_BigCS,"211,225,12","158,179,2",1,1193.3274729999998,28267,179.36657,54.35761,10.4859,2.1306,63 102 102 -0.011 170 -0.053 94 185 70 -11.580 237 82 202 202 202 202 362 6 58 340 -0.337 322 365 7 7 7 7 7 7 7 7 7 7 7 7 7 7 -1.348 91 127 206 206 310
212,SIPP_Standard,"211,225,12","158,179,2",1,1366.850588,4317,8.96817,52.99298,9.9435,1.5753,77 -56.016 98 108 -3.526 46 2 10 46 2 14 61 101 83 0 -13.782 24 -25.526 59
213,SIPP_2^2,"112,63,0","172,116,0",0,-1,0,0.0,0.0,0.0,0.0,
213,SIPP_2^3,"112,63,0","172,116,0",0,-1,0,0.0,0.0,0.0,0.0,
213,SIPP_2^4,"112,63,0","172,116,0",0,-1,0,0.0,0.0,0.0,0.0,
213,SIPP_2^5,"112,63,0","172,116,0",0,-1,0,0.0,0.0,0.0,0.0,
213,SIPP_BigCS,"112,63,0","172,116,0",0,-1,0,0.0,0.0,0.0,0.0,
213,SIPP_Standard,"112,63,13","172,116,13",0,-1,0,3e-05,0.0,0.0,0.0,
214,SIPP_2^2,"66,124,0","144,140,0",0,-1,0,0.0,0.0,0.0,0.0,
214,SIPP_2^3,"66,124,0","144,140,0",0,-1,0,0.0,0.0,0.0,0.0,
214,SIPP_2^4,"66,124,0","144,140,0",0,-1,0,0.0,0.0,0.0,0.0,
214,SIPP_2^5,"66,124,0","144,140,0",0,-1,0,0.0,0.0,0.0,0.0,
214,SIPP_BigCS,"66,124,0","144,140,0",0,-1,0,0.0,0.0,0.0,0.0,
214,SIPP_Standard,"66,124,5","144,140,0",0,-1,0,3e-05,0.0,0.0,0.0,
215,SIPP_2^2,"136,148,0","142,231,0",1,1244.13547,5133,2.35383,169.70563,37.69911,75.39822,2 2 2 2 2 2 2 2 2 2 2 2 2 2 2 2 2 2 3 3 3 3 3 3 3 2 2 3 2 3 2 2 2 3 3 3 3 3 2 3 2 3 2 2 2 2 2 2 2 2 2 2 2 2 2 1 1 1 1 1 2 2 2 2 1 2 2 2 2 2 2 2 2 2 2 2 -22.267 2 -10.481 2 -1.387 2 2 2 2 2 2 2 2 2 2 2 2 2 2 2 2 2 2 2 2 2 2 2 1 2 1 1 1 1 1 1 2 1 1 1 1 1 1 1 1 2 1 2
215,SIPP_2^3,"136,148,0","142,231,0",1,1081.497328,3584,3.0772,104.64544,20.42035,40.8407,4 4 4 4 5 5 4 4 4 4 4 5 4 4 5 4 4 4 4 4 4 4 4 4 4 4 4 4 4 4 4 5 5 -10.633 6 5 5 5 4 5 4 5 4 4 4 4 3 3 4 4 4 4 4 4 4 4 4 4 4 4 4 4 4 4 3 3 3 3 3 3 4 4 3 3 4 4 4 4 4 4 3 4 4 3 4 -55.177 2 -19.949 2 -0.094 2 -0.375 2 2 2
215,SIPP_2^4,"136,148,0","142,231,0",1,945.4216500000003,1391,3.16758,41.58922,8.27967,16.55935,8 9 9 8 8 8 8 8 8 8 8 8 8 8 9 8 8 8 8 8 8 8 8 8 8 9 9 -1.892 10 -19.037 11 10 9 9 9 8 7 7 7 7 7 7 8 7 7 8 8 8 8 8 8 8 8 7 8 8 8 7 6 7 6 6 6 6 6 6
215,SIPP_2^5,"136,148,0","142,231,0",1,939.1024700000007,1315,7.76517,26.68639,5.32499,10.64998,16 16 16 16 16 16 16 16 17 16 17 16 17 17 16 16 16 16 16 16 16 16 18 -23.606 21 20 18 18 18 15 15 15 15 15 15 15 15 15 15 16 16 16 16 12 12 12 12 12 12 12 12
215,SIPP_BigCS,"136,148,5","142,231,8",1,940.456972,8903,85.29238,30.37399,5.7364,1.2681,310 4 4 4 0 0 56 334 -10.457 71 206 206 382 200 200 200 200 200 200 304 4 4 4 4 4 4 28 200 352 100 100
215,SIPP_Standard,"136,148,5","142,231,8",1,1162.337496,15044,42.77176,53.37255,10.0112,1.5185,4 96 86 15 -14.596 62 110 52 56 104 -41.741 39 4 80 21
216,SIPP_2^2,"91,102,0","73,181,0",0,-1,0,0.0,0.0,0.0,0.0,
216,SIPP_2^3,"91,102,0","73,181,0",0,-1,0,0.0,0.0,0.0,0.0,
216,SIPP_2^4,"91,102,0","73,181,0",0,-1,0,0.0,0.0,0.0,0.0,
216,SIPP_2^5,"91,102,0","73,181,0",0,-1,0,0.0,0.0,0.0,0.0,
216,SIPP_BigCS,"91,102,0","73,181,0",0,-1,0,0.0,0.0,0.0,0.0,
216,SIPP_Standard,"91,102,10","73,181,3",0,-1,0,4e-05,0.0,0.0,0.0,
217,SIPP_2^2,"180,251,0","128,193,0",0,-1,0,0.0,0.0,0.0,0.0,
217,SIPP_2^3,"180,251,0","128,193,0",0,-1,0,0.0,0.0,0.0,0.0,
217,SIPP_2^4,"180,251,0","128,193,0",0,-1,0,0.0,0.0,0.0,0.0,
217,SIPP_2^5,"180,251,0","128,193,0",0,-1,0,0.0,0.0,0.0,0.0,
217,SIPP_BigCS,"180,251,0","128,193,0",0,-1,0,0.0,0.0,0.0,0.0,
217,SIPP_Standard,"180,251,2","128,193,13",0,-1,1,0.00464,0.0,0.0,0.0,
218,SIPP_2^2,"251,132,0","249,48,0",1,1080.0,1471,0.598,162.63456,36.12832,72.25663,0 0 0 0 0 0 0 0 0 0 1 1 0 0 0 0 0 0 0 0 1 0 0 0 0 0 0 0 0 0 0 0 0 0 0 0 0 0 0 0 3 0 0 3 3 0 3 3 0 0 0 0 0 0 0 0 0 0 3 3 3 3 3 3 0 0 3 0 3 0 0 0 0 0 0 0 0 0 0 0 0 0 0 0 0 0 0 0 0 0 0 0 1 0 0 0 0 0 1 1 1 1 0 1 1 0 0 1
218,SIPP_2^3,"251,132,0","249,48,0",1,925.6366440000003,801,0.59562,59.26988,11.78097,23.56195,0 0 0 0 1 1 0 0 0 0 0 1 0 0 0 0 0 0 0 0 -4.148 0 0 0 0 0 0 0 0 0 0 0 0 0 0 0 0 7 0 7 7 7 7 -1.073 0 1 1 1 1 0 0 0 0 0 0 0 0 0 0 0 0 0 0 0 0 0 0 0 0 0 0 0 0 0 0 0 0 0 0 1 0 0 7 7 7 6 7
218,SIPP_2^4,"251,132,0","249,48,0",1,916.65269,929,1.81107,40.02745,7.95792,15.91584,0 1 1 0 0 0 0 0 0 0 1 0 0 0 0 0 -0.611 0 -8.881 0 0 0 0 0 0 0 0 0 0 0 0 0 0 -1.352 15 14 15 14 15 -4.475 1 0 0 0 0 0 0 0 0 1 1 1 0 0 0 0 0 0 0 0 0 0 0 0 0 0 0 0 0 1 0 0 0 15 13 13
218,SIPP_2^5,"251,132,0","249,48,0",1,914.4021710000002,948,4.65797,27.39067,5.3763,10.75261,0 1 1 0 0 0 0 0 1 0 0 0 0 -2.825 0 -8.881 0 0 0 0 0 0 0 0 0 0 0 0 0 0 -1.352 30 29 28 28 31 1 1 1 1 1 0 0 0 0 0 0 0 0 0 0 0 0 0 0 0 0 0 1 0 0 26 27
218,SIPP_BigCS,"251,132,0","249,48,9",1,917.482608,4627,29.76945,41.24869,8.0832,1.6592,6 58 308 -10.483 2 6 6 6 2 34 150 308 86 340 362 6 6 6 74 161 22
218,SIPP_Standard,"251,132,0","249,48,9",1,1104.0456009999998,1038,2.37748,29.45472,5.5883,0.8698,37 2 -7.318 6 -161.101 66 42 60 92 2 -26.627 2 10 42
219,SIPP_2^2,"16,97,0","97,105,0",1,1255.1025989999998,3572,1.57612,226.27417,50.26548,100.53096,1 1 0 0 0 0 1 1 1 1 1 -17.560 1 -0.410 1 -0.106 1 -0.013 1 1 2 -0.034 1 -0.375 1 1 1 1 1 1 1 1 1 1 1 0 0 0 0 1 1 0 0 0 1 0 1 1 1 1 1 0 0 0 0 0 1 1 1 1 1 1 1 1 1 -6.605 1 1 1 1 1 1 1 1 1 1 1 2 1 1 2 2 1 2 2 1 2 2 1 2 1 2 2 2 2 1 2 2 2 2 2 2 2 1 1 1 2 1 1 1 1 1 1 1 1 1 1 2 1 1 1 1 1 1 1 1 2 2 2 1
219,SIPP_2^3,"16,97,0","97,105,0",1,1092.5190049999999,1980,1.57993,147.11995,28.27433,56.54867,2 1 1 1 2 2 2 1 1 -27.259 4 -0.106 2 -0.013 2 4 2 -0.034 2 -0.375 2 2 2 2 2 1 2 2 1 1 2 1 2 1 1 1 1 1 1 1 1 1 1 1 1 1 2 2 2 2 -0.622 2 2 3 3 3 3 3 3 2 3 3 3 3 3 3 3 3 3 3 4 4 3 4 -0.276 4 -0.592 2 3 3 3 2 3 3 2 2 2 2 2 2 2 3 2 3 -2.703 2
219,SIPP_2^4,"16,97,0","97,105,0",1,1092.5190049999999,2332,4.79975,94.95747,18.34795,36.6959,2 2 3 3 3 -32.193 8 -0.410 4 -0.106 4 -0.013 4 4 8 -0.034 4 -0.375 4 4 4 4 4 4 3 3 2 3 2 2 2 2 2 2 2 3 2 5 5 5 5 6 6 4 4 4 3 3 4 4 4 4 4 4 4 4 5 5 5 4 5 5 4 4 4 8 8 8 8 8 7 8 7 7 7 -0.154 6 -19.309 4
219,SIPP_2^5,"16,97,0","97,105,0",1,1092.5190049999999,2391,12.2988,98.85186,18.74562,37.49123,6 6 5 6 -34.832 16 -0.106 8 -0.013 8 8 16 -0.034 8 -0.375 8 8 8 8 7 7 4 5 4 4 4 4 4 -0.410 4 5 10 10 10 11 -1.633 12 8 8 6 7 8 9 8 9 9 9 8 9 8 8 8 8 12 16 16 16 16 15 15 15 16 10 -6.879 0
219,SIPP_BigCS,"16,97,15","97,105,5",1,1092.404791,16862,113.84337,42.4747,8.1604,1.6307,101 101 101 101 173 -43.400 311 5 5 81 201 353 101 101 101 101 153 201 -0.710 377 255 100 100 152 200 200 -20.243 224 -1.462 311 5 77 -4.590 232
219,SIPP_Standard,"16,97,15","97,105,5",1,1092.977514,1878,4.77462,32.88147,6.2057,0.8221,-58.471 45 -0.947 1 5 73 -30.854 76 89 -13.707 21 28 52 72 63 -0.998 103
220,SIPP_2^2,"137,133,0","113,210,0",1,1110.0,4060,1.95783,183.84776,40.8407,81.68141,2 2 1 2 2 2 2 2 2 1 1 2 2 2 2 2 2 2 2 2 2 2 2 1 1 2 2 2 3 3 3 2 2 2 2 2 2 2 2 2 2 2 2 2 2 2 3 2 3 2 3 3 3 2 2 2 3 2 2 2 3 3 3 3 3 3 2 2 2 2 2 2 2 2 2 2 2 2 2 2 2 2 2 2 2 2 2 2 2 2 2 3 3 3 3 2 3 2 2 3 3 3 2 2 3 3 3 3 3 3 2
220,SIPP_2^3,"137,133,0","113,210,0",1,1053.9857909999998,4443,3.83289,87.24375,17.27876,34.55752,3 4 4 3 4 4 4 4 4 4 4 4 3 4 4 4 4 4 4 4 3 3 -2.294 3 -7.894 4 4 4 4 5 4 4 4 4 4 4 4 4 5 5 5 5 5 4 5 5 5 5 5 4 5 5 5 5 5 4 5 4 4 4 4 4 4 4 4 4 4 4 4 4 4 5 5 5 5 -87.740 6 -7.651 5 6 6 6 6 5 5 5
220,SIPP_2^4,"137,133,0","113,210,0",1,1051.609491,4647,10.46433,73.68985,14.74271,29.48542,7 8 7 7 8 8 8 8 8 8 8 8 8 8 8 8 7 5 6 8 9 9 10 8 8 8 9 9 8 9 9 9 9 9 9 -1.516 11 11 10 10 8 8 8 8 8 8 8 8 8 8 8 8 8 8 9 -1.100 9 8 8 9 8 -55.444 11 -0.276 15 -0.875 13 -0.519 12 -0.370 12 11 10 10
220,SIPP_2^5,"137,133,0","113,210,0",1,1050.5177880000003,4745,26.66195,51.13665,10.10755,20.2151,20 20 20 20 19 20 20 20 20 20 20 20 20 17 12 12 12 20 24 24 24 24 24 24 24 24 -0.571 20 20 20 20 19 19 20 19 19 24 -8.067 17 -0.414 16 -0.410 16 -0.106 16 -0.013 16 16 16 16 -0.018 16 -0.033 16 -0.117 16 -0.395 16 -0.869 16 -1.059 16 16 16 16 16 16 16 16 16 14 15 15 12 12 12 12 12 9 8
220,SIPP_BigCS,"137,133,10","113,210,2",0,-1,19995,180.03441,0.0,0.0,0.0,
220,SIPP_Standard,"137,133,10","113,210,2",1,1057.9168909999999,8031,22.48037,36.64842,6.8751,0.9216,28 52 104 51 94 20 -24.553 55 -18.955 83 4 104 -13.723 55 -18.687 59
221,SIPP_2^2,"246,116,0","168,130,0",1,1445.088577,7154,3.00073,240.41631,56.54867,113.09734,3 0 0 0 3 3 3 3 3 3 3 3 3 3 3 3 3 0 0 0 3 3 3 0 0 3 0 3 3 0 3 -8.520 3 3 3 3 3 3 3 3 3 3 3 3 3 3 3 2 3 3 2 -11.496 2 -0.014 1 -106.544 3 -14.865 3 -1.124 3 3 3 3 3 3 3 3 3 3 2 2 3 3 2 2 2 2 2 2 2 3 3 3 2 3 2 3 2 2 2 2 2 3 3 2 3 3 3 3 3 3 3 3 3 2 2 2 3 2 2 2 3 3 -73.234 0 -1.670 0 -1.101 0 -12.952 3 3 -3.692 3 -6.763 3 3 -2.584 3 -0.410 2 -0.106 3 -0.013 3
221,SIPP_2^3,"246,116,0","168,130,0",1,1023.258183000001,1542,1.25683,88.36989,17.27876,34.55752,7 7 7 7 7 6 6 6 6 6 6 6 6 7 6 6 7 6 7 7 6 -26.563 6 -1.137 0 -4.634 7 7 7 6 6 6 6 6 6 6 6 6 6 6 6 6 6 6 6 6 6 7 7 6 6 5 5 5 6 6 6 6 -3.291 5 5 -1.948 4 5 5 5 5 5 5 5 5 6 5 5 5 5 5 5 5 5 5 5 5 5 4 4 5
221,SIPP_2^4,"246,116,0","168,130,0",1,994.2036910000007,1248,2.8549,59.4779,11.92287,23.84574,14 14 14 14 14 12 12 12 12 12 12 12 12 13 13 13 13 -33.689 12 -1.137 0 -0.546 13 12 12 12 12 12 13 12 12 12 12 12 12 13 13 12 12 12 12 12 12 10 10 10 10 9 9 9 10 12 12 12 11 12 11 11 11 10 10 10 10 10 10 10 9 10 9 10
221,SIPP_2^5,"246,116,0","168,130,0",1,988.1437640000008,1196,6.2743,39.16855,7.60527,15.21054,28 28 28 28 28 24 24 24 24 24 24 24 25 26 26 26 -34.426 24 -1.137 0 -0.546 26 25 25 25 24 24 24 24 24 24 24 24 24 24 24 24 24 24 20 20 20 20 18 18 18 20 23 23 23 23 20 20 20 20 20 19 19 20 20
221,SIPP_BigCS,"246,116,1","168,130,7",1,991.615402,7582,56.69858,50.74777,9.8437,2.0442,-5.486 242 7 7 7 31 339 333 -0.130 10 7 7 7 7 7 7 59 309 27 206 206 206 326 203 307 7 23 254 103 103 103
221,SIPP_Standard,"246,116,1","168,130,7",1,1019.201636,1468,3.22907,39.8358,7.6131,1.0356,90 14 109 47 19 109 -16.453 31 31 -2.749 55 91 11 55
222,SIPP_2^2,"86,81,0","18,121,0",0,-1,0,0.0,0.0,0.0,0.0,
222,SIPP_2^3,"86,81,0","18,121,0",0,-1,0,0.0,0.0,0.0,0.0,
222,SIPP_2^4,"86,81,0","18,121,0",0,-1,0,0.0,0.0,0.0,0.0,
222,SIPP_2^5,"86,81,0","18,121,0",0,-1,0,0.0,0.0,0.0,0.0,
222,SIPP_BigCS,"86,81,0","18,121,0",0,-1,0,0.0,0.0,0.0,0.0,
222,SIPP_Standard,"86,81,2","18,121,6",0,-1,66525,180.00215,0.0,0.0,0.0,
223,SIPP_2^2,"79,0,0","93,78,0",0,-1,0,0.0,0.0,0.0,0.0,
223,SIPP_2^3,"79,0,0","93,78,0",0,-1,0,0.0,0.0,0.0,0.0,
223,SIPP_2^4,"79,0,0","93,78,0",0,-1,0,0.0,0.0,0.0,0.0,
223,SIPP_2^5,"79,0,0","93,78,0",0,-1,0,0.0,0.0,0.0,0.0,
223,SIPP_BigCS,"79,0,0","93,78,0",0,-1,0,0.0,0.0,0.0,0.0,
223,SIPP_Standard,"79,0,10","93,78,3",0,-1,0,4e-05,0.0,0.0,0.0,
224,SIPP_2^2,"111,169,0","105,82,0",0,-1,0,0.0,0.0,0.0,0.0,
224,SIPP_2^3,"111,169,0","105,82,0",0,-1,0,0.0,0.0,0.0,0.0,
224,SIPP_2^4,"111,169,0","105,82,0",0,-1,0,0.0,0.0,0.0,0.0,
224,SIPP_2^5,"111,169,0","105,82,0",0,-1,0,0.0,0.0,0.0,0.0,
224,SIPP_BigCS,"111,169,0","105,82,0",0,-1,0,0.0,0.0,0.0,0.0,
224,SIPP_Standard,"111,169,11","105,82,13",0,-1,0,3e-05,0.0,0.0,0.0,
225,SIPP_2^2,"88,69,0","158,122,0",1,1240.800403,4579,2.23786,113.13708,25.13274,50.26548,2 2 2 2 2 2 2 2 2 2 2 2 2 2 2 2 2 2 2 2 2 2 2 2 2 2 1 1 1 1 1 1 1 1 1 1 1 1 1 1 2 1 1 1 1 1 1 1 1 1 1 1 1 1 1 1 1 1 1 1 1 1 1 2 2 1 1 1 2 1 1 1 1 1 1 1 1 1 1 1 1 1 1 1 1 1 1 1 1 1 1 1 1 1 2 2 2 2 2 2 2 2 2 1 2 2 1 2 1 1 1 2 2 -7.574 2 -3.226 1 2 2 2 2 2 2 2 2
225,SIPP_2^3,"88,69,0","158,122,0",1,985.2106180000012,1455,1.24061,91.63679,18.06416,36.12832,4 4 4 3 3 3 3 3 4 4 4 4 -4.754 3 -2.345 3 2 2 2 2 2 2 2 2 2 3 2 2 2 3 2 2 3 3 3 3 3 2 2 2 2 3 3 3 4 4 3 4 3 3 3 3 3 3 3 2 2 2 2 2 3 3 3 3 3 3 3 3 3 3 2 2 3 3 2 3 3 3 3 3 2 3
225,SIPP_2^4,"88,69,0","158,122,0",1,944.6685040000006,810,1.82221,42.393,8.45953,16.91905,7 8 7 7 7 7 -3.362 8 -1.248 8 -5.970 5 5 5 5 4 4 5 4 4 5 5 4 4 5 5 4 4 5 6 6 6 7 7 7 6 6 6 6 5 5 5 5 5 5 5 5 5 6 6 5 6 6 6 6 6
225,SIPP_2^5,"88,69,0","158,122,0",1,927.4543960000003,546,3.04503,15.8021,3.12405,6.2481,15 15 15 15 16 16 -0.454 10 9 9 9 9 9 9 9 9 10 12 12 12 12 12 12 12 12 13 12 11 11 11 11 10 11 11 10 10 11
225,SIPP_BigCS,"88,69,10","158,122,10",1,925.512416,2172,21.74122,25.15517,4.5469,0.693,360 64 -5.512 124 207 207 207 207 207 207 311 85 327 248 100 100 100 124 207 207 207 207 207 207 223 124
225,SIPP_Standard,"88,69,10","158,122,10",1,948.583271,770,3.0672,25.99894,4.3359,0.5385,44 -8.583 12 63 95 17 79 56 72 63 63 63
226,SIPP_2^2,"95,142,0","18,172,0",0,-1,0,0.0,0.0,0.0,0.0,
226,SIPP_2^3,"95,142,0","18,172,0",0,-1,0,0.0,0.0,0.0,0.0,
226,SIPP_2^4,"95,142,0","18,172,0",0,-1,0,0.0,0.0,0.0,0.0,
226,SIPP_2^5,"95,142,0","18,172,0",0,-1,0,0.0,0.0,0.0,0.0,
226,SIPP_BigCS,"95,142,0","18,172,0",0,-1,0,0.0,0.0,0.0,0.0,
226,SIPP_Standard,"95,142,5","18,172,3",0,-1,0,4e-05,0.0,0.0,0.0,
227,SIPP_2^2,"164,114,0","100,55,0",1,1290.568798,4951,2.31642,275.77164,61.26106,122.52211,3 3 3 3 3 3 3 3 3 3 3 3 3 0 3 3 3 0 3 3 3 3 3 3 3 3 3 3 3 3 3 3 3 3 3 3 3 3 3 3 3 3 3 3 3 3 3 3 0 0 3 0 0 0 3 0 0 0 0 3 3 0 0 0 0 0 3 0 0 0 0 0 0 0 0 0 0 0 0 0 0 0 3 3 0 0 0 0 0 1 -40.569 0 3 0 0 0 0 3 0 3 0 0 3 3 0 0 3 0 0 3 0 3 0 0 0 0 0 3 0 3 0 0 3 0 3 0
227,SIPP_2^3,"164,114,0","100,55,0",1,1220.1202429999994,4733,3.97296,126.7438,28.27433,56.54867,7 6 6 6 7 6 6 6 6 6 7 7 7 7 7 7 7 7 7 7 7 6 6 6 6 6 6 6 6 6 6 7 6 7 6 6 7 7 7 7 7 6 6 6 6 7 7 7 7 7 7 7 7 7 6 7 -11.764 0 -12.665 0 0 7 -2.509 7 -17.310 0 -1.670 2 -4.484 1 2 2 2 3 -69.179 7 0 0 0 0 0 7 0 7 7 7 7 7 7 7 0 7 0 7 0 0 0 7
227,SIPP_2^4,"164,114,0","100,55,0",1,1201.933746,4580,9.99032,54.08888,10.59791,21.19582,13 13 13 13 13 13 13 13 13 13 13 13 12 12 12 13 13 13 13 12 12 12 12 13 12 12 12 13 13 13 14 14 14 14 14 14 14 14 14 14 -27.215 1 0 -2.590 0 -1.639 0 -1.158 0 -3.200 4 -6.585 3 4 5 4 -73.720 15 15 15 15 15 15 15 15 15 15 15 14
227,SIPP_2^5,"164,114,0","100,55,0",1,1201.1204770000002,4623,25.08333,44.30028,9.25541,18.51082,25 25 25 25 25 25 25 25 26 26 26 25 26 25 26 26 25 26 27 28 28 28 28 28 28 28 28 28 28 -33.998 2 0 -2.590 0 -1.639 0 -1.158 0 -3.200 8 -6.585 6 9 8 -73.048 28 31 30 30 30 30 30 30 30 30 29
227,SIPP_BigCS,"164,114,2","100,55,9",0,-1,19680,180.09599,0.0,0.0,0.0,
227,SIPP_Standard,"164,114,2","100,55,9",1,1203.3486010000001,27670,91.63569,37.34426,6.7778,1.0324,23 50 93 23 50 93 23 42 -180.268 100 -12.081 58 58 58
228,SIPP_2^2,"94,81,0","173,112,0",1,1100.0,2515,1.30099,261.62951,58.11946,116.23893,1 1 1 1 1 1 1 1 1 2 2 1 2 1 1 2 2 2 2 2 1 1 1 1 2 1 2 1 1 1 1 2 2 1 2 1 1 1 1 1 2 1 2 1 1 2 2 2 2 2 2 2 1 1 2 1 1 1 2 1 2 1 1 1 1 1 1 1 1 1 1 1 1 1 1 1 1 1 1 1 1 1 1 2 1 1 1 1 1 1 2 1 1 2 1 1 1 1 1 1 2 1 1 1 2 1 1 1 1 2
228,SIPP_2^3,"94,81,0","173,112,0",1,1035.001987,3333,2.84911,67.15078,13.35177,26.70354,3 3 3 3 3 3 3 3 3 3 3 3 3 2 2 2 2 2 2 2 3 3 2 3 3 3 3 3 3 3 3 3 3 3 3 3 3 3 3 2 3 2 2 2 2 2 2 3 2 -6.092 2 -0.101 2 2 2 2 2 2 2 2 2 2 1 1 1 1 1 1 2 1 2 2 2 2 2 2 2 2 2 2 -14.952 4 -9.566 3 -4.463 4 4 4
228,SIPP_2^4,"94,81,0","173,112,0",1,1035.001987,3662,8.23342,24.59109,4.85429,9.70857,6 6 6 6 6 6 5 5 5 5 5 5 5 5 5 6 6 6 6 6 6 6 6 6 6 6 6 6 6 6 6 6 6 4 4 4 4 4 5 5 3 3 3 3 3 3 3 3 4 4 4 4 4 4 4 -1.536 4 -1.169 4 -0.106 4 -49.755 4 -9.566 6 -4.463 8 8 8
228,SIPP_2^5,"94,81,0","173,112,0",1,1035.001987,3719,20.99528,29.92648,5.94389,11.88779,11 11 11 11 11 11 10 10 -1.390 11 12 12 12 12 12 12 12 12 12 12 12 12 12 12 12 12 12 9 8 9 8 7 6 6 6 6 6 7 7 7 7 9 -43.129 16 -9.566 12 -4.463 16 16 16
228,SIPP_BigCS,"94,81,15","173,112,5",0,-1,18159,180.06278,0.0,0.0,0.0,
228,SIPP_Standard,"94,81,15","173,112,5",1,1050.2765239999999,17324,58.21753,37.43788,7.0356,0.9403,48 63 71 -2.587 48 71 52 72 -6.185 111 45 9 41 -70.505 79
229,SIPP_2^2,"24,18,0","72,89,0",0,-1,4,0.06364,0.0,0.0,0.0,
229,SIPP_2^3,"24,18,0","72,89,0",1,943.4858400000013,1066,0.84615,83.85078,16.49336,32.98672,4 3 3 4 4 4 4 4 4 4 3 3 4 4 4 4 4 3 3 4 4 3 4 3 3 4 4 3 3 3 3 3 3 3 4 3 4 4 4 4 3 4 3 3 2 -22.214 2 -0.693 3 -0.040 3 3 3 3 3 3 3 3 3 3 3 3 3 3 3 3 3 3 3 3 3 3 3 3 4 3
229,SIPP_2^4,"24,18,0","72,89,0",1,913.9377860000006,1025,2.13399,36.43451,7.24844,14.49687,7 8 7 8 8 8 8 8 8 7 7 7 7 7 7 7 7 8 6 5 6 6 -1.007 7 8 8 8 8 8 8 8 7 7 7 7 7 6 6 6 6 6 6 6 6 5 5 5 6 5 6 6 5 5 5 6 6
229,SIPP_2^5,"24,18,0","72,89,0",1,907.2346560000003,899,4.78117,20.27511,4.03512,8.07023,15 14 15 15 15 15 15 15 14 15 14 10 10 12 16 16 16 16 16 16 16 15 14 14 14 14 12 11 11 11 11 12 11 11 11 12 12 12 12
229,SIPP_BigCS,"24,18,4","72,89,7",1,907.0,4710,46.25789,27.78418,5.1128,1.1098,200 200 200 200 200 200 200 200 304 4 4 4 4 4 68 207 335 4 4 4 4 80 200 200 200 320 223 176 223 124
229,SIPP_Standard,"24,18,4","72,89,7",1,942.586209,930,3.16385,20.39707,3.4242,0.4164,88 0 8 28 -7.586 44 4 56 72 63 63 63
230,SIPP_2^2,"124,193,0","41,181,0",0,-1,0,0.0,0.0,0.0,0.0,
230,SIPP_2^3,"124,193,0","41,181,0",0,-1,0,0.0,0.0,0.0,0.0,
230,SIPP_2^4,"124,193,0","41,181,0",0,-1,0,0.0,0.0,0.0,0.0,
230,SIPP_2^5,"124,193,0","41,181,0",0,-1,0,0.0,0.0,0.0,0.0,
230,SIPP_BigCS,"124,193,0","41,181,0",0,-1,0,0.0,0.0,0.0,0.0,
230,SIPP_Standard,"124,193,1","41,181,1",0,-1,0,2e-05,0.0,0.0,0.0,
231,SIPP_2^2,"82,138,0","10,193,0",0,-1,0,0.0,0.0,0.0,0.0,
231,SIPP_2^3,"82,138,0","10,193,0",0,-1,0,0.0,0.0,0.0,0.0,
231,SIPP_2^4,"82,138,0","10,193,0",0,-1,0,0.0,0.0,0.0,0.0,
231,SIPP_2^5,"82,138,0","10,193,0",0,-1,0,0.0,0.0,0.0,0.0,
231,SIPP_BigCS,"82,138,0","10,193,0",0,-1,0,0.0,0.0,0.0,0.0,
231,SIPP_Standard,"82,138,14","10,193,1",0,-1,0,3e-05,0.0,0.0,0.0,
232,SIPP_2^2,"68,70,0","118,142,0",1,1369.5633,5841,2.76019,212.13203,47.12389,94.24778,3 -2.250 3 -3.238 2 -8.966 3 2 -12.623 2 2 2 2 1 2 2 1 1 2 1 1 2 2 2 1 1 1 2 2 2 2 1 2 2 2 2 1 2 2 2 2 2 2 2 2 2 2 2 2 2 2 2 2 2 2 2 2 2 2 2 2 2 2 2 2 2 1 1 1 1 1 1 0 0 1 2 1 1 2 -5.491 2 1 2 2 2 2 2 2 1 1 2 2 2 2 2 2 2 2 2 2 2 2 2 1 2 2 1 2 1 1 1 1 1 -11.157 1 1 1 1 -5.838 1 1 1 1 1 1 1 1 1 1 1 1 1 1 1 1 1 1 1 1
232,SIPP_2^3,"68,70,0","118,142,0",1,1077.463797,3276,3.09656,124.89113,24.34734,48.69469,2 2 2 2 3 3 3 2 3 2 2 2 2 2 3 3 3 3 3 3 4 4 4 4 4 4 4 4 4 3 3 4 3 3 3 -2.959 4 -2.111 5 4 4 3 3 3 4 3 3 3 -5.369 4 -12.535 2 -1.890 4 -1.722 4 -0.918 4 -0.201 4 -0.084 4 3 4 3 4 4 -0.630 4 4 4 4 4 4 4 4 4 4 4 4 -8.188 4 -0.012 4 -0.012 4 3 3 3 2 2 2 3 2 2 3 3 3 3 3 2 2 3
232,SIPP_2^4,"68,70,0","118,142,0",1,1063.181897,3420,7.93349,81.02322,16.24752,32.49505,12 -2.250 12 -3.238 8 -8.376 11 -0.832 8 -0.020 8 8 7 7 7 7 6 7 7 6 7 7 7 8 8 8 8 8 8 8 8 8 8 8 7 8 7 7 7 7 6 6 7 6 5 -0.104 3 2 4 6 6 7 6 7 6 -0.853 7 8 5 6 -1.124 5 5 5 5 5 5 5 4 4 5
232,SIPP_2^5,"68,70,0","118,142,0",1,1060.9559230000002,3404,19.96417,55.866,11.24141,22.48282,24 -2.250 24 -3.238 16 -8.376 22 -0.832 16 -0.020 16 15 14 14 14 14 14 13 13 15 15 16 16 16 16 16 16 16 16 15 15 15 12 12 12 12 12 12 12 -5.939 6 4 8 12 12 13 12 15 -1.694 13 12 -0.123 10 10 9 10 9 10 10 9
232,SIPP_BigCS,"68,70,15","118,142,4",0,-1,18282,180.05535,0.0,0.0,0.0,
232,SIPP_Standard,"68,70,15","118,142,4",1,1066.814214,11799,43.75505,33.80683,6.3222,0.7605,95 21 48 87 4 -31.428 88 -14.684 4 -5.259 88 -3.114 0 -15.329 8 48 63
233,SIPP_2^2,"236,141,0","213,80,0",0,-1,0,0.0,0.0,0.0,0.0,
233,SIPP_2^3,"236,141,0","213,80,0",0,-1,0,0.0,0.0,0.0,0.0,
233,SIPP_2^4,"236,141,0","213,80,0",0,-1,0,0.0,0.0,0.0,0.0,
233,SIPP_2^5,"236,141,0","213,80,0",0,-1,0,0.0,0.0,0.0,0.0,
233,SIPP_BigCS,"236,141,0","213,80,0",0,-1,0,0.0,0.0,0.0,0.0,
233,SIPP_Standard,"236,141,11","213,80,13",0,-1,0,7e-05,0.0,0.0,0.0,
234,SIPP_2^2,"249,50,0","187,108,0",0,-1,0,0.0,0.0,0.0,0.0,
234,SIPP_2^3,"249,50,0","187,108,0",0,-1,0,0.0,0.0,0.0,0.0,
234,SIPP_2^4,"249,50,0","187,108,0",0,-1,0,0.0,0.0,0.0,0.0,
234,SIPP_2^5,"249,50,0","187,108,0",0,-1,0,0.0,0.0,0.0,0.0,
234,SIPP_BigCS,"249,50,0","187,108,0",0,-1,0,0.0,0.0,0.0,0.0,
234,SIPP_Standard,"249,50,0","187,108,1",0,-1,71430,180.00079,0.0,0.0,0.0,
235,SIPP_2^2,"89,235,0","179,229,0",0,-1,0,0.0,0.0,0.0,0.0,
235,SIPP_2^3,"89,235,0","179,229,0",0,-1,0,0.0,0.0,0.0,0.0,
235,SIPP_2^4,"89,235,0","179,229,0",0,-1,0,0.0,0.0,0.0,0.0,
235,SIPP_2^5,"89,235,0","179,229,0",0,-1,0,0.0,0.0,0.0,0.0,
235,SIPP_BigCS,"89,235,0","179,229,0",0,-1,0,0.0,0.0,0.0,0.0,
235,SIPP_Standard,"89,235,13","179,229,13",0,-1,12,0.0326,0.0,0.0,0.0,
236,SIPP_2^2,"225,99,0","210,25,0",0,-1,0,0.0,0.0,0.0,0.0,
236,SIPP_2^3,"225,99,0","210,25,0",0,-1,0,0.0,0.0,0.0,0.0,
236,SIPP_2^4,"225,99,0","210,25,0",0,-1,0,0.0,0.0,0.0,0.0,
236,SIPP_2^5,"225,99,0","210,25,0",0,-1,0,0.0,0.0,0.0,0.0,
236,SIPP_BigCS,"225,99,0","210,25,0",0,-1,0,0.0,0.0,0.0,0.0,
236,SIPP_Standard,"225,99,4","210,25,7",0,-1,0,3e-05,0.0,0.0,0.0,
237,SIPP_2^2,"124,187,0","109,99,0",0,-1,0,0.0,0.0,0.0,0.0,
237,SIPP_2^3,"124,187,0","109,99,0",0,-1,0,0.0,0.0,0.0,0.0,
237,SIPP_2^4,"124,187,0","109,99,0",0,-1,0,0.0,0.0,0.0,0.0,
237,SIPP_2^5,"124,187,0","109,99,0",0,-1,0,0.0,0.0,0.0,0.0,
237,SIPP_BigCS,"124,187,0","109,99,0",0,-1,0,0.0,0.0,0.0,0.0,
237,SIPP_Standard,"124,187,8","109,99,2",0,-1,0,3e-05,0.0,0.0,0.0,
238,SIPP_2^2,"183,236,0","160,169,0",0,-1,0,0.0,0.0,0.0,0.0,
238,SIPP_2^3,"183,236,0","160,169,0",0,-1,0,0.0,0.0,0.0,0.0,
238,SIPP_2^4,"183,236,0","160,169,0",0,-1,0,0.0,0.0,0.0,0.0,
238,SIPP_2^5,"183,236,0","160,169,0",0,-1,0,0.0,0.0,0.0,0.0,
238,SIPP_BigCS,"183,236,0","160,169,0",0,-1,0,0.0,0.0,0.0,0.0,
238,SIPP_Standard,"183,236,0","160,169,3",0,-1,0,1e-05,0.0,0.0,0.0,
239,SIPP_2^2,"125,37,0","212,54,0",0,-1,0,0.0,0.0,0.0,0.0,
239,SIPP_2^3,"125,37,0","212,54,0",0,-1,0,0.0,0.0,0.0,0.0,
239,SIPP_2^4,"125,37,0","212,54,0",0,-1,0,0.0,0.0,0.0,0.0,
239,SIPP_2^5,"125,37,0","212,54,0",0,-1,0,0.0,0.0,0.0,0.0,
239,SIPP_BigCS,"125,37,0","212,54,0",0,-1,0,0.0,0.0,0.0,0.0,
239,SIPP_Standard,"125,37,9","212,54,12",0,-1,0,1e-05,0.0,0.0,0.0,
240,SIPP_2^2,"52,76,0","15,153,0",0,-1,0,0.0,0.0,0.0,0.0,
240,SIPP_2^3,"52,76,0","15,153,0",0,-1,0,0.0,0.0,0.0,0.0,
240,SIPP_2^4,"52,76,0","15,153,0",0,-1,0,0.0,0.0,0.0,0.0,
240,SIPP_2^5,"52,76,0","15,153,0",0,-1,0,0.0,0.0,0.0,0.0,
240,SIPP_BigCS,"52,76,0","15,153,0",0,-1,0,0.0,0.0,0.0,0.0,
240,SIPP_Standard,"52,76,8","15,153,14",0,-1,65043,180.00197,0.0,0.0,0.0,
241,SIPP_2^2,"76,140,0","174,137,0",0,-1,0,0.0,0.0,0.0,0.0,
241,SIPP_2^3,"76,140,0","174,137,0",0,-1,0,0.0,0.0,0.0,0.0,
241,SIPP_2^4,"76,140,0","174,137,0",0,-1,0,0.0,0.0,0.0,0.0,
241,SIPP_2^5,"76,140,0","174,137,0",0,-1,0,0.0,0.0,0.0,0.0,
241,SIPP_BigCS,"76,140,0","174,137,0",0,-1,0,0.0,0.0,0.0,0.0,
241,SIPP_Standard,"76,140,12","174,137,14",0,-1,0,3e-05,0.0,0.0,0.0,
242,SIPP_2^2,"163,237,0","181,153,0",0,-1,0,0.0,0.0,0.0,0.0,
242,SIPP_2^3,"163,237,0","181,153,0",0,-1,0,0.0,0.0,0.0,0.0,
242,SIPP_2^4,"163,237,0","181,153,0",0,-1,0,0.0,0.0,0.0,0.0,
242,SIPP_2^5,"163,237,0","181,153,0",0,-1,0,0.0,0.0,0.0,0.0,
242,SIPP_BigCS,"163,237,0","181,153,0",0,-1,0,0.0,0.0,0.0,0.0,
242,SIPP_Standard,"163,237,5","181,153,6",0,-1,0,3e-05,0.0,0.0,0.0,
243,SIPP_2^2,"120,37,0","157,99,0",0,-1,0,0.0,0.0,0.0,0.0,
243,SIPP_2^3,"120,37,0","157,99,0",0,-1,0,0.0,0.0,0.0,0.0,
243,SIPP_2^4,"120,37,0","157,99,0",0,-1,0,0.0,0.0,0.0,0.0,
243,SIPP_2^5,"120,37,0","157,99,0",0,-1,0,0.0,0.0,0.0,0.0,
243,SIPP_BigCS,"120,37,0","157,99,0",0,-1,0,0.0,0.0,0.0,0.0,
243,SIPP_Standard,"120,37,10","157,99,3",0,-1,0,1e-05,0.0,0.0,0.0,
244,SIPP_2^2,"136,36,0","54,74,0",0,-1,0,0.0,0.0,0.0,0.0,
244,SIPP_2^3,"136,36,0","54,74,0",0,-1,0,0.0,0.0,0.0,0.0,
244,SIPP_2^4,"136,36,0","54,74,0",0,-1,0,0.0,0.0,0.0,0.0,
244,SIPP_2^5,"136,36,0","54,74,0",0,-1,0,0.0,0.0,0.0,0.0,
244,SIPP_BigCS,"136,36,0","54,74,0",0,-1,0,0.0,0.0,0.0,0.0,
244,SIPP_Standard,"136,36,5","54,74,6",0,-1,1,0.01617,0.0,0.0,0.0,
245,SIPP_2^2,"82,82,0","85,179,0",1,1368.016527,4545,2.19638,155.56349,34.55752,69.11504,2 2 2 3 3 3 2 2 2 2 3 3 2 3 2 2 2 2 2 2 2 2 2 2 2 2 2 2 3 2 2 2 2 2 2 2 2 2 2 2 2 1 2 2 2 2 2 2 2 2 1 1 1 1 1 1 1 1 1 1 1 1 1 1 -1.139 1 -0.117 1 1 1 2 -3.388 3 -2.841 2 -1.109 3 -0.370 3 -0.093 3 -0.020 3 3 3 2 -7.606 2 1 2 2 2 2 2 2 2 2 2 2 2 2 2 2 2 2 2 2 2 2 2 2 2 2 2 2 3 3 2 2 2 2 2 2 3 -1.394 2 -9.939 2 2 2 2 2 2 2 2 2 2 2 2 2 2 2 2 2 2
245,SIPP_2^3,"82,82,0","85,179,0",1,1225.1678860000002,3593,3.08099,125.58479,24.34734,48.69469,4 3 3 4 3 3 3 3 3 3 3 3 3 3 3 3 3 3 3 3 3 4 4 4 4 4 4 3 4 4 4 4 3 4 4 4 3 4 4 4 4 4 4 4 4 3 -39.831 4 -1.890 6 -1.722 6 -4.258 5 6 -4.140 4 4 4 -1.783 4 4 4 4 4 4 4 4 4 4 4 5 4 5 6 5 5 5 5 5 5 5 5 4 4 5 4 4 4 4 4 4 5 4 4 4 4 4 4 4 4 4 5 5 4 4 5
245,SIPP_2^4,"82,82,0","85,179,0",1,1090.5996400000001,1987,4.41984,65.16854,12.77425,25.5485,9 9 9 10 9 9 8 8 8 8 8 8 8 9 9 8 8 9 7 7 7 7 8 8 8 8 7 8 7 7 8 7 8 8 9 9 10 10 9 -17.866 8 4 6 6 6 6 7 7 7 7 7 7 8 8 8 8 8 8 8 8 8 8 8 8 8 8 8 8 9 8 8 9
245,SIPP_2^5,"82,82,0","85,179,0",1,1085.4343190000004,1963,11.03686,37.56309,7.566,15.13201,18 18 19 18 17 17 17 17 16 16 16 16 15 15 15 15 15 15 15 14 -1.788 16 16 -1.683 18 19 19 -23.854 16 8 12 12 12 12 14 16 16 16 16 15 15 15 15 15 16 16 16 16 17 16 16 16 17
245,SIPP_BigCS,"82,82,6","85,179,3",0,-1,21229,180.02534,0.0,0.0,0.0,
245,SIPP_Standard,"82,82,6","85,179,3",1,1263.843727,10999,29.96643,33.7659,6.2528,0.8402,-1.142 28 28 52 56 56 104 -82.022 39 -7.680 0 16 86 15 94 0 4
246,SIPP_2^2,"127,208,0","206,176,0",1,1322.915856,4701,2.18875,197.9899,43.9823,87.96459,1 0 0 0 0 0 0 0 1 0 0 1 0 0 0 1 1 0 1 0 1 0 0 1 0 0 0 0 0 0 0 0 1 0 0 0 0 1 1 1 1 1 1 1 1 1 1 1 1 1 1 1 1 1 1 1 1 1 1 1 1 1 1 1 1 1 1 1 1 1 1 0 1 0 0 -154.076 1 -9.930 1 -0.012 1 -0.012 1 -0.012 1 1 1 1 1 1 1 1 1 1 1 1 1 2 2 1 -2.090 1 1 1 1 1 1 0 1 1 1 1 1 1 0 1 0 -5.581 1 -0.918 1 -0.201 1 -0.084 1
246,SIPP_2^3,"127,208,0","206,176,0",1,1322.915856,7070,5.8499,55.48802,10.99557,21.99115,0 0 0 0 -3.963 0 0 1 1 1 1 1 1 1 1 0 -1.235 0 -10.466 0 0 -1.275 0 -0.013 0 0 0 0 0 0 1 1 1 2 2 2 2 2 2 2 2 2 2 2 2 2 2 2 2 2 2 2 2 2 2 2 2 2 2 2 2 2 2 2 1 2 -206.903 2 -10.516 2 -0.013 2 2 2 2 2 2 1 1 2 -1.759 2 2 2 2 2 3 3 3 2 2 2 2 2 2 2 1 1 2 1 1 -38.586 2 -0.918 2 -0.201 2 -0.084 2
246,SIPP_2^4,"127,208,0","206,176,0",1,1270.508243,5769,12.46965,52.93693,10.59791,21.19582,2 2 1 1 1 1 14 2 2 -1.186 1 -4.635 0 -10.466 0 0 -1.275 0 -0.013 0 0 0 0 0 1 2 2 4 4 4 4 4 4 4 4 4 4 4 4 4 4 4 4 4 4 4 4 4 4 3 4 4 4 4 4 4 4 4 4 -210.466 4 -10.516 4 -0.013 4 4 4 3 3 3 5 5 5 5 -0.452 4 4 4 3 3 4 4 3 4 4 4 3
246,SIPP_2^5,"127,208,0","206,176,0",1,1267.5566310000002,5786,30.59552,45.70614,9.12344,18.24688,3 3 3 3 28 4 -0.604 0 -5.225 0 -10.466 0 0 -1.275 0 -0.013 0 0 0 1 0 4 4 8 8 8 8 8 8 8 8 8 8 8 8 8 8 8 8 8 8 8 8 8 8 8 8 8 8 7 8 8 8 8 -211.941 8 -10.516 8 -0.013 8 8 7 7 -1.731 8 -4.796 9 10 9 -1.598 8 8 7 7 7 8 8 7
246,SIPP_BigCS,"127,208,14","206,176,8",0,-1,22638,180.05944,0.0,0.0,0.0,
246,SIPP_Standard,"127,208,14","206,176,8",1,1322.8243690000002,22357,59.93147,35.55663,6.7989,0.8825,68 -13.928 37 -11.094 2 22 53 89 21 36 -193.917 1 -0.091 17 -2.561 103 -16.820 89 -12.413 1
247,SIPP_2^2,"201,74,0","137,95,0",0,-1,0,0.0,0.0,0.0,0.0,
247,SIPP_2^3,"201,74,0","137,95,0",0,-1,0,0.0,0.0,0.0,0.0,
247,SIPP_2^4,"201,74,0","137,95,0",0,-1,0,0.0,0.0,0.0,0.0,
247,SIPP_2^5,"201,74,0","137,95,0",0,-1,0,0.0,0.0,0.0,0.0,
247,SIPP_BigCS,"201,74,0","137,95,0",0,-1,0,0.0,0.0,0.0,0.0,
247,SIPP_Standard,"201,74,11","137,95,10",0,-1,0,2e-05,0.0,0.0,0.0,
248,SIPP_2^2,"128,109,0","74,184,0",1,1502.915856,11073,5.14337,226.27417,50.26548,100.53096,2 2 2 2 2 2 2 2 2 2 2 2 2 2 3 3 2 3 3 2 2 2 2 2 2 2 2 2 2 2 2 2 2 3 2 2 2 -19.505 3 -3.293 2 -5.785 2 -0.534 2 2 2 2 2 2 2 2 2 2 2 2 2 2 2 2 2 1 1 1 2 2 -4.449 2 -1.046 2 2 2 2 2 2 2 3 3 2 3 3 3 3 2 2 3 3 3 3 3 3 3 3 3 3 2 3 2 2 3 3 3 2 2 3 2 3 3 3 3 3 3 3 3 3 3 3 3 3 3 3 3 3 3 2 3 3 3 3 2 2 -62.877 3 -21.476 3 -0.093 0 -9.956 3 -0.029 3 3 3 -2.671 3 -0.918 2 -0.201 3 -0.084 2 2
248,SIPP_2^3,"128,109,0","74,184,0",1,1123.923453,3236,2.85519,95.70422,18.84956,37.69911,5 5 5 5 5 5 5 5 5 5 5 5 5 5 4 5 5 4 4 5 4 5 4 4 4 4 4 4 4 4 4 4 4 4 4 4 4 4 4 4 4 4 4 4 4 4 4 4 4 4 4 4 4 3 -4.567 4 5 -1.902 5 5 5 5 5 5 6 5 5 5 -24.858 5 -4.176 6 -6.878 6 5 5 5 5 6 5 6 5 6 6 6 6 6 6 5 6 6 6 6 6 5 6 5
248,SIPP_2^4,"128,109,0","74,184,0",1,1117.0545379999999,3544,8.06586,67.78688,13.59761,27.19521,8 8 8 8 8 8 8 8 8 9 9 9 9 9 8 9 9 9 9 9 9 10 10 10 9 9 9 9 9 9 9 9 8 8 9 9 9 8 8 8 9 9 8 8 8 8 10 10 10 10 10 11 13 14 13 13 13 -17.797 12 -1.078 8 -1.369 12 -2.207 10 12 11 12 12 12 11
248,SIPP_2^5,"128,109,0","74,184,0",1,1114.319053,3599,20.6216,47.90188,9.88137,19.76274,17 17 17 17 17 17 17 17 17 18 18 16 20 20 19 17 17 18 17 18 17 18 18 17 17 17 17 16 18 20 23 23 25 27 26 -37.657 16 -1.078 24 -4.837 23 23 24 23
248,SIPP_BigCS,"128,109,6","74,184,10",0,-1,17503,180.04209,0.0,0.0,0.0,
248,SIPP_Standard,"128,109,6","74,184,10",1,1121.115393,12786,40.52627,29.05901,5.479,0.6433,51 78 75 94 -0.639 0 0 4 -4.998 104 31 -27.594 55 -22.885 59 91 7
249,SIPP_2^2,"57,123,0","50,29,0",1,1255.041552,2871,1.22892,141.42136,31.41593,62.83185,1 0 0 0 0 0 0 0 0 0 0 0 0 0 0 0 0 0 0 3 3 0 0 3 3 3 3 3 0 3 0 0 0 0 0 0 0 0 0 0 0 0 0 0 0 0 0 0 0 3 0 0 3 3 0 0 0 0 0 0 0 0 0 0 0 0 0 0 0 0 0 0 0 1 1 1 1 1 1 1 1 -10.027 0 -9.986 0 -0.029 0 0 0 0 3 3 3 3 0 0 0 0 0 0 0 0 0 0 0 0 0 0 0 0 3 3 0 3 0 0 0 0 0 0 0 0 -5.000 0 0 1 1
249,SIPP_2^3,"57,123,0","50,29,0",1,1022.122183,798,0.61671,59.3884,11.78097,23.56195,1 0 0 0 0 0 0 0 0 0 0 0 0 7 0 0 7 7 7 6 7 7 7 0 0 0 0 0 0 0 0 0 0 0 0 0 7 7 0 0 1 -3.539 0 0 0 0 0 0 0 0 0 0 0 0 0 0 0 0 0 0 0 0 0 0 0 0 1 1 0 0 0 0 0 0 0 0 0 0 0 -2.863 0 0 0 0 0 0 0 0 0 7 0 -7.428 0 -0.206 0 -0.049 0 0 0 -0.046 0
249,SIPP_2^4,"57,123,0","50,29,0",1,1022.122183,997,2.01911,47.64271,9.56668,19.13335,2 0 0 0 0 0 0 0 0 0 0 0 0 0 15 14 14 13 14 14 14 0 0 0 0 0 0 0 0 0 0 0 15 15 0 0 2 2 0 0 0 0 0 0 0 0 0 0 0 0 0 0 0 0 0 0 0 0 0 0 0 0 0 0 0 0 0 0 0 0 1 1 0 0 -0.007 15 14 15 0 -0.812 0 -1.584 0 -1.535 0 -1.126 0 -0.592 0 -0.206 0 -0.049 0 0 0 -0.046 4
249,SIPP_2^5,"57,123,0","50,29,0",1,1022.122183,1037,5.20434,44.93394,8.75038,17.50075,4 0 0 0 0 0 0 0 0 0 0 0 0 31 28 28 27 28 28 0 0 0 0 0 0 0 0 0 0 31 31 0 4 4 0 0 0 0 0 0 0 0 0 0 0 0 0 0 0 0 0 0 0 0 0 0 1 1 0 0 0 0 0 0 0 0 0 0 0 28 28 31 -3.912 0 -1.584 0 -1.535 0 -1.126 0 -0.592 0 -0.206 0 -0.049 0 0 0 -0.046 8
249,SIPP_BigCS,"57,123,10","50,29,9",1,1022.0306959999999,4696,36.35779,35.95958,6.8691,1.514,101 161 6 14 202 -2.936 202 322 205 333 82 202 338 -1.069 308 6 6 6 6 6 6 2 2 58 204 316 362 -13.025 2
249,SIPP_Standard,"57,123,10","50,29,9",1,1092.763338,888,3.48286,47.55328,9.1546,1.3465,81 10 50 85 2 2 18 108 42 68 37 10 -19.763 46
250,SIPP_2^2,"196,234,0","100,238,0",0,-1,0,0.0,0.0,0.0,0.0,
250,SIPP_2^3,"196,234,0","100,238,0",0,-1,0,0.0,0.0,0.0,0.0,
250,SIPP_2^4,"196,234,0","100,238,0",0,-1,0,0.0,0.0,0.0,0.0,
250,SIPP_2^5,"196,234,0","100,238,0",0,-1,0,0.0,0.0,0.0,0.0,
250,SIPP_BigCS,"196,234,0","100,238,0",0,-1,0,0.0,0.0,0.0,0.0,
250,SIPP_Standard,"196,234,14","100,238,1",0,-1,0,5e-05,0.0,0.0,0.0,
251,SIPP_2^2,"157,112,0","86,175,0",1,1349.029362,6684,3.11255,219.2031,48.69469,97.38937,2 2 2 2 2 3 3 3 2 3 2 2 3 3 2 3 2 2 3 2 2 3 2 3 2 3 3 3 3 3 2 3 -9.029 3 3 3 3 3 3 3 3 3 3 3 3 3 3 3 3 3 3 3 3 3 3 3 3 3 3 3 3 3 3 2 3 3 3 2 2 3 2 2 2 2 2 2 2 2 2 2 2 2 2 2 2 2 2 2 2 2 2 3 2 2 2 2 2 2 2 2 2 2 2 2 2 2 2 2 3 2 2 2 2 2 3 3 3 3 3 3 2 3 3 3 3 3 3 3 3 3 3 3 3 2 3
251,SIPP_2^3,"157,112,0","86,175,0",1,1119.3476360000002,3560,3.12299,47.47961,9.42478,18.84956,5 5 5 5 5 5 5 5 5 5 5 5 5 5 5 5 5 5 5 5 5 5 5 5 5 5 5 5 5 6 6 5 5 4 4 4 4 4 4 4 4 4 4 4 4 4 4 4 4 4 3 4 -1.018 4 -1.046 4 5 5 5 5 4 -3.315 5 5 5 5 6 6 6 6 6 6 6 6 6 6 6 6 6 6 6 6 6 6 5 6 6 6 6 6 6 6 6 6 6 6 5
251,SIPP_2^4,"157,112,0","86,175,0",1,1110.740914,3687,8.6311,40.3239,7.99588,15.99176,10 10 10 10 10 10 10 10 10 10 10 10 10 10 10 10 10 10 10 10 10 10 10 11 10 10 10 10 11 -0.486 10 10 8 8 8 8 8 8 8 8 8 8 8 8 8 8 8 7 7 8 9 9 10 10 -1.739 11 10 12 12 12 12 12 12 12 12 12 12 12 12 12 12 11 11 12 11 12 12 12 11 12 12 12 12 12 12 12
251,SIPP_2^5,"157,112,0","86,175,0",1,1107.6341940000002,3693,20.89427,34.42278,6.72012,13.44023,20 20 20 20 20 20 20 20 20 20 20 20 20 20 20 20 20 20 20 20 21 20 21 21 20 20 17 16 16 16 16 16 16 16 16 16 16 16 16 16 16 16 15 -6.885 16 -1.046 16 20 19 20 -0.569 16 23 23 23 24 24 24 24 24 24 24 23 24 24 24 24 24 24 24 24 24 24 24 24 24 23
251,SIPP_BigCS,"157,112,0","86,175,1",0,-1,20471,180.0365,0.0,0.0,0.0,
251,SIPP_Standard,"157,112,0","86,175,1",1,1125.0,14235,43.96589,25.87654,4.916,0.4999,55 67 55 67 51 94 0 4 104 55 91 3 3 3
252,SIPP_2^2,"161,157,0","101,236,0",1,1470.0,4995,2.25224,318.19805,70.68583,141.37167,3 0 0 1 1 2 2 2 2 3 3 3 3 3 3 3 3 3 3 3 3 2 3 2 3 3 2 2 2 2 2 2 3 3 3 3 3 3 3 3 3 3 3 3 3 3 2 2 2 2 2 2 2 2 2 3 2 2 2 3 2 3 3 3 2 2 2 3 2 2 2 2 2 2 2 2 2 2 2 2 2 2 2 3 2 2 2 2 2 3 2 3 3 3 3 3 2 2 3 3 3 3 3 3 3 3 3 2 2 3 2 2 2 3 2 2 2 2 3 2 3 2 2 2 2 2 2 2 3 2 2 2 2 3 2 3 2 2 2 3 3 2 2 2 2 3 2
252,SIPP_2^3,"161,157,0","101,236,0",1,1193.675344,2451,2.08071,139.26976,27.48894,54.97787,6 5 5 6 6 6 4 5 5 5 6 6 6 5 5 5 5 6 5 6 5 6 5 5 5 5 5 5 5 5 5 5 5 6 6 5 6 5 5 5 5 6 6 5 5 5 6 5 5 4 4 4 5 4 4 4 4 4 4 4 4 3 3 3 2 2 3 4 4 4 5 5 5 4 4 4 4 5 5 5 4 4 4 4 5 5 5 5 5 5 5 5 5 5 4 4 5
252,SIPP_2^4,"161,157,0","101,236,0",1,1115.2634000000007,1629,3.66246,23.58278,4.71239,9.42478,11 10 10 10 10 11 11 11 11 12 11 11 -0.802 11 11 11 11 11 10 10 10 10 10 10 10 10 10 10 10 10 10 11 11 10 10 10 10 10 10 10 10 10 10 10 10 10 10 10 10 8 8 8 8 8 8 8 8 8 8 8 8 8 8 8 8 8 8 8 8 8 8 8 8 8 8 7 8 8 7
252,SIPP_2^5,"161,157,0","101,236,0",1,1110.8225340000006,1598,9.22546,19.58393,3.91363,7.82727,21 21 20 20 23 23 22 22 21 22 21 21 20 20 20 20 20 20 21 20 20 21 21 21 20 20 20 20 20 20 20 20 20 20 20 20 17 16 16 16 16 16 16 16 16 16 16 16 16 16 16 16 16 16 16 16 16 16 16 15 16 16 16 15
252,SIPP_BigCS,"161,157,3","101,236,8",1,1108.028243,10155,91.76644,18.99981,3.3956,0.5104,155 203 -3.505 203 203 203 203 203 203 -2.523 203 251 103 103 103 103 103 103 103 103 183 203 203 203 355 103 103 103 103 103 103 103 103 103 103 163 4 0 0 28 360
252,SIPP_Standard,"161,157,3","101,236,8",1,1140.992612,2419,6.06126,31.8983,6.1708,0.7472,67 -1.993 47 11 55 67 31 55 75 78 83 0 0 0 8
253,SIPP_2^2,"156,239,0","164,158,0",0,-1,0,0.0,0.0,0.0,0.0,
253,SIPP_2^3,"156,239,0","164,158,0",0,-1,0,0.0,0.0,0.0,0.0,
253,SIPP_2^4,"156,239,0","164,158,0",0,-1,0,0.0,0.0,0.0,0.0,
253,SIPP_2^5,"156,239,0","164,158,0",0,-1,0,0.0,0.0,0.0,0.0,
253,SIPP_BigCS,"156,239,0","164,158,0",0,-1,0,0.0,0.0,0.0,0.0,
253,SIPP_Standard,"156,239,8","164,158,10",0,-1,0,2e-05,0.0,0.0,0.0,
254,SIPP_2^2,"171,174,0","89,123,0",1,1423.413162,8277,3.91468,261.62951,58.11946,116.23893,3 3 3 3 3 3 3 3 3 3 3 0 0 3 3 0 3 0 3 0 3 3 3 3 3 3 0 3 3 3 3 3 3 0 0 0 0 -45.615 0 0 -2.030 0 0 0 0 0 0 0 0 0 0 0 0 0 0 3 3 3 3 3 3 3 3 3 3 3 3 3 3 0 0 3 3 0 3 3 0 3 3 3 3 3 3 3 0 3 3 3 3 3 3 3 0 3 0 0 0 0 0 0 3 3 3 3 3 0 3 3 3 3 3 3 3 3 3 3 3 3 3 0 0 0 3 0 3 0 0 3 3 0 3 -17.421 0 -5.067 1 -0.436 0 0 -2.845 0 0
254,SIPP_2^3,"171,174,0","89,123,0",1,1165.7815209999999,3824,3.45677,133.67077,26.70354,53.40708,6 6 6 6 7 7 6 6 6 6 6 7 7 6 7 7 7 7 6 7 7 7 7 7 7 7 -24.933 0 -3.219 0 0 0 0 7 6 7 -0.351 7 7 7 7 6 7 7 6 6 6 6 6 6 6 7 -3.998 6 6 6 6 7 6 7 -14.288 0 0 7 6 6 6 6 6 5 6 6 6 6 5 7 -2.954 7 7 0 0 7 7 7 7 7 7 7 7 7 7 6 6 6 6 -3.783 7 0 7 0
254,SIPP_2^4,"171,174,0","89,123,0",1,1160.2121029999998,4397,10.4092,62.47975,12.38652,24.77304,15 15 15 15 15 15 15 15 15 15 15 -1.525 14 12 -0.553 12 12 12 12 12 12 12 12 12 -5.941 11 13 13 13 13 13 13 13 12 12 12 12 12 12 -1.658 10 12 13 -24.305 15 -0.875 15 13 12 12 12 12 12 12 11 11 12 13 14 14 14 14 15 15 15 -0.819 13 12 12 13 12 13 14 0 0 0 0
254,SIPP_2^5,"171,174,0","89,123,0",1,1159.355811,4564,26.59941,65.77617,13.10593,26.21186,30 30 30 30 30 30 30 30 30 30 30 -1.525 28 24 -0.553 24 23 24 24 24 24 -0.294 22 26 26 26 26 27 26 -0.381 25 24 24 24 24 24 -2.344 20 25 -25.043 30 -0.875 30 -0.077 25 24 23 24 23 24 24 26 28 29 29 29 28 -1.617 25 24 25 24 -1.518 28 0 0 0 0
254,SIPP_BigCS,"171,174,0","89,123,13",0,-1,18085,180.07313,0.0,0.0,0.0,
254,SIPP_Standard,"171,174,0","89,123,13",1,1198.830804,21802,76.07881,30.01364,5.1534,0.6578,58 58 90 -1.831 6 66 30 50 61 61 101 59 67 47 27
255,SIPP_2^2,"63,126,0","153,94,0",0,-1,0,0.0,0.0,0.0,0.0,
255,SIPP_2^3,"63,126,0","153,94,0",0,-1,0,0.0,0.0,0.0,0.0,
255,SIPP_2^4,"63,126,0","153,94,0",0,-1,0,0.0,0.0,0.0,0.0,
255,SIPP_2^5,"63,126,0","153,94,0",0,-1,0,0.0,0.0,0.0,0.0,
255,SIPP_BigCS,"63,126,0","153,94,0",0,-1,0,0.0,0.0,0.0,0.0,
255,SIPP_Standard,"63,126,11","153,94,13",0,-1,0,4e-05,0.0,0.0,0.0,
256,SIPP_2^2,"203,168,0","212,76,0",0,-1,0,0.0,0.0,0.0,0.0,
256,SIPP_2^3,"203,168,0","212,76,0",0,-1,0,0.0,0.0,0.0,0.0,
256,SIPP_2^4,"203,168,0","212,76,0",0,-1,0,0.0,0.0,0.0,0.0,
256,SIPP_2^5,"203,168,0","212,76,0",0,-1,0,0.0,0.0,0.0,0.0,
256,SIPP_BigCS,"203,168,0","212,76,0",0,-1,0,0.0,0.0,0.0,0.0,
256,SIPP_Standard,"203,168,14","212,76,14",0,-1,59240,180.00097,0.0,0.0,0.0,
257,SIPP_2^2,"126,105,0","200,75,0",1,1166.597428,2940,1.46084,190.91883,42.4115,84.823,1 1 1 1 1 1 1 1 1 1 1 1 1 1 1 1 1 1 1 1 1 1 1 1 1 1 1 1 1 1 1 2 2 2 1 1 1 1 1 1 2 1 1 1 2 1 -3.798 0 -1.670 1 -1.130 1 2 1 1 1 1 1 1 1 1 1 1 1 1 1 1 1 1 1 1 1 0 1 1 1 1 0 0 0 0 0 0 1 0 1 0 0 0 0 0 0 0 0 0 0 0 0 0 0 0 0 0 1 0 0 1 1 0 1 0 0 0 1 0 0 0 1 0
257,SIPP_2^3,"126,105,0","200,75,0",1,1083.907891,2565,2.17114,139.9116,27.48894,54.97787,2 2 2 2 2 2 2 2 2 2 2 2 2 2 2 2 2 3 2 2 2 2 2 2 3 2 3 2 2 2 2 2 2 2 2 3 2 2 2 3 3 2 3 2 -0.688 4 3 2 2 2 2 2 2 2 2 2 1 2 2 1 1 2 1 -1.697 2 -2.111 1 0 1 0 1 1 0 0 0 0 0 0 0 0 0 0 0 1 0 0 0 0 0 0 0 1 0 0 1 0 1 1 1 1 1
257,SIPP_2^4,"126,105,0","200,75,0",1,1064.311875,2426,5.32327,50.59933,10.09631,20.19261,4 4 4 4 4 4 4 4 4 4 4 4 4 4 4 4 4 4 4 4 4 4 4 4 5 4 4 5 4 4 5 5 4 5 5 5 5 5 4 4 4 4 4 4 4 4 3 3 4 3 -23.763 0 -2.111 2 1 1 1 0 0 0 0 0 0 0 0 0 1 0 0 1 1 1 1 1 1 0 1
257,SIPP_2^5,"126,105,0","200,75,0",1,1057.6707480000005,2330,12.85541,26.77367,5.32081,10.64161,9 9 9 9 9 8 8 8 8 8 8 8 9 9 8 8 8 8 8 8 8 8 8 8 8 8 8 8 9 9 -2.978 8 -0.534 8 -0.151 8 -0.060 8 -0.420 8 8 6 5 6 -32.566 8 -2.111 4 2 2 1 1 1 1 1 1 1 0 1 0 0 1
257,SIPP_BigCS,"126,105,7","200,75,3",0,-1,19786,180.01757,0.0,0.0,0.0,
257,SIPP_Standard,"126,105,7","200,75,3",1,1067.988594,7451,16.74813,28.1012,5.3279,0.6805,95 1 1 1 21 48 103 65 -11.989 49 92 2 22 49
258,SIPP_2^2,"206,134,0","180,46,0",1,1453.9785379999998,6468,2.86712,141.42136,31.41593,62.83185,3 3 0 3 3 0 0 0 0 0 0 0 0 0 0 0 3 0 0 0 3 0 0 0 0 3 3 0 0 0 0 0 0 0 0 0 0 0 3 3 3 3 2 3 -124.146 0 -17.505 0 -2.262 3 -147.792 0 -1.137 0 -1.137 0 0 0 0 0 0 0 0 0 0 0 0 0 0 0 0 0 0 0 0 0 0 0 0 0 0 0 0 0 0 0 0 0 0 0 0 0 0 0 0 0 0 0 0 0 0 0 0 0 0 0 0 0 3 3 3 3 3 0 3 3 3 3 3 0 3 3
258,SIPP_2^3,"206,134,0","180,46,0",1,1106.6904880000004,2061,1.72424,79.59728,15.70796,31.41593,7 7 7 7 7 7 7 7 7 0 7 0 7 0 0 0 0 0 0 0 0 0 0 0 0 0 0 0 0 0 0 0 0 0 0 0 0 0 0 0 0 0 1 1 1 1 0 0 1 0 0 7 0 0 7 0 0 0 0 0 7 7 7 7 0 0 0 0 0 0 0 0 0 0 0 0 0 0 0 0 0 0 0 7 7 7 7 7 7 7 7 6 6 5 5 6 5
258,SIPP_2^4,"206,134,0","180,46,0",1,1081.9857909999998,1957,4.21321,47.78224,9.38682,18.77364,15 15 15 15 15 15 15 15 14 15 0 0 0 0 0 0 0 0 0 0 0 0 0 0 0 0 0 0 0 0 0 0 0 0 1 1 1 1 0 -4.658 14 -2.264 15 15 0 15 0 0 0 0 0 0 0 0 0 0 0 0 15 15 0 0 0 15 15 0 14 14 14 14 15 14 -0.504 13 -7.061 10 10 10 10
258,SIPP_2^5,"206,134,0","180,46,0",1,1081.9857909999998,1989,10.74124,39.00431,7.74586,15.49171,30 30 30 30 30 30 30 29 31 0 0 0 0 0 0 0 0 0 0 0 0 0 0 0 0 0 0 0 0 0 1 1 1 2 -9.667 29 31 31 0 0 31 0 31 0 31 0 0 0 0 31 0 0 31 28 28 28 28 28 28 -4.399 24 -7.651 20 20 20 20
258,SIPP_BigCS,"206,134,13","180,46,2",1,1082.4420099999998,14218,101.97635,45.31502,8.8895,2.0873,182 202 202 202 202 306 6 2 6 2 6 62 161 -6.442 34 170 6 6 6 6 6 30 306 6 6 6 6 6 66 182 330 71 326
258,SIPP_Standard,"206,134,13","180,46,2",1,1594.45625,53484,154.98345,25.86941,4.9841,0.7086,6 66 54 -138.083 90 -272.917 2 2 2 2 2 2 -10.056 2 10 -10.736 34 -22.665 83
259,SIPP_2^2,"68,40,0","11,119,0",0,-1,0,0.0,0.0,0.0,0.0,
259,SIPP_2^3,"68,40,0","11,119,0",0,-1,0,0.0,0.0,0.0,0.0,
259,SIPP_2^4,"68,40,0","11,119,0",0,-1,0,0.0,0.0,0.0,0.0,
259,SIPP_2^5,"68,40,0","11,119,0",0,-1,0,0.0,0.0,0.0,0.0,
259,SIPP_BigCS,"68,40,0","11,119,0",0,-1,0,0.0,0.0,0.0,0.0,
259,SIPP_Standard,"68,40,12","11,119,15",0,-1,0,5e-05,0.0,0.0,0.0,
260,SIPP_2^2,"107,185,0","32,208,0",0,-1,0,0.0,0.0,0.0,0.0,
260,SIPP_2^3,"107,185,0","32,208,0",0,-1,0,0.0,0.0,0.0,0.0,
260,SIPP_2^4,"107,185,0","32,208,0",0,-1,0,0.0,0.0,0.0,0.0,
260,SIPP_2^5,"107,185,0","32,208,0",0,-1,0,0.0,0.0,0.0,0.0,
260,SIPP_BigCS,"107,185,0","32,208,0",0,-1,0,0.0,0.0,0.0,0.0,
260,SIPP_Standard,"107,185,3","32,208,10",0,-1,0,3e-05,0.0,0.0,0.0,
261,SIPP_2^2,"108,31,0","92,131,0",1,1566.106414,4867,2.6309,197.9899,43.9823,87.96459,2 2 3 2 2 3 3 2 2 2 2 2 2 2 2 2 2 2 2 -207.076 2 -0.013 2 2 3 2 2 -12.694 2 -0.101 2 3 2 2 2 2 2 2 3 3 -35.079 3 -5.593 3 2 2 2 2 3 3 3 3 3 3 2 -3.501 2 -0.020 2 2 2 2 2 2 2 2 2 2 2 2 2 2 2 2 2 2 -0.964 2 -10.065 2 2 2 2 2 2 2 2 2 2 2 2 2 2 2 2 2 1 1 1 1 1 -7.312 1 -2.094 2 -1.047 2 -0.410 2 -0.106 2 -0.013 2 2 2 2 -0.018 2 3 2 2 2 2 3 2 2 3 2 2 3 2 2 2 3 2 2 2 2 3 2 2 2 2 3 2
261,SIPP_2^3,"108,31,0","92,131,0",1,1351.0104389999997,3879,3.28085,113.70773,21.99115,43.9823,5 5 4 4 4 4 4 4 5 4 4 4 4 4 4 4 -224.649 4 -0.013 4 4 4 5 5 -4.409 2 -0.101 4 5 4 4 4 4 4 4 4 4 4 5 4 4 5 5 4 5 5 4 4 4 5 4 4 4 4 4 4 4 4 4 4 4 5 5 4 4 4 4 4 4 4 4 4 4 4 4 5 4 5 5 5 5 5 5 5 4 4 4 4 4 4 4 4 4 4 4 4 4 4 3 3 4 4 3 3 3
261,SIPP_2^4,"108,31,0","92,131,0",1,1318.8431099999998,3541,7.6353,45.77288,9.13106,18.26211,8 8 8 8 9 8 8 9 9 8 8 8 8 -229.994 8 -0.013 8 8 9 -20.333 8 9 8 9 8 9 8 8 8 8 9 9 9 9 8 8 8 8 8 8 8 8 8 8 8 8 8 8 8 9 9 9 8 8 9 9 9 9 9 9 9 8 8 8 8 8 8 8 8 8 8 8 8 8 8 8 7 6 6 6 6
261,SIPP_2^5,"108,31,0","92,131,0",1,1308.0802150000002,3420,18.4589,23.20761,4.64641,9.29281,16 16 16 16 16 17 17 16 16 17 -232.207 16 -0.013 16 17 -21.071 16 17 17 17 17 17 17 17 17 16 17 17 17 16 16 16 17 17 17 17 17 17 16 16 16 16 16 16 16 16 16 16 16 16 16 16 16 16 16 16 12 12 12 12 12
261,SIPP_BigCS,"108,31,15","92,131,15",0,-1,22259,180.01214,0.0,0.0,0.0,
261,SIPP_Standard,"108,31,15","92,131,15",1,1352.0393629999999,8210,21.97606,52.05765,10.0264,1.5572,101 83 -53.019 12 -35.105 87 -12.767 0 20 51 -1.148 102 104 31 39 0 0 4 72
262,SIPP_2^2,"135,135,0","230,166,0",1,1350.611716,6315,3.02063,183.84776,40.8407,81.68141,1 1 1 1 1 1 1 1 1 1 1 1 1 1 1 1 1 1 1 2 2 1 2 2 2 2 2 2 2 1 1 1 1 1 1 1 1 1 1 1 1 1 1 1 1 1 1 1 -9.057 1 -0.020 2 -9.964 1 -0.034 2 -0.032 2 -0.033 1 1 1 1 1 1 1 1 1 1 1 1 1 1 1 1 1 1 1 1 1 1 1 1 1 0 -13.403 1 -1.070 1 -1.489 1 1 1 1 1 2 2 1 1 1 2 1 1 2 2 2 2 2 1 2 2 2 2 2 2 2 1 2 1 1 2 1 2 2 1 1 1 1 1 1 1 1 2 -10.032 1 -23.281 1 1 -2.199 1
262,SIPP_2^3,"135,135,0","230,166,0",1,1111.5433040000005,1986,1.72279,75.27736,14.92257,29.84513,3 3 3 3 3 3 3 3 3 2 3 2 2 3 3 2 2 2 2 3 3 3 3 3 3 3 3 3 3 3 3 2 2 2 2 2 2 2 2 2 2 2 2 2 2 2 2 2 1 1 1 2 2 2 2 2 2 2 2 2 2 2 2 2 2 2 3 2 3 2 2 3 3 3 3 2 2 3 3 3 3 3 2 2 2 2 2 2 2 2 2 2 2 1 2
262,SIPP_2^4,"135,135,0","230,166,0",1,1098.611716,2285,5.17358,57.96939,11.38331,22.76662,5 5 5 5 5 5 5 5 5 -0.204 5 6 6 6 6 6 6 6 6 6 7 7 6 4 3 4 4 4 4 4 4 4 4 4 4 4 4 4 3 4 3 4 4 3 4 4 4 4 5 5 5 4 5 4 5 5 5 6 5 5 5 4 4 4 4 3 4 4 4 4 -8.060 4 -1.046 8
262,SIPP_2^5,"135,135,0","230,166,0",1,1098.611716,2382,13.66747,44.74166,9.07213,18.14426,10 10 10 10 10 10 10 10 10 -0.204 10 12 12 12 12 12 12 13 13 12 12 8 8 8 8 8 8 8 8 8 8 7 7 8 8 8 7 8 7 8 8 8 8 9 10 10 10 9 10 12 -0.066 11 10 9 8 8 7 8 8 -0.249 8 8 -13.208 16 -1.046 8
262,SIPP_BigCS,"135,135,10","230,166,13",1,1098.514551,17653,163.47092,29.23036,5.3014,1.0043,207 207 207 207 207 207 207 207 207 -3.919 255 152 248 160 5 5 5 5 29 201 305 5 5 5 5 5 5 5 5 5 5 85 207 207 207 207 -0.489 207 255 100 164 -12.106 305
262,SIPP_Standard,"135,135,10","230,166,13",1,1116.6470789999998,4904,14.77994,34.57013,6.1706,0.9224,63 63 -2.744 79 56 80 1 5 89 17 63 -5.903 71 32 97
263,SIPP_2^2,"138,30,0","36,17,0",0,-1,0,0.0,0.0,0.0,0.0,
263,SIPP_2^3,"138,30,0","36,17,0",0,-1,0,0.0,0.0,0.0,0.0,
263,SIPP_2^4,"138,30,0","36,17,0",0,-1,0,0.0,0.0,0.0,0.0,
263,SIPP_2^5,"138,30,0","36,17,0",0,-1,0,0.0,0.0,0.0,0.0,
263,SIPP_BigCS,"138,30,0","36,17,0",0,-1,0,0.0,0.0,0.0,0.0,
263,SIPP_Standard,"138,30,5","36,17,4",0,-1,0,4e-05,0.0,0.0,0.0,
264,SIPP_2^2,"196,39,0","162,121,0",0,-1,0,0.0,0.0,0.0,0.0,
264,SIPP_2^3,"196,39,0","162,121,0",0,-1,0,0.0,0.0,0.0,0.0,
264,SIPP_2^4,"196,39,0","162,121,0",0,-1,0,0.0,0.0,0.0,0.0,
264,SIPP_2^5,"196,39,0","162,121,0",0,-1,0,0.0,0.0,0.0,0.0,
264,SIPP_BigCS,"196,39,0","162,121,0",0,-1,0,0.0,0.0,0.0,0.0,
264,SIPP_Standard,"196,39,7","162,121,1",0,-1,0,3e-05,0.0,0.0,0.0,
265,SIPP_2^2,"75,225,0","23,155,0",0,-1,0,0.0,0.0,0.0,0.0,
265,SIPP_2^3,"75,225,0","23,155,0",0,-1,0,0.0,0.0,0.0,0.0,
265,SIPP_2^4,"75,225,0","23,155,0",0,-1,0,0.0,0.0,0.0,0.0,
265,SIPP_2^5,"75,225,0","23,155,0",0,-1,0,0.0,0.0,0.0,0.0,
265,SIPP_BigCS,"75,225,0","23,155,0",0,-1,0,0.0,0.0,0.0,0.0,
265,SIPP_Standard,"75,225,3","23,155,1",0,-1,0,3e-05,0.0,0.0,0.0,
266,SIPP_2^2,"136,183,0","229,149,0",0,-1,0,0.0,0.0,0.0,0.0,
266,SIPP_2^3,"136,183,0","229,149,0",0,-1,0,0.0,0.0,0.0,0.0,
266,SIPP_2^4,"136,183,0","229,149,0",0,-1,0,0.0,0.0,0.0,0.0,
266,SIPP_2^5,"136,183,0","229,149,0",0,-1,0,0.0,0.0,0.0,0.0,
266,SIPP_BigCS,"136,183,0","229,149,0",0,-1,0,0.0,0.0,0.0,0.0,
266,SIPP_Standard,"136,183,7","229,149,11",0,-1,1,0.01403,0.0,0.0,0.0,
267,SIPP_2^2,"18,165,0","78,235,0",0,-1,33,0.15392,0.0,0.0,0.0,
267,SIPP_2^3,"18,165,0","78,235,0",1,1475.2279519999995,3625,2.84096,157.46423,31.41593,62.83185,4 4 5 5 5 5 4 5 4 5 4 4 4 4 4 4 4 4 5 4 4 4 5 5 4 4 4 4 4 4 5 4 3 3 3 4 3 4 4 4 4 4 4 4 4 4 5 -82.436 4 -1.597 2 -1.248 4 4 3 3 3 3 3 3 3 3 3 3 3 3 2 3 2 3 -4.356 3 2 2 -0.677 2 -1.142 2 -1.255 2 -1.750 2 2 2 2 2 2 2 2 2 2 1 2 2 2 3 3 3 3 2 2 2 2 3 2 2 2 2 2 2 2 2 3 3 3 2 -4.370 2 2 1 1 1 1 1 2 3 4 4
267,SIPP_2^4,"18,165,0","78,235,0",1,1474.8536519999998,4564,9.25468,99.73803,19.52109,39.04217,9 9 10 9 9 9 8 8 8 8 8 8 8 9 8 8 9 8 9 9 8 -4.051 8 -1.175 8 -1.636 8 6 6 -2.111 7 8 7 8 8 8 8 8 9 -94.841 8 -1.597 4 -1.248 8 7 6 6 6 6 6 6 6 6 6 6 5 5 -3.673 6 -6.028 6 4 4 -0.677 4 -1.142 4 -1.255 4 -1.750 4 4 4 4 4 4 4 3 4 4 4 4 4 5 5 4 5 5 5 4 4 4 5 5 -4.232 5 -5.819 4 -10.352 4 -1.407 3 2 2 2 2 4 6 8 8
267,SIPP_2^5,"18,165,0","78,235,0",1,1474.8536519999998,4625,22.67743,68.62625,13.42481,26.84962,18 19 18 18 17 17 17 17 17 17 16 16 16 16 16 16 11 -3.716 14 16 16 15 16 17 16 -96.317 16 -1.597 8 -1.559 15 12 11 11 12 12 12 12 12 12 12 -4.994 12 -6.028 12 9 -0.196 8 -1.255 8 8 8 8 7 7 8 8 8 8 9 10 10 9 9 9 9 -8.787 10 -5.819 8 -10.352 8 -1.407 6 4 4 4 4 8 12 16 16
267,SIPP_BigCS,"18,165,10","78,235,10",0,-1,25585,180.06168,0.0,0.0,0.0,
267,SIPP_Standard,"18,165,10","78,235,10",1,1940.227906,16844,51.03315,74.01851,14.206,2.0992,78 99 85 18 -43.736 68 -7.674 41 87 20 35 88 -3.143 0 -5.997 0 0 -36.345 8 -10.274 48 -0.058 95 21 36 17 95 21 28
268,SIPP_2^2,"129,124,0","230,109,0",1,1589.4393929999999,8545,3.87958,226.27417,50.26548,100.53096,1 1 1 1 1 1 1 1 1 1 1 1 1 1 1 1 1 2 2 2 1 1 2 -136.488 1 1 1 1 2 2 1 1 -6.490 1 1 1 1 1 1 1 1 1 1 1 1 0 1 1 1 1 1 0 1 0 0 0 1 1 -60.154 1 -0.436 1 1 -2.845 1 1 1 1 1 1 -11.565 2 -12.273 2 -1.138 1 -1.137 1 0 1 0 0 0 0 1 1 1 1 1 0 1 0 1 1 1 0 0 1 1 1 1 0 1 -0.687 0 -28.292 0 0 0 0 0 1 1 0 1 0 1 1 1 1 1 1 1 1 1 1 1 1 1 1 1 1 1 1 1 -7.934 1 1 1 1 1 1 1 1
268,SIPP_2^3,"129,124,0","230,109,0",1,1256.0559239999993,4808,4.05982,170.35798,33.77212,67.54424,2 2 1 1 1 2 2 2 2 2 2 2 2 2 2 1 2 1 1 1 2 2 2 2 2 2 2 2 2 1 1 1 2 2 2 2 1 1 2 2 2 3 2 3 2 2 2 2 2 1 2 1 1 2 2 2 2 1 -17.532 2 -2.111 1 0 1 1 1 1 0 1 1 0 0 0 1 -1.639 2 -1.137 2 -1.137 2 -1.138 2 -1.137 2 -4.540 1 2 3 2 3 2 2 2 2 2 2 2 3 3 3 3 2 2 3 3 3 2 2 3 2 3 3 2 3
268,SIPP_2^4,"129,124,0","230,109,0",1,1240.3764969999997,4726,10.43752,81.95764,16.52139,33.04278,3 4 3 3 4 4 4 3 3 4 4 4 3 4 4 3 4 4 4 4 3 3 3 3 4 4 4 4 4 5 4 4 5 4 4 4 4 4 3 3 3 3 -41.959 0 -2.111 2 1 1 2 2 2 2 2 -1.158 1 -11.683 0 -1.137 4 -1.137 4 -1.138 4 -5.999 3 -0.899 5 -0.914 5 5 4 4 4 4 4 5 4 5 6 6 6 5 5 5 5 6
268,SIPP_2^5,"129,124,0","230,109,0",1,1237.715485,4770,26.50344,53.40963,10.44553,20.89106,7 7 7 7 8 7 7 7 7 8 7 7 7 9 8 8 8 8 8 8 8 8 8 8 8 8 8 8 7 6 6 -56.273 0 -2.111 4 3 3 4 -0.464 4 4 -1.589 2 -11.683 0 -1.137 8 -1.137 8 -1.138 8 -5.999 6 -0.899 10 -0.914 10 8 8 8 9 9 9 12 12 12 10 10 10 11
268,SIPP_BigCS,"129,124,8","230,109,5",0,-1,20315,180.05357,0.0,0.0,0.0,
268,SIPP_Standard,"129,124,8","230,109,5",1,1250.9105140000001,21988,60.52392,44.7743,8.4358,1.0431,95 9 49 68 53 105 36 1 13 60 -0.491 84 -2.223 17 -7.196 71 48 95
269,SIPP_2^2,"94,34,0","143,121,0",1,2030.07587,19576,8.79914,296.98485,65.97345,131.94689,1 1 1 1 1 1 1 2 1 2 2 2 1 2 2 2 2 2 2 2 2 1 1 2 -157.076 2 -0.013 2 2 2 3 2 -12.694 2 -0.101 2 3 2 2 2 2 3 2 3 3 -17.492 3 -23.181 2 2 3 3 3 2 2 2 3 3 3 2 -3.501 2 -0.020 2 2 2 2 2 2 2 2 2 2 2 2 2 2 2 2 2 2 -0.964 2 -10.065 2 2 2 2 2 2 2 2 2 2 2 2 2 2 2 2 2 1 1 1 1 1 -7.312 1 1 1 1 1 1 1 1 1 1 1 1 1 1 1 2 1 2 1 1 1 1 1 1 1 1 0 0 0 1 1 1 1 1 1 1 0 0 -12.676 1 1 1 1 2 2 1 2 2 1 1 2 2 2 2 2 2 1 2 2 2 2 2 -28.876 3 -0.106 2 -0.013 2 -9.928 3 -0.014 2 -0.011 2 -0.053 2 -5.726 1 -0.206 1 -0.049 1 1 1 1 1 2 2 1
269,SIPP_2^3,"94,34,0","143,121,0",1,1420.4217029999993,4402,3.94705,78.34579,15.70796,31.41593,3 3 3 3 3 3 3 3 4 3 3 3 4 -221.512 4 -0.013 4 4 5 5 4 -4.409 2 -0.101 4 5 4 4 4 4 4 4 4 4 4 4 4 5 5 5 5 5 4 4 4 5 4 4 4 3 3 3 3 3 3 3 3 3 3 3 2 2 2 2 2 2 2 3 3 3 3 3 3 3 3 3 3 3 3 3 3 3 3 3 3 3 3 3 3 3 3 3 3 3 4 4 4 4 3
269,SIPP_2^4,"94,34,0","143,121,0",1,1397.6751499999993,4260,9.10475,59.8728,11.92287,23.84574,6 6 7 6 6 6 7 6 6 6 6 -225.075 8 -0.013 8 8 9 -20.333 8 9 8 8 9 8 8 9 9 8 8 9 9 9 8 8 8 8 8 6 6 6 6 6 6 6 6 6 6 5 4 4 4 5 4 5 5 6 6 6 6 6 6 6 6 6 6 6 6 6 7 6 6 6 7 6 7 7 7 6 6
269,SIPP_2^5,"94,34,0","143,121,0",1,1390.578964,4175,21.84351,26.1545,5.21818,10.43636,12 12 12 12 12 12 12 13 13 -225.970 16 -0.013 16 17 -21.071 16 17 17 17 17 17 17 17 16 16 16 16 12 12 12 12 12 12 12 12 12 12 12 9 9 8 8 8 10 12 12 12 12 12 12 12 12 12 12 13 12 12 12 13 13 13 13 12
269,SIPP_BigCS,"94,34,2","143,121,3",0,-1,21322,180.00892,0.0,0.0,0.0,
269,SIPP_Standard,"94,34,2","143,121,3",1,1418.072932,8224,18.73446,36.50361,6.6508,0.8643,-217.120 25 -3.953 88 -14.718 0 -0.141 16 62 -4.727 102 64 36 -1.413 21 52 56 72 71 28
270,SIPP_2^2,"106,242,0","75,150,0",1,1332.091497,3925,1.7747,240.41631,53.40708,106.81415,0 0 0 0 0 0 0 0 0 0 0 1 1 0 1 0 0 0 0 0 3 0 3 0 0 3 3 0 0 0 0 0 3 3 3 3 0 0 0 0 0 0 3 3 3 3 0 0 -33.028 3 -7.074 0 -1.126 0 -0.592 0 -0.206 0 -0.049 0 0 0 0 0 0 0 -0.003 0 -0.012 0 0 0 0 0 0 0 0 0 0 0 3 3 3 3 3 0 3 0 0 0 0 0 0 3 0 3 3 0 0 3 3 0 0 0 0 0 0 0 0 0 0 0 0 0 0 0 0 0 0 0 0 3 3 0 3 3 3 3 3 3 0 0 3 0 0 3 0
270,SIPP_2^3,"106,242,0","75,150,0",1,1258.3584559999995,4137,3.32131,93.84645,18.06416,36.12832,0 0 0 0 0 0 0 0 0 0 0 1 1 0 0 0 0 0 0 0 0 0 0 7 0 7 -0.564 0 7 6 6 7 7 7 7 -38.723 6 -0.997 6 -1.200 0 -64.265 6 -7.074 0 -1.126 0 -0.592 0 -0.206 0 -0.049 0 0 0 0 0 0 0 -0.003 0 -0.012 0 0 0 0 0 0 0 0 0 7 -3.770 7 7 7 7 7 7 7 7 7 7 -19.593 0 -20.037 0 -0.012 0 -0.012 0 0 0 0 0 0 0 0 0 0 0 7 0 0 0 0 7 7 7 7 7 7 7 6 7
270,SIPP_2^4,"106,242,0","75,150,0",1,1253.0140879999994,4473,9.20725,63.61275,12.34856,24.69712,0 1 1 0 0 0 0 0 0 0 0 0 0 15 0 0 0 0 0 0 0 0 0 0 15 15 0 15 15 15 15 15 15 15 15 15 -16.089 0 -15.030 0 0 0 15 15 14 14 14 13 13 -20.814 0 -2.143 14 -1.148 12 -126.733 0 -20.037 0 -0.012 0 -0.012 0 15 0 0 0 0 0 0 0 0 0 0 0 15 0 14 14 14 14 14 13 14
270,SIPP_2^5,"106,242,0","75,150,0",1,1251.0787139999998,4472,22.45744,54.31515,11.03772,22.07543,1 1 0 0 0 0 0 0 0 0 0 0 0 0 0 0 0 0 31 0 31 30 30 30 30 30 30 30 30 30 31 -19.779 0 -15.030 0 0 31 28 28 28 29 28 28 -24.294 24 -2.143 28 -127.869 0 -0.012 24 -20.037 0 -0.012 0 31 0 0 0 0 0 0 0 0 0 0 31 0 28 28 28 28 27 28
270,SIPP_BigCS,"106,242,2","75,150,10",0,-1,24250,180.01199,0.0,0.0,0.0,
270,SIPP_Standard,"106,242,2","75,150,10",1,1280.275461,6913,15.91921,37.76949,7.149,0.9971,37 2 2 6 58 -149.378 66 -9.305 46 -4.079 14 77 -41.513 98 100 66 50
271,SIPP_2^2,"166,218,0","125,140,0",0,-1,0,0.0,0.0,0.0,0.0,
271,SIPP_2^3,"166,218,0","125,140,0",0,-1,0,0.0,0.0,0.0,0.0,
271,SIPP_2^4,"166,218,0","125,140,0",0,-1,0,0.0,0.0,0.0,0.0,
271,SIPP_2^5,"166,218,0","125,140,0",0,-1,0,0.0,0.0,0.0,0.0,
271,SIPP_BigCS,"166,218,0","125,140,0",0,-1,0,0.0,0.0,0.0,0.0,
271,SIPP_Standard,"166,218,15","125,140,4",0,-1,0,2e-05,0.0,0.0,0.0,
272,SIPP_2^2,"208,130,0","195,27,0",1,1548.10986,4931,2.13173,84.85281,21.99115,43.9823,0 3 3 3 3 3 3 3 3 0 0 0 0 0 0 0 0 0 3 0 0 0 0 0 0 0 3 0 0 0 0 0 0 0 0 0 3 3 3 3 3 2 -144.146 0 -17.505 0 -156.378 0 0 0 0 0 0 0 0 0 0 0 0 0 0 0 0 0 0 0 0 0 0 0 0 0 0 0 0 0 0 0 0 0 0 0 0 0 0 0 0 0 0 0 0 0 0 0 0 0 -6.082 0 -3.998 0 0 0 0 0 0 0 0 0 0 0 0 0 0 0 0 0 0 0 0 0 0 0 0 1 0 1 0
272,SIPP_2^3,"208,130,0","195,27,0",1,1138.547051,883,0.7033,86.61312,17.27876,34.55752,7 7 7 7 6 7 -5.201 7 0 0 0 7 7 7 7 0 7 0 0 0 0 0 0 0 0 0 0 0 0 0 0 0 0 0 0 0 0 0 0 0 0 1 1 0 0 0 0 0 1 1 -2.155 7 0 6 0 0 0 0 7 0 0 0 0 0 0 0 0 0 0 7 0 0 0 0 0 0 0 0 0 0 0 0 0 0 0 0 0 0 0 0 0 0 0 0 0 0 0 0 0 -2.179 0 -0.310 0 0 0 0 0 0 7
272,SIPP_2^4,"208,130,0","195,27,0",1,1130.0594159999998,956,1.98978,46.03732,9.38682,18.77364,14 14 13 14 13 14 15 15 15 15 -4.310 0 0 0 0 0 0 0 0 0 0 0 0 0 0 0 0 0 0 0 0 0 0 0 0 0 0 0 1 1 1 1 -7.075 12 -4.336 15 0 0 15 15 0 0 0 0 0 0 0 0 0 0 0 0 0 0 0 0 0 0 0 0 0 0 0 0 0 0 0 0 0 0 0 0 0 0 1 0 0 0 0 15 0 0 15
272,SIPP_2^5,"208,130,0","195,27,0",1,1127.917159,995,5.08591,26.84696,5.33835,10.6767,27 28 27 28 30 30 29 31 1 0 0 0 0 0 0 0 0 0 0 0 0 0 0 0 0 0 0 2 1 1 1 -19.453 29 31 31 0 0 0 0 0 0 0 0 0 0 0 0 0 0 0 0 0 0 0 0 0 0 0 0 0 0 0 0 0 0 0 0 0 0 0 1 -2.018 0 -0.053 0 -0.577 31 31
272,SIPP_BigCS,"208,130,5","195,27,7",1,1132.4420099999998,6021,43.06529,33.32883,6.5018,1.3797,102 178 325 202 -3.945 306 6 6 6 6 2 2 62 161 -15.497 34 170 6 2 2 2 2 58 340 306
272,SIPP_Standard,"208,130,5","195,27,7",1,1160.051655,1366,3.00483,36.72285,7.0522,1.0004,-0.052 69 30 46 2 18 68 33 90 10 42 92 2 2 6
273,SIPP_2^2,"101,37,0","117,142,0",1,1796.0226539999999,8460,3.78134,190.91883,42.4115,84.823,2 2 2 2 2 2 2 2 2 1 1 1 2 1 -257.076 2 -0.013 2 2 2 3 2 -12.694 2 -0.101 2 3 2 2 2 2 3 3 3 3 -17.492 2 -23.181 2 3 2 3 2 3 3 3 2 2 3 2 -3.501 2 -0.020 2 2 2 2 2 2 2 2 2 2 2 2 2 2 2 2 2 2 -0.964 2 -10.065 2 2 2 2 2 2 2 2 2 2 2 2 2 2 2 2 2 1 1 1 1 1 -7.312 1 1 1 1 1 1 1 2 1 1 1 1 2 1 1 1 2 1 2 2 2 2 2 2 2 2 2 2 2 2 2 2 2 2 2 2 2 2 2 2 2 2 2 2 2 2 2 2 2 2 2 2 2 2 2 -1.605 1 -12.000 1 1 1
273,SIPP_2^3,"101,37,0","117,142,0",1,1481.7211189999996,4612,3.88653,91.67274,18.06416,36.12832,4 3 3 3 4 4 4 4 3 4 -280.507 4 -0.013 4 4 4 5 -18.552 4 -0.101 4 5 5 5 4 4 4 4 4 4 4 4 4 4 4 5 5 5 4 4 4 4 5 4 4 3 3 3 3 4 4 4 4 3 3 4 4 4 4 4 4 4 4 4 4 4 4 4 3 3 4 4 4 4 4 4 4 4 4 4 4 4 4 4 4 4 4 4 4 4 4 4 4 4 4 3 3 3 3 3 4 3 3 3 3 3 3 4 3
273,SIPP_2^4,"101,37,0","117,142,0",1,1435.302142,3807,8.34906,47.47272,9.45281,18.90561,8 7 7 7 7 8 -287.633 8 -0.013 8 8 9 -20.333 8 9 8 8 9 9 9 8 8 8 8 9 9 9 8 8 8 8 8 6 7 7 7 7 7 8 8 7 7 8 7 7 7 7 7 7 7 7 7 7 8 8 8 8 8 8 8 8 8 8 8 8 8 8 8 8 8 8 8 8 7 8 8 7
273,SIPP_2^5,"101,37,0","117,142,0",1,1419.9551260000007,3395,18.66687,42.8503,8.88809,17.77618,14 15 14 15 -289.109 16 -0.013 16 17 20 -6.929 8 17 17 17 17 17 17 17 16 16 16 15 13 13 14 15 15 16 16 15 15 15 15 15 15 15 15 15 16 16 16 16 16 16 16 16 16 15 15 16 15
273,SIPP_BigCS,"101,37,4","117,142,9",0,-1,21175,180.0126,0.0,0.0,0.0,
273,SIPP_Standard,"101,37,4","117,142,9",1,1462.9044099999999,6198,16.48424,25.30453,4.6922,0.4761,-302.092 88 -10.599 0 -0.214 16 62 94 0 4 64 52 88 0 0 8 48
274,SIPP_2^2,"185,140,0","126,221,0",0,-1,0,0.0,0.0,0.0,0.0,
274,SIPP_2^3,"185,140,0","126,221,0",0,-1,0,0.0,0.0,0.0,0.0,
274,SIPP_2^4,"185,140,0","126,221,0",0,-1,0,0.0,0.0,0.0,0.0,
274,SIPP_2^5,"185,140,0","126,221,0",0,-1,0,0.0,0.0,0.0,0.0,
274,SIPP_BigCS,"185,140,0","126,221,0",0,-1,0,0.0,0.0,0.0,0.0,
274,SIPP_Standard,"185,140,6","126,221,6",0,-1,7,0.03717,0.0,0.0,0.0,
275,SIPP_2^2,"93,102,0","14,157,0",0,-1,0,0.0,0.0,0.0,0.0,
275,SIPP_2^3,"93,102,0","14,157,0",0,-1,0,0.0,0.0,0.0,0.0,
275,SIPP_2^4,"93,102,0","14,157,0",0,-1,0,0.0,0.0,0.0,0.0,
275,SIPP_2^5,"93,102,0","14,157,0",0,-1,0,0.0,0.0,0.0,0.0,
275,SIPP_BigCS,"93,102,0","14,157,0",0,-1,0,0.0,0.0,0.0,0.0,
275,SIPP_Standard,"93,102,5","14,157,8",0,-1,0,3e-05,0.0,0.0,0.0,
276,SIPP_2^2,"15,179,0","122,188,0",1,2180.382126,13427,5.64496,212.13203,47.12389,94.24778,1 1 0 0 1 0 1 1 1 1 1 1 1 1 1 1 0 1 0 -7.166 0 -1.248 0 0 0 3 3 3 3 3 -0.578 3 -2.352 3 3 3 2 3 2 2 2 2 2 3 3 2 2 2 -12.555 2 -11.125 1 -44.463 1 -73.175 0 -32.922 1 -20.745 1 -3.177 1 -3.293 1 1 1 1 2 2 2 2 2 -94.583 1 -1.059 0 -1.139 1 -1.142 1 -1.255 1 -0.663 2 -4.183 2 1 1 -7.945 1 1 1 1 -0.829 1 -0.370 1 -0.093 1 -0.020 1 1 1 -1.914 1 -15.389 1 -3.649 1 -0.387 1 1 -1.421 1 -8.966 1 -0.909 1 -1.113 1 -0.006 1 -10.710 1 -1.073 1 -1.369 1 1 1 1 1 0 1 1 1 1 0 1 1 1 1 1 1 1 1 1 1 1 1 1 1 1 1 1 1 1 1 1 1 1 1 1 1 1 1 1 1 1 1 1 2 2 2 2 1 1 1 2 -39.631 1 1 -2.954 1 1 1 1 1 1 1 1 1 1 1 1 1 1 1 1 -86.700 1 -18.115 1 1 1 1
276,SIPP_2^3,"15,179,0","122,188,0",1,1668.1650789999999,5953,4.79014,159.28932,31.41593,62.83185,4 4 4 4 4 4 4 4 4 4 4 4 4 4 4 4 4 4 4 4 4 4 4 3 3 3 3 3 2 3 3 3 2 2 2 2 2 3 2 2 3 2 3 2 2 2 2 2 2 2 2 2 2 2 2 3 3 2 3 3 3 2 2 1 1 2 2 2 1 2 2 3 3 3 3 3 3 3 2 2 3 2 2 2 1 2 1 1 2 2 2 1 2 1 1 2 2 2 2 2 2 1 2 2 1 1 1 1 1 1 1 1 1 1 1 1 1 0 0 0 0 0 0 0 1 1 0 1 1 0 -58.236 1 -0.396 1 2 2 2 2 2 2 2
276,SIPP_2^4,"15,179,0","122,188,0",1,1668.1650789999999,6907,14.26473,70.71195,14.06125,28.12251,8 8 8 8 8 7 8 7 8 8 7 7 8 8 8 8 8 8 8 8 8 8 -0.748 6 6 5 5 5 5 4 5 5 5 5 5 5 5 5 4 5 4 5 4 5 6 6 6 6 6 5 5 4 4 4 2 3 3 2 2 3 3 3 4 4 4 3 3 3 3 4 3 3 3 2 2 2 2 1 1 1 1 1 1 1 1 1 2 2 -113.314 2 -0.396 2 4 4 4 4 4 4 4
276,SIPP_2^5,"15,179,0","122,188,0",1,1619.8889900000001,6002,30.24381,39.2764,7.77389,15.54777,16 16 16 16 16 16 16 16 16 15 15 16 16 15 16 16 16 15 14 10 10 10 9 9 10 10 10 10 9 9 9 10 10 10 10 11 11 11 6 6 6 6 6 5 6 -4.237 8 7 7 7 7 7 7 6 6 7 6 6 6 6 6 7 6 6 4 4 0 0 0 0 0 0 0 31 29 28
276,SIPP_BigCS,"15,179,3","122,188,6",0,-1,27803,180.04526,0.0,0.0,0.0,
276,SIPP_Standard,"15,179,3","122,188,6",1,1949.114445,22417,51.05097,59.26439,10.9008,1.5242,83 0 8 48 63 63 71 32 89 -38.566 25 64 36 1 13 60 60 92 -1.548 2 -5.732 26 -95.614 89 -27.655 21
277,SIPP_2^2,"83,146,0","67,41,0",0,-1,0,0.0,0.0,0.0,0.0,
277,SIPP_2^3,"83,146,0","67,41,0",0,-1,0,0.0,0.0,0.0,0.0,
277,SIPP_2^4,"83,146,0","67,41,0",0,-1,0,0.0,0.0,0.0,0.0,
277,SIPP_2^5,"83,146,0","67,41,0",0,-1,0,0.0,0.0,0.0,0.0,
277,SIPP_BigCS,"83,146,0","67,41,0",0,-1,0,0.0,0.0,0.0,0.0,
277,SIPP_Standard,"83,146,10","67,41,8",0,-1,0,5e-05,0.0,0.0,0.0,
278,SIPP_2^2,"112,109,0","207,143,0",1,1290.0,4012,1.98945,254.55844,56.54867,113.09734,2 2 2 2 1 2 2 1 1 1 1 1 1 1 1 1 1 1 1 1 2 2 2 1 2 1 1 1 2 1 1 1 1 2 1 2 1 1 1 1 2 1 1 1 2 1 1 1 1 2 1 1 1 1 1 1 1 1 1 1 1 2 1 1 1 1 2 1 1 1 1 1 1 1 1 2 1 1 1 1 1 1 1 1 1 1 2 1 2 1 1 1 1 1 1 1 1 1 1 1 1 1 1 1 1 1 1 2 2 1 1 2 2 2 1 1 1 1 1 2 2 2 2 2 1 1 2 2 2
278,SIPP_2^3,"112,109,0","207,143,0",1,1144.2623069999997,2955,2.52689,55.58635,10.99558,21.99115,3 3 3 3 3 3 3 3 3 3 3 3 3 3 3 3 4 3 4 3 3 3 3 3 3 3 3 3 3 3 3 3 3 2 2 1 1 -0.293 2 2 2 2 2 2 2 2 2 2 2 2 2 2 2 2 2 2 2 2 2 2 2 2 2 2 2 2 2 2 2 2 1 1 1 2 2 2 2 2 2 2 2 2 2 2 2 2 2 2 3 3 3 3 2 2 2 3 2 3
278,SIPP_2^4,"112,109,0","207,143,0",1,1124.788443,2758,6.1998,36.15546,7.17252,14.34505,6 6 6 6 6 6 6 6 6 6 6 6 6 6 6 6 6 6 6 6 6 6 6 6 6 7 6 6 7 6 6 4 4 -3.978 4 4 4 4 4 4 4 4 4 4 4 4 4 4 4 4 4 4 4 4 4 4 4 4 4 4 4 3 3 4 4 3 3 4 3 4 4 4 4 4 4 4 5 4 5 5 5 5 4 4 5
278,SIPP_2^5,"112,109,0","207,143,0",1,1115.7827020000004,2661,15.07451,25.34924,5.07628,10.15256,12 12 12 12 12 12 12 12 12 12 12 12 12 12 12 12 12 12 12 12 13 12 12 12 12 12 12 13 12 9 8 8 8 8 8 8 7 7 8 8 8 8 8 8 8 8 8 8 8 8 8 7 8 8 8 8 7 6 7 9 9 9 9 9 8 8 9 8
278,SIPP_BigCS,"112,109,1","207,143,15",0,-1,17121,180.04132,0.0,0.0,0.0,
278,SIPP_Standard,"112,109,1","207,143,15",1,1135.585832,8446,30.747,30.39258,5.8227,0.616,52 64 52 64 48 95 1 1 1 9 -0.577 45 17 95 -0.009 21
279,SIPP_2^2,"224,158,0","121,171,0",0,-1,0,0.0,0.0,0.0,0.0,
279,SIPP_2^3,"224,158,0","121,171,0",0,-1,0,0.0,0.0,0.0,0.0,
279,SIPP_2^4,"224,158,0","121,171,0",0,-1,0,0.0,0.0,0.0,0.0,
279,SIPP_2^5,"224,158,0","121,171,0",0,-1,0,0.0,0.0,0.0,0.0,
279,SIPP_BigCS,"224,158,0","121,171,0",0,-1,0,0.0,0.0,0.0,0.0,
279,SIPP_Standard,"224,158,8","121,171,7",0,-1,0,4e-05,0.0,0.0,0.0,
280,SIPP_2^2,"148,250,0","170,175,0",1,1275.017907,4236,1.87168,205.06097,45.55309,91.10619,0 0 0 0 0 0 0 0 0 0 0 0 3 0 0 0 3 0 3 0 0 3 0 0 0 3 0 0 3 3 3 3 3 3 3 0 0 0 0 0 0 3 0 0 0 0 0 3 0 0 -5.006 0 -0.012 0 0 0 0 0 0 0 0 0 0 0 0 0 0 0 0 0 0 0 0 1 0 0 0 0 0 0 0 0 0 0 0 1 0 1 0 1 1 1 1 1 1 1 1 1 1 1 1 1 1 1 1 1 1 1 1 1 1 1 1 1 0 0 1 0 0 0 0 1 1 1 1 1 1 2 1
280,SIPP_2^3,"148,250,0","170,175,0",1,1183.8269500000001,3639,2.79537,122.05705,24.34734,48.69469,0 0 0 0 0 0 0 0 0 0 0 0 7 0 0 7 7 7 7 7 7 7 7 -4.751 0 -0.011 0 7 7 6 7 7 7 7 6 -0.051 6 -0.620 0 -4.129 7 0 0 0 0 0 1 0 0 0 0 0 0 0 0 0 0 0 1 0 1 1 1 0 0 0 1 0 0 0 0 0 1 0 0 0 1 1 2 2 2 2 2 2 2 2 2 2 2 2 2 2 2 2 2 2 2 1 1 2 2 2 2 2 1 2 1 2 2 1
280,SIPP_2^4,"148,250,0","170,175,0",1,1161.407349,3579,7.29243,81.81808,16.30358,32.60716,0 0 0 15 0 0 0 15 0 15 0 0 0 0 14 14 14 14 14 -2.453 13 12 12 12 13 14 14 -0.891 15 -0.279 0 -0.101 0 -0.062 0 -5.489 15 0 0 0 0 0 0 0 0 0 0 0 0 1 0 1 0 1 1 1 1 0 0 0 0 0 1 0 0 2 2 4 4 4 4 4 4 4 4 4 4 4 4 3 4 4 3 4 4 4 4 4 3 4 3 4 4 3
280,SIPP_2^5,"148,250,0","170,175,0",1,1150.7120710000004,3479,17.02103,44.98665,8.89515,17.79029,0 0 0 31 31 0 0 0 0 0 31 28 28 26 26 25 24 24 -2.576 30 28 28 -0.168 29 -0.768 31 0 0 0 0 1 1 1 1 1 1 1 0 0 0 0 0 0 0 1 0 4 4 8 8 8 8 8 8 8 8 8 8 8 8 7 7 8 7 7 8 8 8 8 7
280,SIPP_BigCS,"148,250,15","170,175,14",0,-1,22769,180.03292,0.0,0.0,0.0,
280,SIPP_Standard,"148,250,15","170,175,14",1,1190.990083,13301,32.83144,51.15685,9.696,1.5324,42 100 74 61 85 -10.990 2 18 92 2 26 89 9 41 95
281,SIPP_2^2,"44,47,0","80,148,0",0,-1,0,0.0,0.0,0.0,0.0,
281,SIPP_2^3,"44,47,0","80,148,0",0,-1,0,0.0,0.0,0.0,0.0,
281,SIPP_2^4,"44,47,0","80,148,0",0,-1,0,0.0,0.0,0.0,0.0,
281,SIPP_2^5,"44,47,0","80,148,0",0,-1,0,0.0,0.0,0.0,0.0,
281,SIPP_BigCS,"44,47,0","80,148,0",0,-1,0,0.0,0.0,0.0,0.0,
281,SIPP_Standard,"44,47,8","80,148,6",0,-1,0,5e-05,0.0,0.0,0.0,
282,SIPP_2^2,"78,33,0","78,146,0",1,1546.660396,5307,2.5044,205.06097,45.55309,91.10619,3 3 3 3 3 3 2 3 3 2 2 2 3 2 2 2 2 2 3 2 2 2 2 2 2 3 2 2 3 -6.595 2 -10.926 3 -13.617 2 -3.905 2 -0.012 2 -0.012 2 2 2 2 1 1 1 1 1 1 1 1 2 -3.496 2 -5.553 2 -0.151 2 -0.060 2 -0.420 3 2 2 2 2 2 2 2 2 2 2 2 2 2 2 2 2 2 2 2 2 2 2 2 2 2 2 2 2 2 2 1 1 2 1 2 2 2 1 1 1 1 2 2 2 2 2 2 2 2 2 2 2 2 2 2 2 2 2 2 2 2 2 2 2 1 1 1 2 2 2 2 2 2 2 2 2 2 2 2 2 2 2 2 2 2 2 2 2 2 2 2 3 3 2 3 3 -11.912 2
282,SIPP_2^3,"78,33,0","78,146,0",1,1427.8275760000001,4064,3.51094,128.57236,25.13274,50.26548,5 5 5 5 6 5 5 4 5 4 4 4 4 5 4 4 4 4 5 -58.206 6 -1.109 6 -10.926 6 -13.617 4 5 4 4 4 4 4 4 4 4 4 4 4 4 4 4 4 5 4 4 3 3 3 3 4 4 4 4 4 4 3 3 3 4 4 4 4 4 3 3 3 3 3 3 3 3 4 4 4 4 4 4 4 4 3 3 3 4 3 3 3 3 4 4 4 4 4 3 4 4 4 4 4 4 4 4 4 4 4 4 4 4 4 5 4 4 4 5 5 5 5 5 5 4 5
282,SIPP_2^4,"78,33,0","78,146,0",1,1419.2205089999995,4102,9.20605,41.45239,8.21369,16.42738,10 10 10 10 11 10 10 10 9 10 9 9 -53.186 8 -19.720 8 -22.035 8 -13.027 9 8 8 8 -0.062 8 8 8 8 8 8 8 8 8 8 8 8 8 8 8 7 6 6 6 6 6 6 7 7 7 6 7 7 7 6 -0.910 8 -12.442 8 -1.584 8 -1.535 8 -1.126 8 -0.592 8 -0.206 8 -0.049 8 8 8 8 8 -4.406 7 7 7 7 7 7 7 8 8 8 8 8 8 8 8 8 8 8 8 8 8 8 8 8 8 8 8 10 10 10 10 10 11 10
282,SIPP_2^5,"78,33,0","78,146,0",1,1415.8215939999998,4134,23.18932,45.15917,8.92736,17.85472,20 20 20 21 20 -0.998 18 18 18 18 18 -67.218 16 -2.841 24 -22.035 16 -13.346 17 16 16 -0.480 16 16 16 16 16 16 16 16 16 16 16 16 16 16 15 13 13 13 13 13 13 12 12 -4.332 16 -12.442 16 -1.584 16 -1.535 16 -1.126 16 -0.592 16 -0.206 16 -0.049 16 16 16 16 16 -4.406 14 15 15 15 15 14 14 16 16 16 16 16 16 16 16 16 16 16 16 16 16 16 16 20 20 20 20 21 20
282,SIPP_BigCS,"78,33,3","78,146,5",0,-1,20064,180.0156,0.0,0.0,0.0,
282,SIPP_Standard,"78,33,3","78,146,5",1,1423.336184,6936,19.17727,50.53902,9.5945,1.3955,34 67 35 88 -12.025 0 16 -3.155 110 52 72 87 -2.592 4 -6.565 56 88 0 0 20 55
283,SIPP_2^2,"47,121,0","152,103,0",0,-1,0,0.0,0.0,0.0,0.0,
283,SIPP_2^3,"47,121,0","152,103,0",0,-1,0,0.0,0.0,0.0,0.0,
283,SIPP_2^4,"47,121,0","152,103,0",0,-1,0,0.0,0.0,0.0,0.0,
283,SIPP_2^5,"47,121,0","152,103,0",0,-1,0,0.0,0.0,0.0,0.0,
283,SIPP_BigCS,"47,121,0","152,103,0",0,-1,0,0.0,0.0,0.0,0.0,
283,SIPP_Standard,"47,121,10","152,103,5",0,-1,40,0.0529,0.0,0.0,0.0,
284,SIPP_2^2,"97,145,0","36,56,0",0,-1,0,0.0,0.0,0.0,0.0,
284,SIPP_2^3,"97,145,0","36,56,0",0,-1,0,0.0,0.0,0.0,0.0,
284,SIPP_2^4,"97,145,0","36,56,0",0,-1,0,0.0,0.0,0.0,0.0,
284,SIPP_2^5,"97,145,0","36,56,0",0,-1,0,0.0,0.0,0.0,0.0,
284,SIPP_BigCS,"97,145,0","36,56,0",0,-1,0,0.0,0.0,0.0,0.0,
284,SIPP_Standard,"97,145,15","36,56,12",0,-1,0,3e-05,0.0,0.0,0.0,
285,SIPP_2^2,"174,128,0","128,224,0",0,-1,0,0.0,0.0,0.0,0.0,
285,SIPP_2^3,"174,128,0","128,224,0",0,-1,0,0.0,0.0,0.0,0.0,
285,SIPP_2^4,"174,128,0","128,224,0",0,-1,0,0.0,0.0,0.0,0.0,
285,SIPP_2^5,"174,128,0","128,224,0",0,-1,0,0.0,0.0,0.0,0.0,
285,SIPP_BigCS,"174,128,0","128,224,0",0,-1,0,0.0,0.0,0.0,0.0,
285,SIPP_Standard,"174,128,13","128,224,15",0,-1,1,0.03237,0.0,0.0,0.0,
286,SIPP_2^2,"3,186,0","114,180,0",1,1932.983556,5519,2.33426,155.56349,37.69911,75.39822,1 1 1 0 0 -230.375 0 0 1 -3.181 0 1 -46.048 0 1 0 1 1 1 1 1 1 1 1 1 1 -40.991 1 -1.236 2 -93.752 0 -20.745 1 -3.177 1 -3.293 1 1 1 2 2 2 1 2 2 -94.583 1 -3.714 2 -3.938 1 -3.424 1 -18.365 1 1 1 -7.945 1 1 1 1 -0.829 1 -0.370 1 -0.093 1 -0.020 1 1 1 -1.914 1 -15.389 1 -3.649 1 -0.387 1 1 -1.421 1 -8.966 1 -0.909 1 -1.113 1 -0.006 1 -10.710 1 -1.073 1 -1.369 1 1 1 0 1 1 1 1 1 0 1 1 1 1 1 1 1 1 1 1 1 1 1 1 1 1 1 1 1 1 1 1 1 1 1 1 1 1 1 1 1 1 1 1 1 1 0 0 0 1 1 1 1 1 1 1 1 1 1 1 1 1 1 1 1
286,SIPP_2^3,"3,186,0","114,180,0",1,1687.088577,6633,5.50949,130.98712,25.91814,51.83628,3 3 3 3 3 3 4 4 3 4 3 3 3 3 3 3 3 4 3 3 3 2 2 3 2 2 2 2 2 2 2 2 3 3 3 3 3 2 2 2 2 2 2 2 3 3 3 2 2 2 2 3 3 2 2 2 2 1 1 1 1 2 2 3 -4.727 3 3 3 3 3 3 3 3 2 2 2 2 2 1 2 1 2 2 2 2 2 2 2 2 2 2 2 2 1 1 1 1 1 1 1 1 1 1 1 1 1 1 1 1 1 0 0 1 1 0 0 0 0 0 0 1 1 0 1 -67.590 0 -4.473 0 -2.009 1 -1.237 0 -2.094 0 -1.047 0 -0.410 0 -0.106 0 -0.013 0 0
286,SIPP_2^4,"3,186,0","114,180,0",1,1687.088577,7562,15.45227,59.23088,11.78097,23.56195,6 6 6 6 6 6 6 6 6 6 6 6 6 6 7 7 7 6 5 -0.328 5 5 5 4 4 5 5 5 5 5 5 5 5 5 4 4 5 4 6 5 5 6 6 5 5 -2.641 4 -1.126 4 3 3 3 3 3 -5.961 3 -1.950 2 -4.926 5 3 3 3 3 3 3 3 3 2 2 1 1 2 2 2 2 1 1 1 1 1 1 1 -124.838 0 -4.473 0 -2.009 2 -1.237 0 -2.094 0 -1.047 0 -0.410 0 -0.106 0 -0.013 0 0
286,SIPP_2^5,"3,186,0","114,180,0",1,1687.088577,7909,38.90845,59.29289,11.81606,23.63211,12 12 12 12 12 12 12 12 12 12 12 13 13 13 12 11 9 9 9 9 9 10 10 10 10 10 10 9 10 11 11 11 -8.747 8 -0.907 7 6 6 6 6 -6.918 6 -0.834 0 9 6 6 6 6 6 6 6 6 4 4 3 3 4 3 1 1 1 2 2 -121.678 8 -4.473 0 -2.009 4 -1.237 0 -2.094 0 -1.047 0 -0.410 0 -0.106 0 -0.013 0 0
286,SIPP_BigCS,"3,186,13","114,180,13",0,-1,27692,180.02197,0.0,0.0,0.0,
286,SIPP_Standard,"3,186,13","114,180,13",1,1695.405622,17315,38.64965,49.41589,9.23,1.1483,52 64 28 -0.418 36 21 48 63 -10.275 63 71 32 65 53 89 5 81 22 29 -97.248 37 -17.465 18
287,SIPP_2^2,"179,109,0","229,24,0",0,-1,0,0.0,0.0,0.0,0.0,
287,SIPP_2^3,"179,109,0","229,24,0",0,-1,0,0.0,0.0,0.0,0.0,
287,SIPP_2^4,"179,109,0","229,24,0",0,-1,0,0.0,0.0,0.0,0.0,
287,SIPP_2^5,"179,109,0","229,24,0",0,-1,0,0.0,0.0,0.0,0.0,
287,SIPP_BigCS,"179,109,0","229,24,0",0,-1,0,0.0,0.0,0.0,0.0,
287,SIPP_Standard,"179,109,2","229,24,7",0,-1,0,4e-05,0.0,0.0,0.0,
288,SIPP_2^2,"205,79,0","227,179,0",1,1783.006819,4681,2.15078,268.70058,59.69026,119.38052,1 1 1 1 1 1 1 1 1 1 1 1 1 1 1 1 1 1 1 2 1 1 1 1 1 1 1 1 1 1 1 1 1 1 1 1 2 1 1 1 2 1 1 1 1 1 1 2 2 2 2 2 2 2 2 2 2 2 2 2 1 2 2 1 1 2 1 2 2 2 1 2 2 2 2 2 2 2 2 2 2 2 2 2 2 2 2 2 2 2 2 2 2 2 2 2 2 2 2 2 3 3 3 3 -12.970 3 -0.106 2 -9.931 3 3 3 3 3 3 3 3 3 2 3 2 3 2 2 3 2 2 2 2 3 3 2 2 2 2 2 2 2 2 3 3 2 2 2 2 2 2 2 2 2 2 2 2 2 3 2 3 2 3 3 2 2 2 2 2 2 2 2 2 2 2 2 2 3 2 2 2 2 3
288,SIPP_2^3,"205,79,0","227,179,0",1,1681.184573,6059,5.30026,173.79496,33.77212,67.54424,6 6 7 7 7 7 6 7 7 0 0 0 0 0 7 -159.444 4 4 4 3 4 4 4 4 4 4 3 4 4 4 4 4 3 4 3 4 3 4 3 4 4 4 4 4 4 4 3 4 4 4 4 4 4 4 4 4 4 4 5 5 5 5 4 3 4 3 3 3 3 4 4 4 3 4 4 4 3 3 3 3 3 4 4 3 4 4 4 4 4 4 4 4 4 4 3 4 4 4 4 4 4 4 4 4 4 4 4 4 4 3 3 3 3 3 4 -5.725 3 3 3 3 3 3 3 2 2 2 2 2 -3.776 4 -9.949 4 -0.012 4 -0.012 4 -0.012 4 5
288,SIPP_2^4,"205,79,0","227,179,0",1,1678.36515,6992,15.07769,72.54337,17.3827,34.7654,13 12 14 14 14 13 14 15 0 0 0 0 -164.789 8 8 7 8 8 8 8 8 8 7 8 8 8 8 8 8 8 7 7 8 7 8 7 7 8 9 9 8 8 8 8 8 8 9 9 7 7 7 7 7 7 7 7 7 6 6 6 6 7 7 7 7 7 7 7 7 7 7 7 7 6 7 7 7 7 6 6 7 6 6 6 6 7 -2.296 11 12 12 12 12 12 12 12
288,SIPP_2^5,"205,79,0","227,179,0",1,1677.077437,7853,42.16533,62.09304,12.35849,24.71698,8 8 8 8 8 8 8 8 8 8 8 8 8 8 8 8 8 8 8 8 8 8 8 8 8 9 8 8 8 9 8 8 8 9 8 12 12 15 16 15 -2.263 14 16 16 16 16 16 16 16 16 16 16 17 16 17 17 17 16 16 16 16 16 16 16 16 16 16 16 16 17 -3.043 20 24 24 24 24 24 20 20 16 17 16 16 16 16 16 16 16 16 16 16 16 16 16 16 16 16 16 16 16 16 16 16 16 16 16 16 16 16 16 16 15 16 16 16 16 17 16 -96.012 24 -1.109 24 -0.370 24 -0.093 24 -0.020 24 24 24 24 24 24
288,SIPP_BigCS,"205,79,6","227,179,15",0,-1,26689,180.01211,0.0,0.0,0.0,
288,SIPP_Standard,"205,79,6","227,179,15",1,1726.659731,10763,21.58723,45.02164,8.6675,1.1379,1 1 9 53 105 28 44 0 -1.419 0 -63.592 0 -1.958 4 -18.691 104 47 15 -5.999 70 51 94 0 0 4
289,SIPP_2^2,"20,48,0","121,13,0",0,-1,0,0.0,0.0,0.0,0.0,
289,SIPP_2^3,"20,48,0","121,13,0",0,-1,0,0.0,0.0,0.0,0.0,
289,SIPP_2^4,"20,48,0","121,13,0",0,-1,0,0.0,0.0,0.0,0.0,
289,SIPP_2^5,"20,48,0","121,13,0",0,-1,0,0.0,0.0,0.0,0.0,
289,SIPP_BigCS,"20,48,0","121,13,0",0,-1,0,0.0,0.0,0.0,0.0,
289,SIPP_Standard,"20,48,2","121,13,11",0,-1,64613,180.00069,0.0,0.0,0.0,
290,SIPP_2^2,"198,254,0","106,215,0",1,1434.137088,2597,1.01605,226.27417,50.26548,100.53096,3 0 0 3 3 0 3 3 0 0 0 0 0 0 0 -2.958 0 0 -1.808 0 0 0 0 0 -31.257 0 -10.352 3 0 3 0 3 3 3 3 3 3 3 3 2 3 3 3 3 3 0 0 0 0 0 0 0 3 3 3 3 0 3 3 0 0 3 3 3 3 0 0 0 3 3 3 3 3 3 0 -18.892 3 -31.383 3 3 -7.487 3 3 3 3 3 3 3 3 3 3 3 0 0 3 3 3 0 3 3 3 3 3 0 3 3 0 3 3 3 3 3 3 3 3 3 3 3 3 3 3 3 3 3 3 3 3 3 3 3 3 3 3 3 3 3 3 3 0 3
290,SIPP_2^3,"198,254,0","106,215,0",1,1355.9973979999993,2383,1.7836,147.97852,29.05973,58.11946,0 0 0 0 0 0 0 0 -9.634 1 -2.563 7 -4.634 0 7 0 7 7 7 7 -40.197 0 -10.352 6 7 7 6 6 6 6 6 6 6 5 5 7 7 7 6 7 7 6 6 6 6 6 7 6 6 6 6 6 6 6 6 6 6 5 5 6 6 5 6 6 6 6 6 6 6 6 6 7 7 6 6 6 6 6 6 7 6 -73.363 6 7 6 7 7 -1.995 7 7 0 7 7 7 7 6 6 6 6 6 6 6 6 6 6 7 7 7 7 6 6 6 7
290,SIPP_2^4,"198,254,0","106,215,0",1,1239.806727,1197,2.28123,71.78093,14.78067,29.56134,0 0 0 0 0 0 0 0 -6.137 4 -0.525 15 -5.503 15 15 -0.233 13 -0.875 13 -17.129 0 -34.170 0 14 14 12 12 12 12 12 12 10 11 14 13 13 14 -1.188 13 13 12 12 11 11 12 12 12 12 12 12 12 12 12 12 12 13 12 12 12 12 12 12 12 -0.625 13 14 14 14 14 14 13 13 13 13 13 13 14 14 14 13 12 12 12 12 12 12 12 12 12 12 12 12 12 12 12
290,SIPP_2^5,"198,254,0","106,215,0",1,1235.6445990000002,1197,5.34858,46.8835,9.502,19.00401,2 1 2 30 -3.547 30 30 28 28 28 -0.174 28 -59.632 27 28 24 24 24 24 24 23 20 28 28 27 25 24 24 25 24 24 24 24 24 24 24 24 24 24 24 24 23 24 24 24 24 24 24 24 24 -4.806 25 28 28 28 27 27 28 27 27 28 28 25 24 24 24 24 24 24 24 24 24 24 24 24 24 24 24
290,SIPP_BigCS,"198,254,12","106,215,9",1,1238.499763,7060,39.70844,65.50257,12.7028,3.6862,204 204 204 340 338 340 -21.908 234 -0.300 75 102 162 67 -8.292 171 75 102 130 7 7 7 7 7 7 7 7 31 347 162 7 7 7 75 102 102 102 126 205 205 205 205 205 309 3 7 7 7 7 7
290,SIPP_Standard,"198,254,12","106,215,9",1,1822.915332,26311,63.67557,49.28451,9.4379,1.1955,-6.423 22 37 6 -104.322 66 30 34 75 -3.209 70 47 3 3 -4.437 19 93 -16.616 7 -10.852 91 19 -138.588 85 -48.469 2
291,SIPP_2^2,"137,214,0","49,158,0",0,-1,0,0.0,0.0,0.0,0.0,
291,SIPP_2^3,"137,214,0","49,158,0",0,-1,0,0.0,0.0,0.0,0.0,
291,SIPP_2^4,"137,214,0","49,158,0",0,-1,0,0.0,0.0,0.0,0.0,
291,SIPP_2^5,"137,214,0","49,158,0",0,-1,0,0.0,0.0,0.0,0.0,
291,SIPP_BigCS,"137,214,0","49,158,0",0,-1,0,0.0,0.0,0.0,0.0,
291,SIPP_Standard,"137,214,8","49,158,5",0,-1,68347,180.00195,0.0,0.0,0.0,
292,SIPP_2^2,"33,174,0","67,77,0",1,2055.568317,7349,3.13575,332.34019,76.96902,153.93804,3 3 3 3 -16.832 1 -0.084 1 0 -1.662 0 -86.990 0 0 0 0 0 3 0 3 0 0 0 3 3 3 3 3 0 0 3 0 0 0 0 0 0 0 0 0 0 0 0 0 0 0 0 0 0 0 3 0 0 0 3 3 0 3 3 0 0 0 0 0 3 3 3 3 3 3 3 3 3 3 3 0 0 0 0 0 0 0 0 3 0 0 0 0 0 0 3 0 3 0 0 3 0 0 0 0 0 0 0 0 0 0 0 0 0 0 0 0 1 0 0 0 0 0 0 0 1 0 1 0 0 0 0 1 0 0 0 1 0 1 1 1 1 1 1 1 1 0 0 1 1 1 0 1 1 1 1 0 1 1 1 1 1 1 0 1 1 1 1 1 1 1 1 1 1 1 1 1 1 1 1 1 1 1 1 1 1 1 1 1 1 1 1 1 1 1 1 1 1 0 1 1 1 1 0
292,SIPP_2^3,"33,174,0","67,77,0",1,1916.8519179999998,13439,10.97617,258.20007,51.05088,102.10176,6 6 5 -22.690 0 -1.302 1 -6.302 0 1 -70.777 7 0 7 7 7 7 7 7 7 7 7 7 7 7 7 0 0 0 0 7 7 0 0 7 0 7 0 7 0 0 0 7 7 0 0 7 0 0 0 0 0 -19.206 6 -9.566 7 -2.603 1 -4.692 0 1 1 -1.161 1 -53.058 2 -2.873 2 1 1 0 1 1 1 1 1 1 -15.643 6 -4.183 6 -2.111 7 0 7 0 0 0 0 0 0 0 0 0 7 0 0 0 0 0 0 0 0 1 0 0 1 0 1 1 0 7 0 7 1 2 1 2 2 2 1 2 2 2 1 2 2 2 2 2 2 -1.153 2 2 2 2 2 2 2 2 2 2 2 2 2 2 2 2 2 2 2 2 2 2 2 2 2 1 2 2 2 2 1
292,SIPP_2^4,"33,174,0","67,77,0",1,1904.065596,13999,28.97994,138.99634,30.95228,61.90456,12 12 12 12 -16.832 4 -1.302 2 -5.756 1 -73.104 14 0 14 14 14 14 14 14 14 14 14 14 15 14 15 14 14 15 14 15 14 15 15 15 15 14 -1.340 12 -0.117 0 -11.263 0 -1.059 0 -6.217 15 1 -0.904 2 -3.470 1 -0.562 3 -0.444 2 -2.519 2 -53.058 4 -2.873 4 -0.307 0 0 -2.232 15 15 15 15 15 0 0 2 3 3 3 2 0 14 -0.107 15 0 0 0 1 1 1 1 1 1 0 15 14 2 2 4 4 4 4 4 4 4 3 4 4 4 4 5 -8.499 4 4 4 4 4 4 4 4 4 4 4 4 4 4 4 4 4 4 4 4 4 4 4 3 4 3 4 3
292,SIPP_2^5,"33,174,0","67,77,0",1,1901.851887,14265,70.00724,108.05231,21.20575,42.4115,22 22 -0.437 3 -6.818 2 -73.104 28 31 28 28 28 28 28 28 28 28 28 28 28 28 28 28 28 28 28 28 28 29 29 -2.197 26 31 -2.104 31 2 -0.137 1 -0.210 2 -1.943 5 -1.821 5 -53.074 8 -2.873 8 -0.307 0 0 -2.232 30 30 30 30 31 0 4 6 6 6 4 0 28 -1.165 31 0 1 2 2 2 2 1 30 28 4 4 8 8 8 8 8 8 8 7 8 8 9 -11.869 8 8 8 8 8 8 8 8 8 8 8 8 8 8 8 8 8 8 8 7 7 8 8 8 7
292,SIPP_BigCS,"33,174,8","67,77,13",0,-1,30123,180.04678,0.0,0.0,0.0,
292,SIPP_Standard,"33,174,8","67,77,13",1,2009.5323290000001,33614,80.0473,33.93781,6.3828,0.7318,-162.267 54 66 30 54 66 -9.848 54 -5.461 90 2 -149.561 2 -11.129 22 37 2 -37.267 26 57 89 1 1 1 1 21
293,SIPP_2^2,"46,129,0","46,232,0",0,-1,0,0.0,0.0,0.0,0.0,
293,SIPP_2^3,"46,129,0","46,232,0",0,-1,0,0.0,0.0,0.0,0.0,
293,SIPP_2^4,"46,129,0","46,232,0",0,-1,0,0.0,0.0,0.0,0.0,
293,SIPP_2^5,"46,129,0","46,232,0",0,-1,0,0.0,0.0,0.0,0.0,
293,SIPP_BigCS,"46,129,0","46,232,0",0,-1,0,0.0,0.0,0.0,0.0,
293,SIPP_Standard,"46,129,9","46,232,12",0,-1,70,0.09089,0.0,0.0,0.0,
294,SIPP_2^2,"247,154,0","213,67,0",0,-1,0,0.0,0.0,0.0,0.0,
294,SIPP_2^3,"247,154,0","213,67,0",0,-1,0,0.0,0.0,0.0,0.0,
294,SIPP_2^4,"247,154,0","213,67,0",0,-1,0,0.0,0.0,0.0,0.0,
294,SIPP_2^5,"247,154,0","213,67,0",0,-1,0,0.0,0.0,0.0,0.0,
294,SIPP_BigCS,"247,154,0","213,67,0",0,-1,0,0.0,0.0,0.0,0.0,
294,SIPP_Standard,"247,154,3","213,67,4",0,-1,0,4e-05,0.0,0.0,0.0,
295,SIPP_2^2,"162,121,0","190,228,0",0,-1,0,0.0,0.0,0.0,0.0,
295,SIPP_2^3,"162,121,0","190,228,0",0,-1,0,0.0,0.0,0.0,0.0,
295,SIPP_2^4,"162,121,0","190,228,0",0,-1,0,0.0,0.0,0.0,0.0,
295,SIPP_2^5,"162,121,0","190,228,0",0,-1,0,0.0,0.0,0.0,0.0,
295,SIPP_BigCS,"162,121,0","190,228,0",0,-1,0,0.0,0.0,0.0,0.0,
295,SIPP_Standard,"162,121,7","190,228,0",0,-1,57647,180.00048,0.0,0.0,0.0,
296,SIPP_2^2,"181,32,0","184,143,0",0,-1,0,0.0,0.0,0.0,0.0,
296,SIPP_2^3,"181,32,0","184,143,0",0,-1,0,0.0,0.0,0.0,0.0,
296,SIPP_2^4,"181,32,0","184,143,0",0,-1,0,0.0,0.0,0.0,0.0,
296,SIPP_2^5,"181,32,0","184,143,0",0,-1,0,0.0,0.0,0.0,0.0,
296,SIPP_BigCS,"181,32,0","184,143,0",0,-1,0,0.0,0.0,0.0,0.0,
296,SIPP_Standard,"181,32,1","184,143,11",0,-1,0,6e-05,0.0,0.0,0.0,
297,SIPP_2^2,"159,154,0","70,226,0",1,1979.565888,18816,8.5182,403.05087,89.53539,179.07078,1 1 1 -6.357 2 2 -2.588 2 -0.620 2 2 3 3 2 2 2 2 2 3 3 3 2 3 3 3 3 3 3 3 2 3 3 3 2 3 3 3 3 3 3 3 3 2 3 2 2 2 2 3 3 2 2 2 2 3 3 2 3 2 2 2 2 2 3 3 3 3 2 2 3 2 3 2 2 2 2 2 2 2 2 2 2 2 2 2 2 2 2 2 2 2 3 3 2 3 3 2 2 2 2 2 3 3 3 3 3 2 2 2 2 3 2 2 2 3 3 3 3 2 3 3 3 2 3 3 3 3 2 3 3 2 2 2 2 2 2 2 2 2 2 2 2 2 2 2 2 2 2 3 3 3 3 3 3 3 3 3 3 3 3 3 3 3 0 3 0 0 0 0 0 0 0 0 3 3 0 0 3 0 0 0 3 3 3 3 3 0 3 3 3 3 3 3 3 2 3 3 2 3 2
297,SIPP_2^3,"159,154,0","70,226,0",1,1336.979562,3695,3.22365,128.53002,25.91814,51.83628,5 5 5 5 4 4 -1.367 5 5 6 6 6 6 6 5 5 5 5 5 6 6 6 5 5 5 5 5 5 5 5 5 5 5 5 5 5 5 6 5 5 5 5 5 5 6 6 6 5 5 5 5 5 5 5 5 5 5 5 6 5 6 6 5 4 4 4 4 4 4 4 4 4 4 4 4 5 5 4 5 5 4 5 5 6 6 6 6 6 6 6 -1.484 6 -1.890 6 -1.722 6 5 5 5 6 5 4 -25.742 6 -2.814 0 5 6 6 6 6 6 6
297,SIPP_2^4,"159,154,0","70,226,0",1,1336.979562,4348,9.63492,90.50729,18.14007,36.28014,10 10 9 9 -0.821 9 11 11 11 11 11 11 11 11 11 10 11 10 10 10 10 10 10 10 10 10 10 10 11 10 11 11 10 10 10 10 10 10 11 10 10 10 10 10 10 10 9 8 8 8 8 8 8 9 9 9 9 9 8 11 12 13 13 13 -0.980 12 -1.093 12 -1.489 12 10 9 10 -0.400 12 -3.837 8 8 8 -31.040 12 -2.814 0 10 12 12 12 12 12 12
297,SIPP_2^5,"159,154,0","70,226,0",1,1336.979562,4517,24.74583,71.9683,14.71181,29.42362,18 18 19 22 22 22 22 22 21 22 21 21 21 21 20 20 20 20 20 20 20 21 21 20 20 21 20 20 20 20 20 20 20 20 20 19 17 17 17 17 17 18 18 26 26 27 -3.908 24 -1.093 24 -1.489 24 20 19 -0.848 24 -3.837 16 16 16 -31.040 24 -2.814 0 20 24 24 24 24 24 24
297,SIPP_BigCS,"159,154,10","70,226,9",0,-1,20730,180.14816,0.0,0.0,0.0,
297,SIPP_Standard,"159,154,10","70,226,9",1,1679.589645,61729,170.10393,55.25644,10.3219,1.2251,51 -2.241 86 7 59 67 51 110 52 56 96 70 51 78 67 55 91 19 -6.611 77 -32.737 74 93
298,SIPP_2^2,"198,116,0","86,98,0",0,-1,0,0.0,0.0,0.0,0.0,
298,SIPP_2^3,"198,116,0","86,98,0",0,-1,0,0.0,0.0,0.0,0.0,
298,SIPP_2^4,"198,116,0","86,98,0",0,-1,0,0.0,0.0,0.0,0.0,
298,SIPP_2^5,"198,116,0","86,98,0",0,-1,0,0.0,0.0,0.0,0.0,
298,SIPP_BigCS,"198,116,0","86,98,0",0,-1,0,0.0,0.0,0.0,0.0,
298,SIPP_Standard,"198,116,0","86,98,15",0,-1,0,7e-05,0.0,0.0,0.0,
299,SIPP_2^2,"226,71,0","132,46,0",0,-1,0,0.0,0.0,0.0,0.0,
299,SIPP_2^3,"226,71,0","132,46,0",0,-1,0,0.0,0.0,0.0,0.0,
299,SIPP_2^4,"226,71,0","132,46,0",0,-1,0,0.0,0.0,0.0,0.0,
299,SIPP_2^5,"226,71,0","132,46,0",0,-1,0,0.0,0.0,0.0,0.0,
299,SIPP_BigCS,"226,71,0","132,46,0",0,-1,0,0.0,0.0,0.0,0.0,
299,SIPP_Standard,"226,71,3","132,46,2",0,-1,81707,180.00128,0.0,0.0,0.0,
300,SIPP_2^2,"82,218,0","193,236,0",0,-1,0,0.0,0.0,0.0,0.0,
300,SIPP_2^3,"82,218,0","193,236,0",0,-1,0,0.0,0.0,0.0,0.0,
300,SIPP_2^4,"82,218,0","193,236,0",0,-1,0,0.0,0.0,0.0,0.0,
300,SIPP_2^5,"82,218,0","193,236,0",0,-1,0,0.0,0.0,0.0,0.0,
300,SIPP_BigCS,"82,218,0","193,236,0",0,-1,0,0.0,0.0,0.0,0.0,
300,SIPP_Standard,"82,218,9","193,236,6",0,-1,0,2e-05,0.0,0.0,0.0,
301,SIPP_2^2,"199,83,0","251,183,0",1,1889.042437,4885,2.23294,304.05592,67.54424,135.08848,1 0 0 1 1 0 1 1 0 1 1 1 1 1 1 1 1 1 1 1 1 1 1 1 1 1 1 1 1 1 1 2 1 1 1 1 1 1 1 1 1 1 1 1 1 1 1 1 1 2 1 2 1 1 1 2 1 2 2 2 2 2 2 3 2 2 2 2 2 2 2 2 2 2 2 2 2 3 -6.568 2 2 2 2 2 2 2 2 2 2 2 2 2 2 2 2 2 2 2 2 2 2 -12.850 2 -9.624 1 2 2 2 3 3 3 3 3 3 3 2 2 2 3 3 2 2 2 2 2 3 2 2 2 2 2 2 2 2 2 2 1 1 1 1 2 1 2 1 2 2 2 2 2 2 2 2 2 2 2 2 2 1 1 1 1 1 1 2 1 2 2 2 1 2 1 2 2 2 2 2 2 2 2 2 2 2 2 2 2 2 2 3 2
301,SIPP_2^3,"199,83,0","251,183,0",1,1792.8254169999982,6072,5.05448,179.00384,35.34292,70.68584,0 7 0 7 0 7 0 0 0 0 0 0 0 0 0 7 -161.871 4 4 4 3 4 4 4 4 4 4 3 4 4 4 4 4 4 4 4 4 4 4 4 3 4 3 3 3 4 4 3 4 4 4 4 4 4 5 5 5 5 4 4 4 4 4 3 4 4 4 4 4 4 3 3 3 3 3 4 4 4 3 3 3 3 3 3 3 3 3 4 3 3 3 4 3 4 3 3 3 3 3 3 4 3 3 3 3 3 3 3 3 3 3 3 3 3 3 3 3 4 3 4 4 4 4 4 4 4 3 3 2 2 3 4 3 3 2 2 2 3
301,SIPP_2^4,"199,83,0","251,183,0",1,1763.548916,5880,12.85951,77.28368,15.8119,31.62381,0 15 15 15 0 0 0 0 0 0 0 15 -168.997 8 8 7 7 7 7 7 8 8 8 8 8 8 8 8 8 8 8 8 8 7 7 8 8 8 9 8 8 8 8 8 9 9 8 9 7 7 7 7 7 7 7 7 7 7 7 6 7 7 7 7 7 7 7 6 6 7 7 7 6 6 6 6 6 6 6 6 6 6 6 6 6 6 7 6 6 7 6 7 7 8 -0.200 5 4 3 4 3
301,SIPP_2^5,"199,83,0","251,183,0",1,1760.9950460000007,6059,31.84431,46.35381,12.28545,24.5709,0 0 31 31 31 0 31 0 -171.948 16 16 15 16 16 16 16 15 16 15 15 15 16 15 16 15 16 -1.447 17 17 17 16 16 16 17 15 13 13 13 13 13 13 13 13 13 13 13 13 13 13 13 13 13 13 13 13 13 14 15 16 12 6 6 7
301,SIPP_BigCS,"199,83,15","251,183,13",0,-1,27889,180.02332,0.0,0.0,0.0,
301,SIPP_Standard,"199,83,15","251,183,13",1,1867.9111090000001,15972,34.40389,70.44061,13.3501,1.8987,84 9 53 89 21 48 79 96 110 44 0 0 -30.361 24 59 75 -8.550 94 8 48 63 87 0 20
302,SIPP_2^2,"154,159,0","67,76,0",0,-1,0,0.0,0.0,0.0,0.0,
302,SIPP_2^3,"154,159,0","67,76,0",0,-1,0,0.0,0.0,0.0,0.0,
302,SIPP_2^4,"154,159,0","67,76,0",0,-1,0,0.0,0.0,0.0,0.0,
302,SIPP_2^5,"154,159,0","67,76,0",0,-1,0,0.0,0.0,0.0,0.0,
302,SIPP_BigCS,"154,159,0","67,76,0",0,-1,0,0.0,0.0,0.0,0.0,
302,SIPP_Standard,"154,159,3","67,76,13",0,-1,54326,180.00293,0.0,0.0,0.0,
303,SIPP_2^2,"20,73,0","113,137,0",1,2397.042437,30635,13.33797,353.55339,81.68141,163.36282,1 1 0 1 1 1 1 1 1 1 1 0 0 -182.800 2 -1.639 2 -1.158 1 1 2 1 1 1 1 1 1 1 1 1 1 1 1 1 1 1 1 1 1 1 1 1 1 1 1 1 1 1 1 1 1 1 1 1 1 2 1 2 2 2 2 2 2 2 1 1 2 2 2 2 2 2 1 2 -114.166 3 -13.228 3 -2.352 2 -0.251 1 -0.370 1 -0.093 2 1 2 1 2 -40.946 2 -36.135 1 -21.380 1 2 1 2 1 2 1 1 1 -5.022 2 -1.022 2 -1.200 2 2 3 3 3 3 2 2 -209.757 2 2 -3.692 2 2 2 2 2 2 2 2 2 2 2 2 2 2 2 2 -1.814 2 -9.979 2 -0.012 2 -0.012 2 -0.012 2 2 1 1 1 1 1 1 1 1 1 1 1 1 1 1 1 1 1 1 1 1 1 1 1 1 1 1 2 1 2 1 2 2 1 1 2 1 1 2 1 2 2 1 2 1 2 1 1 2 1
303,SIPP_2^3,"20,73,0","113,137,0",1,1473.2839209999988,3321,2.69832,143.11537,28.27433,56.54867,1 1 2 1 2 2 2 2 2 2 -187.148 2 -7.771 3 4 3 2 2 3 2 2 2 2 2 3 2 2 2 2 3 2 3 2 3 2 2 3 2 2 2 3 3 3 2 2 2 2 2 -0.990 3 3 3 3 3 3 3 3 3 3 3 4 3 3 3 4 4 3 3 4 3 4 3 4 3 3 3 3 3 3 3 3 3 3 3 -2.955 4 -1.750 4 3 3 3 3 3 3 3 3 3 3 3 3 3 3 3 3 3 2 3
303,SIPP_2^4,"20,73,0","113,137,0",1,1449.6505529999993,3184,6.81556,63.64915,12.60433,25.20866,3 4 3 4 4 3 4 -192.492 4 -7.771 6 8 6 4 4 4 5 4 4 4 4 4 4 4 4 4 4 4 5 5 5 5 5 5 5 4 5 6 6 6 7 6 7 7 6 7 7 7 7 7 7 7 7 7 6 6 6 6 6 6 7 6 -0.872 6 6 6 6 5 5 6 6 6 6 6 5 6 5 5 6 6
303,SIPP_2^5,"20,73,0","113,137,0",1,1445.3546120000003,3447,17.64963,13.25291,2.63581,5.27161,5 5 6 6 6 6 6 6 7 7 7 7 6 6 7 7 9 9 9 12 12 13 13 13 13 13 13 13 13 13 13 15 15 15 15 15 14 13 14 14 14 14 14 14 14 14 14 14 14 14 13
303,SIPP_BigCS,"20,73,1","113,137,10",0,-1,23693,180.00559,0.0,0.0,0.0,
303,SIPP_Standard,"20,73,1","113,137,10",1,1467.601977,2062,4.40917,40.16285,7.5839,1.0458,97 -230.602 103 105 48 95 21 28 52 56 64 52 72 71 28 48
304,SIPP_2^2,"133,10,0","30,5,0",0,-1,0,0.0,0.0,0.0,0.0,
304,SIPP_2^3,"133,10,0","30,5,0",0,-1,0,0.0,0.0,0.0,0.0,
304,SIPP_2^4,"133,10,0","30,5,0",0,-1,0,0.0,0.0,0.0,0.0,
304,SIPP_2^5,"133,10,0","30,5,0",0,-1,0,0.0,0.0,0.0,0.0,
304,SIPP_BigCS,"133,10,0","30,5,0",0,-1,0,0.0,0.0,0.0,0.0,
304,SIPP_Standard,"133,10,7","30,5,11",0,-1,0,2e-05,0.0,0.0,0.0,
305,SIPP_2^2,"107,111,0","9,51,0",0,-1,4,0.19304,0.0,0.0,0.0,
305,SIPP_2^3,"107,111,0","9,51,0",1,1427.1939469999993,5425,4.55666,137.37452,26.70354,53.40708,2 1 1 7 7 7 7 7 7 7 7 7 7 7 7 7 7 7 7 7 7 7 7 7 7 7 7 7 7 7 7 7 7 7 7 7 7 7 7 7 7 7 7 7 6 6 7 -1.844 7 0 7 7 7 0 7 0 -33.294 0 -1.126 6 -0.592 6 -0.206 6 -0.049 6 6 6 0 7 6 6 7 6 7 -5.191 6 -9.729 7 6 6 5 6 -1.782 6 6 6 6 6 6 6 6 6 6 6 5 6 6 5 5 5 5 6 6 6 6 6 7 7 6 7 7 6 6 6 7 7 7 0
305,SIPP_2^4,"107,111,0","9,51,0",1,1426.0907809999999,5798,12.65177,94.7124,19.13335,38.2667,4 2 2 14 14 14 14 14 14 14 14 14 14 14 14 14 14 14 14 14 14 14 14 14 14 14 14 14 14 14 14 14 14 14 14 14 14 14 14 14 14 14 13 13 13 14 14 15 14 15 -44.045 0 -1.126 0 -0.592 12 -0.206 12 -0.049 12 12 0 12 13 12 14 14 0 -4.129 13 -0.819 11 -1.049 12 -1.175 12 -1.636 12 -0.394 12 12 11 11 12 12 11 11 11 11 12 12 12 12 12 -0.660 12 13 13 13 13 13 14 -3.722 12 -2.976 0 -3.979 0
305,SIPP_2^5,"107,111,0","9,51,0",1,1426.0907809999999,5927,32.22942,69.73568,14.20734,28.41467,8 4 4 28 28 28 28 28 28 28 28 28 28 28 28 28 28 28 28 28 28 28 28 28 28 28 28 28 28 28 28 28 28 28 28 28 28 28 28 27 27 27 29 28 29 -46.282 0 -1.126 0 -0.592 24 -0.206 24 -0.049 24 24 24 0 25 28 28 0 -3.697 27 -0.065 24 24 22 22 22 23 23 22 22 23 24 24 24 -1.325 24 -1.400 25 26 26 25 25 -0.348 0 -2.976 0 -3.979 0
305,SIPP_BigCS,"107,111,14","9,51,2",0,-1,21398,180.02385,0.0,0.0,0.0,
305,SIPP_Standard,"107,111,14","9,51,2",1,1607.00001,16120,41.1478,44.72722,8.3998,1.0524,111 33 66 54 66 30 50 93 3 3 23 50 69 54 66 50 -66.000 109 55 59
306,SIPP_2^2,"53,129,0","49,10,0",0,-1,0,0.0,0.0,0.0,0.0,
306,SIPP_2^3,"53,129,0","49,10,0",0,-1,0,0.0,0.0,0.0,0.0,
306,SIPP_2^4,"53,129,0","49,10,0",0,-1,0,0.0,0.0,0.0,0.0,
306,SIPP_2^5,"53,129,0","49,10,0",0,-1,0,0.0,0.0,0.0,0.0,
306,SIPP_BigCS,"53,129,0","49,10,0",0,-1,0,0.0,0.0,0.0,0.0,
306,SIPP_Standard,"53,129,10","49,10,7",0,-1,60713,180.00057,0.0,0.0,0.0,
307,SIPP_2^2,"241,150,0","210,51,0",0,-1,0,0.0,0.0,0.0,0.0,
307,SIPP_2^3,"241,150,0","210,51,0",0,-1,0,0.0,0.0,0.0,0.0,
307,SIPP_2^4,"241,150,0","210,51,0",0,-1,0,0.0,0.0,0.0,0.0,
307,SIPP_2^5,"241,150,0","210,51,0",0,-1,0,0.0,0.0,0.0,0.0,
307,SIPP_BigCS,"241,150,0","210,51,0",0,-1,0,0.0,0.0,0.0,0.0,
307,SIPP_Standard,"241,150,1","210,51,6",0,-1,0,5e-05,0.0,0.0,0.0,
308,SIPP_2^2,"167,236,0","94,151,0",0,-1,0,0.0,0.0,0.0,0.0,
308,SIPP_2^3,"167,236,0","94,151,0",0,-1,0,0.0,0.0,0.0,0.0,
308,SIPP_2^4,"167,236,0","94,151,0",0,-1,0,0.0,0.0,0.0,0.0,
308,SIPP_2^5,"167,236,0","94,151,0",0,-1,0,0.0,0.0,0.0,0.0,
308,SIPP_BigCS,"167,236,0","94,151,0",0,-1,0,0.0,0.0,0.0,0.0,
308,SIPP_Standard,"167,236,11","94,151,14",0,-1,7,0.02166,0.0,0.0,0.0,
309,SIPP_2^2,"105,33,0","131,144,0",1,1942.418387,11623,5.2425,282.84271,62.83185,125.66371,2 2 2 2 2 2 2 2 2 2 2 2 2 2 -257.076 2 -0.013 2 2 2 3 2 -12.694 2 -0.101 2 3 2 2 2 2 3 3 3 2 -17.492 3 -23.181 2 2 3 3 3 3 3 3 2 2 2 2 -3.501 2 -0.020 2 2 2 2 2 2 2 2 2 2 2 2 2 2 2 2 2 2 -0.964 2 -10.065 2 2 2 2 2 2 2 2 2 2 2 2 2 2 2 2 2 1 1 1 1 1 -7.312 1 1 1 1 1 1 1 1 1 1 1 1 1 2 1 2 2 1 2 2 2 2 2 2 2 1 2 2 2 1 1 2 1 2 1 2 2 2 2 1 2 2 2 2 2 2 2 1 1 1 2 1 2 2 2 2 2 2 2 2 2 1 2 2 1 1 2 1 2 1 2 1 1 1 2
309,SIPP_2^3,"105,33,0","131,144,0",1,1650.4462039999999,7826,6.96092,126.35838,25.13274,50.26548,4 4 4 4 4 4 4 4 4 4 4 4 4 4 -257.076 4 -0.013 4 4 5 4 -18.552 4 -0.101 4 5 4 4 4 4 4 4 5 4 4 4 4 4 5 5 5 4 5 4 4 4 5 4 4 4 3 3 4 4 4 3 3 3 3 4 4 4 4 4 4 4 4 4 4 4 4 3 3 3 3 3 4 3 3 2 3 3 3 3 3 3 2 2 3 3 3 3 3 3 3 3 3 3 3 3 3 3 4 3 4 4 4 4 4 4 4 4 4 3 3 -1.256 4 -1.138 4 -1.137 6 -1.037 6 -1.200 6 -2.541 5 6
309,SIPP_2^4,"105,33,0","131,144,0",1,1650.4462039999999,8771,19.57218,89.27763,18.20606,36.41211,8 8 8 8 8 8 8 8 8 8 8 8 8 8 -257.076 8 -0.013 8 8 10 9 -6.191 4 9 8 8 8 8 8 9 8 9 9 9 9 9 8 8 8 8 8 7 7 7 7 7 6 7 7 8 8 -0.589 7 7 7 6 6 6 6 5 5 6 6 6 6 6 6 6 6 7 7 7 7 7 7 7 7 7 7 6 7 7 7 -23.076 12 -12.273 8 -1.138 12 -1.137 12 -1.037 12 -1.200 12 -2.541 10 12
309,SIPP_2^5,"105,33,0","131,144,0",1,1649.1865249999998,9061,49.94339,70.32169,14.21021,28.42042,16 16 16 16 16 16 16 16 16 16 16 16 16 16 -257.076 16 -0.013 16 17 20 -6.929 8 17 17 17 17 17 17 17 16 16 16 15 14 13 13 15 16 16 15 13 12 13 12 11 11 11 11 12 14 14 14 14 14 14 14 14 14 14 14 14 15 14 -25.426 24 -12.273 24 -1.138 16 -1.137 24 -1.037 24 -5.000 23
309,SIPP_BigCS,"105,33,2","131,144,15",0,-1,21688,180.11362,0.0,0.0,0.0,
309,SIPP_Standard,"105,33,2","131,144,15",1,1888.794946,48559,134.03676,56.38891,10.5821,1.3118,47 3 3 11 51 102 56 88 0 0 4 -1.795 88 8 44 8 52 56 64 52 80 5 65 53
310,SIPP_2^2,"19,34,0","101,123,0",0,-1,0,0.0,0.0,0.0,0.0,
310,SIPP_2^3,"19,34,0","101,123,0",0,-1,0,0.0,0.0,0.0,0.0,
310,SIPP_2^4,"19,34,0","101,123,0",0,-1,0,0.0,0.0,0.0,0.0,
310,SIPP_2^5,"19,34,0","101,123,0",0,-1,0,0.0,0.0,0.0,0.0,
310,SIPP_BigCS,"19,34,0","101,123,0",0,-1,0,0.0,0.0,0.0,0.0,
310,SIPP_Standard,"19,34,0","101,123,5",0,-1,0,4e-05,0.0,0.0,0.0,
311,SIPP_2^2,"113,51,0","82,164,0",0,-1,0,0.0,0.0,0.0,0.0,
311,SIPP_2^3,"113,51,0","82,164,0",0,-1,0,0.0,0.0,0.0,0.0,
311,SIPP_2^4,"113,51,0","82,164,0",0,-1,0,0.0,0.0,0.0,0.0,
311,SIPP_2^5,"113,51,0","82,164,0",0,-1,0,0.0,0.0,0.0,0.0,
311,SIPP_BigCS,"113,51,0","82,164,0",0,-1,0,0.0,0.0,0.0,0.0,
311,SIPP_Standard,"113,51,13","82,164,8",0,-1,0,1e-05,0.0,0.0,0.0,
312,SIPP_2^2,"231,114,0","188,10,0",0,-1,0,0.0,0.0,0.0,0.0,
312,SIPP_2^3,"231,114,0","188,10,0",0,-1,0,0.0,0.0,0.0,0.0,
312,SIPP_2^4,"231,114,0","188,10,0",0,-1,0,0.0,0.0,0.0,0.0,
312,SIPP_2^5,"231,114,0","188,10,0",0,-1,0,0.0,0.0,0.0,0.0,
312,SIPP_BigCS,"231,114,0","188,10,0",0,-1,0,0.0,0.0,0.0,0.0,
312,SIPP_Standard,"231,114,12","188,10,12",0,-1,0,1e-05,0.0,0.0,0.0,
313,SIPP_2^2,"125,193,0","7,171,0",0,-1,0,0.0,0.0,0.0,0.0,
313,SIPP_2^3,"125,193,0","7,171,0",0,-1,0,0.0,0.0,0.0,0.0,
313,SIPP_2^4,"125,193,0","7,171,0",0,-1,0,0.0,0.0,0.0,0.0,
313,SIPP_2^5,"125,193,0","7,171,0",0,-1,0,0.0,0.0,0.0,0.0,
313,SIPP_BigCS,"125,193,0","7,171,0",0,-1,0,0.0,0.0,0.0,0.0,
313,SIPP_Standard,"125,193,8","7,171,11",0,-1,0,2e-05,0.0,0.0,0.0,
314,SIPP_2^2,"132,126,0","227,68,0",0,-1,0,0.0,0.0,0.0,0.0,
314,SIPP_2^3,"132,126,0","227,68,0",0,-1,0,0.0,0.0,0.0,0.0,
314,SIPP_2^4,"132,126,0","227,68,0",0,-1,0,0.0,0.0,0.0,0.0,
314,SIPP_2^5,"132,126,0","227,68,0",0,-1,0,0.0,0.0,0.0,0.0,
314,SIPP_BigCS,"132,126,0","227,68,0",0,-1,0,0.0,0.0,0.0,0.0,
314,SIPP_Standard,"132,126,0","227,68,3",0,-1,59591,180.00034,0.0,0.0,0.0,
315,SIPP_2^2,"23,77,0","130,124,0",0,-1,4,0.20174,0.0,0.0,0.0,
315,SIPP_2^3,"23,77,0","130,124,0",1,1600.9642669999987,4922,4.0382,150.43968,29.84513,59.69026,6 7 7 1 1 2 1 1 1 2 2 2 2 -140.579 2 -7.771 3 4 3 2 2 3 2 2 2 2 2 2 2 2 2 2 2 2 2 2 2 2 2 3 3 3 3 3 2 3 3 2 2 3 2 -0.990 3 3 3 3 3 3 3 3 3 3 4 3 3 3 3 3 2 2 2 2 2 2 2 2 2 3 3 3 3 2 3 2 -1.747 2 1 1 1 2 4 -1.349 3 4 3 3 3 3 3 3 3 3 3 3 4 4 4 3 3 3 3 3 3 3 2 3 2 2 2 2 2 2 2 2 2
315,SIPP_2^4,"23,77,0","130,124,0",1,1584.913086,5360,11.32913,87.08178,17.35467,34.70935,12 14 14 2 2 3 3 4 3 4 -145.924 4 -7.771 6 8 6 5 4 4 4 4 4 4 5 4 4 4 4 4 5 5 5 5 5 4 4 4 4 5 5 6 6 7 6 6 6 6 7 6 6 6 6 6 5 5 5 5 5 5 6 5 6 6 6 6 6 7 7 7 5 6 6 6 6 6 6 6 6 5 5 5 -3.842 4 -20.098 4 -0.117 4 1 3 2 -1.532 4 -2.262 4 4 4 4
315,SIPP_2^5,"23,77,0","130,124,0",1,1584.913086,5563,28.92198,67.63465,13.46695,26.9339,24 28 28 4 4 7 7 6 -147.399 8 -7.771 12 16 12 8 8 9 8 8 8 9 9 9 8 9 9 9 9 9 10 13 13 13 12 12 12 12 12 12 12 10 10 10 10 10 11 11 12 12 13 13 12 11 11 12 12 12 12 12 12 12 12 12 -4.476 8 -0.032 8 -0.033 8 2 2 2 -3.430 8 -2.262 8 8 8 8
315,SIPP_BigCS,"23,77,2","130,124,11",0,-1,23371,180.05133,0.0,0.0,0.0,
315,SIPP_Standard,"23,77,2","130,124,11",1,2075.696935,23967,66.92235,90.42059,17.362,2.4259,55 107 42 76 -43.300 97 -0.232 111 45 21 -2.511 36 21 44 4 -5.657 72 -68.944 95 21 36 21 52 64 52 64 36 -66.053 13
316,SIPP_2^2,"156,120,0","53,65,0",0,-1,0,0.0,0.0,0.0,0.0,
316,SIPP_2^3,"156,120,0","53,65,0",0,-1,0,0.0,0.0,0.0,0.0,
316,SIPP_2^4,"156,120,0","53,65,0",0,-1,0,0.0,0.0,0.0,0.0,
316,SIPP_2^5,"156,120,0","53,65,0",0,-1,0,0.0,0.0,0.0,0.0,
316,SIPP_BigCS,"156,120,0","53,65,0",0,-1,0,0.0,0.0,0.0,0.0,
316,SIPP_Standard,"156,120,10","53,65,10",0,-1,55111,180.00269,0.0,0.0,0.0,
317,SIPP_2^2,"10,146,0","96,67,0",0,-1,0,0.0,0.0,0.0,0.0,
317,SIPP_2^3,"10,146,0","96,67,0",0,-1,0,0.0,0.0,0.0,0.0,
317,SIPP_2^4,"10,146,0","96,67,0",0,-1,0,0.0,0.0,0.0,0.0,
317,SIPP_2^5,"10,146,0","96,67,0",0,-1,0,0.0,0.0,0.0,0.0,
317,SIPP_BigCS,"10,146,0","96,67,0",0,-1,0,0.0,0.0,0.0,0.0,
317,SIPP_Standard,"10,146,14","96,67,14",0,-1,72128,180.0018,0.0,0.0,0.0,
318,SIPP_2^2,"104,11,0","191,71,0",0,-1,0,0.0,0.0,0.0,0.0,
318,SIPP_2^3,"104,11,0","191,71,0",0,-1,0,0.0,0.0,0.0,0.0,
318,SIPP_2^4,"104,11,0","191,71,0",0,-1,0,0.0,0.0,0.0,0.0,
318,SIPP_2^5,"104,11,0","191,71,0",0,-1,0,0.0,0.0,0.0,0.0,
318,SIPP_BigCS,"104,11,0","191,71,0",0,-1,0,0.0,0.0,0.0,0.0,
318,SIPP_Standard,"104,11,6","191,71,0",0,-1,0,0.00015,0.0,0.0,0.0,
319,SIPP_2^2,"113,202,0","3,159,0",0,-1,0,0.0,0.0,0.0,0.0,
319,SIPP_2^3,"113,202,0","3,159,0",0,-1,0,0.0,0.0,0.0,0.0,
319,SIPP_2^4,"113,202,0","3,159,0",0,-1,0,0.0,0.0,0.0,0.0,
319,SIPP_2^5,"113,202,0","3,159,0",0,-1,0,0.0,0.0,0.0,0.0,
319,SIPP_BigCS,"113,202,0","3,159,0",0,-1,0,0.0,0.0,0.0,0.0,
319,SIPP_Standard,"113,202,3","3,159,7",0,-1,0,3e-05,0.0,0.0,0.0,
320,SIPP_2^2,"16,126,0","108,60,0",0,-1,0,0.0,0.0,0.0,0.0,
320,SIPP_2^3,"16,126,0","108,60,0",0,-1,0,0.0,0.0,0.0,0.0,
320,SIPP_2^4,"16,126,0","108,60,0",0,-1,0,0.0,0.0,0.0,0.0,
320,SIPP_2^5,"16,126,0","108,60,0",0,-1,0,0.0,0.0,0.0,0.0,
320,SIPP_BigCS,"16,126,0","108,60,0",0,-1,0,0.0,0.0,0.0,0.0,
320,SIPP_Standard,"16,126,8","108,60,11",0,-1,0,0.00011,0.0,0.0,0.0,
321,SIPP_2^2,"129,87,0","214,61,0",1,2102.187446,17396,7.84681,219.2031,48.69469,97.38937,2 2 2 2 2 2 2 2 2 2 2 2 2 2 2 2 2 2 2 2 2 2 2 2 2 2 1 1 1 1 2 1 1 2 2 2 1 2 2 2 1 2 1 1 1 1 1 1 1 1 2 1 1 1 1 1 1 1 1 1 1 1 1 1 1 1 1 1 1 1 1 1 1 1 1 1 1 1 1 1 1 1 1 1 1 2 2 1 2 1 2 1 1 2 1 1 1 1 1 1 1 1 1 0 0 0 0 0 0 0 0 0 0 0 0 0 0 1 1 1 -24.798 1 -1.670 0 -1.101 0 -1.137 0 -1.137 1 0 0 0 0 0 0 0 0 0 0 0 0 0 0 0 0 0 0 0 0 0 0 0 0 0 0 0 0 0 0 0 0 0 0 0 0 0 0 0 0 0 0 0 0 0 0 0 0 -0.922 0 -1.424 0 0 0 0 1 1 1 0 0 1 1 1 1 1 1 1 1 1 1 1 1 1 1 1 2 2 2 1 2 2 2 3 3
321,SIPP_2^3,"129,87,0","214,61,0",1,1319.905616,2807,2.36276,87.31857,17.27876,34.55752,3 3 3 3 3 3 3 3 3 3 3 3 3 3 3 3 3 3 3 3 2 2 3 2 2 2 2 2 2 2 2 2 2 2 3 2 2 -2.671 2 -1.670 2 3 2 2 2 2 2 -0.525 2 -2.716 2 2 2 2 2 2 2 2 2 2 1 2 2 1 1 1 0 0 1 0 0 0 0 0 0 0 0 1 0 0 1 1 1 1 0 1 1 1 1 1 1 1 1 2 2 2 2 2 1 1 1 0 0 0 0 0 0 0 0 0 -3.682 0 -1.044 0 -1.200 0 0 0 1
321,SIPP_2^4,"129,87,0","214,61,0",1,1318.12416,2955,6.43683,49.34661,9.74653,19.49306,6 6 6 6 5 5 5 5 5 5 5 6 5 5 5 6 5 5 5 5 5 6 -29.392 4 -1.670 4 -0.539 5 4 4 4 -0.380 4 -1.387 4 -2.716 4 4 4 4 4 4 4 4 4 3 4 -1.061 4 2 2 1 1 1 1 1 1 1 1 1 1 1 1 1 2 2 4 4 4 3 4 2 2 0 0 0 0 0 0 0 0 0 -29.343 0 -1.044 0 -1.200 0 0 1
321,SIPP_2^5,"129,87,0","214,61,0",1,1317.115794,2984,15.85033,40.85036,8.08802,16.17604,11 11 11 11 11 10 10 10 10 11 10 10 10 11 10 -32.524 8 -2.433 9 9 8 8 7 8 8 8 8 8 7 8 -3.552 8 4 4 2 2 2 2 2 2 2 2 2 2 2 2 2 4 4 8 8 7 8 4 4 0 0 0 0 0 0 0 0 0 -30.081 0 -1.044 0 -0.930 1 0
321,SIPP_BigCS,"129,87,1","214,61,4",0,-1,21615,180.02528,0.0,0.0,0.0,
321,SIPP_Standard,"129,87,1","214,61,4",1,1351.663021,11782,29.29474,57.14066,10.8947,1.5647,52 80 21 28 36 -6.078 17 95 5 73 92 18 60 84 9 33 -6.585 98
322,SIPP_2^2,"124,99,0","113,225,0",1,1528.065523,4921,2.37728,98.99495,21.99115,43.9823,2 2 2 2 2 2 2 2 2 2 2 2 2 2 2 2 2 2 2 2 2 2 2 2 2 2 2 2 2 2 2 2 2 2 2 2 2 2 2 2 2 2 2 -9.267 2 -0.060 2 2 2 2 2 2 2 2 2 2 2 2 2 2 2 2 2 1 2 2 -4.238 2 -1.046 2 2 2 3 3 3 2 2 2 2 3 3 3 3 3 3 2 2 2 2 2 3 3 3 3 3 3 3 3 2 -23.454 1 1 2 2 2 2 2 2 2 2 2 2 2 2 2 2 2 2 2 2 2 2 2 2 2 2 2 2 2 2 2 2 2 2 2 2 2 2 2 2 1 2 2 2 2 2 2 2 2 2 2 1 1 2
322,SIPP_2^3,"124,99,0","113,225,0",1,1487.3787559999998,6458,5.65229,110.73132,21.99115,43.9823,4 4 4 4 4 4 4 4 4 4 4 4 4 4 4 4 4 4 4 4 4 4 4 4 4 4 4 4 4 4 4 4 4 4 4 4 4 4 5 4 4 4 4 4 4 4 4 4 4 4 4 3 3 3 4 4 4 4 4 4 4 4 4 4 4 4 5 5 5 4 4 5 5 4 4 5 5 4 4 4 4 5 4 3 3 3 3 4 4 3 3 3 4 4 3 4 4 4 4 4 4 4 4 5 5 6 5 5 5 5 4 4 4 4 4 4 4 4 4 4 4 4 4 4 4 4 5 5 5 4 -9.010 6 -9.962 7 7 0
322,SIPP_2^4,"124,99,0","113,225,0",1,1482.413162,7197,16.23054,55.81699,10.91966,21.83932,8 8 8 8 8 8 8 8 8 8 8 8 8 8 8 8 8 8 8 8 8 8 8 8 8 8 8 8 8 8 8 8 8 8 8 8 8 8 8 8 8 8 9 8 8 8 8 8 8 8 8 8 8 8 8 8 8 7 7 7 -4.123 8 -0.764 9 10 9 9 9 9 9 7 8 8 8 7 7 7 7 7 7 8 8 8 8 8 8 8 8 9 10 10 10 10 10 10 7 7 8 8 8 8 8 8 8 8 8 -1.883 8 -1.137 8 10 -1.629 10 11 11 12 -0.382 12 -0.436 0 0 -2.845 0 0
322,SIPP_2^5,"124,99,0","113,225,0",1,1482.413162,7784,44.1139,49.69752,9.78449,19.56897,16 16 16 16 16 16 16 16 16 16 16 16 16 16 16 16 16 16 16 16 16 16 16 16 16 16 16 16 16 16 16 16 16 16 16 16 17 16 16 16 16 16 16 16 15 16 15 15 16 16 16 16 16 16 16 16 -8.257 17 18 18 18 18 18 18 15 15 14 14 14 14 15 16 16 16 16 16 16 17 20 20 20 20 20 18 15 15 16 16 16 16 16 15 20 -1.658 22 22 23 -2.579 24 -0.436 0 0 -2.845 0 0
322,SIPP_BigCS,"124,99,2","113,225,13",0,-1,18380,180.12203,0.0,0.0,0.0,
322,SIPP_Standard,"124,99,2","113,225,13",1,1510.885325,37270,116.40353,32.76735,6.0374,0.6853,16 94 20 51 62 94 0 0 -5.099 16 94 4 -24.618 56 88 0 0 -145.169 8
323,SIPP_2^2,"201,227,0","192,102,0",1,1534.837426,2557,1.22833,212.13203,47.12389,94.24778,0 0 0 0 0 0 3 0 0 3 0 -0.042 0 -0.012 0 -0.012 0 0 0 0 0 0 0 0 0 0 0 0 0 0 1 0 -54.770 0 0 0 0 0 0 0 0 0 0 0 0 0 0 0 0 0 0 0 0 0 0 0 0 0 0 0 0 0 1 0 1 0 0 0 0 0 0 1 0 1 0 0 0 0 0 0 0 3 3 3 3 3 3 0 3 0 1 0 1 0 0 0 0 0 0 0 0 0 0 0 0 0 0 0 0 0 0 0 0 0 0 0 0 0 0 0 0 0 0 0 0 0 0 0 0 0 0 0 0 0 0 0 0 0 0 0 0 3 3 0 3 3 3 0 3 0 3 0
323,SIPP_2^3,"201,227,0","192,102,0",1,1357.76348,2644,2.18889,71.09111,14.13717,28.27433,0 7 7 0 0 0 7 0 0 0 0 0 0 0 0 0 0 0 0 0 0 0 0 0 0 0 0 0 0 0 0 0 0 0 0 0 0 0 0 0 0 0 0 0 0 0 0 0 0 0 0 0 0 0 7 7 0 0 0 0 0 0 0 0 0 7 7 7 0 0 0 0 0 0 0 0 1 1 1 0 0 0 0 0 0 0 0 0 0 0 0 0 0 0 0 0 0 0 0 0 7 0 0 0 7 7 7 7 0 0 0 0 0 0 0 0 0 0 0 0 -14.704 0 -12.273 2 -1.138 0 -1.137 0 -1.037 0 -1.200 0
323,SIPP_2^4,"201,227,0","192,102,0",1,1357.76348,3250,7.08287,55.17065,10.55995,21.11991,0 15 15 15 15 0 0 0 0 0 0 0 0 0 0 0 0 0 0 0 0 0 0 0 0 0 0 0 0 0 0 0 0 0 0 0 0 0 0 0 0 0 0 0 0 0 0 0 0 0 0 0 15 15 0 0 0 0 0 0 15 0 0 0 0 0 0 0 1 0 1 0 0 0 0 0 0 0 15 15 15 0 15 0 0 0 0 0 0 0 0 0 0 0 0 0 0 0 0 0 15 0 0 0 0 0 -47.929 4 -12.273 0 -1.138 0 -1.137 0 -1.037 0 -1.200 0
323,SIPP_2^5,"201,227,0","192,102,0",1,1357.76348,3449,18.8937,38.90037,7.89194,15.78388,31 31 30 31 0 0 0 0 0 0 0 0 0 0 0 0 0 0 0 0 0 0 0 0 0 0 0 0 0 0 0 0 0 0 0 0 0 0 0 0 0 0 0 0 0 31 0 0 31 31 0 0 0 0 0 0 0 0 0 0 0 0 0 1 1 0 30 30 31 31 31 0 0 0 0 0 1 31 0 0 0 0 0 0 0 0 0 0 0 0 0 -52.800 8 -12.273 0 -1.138 0 -1.137 0 -1.037 0 -1.200 0
323,SIPP_BigCS,"201,227,2","192,102,9",0,-1,21949,180.02401,0.0,0.0,0.0,
323,SIPP_Standard,"201,227,2","192,102,9",1,1357.6719930000002,7416,22.09002,26.44587,5.1041,0.7627,46 -1.000 2 2 2 2 2 2 10 42 92 2 10 46 2 2 -59.672 2
324,SIPP_2^2,"193,109,0","128,211,0",0,-1,0,0.0,0.0,0.0,0.0,
324,SIPP_2^3,"193,109,0","128,211,0",0,-1,0,0.0,0.0,0.0,0.0,
324,SIPP_2^4,"193,109,0","128,211,0",0,-1,0,0.0,0.0,0.0,0.0,
324,SIPP_2^5,"193,109,0","128,211,0",0,-1,0,0.0,0.0,0.0,0.0,
324,SIPP_BigCS,"193,109,0","128,211,0",0,-1,0,0.0,0.0,0.0,0.0,
324,SIPP_Standard,"193,109,6","128,211,10",0,-1,0,4e-05,0.0,0.0,0.0,
325,SIPP_2^2,"125,229,0","217,159,0",1,1708.389273,9324,4.11929,205.06097,45.55309,91.10619,0 0 0 0 0 0 0 0 0 0 0 0 0 0 0 0 0 0 0 0 0 0 0 0 0 1 0 0 0 1 1 1 1 1 1 1 1 1 1 0 0 0 0 0 0 0 -9.253 0 0 0 0 0 0 0 0 0 0 0 0 0 0 0 0 0 0 0 0 0 1 1 1 1 1 1 1 1 1 0 1 1 0 1 1 1 0 1 1 0 0 1 1 1 1 1 0 1 0 0 0 1 1 1 1 1 1 0 1 1 1 0 0 1 0 1 1 1 1 1 1 1 1 1 1 1 1 1 1 1 1 1 1 1 1 1 1 1 0 1 1 1 1 1 1 1 1 1 1 1 1 2 -56.862 1 1 -2.274 1 1 1 1 1 1 1 1 1 1 1 0 1
325,SIPP_2^3,"125,229,0","217,159,0",1,1531.6711429999998,5676,4.60485,127.05393,25.13274,50.26548,1 0 0 0 1 0 0 1 0 0 0 0 0 0 0 0 0 0 0 0 0 1 1 1 1 1 1 0 0 1 0 0 -48.027 1 -2.362 7 -8.281 0 -5.030 0 0 0 0 0 0 0 0 0 0 0 0 0 0 0 1 0 1 1 1 1 1 1 1 2 2 2 2 2 2 2 2 2 2 2 2 2 2 2 1 2 1 1 2 1 2 2 2 2 2 2 2 2 2 2 2 2 2 2 2 2 1 1 2 1 -6.447 2 -1.584 2 -1.535 2 2 2 2 2 2 2 2 2 1 1 2 2 2 2 2 2 2 2 2 2 2 2 2 2 2 2 2 1 2 1
325,SIPP_2^4,"125,229,0","217,159,0",1,1524.545319,5784,12.12186,61.42167,12.23469,24.46938,0 1 1 1 1 1 1 0 1 1 1 1 0 1 0 0 0 0 0 0 -69.202 0 -1.214 15 -9.631 0 -5.030 0 0 0 0 0 0 0 0 0 0 1 1 1 1 1 1 2 -2.951 3 3 3 3 3 3 4 4 4 4 4 4 4 3 -0.033 5 4 -3.974 4 4 4 4 5 4 4 4 4 4 3 4 3 3 -14.985 4 -1.584 4 -1.535 4 4 4 4 4 4 4 4 3 3 4 4 4 4 4 4 4 4 4 4 4 4 4 3 4 4 3
325,SIPP_2^5,"125,229,0","217,159,0",1,1521.3232440000002,5745,29.98498,78.78392,15.50008,31.00016,1 1 1 1 1 1 1 1 0 1 1 0 -68.941 8 -1.214 30 -9.631 0 -5.030 0 0 0 0 0 0 0 1 0 1 2 2 2 2 -0.930 4 -3.817 7 7 7 7 7 7 7 -4.879 10 7 9 9 8 8 8 7 7 8 8 -10.288 0 -1.584 8 -1.264 7 8 8 8 8 8 8 7 8 8 8 8 8 8 8 8 8 8 7 8 8 8 7
325,SIPP_BigCS,"125,229,9","217,159,11",0,-1,23917,180.04274,0.0,0.0,0.0,
325,SIPP_Standard,"125,229,9","217,159,11",1,1533.244873,13521,35.50715,34.81382,6.5216,0.7065,49 92 18 92 -91.186 2 2 22 -12.709 45 5 89 -16.068 1 5 57 -11.282 89 1 1 5
326,SIPP_2^2,"50,29,0","151,90,0",0,-1,0,0.0,0.0,0.0,0.0,
326,SIPP_2^3,"50,29,0","151,90,0",0,-1,0,0.0,0.0,0.0,0.0,
326,SIPP_2^4,"50,29,0","151,90,0",0,-1,0,0.0,0.0,0.0,0.0,
326,SIPP_2^5,"50,29,0","151,90,0",0,-1,0,0.0,0.0,0.0,0.0,
326,SIPP_BigCS,"50,29,0","151,90,0",0,-1,0,0.0,0.0,0.0,0.0,
326,SIPP_Standard,"50,29,1","151,90,4",0,-1,0,4e-05,0.0,0.0,0.0,
327,SIPP_2^2,"115,224,0","178,119,0",1,1724.5658879999999,8622,3.84038,360.62446,80.11061,160.22123,1 1 1 1 1 0 0 0 1 1 1 1 1 0 0 0 0 0 0 1 1 0 0 0 0 1 0 0 1 1 0 0 0 0 0 0 1 0 0 0 0 0 0 1 1 0 1 0 1 0 0 0 0 0 0 0 0 0 0 0 0 0 0 1 0 1 0 0 1 1 1 1 1 1 1 0 0 1 1 1 1 1 1 1 1 1 0 0 1 0 0 0 1 0 1 0 1 0 1 0 0 1 1 1 1 1 1 1 1 1 1 1 0 0 0 0 1 1 1 0 0 0 1 0 0 1 0 0 0 0 1 0 0 1 0 1 1 1 0 0 0 0 3 0 0 0 0 0 0 0 0 0 0 -21.743 0 -1.170 0 0 -0.970 0 -0.062 0 -0.620 0 0 0 0 0 0 0 0 0 0 0 0
327,SIPP_2^3,"115,224,0","178,119,0",1,1721.197358,11756,9.8459,167.58017,32.20133,64.40265,1 1 1 1 1 1 0 1 1 0 0 0 0 0 1 1 1 1 1 1 1 1 1 0 1 1 1 -56.605 1 -2.362 7 -8.281 0 -5.030 0 0 0 0 0 0 0 0 0 0 0 0 0 1 1 0 0 0 1 1 1 1 1 2 1 2 2 2 2 2 2 2 2 2 2 2 2 2 2 2 2 2 2 1 1 1 1 2 2 2 2 2 2 2 2 2 2 2 1 1 0 0 0 0 1 0 0 0 0 0 -49.168 2 -12.273 0 -1.137 2 -1.137 0 -1.138 0 -1.137 0 -4.688 1 0 0 0 0 0 0 7 0 -9.704 1 -0.040 1 -0.040 7 -0.040 7 -0.040 7 7 -2.526 0 -1.170 0 0 0 0 0 0 0 0 0 7 0 0 7 0 0
327,SIPP_2^4,"115,224,0","178,119,0",1,1717.655047,13380,28.707,80.28352,15.9538,31.9076,2 2 1 2 2 2 2 2 1 2 2 2 2 2 2 2 2 1 1 1 2 -67.092 0 -1.214 15 -9.631 0 -5.030 0 0 0 0 0 0 0 0 0 0 1 1 1 1 1 1 2 -2.951 3 4 4 4 4 4 4 3 3 3 3 3 3 4 -0.033 5 4 -3.974 4 4 4 4 4 5 4 4 4 -0.466 3 2 2 1 1 0 -41.071 0 -15.705 0 -12.180 0 -12.273 0 -1.137 0 -1.137 0 -1.138 0 -6.125 1 0 0 15 0 0 15 -0.907 3 -1.521 2 -1.521 1 15 15 15 15 15 15 15 15 1
327,SIPP_2^5,"115,224,0","178,119,0",1,1715.842933,13598,70.76935,73.52898,14.26989,28.53978,3 4 4 4 3 4 3 3 3 4 3 3 4 -67.928 8 -1.214 30 -9.631 0 -5.030 0 0 0 0 0 1 0 0 0 1 2 2 2 2 -0.930 4 -3.817 7 7 7 8 8 7 8 8 8 8 7 -8.125 6 7 9 9 8 8 8 8 7 7 8 -23.255 3 -4.203 2 1 1 1 2 -5.028 31 0 31 31 29 29 29 29 29 28 28 -0.225 2
327,SIPP_BigCS,"115,224,13","178,119,12",0,-1,24384,180.0983,0.0,0.0,0.0,
327,SIPP_Standard,"115,224,13","178,119,12",1,1719.3292490000001,50474,133.89572,44.17289,8.4139,1.0496,68 29 29 37 -88.350 2 2 26 -19.812 89 1 9 -3.745 45 1 13 -25.640 60 92 10 54 66 -1.782 46
328,SIPP_2^2,"201,252,0","195,123,0",1,2455.3347510000003,15157,6.61714,304.05592,70.68583,141.37167,0 0 0 1 0 1 0 0 0 0 0 0 0 0 0 0 0 0 0 0 0 0 -73.560 3 -0.410 3 -0.106 3 -13.960 0 -3.383 0 -2.094 0 -1.047 0 -0.410 0 -0.106 0 -0.013 0 0 0 -0.034 0 -0.375 0 1 0 1 0 -3.352 0 -4.208 0 -3.594 0 0 -0.706 0 0 0 -8.600 0 0 -2.255 0 0 -28.814 0 -9.977 0 0 0 3 3 3 3 3 3 0 3 3 3 0 3 3 -333.133 1 0 0 0 0 0 0 0 0 0 0 0 0 0 0 0 0 1 0 0 0 0 0 0 0 0 0 0 0 1 1 0 -15.846 0 -3.302 3 0 0 0 0 0 3 3 3 3 3 3 3 3 3 3 0 3 0 3 0 0 3 0 3 3 0 3 3 0 0 0 0 3 0 0 0 0 0 0 0 0 0 0 3 0 3 0 0 0 -10.825 0 -5.225 0 0 0 0 0 0 0 0 0 0 0 0 1 0 0 0 0 0 0 0 0 1 1 1 1 1 1 1 1 1 1 1 1 1 1 1 1 1 1 1 1
328,SIPP_2^3,"201,252,0","195,123,0",1,2097.254222999999,8230,6.29144,175.15909,35.34292,70.68584,0 1 0 1 -0.599 0 -3.637 0 0 0 0 0 0 0 0 0 0 0 0 0 0 0 7 -66.897 4 -0.410 6 -0.106 6 -0.013 6 -1.876 7 -1.157 7 0 0 0 0 0 0 0 1 -7.073 0 0 0 1 1 1 0 0 0 0 -10.785 0 1 1 0 1 -4.562 6 -0.206 6 -9.977 0 7 6 6 6 6 7 6 7 6 7 6 -348.925 1 0 0 0 0 0 0 0 0 0 0 0 0 0 0 0 0 1 0 0 0 0 0 0 0 1 1 1 1 1 1 1 1 1 1 1 1 1 1 1 1 1 0 -3.830 0 -0.094 0 0 0 0 0 0 0 0 0 0 0 0 0 0 0 7 7 7 7 7 7 7 7 7 7 0 7 7 7 7 0 0 0 0 7
328,SIPP_2^4,"201,252,0","195,123,0",1,1992.050066,6597,12.53144,135.41189,29.6933,59.38661,1 1 2 15 0 0 0 0 0 0 0 0 15 0 0 0 0 -69.975 8 -0.410 12 -0.106 12 -0.013 12 -1.876 14 -1.157 14 0 0 1 0 0 0 0 -8.854 0 0 1 2 2 -0.477 0 -1.170 0 0 0 -10.864 1 2 1 -8.180 12 -0.206 12 -9.977 0 13 12 12 13 14 14 12 -0.903 12 12 -351.585 2 0 0 0 0 0 0 0 0 0 0 0 0 0 0 0 1 1 1 1 0 0 0 0 0 1 1 1 1 1 0 0 0 0 0 0 0 0 0 0 0 0 0 0 0 0 0 0 0 0 15 0 15 0 15 0 0 0 0 15 0 15 0 15
328,SIPP_2^5,"201,252,0","195,123,0",1,1980.4597450000006,7193,32.67425,92.05022,21.53037,43.06075,2 3 -0.530 0 0 0 31 31 0 0 0 0 0 0 0 -71.369 16 -0.410 24 -0.106 24 -0.013 24 -1.876 28 -1.157 28 0 0 0 0 0 0 0 0 -0.092 0 -1.123 8 0 2 4 4 -0.477 0 -1.170 0 0 0 -10.864 2 -6.075 0 0 -28.814 0 -9.977 0 25 24 24 24 -2.222 24 26 26 -348.187 1 0 0 0 0 0 0 0 0 0 0 0 0 0 0 1 1 1 1 1 1 1 1 2 0 0 0 0 0 0 0 0 0 31 0 0 31 0 0 0 31 0 31 0 31 0 0 0 31
328,SIPP_BigCS,"201,252,13","195,123,10",0,-1,28203,180.00699,0.0,0.0,0.0,
328,SIPP_Standard,"201,252,13","195,123,10",1,2090.351117,6398,12.48035,69.67794,12.9877,1.8684,54 -46.979 58 -56.633 66 42 84 25 -55.838 104 -6.456 43 85 18 92 2 2 18 60 -8.897 60 76 81 2 -2.548 6 66 54 74
329,SIPP_2^2,"25,57,0","133,3,0",1,2111.2621099999997,19825,8.5865,332.34019,73.82743,147.65485,2 1 -19.166 1 -1.248 1 -1.122 1 -1.028 1 -1.200 1 -1.424 0 1 1 1 1 -0.842 1 1 1 1 1 1 1 1 1 1 1 1 1 1 1 1 1 1 1 -10.676 1 1 0 0 1 0 0 0 0 0 0 0 0 0 0 0 0 1 1 1 0 0 0 0 0 0 0 0 0 0 -20.861 1 -8.464 2 1 1 2 2 2 2 1 1 2 -14.544 1 1 1 0 0 1 -100.565 1 -11.659 0 1 1 1 1 1 1 1 1 1 1 1 1 1 -5.003 1 -1.169 1 -0.106 0 -9.930 1 -0.012 1 -0.012 1 -0.012 1 1 0 0 0 1 1 0 0 1 1 0 0 0 1 1 0 0 1 0 0 1 1 -26.413 1 -4.183 0 -4.183 1 -18.236 1 -3.594 1 1 -0.706 1 -9.178 0 -4.030 1 0 1 1 1 1 1 1 1 1 1 1 1 1 1 1 1 0 0 0 1 1 -51.436 0 1 -0.260 1 1 1 1 1 1 1 1 0 1 0 0 1 0 0 0 0 0 0 0 0 0 0 3
329,SIPP_2^3,"25,57,0","133,3,0",1,1568.7053779999999,7601,6.60945,162.06776,32.98672,65.97345,-27.568 2 -1.597 2 -1.248 2 -1.122 0 1 1 1 1 1 1 1 1 1 1 0 1 1 1 1 1 2 2 1 2 2 2 2 2 2 1 2 1 2 1 1 1 1 1 1 1 1 2 1 2 2 2 2 2 2 2 2 2 3 -4.526 2 -0.034 0 -7.993 3 2 2 2 2 2 2 2 2 2 3 2 3 3 -6.146 2 1 1 2 1 1 1 1 -1.351 1 -7.885 0 -0.029 0 1 2 2 2 1 2 2 2 2 2 2 2 2 2 2 2 2 2 2 2 2 2 2 2 2 2 1 1 1 1 1 1 1 0 1 0 -16.872 0 -10.466 0 0 7 -33.626 0 -1.137 0 0 0
329,SIPP_2^4,"25,57,0","133,3,0",1,1568.7053779999999,7985,16.98127,87.22445,17.34474,34.68949,14 0 0 0 0 0 1 4 3 4 3 3 3 3 3 3 4 4 4 3 3 3 3 3 3 3 2 2 2 2 2 2 2 -1.771 3 4 4 4 4 4 4 4 5 -27.035 4 -7.993 6 5 5 4 4 4 4 4 5 5 4 2 3 2 2 2 2 2 -0.191 0 -9.956 0 -0.029 0 3 4 -2.068 3 4 4 4 4 4 4 4 4 4 4 4 4 3 4 4 4 4 3 3 3 3 2 2 1 0 -29.056 0 -10.466 0 15 -35.407 0 -1.137 0 0 0
329,SIPP_2^5,"25,57,0","133,3,0",1,1568.7053779999999,8115,41.87165,58.01476,11.49718,22.99436,28 0 0 0 0 1 7 7 6 6 6 6 6 7 7 7 6 6 6 6 4 4 4 4 4 4 4 4 -3.827 8 8 9 8 8 8 8 8 -37.616 9 9 9 9 9 8 -1.463 5 4 4 4 4 4 -3.387 0 -9.956 0 -0.029 0 7 -2.694 7 8 8 8 8 8 8 8 8 7 8 8 7 7 8 7 6 4 4 1 -33.595 0 -10.195 31 -36.416 0 -1.137 0 0 0
329,SIPP_BigCS,"25,57,15","133,3,14",0,-1,22455,180.06539,0.0,0.0,0.0,
329,SIPP_Standard,"25,57,15","133,3,14",1,1590.5989739999998,25522,71.54243,60.18758,11.4996,1.6875,-39.870 13 60 68 45 1 13 84 -15.419 21 32 -23.411 89 13 -2.071 84 1 1 9 37 -80.829 6
330,SIPP_2^2,"212,110,0","195,226,0",0,-1,0,0.0,0.0,0.0,0.0,
330,SIPP_2^3,"212,110,0","195,226,0",0,-1,0,0.0,0.0,0.0,0.0,
330,SIPP_2^4,"212,110,0","195,226,0",0,-1,0,0.0,0.0,0.0,0.0,
330,SIPP_2^5,"212,110,0","195,226,0",0,-1,0,0.0,0.0,0.0,0.0,
330,SIPP_BigCS,"212,110,0","195,226,0",0,-1,0,0.0,0.0,0.0,0.0,
330,SIPP_Standard,"212,110,14","195,226,5",0,-1,0,3e-05,0.0,0.0,0.0,
331,SIPP_2^2,"7,154,0","89,239,0",1,2312.1221830000004,12921,5.62704,445.47727,98.96017,197.92034,2 2 2 2 3 3 2 2 2 2 2 2 2 3 2 3 2 2 2 2 2 -2.782 2 -0.101 2 -3.637 1 2 -3.502 1 2 -51.591 1 1 2 1 2 1 2 2 2 2 2 2 2 3 2 3 2 -87.422 2 -3.383 2 -11.294 1 -0.918 2 2 2 2 2 2 2 2 -6.195 2 2 3 -0.715 3 3 3 0 3 0 3 0 1 -0.464 1 -0.012 1 1 1 2 -39.267 1 -2.284 1 -1.597 2 -1.248 2 -1.122 2 -1.062 2 -0.985 2 -0.534 2 -0.151 2 -0.060 2 -0.420 2 1 2 2 2 -2.995 2 -1.170 2 2 -0.970 2 -10.682 1 -12.418 2 -1.584 1 -1.535 2 2 1 1 1 1 1 2 2 1 1 1 1 1 1 1 1 2 1 1 1 1 1 1 1 1 1 1 1 1 1 2 2 1 2 2 2 2 2 2 1 1 1 1 1 1 1 1 1 1 1 1 1 1 1 1 2 1 1 1 2 2 1 2 1 1 1 1 1 1 1 1 1 1 1 1 1 -89.126 1 -0.592 2 -0.257 2 2 2 2 -0.045 1 1 2 1 1 1 1 1 1 1 1 2 1 1 2 1 1 1 2 1
331,SIPP_2^3,"7,154,0","89,239,0",1,2075.6559989999982,9409,7.71081,281.12475,58.90486,117.80973,4 5 4 4 5 4 5 4 4 4 4 4 4 4 4 4 5 -26.214 4 -0.101 4 -1.566 3 -9.360 3 -59.520 2 3 3 4 3 4 4 4 4 5 5 4 -102.705 2 -4.006 4 -24.677 4 -0.918 4 -0.201 2 -0.084 2 -0.626 2 -1.037 2 -75.428 6 -0.012 4 -0.012 4 -0.012 4 -10.025 6 -0.012 6 5 4 4 -65.063 4 -2.284 2 -1.597 4 -1.248 4 -1.122 4 -1.062 4 -0.985 4 -0.534 4 -0.151 4 -0.060 4 -0.420 4 3 -0.222 4 -3.945 4 -4.686 4 -1.170 4 4 -0.970 4 -10.682 2 -12.418 4 -1.584 2 -1.535 4 3 2 2 2 2 2 2 2 3 2 3 2 2 2 2 2 2 2 2 2 2 2 2 2 2 2 2 2 3 3 3 2 2 2 2 2 2 2 2 2 2 2 2 3 2 3 2 2 2 3 3 3 2 3 2 3 3 2 3 3 3 3 2 2 2 3 3 2 3 3 2 3 2 3 2 2 3
331,SIPP_2^4,"7,154,0","89,239,0",1,1890.6303129999997,7041,14.44264,119.17268,26.16398,52.32795,4 4 4 3 3 4 4 5 6 6 6 7 7 6 7 7 9 9 9 -0.037 9 -2.488 10 9 10 -25.359 8 -5.067 8 -94.462 4 -1.236 8 -93.752 0 -20.745 4 -3.177 4 -3.293 4 -1.080 7 -0.525 8 -2.541 6 8 8 -1.934 8 -3.714 8 -3.997 8 9 9 -1.419 7 7 7 7 7 8 7 7 7 7 7 8 6 4 4 6 6 8 8 8 8 8 7 8 8 8 8 8 8 8 8 8 8 8 6 6 4 4 4 4 4 4 4 4 4 4 4 4 4 4 4 4 4 4 4 4 4 4 4 4 4 4 4 4 4 4 4 4 4 4 4 4 4 4 4 4 4 4 5 4 4 5
331,SIPP_2^5,"7,154,0","89,239,0",1,1885.99383,6988,34.82333,49.88139,9.89548,19.79096,17 17 16 17 16 16 17 16 16 -36.291 16 -0.101 16 -1.566 12 -9.360 12 -60.894 11 15 17 17 -125.124 16 -3.383 16 -12.871 15 16 16 16 15 16 16 16 16 -1.229 16 -1.424 16 16 16 16 16 -0.842 16 14 14 14 15 12 -1.380 12 12 -8.300 15 16 16 16 16 16 16 16 16 17 16 16 12 12 8 8 8 8 8 8 8 8 8 8 8 8 8 8 8 8 8 8 8 8 8 8 8 8 8 8 8 8 8 8 8 8 8 8 8 8 8 8 8 8 8 8 8 8 8 8 8 8 8 8 8 8 8 8 8 8 8 8 8 8 8 8 8 8 8 8 8 8 9
331,SIPP_BigCS,"7,154,3","89,239,1",0,-1,23303,180.13796,0.0,0.0,0.0,
331,SIPP_Standard,"7,154,3","89,239,1",1,2046.475109,38996,104.25806,75.58406,14.3235,2.0705,33 98 -7.520 84 25 104 55 -59.950 83 0 -9.074 8 44 0 4 88 -49.449 8 36 -0.482 17 63 95 1 21 48 63 71
332,SIPP_2^2,"133,151,0","193,50,0",0,-1,0,0.0,0.0,0.0,0.0,
332,SIPP_2^3,"133,151,0","193,50,0",0,-1,0,0.0,0.0,0.0,0.0,
332,SIPP_2^4,"133,151,0","193,50,0",0,-1,0,0.0,0.0,0.0,0.0,
332,SIPP_2^5,"133,151,0","193,50,0",0,-1,0,0.0,0.0,0.0,0.0,
332,SIPP_BigCS,"133,151,0","193,50,0",0,-1,0,0.0,0.0,0.0,0.0,
332,SIPP_Standard,"133,151,1","193,50,6",0,-1,54418,180.00079,0.0,0.0,0.0,
333,SIPP_2^2,"207,250,0","171,132,0",0,-1,0,0.0,0.0,0.0,0.0,
333,SIPP_2^3,"207,250,0","171,132,0",0,-1,0,0.0,0.0,0.0,0.0,
333,SIPP_2^4,"207,250,0","171,132,0",0,-1,0,0.0,0.0,0.0,0.0,
333,SIPP_2^5,"207,250,0","171,132,0",0,-1,0,0.0,0.0,0.0,0.0,
333,SIPP_BigCS,"207,250,0","171,132,0",0,-1,0,0.0,0.0,0.0,0.0,
333,SIPP_Standard,"207,250,1","171,132,9",0,-1,0,4e-05,0.0,0.0,0.0,
334,SIPP_2^2,"248,25,0","224,148,0",1,1760.945714,4475,1.96187,431.33514,95.81858,191.63715,2 2 2 2 2 3 2 3 3 3 2 2 3 3 2 2 2 2 2 2 2 2 1 1 1 2 2 1 2 1 1 2 1 2 1 2 1 2 1 2 2 1 2 2 2 2 2 2 2 2 2 2 2 2 2 2 2 2 2 2 2 2 2 2 2 2 2 2 2 2 2 2 2 2 2 1 -30.782 2 -0.101 2 -0.062 2 2 2 2 2 3 2 2 2 2 2 2 2 2 2 2 2 2 2 2 2 2 2 2 2 2 2 2 2 2 2 1 2 3 3 3 2 2 2 2 2 2 2 2 2 2 3 2 2 3 3 2 3 3 2 3 3 3 3 3 2 3 2 3 2 3 3 3 3 3 2 3 2 3 2 2 3 2 2 2 3 2 3 2 2 3 3 2 3 2 2 2 3 2 3
334,SIPP_2^3,"248,25,0","224,148,0",1,1438.5330499999993,2849,2.33809,91.07404,18.06416,36.12832,4 4 5 5 4 4 4 5 5 4 5 4 4 4 4 4 4 4 4 4 4 4 4 4 4 4 4 4 4 4 4 4 4 4 4 4 4 4 4 4 4 4 4 4 4 4 4 4 4 4 4 4 4 4 3 3 3 3 3 4 4 4 4 4 4 4 4 4 4 4 4 4 4 4 4 4 4 4 4 4 4 4 4 4 4 4 4 5 4 4 4 4 4 4 4 4 4 4 5 3 4 4 5 5 5 5 5 6 6 5 5 5 4 -30.127 4 4 5 5 5 5 5 5 5 5 6 5 6 6 5
334,SIPP_2^4,"248,25,0","224,148,0",1,1392.844817,2262,4.73911,49.46124,9.81251,19.62503,8 9 9 9 9 9 8 8 8 7 7 7 7 8 8 8 8 8 8 8 8 8 8 8 8 8 8 8 8 8 8 8 8 8 8 8 8 8 8 8 7 8 8 8 8 8 8 8 8 8 8 8 8 8 8 8 8 8 8 8 8 8 8 8 8 8 8 8 8 8 8 8 8 8 8 8 8 8 8 8 8 8 9 8 8 8 9 -1.090 8 -10.311 6 9 11 11 11 11 11 11 11 11 10 10 9 9 8 9 8 9
334,SIPP_2^5,"248,25,0","224,148,0",1,1385.3922109999999,2215,11.67033,41.2896,8.3205,16.641,17 18 18 18 17 16 16 16 16 16 16 16 16 16 16 16 16 16 16 15 15 16 16 16 15 16 16 16 16 16 16 16 16 16 16 16 16 16 16 15 15 16 16 16 16 16 16 16 16 16 16 16 16 16 16 16 16 16 16 16 16 16 17 16 16 16 16 16 16 16 16 16 16 16 17 16 20 -11.172 13 18 -0.115 21 22 22 22 22 22 21 20 18 18 18 18 18
334,SIPP_BigCS,"248,25,15","224,148,9",1,1390.7722250000002,20067,133.07445,35.55146,6.6927,1.6801,206 206 206 310 4 4 4 4 4 0 0 4 4 80 200 200 360 4 4 4 4 4 4 4 4 4 0 4 4 4 4 -1.523 0 4 4 4 4 4 4 56 206 342 -15.250 344 183 203 203 203 203 203 323 310 76
334,SIPP_Standard,"248,25,15","224,148,9",1,1476.672586,9736,19.87197,45.15328,8.6464,1.2249,20 -8.845 39 8 52 88 0 0 0 0 0 0 4 -7.828 104 43 109 51 70 51
335,SIPP_2^2,"58,102,0","146,30,0",0,-1,0,0.0,0.0,0.0,0.0,
335,SIPP_2^3,"58,102,0","146,30,0",0,-1,0,0.0,0.0,0.0,0.0,
335,SIPP_2^4,"58,102,0","146,30,0",0,-1,0,0.0,0.0,0.0,0.0,
335,SIPP_2^5,"58,102,0","146,30,0",0,-1,0,0.0,0.0,0.0,0.0,
335,SIPP_BigCS,"58,102,0","146,30,0",0,-1,0,0.0,0.0,0.0,0.0,
335,SIPP_Standard,"58,102,15","146,30,5",0,-1,0,5e-05,0.0,0.0,0.0,
336,SIPP_2^2,"105,54,0","78,177,0",1,2289.404915,14022,6.11864,212.13203,50.26548,100.53096,0 0 0 0 0 0 0 -306.560 3 -20.529 2 2 2 2 2 -12.694 2 -0.101 2 3 2 2 2 2 3 3 3 3 -17.492 2 -23.181 2 2 2 3 3 3 3 3 2 2 3 2 -3.501 2 -0.020 2 2 2 2 2 2 2 2 2 2 2 2 2 2 2 2 2 2 -0.964 2 -10.065 2 2 2 2 2 2 2 2 2 2 2 2 2 2 2 2 2 1 1 1 1 1 -7.312 1 -2.094 2 -1.047 2 -0.410 2 -0.106 2 -0.013 2 2 2 2 -0.018 2 3 2 2 2 2 2 2 2 2 3 2 2 2 2 3 3 2 3 2 2 2 2 2 2 2 2 2 2 2 2 2 2 2 3 3 3 -29.872 1 -1.137 2 -1.137 2 -12.274 2 -1.072 2 2 2 2 2 -0.813 2 -2.725 2 -2.716 2 2 2 2 2 2 2 2 2 -31.153 2 -20.037 2 -0.053 2 -0.310 2 2 2 3 3 3 2 3 2 2 2 2 2 2 2 2 2 3 3 3 3 3 3 3 3 3 2 2 3 2
336,SIPP_2^3,"105,54,0","78,177,0",1,1967.603999,10255,8.62005,166.74859,36.12832,72.25663,0 0 0 0 0 0 0 -327.076 4 -0.013 4 4 4 5 5 -4.409 2 -0.101 4 5 5 4 4 4 4 4 4 4 4 4 4 5 4 5 5 5 4 4 4 4 5 4 4 4 5 5 4 4 4 4 4 5 4 4 4 4 4 4 4 5 5 4 4 4 4 4 4 5 5 5 5 5 4 4 4 4 4 4 4 4 4 4 4 4 4 4 4 4 4 4 4 4 4 4 4 4 4 4 4 4 4 4 4 4 4 4 4 4 4 4 4 4 4 4 4 4 4 5 4 4 -70.810 4 -1.138 6 -1.137 4 -4.169 5 4 4 -2.329 4 3 4 4 4 5 5 4 4 4 4 4 5 4 5 5 4 4 5 -4.871 7 -1.430 0
336,SIPP_2^4,"105,54,0","78,177,0",1,1967.603999,11254,24.50809,100.99222,19.70094,39.40188,12 12 12 12 12 12 12 12 12 12 12 11 12 14 13 12 -5.112 12 12 12 11 10 13 14 14 14 13 14 13 13 10 8 8 8 8 8 8 7 7 7 7 7 7 8 8 8 8 8 8 8 8 8 8 8 8 8 8 8 8 8 8 8 8 8 7 7 7 7 7 7 7 7 7 7 8 8 8 7 8 8 8 8 8 8 8 8 8 8 8 8 8 8 8 8 8 7 8 8 8 8 8 8 8 8 8 8 8 8 8 8 8 8 8 8 7 8 8 8 8 8 -99.767 12 -1.138 12 -6.045 9 8 8 -2.780 7 8 8 8 8 8 8 9 9 9 9 9 10 -9.381 12 0 -2.342 0
336,SIPP_2^5,"105,54,0","78,177,0",1,1967.603999,11552,60.96631,84.66109,16.67609,33.35218,24 24 24 24 24 24 24 24 23 24 24 25 28 28 23 22 20 27 27 27 27 20 16 15 15 16 15 15 15 16 16 16 16 16 16 16 16 16 16 16 15 16 16 15 15 15 15 15 15 15 15 15 15 15 16 15 16 16 16 16 16 16 16 16 16 16 16 16 16 16 16 16 16 16 16 16 16 16 16 16 16 16 16 16 16 16 16 16 16 16 16 16 16 -128.022 16 -1.138 24 -6.565 17 16 -3.318 15 16 16 17 17 17 18 18 18 -0.864 30 -2.911 0
336,SIPP_BigCS,"105,54,6","78,177,6",0,-1,22507,180.16511,0.0,0.0,0.0,
336,SIPP_Standard,"105,54,6","78,177,6",1,1990.079391,21218,51.34543,80.45808,15.3403,2.361,47 -8.369 27 106 45 25 104 -39.184 31 55 83 4 -14.527 88 16 62 94 0 0 0 0 4 96 102 104 43
337,SIPP_2^2,"126,146,0","234,195,0",0,-1,0,0.0,0.0,0.0,0.0,
337,SIPP_2^3,"126,146,0","234,195,0",0,-1,0,0.0,0.0,0.0,0.0,
337,SIPP_2^4,"126,146,0","234,195,0",0,-1,0,0.0,0.0,0.0,0.0,
337,SIPP_2^5,"126,146,0","234,195,0",0,-1,0,0.0,0.0,0.0,0.0,
337,SIPP_BigCS,"126,146,0","234,195,0",0,-1,0,0.0,0.0,0.0,0.0,
337,SIPP_Standard,"126,146,2","234,195,11",0,-1,0,6e-05,0.0,0.0,0.0,
338,SIPP_2^2,"167,107,0","139,22,0",0,-1,0,0.0,0.0,0.0,0.0,
338,SIPP_2^3,"167,107,0","139,22,0",0,-1,0,0.0,0.0,0.0,0.0,
338,SIPP_2^4,"167,107,0","139,22,0",0,-1,0,0.0,0.0,0.0,0.0,
338,SIPP_2^5,"167,107,0","139,22,0",0,-1,0,0.0,0.0,0.0,0.0,
338,SIPP_BigCS,"167,107,0","139,22,0",0,-1,0,0.0,0.0,0.0,0.0,
338,SIPP_Standard,"167,107,13","139,22,9",0,-1,55443,180.00013,0.0,0.0,0.0,
339,SIPP_2^2,"106,209,0","235,207,0",0,-1,0,0.0,0.0,0.0,0.0,
339,SIPP_2^3,"106,209,0","235,207,0",0,-1,0,0.0,0.0,0.0,0.0,
339,SIPP_2^4,"106,209,0","235,207,0",0,-1,0,0.0,0.0,0.0,0.0,
339,SIPP_2^5,"106,209,0","235,207,0",0,-1,0,0.0,0.0,0.0,0.0,
339,SIPP_BigCS,"106,209,0","235,207,0",0,-1,0,0.0,0.0,0.0,0.0,
339,SIPP_Standard,"106,209,10","235,207,0",0,-1,0,4e-05,0.0,0.0,0.0,
340,SIPP_2^2,"0,8,0","113,1,0",0,-1,0,0.0,0.0,0.0,0.0,
340,SIPP_2^3,"0,8,0","113,1,0",0,-1,0,0.0,0.0,0.0,0.0,
340,SIPP_2^4,"0,8,0","113,1,0",0,-1,0,0.0,0.0,0.0,0.0,
340,SIPP_2^5,"0,8,0","113,1,0",0,-1,0,0.0,0.0,0.0,0.0,
340,SIPP_BigCS,"0,8,0","113,1,0",0,-1,0,0.0,0.0,0.0,0.0,
340,SIPP_Standard,"0,8,13","113,1,13",0,-1,0,1e-05,0.0,0.0,0.0,
341,SIPP_2^2,"163,204,0","151,95,0",1,2159.7480520000004,17647,7.93102,212.13203,53.40708,106.81415,2 2 2 3 3 3 3 -19.017 3 -20.078 3 -11.388 3 3 3 0 3 3 3 3 0 3 0 0 3 3 3 3 3 3 3 3 3 3 3 3 3 0 0 0 0 0 0 0 0 0 0 0 0 0 0 0 0 0 0 0 0 0 0 0 0 0 0 0 0 -29.779 3 -30.765 0 -20.001 0 -0.094 0 -0.375 0 0 0 0 0 0 0 0 0 0 0 0 0 0 0 0 0 0 0 0 0 0 0 0 0 0 0 0 0 0 0 0 0 0 0 0 0 0 1 0 0 0 3 3 0 0 0 0 0 -12.097 2 -0.370 1 -20.048 2 -0.029 2 -96.075 0 -10.211 0 -0.420 0 -1.504 0 -2.600 3 3 3 0 0 0 0 0 0 -10.762 0 1 0 0 0 0 0 0 0 0 0 0 0 0 0 0 0 0 1 1 0 0 1 1 1 0 0 1 0 1 0 0 0 -41.639 1 -49.187 1 -12.143 1 -0.534 1 -0.151 1 -0.060 1 -0.420 1 1 1 1 1 2
341,SIPP_2^3,"163,204,0","151,95,0",1,1768.8323719999994,7219,6.05265,135.76366,26.70354,53.40708,5 5 6 5 -36.590 6 -20.078 6 -11.388 6 6 6 6 6 6 7 6 6 6 7 6 6 6 6 6 6 7 7 7 7 7 7 7 7 7 7 7 0 7 7 7 7 -5.660 0 -0.410 0 -0.106 0 -0.013 0 0 0 -0.034 0 -0.375 0 0 0 0 -0.919 0 0 0 0 0 0 0 1 0 0 0 0 0 1 0 0 0 0 1 0 1 0 1 0 0 0 0 0 0 0 0 0 0 0 0 0 0 0 0 0 0 0 0 7 7 0 7 0 0 0 0 0 0 0 0 0 0 0 0 0 0 0 0 0 0 0 0 0 7 7 7 0 0 0 0 0 0 1 2 2 2 1 1 1 2 2 2 2 2 2 2 2 2 2 2 2 2 2 2 2 1 2 2 1
341,SIPP_2^4,"163,204,0","151,95,0",1,1537.8539550000003,2130,4.31416,75.01864,14.95059,29.90119,10 10 11 -38.372 12 -20.078 12 -11.388 12 12 12 13 12 12 12 12 13 12 12 13 13 12 12 14 14 0 0 0 -6.959 0 -1.214 15 -9.631 0 -5.030 0 0 0 0 0 0 0 0 1 0 0 1 1 1 1 1 2 1 1 2 2 1 1 1 1 1 1 2 2 1 1 1 0 0 0 0 0 0 0 0 1 0 0 0 0 0 0 0 1 0 0 0 0 0 0 0 0 0 0 0 0 15 15 15 0 15 15 0 15 15 0 15
341,SIPP_2^5,"163,204,0","151,95,0",1,1515.9667290000004,1495,6.9585,40.34671,7.99875,15.9975,20 21 -38.819 24 -20.078 24 -11.388 24 24 25 25 25 25 24 24 24 24 24 28 28 0 0 0 -9.911 0 -1.214 30 -9.631 0 -5.030 0 0 0 0 0 0 0 0 1 1 2 2 2 2 2 2 2 2 2 2 2 2 2 2 3 2 0 31 31 0 0 0 0 0 0 0 0 31 0 0 0 31 1 1 1 1 0 0 0 0 0 0 0 31 31 31
341,SIPP_BigCS,"163,204,1","151,95,9",1,1502.313428,7043,48.90302,47.3215,8.9029,1.6503,-68.369 238 59 365 59 333 -7.945 2 6 6 6 6 6 58 204 204 204 204 204 204 204 204 308 58 380 338 204 364 6 6 2 86 204 308 6 6 6 6 6 6 6 6 82 202
341,SIPP_Standard,"163,204,1","151,95,9",1,1767.378487,22327,62.80404,58.51504,11.09,1.5388,-71.394 47 19 93 27 -1.068 66 -14.538 46 -1.325 2 2 18 92 2 6 90 2 6 98 -6.054 76 97 103 57
342,SIPP_2^2,"251,42,0","155,102,0",1,2387.2733270000003,24090,11.09063,466.69048,106.81415,213.6283,2 2 2 2 2 2 3 2 3 3 3 3 3 2 2 2 2 2 2 2 2 2 3 2 2 3 3 2 3 3 3 3 3 2 3 3 3 3 3 3 3 2 2 3 3 3 3 2 3 -34.273 3 -4.183 2 3 3 3 2 3 3 2 3 3 3 3 2 3 -66.571 2 -0.049 2 2 -0.766 2 -1.137 2 -1.137 2 -1.137 3 -1.138 2 -4.702 2 -4.183 3 -4.183 2 3 3 3 3 3 3 3 3 2 2 3 2 2 3 2 2 3 2 2 2 3 2 2 2 2 2 2 2 2 2 2 2 2 2 1 1 2 1 2 -11.954 2 3 2 2 2 3 2 3 3 3 3 3 2 3 3 3 3 2 3 3 3 3 3 3 3 3 3 3 3 3 3 3 -63.606 2 3 3 3 3 3 3 3 0 0 3 3 3 0 3 2 2 2 2 2 2 2 3 3 3 3 2 3 3 3 3 3 3 3 3 3 2 3 -184.074 1 -4.183 0 0 0 0 0 0 0 0 1 0 0 0 0 0 0
342,SIPP_2^3,"251,42,0","155,102,0",1,1820.4133389999995,10386,8.96338,188.73868,36.91371,73.82743,4 4 4 4 4 5 5 5 6 6 6 5 5 4 5 5 5 5 5 5 5 5 5 5 5 5 6 6 6 6 6 6 6 6 6 6 6 6 6 5 5 6 5 -4.162 4 -218.023 4 -0.049 4 4 -0.766 4 -1.137 4 -1.137 4 -1.137 4 -1.138 6 -4.702 4 -4.183 6 -2.111 5 -0.040 5 6 6 6 6 6 5 5 4 5 4 4 5 4 4 5 5 4 4 4 4 5 5 5 5 5 4 5 5 4 5 5 4 4 5 5 6 6 6 -128.939 5 -0.645 6 -4.184 6 -3.383 6 6 6 6 6 6 6 6 7 7 0 6 7 6 6 6 6 6 6 6 6 7 6 7 7 6 6 7
342,SIPP_2^4,"251,42,0","155,102,0",1,1812.488043,10524,23.17203,112.7494,22.13305,44.26609,8 8 8 8 8 10 10 11 12 12 10 10 9 10 10 10 10 10 10 10 10 10 10 10 12 12 12 12 12 12 12 12 12 12 12 12 12 10 -4.215 11 10 -5.291 8 -218.023 8 -0.049 8 8 -0.766 8 -1.137 8 -1.137 8 -1.137 8 -1.138 12 -4.702 8 -4.183 12 -2.111 10 -1.521 11 12 12 12 12 10 10 9 9 9 9 9 9 9 9 9 9 9 9 9 9 10 10 10 -132.442 13 -5.880 12 -4.184 12 13 12 12 12 12 12 12 14 14 0 -0.222 13 13 12 12 12 12 13 12 12 13 12 12 14
342,SIPP_2^5,"251,42,0","155,102,0",1,1807.7549750000003,10475,55.26939,100.16089,19.53101,39.06203,16 16 16 16 16 20 20 24 23 20 20 18 20 20 20 20 20 20 20 20 20 20 20 24 24 24 24 24 24 24 24 24 24 24 24 24 20 -4.953 22 20 -5.291 16 -218.023 16 -0.049 16 16 -0.766 16 -1.137 16 -1.137 16 -1.137 16 -1.138 24 -4.702 16 -4.183 24 -2.111 20 -1.841 23 24 24 24 20 20 18 18 18 18 18 18 18 18 18 18 18 18 18 19 20 20 -133.308 26 -5.880 24 -4.184 24 24 24 24 24 24 25 28 28 0 -0.960 26 25 24 24 25 25 24 25
342,SIPP_BigCS,"251,42,9","155,102,13",0,-1,26553,180.08476,0.0,0.0,0.0,
342,SIPP_Standard,"251,42,9","155,102,13",1,1835.9547460000001,44757,101.66375,62.3333,11.931,1.5603,44 20 55 91 3 19 69 50 109 39 0 0 0 12 87 24 91 3 3 19 -19.955 93 27
343,SIPP_2^2,"236,167,0","198,45,0",0,-1,0,0.0,0.0,0.0,0.0,
343,SIPP_2^3,"236,167,0","198,45,0",0,-1,0,0.0,0.0,0.0,0.0,
343,SIPP_2^4,"236,167,0","198,45,0",0,-1,0,0.0,0.0,0.0,0.0,
343,SIPP_2^5,"236,167,0","198,45,0",0,-1,0,0.0,0.0,0.0,0.0,
343,SIPP_BigCS,"236,167,0","198,45,0",0,-1,0,0.0,0.0,0.0,0.0,
343,SIPP_Standard,"236,167,4","198,45,5",0,-1,0,4e-05,0.0,0.0,0.0,
344,SIPP_2^2,"210,13,0","80,12,0",1,2065.5946400000003,5529,2.61086,169.70563,40.8407,81.68141,2 2 2 2 2 2 -50.106 0 -31.413 0 -1.093 0 0 0 0 0 0 3 0 0 0 0 0 0 3 3 3 3 3 3 3 3 0 0 3 3 3 3 3 3 3 3 3 3 3 3 3 3 3 3 3 3 3 3 3 3 3 3 3 3 3 3 3 3 3 3 3 3 3 3 3 3 3 3 3 3 3 3 3 3 0 0 3 -4.983 3 -0.370 3 -0.093 3 -0.020 3 3 3 3 3 -0.017 3 -0.310 3 3 3 3 3 3 3 3 3 3 3 -303.848 3 3 3 3 3 3 3 3 3 3 2 2 3 3 2 3 3 3 2 2 3 3 3 3 3 2 3 3 3 3 3 0 3 -3.342 3 3 3 3 3 3 3 3 3 3 3 3 3 3 3 3 3 3 3 3 3 3 3 3 2 3 2 2 3 2 2 3 3 2
344,SIPP_2^3,"210,13,0","80,12,0",1,2019.3670739999993,7655,6.56388,139.00221,30.63053,61.26106,4 4 4 4 4 4 -50.106 0 -31.413 0 -1.093 0 0 0 0 0 0 0 7 7 7 6 7 6 6 6 6 6 7 7 6 6 6 6 6 7 6 6 6 6 6 7 6 6 6 6 6 6 6 6 6 6 6 6 7 6 6 6 6 6 6 6 6 6 6 6 6 6 6 6 6 6 6 6 -57.704 6 -0.370 6 -0.093 6 -0.020 6 6 6 6 6 -0.017 6 -0.310 6 6 6 6 6 6 6 6 6 6 6 -303.848 6 6 6 6 6 6 6 6 5 6 6 5 6 5 5 -15.830 4 -2.262 6 -0.869 6 -0.101 6 -0.062 6 5 6 7 6 6 6 7 6 6 6 6 6 6 6 6 6 6 5 5 6 5 5 6 5 6 6 6 6 6 6 6 5 6 6 5
344,SIPP_2^4,"210,13,0","80,12,0",1,2001.490247,8190,17.84694,72.37115,17.59058,35.18116,8 8 8 8 8 8 -50.106 0 -31.413 0 -1.093 0 0 0 0 0 15 0 14 14 13 12 13 13 13 12 12 12 12 12 12 12 12 12 12 13 -2.789 12 -4.134 12 12 12 12 12 12 12 12 12 12 12 12 12 12 12 12 12 12 12 12 12 12 12 12 12 12 12 12 12 13 -63.251 12 -0.370 12 -0.093 12 -0.020 12 12 12 12 12 -0.017 12 -0.310 12 12 12 12 12 12 12 12 12 12 12 -303.848 12 12 12 12 12 12 11 11 11 12 11 -22.956 8 -2.262 12 -0.869 12 -0.101 12 11 12 13 13 12 12 12 11 11 11 11 12 12 12 11 12 12 12 12 11 12 12 12 12 12 11
344,SIPP_2^5,"210,13,0","80,12,0",1,1995.8451180000002,8537,43.5177,54.05288,13.89133,27.78266,16 16 16 16 16 16 -50.106 0 -31.413 0 -1.093 0 0 0 0 31 0 28 28 25 24 25 25 25 24 24 24 24 24 25 -7.217 24 -4.134 24 24 24 24 24 24 24 24 24 24 24 24 24 24 24 24 24 24 24 24 24 24 24 24 24 24 24 24 25 -63.989 24 -0.370 24 -0.093 24 -0.020 24 24 24 24 24 -0.017 24 -0.310 24 24 24 24 24 24 24 24 24 24 24 -303.848 24 24 24 24 24 23 22 22 23 -24.431 16 -2.262 24 -0.869 24 -0.101 24 22 -0.379 25 25 24 -0.617 24 24 23 23 23 23 23 24 24 23 24 24 23
344,SIPP_BigCS,"210,13,8","80,12,1",0,-1,26985,180.03236,0.0,0.0,0.0,
344,SIPP_Standard,"210,13,8","80,12,1",1,2171.66867,10073,22.79568,79.72867,15.1137,2.2521,72 -55.470 79 104 -80.731 43 93 11 -27.532 43 -2.653 61 61 93 -5.481 3 15 -1.346 78 107 -155.457 38 23 30 38 23 50 93 11
345,SIPP_2^2,"244,156,0","110,164,0",0,-1,0,0.0,0.0,0.0,0.0,
345,SIPP_2^3,"244,156,0","110,164,0",0,-1,0,0.0,0.0,0.0,0.0,
345,SIPP_2^4,"244,156,0","110,164,0",0,-1,0,0.0,0.0,0.0,0.0,
345,SIPP_2^5,"244,156,0","110,164,0",0,-1,0,0.0,0.0,0.0,0.0,
345,SIPP_BigCS,"244,156,0","110,164,0",0,-1,0,0.0,0.0,0.0,0.0,
345,SIPP_Standard,"244,156,10","110,164,14",0,-1,0,6e-05,0.0,0.0,0.0,
346,SIPP_2^2,"2,156,0","133,177,0",1,2535.2502950000003,16286,7.05226,183.84776,47.12389,94.24778,1 1 1 1 1 1 1 1 1 1 1 -12.991 1 -2.352 1 1 2 2 -14.308 2 2 2 2 2 2 2 -6.112 2 -1.063 1 1 1 2 2 2 2 2 2 2 2 2 2 2 -14.239 2 -5.067 2 -94.462 1 -62.066 3 -32.922 1 -20.745 1 -3.177 1 -3.293 1 1 1 2 2 1 2 2 2 -94.583 1 -1.059 0 -1.139 1 -1.142 1 -1.255 1 -0.663 2 -4.183 2 1 1 -7.945 1 1 1 1 -0.829 1 -0.370 1 -0.093 1 -0.020 1 1 1 -1.914 1 -15.389 1 -3.649 1 -0.387 1 1 -1.421 1 -8.966 1 -0.909 1 -1.113 1 -0.006 1 -10.710 1 -1.073 1 -1.369 1 1 1 1 1 0 1 1 1 1 0 1 1 1 1 1 1 1 1 1 1 1 1 1 1 1 1 1 1 1 1 1 1 1 1 1 1 1 1 1 1 1 1 1 1 1 0 -27.091 1 -0.032 2 -0.033 2 -0.117 2 -4.913 1 1 1 1 1 1 1 1 1 1 1 1 1 1 1 1 1 1 -135.213 1 1 1 -0.601 1 -3.302 1 1 1 -37.310 1 -0.370 1 -0.093 1 -9.950 0 -0.022 0 -0.094 1 -0.375 1 -13.996 1 -0.307 1 1 -2.763 1 1 1 1 0 0 -2.467 0 -0.011 0 -0.053 0 -11.388 3 -2.663 0 -3.890 3 -5.214 3
346,SIPP_2^3,"2,156,0","133,177,0",1,2106.120643999999,8317,6.8267,157.60344,30.63053,61.26106,2 2 2 2 2 2 2 2 2 2 2 -12.991 2 -2.352 2 -3.037 4 -3.714 4 -3.938 4 -2.640 3 4 4 -0.069 4 -0.062 4 -0.620 4 -12.198 4 -1.063 2 2 3 4 4 4 4 4 4 4 4 4 5 4 -21.022 4 -28.891 4 -44.463 2 -73.175 0 -32.922 2 -20.745 2 -3.177 2 -3.293 2 3 4 4 -2.364 3 3 -95.986 0 -3.226 0 -1.639 2 -1.139 2 -1.142 2 -1.255 2 -14.855 2 -4.173 2 -1.982 3 -1.523 2 -2.993 2 -2.841 2 2 2 2 2 -0.278 2 -2.541 1 2 2 3 3 -0.638 3 -4.327 2 -8.966 2 -0.909 2 -1.113 2 -0.006 2 -10.710 2 -1.073 2 -1.369 2 2 2 2 2 1 2 2 2 2 2 1 2 1 1 2 2 2 2 2 2 2 2 2 2 2 2 2 2 2 2 2 2 2 2 2 2 2 2 2 2 2 1 1 1 2 2 2 2 2 2 2 2 2 2 2 2 2 2 2 2 2 2 2 2 2 2 2 2 2 2 2 2 2 2 2 2 2 1
346,SIPP_2^4,"2,156,0","133,177,0",1,2091.868996,8246,17.48275,101.21159,23.12633,46.25265,4 4 4 4 4 4 4 3 4 4 4 4 -0.912 6 -0.966 8 -3.714 8 -1.892 6 -2.014 9 -0.279 8 -0.101 8 -0.062 8 -0.620 8 -12.198 8 -1.063 4 5 8 8 8 8 8 7 7 -12.941 8 -135.981 0 -22.202 11 -0.582 8 -48.141 4 -22.085 3 -141.288 3 -0.819 5 -0.459 5 -0.510 4 -1.255 4 -1.750 4 -3.105 4 -0.481 5 -21.242 4 -0.869 4 -0.101 4 5 5 5 6 6 -3.986 5 -5.241 4 -8.966 4 -0.909 4 -1.113 4 -0.006 4 -10.710 4 -1.073 4 -1.369 4 3 3 3 3 3 3 4 4 4 4 4 4 4 4 4 4 4 4 4 4 4 4 4 4 4 4 4 4 4 4 4 4 4 4 4 3 3 4 4 4 4 4 4 4 4 4 4 4 4 4 4 4 4 4 4 4 4 4 4 4 4 4 4 4 4 4 4 4 4 4
346,SIPP_2^5,"2,156,0","133,177,0",1,2089.9492290000003,8350,42.49979,140.99085,26.91716,53.83433,8 8 8 8 8 8 8 8 7 8 -1.369 16 -2.352 8 -3.037 16 -3.714 16 -8.467 15 -0.599 16 -0.101 16 -0.062 16 -0.620 16 -12.198 16 -0.792 9 16 -0.436 16 -1.636 24 -3.238 16 -131.842 2 -0.042 4 10 -257.359 8 -0.370 16 -0.093 16 -0.020 16 -29.455 11 10 -1.665 11 -1.821 11 -4.068 8 -11.299 16 -0.869 8 -0.101 8 10 10 11 -4.733 11 -5.389 8 -8.966 8 -0.909 8 -1.113 8 -0.006 8 -10.710 8 -1.073 8 -1.369 8 6 7 7 7 7 8 8 8 8 8 8 8 8 8 8 7 8 8 8 8 8 8 8 8 8 8 7 7 7 8 8 8 8 8 8 8 8 8 8 8 8 8 8 8 8 8 8 8 8 8 8 8 8 8 8 8 8 9 8
346,SIPP_BigCS,"2,156,12","133,177,6",0,-1,22166,180.07241,0.0,0.0,0.0,
346,SIPP_Standard,"2,156,12","133,177,6",1,2115.98338,31207,77.90021,41.45735,7.8489,1.1819,57 105 -315.200 44 20 35 72 -67.362 95 -23.310 1 -16.616 1 -50.415 1 9 45 1 1 1 -2.079 1 1 1 1 9
347,SIPP_2^2,"29,176,0","150,139,0",1,2856.0748670000003,25127,10.98588,395.9798,94.24778,188.49556,1 1 0 -36.916 0 0 -1.662 0 -86.990 0 -1.597 3 -1.248 3 -1.122 0 -1.076 3 3 3 3 3 -8.380 3 -2.352 3 3 3 3 2 2 2 2 2 2 2 -19.722 2 -5.067 2 -94.462 1 -62.066 3 -32.922 1 -20.745 1 -3.177 1 -3.293 1 1 2 2 2 1 2 2 1 -94.583 1 -3.714 1 -9.626 1 -11.918 1 -4.183 2 1 1 -7.945 1 1 1 1 -0.829 1 -0.370 1 -0.093 1 -0.020 1 1 1 -1.914 1 -15.389 1 -3.649 1 -0.387 1 1 -1.421 1 -8.966 1 -0.909 1 -1.113 1 -0.006 1 -10.710 1 -1.073 1 -1.369 1 1 1 1 1 0 1 1 1 1 0 1 1 1 1 1 1 1 1 1 1 1 1 1 1 1 1 1 1 1 1 1 1 1 0 1 1 1 1 0 1 1 0 1 0 0 0 1 0 1 1 1 1 0 1 1 1 1 1 1 1 1 0 1 0 0 0 0 0 0 0 0 0 0 0 0 0 0 1 1 1 1 1 1 1 1 1 0 0 0 0 0 0 1 0 0 0 1 1 1 1 0 0 1 1 1 0 0 1 0 0 1 1 0 1 1 1 0 1 1 1 0 0 0 1 0 0 0 0 1 1 1 1 1 1 1 1 -54.737 2 -13.005 1 -3.105 1 -6.661 2 -5.585 1 -9.965 1 -0.034 1 1 1 2 1
347,SIPP_2^3,"29,176,0","150,139,0",1,2225.8548029999993,10224,8.68521,134.81306,26.70354,53.40708,7 7 0 -8.347 0 -0.201 2 -0.084 2 1 2 2 -72.439 7 0 7 7 7 7 7 7 7 0 7 0 0 0 0 0 0 0 0 0 0 0 0 0 0 0 0 0 0 0 0 0 0 0 0 0 1 1 1 1 1 2 2 2 2 2 2 2 2 2 2 2 2 2 1 1 1 1 1 0 0 0 0 0 0 0 0 1 1 1 1 1 1 1 1 1 2 2 2 2 3 3 3 3 3 3 3 3 3 3 3 3 3 3 3 3 2 2 3 2 3 3 2 2 2 2 2 2 2 2 2 2 2 2 2 2 2 2 2 2 2 2 2 2 2 3 2 2 2 2 2 2 2 2 2 2 2 2 2 3 3 2 2 2 2 2 2 3 -41.271 3 -12.180 3 -26.908 2 2 -7.613 2 2 2 2 2 2 2 2 2 2 2 2 3 3 3 3 3 2 3
347,SIPP_2^4,"29,176,0","150,139,0",1,2125.476401999999,7518,15.74686,123.29011,23.73187,47.46374,15 14 -10.128 0 -0.201 4 3 4 -0.528 4 -73.777 14 0 14 14 14 14 14 14 14 15 0 0 0 0 0 0 0 0 0 0 0 0 0 0 0 0 0 0 0 0 0 0 0 0 0 2 2 4 4 3 3 4 4 4 4 4 3 4 3 3 3 1 0 1 1 1 0 0 1 0 2 2 3 3 3 4 4 4 4 4 5 5 5 4 4 4 4 4 4 5 5 5 5 5 -14.214 4 -0.918 4 5 4 4 4 4 5 5 5 5 5 5 5 5 5 5 5 5 5 -1.784 6 6 6 6 6 6 6 6 5 4 4 5 5 5 4 5 5 4 4 4 2 2 2 2 2
347,SIPP_2^5,"29,176,0","150,139,0",1,2109.7906590000002,7411,37.28073,78.22486,15.52811,31.05622,7 8 -24.148 30 -6.081 0 -71.601 31 28 28 28 28 28 28 28 31 0 0 0 0 0 0 0 0 0 0 0 0 0 0 0 0 0 0 0 0 0 0 0 0 4 4 8 7 7 7 8 7 7 7 4 0 0 -0.460 1 2 1 1 4 4 7 7 7 9 9 9 9 9 10 10 10 10 10 -0.303 7 9 9 9 9 10 10 10 10 10 10 10 10 10 10 12 14 14 15 9 9 9 9 8 8 8 9 7 4 4 4 4
347,SIPP_BigCS,"29,176,2","150,139,8",0,-1,27095,180.03465,0.0,0.0,0.0,
347,SIPP_Standard,"29,176,2","150,139,8",1,2272.240632,17931,42.35113,78.20039,14.602,2.0766,-67.957 51 62 86 27 106 37 26 -76.896 105 -44.388 36 9 53 73 76 89 1 1 5 57 57 89 1 9 41 95 1
348,SIPP_2^2,"156,229,0","26,244,0",0,-1,0,0.0,0.0,0.0,0.0,
348,SIPP_2^3,"156,229,0","26,244,0",0,-1,0,0.0,0.0,0.0,0.0,
348,SIPP_2^4,"156,229,0","26,244,0",0,-1,0,0.0,0.0,0.0,0.0,
348,SIPP_2^5,"156,229,0","26,244,0",0,-1,0,0.0,0.0,0.0,0.0,
348,SIPP_BigCS,"156,229,0","26,244,0",0,-1,0,0.0,0.0,0.0,0.0,
348,SIPP_Standard,"156,229,1","26,244,0",0,-1,0,4e-05,0.0,0.0,0.0,
349,SIPP_2^2,"192,118,0","245,8,0",1,1738.765978,7337,3.2977,141.42136,31.41593,62.83185,0 1 0 0 0 0 0 0 0 0 0 0 0 0 0 0 0 0 0 0 0 0 0 0 0 0 0 0 0 0 0 0 0 0 1 1 1 1 1 1 1 0 1 0 0 1 1 0 0 0 1 1 1 1 1 1 1 1 1 1 1 1 1 1 1 1 1 1 1 1 1 1 1 1 1 1 1 1 1 1 1 1 1 1 0 1 0 0 1 1 1 1 1 1 1 1 1 1 0 1 0 0 0 0 0 0 0 0 0 0 0 0 0 0 3 3 0 0 0 0 0 0 0 0 0 0 0 0 0 0 0 0 0 0 3 3 0 -27.023 0 0 -1.743 0 0 0 0 0 0 0 0 0 0 0 0 0 0 0 0 0 0 0 0 0 0 0 0 0 0 0 0 0 0 0 0
349,SIPP_2^3,"192,118,0","245,8,0",1,1560.3787559999998,4684,3.87814,124.787,24.34734,48.69469,1 0 0 0 1 0 1 0 0 0 0 0 0 0 0 0 0 0 0 0 0 0 0 0 0 0 0 0 0 1 1 0 1 1 1 1 1 -1.714 0 -2.976 2 -3.924 0 -3.383 2 -2.094 2 -1.047 2 -0.410 2 -0.106 2 -0.013 2 2 2 2 2 -0.006 2 -0.310 2 -1.078 2 -2.663 2 -3.911 2 -3.594 2 2 -0.706 2 2 2 -3.480 2 2 2 2 1 -4.865 1 0 -2.944 1 1 1 1 0 1 1 0 0 0 0 0 1 0 1 1 1 1 1 1 1 1 1 1 1 0 0 0 0 0 0 0 0 0 0 0 0 0 0 0 0 0 0 0 0 0 0 0 1 0 0 0 -14.501 6 -9.962 7 7 0 0 0 0 0 0 0 0 0 0 0 0 0 0
349,SIPP_2^4,"192,118,0","245,8,0",1,1494.975599,3382,6.94733,98.30529,18.69773,37.39546,1 0 1 0 0 0 0 1 1 1 1 0 0 0 0 0 0 0 0 0 0 0 1 0 1 1 0 -0.021 4 -0.060 0 -11.808 0 -2.976 4 -3.924 0 -3.383 4 -2.094 4 -1.047 4 -0.410 4 -0.106 4 -0.013 4 4 4 4 4 -0.006 4 -0.310 4 -1.078 4 -2.663 4 -3.911 4 -3.594 4 4 -0.706 4 4 4 -3.480 4 4 4 4 -0.203 3 4 1 1 1 1 1 1 1 1 1 1 1 1 0 0 0 0 0 0 0 0 1 1 1 1 1 0 0 0 0 0 0 0 0 0 0 0 0 0 0 0 0 1 0 0 15 0 15 0 15
349,SIPP_2^5,"192,118,0","245,8,0",1,1483.5871440000003,3126,15.57303,51.703,10.25101,20.50201,2 0 0 0 0 0 0 1 1 1 0 0 1 0 1 0 1 3 -1.230 2 -9.523 0 -0.060 0 -11.808 0 -2.976 0 -3.924 8 -3.383 8 -2.094 8 -1.047 8 -0.410 8 -0.106 8 -0.013 8 8 8 8 8 -0.006 8 -0.310 8 -1.078 8 -2.663 8 -3.911 8 -3.594 8 8 -0.706 8 8 8 -3.480 8 8 8 -0.177 7 8 2 2 2 2 2 2 2 2 2 2 2 1 1 0 0 0 0 0 0 0 0 0 0 0 0 0 1 0 0 1 0 0 0 0 1 1 0 0 31 0 0 0 31
349,SIPP_BigCS,"192,118,14","245,8,4",1,1482.8499459999998,22907,161.98085,40.9584,7.6266,1.1048,308 6 6 6 86 364 6 6 86 204 -3.545 204 -43.416 236 -1.430 1 -14.354 1 5 5 -3.104 21 204 204 204 204 204 204 204 204 308 6 6 6 6 6 6 58 204 364 42 380 362 6 6 6
349,SIPP_Standard,"192,118,14","245,8,4",1,1723.774502,9560,19.17193,70.1003,13.4709,1.9296,37 6 90 22 29 45 5 -6.609 105 32 89 5 73 108 -42.329 42 92 -5.836 6 90 2 2 10
350,SIPP_2^2,"199,183,0","122,78,0",1,1925.455872,14485,6.43755,240.41631,53.40708,106.81415,3 3 3 3 3 3 0 0 3 3 0 3 3 3 3 3 3 0 3 3 3 3 3 0 0 3 0 0 0 3 3 0 3 3 3 3 3 3 3 3 3 3 3 3 3 3 3 3 3 3 3 3 3 3 0 0 0 0 0 0 0 0 0 3 0 3 3 3 3 3 0 0 0 0 0 0 0 0 0 3 0 0 0 0 0 0 0 0 0 0 0 0 0 0 0 0 0 0 0 0 0 0 0 0 0 0 0 0 0 0 0 0 0 0 0 3 3 3 3 3 3 3 3 3 3 3 3 3 3 3 3 3 3 0 3 0 0 0 0 3 3 3 0 0 0 0 0 0 3 3 3 3 3 0 0 0 0 0 0 0 0 0 0 0 3 3 0 3 3 -1.273 0 -4.183 0 0 0 0 0 0 0 0 0 0 0 0 0 0 0 0 1 0 1 1 1 1
350,SIPP_2^3,"199,183,0","122,78,0",1,1380.6602,2638,2.51129,110.85722,21.99115,43.9823,7 0 7 0 0 0 7 0 0 0 0 7 7 7 7 7 7 7 7 7 7 7 7 7 7 7 7 7 7 7 0 0 7 7 0 7 7 7 7 7 7 7 7 7 7 6 6 7 0 7 7 0 0 0 7 7 7 7 7 7 0 0 0 7 7 7 0 7 7 7 7 7 7 7 7 7 7 0 7 7 7 7 7 7 7 7 7 7 7 7 7 7 0 0 0 0 0 0 0 7 0 7 7 7 0 0 7
350,SIPP_2^4,"199,183,0","122,78,0",1,1338.9322479999994,1557,3.51723,52.9467,10.42799,20.85597,15 15 15 14 14 15 15 14 14 14 14 14 14 14 14 14 14 14 14 14 14 14 14 14 14 15 14 14 14 15 15 15 15 12 12 13 12 14 14 15 14 14 14 14 15 14 15 14 15 15 15 15 15 15 15 15 15 15 15 14 14 14 14 14 14 14 14 14 14 14 14 0 15 0 15 15 15 0 15
350,SIPP_2^5,"199,183,0","122,78,0",1,1325.8493700000001,1180,6.92016,20.994,4.18407,8.36814,30 30 29 30 29 28 28 28 28 28 28 28 28 28 28 28 29 29 29 28 28 28 28 29 29 26 25 24 28 29 28 29 29 29 29 29 29 29 29 29 29 29 28 28 28 28 28 29 29 31 31 31 31
350,SIPP_BigCS,"199,183,13","122,78,15",1,1320.0,4855,48.35732,29.86855,5.3459,0.892,202 202 202 218 154 250 102 102 102 102 102 102 102 154 250 102 102 102 162 79 202 202 202 202 202 202 202 202 202 218 102 102 102 102 154 218 102 102 154 202 202 306 6
350,SIPP_Standard,"199,183,13","122,78,15",1,1358.029075,5532,18.43265,26.13004,4.5408,0.4628,58 74 69 54 58 66 50 -20.029 77 58 58 66 30 30 30 46 10
351,SIPP_2^2,"150,139,0","24,178,0",0,-1,0,0.0,0.0,0.0,0.0,
351,SIPP_2^3,"150,139,0","24,178,0",0,-1,0,0.0,0.0,0.0,0.0,
351,SIPP_2^4,"150,139,0","24,178,0",0,-1,0,0.0,0.0,0.0,0.0,
351,SIPP_2^5,"150,139,0","24,178,0",0,-1,0,0.0,0.0,0.0,0.0,
351,SIPP_BigCS,"150,139,0","24,178,0",0,-1,0,0.0,0.0,0.0,0.0,
351,SIPP_Standard,"150,139,3","24,178,8",0,-1,59982,180.00372,0.0,0.0,0.0,
352,SIPP_2^2,"92,6,0","225,24,0",0,-1,0,0.0,0.0,0.0,0.0,
352,SIPP_2^3,"92,6,0","225,24,0",0,-1,0,0.0,0.0,0.0,0.0,
352,SIPP_2^4,"92,6,0","225,24,0",0,-1,0,0.0,0.0,0.0,0.0,
352,SIPP_2^5,"92,6,0","225,24,0",0,-1,0,0.0,0.0,0.0,0.0,
352,SIPP_BigCS,"92,6,0","225,24,0",0,-1,0,0.0,0.0,0.0,0.0,
352,SIPP_Standard,"92,6,14","225,24,8",0,-1,77906,180.00085,0.0,0.0,0.0,
353,SIPP_2^2,"211,226,0","126,121,0",1,2224.898533,7977,3.27004,332.34019,73.82743,147.65485,3 3 3 3 3 3 3 3 3 3 2 2 2 2 3 2 3 2 3 2 3 2 2 2 3 3 3 3 3 0 0 3 3 3 3 3 3 3 3 3 2 3 3 3 3 0 0 0 0 0 0 3 0 3 3 3 3 3 3 3 3 3 0 0 3 0 0 0 3 3 0 3 0 3 3 3 -15.267 3 -31.383 3 3 -7.487 3 3 3 3 3 3 3 3 3 3 3 3 3 3 3 0 3 3 3 0 0 0 3 3 0 0 0 3 0 3 3 3 3 0 3 3 0 3 0 3 3 0 0 3 0 0 0 3 0 0 0 0 0 0 -26.116 0 -21.730 0 0 0 -2.915 0 0 0 0 0 0 0 0 0 0 0 0 0 0 0 0 0 0 0 0 0 0 0 0 0 0 0 0 0 0 0 0 0 0 0 0 0 0 0 0 0 0 0 0 0 0 0 0 0 0 0 0 0 0 0 0 0 0 0 0 0 0 0 0 0 0 0 0 0 0 0 0 0 3 0
353,SIPP_2^3,"211,226,0","126,121,0",1,1944.4753139999998,12219,10.10742,203.37099,43.9823,87.9646,7 7 7 7 7 7 7 6 7 -4.859 7 7 0 0 0 0 0 0 0 0 0 0 0 0 0 7 0 0 -28.607 1 -0.632 0 -0.909 0 7 7 0 0 0 0 0 0 0 0 0 0 0 7 7 0 0 0 0 0 7 0 0 0 7 0 0 0 0 0 0 0 7 7 6 6 6 6 7 6 7 7 7 7 7 7 7 7 6 5 5 6 6 5 6 5 5 6 6 7 6 6 6 6 7 7 7 7 7 6 6 6 6 7 6 7 7 -44.851 4 -0.106 4 -0.013 4 -37.712 0 -1.639 2 -1.175 0 -1.369 0 7 7 6 6 6 6 6 7 6 7 7 7 7 7 7 7 7 7 7 6 6 7 7 7 7 7 -14.118 0 -6.845 0 -24.295 0 -1.639 0 -1.175 0 -1.369 0 -2.207 1 0 0 0 1
353,SIPP_2^4,"211,226,0","126,121,0",1,1610.7185049999998,2562,5.3606,86.71818,17.20285,34.40569,14 14 13 14 13 14 14 14 15 0 0 0 0 0 0 0 0 0 0 0 0 15 0 -35.034 1 -2.113 0 -0.909 0 0 0 0 0 0 15 0 15 0 15 15 15 15 15 0 0 0 0 0 0 0 0 0 1 -2.295 14 14 12 12 12 12 12 12 12 12 12 12 13 13 12 12 12 12 12 12 12 12 12 12 13 12 12 13 12 14 14 14 14 14 14 13 14 14 14 14 14 14 14 14 14 14 14 14 13 -0.649 15 0 0 15 15 15 15 0 14 13 13 13 14
353,SIPP_2^5,"211,226,0","126,121,0",1,1581.3865229999992,2958,14.73925,56.35575,11.1283,22.2566,27 27 28 28 28 28 -1.117 31 0 0 0 0 0 0 0 31 0 0 0 0 -36.288 2 -2.113 0 -0.909 0 31 31 31 31 31 31 31 30 29 26 24 24 24 24 24 24 27 28 28 28 29 28 28 28 28 24 24 24 24 24 24 24 24 24 23 26 28 28 28 28 28 28 28 28 29 28 28 29 28 28 -4.410 24 -1.248 24 28 28 28 28 28 28 28 28 28 28 28 28 28 28 1 2
353,SIPP_BigCS,"211,226,1","126,121,0",1,1607.751785,17164,107.77372,68.57987,13.1271,2.7548,102 126 205 -1.015 333 -0.048 94 185 70 -11.580 237 82 202 202 202 306 6 6 42 340 -0.109 330 59 365 7 7 7 7 7 7 7 7 7 59 205 253 102 102 102 102 102 102 102 102 102 102 102 126 325 306 6 26 205 205 205
353,SIPP_Standard,"211,226,1","126,121,0",1,1947.492789,14904,35.38999,77.92646,15.0136,2.106,30 -37.178 42 108 -12.737 46 -2.710 2 10 46 2 14 69 34 75 70 51 86 27 66 54 66 46 10 46 -1.868 18
354,SIPP_2^2,"14,137,0","152,148,0",1,2632.983556,15653,6.76498,410.12193,91.10619,182.21237,3 3 3 2 3 2 3 2 3 2 2 2 2 1 2 1 2 2 2 2 2 2 2 2 2 1 2 1 2 2 2 2 2 2 1 1 1 1 1 2 2 2 2 2 2 2 2 2 2 2 2 2 2 2 2 2 2 1 2 1 -22.660 0 -32.922 1 -20.745 1 -3.177 1 -3.293 1 1 1 2 2 2 2 2 1 -94.583 1 -1.059 0 -1.139 1 -1.142 1 -1.255 1 -0.663 2 -4.183 2 1 1 -7.945 1 1 1 1 -0.829 1 -0.370 1 -0.093 1 -0.020 1 1 1 -1.914 1 -15.389 1 -3.649 1 -0.387 1 1 -1.421 1 -8.966 1 -0.909 1 -1.113 1 -0.006 1 -10.710 1 -1.073 1 -1.369 1 1 1 1 1 0 1 0 1 1 1 1 1 1 1 1 1 1 1 1 1 1 1 1 1 1 1 1 1 1 1 1 1 1 1 1 1 1 1 1 1 1 1 1 0 0 1 0 0 0 1 0 0 0 1 1 1 1 1 1 1 1 0 1 0 0 0 0 0 0 0 0 0 0 0 1 1 1 1 1 1 1 1 0 1 0 0 0 0 0 0 1 1 0 0 1 0 1 0 0 1 1 1 1 1 1 1 1 1 1 1 1 1 1 1 1 1 1 1 1 1 1 0 1 1 1 0 1 1 1 1 1 1 0 1
354,SIPP_2^3,"14,137,0","152,148,0",1,2181.9302689999986,8612,7.2945,127.45747,25.13274,50.26548,5 5 5 5 5 4 4 4 3 -9.860 2 -0.918 2 -0.201 2 1 1 1 1 1 1 1 1 1 1 0 1 1 2 1 1 2 1 2 -214.020 2 -0.182 2 -1.248 2 -1.122 2 2 2 2 2 2 2 2 2 2 1 1 1 1 1 1 -2.378 0 -6.878 0 -2.841 0 0 0 0 0 0 0 0 0 1 1 2 1 1 2 2 1 2 2 2 3 3 3 3 3 3 3 3 3 3 3 3 3 3 3 3 3 2 2 2 2 2 2 2 3 2 2 2 2 2 2 2 2 2 2 2 2 -4.895 2 -0.869 2 2 2 2 2 2 2 2 2 2 2 2 2 2 2 3 2 3 3 3 3 3 3 3 3 3 3 3 3 3 3 3 3 3 3 2 3 2 2 2 2 3 3 3 2 2 2 2 2 2 2 2 1
354,SIPP_2^4,"14,137,0","152,148,0",1,2124.749960999999,7291,15.27712,93.42089,18.45189,36.90379,10 10 10 9 10 8 8 -0.100 6 6 4 4 1 1 2 2 2 2 2 2 2 2 2 2 3 3 3 -221.445 4 -0.182 4 -1.248 4 -1.122 4 4 3 3 3 4 4 4 4 4 3 1 -5.427 0 -6.878 0 -2.841 0 0 0 0 0 0 0 0 0 2 2 3 3 3 4 4 4 5 5 5 5 5 5 5 5 5 4 4 4 4 4 4 5 -0.402 3 5 5 5 5 4 4 5 5 5 5 5 5 5 5 4 4 5 5 6 7 7 7 6 -1.867 5 4 4 5 5 4 5 5 4 4 4 4 4 5 5 5 5
354,SIPP_2^5,"14,137,0","152,148,0",1,2117.822967,7071,36.27428,83.15758,15.88207,31.76415,20 20 20 20 17 16 -0.838 12 12 8 8 4 4 4 4 4 3 4 3 4 4 6 6 6 -222.340 8 -0.182 8 -1.248 8 -1.122 8 7 7 7 7 8 8 -2.816 2 -5.563 0 -6.878 0 -2.841 0 0 0 0 0 0 0 0 0 4 4 7 7 6 10 9 9 9 9 10 9 9 9 9 0 9 10 10 9 9 10 10 10 10 10 10 10 9 9 12 14 15 14 -0.292 9 9 9 9 9 9 9 9 9
354,SIPP_BigCS,"14,137,11","152,148,6",0,-1,21087,180.05009,0.0,0.0,0.0,
354,SIPP_Standard,"14,137,11","152,148,6",1,2146.272631,21726,52.05414,79.38383,14.8028,2.0068,23 54 106 41 79 80 17 -44.182 95 9 37 2 -9.091 26 105 36 17 95 17 63 63 63 71 28 48 95 17
355,SIPP_2^2,"40,228,0","70,109,0",0,-1,0,0.0,0.0,0.0,0.0,
355,SIPP_2^3,"40,228,0","70,109,0",0,-1,0,0.0,0.0,0.0,0.0,
355,SIPP_2^4,"40,228,0","70,109,0",0,-1,0,0.0,0.0,0.0,0.0,
355,SIPP_2^5,"40,228,0","70,109,0",0,-1,0,0.0,0.0,0.0,0.0,
355,SIPP_BigCS,"40,228,0","70,109,0",0,-1,0,0.0,0.0,0.0,0.0,
355,SIPP_Standard,"40,228,11","70,109,13",0,-1,0,4e-05,0.0,0.0,0.0,
356,SIPP_2^2,"106,208,0","220,157,0",0,-1,0,0.0,0.0,0.0,0.0,
356,SIPP_2^3,"106,208,0","220,157,0",0,-1,0,0.0,0.0,0.0,0.0,
356,SIPP_2^4,"106,208,0","220,157,0",0,-1,0,0.0,0.0,0.0,0.0,
356,SIPP_2^5,"106,208,0","220,157,0",0,-1,0,0.0,0.0,0.0,0.0,
356,SIPP_BigCS,"106,208,0","220,157,0",0,-1,0,0.0,0.0,0.0,0.0,
356,SIPP_Standard,"106,208,4","220,157,6",0,-1,0,3e-05,0.0,0.0,0.0,
357,SIPP_2^2,"212,145,0","203,10,0",0,-1,0,0.0,0.0,0.0,0.0,
357,SIPP_2^3,"212,145,0","203,10,0",0,-1,0,0.0,0.0,0.0,0.0,
357,SIPP_2^4,"212,145,0","203,10,0",0,-1,0,0.0,0.0,0.0,0.0,
357,SIPP_2^5,"212,145,0","203,10,0",0,-1,0,0.0,0.0,0.0,0.0,
357,SIPP_BigCS,"212,145,0","203,10,0",0,-1,0,0.0,0.0,0.0,0.0,
357,SIPP_Standard,"212,145,8","203,10,3",0,-1,64077,180.00231,0.0,0.0,0.0,
358,SIPP_2^2,"127,119,0","77,241,0",1,1942.978538,15146,6.92133,289.91378,64.40265,128.8053,2 2 2 2 2 2 2 2 2 2 2 2 2 2 2 2 2 2 2 2 2 2 2 2 2 2 2 -0.100 2 2 2 2 2 2 2 2 2 2 2 2 2 2 2 -4.932 2 2 2 2 2 2 3 3 3 3 3 3 2 2 2 2 2 3 3 2 2 2 2 2 2 2 2 2 2 1 2 2 2 1 2 1 2 1 1 1 2 2 1 2 2 2 2 2 2 2 2 2 2 2 2 2 2 2 2 2 2 2 2 3 3 3 3 3 2 2 3 2 3 2 2 2 1 1 2 2 2 2 1 2 2 2 2 -5.673 2 -12.273 2 2 2 2 2 3 3 2 3 2 3 3 3 3 3 3 2 2 2 3 3 3 2 3 3 3 3 3 3 2 2 2 3 3 3 3 3 3 3 3 3 3 3 3 3 3 3 3 3 3 3 2 3 3 2 3 3 3 3 3 2 3
358,SIPP_2^3,"127,119,0","77,241,0",1,1707.898533,10759,9.26325,127.29584,25.13274,50.26548,4 4 4 4 4 4 4 4 4 4 4 4 4 4 4 4 4 4 4 4 4 4 4 4 4 4 4 -0.100 4 4 4 3 4 4 4 4 4 3 3 4 4 4 4 4 3 4 4 4 4 3 4 4 4 4 4 4 4 4 4 5 5 5 5 4 4 5 4 4 4 4 4 4 4 4 4 4 4 4 4 4 4 4 5 4 5 5 5 5 4 -1.947 5 6 -1.164 6 6 -11.033 6 5 4 -2.678 5 5 5 5 5 5 5 5 5 5 5 5 5 5 5 5 5 4 4 5 4 4 5 5 5 5 5 6 5 6 6 6 7 7 7 7 7 7 7 7 6 6 5 -0.953 4 4 4 -2.915 4 4 4 4 4 4 4
358,SIPP_2^4,"127,119,0","77,241,0",1,1509.2489249999999,4885,10.72349,54.93937,10.91966,21.83932,8 8 8 8 8 8 8 8 8 8 8 8 8 8 8 8 8 8 8 8 8 8 8 8 8 8 8 -0.100 8 8 8 8 10 11 12 11 12 12 12 10 10 10 9 10 9 9 9 9 9 9 9 9 9 8 8 8 8 8 9 9 8 8 8 8 8 8 9 8 8 8 8 8 8 8 8 8 8 8 8 8 8 8 8 8 8 8 8 8 8 8 8 8 9 8 8 8 9 9 8 9 8 9 9 9 9 10 12 12 12 12 12 12 12 12 12 12 12 12 12 12 12
358,SIPP_2^5,"127,119,0","77,241,0",1,1484.380479,4348,23.72587,42.76659,8.5734,17.14679,16 16 16 16 16 16 16 16 16 16 16 16 16 16 16 16 16 16 16 16 16 16 16 16 16 16 16 -0.100 16 16 16 16 20 22 24 23 24 24 20 19 19 19 18 18 18 18 18 18 17 16 16 16 16 16 16 16 16 17 17 17 16 16 16 16 16 16 16 16 16 16 17 16 17 16 17 17 17 17 17 17 16 16 17 16 16 16 20 -0.054 23 -2.767 24 24 24 24 24 24 24 24 24 24 24
358,SIPP_BigCS,"127,119,13","77,241,0",0,-1,18142,180.04748,0.0,0.0,0.0,
358,SIPP_Standard,"127,119,13","77,241,0",1,1571.8222879999998,18841,53.15135,47.19,9.0564,1.1983,0 0 0 -0.059 8 52 96 94 20 39 0 16 86 -3.432 15 70 31 51 -6.332 70 47 3
359,SIPP_2^2,"160,97,0","240,205,0",0,-1,0,0.0,0.0,0.0,0.0,
359,SIPP_2^3,"160,97,0","240,205,0",0,-1,0,0.0,0.0,0.0,0.0,
359,SIPP_2^4,"160,97,0","240,205,0",0,-1,0,0.0,0.0,0.0,0.0,
359,SIPP_2^5,"160,97,0","240,205,0",0,-1,0,0.0,0.0,0.0,0.0,
359,SIPP_BigCS,"160,97,0","240,205,0",0,-1,0,0.0,0.0,0.0,0.0,
359,SIPP_Standard,"160,97,12","240,205,11",0,-1,57826,180.0037,0.0,0.0,0.0,
360,SIPP_2^2,"113,95,0","137,227,0",0,-1,0,0.0,0.0,0.0,0.0,
360,SIPP_2^3,"113,95,0","137,227,0",0,-1,0,0.0,0.0,0.0,0.0,
360,SIPP_2^4,"113,95,0","137,227,0",0,-1,0,0.0,0.0,0.0,0.0,
360,SIPP_2^5,"113,95,0","137,227,0",0,-1,0,0.0,0.0,0.0,0.0,
360,SIPP_BigCS,"113,95,0","137,227,0",0,-1,0,0.0,0.0,0.0,0.0,
360,SIPP_Standard,"113,95,10","137,227,7",0,-1,0,4e-05,0.0,0.0,0.0,
361,SIPP_2^2,"174,159,0","69,243,0",0,-1,0,0.0,0.0,0.0,0.0,
361,SIPP_2^3,"174,159,0","69,243,0",0,-1,0,0.0,0.0,0.0,0.0,
361,SIPP_2^4,"174,159,0","69,243,0",0,-1,0,0.0,0.0,0.0,0.0,
361,SIPP_2^5,"174,159,0","69,243,0",0,-1,0,0.0,0.0,0.0,0.0,
361,SIPP_BigCS,"174,159,0","69,243,0",0,-1,0,0.0,0.0,0.0,0.0,
361,SIPP_Standard,"174,159,8","69,243,6",0,-1,64595,180.30776,0.0,0.0,0.0,
362,SIPP_2^2,"11,206,0","28,66,0",0,-1,0,0.0,0.0,0.0,0.0,
362,SIPP_2^3,"11,206,0","28,66,0",0,-1,0,0.0,0.0,0.0,0.0,
362,SIPP_2^4,"11,206,0","28,66,0",0,-1,0,0.0,0.0,0.0,0.0,
362,SIPP_2^5,"11,206,0","28,66,0",0,-1,0,0.0,0.0,0.0,0.0,
362,SIPP_BigCS,"11,206,0","28,66,0",0,-1,0,0.0,0.0,0.0,0.0,
362,SIPP_Standard,"11,206,3","28,66,9",0,-1,0,7e-05,0.0,0.0,0.0,
363,SIPP_2^2,"153,252,0","106,127,0",0,-1,0,0.0,0.0,0.0,0.0,
363,SIPP_2^3,"153,252,0","106,127,0",0,-1,0,0.0,0.0,0.0,0.0,
363,SIPP_2^4,"153,252,0","106,127,0",0,-1,0,0.0,0.0,0.0,0.0,
363,SIPP_2^5,"153,252,0","106,127,0",0,-1,0,0.0,0.0,0.0,0.0,
363,SIPP_BigCS,"153,252,0","106,127,0",0,-1,0,0.0,0.0,0.0,0.0,
363,SIPP_Standard,"153,252,0","106,127,11",0,-1,0,2e-05,0.0,0.0,0.0,
364,SIPP_2^2,"108,127,0","6,25,0",0,-1,0,0.0,0.0,0.0,0.0,
364,SIPP_2^3,"108,127,0","6,25,0",0,-1,0,0.0,0.0,0.0,0.0,
364,SIPP_2^4,"108,127,0","6,25,0",0,-1,0,0.0,0.0,0.0,0.0,
364,SIPP_2^5,"108,127,0","6,25,0",0,-1,0,0.0,0.0,0.0,0.0,
364,SIPP_BigCS,"108,127,0","6,25,0",0,-1,0,0.0,0.0,0.0,0.0,
364,SIPP_Standard,"108,127,4","6,25,4",0,-1,0,6e-05,0.0,0.0,0.0,
365,SIPP_2^2,"203,123,0","160,4,0",0,-1,0,0.0,0.0,0.0,0.0,
365,SIPP_2^3,"203,123,0","160,4,0",0,-1,0,0.0,0.0,0.0,0.0,
365,SIPP_2^4,"203,123,0","160,4,0",0,-1,0,0.0,0.0,0.0,0.0,
365,SIPP_2^5,"203,123,0","160,4,0",0,-1,0,0.0,0.0,0.0,0.0,
365,SIPP_BigCS,"203,123,0","160,4,0",0,-1,0,0.0,0.0,0.0,0.0,
365,SIPP_Standard,"203,123,8","160,4,9",0,-1,62185,180.00249,0.0,0.0,0.0,
366,SIPP_2^2,"241,151,0","222,20,0",0,-1,0,0.0,0.0,0.0,0.0,
366,SIPP_2^3,"241,151,0","222,20,0",0,-1,0,0.0,0.0,0.0,0.0,
366,SIPP_2^4,"241,151,0","222,20,0",0,-1,0,0.0,0.0,0.0,0.0,
366,SIPP_2^5,"241,151,0","222,20,0",0,-1,0,0.0,0.0,0.0,0.0,
366,SIPP_BigCS,"241,151,0","222,20,0",0,-1,0,0.0,0.0,0.0,0.0,
366,SIPP_Standard,"241,151,4","222,20,4",0,-1,0,4e-05,0.0,0.0,0.0,
367,SIPP_2^2,"48,177,0","64,37,0",0,-1,0,0.0,0.0,0.0,0.0,
367,SIPP_2^3,"48,177,0","64,37,0",0,-1,0,0.0,0.0,0.0,0.0,
367,SIPP_2^4,"48,177,0","64,37,0",0,-1,0,0.0,0.0,0.0,0.0,
367,SIPP_2^5,"48,177,0","64,37,0",0,-1,0,0.0,0.0,0.0,0.0,
367,SIPP_BigCS,"48,177,0","64,37,0",0,-1,0,0.0,0.0,0.0,0.0,
367,SIPP_Standard,"48,177,6","64,37,6",0,-1,0,3e-05,0.0,0.0,0.0,
368,SIPP_2^2,"150,123,0","221,25,0",1,1828.10986,8712,3.9903,169.70563,37.69911,75.39822,1 1 1 1 1 1 1 1 1 0 1 1 1 0 0 0 0 1 0 0 1 1 1 1 1 1 1 1 1 1 1 0 1 0 -54.076 1 -9.930 1 -0.012 1 1 1 1 1 1 1 1 1 1 0 0 0 1 1 1 1 0 0 1 0 0 1 0 0 0 0 -64.011 0 0 0 0 0 0 0 0 0 0 0 0 0 0 0 0 0 0 0 0 0 0 0 0 0 0 0 0 0 0 0 0 0 0 0 0 0 0 0 0 0 0 0 0 0 0 0 0 0 -6.082 0 -3.998 0 0 0 0 0 0 0 0 0 0 0 0 0 0 0 0 0 0 1 1 1 1 0 0 1 1 1 1 1 1 1 1 1 1 1 1 1 1 1 1 1 1 1 1 1 1 0 0 0 1 0 0 0 0 0 1
368,SIPP_2^3,"150,123,0","221,25,0",1,1729.158663,8324,7.08512,201.64609,39.26991,78.53982,1 2 1 2 2 2 1 2 2 2 2 2 1 1 1 1 2 2 1 2 2 1 2 2 1 1 2 2 1 1 2 2 2 2 1 2 2 2 1 1 2 1 1 1 1 -31.303 6 -17.505 6 -156.378 0 0 0 0 0 1 0 1 0 1 1 1 1 1 1 0 0 1 0 0 1 0 1 1 2 2 2 2 2 1 1 1 0 0 0 0 0 0 0 0 0 -23.358 0 -1.044 0 -1.200 0 0 1 0 1 1 1 1 0 1 0 0 0 0 0 1 0 0 0 0 0 0 0 0 1 1 0 0 0 0 0 0 0 0 0 0 -1.984 0 -9.977 0 -0.012 0 7
368,SIPP_2^4,"150,123,0","221,25,0",1,1727.43655,8784,19.10291,102.35162,20.884,41.768,4 4 4 3 3 3 3 -1.472 3 3 3 3 2 -3.298 4 -1.670 4 -1.144 4 2 3 4 -0.266 4 4 3 4 4 4 3 3 2 2 2 2 3 -60.754 12 -17.505 0 -156.378 0 0 1 0 0 -0.135 1 1 2 2 1 1 1 1 1 2 2 4 4 4 4 3 2 2 2 2 2 2 2 1 1 1 1 2 14 14 15 14 -6.989 0 0 1 1 1 1 0 0 0 0 0 0 0 0 0 1 0 0 0 0 0 0 -2.090 0 0 -0.799 0 -0.049 0 12 13
368,SIPP_2^5,"150,123,0","221,25,0",1,1726.698647,8858,47.66532,91.53644,17.92226,35.84452,7 7 7 7 6 5 5 -6.835 8 -1.670 8 -1.144 8 4 -0.525 7 -0.209 7 7 7 8 7 4 4 4 4 -63.976 0 -17.505 24 -156.378 0 1 0 0 1 3 3 3 2 2 4 4 7 8 8 8 4 4 3 3 3 3 4 4 28 28 29 28 4 -3.046 1 1 1 1 0 0 0 0 1 1 0 0 0 30 -2.400 0 -0.049 0 25
368,SIPP_BigCS,"150,123,15","221,25,9",0,-1,22277,180.12653,0.0,0.0,0.0,
368,SIPP_Standard,"150,123,15","221,25,9",1,1758.452374,42419,126.25469,39.67874,7.6073,1.015,26 -79.535 105 36 5 65 -124.918 29 37 2 2 2 2 2 2 2 18 84 1 9 49
369,SIPP_2^2,"144,150,0","76,33,0",1,1966.077437,16475,7.69322,289.91378,64.40265,128.8053,3 3 3 3 3 3 3 3 3 3 3 3 3 3 3 3 0 0 0 0 0 0 0 0 0 3 0 0 0 3 3 3 3 0 0 0 0 0 0 0 0 0 0 0 0 0 0 0 0 0 0 0 0 0 0 0 0 3 0 0 0 0 0 3 0 0 0 0 0 0 0 0 0 0 3 3 0 3 3 3 3 0 3 0 3 0 3 0 0 3 0 0 0 0 0 0 0 0 0 0 0 0 0 0 0 0 0 0 0 0 0 0 0 0 0 3 3 3 3 0 0 0 -2.505 0 0 0 0 0 0 0 0 0 0 0 0 0 0 0 1 0 1 0 0 0 -3.630 0 -2.976 0 0 3 0 3 3 3 3 3 3 3 3 3 3 0 -8.945 3 -9.956 3 -0.029 3 3 0 3 3 3 3 -4.741 0 -0.101 3 -0.062 3 -1.130 3 -0.013 3 3 3 3 3 2 3 3 3 -0.977 3 -5.067 0 -4.356 3 -8.966 3 0 -2.602 0 -0.020 0 0 0 0
369,SIPP_2^3,"144,150,0","76,33,0",1,1539.5315069999983,5135,4.48471,123.819,24.34734,48.69469,0 0 0 7 0 7 7 0 0 0 0 0 0 0 0 7 0 7 7 7 7 7 7 7 7 7 7 7 7 7 7 7 7 7 7 7 0 7 7 7 7 0 7 7 7 7 0 0 0 7 0 0 0 7 0 0 0 0 0 0 0 0 0 0 0 0 0 7 -7.261 0 0 -2.798 1 1 -61.239 7 0 7 7 7 7 7 7 7 7 7 7 7 7 7 7 0 0 7 7 7 7 7 7 7 7 7 7 7 7 7 7 7 7 7 7 0 7 0 0 7 0 0 0 7
369,SIPP_2^4,"144,150,0","76,33,0",1,1524.9079219999987,5039,11.75602,42.02459,7.89194,15.78388,15 15 15 15 15 15 15 15 15 15 15 15 15 15 15 15 15 15 15 15 15 15 14 14 15 15 15 14 14 15 15 15 15 15 15 15 15 -3.997 0 -1.095 4 -7.941 3 4 4 -71.960 15 14 14 14 14 14 14 14 14 14 14 14 14 14 14 14 14 14 14 14 14 14 14 15 15 14 14 14 14 15 15 15 15 15 15 14
369,SIPP_2^5,"144,150,0","76,33,0",1,1523.2174839999984,5086,29.2317,28.61753,5.33417,10.66833,30 30 30 30 30 30 30 30 30 30 30 30 30 30 30 30 30 30 30 30 30 30 30 29 30 30 30 30 30 30 29 30 30 30 -21.911 0 -8.260 7 8 -72.477 29 29 29 28 28 28 28 28 28 28 28 28 28 28 28 28 28 28 28 28 28 28 28 28 28 28 30 30 30 30 30 29
369,SIPP_BigCS,"144,150,13","76,33,8",0,-1,16302,180.10445,0.0,0.0,0.0,
369,SIPP_Standard,"144,150,13","76,33,8",1,1527.889272,28567,99.63121,34.31138,6.061,0.7865,10 54 58 58 66 54 66 54 98 -96.203 100 -17.686 58 74 69 30 30 54 58
370,SIPP_2^2,"126,191,0","107,54,0",0,-1,0,0.0,0.0,0.0,0.0,
370,SIPP_2^3,"126,191,0","107,54,0",0,-1,0,0.0,0.0,0.0,0.0,
370,SIPP_2^4,"126,191,0","107,54,0",0,-1,0,0.0,0.0,0.0,0.0,
370,SIPP_2^5,"126,191,0","107,54,0",0,-1,0,0.0,0.0,0.0,0.0,
370,SIPP_BigCS,"126,191,0","107,54,0",0,-1,0,0.0,0.0,0.0,0.0,
370,SIPP_Standard,"126,191,13","107,54,15",0,-1,0,4e-05,0.0,0.0,0.0,
371,SIPP_2^2,"22,12,0","130,115,0",0,-1,0,0.0,0.0,0.0,0.0,
371,SIPP_2^3,"22,12,0","130,115,0",0,-1,0,0.0,0.0,0.0,0.0,
371,SIPP_2^4,"22,12,0","130,115,0",0,-1,0,0.0,0.0,0.0,0.0,
371,SIPP_2^5,"22,12,0","130,115,0",0,-1,0,0.0,0.0,0.0,0.0,
371,SIPP_BigCS,"22,12,0","130,115,0",0,-1,0,0.0,0.0,0.0,0.0,
371,SIPP_Standard,"22,12,10","130,115,1",0,-1,0,3e-05,0.0,0.0,0.0,
372,SIPP_2^2,"200,84,0","90,28,0",1,2183.0321400000003,9073,4.09799,381.83766,87.96459,175.92919,0 3 0 0 0 0 0 0 0 3 3 3 0 3 0 0 0 0 0 0 0 0 0 0 0 3 0 3 0 3 0 0 0 0 0 0 0 0 0 0 0 0 0 3 0 0 3 3 3 3 3 3 3 3 0 3 0 0 0 0 0 0 3 3 3 3 0 0 3 0 3 3 3 3 3 3 3 0 3 3 3 3 3 3 3 3 3 3 3 3 3 3 0 3 3 0 0 3 0 3 3 3 0 3 -4.166 3 -1.248 3 3 3 3 3 3 3 3 2 2 2 2 3 -6.603 2 -38.000 3 -20.078 3 -0.310 3 3 3 3 3 3 2 3 -54.976 2 2 3 2 3 2 2 -117.652 0 0 0 0 0 0 3 3 3 3 3 3 3 3 3 3 3 3 3 3 3 2 3 3 3 3 3 3 0 3 0 0 0 0 0 0 0 0 0 0 3 3 3 3 3 3 3 3 3 3 3 2 3 3 3 3 3 2
372,SIPP_2^3,"200,84,0","90,28,0",1,1588.934515,1761,1.51872,118.33313,23.56195,47.12389,0 7 0 7 0 7 0 0 0 0 7 0 0 0 0 0 0 0 0 0 0 0 0 0 0 0 7 0 0 0 0 0 0 0 0 7 7 6 7 7 7 7 6 7 7 7 7 6 6 6 7 6 7 -16.812 6 6 -0.799 6 -0.049 6 6 6 7 7 7 7 7 7 6 6 6 6 6 6 6 6 6 6 6 6 6 6 6 7 7 7 7 -23.597 6 -15.120 5 -7.900 6 -0.395 6 6 6 6 6 6 6 6 6 6 6 6 6 6 6 6 6 7 6 6 6 6 6 6 6 6 6 6 6 5 6 6 6 6 6 6 6 6 6 6 6 6 6 6 6 6 6 6 6 6 6 6 6
372,SIPP_2^4,"200,84,0","90,28,0",1,1584.977096,1808,4.1663,64.3254,12.85016,25.70033,0 15 15 15 0 0 15 0 0 0 0 0 0 0 0 0 0 0 0 0 0 15 0 0 0 0 0 0 0 0 0 13 14 13 13 14 13 13 13 14 14 13 -32.332 12 12 -0.799 12 -0.049 12 14 13 13 14 14 13 -1.038 13 12 13 13 13 12 12 12 12 12 12 12 12 12 -35.029 12 -15.120 10 -7.900 12 13 12 12 12 12 12 12 12 12 12 12 12 12 12 12 12 12 12 12 12 12 12 12 12 12 12 12 12 11 12 12 12 12 12 12 12 12 12 12 12 12 12 12 12 12 12 12 12 12 12 12
372,SIPP_2^5,"200,84,0","90,28,0",1,1583.8957970000001,1814,9.56104,41.10198,8.25165,16.50329,31 31 31 31 0 0 0 0 0 0 0 0 0 0 0 0 0 0 0 0 0 0 31 0 -0.530 0 -2.841 0 27 27 27 27 26 26 26 -34.439 24 24 -0.799 24 25 28 28 28 27 25 24 25 24 24 24 24 24 24 25 25 -38.471 24 -15.120 20 -7.900 24 -0.395 24 24 24 24 24 24 24 24 24 24 24 24 24 24 24 24 25 24 24 24 24 24 24 24 24 24 23 24 24 24 24 24 24 24 24 24 24 24 24 24 24 24 24 24 24 24 24 24 24
372,SIPP_BigCS,"200,84,4","90,28,0",1,1586.44241,13317,88.93137,50.16673,9.6338,2.0885,82 202 306 6 2 6 6 6 2 -1.457 70 205 205 205 205 325 -27.657 234 -0.899 63 102 102 102 178 205 205 309 71 -30.429 238 7 7 7 7 7 7 7 43 341 363 3 3 3 7
372,SIPP_Standard,"200,84,4","90,28,0",1,1588.990083,3157,7.7184,26.35775,5.0455,0.5937,10 46 2 6 -33.831 66 30 -16.309 38 -0.905 23 -10.367 50 93 -39.590 3 -17.605 3 3 -8.382 3 3 3 3 3
373,SIPP_2^2,"19,173,0","169,176,0",1,2861.651069,20223,9.02442,254.55844,56.54867,113.09734,1 1 1 1 1 1 1 1 1 1 1 0 1 -55.568 0 -1.597 3 -1.248 3 -1.122 3 -1.076 0 3 3 3 3 -8.380 3 -2.352 3 3 3 3 2 2 2 2 2 2 2 2 3 -14.789 2 -28.891 2 -44.463 1 -73.175 0 -32.922 1 -20.745 1 -3.177 1 -3.293 1 1 1 1 2 2 2 2 2 -94.583 1 -3.714 1 -3.938 2 -3.424 1 -18.365 1 1 1 -7.945 1 1 1 1 -0.829 1 -0.370 1 -0.093 1 -0.020 1 1 1 -1.914 1 -15.389 1 -3.649 1 -0.387 1 1 -1.421 1 -8.966 1 -0.909 1 -1.113 1 -0.006 1 -10.710 1 -1.073 1 -1.369 1 1 1 1 1 0 1 1 1 1 0 1 1 1 1 1 1 1 1 1 1 1 1 1 1 1 1 1 1 1 1 1 1 1 1 1 1 1 1 1 1 1 1 1 1 1 0 -27.091 1 -0.032 2 -0.033 2 -0.117 2 -4.913 1 1 1 1 1 1 1 1 1 1 1 1 1 1 1 1 1 1 -135.213 1 1 1 -0.601 1 -3.302 1 1 1 -37.310 1 -0.370 1 -0.093 1 -0.020 1 -9.951 0 -0.094 1 -11.498 1 -2.873 0 -0.307 1 1 -2.763 1 1 1 1 0 0 1 0 1 1 -38.469 1 -3.619 1 1 1 1 1 1 1 1 1 1 0 1 1 1 1 1 1 1 1 1 1 1 1 1 1 1 1 1 1 0 0 0 1
373,SIPP_2^3,"19,173,0","169,176,0",1,2577.066967,20547,17.22345,206.47176,40.84071,81.68141,2 2 2 2 2 2 2 2 2 2 2 1 1 -45.213 7 0 7 7 7 7 7 7 7 0 7 0 0 0 0 0 0 0 0 0 0 0 0 0 0 0 0 0 0 0 0 0 0 0 0 0 1 1 1 1 1 2 2 2 2 2 2 2 2 2 1 2 1 2 1 2 2 1 1 0 0 0 0 0 0 0 0 1 1 1 1 1 1 1 1 1 2 2 2 2 3 3 3 2 3 3 3 3 3 3 3 3 3 3 3 3 3 2 3 3 3 3 3 3 3 3 3 2 2 3 3 3 3 3 3 2 3 2 3 2 2 2 2 2 2 2 2 2 2 2 2 2 3 2 2 2 2 2 2 2 2 2 2 2 2 2 2 2 2 2 3 3 2 2 3 3 3 3 3 3 3 3 3 3 3 3 3 3 3 3 3 3 3 3 3 3 3 3 3 3 3 4 3 4 3 4 3 -32.126 1 0 -7.966 2 -9.926 2 -0.012 2 -0.012 4 -0.012 2 -0.012 2
373,SIPP_2^4,"19,173,0","169,176,0",1,2577.066967,29472,62.16911,165.36601,32.48512,64.97024,6 7 7 6 -4.072 8 8 8 8 7 7 8 7 7 8 7 -111.607 8 8 8 8 8 8 8 8 7 7 6 6 6 6 6 5 6 5 5 5 5 5 5 4 4 4 4 3 4 -5.647 4 -0.370 4 6 6 6 6 6 6 6 6 6 6 6 5 6 4 -1.549 2 1 2 1 -24.056 2 3 3 3 3 3 3 2 2 2 2 2 2 2 2 2 2 2 2 2 2 2 2 2 2 2 1 0 0 1 1 0 0 2 2 2 2 2 2 2 2 2 2 2 2 2 2 2 2 2 2 2 2 2 2 2 2 2 3 3 3 -1.661 3 -6.047 3 5 -5.299 4 -2.510 4 -14.836 8 -1.639 8 -0.983 6 4 5 4 4 5 5 -79.174 4 -2.111 6 -1.961 8 -3.383 8 8 8 -4.636 4 -0.012 8 -0.012 8 -9.926 4 -0.012 4 -0.012 4 -0.012 8 -0.012 4 -0.012 8
373,SIPP_2^5,"19,173,0","169,176,0",1,2577.066967,30117,153.01129,135.9169,26.08882,52.17764,13 13 -4.966 16 16 15 15 15 15 14 -114.559 16 16 16 16 16 16 16 15 12 12 12 12 12 12 12 11 12 10 10 10 10 9 8 7 7 8 12 12 12 12 12 12 12 12 12 12 12 12 12 12 8 8 2 2 2 -24.955 4 6 6 6 5 5 4 4 4 4 4 4 4 4 4 4 4 4 4 4 4 5 4 1 0 1 1 4 4 4 4 4 4 4 4 4 4 4 4 4 4 4 4 5 4 4 4 5 5 5 4 -13.480 5 10 -5.319 8 -2.510 8 -14.836 16 -1.639 16 -0.983 12 8 9 8 9 8 8 -73.011 16 -2.111 12 -1.961 16 -3.383 16 16 16 16 16 -4.661 8 -9.926 8 -0.012 8 -0.012 8 -0.012 16 -0.012 8 -0.012 16
373,SIPP_BigCS,"19,173,7","169,176,0",0,-1,28010,180.09291,0.0,0.0,0.0,
373,SIPP_Standard,"19,173,7","169,176,0",1,2577.221686,39574,103.10352,80.11739,15.0994,2.0015,47 23 46 -214.263 18 84 21 52 -22.743 72 95 9 29 49 84 1 1 1 9 45 21 48 63 63 103 89 1 17 -4.556 79 -22.659 88
374,SIPP_2^2,"104,153,0","110,7,0",0,-1,0,0.0,0.0,0.0,0.0,
374,SIPP_2^3,"104,153,0","110,7,0",0,-1,0,0.0,0.0,0.0,0.0,
374,SIPP_2^4,"104,153,0","110,7,0",0,-1,0,0.0,0.0,0.0,0.0,
374,SIPP_2^5,"104,153,0","110,7,0",0,-1,0,0.0,0.0,0.0,0.0,
374,SIPP_BigCS,"104,153,0","110,7,0",0,-1,0,0.0,0.0,0.0,0.0,
374,SIPP_Standard,"104,153,4","110,7,12",0,-1,27,0.06782,0.0,0.0,0.0,
375,SIPP_2^2,"101,23,0","84,166,0",0,-1,0,0.0,0.0,0.0,0.0,
375,SIPP_2^3,"101,23,0","84,166,0",0,-1,0,0.0,0.0,0.0,0.0,
375,SIPP_2^4,"101,23,0","84,166,0",0,-1,0,0.0,0.0,0.0,0.0,
375,SIPP_2^5,"101,23,0","84,166,0",0,-1,0,0.0,0.0,0.0,0.0,
375,SIPP_BigCS,"101,23,0","84,166,0",0,-1,0,0.0,0.0,0.0,0.0,
375,SIPP_Standard,"101,23,2","84,166,11",0,-1,0,3e-05,0.0,0.0,0.0,
376,SIPP_2^2,"181,136,0","97,22,0",0,-1,0,0.0,0.0,0.0,0.0,
376,SIPP_2^3,"181,136,0","97,22,0",0,-1,0,0.0,0.0,0.0,0.0,
376,SIPP_2^4,"181,136,0","97,22,0",0,-1,0,0.0,0.0,0.0,0.0,
376,SIPP_2^5,"181,136,0","97,22,0",0,-1,0,0.0,0.0,0.0,0.0,
376,SIPP_BigCS,"181,136,0","97,22,0",0,-1,0,0.0,0.0,0.0,0.0,
376,SIPP_Standard,"181,136,13","97,22,14",0,-1,0,3e-05,0.0,0.0,0.0,
377,SIPP_2^2,"255,131,0","187,11,0",0,-1,0,0.0,0.0,0.0,0.0,
377,SIPP_2^3,"255,131,0","187,11,0",0,-1,0,0.0,0.0,0.0,0.0,
377,SIPP_2^4,"255,131,0","187,11,0",0,-1,0,0.0,0.0,0.0,0.0,
377,SIPP_2^5,"255,131,0","187,11,0",0,-1,0,0.0,0.0,0.0,0.0,
377,SIPP_BigCS,"255,131,0","187,11,0",0,-1,0,0.0,0.0,0.0,0.0,
377,SIPP_Standard,"255,131,5","187,11,12",0,-1,0,1e-05,0.0,0.0,0.0,
378,SIPP_2^2,"86,43,0","154,166,0",0,-1,0,0.0,0.0,0.0,0.0,
378,SIPP_2^3,"86,43,0","154,166,0",0,-1,0,0.0,0.0,0.0,0.0,
378,SIPP_2^4,"86,43,0","154,166,0",0,-1,0,0.0,0.0,0.0,0.0,
378,SIPP_2^5,"86,43,0","154,166,0",0,-1,0,0.0,0.0,0.0,0.0,
378,SIPP_BigCS,"86,43,0","154,166,0",0,-1,0,0.0,0.0,0.0,0.0,
378,SIPP_Standard,"86,43,11","154,166,10",0,-1,0,3e-05,0.0,0.0,0.0,
379,SIPP_2^2,"83,49,0","56,182,0",0,-1,0,0.0,0.0,0.0,0.0,
379,SIPP_2^3,"83,49,0","56,182,0",0,-1,0,0.0,0.0,0.0,0.0,
379,SIPP_2^4,"83,49,0","56,182,0",0,-1,0,0.0,0.0,0.0,0.0,
379,SIPP_2^5,"83,49,0","56,182,0",0,-1,0,0.0,0.0,0.0,0.0,
379,SIPP_BigCS,"83,49,0","56,182,0",0,-1,0,0.0,0.0,0.0,0.0,
379,SIPP_Standard,"83,49,13","56,182,2",0,-1,0,3e-05,0.0,0.0,0.0,
380,SIPP_2^2,"193,81,0","74,92,0",1,2763.0321400000003,20990,9.45968,374.76659,83.25221,166.50441,0 0 0 0 0 0 0 0 0 0 0 0 0 0 0 0 0 0 0 0 0 0 0 0 0 0 0 0 0 1 0 0 1 -18.644 0 -2.841 0 3 3 3 3 3 0 0 0 0 0 0 0 3 3 0 3 3 3 0 3 3 3 3 3 3 3 -9.297 0 3 0 3 3 3 3 3 3 3 3 0 0 3 3 3 3 3 3 3 3 3 3 3 3 3 3 3 3 3 3 3 0 0 0 0 0 3 3 -13.383 3 3 3 2 3 2 3 3 3 2 2 2 3 -7.839 2 -0.012 3 -38.000 3 -20.078 3 -0.310 3 3 3 3 3 3 2 3 -54.976 2 2 2 3 2 2 3 -117.652 0 0 0 0 0 0 3 3 3 3 3 3 3 3 3 3 3 3 3 3 3 2 3 3 3 2 3 2 2 2 2 2 3 2 3 3 3 2 2 2 2 2 2 2 3 3 3 3 3 3 3 3 3 3 3 3 2 3 3 2 2 2 2 2 2 2 2 2 2 2 2 2 2 2 2 2 2 2 2 2 2 2 2 2 2 2 2 2 2 2 2 2 2 2 3 3 3 3 3 3 3 3 3 3 3 3 2 3 3 3 3 2 2 2 2 3
380,SIPP_2^3,"193,81,0","74,92,0",1,2350.9186879999993,14754,12.48979,299.40409,58.90486,117.80973,0 0 0 0 0 0 0 0 0 0 0 0 0 0 0 0 0 0 0 0 0 0 0 0 0 1 0 0 1 0 0 -30.360 0 -2.841 0 7 7 7 7 7 6 7 7 7 6 6 6 7 7 6 6 6 7 -20.179 6 6 -0.799 6 -0.049 6 7 6 7 7 7 7 6 6 7 6 6 6 7 6 7 6 6 6 6 6 6 7 6 6 6 6 7 -23.597 6 -15.120 5 -7.900 6 -0.395 6 6 6 6 6 6 6 6 6 6 6 6 6 6 6 6 7 6 6 6 5 6 6 6 5 5 5 5 4 5 4 4 -23.466 6 -3.924 4 -3.228 5 6 6 6 5 5 5 5 5 6 5 -2.305 4 4 4 4 4 4 4 3 4 4 3 4 3 4 4 5 5 4 5 6 6 6 6 5 5 6 6 6 -39.944 4 -2.841 6 -1.109 6 -0.370 6 -0.093 6 -0.020 6 6 6 -0.045 6 -0.375 6 5 5 4 5 4 4 4 5 5 4 4 4 4 4 4 5 4 5 4 5 5 4 4 4 4 5
380,SIPP_2^4,"193,81,0","74,92,0",1,2327.9465709999977,15009,31.7908,142.06785,27.94266,55.88531,0 0 0 0 0 0 0 0 0 0 1 1 -193.718 8 8 7 8 8 7 8 7 7 8 8 7 8 8 8 7 8 8 8 8 8 8 8 7 8 9 9 9 9 9 9 9 9 10 10 10 10 12 12 12 12 12 12 12 12 12 12 11 12 12 12 12 12 12 12 12 12 12 12 12 12 12 12 12 12 12 12 12 12 12 12 12 12 12 12 12 12 12 12 10 -5.422 8 8 8 8 8 8 8 -4.226 12 12 -1.683 13 13 12 12 12 12 13 13 13 13 14 14 15 15 14 -2.478 0 -0.053 12 -0.310 12 12 12 12 12 12 12 12 12 12 11 13 14 14 14 15 14 14 14 13 12 12 13 13 13 12 12 12 13 12 13 13 12 12 13 12 15 0 0 15
380,SIPP_2^5,"193,81,0","74,92,0",1,2214.7749659999995,9377,48.69662,62.51572,12.39645,24.79289,0 0 0 0 0 0 0 0 0 0 0 0 0 0 0 0 0 1 0 1 0 0 0 0 0 0 0 -35.399 0 -2.841 0 27 27 27 27 26 26 26 -34.439 24 24 -0.799 24 25 28 28 28 27 25 24 25 24 24 25 24 24 24 25 24 -38.471 24 -15.120 20 -7.900 24 -0.395 24 24 24 24 24 24 24 24 24 24 24 24 24 24 24 25 23 23 23 23 23 23 24 24 24 24 23 24 24 24 24 24 23 20 20 20 20 20 20 20 20 20 20 20 20 20 20 20 20 16 16 16 16 16 16 16 16 16 16 16 16 16 16 16 16 16 16 16 16 16 16 16 16 16 16 16 16 16 16 16 16 17 16 16 16 17
380,SIPP_BigCS,"193,81,5","74,92,4",0,-1,26417,180.03778,0.0,0.0,0.0,
380,SIPP_Standard,"193,81,5","74,92,4",1,2377.525794,26273,59.52195,73.42297,13.9567,1.8564,33 106 33 58 -33.244 74 69 -20.908 38 -0.895 27 66 38 11 -15.527 47 3 -8.298 3 -0.171 7 91 3 3 7 67 51 -18.390 94 4 -52.525 88 -0.566 0 0 16
381,SIPP_2^2,"184,146,0","123,27,0",0,-1,0,0.0,0.0,0.0,0.0,
381,SIPP_2^3,"184,146,0","123,27,0",0,-1,0,0.0,0.0,0.0,0.0,
381,SIPP_2^4,"184,146,0","123,27,0",0,-1,0,0.0,0.0,0.0,0.0,
381,SIPP_2^5,"184,146,0","123,27,0",0,-1,0,0.0,0.0,0.0,0.0,
381,SIPP_BigCS,"184,146,0","123,27,0",0,-1,0,0.0,0.0,0.0,0.0,
381,SIPP_Standard,"184,146,6","123,27,15",0,-1,0,4e-05,0.0,0.0,0.0,
382,SIPP_2^2,"28,30,0","105,153,0",0,-1,0,0.0,0.0,0.0,0.0,
382,SIPP_2^3,"28,30,0","105,153,0",0,-1,0,0.0,0.0,0.0,0.0,
382,SIPP_2^4,"28,30,0","105,153,0",0,-1,0,0.0,0.0,0.0,0.0,
382,SIPP_2^5,"28,30,0","105,153,0",0,-1,0,0.0,0.0,0.0,0.0,
382,SIPP_BigCS,"28,30,0","105,153,0",0,-1,0,0.0,0.0,0.0,0.0,
382,SIPP_Standard,"28,30,2","105,153,13",0,-1,0,3e-05,0.0,0.0,0.0,
383,SIPP_2^2,"203,232,0","196,79,0",0,-1,0,0.0,0.0,0.0,0.0,
383,SIPP_2^3,"203,232,0","196,79,0",0,-1,0,0.0,0.0,0.0,0.0,
383,SIPP_2^4,"203,232,0","196,79,0",0,-1,0,0.0,0.0,0.0,0.0,
383,SIPP_2^5,"203,232,0","196,79,0",0,-1,0,0.0,0.0,0.0,0.0,
383,SIPP_BigCS,"203,232,0","196,79,0",0,-1,0,0.0,0.0,0.0,0.0,
383,SIPP_Standard,"203,232,10","196,79,4",0,-1,1,0.02026,0.0,0.0,0.0,
384,SIPP_2^2,"83,125,0","176,229,0",0,-1,0,0.0,0.0,0.0,0.0,
384,SIPP_2^3,"83,125,0","176,229,0",0,-1,0,0.0,0.0,0.0,0.0,
384,SIPP_2^4,"83,125,0","176,229,0",0,-1,0,0.0,0.0,0.0,0.0,
384,SIPP_2^5,"83,125,0","176,229,0",0,-1,0,0.0,0.0,0.0,0.0,
384,SIPP_BigCS,"83,125,0","176,229,0",0,-1,0,0.0,0.0,0.0,0.0,
384,SIPP_Standard,"83,125,3","176,229,13",0,-1,0,3e-05,0.0,0.0,0.0,
385,SIPP_2^2,"158,130,0","22,161,0",0,-1,0,0.0,0.0,0.0,0.0,
385,SIPP_2^3,"158,130,0","22,161,0",0,-1,0,0.0,0.0,0.0,0.0,
385,SIPP_2^4,"158,130,0","22,161,0",0,-1,0,0.0,0.0,0.0,0.0,
385,SIPP_2^5,"158,130,0","22,161,0",0,-1,0,0.0,0.0,0.0,0.0,
385,SIPP_BigCS,"158,130,0","22,161,0",0,-1,0,0.0,0.0,0.0,0.0,
385,SIPP_Standard,"158,130,8","22,161,3",0,-1,54633,180.00047,0.0,0.0,0.0,
386,SIPP_2^2,"21,93,0","41,240,0",1,1850.0,5038,2.37992,339.41125,75.39822,150.79645,2 2 2 2 3 3 3 2 2 2 2 2 2 2 2 2 2 3 2 2 2 2 2 3 3 2 2 2 3 3 2 2 2 2 2 2 2 2 2 2 2 2 2 2 2 2 2 2 2 2 2 2 2 2 1 2 2 2 2 1 1 1 2 1 2 2 2 2 2 2 2 2 2 2 2 2 2 2 2 2 2 2 2 2 2 2 2 2 2 2 2 2 2 2 2 2 2 2 2 2 2 2 2 1 2 2 2 2 2 1 1 2 1 2 2 1 2 2 2 2 2 2 1 2 2 2 2 1 1 2 2 1 1 2 1 2 1 2 2 2 1 2 1 2 2 2 2 2 2 1 2 2 2 2 2 2 2 1 2 2 2 1 1 1 1 1 2 1 2 1 1 2 2 2 2 2 2 2 2 2 2 2 2 3 2
386,SIPP_2^3,"21,93,0","41,240,0",1,1633.2590319999986,2880,2.42643,87.89252,17.27876,34.55752,5 5 5 5 4 4 4 5 4 4 4 4 4 4 4 4 4 4 4 4 4 5 5 5 4 5 4 4 4 4 4 3 4 4 4 4 4 4 4 4 4 4 4 4 4 4 4 4 4 3 4 4 4 4 4 4 4 4 4 4 4 4 4 4 4 4 4 4 4 4 4 4 4 4 4 4 4 4 4 4 4 4 4 4 4 4 4 4 4 4 4 4 4 4 4 4 4 4 4 4 4 4 4 4 4 4 4 4 4 4 4 4 4 4 4 3 4 4 3 3 3 3 3 3 3 3 3 3 3 3 3 3 4 3 3 3 3 4 4 3 4 3 3 3 3 3 2 3
386,SIPP_2^4,"21,93,0","41,240,0",1,1625.1485819999996,3027,6.71381,29.98098,5.96144,11.92287,9 10 9 -0.928 9 9 9 9 9 8 9 8 8 8 8 8 8 8 8 8 8 8 8 8 8 8 8 8 8 8 8 8 8 8 8 8 8 8 8 8 8 8 8 8 8 7 7 8 8 8 8 8 8 8 8 8 8 8 8 8 8 8 8 8 8 8 8 8 8 8 8 8 -3.741 8 8 8 8 8 8 8 8 8 8 8 8 8 8 8 8 8 8 8 8 8 8 8 8 8 8 8 8 8 8 8 8 8 8 8 8 8 7 6 6 6 6 6 5 5 6 6 6 6 6 6 6 6 -1.047 7 -0.657 8 -6.380 7 6 6 6 6 6 6 6
386,SIPP_2^5,"21,93,0","41,240,0",1,1625.1485819999996,3145,17.46763,31.73704,6.30778,12.61557,19 18 -1.695 17 17 17 17 17 16 17 16 16 16 16 16 16 16 16 16 16 16 16 16 16 16 16 16 16 16 16 16 16 16 15 15 16 16 16 16 16 16 15 16 16 16 16 16 16 16 16 16 16 16 16 16 16 16 16 16 16 16 17 16 16 16 16 16 16 16 -0.158 16 -1.123 16 16 16 16 16 16 16 16 16 16 16 16 16 16 16 16 16 16 16 16 16 16 16 16 16 16 16 -0.226 14 12 11 12 12 12 12 12 12 12 12 11 11 -0.512 16 -1.248 16 -6.380 14 12 12 12 12 12 12 12
386,SIPP_BigCS,"21,93,1","41,240,1",0,-1,20568,180.04697,0.0,0.0,0.0,
386,SIPP_Standard,"21,93,1","41,240,1",1,1642.851099,14213,43.68562,39.51948,7.6218,1.0126,-7.763 39 20 51 110 44 0 0 0 0 0 0 0 0 0 0 -1.235 12 71 44 -3.853 12 71
387,SIPP_2^2,"33,243,0","170,202,0",0,-1,0,0.0,0.0,0.0,0.0,
387,SIPP_2^3,"33,243,0","170,202,0",0,-1,0,0.0,0.0,0.0,0.0,
387,SIPP_2^4,"33,243,0","170,202,0",0,-1,0,0.0,0.0,0.0,0.0,
387,SIPP_2^5,"33,243,0","170,202,0",0,-1,0,0.0,0.0,0.0,0.0,
387,SIPP_BigCS,"33,243,0","170,202,0",0,-1,0,0.0,0.0,0.0,0.0,
387,SIPP_Standard,"33,243,0","170,202,9",0,-1,0,6e-05,0.0,0.0,0.0,
388,SIPP_2^2,"255,175,0","126,113,0",0,-1,0,0.0,0.0,0.0,0.0,
388,SIPP_2^3,"255,175,0","126,113,0",0,-1,0,0.0,0.0,0.0,0.0,
388,SIPP_2^4,"255,175,0","126,113,0",0,-1,0,0.0,0.0,0.0,0.0,
388,SIPP_2^5,"255,175,0","126,113,0",0,-1,0,0.0,0.0,0.0,0.0,
388,SIPP_BigCS,"255,175,0","126,113,0",0,-1,0,0.0,0.0,0.0,0.0,
388,SIPP_Standard,"255,175,3","126,113,0",0,-1,0,3e-05,0.0,0.0,0.0,
389,SIPP_2^2,"67,90,0","208,99,0",1,1720.0,4777,2.33624,197.9899,43.9823,87.96459,1 1 1 1 1 1 1 2 2 1 1 2 1 2 1 1 1 1 1 1 1 1 1 1 1 1 1 1 1 1 1 1 1 1 1 1 1 1 1 1 1 1 1 1 2 1 1 2 1 1 1 1 1 1 1 1 1 1 1 1 1 1 1 1 1 1 2 2 2 1 1 1 1 1 1 1 1 1 1 1 1 1 1 1 1 1 1 1 1 1 1 1 1 1 1 1 2 2 2 2 1 1 1 2 1 1 1 1 1 1 2 2 2 2 2 1 2 1 1 1 1 1 1 1 1 1 1 1 1 1 1 1 1 1 1 1 1 1 1 1 1 1 1 1 1 1 1 1 1 1 1 1 1 1 1 1 0 1 1 0 0 0 0 0 0 0 0 1 0 1 0 1
389,SIPP_2^3,"67,90,0","208,99,0",1,1554.9747599999994,3462,3.19047,83.49572,16.49336,32.98672,2 2 3 3 3 2 2 3 3 3 3 3 2 2 2 2 2 2 2 2 2 3 3 2 2 2 2 2 2 2 2 2 2 2 2 2 2 2 2 2 2 2 2 2 2 2 2 2 2 2 2 2 2 2 2 2 2 2 2 2 2 3 2 2 2 2 2 2 2 2 2 2 2 1 1 2 3 2 2 2 2 2 2 2 2 2 2 2 2 2 2 3 3 3 3 3 3 3 3 3 3 2 2 2 2 2 2 2 2 2 2 2 2 2 2 2 2 2 2 2 1 1 1 1 1 1 1 1 2 1 2 2 2 1 2 2 2 2 2 2 1
389,SIPP_2^4,"67,90,0","208,99,0",1,1496.186712,2684,6.02091,50.72374,10.09631,20.19261,4 5 6 5 6 5 5 4 5 4 4 4 4 4 4 4 4 4 4 4 4 4 4 4 4 4 4 5 5 5 5 5 4 4 4 4 4 4 4 4 4 4 4 4 4 4 4 4 4 4 4 5 5 5 4 5 5 5 5 5 3 3 4 4 4 4 4 4 4 4 4 4 4 4 4 4 4 4 4 4 4 4 5 4 5 4 4 4 3 4 4 4 4 4 4 4 4 4 3 3 3 3 3 3 3 3 3 3
389,SIPP_2^5,"67,90,0","208,99,0",1,1475.956797,2431,13.75328,35.63091,7.10941,14.21883,9 11 11 9 8 9 8 8 8 8 8 8 8 8 8 8 8 8 8 8 9 9 9 9 8 8 9 9 9 9 9 8 8 9 8 8 9 8 8 9 8 8 8 8 8 8 8 8 8 8 8 8 8 8 8 8 8 8 7 9 9 8 8 8 8 8 8 8 8 8 8 8 8 8 8 8 7 8 7 6 -0.144 6 6 6 6 6 6 6 6
389,SIPP_BigCS,"67,90,9","208,99,7",0,-1,18622,180.05154,0.0,0.0,0.0,
389,SIPP_Standard,"67,90,9","208,99,7",1,1530.62406,11606,40.19155,50.53261,9.4707,1.2425,21 -15.624 36 1 17 95 1 17 103 89 17 63 95 17 95 5 57 65 41
390,SIPP_2^2,"145,145,0","6,183,0",0,-1,0,0.0,0.0,0.0,0.0,
390,SIPP_2^3,"145,145,0","6,183,0",0,-1,0,0.0,0.0,0.0,0.0,
390,SIPP_2^4,"145,145,0","6,183,0",0,-1,0,0.0,0.0,0.0,0.0,
390,SIPP_2^5,"145,145,0","6,183,0",0,-1,0,0.0,0.0,0.0,0.0,
390,SIPP_BigCS,"145,145,0","6,183,0",0,-1,0,0.0,0.0,0.0,0.0,
390,SIPP_Standard,"145,145,6","6,183,3",0,-1,61375,180.00264,0.0,0.0,0.0,
391,SIPP_2^2,"148,155,0","24,237,0",1,2292.651069,18628,8.46818,289.91378,64.40265,128.8053,2 2 2 3 3 2 3 3 3 2 2 3 3 3 3 3 3 3 2 2 3 3 3 3 3 3 3 2 3 3 3 2 3 3 2 3 3 2 2 2 2 3 3 3 3 3 3 3 3 3 3 3 3 3 2 3 2 3 2 3 2 3 3 2 3 3 2 2 2 2 2 2 2 2 2 2 2 2 2 2 2 2 2 3 2 2 2 2 2 2 2 2 2 2 2 2 2 2 2 2 2 2 2 2 2 2 2 2 2 2 2 2 2 2 2 2 2 2 2 2 3 3 3 3 3 3 2 2 3 3 2 2 2 -22.132 2 -0.436 2 2 -2.845 2 2 3 3 3 3 3 3 3 0 0 0 0 0 0 3 3 3 3 3 -5.732 3 3 3 3 3 3 3 3 3 3 2 2 2 2 2 3 3 3 3 3 3 3 3 3 3 3 3 3 3 3 3 3 3 3 3 3 3 3 3 3 3 3 3 3 3 3 3 3 3 3 3 3 -3.418 3 3 -15.764 3 -11.808 3 -2.976 0 -3.920 0 -3.619 3 3 3 3 3 2 2 3
391,SIPP_2^3,"148,155,0","24,237,0",1,1883.9575839999995,10139,8.84816,226.93085,45.55309,91.10619,5 5 5 6 6 6 6 6 6 5 5 5 5 5 5 5 5 5 5 6 6 5 5 5 5 5 5 5 5 5 5 5 5 5 5 5 5 5 5 4 4 5 4 4 4 4 5 4 4 5 5 5 5 5 5 4 5 4 5 4 4 4 4 4 4 4 5 5 5 5 4 4 5 5 4 5 5 -1.345 7 -1.642 6 7 7 7 7 7 -10.714 4 -1.093 6 -1.489 6 5 4 5 5 6 -2.456 4 4 4 -31.040 6 -2.814 0 5 6 6 6 6 5 5 5 5 5 6 6 6 6 6 6 6 6 6 6 6 6 6 6 5 5 6 6 6 6 5 5 6 6 6 6 6 5 5 5 -8.277 6 6 7 7 7 7 6 6 5 6 5 6 5
391,SIPP_2^4,"148,155,0","24,237,0",1,1745.5412539999998,6520,14.82322,74.56295,14.78067,29.56134,10 10 11 10 11 11 11 11 10 11 11 10 11 -0.390 10 10 10 10 10 10 10 10 10 10 10 10 10 10 10 10 10 10 10 9 9 9 9 9 9 9 9 9 9 9 9 9 9 9 9 8 8 9 8 10 10 11 11 11 12 12 12 12 12 12 12 12 11 11 12 11 13 12 12 12 12 13 13 12 12 12 12 12 12 -0.249 12 -0.985 12 -0.534 12 -0.151 12 -0.060 12 -1.874 11 10 -0.361 12 -5.067 12 -1.586 11 11 11 10 10 9 9 9 -9.928 10 12 -0.299 12 14 15 15 14
391,SIPP_2^5,"148,155,0","24,237,0",1,1744.7134899999999,6594,36.68389,55.36533,10.91966,21.83932,21 21 21 21 21 21 -0.318 23 -1.712 20 20 20 20 20 20 20 20 20 20 20 20 20 20 19 19 19 20 20 17 18 18 18 18 18 18 17 18 18 18 17 18 18 -0.430 20 20 23 23 23 23 23 24 24 24 23 25 25 24 24 24 -1.027 28 -1.523 24 -2.262 24 -0.869 24 -0.101 24 -0.062 24 -0.620 24 -1.032 24 -0.985 24 -0.534 24 -0.151 24 -0.060 24 -1.874 22 -0.549 24 -3.954 24 -2.475 21 22 22 20 20 17 17 -6.214 23 -0.852 24 -0.067 29 29
391,SIPP_BigCS,"148,155,11","24,237,10",0,-1,21174,180.08897,0.0,0.0,0.0,
391,SIPP_Standard,"148,155,11","24,237,10",1,1885.989955,37011,98.36635,75.3289,14.4803,1.9545,51 86 7 75 78 67 51 70 39 8 40 86 11 -79.810 47 -10.711 3 11 55 67 55 107 -2.610 50 -4.859 109
392,SIPP_2^2,"221,146,0","99,61,0",0,-1,0,0.0,0.0,0.0,0.0,
392,SIPP_2^3,"221,146,0","99,61,0",0,-1,0,0.0,0.0,0.0,0.0,
392,SIPP_2^4,"221,146,0","99,61,0",0,-1,0,0.0,0.0,0.0,0.0,
392,SIPP_2^5,"221,146,0","99,61,0",0,-1,0,0.0,0.0,0.0,0.0,
392,SIPP_BigCS,"221,146,0","99,61,0",0,-1,0,0.0,0.0,0.0,0.0,
392,SIPP_Standard,"221,146,12","99,61,9",0,-1,0,6e-05,0.0,0.0,0.0,
393,SIPP_2^2,"255,32,0","151,88,0",0,-1,0,0.0,0.0,0.0,0.0,
393,SIPP_2^3,"255,32,0","151,88,0",0,-1,0,0.0,0.0,0.0,0.0,
393,SIPP_2^4,"255,32,0","151,88,0",0,-1,0,0.0,0.0,0.0,0.0,
393,SIPP_2^5,"255,32,0","151,88,0",0,-1,0,0.0,0.0,0.0,0.0,
393,SIPP_BigCS,"255,32,0","151,88,0",0,-1,0,0.0,0.0,0.0,0.0,
393,SIPP_Standard,"255,32,6","151,88,15",0,-1,0,3e-05,0.0,0.0,0.0,
394,SIPP_2^2,"186,139,0","118,16,0",0,-1,0,0.0,0.0,0.0,0.0,
394,SIPP_2^3,"186,139,0","118,16,0",0,-1,0,0.0,0.0,0.0,0.0,
394,SIPP_2^4,"186,139,0","118,16,0",0,-1,0,0.0,0.0,0.0,0.0,
394,SIPP_2^5,"186,139,0","118,16,0",0,-1,0,0.0,0.0,0.0,0.0,
394,SIPP_BigCS,"186,139,0","118,16,0",0,-1,0,0.0,0.0,0.0,0.0,
394,SIPP_Standard,"186,139,8","118,16,1",0,-1,63485,180.0009,0.0,0.0,0.0,
395,SIPP_2^2,"145,229,0","9,177,0",0,-1,0,0.0,0.0,0.0,0.0,
395,SIPP_2^3,"145,229,0","9,177,0",0,-1,0,0.0,0.0,0.0,0.0,
395,SIPP_2^4,"145,229,0","9,177,0",0,-1,0,0.0,0.0,0.0,0.0,
395,SIPP_2^5,"145,229,0","9,177,0",0,-1,0,0.0,0.0,0.0,0.0,
395,SIPP_BigCS,"145,229,0","9,177,0",0,-1,0,0.0,0.0,0.0,0.0,
395,SIPP_Standard,"145,229,2","9,177,15",0,-1,0,4e-05,0.0,0.0,0.0,
396,SIPP_2^2,"58,79,0","187,151,0",1,2043.389273,12181,6.0084,332.34019,73.82743,147.65485,2 2 1 2 1 2 1 2 2 1 1 2 2 1 1 1 1 1 1 1 2 1 2 2 1 1 2 1 2 2 2 1 2 2 2 1 2 1 1 1 2 1 2 1 1 1 1 1 1 1 1 1 2 2 1 2 2 1 1 1 1 1 1 1 1 1 1 1 1 1 1 1 2 2 2 2 2 1 2 2 2 2 2 2 2 2 2 2 2 2 2 2 2 2 2 2 2 1 1 1 1 1 1 1 1 1 1 1 1 1 1 1 1 2 2 2 2 2 1 1 2 2 2 2 2 1 1 1 1 1 1 1 1 1 1 1 1 1 1 1 2 1 2 2 2 2 -9.357 1 1 1 1 2 2 2 2 2 2 -16.254 1 1 -4.192 1 -0.909 1 -0.918 1 1 1 1 1 1 1 1 1 1 1 1 1 1 1 1 1 1 1 1 1 1 1 1 1 1 1 1 1 1 1 2 1 2 1 1 1 -1.758 1 1 1 1
396,SIPP_2^3,"58,79,0","187,151,0",1,1804.638417,9556,8.33873,194.52454,39.26991,78.53982,4 3 3 3 3 2 3 2 3 2 2 2 2 2 2 2 2 2 2 2 2 2 3 2 2 2 3 3 2 2 3 3 3 3 2 3 3 3 2 2 3 3 3 3 4 4 4 3 4 3 4 4 4 4 3 3 3 3 3 3 3 3 3 4 -0.004 4 -28.979 4 3 -3.917 3 -2.105 3 3 3 3 3 3 2 2 2 2 2 2 2 2 2 2 3 3 3 3 3 3 3 3 3 3 3 3 3 4 3 4 4 3 4 3 3 -0.596 4 -0.410 2 -0.106 4 -0.013 2 4 2 2 2 2 2 1 2 2 2 2 2 2 2 2 2 2 2 2 2 2 2 2 1 2 -15.540 2 -0.869 2 -0.101 2 -0.062 2 -0.620 2 -1.032 2 2 2 2 2 2 -3.538 2 -2.976 2 -9.344 0 -4.183 2
396,SIPP_2^4,"58,79,0","187,151,0",1,1804.638417,12339,27.89717,95.03307,19.3132,38.62641,7 6 6 6 5 5 4 5 4 5 5 5 4 4 4 5 5 5 5 4 4 4 4 4 4 4 4 4 4 5 5 5 5 5 5 5 5 5 5 5 5 5 5 5 5 5 5 5 5 5 5 5 5 5 5 5 6 6 5 6 5 5 -62.089 6 -7.384 8 9 8 -3.441 4 -4.686 8 -1.170 4 5 6 7 6 6 6 6 7 6 4 4 4 4 4 4 4 4 4 4 4 4 -77.672 8 -2.273 7 -4.963 8 -0.151 8 -0.060 8 -0.420 8 -33.708 4 -4.183 4
396,SIPP_2^5,"58,79,0","187,151,0",1,1804.638417,12665,70.54235,82.01464,16.5664,33.13281,14 12 12 11 9 8 8 9 9 9 9 9 9 9 9 9 9 9 10 10 10 10 10 10 10 10 10 10 10 10 10 10 10 10 10 10 10 10 10 10 10 10 10 10 11 11 -74.067 12 -7.384 16 18 16 -3.441 8 -4.686 16 -0.900 9 12 13 13 12 12 12 8 8 9 8 -89.706 16 -14.509 16 -0.101 16 14 10 9 -8.908 8 -2.976 8 -9.344 0 -4.183 8
396,SIPP_BigCS,"58,79,1","187,151,11",0,-1,19173,180.15735,0.0,0.0,0.0,
396,SIPP_Standard,"58,79,1","187,151,11",1,1804.54693,51957,169.14048,47.1984,9.0759,1.0367,64 36 1 1 21 48 71 48 79 64 -7.635 28 -0.076 44 8 44 8 -39.276 36 -0.096 1 5 89 -15.796 1 -31.668 1
397,SIPP_2^2,"123,122,0","250,63,0",0,-1,0,0.0,0.0,0.0,0.0,
397,SIPP_2^3,"123,122,0","250,63,0",0,-1,0,0.0,0.0,0.0,0.0,
397,SIPP_2^4,"123,122,0","250,63,0",0,-1,0,0.0,0.0,0.0,0.0,
397,SIPP_2^5,"123,122,0","250,63,0",0,-1,0,0.0,0.0,0.0,0.0,
397,SIPP_BigCS,"123,122,0","250,63,0",0,-1,0,0.0,0.0,0.0,0.0,
397,SIPP_Standard,"123,122,8","250,63,2",0,-1,61710,180.00254,0.0,0.0,0.0,
398,SIPP_2^2,"100,10,0","247,34,0",0,-1,0,0.0,0.0,0.0,0.0,
398,SIPP_2^3,"100,10,0","247,34,0",0,-1,0,0.0,0.0,0.0,0.0,
398,SIPP_2^4,"100,10,0","247,34,0",0,-1,0,0.0,0.0,0.0,0.0,
398,SIPP_2^5,"100,10,0","247,34,0",0,-1,0,0.0,0.0,0.0,0.0,
398,SIPP_BigCS,"100,10,0","247,34,0",0,-1,0,0.0,0.0,0.0,0.0,
398,SIPP_Standard,"100,10,1","247,34,6",0,-1,41,0.06686,0.0,0.0,0.0,
399,SIPP_2^2,"157,207,0","79,90,0",1,2172.482993,11913,5.39487,410.12193,94.24778,188.49556,1 1 -69.017 3 -20.078 3 -11.388 3 3 3 3 3 3 3 3 0 3 3 0 3 3 3 3 0 3 3 3 3 3 3 0 3 0 0 0 0 3 0 3 3 3 3 3 3 3 3 0 0 0 0 0 0 0 0 0 0 0 3 0 0 0 0 3 0 3 3 3 3 0 3 0 3 0 3 0 0 0 0 0 0 0 -80.612 3 0 -1.388 3 0 0 0 0 0 0 0 0 0 0 0 0 0 0 0 0 0 0 0 0 0 0 3 0 3 0 0 0 0 0 0 0 0 0 0 0 0 0 0 0 0 0 0 0 0 0 0 0 3 3 3 3 0 0 0 3 0 0 3 3 0 0 3 0 0 0 0 0 0 0 0 0 0 3 3 0 0 0 3 3 3 3 3 3 3 3 3 3 3 3 3 3 3 0 0 3 3 0 0 0 0 0 3 0 3 0 0 3 0 0 3 0 0 3 3 3 0 3
399,SIPP_2^3,"157,207,0","79,90,0",1,2000.2567669999999,10958,9.42625,130.94079,29.05973,58.11947,2 2 -69.017 6 -20.078 6 -11.388 6 6 6 6 7 7 6 7 6 6 7 6 6 6 6 6 6 6 6 7 7 7 7 7 7 7 7 7 7 7 7 7 0 -5.660 0 -0.410 0 -0.106 0 -0.013 0 0 0 -0.034 0 -0.375 0 0 0 0 -0.919 0 0 0 0 0 0 0 0 0 0 0 0 0 1 1 0 0 0 1 1 1 0 0 0 0 7 0 0 0 0 0 0 0 0 0 7 7 7 7 7 7 7 7 7 7 7 7 7 7 7 7 7 7 7 7 0 0 0 0 0 0 -5.383 7 -2.058 7 6 7 7 7 7 7 7 7 7 6 6 6 6 6 6 7 6 6 6 7 7 7 7 -120.528 6 -11.448 0 -8.099 7 0 1 0 0 0 -0.682 0 -3.105 0 7 7 6 7
399,SIPP_2^4,"157,207,0","79,90,0",1,1998.475311,12067,26.62018,101.12739,23.26822,46.53645,4 4 -69.017 12 -20.078 12 -11.388 12 12 12 13 13 13 12 12 13 12 12 12 12 12 12 14 14 14 14 14 14 14 14 14 14 14 14 14 15 15 0 0 0 0 0 0 -0.126 0 0 1 1 0 1 1 0 0 0 1 0 1 0 0 0 0 0 0 0 0 0 0 0 0 0 0 0 15 0 15 13 12 13 13 13 13 13 13 12 13 13 13 13 13 12 13 13 15 15 15 15 15 15 15 15 14 0 15 15 0 14 12 12 -160.508 15 -0.711 1 -0.490 1 -0.482 0 -1.255 0 -1.750 0 -3.105 0 14 13 14
399,SIPP_2^5,"157,207,0","79,90,0",1,1998.028008,12339,66.42235,66.91105,16.29597,32.59193,8 8 -69.017 24 -20.078 24 -11.388 24 24 25 25 25 25 24 24 24 24 25 28 28 28 28 28 28 28 28 28 28 28 28 28 28 28 28 29 29 -26.579 31 -0.328 31 0 -0.463 0 -0.985 0 -8.520 0 -0.907 25 0 25 30 2 3 4 4 4 1 0 0 0 0 0 31 31 31 28 27 27 28 28 28 28 28 28 28 29 30 30 30 29 30 30 30 31 30 30 -193.967 29 -0.386 1 -0.872 0 -1.255 0 -1.750 0 -3.105 0 28 27
399,SIPP_BigCS,"157,207,6","79,90,1",0,-1,23217,180.08048,0.0,0.0,0.0,
399,SIPP_Standard,"157,207,6","79,90,1",1,2665.6386690000004,30450,87.0709,81.91848,15.5148,2.3659,1 -64.922 5 -120.581 105 44 20 43 93 3 3 27 58 58 74 85 2 10 46 2 -2.807 2 -1.786 10 46 10 30 30 30 -1.858 42 -38.576 108 -21.108 38 3
400,SIPP_2^2,"146,232,0","59,114,0",0,-1,0,0.0,0.0,0.0,0.0,
400,SIPP_2^3,"146,232,0","59,114,0",0,-1,0,0.0,0.0,0.0,0.0,
400,SIPP_2^4,"146,232,0","59,114,0",0,-1,0,0.0,0.0,0.0,0.0,
400,SIPP_2^5,"146,232,0","59,114,0",0,-1,0,0.0,0.0,0.0,0.0,
400,SIPP_BigCS,"146,232,0","59,114,0",0,-1,0,0.0,0.0,0.0,0.0,
400,SIPP_Standard,"146,232,8","59,114,14",0,-1,0,4e-05,0.0,0.0,0.0,
401,SIPP_2^2,"98,112,0","224,58,0",0,-1,0,0.0,0.0,0.0,0.0,
401,SIPP_2^3,"98,112,0","224,58,0",0,-1,0,0.0,0.0,0.0,0.0,
401,SIPP_2^4,"98,112,0","224,58,0",0,-1,0,0.0,0.0,0.0,0.0,
401,SIPP_2^5,"98,112,0","224,58,0",0,-1,0,0.0,0.0,0.0,0.0,
401,SIPP_BigCS,"98,112,0","224,58,0",0,-1,0,0.0,0.0,0.0,0.0,
401,SIPP_Standard,"98,112,14","224,58,9",0,-1,0,3e-05,0.0,0.0,0.0,
402,SIPP_2^2,"122,10,0","254,79,0",0,-1,85,0.21145,0.0,0.0,0.0,
402,SIPP_2^3,"122,10,0","254,79,0",1,2159.583935999998,3269,2.86591,212.37411,41.6261,83.25221,6 6 6 7 7 6 6 6 6 6 7 6 6 7 6 7 7 7 6 6 7 7 -38.315 2 -0.370 2 -0.093 2 -0.020 2 2 2 -0.045 2 -0.375 2 2 3 3 3 2 3 3 3 3 3 3 3 3 3 3 3 2 3 2 2 3 2 2 2 2 3 2 3 2 3 3 3 3 2 2 2 2 2 3 3 3 3 3 3 3 2 3 3 3 3 2 2 2 2 2 2 2 2 2 2 2 2 2 2 2 3 2 2 3 3 3 3 2 3 3 2 3 3 3 3 3 3 3 3 3 3 3 2 2 2 3 2 2 2 2 2 2 2 2 2 3 3 2 3 3 3 3 3 3 3 3 3 3 3 3 2 2 2 2 2 2 2 2 2 3 3 3 3 2 3 3 2 2 2 2 2 3 3 3 2 3 3 2 2 2 3
402,SIPP_2^4,"122,10,0","254,79,0",1,2129.0032269999992,3033,6.91333,95.00614,21.91524,43.83047,13 12 13 13 13 13 13 13 12 12 13 13 12 -54.349 4 -0.370 4 -0.093 4 -0.020 4 4 4 -0.045 4 5 6 5 6 6 6 6 6 6 5 6 6 6 6 5 5 4 4 4 5 5 5 5 5 5 5 5 5 5 5 5 5 5 5 5 5 5 5 4 4 4 4 5 4 5 6 6 6 5 5 5 6 6 6 6 -0.206 7 -9.621 8 -0.420 8 -1.387 8 -2.716 4 3 2 -2.003 4 4 4 5 5 4 5 5 4 4 4 5 5 6 6 6 6 6 6 6 6 -1.674 5 -0.840 6 5 5 5 5 5 5 5 5 4 4 5 4 5 5 4 5
402,SIPP_2^5,"122,10,0","254,79,0",1,2124.760551999999,2944,16.3999,53.69767,11.23436,22.46871,25 26 26 26 25 25 26 25 26 -57.300 8 -0.370 8 -0.093 8 -0.020 8 8 8 -0.045 8 10 11 12 12 12 12 12 12 12 12 12 11 9 9 11 10 10 10 10 10 10 10 10 9 10 10 10 9 9 9 9 9 9 12 12 12 11 11 11 11 12 -5.825 16 -10.211 16 -0.420 16 -1.387 16 -2.716 8 -0.166 5 -2.284 8 8 8 9 9 9 9 12 12 12 12 12 12 12 12 12 12 12 12 12 9 9 9 9 9 9 9 9 10 10 10
402,SIPP_BigCS,"122,10,8","254,79,3",1,2125.329896,19612,161.97467,79.98167,14.7645,3.5428,205 205 205 205 309 75 102 166 -11.434 331 68 343 377 -0.070 199 207 207 207 311 73 176 199 199 207 207 207 311 5 5 85 207 207 255 176 327 -48.691 232 73 160 85 207 255 100 100 100 100 -5.135 176 207 207 207 207 207 207 207 207 207 311 5 5
402,SIPP_Standard,"122,10,8","254,79,3",1,2515.936474,21499,49.81961,70.84937,12.8619,1.6867,61 61 109 -2.612 35 -44.885 80 17 -124.345 63 71 -29.613 48 -12.432 63 95 9 45 -0.067 17 79 72 71 -25.968 48 -2.003 95 17 -19.987 71 -79.024 48 63 63 71 32
403,SIPP_2^2,"115,147,0","234,62,0",0,-1,0,0.0,0.0,0.0,0.0,
403,SIPP_2^3,"115,147,0","234,62,0",0,-1,0,0.0,0.0,0.0,0.0,
403,SIPP_2^4,"115,147,0","234,62,0",0,-1,0,0.0,0.0,0.0,0.0,
403,SIPP_2^5,"115,147,0","234,62,0",0,-1,0,0.0,0.0,0.0,0.0,
403,SIPP_BigCS,"115,147,0","234,62,0",0,-1,0,0.0,0.0,0.0,0.0,
403,SIPP_Standard,"115,147,9","234,62,1",0,-1,53001,180.00147,0.0,0.0,0.0,
404,SIPP_2^2,"159,102,0","181,246,0",0,-1,0,0.0,0.0,0.0,0.0,
404,SIPP_2^3,"159,102,0","181,246,0",0,-1,0,0.0,0.0,0.0,0.0,
404,SIPP_2^4,"159,102,0","181,246,0",0,-1,0,0.0,0.0,0.0,0.0,
404,SIPP_2^5,"159,102,0","181,246,0",0,-1,0,0.0,0.0,0.0,0.0,
404,SIPP_BigCS,"159,102,0","181,246,0",0,-1,0,0.0,0.0,0.0,0.0,
404,SIPP_Standard,"159,102,2","181,246,3",0,-1,56849,180.00125,0.0,0.0,0.0,
405,SIPP_2^2,"235,210,0","114,139,0",0,-1,0,0.0,0.0,0.0,0.0,
405,SIPP_2^3,"235,210,0","114,139,0",0,-1,0,0.0,0.0,0.0,0.0,
405,SIPP_2^4,"235,210,0","114,139,0",0,-1,0,0.0,0.0,0.0,0.0,
405,SIPP_2^5,"235,210,0","114,139,0",0,-1,0,0.0,0.0,0.0,0.0,
405,SIPP_BigCS,"235,210,0","114,139,0",0,-1,0,0.0,0.0,0.0,0.0,
405,SIPP_Standard,"235,210,14","114,139,12",0,-1,0,2e-05,0.0,0.0,0.0,
406,SIPP_2^2,"113,187,0","12,78,0",0,-1,0,0.0,0.0,0.0,0.0,
406,SIPP_2^3,"113,187,0","12,78,0",0,-1,0,0.0,0.0,0.0,0.0,
406,SIPP_2^4,"113,187,0","12,78,0",0,-1,0,0.0,0.0,0.0,0.0,
406,SIPP_2^5,"113,187,0","12,78,0",0,-1,0,0.0,0.0,0.0,0.0,
406,SIPP_BigCS,"113,187,0","12,78,0",0,-1,0,0.0,0.0,0.0,0.0,
406,SIPP_Standard,"113,187,1","12,78,8",0,-1,60372,180.0009,0.0,0.0,0.0,
407,SIPP_2^2,"83,93,0","167,208,0",0,-1,0,0.0,0.0,0.0,0.0,
407,SIPP_2^3,"83,93,0","167,208,0",0,-1,0,0.0,0.0,0.0,0.0,
407,SIPP_2^4,"83,93,0","167,208,0",0,-1,0,0.0,0.0,0.0,0.0,
407,SIPP_2^5,"83,93,0","167,208,0",0,-1,0,0.0,0.0,0.0,0.0,
407,SIPP_BigCS,"83,93,0","167,208,0",0,-1,0,0.0,0.0,0.0,0.0,
407,SIPP_Standard,"83,93,2","167,208,14",0,-1,53549,180.0011,0.0,0.0,0.0,
408,SIPP_2^2,"222,80,0","95,147,0",0,-1,0,0.0,0.0,0.0,0.0,
408,SIPP_2^3,"222,80,0","95,147,0",0,-1,0,0.0,0.0,0.0,0.0,
408,SIPP_2^4,"222,80,0","95,147,0",0,-1,0,0.0,0.0,0.0,0.0,
408,SIPP_2^5,"222,80,0","95,147,0",0,-1,0,0.0,0.0,0.0,0.0,
408,SIPP_BigCS,"222,80,0","95,147,0",0,-1,0,0.0,0.0,0.0,0.0,
408,SIPP_Standard,"222,80,10","95,147,15",0,-1,0,2e-05,0.0,0.0,0.0,
409,SIPP_2^2,"116,230,0","45,101,0",0,-1,0,0.0,0.0,0.0,0.0,
409,SIPP_2^3,"116,230,0","45,101,0",0,-1,0,0.0,0.0,0.0,0.0,
409,SIPP_2^4,"116,230,0","45,101,0",0,-1,0,0.0,0.0,0.0,0.0,
409,SIPP_2^5,"116,230,0","45,101,0",0,-1,0,0.0,0.0,0.0,0.0,
409,SIPP_BigCS,"116,230,0","45,101,0",0,-1,0,0.0,0.0,0.0,0.0,
409,SIPP_Standard,"116,230,13","45,101,5",0,-1,0,3e-05,0.0,0.0,0.0,
410,SIPP_2^2,"56,112,0","192,82,0",0,-1,0,0.0,0.0,0.0,0.0,
410,SIPP_2^3,"56,112,0","192,82,0",0,-1,0,0.0,0.0,0.0,0.0,
410,SIPP_2^4,"56,112,0","192,82,0",0,-1,0,0.0,0.0,0.0,0.0,
410,SIPP_2^5,"56,112,0","192,82,0",0,-1,0,0.0,0.0,0.0,0.0,
410,SIPP_BigCS,"56,112,0","192,82,0",0,-1,0,0.0,0.0,0.0,0.0,
410,SIPP_Standard,"56,112,7","192,82,5",0,-1,0,1e-05,0.0,0.0,0.0,
411,SIPP_2^2,"116,209,0","82,59,0",0,-1,0,0.0,0.0,0.0,0.0,
411,SIPP_2^3,"116,209,0","82,59,0",0,-1,0,0.0,0.0,0.0,0.0,
411,SIPP_2^4,"116,209,0","82,59,0",0,-1,0,0.0,0.0,0.0,0.0,
411,SIPP_2^5,"116,209,0","82,59,0",0,-1,0,0.0,0.0,0.0,0.0,
411,SIPP_BigCS,"116,209,0","82,59,0",0,-1,0,0.0,0.0,0.0,0.0,
411,SIPP_Standard,"116,209,10","82,59,8",0,-1,0,3e-05,0.0,0.0,0.0,
412,SIPP_2^2,"247,168,0","218,22,0",0,-1,0,0.0,0.0,0.0,0.0,
412,SIPP_2^3,"247,168,0","218,22,0",0,-1,0,0.0,0.0,0.0,0.0,
412,SIPP_2^4,"247,168,0","218,22,0",0,-1,0,0.0,0.0,0.0,0.0,
412,SIPP_2^5,"247,168,0","218,22,0",0,-1,0,0.0,0.0,0.0,0.0,
412,SIPP_BigCS,"247,168,0","218,22,0",0,-1,0,0.0,0.0,0.0,0.0,
412,SIPP_Standard,"247,168,13","218,22,7",0,-1,68710,180.00105,0.0,0.0,0.0,
413,SIPP_2^2,"196,15,0","85,100,0",0,-1,0,0.0,0.0,0.0,0.0,
413,SIPP_2^3,"196,15,0","85,100,0",0,-1,0,0.0,0.0,0.0,0.0,
413,SIPP_2^4,"196,15,0","85,100,0",0,-1,0,0.0,0.0,0.0,0.0,
413,SIPP_2^5,"196,15,0","85,100,0",0,-1,0,0.0,0.0,0.0,0.0,
413,SIPP_BigCS,"196,15,0","85,100,0",0,-1,0,0.0,0.0,0.0,0.0,
413,SIPP_Standard,"196,15,12","85,100,2",0,-1,0,4e-05,0.0,0.0,0.0,
414,SIPP_2^2,"84,37,0","243,44,0",0,-1,0,0.0,0.0,0.0,0.0,
414,SIPP_2^3,"84,37,0","243,44,0",0,-1,0,0.0,0.0,0.0,0.0,
414,SIPP_2^4,"84,37,0","243,44,0",0,-1,0,0.0,0.0,0.0,0.0,
414,SIPP_2^5,"84,37,0","243,44,0",0,-1,0,0.0,0.0,0.0,0.0,
414,SIPP_BigCS,"84,37,0","243,44,0",0,-1,0,0.0,0.0,0.0,0.0,
414,SIPP_Standard,"84,37,9","243,44,1",0,-1,0,4e-05,0.0,0.0,0.0,
415,SIPP_2^2,"207,233,0","40,232,0",0,-1,0,0.0,0.0,0.0,0.0,
415,SIPP_2^3,"207,233,0","40,232,0",0,-1,0,0.0,0.0,0.0,0.0,
415,SIPP_2^4,"207,233,0","40,232,0",0,-1,0,0.0,0.0,0.0,0.0,
415,SIPP_2^5,"207,233,0","40,232,0",0,-1,0,0.0,0.0,0.0,0.0,
415,SIPP_BigCS,"207,233,0","40,232,0",0,-1,0,0.0,0.0,0.0,0.0,
415,SIPP_Standard,"207,233,0","40,232,15",0,-1,0,1e-05,0.0,0.0,0.0,
416,SIPP_2^2,"65,215,0","137,98,0",0,-1,0,0.0,0.0,0.0,0.0,
416,SIPP_2^3,"65,215,0","137,98,0",0,-1,0,0.0,0.0,0.0,0.0,
416,SIPP_2^4,"65,215,0","137,98,0",0,-1,0,0.0,0.0,0.0,0.0,
416,SIPP_2^5,"65,215,0","137,98,0",0,-1,0,0.0,0.0,0.0,0.0,
416,SIPP_BigCS,"65,215,0","137,98,0",0,-1,0,0.0,0.0,0.0,0.0,
416,SIPP_Standard,"65,215,6","137,98,12",0,-1,0,1e-05,0.0,0.0,0.0,
417,SIPP_2^2,"207,125,0","131,55,0",0,-1,0,0.0,0.0,0.0,0.0,
417,SIPP_2^3,"207,125,0","131,55,0",0,-1,0,0.0,0.0,0.0,0.0,
417,SIPP_2^4,"207,125,0","131,55,0",0,-1,0,0.0,0.0,0.0,0.0,
417,SIPP_2^5,"207,125,0","131,55,0",0,-1,0,0.0,0.0,0.0,0.0,
417,SIPP_BigCS,"207,125,0","131,55,0",0,-1,0,0.0,0.0,0.0,0.0,
417,SIPP_Standard,"207,125,0","131,55,6",0,-1,57697,180.00516,0.0,0.0,0.0,
418,SIPP_2^2,"163,159,0","23,106,0",0,-1,0,0.0,0.0,0.0,0.0,
418,SIPP_2^3,"163,159,0","23,106,0",0,-1,0,0.0,0.0,0.0,0.0,
418,SIPP_2^4,"163,159,0","23,106,0",0,-1,0,0.0,0.0,0.0,0.0,
418,SIPP_2^5,"163,159,0","23,106,0",0,-1,0,0.0,0.0,0.0,0.0,
418,SIPP_BigCS,"163,159,0","23,106,0",0,-1,0,0.0,0.0,0.0,0.0,
418,SIPP_Standard,"163,159,4","23,106,11",0,-1,60103,180.0045,0.0,0.0,0.0,
419,SIPP_2^2,"36,60,0","180,109,0",0,-1,0,0.0,0.0,0.0,0.0,
419,SIPP_2^3,"36,60,0","180,109,0",0,-1,0,0.0,0.0,0.0,0.0,
419,SIPP_2^4,"36,60,0","180,109,0",0,-1,0,0.0,0.0,0.0,0.0,
419,SIPP_2^5,"36,60,0","180,109,0",0,-1,0,0.0,0.0,0.0,0.0,
419,SIPP_BigCS,"36,60,0","180,109,0",0,-1,0,0.0,0.0,0.0,0.0,
419,SIPP_Standard,"36,60,1","180,109,2",0,-1,64542,180.00291,0.0,0.0,0.0,
420,SIPP_2^2,"86,114,0","186,221,0",0,-1,0,0.0,0.0,0.0,0.0,
420,SIPP_2^3,"86,114,0","186,221,0",0,-1,0,0.0,0.0,0.0,0.0,
420,SIPP_2^4,"86,114,0","186,221,0",0,-1,0,0.0,0.0,0.0,0.0,
420,SIPP_2^5,"86,114,0","186,221,0",0,-1,0,0.0,0.0,0.0,0.0,
420,SIPP_BigCS,"86,114,0","186,221,0",0,-1,0,0.0,0.0,0.0,0.0,
420,SIPP_Standard,"86,114,6","186,221,14",0,-1,0,5e-05,0.0,0.0,0.0,
421,SIPP_2^2,"105,36,0","112,203,0",1,2346.255736,7942,3.54232,190.91883,42.4115,84.823,2 2 2 2 2 2 2 2 2 2 2 -287.076 2 -0.013 2 2 2 3 2 -12.694 2 -0.101 2 3 2 2 2 2 2 2 3 3 -35.079 3 -5.593 3 2 3 3 2 2 3 2 3 3 3 2 -3.501 2 -0.020 2 2 2 2 2 2 2 2 2 2 2 2 2 2 2 2 2 2 -0.964 2 -10.065 2 2 2 2 2 2 2 2 2 2 2 2 2 2 2 2 2 1 1 1 1 1 -7.312 1 -2.094 2 -1.047 2 -0.410 2 -0.106 2 -0.013 2 2 2 2 -0.018 2 -0.033 2 -0.117 1 1 2 2 2 2 2 2 2 2 2 2 2 2 2 2 2 2 2 1 2 2 2 2 2 1 2 2 1 1 2 1 2 2 2 2 2 2 2 2 2 2 2 2 2 2 2 2 2 2 2 2 2 2 2 2 2 2 2 2 2 2 2 2 2 2 2 2 2 2 2 2 2 2 2 2 2 2 2 2 2 2 2 2 2 2 2 2 2 2 2 2 2 2 2 2 2 1 1 1 1 1 2 1
421,SIPP_2^3,"105,36,0","112,203,0",1,2079.294711,5694,4.82383,115.37408,22.77655,45.55309,4 4 4 4 4 4 4 4 4 4 4 -287.076 4 -0.013 4 4 4 5 -18.552 4 -0.101 4 5 4 4 4 5 4 4 4 4 4 4 4 4 5 5 5 4 5 4 4 4 5 4 4 4 3 3 3 3 4 4 4 3 3 4 4 4 4 4 4 4 4 4 4 4 4 4 4 4 3 3 4 4 4 4 4 4 4 4 4 4 4 4 4 4 4 4 4 4 4 4 4 4 4 4 4 4 4 4 4 4 4 4 4 4 4 4 4 4 4 4 4 4 5 4 4 4 4 4 4 4 4 4 4 4 4 4 4 4 4 4 4 4 4 4 4 4 4 4 4 4 4 4 4 4 4 4 4 4 4 4 4 4 4 4 4 4 3 3 4 3 3 4 3 4 3 3 4 3
421,SIPP_2^4,"105,36,0","112,203,0",1,2052.512683,5984,13.48894,72.94273,14.34505,28.6901,8 8 8 8 8 8 8 8 8 8 8 -287.076 8 -0.013 8 8 10 9 -6.191 4 9 8 8 8 8 8 8 9 9 9 9 9 9 8 8 8 8 8 6 7 7 7 7 7 8 7 7 8 8 8 8 8 8 8 8 8 8 8 8 8 8 8 8 8 8 8 8 8 8 8 8 8 8 8 8 8 8 8 8 8 8 8 8 8 8 8 8 8 8 8 8 8 8 8 8 8 8 8 8 8 8 8 8 8 8 8 8 8 8 8 8 8 8 8 8 8 8 8 9 8 8 8 8 -5.636 6 -0.482 8 7 7 7 7 7 8 7 8 8 8 8 8 8 8 8 8 8 8 8 8 7 -4.299 8 -2.094 8
421,SIPP_2^5,"105,36,0","112,203,0",1,2052.512683,6738,37.49025,32.97963,6.60781,13.21562,16 16 16 16 16 16 16 16 16 16 16 -287.076 16 -0.013 16 17 -21.071 16 17 17 17 17 17 17 17 16 16 16 15 13 13 14 15 16 16 16 16 16 16 16 16 16 16 16 16 16 15 16 16 16 16 16 16 16 16 16 16 17 16 16 16 16 16 16 16 16 16 16 16 16 16 16 16 16 16 16 16 16 16 16 16 16 16 16 16 16 16 16 16 16 16 16 16 16 16 16 16 16 16 16 16 16 16 16 16 16 16 16 16 -12.866 12 -0.212 15 15 15 15 15 16 15 16 16 16 16 16 16 16 15 -9.735 16 -2.094 16
421,SIPP_BigCS,"105,36,4","112,203,2",0,-1,21643,180.04525,0.0,0.0,0.0,
421,SIPP_Standard,"105,36,4","112,203,2",1,2157.078016,21320,56.71336,51.41922,9.557,1.1396,91 3 3 7 83 -14.078 4 88 0 0 4 56 56 64 52 72 87 0 4 64 28 52 104 39 0 0 0
422,SIPP_2^2,"0,161,0","144,98,0",0,-1,0,0.0,0.0,0.0,0.0,
422,SIPP_2^3,"0,161,0","144,98,0",0,-1,0,0.0,0.0,0.0,0.0,
422,SIPP_2^4,"0,161,0","144,98,0",0,-1,0,0.0,0.0,0.0,0.0,
422,SIPP_2^5,"0,161,0","144,98,0",0,-1,0,0.0,0.0,0.0,0.0,
422,SIPP_BigCS,"0,161,0","144,98,0",0,-1,0,0.0,0.0,0.0,0.0,
422,SIPP_Standard,"0,161,9","144,98,15",0,-1,0,1e-05,0.0,0.0,0.0,
423,SIPP_2^2,"124,92,0","209,4,0",0,-1,0,0.0,0.0,0.0,0.0,
423,SIPP_2^3,"124,92,0","209,4,0",0,-1,0,0.0,0.0,0.0,0.0,
423,SIPP_2^4,"124,92,0","209,4,0",0,-1,0,0.0,0.0,0.0,0.0,
423,SIPP_2^5,"124,92,0","209,4,0",0,-1,0,0.0,0.0,0.0,0.0,
423,SIPP_BigCS,"124,92,0","209,4,0",0,-1,0,0.0,0.0,0.0,0.0,
423,SIPP_Standard,"124,92,10","209,4,0",0,-1,56501,180.00284,0.0,0.0,0.0,
424,SIPP_2^2,"115,79,0","228,4,0",0,-1,0,0.0,0.0,0.0,0.0,
424,SIPP_2^3,"115,79,0","228,4,0",0,-1,0,0.0,0.0,0.0,0.0,
424,SIPP_2^4,"115,79,0","228,4,0",0,-1,0,0.0,0.0,0.0,0.0,
424,SIPP_2^5,"115,79,0","228,4,0",0,-1,0,0.0,0.0,0.0,0.0,
424,SIPP_BigCS,"115,79,0","228,4,0",0,-1,0,0.0,0.0,0.0,0.0,
424,SIPP_Standard,"115,79,4","228,4,7",0,-1,0,4e-05,0.0,0.0,0.0,
425,SIPP_2^2,"18,116,0","170,157,0",1,2890.1151170000003,22729,9.97435,466.69048,103.67256,207.34512,3 3 3 3 3 3 3 3 3 3 2 2 2 2 2 2 2 2 2 2 2 2 2 2 2 1 1 1 1 1 2 2 1 2 2 2 2 2 1 2 2 2 2 2 2 2 2 2 2 2 2 2 2 2 1 2 2 2 2 2 2 2 2 2 2 2 2 2 1 2 2 2 2 2 2 2 2 2 1 2 2 1 1 1 2 2 1 2 1 1 1 2 2 1 2 1 2 1 1 1 1 1 1 1 1 1 1 1 1 1 2 1 1 1 -3.380 1 -3.649 1 -0.387 1 1 -1.421 1 -8.966 1 -0.909 1 -1.113 1 -0.006 1 -10.710 1 -1.073 1 -1.369 1 1 0 1 1 1 1 1 0 1 1 1 1 1 1 1 1 1 1 1 1 1 1 1 0 1 1 1 0 1 1 0 1 1 1 1 1 0 1 1 1 1 1 1 0 1 1 1 1 1 0 1 1 0 1 1 1 1 1 1 1 0 0 1 0 0 0 0 0 1 1 0 1 0 0 0 0 0 1 1 1 1 1 1 1 0 0 0 0 0 0 0 1 0 0 0 1 1 0 1 -7.979 1 1 1 1 1 1 1 1 1 1 1 1 1 1 1 1 1 1 1 1 2 1 1 1 1 1 1 2 1 2 1 1 1 1 1 1 1 1 1 1 1 1 1 1 -56.879 2 -1.137 2 -1.137 1 1 1 1 1 1 1 1
425,SIPP_2^3,"18,116,0","170,157,0",1,2162.78655,8295,7.07737,183.02888,36.12832,72.25663,7 0 0 7 0 0 0 1 1 1 1 1 1 1 1 1 1 1 1 1 1 2 2 2 1 1 2 2 1 1 1 1 1 1 1 2 1 2 2 1 1 1 1 2 2 2 2 1 2 2 3 2 2 2 2 2 3 3 3 3 3 3 3 4 4 4 3 3 4 3 3 3 3 4 4 3 3 3 3 3 4 4 3 3 4 3 3 4 3 3 3 3 3 3 -1.061 3 3 3 3 3 3 3 3 3 3 3 3 3 3 3 3 3 3 3 3 3 3 3 3 3 3 3 3 3 3 3 2 2 2 2 2 2 2 2 2 2 2 2 2 2 2 2 2 2 2 3 2 3 2 3 3 3 3 3 3 3 2 2 3 2 3 2 3 2 -4.375 2 2 1 2 1 1 1 1
425,SIPP_2^4,"18,116,0","170,157,0",1,2015.3866359999993,4061,8.85315,74.2982,14.75264,29.50528,15 0 15 -2.243 0 2 1 2 2 2 2 2 2 2 2 3 3 3 3 2 3 2 2 2 2 2 2 3 2 3 2 3 2 4 4 3 3 4 5 5 5 5 4 6 7 7 7 6 6 6 6 6 6 6 6 5 5 5 6 5 5 6 5 6 5 6 6 6 6 6 6 6 6 6 6 6 6 6 6 6 6 6 6 7 6 6 -0.680 5 5 5 5 5 5 5 5 6 6 6 6 6 6 6 6 6 6 6 6 5 5 5 5 5 5 5 4 4 4 4 4 4 4 4 4 4
425,SIPP_2^5,"18,116,0","170,157,0",1,2011.7327799999991,4282,23.1694,37.28939,7.46756,14.93512,31 30 -2.711 1 4 4 4 4 4 4 4 4 6 6 6 5 5 4 4 4 4 4 4 4 5 5 7 7 7 9 10 10 10 12 13 13 13 12 12 12 12 12 12 11 11 10 10 10 10 10 12 12 13 12 12 12 12 12 12 12 12 12 12 12 12 12 12 12 12 12 12 12 10 10 10 10 10 9 12 12 12 11 11 11 11 11 11 12 12 12 11 8 8 8 8 8 8 8 7
425,SIPP_BigCS,"18,116,0","170,157,13",0,-1,22807,180.07439,0.0,0.0,0.0,
425,SIPP_Standard,"18,116,0","170,157,13",1,2162.1222020000005,31104,87.3043,69.1139,12.966,1.6775,98 76 89 9 29 49 84 -0.060 1 25 64 52 56 56 -2.424 64 48 71 52 72 71 48 95 5 105 28 -5.026 32 -3.612 65
426,SIPP_2^2,"59,232,0","42,86,0",0,-1,0,0.0,0.0,0.0,0.0,
426,SIPP_2^3,"59,232,0","42,86,0",0,-1,0,0.0,0.0,0.0,0.0,
426,SIPP_2^4,"59,232,0","42,86,0",0,-1,0,0.0,0.0,0.0,0.0,
426,SIPP_2^5,"59,232,0","42,86,0",0,-1,0,0.0,0.0,0.0,0.0,
426,SIPP_BigCS,"59,232,0","42,86,0",0,-1,0,0.0,0.0,0.0,0.0,
426,SIPP_Standard,"59,232,9","42,86,9",0,-1,73900,180.00234,0.0,0.0,0.0,
427,SIPP_2^2,"59,64,0","183,179,0",0,-1,0,0.0,0.0,0.0,0.0,
427,SIPP_2^3,"59,64,0","183,179,0",0,-1,0,0.0,0.0,0.0,0.0,
427,SIPP_2^4,"59,64,0","183,179,0",0,-1,0,0.0,0.0,0.0,0.0,
427,SIPP_2^5,"59,64,0","183,179,0",0,-1,0,0.0,0.0,0.0,0.0,
427,SIPP_BigCS,"59,64,0","183,179,0",0,-1,0,0.0,0.0,0.0,0.0,
427,SIPP_Standard,"59,64,1","183,179,8",0,-1,53327,180.00092,0.0,0.0,0.0,
428,SIPP_2^2,"22,211,0","130,97,0",1,2696.145656,15360,6.79203,473.76154,105.24335,210.48671,1 1 1 1 1 1 1 1 1 1 1 1 1 1 1 1 1 1 1 1 1 1 1 1 1 1 2 2 2 2 2 1 1 1 2 1 1 1 1 1 1 1 1 2 2 1 2 1 1 1 1 1 1 1 1 1 1 1 1 2 2 1 1 2 1 1 1 1 1 1 1 1 1 1 1 1 1 1 1 1 1 1 0 1 1 1 1 1 1 1 1 0 0 1 0 0 1 0 0 0 0 1 0 0 0 0 0 0 1 0 0 0 0 0 0 0 0 0 0 0 0 0 0 0 0 0 0 0 0 0 0 0 1 0 0 0 1 1 1 1 1 0 0 0 0 0 0 0 0 0 0 1 0 0 0 0 0 0 0 0 0 0 0 0 1 0 0 0 1 0 0 0 1 1 1 0 1 1 0 1 0 0 0 0 0 0 1 0 0 0 0 0 0 0 1 1 1 0 1 0 0 0 0 1 0 0 1 1 0 0 1 0 0 0 0 0 0 0 0 1 0 0 0 0 1 1 1 1 1 1 1 1 1 0 0 0 0 0 0 1 0 0 1 0 0 1 -16.146 0 0 3 0 3 3 3 3 3 3 3 3 3 0 0 0 0 3 0 0 0 0
428,SIPP_2^3,"22,211,0","130,97,0",1,2249.803781,10812,9.0462,219.64808,43.1969,86.3938,3 2 3 2 3 3 3 3 3 3 2 2 2 2 3 2 2 3 2 3 2 2 2 2 2 2 2 2 2 2 2 2 2 2 2 2 2 2 -4.478 2 -0.034 2 2 2 1 2 2 2 2 2 2 2 2 3 3 2 2 2 2 2 2 2 1 1 1 2 1 1 1 1 2 1 1 1 1 1 1 1 1 2 2 1 2 2 1 1 -4.936 1 0 0 0 0 0 0 0 0 1 0 0 0 0 0 0 1 0 0 0 0 0 0 0 0 0 0 0 1 1 1 1 1 1 1 1 1 1 0 0 0 1 0 1 1 1 1 1 0 1 0 1 1 1 0 -1.110 0 0 0 0 0 0 0 -2.686 7 0 0 0 0 0 0 0 0 0 0 7 7 7 0 -6.354 0 -1.584 0 0 0 0 0 0 0 0 0 0 0 0 0 0 0 0 0 0 1 -4.856 0 -1.032 0 -0.985 2 -0.534 2 -0.151 0 1 0 0 7 0 0 0 -9.478 1 -0.632 2
428,SIPP_2^4,"22,211,0","130,97,0",1,2249.803781,13258,28.35822,143.80959,27.83872,55.67743,4 4 4 4 4 4 4 4 4 4 4 4 5 4 5 5 4 4 4 5 5 5 5 5 5 6 6 5 6 4 3 4 3 3 5 4 4 5 4 3 3 3 3 3 3 3 3 3 3 3 3 3 3 2 2 2 -3.691 2 -0.825 2 1 1 0 1 0 0 0 1 0 0 2 2 2 2 2 2 1 1 1 1 1 1 1 1 1 1 2 2 1 1 1 1 0 -1.941 0 -0.526 15 15 -0.077 15 15 15 -1.304 15 15 15 15 15 15 -18.243 0 -1.639 0 -1.175 0 -1.369 0 -2.207 2 0 0 0 0 0 0 0 0 0 0 0 0 -0.186 0 -1.050 0 0 0 0 0 -2.997 4 -1.032 0 -0.985 4 -0.534 0 -0.151 4 2 0 15 0 0 0 -11.259 2 -0.632 4
428,SIPP_2^5,"22,211,0","130,97,0",1,2249.803781,13789,71.2834,112.90113,22.16132,44.32265,8 8 8 8 8 8 8 8 8 8 8 9 9 9 8 9 11 11 11 10 10 -0.106 10 7 7 7 9 9 6 5 6 5 6 6 6 5 5 6 6 6 6 -3.585 8 -7.991 4 -0.825 4 1 1 1 0 1 1 3 3 3 4 3 2 2 2 3 3 3 3 2 2 30 30 31 31 29 30 29 29 29 -6.634 8 -1.639 0 -1.175 0 -4.837 1 0 0 0 -0.002 0 0 0 0 -0.031 0 -0.033 0 -0.117 0 -0.395 0 -0.869 0 -1.050 0 0 0 0 0 -2.997 8 -1.032 0 -0.985 8 -0.534 8 1 31 0 0 -14.667 4 -0.632 8
428,SIPP_BigCS,"22,211,6","130,97,15",0,-1,24534,180.10368,0.0,0.0,0.0,
428,SIPP_Standard,"22,211,6","130,97,15",1,2271.548055,37331,107.73731,71.7503,13.3886,1.6625,71 28 36 1 5 89 17 111 53 57 57 81 18 76 65 37 22 37 18 -4.346 100 58 -0.379 90 -15.768 18 92 -42.707 2 -32.348 18
429,SIPP_2^2,"168,112,0","15,67,0",0,-1,0,0.0,0.0,0.0,0.0,
429,SIPP_2^3,"168,112,0","15,67,0",0,-1,0,0.0,0.0,0.0,0.0,
429,SIPP_2^4,"168,112,0","15,67,0",0,-1,0,0.0,0.0,0.0,0.0,
429,SIPP_2^5,"168,112,0","15,67,0",0,-1,0,0.0,0.0,0.0,0.0,
429,SIPP_BigCS,"168,112,0","15,67,0",0,-1,0,0.0,0.0,0.0,0.0,
429,SIPP_Standard,"168,112,15","15,67,3",0,-1,0,5e-05,0.0,0.0,0.0,
430,SIPP_2^2,"180,136,0","28,96,0",0,-1,0,0.0,0.0,0.0,0.0,
430,SIPP_2^3,"180,136,0","28,96,0",0,-1,0,0.0,0.0,0.0,0.0,
430,SIPP_2^4,"180,136,0","28,96,0",0,-1,0,0.0,0.0,0.0,0.0,
430,SIPP_2^5,"180,136,0","28,96,0",0,-1,0,0.0,0.0,0.0,0.0,
430,SIPP_BigCS,"180,136,0","28,96,0",0,-1,0,0.0,0.0,0.0,0.0,
430,SIPP_Standard,"180,136,1","28,96,9",0,-1,0,3e-05,0.0,0.0,0.0,
431,SIPP_2^2,"202,252,0","40,233,0",1,2416.651069,9278,3.89588,282.84271,65.97345,131.94689,3 3 0 3 3 0 0 3 3 0 3 0 0 0 0 0 0 3 0 0 0 3 0 0 -16.023 0 -10.352 3 0 3 0 3 3 3 3 3 3 3 3 2 3 3 3 3 3 0 0 0 0 0 0 0 3 3 3 3 3 3 3 3 3 3 3 3 3 3 3 3 3 3 3 -5.373 3 -1.387 3 3 3 3 3 3 3 3 3 3 3 3 3 3 3 3 3 3 3 3 3 3 3 2 2 -12.877 3 0 3 3 3 3 3 0 0 0 -129.153 2 -1.248 2 -1.122 2 3 3 -0.990 2 2 3 3 3 3 3 3 3 3 3 3 3 3 3 3 3 3 3 3 3 3 3 2 2 2 3 -4.324 3 -4.186 3 -3.383 0 -1.810 3 3 -10.847 3 3 3 3 3 3 3 3 3 3 3 3 3 3 3 3 3 3 3 -15.725 3 -1.639 3 3 0 0 0 0 0 3 3 3 3 3 3 3 3 3 3 3 3 3 3 3 3 3 3 3 3 3 3 3 3 -44.028 2 -1.095 2 -1.200 3 -1.424 3 -14.156 3 -2.213 3 3 3 3 -2.095 3 3 3 3 3 3 2 3 2 2 3
431,SIPP_2^3,"202,252,0","40,233,0",1,2394.3731249999996,12056,9.67189,277.84987,54.19247,108.38495,0 0 7 7 7 7 -13.066 1 -2.563 7 -4.634 0 7 0 7 7 7 7 -40.197 0 -10.352 6 7 7 6 6 6 6 6 6 6 5 5 7 6 7 7 7 7 6 6 6 6 6 7 6 6 6 6 6 6 6 6 6 6 6 5 5 6 5 6 7 7 6 6 6 6 6 6 6 6 6 6 6 6 6 6 6 7 -73.363 6 7 6 7 7 -1.995 7 7 0 7 7 7 -6.199 6 6 6 6 6 6 6 6 6 6 6 6 6 6 5 5 5 5 5 5 5 5 5 5 4 5 5 4 5 5 5 6 6 6 6 6 7 7 7 0 7 7 7 7 7 7 0 7 7 6 6 6 6 6 6 6 6 6 6 6 6 6 6 6 6 6 5 6 -7.832 6 6 6 6 6 6 7 6 6 6 6 7 6 6 6 6 6 6 6 7 6 7 -42.239 6 -0.206 4 -0.049 6 -3.444 4 5 5 4 4 4 3 3 3 2 3
431,SIPP_2^4,"202,252,0","40,233,0",1,1991.9799409999996,4066,8.22134,106.05954,20.98794,41.97588,15 14 15 -27.274 0 -0.525 15 -5.503 15 15 -0.233 13 -0.875 13 -17.129 0 -34.170 0 14 14 12 12 12 12 12 12 11 10 14 14 13 13 -1.188 13 13 12 12 12 12 12 12 12 12 12 12 12 12 12 12 11 11 13 12 12 12 12 12 12 -0.625 13 14 14 14 14 13 13 13 -0.307 12 -1.126 12 -0.592 12 11 11 11 11 11 10 10 11 12 12 12 12 12 12 12 12 12 12 12 12 12 12 12 11 11 11 -8.367 9 10 -1.299 11 12 12 13 -0.776 14 14 14 14 14 14 14 12 12 11 11 11 11 11 11 12 12 12 12 12 12 12 12 11 12 12 13 13 12 12 13 12 12 12 12 13
431,SIPP_2^5,"202,252,0","40,233,0",1,1873.4929570000008,1734,7.94862,56.05718,11.05395,22.10789,3 -1.419 29 -6.449 30 30 28 28 28 27 -60.165 27 28 24 24 24 24 24 23 20 28 28 27 25 24 24 25 24 24 23 23 24 24 24 24 24 24 24 24 24 24 24 24 24 24 24 25 24 24 24 24 24 24 24 24 24 24 24 24 24 24 24 24 24 24 24 24 24 24 24 24 24 24 23 23 23 23 23 23 23 23 20 23 24 24 24 24 24 24 24 24 24 24 24 25 25 25 25 25 25 24 24 24 24 25 24 24 24 24 24 24 24 24 24 25
431,SIPP_BigCS,"202,252,13","40,233,0",0,-1,27565,180.07825,0.0,0.0,0.0,
431,SIPP_Standard,"202,252,13","40,233,0",1,2405.906277,31792,82.57809,90.81458,17.2086,2.8101,-29.885 58 -7.697 66 -61.736 42 100 82 15 -105.727 86 19 -3.451 109 47 -12.991 3 3 3 3 -3.603 11 -37.572 43 101 91 19 61 109 -109.535 43 -3.470 93 -1.239 15
432,SIPP_2^2,"89,70,0","226,164,0",1,2325.10986,16824,7.6853,480.83261,106.81415,213.6283,2 2 2 2 2 2 2 2 2 2 2 1 1 2 1 1 2 1 1 1 1 1 1 1 1 1 1 1 1 1 1 1 1 1 1 1 1 1 1 2 1 1 1 1 1 1 2 1 2 1 1 1 2 1 2 1 1 1 1 1 1 1 2 1 1 2 2 2 2 1 1 1 1 1 1 1 1 1 2 1 2 1 2 2 1 1 1 2 1 1 2 2 2 2 1 1 1 1 1 2 1 1 1 1 2 1 1 1 2 1 1 1 2 2 1 1 2 1 1 2 1 1 2 1 1 1 1 1 1 1 1 1 1 1 1 1 1 1 1 1 1 2 2 1 2 1 1 2 2 2 2 1 1 2 2 1 1 1 1 2 2 2 2 1 1 2 1 1 1 1 1 1 1 1 1 1 1 1 1 1 1 2 2 2 2 2 2 2 2 2 2 2 2 2 1 1 2 2 2 -15.110 1 2 1 1 1 2 2 1 2 2 2 2 2 2 2 2 1 1 2 2 2 2 2 2 2 2 2 2 2 2 1 2
432,SIPP_2^3,"89,70,0","226,164,0",1,2013.217003,12962,11.50214,150.12954,29.84513,59.69026,4 4 4 4 4 3 4 4 4 4 3 4 3 3 2 2 2 2 2 2 2 2 2 2 2 2 2 3 2 2 3 2 2 2 2 2 2 2 2 3 3 3 2 3 3 3 2 3 2 2 2 2 2 3 3 2 3 3 3 3 3 3 3 3 3 3 4 3 2 2 2 2 2 2 2 2 2 2 2 2 2 2 3 2 2 2 2 2 2 2 2 2 3 3 3 3 3 3 2 3 2 2 2 2 2 2 2 2 2 2 3 2 2 3 3 3 3 3 3 3 3 3 3 3 3 3 3 3 3 3 3 3 3 3 3 3 3 3 3 3 3 3 3 3 3 3 3 3 3 3 4 4 4 4 4 -23.876 2 -5.225 4 -21.635 4 -20.043 4 -0.029 4 -0.034 4 5 6 6
432,SIPP_2^4,"89,70,0","226,164,0",1,1843.4388299999996,5679,12.82223,40.34442,8.03384,16.06767,8 8 8 8 8 8 8 8 7 7 6 -1.088 6 4 4 4 4 4 4 4 4 4 4 4 4 4 4 4 4 5 5 5 5 5 5 5 5 5 5 5 5 5 5 6 7 5 6 -1.671 5 5 5 4 4 4 4 4 4 4 4 4 4 4 4 4 4 4 4 4 4 4 5 5 5 6 5 5 5 5 5 5 5 5 5 5 5 5 5 5 5 5 5 6 6 6 6 6 6 7 7 7 7 7 7 7 7 7 7 8 8 8 8 8 7 8 8 7
432,SIPP_2^5,"89,70,0","226,164,0",1,1829.6330460000004,5214,29.71694,43.97384,8.74619,17.49239,15 15 16 16 16 16 16 16 12 -2.564 12 9 8 9 9 9 9 9 9 9 9 9 8 9 9 9 9 12 12 14 12 12 -0.829 9 8 9 8 8 8 8 8 8 8 8 8 8 9 8 8 8 8 8 8 9 -0.371 10 12 10 10 10 10 10 10 10 10 10 10 10 10 11 11 11 10 10 11 15 15 15 15 15 15 14 15 14 14 14 15
432,SIPP_BigCS,"89,70,4","226,164,4",0,-1,18020,180.10376,0.0,0.0,0.0,
432,SIPP_Standard,"89,70,4","226,164,4",1,1851.636292,27903,92.96519,36.23838,5.7325,0.789,56 -51.479 80 1 21 48 63 71 28 36 1 17 63 63 63 -3.257 63 63 79 -1.900 56 56 56 96
433,SIPP_2^2,"147,24,0","18,116,0",0,-1,0,0.0,0.0,0.0,0.0,
433,SIPP_2^3,"147,24,0","18,116,0",0,-1,0,0.0,0.0,0.0,0.0,
433,SIPP_2^4,"147,24,0","18,116,0",0,-1,0,0.0,0.0,0.0,0.0,
433,SIPP_2^5,"147,24,0","18,116,0",0,-1,0,0.0,0.0,0.0,0.0,
433,SIPP_BigCS,"147,24,0","18,116,0",0,-1,0,0.0,0.0,0.0,0.0,
433,SIPP_Standard,"147,24,2","18,116,2",0,-1,0,5e-05,0.0,0.0,0.0,
434,SIPP_2^2,"238,216,0","114,119,0",0,-1,0,0.0,0.0,0.0,0.0,
434,SIPP_2^3,"238,216,0","114,119,0",0,-1,0,0.0,0.0,0.0,0.0,
434,SIPP_2^4,"238,216,0","114,119,0",0,-1,0,0.0,0.0,0.0,0.0,
434,SIPP_2^5,"238,216,0","114,119,0",0,-1,0,0.0,0.0,0.0,0.0,
434,SIPP_BigCS,"238,216,0","114,119,0",0,-1,0,0.0,0.0,0.0,0.0,
434,SIPP_Standard,"238,216,8","114,119,13",0,-1,0,3e-05,0.0,0.0,0.0,
435,SIPP_2^2,"206,36,0","133,179,0",0,-1,0,0.0,0.0,0.0,0.0,
435,SIPP_2^3,"206,36,0","133,179,0",0,-1,0,0.0,0.0,0.0,0.0,
435,SIPP_2^4,"206,36,0","133,179,0",0,-1,0,0.0,0.0,0.0,0.0,
435,SIPP_2^5,"206,36,0","133,179,0",0,-1,0,0.0,0.0,0.0,0.0,
435,SIPP_BigCS,"206,36,0","133,179,0",0,-1,0,0.0,0.0,0.0,0.0,
435,SIPP_Standard,"206,36,9","133,179,11",0,-1,0,3e-05,0.0,0.0,0.0,
436,SIPP_2^2,"183,41,0","245,188,0",0,-1,0,0.0,0.0,0.0,0.0,
436,SIPP_2^3,"183,41,0","245,188,0",0,-1,0,0.0,0.0,0.0,0.0,
436,SIPP_2^4,"183,41,0","245,188,0",0,-1,0,0.0,0.0,0.0,0.0,
436,SIPP_2^5,"183,41,0","245,188,0",0,-1,0,0.0,0.0,0.0,0.0,
436,SIPP_BigCS,"183,41,0","245,188,0",0,-1,0,0.0,0.0,0.0,0.0,
436,SIPP_Standard,"183,41,12","245,188,14",0,-1,0,3e-05,0.0,0.0,0.0,
437,SIPP_2^2,"120,125,0","19,236,0",0,-1,0,0.0,0.0,0.0,0.0,
437,SIPP_2^3,"120,125,0","19,236,0",0,-1,0,0.0,0.0,0.0,0.0,
437,SIPP_2^4,"120,125,0","19,236,0",0,-1,0,0.0,0.0,0.0,0.0,
437,SIPP_2^5,"120,125,0","19,236,0",0,-1,0,0.0,0.0,0.0,0.0,
437,SIPP_BigCS,"120,125,0","19,236,0",0,-1,0,0.0,0.0,0.0,0.0,
437,SIPP_Standard,"120,125,6","19,236,14",0,-1,0,3e-05,0.0,0.0,0.0,
438,SIPP_2^2,"234,137,0","99,53,0",0,-1,0,0.0,0.0,0.0,0.0,
438,SIPP_2^3,"234,137,0","99,53,0",0,-1,0,0.0,0.0,0.0,0.0,
438,SIPP_2^4,"234,137,0","99,53,0",0,-1,0,0.0,0.0,0.0,0.0,
438,SIPP_2^5,"234,137,0","99,53,0",0,-1,0,0.0,0.0,0.0,0.0,
438,SIPP_BigCS,"234,137,0","99,53,0",0,-1,0,0.0,0.0,0.0,0.0,
438,SIPP_Standard,"234,137,2","99,53,9",0,-1,0,3e-05,0.0,0.0,0.0,
439,SIPP_2^2,"99,66,0","4,191,0",0,-1,0,0.0,0.0,0.0,0.0,
439,SIPP_2^3,"99,66,0","4,191,0",0,-1,0,0.0,0.0,0.0,0.0,
439,SIPP_2^4,"99,66,0","4,191,0",0,-1,0,0.0,0.0,0.0,0.0,
439,SIPP_2^5,"99,66,0","4,191,0",0,-1,0,0.0,0.0,0.0,0.0,
439,SIPP_BigCS,"99,66,0","4,191,0",0,-1,0,0.0,0.0,0.0,0.0,
439,SIPP_Standard,"99,66,10","4,191,11",0,-1,62292,180.00106,0.0,0.0,0.0,
440,SIPP_2^2,"101,193,0","235,98,0",0,-1,0,0.0,0.0,0.0,0.0,
440,SIPP_2^3,"101,193,0","235,98,0",0,-1,0,0.0,0.0,0.0,0.0,
440,SIPP_2^4,"101,193,0","235,98,0",0,-1,0,0.0,0.0,0.0,0.0,
440,SIPP_2^5,"101,193,0","235,98,0",0,-1,0,0.0,0.0,0.0,0.0,
440,SIPP_BigCS,"101,193,0","235,98,0",0,-1,0,0.0,0.0,0.0,0.0,
440,SIPP_Standard,"101,193,15","235,98,14",0,-1,0,0.00018,0.0,0.0,0.0,
441,SIPP_2^2,"100,60,0","13,203,0",0,-1,0,0.0,0.0,0.0,0.0,
441,SIPP_2^3,"100,60,0","13,203,0",0,-1,0,0.0,0.0,0.0,0.0,
441,SIPP_2^4,"100,60,0","13,203,0",0,-1,0,0.0,0.0,0.0,0.0,
441,SIPP_2^5,"100,60,0","13,203,0",0,-1,0,0.0,0.0,0.0,0.0,
441,SIPP_BigCS,"100,60,0","13,203,0",0,-1,0,0.0,0.0,0.0,0.0,
441,SIPP_Standard,"100,60,12","13,203,5",0,-1,67165,180.00138,0.0,0.0,0.0,
442,SIPP_2^2,"89,132,0","255,103,0",0,-1,0,0.0,0.0,0.0,0.0,
442,SIPP_2^3,"89,132,0","255,103,0",0,-1,0,0.0,0.0,0.0,0.0,
442,SIPP_2^4,"89,132,0","255,103,0",0,-1,0,0.0,0.0,0.0,0.0,
442,SIPP_2^5,"89,132,0","255,103,0",0,-1,0,0.0,0.0,0.0,0.0,
442,SIPP_BigCS,"89,132,0","255,103,0",0,-1,0,0.0,0.0,0.0,0.0,
442,SIPP_Standard,"89,132,14","255,103,7",0,-1,0,4e-05,0.0,0.0,0.0,
443,SIPP_2^2,"135,203,0","47,63,0",0,-1,0,0.0,0.0,0.0,0.0,
443,SIPP_2^3,"135,203,0","47,63,0",0,-1,0,0.0,0.0,0.0,0.0,
443,SIPP_2^4,"135,203,0","47,63,0",0,-1,0,0.0,0.0,0.0,0.0,
443,SIPP_2^5,"135,203,0","47,63,0",0,-1,0,0.0,0.0,0.0,0.0,
443,SIPP_BigCS,"135,203,0","47,63,0",0,-1,0,0.0,0.0,0.0,0.0,
443,SIPP_Standard,"135,203,1","47,63,10",0,-1,60244,180.00086,0.0,0.0,0.0,
444,SIPP_2^2,"9,103,0","159,175,0",0,-1,0,0.0,0.0,0.0,0.0,
444,SIPP_2^3,"9,103,0","159,175,0",0,-1,0,0.0,0.0,0.0,0.0,
444,SIPP_2^4,"9,103,0","159,175,0",0,-1,0,0.0,0.0,0.0,0.0,
444,SIPP_2^5,"9,103,0","159,175,0",0,-1,0,0.0,0.0,0.0,0.0,
444,SIPP_BigCS,"9,103,0","159,175,0",0,-1,0,0.0,0.0,0.0,0.0,
444,SIPP_Standard,"9,103,14","159,175,12",0,-1,0,5e-05,0.0,0.0,0.0,
445,SIPP_2^2,"218,75,0","177,231,0",0,-1,0,0.0,0.0,0.0,0.0,
445,SIPP_2^3,"218,75,0","177,231,0",0,-1,0,0.0,0.0,0.0,0.0,
445,SIPP_2^4,"218,75,0","177,231,0",0,-1,0,0.0,0.0,0.0,0.0,
445,SIPP_2^5,"218,75,0","177,231,0",0,-1,0,0.0,0.0,0.0,0.0,
445,SIPP_BigCS,"218,75,0","177,231,0",0,-1,0,0.0,0.0,0.0,0.0,
445,SIPP_Standard,"218,75,5","177,231,7",0,-1,0,3e-05,0.0,0.0,0.0,
446,SIPP_2^2,"31,101,0","178,174,0",0,-1,0,0.0,0.0,0.0,0.0,
446,SIPP_2^3,"31,101,0","178,174,0",0,-1,0,0.0,0.0,0.0,0.0,
446,SIPP_2^4,"31,101,0","178,174,0",0,-1,0,0.0,0.0,0.0,0.0,
446,SIPP_2^5,"31,101,0","178,174,0",0,-1,0,0.0,0.0,0.0,0.0,
446,SIPP_BigCS,"31,101,0","178,174,0",0,-1,0,0.0,0.0,0.0,0.0,
446,SIPP_Standard,"31,101,4","178,174,2",0,-1,0,1e-05,0.0,0.0,0.0,
447,SIPP_2^2,"188,124,0","9,122,0",0,-1,0,0.0,0.0,0.0,0.0,
447,SIPP_2^3,"188,124,0","9,122,0",0,-1,0,0.0,0.0,0.0,0.0,
447,SIPP_2^4,"188,124,0","9,122,0",0,-1,0,0.0,0.0,0.0,0.0,
447,SIPP_2^5,"188,124,0","9,122,0",0,-1,0,0.0,0.0,0.0,0.0,
447,SIPP_BigCS,"188,124,0","9,122,0",0,-1,0,0.0,0.0,0.0,0.0,
447,SIPP_Standard,"188,124,5","9,122,9",0,-1,55362,180.0009,0.0,0.0,0.0,
448,SIPP_2^2,"196,90,0","93,227,0",1,3839.455872,54288,24.84699,516.18795,117.80972,235.61945,0 0 0 0 0 0 0 0 0 0 0 0 0 0 0 0 0 0 0 0 0 0 0 0 0 0 0 0 0 0 0 3 3 0 0 1 1 1 -123.852 2 -4.180 2 3 3 3 3 2 2 2 2 2 2 2 2 2 2 2 2 2 2 -19.047 2 -9.925 2 -0.012 2 -0.014 2 -0.011 2 2 2 2 2 2 2 2 2 2 2 2 2 2 2 2 2 2 1 2 1 -24.981 2 2 2 2 2 2 2 2 2 2 2 2 2 2 2 2 2 2 2 2 2 2 2 2 1 1 2 2 1 2 -16.551 2 -3.226 2 2 3 3 3 2 3 3 3 3 3 2 3 3 2 3 3 2 3 3 3 2 3 3 3 3 3 3 2 3 3 3 3 2 2 2 2 2 3 2 2 3 3 3 3 3 3 3 3 3 3 3 3 3 3 3 3 3 3 3 2 3 3 2 3 2 2 3 2 2 2 2 2 2 2 3 2 3 2 3 2 3 2 3 2 3 3 2 2 2 -15.206 3 -0.022 2 -0.094 2 -2.571 3 -8.881 3 3 3 3 3 3 3 3 3 3 3 3 3 3 3 3 3 2 3 2 3 3 2 2 -8.396 2 -133.405 3 -7.587 3 -5.593 3 -18.427 3 3 3 3 3 3 3 -0.586 3 3 -17.813 1 2 2 -3.712 2 -0.310 1 2 -3.444 2 2 2 2 2 -116.003 2 -4.184 2 -15.477 2 -0.288 2 2 2 2 2 2 2 2 2 2 2 -2.718 2 -1.059 2 2 2 2 2 2 2 2 2 2 2 2 2 2 2 2 2 2 2 2 2 2 2 2 2 2 2 2 2 2 2 3 2 2 3 2 3 3 2 3 3 3 3 2 3 3 3 -10.254 3 -0.084 3 -1.540 3 3 3 2 2 3
448,SIPP_2^3,"196,90,0","93,227,0",1,2584.7431349999956,5336,4.38911,175.66604,34.55752,69.11504,0 0 0 0 0 0 0 0 0 0 0 0 0 0 0 0 0 0 0 0 0 0 7 -104.297 4 4 4 3 4 3 4 4 4 4 4 4 4 4 4 4 3 3 4 3 3 4 4 4 4 4 3 4 4 4 4 4 5 4 4 4 4 5 4 5 5 5 5 5 5 5 5 4 4 4 5 5 5 5 5 5 5 5 5 5 5 5 5 5 5 5 5 -81.804 4 -9.930 4 -0.012 6 -0.012 6 -0.012 4 -0.012 4 -0.012 4 5 -3.727 5 5 5 5 5 5 5 5 5 5 5 5 5 5 5 5 5 5 5 5 5 5 5 5 5 5 5 5 6 6 6 5 5 6 5 5 6 5 5 6 5 6 5 5 5 5 5 6 5 6 5 6 5 5 5 5 5 5 5 5 5 5 5 5 5 5 5 5 5 5 5 5 5 5 5 5 5 5 5 4 4 4 4 4 4 4 4 4 4 4 4 4 4 4 4 4 4
448,SIPP_2^4,"196,90,0","93,227,0",1,2563.7154229999965,5613,12.03224,98.46973,19.85277,39.70553,0 0 0 0 0 0 0 0 0 0 0 0 0 0 0 0 0 0 0 0 0 15 -106.079 8 8 7 7 8 8 8 8 8 8 8 7 8 8 8 8 7 8 8 8 8 7 7 7 8 9 9 9 10 10 10 9 9 9 9 9 10 10 10 10 10 10 10 10 10 10 10 10 10 10 11 -4.018 0 -0.040 11 -57.515 8 -30.446 8 -10.025 8 -0.012 8 -0.012 8 -0.012 8 10 9 10 11 11 10 10 11 10 11 10 10 10 10 10 10 10 10 10 10 10 10 10 10 10 10 11 11 11 10 10 10 10 10 10 11 10 10 10 11 11 11 10 10 10 10 10 10 10 10 10 10 10 10 10 10 10 10 10 10 10 10 10 10 10 10 10 10 9 8 8 8 8 8 8 8 8 8 8 8 8 8 8 8 8 8
448,SIPP_2^5,"196,90,0","93,227,0",1,2555.3688599999973,5552,28.25831,58.20482,12.65065,25.30131,0 0 0 0 0 0 0 0 0 0 0 0 0 0 0 0 0 0 0 0 31 -106.817 16 16 15 15 15 15 16 16 16 15 15 16 16 16 16 15 16 16 -0.187 20 18 18 19 19 19 18 19 20 20 20 20 20 20 20 20 20 19 20 20 20 -0.502 20 -4.807 24 -79.916 24 -30.446 16 -10.025 16 -0.012 16 -0.012 16 17 20 20 21 21 21 21 21 20 20 20 20 21 21 21 21 21 20 20 20 20 20 20 20 20 20 20 20 20 20 21 20 20 20 20 20 20 20 20 20 20 20 20 20 20 20 20 20 20 20 20 20 20 19 20 19 16 16 16 16 16 16 16 16 16 16 16 16 16 16 16 16
448,SIPP_BigCS,"196,90,1","93,227,3",0,-1,25725,180.19808,0.0,0.0,0.0,
448,SIPP_Standard,"196,90,1","93,227,3",1,3311.241045,58855,177.94632,105.9142,19.7251,2.8571,2 2 6 98 108 54 106 41 87 20 51 -0.480 110 44 0 4 96 62 62 62 62 70 55 75 70 55 -16.508 91 -3.873 11 -121.645 55 -5.683 75 -2.524 70 31 31 31 51 102 96 -13.528 70 51
449,SIPP_2^2,"15,127,0","108,240,0",0,-1,0,0.0,0.0,0.0,0.0,
449,SIPP_2^3,"15,127,0","108,240,0",0,-1,0,0.0,0.0,0.0,0.0,
449,SIPP_2^4,"15,127,0","108,240,0",0,-1,0,0.0,0.0,0.0,0.0,
449,SIPP_2^5,"15,127,0","108,240,0",0,-1,0,0.0,0.0,0.0,0.0,
449,SIPP_BigCS,"15,127,0","108,240,0",0,-1,0,0.0,0.0,0.0,0.0,
449,SIPP_Standard,"15,127,15","108,240,1",0,-1,0,4e-05,0.0,0.0,0.0,
450,SIPP_2^2,"245,231,0","72,243,0",0,-1,0,0.0,0.0,0.0,0.0,
450,SIPP_2^3,"245,231,0","72,243,0",0,-1,0,0.0,0.0,0.0,0.0,
450,SIPP_2^4,"245,231,0","72,243,0",0,-1,0,0.0,0.0,0.0,0.0,
450,SIPP_2^5,"245,231,0","72,243,0",0,-1,0,0.0,0.0,0.0,0.0,
450,SIPP_BigCS,"245,231,0","72,243,0",0,-1,0,0.0,0.0,0.0,0.0,
450,SIPP_Standard,"245,231,11","72,243,5",0,-1,17,0.02818,0.0,0.0,0.0,
451,SIPP_2^2,"1,153,0","114,23,0",0,-1,0,0.0,0.0,0.0,0.0,
451,SIPP_2^3,"1,153,0","114,23,0",0,-1,0,0.0,0.0,0.0,0.0,
451,SIPP_2^4,"1,153,0","114,23,0",0,-1,0,0.0,0.0,0.0,0.0,
451,SIPP_2^5,"1,153,0","114,23,0",0,-1,0,0.0,0.0,0.0,0.0,
451,SIPP_BigCS,"1,153,0","114,23,0",0,-1,0,0.0,0.0,0.0,0.0,
451,SIPP_Standard,"1,153,3","114,23,11",0,-1,70030,180.00347,0.0,0.0,0.0,
452,SIPP_2^2,"197,235,0","74,123,0",0,-1,0,0.0,0.0,0.0,0.0,
452,SIPP_2^3,"197,235,0","74,123,0",0,-1,0,0.0,0.0,0.0,0.0,
452,SIPP_2^4,"197,235,0","74,123,0",0,-1,0,0.0,0.0,0.0,0.0,
452,SIPP_2^5,"197,235,0","74,123,0",0,-1,0,0.0,0.0,0.0,0.0,
452,SIPP_BigCS,"197,235,0","74,123,0",0,-1,0,0.0,0.0,0.0,0.0,
452,SIPP_Standard,"197,235,1","74,123,14",0,-1,0,0.00012,0.0,0.0,0.0,
453,SIPP_2^2,"135,216,0","95,49,0",0,-1,0,0.0,0.0,0.0,0.0,
453,SIPP_2^3,"135,216,0","95,49,0",0,-1,0,0.0,0.0,0.0,0.0,
453,SIPP_2^4,"135,216,0","95,49,0",0,-1,0,0.0,0.0,0.0,0.0,
453,SIPP_2^5,"135,216,0","95,49,0",0,-1,0,0.0,0.0,0.0,0.0,
453,SIPP_BigCS,"135,216,0","95,49,0",0,-1,0,0.0,0.0,0.0,0.0,
453,SIPP_Standard,"135,216,14","95,49,13",0,-1,58491,180.00012,0.0,0.0,0.0,
454,SIPP_2^2,"229,35,0","104,104,0",0,-1,0,0.0,0.0,0.0,0.0,
454,SIPP_2^3,"229,35,0","104,104,0",0,-1,0,0.0,0.0,0.0,0.0,
454,SIPP_2^4,"229,35,0","104,104,0",0,-1,0,0.0,0.0,0.0,0.0,
454,SIPP_2^5,"229,35,0","104,104,0",0,-1,0,0.0,0.0,0.0,0.0,
454,SIPP_BigCS,"229,35,0","104,104,0",0,-1,0,0.0,0.0,0.0,0.0,
454,SIPP_Standard,"229,35,0","104,104,13",0,-1,78759,180.00024,0.0,0.0,0.0,
455,SIPP_2^2,"129,146,0","22,10,0",0,-1,0,0.0,0.0,0.0,0.0,
455,SIPP_2^3,"129,146,0","22,10,0",0,-1,0,0.0,0.0,0.0,0.0,
455,SIPP_2^4,"129,146,0","22,10,0",0,-1,0,0.0,0.0,0.0,0.0,
455,SIPP_2^5,"129,146,0","22,10,0",0,-1,0,0.0,0.0,0.0,0.0,
455,SIPP_BigCS,"129,146,0","22,10,0",0,-1,0,0.0,0.0,0.0,0.0,
455,SIPP_Standard,"129,146,15","22,10,12",0,-1,56389,180.00263,0.0,0.0,0.0,
456,SIPP_2^2,"195,164,0","44,237,0",0,-1,0,0.0,0.0,0.0,0.0,
456,SIPP_2^3,"195,164,0","44,237,0",0,-1,0,0.0,0.0,0.0,0.0,
456,SIPP_2^4,"195,164,0","44,237,0",0,-1,0,0.0,0.0,0.0,0.0,
456,SIPP_2^5,"195,164,0","44,237,0",0,-1,0,0.0,0.0,0.0,0.0,
456,SIPP_BigCS,"195,164,0","44,237,0",0,-1,0,0.0,0.0,0.0,0.0,
456,SIPP_Standard,"195,164,12","44,237,9",0,-1,0,6e-05,0.0,0.0,0.0,
457,SIPP_2^2,"28,3,0","197,20,0",0,-1,0,0.0,0.0,0.0,0.0,
457,SIPP_2^3,"28,3,0","197,20,0",0,-1,0,0.0,0.0,0.0,0.0,
457,SIPP_2^4,"28,3,0","197,20,0",0,-1,0,0.0,0.0,0.0,0.0,
457,SIPP_2^5,"28,3,0","197,20,0",0,-1,0,0.0,0.0,0.0,0.0,
457,SIPP_BigCS,"28,3,0","197,20,0",0,-1,0,0.0,0.0,0.0,0.0,
457,SIPP_Standard,"28,3,7","197,20,3",0,-1,64860,180.0017,0.0,0.0,0.0,
458,SIPP_2^2,"167,136,0","8,195,0",0,-1,0,0.0,0.0,0.0,0.0,
458,SIPP_2^3,"167,136,0","8,195,0",0,-1,0,0.0,0.0,0.0,0.0,
458,SIPP_2^4,"167,136,0","8,195,0",0,-1,0,0.0,0.0,0.0,0.0,
458,SIPP_2^5,"167,136,0","8,195,0",0,-1,0,0.0,0.0,0.0,0.0,
458,SIPP_BigCS,"167,136,0","8,195,0",0,-1,0,0.0,0.0,0.0,0.0,
458,SIPP_Standard,"167,136,8","8,195,10",0,-1,58088,180.00203,0.0,0.0,0.0,
459,SIPP_2^2,"39,213,0","178,131,0",0,-1,0,0.0,0.0,0.0,0.0,
459,SIPP_2^3,"39,213,0","178,131,0",0,-1,0,0.0,0.0,0.0,0.0,
459,SIPP_2^4,"39,213,0","178,131,0",0,-1,0,0.0,0.0,0.0,0.0,
459,SIPP_2^5,"39,213,0","178,131,0",0,-1,0,0.0,0.0,0.0,0.0,
459,SIPP_BigCS,"39,213,0","178,131,0",0,-1,0,0.0,0.0,0.0,0.0,
459,SIPP_Standard,"39,213,5","178,131,5",0,-1,0,5e-05,0.0,0.0,0.0,
460,SIPP_2^2,"249,214,0","84,175,0",0,-1,0,0.0,0.0,0.0,0.0,
460,SIPP_2^3,"249,214,0","84,175,0",0,-1,0,0.0,0.0,0.0,0.0,
460,SIPP_2^4,"249,214,0","84,175,0",0,-1,0,0.0,0.0,0.0,0.0,
460,SIPP_2^5,"249,214,0","84,175,0",0,-1,0,0.0,0.0,0.0,0.0,
460,SIPP_BigCS,"249,214,0","84,175,0",0,-1,0,0.0,0.0,0.0,0.0,
460,SIPP_Standard,"249,214,4","84,175,15",0,-1,0,3e-05,0.0,0.0,0.0,
461,SIPP_2^2,"134,210,0","47,62,0",0,-1,0,0.0,0.0,0.0,0.0,
461,SIPP_2^3,"134,210,0","47,62,0",0,-1,0,0.0,0.0,0.0,0.0,
461,SIPP_2^4,"134,210,0","47,62,0",0,-1,0,0.0,0.0,0.0,0.0,
461,SIPP_2^5,"134,210,0","47,62,0",0,-1,0,0.0,0.0,0.0,0.0,
461,SIPP_BigCS,"134,210,0","47,62,0",0,-1,0,0.0,0.0,0.0,0.0,
461,SIPP_Standard,"134,210,8","47,62,4",0,-1,60305,180.00146,0.0,0.0,0.0,
462,SIPP_2^2,"56,150,0","76,1,0",0,-1,0,0.0,0.0,0.0,0.0,
462,SIPP_2^3,"56,150,0","76,1,0",0,-1,0,0.0,0.0,0.0,0.0,
462,SIPP_2^4,"56,150,0","76,1,0",0,-1,0,0.0,0.0,0.0,0.0,
462,SIPP_2^5,"56,150,0","76,1,0",0,-1,0,0.0,0.0,0.0,0.0,
462,SIPP_BigCS,"56,150,0","76,1,0",0,-1,0,0.0,0.0,0.0,0.0,
462,SIPP_Standard,"56,150,8","76,1,14",0,-1,1,0.01247,0.0,0.0,0.0,
463,SIPP_2^2,"206,8,0","35,9,0",0,-1,0,0.0,0.0,0.0,0.0,
463,SIPP_2^3,"206,8,0","35,9,0",0,-1,0,0.0,0.0,0.0,0.0,
463,SIPP_2^4,"206,8,0","35,9,0",0,-1,0,0.0,0.0,0.0,0.0,
463,SIPP_2^5,"206,8,0","35,9,0",0,-1,0,0.0,0.0,0.0,0.0,
463,SIPP_BigCS,"206,8,0","35,9,0",0,-1,0,0.0,0.0,0.0,0.0,
463,SIPP_Standard,"206,8,10","35,9,5",0,-1,0,1e-05,0.0,0.0,0.0,
464,SIPP_2^2,"26,94,0","180,173,0",0,-1,0,0.0,0.0,0.0,0.0,
464,SIPP_2^3,"26,94,0","180,173,0",0,-1,0,0.0,0.0,0.0,0.0,
464,SIPP_2^4,"26,94,0","180,173,0",0,-1,0,0.0,0.0,0.0,0.0,
464,SIPP_2^5,"26,94,0","180,173,0",0,-1,0,0.0,0.0,0.0,0.0,
464,SIPP_BigCS,"26,94,0","180,173,0",0,-1,0,0.0,0.0,0.0,0.0,
464,SIPP_Standard,"26,94,7","180,173,13",0,-1,0,0.00013,0.0,0.0,0.0,
465,SIPP_2^2,"92,187,0","136,27,0",0,-1,0,0.0,0.0,0.0,0.0,
465,SIPP_2^3,"92,187,0","136,27,0",0,-1,0,0.0,0.0,0.0,0.0,
465,SIPP_2^4,"92,187,0","136,27,0",0,-1,0,0.0,0.0,0.0,0.0,
465,SIPP_2^5,"92,187,0","136,27,0",0,-1,0,0.0,0.0,0.0,0.0,
465,SIPP_BigCS,"92,187,0","136,27,0",0,-1,0,0.0,0.0,0.0,0.0,
465,SIPP_Standard,"92,187,9","136,27,1",0,-1,0,1e-05,0.0,0.0,0.0,
466,SIPP_2^2,"198,31,0","125,187,0",0,-1,0,0.0,0.0,0.0,0.0,
466,SIPP_2^3,"198,31,0","125,187,0",0,-1,0,0.0,0.0,0.0,0.0,
466,SIPP_2^4,"198,31,0","125,187,0",0,-1,0,0.0,0.0,0.0,0.0,
466,SIPP_2^5,"198,31,0","125,187,0",0,-1,0,0.0,0.0,0.0,0.0,
466,SIPP_BigCS,"198,31,0","125,187,0",0,-1,0,0.0,0.0,0.0,0.0,
466,SIPP_Standard,"198,31,5","125,187,14",0,-1,0,5e-05,0.0,0.0,0.0,
467,SIPP_2^2,"239,26,0","70,64,0",0,-1,0,0.0,0.0,0.0,0.0,
467,SIPP_2^3,"239,26,0","70,64,0",0,-1,0,0.0,0.0,0.0,0.0,
467,SIPP_2^4,"239,26,0","70,64,0",0,-1,0,0.0,0.0,0.0,0.0,
467,SIPP_2^5,"239,26,0","70,64,0",0,-1,0,0.0,0.0,0.0,0.0,
467,SIPP_BigCS,"239,26,0","70,64,0",0,-1,0,0.0,0.0,0.0,0.0,
467,SIPP_Standard,"239,26,6","70,64,5",0,-1,0,8e-05,0.0,0.0,0.0,
468,SIPP_2^2,"70,58,0","232,113,0",0,-1,0,0.0,0.0,0.0,0.0,
468,SIPP_2^3,"70,58,0","232,113,0",0,-1,0,0.0,0.0,0.0,0.0,
468,SIPP_2^4,"70,58,0","232,113,0",0,-1,0,0.0,0.0,0.0,0.0,
468,SIPP_2^5,"70,58,0","232,113,0",0,-1,0,0.0,0.0,0.0,0.0,
468,SIPP_BigCS,"70,58,0","232,113,0",0,-1,0,0.0,0.0,0.0,0.0,
468,SIPP_Standard,"70,58,7","232,113,5",0,-1,1,0.01988,0.0,0.0,0.0,
469,SIPP_2^2,"159,142,0","12,232,0",0,-1,0,0.0,0.0,0.0,0.0,
469,SIPP_2^3,"159,142,0","12,232,0",0,-1,0,0.0,0.0,0.0,0.0,
469,SIPP_2^4,"159,142,0","12,232,0",0,-1,0,0.0,0.0,0.0,0.0,
469,SIPP_2^5,"159,142,0","12,232,0",0,-1,0,0.0,0.0,0.0,0.0,
469,SIPP_BigCS,"159,142,0","12,232,0",0,-1,0,0.0,0.0,0.0,0.0,
469,SIPP_Standard,"159,142,4","12,232,7",0,-1,63545,180.00175,0.0,0.0,0.0,
470,SIPP_2^2,"65,107,0","244,95,0",1,2706.983556,24641,11.09445,388.90873,89.53539,179.07078,1 1 1 1 1 1 1 2 1 1 1 1 1 1 1 1 1 1 1 1 1 1 0 0 1 1 1 0 1 0 0 0 0 0 0 0 0 1 0 0 1 1 2 1 1 1 1 1 1 1 1 1 1 1 1 1 1 1 1 1 2 1 2 2 1 1 1 1 1 2 1 1 1 1 1 2 1 1 1 1 1 1 1 1 1 2 1 1 1 1 1 1 1 1 1 1 1 1 1 1 1 1 1 1 1 1 1 1 2 2 1 2 1 1 1 1 1 1 1 2 2 2 2 2 2 2 2 1 1 2 1 1 1 1 1 1 -6.595 0 0 0 0 -129.618 2 -11.448 1 2 1 0 1 0 1 1 1 1 1 1 1 1 -39.397 1 -4.686 1 -33.632 2 1 -11.608 1 1 1 1 1 1 1 1 1 1 1 1 1 1 1 0 0 1 1 1 1 1 1 1 1 1 1 1 1 1 1 1 1 1 1 0 1 1 1 1 1 1 1 1 1 1 1 1 1 1 1 1 1 1 1 1 1 1 1 1 1 1 1 1 1 1 1 1 1 0 0 1 0 0 0 0 0 3 0 0 0 3 0 3 3 0 3 0
470,SIPP_2^3,"65,107,0","244,95,0",1,1953.5897899999986,4454,4.0968,131.43805,25.91814,51.83628,2 2 2 2 2 2 2 3 2 2 2 2 2 2 1 1 1 2 2 2 2 2 2 2 2 2 2 2 2 2 2 2 2 2 1 1 1 1 2 2 2 2 2 2 2 2 2 2 2 2 2 2 2 2 2 2 2 2 2 2 2 2 2 2 2 2 2 2 2 2 2 2 2 2 2 1 -4.518 2 -1.670 2 3 2 2 2 2 2 2 2 2 2 2 2 2 2 2 3 3 2 3 3 2 2 2 2 3 2 3 3 3 3 2 2 2 2 2 2 2 2 2 2 2 2 2 2 1 1 2 2 2 2 2 2 1 2 2 2 2 2 2 2 1 1 2 2 3 2 2 2 2 2 3 2 2 2 2 1 1 1 1 1 1 1 1 1 1 2 2 2 2 2 2 2 2 2 2 2 2 2 1 2 1
470,SIPP_2^4,"65,107,0","244,95,0",1,1901.051459,3647,8.30598,70.79123,14.08928,28.17856,4 4 4 4 4 4 4 5 4 4 3 4 4 3 4 4 4 4 3 3 3 4 4 4 4 4 4 4 3 3 -1.915 4 4 5 5 5 5 5 5 5 5 5 4 4 4 4 4 4 4 4 4 4 4 4 4 4 4 4 4 4 4 4 4 4 4 4 4 4 4 4 4 4 4 4 4 3 4 3 4 5 4 4 4 4 4 4 4 4 5 4 4 4 4 4 4 4 4 4 4 4 4 3 3 3 3 3 3 4 4 4 4 4 4 4 4 4 -1.330 4 -2.711 5 5 5 4 4 -3.989 4 4 4 -0.176 3 3 3 3 3 2 3 3 3 3 4 3 4 3
470,SIPP_2^5,"65,107,0","244,95,0",1,1885.8049730000002,3616,20.98672,54.29383,10.79057,21.58113,8 8 8 8 8 8 9 8 8 8 7 7 7 8 7 7 8 8 7 7 7 9 9 8 8 8 9 9 8 8 9 8 8 9 9 9 9 8 9 8 8 7 8 8 8 8 8 8 7 8 8 8 8 8 9 9 8 8 8 8 8 8 8 8 8 8 8 8 8 8 8 8 8 8 8 8 7 7 7 7 7 7 7 9 12 12 11 -0.157 7 7 5 5 5 6 6 7 7 7
470,SIPP_BigCS,"65,107,3","244,95,8",0,-1,19390,180.06426,0.0,0.0,0.0,
470,SIPP_Standard,"65,107,3","244,95,8",1,1925.143891,16413,54.72731,60.02157,11.0541,1.5468,17 111 53 89 1 1 1 1 -6.144 5 105 36 17 63 95 1 5 57 97 95 9 53 57 97
471,SIPP_2^2,"7,120,0","111,238,0",0,-1,0,0.0,0.0,0.0,0.0,
471,SIPP_2^3,"7,120,0","111,238,0",0,-1,0,0.0,0.0,0.0,0.0,
471,SIPP_2^4,"7,120,0","111,238,0",0,-1,0,0.0,0.0,0.0,0.0,
471,SIPP_2^5,"7,120,0","111,238,0",0,-1,0,0.0,0.0,0.0,0.0,
471,SIPP_BigCS,"7,120,0","111,238,0",0,-1,0,0.0,0.0,0.0,0.0,
471,SIPP_Standard,"7,120,2","111,238,4",0,-1,68613,180.00157,0.0,0.0,0.0,
472,SIPP_2^2,"205,7,0","242,179,0",0,-1,0,0.0,0.0,0.0,0.0,
472,SIPP_2^3,"205,7,0","242,179,0",0,-1,0,0.0,0.0,0.0,0.0,
472,SIPP_2^4,"205,7,0","242,179,0",0,-1,0,0.0,0.0,0.0,0.0,
472,SIPP_2^5,"205,7,0","242,179,0",0,-1,0,0.0,0.0,0.0,0.0,
472,SIPP_BigCS,"205,7,0","242,179,0",0,-1,0,0.0,0.0,0.0,0.0,
472,SIPP_Standard,"205,7,1","242,179,1",0,-1,0,2e-05,0.0,0.0,0.0,
473,SIPP_2^2,"97,185,0","40,20,0",0,-1,0,0.0,0.0,0.0,0.0,
473,SIPP_2^3,"97,185,0","40,20,0",0,-1,0,0.0,0.0,0.0,0.0,
473,SIPP_2^4,"97,185,0","40,20,0",0,-1,0,0.0,0.0,0.0,0.0,
473,SIPP_2^5,"97,185,0","40,20,0",0,-1,0,0.0,0.0,0.0,0.0,
473,SIPP_BigCS,"97,185,0","40,20,0",0,-1,0,0.0,0.0,0.0,0.0,
473,SIPP_Standard,"97,185,14","40,20,4",0,-1,0,3e-05,0.0,0.0,0.0,
474,SIPP_2^2,"39,238,0","180,125,0",1,2577.029362,15873,7.09178,593.9697,131.94689,263.89378,1 1 1 1 1 1 1 1 1 1 1 1 1 1 1 1 1 1 1 1 1 1 1 1 0 1 0 0 0 1 1 -20.439 0 -1.175 0 -1.369 1 0 0 1 1 1 1 1 1 1 1 1 1 1 1 1 1 1 1 0 1 1 0 1 1 1 0 0 0 1 1 0 0 0 1 1 0 0 0 1 1 1 1 0 0 0 0 1 1 0 0 1 0 0 1 0 1 0 1 0 1 0 1 0 0 1 0 0 0 0 0 0 0 0 0 0 0 0 0 0 0 0 0 1 0 0 1 0 0 0 0 1 0 1 0 1 0 0 0 0 0 0 0 1 1 0 0 1 0 0 0 0 0 1 0 1 1 1 1 1 1 1 1 1 0 0 0 0 0 0 1 0 1 0 1 0 1 1 1 0 0 0 1 0 0 1 1 0 0 0 0 0 1 1 1 1 1 1 0 1 1 1 0 1 1 1 0 1 1 1 1 0 0 0 0 0 1 0 0 0 0 0 0 0 0 0 1 1 0 1 1 1 1 1 1 1 0 1 1 1 1 1 1 1 1 1 1 1 1 1 1 1 0 1 0 -14.046 1 1 1 1 1 1
474,SIPP_2^3,"39,238,0","180,125,0",1,2107.9533479999996,6603,5.64698,192.80748,37.69911,75.39823,1 1 2 1 2 2 2 2 2 2 2 2 2 1 2 1 2 2 2 2 2 2 2 2 2 2 -49.729 2 -1.175 0 1 1 1 2 2 2 2 2 2 1 1 1 1 1 1 1 1 1 1 1 1 1 1 1 1 1 1 0 1 1 1 1 1 1 0 0 0 0 0 0 0 0 0 0 1 1 0 1 0 1 2 2 2 2 1 1 1 1 1 1 1 1 1 1 1 1 1 1 1 1 1 1 1 1 1 1 1 1 1 -3.156 1 1 1 1 1 1 -14.646 2 1 0 1 0 0 1 1 1 2 1 2 2 2 1 1 1 1 1 1 2 1 -19.931 0 -3.059 2 1 1 1 1 1 1 2 -13.044 0 -5.593 0 -2.402 1 1 1 -0.000 1 2 1 2 1 2 2 2 2 2 2 1
474,SIPP_2^4,"39,238,0","180,125,0",1,2102.60898,7167,15.86468,107.09462,20.67612,41.35224,4 4 4 4 4 4 4 4 4 4 3 3 3 3 3 3 4 4 4 -66.275 4 -1.175 4 2 2 4 4 4 3 4 4 2 2 2 2 2 2 2 2 2 2 2 2 2 2 2 2 2 2 2 1 1 1 1 1 1 1 1 1 1 2 2 3 3 2 1 2 2 2 2 2 2 2 2 2 2 2 2 2 2 -11.518 4 -10.685 4 -0.060 0 -1.874 1 2 2 3 2 2 -0.742 1 1 -0.377 3 -0.840 6 1 1 1 1 2 3 3 3 3 3 2 2 -35.659 0 -3.935 3 2 2 2 2 2 -17.081 0 -6.158 0 3 -0.406 2 -0.040 2 -0.040 2 3 3 4 4 4 4 4 3
474,SIPP_2^5,"39,238,0","180,125,0",1,2101.133174,7294,40.23655,104.43758,20.54259,41.08518,8 8 8 8 8 8 8 8 8 7 7 8 7 7 8 7 -62.326 0 -1.175 8 4 4 8 8 8 8 7 4 4 4 4 4 4 4 4 4 4 4 4 4 4 4 4 4 3 3 2 2 2 2 2 2 2 2 4 5 5 4 4 4 4 4 4 4 4 4 4 5 4 4 4 -14.492 0 -18.138 3 4 4 -0.699 5 4 -1.277 2 2 -0.377 6 -0.840 12 2 2 2 2 4 5 6 6 6 6 -7.739 0 -32.540 5 4 4 4 4 4 -17.291 0 -6.158 0 6 -0.406 4 -0.040 4 -0.040 4 6 7 8 8 8 7
474,SIPP_BigCS,"39,238,6","180,125,8",0,-1,20821,180.10682,0.0,0.0,0.0,
474,SIPP_Standard,"39,238,6","180,125,8",1,2112.324813,30491,93.62271,50.7429,9.5596,1.0657,89 1 9 -75.906 45 9 29 29 49 60 92 2 18 68 53 89 5 65 29 29 53 -19.168 65 -26.459 49 -6.792 84 9
475,SIPP_2^2,"142,203,0","30,64,0",0,-1,0,0.0,0.0,0.0,0.0,
475,SIPP_2^3,"142,203,0","30,64,0",0,-1,0,0.0,0.0,0.0,0.0,
475,SIPP_2^4,"142,203,0","30,64,0",0,-1,0,0.0,0.0,0.0,0.0,
475,SIPP_2^5,"142,203,0","30,64,0",0,-1,0,0.0,0.0,0.0,0.0,
475,SIPP_BigCS,"142,203,0","30,64,0",0,-1,0,0.0,0.0,0.0,0.0,
475,SIPP_Standard,"142,203,12","30,64,1",0,-1,0,5e-05,0.0,0.0,0.0,
476,SIPP_2^2,"249,177,0","183,18,0",0,-1,0,0.0,0.0,0.0,0.0,
476,SIPP_2^3,"249,177,0","183,18,0",0,-1,0,0.0,0.0,0.0,0.0,
476,SIPP_2^4,"249,177,0","183,18,0",0,-1,0,0.0,0.0,0.0,0.0,
476,SIPP_2^5,"249,177,0","183,18,0",0,-1,0,0.0,0.0,0.0,0.0,
476,SIPP_BigCS,"249,177,0","183,18,0",0,-1,0,0.0,0.0,0.0,0.0,
476,SIPP_Standard,"249,177,13","183,18,0",0,-1,69766,180.0037,0.0,0.0,0.0,
477,SIPP_2^2,"67,77,0","227,67,0",0,-1,0,0.0,0.0,0.0,0.0,
477,SIPP_2^3,"67,77,0","227,67,0",0,-1,0,0.0,0.0,0.0,0.0,
477,SIPP_2^4,"67,77,0","227,67,0",0,-1,0,0.0,0.0,0.0,0.0,
477,SIPP_2^5,"67,77,0","227,67,0",0,-1,0,0.0,0.0,0.0,0.0,
477,SIPP_BigCS,"67,77,0","227,67,0",0,-1,0,0.0,0.0,0.0,0.0,
477,SIPP_Standard,"67,77,6","227,67,15",0,-1,0,5e-05,0.0,0.0,0.0,
478,SIPP_2^2,"90,221,0","230,108,0",0,-1,0,0.0,0.0,0.0,0.0,
478,SIPP_2^3,"90,221,0","230,108,0",0,-1,0,0.0,0.0,0.0,0.0,
478,SIPP_2^4,"90,221,0","230,108,0",0,-1,0,0.0,0.0,0.0,0.0,
478,SIPP_2^5,"90,221,0","230,108,0",0,-1,0,0.0,0.0,0.0,0.0,
478,SIPP_BigCS,"90,221,0","230,108,0",0,-1,0,0.0,0.0,0.0,0.0,
478,SIPP_Standard,"90,221,4","230,108,7",0,-1,0,3e-05,0.0,0.0,0.0,
479,SIPP_2^2,"202,169,0","239,3,0",0,-1,0,0.0,0.0,0.0,0.0,
479,SIPP_2^3,"202,169,0","239,3,0",0,-1,0,0.0,0.0,0.0,0.0,
479,SIPP_2^4,"202,169,0","239,3,0",0,-1,0,0.0,0.0,0.0,0.0,
479,SIPP_2^5,"202,169,0","239,3,0",0,-1,0,0.0,0.0,0.0,0.0,
479,SIPP_BigCS,"202,169,0","239,3,0",0,-1,0,0.0,0.0,0.0,0.0,
479,SIPP_Standard,"202,169,12","239,3,9",0,-1,61036,180.00051,0.0,0.0,0.0,
480,SIPP_2^2,"43,56,0","37,231,0",0,-1,0,0.0,0.0,0.0,0.0,
480,SIPP_2^3,"43,56,0","37,231,0",0,-1,0,0.0,0.0,0.0,0.0,
480,SIPP_2^4,"43,56,0","37,231,0",0,-1,0,0.0,0.0,0.0,0.0,
480,SIPP_2^5,"43,56,0","37,231,0",0,-1,0,0.0,0.0,0.0,0.0,
480,SIPP_BigCS,"43,56,0","37,231,0",0,-1,0,0.0,0.0,0.0,0.0,
480,SIPP_Standard,"43,56,11","37,231,9",0,-1,1,0.01998,0.0,0.0,0.0,
481,SIPP_2^2,"180,94,0","54,25,0",1,3017.8207610000004,35198,15.92682,480.83261,106.81415,213.6283,1 1 1 1 1 1 1 2 1 1 1 1 2 1 2 2 2 2 2 2 2 2 3 -111.013 2 3 2 2 2 3 2 2 2 3 3 3 3 2 3 3 2 3 2 3 -5.369 3 3 3 3 3 3 3 3 3 3 3 3 3 3 3 3 3 3 3 3 3 3 3 3 3 3 3 3 3 3 3 3 3 3 3 3 3 3 3 3 3 0 0 3 3 3 3 3 3 3 0 0 3 -29.945 3 -0.420 2 3 -4.104 3 3 3 3 3 3 3 3 3 3 3 3 3 3 3 3 3 3 3 3 -11.930 3 -0.101 3 0 3 3 3 3 3 3 3 3 3 0 3 0 0 3 3 3 3 3 0 3 0 3 3 3 3 3 0 3 0 3 3 0 -113.329 3 -11.448 0 -20.137 0 0 0 0 0 0 0 -0.033 0 0 3 3 3 3 0 0 0 0 0 0 0 0 0 0 0 0 0 0 0 3 0 3 3 3 0 3 0 0 0 0 0 0 0 0 3 3 3 3 3 3 0 3 3 3 3 3 0 3 0 0 0 3 3 3 3 0 0 3 0 0 0 0 0 0 0 0 0 0 0 0 0 0 0 0 0 0 0 0 -28.307 1 -34.546 0 0 -2.274 0 -11.808 0 0 0 0 -3.055 0 0 3 0 3 0 0 0 0 3 0 3
481,SIPP_2^3,"180,94,0","54,25,0",1,2594.4875359999996,28847,25.33447,306.04598,58.90486,117.80973,2 2 2 2 2 2 2 3 2 2 1 0 0 0 0 -73.536 2 -0.206 0 -0.049 0 0 0 -0.046 0 -0.375 0 0 1 0 0 0 0 0 0 0 1 0 1 0 1 1 1 1 0 0 0 0 0 0 7 7 7 6 6 -0.052 7 7 0 0 0 0 0 0 0 0 -2.752 7 7 7 7 7 6 6 7 7 6 6 7 6 -0.886 0 -7.011 7 0 6 6 6 6 6 6 6 6 6 6 6 6 6 6 6 7 7 6 6 6 6 7 7 7 7 6 6 7 7 7 7 7 7 7 7 7 7 7 7 7 7 7 7 7 7 -75.763 4 5 5 5 6 6 6 6 6 6 6 6 6 6 6 6 6 6 6 5 6 6 5 5 -0.819 6 6 -3.006 6 6 6 6 6 5 5 6 5 6 5 5 5 6 6 6 6 5 5 4 4 4 4 4 5 5 -20.547 6 -0.012 0 -10.025 6 -0.053 0 -0.310 6 -2.376 7 -0.097 5 -0.040 7 -0.040 7 -0.040 7 -0.040 7 -0.040 7 -1.961 6 -3.383 6 -2.094 6 -1.047 6 -0.410 6 -0.106 6 -0.013 6 6 -1.895 6 -3.078 7 6 6 7 6 6 6 6 6 6 6 6 6 7
481,SIPP_2^4,"180,94,0","54,25,0",1,2132.991798999999,4512,9.95783,67.05225,13.31381,26.62763,4 5 5 4 4 4 6 6 7 6 8 8 8 8 8 8 8 8 8 8 8 8 8 8 8 8 8 9 9 10 12 12 13 13 13 13 13 13 13 13 13 13 13 13 13 13 -1.513 13 13 13 13 13 13 13 13 13 13 13 13 13 13 13 13 13 13 13 13 13 13 13 13 13 13 13 13 13 14 14 13 13 13 12 13 13 13 12 13 12 14 15 14 14 14 14 13 14 14 14 14 14 14 -3.454 15 15 15 15 15 15 15 15 15 0 15 0 0 15 15 15 0 15
481,SIPP_2^5,"180,94,0","54,25,0",1,2125.2246439999994,4464,23.49655,45.67552,9.05802,18.11603,8 9 8 9 12 12 12 15 16 16 16 16 16 16 16 16 16 16 16 16 16 17 16 17 20 25 25 26 26 26 25 26 26 26 25 26 26 26 26 26 26 26 26 26 26 26 26 26 26 26 26 26 26 26 26 26 26 26 26 26 27 27 26 26 26 27 27 25 25 25 26 26 26 28 29 28 28 25 28 28 28 28 28 28 28 -1.211 28 31 31 31 30 31 31 30 31 31 30 30 30
481,SIPP_BigCS,"180,94,15","54,25,13",0,-1,24793,180.02463,0.0,0.0,0.0,
481,SIPP_Standard,"180,94,15","54,25,13",1,2155.256768,8524,22.88269,54.00908,9.6535,1.2882,-69.497 97 87 -56.139 20 31 43 61 61 93 19 61 61 69 50 69 50 69 38 23 -4.236 30 30 -0.384 54 58 58 90
482,SIPP_2^2,"231,159,0","49,127,0",0,-1,0,0.0,0.0,0.0,0.0,
482,SIPP_2^3,"231,159,0","49,127,0",0,-1,0,0.0,0.0,0.0,0.0,
482,SIPP_2^4,"231,159,0","49,127,0",0,-1,0,0.0,0.0,0.0,0.0,
482,SIPP_2^5,"231,159,0","49,127,0",0,-1,0,0.0,0.0,0.0,0.0,
482,SIPP_BigCS,"231,159,0","49,127,0",0,-1,0,0.0,0.0,0.0,0.0,
482,SIPP_Standard,"231,159,12","49,127,8",0,-1,55075,180.00326,0.0,0.0,0.0,
483,SIPP_2^2,"108,210,0","250,113,0",0,-1,0,0.0,0.0,0.0,0.0,
483,SIPP_2^3,"108,210,0","250,113,0",0,-1,0,0.0,0.0,0.0,0.0,
483,SIPP_2^4,"108,210,0","250,113,0",0,-1,0,0.0,0.0,0.0,0.0,
483,SIPP_2^5,"108,210,0","250,113,0",0,-1,0,0.0,0.0,0.0,0.0,
483,SIPP_BigCS,"108,210,0","250,113,0",0,-1,0,0.0,0.0,0.0,0.0,
483,SIPP_Standard,"108,210,7","250,113,0",0,-1,0,4e-05,0.0,0.0,0.0,
484,SIPP_2^2,"158,139,0","8,31,0",0,-1,0,0.0,0.0,0.0,0.0,
484,SIPP_2^3,"158,139,0","8,31,0",0,-1,0,0.0,0.0,0.0,0.0,
484,SIPP_2^4,"158,139,0","8,31,0",0,-1,0,0.0,0.0,0.0,0.0,
484,SIPP_2^5,"158,139,0","8,31,0",0,-1,0,0.0,0.0,0.0,0.0,
484,SIPP_BigCS,"158,139,0","8,31,0",0,-1,0,0.0,0.0,0.0,0.0,
484,SIPP_Standard,"158,139,13","8,31,12",0,-1,0,4e-05,0.0,0.0,0.0,
485,SIPP_2^2,"195,232,0","253,63,0",0,-1,0,0.0,0.0,0.0,0.0,
485,SIPP_2^3,"195,232,0","253,63,0",0,-1,0,0.0,0.0,0.0,0.0,
485,SIPP_2^4,"195,232,0","253,63,0",0,-1,0,0.0,0.0,0.0,0.0,
485,SIPP_2^5,"195,232,0","253,63,0",0,-1,0,0.0,0.0,0.0,0.0,
485,SIPP_BigCS,"195,232,0","253,63,0",0,-1,0,0.0,0.0,0.0,0.0,
485,SIPP_Standard,"195,232,10","253,63,13",0,-1,0,3e-05,0.0,0.0,0.0,
486,SIPP_2^2,"252,177,0","87,104,0",1,3007.991348,35822,16.46744,374.76659,83.25221,166.50441,3 3 3 0 0 3 3 0 0 0 0 0 3 3 3 3 0 3 0 3 3 3 3 3 3 3 3 0 3 0 3 3 3 3 0 3 3 -16.023 3 3 -1.979 3 -7.566 3 3 3 3 3 3 3 3 3 3 3 3 3 3 0 0 0 0 0 0 0 0 0 0 0 0 0 0 0 0 0 0 0 0 0 0 0 0 0 3 3 3 3 3 3 3 3 3 3 3 3 3 3 0 0 3 3 3 0 3 3 3 0 3 3 3 3 3 3 3 3 3 3 3 0 3 3 3 0 3 3 -5.521 2 -9.929 2 -0.012 2 -0.012 3 -0.012 2 -0.012 3 -0.012 2 2 2 2 2 2 2 2 2 3 3 -89.090 0 -12.833 0 3 -0.260 3 -9.966 3 3 3 3 3 3 3 3 3 3 3 3 3 3 3 3 3 3 3 3 3 3 3 3 3 3 3 3 3 3 3 3 3 3 3 3 3 3 3 3 3 3 3 3 3 3 3 3 3 3 3 3 3 3 3 3 3 3 3 0 0 0 0 0 0 0 0 0 0 0 0 0 0 0 0 3 0 3 3 0 -9.182 0 -12.273 1 0 -2.274 0 -11.880 0 0 0 0 -0.793 0 0 -10.392 0 3 -0.352 3 -6.113 3 -41.589 3 -12.490 0 3 -7.527 3 -0.310 3 3 3 3 3 -48.631 2 3 -10.956 3 3 3 3 3 0 0 0 0 3 0 3 0 3 0 0 0 0 0 0 0
486,SIPP_2^3,"252,177,0","87,104,0",1,2035.372470999997,4404,3.73242,142.75063,28.27434,56.54867,7 7 7 7 6 7 6 7 7 -55.122 6 -10.211 6 6 6 6 6 6 6 6 6 5 -7.013 6 -2.366 6 6 6 6 6 6 6 6 6 6 6 6 6 6 6 6 6 6 6 6 6 6 6 6 7 7 6 6 7 6 7 6 7 7 6 7 6 7 7 6 6 6 6 6 6 6 6 6 6 6 6 6 6 6 6 6 6 6 7 6 6 6 6 6 6 6 6 6 6 6 7 7 7 7 7 6 7 7 7 7 7 6 7 7 7 7 7 7 7 7 7 6 6 6 6 6 6 6 7 7 7 7 7 7 6 7 7 7 7 7 7 7 7 7 7 7 7 7 7 7 7 7 7 7 7 7 7 7 7 7 7 7 7 6 7 7 6 6 6 6 6 7 6 7
486,SIPP_2^4,"252,177,0","87,104,0",1,1991.818352999998,3283,7.15753,80.09922,15.9538,31.9076,14 14 14 14 15 15 14 -4.398 12 -22.553 11 -17.080 11 12 12 12 12 11 12 12 -8.938 12 -2.366 12 12 12 12 12 12 13 13 13 12 12 12 12 12 12 12 13 13 12 13 13 12 12 13 13 12 12 12 13 12 12 12 12 12 12 12 12 12 12 12 12 12 12 12 12 12 12 12 12 12 13 12 12 12 12 12 12 13 12 -1.737 13 14 14 14 14 14 14 14 14 14 14 14 14 14 14 14 14 14 13 13 13 13 13 13 13 13 13 13 14 14 13 14 13 14 14 14 13 14 14 14 14 14 14 14 15 15 14 14 14 13 12 13 13 12 13
486,SIPP_2^5,"252,177,0","87,104,0",1,1976.320288,3299,17.79729,56.21418,10.73981,21.47962,28 28 28 28 27 -45.912 27 -17.232 22 24 24 24 24 24 24 24 -0.446 24 24 -0.852 16 -2.366 24 24 24 24 24 24 25 25 25 25 26 25 25 25 26 25 25 26 26 26 26 26 26 26 26 26 26 26 25 25 24 25 25 24 24 24 24 25 25 25 25 25 -20.417 24 -0.977 25 26 26 26 26 27 27 27 27 27 27 27 27 27 -2.116 31 31 0 28 28 25 26 26 25
486,SIPP_BigCS,"252,177,3","87,104,0",1,1977.5041099999999,21197,170.82549,71.77903,13.2678,2.5178,202 202 202 202 322 -1.226 205 381 -12.427 323 -11.082 238 7 7 7 87 205 205 309 87 309 7 7 75 178 197 205 205 205 309 63 162 7 87 365 -10.263 63 102 102 102 178 205 205 205 205 205 205 205 205 205 205 205 325 -2.506 306 70 205 205 309
486,SIPP_Standard,"252,177,3","87,104,0",1,2004.569822,7642,22.10434,54.79478,10.3973,1.2789,10 34 -12.862 91 -16.054 3 -2.977 3 23 38 19 -2.134 93 3 3 3 27 74 69 30 50 61 69 50 77 -1.543 66 50 93
487,SIPP_2^2,"50,206,0","77,55,0",0,-1,0,0.0,0.0,0.0,0.0,
487,SIPP_2^3,"50,206,0","77,55,0",0,-1,0,0.0,0.0,0.0,0.0,
487,SIPP_2^4,"50,206,0","77,55,0",0,-1,0,0.0,0.0,0.0,0.0,
487,SIPP_2^5,"50,206,0","77,55,0",0,-1,0,0.0,0.0,0.0,0.0,
487,SIPP_BigCS,"50,206,0","77,55,0",0,-1,0,0.0,0.0,0.0,0.0,
487,SIPP_Standard,"50,206,11","77,55,10",0,-1,0,3e-05,0.0,0.0,0.0,
488,SIPP_2^2,"19,28,0","209,38,0",0,-1,0,0.0,0.0,0.0,0.0,
488,SIPP_2^3,"19,28,0","209,38,0",0,-1,0,0.0,0.0,0.0,0.0,
488,SIPP_2^4,"19,28,0","209,38,0",0,-1,0,0.0,0.0,0.0,0.0,
488,SIPP_2^5,"19,28,0","209,38,0",0,-1,0,0.0,0.0,0.0,0.0,
488,SIPP_BigCS,"19,28,0","209,38,0",0,-1,0,0.0,0.0,0.0,0.0,
488,SIPP_Standard,"19,28,12","209,38,4",0,-1,0,5e-05,0.0,0.0,0.0,
489,SIPP_2^2,"39,230,0","127,87,0",0,-1,0,0.0,0.0,0.0,0.0,
489,SIPP_2^3,"39,230,0","127,87,0",0,-1,0,0.0,0.0,0.0,0.0,
489,SIPP_2^4,"39,230,0","127,87,0",0,-1,0,0.0,0.0,0.0,0.0,
489,SIPP_2^5,"39,230,0","127,87,0",0,-1,0,0.0,0.0,0.0,0.0,
489,SIPP_BigCS,"39,230,0","127,87,0",0,-1,0,0.0,0.0,0.0,0.0,
489,SIPP_Standard,"39,230,15","127,87,8",0,-1,0,4e-05,0.0,0.0,0.0,
490,SIPP_2^2,"141,3,0","139,176,0",1,2730.3574200000003,13926,6.16922,410.12193,91.10619,182.21237,0 0 3 3 3 3 3 -63.595 3 -0.370 3 -0.093 3 -0.020 3 3 3 -0.045 3 -0.375 3 3 3 3 3 3 3 3 -125.640 3 2 3 2 2 2 2 2 3 3 3 3 3 3 3 2 2 2 2 2 2 2 2 2 2 2 2 2 2 2 2 2 2 2 2 2 2 3 3 2 2 2 2 2 2 2 2 2 3 2 3 3 -36.826 2 -5.593 1 2 2 2 2 -3.476 2 2 2 -4.325 2 2 2 2 2 1 2 1 2 2 1 2 2 2 2 2 2 2 2 2 2 2 2 2 2 2 2 2 2 2 2 2 2 2 2 2 2 2 2 2 2 1 1 1 2 2 2 2 2 3 2 2 2 2 3 3 2 2 2 2 2 2 2 2 2 2 2 2 2 2 2 2 2 2 2 2 2 2 2 2 2 1 1 1 1 1 1 1 2 1 2 1 2 2 2 2 1 1 2 1 1 2 2 2 2 1 1 2 1 2 2 1 1 2 1 1 2 2 2 1 2 2 2 2 2 2 2 2 2 2 2 2 2 2 2 2 2 2 2 2 2 2 1 1 2 2 2 2 2 1 2 1 2 2 2 2 1 2 2 2 1 2 2 2 1 2
490,SIPP_2^3,"141,3,0","139,176,0",1,2493.7242869999995,17899,15.77941,258.4583,51.05088,102.10176,4 5 -68.624 4 4 5 5 5 5 5 5 5 5 5 5 5 5 5 5 4 5 4 5 5 5 6 6 5 5 5 6 5 -101.201 6 -17.324 4 -2.094 6 -1.047 4 -0.410 4 -0.106 4 -0.013 4 -4.617 4 -10.202 5 4 4 4 4 4 4 4 5 4 4 4 4 4 4 5 5 5 6 6 -9.846 5 5 4 4 4 4 4 4 4 4 3 3 3 3 3 3 3 4 3 3 4 4 4 4 4 4 4 4 4 4 4 4 4 4 4 3 4 4 4 4 4 4 4 4 4 4 4 4 3 4 4 4 4 4 4 4 4 4 4 4 4 3 4 3 4 4 4 3 4 4 3 4 4 3 4 3 4 4 4 4 4 4 4 4 4 4 4 4 4 4 4 4 4 4 4 4 4 4 4 4 4 4 3 3 3 3 3 3 4 3 4 4 4 3 3 4 4 5 6 4 -10.996 4 3 2 2 -15.397 4 -2.571 4 4 4 -0.036 3 3 3 2 1 1 1 0 0 0 1
490,SIPP_2^4,"141,3,0","139,176,0",1,2486.737887,19987,44.2611,148.74851,28.76601,57.53202,9 -70.405 8 8 10 10 10 10 10 10 10 10 10 10 10 10 10 9 10 9 10 11 11 11 11 12 -106.032 8 -17.324 8 -2.094 12 -1.047 8 -0.410 8 -0.106 8 -0.013 8 -4.617 8 -10.202 10 8 8 8 8 8 8 8 8 8 8 8 9 -0.130 9 10 -5.788 12 12 12 -2.126 9 9 8 8 8 8 8 8 8 8 8 8 8 8 8 8 8 8 7 7 7 8 8 8 7 8 8 7 8 7 8 7 7 7 8 8 8 8 8 8 8 8 8 8 8 8 8 8 7 7 7 7 7 7 7 7 7 7 8 8 8 8 8 8 8 8 8 8 8 8 8 8 8 8 8 8 7 7 7 7 7 7 7 7 9 8 9 9 12 12 12 12 -2.990 8 8 8 -1.476 8 -0.093 8 5 4 4 5 4 -0.457 5 5 -1.720 2 2 -0.055 0 1 1
490,SIPP_2^5,"141,3,0","139,176,0",1,2486.2450870000002,20439,110.08093,133.55032,25.74534,51.49069,18 -70.405 16 17 20 20 20 20 20 20 20 19 20 20 20 20 20 20 20 21 21 22 -112.188 24 -17.324 16 -2.094 24 -1.047 16 -0.410 16 -0.106 16 -0.013 16 -16.674 17 17 17 16 16 16 16 -3.935 16 -1.012 16 -1.142 16 -1.235 22 -2.515 16 24 24 -2.126 18 18 16 16 16 16 16 16 16 15 16 16 15 16 15 16 16 16 16 16 16 16 16 16 14 14 15 14 14 15 15 16 16 15 15 15 15 15 15 16 15 15 15 16 16 16 16 16 16 16 16 16 16 16 16 15 15 15 15 15 15 15 15 17 20 20 20 25 -11.372 16 16 16 -1.476 16 -0.093 16 9 -0.202 9 -0.988 8 -0.742 10 10 -1.720 4 4 -0.300 2 1
490,SIPP_BigCS,"141,3,12","139,176,10",0,-1,25595,180.0219,0.0,0.0,0.0,
490,SIPP_Standard,"141,3,12","139,176,10",1,2702.512716,5856,13.91951,48.37475,8.849,1.0493,-39.025 1 -0.693 1 1 -74.279 1 -6.467 17 -78.863 79 -1.078 56 88 0 0 0 0 8 40 94 -24.209 0 -15.669 4 -0.230 56 104 55 59 67 51 70 51 70 51 70 31 31
491,SIPP_2^2,"89,221,0","87,29,0",0,-1,0,0.0,0.0,0.0,0.0,
491,SIPP_2^3,"89,221,0","87,29,0",0,-1,0,0.0,0.0,0.0,0.0,
491,SIPP_2^4,"89,221,0","87,29,0",0,-1,0,0.0,0.0,0.0,0.0,
491,SIPP_2^5,"89,221,0","87,29,0",0,-1,0,0.0,0.0,0.0,0.0,
491,SIPP_BigCS,"89,221,0","87,29,0",0,-1,0,0.0,0.0,0.0,0.0,
491,SIPP_Standard,"89,221,12","87,29,12",0,-1,0,6e-05,0.0,0.0,0.0,
492,SIPP_2^2,"202,95,0","243,253,0",0,-1,0,0.0,0.0,0.0,0.0,
492,SIPP_2^3,"202,95,0","243,253,0",0,-1,0,0.0,0.0,0.0,0.0,
492,SIPP_2^4,"202,95,0","243,253,0",0,-1,0,0.0,0.0,0.0,0.0,
492,SIPP_2^5,"202,95,0","243,253,0",0,-1,0,0.0,0.0,0.0,0.0,
492,SIPP_BigCS,"202,95,0","243,253,0",0,-1,0,0.0,0.0,0.0,0.0,
492,SIPP_Standard,"202,95,15","243,253,15",0,-1,0,5e-05,0.0,0.0,0.0,
493,SIPP_2^2,"55,49,0","28,235,0",0,-1,0,0.0,0.0,0.0,0.0,
493,SIPP_2^3,"55,49,0","28,235,0",0,-1,0,0.0,0.0,0.0,0.0,
493,SIPP_2^4,"55,49,0","28,235,0",0,-1,0,0.0,0.0,0.0,0.0,
493,SIPP_2^5,"55,49,0","28,235,0",0,-1,0,0.0,0.0,0.0,0.0,
493,SIPP_BigCS,"55,49,0","28,235,0",0,-1,0,0.0,0.0,0.0,0.0,
493,SIPP_Standard,"55,49,0","28,235,12",0,-1,63908,180.00199,0.0,0.0,0.0,
494,SIPP_2^2,"95,49,0","163,202,0",0,-1,0,0.0,0.0,0.0,0.0,
494,SIPP_2^3,"95,49,0","163,202,0",0,-1,0,0.0,0.0,0.0,0.0,
494,SIPP_2^4,"95,49,0","163,202,0",0,-1,0,0.0,0.0,0.0,0.0,
494,SIPP_2^5,"95,49,0","163,202,0",0,-1,0,0.0,0.0,0.0,0.0,
494,SIPP_BigCS,"95,49,0","163,202,0",0,-1,0,0.0,0.0,0.0,0.0,
494,SIPP_Standard,"95,49,0","163,202,3",0,-1,57793,180.00231,0.0,0.0,0.0,
495,SIPP_2^2,"114,1,0","155,181,0",0,-1,0,0.0,0.0,0.0,0.0,
495,SIPP_2^3,"114,1,0","155,181,0",0,-1,0,0.0,0.0,0.0,0.0,
495,SIPP_2^4,"114,1,0","155,181,0",0,-1,0,0.0,0.0,0.0,0.0,
495,SIPP_2^5,"114,1,0","155,181,0",0,-1,0,0.0,0.0,0.0,0.0,
495,SIPP_BigCS,"114,1,0","155,181,0",0,-1,0,0.0,0.0,0.0,0.0,
495,SIPP_Standard,"114,1,5","155,181,15",0,-1,0,2e-05,0.0,0.0,0.0,
496,SIPP_2^2,"61,80,0","10,251,0",0,-1,0,0.0,0.0,0.0,0.0,
496,SIPP_2^3,"61,80,0","10,251,0",0,-1,0,0.0,0.0,0.0,0.0,
496,SIPP_2^4,"61,80,0","10,251,0",0,-1,0,0.0,0.0,0.0,0.0,
496,SIPP_2^5,"61,80,0","10,251,0",0,-1,0,0.0,0.0,0.0,0.0,
496,SIPP_BigCS,"61,80,0","10,251,0",0,-1,0,0.0,0.0,0.0,0.0,
496,SIPP_Standard,"61,80,2","10,251,15",0,-1,1,0.02641,0.0,0.0,0.0,
497,SIPP_2^2,"41,42,0","221,3,0",0,-1,0,0.0,0.0,0.0,0.0,
497,SIPP_2^3,"41,42,0","221,3,0",0,-1,0,0.0,0.0,0.0,0.0,
497,SIPP_2^4,"41,42,0","221,3,0",0,-1,0,0.0,0.0,0.0,0.0,
497,SIPP_2^5,"41,42,0","221,3,0",0,-1,0,0.0,0.0,0.0,0.0,
497,SIPP_BigCS,"41,42,0","221,3,0",0,-1,0,0.0,0.0,0.0,0.0,
497,SIPP_Standard,"41,42,2","221,3,4",0,-1,67819,180.00147,0.0,0.0,0.0,
498,SIPP_2^2,"238,147,0","74,223,0",0,-1,82,0.16724,0.0,0.0,0.0,
498,SIPP_2^3,"238,147,0","74,223,0",1,2822.030202999996,21207,18.03998,289.72444,56.54867,113.09734,2 2 2 3 3 3 2 2 2 2 2 3 3 2 2 -1.502 0 -16.442 7 7 -3.597 4 -12.565 6 -5.022 6 -0.375 4 6 5 5 5 5 -1.854 5 5 4 3 0 -8.776 0 -0.375 6 -13.996 6 -2.530 6 5 4 4 4 4 4 4 4 4 3 4 3 -5.192 5 5 5 5 5 5 5 5 5 5 6 6 7 7 6 6 6 6 6 7 6 7 6 6 6 6 6 -2.951 6 -7.245 7 7 7 7 7 7 7 7 7 -0.543 7 7 6 6 6 6 6 6 6 6 6 6 6 6 5 5 6 5 6 6 6 6 6 6 6 6 6 6 5 5 5 5 6 5 6 6 6 6 6 6 6 6 6 6 6 6 6 6 6 6 6 6 6 6 6 6 6 6 6 6 6 6 6 6 6 6 6 5 6 5 5 5 5 6 6 6 5 6 5 6 5 5 5 6 5 5 5 5 5 5 5 5 5 5 5 5 5 5 5 5 5 5 5 5 5 5 5 5 5 5 5 4 4 4 5 5 4 5 5 4 4 5 5 5 5 5 5 5 5 5 5 5 5 4 6 6 7 7 0 0 0 0 0 1 0
498,SIPP_2^4,"238,147,0","74,223,0",1,2669.029362,14536,31.26145,169.46992,33.34643,66.69286,4 5 5 5 5 5 4 4 4 3 0 -2.740 14 12 13 -14.600 12 -0.022 12 -0.094 12 11 11 11 11 12 12 -4.847 10 -0.592 12 -3.837 8 -3.780 8 -13.228 12 -2.352 12 -3.037 8 10 11 12 12 12 11 12 12 -1.064 11 -2.196 11 10 10 9 9 9 9 10 9 10 8 8 5 4 2 1 -32.523 12 -3.600 12 -3.136 15 13 14 14 14 14 15 13 14 12 12 12 12 12 11 11 11 11 11 11 11 11 12 12 12 12 12 12 12 12 12 12 12 12 12 12 12 12 12 12 12 12 -1.471 12 12 -0.799 12 12 12 12 12 12 12 12 12 12 12 12 12 12 12 12 11 12 12 11 11 11 11 11 11 10 11 11 11 11 10 9 10 10 10 10 10 10 10 10 10 10 10 10 10 10 10 10 10 10 10 10 10 10 9 9 10 10 10 10 10 10 10 10 11 11 11 12 -28.256 12 -4.347 14 -1.578 12
498,SIPP_2^5,"238,147,0","74,223,0",1,2605.8355299999985,10700,55.1636,128.24052,25.53877,51.07755,9 9 9 10 9 4 4 0 -1.249 26 24 24 -17.261 24 -0.022 24 23 24 23 23 23 -0.259 20 -15.843 16 -13.228 16 -2.352 24 -3.037 16 20 24 24 24 23 23 24 20 -2.954 22 20 19 19 18 19 17 14 8 8 4 0 -59.521 29 26 28 29 28 -0.377 27 28 24 24 24 24 24 24 24 24 23 23 23 24 24 23 23 23 23 23 24 25 24 24 24 24 24 24 24 24 24 24 24 24 24 23 24 23 23 23 23 23 23 23 20 21 21 20 20 20 20 20 20 19 20 20 20 20 20 20 20 20 20 20 20 20 20 20 20 20 20 20 20 20 20 20 20 20 21 20 23 22 23 24
498,SIPP_BigCS,"238,147,6","74,223,3",0,-1,24532,180.13189,0.0,0.0,0.0,
498,SIPP_Standard,"238,147,6","74,223,3",1,2856.9697440000004,45973,132.92023,96.94462,18.3129,2.6861,-13.469 64 52 56 88 -173.913 24 107 34 107 50 101 91 23 -2.164 50 101 59 91 3 3 3 3 11 55 75 70 39 20 -13.588 51 70 31 55 -1.090 107 -11.746 42
499,SIPP_2^2,"214,57,0","179,237,0",0,-1,0,0.0,0.0,0.0,0.0,
499,SIPP_2^3,"214,57,0","179,237,0",0,-1,0,0.0,0.0,0.0,0.0,
499,SIPP_2^4,"214,57,0","179,237,0",0,-1,0,0.0,0.0,0.0,0.0,
499,SIPP_2^5,"214,57,0","179,237,0",0,-1,0,0.0,0.0,0.0,0.0,
499,SIPP_BigCS,"214,57,0","179,237,0",0,-1,0,0.0,0.0,0.0,0.0,
499,SIPP_Standard,"214,57,5","179,237,0",0,-1,0,5e-05,0.0,0.0,0.0,
500,SIPP_2^2,"6,45,0","172,124,0",1,3294.0748670000003,60620,26.93567,586.89863,133.51769,267.03538,0 0 0 1 0 1 1 1 1 1 1 1 1 0 0 0 1 1 1 1 1 1 1 2 2 2 2 2 2 2 2 2 1 2 2 1 2 1 1 1 1 2 2 1 1 1 2 1 2 2 2 2 2 2 2 1 1 1 1 1 1 1 1 1 1 1 1 1 1 1 1 1 2 1 2 2 1 2 2 2 1 1 1 1 1 2 2 2 1 1 1 1 1 1 -9.595 1 -0.370 1 -0.093 1 -0.020 1 1 0 0 1 -9.726 1 0 1 1 1 1 1 1 1 1 1 1 1 1 2 1 1 2 2 2 2 2 2 2 2 1 1 2 1 1 1 2 2 2 2 1 1 1 2 1 1 1 1 1 2 1 2 2 1 1 1 1 1 1 1 1 1 1 1 1 1 1 1 1 1 1 1 1 1 1 1 1 1 1 2 1 1 1 1 2 -7.615 3 -2.094 3 -1.047 3 -0.410 3 -0.106 3 -0.013 3 3 2 -49.467 0 -18.476 0 3 3 2 -18.998 2 -0.012 2 -0.012 2 2 1 1 1 1 2 2 2 2 1 1 1 1 1 1 1 1 1 1 1 1 2 1 1 1 2 1 -42.728 0 -13.738 1 1 1 1 1 1 1 1 1 1 1 1 1 2 1 1 2 2 1 1 1 1 2 2 2 2 1 2 1 2 2 2 2 2 2 1 -131.084 1 1 -18.409 1 -0.029 1 -0.034 1 1 1 1 1 1 2 1 2 2 2 2 1 1 2 2 1 2 1 2 2 1 2 2 2 2 3 3 3 2 3
500,SIPP_2^3,"6,45,0","172,124,0",1,2206.958345999998,9256,7.63898,203.27569,40.05531,80.11062,2 2 2 3 3 3 2 2 2 2 2 2 3 3 2 3 2 3 2 2 2 1 1 1 2 2 2 2 2 2 2 2 1 2 1 1 1 2 2 2 2 2 -2.842 2 1 1 1 1 1 1 1 1 1 1 0 1 -11.170 2 3 -2.263 3 3 3 3 3 4 3 3 2 2 3 3 2 2 3 2 -6.055 3 -1.191 3 4 3 4 3 3 3 2 2 2 2 3 3 3 3 3 3 3 3 3 3 3 3 3 3 3 3 3 3 3 3 3 3 3 3 3 3 3 3 3 3 3 3 3 3 3 3 3 3 3 2 3 3 -2.523 2 -1.137 2 3 3 3 2 3 2 3 3 3 2 3 2 3 3 2 2 2 2 2 2 2 2 3 2 3 3 3 3 3 3 4 4 3 3 3 3 3 3 3 3 3 3 3
500,SIPP_2^4,"6,45,0","172,124,0",1,2048.242817999999,6805,14.8538,77.27081,15.38621,30.77243,5 5 5 5 5 6 5 -0.039 6 8 8 8 7 8 7 7 7 7 7 6 6 4 4 4 4 4 4 4 4 4 4 5 5 4 4 4 5 5 5 5 5 5 5 5 5 6 6 6 6 6 6 6 6 6 6 6 6 5 -1.003 5 5 5 5 5 5 5 5 4 4 3 3 -1.457 4 4 4 5 4 4 4 4 4 4 4 4 4 4 4 5 5 4 4 -1.706 3 2 0 -0.384 2 2 3 3 3 4 4 5 5 5 5 5 6 6 5 6 6 6 6 6 5 5 6 6 6 6 6 6 6 6 6 6 5 5 6
500,SIPP_2^5,"6,45,0","172,124,0",1,2043.0318849999996,6677,35.56919,62.02697,12.27971,24.55941,10 10 10 11 10 10 -0.486 12 15 15 14 14 15 15 12 12 8 8 8 8 8 8 8 8 8 9 10 10 10 10 10 10 10 9 9 9 12 12 12 12 12 12 12 12 12 12 12 12 12 11 9 9 10 9 9 9 5 4 9 9 9 8 8 9 8 8 8 8 8 8 8 8 4 4 0 -4.361 4 4 6 6 7 8 11 11 11 11 11 11 11 11 12 12 12 12 12 12 11 12 11 12
500,SIPP_BigCS,"6,45,9","172,124,5",0,-1,21239,180.10232,0.0,0.0,0.0,
500,SIPP_Standard,"6,45,9","172,124,5",1,2191.1524950000003,38464,108.50277,57.41596,10.7925,1.254,53 -24.426 57 89 13 -7.595 76 105 -21.606 48 71 52 80 25 64 28 48 71 28 28 28 48 -0.524 71 48 95 21 28 28 52
501,SIPP_2^2,"11,30,0","161,155,0",1,2756.252763,22067,9.75255,530.33009,117.80972,235.61945,2 2 2 2 1 2 2 1 1 1 2 2 -0.095 1 -6.158 1 1 1 1 1 1 1 1 2 2 2 2 2 2 2 2 2 2 2 2 2 2 2 1 1 1 1 1 1 1 1 1 1 1 1 1 2 1 1 2 1 1 2 1 2 1 1 1 1 1 1 1 1 1 1 1 1 1 2 2 2 2 2 2 2 1 1 1 2 2 2 2 2 2 1 2 1 2 2 2 1 2 2 2 2 2 2 2 2 2 2 2 1 1 2 2 1 2 1 1 2 1 1 2 1 2 1 1 2 1 2 1 1 1 1 1 1 1 1 1 1 1 1 1 1 1 1 1 2 2 1 1 1 1 1 2 2 1 1 1 2 1 2 2 1 2 2 2 2 1 2 2 1 1 2 2 2 1 1 1 1 1 1 1 2 1 2 2 2 2 1 2 2 2 2 2 1 1 1 1 1 2 2 2 2 2 2 2 2 2 2 2 1 1 1 2 1 1 2 1 1 1 1 1 1 2 1 1 1 2 1 1 1 2 2 2 2 2 2 2 2 2 2 2 2 2 2 2 2 2 2 1 1 1 1 1 1 1 1 1 1 2 1 1 1 1 1 1 1 1 1 1 1 1 1 1 1 1 1 2 2 1
501,SIPP_2^3,"11,30,0","161,155,0",1,2409.438296999999,15006,12.6093,222.02899,43.9823,87.9646,3 4 4 4 4 3 3 1 1 2 2 2 2 2 2 2 3 3 3 3 3 3 3 3 3 3 2 2 2 2 2 2 2 2 2 2 2 2 2 2 2 -8.700 2 1 1 1 1 1 1 1 1 1 1 0 1 -11.170 2 3 -2.263 3 3 3 3 3 4 3 3 3 2 2 2 3 2 3 2 -6.055 3 -1.191 3 4 3 4 3 3 2 3 3 3 2 3 3 3 3 3 3 3 3 3 3 3 3 3 3 3 3 3 3 3 3 3 3 3 3 3 3 3 3 3 3 3 2 3 2 3 3 3 2 3 3 3 3 -2.523 2 -1.137 4 -4.634 3 4 4 4 4 4 4 4 4 3 4 4 3 3 3 4 -0.514 4 4 4 4 4 4 4 4 -2.983 2 -0.206 2 3 3 3 3 3 3 3 3 4 3 4 4 4 4 4 3 3 3 3 3 3 4 4 4 4 3 3 3 3 3 4 3 3 3 4 3
501,SIPP_2^4,"11,30,0","161,155,0",1,2388.060824999997,14576,31.15844,123.13071,24.60311,49.20622,7 8 8 8 6 6 2 2 -1.112 4 -0.053 4 5 5 5 5 5 6 6 6 6 5 -1.640 5 4 4 4 4 4 4 4 4 4 4 4 4 4 3 2 2 2 2 2 2 2 2 2 1 -20.738 0 6 -2.263 6 6 6 6 7 6 4 5 5 5 6 -6.061 4 -7.120 6 -1.191 6 7 8 6 6 6 5 5 5 5 5 6 6 6 6 6 6 6 6 6 6 6 6 6 6 6 6 6 6 6 6 6 6 6 6 6 6 5 5 6 6 5 5 6 6 -2.441 7 7 8 8 8 8 8 8 8 8 7 7 7 8 8 8 -6.769 9 8 8 8 8 -5.226 4 -0.206 4 6 7 6 6 6 6 6 6 6 7 7 7 7 7 7 7 7 6 7 6 7 6 7 6
501,SIPP_2^5,"11,30,0","161,155,0",1,2165.4042789999994,7627,41.09658,74.86435,14.71181,29.42363,15 16 16 12 12 4 4 -1.850 8 9 11 -0.326 12 12 12 12 12 12 12 12 12 12 12 12 11 -0.159 14 15 15 15 14 14 14 12 12 12 12 12 12 12 12 12 12 11 11 12 12 12 12 12 11 11 12 12 12 12 10 8 9 9 9 9 9 9 -1.993 15 15 16 16 -5.088 13 13 12 12 11 10 10 10 10 10 10 10 10 11 10 11 9 8 8 8 8 7 7 8 -10.685 16 -1.584 16 -1.535 16 -1.126 16 -0.592 16 -0.206 16 -0.049 16 16 16 9 12 12 12 12 12 12 12 12 12 12 12 12
501,SIPP_BigCS,"11,30,1","161,155,9",0,-1,20542,180.1035,0.0,0.0,0.0,
501,SIPP_Standard,"11,30,1","161,155,9",1,2391.602485,45774,125.27648,63.25857,11.0808,1.6593,110 -127.395 48 63 63 71 -3.584 36 -41.411 25 56 56 56 -1.212 80 1 1 25 56 56 56 64 28 28 48 87 8 32 57 105
502,SIPP_2^2,"253,55,0","187,230,0",0,-1,0,0.0,0.0,0.0,0.0,
502,SIPP_2^3,"253,55,0","187,230,0",0,-1,0,0.0,0.0,0.0,0.0,
502,SIPP_2^4,"253,55,0","187,230,0",0,-1,0,0.0,0.0,0.0,0.0,
502,SIPP_2^5,"253,55,0","187,230,0",0,-1,0,0.0,0.0,0.0,0.0,
502,SIPP_BigCS,"253,55,0","187,230,0",0,-1,0,0.0,0.0,0.0,0.0,
502,SIPP_Standard,"253,55,8","187,230,7",0,-1,61651,180.00094,0.0,0.0,0.0,
503,SIPP_2^2,"251,109,0","78,176,0",1,3293.1151170000003,56277,24.9496,551.54329,128.8053,257.6106,2 2 2 2 2 1 2 2 2 2 2 2 2 2 1 2 2 2 2 2 2 2 2 3 2 3 3 2 3 3 3 3 3 3 3 3 3 3 3 2 3 2 2 2 3 2 3 3 2 2 -18.743 3 -9.614 0 3 -2.588 3 -0.620 2 -12.418 2 -1.584 2 2 2 2 -13.637 3 3 3 3 3 2 2 3 3 3 3 3 3 3 3 2 2 2 3 2 2 2 3 -65.308 2 -1.047 2 -0.410 2 -0.106 2 -0.013 2 2 2 2 3 3 3 3 3 3 3 -3.917 3 -0.012 3 3 3 3 3 3 3 3 3 3 3 3 3 3 3 3 3 3 3 3 3 3 3 3 3 3 3 3 2 3 2 2 2 2 2 2 2 2 2 2 3 3 2 3 3 3 2 2 -30.364 0 3 3 -0.654 3 3 3 3 3 3 3 3 3 3 3 3 3 3 2 2 3 2 3 3 3 3 3 3 3 3 3 3 3 3 3 3 3 3 3 3 3 3 3 3 3 3 3 3 3 3 -4.528 3 3 -5.704 3 -0.060 0 -0.420 3 -14.364 0 3 3 3 2 2 2 2 2 2 2 2 2 2 2 2 3 3 3 3 3 2 3 2 3 3 3 3 2 3 3 2 3 2 3 3 2 3 2 2 -152.901 0 -0.029 3 -20.098 0 -0.117 0 -0.395 0 -0.869 3 -1.078 3 -0.985 3 -0.534 3 -0.151 0 -0.060 3 -0.420 3 3 3 3 -20.389 3 -28.978 0 0 3 0 3 3 3 3 3 3 0 3 3 3 3 3 3 3 3 0 0 0 0 3 0 0 0 3 0 3 0
503,SIPP_2^3,"251,109,0","78,176,0",1,2238.172308,11786,10.35442,164.58083,32.20133,64.40265,1 0 7 -1.855 6 6 6 6 6 6 6 6 6 6 6 6 6 6 6 6 6 6 6 6 6 6 6 6 6 6 6 7 6 6 6 6 6 6 6 6 7 6 6 6 6 6 6 6 7 7 6 7 7 6 6 6 6 5 5 5 5 5 -4.317 5 -0.040 5 6 5 5 6 6 5 5 5 5 5 5 5 5 5 5 5 5 5 5 6 6 6 6 5 5 5 5 6 5 5 5 5 6 6 5 5 5 5 5 5 6 6 6 6 6 6 6 5 5 6 6 5 6 6 6 6 6 6 6 6 6 6 6 6 6 6 6 6 6 6 6 6 6 6 6 6 6 6 6 6 6 6 6 6 6 5 6 5 5 5 5 5 5 5 -10.009 5 5 5 5 5 4 4 4 4 4 -0.113 4 -20.037 4 -0.053 4 -0.310 4 4 -1.373 5 6 5 6 -6.769 4 4 4 5 5 5 5 5 5 -3.321 6 -0.012 6 -0.012 6 5 4
503,SIPP_2^4,"251,109,0","78,176,0",1,2236.390852,14139,31.08095,102.36458,20.13656,40.27312,1 14 -3.636 12 12 12 12 12 12 12 12 12 12 12 12 12 12 12 12 12 12 12 12 12 12 12 12 12 12 -0.932 13 11 11 11 12 12 12 12 12 12 12 12 12 12 12 10 -59.435 12 10 10 10 10 11 11 11 11 10 10 10 10 10 10 10 11 11 11 11 11 11 11 11 11 11 11 12 12 12 12 10 10 9 10 10 10 10 10 10 10 10 10 9 9 10 10 10 9 10 10 10 10 10 10 10 10 10 10 11 11 10 11 11 11 11 10 -0.084 11 12 12 12 12 12 12 12 12 12 12 12 12 12 11 12 12 12 11 11 11 12 13 13 15 -0.489 0 -1.952 2 -4.621 12 -12.709 12 -3.238 12 -21.476 12 -20.041 12 -0.012 12 -0.012 12 9
503,SIPP_2^5,"251,109,0","78,176,0",1,2100.18081,7219,38.7246,44.76126,8.89646,17.79292,2 28 -3.636 24 24 24 24 24 24 24 24 24 24 24 24 24 24 24 24 24 24 24 24 24 24 24 24 24 24 25 24 24 24 24 24 24 23 23 24 23 20 -63.049 23 20 20 20 20 20 20 20 20 21 21 21 22 22 22 22 22 22 22 23 23 23 23 20 19 19 19 20 20 20 20 20 20 20 20 20 19 20 21 21 21 21 21 20 20 20 20 20 20 20 23 23 23 23 24 24 24 24 24 24 24 24 24 24 24 24 24 24 24 24 24 25 25 24 24 25
503,SIPP_BigCS,"251,109,4","78,176,13",0,-1,24955,180.09464,0.0,0.0,0.0,
503,SIPP_Standard,"251,109,4","78,176,13",1,2377.0565880000004,39627,109.90449,69.46762,12.8659,1.5956,88 -47.974 24 59 67 47 27 82 19 61 101 67 31 -149.545 51 -3.537 70 55 67 55 59 91 11 47 7 91 3 3 11
504,SIPP_2^2,"113,226,0","95,33,0",0,-1,0,0.0,0.0,0.0,0.0,
504,SIPP_2^3,"113,226,0","95,33,0",0,-1,0,0.0,0.0,0.0,0.0,
504,SIPP_2^4,"113,226,0","95,33,0",0,-1,0,0.0,0.0,0.0,0.0,
504,SIPP_2^5,"113,226,0","95,33,0",0,-1,0,0.0,0.0,0.0,0.0,
504,SIPP_BigCS,"113,226,0","95,33,0",0,-1,0,0.0,0.0,0.0,0.0,
504,SIPP_Standard,"113,226,1","95,33,10",0,-1,63632,180.0029,0.0,0.0,0.0,
505,SIPP_2^2,"201,195,0","47,91,0",0,-1,0,0.0,0.0,0.0,0.0,
505,SIPP_2^3,"201,195,0","47,91,0",0,-1,0,0.0,0.0,0.0,0.0,
505,SIPP_2^4,"201,195,0","47,91,0",0,-1,0,0.0,0.0,0.0,0.0,
505,SIPP_2^5,"201,195,0","47,91,0",0,-1,0,0.0,0.0,0.0,0.0,
505,SIPP_BigCS,"201,195,0","47,91,0",0,-1,0,0.0,0.0,0.0,0.0,
505,SIPP_Standard,"201,195,13","47,91,8",0,-1,0,4e-05,0.0,0.0,0.0,
506,SIPP_2^2,"86,224,0","75,34,0",0,-1,0,0.0,0.0,0.0,0.0,
506,SIPP_2^3,"86,224,0","75,34,0",0,-1,0,0.0,0.0,0.0,0.0,
506,SIPP_2^4,"86,224,0","75,34,0",0,-1,0,0.0,0.0,0.0,0.0,
506,SIPP_2^5,"86,224,0","75,34,0",0,-1,0,0.0,0.0,0.0,0.0,
506,SIPP_BigCS,"86,224,0","75,34,0",0,-1,0,0.0,0.0,0.0,0.0,
506,SIPP_Standard,"86,224,13","75,34,5",0,-1,62971,180.00107,0.0,0.0,0.0,
507,SIPP_2^2,"16,128,0","152,245,0",0,-1,0,0.0,0.0,0.0,0.0,
507,SIPP_2^3,"16,128,0","152,245,0",0,-1,0,0.0,0.0,0.0,0.0,
507,SIPP_2^4,"16,128,0","152,245,0",0,-1,0,0.0,0.0,0.0,0.0,
507,SIPP_2^5,"16,128,0","152,245,0",0,-1,0,0.0,0.0,0.0,0.0,
507,SIPP_BigCS,"16,128,0","152,245,0",0,-1,0,0.0,0.0,0.0,0.0,
507,SIPP_Standard,"16,128,5","152,245,13",0,-1,0,4e-05,0.0,0.0,0.0,
508,SIPP_2^2,"209,222,0","192,26,0",0,-1,0,0.0,0.0,0.0,0.0,
508,SIPP_2^3,"209,222,0","192,26,0",0,-1,0,0.0,0.0,0.0,0.0,
508,SIPP_2^4,"209,222,0","192,26,0",0,-1,0,0.0,0.0,0.0,0.0,
508,SIPP_2^5,"209,222,0","192,26,0",0,-1,0,0.0,0.0,0.0,0.0,
508,SIPP_BigCS,"209,222,0","192,26,0",0,-1,0,0.0,0.0,0.0,0.0,
508,SIPP_Standard,"209,222,9","192,26,9",0,-1,68731,180.00235,0.0,0.0,0.0,
509,SIPP_2^2,"64,15,0","204,147,0",0,-1,0,0.0,0.0,0.0,0.0,
509,SIPP_2^3,"64,15,0","204,147,0",0,-1,0,0.0,0.0,0.0,0.0,
509,SIPP_2^4,"64,15,0","204,147,0",0,-1,0,0.0,0.0,0.0,0.0,
509,SIPP_2^5,"64,15,0","204,147,0",0,-1,0,0.0,0.0,0.0,0.0,
509,SIPP_BigCS,"64,15,0","204,147,0",0,-1,0,0.0,0.0,0.0,0.0,
509,SIPP_Standard,"64,15,2","204,147,7",0,-1,0,4e-05,0.0,0.0,0.0,
510,SIPP_2^2,"0,11,0","78,175,0",0,-1,0,0.0,0.0,0.0,0.0,
510,SIPP_2^3,"0,11,0","78,175,0",0,-1,0,0.0,0.0,0.0,0.0,
510,SIPP_2^4,"0,11,0","78,175,0",0,-1,0,0.0,0.0,0.0,0.0,
510,SIPP_2^5,"0,11,0","78,175,0",0,-1,0,0.0,0.0,0.0,0.0,
510,SIPP_BigCS,"0,11,0","78,175,0",0,-1,0,0.0,0.0,0.0,0.0,
510,SIPP_Standard,"0,11,14","78,175,15",0,-1,0,1e-05,0.0,0.0,0.0,
511,SIPP_2^2,"214,29,0","125,195,0",0,-1,0,0.0,0.0,0.0,0.0,
511,SIPP_2^3,"214,29,0","125,195,0",0,-1,0,0.0,0.0,0.0,0.0,
511,SIPP_2^4,"214,29,0","125,195,0",0,-1,0,0.0,0.0,0.0,0.0,
511,SIPP_2^5,"214,29,0","125,195,0",0,-1,0,0.0,0.0,0.0,0.0,
511,SIPP_BigCS,"214,29,0","125,195,0",0,-1,0,0.0,0.0,0.0,0.0,
511,SIPP_Standard,"214,29,8","125,195,10",0,-1,65696,180.00088,0.0,0.0,0.0,
512,SIPP_2^2,"243,13,0","64,64,0",0,-1,0,0.0,0.0,0.0,0.0,
512,SIPP_2^3,"243,13,0","64,64,0",0,-1,0,0.0,0.0,0.0,0.0,
512,SIPP_2^4,"243,13,0","64,64,0",0,-1,0,0.0,0.0,0.0,0.0,
512,SIPP_2^5,"243,13,0","64,64,0",0,-1,0,0.0,0.0,0.0,0.0,
512,SIPP_BigCS,"243,13,0","64,64,0",0,-1,0,0.0,0.0,0.0,0.0,
512,SIPP_Standard,"243,13,6","64,64,10",0,-1,0,2e-05,0.0,0.0,0.0,
513,SIPP_2^2,"9,197,0","199,208,0",0,-1,0,0.0,0.0,0.0,0.0,
513,SIPP_2^3,"9,197,0","199,208,0",0,-1,0,0.0,0.0,0.0,0.0,
513,SIPP_2^4,"9,197,0","199,208,0",0,-1,0,0.0,0.0,0.0,0.0,
513,SIPP_2^5,"9,197,0","199,208,0",0,-1,0,0.0,0.0,0.0,0.0,
513,SIPP_BigCS,"9,197,0","199,208,0",0,-1,0,0.0,0.0,0.0,0.0,
513,SIPP_Standard,"9,197,5","199,208,5",0,-1,0,3e-05,0.0,0.0,0.0,
514,SIPP_2^2,"219,53,0","166,236,0",0,-1,0,0.0,0.0,0.0,0.0,
514,SIPP_2^3,"219,53,0","166,236,0",0,-1,0,0.0,0.0,0.0,0.0,
514,SIPP_2^4,"219,53,0","166,236,0",0,-1,0,0.0,0.0,0.0,0.0,
514,SIPP_2^5,"219,53,0","166,236,0",0,-1,0,0.0,0.0,0.0,0.0,
514,SIPP_BigCS,"219,53,0","166,236,0",0,-1,0,0.0,0.0,0.0,0.0,
514,SIPP_Standard,"219,53,2","166,236,15",0,-1,1,0.02398,0.0,0.0,0.0,
515,SIPP_2^2,"70,124,0","245,67,0",0,-1,0,0.0,0.0,0.0,0.0,
515,SIPP_2^3,"70,124,0","245,67,0",0,-1,0,0.0,0.0,0.0,0.0,
515,SIPP_2^4,"70,124,0","245,67,0",0,-1,0,0.0,0.0,0.0,0.0,
515,SIPP_2^5,"70,124,0","245,67,0",0,-1,0,0.0,0.0,0.0,0.0,
515,SIPP_BigCS,"70,124,0","245,67,0",0,-1,0,0.0,0.0,0.0,0.0,
515,SIPP_Standard,"70,124,8","245,67,7",0,-1,0,3e-05,0.0,0.0,0.0,
516,SIPP_2^2,"37,29,0","127,197,0",0,-1,0,0.0,0.0,0.0,0.0,
516,SIPP_2^3,"37,29,0","127,197,0",0,-1,0,0.0,0.0,0.0,0.0,
516,SIPP_2^4,"37,29,0","127,197,0",0,-1,0,0.0,0.0,0.0,0.0,
516,SIPP_2^5,"37,29,0","127,197,0",0,-1,0,0.0,0.0,0.0,0.0,
516,SIPP_BigCS,"37,29,0","127,197,0",0,-1,0,0.0,0.0,0.0,0.0,
516,SIPP_Standard,"37,29,0","127,197,5",0,-1,58646,180.00115,0.0,0.0,0.0,
517,SIPP_2^2,"26,148,0","162,36,0",0,-1,0,0.0,0.0,0.0,0.0,
517,SIPP_2^3,"26,148,0","162,36,0",0,-1,0,0.0,0.0,0.0,0.0,
517,SIPP_2^4,"26,148,0","162,36,0",0,-1,0,0.0,0.0,0.0,0.0,
517,SIPP_2^5,"26,148,0","162,36,0",0,-1,0,0.0,0.0,0.0,0.0,
517,SIPP_BigCS,"26,148,0","162,36,0",0,-1,0,0.0,0.0,0.0,0.0,
517,SIPP_Standard,"26,148,3","162,36,14",0,-1,0,2e-05,0.0,0.0,0.0,
518,SIPP_2^2,"209,10,0","119,177,0",0,-1,0,0.0,0.0,0.0,0.0,
518,SIPP_2^3,"209,10,0","119,177,0",0,-1,0,0.0,0.0,0.0,0.0,
518,SIPP_2^4,"209,10,0","119,177,0",0,-1,0,0.0,0.0,0.0,0.0,
518,SIPP_2^5,"209,10,0","119,177,0",0,-1,0,0.0,0.0,0.0,0.0,
518,SIPP_BigCS,"209,10,0","119,177,0",0,-1,0,0.0,0.0,0.0,0.0,
518,SIPP_Standard,"209,10,13","119,177,12",0,-1,14,0.04022,0.0,0.0,0.0,
519,SIPP_2^2,"197,40,0","10,83,0",0,-1,0,0.0,0.0,0.0,0.0,
519,SIPP_2^3,"197,40,0","10,83,0",0,-1,0,0.0,0.0,0.0,0.0,
519,SIPP_2^4,"197,40,0","10,83,0",0,-1,0,0.0,0.0,0.0,0.0,
519,SIPP_2^5,"197,40,0","10,83,0",0,-1,0,0.0,0.0,0.0,0.0,
519,SIPP_BigCS,"197,40,0","10,83,0",0,-1,0,0.0,0.0,0.0,0.0,
519,SIPP_Standard,"197,40,0","10,83,14",0,-1,0,3e-05,0.0,0.0,0.0,
520,SIPP_2^2,"187,43,0","177,240,0",0,-1,0,0.0,0.0,0.0,0.0,
520,SIPP_2^3,"187,43,0","177,240,0",0,-1,0,0.0,0.0,0.0,0.0,
520,SIPP_2^4,"187,43,0","177,240,0",0,-1,0,0.0,0.0,0.0,0.0,
520,SIPP_2^5,"187,43,0","177,240,0",0,-1,0,0.0,0.0,0.0,0.0,
520,SIPP_BigCS,"187,43,0","177,240,0",0,-1,0,0.0,0.0,0.0,0.0,
520,SIPP_Standard,"187,43,1","177,240,14",0,-1,0,3e-05,0.0,0.0,0.0,
521,SIPP_2^2,"116,12,0","198,185,0",0,-1,0,0.0,0.0,0.0,0.0,
521,SIPP_2^3,"116,12,0","198,185,0",0,-1,0,0.0,0.0,0.0,0.0,
521,SIPP_2^4,"116,12,0","198,185,0",0,-1,0,0.0,0.0,0.0,0.0,
521,SIPP_2^5,"116,12,0","198,185,0",0,-1,0,0.0,0.0,0.0,0.0,
521,SIPP_BigCS,"116,12,0","198,185,0",0,-1,0,0.0,0.0,0.0,0.0,
521,SIPP_Standard,"116,12,9","198,185,2",0,-1,0,3e-05,0.0,0.0,0.0,
522,SIPP_2^2,"246,175,0","137,27,0",0,-1,0,0.0,0.0,0.0,0.0,
522,SIPP_2^3,"246,175,0","137,27,0",0,-1,0,0.0,0.0,0.0,0.0,
522,SIPP_2^4,"246,175,0","137,27,0",0,-1,0,0.0,0.0,0.0,0.0,
522,SIPP_2^5,"246,175,0","137,27,0",0,-1,0,0.0,0.0,0.0,0.0,
522,SIPP_BigCS,"246,175,0","137,27,0",0,-1,0,0.0,0.0,0.0,0.0,
522,SIPP_Standard,"246,175,5","137,27,13",0,-1,68325,180.00086,0.0,0.0,0.0,
523,SIPP_2^2,"103,254,0","224,98,0",1,3382.0946050000002,55328,24.47466,608.11183,138.23008,276.46015,0 0 0 0 0 0 0 0 0 0 0 0 0 0 0 3 0 3 3 3 0 0 0 1 1 0 1 1 1 1 1 0 0 1 1 1 1 1 1 1 0 0 1 1 0 1 0 1 1 0 0 1 1 1 0 1 1 1 1 0 0 0 0 0 1 0 0 0 0 1 0 0 0 0 1 1 0 1 1 0 0 1 0 1 0 -5.743 0 -1.170 0 0 -0.970 0 0 0 0 0 0 0 0 0 0 0 1 0 1 0 0 0 0 0 0 0 0 0 0 0 0 1 1 1 1 1 1 1 0 1 0 1 1 0 0 0 0 0 0 0 0 0 0 0 0 0 0 0 1 1 0 1 0 1 0 0 3 0 3 3 0 0 0 0 3 0 0 0 0 0 0 0 0 0 0 0 0 0 0 0 0 0 0 -5.556 0 -12.266 0 -6.352 0 -9.950 0 -0.022 0 0 -0.497 0 -1.088 0 -1.369 0 -1.584 0 -1.535 1 1 1 1 0 0 0 0 0 1 1 0 0 1 1 0 1 1 -149.171 0 -4.183 0 -4.183 1 -4.183 1 -4.183 0 1 1 1 2 2 1 1 1 2 1 -4.072 1 1 1 1 1 1 1 1 1 1 1 1 1 1 1 1 1 1 1 1 1 1 1 1 1 1 1 1 1 1 -17.966 3 -21.441 0 -23.611 0 -29.419 0 -1.047 0 -0.410 0 -0.106 0 -0.013 0 0 0 0 0 -0.006 0 1 1 0 0 1 1 1 0 1 0 0 0 1 1 1 1 1 1 1 1 1 1 1 1 1 2 1 1 1 1 2 1 1 1 1 2 1 1 1 0 0 0 0 1 0
523,SIPP_2^3,"103,254,0","224,98,0",1,2183.773096,3672,3.02216,123.49872,24.34735,48.69469,0 0 0 0 7 7 7 0 0 0 0 0 0 0 0 0 7 7 0 0 0 1 1 1 1 1 0 1 1 1 1 1 1 1 1 1 0 0 1 1 1 1 1 1 1 1 1 1 1 1 1 1 1 0 1 1 1 1 1 1 1 1 1 0 0 0 0 0 0 0 0 0 1 1 1 1 1 1 1 1 1 1 1 1 2 1 1 1 1 1 1 1 1 1 1 1 1 1 2 2 2 1 -3.201 1 1 1 1 1 0 1 1 1 1 0 0 0 1 1 1 1 1 1 1 1 1 1 1 1 1 1 0 1 1 0 1 1 1 0 0 0 1 1 1 1 1 1 1 1 1 1 1 1 1 1 1 -1.800 1 1 1 2 2 1 1 2 2 2 2 2 2 2 1
523,SIPP_2^4,"103,254,0","224,98,0",1,2164.093822,3879,8.10793,69.88693,13.92929,27.85857,15 0 0 0 0 0 0 15 15 15 15 0 0 0 0 -3.791 0 1 2 1 2 2 2 2 2 1 1 1 2 2 2 2 2 2 2 2 2 2 2 3 3 2 2 2 2 2 2 2 2 2 1 1 0 0 0 0 0 0 1 0 2 2 2 2 2 2 2 2 2 2 2 2 2 2 2 2 2 2 2 2 3 3 3 3 3 3 1 0 1 1 2 3 3 2 2 2 2 2 2 2 2 2 2 2 2 2 1 1 1 2 2 2 1 1 1 1 1 2 1 1 2 1 2 1 2 2 2 -0.068 3 4 4 4 4 4 4 4 4 4 4 3
523,SIPP_2^5,"103,254,0","224,98,0",1,2158.6509179999994,3990,21.13305,54.55127,10.86623,21.73246,31 31 31 0 0 31 31 31 2 3 4 3 3 3 4 4 4 4 4 4 4 4 4 4 4 5 5 4 4 4 4 4 4 4 4 3 1 0 0 0 0 1 0 4 4 4 5 5 4 4 4 5 5 4 4 4 4 4 5 4 4 4 5 4 -1.769 1 1 4 4 7 4 4 4 4 4 4 4 4 4 3 3 3 4 4 4 4 4 1 2 2 2 3 3 3 2 3 7 8 8 8 8 8 8 8 8 8 7
523,SIPP_BigCS,"103,254,10","224,98,13",0,-1,24068,180.0423,0.0,0.0,0.0,
523,SIPP_Standard,"103,254,10","224,98,13",1,2175.6831009999996,13356,36.08171,53.1694,10.0437,1.0371,6 90 -24.993 22 29 49 76 65 29 49 92 22 29 53 57 73 -4.743 68 -14.947 29 49 68 29 49 68 49 76 89 9
524,SIPP_2^2,"208,97,0","18,144,0",0,-1,0,0.0,0.0,0.0,0.0,
524,SIPP_2^3,"208,97,0","18,144,0",0,-1,0,0.0,0.0,0.0,0.0,
524,SIPP_2^4,"208,97,0","18,144,0",0,-1,0,0.0,0.0,0.0,0.0,
524,SIPP_2^5,"208,97,0","18,144,0",0,-1,0,0.0,0.0,0.0,0.0,
524,SIPP_BigCS,"208,97,0","18,144,0",0,-1,0,0.0,0.0,0.0,0.0,
524,SIPP_Standard,"208,97,15","18,144,15",0,-1,68054,180.00494,0.0,0.0,0.0,
525,SIPP_2^2,"234,154,0","56,233,0",0,-1,0,0.0,0.0,0.0,0.0,
525,SIPP_2^3,"234,154,0","56,233,0",0,-1,0,0.0,0.0,0.0,0.0,
525,SIPP_2^4,"234,154,0","56,233,0",0,-1,0,0.0,0.0,0.0,0.0,
525,SIPP_2^5,"234,154,0","56,233,0",0,-1,0,0.0,0.0,0.0,0.0,
525,SIPP_BigCS,"234,154,0","56,233,0",0,-1,0,0.0,0.0,0.0,0.0,
525,SIPP_Standard,"234,154,0","56,233,3",0,-1,1,0.02466,0.0,0.0,0.0,
526,SIPP_2^2,"60,68,0","242,5,0",0,-1,0,0.0,0.0,0.0,0.0,
526,SIPP_2^3,"60,68,0","242,5,0",0,-1,0,0.0,0.0,0.0,0.0,
526,SIPP_2^4,"60,68,0","242,5,0",0,-1,0,0.0,0.0,0.0,0.0,
526,SIPP_2^5,"60,68,0","242,5,0",0,-1,0,0.0,0.0,0.0,0.0,
526,SIPP_BigCS,"60,68,0","242,5,0",0,-1,0,0.0,0.0,0.0,0.0,
526,SIPP_Standard,"60,68,4","242,5,1",0,-1,0,3e-05,0.0,0.0,0.0,
527,SIPP_2^2,"197,240,0","81,91,0",0,-1,0,0.0,0.0,0.0,0.0,
527,SIPP_2^3,"197,240,0","81,91,0",0,-1,0,0.0,0.0,0.0,0.0,
527,SIPP_2^4,"197,240,0","81,91,0",0,-1,0,0.0,0.0,0.0,0.0,
527,SIPP_2^5,"197,240,0","81,91,0",0,-1,0,0.0,0.0,0.0,0.0,
527,SIPP_BigCS,"197,240,0","81,91,0",0,-1,0,0.0,0.0,0.0,0.0,
527,SIPP_Standard,"197,240,10","81,91,9",0,-1,1616,1.78889,0.0,0.0,0.0,
528,SIPP_2^2,"130,50,0","138,209,0",0,-1,0,0.0,0.0,0.0,0.0,
528,SIPP_2^3,"130,50,0","138,209,0",0,-1,0,0.0,0.0,0.0,0.0,
528,SIPP_2^4,"130,50,0","138,209,0",0,-1,0,0.0,0.0,0.0,0.0,
528,SIPP_2^5,"130,50,0","138,209,0",0,-1,0,0.0,0.0,0.0,0.0,
528,SIPP_BigCS,"130,50,0","138,209,0",0,-1,0,0.0,0.0,0.0,0.0,
528,SIPP_Standard,"130,50,5","138,209,6",0,-1,4,0.01143,0.0,0.0,0.0,
529,SIPP_2^2,"97,253,0","7,96,0",0,-1,0,0.0,0.0,0.0,0.0,
529,SIPP_2^3,"97,253,0","7,96,0",0,-1,0,0.0,0.0,0.0,0.0,
529,SIPP_2^4,"97,253,0","7,96,0",0,-1,0,0.0,0.0,0.0,0.0,
529,SIPP_2^5,"97,253,0","7,96,0",0,-1,0,0.0,0.0,0.0,0.0,
529,SIPP_BigCS,"97,253,0","7,96,0",0,-1,0,0.0,0.0,0.0,0.0,
529,SIPP_Standard,"97,253,13","7,96,5",0,-1,0,1e-05,0.0,0.0,0.0,
530,SIPP_2^2,"86,221,0","104,19,0",0,-1,0,0.0,0.0,0.0,0.0,
530,SIPP_2^3,"86,221,0","104,19,0",0,-1,0,0.0,0.0,0.0,0.0,
530,SIPP_2^4,"86,221,0","104,19,0",0,-1,0,0.0,0.0,0.0,0.0,
530,SIPP_2^5,"86,221,0","104,19,0",0,-1,0,0.0,0.0,0.0,0.0,
530,SIPP_BigCS,"86,221,0","104,19,0",0,-1,0,0.0,0.0,0.0,0.0,
530,SIPP_Standard,"86,221,15","104,19,4",0,-1,60988,180.00035,0.0,0.0,0.0,
531,SIPP_2^2,"207,234,0","112,58,0",0,-1,0,0.0,0.0,0.0,0.0,
531,SIPP_2^3,"207,234,0","112,58,0",0,-1,0,0.0,0.0,0.0,0.0,
531,SIPP_2^4,"207,234,0","112,58,0",0,-1,0,0.0,0.0,0.0,0.0,
531,SIPP_2^5,"207,234,0","112,58,0",0,-1,0,0.0,0.0,0.0,0.0,
531,SIPP_BigCS,"207,234,0","112,58,0",0,-1,0,0.0,0.0,0.0,0.0,
531,SIPP_Standard,"207,234,6","112,58,12",0,-1,0,1e-05,0.0,0.0,0.0,
532,SIPP_2^2,"221,169,0","18,192,0",0,-1,0,0.0,0.0,0.0,0.0,
532,SIPP_2^3,"221,169,0","18,192,0",0,-1,0,0.0,0.0,0.0,0.0,
532,SIPP_2^4,"221,169,0","18,192,0",0,-1,0,0.0,0.0,0.0,0.0,
532,SIPP_2^5,"221,169,0","18,192,0",0,-1,0,0.0,0.0,0.0,0.0,
532,SIPP_BigCS,"221,169,0","18,192,0",0,-1,0,0.0,0.0,0.0,0.0,
532,SIPP_Standard,"221,169,4","18,192,9",0,-1,55235,180.00203,0.0,0.0,0.0,
533,SIPP_2^2,"194,135,0","18,210,0",0,-1,0,0.0,0.0,0.0,0.0,
533,SIPP_2^3,"194,135,0","18,210,0",0,-1,0,0.0,0.0,0.0,0.0,
533,SIPP_2^4,"194,135,0","18,210,0",0,-1,0,0.0,0.0,0.0,0.0,
533,SIPP_2^5,"194,135,0","18,210,0",0,-1,0,0.0,0.0,0.0,0.0,
533,SIPP_BigCS,"194,135,0","18,210,0",0,-1,0,0.0,0.0,0.0,0.0,
533,SIPP_Standard,"194,135,11","18,210,0",0,-1,0,4e-05,0.0,0.0,0.0,
534,SIPP_2^2,"253,167,0","75,241,0",0,-1,0,0.0,0.0,0.0,0.0,
534,SIPP_2^3,"253,167,0","75,241,0",0,-1,0,0.0,0.0,0.0,0.0,
534,SIPP_2^4,"253,167,0","75,241,0",0,-1,0,0.0,0.0,0.0,0.0,
534,SIPP_2^5,"253,167,0","75,241,0",0,-1,0,0.0,0.0,0.0,0.0,
534,SIPP_BigCS,"253,167,0","75,241,0",0,-1,0,0.0,0.0,0.0,0.0,
534,SIPP_Standard,"253,167,7","75,241,14",0,-1,61805,180.00534,0.0,0.0,0.0,
535,SIPP_2^2,"67,50,0","156,223,0",1,2859.837426,32688,14.6564,516.18795,114.66813,229.33626,3 2 2 2 2 2 2 2 2 2 2 2 2 2 2 2 2 2 2 1 -33.057 2 -9.956 2 -0.029 2 2 2 2 2 2 2 2 2 2 2 2 2 2 2 2 1 2 2 2 1 2 1 1 2 2 1 2 1 1 2 1 2 2 2 2 2 2 2 2 2 2 2 2 2 2 2 2 1 2 2 1 1 1 1 2 2 1 2 1 2 2 1 1 1 2 2 2 1 2 2 1 1 2 2 2 1 2 2 2 2 2 2 2 2 2 2 2 2 2 2 1 1 2 2 1 1 1 2 1 1 2 2 1 1 2 2 1 2 1 2 2 1 1 1 2 2 2 1 2 2 2 2 2 -13.962 2 -4.062 2 2 2 2 2 2 2 2 2 2 2 2 2 -47.420 2 1 2 2 2 2 2 2 2 2 2 2 2 2 1 2 2 2 2 2 2 2 2 2 2 2 2 2 2 2 2 1 1 1 1 1 1 2 2 2 1 2 1 1 1 1 1 1 1 1 1 1 1 1 1 1 1 1 1 1 1 1 1 2 2 2 2 2 1 2 1 2 1 1 1 2 2 1 1 1 2 1 1 1 1 1 2 2 2 1 2 2 2 1 -29.356 2 1 1 -80.116 1 1 -1.880 1 1 1 2 2
535,SIPP_2^3,"67,50,0","156,223,0",1,2753.176101,40579,35.47194,205.8433,40.84071,81.68141,5 4 4 4 4 4 4 4 4 4 4 4 4 4 4 4 4 3 -3.204 2 -21.476 4 -0.093 6 -2.391 3 4 4 4 4 4 4 4 4 4 4 4 4 4 4 4 4 4 4 3 3 3 3 3 3 3 4 4 4 3 3 3 4 3 5 5 5 5 4 4 4 4 3 3 3 3 3 3 4 4 3 3 3 4 3 4 4 4 4 4 4 4 4 4 4 4 4 4 4 4 4 4 4 4 4 4 4 4 4 4 4 4 4 4 4 4 4 4 4 4 4 4 4 4 4 4 4 4 4 4 4 4 4 4 3 3 3 3 3 3 3 3 3 3 3 4 4 4 4 4 4 4 4 4 4 4 4 4 4 -21.256 4 -41.523 4 -1.109 4 4 4 4 4 4 4 4 4 4 4 3 2 2 2 2 2 2 3 2 3 2 2 2 2 2 2 2 3 2 3 3 2 2 3 3 3 3 -14.883 2 -14.566 1 -2.535 1 -3.361 4 -2.841 2 -1.109 2 -0.370 2 -0.093 2 -0.020 2 2 2 2 -0.029 2 -0.033 2 -0.117 2 -2.842 3 2 2 2 -0.248 2 2 2 2 2 1 2 -123.575 2 -23.545 3 2 2 2 2 3 3
535,SIPP_2^4,"67,50,0","156,223,0",1,2154.9375689999993,5684,12.92585,69.58207,13.85337,27.70675,9 8 8 8 8 8 8 8 8 8 8 8 8 7 8 8 -48.336 8 -2.391 6 6 5 5 6 6 6 6 6 6 6 6 6 6 6 6 6 5 5 5 6 6 6 6 6 6 6 6 6 6 5 5 7 7 6 7 8 8 8 8 8 8 8 8 8 8 8 7 7 7 7 7 7 7 7 8 8 8 7 7 7 7 7 7 7 7 7 7 7 7 7 8 8 8 8 8 8 8 8 8 7 7 7 7 8 8 8 8 8 8 8 8 8 8 8 9 9 8 8 6 6 7 6 6 6 6 7 7 7 6 7 6 6 7 6 6 5 4 4 5
535,SIPP_2^5,"67,50,0","156,223,0",1,2136.1655520000004,5203,29.98373,50.50721,9.24911,18.49822,17 16 16 16 16 16 16 16 16 15 15 -16.620 16 -21.476 16 -0.093 24 -2.391 12 12 11 11 11 12 12 12 12 12 12 11 11 11 11 12 12 12 12 12 12 12 12 12 14 15 14 15 15 15 15 15 15 15 15 15 15 15 15 15 15 15 15 14 15 15 15 15 15 15 15 15 15 15 16 16 16 17 17 17 -0.599 14 13 13 13 12 12 12 12 12 12 12 12 12 12 12 10 9 -1.474 8
535,SIPP_BigCS,"67,50,7","156,223,4",0,-1,18872,180.09318,0.0,0.0,0.0,
535,SIPP_Standard,"67,50,7","156,223,4",1,2174.8805979999997,23390,82.26806,68.30603,12.7273,1.5572,62 110 -24.881 28 48 71 48 79 72 71 52 56 88 4 88 4 88 8 52 88 0 16 110 52 56 72 103
536,SIPP_2^2,"117,123,0","253,6,0",0,-1,0,0.0,0.0,0.0,0.0,
536,SIPP_2^3,"117,123,0","253,6,0",0,-1,0,0.0,0.0,0.0,0.0,
536,SIPP_2^4,"117,123,0","253,6,0",0,-1,0,0.0,0.0,0.0,0.0,
536,SIPP_2^5,"117,123,0","253,6,0",0,-1,0,0.0,0.0,0.0,0.0,
536,SIPP_BigCS,"117,123,0","253,6,0",0,-1,0,0.0,0.0,0.0,0.0,
536,SIPP_Standard,"117,123,0","253,6,1",0,-1,0,4e-05,0.0,0.0,0.0,
537,SIPP_2^2,"26,66,0","219,20,0",0,-1,0,0.0,0.0,0.0,0.0,
537,SIPP_2^3,"26,66,0","219,20,0",0,-1,0,0.0,0.0,0.0,0.0,
537,SIPP_2^4,"26,66,0","219,20,0",0,-1,0,0.0,0.0,0.0,0.0,
537,SIPP_2^5,"26,66,0","219,20,0",0,-1,0,0.0,0.0,0.0,0.0,
537,SIPP_BigCS,"26,66,0","219,20,0",0,-1,0,0.0,0.0,0.0,0.0,
537,SIPP_Standard,"26,66,0","219,20,0",0,-1,63639,180.00157,0.0,0.0,0.0,
538,SIPP_2^2,"216,145,0","43,240,0",0,-1,0,0.0,0.0,0.0,0.0,
538,SIPP_2^3,"216,145,0","43,240,0",0,-1,0,0.0,0.0,0.0,0.0,
538,SIPP_2^4,"216,145,0","43,240,0",0,-1,0,0.0,0.0,0.0,0.0,
538,SIPP_2^5,"216,145,0","43,240,0",0,-1,0,0.0,0.0,0.0,0.0,
538,SIPP_BigCS,"216,145,0","43,240,0",0,-1,0,0.0,0.0,0.0,0.0,
538,SIPP_Standard,"216,145,0","43,240,15",0,-1,0,4e-05,0.0,0.0,0.0,
539,SIPP_2^2,"49,132,0","195,20,0",0,-1,0,0.0,0.0,0.0,0.0,
539,SIPP_2^3,"49,132,0","195,20,0",0,-1,0,0.0,0.0,0.0,0.0,
539,SIPP_2^4,"49,132,0","195,20,0",0,-1,0,0.0,0.0,0.0,0.0,
539,SIPP_2^5,"49,132,0","195,20,0",0,-1,0,0.0,0.0,0.0,0.0,
539,SIPP_BigCS,"49,132,0","195,20,0",0,-1,0,0.0,0.0,0.0,0.0,
539,SIPP_Standard,"49,132,12","195,20,4",0,-1,68,0.08716,0.0,0.0,0.0,
540,SIPP_2^2,"15,113,0","216,149,0",0,-1,0,0.0,0.0,0.0,0.0,
540,SIPP_2^3,"15,113,0","216,149,0",0,-1,0,0.0,0.0,0.0,0.0,
540,SIPP_2^4,"15,113,0","216,149,0",0,-1,0,0.0,0.0,0.0,0.0,
540,SIPP_2^5,"15,113,0","216,149,0",0,-1,0,0.0,0.0,0.0,0.0,
540,SIPP_BigCS,"15,113,0","216,149,0",0,-1,0,0.0,0.0,0.0,0.0,
540,SIPP_Standard,"15,113,15","216,149,6",0,-1,62649,180.00245,0.0,0.0,0.0,
541,SIPP_2^2,"90,66,0","179,241,0",0,-1,0,0.0,0.0,0.0,0.0,
541,SIPP_2^3,"90,66,0","179,241,0",0,-1,0,0.0,0.0,0.0,0.0,
541,SIPP_2^4,"90,66,0","179,241,0",0,-1,0,0.0,0.0,0.0,0.0,
541,SIPP_2^5,"90,66,0","179,241,0",0,-1,0,0.0,0.0,0.0,0.0,
541,SIPP_BigCS,"90,66,0","179,241,0",0,-1,0,0.0,0.0,0.0,0.0,
541,SIPP_Standard,"90,66,3","179,241,1",0,-1,54175,180.00243,0.0,0.0,0.0,
542,SIPP_2^2,"171,229,0","13,112,0",0,-1,0,0.0,0.0,0.0,0.0,
542,SIPP_2^3,"171,229,0","13,112,0",0,-1,0,0.0,0.0,0.0,0.0,
542,SIPP_2^4,"171,229,0","13,112,0",0,-1,0,0.0,0.0,0.0,0.0,
542,SIPP_2^5,"171,229,0","13,112,0",0,-1,0,0.0,0.0,0.0,0.0,
542,SIPP_BigCS,"171,229,0","13,112,0",0,-1,0,0.0,0.0,0.0,0.0,
542,SIPP_Standard,"171,229,10","13,112,7",0,-1,0,6e-05,0.0,0.0,0.0,
543,SIPP_2^2,"107,221,0","220,53,0",0,-1,0,0.0,0.0,0.0,0.0,
543,SIPP_2^3,"107,221,0","220,53,0",0,-1,0,0.0,0.0,0.0,0.0,
543,SIPP_2^4,"107,221,0","220,53,0",0,-1,0,0.0,0.0,0.0,0.0,
543,SIPP_2^5,"107,221,0","220,53,0",0,-1,0,0.0,0.0,0.0,0.0,
543,SIPP_BigCS,"107,221,0","220,53,0",0,-1,0,0.0,0.0,0.0,0.0,
543,SIPP_Standard,"107,221,4","220,53,0",0,-1,65473,180.00145,0.0,0.0,0.0,
544,SIPP_2^2,"219,138,0","37,47,0",0,-1,0,0.0,0.0,0.0,0.0,
544,SIPP_2^3,"219,138,0","37,47,0",0,-1,0,0.0,0.0,0.0,0.0,
544,SIPP_2^4,"219,138,0","37,47,0",0,-1,0,0.0,0.0,0.0,0.0,
544,SIPP_2^5,"219,138,0","37,47,0",0,-1,0,0.0,0.0,0.0,0.0,
544,SIPP_BigCS,"219,138,0","37,47,0",0,-1,0,0.0,0.0,0.0,0.0,
544,SIPP_Standard,"219,138,11","37,47,4",0,-1,0,4e-05,0.0,0.0,0.0,
545,SIPP_2^2,"48,13,0","253,41,0",0,-1,0,0.0,0.0,0.0,0.0,
545,SIPP_2^3,"48,13,0","253,41,0",0,-1,0,0.0,0.0,0.0,0.0,
545,SIPP_2^4,"48,13,0","253,41,0",0,-1,0,0.0,0.0,0.0,0.0,
545,SIPP_2^5,"48,13,0","253,41,0",0,-1,0,0.0,0.0,0.0,0.0,
545,SIPP_BigCS,"48,13,0","253,41,0",0,-1,0,0.0,0.0,0.0,0.0,
545,SIPP_Standard,"48,13,7","253,41,1",0,-1,0,2e-05,0.0,0.0,0.0,
546,SIPP_2^2,"203,234,0","67,90,0",0,-1,0,0.0,0.0,0.0,0.0,
546,SIPP_2^3,"203,234,0","67,90,0",0,-1,0,0.0,0.0,0.0,0.0,
546,SIPP_2^4,"203,234,0","67,90,0",0,-1,0,0.0,0.0,0.0,0.0,
546,SIPP_2^5,"203,234,0","67,90,0",0,-1,0,0.0,0.0,0.0,0.0,
546,SIPP_BigCS,"203,234,0","67,90,0",0,-1,0,0.0,0.0,0.0,0.0,
546,SIPP_Standard,"203,234,10","67,90,14",0,-1,1,0.02004,0.0,0.0,0.0,
547,SIPP_2^2,"100,177,0","247,39,0",0,-1,0,0.0,0.0,0.0,0.0,
547,SIPP_2^3,"100,177,0","247,39,0",0,-1,0,0.0,0.0,0.0,0.0,
547,SIPP_2^4,"100,177,0","247,39,0",0,-1,0,0.0,0.0,0.0,0.0,
547,SIPP_2^5,"100,177,0","247,39,0",0,-1,0,0.0,0.0,0.0,0.0,
547,SIPP_BigCS,"100,177,0","247,39,0",0,-1,0,0.0,0.0,0.0,0.0,
547,SIPP_Standard,"100,177,6","247,39,12",0,-1,0,3e-05,0.0,0.0,0.0,
548,SIPP_2^2,"227,24,0","13,27,0",0,-1,0,0.0,0.0,0.0,0.0,
548,SIPP_2^3,"227,24,0","13,27,0",0,-1,0,0.0,0.0,0.0,0.0,
548,SIPP_2^4,"227,24,0","13,27,0",0,-1,0,0.0,0.0,0.0,0.0,
548,SIPP_2^5,"227,24,0","13,27,0",0,-1,0,0.0,0.0,0.0,0.0,
548,SIPP_BigCS,"227,24,0","13,27,0",0,-1,0,0.0,0.0,0.0,0.0,
548,SIPP_Standard,"227,24,15","13,27,15",0,-1,0,1e-05,0.0,0.0,0.0,
549,SIPP_2^2,"13,210,0","91,25,0",0,-1,0,0.0,0.0,0.0,0.0,
549,SIPP_2^3,"13,210,0","91,25,0",0,-1,0,0.0,0.0,0.0,0.0,
549,SIPP_2^4,"13,210,0","91,25,0",0,-1,0,0.0,0.0,0.0,0.0,
549,SIPP_2^5,"13,210,0","91,25,0",0,-1,0,0.0,0.0,0.0,0.0,
549,SIPP_BigCS,"13,210,0","91,25,0",0,-1,0,0.0,0.0,0.0,0.0,
549,SIPP_Standard,"13,210,9","91,25,6",0,-1,0,3e-05,0.0,0.0,0.0,
550,SIPP_2^2,"126,231,0","255,81,0",0,-1,0,0.0,0.0,0.0,0.0,
550,SIPP_2^3,"126,231,0","255,81,0",0,-1,0,0.0,0.0,0.0,0.0,
550,SIPP_2^4,"126,231,0","255,81,0",0,-1,0,0.0,0.0,0.0,0.0,
550,SIPP_2^5,"126,231,0","255,81,0",0,-1,0,0.0,0.0,0.0,0.0,
550,SIPP_BigCS,"126,231,0","255,81,0",0,-1,0,0.0,0.0,0.0,0.0,
550,SIPP_Standard,"126,231,0","255,81,4",0,-1,63916,180.00443,0.0,0.0,0.0,
551,SIPP_2^2,"59,111,0","220,0,0",0,-1,0,0.0,0.0,0.0,0.0,
551,SIPP_2^3,"59,111,0","220,0,0",0,-1,0,0.0,0.0,0.0,0.0,
551,SIPP_2^4,"59,111,0","220,0,0",0,-1,0,0.0,0.0,0.0,0.0,
551,SIPP_2^5,"59,111,0","220,0,0",0,-1,0,0.0,0.0,0.0,0.0,
551,SIPP_BigCS,"59,111,0","220,0,0",0,-1,0,0.0,0.0,0.0,0.0,
551,SIPP_Standard,"59,111,1","220,0,11",0,-1,59717,180.00249,0.0,0.0,0.0,
552,SIPP_2^2,"107,251,0","243,108,0",0,-1,0,0.0,0.0,0.0,0.0,
552,SIPP_2^3,"107,251,0","243,108,0",0,-1,0,0.0,0.0,0.0,0.0,
552,SIPP_2^4,"107,251,0","243,108,0",0,-1,0,0.0,0.0,0.0,0.0,
552,SIPP_2^5,"107,251,0","243,108,0",0,-1,0,0.0,0.0,0.0,0.0,
552,SIPP_BigCS,"107,251,0","243,108,0",0,-1,0,0.0,0.0,0.0,0.0,
552,SIPP_Standard,"107,251,11","243,108,5",0,-1,0,4e-05,0.0,0.0,0.0,
553,SIPP_2^2,"22,175,0","152,36,0",0,-1,0,0.0,0.0,0.0,0.0,
553,SIPP_2^3,"22,175,0","152,36,0",0,-1,0,0.0,0.0,0.0,0.0,
553,SIPP_2^4,"22,175,0","152,36,0",0,-1,0,0.0,0.0,0.0,0.0,
553,SIPP_2^5,"22,175,0","152,36,0",0,-1,0,0.0,0.0,0.0,0.0,
553,SIPP_BigCS,"22,175,0","152,36,0",0,-1,0,0.0,0.0,0.0,0.0,
553,SIPP_Standard,"22,175,6","152,36,3",0,-1,66883,180.00407,0.0,0.0,0.0,
554,SIPP_2^2,"255,253,0","91,155,0",0,-1,0,0.0,0.0,0.0,0.0,
554,SIPP_2^3,"255,253,0","91,155,0",0,-1,0,0.0,0.0,0.0,0.0,
554,SIPP_2^4,"255,253,0","91,155,0",0,-1,0,0.0,0.0,0.0,0.0,
554,SIPP_2^5,"255,253,0","91,155,0",0,-1,0,0.0,0.0,0.0,0.0,
554,SIPP_BigCS,"255,253,0","91,155,0",0,-1,0,0.0,0.0,0.0,0.0,
554,SIPP_Standard,"255,253,6","91,155,15",0,-1,0,2e-05,0.0,0.0,0.0,
555,SIPP_2^2,"46,47,0","163,206,0",0,-1,0,0.0,0.0,0.0,0.0,
555,SIPP_2^3,"46,47,0","163,206,0",0,-1,0,0.0,0.0,0.0,0.0,
555,SIPP_2^4,"46,47,0","163,206,0",0,-1,0,0.0,0.0,0.0,0.0,
555,SIPP_2^5,"46,47,0","163,206,0",0,-1,0,0.0,0.0,0.0,0.0,
555,SIPP_BigCS,"46,47,0","163,206,0",0,-1,0,0.0,0.0,0.0,0.0,
555,SIPP_Standard,"46,47,2","163,206,1",0,-1,0,3e-05,0.0,0.0,0.0,
556,SIPP_2^2,"207,104,0","44,242,0",0,-1,0,0.0,0.0,0.0,0.0,
556,SIPP_2^3,"207,104,0","44,242,0",0,-1,0,0.0,0.0,0.0,0.0,
556,SIPP_2^4,"207,104,0","44,242,0",0,-1,0,0.0,0.0,0.0,0.0,
556,SIPP_2^5,"207,104,0","44,242,0",0,-1,0,0.0,0.0,0.0,0.0,
556,SIPP_BigCS,"207,104,0","44,242,0",0,-1,0,0.0,0.0,0.0,0.0,
556,SIPP_Standard,"207,104,7","44,242,13",0,-1,58342,180.00449,0.0,0.0,0.0,
557,SIPP_2^2,"22,222,0","236,215,0",0,-1,0,0.0,0.0,0.0,0.0,
557,SIPP_2^3,"22,222,0","236,215,0",0,-1,0,0.0,0.0,0.0,0.0,
557,SIPP_2^4,"22,222,0","236,215,0",0,-1,0,0.0,0.0,0.0,0.0,
557,SIPP_2^5,"22,222,0","236,215,0",0,-1,0,0.0,0.0,0.0,0.0,
557,SIPP_BigCS,"22,222,0","236,215,0",0,-1,0,0.0,0.0,0.0,0.0,
557,SIPP_Standard,"22,222,8","236,215,6",0,-1,18,0.03794,0.0,0.0,0.0,
558,SIPP_2^2,"150,244,0","87,47,0",1,2756.8207610000004,17156,7.52478,438.4062,100.53096,201.06193,0 0 0 0 0 0 0 0 0 3 3 3 0 0 0 0 3 3 3 3 3 3 0 0 0 0 0 0 0 0 3 3 0 3 3 3 3 3 0 0 3 3 3 0 0 0 0 0 0 0 0 0 0 0 0 0 0 0 0 0 0 0 0 0 0 0 0 0 0 3 3 3 3 0 3 3 0 3 0 0 3 0 0 3 0 0 0 0 0 0 0 0 0 0 3 0 0 0 0 3 -6.380 0 3 0 0 0 0 0 0 0 0 0 0 0 0 0 0 0 0 0 0 0 0 0 0 0 0 0 0 0 0 0 0 0 0 0 0 0 0 0 0 0 0 0 0 0 0 0 0 0 0 0 0 0 0 0 0 0 0 0 0 0 0 0 0 0 3 -14.893 3 3 3 2 3 3 3 -42.145 1 -13.141 0 -17.453 0 -0.029 0 -0.034 0 0 0 0 3 0 3 3 0 0 3 0 0 3 0 -7.909 0 -13.119 3 -1.126 0 -0.592 3 0 3 0 0 0 0 3 0 0 3 0 3 3 0 0 0 0 0 0 0 0 0 0 0 0 0 0 3 0 0 0 0 0 0 0 0 0 0 0 3 0 0 0 0 0 0 0 0 3 3 3 0 0 0 3 3 3 3 3 0 3 0 0 0 3 3 3 0
558,SIPP_2^3,"150,244,0","87,47,0",1,2427.1831209999996,10046,8.46352,236.20667,46.33849,92.67698,7 7 7 7 0 0 0 0 0 0 7 7 7 6 6 6 6 6 7 7 6 7 6 7 7 6 7 7 7 7 7 0 0 0 0 0 0 0 0 0 1 0 0 0 0 0 0 0 0 0 0 0 0 0 0 0 0 0 7 7 7 7 7 0 0 0 0 7 7 7 7 0 0 0 7 0 0 0 1 1 -31.428 7 7 0 0 0 0 0 0 0 0 0 0 0 0 0 0 0 0 0 0 7 -0.645 0 -13.228 0 -2.352 0 -3.037 6 -3.649 0 7 7 7 0 0 0 0 0 0 0 0 0 0 0 0 0 0 7 7 7 7 7 7 7 0 0 7 7 0 0 0 0 7 7 0 7 0 7 7 6 7 7 7 6 7 6 7 7 6 7 6 7 7 0 0 0 0 0 0 0 0 -1.890 0 0 0 0 0 0 1 0 0 0 0 1 0 0 0 0 0 0 1 0 1 0 0 0 0 0 0 0 0 0 0 0 0 0 0 0 0 0 0 0 0 0 0 0
558,SIPP_2^4,"150,244,0","87,47,0",1,2419.9225049999995,11972,26.47307,125.16783,24.59318,49.18636,15 15 15 0 15 15 14 14 13 13 13 13 13 13 13 14 14 14 14 14 0 0 1 0 0 0 0 0 0 0 0 0 0 1 0 0 0 0 0 0 0 0 0 14 14 15 15 15 15 14 14 14 14 14 14 14 14 14 15 15 15 1 1 2 1 1 2 1 1 0 0 0 0 0 -22.182 12 -13.228 0 -2.352 0 -3.037 12 -3.059 15 0 0 0 0 0 0 0 0 0 15 0 0 15 0 15 14 14 14 14 15 15 15 15 15 15 15 14 14 13 13 13 13 13 13 12 -0.166 14 -6.028 14 1 0 0 -0.713 0 -1.750 0 -3.105 0 0 0 -2.649 1 0 0 0 0 0 0 0 0 0 0 0 1 1 0 1 0 0 0 0 0 0 0 0 0 0 0 0 0 0 0 0 0 0 0 0 0 0 0 0
558,SIPP_2^5,"150,244,0","87,47,0",1,2417.105685,12037,64.86604,66.92549,13.32374,26.64748,31 30 30 30 30 28 28 26 26 26 26 26 26 26 28 28 28 28 28 30 29 30 28 27 27 27 26 28 28 28 28 28 28 28 27 28 0 0 0 31 28 28 28 28 28 28 28 28 29 31 0 0 0 0 0 0 0 0 0 0 1 1 1 1 1 1 0 0 1 1 1 1 1 0 0 1 0 0 0 0 1 1 0 0 0 0 28 28 25 25 26 26 25 -8.529 29 -0.386 1 -0.872 0 -1.255 0 -1.750 0 -3.105 0 0 0 -2.784 0 0 0 1 0 0 0 0 0 1 0 1 1 0 0 0 0 0 0 0 0 0 0 0 0 0 0 0 0 0 0 0 0 0 0 0
558,SIPP_BigCS,"150,244,7","87,47,10",0,-1,23204,180.11745,0.0,0.0,0.0,
558,SIPP_Standard,"150,244,7","87,47,10",1,2419.982177,39439,116.31258,74.81956,14.1015,1.8994,10 30 38 23 42 92 2 6 90 -73.859 10 54 98 92 10 46 6 66 54 58 74 61 -22.123 85 2 18 92 2 2 2
559,SIPP_2^2,"11,170,0","214,213,0",0,-1,0,0.0,0.0,0.0,0.0,
559,SIPP_2^3,"11,170,0","214,213,0",0,-1,0,0.0,0.0,0.0,0.0,
559,SIPP_2^4,"11,170,0","214,213,0",0,-1,0,0.0,0.0,0.0,0.0,
559,SIPP_2^5,"11,170,0","214,213,0",0,-1,0,0.0,0.0,0.0,0.0,
559,SIPP_BigCS,"11,170,0","214,213,0",0,-1,0,0.0,0.0,0.0,0.0,
559,SIPP_Standard,"11,170,9","214,213,2",0,-1,66886,180.0017,0.0,0.0,0.0,
560,SIPP_2^2,"19,26,0","188,152,0",0,-1,0,0.0,0.0,0.0,0.0,
560,SIPP_2^3,"19,26,0","188,152,0",0,-1,0,0.0,0.0,0.0,0.0,
560,SIPP_2^4,"19,26,0","188,152,0",0,-1,0,0.0,0.0,0.0,0.0,
560,SIPP_2^5,"19,26,0","188,152,0",0,-1,0,0.0,0.0,0.0,0.0,
560,SIPP_BigCS,"19,26,0","188,152,0",0,-1,0,0.0,0.0,0.0,0.0,
560,SIPP_Standard,"19,26,6","188,152,9",0,-1,0,4e-05,0.0,0.0,0.0,
561,SIPP_2^2,"31,16,0","58,213,0",0,-1,0,0.0,0.0,0.0,0.0,
561,SIPP_2^3,"31,16,0","58,213,0",0,-1,0,0.0,0.0,0.0,0.0,
561,SIPP_2^4,"31,16,0","58,213,0",0,-1,0,0.0,0.0,0.0,0.0,
561,SIPP_2^5,"31,16,0","58,213,0",0,-1,0,0.0,0.0,0.0,0.0,
561,SIPP_BigCS,"31,16,0","58,213,0",0,-1,0,0.0,0.0,0.0,0.0,
561,SIPP_Standard,"31,16,2","58,213,6",0,-1,68992,180.00369,0.0,0.0,0.0,
562,SIPP_2^2,"30,240,0","22,18,0",0,-1,0,0.0,0.0,0.0,0.0,
562,SIPP_2^3,"30,240,0","22,18,0",0,-1,0,0.0,0.0,0.0,0.0,
562,SIPP_2^4,"30,240,0","22,18,0",0,-1,0,0.0,0.0,0.0,0.0,
562,SIPP_2^5,"30,240,0","22,18,0",0,-1,0,0.0,0.0,0.0,0.0,
562,SIPP_BigCS,"30,240,0","22,18,0",0,-1,0,0.0,0.0,0.0,0.0,
562,SIPP_Standard,"30,240,5","22,18,12",0,-1,71098,180.00022,0.0,0.0,0.0,
563,SIPP_2^2,"45,206,0","107,30,0",1,3675.5633000000003,53964,24.80976,636.3961,141.37167,282.74334,2 2 2 2 1 2 1 1 2 1 1 1 1 1 1 1 1 1 1 1 2 2 1 1 2 2 1 1 1 1 1 1 1 2 1 2 1 1 2 -24.526 1 -12.724 2 -3.238 1 2 1 2 1 2 1 1 0 1 1 1 1 1 1 1 1 1 1 1 0 0 1 1 0 0 0 0 1 0 0 1 0 0 0 0 0 0 1 1 1 0 1 0 1 1 1 1 1 1 1 1 1 0 1 0 0 0 0 0 0 0 0 0 0 0 0 0 0 0 0 0 0 0 0 0 0 0 0 0 0 1 1 0 1 1 1 0 0 1 1 0 0 0 0 1 0 0 0 0 0 0 0 -63.796 0 -2.284 0 -1.597 3 -1.248 0 0 0 0 0 0 0 0 0 0 0 0 0 0 0 0 0 0 0 0 0 0 0 0 -0.143 0 -4.473 0 0 0 0 0 0 0 0 0 0 0 0 -6.962 3 -8.544 0 -12.565 3 -13.612 0 -0.918 0 -0.201 0 -0.084 0 3 0 0 0 0 0 0 0 0 0 0 3 3 3 3 3 3 3 3 3 0 3 0 3 3 0 3 3 0 3 3 0 0 0 0 0 0 0 0 0 0 0 0 0 0 0 0 0 0 0 0 0 0 0 0 -62.111 0 -9.986 0 -0.029 0 0 0 0 0 0 1 1 1 1 0 1 0 1 0 1 0 1 0 0 0 1 1 0 1 1 1 1 0 -11.494 0 0 0 0 0 0 0 0 0 0 0 0 -61.148 1 -12.274 1 0 -1.808 0 -6.878 0 0 0 0 -80.177 3 -30.197 0 -10.025 0 -0.012 3 -0.012 0 -0.012 0 -0.012 3 3 3 -10.824 0 0 -1.647 0 0 0 0 0 0 0 0 0 0 0 1 1 0
563,SIPP_2^3,"45,206,0","107,30,0",1,2801.692555999999,15775,13.49504,242.60903,47.90929,95.81858,3 3 3 3 3 3 3 3 3 -2.155 3 -1.222 2 -1.670 2 -4.227 1 2 3 -2.475 2 -2.510 2 -0.093 2 -0.020 2 3 3 2 3 3 3 2 3 3 3 3 3 2 2 1 1 1 1 1 0 1 1 1 -7.093 1 2 -3.895 1 1 1 1 0 0 1 1 1 1 0 0 0 0 0 0 0 0 0 0 0 0 0 0 1 1 1 1 1 0 0 0 0 0 0 0 0 0 0 0 0 0 0 1 1 0 0 0 0 0 0 0 0 0 0 0 1 0 0 -7.069 0 0 0 0 0 0 0 0 0 0 7 7 0 7 7 7 0 0 7 7 7 0 0 0 0 0 0 0 0 1 1 1 0 1 1 0 6 -3.316 6 6 -0.490 0 -13.228 0 0 0 0 0 0 0 0 0 1 7 7 7 7 7 7 7 7 0 0 0 0 0 0 0 0 0 0 0 0 0 0 0 0 0 0 0 7 0 7 7 0 0 0 -14.135 0 -3.373 2 -8.407 2 1 2 1 1 -1.807 1 1 1 1 1 0 0 0 0 0 0 1 1 1 1 0 0 1 0 0 0 0 0 0 0 0 1 0 0 1 1 0 0 0 0 0 0 0 0 0 0 0
563,SIPP_2^4,"45,206,0","107,30,0",1,2731.869598999999,14060,31.10007,119.47046,23.70384,47.40769,6 6 6 6 6 6 6 6 -1.523 4 -8.099 2 5 5 6 -5.690 4 -2.510 4 -0.093 4 -0.020 4 6 5 6 5 6 6 6 6 -1.506 6 6 4 -1.144 3 2 2 2 2 2 1 2 -11.570 2 -4.560 3 2 2 2 2 1 2 1 0 0 0 0 0 0 0 0 0 0 1 1 1 1 1 0 0 0 0 0 0 0 0 0 0 0 1 1 0 0 0 0 0 0 0 0 0 0 1 0 0 -26.000 0 0 0 0 0 0 0 1 0 1 1 1 1 1 1 0 0 0 0 0 0 0 0 0 15 0 0 15 15 0 0 0 0 0 0 0 0 0 15 15 15 13 13 15 14 14 14 14 14 15 14 -0.590 15 0 0 0 0 0 0 0 0 0 0 0 0 -0.021 0 -3.219 0 0 0 0 0 0 0 0 0 0 0 0 0 0 0 0 0 0 0 0 0 0 0 0 0 0 0 0 0 0 0 0 0 0 0 1 1 0 1 0 1 2 4 4 4 4 4 4 4 4 4 4
563,SIPP_2^5,"45,206,0","107,30,0",1,2726.1025990000003,14270,76.21394,69.01287,13.72272,27.44543,10 10 10 -19.950 10 -0.562 14 11 -0.381 11 -6.647 8 -2.510 8 -0.093 8 9 12 11 12 12 13 9 8 4 4 4 4 3 4 4 -12.981 4 -4.560 6 4 4 4 4 3 1 0 1 1 1 1 1 1 1 1 0 0 0 0 0 0 0 0 0 0 0 0 0 0 0 0 0 0 0 0 0 0 0 -33.089 0 0 1 1 1 1 1 1 1 0 0 31 31 0 31 31 31 31 0 0 0 0 0 31 28 28 28 28 28 28 28 28 28 28 28 28 28 28 0 0 0 0 0 0 0 0 0 0 0 0 -0.664 0 -2.366 0 0 0 0 0 0 0 0 0 0 0 0 0 0 0 0 0 0 0 0 0 0 0 1 0 1 1 1 1 0 0 0 0 0 1 4 -1.374 8 8 8 8 8 8 8 8 8 8
563,SIPP_BigCS,"45,206,1","107,30,1",0,-1,22942,180.1205,0.0,0.0,0.0,
563,SIPP_Standard,"45,206,1","107,30,1",1,2787.3695040000002,54733,146.36257,97.50773,18.1526,2.2906,56 64 52 -18.958 80 -4.164 5 73 76 65 49 60 92 6 106 37 2 18 92 -7.791 18 108 30 -2.027 46 10 50 85 6 98 -2.203 76 -1.127 73 -7.099 92 18 60 92 2
564,SIPP_2^2,"123,227,0","253,70,0",0,-1,0,0.0,0.0,0.0,0.0,
564,SIPP_2^3,"123,227,0","253,70,0",0,-1,0,0.0,0.0,0.0,0.0,
564,SIPP_2^4,"123,227,0","253,70,0",0,-1,0,0.0,0.0,0.0,0.0,
564,SIPP_2^5,"123,227,0","253,70,0",0,-1,0,0.0,0.0,0.0,0.0,
564,SIPP_BigCS,"123,227,0","253,70,0",0,-1,0,0.0,0.0,0.0,0.0,
564,SIPP_Standard,"123,227,6","253,70,10",0,-1,64508,180.0003,0.0,0.0,0.0,
565,SIPP_2^2,"168,30,0","23,157,0",0,-1,0,0.0,0.0,0.0,0.0,
565,SIPP_2^3,"168,30,0","23,157,0",0,-1,0,0.0,0.0,0.0,0.0,
565,SIPP_2^4,"168,30,0","23,157,0",0,-1,0,0.0,0.0,0.0,0.0,
565,SIPP_2^5,"168,30,0","23,157,0",0,-1,0,0.0,0.0,0.0,0.0,
565,SIPP_BigCS,"168,30,0","23,157,0",0,-1,0,0.0,0.0,0.0,0.0,
565,SIPP_Standard,"168,30,11","23,157,7",0,-1,0,4e-05,0.0,0.0,0.0,
566,SIPP_2^2,"250,14,0","35,24,0",1,2841.1025990000003,11444,5.15417,388.90873,86.3938,172.7876,3 3 3 2 2 2 2 3 2 3 3 2 2 2 2 2 3 2 3 3 3 3 3 3 3 3 3 3 3 3 3 3 3 3 3 3 3 3 3 3 3 3 3 3 3 3 2 2 3 3 3 3 3 2 2 3 2 3 3 3 3 3 3 3 3 3 3 3 3 3 3 3 3 3 3 3 -14.273 3 3 3 3 3 3 3 3 3 3 3 3 3 3 3 3 3 3 3 3 3 3 3 3 3 0 -0.295 3 3 -2.845 3 3 3 3 3 3 3 3 3 3 3 -9.113 3 3 3 3 3 3 3 3 3 3 3 3 3 3 3 3 3 2 2 2 2 2 2 3 3 3 3 3 2 2 2 2 2 2 3 2 3 -56.506 0 0 0 0 0 3 0 3 3 3 3 3 3 3 3 3 3 3 3 3 3 3 3 3 3 2 3 3 0 3 0 0 0 0 3 0 0 3 3 0 3 0 3 0 3 0 3 3 3 3 3 3 3 3 3 3 3 3 2 2 3 2 2 3 3 3 3 3 3 2 3 3 3 3 3 3 3 3 3 3 3 3 3 3 3 -1.536 0 -1.597 3 -1.248 0 3 3 3 3 3 3 3 3 3 3 3 3 3 3 3 3 3 3 3 3 3 3 3 3 3 -3.689 3 3 3 0 0 0 0 3 3 0
566,SIPP_2^3,"250,14,0","35,24,0",1,2823.529007,15028,13.02904,174.74341,34.55752,69.11504,7 7 0 7 7 7 7 7 7 6 7 6 6 6 6 6 6 6 6 6 6 6 6 6 6 7 6 6 6 6 6 6 6 6 6 6 6 6 6 6 6 6 6 6 6 6 6 6 6 6 6 6 6 6 6 6 6 6 6 6 6 7 6 6 6 6 6 6 6 6 6 6 6 6 6 6 6 6 7 6 6 6 6 6 6 -15.820 6 -12.057 6 -0.534 6 -0.151 6 -0.060 6 -0.420 6 6 6 6 6 6 6 6 6 6 6 6 6 6 6 6 6 6 6 6 6 6 6 6 6 6 6 -143.505 6 6 6 6 6 6 5 5 6 6 5 5 5 6 -21.688 6 -2.262 6 -0.869 6 -0.101 6 -0.062 6 5 6 7 7 6 6 6 6 -3.151 5 5 -2.199 5 5 5 5 5 5 5 5 -4.814 4 4 4 4 3 -4.913 4 -0.029 4 -0.034 4 5 5 -0.220 5 6 6 6 6 5 5 5 5 4 4 4 -65.741 6 -10.064 6 -0.310 6 -2.376 7 -0.097 7 -0.040 7 -0.040 7 -0.040 5 -0.040 7 -0.040 7 -1.961 6 -3.383 6 -2.094 6 -1.047 6 -0.410 6 -0.106 6 -0.013 6 6 -1.895 6 -3.078 7 6 5 6 6 6 6 6 6 6 6 6 6 6 6 6 6 6 6 5 6 6 6 6 6 6 6 6 -6.615 6 6 7 7 0 0 7
566,SIPP_2^4,"250,14,0","35,24,0",1,2705.463606999997,10867,23.31335,148.11964,32.26731,64.53462,10 10 9 9 9 10 10 10 12 11 11 12 11 11 12 12 11 12 11 11 11 11 12 12 -0.965 12 -1.991 10 -1.148 12 -1.693 11 12 12 12 12 12 12 12 12 11 12 11 -1.062 13 12 11 11 -7.826 12 -0.011 12 13 14 14 14 14 14 14 14 14 14 14 14 -0.265 13 12 12 12 12 12 -2.891 13 12 12 -1.140 12 12 12 12 12 12 12 12 11 12 12 12 12 12 12 11 11 11 11 11 11 11 11 -70.568 12 -1.670 0 -1.095 0 -1.200 0 -2.541 14 -3.445 2 -59.534 10 -1.521 11 11 11 11 12 11 11 12 12 12 12 12 11 -1.628 10 10 11 11 10 11 11 10 10 10 11 -7.455 10 10 12 12 12 12 12 12 12 12 12 12 12 12 12 12 12 -0.804 12 12 12 12 12 12 12 13 12 13 13 14 14 14 13 13 14 13 14 14 14 14 14 14 14 14 13 14 14 13 13 13 14 14
566,SIPP_2^5,"250,14,0","35,24,0",1,2700.1545029999993,10801,55.97671,115.50126,24.19209,48.38418,19 19 19 20 20 23 23 23 23 23 23 24 23 23 24 -0.570 16 -1.991 20 -0.878 23 24 23 24 24 24 24 24 24 23 -5.597 25 22 22 -8.207 24 25 28 28 28 28 28 28 28 28 28 28 28 -1.333 25 24 24 24 24 -3.309 26 24 24 -1.140 24 24 24 24 24 24 24 23 24 23 24 24 22 22 22 22 22 22 23 22 -47.129 24 -3.293 0 -6.585 30 -2.430 3 -60.338 20 -1.521 22 23 23 23 23 23 -1.061 24 -3.642 21 21 21 21 21 21 -10.753 20 20 24 24 24 24 24 24 24 24 24 24 24 24 24 24 24 -0.533 25 24 24 24 25 24 24 26 27 27 27 28 28 27 28 28 28 28 -1.350 27 27 27 28 28 26
566,SIPP_BigCS,"250,14,6","35,24,8",0,-1,26328,180.06707,0.0,0.0,0.0,
566,SIPP_Standard,"250,14,6","35,24,8",1,2825.113248,49941,111.20952,94.98204,17.9484,2.5593,51 70 55 91 3 -10.178 19 101 -10.253 59 -1.619 99 61 69 34 -1.534 91 -27.696 11 43 -152.657 93 -17.696 11 47 11 51 86 -8.725 23 54 -54.837 82 -4.254 3 23 -33.742 38 3 19 -14.921 69
567,SIPP_2^2,"24,70,0","204,182,0",0,-1,0,0.0,0.0,0.0,0.0,
567,SIPP_2^3,"24,70,0","204,182,0",0,-1,0,0.0,0.0,0.0,0.0,
567,SIPP_2^4,"24,70,0","204,182,0",0,-1,0,0.0,0.0,0.0,0.0,
567,SIPP_2^5,"24,70,0","204,182,0",0,-1,0,0.0,0.0,0.0,0.0,
567,SIPP_BigCS,"24,70,0","204,182,0",0,-1,0,0.0,0.0,0.0,0.0,
567,SIPP_Standard,"24,70,7","204,182,8",0,-1,62316,180.00259,0.0,0.0,0.0,
568,SIPP_2^2,"222,5,0","118,186,0",1,3124.555956,28161,12.72772,395.9798,87.96459,175.92919,2 2 2 2 2 2 2 2 2 2 2 2 2 2 2 2 3 2 -3.116 2 -0.151 2 -0.060 2 2 3 2 3 3 3 3 3 3 3 3 3 3 2 2 3 2 3 3 3 3 3 3 3 3 3 2 2 2 2 2 2 2 2 -30.773 2 -1.890 2 -1.722 2 2 2 2 2 2 2 2 2 2 2 2 2 2 2 2 2 2 2 2 2 2 2 2 2 2 2 2 2 2 2 2 2 2 2 2 2 2 2 2 2 2 2 2 2 2 2 2 2 2 2 2 2 2 2 2 2 2 2 1 1 1 2 2 -5.424 2 -12.273 2 3 2 3 3 3 3 3 3 3 3 3 2 2 2 2 3 3 3 3 2 3 3 3 3 3 3 3 3 3 3 3 -63.606 2 3 3 3 3 3 3 3 3 0 0 3 3 0 3 3 2 2 3 2 3 2 2 2 2 2 3 3 3 3 3 3 3 3 3 3 3 3 3 3 3 3 3 2 2 2 2 3 2 2 3 3 3 2 2 2 2 2 2 2 2 2 2 2 2 2 2 3 3 3 3 3 3 2 3 3 3 3 2 3 3 3 2 2 3 2 3 3 2 2 2 2 2 2 2 2 2 2 2 3 2 2 3 3 3 2 3 2 2 2 2 2 2 2 2 2 2 2 2 3 3 3 2 2 2 3 -19.451 2 2 2 2 -10.092 2 -0.410 2 -0.106 2 -0.013 2 2 2 2 2 -0.006 2 -3.249 2 -2.213 2 2 2
568,SIPP_2^3,"222,5,0","118,186,0",1,2922.1118930000002,30915,27.2878,234.65215,48.69469,97.38938,4 4 4 4 4 4 4 4 4 4 4 4 4 4 4 4 -7.563 4 4 4 4 5 -1.359 5 5 5 6 5 5 6 6 6 6 6 6 6 6 5 5 5 5 5 5 5 -101.330 4 -1.890 4 -1.722 4 4 4 4 4 4 4 4 4 4 4 4 4 4 4 4 4 4 4 4 4 4 4 4 4 4 4 4 4 4 4 4 4 4 4 4 4 4 4 4 4 4 4 4 4 4 4 4 4 4 3 4 4 4 4 4 4 4 3 3 4 3 4 4 5 5 5 5 5 5 5 5 5 5 5 5 5 5 5 5 5 5 5 5 5 5 5 5 5 6 6 6 6 6 6 6 6 6 6 5 6 6 5 6 5 5 5 5 5 5 5 5 5 5 5 4 -2.330 6 -0.029 6 -0.034 6 5 4 5 5 4 4 4 5 5 4 5 5 4 5 4 4 -99.816 6 -12.665 6 -42.312 4 -0.012 6 -0.012 6 -0.012 6 -0.012 6 -29.950 4 -10.026 4 -0.011 6 -0.053 4 -0.310 6 5 5 5 4 5 4 5 5 5 5 5 5 5 -0.049 5 5 5 5 5 5 5 5 5 5 4 -18.343 0 -0.101 0 -0.062 2 1 -5.472 2 -0.410 2 3 4
568,SIPP_2^4,"222,5,0","118,186,0",1,2472.8753249999945,6925,15.60118,65.75127,13.06798,26.13595,8 8 8 8 8 8 8 8 8 8 8 8 7 8 8 9 8 8 9 11 11 11 11 11 11 11 11 11 11 10 -119.269 8 -1.890 8 -1.722 8 8 8 8 8 8 8 8 8 8 8 8 8 8 8 8 8 8 8 8 8 8 8 8 8 8 8 8 8 8 8 8 8 8 8 8 8 8 8 8 8 8 8 8 8 8 8 8 8 8 8 7 7 8 8 8 8 7 7 8 10 9 10 9 10 9 9 10 10 10 10 10 10 10 10 10 10 10 10 10 10 10 10 10 10 9 10 10 10 10 10 10 10 10 10 10 10 10 10 10 10 10 10 10 9 10 10 10 10 10 10 10 9 10 12 12 12 11 12 11 11 11 11 11 11 10 10 10 10 10 10 10 10 10 10 10 10 10 10
568,SIPP_2^5,"222,5,0","118,186,0",1,2464.8845329999967,6781,36.44952,31.34041,6.25229,12.50457,16 16 16 16 16 16 16 16 15 16 16 16 16 16 -0.148 17 17 22 22 22 22 22 22 21 22 22 22 -121.782 16 -1.890 16 -1.722 16 16 16 16 16 16 16 16 16 16 16 16 16 16 16 16 16 16 16 16 16 16 16 16 16 16 16 16 16 16 16 16 16 16 16 16 16 16 16 16 16 16 16 16 16 16 16 16 16 15 15 15 15 16 16 16 18 19 19 19 20 20 20 20 20 20 20 20 20 20 20 20 20 20 20 20 20 20 20 20 20 20 20 20 20 20 20 20 19 20 20 20 20 20 19 19 20 20 20 20 20 20 20 20 23 23 23 23 23 21 20 20 20 20 20 20 20 20 20 20 20 20 20 20
568,SIPP_BigCS,"222,5,14","118,186,4",0,-1,26513,180.0401,0.0,0.0,0.0,
568,SIPP_Standard,"222,5,14","118,186,4",1,2489.637123,13460,36.22578,70.1775,13.2593,1.7281,102 96 -11.428 62 86 11 -99.209 39 0 0 0 0 0 0 4 96 70 51 78 67 51 78 67 31 51 70 47 7 75 78 67
569,SIPP_2^2,"219,232,0","95,58,0",0,-1,0,0.0,0.0,0.0,0.0,
569,SIPP_2^3,"219,232,0","95,58,0",0,-1,0,0.0,0.0,0.0,0.0,
569,SIPP_2^4,"219,232,0","95,58,0",0,-1,0,0.0,0.0,0.0,0.0,
569,SIPP_2^5,"219,232,0","95,58,0",0,-1,0,0.0,0.0,0.0,0.0,
569,SIPP_BigCS,"219,232,0","95,58,0",0,-1,0,0.0,0.0,0.0,0.0,
569,SIPP_Standard,"219,232,2","95,58,6",0,-1,0,2e-05,0.0,0.0,0.0,
570,SIPP_2^2,"86,166,0","188,14,0",0,-1,0,0.0,0.0,0.0,0.0,
570,SIPP_2^3,"86,166,0","188,14,0",0,-1,0,0.0,0.0,0.0,0.0,
570,SIPP_2^4,"86,166,0","188,14,0",0,-1,0,0.0,0.0,0.0,0.0,
570,SIPP_2^5,"86,166,0","188,14,0",0,-1,0,0.0,0.0,0.0,0.0,
570,SIPP_BigCS,"86,166,0","188,14,0",0,-1,0,0.0,0.0,0.0,0.0,
570,SIPP_Standard,"86,166,9","188,14,4",0,-1,0,3e-05,0.0,0.0,0.0,
571,SIPP_2^2,"199,192,0","0,120,0",0,-1,0,0.0,0.0,0.0,0.0,
571,SIPP_2^3,"199,192,0","0,120,0",0,-1,0,0.0,0.0,0.0,0.0,
571,SIPP_2^4,"199,192,0","0,120,0",0,-1,0,0.0,0.0,0.0,0.0,
571,SIPP_2^5,"199,192,0","0,120,0",0,-1,0,0.0,0.0,0.0,0.0,
571,SIPP_BigCS,"199,192,0","0,120,0",0,-1,0,0.0,0.0,0.0,0.0,
571,SIPP_Standard,"199,192,5","0,120,3",0,-1,0,3e-05,0.0,0.0,0.0,
572,SIPP_2^2,"36,10,0","55,212,0",0,-1,0,0.0,0.0,0.0,0.0,
572,SIPP_2^3,"36,10,0","55,212,0",0,-1,0,0.0,0.0,0.0,0.0,
572,SIPP_2^4,"36,10,0","55,212,0",0,-1,0,0.0,0.0,0.0,0.0,
572,SIPP_2^5,"36,10,0","55,212,0",0,-1,0,0.0,0.0,0.0,0.0,
572,SIPP_BigCS,"36,10,0","55,212,0",0,-1,0,0.0,0.0,0.0,0.0,
572,SIPP_Standard,"36,10,1","55,212,8",0,-1,69179,180.00038,0.0,0.0,0.0,
573,SIPP_2^2,"238,168,0","38,208,0",0,-1,0,0.0,0.0,0.0,0.0,
573,SIPP_2^3,"238,168,0","38,208,0",0,-1,0,0.0,0.0,0.0,0.0,
573,SIPP_2^4,"238,168,0","38,208,0",0,-1,0,0.0,0.0,0.0,0.0,
573,SIPP_2^5,"238,168,0","38,208,0",0,-1,0,0.0,0.0,0.0,0.0,
573,SIPP_BigCS,"238,168,0","38,208,0",0,-1,0,0.0,0.0,0.0,0.0,
573,SIPP_Standard,"238,168,15","38,208,0",0,-1,0,6e-05,0.0,0.0,0.0,
574,SIPP_2^2,"57,30,0","250,118,0",0,-1,0,0.0,0.0,0.0,0.0,
574,SIPP_2^3,"57,30,0","250,118,0",0,-1,0,0.0,0.0,0.0,0.0,
574,SIPP_2^4,"57,30,0","250,118,0",0,-1,0,0.0,0.0,0.0,0.0,
574,SIPP_2^5,"57,30,0","250,118,0",0,-1,0,0.0,0.0,0.0,0.0,
574,SIPP_BigCS,"57,30,0","250,118,0",0,-1,0,0.0,0.0,0.0,0.0,
574,SIPP_Standard,"57,30,4","250,118,4",0,-1,0,8e-05,0.0,0.0,0.0,
575,SIPP_2^2,"222,19,0","66,131,0",0,-1,0,0.0,0.0,0.0,0.0,
575,SIPP_2^3,"222,19,0","66,131,0",0,-1,0,0.0,0.0,0.0,0.0,
575,SIPP_2^4,"222,19,0","66,131,0",0,-1,0,0.0,0.0,0.0,0.0,
575,SIPP_2^5,"222,19,0","66,131,0",0,-1,0,0.0,0.0,0.0,0.0,
575,SIPP_BigCS,"222,19,0","66,131,0",0,-1,0,0.0,0.0,0.0,0.0,
575,SIPP_Standard,"222,19,9","66,131,11",0,-1,70536,180.0012,0.0,0.0,0.0,
576,SIPP_2^2,"229,165,0","15,132,0",1,3204.782326,51428,23.00284,410.12193,91.10619,182.21237,3 3 3 3 3 3 3 3 3 3 3 3 3 3 3 3 3 3 3 3 3 3 3 3 3 3 3 3 3 3 3 3 3 3 3 3 3 3 3 3 3 3 3 3 3 3 3 3 3 3 3 3 3 3 2 3 3 3 3 2 2 3 3 3 3 3 3 3 3 3 3 3 3 3 3 3 3 3 3 2 2 2 2 3 2 2 2 2 3 3 3 3 2 2 3 3 3 2 2 3 3 3 3 3 3 3 3 2 3 2 3 3 3 2 3 -7.830 3 3 3 0 0 3 3 3 0 3 0 3 3 3 -9.705 3 3 3 3 3 3 3 3 3 3 3 3 3 3 3 3 2 2 3 3 3 3 3 3 3 3 3 3 3 3 3 3 3 3 3 3 3 3 3 -5.434 3 -0.106 3 -0.013 3 3 3 3 3 3 3 3 3 3 3 3 2 3 3 3 3 3 3 3 3 3 3 3 3 3 3 3 3 3 3 0 3 3 3 3 3 3 3 3 0 0 0 0 0 3 3 3 0 3 0 3 3 3 0 3 3 0 3 3 3 3 3 3 3 0 0 0 0 3 0 0 0 0 0 0 3 3 3 3 3 0 0 0 0 0 3 3 0 0 3 3 3 0 3 3 3 3 3 3 3 3 3 3 3 3 3 0 0 -10.825 0 -0.869 0 0 0 1 1 0 1 0 0 0 0 0 0 0 0 0 0 0 0 0 0 0 0 0 0 0 1 1 1 1 1 1 2 2 2 2 1
576,SIPP_2^3,"229,165,0","15,132,0",1,2508.6501039999966,16769,14.87838,186.86629,36.91372,73.82743,6 6 6 6 6 6 6 6 6 6 6 6 6 6 6 6 6 6 6 6 6 6 6 6 6 6 6 6 6 6 6 6 6 6 6 6 6 6 6 6 6 6 6 6 6 6 6 6 6 6 7 6 7 6 7 7 7 7 6 7 6 6 6 7 7 7 6 7 6 7 7 7 6 6 7 6 7 7 7 7 6 7 6 6 6 6 6 6 6 7 7 6 6 7 6 7 7 7 7 7 7 7 7 7 7 7 7 7 7 7 7 7 7 7 7 7 7 7 7 7 7 7 7 7 6 7 6 6 7 7 7 7 7 6 6 6 6 7 6 7 7 6 6 6 6 5 5 5 5 5 5 5 5 5 5 5 5 5 5 5 5 5 5 6 6 6 5 6 6 5 6 6 6 6 6 6 6 6 6 6 6 6 6 6 6 6 6 6 5 5 6 6 6 6 6 6 6 6 6 6 6 5 6 6 6 6 5 5 5 5 6 6 6 5
576,SIPP_2^4,"229,165,0","15,132,0",1,2335.865996999999,9030,21.12417,89.42013,17.87438,35.74875,12 13 13 13 13 13 13 13 13 13 13 12 12 12 12 12 12 12 12 12 12 12 12 12 12 12 12 12 12 12 12 12 12 12 12 12 12 12 12 12 12 12 12 12 12 12 12 12 12 12 12 13 13 13 13 13 13 13 13 13 12 12 12 12 13 13 12 13 13 13 13 12 12 12 12 12 12 12 12 12 12 13 13 13 13 13 12 12 13 12 12 12 12 12 12 12 12 12 12 12 12 12 12 12 12 12 13 13 13 13 13 13 13 13 13 13 12 12 12 12 12 12 12 12 12 13 11 11 11 11 11 -35.708 12 -8.099 14 13 12 12 12 12 12 13 13 12 12 12 -0.529 8 -1.047 12 11 12 12 12 12 10 11 11 11 12 11 12 11
576,SIPP_2^5,"229,165,0","15,132,0",1,2332.9686839999995,9332,54.59565,63.16781,12.6072,25.2144,25 25 24 25 24 24 25 24 24 24 25 24 24 24 24 24 24 24 25 24 24 24 24 24 24 24 24 24 24 24 24 24 25 25 25 25 24 24 24 24 25 25 25 25 25 25 25 25 25 25 25 25 25 25 25 25 25 25 25 24 25 25 25 25 25 25 25 25 24 24 24 24 25 24 24 -14.627 25 25 25 24 24 24 24 24 24 24 24 24 24 -0.775 22 21 20 20 -53.148 27 -0.420 25 25 25 24 24 24 24 24 -3.385 16 -0.777 23 24 24 24 -0.970 23 -0.398 22 22 22 22 23
576,SIPP_BigCS,"229,165,3","15,132,4",0,-1,16452,180.17653,0.0,0.0,0.0,
576,SIPP_Standard,"229,165,3","15,132,4",1,2341.7198040000003,48805,160.71352,64.00146,11.9404,1.3719,3 3 3 3 3 23 50 93 23 50 69 50 93 19 93 3 19 93 19 61 93 11 55 -33.720 107 38 7 59 91
577,SIPP_2^2,"134,6,0","248,177,0",0,-1,0,0.0,0.0,0.0,0.0,
577,SIPP_2^3,"134,6,0","248,177,0",0,-1,0,0.0,0.0,0.0,0.0,
577,SIPP_2^4,"134,6,0","248,177,0",0,-1,0,0.0,0.0,0.0,0.0,
577,SIPP_2^5,"134,6,0","248,177,0",0,-1,0,0.0,0.0,0.0,0.0,
577,SIPP_BigCS,"134,6,0","248,177,0",0,-1,0,0.0,0.0,0.0,0.0,
577,SIPP_Standard,"134,6,7","248,177,10",0,-1,0,5e-05,0.0,0.0,0.0,
578,SIPP_2^2,"191,29,0","147,232,0",0,-1,0,0.0,0.0,0.0,0.0,
578,SIPP_2^3,"191,29,0","147,232,0",0,-1,0,0.0,0.0,0.0,0.0,
578,SIPP_2^4,"191,29,0","147,232,0",0,-1,0,0.0,0.0,0.0,0.0,
578,SIPP_2^5,"191,29,0","147,232,0",0,-1,0,0.0,0.0,0.0,0.0,
578,SIPP_BigCS,"191,29,0","147,232,0",0,-1,0,0.0,0.0,0.0,0.0,
578,SIPP_Standard,"191,29,14","147,232,3",0,-1,0,3e-05,0.0,0.0,0.0,
579,SIPP_2^2,"2,27,0","193,103,0",1,3636.1151170000003,60428,26.76772,629.32504,142.94247,285.88493,1 1 2 2 1 1 1 1 2 2 2 1 -7.782 1 1 1 1 1 1 1 1 1 1 1 1 1 1 1 1 1 1 1 1 1 0 0 1 1 1 1 1 -42.021 1 -0.909 1 -1.113 1 -0.006 1 -0.084 1 -0.626 1 1 1 1 1 1 1 2 1 1 2 1 1 1 1 1 2 1 1 1 1 1 1 1 -92.524 2 -2.655 1 2 2 2 1 1 1 2 1 1 2 2 1 1 1 1 -1.843 1 -5.553 1 -0.151 1 -0.060 1 1 2 1 2 2 2 2 1 1 1 1 2 1 1 2 2 2 2 2 2 2 2 2 2 2 2 1 2 2 1 2 2 1 1 1 2 2 2 1 2 2 2 2 2 1 1 2 2 1 1 1 1 1 1 1 1 1 1 1 1 1 1 1 1 1 2 1 1 2 1 1 1 2 2 1 1 1 1 2 2 1 2 2 1 -0.788 1 2 1 1 1 1 2 2 2 3 2 3 3 3 3 3 2 -1.915 2 -0.012 2 -0.012 2 2 1 1 1 1 2 2 1 1 1 1 1 1 1 1 1 1 1 2 2 1 2 1 2 1 1 1 -42.728 0 -13.738 1 1 1 1 1 1 1 1 1 1 1 1 1 2 2 1 1 2 2 2 1 1 1 1 1 1 2 2 2 2 2 2 2 2 2 1 -131.084 1 1 -18.409 1 -0.029 1 -0.034 1 1 2 1 1 2 1 1 2 2 -108.927 1 -14.135 0 0 -2.273 0 0 -34.150 2 -0.410 1 -0.106 1 -0.013 1 1 1 -0.034 1 -11.498 1 0 1 -21.517 1 1 -2.273 1 -6.705 1 1 1 1 1 1 1 0 1 0 0 0 1 0 1 1 0
579,SIPP_2^3,"2,27,0","193,103,0",1,2382.1055299999985,10767,8.91572,214.22593,42.4115,84.823,3 3 3 3 3 3 3 3 3 3 2 2 2 2 3 2 2 2 2 2 2 3 2 2 3 2 2 2 2 2 2 2 2 2 2 2 2 2 2 2 2 3 2 2 2 2 1 2 1 1 1 2 2 1 1 1 2 1 2 3 3 3 3 3 4 3 3 2 2 2 2 3 2 3 3 3 -4.757 3 -1.191 3 4 4 3 3 3 2 3 2 3 3 3 3 3 3 3 3 3 3 3 3 3 3 3 3 3 3 3 3 3 3 3 3 3 3 3 3 3 3 3 3 3 3 2 3 3 3 3 3 3 2 2 3 -2.523 2 -1.137 2 3 3 3 2 2 2 2 2 2 2 2 2 2 2 3 2 3 3 3 3 3 3 3 2 3 2 3 3 2 2 3 2 2 3 2 2 2 2 2 2 2 2 2 2 2 2 2 2 2 2 2 2 1 2 2 2 2 1 1 1 1 0 1
579,SIPP_2^4,"2,27,0","193,103,0",1,2355.728033999999,10373,22.24618,102.9771,20.21247,40.42494,6 6 5 6 6 6 5 4 4 4 4 4 5 5 5 5 4 5 5 5 5 4 4 4 4 4 4 4 4 4 4 4 4 4 -6.008 3 3 -0.174 3 2 2 2 3 3 2 -8.694 4 6 -2.263 6 6 7 6 6 6 5 5 5 4 4 -0.142 4 -0.060 8 -7.120 6 -1.191 6 8 7 6 6 6 5 5 6 6 6 6 6 6 6 6 6 6 6 6 6 6 6 6 6 6 6 6 6 6 6 6 6 6 5 5 6 5 5 6 5 5 6 5 6 -2.441 7 7 5 4 5 5 4 5 5 5 5 5 5 5 5 5 5 5 6 6 4 4 4 4 4 4 4 4 4 4 4 4 4 4 4 4 4 3 3 3 2 2 2 1 2
579,SIPP_2^5,"2,27,0","193,103,0",1,2352.466721,10537,55.34316,79.19211,15.93833,31.87665,12 11 12 12 12 9 9 9 9 9 9 9 9 9 8 8 8 8 8 8 9 8 -1.980 8 6 6 4 4 4 4 4 5 4 -11.769 9 13 13 12 10 9 9 -2.555 8 -0.060 16 -7.120 12 13 16 -1.066 12 12 11 -0.136 11 12 11 12 12 12 12 12 12 12 12 12 12 12 12 12 12 12 12 12 12 12 11 11 11 11 12 11 12 12 -0.954 10 -5.503 14 14 10 10 10 10 10 10 10 10 9 9 11 10 11 10 -1.770 8 7 8 8 8 8 8 8 8 8 8 8 8 8 8 7 7 4 4 3 4
579,SIPP_BigCS,"2,27,2","193,103,3",0,-1,19775,180.11243,0.0,0.0,0.0,
579,SIPP_Standard,"2,27,2","193,103,3",1,2377.864832,49703,138.44936,69.37384,13.1099,1.6248,48 -44.299 95 17 103 -19.440 57 89 -1.187 17 -6.344 79 80 25 -1.550 64 28 28 28 28 48 71 48 79 -0.046 80 21 48 71 36 1 1 9 49
580,SIPP_2^2,"207,213,0","171,3,0",0,-1,0,0.0,0.0,0.0,0.0,
580,SIPP_2^3,"207,213,0","171,3,0",0,-1,0,0.0,0.0,0.0,0.0,
580,SIPP_2^4,"207,213,0","171,3,0",0,-1,0,0.0,0.0,0.0,0.0,
580,SIPP_2^5,"207,213,0","171,3,0",0,-1,0,0.0,0.0,0.0,0.0,
580,SIPP_BigCS,"207,213,0","171,3,0",0,-1,0,0.0,0.0,0.0,0.0,
580,SIPP_Standard,"207,213,12","171,3,0",0,-1,60395,180.00561,0.0,0.0,0.0,
581,SIPP_2^2,"213,166,0","33,39,0",0,-1,0,0.0,0.0,0.0,0.0,
581,SIPP_2^3,"213,166,0","33,39,0",0,-1,0,0.0,0.0,0.0,0.0,
581,SIPP_2^4,"213,166,0","33,39,0",0,-1,0,0.0,0.0,0.0,0.0,
581,SIPP_2^5,"213,166,0","33,39,0",0,-1,0,0.0,0.0,0.0,0.0,
581,SIPP_BigCS,"213,166,0","33,39,0",0,-1,0,0.0,0.0,0.0,0.0,
581,SIPP_Standard,"213,166,4","33,39,5",0,-1,52559,180.00155,0.0,0.0,0.0,
582,SIPP_2^2,"176,227,0","243,23,0",0,-1,0,0.0,0.0,0.0,0.0,
582,SIPP_2^3,"176,227,0","243,23,0",0,-1,0,0.0,0.0,0.0,0.0,
582,SIPP_2^4,"176,227,0","243,23,0",0,-1,0,0.0,0.0,0.0,0.0,
582,SIPP_2^5,"176,227,0","243,23,0",0,-1,0,0.0,0.0,0.0,0.0,
582,SIPP_BigCS,"176,227,0","243,23,0",0,-1,0,0.0,0.0,0.0,0.0,
582,SIPP_Standard,"176,227,14","243,23,5",0,-1,1,0.01773,0.0,0.0,0.0,
583,SIPP_2^2,"249,180,0","74,34,0",0,-1,0,0.0,0.0,0.0,0.0,
583,SIPP_2^3,"249,180,0","74,34,0",0,-1,0,0.0,0.0,0.0,0.0,
583,SIPP_2^4,"249,180,0","74,34,0",0,-1,0,0.0,0.0,0.0,0.0,
583,SIPP_2^5,"249,180,0","74,34,0",0,-1,0,0.0,0.0,0.0,0.0,
583,SIPP_BigCS,"249,180,0","74,34,0",0,-1,0,0.0,0.0,0.0,0.0,
583,SIPP_Standard,"249,180,11","74,34,12",0,-1,66721,180.00406,0.0,0.0,0.0,
584,SIPP_2^2,"208,80,0","25,182,0",0,-1,0,0.0,0.0,0.0,0.0,
584,SIPP_2^3,"208,80,0","25,182,0",0,-1,0,0.0,0.0,0.0,0.0,
584,SIPP_2^4,"208,80,0","25,182,0",0,-1,0,0.0,0.0,0.0,0.0,
584,SIPP_2^5,"208,80,0","25,182,0",0,-1,0,0.0,0.0,0.0,0.0,
584,SIPP_BigCS,"208,80,0","25,182,0",0,-1,0,0.0,0.0,0.0,0.0,
584,SIPP_Standard,"208,80,0","25,182,3",0,-1,0,2e-05,0.0,0.0,0.0,
585,SIPP_2^2,"28,205,0","135,19,0",0,-1,0,0.0,0.0,0.0,0.0,
585,SIPP_2^3,"28,205,0","135,19,0",0,-1,0,0.0,0.0,0.0,0.0,
585,SIPP_2^4,"28,205,0","135,19,0",0,-1,0,0.0,0.0,0.0,0.0,
585,SIPP_2^5,"28,205,0","135,19,0",0,-1,0,0.0,0.0,0.0,0.0,
585,SIPP_BigCS,"28,205,0","135,19,0",0,-1,0,0.0,0.0,0.0,0.0,
585,SIPP_Standard,"28,205,0","135,19,10",0,-1,62214,180.00284,0.0,0.0,0.0,
586,SIPP_2^2,"200,175,0","24,35,0",0,-1,0,0.0,0.0,0.0,0.0,
586,SIPP_2^3,"200,175,0","24,35,0",0,-1,0,0.0,0.0,0.0,0.0,
586,SIPP_2^4,"200,175,0","24,35,0",0,-1,0,0.0,0.0,0.0,0.0,
586,SIPP_2^5,"200,175,0","24,35,0",0,-1,0,0.0,0.0,0.0,0.0,
586,SIPP_BigCS,"200,175,0","24,35,0",0,-1,0,0.0,0.0,0.0,0.0,
586,SIPP_Standard,"200,175,6","24,35,9",0,-1,53179,180.00213,0.0,0.0,0.0,
587,SIPP_2^2,"236,158,0","13,161,0",0,-1,0,0.0,0.0,0.0,0.0,
587,SIPP_2^3,"236,158,0","13,161,0",0,-1,0,0.0,0.0,0.0,0.0,
587,SIPP_2^4,"236,158,0","13,161,0",0,-1,0,0.0,0.0,0.0,0.0,
587,SIPP_2^5,"236,158,0","13,161,0",0,-1,0,0.0,0.0,0.0,0.0,
587,SIPP_BigCS,"236,158,0","13,161,0",0,-1,0,0.0,0.0,0.0,0.0,
587,SIPP_Standard,"236,158,8","13,161,7",0,-1,57684,180.00096,0.0,0.0,0.0,
588,SIPP_2^2,"30,99,0","230,181,0",0,-1,0,0.0,0.0,0.0,0.0,
588,SIPP_2^3,"30,99,0","230,181,0",0,-1,0,0.0,0.0,0.0,0.0,
588,SIPP_2^4,"30,99,0","230,181,0",0,-1,0,0.0,0.0,0.0,0.0,
588,SIPP_2^5,"30,99,0","230,181,0",0,-1,0,0.0,0.0,0.0,0.0,
588,SIPP_BigCS,"30,99,0","230,181,0",0,-1,0,0.0,0.0,0.0,0.0,
588,SIPP_Standard,"30,99,4","230,181,5",0,-1,0,4e-05,0.0,0.0,0.0,
589,SIPP_2^2,"226,173,0","84,13,0",0,-1,0,0.0,0.0,0.0,0.0,
589,SIPP_2^3,"226,173,0","84,13,0",0,-1,0,0.0,0.0,0.0,0.0,
589,SIPP_2^4,"226,173,0","84,13,0",0,-1,0,0.0,0.0,0.0,0.0,
589,SIPP_2^5,"226,173,0","84,13,0",0,-1,0,0.0,0.0,0.0,0.0,
589,SIPP_BigCS,"226,173,0","84,13,0",0,-1,0,0.0,0.0,0.0,0.0,
589,SIPP_Standard,"226,173,10","84,13,4",0,-1,0,3e-05,0.0,0.0,0.0,
590,SIPP_2^2,"225,61,0","41,162,0",0,-1,0,0.0,0.0,0.0,0.0,
590,SIPP_2^3,"225,61,0","41,162,0",0,-1,0,0.0,0.0,0.0,0.0,
590,SIPP_2^4,"225,61,0","41,162,0",0,-1,0,0.0,0.0,0.0,0.0,
590,SIPP_2^5,"225,61,0","41,162,0",0,-1,0,0.0,0.0,0.0,0.0,
590,SIPP_BigCS,"225,61,0","41,162,0",0,-1,0,0.0,0.0,0.0,0.0,
590,SIPP_Standard,"225,61,12","41,162,5",0,-1,66923,180.00248,0.0,0.0,0.0,
591,SIPP_2^2,"186,170,0","11,18,0",0,-1,0,0.0,0.0,0.0,0.0,
591,SIPP_2^3,"186,170,0","11,18,0",0,-1,0,0.0,0.0,0.0,0.0,
591,SIPP_2^4,"186,170,0","11,18,0",0,-1,0,0.0,0.0,0.0,0.0,
591,SIPP_2^5,"186,170,0","11,18,0",0,-1,0,0.0,0.0,0.0,0.0,
591,SIPP_BigCS,"186,170,0","11,18,0",0,-1,0,0.0,0.0,0.0,0.0,
591,SIPP_Standard,"186,170,5","11,18,9",0,-1,0,5e-05,0.0,0.0,0.0,
592,SIPP_2^2,"253,173,0","27,145,0",0,-1,0,0.0,0.0,0.0,0.0,
592,SIPP_2^3,"253,173,0","27,145,0",0,-1,0,0.0,0.0,0.0,0.0,
592,SIPP_2^4,"253,173,0","27,145,0",0,-1,0,0.0,0.0,0.0,0.0,
592,SIPP_2^5,"253,173,0","27,145,0",0,-1,0,0.0,0.0,0.0,0.0,
592,SIPP_BigCS,"253,173,0","27,145,0",0,-1,0,0.0,0.0,0.0,0.0,
592,SIPP_Standard,"253,173,8","27,145,9",0,-1,62285,180.00299,0.0,0.0,0.0,
593,SIPP_2^2,"228,158,0","21,80,0",0,-1,0,0.0,0.0,0.0,0.0,
593,SIPP_2^3,"228,158,0","21,80,0",0,-1,0,0.0,0.0,0.0,0.0,
593,SIPP_2^4,"228,158,0","21,80,0",0,-1,0,0.0,0.0,0.0,0.0,
593,SIPP_2^5,"228,158,0","21,80,0",0,-1,0,0.0,0.0,0.0,0.0,
593,SIPP_BigCS,"228,158,0","21,80,0",0,-1,0,0.0,0.0,0.0,0.0,
593,SIPP_Standard,"228,158,1","21,80,4",0,-1,0,4e-05,0.0,0.0,0.0,
594,SIPP_2^2,"144,219,0","198,9,0",0,-1,0,0.0,0.0,0.0,0.0,
594,SIPP_2^3,"144,219,0","198,9,0",0,-1,0,0.0,0.0,0.0,0.0,
594,SIPP_2^4,"144,219,0","198,9,0",0,-1,0,0.0,0.0,0.0,0.0,
594,SIPP_2^5,"144,219,0","198,9,0",0,-1,0,0.0,0.0,0.0,0.0,
594,SIPP_BigCS,"144,219,0","198,9,0",0,-1,0,0.0,0.0,0.0,0.0,
594,SIPP_Standard,"144,219,11","198,9,12",0,-1,65798,180.00026,0.0,0.0,0.0,
595,SIPP_2^2,"252,86,0","36,38,0",1,3422.797539,33627,14.87281,459.61941,102.10176,204.20352,0 0 0 0 0 0 0 0 0 0 0 0 0 0 3 3 3 3 3 3 3 3 3 3 3 3 3 0 0 0 0 3 3 3 3 3 3 0 0 3 3 3 3 3 3 0 0 0 0 0 0 0 0 3 3 3 3 3 3 3 0 3 3 3 3 3 3 3 0 3 0 3 3 3 3 0 3 0 3 3 3 3 3 3 3 3 0 0 3 0 0 3 3 0 0 0 0 0 0 0 0 0 0 0 0 0 0 3 3 3 3 3 3 3 3 3 3 3 3 3 3 3 3 3 3 3 3 3 3 3 3 3 0 3 3 0 3 3 3 3 3 3 3 3 3 3 0 3 0 0 0 0 0 3 0 3 0 0 0 0 3 0 -16.748 1 1 -4.104 1 -4.180 1 1 1 0 -54.565 3 -16.658 2 3 3 3 3 3 3 3 3 3 -20.565 3 -0.206 3 -0.049 3 3 3 -10.421 2 -1.123 2 3 3 3 3 3 3 3 3 3 3 3 3 3 3 3 3 3 3 3 3 3 3 3 3 3 3 3 3 3 -83.892 3 -1.047 0 3 0 0 0 3 3 3 3 -5.945 3 -3.293 3 2 3 3 3 3 3 3 3 2 3 3 3 2 2 2 2 2 2 2 2 2 3 3 3 3 3 3 3 3 3 3 3 3 3 3 3 3 2 2 2 3 3 3 3 3 3 3 2 3 3 3 3 3 3 2 3 3 3 3 3 3 3 3 3 3 3 3 3 3 3 3 3 3 3 3 3 3 3 2 3 3 2 3 3 3 3 3 3 3 3 2 3
595,SIPP_2^3,"252,86,0","36,38,0",1,2799.284743,21621,18.70759,204.12314,40.84071,81.68141,0 0 0 0 0 0 0 0 0 0 7 0 7 7 7 6 6 6 6 6 6 6 7 7 7 7 7 7 7 6 6 6 6 6 6 6 6 6 7 7 6 6 6 6 7 7 7 6 7 7 7 7 6 6 6 6 6 6 6 6 6 7 7 7 7 7 7 7 7 7 7 7 7 7 7 7 7 6 6 6 6 6 6 6 6 7 7 6 6 6 6 6 6 6 6 6 7 6 6 6 6 6 6 6 6 6 7 7 6 6 6 6 6 6 6 6 6 6 6 6 6 6 6 6 6 6 6 7 7 7 -1.578 0 0 -54.735 5 -0.040 5 6 6 6 6 6 6 6 6 6 6 6 6 5 5 5 5 5 5 5 5 5 5 5 5 5 5 5 5 5 6 6 6 6 6 6 5 5 6 6 6 6 6 6 6 6 6 6 6 6 6 6 6 6 6 6 6 6 6 6 6 7 6 6 6 7 7 0 0 7 0 0 0 7 7 0 7 -4.487 6 6 6 6 6 6 5 -44.309 0 -1.037 0 -1.200 6 -2.541 7 6 5 6 5 5 -0.412 6 6 6 6 6 6 6 6 6 6 6
595,SIPP_2^4,"252,86,0","36,38,0",1,2654.0748670000003,14444,31.91204,109.26926,24.59318,49.18636,15 0 0 0 0 0 0 0 0 0 -0.443 0 -0.319 13 13 12 12 13 12 13 14 13 13 13 13 13 13 13 13 13 13 13 13 13 13 12 12 13 13 13 12 14 14 14 13 13 13 13 13 13 13 13 14 13 13 13 12 12 12 12 12 12 12 12 12 12 12 12 12 12 13 13 13 13 13 -0.813 12 12 12 12 12 12 12 12 12 12 12 12 12 12 11 11 -14.085 12 -1.670 0 -1.095 0 -1.200 0 -2.541 14 -3.445 2 -59.534 10 -1.521 11 11 12 12 12 12 12 11 12 11 11 11 11 -1.628 10 10 10 10 11 11 11 11 11 10 10 -7.455 10 10 12 12 12 12 12 12 12 12 12 12 12 12 12 12 12 -0.804 12 12 12 12 12 12 12 13 12 13 13 14 14 14 14 13 13 13 13 12 12 12 12 12 12 12 12 12 12 12 12 12 12 12 12 -5.365 12 -0.034 0
595,SIPP_2^5,"252,86,0","36,38,0",1,2654.0748670000003,14920,73.17563,70.44623,15.38072,30.76144,0 0 0 0 0 0 0 31 0 -1.181 0 -0.319 26 25 25 25 26 26 26 27 26 26 26 26 26 26 26 26 26 26 25 25 25 27 27 27 26 26 26 26 27 26 -2.481 26 28 24 24 24 24 24 24 25 25 25 25 25 25 24 23 23 23 23 24 24 24 24 24 24 24 -5.525 28 -4.514 30 -2.430 3 -60.338 20 -1.521 22 23 23 23 23 23 -1.061 24 -3.642 21 21 21 21 21 21 -10.753 20 20 24 24 24 24 24 24 24 24 24 24 24 24 24 24 24 -0.533 25 25 24 24 24 24 24 26 27 27 27 26 25 24 24 24 24 24 24 24 24 24 24 24 25 -9.322 24 -10.062 24
595,SIPP_BigCS,"252,86,9","36,38,4",0,-1,24283,180.14098,0.0,0.0,0.0,
595,SIPP_Standard,"252,86,9","36,38,4",1,2795.959311,72576,177.75536,100.36728,19.0404,2.4021,2 6 74 93 3 23 50 93 19 77 66 50 93 3 23 38 11 -35.639 43 -20.732 109 47 7 59 67 -19.528 47 7 91 19 85 14 -63.060 93 7 91
596,SIPP_2^2,"96,247,0","117,17,0",0,-1,0,0.0,0.0,0.0,0.0,
596,SIPP_2^3,"96,247,0","117,17,0",0,-1,0,0.0,0.0,0.0,0.0,
596,SIPP_2^4,"96,247,0","117,17,0",0,-1,0,0.0,0.0,0.0,0.0,
596,SIPP_2^5,"96,247,0","117,17,0",0,-1,0,0.0,0.0,0.0,0.0,
596,SIPP_BigCS,"96,247,0","117,17,0",0,-1,0,0.0,0.0,0.0,0.0,
596,SIPP_Standard,"96,247,6","117,17,12",0,-1,0,2e-05,0.0,0.0,0.0,
597,SIPP_2^2,"112,220,0","180,21,0",0,-1,0,0.0,0.0,0.0,0.0,
597,SIPP_2^3,"112,220,0","180,21,0",0,-1,0,0.0,0.0,0.0,0.0,
597,SIPP_2^4,"112,220,0","180,21,0",0,-1,0,0.0,0.0,0.0,0.0,
597,SIPP_2^5,"112,220,0","180,21,0",0,-1,0,0.0,0.0,0.0,0.0,
597,SIPP_BigCS,"112,220,0","180,21,0",0,-1,0,0.0,0.0,0.0,0.0,
597,SIPP_Standard,"112,220,1","180,21,10",0,-1,65630,180.00174,0.0,0.0,0.0,
598,SIPP_2^2,"57,119,0","244,37,0",0,-1,0,0.0,0.0,0.0,0.0,
598,SIPP_2^3,"57,119,0","244,37,0",0,-1,0,0.0,0.0,0.0,0.0,
598,SIPP_2^4,"57,119,0","244,37,0",0,-1,0,0.0,0.0,0.0,0.0,
598,SIPP_2^5,"57,119,0","244,37,0",0,-1,0,0.0,0.0,0.0,0.0,
598,SIPP_BigCS,"57,119,0","244,37,0",0,-1,0,0.0,0.0,0.0,0.0,
598,SIPP_Standard,"57,119,0","244,37,14",0,-1,0,2e-05,0.0,0.0,0.0,
599,SIPP_2^2,"189,131,0","3,1,0",1,3408.5356220000003,43895,19.97091,537.40115,119.38052,238.76104,0 0 0 0 0 1 1 0 -8.563 0 3 -5.704 3 -0.060 3 3 -0.748 3 2 3 3 3 3 3 3 3 3 2 3 3 3 3 3 0 0 0 0 0 0 0 3 0 0 0 0 0 3 0 -14.608 3 0 -24.339 3 -27.940 3 3 3 -0.067 3 -4.028 3 -3.594 3 3 -0.706 3 3 3 -3.208 3 3 3 0 0 0 0 0 3 0 0 0 0 0 0 0 0 3 0 0 0 0 0 3 3 3 3 3 3 3 3 3 3 3 3 3 3 3 3 3 3 0 3 3 0 3 3 3 3 3 3 3 0 3 0 0 0 0 0 0 0 0 0 0 3 3 3 3 0 0 3 0 3 3 3 0 0 0 3 3 0 -3.255 3 -10.255 3 3 0 0 3 3 3 3 3 3 3 3 3 3 0 0 0 0 0 3 3 3 3 3 3 3 3 3 3 3 3 3 3 3 3 3 3 3 0 0 3 0 3 3 3 3 0 -14.313 3 3 -2.189 3 3 3 3 3 3 3 3 3 3 0 0 0 0 0 0 0 0 0 0 0 0 0 -17.878 0 0 0 3 3 0 0 0 0 0 0 0 0 0 0 3 0 0 0 0 -14.710 0 -12.370 3 0 0 3 3 3 3 3 3 3 3 3 3 3 3 3 3 3 3 3 3 3 3 0 0 0 3 3 0 0 0 3 3 3 3 3 0 3 3 0 3 0 3 3 0 3 0 3 3 0 3 3 3 3 3 3 3 3 3 3 3 3 3 3 3 3 3 3 3 3 3 3 0 0 0 0 0 0 0 0 0 0 0 3 0 0 0 0 0 3 3 0
599,SIPP_2^3,"189,131,0","3,1,0",1,2705.7757889999993,11593,10.20392,236.24309,46.33849,92.67699,6 6 5 6 6 5 5 6 6 7 7 0 0 1 2 -0.130 4 -3.078 3 4 5 4 5 5 4 5 6 6 5 -4.175 6 6 6 6 6 7 7 7 7 7 7 7 7 7 7 7 7 7 7 7 7 7 7 7 7 7 7 7 7 7 7 7 7 7 6 7 7 6 7 6 7 7 0 7 7 7 7 7 -5.267 7 6 6 7 7 6 7 7 7 6 7 7 7 7 7 7 7 7 7 7 6 6 7 7 7 7 7 6 6 7 6 7 6 7 6 7 7 6 6 6 6 6 6 6 6 6 6 6 6 6 6 6 6 6 7 6 7 7 7 7 7 7 7 7 7 7 7 7 7 7 7 7 7 7 7 7 7 7 -3.056 7 0 7 7 7 7 7 7 7 7 7 7 7 7 7 7 7 7 7 7 7 7 7 7 0 0 -0.226 7 7 7 7 6 6 6 7 7 7 7 7 7 7 7 0 0 -18.996 0 -10.211 0 -0.420 6 -12.033 7 7 7 7 7 7 7
599,SIPP_2^4,"189,131,0","3,1,0",1,2351.5821789999945,2494,5.34421,61.81111,12.21659,24.43319,12 11 12 11 12 11 14 14 14 14 14 13 -0.179 13 -0.840 14 12 13 13 14 14 14 14 13 14 13 13 13 13 13 13 13 13 13 13 13 13 13 13 13 13 13 13 13 13 13 14 14 14 14 15 15 15 15 14 14 14 14 14 14 14 13 13 14 14 14 14 14 14 14 14 14 14 14 14 14 14 14 14 14 14 14 14 14 14 14 14 13 13 14 13 13 13 13 14 13 13 14 14 14 14 14 14 14 14 14 14 14 14 14 14 14 14 14 14 14 14 14 14 14 13 13 13 13 13 13 13 13 13 14 13 14 14 14 13 14 14 14
599,SIPP_2^5,"189,131,0","3,1,0",1,2338.6926219999964,1972,10.3137,28.84184,5.69019,11.38039,23 23 23 -0.089 28 28 28 28 28 -0.288 27 -2.781 25 27 27 27 27 26 26 26 26 26 26 26 26 26 26 26 26 26 26 26 26 26 26 26 27 28 28 28 28 29 29 29 28 29 28 28 28 28 28 28 28 28 28 28 28 28 28 28 28 28 28 28 28 28 28 27 27 28 27 27 28 26 26 26 26 27 27 28 28 28 28 28 28 28 28 28 28 28 28 28 28 27 27 28 27 28 27 27 27 27 27 27 27 27 28 28
599,SIPP_BigCS,"189,131,4","3,1,10",1,2336.1766900000002,4219,32.3218,55.49662,10.1226,1.72,83 347 154 -2.177 330 95 102 102 102 102 102 178 205 205 205 205 205 205 205 205 205 205 205 205 205 205 205 309 75 102 102 102 154 202 218 102 102 102 102 102 102 102 102 102 102 102 102 102 102 102 102 102 102 102 102 126 253 178 205 205 205 205 221 102 102 102 126 253 126 221 126 221 126 221
599,SIPP_Standard,"189,131,4","3,1,10",1,2705.706259,27470,81.50159,71.34897,12.7902,1.7447,86 23 42 -45.046 100 -88.840 82 -10.128 23 -21.697 50 -1.378 69 50 61 61 61 61 69 38 23 -15.655 30 50 77 58 58 58 66 30 50 69 38 -0.696 3 -8.268 23 30
600,SIPP_2^2,"27,50,0","210,180,0",0,-1,0,0.0,0.0,0.0,0.0,
600,SIPP_2^3,"27,50,0","210,180,0",0,-1,0,0.0,0.0,0.0,0.0,
600,SIPP_2^4,"27,50,0","210,180,0",0,-1,0,0.0,0.0,0.0,0.0,
600,SIPP_2^5,"27,50,0","210,180,0",0,-1,0,0.0,0.0,0.0,0.0,
600,SIPP_BigCS,"27,50,0","210,180,0",0,-1,0,0.0,0.0,0.0,0.0,
600,SIPP_Standard,"27,50,9","210,180,5",0,-1,0,4e-05,0.0,0.0,0.0,
601,SIPP_2^2,"161,228,0","134,19,0",0,-1,0,0.0,0.0,0.0,0.0,
601,SIPP_2^3,"161,228,0","134,19,0",0,-1,0,0.0,0.0,0.0,0.0,
601,SIPP_2^4,"161,228,0","134,19,0",0,-1,0,0.0,0.0,0.0,0.0,
601,SIPP_2^5,"161,228,0","134,19,0",0,-1,0,0.0,0.0,0.0,0.0,
601,SIPP_BigCS,"161,228,0","134,19,0",0,-1,0,0.0,0.0,0.0,0.0,
601,SIPP_Standard,"161,228,11","134,19,10",0,-1,0,3e-05,0.0,0.0,0.0,
602,SIPP_2^2,"21,44,0","161,223,0",0,-1,0,0.0,0.0,0.0,0.0,
602,SIPP_2^3,"21,44,0","161,223,0",0,-1,0,0.0,0.0,0.0,0.0,
602,SIPP_2^4,"21,44,0","161,223,0",0,-1,0,0.0,0.0,0.0,0.0,
602,SIPP_2^5,"21,44,0","161,223,0",0,-1,0,0.0,0.0,0.0,0.0,
602,SIPP_BigCS,"21,44,0","161,223,0",0,-1,0,0.0,0.0,0.0,0.0,
602,SIPP_Standard,"21,44,11","161,223,5",0,-1,62182,180.00304,0.0,0.0,0.0,
603,SIPP_2^2,"210,148,0","32,0,0",0,-1,0,0.0,0.0,0.0,0.0,
603,SIPP_2^3,"210,148,0","32,0,0",0,-1,0,0.0,0.0,0.0,0.0,
603,SIPP_2^4,"210,148,0","32,0,0",0,-1,0,0.0,0.0,0.0,0.0,
603,SIPP_2^5,"210,148,0","32,0,0",0,-1,0,0.0,0.0,0.0,0.0,
603,SIPP_BigCS,"210,148,0","32,0,0",0,-1,0,0.0,0.0,0.0,0.0,
603,SIPP_Standard,"210,148,2","32,0,14",0,-1,58864,180.00144,0.0,0.0,0.0,
604,SIPP_2^2,"40,114,0","251,188,0",0,-1,0,0.0,0.0,0.0,0.0,
604,SIPP_2^3,"40,114,0","251,188,0",0,-1,0,0.0,0.0,0.0,0.0,
604,SIPP_2^4,"40,114,0","251,188,0",0,-1,0,0.0,0.0,0.0,0.0,
604,SIPP_2^5,"40,114,0","251,188,0",0,-1,0,0.0,0.0,0.0,0.0,
604,SIPP_BigCS,"40,114,0","251,188,0",0,-1,0,0.0,0.0,0.0,0.0,
604,SIPP_Standard,"40,114,0","251,188,6",0,-1,0,4e-05,0.0,0.0,0.0,
605,SIPP_2^2,"209,213,0","61,33,0",0,-1,0,0.0,0.0,0.0,0.0,
605,SIPP_2^3,"209,213,0","61,33,0",0,-1,0,0.0,0.0,0.0,0.0,
605,SIPP_2^4,"209,213,0","61,33,0",0,-1,0,0.0,0.0,0.0,0.0,
605,SIPP_2^5,"209,213,0","61,33,0",0,-1,0,0.0,0.0,0.0,0.0,
605,SIPP_BigCS,"209,213,0","61,33,0",0,-1,0,0.0,0.0,0.0,0.0,
605,SIPP_Standard,"209,213,5","61,33,8",0,-1,61388,180.00405,0.0,0.0,0.0,
606,SIPP_2^2,"206,220,0","123,21,0",0,-1,0,0.0,0.0,0.0,0.0,
606,SIPP_2^3,"206,220,0","123,21,0",0,-1,0,0.0,0.0,0.0,0.0,
606,SIPP_2^4,"206,220,0","123,21,0",0,-1,0,0.0,0.0,0.0,0.0,
606,SIPP_2^5,"206,220,0","123,21,0",0,-1,0,0.0,0.0,0.0,0.0,
606,SIPP_BigCS,"206,220,0","123,21,0",0,-1,0,0.0,0.0,0.0,0.0,
606,SIPP_Standard,"206,220,15","123,21,2",0,-1,68267,180.00386,0.0,0.0,0.0,
607,SIPP_2^2,"23,220,0","255,203,0",0,-1,0,0.0,0.0,0.0,0.0,
607,SIPP_2^3,"23,220,0","255,203,0",0,-1,0,0.0,0.0,0.0,0.0,
607,SIPP_2^4,"23,220,0","255,203,0",0,-1,0,0.0,0.0,0.0,0.0,
607,SIPP_2^5,"23,220,0","255,203,0",0,-1,0,0.0,0.0,0.0,0.0,
607,SIPP_BigCS,"23,220,0","255,203,0",0,-1,0,0.0,0.0,0.0,0.0,
607,SIPP_Standard,"23,220,1","255,203,0",0,-1,77171,180.00012,0.0,0.0,0.0,
608,SIPP_2^2,"245,1,0","105,162,0",0,-1,0,0.0,0.0,0.0,0.0,
608,SIPP_2^3,"245,1,0","105,162,0",0,-1,0,0.0,0.0,0.0,0.0,
608,SIPP_2^4,"245,1,0","105,162,0",0,-1,0,0.0,0.0,0.0,0.0,
608,SIPP_2^5,"245,1,0","105,162,0",0,-1,0,0.0,0.0,0.0,0.0,
608,SIPP_BigCS,"245,1,0","105,162,0",0,-1,0,0.0,0.0,0.0,0.0,
608,SIPP_Standard,"245,1,7","105,162,3",0,-1,0,2e-05,0.0,0.0,0.0,
609,SIPP_2^2,"22,126,0","238,77,0",0,-1,0,0.0,0.0,0.0,0.0,
609,SIPP_2^3,"22,126,0","238,77,0",0,-1,0,0.0,0.0,0.0,0.0,
609,SIPP_2^4,"22,126,0","238,77,0",0,-1,0,0.0,0.0,0.0,0.0,
609,SIPP_2^5,"22,126,0","238,77,0",0,-1,0,0.0,0.0,0.0,0.0,
609,SIPP_BigCS,"22,126,0","238,77,0",0,-1,0,0.0,0.0,0.0,0.0,
609,SIPP_Standard,"22,126,12","238,77,6",0,-1,0,3e-05,0.0,0.0,0.0,
610,SIPP_2^2,"194,218,0","136,12,0",0,-1,0,0.0,0.0,0.0,0.0,
610,SIPP_2^3,"194,218,0","136,12,0",0,-1,0,0.0,0.0,0.0,0.0,
610,SIPP_2^4,"194,218,0","136,12,0",0,-1,0,0.0,0.0,0.0,0.0,
610,SIPP_2^5,"194,218,0","136,12,0",0,-1,0,0.0,0.0,0.0,0.0,
610,SIPP_BigCS,"194,218,0","136,12,0",0,-1,0,0.0,0.0,0.0,0.0,
610,SIPP_Standard,"194,218,1","136,12,6",0,-1,64321,180.00042,0.0,0.0,0.0,
611,SIPP_2^2,"215,145,0","16,33,0",0,-1,0,0.0,0.0,0.0,0.0,
611,SIPP_2^3,"215,145,0","16,33,0",0,-1,0,0.0,0.0,0.0,0.0,
611,SIPP_2^4,"215,145,0","16,33,0",0,-1,0,0.0,0.0,0.0,0.0,
611,SIPP_2^5,"215,145,0","16,33,0",0,-1,0,0.0,0.0,0.0,0.0,
611,SIPP_BigCS,"215,145,0","16,33,0",0,-1,0,0.0,0.0,0.0,0.0,
611,SIPP_Standard,"215,145,13","16,33,4",0,-1,0,4e-05,0.0,0.0,0.0,
612,SIPP_2^2,"189,207,0","55,19,0",0,-1,0,0.0,0.0,0.0,0.0,
612,SIPP_2^3,"189,207,0","55,19,0",0,-1,0,0.0,0.0,0.0,0.0,
612,SIPP_2^4,"189,207,0","55,19,0",0,-1,0,0.0,0.0,0.0,0.0,
612,SIPP_2^5,"189,207,0","55,19,0",0,-1,0,0.0,0.0,0.0,0.0,
612,SIPP_BigCS,"189,207,0","55,19,0",0,-1,0,0.0,0.0,0.0,0.0,
612,SIPP_Standard,"189,207,2","55,19,12",0,-1,0,3e-05,0.0,0.0,0.0,
613,SIPP_2^2,"198,64,0","20,183,0",0,-1,0,0.0,0.0,0.0,0.0,
613,SIPP_2^3,"198,64,0","20,183,0",0,-1,0,0.0,0.0,0.0,0.0,
613,SIPP_2^4,"198,64,0","20,183,0",0,-1,0,0.0,0.0,0.0,0.0,
613,SIPP_2^5,"198,64,0","20,183,0",0,-1,0,0.0,0.0,0.0,0.0,
613,SIPP_BigCS,"198,64,0","20,183,0",0,-1,0,0.0,0.0,0.0,0.0,
613,SIPP_Standard,"198,64,4","20,183,4",0,-1,0,3e-05,0.0,0.0,0.0,
614,SIPP_2^2,"18,214,0","131,52,0",0,-1,0,0.0,0.0,0.0,0.0,
614,SIPP_2^3,"18,214,0","131,52,0",0,-1,0,0.0,0.0,0.0,0.0,
614,SIPP_2^4,"18,214,0","131,52,0",0,-1,0,0.0,0.0,0.0,0.0,
614,SIPP_2^5,"18,214,0","131,52,0",0,-1,0,0.0,0.0,0.0,0.0,
614,SIPP_BigCS,"18,214,0","131,52,0",0,-1,0,0.0,0.0,0.0,0.0,
614,SIPP_Standard,"18,214,10","131,52,3",0,-1,66859,180.00273,0.0,0.0,0.0,
615,SIPP_2^2,"17,179,0","232,104,0",0,-1,0,0.0,0.0,0.0,0.0,
615,SIPP_2^3,"17,179,0","232,104,0",0,-1,0,0.0,0.0,0.0,0.0,
615,SIPP_2^4,"17,179,0","232,104,0",0,-1,0,0.0,0.0,0.0,0.0,
615,SIPP_2^5,"17,179,0","232,104,0",0,-1,0,0.0,0.0,0.0,0.0,
615,SIPP_BigCS,"17,179,0","232,104,0",0,-1,0,0.0,0.0,0.0,0.0,
615,SIPP_Standard,"17,179,13","232,104,9",0,-1,63928,180.00002,0.0,0.0,0.0,
616,SIPP_2^2,"224,49,0","157,253,0",0,-1,0,0.0,0.0,0.0,0.0,
616,SIPP_2^3,"224,49,0","157,253,0",0,-1,0,0.0,0.0,0.0,0.0,
616,SIPP_2^4,"224,49,0","157,253,0",0,-1,0,0.0,0.0,0.0,0.0,
616,SIPP_2^5,"224,49,0","157,253,0",0,-1,0,0.0,0.0,0.0,0.0,
616,SIPP_BigCS,"224,49,0","157,253,0",0,-1,0,0.0,0.0,0.0,0.0,
616,SIPP_Standard,"224,49,13","157,253,13",0,-1,0,2e-05,0.0,0.0,0.0,
617,SIPP_2^2,"209,100,0","12,0,0",0,-1,0,0.0,0.0,0.0,0.0,
617,SIPP_2^3,"209,100,0","12,0,0",0,-1,0,0.0,0.0,0.0,0.0,
617,SIPP_2^4,"209,100,0","12,0,0",0,-1,0,0.0,0.0,0.0,0.0,
617,SIPP_2^5,"209,100,0","12,0,0",0,-1,0,0.0,0.0,0.0,0.0,
617,SIPP_BigCS,"209,100,0","12,0,0",0,-1,0,0.0,0.0,0.0,0.0,
617,SIPP_Standard,"209,100,3","12,0,8",0,-1,65812,180.00232,0.0,0.0,0.0,
618,SIPP_2^2,"24,166,0","215,70,0",0,-1,0,0.0,0.0,0.0,0.0,
618,SIPP_2^3,"24,166,0","215,70,0",0,-1,0,0.0,0.0,0.0,0.0,
618,SIPP_2^4,"24,166,0","215,70,0",0,-1,0,0.0,0.0,0.0,0.0,
618,SIPP_2^5,"24,166,0","215,70,0",0,-1,0,0.0,0.0,0.0,0.0,
618,SIPP_BigCS,"24,166,0","215,70,0",0,-1,0,0.0,0.0,0.0,0.0,
618,SIPP_Standard,"24,166,14","215,70,4",0,-1,0,8e-05,0.0,0.0,0.0,
619,SIPP_2^2,"8,84,0","177,238,0",0,-1,0,0.0,0.0,0.0,0.0,
619,SIPP_2^3,"8,84,0","177,238,0",0,-1,0,0.0,0.0,0.0,0.0,
619,SIPP_2^4,"8,84,0","177,238,0",0,-1,0,0.0,0.0,0.0,0.0,
619,SIPP_2^5,"8,84,0","177,238,0",0,-1,0,0.0,0.0,0.0,0.0,
619,SIPP_BigCS,"8,84,0","177,238,0",0,-1,0,0.0,0.0,0.0,0.0,
619,SIPP_Standard,"8,84,10","177,238,10",0,-1,64309,180.00117,0.0,0.0,0.0,
620,SIPP_2^2,"9,90,0","231,31,0",0,-1,0,0.0,0.0,0.0,0.0,
620,SIPP_2^3,"9,90,0","231,31,0",0,-1,0,0.0,0.0,0.0,0.0,
620,SIPP_2^4,"9,90,0","231,31,0",0,-1,0,0.0,0.0,0.0,0.0,
620,SIPP_2^5,"9,90,0","231,31,0",0,-1,0,0.0,0.0,0.0,0.0,
620,SIPP_BigCS,"9,90,0","231,31,0",0,-1,0,0.0,0.0,0.0,0.0,
620,SIPP_Standard,"9,90,0","231,31,9",0,-1,64004,180.00443,0.0,0.0,0.0,
621,SIPP_2^2,"166,224,0","4,54,0",0,-1,0,0.0,0.0,0.0,0.0,
621,SIPP_2^3,"166,224,0","4,54,0",0,-1,0,0.0,0.0,0.0,0.0,
621,SIPP_2^4,"166,224,0","4,54,0",0,-1,0,0.0,0.0,0.0,0.0,
621,SIPP_2^5,"166,224,0","4,54,0",0,-1,0,0.0,0.0,0.0,0.0,
621,SIPP_BigCS,"166,224,0","4,54,0",0,-1,0,0.0,0.0,0.0,0.0,
621,SIPP_Standard,"166,224,11","4,54,6",0,-1,0,6e-05,0.0,0.0,0.0,
622,SIPP_2^2,"1,152,0","234,110,0",0,-1,0,0.0,0.0,0.0,0.0,
622,SIPP_2^3,"1,152,0","234,110,0",0,-1,0,0.0,0.0,0.0,0.0,
622,SIPP_2^4,"1,152,0","234,110,0",0,-1,0,0.0,0.0,0.0,0.0,
622,SIPP_2^5,"1,152,0","234,110,0",0,-1,0,0.0,0.0,0.0,0.0,
622,SIPP_BigCS,"1,152,0","234,110,0",0,-1,0,0.0,0.0,0.0,0.0,
622,SIPP_Standard,"1,152,14","234,110,1",0,-1,62822,180.00121,0.0,0.0,0.0,
623,SIPP_2^2,"9,123,0","208,227,0",0,-1,0,0.0,0.0,0.0,0.0,
623,SIPP_2^3,"9,123,0","208,227,0",0,-1,0,0.0,0.0,0.0,0.0,
623,SIPP_2^4,"9,123,0","208,227,0",0,-1,0,0.0,0.0,0.0,0.0,
623,SIPP_2^5,"9,123,0","208,227,0",0,-1,0,0.0,0.0,0.0,0.0,
623,SIPP_BigCS,"9,123,0","208,227,0",0,-1,0,0.0,0.0,0.0,0.0,
623,SIPP_Standard,"9,123,14","208,227,15",0,-1,69856,180.00286,0.0,0.0,0.0,
624,SIPP_2^2,"44,45,0","205,223,0",0,-1,0,0.0,0.0,0.0,0.0,
624,SIPP_2^3,"44,45,0","205,223,0",0,-1,0,0.0,0.0,0.0,0.0,
624,SIPP_2^4,"44,45,0","205,223,0",0,-1,0,0.0,0.0,0.0,0.0,
624,SIPP_2^5,"44,45,0","205,223,0",0,-1,0,0.0,0.0,0.0,0.0,
624,SIPP_BigCS,"44,45,0","205,223,0",0,-1,0,0.0,0.0,0.0,0.0,
624,SIPP_Standard,"44,45,7","205,223,7",0,-1,0,5e-05,0.0,0.0,0.0,
625,SIPP_2^2,"204,203,0","17,63,0",1,3376.8207610000004,37556,17.32947,728.31998,161.79202,323.58404,3 3 3 3 0 0 0 0 0 0 0 0 0 0 0 0 0 0 3 3 3 3 3 3 0 0 3 0 0 0 0 0 0 0 3 3 3 3 3 3 0 3 3 3 3 3 3 3 3 3 3 3 0 0 3 0 0 3 3 3 3 3 3 3 3 3 3 0 3 0 3 0 0 3 3 3 3 0 0 0 3 3 3 3 3 3 0 3 0 0 3 3 3 0 3 0 3 0 3 0 0 3 0 3 0 3 0 0 0 0 3 0 0 0 3 3 0 3 3 3 3 0 3 0 0 3 3 3 0 3 0 0 0 0 0 0 0 0 0 3 0 0 0 3 0 3 3 3 3 0 3 0 0 3 3 3 0 0 0 3 3 0 3 3 3 3 3 0 0 0 3 3 0 0 0 0 0 0 0 3 3 3 3 0 0 3 -10.583 0 -0.534 0 0 0 0 0 0 0 0 0 0 0 0 0 0 0 -13.986 0 -1.126 0 -0.592 3 0 0 0 0 0 3 0 0 3 3 0 3 0 3 0 0 0 0 0 0 0 0 0 0 3 3 3 3 3 3 3 3 3 3 3 3 3 3 3 3 3 3 0 0 3 0 0 3 3 0 0 0 0 3 3 0 3 3 0 3 3 3 0 0 3 3 0 0 3 3 3 3 3 3 3 3 3 3 3 3 3 3 3 3 3 3 3 3 3 3 3 3 3 0 0 3 0 0 3 3 3 3 3 3 3 3 3 3 3 3 3 3 3 3 3 3 3 3 2 3 3 3 3 3 3 3 2 2 3 2
625,SIPP_2^3,"204,203,0","17,63,0",1,2887.2520139999983,25613,22.14076,277.25647,54.19248,108.38495,6 6 7 7 0 0 0 0 0 0 7 7 7 0 0 0 0 7 7 7 7 7 0 7 7 6 6 6 6 6 7 7 7 7 7 7 7 6 7 6 7 7 6 6 7 7 6 6 7 6 7 7 7 7 7 7 7 6 6 6 6 5 7 7 7 7 7 7 7 7 7 7 7 7 7 7 7 7 7 7 7 7 7 7 7 7 7 7 7 7 7 7 7 7 7 7 7 7 7 7 7 7 7 7 7 7 -2.550 7 -2.058 7 7 7 7 7 7 7 6 7 6 6 6 7 6 6 6 7 6 7 7 6 7 6 7 -120.528 6 -11.448 0 -8.099 7 0 0 1 0 0 -0.682 0 -3.105 0 0 7 0 0 0 0 0 0 0 0 0 0 7 7 0 0 -0.047 7 -6.826 7 7 7 6 6 6 6 6 6 6 6 6 6 6 6 7 7 6 7 6 6 6 6 6 6 7 6 6 6 7 6 6 6 6 7 6 7 7 7 7 7 6 6 5 5 5 6 5 5 5 5 6 6 6 5 6 7 7 7 7 7 0 7
625,SIPP_2^4,"204,203,0","17,63,0",1,2511.013721999995,7853,17.46183,89.4989,17.81832,35.63664,12 12 14 14 0 0 15 15 15 0 15 15 15 15 15 14 14 13 13 13 13 13 13 14 13 13 13 13 13 13 13 13 13 13 13 13 13 13 13 13 14 14 14 14 14 13 14 14 14 14 14 14 14 14 13 14 14 12 12 12 12 12 12 12 12 12 13 13 13 13 12 12 12 12 12 12 12 12 12 12 12 12 13 13 12 13 13 13 13 13 13 13 -26.900 13 12 14 14 14 14 14 14 14 14 14 14 14 14 14 14 14 14 15 14 13 14 14 14 14 14 0 0 0 15 15 14 14 14 14 14 15 15 15 15 15 14 15 14 14 13 14 12 12 13 13 13 13 12 14 15 15
625,SIPP_2^5,"204,203,0","17,63,0",1,2499.6984819999966,7673,40.71018,42.15461,8.42863,16.85726,24 24 28 28 31 31 31 30 30 30 30 30 28 28 26 26 26 26 26 26 26 27 27 26 26 26 26 26 26 26 26 26 26 28 28 28 28 28 28 28 28 28 28 27 27 27 27 25 24 25 25 25 25 25 25 25 25 25 25 25 24 24 24 24 24 25 25 24 24 -42.448 25 28 28 28 28 28 28 28 28 28 28 28 28 28 28 28 29 28 27 28 28 28 28 31 31 30 29 29 29 29 29 28 28 28 28 28 28 25 25 25 26 28 30 30
625,SIPP_BigCS,"204,203,8","17,63,6",0,-1,18721,180.14826,0.0,0.0,0.0,
625,SIPP_Standard,"204,203,8","17,63,6",1,2574.0374570000004,47365,150.16104,69.36819,12.7641,1.5612,27 90 6 66 50 61 61 93 19 69 30 30 50 61 93 3 3 19 -1.037 61 77 66 30 50 85 2 10 54 74 101 107 50
626,SIPP_2^2,"254,189,0","25,219,0",0,-1,0,0.0,0.0,0.0,0.0,
626,SIPP_2^3,"254,189,0","25,219,0",0,-1,0,0.0,0.0,0.0,0.0,
626,SIPP_2^4,"254,189,0","25,219,0",0,-1,0,0.0,0.0,0.0,0.0,
626,SIPP_2^5,"254,189,0","25,219,0",0,-1,0,0.0,0.0,0.0,0.0,
626,SIPP_BigCS,"254,189,0","25,219,0",0,-1,0,0.0,0.0,0.0,0.0,
626,SIPP_Standard,"254,189,3","25,219,4",0,-1,61779,180.00151,0.0,0.0,0.0,
627,SIPP_2^2,"59,222,0","188,40,0",0,-1,0,0.0,0.0,0.0,0.0,
627,SIPP_2^3,"59,222,0","188,40,0",0,-1,0,0.0,0.0,0.0,0.0,
627,SIPP_2^4,"59,222,0","188,40,0",0,-1,0,0.0,0.0,0.0,0.0,
627,SIPP_2^5,"59,222,0","188,40,0",0,-1,0,0.0,0.0,0.0,0.0,
627,SIPP_BigCS,"59,222,0","188,40,0",0,-1,0,0.0,0.0,0.0,0.0,
627,SIPP_Standard,"59,222,1","188,40,2",0,-1,59318,180.00117,0.0,0.0,0.0,
628,SIPP_2^2,"191,237,0","127,30,0",0,-1,0,0.0,0.0,0.0,0.0,
628,SIPP_2^3,"191,237,0","127,30,0",0,-1,0,0.0,0.0,0.0,0.0,
628,SIPP_2^4,"191,237,0","127,30,0",0,-1,0,0.0,0.0,0.0,0.0,
628,SIPP_2^5,"191,237,0","127,30,0",0,-1,0,0.0,0.0,0.0,0.0,
628,SIPP_BigCS,"191,237,0","127,30,0",0,-1,0,0.0,0.0,0.0,0.0,
628,SIPP_Standard,"191,237,14","127,30,9",0,-1,0,2e-05,0.0,0.0,0.0,
629,SIPP_2^2,"52,168,0","244,57,0",0,-1,0,0.0,0.0,0.0,0.0,
629,SIPP_2^3,"52,168,0","244,57,0",0,-1,0,0.0,0.0,0.0,0.0,
629,SIPP_2^4,"52,168,0","244,57,0",0,-1,0,0.0,0.0,0.0,0.0,
629,SIPP_2^5,"52,168,0","244,57,0",0,-1,0,0.0,0.0,0.0,0.0,
629,SIPP_BigCS,"52,168,0","244,57,0",0,-1,0,0.0,0.0,0.0,0.0,
629,SIPP_Standard,"52,168,14","244,57,13",0,-1,0,3e-05,0.0,0.0,0.0,
630,SIPP_2^2,"220,40,0","53,181,0",0,-1,0,0.0,0.0,0.0,0.0,
630,SIPP_2^3,"220,40,0","53,181,0",0,-1,0,0.0,0.0,0.0,0.0,
630,SIPP_2^4,"220,40,0","53,181,0",0,-1,0,0.0,0.0,0.0,0.0,
630,SIPP_2^5,"220,40,0","53,181,0",0,-1,0,0.0,0.0,0.0,0.0,
630,SIPP_BigCS,"220,40,0","53,181,0",0,-1,0,0.0,0.0,0.0,0.0,
630,SIPP_Standard,"220,40,11","53,181,14",0,-1,4,0.01612,0.0,0.0,0.0,
631,SIPP_2^2,"246,187,0","17,131,0",0,-1,0,0.0,0.0,0.0,0.0,
631,SIPP_2^3,"246,187,0","17,131,0",0,-1,0,0.0,0.0,0.0,0.0,
631,SIPP_2^4,"246,187,0","17,131,0",0,-1,0,0.0,0.0,0.0,0.0,
631,SIPP_2^5,"246,187,0","17,131,0",0,-1,0,0.0,0.0,0.0,0.0,
631,SIPP_BigCS,"246,187,0","17,131,0",0,-1,0,0.0,0.0,0.0,0.0,
631,SIPP_Standard,"246,187,13","17,131,4",0,-1,0,3e-05,0.0,0.0,0.0,
632,SIPP_2^2,"14,158,0","253,196,0",0,-1,0,0.0,0.0,0.0,0.0,
632,SIPP_2^3,"14,158,0","253,196,0",0,-1,0,0.0,0.0,0.0,0.0,
632,SIPP_2^4,"14,158,0","253,196,0",0,-1,0,0.0,0.0,0.0,0.0,
632,SIPP_2^5,"14,158,0","253,196,0",0,-1,0,0.0,0.0,0.0,0.0,
632,SIPP_BigCS,"14,158,0","253,196,0",0,-1,0,0.0,0.0,0.0,0.0,
632,SIPP_Standard,"14,158,10","253,196,0",0,-1,0,3e-05,0.0,0.0,0.0,
633,SIPP_2^2,"217,223,0","82,31,0",1,3976.1370880000004,54326,23.2354,558.61436,124.09291,248.18582,3 3 2 3 2 3 3 3 2 2 2 3 3 2 3 3 3 3 2 3 3 2 3 -63.560 2 -0.410 3 -0.106 3 -0.013 3 3 3 3 3 -0.006 3 -0.310 3 3 3 3 3 3 3 3 3 3 3 3 0 0 0 0 0 3 0 3 3 3 3 3 3 3 3 3 3 3 0 0 3 0 0 3 3 3 3 3 3 3 3 0 3 3 3 3 3 3 3 3 3 3 3 3 3 3 3 3 3 3 3 3 3 3 0 3 0 3 3 0 3 3 3 3 3 3 3 3 3 3 3 3 3 3 3 3 3 3 3 3 3 3 0 0 0 0 0 0 0 3 0 0 0 0 0 0 0 3 0 0 0 0 0 0 0 0 0 0 0 0 0 0 0 0 0 0 0 0 0 3 0 0 0 0 0 0 3 3 0 0 0 3 0 0 0 0 0 0 0 0 0 0 0 3 0 0 0 0 0 0 0 0 0 0 0 0 0 0 0 0 0 0 1 0 1 -4.977 0 -6.470 0 -4.184 0 0 0 0 0 0 0 0 0 0 0 0 0 -1.458 0 3 3 3 0 -10.917 0 -12.273 1 0 -2.274 0 -11.880 0 0 0 0 -0.793 0 0 -10.392 0 3 -0.352 3 -6.113 3 -41.589 3 -12.490 0 3 0 0 0 3 0 3 0 -155.945 3 -1.047 0 -23.908 0 0 0 0 0 0 0 0 0 0 0 0 0 0 0 0 0 0 3 0 0 0 0 0 0 0 0 0 0 -54.559 0 -9.986 0 0 0 0 0 0 0 0 0 0 0 0 0 0 0 0 0 0 0 0 0 0 0 0 0 0 0 0 0 0 0 0 0 3 0 3 3 0 3 0 0 3 0 3 -18.478 3 -11.646 3 3 3 3 3 3 0 0 0 0 0 0 0 0 0 3 0 3 0 3 0
633,SIPP_2^3,"217,223,0","82,31,0",1,3098.5395489999983,29908,23.86112,360.48369,69.90044,139.80088,6 6 6 6 6 6 6 7 7 7 6 7 7 7 0 0 0 0 0 0 0 0 0 7 0 0 7 7 0 0 -7.558 0 0 0 0 0 0 0 0 0 0 0 0 0 0 0 0 0 7 7 7 7 7 0 0 0 7 0 0 0 0 0 0 0 0 0 0 7 7 6 6 7 7 7 7 7 6 7 7 6 7 6 7 6 5 5 6 6 5 5 6 5 6 6 6 6 7 7 7 6 7 7 7 6 6 6 6 7 6 6 6 6 7 6 -18.458 4 -0.410 2 -57.831 2 -1.639 0 -1.175 2 -1.369 0 7 7 7 6 6 6 7 6 6 6 6 7 7 7 7 7 7 6 7 6 7 6 6 7 7 7 7 7 7 7 7 7 7 7 6 7 -38.369 6 -25.580 0 -3.037 0 -5.720 6 -13.612 0 -0.918 6 -0.201 0 -0.084 0 7 0 7 7 -3.217 7 7 7 7 7 7 7 7 7 7 7 7 0 0 7 7 0 0 0 0 0 0 0 1 0 0 0 0 0 0 0 0 0 0 0 0 0 0 0 7 0 7 0 0 0 0 0 0 0 0 0 0 0 0 0 0 7 0 0 0 0 0 0 0 0 0 0 0 0 0 0 0 0 0 7 7 7 7 7 7 0 7 7 7 0 7
633,SIPP_2^4,"217,223,0","82,31,0",1,2718.967854999995,10263,19.71767,119.83422,23.87377,47.74754,12 12 12 12 12 12 12 14 14 14 13 14 14 0 0 0 0 15 0 0 0 15 0 15 15 -6.816 1 -2.113 0 -0.909 0 0 0 0 0 15 15 15 15 15 0 15 0 0 0 0 0 0 15 0 0 0 0 0 1 -2.295 14 14 12 12 12 12 12 12 12 12 12 12 12 13 12 12 13 12 12 12 12 12 12 12 12 12 12 13 13 13 13 14 14 14 14 14 14 14 14 14 14 13 14 14 14 13 13 13 13 13 13 13 14 14 13 14 14 14 14 14 14 14 14 14 14 13 14 14 14 14 14 14 14 14 14 14 14 14 14 14 14 13 14 14 15 0 0 0 0 0 0 0 0 0 0 0 0 0 15 0 0 15 15 0 15 0 1 0 0 0 0 0 0 0 0 0 0 0 15 0 0 0 0 0 0 0 0 0 0 0 0 0 0 0 0 0 15 15 15 15 15 0 0 15
633,SIPP_2^5,"217,223,0","82,31,0",1,2669.436529,9976,44.50023,72.50315,14.43639,28.87277,24 24 24 24 24 24 25 28 28 28 28 28 0 0 0 0 31 31 0 31 30 -9.767 2 -2.113 0 -0.909 0 31 31 31 31 31 31 31 30 29 26 24 24 24 24 24 24 25 24 24 24 24 25 24 24 24 24 24 24 25 24 24 25 28 28 28 28 28 28 27 28 27 27 27 28 27 27 27 28 28 28 28 28 28 28 28 28 28 28 28 28 27 28 28 27 28 28 28 27 28 28 -0.610 28 0 0 0 0 0 0 31 29 30 30 30 31 31 31 31 31 31 31 0 0 0 0 0 0 0 0 31 31 31 31 31 31 0 0 0 0 0 0 0 0 0 0 0 31 0 2 -0.248 2 2
633,SIPP_BigCS,"217,223,6","82,31,3",0,-1,27321,180.15927,0.0,0.0,0.0,
633,SIPP_Standard,"217,223,6","82,31,3",1,3379.482683,64453,175.05555,109.06675,20.1094,2.8572,-2.898 78 91 -120.037 23 54 74 109 47 -7.814 11 -14.141 43 -4.225 61 61 93 -1.931 23 50 77 58 74 69 30 46 2 2 6 98 108 46 6 -9.158 58 -3.373 98 68 33 58 -2.845 90 -35.060 2 2 18 60 92
634,SIPP_2^2,"9,73,0","230,81,0",0,-1,0,0.0,0.0,0.0,0.0,
634,SIPP_2^3,"9,73,0","230,81,0",0,-1,0,0.0,0.0,0.0,0.0,
634,SIPP_2^4,"9,73,0","230,81,0",0,-1,0,0.0,0.0,0.0,0.0,
634,SIPP_2^5,"9,73,0","230,81,0",0,-1,0,0.0,0.0,0.0,0.0,
634,SIPP_BigCS,"9,73,0","230,81,0",0,-1,0,0.0,0.0,0.0,0.0,
634,SIPP_Standard,"9,73,12","230,81,15",0,-1,0,4e-05,0.0,0.0,0.0,
635,SIPP_2^2,"180,38,0","62,224,0",0,-1,0,0.0,0.0,0.0,0.0,
635,SIPP_2^3,"180,38,0","62,224,0",0,-1,0,0.0,0.0,0.0,0.0,
635,SIPP_2^4,"180,38,0","62,224,0",0,-1,0,0.0,0.0,0.0,0.0,
635,SIPP_2^5,"180,38,0","62,224,0",0,-1,0,0.0,0.0,0.0,0.0,
635,SIPP_BigCS,"180,38,0","62,224,0",0,-1,0,0.0,0.0,0.0,0.0,
635,SIPP_Standard,"180,38,13","62,224,3",0,-1,0,3e-05,0.0,0.0,0.0,
636,SIPP_2^2,"202,8,0","146,231,0",0,-1,0,0.0,0.0,0.0,0.0,
636,SIPP_2^3,"202,8,0","146,231,0",0,-1,0,0.0,0.0,0.0,0.0,
636,SIPP_2^4,"202,8,0","146,231,0",0,-1,0,0.0,0.0,0.0,0.0,
636,SIPP_2^5,"202,8,0","146,231,0",0,-1,0,0.0,0.0,0.0,0.0,
636,SIPP_BigCS,"202,8,0","146,231,0",0,-1,0,0.0,0.0,0.0,0.0,
636,SIPP_Standard,"202,8,14","146,231,3",0,-1,0,3e-05,0.0,0.0,0.0,
637,SIPP_2^2,"31,34,0","204,210,0",0,-1,0,0.0,0.0,0.0,0.0,
637,SIPP_2^3,"31,34,0","204,210,0",0,-1,0,0.0,0.0,0.0,0.0,
637,SIPP_2^4,"31,34,0","204,210,0",0,-1,0,0.0,0.0,0.0,0.0,
637,SIPP_2^5,"31,34,0","204,210,0",0,-1,0,0.0,0.0,0.0,0.0,
637,SIPP_BigCS,"31,34,0","204,210,0",0,-1,0,0.0,0.0,0.0,0.0,
637,SIPP_Standard,"31,34,2","204,210,7",0,-1,61003,180.00135,0.0,0.0,0.0,
638,SIPP_2^2,"218,15,0","57,147,0",0,-1,0,0.0,0.0,0.0,0.0,
638,SIPP_2^3,"218,15,0","57,147,0",0,-1,0,0.0,0.0,0.0,0.0,
638,SIPP_2^4,"218,15,0","57,147,0",0,-1,0,0.0,0.0,0.0,0.0,
638,SIPP_2^5,"218,15,0","57,147,0",0,-1,0,0.0,0.0,0.0,0.0,
638,SIPP_BigCS,"218,15,0","57,147,0",0,-1,0,0.0,0.0,0.0,0.0,
638,SIPP_Standard,"218,15,2","57,147,2",0,-1,64039,180.00128,0.0,0.0,0.0,
639,SIPP_2^2,"2,192,0","249,182,0",0,-1,0,0.0,0.0,0.0,0.0,
639,SIPP_2^3,"2,192,0","249,182,0",0,-1,0,0.0,0.0,0.0,0.0,
639,SIPP_2^4,"2,192,0","249,182,0",0,-1,0,0.0,0.0,0.0,0.0,
639,SIPP_2^5,"2,192,0","249,182,0",0,-1,0,0.0,0.0,0.0,0.0,
639,SIPP_BigCS,"2,192,0","249,182,0",0,-1,0,0.0,0.0,0.0,0.0,
639,SIPP_Standard,"2,192,1","249,182,14",0,-1,76487,180.00028,0.0,0.0,0.0,
640,SIPP_2^2,"248,11,0","85,159,0",0,-1,0,0.0,0.0,0.0,0.0,
640,SIPP_2^3,"248,11,0","85,159,0",0,-1,0,0.0,0.0,0.0,0.0,
640,SIPP_2^4,"248,11,0","85,159,0",0,-1,0,0.0,0.0,0.0,0.0,
640,SIPP_2^5,"248,11,0","85,159,0",0,-1,0,0.0,0.0,0.0,0.0,
640,SIPP_BigCS,"248,11,0","85,159,0",0,-1,0,0.0,0.0,0.0,0.0,
640,SIPP_Standard,"248,11,9","85,159,2",0,-1,67405,180.00294,0.0,0.0,0.0,
641,SIPP_2^2,"52,179,0","199,19,0",0,-1,0,0.0,0.0,0.0,0.0,
641,SIPP_2^3,"52,179,0","199,19,0",0,-1,0,0.0,0.0,0.0,0.0,
641,SIPP_2^4,"52,179,0","199,19,0",0,-1,0,0.0,0.0,0.0,0.0,
641,SIPP_2^5,"52,179,0","199,19,0",0,-1,0,0.0,0.0,0.0,0.0,
641,SIPP_BigCS,"52,179,0","199,19,0",0,-1,0,0.0,0.0,0.0,0.0,
641,SIPP_Standard,"52,179,2","199,19,3",0,-1,0,6e-05,0.0,0.0,0.0,
642,SIPP_2^2,"242,224,0","74,52,0",0,-1,0,0.0,0.0,0.0,0.0,
642,SIPP_2^3,"242,224,0","74,52,0",0,-1,0,0.0,0.0,0.0,0.0,
642,SIPP_2^4,"242,224,0","74,52,0",0,-1,0,0.0,0.0,0.0,0.0,
642,SIPP_2^5,"242,224,0","74,52,0",0,-1,0,0.0,0.0,0.0,0.0,
642,SIPP_BigCS,"242,224,0","74,52,0",0,-1,0,0.0,0.0,0.0,0.0,
642,SIPP_Standard,"242,224,12","74,52,10",0,-1,9,0.02904,0.0,0.0,0.0,
643,SIPP_2^2,"26,18,0","146,225,0",1,3969.9753020000003,82126,36.21238,692.96465,153.93804,307.87608,2 2 2 2 2 2 2 2 2 2 2 2 2 2 2 2 2 2 2 2 1 2 1 2 1 1 1 1 2 2 2 2 1 1 1 1 1 2 1 2 1 1 2 2 1 2 1 2 1 1 2 1 2 1 1 2 1 1 1 1 1 2 1 2 3 2 2 -6.766 1 1 1 2 2 2 2 2 2 2 2 2 2 2 2 2 2 1 2 2 2 1 1 1 1 2 2 2 2 2 2 1 2 2 2 2 1 1 2 2 2 1 2 1 1 1 1 1 1 1 1 2 2 2 2 1 2 1 1 1 1 1 1 1 1 1 1 1 1 1 1 1 1 1 1 1 1 1 1 1 1 2 2 2 1 1 2 1 2 2 2 1 1 2 1 2 1 1 2 2 2 2 2 1 2 2 1 2 2 2 1 2 2 2 1 2 2 1 1 1 2 2 1 1 1 1 1 1 1 1 1 2 2 2 2 2 2 1 2 1 1 1 1 1 1 1 2 2 2 2 2 2 2 2 2 1 1 1 2 2 2 2 2 2 2 2 2 2 2 2 2 2 2 2 2 3 2 3 2 3 3 3 3 3 3 3 3 2 2 2 2 2 2 2 3 2 3 2 2 3 -23.609 2 -7.587 3 -5.593 3 -4.473 2 -52.568 2 -0.985 3 -0.534 3 -0.151 3 -0.060 3 -0.420 3 2 -55.101 2 2 2 2 2 2 2 2 -113.569 2 -2.094 2 -1.047 2 -0.410 2 -0.106 2 -0.013 2 2 2 2 -0.018 2 -0.033 2 -0.117 2 -0.395 2 -0.869 2 -1.059 2 -1.142 2 -1.255 2 2 2 2 2 2 2 2 2 2 2 2 2 2 2 2 2 2 2 2 2 2 2 2 2 1 1 1 1 1 1 1 1 1 2 1 1 1 1 1 1 1 1 1 1 1 1 1 1 1 2 2 2 2 2 1 1 1 1 1 1 1 1 1 2 1 2
643,SIPP_2^3,"26,18,0","146,225,0",1,3206.831908,40728,34.28967,292.38893,58.90486,117.80973,3 4 4 4 3 4 4 4 4 4 4 3 4 4 4 4 4 4 4 4 4 4 3 3 3 4 3 3 3 3 3 3 3 4 4 4 4 4 4 3 3 3 3 3 2 -30.499 2 -0.693 3 -0.040 3 4 3 3 3 3 3 3 3 3 3 3 3 3 3 4 3 3 3 3 3 3 3 3 3 -84.562 6 -35.831 4 -0.370 2 3 4 3 -52.755 4 -36.135 2 3 3 2 -5.221 2 2 2 2 3 4 4 4 4 4 4 3 3 3 4 3 4 3 3 3 3 3 3 3 2 2 3 2 3 3 3 3 3 3 3 3 -13.192 4 -2.111 5 -1.961 4 -3.383 4 4 4 4 4 4 4 3 3 4 3 4 3 3 4 4 4 4 4 4 4 4 4 4 4 4 4 4 4 4 4 4 4 4 4 4 4 4 4 4 4 4 3 3 3 4 4 4 4 4 4 4 4 4 4 4 4 4 4 4 4 4 4 4 4 4 4 4 4 4 4 3 4 4 4 3 3 3 3 3 3 3 3 4 3 3 3 4 4 3 3 4 3 -1.042 3 3 -2.009 2 2 -0.352 2 2 1 1 1 2 2 1 2 2 2 2 1 2 2 2 2 2 -1.053 4 -10.511 4 5 5 5 4 -34.727 4 -12.022 4 -0.006 2
643,SIPP_2^4,"26,18,0","146,225,0",1,2618.4816459999965,10030,21.08022,100.86163,20.20254,40.40509,8 8 8 8 8 8 8 8 8 7 7 7 7 7 7 7 8 7 8 8 -1.638 6 5 6 6 6 8 8 8 8 8 8 8 8 7 7 7 7 7 6 5 5 5 5 6 6 6 6 6 6 6 6 6 6 6 6 6 6 6 6 6 6 6 6 6 6 5 4 4 4 5 5 4 5 5 5 4 4 4 5 -2.477 7 7 8 8 8 8 8 8 7 7 7 8 8 7 8 8 8 8 8 -0.336 7 7 7 7 7 8 7 7 7 7 8 8 8 8 8 8 8 8 8 8 8 8 8 8 8 8 8 8 8 8 8 8 8 8 8 8 8 8 7 8 7 7 7 7 8 8 4 -17.863 4 4 6 6 6 6 6 6 6 6 6 6 7 6 6 7 7 7 7 7 7 7 7 6 7 6 7 6
643,SIPP_2^5,"26,18,0","146,225,0",1,2553.207939,7123,35.44148,58.67652,11.33487,22.66974,16 16 16 16 16 15 15 15 15 15 15 15 15 10 11 12 16 16 16 16 16 16 16 16 14 13 13 12 12 11 11 11 12 12 12 11 12 12 12 12 12 12 12 12 12 12 12 12 12 12 12 9 9 9 10 10 10 9 8 8 8 -3.272 14 16 16 16 16 16 16 16 16 8 14 14 -0.328 14 -0.317 15 15 15 15 15 15 15 15 15 14 13 14 14 14 14 14 14 14 14 14 14 14 14 14 12 12 13 13 15 15 16 16 16 16 16 16 16 16 16 16 16 15 15 15 15 15 15 13 13
643,SIPP_BigCS,"26,18,12","146,225,4",0,-1,19662,180.10614,0.0,0.0,0.0,
643,SIPP_Standard,"26,18,12","146,225,4",1,2620.818836,32242,96.67872,72.63871,13.8724,1.6236,44 0 4 72 -2.397 87 4 64 28 48 71 28 28 52 88 0 8 32 105 -6.135 52 64 44 0 0 0 4 -2.328 72 -6.959 71 52 64 52 64 44
644,SIPP_2^2,"252,173,0","19,213,0",0,-1,0,0.0,0.0,0.0,0.0,
644,SIPP_2^3,"252,173,0","19,213,0",0,-1,0,0.0,0.0,0.0,0.0,
644,SIPP_2^4,"252,173,0","19,213,0",0,-1,0,0.0,0.0,0.0,0.0,
644,SIPP_2^5,"252,173,0","19,213,0",0,-1,0,0.0,0.0,0.0,0.0,
644,SIPP_BigCS,"252,173,0","19,213,0",0,-1,0,0.0,0.0,0.0,0.0,
644,SIPP_Standard,"252,173,10","19,213,1",0,-1,62513,180.0029,0.0,0.0,0.0,
645,SIPP_2^2,"53,66,0","237,216,0",0,-1,0,0.0,0.0,0.0,0.0,
645,SIPP_2^3,"53,66,0","237,216,0",0,-1,0,0.0,0.0,0.0,0.0,
645,SIPP_2^4,"53,66,0","237,216,0",0,-1,0,0.0,0.0,0.0,0.0,
645,SIPP_2^5,"53,66,0","237,216,0",0,-1,0,0.0,0.0,0.0,0.0,
645,SIPP_BigCS,"53,66,0","237,216,0",0,-1,0,0.0,0.0,0.0,0.0,
645,SIPP_Standard,"53,66,12","237,216,2",0,-1,53706,180.00082,0.0,0.0,0.0,
646,SIPP_2^2,"251,205,0","129,22,0",0,-1,0,0.0,0.0,0.0,0.0,
646,SIPP_2^3,"251,205,0","129,22,0",0,-1,0,0.0,0.0,0.0,0.0,
646,SIPP_2^4,"251,205,0","129,22,0",0,-1,0,0.0,0.0,0.0,0.0,
646,SIPP_2^5,"251,205,0","129,22,0",0,-1,0,0.0,0.0,0.0,0.0,
646,SIPP_BigCS,"251,205,0","129,22,0",0,-1,0,0.0,0.0,0.0,0.0,
646,SIPP_Standard,"251,205,9","129,22,4",0,-1,0,3e-05,0.0,0.0,0.0,
647,SIPP_2^2,"233,37,0","108,237,0",0,-1,0,0.0,0.0,0.0,0.0,
647,SIPP_2^3,"233,37,0","108,237,0",0,-1,0,0.0,0.0,0.0,0.0,
647,SIPP_2^4,"233,37,0","108,237,0",0,-1,0,0.0,0.0,0.0,0.0,
647,SIPP_2^5,"233,37,0","108,237,0",0,-1,0,0.0,0.0,0.0,0.0,
647,SIPP_BigCS,"233,37,0","108,237,0",0,-1,0,0.0,0.0,0.0,0.0,
647,SIPP_Standard,"233,37,9","108,237,1",0,-1,0,1e-05,0.0,0.0,0.0,
648,SIPP_2^2,"2,69,0","229,75,0",0,-1,0,0.0,0.0,0.0,0.0,
648,SIPP_2^3,"2,69,0","229,75,0",0,-1,0,0.0,0.0,0.0,0.0,
648,SIPP_2^4,"2,69,0","229,75,0",0,-1,0,0.0,0.0,0.0,0.0,
648,SIPP_2^5,"2,69,0","229,75,0",0,-1,0,0.0,0.0,0.0,0.0,
648,SIPP_BigCS,"2,69,0","229,75,0",0,-1,0,0.0,0.0,0.0,0.0,
648,SIPP_Standard,"2,69,5","229,75,12",0,-1,0,1e-05,0.0,0.0,0.0,
649,SIPP_2^2,"155,20,0","90,238,0",0,-1,0,0.0,0.0,0.0,0.0,
649,SIPP_2^3,"155,20,0","90,238,0",0,-1,0,0.0,0.0,0.0,0.0,
649,SIPP_2^4,"155,20,0","90,238,0",0,-1,0,0.0,0.0,0.0,0.0,
649,SIPP_2^5,"155,20,0","90,238,0",0,-1,0,0.0,0.0,0.0,0.0,
649,SIPP_BigCS,"155,20,0","90,238,0",0,-1,0,0.0,0.0,0.0,0.0,
649,SIPP_Standard,"155,20,8","90,238,4",0,-1,0,1e-05,0.0,0.0,0.0,
650,SIPP_2^2,"71,239,0","179,38,0",0,-1,0,0.0,0.0,0.0,0.0,
650,SIPP_2^3,"71,239,0","179,38,0",0,-1,0,0.0,0.0,0.0,0.0,
650,SIPP_2^4,"71,239,0","179,38,0",0,-1,0,0.0,0.0,0.0,0.0,
650,SIPP_2^5,"71,239,0","179,38,0",0,-1,0,0.0,0.0,0.0,0.0,
650,SIPP_BigCS,"71,239,0","179,38,0",0,-1,0,0.0,0.0,0.0,0.0,
650,SIPP_Standard,"71,239,11","179,38,0",0,-1,0,3e-05,0.0,0.0,0.0,
651,SIPP_2^2,"24,235,0","229,100,0",0,-1,0,0.0,0.0,0.0,0.0,
651,SIPP_2^3,"24,235,0","229,100,0",0,-1,0,0.0,0.0,0.0,0.0,
651,SIPP_2^4,"24,235,0","229,100,0",0,-1,0,0.0,0.0,0.0,0.0,
651,SIPP_2^5,"24,235,0","229,100,0",0,-1,0,0.0,0.0,0.0,0.0,
651,SIPP_BigCS,"24,235,0","229,100,0",0,-1,0,0.0,0.0,0.0,0.0,
651,SIPP_Standard,"24,235,10","229,100,8",0,-1,0,3e-05,0.0,0.0,0.0,
652,SIPP_2^2,"254,192,0","33,93,0",0,-1,0,0.0,0.0,0.0,0.0,
652,SIPP_2^3,"254,192,0","33,93,0",0,-1,0,0.0,0.0,0.0,0.0,
652,SIPP_2^4,"254,192,0","33,93,0",0,-1,0,0.0,0.0,0.0,0.0,
652,SIPP_2^5,"254,192,0","33,93,0",0,-1,0,0.0,0.0,0.0,0.0,
652,SIPP_BigCS,"254,192,0","33,93,0",0,-1,0,0.0,0.0,0.0,0.0,
652,SIPP_Standard,"254,192,1","33,93,10",0,-1,66927,180.00449,0.0,0.0,0.0,
653,SIPP_2^2,"252,93,0","4,130,0",1,3660.7254730000004,38901,16.89978,466.69048,106.81415,213.6283,3 0 3 -0.042 3 3 2 3 3 3 2 3 3 3 3 3 3 3 3 3 3 3 3 3 3 3 3 3 3 3 3 2 3 3 3 2 2 2 2 2 2 2 2 2 2 2 2 3 3 3 3 3 3 3 3 3 3 2 3 2 3 3 -36.533 3 -14.865 3 -1.124 3 3 3 3 3 3 3 3 3 3 3 2 2 3 2 3 2 2 2 2 3 2 3 2 3 3 3 3 3 2 2 3 3 3 3 3 3 3 3 3 3 3 2 2 3 2 2 2 2 2 2 2 2 2 2 2 3 2 2 2 2 3 2 3 2 2 2 2 3 2 2 3 2 2 2 -77.606 0 -12.833 0 3 -0.260 3 -9.966 3 3 3 3 3 3 3 3 3 3 3 3 3 3 3 3 3 3 3 3 3 3 3 3 3 3 3 3 3 3 3 3 3 3 3 3 3 3 3 3 3 3 3 3 3 3 3 3 3 3 3 3 3 3 3 3 3 3 0 3 0 0 0 0 0 0 0 0 0 0 0 0 0 0 0 3 0 3 3 3 3 3 3 3 3 3 3 3 3 3 3 3 3 3 3 3 3 3 3 3 3 3 3 3 3 3 0 3 3 3 3 3 3 3 3 3 3 0 0 0 3 3 3 3 3 3 3 3 3 3 3 3 3 3 3 3 3 3 3 3 3 3 3 2 3 2 2 3 3 3 3 3 3 3 3 3 3 3 3 3 3 3 3 3 2 2 3 3 3 2 2 2 3 3 2 -76.484 2 3 2 3 -1.013 3 3 3 3 3 3 3 3 3 3 3 3 3 3 3 0 0 3 0 0 0 3
653,SIPP_2^3,"252,93,0","4,130,0",1,2871.2630639999998,13874,11.29591,163.17923,32.20133,64.40265,6 7 -5.899 6 5 5 -2.561 5 6 6 6 6 6 6 6 6 6 6 6 6 6 6 6 6 6 5 6 6 6 6 6 6 5 5 5 5 6 6 6 6 6 6 6 6 6 6 6 6 6 5 6 6 6 6 6 5 6 5 5 6 6 6 5 5 4 5 5 6 6 5 5 5 5 5 5 5 5 5 5 6 5 5 5 6 6 6 6 6 6 6 6 6 6 6 6 6 6 6 6 6 6 6 6 6 6 6 6 6 6 6 7 7 6 6 6 6 6 6 6 6 6 6 6 6 6 6 6 6 6 6 6 7 7 6 6 6 6 6 6 6 6 6 6 6 7 6 6 6 7 7 7 7 7 7 7 7 7 7 6 6 6 7 6 6 6 6 6 6 6 6 6 6 6 6 6 6 6 6 6 6 6 6 5 5 5 5 5 5 5 5 5 5 5 5 5 5 5 4 5 5 6 6 6 6 6 6 6 6 6 6 6 6 6 6 6 6 6 6 6 6 6 6 6 6 6 6 6 6 -57.469 6 -3.637 6 -13.617 6 6 -2.273 6 6 6 6 6 6 6 6 6 6 6 5 6 6 5 5 5 5 6 5
653,SIPP_2^4,"252,93,0","4,130,0",1,2864.137239999999,15904,32.37327,121.40752,24.09158,48.18315,13 -7.681 12 10 10 -2.561 10 12 12 12 12 12 12 12 12 12 12 12 12 11 12 12 12 12 12 12 12 11 11 10 10 11 12 12 12 12 12 12 12 12 12 12 12 12 12 12 12 12 12 11 11 11 12 12 12 8 -0.182 10 -2.111 8 10 10 10 11 10 10 10 10 11 10 11 11 12 11 12 12 12 12 12 12 12 12 12 12 13 13 12 12 12 12 12 12 12 12 12 12 12 12 12 12 12 12 13 12 12 12 12 12 12 12 12 12 12 12 12 12 12 12 12 12 12 12 12 12 13 13 12 12 13 12 13 12 13 13 13 13 14 13 12 12 13 12 12 12 12 12 12 12 12 12 12 12 12 12 12 12 12 11 11 12 10 10 10 10 10 10 10 10 10 10 9 9 10 10 12 12 12 12 12 12 12 12 12 12 12 12 12 12 12 12 12 12 12 12 12 12 12 12 12 12 12 12 -111.690 12 -3.637 12 -13.617 12 12 -2.273 12 12 12 12 12 12 12 12 12 12 11 11 11 10 11 10
653,SIPP_2^5,"252,93,0","4,130,0",1,2862.2141309999997,16591,76.75698,78.65392,15.49721,30.99442,26 -7.681 24 20 20 -2.561 20 24 24 24 24 24 24 24 24 23 24 24 24 24 24 24 24 23 24 24 22 20 20 -1.039 23 24 24 24 24 24 24 24 24 24 24 24 24 24 24 24 24 23 23 23 -1.663 16 -1.908 20 -2.111 16 20 20 20 21 21 20 21 20 23 24 24 24 24 24 24 24 24 25 24 24 24 24 24 24 24 24 24 25 25 25 25 25 24 24 24 24 24 24 25 24 24 24 24 24 24 24 24 24 24 24 24 24 24 24 24 24 24 24 24 24 24 25 25 26 26 25 26 23 22 22 22 22 22 22 22 22 21 22 22 22 22 22 22 23 24 24 24 24 24 24 24 24 24 24 24 24 24 24 24 24 24 24 24 24 24 24 24 24 24 24 24 -164.450 24 -3.637 24 -13.617 24 24 -2.273 24 24 24 24 24 24 24 24 23 23 22 21 20
653,SIPP_BigCS,"252,93,12","4,130,3",0,-1,25065,180.10718,0.0,0.0,0.0,
653,SIPP_Standard,"252,93,12","4,130,3",1,2864.3678210000003,50264,131.91773,60.89583,11.109,1.221,-45.735 59 59 91 19 109 55 -17.094 67 31 55 91 3 19 93 19 93 19 69 30 -11.783 38 3 3 15 78 59 59 91 3 3 3 -22.180 3 -19.576 3 7 67
654,SIPP_2^2,"78,11,0","159,227,0",0,-1,0,0.0,0.0,0.0,0.0,
654,SIPP_2^3,"78,11,0","159,227,0",0,-1,0,0.0,0.0,0.0,0.0,
654,SIPP_2^4,"78,11,0","159,227,0",0,-1,0,0.0,0.0,0.0,0.0,
654,SIPP_2^5,"78,11,0","159,227,0",0,-1,0,0.0,0.0,0.0,0.0,
654,SIPP_BigCS,"78,11,0","159,227,0",0,-1,0,0.0,0.0,0.0,0.0,
654,SIPP_Standard,"78,11,6","159,227,2",0,-1,2,0.01163,0.0,0.0,0.0,
655,SIPP_2^2,"191,213,0","21,34,0",0,-1,0,0.0,0.0,0.0,0.0,
655,SIPP_2^3,"191,213,0","21,34,0",0,-1,0,0.0,0.0,0.0,0.0,
655,SIPP_2^4,"191,213,0","21,34,0",0,-1,0,0.0,0.0,0.0,0.0,
655,SIPP_2^5,"191,213,0","21,34,0",0,-1,0,0.0,0.0,0.0,0.0,
655,SIPP_BigCS,"191,213,0","21,34,0",0,-1,0,0.0,0.0,0.0,0.0,
655,SIPP_Standard,"191,213,6","21,34,1",0,-1,0,3e-05,0.0,0.0,0.0,
656,SIPP_2^2,"254,120,0","2,118,0",0,-1,0,0.0,0.0,0.0,0.0,
656,SIPP_2^3,"254,120,0","2,118,0",0,-1,0,0.0,0.0,0.0,0.0,
656,SIPP_2^4,"254,120,0","2,118,0",0,-1,0,0.0,0.0,0.0,0.0,
656,SIPP_2^5,"254,120,0","2,118,0",0,-1,0,0.0,0.0,0.0,0.0,
656,SIPP_BigCS,"254,120,0","2,118,0",0,-1,0,0.0,0.0,0.0,0.0,
656,SIPP_Standard,"254,120,3","2,118,9",0,-1,65167,180.00131,0.0,0.0,0.0,
657,SIPP_2^2,"150,254,0","6,54,0",0,-1,0,0.0,0.0,0.0,0.0,
657,SIPP_2^3,"150,254,0","6,54,0",0,-1,0,0.0,0.0,0.0,0.0,
657,SIPP_2^4,"150,254,0","6,54,0",0,-1,0,0.0,0.0,0.0,0.0,
657,SIPP_2^5,"150,254,0","6,54,0",0,-1,0,0.0,0.0,0.0,0.0,
657,SIPP_BigCS,"150,254,0","6,54,0",0,-1,0,0.0,0.0,0.0,0.0,
657,SIPP_Standard,"150,254,4","6,54,15",0,-1,0,2e-05,0.0,0.0,0.0,
658,SIPP_2^2,"225,34,0","93,240,0",0,-1,0,0.0,0.0,0.0,0.0,
658,SIPP_2^3,"225,34,0","93,240,0",0,-1,0,0.0,0.0,0.0,0.0,
658,SIPP_2^4,"225,34,0","93,240,0",0,-1,0,0.0,0.0,0.0,0.0,
658,SIPP_2^5,"225,34,0","93,240,0",0,-1,0,0.0,0.0,0.0,0.0,
658,SIPP_BigCS,"225,34,0","93,240,0",0,-1,0,0.0,0.0,0.0,0.0,
658,SIPP_Standard,"225,34,9","93,240,13",0,-1,0,0.00011,0.0,0.0,0.0,
659,SIPP_2^2,"127,39,0","199,248,0",0,-1,0,0.0,0.0,0.0,0.0,
659,SIPP_2^3,"127,39,0","199,248,0",0,-1,0,0.0,0.0,0.0,0.0,
659,SIPP_2^4,"127,39,0","199,248,0",0,-1,0,0.0,0.0,0.0,0.0,
659,SIPP_2^5,"127,39,0","199,248,0",0,-1,0,0.0,0.0,0.0,0.0,
659,SIPP_BigCS,"127,39,0","199,248,0",0,-1,0,0.0,0.0,0.0,0.0,
659,SIPP_Standard,"127,39,6","199,248,12",0,-1,0,1e-05,0.0,0.0,0.0,
660,SIPP_2^2,"187,230,0","97,9,0",0,-1,0,0.0,0.0,0.0,0.0,
660,SIPP_2^3,"187,230,0","97,9,0",0,-1,0,0.0,0.0,0.0,0.0,
660,SIPP_2^4,"187,230,0","97,9,0",0,-1,0,0.0,0.0,0.0,0.0,
660,SIPP_2^5,"187,230,0","97,9,0",0,-1,0,0.0,0.0,0.0,0.0,
660,SIPP_BigCS,"187,230,0","97,9,0",0,-1,0,0.0,0.0,0.0,0.0,
660,SIPP_Standard,"187,230,13","97,9,9",0,-1,587,0.6695,0.0,0.0,0.0,
661,SIPP_2^2,"5,33,0","236,98,0",0,-1,0,0.0,0.0,0.0,0.0,
661,SIPP_2^3,"5,33,0","236,98,0",0,-1,0,0.0,0.0,0.0,0.0,
661,SIPP_2^4,"5,33,0","236,98,0",0,-1,0,0.0,0.0,0.0,0.0,
661,SIPP_2^5,"5,33,0","236,98,0",0,-1,0,0.0,0.0,0.0,0.0,
661,SIPP_BigCS,"5,33,0","236,98,0",0,-1,0,0.0,0.0,0.0,0.0,
661,SIPP_Standard,"5,33,2","236,98,3",0,-1,64362,180.00122,0.0,0.0,0.0,
662,SIPP_2^2,"242,131,0","17,38,0",0,-1,0,0.0,0.0,0.0,0.0,
662,SIPP_2^3,"242,131,0","17,38,0",0,-1,0,0.0,0.0,0.0,0.0,
662,SIPP_2^4,"242,131,0","17,38,0",0,-1,0,0.0,0.0,0.0,0.0,
662,SIPP_2^5,"242,131,0","17,38,0",0,-1,0,0.0,0.0,0.0,0.0,
662,SIPP_BigCS,"242,131,0","17,38,0",0,-1,0,0.0,0.0,0.0,0.0,
662,SIPP_Standard,"242,131,14","17,38,4",0,-1,0,4e-05,0.0,0.0,0.0,
663,SIPP_2^2,"32,208,0","212,70,0",0,-1,0,0.0,0.0,0.0,0.0,
663,SIPP_2^3,"32,208,0","212,70,0",0,-1,0,0.0,0.0,0.0,0.0,
663,SIPP_2^4,"32,208,0","212,70,0",0,-1,0,0.0,0.0,0.0,0.0,
663,SIPP_2^5,"32,208,0","212,70,0",0,-1,0,0.0,0.0,0.0,0.0,
663,SIPP_BigCS,"32,208,0","212,70,0",0,-1,0,0.0,0.0,0.0,0.0,
663,SIPP_Standard,"32,208,15","212,70,10",0,-1,59951,180.00204,0.0,0.0,0.0,
664,SIPP_2^2,"250,49,0","71,217,0",0,-1,0,0.0,0.0,0.0,0.0,
664,SIPP_2^3,"250,49,0","71,217,0",0,-1,0,0.0,0.0,0.0,0.0,
664,SIPP_2^4,"250,49,0","71,217,0",0,-1,0,0.0,0.0,0.0,0.0,
664,SIPP_2^5,"250,49,0","71,217,0",0,-1,0,0.0,0.0,0.0,0.0,
664,SIPP_BigCS,"250,49,0","71,217,0",0,-1,0,0.0,0.0,0.0,0.0,
664,SIPP_Standard,"250,49,8","71,217,1",0,-1,0,4e-05,0.0,0.0,0.0,
665,SIPP_2^2,"31,210,0","165,25,0",0,-1,0,0.0,0.0,0.0,0.0,
665,SIPP_2^3,"31,210,0","165,25,0",0,-1,0,0.0,0.0,0.0,0.0,
665,SIPP_2^4,"31,210,0","165,25,0",0,-1,0,0.0,0.0,0.0,0.0,
665,SIPP_2^5,"31,210,0","165,25,0",0,-1,0,0.0,0.0,0.0,0.0,
665,SIPP_BigCS,"31,210,0","165,25,0",0,-1,0,0.0,0.0,0.0,0.0,
665,SIPP_Standard,"31,210,7","165,25,10",0,-1,62458,180.00253,0.0,0.0,0.0,
666,SIPP_2^2,"29,45,0","250,158,0",0,-1,0,0.0,0.0,0.0,0.0,
666,SIPP_2^3,"29,45,0","250,158,0",0,-1,0,0.0,0.0,0.0,0.0,
666,SIPP_2^4,"29,45,0","250,158,0",0,-1,0,0.0,0.0,0.0,0.0,
666,SIPP_2^5,"29,45,0","250,158,0",0,-1,0,0.0,0.0,0.0,0.0,
666,SIPP_BigCS,"29,45,0","250,158,0",0,-1,0,0.0,0.0,0.0,0.0,
666,SIPP_Standard,"29,45,15","250,158,8",0,-1,62622,180.00128,0.0,0.0,0.0,
667,SIPP_2^2,"133,55,0","175,235,0",0,-1,0,0.0,0.0,0.0,0.0,
667,SIPP_2^3,"133,55,0","175,235,0",0,-1,0,0.0,0.0,0.0,0.0,
667,SIPP_2^4,"133,55,0","175,235,0",0,-1,0,0.0,0.0,0.0,0.0,
667,SIPP_2^5,"133,55,0","175,235,0",0,-1,0,0.0,0.0,0.0,0.0,
667,SIPP_BigCS,"133,55,0","175,235,0",0,-1,0,0.0,0.0,0.0,0.0,
667,SIPP_Standard,"133,55,9","175,235,14",0,-1,0,2e-05,0.0,0.0,0.0,
668,SIPP_2^2,"250,172,0","39,40,0",1,4083.9753020000003,67619,31.13129,671.75144,149.22565,298.4513,0 0 0 0 0 3 3 0 -3.720 3 -1.255 3 -14.855 3 3 3 -2.767 3 3 3 3 -0.128 3 3 3 3 -5.886 3 3 3 3 3 0 3 3 3 0 0 3 -6.287 2 -11.125 2 3 -1.979 3 -7.566 3 3 3 3 3 3 3 3 3 3 3 3 3 3 0 0 0 0 3 3 3 3 0 3 0 0 0 3 3 3 3 0 3 3 3 3 3 0 3 3 3 3 0 3 3 3 3 0 3 0 3 0 0 0 3 3 0 0 0 3 0 0 0 0 0 0 3 0 3 0 0 3 0 0 3 0 3 3 -4.992 2 -0.410 3 -0.106 3 -0.013 3 -9.929 2 -0.012 2 -0.012 3 -0.012 2 -0.012 3 -0.012 2 2 2 2 2 2 2 3 2 2 3 -89.090 0 -12.833 0 3 -0.260 3 -9.966 3 3 3 3 3 3 3 3 3 3 3 3 3 3 3 3 3 3 3 3 3 3 3 3 3 3 3 3 3 3 3 3 3 3 3 3 3 3 3 3 3 3 3 3 3 3 3 3 3 3 3 3 3 3 3 3 3 3 3 0 0 0 0 0 0 0 0 0 0 0 0 0 0 0 0 3 0 3 3 3 3 3 3 3 3 3 3 3 3 3 3 3 3 3 3 3 3 3 3 3 3 3 3 3 3 3 0 3 3 0 3 3 0 0 0 0 0 3 0 0 0 0 0 3 0 0 0 0 0 0 3 0 0 0 0 0 3 3 0 3 3 3 3 3 3 3 3 3 3 3 3 3 3 3 3 3 3 3 0 3 0 0 3 0 3 3 3 3 3 3 0 0 0 0 0 0 0 0 0 0 0 0 0 0 0 0 3 0 0 0 3 3 0 3 3 3 3 3 0 3 3 0 0 0 0 0 0 0 0 0 3 0 0 3 0 -10.747 1 0 0 0 0 0 0 0 0 0 0 0 0 0 0 0 0 0 0 0 0 0 0 0 0 1 1 1 1 0 1 1 0 0 1
668,SIPP_2^3,"250,172,0","39,40,0",1,2839.0478149999935,9970,8.49298,172.52163,33.77212,67.54425,6 6 6 7 7 7 -47.404 0 -9.566 7 -2.953 5 -3.482 6 -0.151 4 -0.060 4 6 5 6 6 6 6 6 6 6 -7.013 6 -2.366 6 6 6 6 6 6 6 6 6 6 6 6 6 6 6 6 6 6 6 6 6 6 6 6 6 6 6 6 7 7 7 7 6 6 7 7 7 7 7 6 6 6 6 6 6 6 6 6 6 6 6 6 6 6 6 7 6 7 7 6 6 6 6 6 6 6 6 6 6 6 6 7 7 7 7 7 7 7 7 7 7 7 7 7 7 7 7 7 7 7 6 7 7 7 7 7 7 7 6 6 6 6 6 6 6 6 6 6 7 7 7 7 7 7 7 7 7 7 7 7 7 7 7 7 7 7 7 7 7 7 7 7 7 7 6 7 7 7 0 7 7 7 7 0 7 7 7 7 7 7 7 7 7 7 7 7 7 7 7 0 0 7 7 7 7 7 7 7 0 7 7 7 0 7 0 7 7 7 7 7 7 7 7 7 7 7 7 7 7 7 7 7 7 7 7 7 7 0 7 0 0 7
668,SIPP_2^4,"250,172,0","39,40,0",1,2796.770744,10138,21.64465,94.19168,18.78357,37.56715,12 13 13 12 -87.662 13 -17.080 11 12 12 12 12 12 12 11 -8.938 12 -2.366 12 12 12 12 12 12 12 12 12 12 12 12 12 12 12 13 12 12 12 12 13 13 13 13 13 13 13 13 13 12 12 12 12 12 12 12 12 12 12 12 12 12 12 12 12 12 12 12 12 12 13 12 12 12 12 12 13 12 12 -1.737 13 14 14 14 14 14 14 14 14 14 14 14 14 14 14 14 14 14 13 14 14 14 13 14 14 14 13 13 13 13 14 14 13 13 13 13 13 14 14 14 14 14 13 13 14 15 15 14 14 14 14 14 14 14 14 14 14 15 14 14 15 15 15 14 14 14 15 14 14 14 14 14 14 14 14 14 14 14 15 15 15 14 14 15 14 14 12 12 14 14 14 15 15 14 14 14 14 14 14 14 14 15 -1.518 15 14 13 14
668,SIPP_2^5,"250,172,0","39,40,0",1,2791.7089899999983,10845,53.54963,67.16267,12.81927,25.63853,25 24 24 -86.914 27 -17.232 22 24 24 24 24 24 23 -9.675 24 -2.366 24 24 24 24 24 24 25 25 25 25 25 25 25 25 25 25 26 26 26 26 26 26 26 26 26 26 26 26 26 25 25 25 25 25 25 25 25 24 25 24 24 -8.795 16 -0.977 25 26 26 26 27 27 27 27 27 27 27 27 26 27 -2.116 31 31 31 28 28 28 28 28 28 28 28 28 28 28 29 29 29 29 29 29 29 28 28 28 28 28 28 28 29 29 28 -10.121 24 -0.029 24 -0.034 24 28 -0.925 28 28 29 29 29 29 29 28 28 26 26
668,SIPP_BigCS,"250,172,10","39,40,5",0,-1,23129,180.06339,0.0,0.0,0.0,
668,SIPP_Standard,"250,172,10","39,40,5",1,2801.2357230000002,22792,64.90417,63.46815,11.9488,1.2102,-58.295 50 -36.598 109 -11.646 47 23 50 93 3 -6.448 3 3 19 93 -2.250 19 69 30 30 50 61 69 50 69 54 74 77 66 54 66 30 54 74 77 66 30 30
669,SIPP_2^2,"61,234,0","188,30,0",0,-1,0,0.0,0.0,0.0,0.0,
669,SIPP_2^3,"61,234,0","188,30,0",0,-1,0,0.0,0.0,0.0,0.0,
669,SIPP_2^4,"61,234,0","188,30,0",0,-1,0,0.0,0.0,0.0,0.0,
669,SIPP_2^5,"61,234,0","188,30,0",0,-1,0,0.0,0.0,0.0,0.0,
669,SIPP_BigCS,"61,234,0","188,30,0",0,-1,0,0.0,0.0,0.0,0.0,
669,SIPP_Standard,"61,234,3","188,30,10",0,-1,58873,180.00083,0.0,0.0,0.0,
670,SIPP_2^2,"145,250,0","183,8,0",0,-1,0,0.0,0.0,0.0,0.0,
670,SIPP_2^3,"145,250,0","183,8,0",0,-1,0,0.0,0.0,0.0,0.0,
670,SIPP_2^4,"145,250,0","183,8,0",0,-1,0,0.0,0.0,0.0,0.0,
670,SIPP_2^5,"145,250,0","183,8,0",0,-1,0,0.0,0.0,0.0,0.0,
670,SIPP_BigCS,"145,250,0","183,8,0",0,-1,0,0.0,0.0,0.0,0.0,
670,SIPP_Standard,"145,250,12","183,8,9",0,-1,64010,180.00029,0.0,0.0,0.0,
671,SIPP_2^2,"1,39,0","222,157,0",0,-1,0,0.0,0.0,0.0,0.0,
671,SIPP_2^3,"1,39,0","222,157,0",0,-1,0,0.0,0.0,0.0,0.0,
671,SIPP_2^4,"1,39,0","222,157,0",0,-1,0,0.0,0.0,0.0,0.0,
671,SIPP_2^5,"1,39,0","222,157,0",0,-1,0,0.0,0.0,0.0,0.0,
671,SIPP_BigCS,"1,39,0","222,157,0",0,-1,0,0.0,0.0,0.0,0.0,
671,SIPP_Standard,"1,39,7","222,157,4",0,-1,65412,180.00456,0.0,0.0,0.0,
672,SIPP_2^2,"142,224,0","237,4,0",0,-1,0,0.0,0.0,0.0,0.0,
672,SIPP_2^3,"142,224,0","237,4,0",0,-1,0,0.0,0.0,0.0,0.0,
672,SIPP_2^4,"142,224,0","237,4,0",0,-1,0,0.0,0.0,0.0,0.0,
672,SIPP_2^5,"142,224,0","237,4,0",0,-1,0,0.0,0.0,0.0,0.0,
672,SIPP_BigCS,"142,224,0","237,4,0",0,-1,0,0.0,0.0,0.0,0.0,
672,SIPP_Standard,"142,224,5","237,4,1",0,-1,0,4e-05,0.0,0.0,0.0,
673,SIPP_2^2,"57,5,0","7,254,0",0,-1,0,0.0,0.0,0.0,0.0,
673,SIPP_2^3,"57,5,0","7,254,0",0,-1,0,0.0,0.0,0.0,0.0,
673,SIPP_2^4,"57,5,0","7,254,0",0,-1,0,0.0,0.0,0.0,0.0,
673,SIPP_2^5,"57,5,0","7,254,0",0,-1,0,0.0,0.0,0.0,0.0,
673,SIPP_BigCS,"57,5,0","7,254,0",0,-1,0,0.0,0.0,0.0,0.0,
673,SIPP_Standard,"57,5,13","7,254,12",0,-1,66331,180.00059,0.0,0.0,0.0,
674,SIPP_2^2,"247,9,0","183,251,0",0,-1,0,0.0,0.0,0.0,0.0,
674,SIPP_2^3,"247,9,0","183,251,0",0,-1,0,0.0,0.0,0.0,0.0,
674,SIPP_2^4,"247,9,0","183,251,0",0,-1,0,0.0,0.0,0.0,0.0,
674,SIPP_2^5,"247,9,0","183,251,0",0,-1,0,0.0,0.0,0.0,0.0,
674,SIPP_BigCS,"247,9,0","183,251,0",0,-1,0,0.0,0.0,0.0,0.0,
674,SIPP_Standard,"247,9,1","183,251,8",0,-1,67762,180.00287,0.0,0.0,0.0,
675,SIPP_2^2,"24,23,0","205,212,0",0,-1,0,0.0,0.0,0.0,0.0,
675,SIPP_2^3,"24,23,0","205,212,0",0,-1,0,0.0,0.0,0.0,0.0,
675,SIPP_2^4,"24,23,0","205,212,0",0,-1,0,0.0,0.0,0.0,0.0,
675,SIPP_2^5,"24,23,0","205,212,0",0,-1,0,0.0,0.0,0.0,0.0,
675,SIPP_BigCS,"24,23,0","205,212,0",0,-1,0,0.0,0.0,0.0,0.0,
675,SIPP_Standard,"24,23,2","205,212,7",0,-1,68683,180.00098,0.0,0.0,0.0,
676,SIPP_2^2,"37,210,0","189,47,0",0,-1,0,0.0,0.0,0.0,0.0,
676,SIPP_2^3,"37,210,0","189,47,0",0,-1,0,0.0,0.0,0.0,0.0,
676,SIPP_2^4,"37,210,0","189,47,0",0,-1,0,0.0,0.0,0.0,0.0,
676,SIPP_2^5,"37,210,0","189,47,0",0,-1,0,0.0,0.0,0.0,0.0,
676,SIPP_BigCS,"37,210,0","189,47,0",0,-1,0,0.0,0.0,0.0,0.0,
676,SIPP_Standard,"37,210,10","189,47,4",0,-1,60929,180.00261,0.0,0.0,0.0,
677,SIPP_2^2,"192,17,0","21,168,0",0,-1,0,0.0,0.0,0.0,0.0,
677,SIPP_2^3,"192,17,0","21,168,0",0,-1,0,0.0,0.0,0.0,0.0,
677,SIPP_2^4,"192,17,0","21,168,0",0,-1,0,0.0,0.0,0.0,0.0,
677,SIPP_2^5,"192,17,0","21,168,0",0,-1,0,0.0,0.0,0.0,0.0,
677,SIPP_BigCS,"192,17,0","21,168,0",0,-1,0,0.0,0.0,0.0,0.0,
677,SIPP_Standard,"192,17,6","21,168,8",0,-1,69889,180.00065,0.0,0.0,0.0,
678,SIPP_2^2,"41,32,0","155,253,0",0,-1,0,0.0,0.0,0.0,0.0,
678,SIPP_2^3,"41,32,0","155,253,0",0,-1,0,0.0,0.0,0.0,0.0,
678,SIPP_2^4,"41,32,0","155,253,0",0,-1,0,0.0,0.0,0.0,0.0,
678,SIPP_2^5,"41,32,0","155,253,0",0,-1,0,0.0,0.0,0.0,0.0,
678,SIPP_BigCS,"41,32,0","155,253,0",0,-1,0,0.0,0.0,0.0,0.0,
678,SIPP_Standard,"41,32,5","155,253,7",0,-1,59846,180.00134,0.0,0.0,0.0,
679,SIPP_2^2,"0,23,0","252,66,0",0,-1,0,0.0,0.0,0.0,0.0,
679,SIPP_2^3,"0,23,0","252,66,0",0,-1,0,0.0,0.0,0.0,0.0,
679,SIPP_2^4,"0,23,0","252,66,0",0,-1,0,0.0,0.0,0.0,0.0,
679,SIPP_2^5,"0,23,0","252,66,0",0,-1,0,0.0,0.0,0.0,0.0,
679,SIPP_BigCS,"0,23,0","252,66,0",0,-1,0,0.0,0.0,0.0,0.0,
679,SIPP_Standard,"0,23,0","252,66,9",0,-1,0,2e-05,0.0,0.0,0.0,
680,SIPP_2^2,"34,242,0","122,14,0",0,-1,0,0.0,0.0,0.0,0.0,
680,SIPP_2^3,"34,242,0","122,14,0",0,-1,0,0.0,0.0,0.0,0.0,
680,SIPP_2^4,"34,242,0","122,14,0",0,-1,0,0.0,0.0,0.0,0.0,
680,SIPP_2^5,"34,242,0","122,14,0",0,-1,0,0.0,0.0,0.0,0.0,
680,SIPP_BigCS,"34,242,0","122,14,0",0,-1,0,0.0,0.0,0.0,0.0,
680,SIPP_Standard,"34,242,10","122,14,9",0,-1,63993,180.00024,0.0,0.0,0.0,
681,SIPP_2^2,"251,7,0","19,107,0",0,-1,0,0.0,0.0,0.0,0.0,
681,SIPP_2^3,"251,7,0","19,107,0",0,-1,0,0.0,0.0,0.0,0.0,
681,SIPP_2^4,"251,7,0","19,107,0",0,-1,0,0.0,0.0,0.0,0.0,
681,SIPP_2^5,"251,7,0","19,107,0",0,-1,0,0.0,0.0,0.0,0.0,
681,SIPP_BigCS,"251,7,0","19,107,0",0,-1,0,0.0,0.0,0.0,0.0,
681,SIPP_Standard,"251,7,10","19,107,1",0,-1,0,2e-05,0.0,0.0,0.0,
682,SIPP_2^2,"130,15,0","23,244,0",0,-1,0,0.0,0.0,0.0,0.0,
682,SIPP_2^3,"130,15,0","23,244,0",0,-1,0,0.0,0.0,0.0,0.0,
682,SIPP_2^4,"130,15,0","23,244,0",0,-1,0,0.0,0.0,0.0,0.0,
682,SIPP_2^5,"130,15,0","23,244,0",0,-1,0,0.0,0.0,0.0,0.0,
682,SIPP_BigCS,"130,15,0","23,244,0",0,-1,0,0.0,0.0,0.0,0.0,
682,SIPP_Standard,"130,15,5","23,244,4",0,-1,0,1e-05,0.0,0.0,0.0,
683,SIPP_2^2,"16,76,0","214,231,0",0,-1,0,0.0,0.0,0.0,0.0,
683,SIPP_2^3,"16,76,0","214,231,0",0,-1,0,0.0,0.0,0.0,0.0,
683,SIPP_2^4,"16,76,0","214,231,0",0,-1,0,0.0,0.0,0.0,0.0,
683,SIPP_2^5,"16,76,0","214,231,0",0,-1,0,0.0,0.0,0.0,0.0,
683,SIPP_BigCS,"16,76,0","214,231,0",0,-1,0,0.0,0.0,0.0,0.0,
683,SIPP_Standard,"16,76,2","214,231,8",0,-1,61695,180.00362,0.0,0.0,0.0,
684,SIPP_2^2,"140,2,0","54,221,0",0,-1,0,0.0,0.0,0.0,0.0,
684,SIPP_2^3,"140,2,0","54,221,0",0,-1,0,0.0,0.0,0.0,0.0,
684,SIPP_2^4,"140,2,0","54,221,0",0,-1,0,0.0,0.0,0.0,0.0,
684,SIPP_2^5,"140,2,0","54,221,0",0,-1,0,0.0,0.0,0.0,0.0,
684,SIPP_BigCS,"140,2,0","54,221,0",0,-1,0,0.0,0.0,0.0,0.0,
684,SIPP_Standard,"140,2,3","54,221,11",0,-1,62612,180.00274,0.0,0.0,0.0,
685,SIPP_2^2,"246,131,0","25,253,0",0,-1,0,0.0,0.0,0.0,0.0,
685,SIPP_2^3,"246,131,0","25,253,0",0,-1,0,0.0,0.0,0.0,0.0,
685,SIPP_2^4,"246,131,0","25,253,0",0,-1,0,0.0,0.0,0.0,0.0,
685,SIPP_2^5,"246,131,0","25,253,0",0,-1,0,0.0,0.0,0.0,0.0,
685,SIPP_BigCS,"246,131,0","25,253,0",0,-1,0,0.0,0.0,0.0,0.0,
685,SIPP_Standard,"246,131,4","25,253,7",0,-1,0,4e-05,0.0,0.0,0.0,
686,SIPP_2^2,"214,203,0","4,62,0",0,-1,0,0.0,0.0,0.0,0.0,
686,SIPP_2^3,"214,203,0","4,62,0",0,-1,0,0.0,0.0,0.0,0.0,
686,SIPP_2^4,"214,203,0","4,62,0",0,-1,0,0.0,0.0,0.0,0.0,
686,SIPP_2^5,"214,203,0","4,62,0",0,-1,0,0.0,0.0,0.0,0.0,
686,SIPP_BigCS,"214,203,0","4,62,0",0,-1,0,0.0,0.0,0.0,0.0,
686,SIPP_Standard,"214,203,8","4,62,1",0,-1,6,0.02603,0.0,0.0,0.0,
687,SIPP_2^2,"128,55,0","241,223,0",0,-1,0,0.0,0.0,0.0,0.0,
687,SIPP_2^3,"128,55,0","241,223,0",0,-1,0,0.0,0.0,0.0,0.0,
687,SIPP_2^4,"128,55,0","241,223,0",0,-1,0,0.0,0.0,0.0,0.0,
687,SIPP_2^5,"128,55,0","241,223,0",0,-1,0,0.0,0.0,0.0,0.0,
687,SIPP_BigCS,"128,55,0","241,223,0",0,-1,0,0.0,0.0,0.0,0.0,
687,SIPP_Standard,"128,55,9","241,223,15",0,-1,11,0.0148,0.0,0.0,0.0,
688,SIPP_2^2,"134,24,0","22,246,0",0,-1,0,0.0,0.0,0.0,0.0,
688,SIPP_2^3,"134,24,0","22,246,0",0,-1,0,0.0,0.0,0.0,0.0,
688,SIPP_2^4,"134,24,0","22,246,0",0,-1,0,0.0,0.0,0.0,0.0,
688,SIPP_2^5,"134,24,0","22,246,0",0,-1,0,0.0,0.0,0.0,0.0,
688,SIPP_BigCS,"134,24,0","22,246,0",0,-1,0,0.0,0.0,0.0,0.0,
688,SIPP_Standard,"134,24,4","22,246,4",0,-1,0,3e-05,0.0,0.0,0.0,
689,SIPP_2^2,"216,67,0","18,209,0",0,-1,0,0.0,0.0,0.0,0.0,
689,SIPP_2^3,"216,67,0","18,209,0",0,-1,0,0.0,0.0,0.0,0.0,
689,SIPP_2^4,"216,67,0","18,209,0",0,-1,0,0.0,0.0,0.0,0.0,
689,SIPP_2^5,"216,67,0","18,209,0",0,-1,0,0.0,0.0,0.0,0.0,
689,SIPP_BigCS,"216,67,0","18,209,0",0,-1,0,0.0,0.0,0.0,0.0,
689,SIPP_Standard,"216,67,2","18,209,14",0,-1,68104,180.00366,0.0,0.0,0.0,
690,SIPP_2^2,"243,82,0","3,72,0",1,3759.582631,44613,17.42414,494.97475,113.09734,226.19467,1 1 1 1 1 2 2 2 2 2 2 2 2 2 2 2 2 2 2 2 2 2 2 3 3 3 2 3 3 3 3 3 3 3 3 3 3 3 3 3 3 3 3 3 3 3 3 3 3 3 3 3 3 3 2 3 3 3 2 3 3 2 2 3 3 3 3 2 3 2 3 2 3 3 3 3 3 3 3 3 3 3 -94.146 1 -17.505 0 -23.306 3 -11.880 3 2 3 3 3 3 3 3 3 2 3 3 3 3 3 3 3 3 3 3 3 2 3 3 3 3 3 0 3 -38.929 0 3 3 3 3 3 3 3 3 3 3 3 3 3 3 3 3 3 3 3 0 3 3 3 3 3 3 3 3 2 3 2 3 3 2 3 2 3 3 3 3 2 -26.954 3 -50.839 2 -0.410 2 -0.106 2 -9.929 3 3 3 2 -4.537 3 -12.222 3 -1.424 3 -1.804 3 3 0 3 0 0 3 0 0 0 0 0 -0.575 0 -1.032 0 -0.985 1 -0.534 1 -0.151 0 -6.189 0 -4.183 0 0 0 0 0 0 -3.199 0 0 0 0 0 0 0 0 0 0 0 0 3 0 -0.883 3 -1.255 0 -1.750 3 -3.105 0 3 3 -8.307 3 3 3 3 3 3 3 3 3 3 3 3 3 3 3 3 3 3 3 3 3 3 3 3 3 3 3 3 3 3 3 3 3 3 3 3 3 3 3 3 3 3 3 3 3 3 3 3 3 3 3 3 3 3 3 3 3 3 3 3 3 3 0 3 3 0 3 3 3 3 3 3 0 3 3 3 3 3 3 3 3 3 0 3 3 3 3 3 3 3 3 3 3 -1.429 3 -12.017 3 3 3 3 3 3 3 3 3 3 3 3 3 3 3 3 3 3 3 3 3 3 3 3 3 3 3 0 0 0 0 0 0 3 3 0 3
690,SIPP_2^3,"243,82,0","3,72,0",1,3086.4962269999996,19659,14.19297,234.44148,49.48009,98.96017,6 7 7 7 7 7 7 7 7 7 6 6 6 6 6 6 6 7 7 7 7 6 7 -5.633 7 7 7 0 7 0 7 0 7 7 0 7 7 6 6 6 6 6 7 7 7 6 6 -5.183 7 7 7 7 7 7 7 7 -1.766 7 7 7 7 7 7 7 7 7 7 7 7 7 7 6 6 6 6 6 6 6 6 7 6 6 6 6 7 6 6 6 6 6 6 6 6 6 6 6 6 6 6 5 5 5 5 5 6 6 6 6 6 6 6 6 6 6 5 6 -46.256 6 -1.670 0 -1.095 0 -1.200 0 -2.541 7 -3.445 1 -59.534 5 -0.040 5 6 5 5 5 6 6 6 6 6 5 6 6 6 5 6 6 6 5 5 5 5 5 5 5 5 5 5 6 5 6 6 6 5 6 6 5 5 5 6 6 6 6 6 6 5 5 5 5 5 5 5 5 6 6 6 5 5 5 5 5 6 6 6 6 6 6 -12.215 6 -1.670 6 7 -1.386 7 -17.875 6 -0.029 6 -0.034 6 6 6 6 6 6 6 6 6 6 6 6 6 6 6 6 6 6 6 6 6 6 6 6 5 6 6 5 5 6 6 6 6 6 6 6 6 6 6 6 6 6 6 6 6 6 6 6 5 5 5 5 5 5 6 5
690,SIPP_2^4,"243,82,0","3,72,0",1,3031.5462059999986,21814,39.22641,101.90704,20.2405,40.481,4 4 4 6 6 8 8 8 9 8 9 10 10 11 11 11 11 11 11 11 11 11 11 11 11 12 12 11 12 12 12 12 12 12 11 12 12 11 10 10 10 10 10 10 10 10 11 11 11 11 10 10 11 11 11 11 11 11 11 11 11 11 12 12 12 12 12 12 12 11 11 11 11 11 12 12 12 12 11 12 11 -0.165 13 13 13 13 13 13 13 13 13 13 13 13 14 14 14 14 14 14 14 14 14 14 14 13 15 14 14 15 14 14 14 14 14 14 14 14 14 14 14 14 14 14 14 14 14 14 14 14 14 14 14 14 14 14 14 14 14 14 14 14 15 14 14 14 -1.058 13 12 12 12 12 12 12 12 10 9 12 12 13 14 14 14 13 13 13 -1.137 12 12 12 11 11 11 11 11 12 12 12 12 12 12 12 12 12 12 12 12 12 12 12 12 12 12 12 12 12 13
690,SIPP_2^5,"243,82,0","3,72,0",1,2898.679817,14526,62.18002,100.13022,20.07476,40.14952,8 8 8 12 12 16 16 17 17 20 20 22 22 22 23 23 22 22 23 23 23 23 23 23 23 23 20 20 20 20 20 20 20 21 21 20 21 23 24 24 24 24 24 24 24 24 24 23 23 25 25 25 25 24 24 24 24 25 25 25 25 25 25 24 24 24 24 24 24 28 28 28 28 28 28 28 28 28 28 28 -1.438 26 25 24 25 24 24 24 24 25 24 25 25 25 24 24 24 -0.124 24 28 28 27 28 27 27 27 27 26 26 26 26 28 0 0 0 0 28 24 24 24 25 25 25 23 23 23 23 24 24 24 24 -19.524 24 -0.101 24 -0.062 24 24 25 24 24 26 -2.541 28 0 -0.220 25 -0.999 24 -2.510 24 -0.093 24 23 24 24 24 24 24 24 24 24
690,SIPP_BigCS,"243,82,7","3,72,5",0,-1,25707,180.1062,0.0,0.0,0.0,
690,SIPP_Standard,"243,82,7","3,72,5",1,3070.0429610000006,61826,148.73208,84.60551,15.811,2.0076,50 61 61 -8.012 85 14 93 27 -5.447 66 30 50 93 -12.582 3 -3.342 3 -19.897 11 43 -152.657 93 -17.695 3 7 67 31 55 -9.967 59 75 70 55 107 -14.353 38 -0.109 7 91 3 -0.981 3 7 91 11
691,SIPP_2^2,"234,224,0","134,3,0",0,-1,0,0.0,0.0,0.0,0.0,
691,SIPP_2^3,"234,224,0","134,3,0",0,-1,0,0.0,0.0,0.0,0.0,
691,SIPP_2^4,"234,224,0","134,3,0",0,-1,0,0.0,0.0,0.0,0.0,
691,SIPP_2^5,"234,224,0","134,3,0",0,-1,0,0.0,0.0,0.0,0.0,
691,SIPP_BigCS,"234,224,0","134,3,0",0,-1,0,0.0,0.0,0.0,0.0,
691,SIPP_Standard,"234,224,2","134,3,1",0,-1,0,3e-05,0.0,0.0,0.0,
692,SIPP_2^2,"14,1,0","228,158,0",0,-1,0,0.0,0.0,0.0,0.0,
692,SIPP_2^3,"14,1,0","228,158,0",0,-1,0,0.0,0.0,0.0,0.0,
692,SIPP_2^4,"14,1,0","228,158,0",0,-1,0,0.0,0.0,0.0,0.0,
692,SIPP_2^5,"14,1,0","228,158,0",0,-1,0,0.0,0.0,0.0,0.0,
692,SIPP_BigCS,"14,1,0","228,158,0",0,-1,0,0.0,0.0,0.0,0.0,
692,SIPP_Standard,"14,1,11","228,158,0",0,-1,0,2e-05,0.0,0.0,0.0,
693,SIPP_2^2,"34,41,0","170,252,0",0,-1,0,0.0,0.0,0.0,0.0,
693,SIPP_2^3,"34,41,0","170,252,0",0,-1,0,0.0,0.0,0.0,0.0,
693,SIPP_2^4,"34,41,0","170,252,0",0,-1,0,0.0,0.0,0.0,0.0,
693,SIPP_2^5,"34,41,0","170,252,0",0,-1,0,0.0,0.0,0.0,0.0,
693,SIPP_BigCS,"34,41,0","170,252,0",0,-1,0,0.0,0.0,0.0,0.0,
693,SIPP_Standard,"34,41,13","170,252,14",0,-1,60870,180.00095,0.0,0.0,0.0,
694,SIPP_2^2,"242,218,0","41,54,0",0,-1,0,0.0,0.0,0.0,0.0,
694,SIPP_2^3,"242,218,0","41,54,0",0,-1,0,0.0,0.0,0.0,0.0,
694,SIPP_2^4,"242,218,0","41,54,0",0,-1,0,0.0,0.0,0.0,0.0,
694,SIPP_2^5,"242,218,0","41,54,0",0,-1,0,0.0,0.0,0.0,0.0,
694,SIPP_BigCS,"242,218,0","41,54,0",0,-1,0,0.0,0.0,0.0,0.0,
694,SIPP_Standard,"242,218,13","41,54,8",0,-1,0,6e-05,0.0,0.0,0.0,
695,SIPP_2^2,"232,225,0","91,13,0",0,-1,0,0.0,0.0,0.0,0.0,
695,SIPP_2^3,"232,225,0","91,13,0",0,-1,0,0.0,0.0,0.0,0.0,
695,SIPP_2^4,"232,225,0","91,13,0",0,-1,0,0.0,0.0,0.0,0.0,
695,SIPP_2^5,"232,225,0","91,13,0",0,-1,0,0.0,0.0,0.0,0.0,
695,SIPP_BigCS,"232,225,0","91,13,0",0,-1,0,0.0,0.0,0.0,0.0,
695,SIPP_Standard,"232,225,12","91,13,0",0,-1,0,5e-05,0.0,0.0,0.0,
696,SIPP_2^2,"218,205,0","7,59,0",0,-1,0,0.0,0.0,0.0,0.0,
696,SIPP_2^3,"218,205,0","7,59,0",0,-1,0,0.0,0.0,0.0,0.0,
696,SIPP_2^4,"218,205,0","7,59,0",0,-1,0,0.0,0.0,0.0,0.0,
696,SIPP_2^5,"218,205,0","7,59,0",0,-1,0,0.0,0.0,0.0,0.0,
696,SIPP_BigCS,"218,205,0","7,59,0",0,-1,0,0.0,0.0,0.0,0.0,
696,SIPP_Standard,"218,205,5","7,59,9",0,-1,1,0.01599,0.0,0.0,0.0,
697,SIPP_2^2,"14,152,0","246,61,0",0,-1,0,0.0,0.0,0.0,0.0,
697,SIPP_2^3,"14,152,0","246,61,0",0,-1,0,0.0,0.0,0.0,0.0,
697,SIPP_2^4,"14,152,0","246,61,0",0,-1,0,0.0,0.0,0.0,0.0,
697,SIPP_2^5,"14,152,0","246,61,0",0,-1,0,0.0,0.0,0.0,0.0,
697,SIPP_BigCS,"14,152,0","246,61,0",0,-1,0,0.0,0.0,0.0,0.0,
697,SIPP_Standard,"14,152,7","246,61,0",0,-1,0,4e-05,0.0,0.0,0.0,
698,SIPP_2^2,"251,254,0","241,42,0",0,-1,0,0.0,0.0,0.0,0.0,
698,SIPP_2^3,"251,254,0","241,42,0",0,-1,0,0.0,0.0,0.0,0.0,
698,SIPP_2^4,"251,254,0","241,42,0",0,-1,0,0.0,0.0,0.0,0.0,
698,SIPP_2^5,"251,254,0","241,42,0",0,-1,0,0.0,0.0,0.0,0.0,
698,SIPP_BigCS,"251,254,0","241,42,0",0,-1,0,0.0,0.0,0.0,0.0,
698,SIPP_Standard,"251,254,5","241,42,2",0,-1,0,2e-05,0.0,0.0,0.0,
699,SIPP_2^2,"33,236,0","210,56,0",0,-1,0,0.0,0.0,0.0,0.0,
699,SIPP_2^3,"33,236,0","210,56,0",0,-1,0,0.0,0.0,0.0,0.0,
699,SIPP_2^4,"33,236,0","210,56,0",0,-1,0,0.0,0.0,0.0,0.0,
699,SIPP_2^5,"33,236,0","210,56,0",0,-1,0,0.0,0.0,0.0,0.0,
699,SIPP_BigCS,"33,236,0","210,56,0",0,-1,0,0.0,0.0,0.0,0.0,
699,SIPP_Standard,"33,236,12","210,56,3",0,-1,0,4e-05,0.0,0.0,0.0,
700,SIPP_2^2,"13,167,0","192,5,0",0,-1,0,0.0,0.0,0.0,0.0,
700,SIPP_2^3,"13,167,0","192,5,0",0,-1,0,0.0,0.0,0.0,0.0,
700,SIPP_2^4,"13,167,0","192,5,0",0,-1,0,0.0,0.0,0.0,0.0,
700,SIPP_2^5,"13,167,0","192,5,0",0,-1,0,0.0,0.0,0.0,0.0,
700,SIPP_BigCS,"13,167,0","192,5,0",0,-1,0,0.0,0.0,0.0,0.0,
700,SIPP_Standard,"13,167,0","192,5,3",0,-1,72997,180.00627,0.0,0.0,0.0,
701,SIPP_2^2,"2,149,0","210,4,0",0,-1,0,0.0,0.0,0.0,0.0,
701,SIPP_2^3,"2,149,0","210,4,0",0,-1,0,0.0,0.0,0.0,0.0,
701,SIPP_2^4,"2,149,0","210,4,0",0,-1,0,0.0,0.0,0.0,0.0,
701,SIPP_2^5,"2,149,0","210,4,0",0,-1,0,0.0,0.0,0.0,0.0,
701,SIPP_BigCS,"2,149,0","210,4,0",0,-1,0,0.0,0.0,0.0,0.0,
701,SIPP_Standard,"2,149,7","210,4,1",0,-1,65791,180.00174,0.0,0.0,0.0,
702,SIPP_2^2,"37,226,0","184,34,0",0,-1,0,0.0,0.0,0.0,0.0,
702,SIPP_2^3,"37,226,0","184,34,0",0,-1,0,0.0,0.0,0.0,0.0,
702,SIPP_2^4,"37,226,0","184,34,0",0,-1,0,0.0,0.0,0.0,0.0,
702,SIPP_2^5,"37,226,0","184,34,0",0,-1,0,0.0,0.0,0.0,0.0,
702,SIPP_BigCS,"37,226,0","184,34,0",0,-1,0,0.0,0.0,0.0,0.0,
702,SIPP_Standard,"37,226,3","184,34,7",0,-1,0,6e-05,0.0,0.0,0.0,
703,SIPP_2^2,"177,4,0","112,245,0",0,-1,0,0.0,0.0,0.0,0.0,
703,SIPP_2^3,"177,4,0","112,245,0",0,-1,0,0.0,0.0,0.0,0.0,
703,SIPP_2^4,"177,4,0","112,245,0",0,-1,0,0.0,0.0,0.0,0.0,
703,SIPP_2^5,"177,4,0","112,245,0",0,-1,0,0.0,0.0,0.0,0.0,
703,SIPP_BigCS,"177,4,0","112,245,0",0,-1,0,0.0,0.0,0.0,0.0,
703,SIPP_Standard,"177,4,5","112,245,9",0,-1,61362,180.00285,0.0,0.0,0.0,
704,SIPP_2^2,"12,41,0","190,234,0",0,-1,0,0.0,0.0,0.0,0.0,
704,SIPP_2^3,"12,41,0","190,234,0",0,-1,0,0.0,0.0,0.0,0.0,
704,SIPP_2^4,"12,41,0","190,234,0",0,-1,0,0.0,0.0,0.0,0.0,
704,SIPP_2^5,"12,41,0","190,234,0",0,-1,0,0.0,0.0,0.0,0.0,
704,SIPP_BigCS,"12,41,0","190,234,0",0,-1,0,0.0,0.0,0.0,0.0,
704,SIPP_Standard,"12,41,4","190,234,12",0,-1,61666,180.00123,0.0,0.0,0.0,
705,SIPP_2^2,"162,89,0","11,247,0",0,-1,0,0.0,0.0,0.0,0.0,
705,SIPP_2^3,"162,89,0","11,247,0",0,-1,0,0.0,0.0,0.0,0.0,
705,SIPP_2^4,"162,89,0","11,247,0",0,-1,0,0.0,0.0,0.0,0.0,
705,SIPP_2^5,"162,89,0","11,247,0",0,-1,0,0.0,0.0,0.0,0.0,
705,SIPP_BigCS,"162,89,0","11,247,0",0,-1,0,0.0,0.0,0.0,0.0,
705,SIPP_Standard,"162,89,10","11,247,11",0,-1,0,2e-05,0.0,0.0,0.0,
706,SIPP_2^2,"255,86,0","5,6,0",0,-1,0,0.0,0.0,0.0,0.0,
706,SIPP_2^3,"255,86,0","5,6,0",0,-1,0,0.0,0.0,0.0,0.0,
706,SIPP_2^4,"255,86,0","5,6,0",0,-1,0,0.0,0.0,0.0,0.0,
706,SIPP_2^5,"255,86,0","5,6,0",0,-1,0,0.0,0.0,0.0,0.0,
706,SIPP_BigCS,"255,86,0","5,6,0",0,-1,0,0.0,0.0,0.0,0.0,
706,SIPP_Standard,"255,86,6","5,6,15",0,-1,0,1e-05,0.0,0.0,0.0,
707,SIPP_2^2,"224,203,0","30,13,0",0,-1,0,0.0,0.0,0.0,0.0,
707,SIPP_2^3,"224,203,0","30,13,0",0,-1,0,0.0,0.0,0.0,0.0,
707,SIPP_2^4,"224,203,0","30,13,0",0,-1,0,0.0,0.0,0.0,0.0,
707,SIPP_2^5,"224,203,0","30,13,0",0,-1,0,0.0,0.0,0.0,0.0,
707,SIPP_BigCS,"224,203,0","30,13,0",0,-1,0,0.0,0.0,0.0,0.0,
707,SIPP_Standard,"224,203,9","30,13,12",0,-1,0,1e-05,0.0,0.0,0.0,
708,SIPP_2^2,"240,156,0","12,22,0",0,-1,0,0.0,0.0,0.0,0.0,
708,SIPP_2^3,"240,156,0","12,22,0",0,-1,0,0.0,0.0,0.0,0.0,
708,SIPP_2^4,"240,156,0","12,22,0",0,-1,0,0.0,0.0,0.0,0.0,
708,SIPP_2^5,"240,156,0","12,22,0",0,-1,0,0.0,0.0,0.0,0.0,
708,SIPP_BigCS,"240,156,0","12,22,0",0,-1,0,0.0,0.0,0.0,0.0,
708,SIPP_Standard,"240,156,3","12,22,13",0,-1,0,3e-05,0.0,0.0,0.0,
709,SIPP_2^2,"169,241,0","2,29,0",1,4304.1370879999995,88579,34.72939,756.60426,171.2168,342.4336,3 3 0 3 0 0 3 3 0 0 0 0 0 0 0 3 0 0 3 3 3 3 3 3 3 3 3 3 3 3 0 0 3 3 3 3 0 0 0 0 3 3 3 3 3 3 3 3 3 0 0 0 0 3 0 0 0 3 0 0 0 0 3 0 0 0 0 3 0 3 0 3 0 3 0 0 3 0 0 0 0 3 0 3 3 0 0 3 0 0 0 3 0 3 3 -105.694 3 0 0 -2.107 0 3 0 0 0 0 0 0 0 0 0 0 0 0 0 0 0 0 0 0 0 0 0 0 0 0 0 0 0 0 0 0 0 0 0 0 0 0 0 0 3 3 0 3 0 0 0 3 3 3 0 0 3 3 3 3 3 3 3 3 3 3 3 3 3 3 3 3 3 3 3 3 3 3 3 3 3 3 3 0 0 3 3 3 0 0 -9.230 0 -0.012 0 -0.012 0 -0.012 0 0 0 0 0 0 0 0 0 0 0 0 0 0 0 0 0 0 0 0 0 0 0 0 0 0 0 1 0 1 0 0 0 0 1 0 0 -6.697 3 -13.228 3 3 3 3 3 3 3 2 3 3 -3.791 3 -0.101 3 3 3 0 0 0 0 0 0 1 0 0 0 0 0 0 0 0 0 0 0 0 0 0 0 3 3 3 0 3 3 3 3 3 0 0 0 3 3 3 3 3 0 0 0 0 0 0 0 0 0 0 3 3 3 3 0 0 0 3 3 3 0 3 0 3 0 3 3 3 3 3 3 3 3 3 0 3 3 3 3 0 3 0 0 0 3 3 3 -47.499 3 -20.683 3 -5.067 3 -7.766 2 3 -1.125 3 -11.814 3 3 3 3 -0.793 3 3 3 3 3 0 3 0 0 0 0 0 3 0 0 0 0 0 0 0 0 0 0 0 3 3 3 3 3 3 3 3 0 0 3 3 3 0 3 3 0 3 3 0 0 3 0 3 0 0 3 3 -41.221 2 -4.131 2 2 2 -10.186 0 0 -2.968 0 0 0 0 0 0 1 0
709,SIPP_2^3,"169,241,0","2,29,0",1,3108.9140359999956,13638,9.62996,318.46023,62.83185,125.66371,7 6 -4.284 7 7 0 7 7 0 0 7 0 7 7 7 6 6 6 6 6 6 7 7 6 6 6 6 6 6 6 6 6 7 6 6 7 0 0 0 0 0 0 0 7 7 0 7 0 0 0 7 7 0 0 0 0 7 7 7 7 7 7 7 0 0 0 7 7 7 0 0 7 7 7 0 0 0 0 0 0 7 0 0 0 0 0 0 7 0 0 0 0 0 0 0 0 0 0 0 0 0 0 0 0 0 7 0 7 7 0 0 7 7 7 7 0 0 0 0 0 0 0 0 0 0 0 0 0 0 7 7 7 7 0 7 0 0 7 7 0 0 0 7 0 0 0 7 7 7 7 7 7 7 7 7 7 7 6 7 7 6 7 7 7 7 0 0 0 0 7 0 0 0 0 0 7 0 0 7 0 0 7 7 0 0 0 7 7 6 6 6 6 6 6 6 6 6 6 6 7 7 6 7 7 6 6 6 6 7 6 6 6 6 6 6 6 7 7 7 7 7 7 7 7 7 7 7 7 7 7 7 7 7 7 6 7 6 7 7 7 7 7 7 7 7 7 6 7 7 7 7 6 7 7 7 7 7 7 6 7 6 6 7
709,SIPP_2^4,"169,241,0","2,29,0",1,2927.1533229999914,7118,12.25209,117.52955,23.38209,46.76419,13 12 15 15 15 15 15 14 13 12 12 13 13 13 13 13 12 12 13 14 14 14 14 13 13 14 14 -0.062 15 0 0 0 0 0 0 0 0 15 15 15 15 15 14 14 15 15 15 -0.125 13 12 12 12 12 13 13 13 12 13 13 13 13 12 13 13 13 13 12 14 14 0 0 0 15 0 0 0 0 0 0 0 0 0 0 0 0 0 0 0 0 15 15 15 15 15 15 15 15 0 15 15 15 14 14 14 14 14 15 14 14 15 14 14 14 14 14 14 14 13 14 14 14 14 14 14 14 14 0 0 0 0 0 15 15 15 15 15 15 15 15 15 15 15 14 13 13 13 13 12 12 13 13 13 14 0 15 15 15 15 15 0 15 15 15 15 14 14 14 14 14 14 14 14 15 15 0 0 0 0
709,SIPP_2^5,"169,241,0","2,29,0",1,2902.6921579999994,6363,27.12725,75.79752,15.02651,30.05301,25 30 30 30 30 29 -0.705 26 25 25 25 25 26 26 27 27 28 28 28 28 28 0 0 0 31 31 31 31 31 31 29 29 28 25 25 25 25 26 25 26 25 25 25 26 28 28 0 31 31 0 0 0 0 0 0 0 0 0 0 0 0 0 0 0 31 31 30 30 31 30 30 30 30 28 28 28 28 28 28 28 28 29 28 29 28 28 27 28 28 28 28 28 28 28 28 28 0 0 31 31 29 29 29 29 29 30 28 26 26 27 26 27 26 -0.378 24 -0.319 30 30 31 31 31 31 0 0 0 31 -0.486 29 28 28 28 28 28 28 28 28 29 0 0
709,SIPP_BigCS,"169,241,10","2,29,2",0,-1,24985,180.12481,0.0,0.0,0.0,
709,SIPP_Standard,"169,241,10","2,29,2",1,3080.3239940000003,47345,135.53489,82.98567,15.5048,1.8682,-15.561 54 -28.438 58 -30.808 82 23 50 85 10 54 66 46 10 -2.060 46 2 2 -1.859 10 46 10 54 58 66 50 -20.273 77 -13.144 90 2 14 -1.180 61 93 3 19 69 30 30 30 30 50 69
710,SIPP_2^2,"91,240,0","217,10,0",0,-1,0,0.0,0.0,0.0,0.0,
710,SIPP_2^3,"91,240,0","217,10,0",0,-1,0,0.0,0.0,0.0,0.0,
710,SIPP_2^4,"91,240,0","217,10,0",0,-1,0,0.0,0.0,0.0,0.0,
710,SIPP_2^5,"91,240,0","217,10,0",0,-1,0,0.0,0.0,0.0,0.0,
710,SIPP_BigCS,"91,240,0","217,10,0",0,-1,0,0.0,0.0,0.0,0.0,
710,SIPP_Standard,"91,240,0","217,10,15",0,-1,49,0.05926,0.0,0.0,0.0,
711,SIPP_2^2,"247,13,0","56,175,0",0,-1,0,0.0,0.0,0.0,0.0,
711,SIPP_2^3,"247,13,0","56,175,0",0,-1,0,0.0,0.0,0.0,0.0,
711,SIPP_2^4,"247,13,0","56,175,0",0,-1,0,0.0,0.0,0.0,0.0,
711,SIPP_2^5,"247,13,0","56,175,0",0,-1,0,0.0,0.0,0.0,0.0,
711,SIPP_BigCS,"247,13,0","56,175,0",0,-1,0,0.0,0.0,0.0,0.0,
711,SIPP_Standard,"247,13,13","56,175,2",0,-1,62772,180.06253,0.0,0.0,0.0,
712,SIPP_2^2,"12,1,0","239,141,0",0,-1,0,0.0,0.0,0.0,0.0,
712,SIPP_2^3,"12,1,0","239,141,0",0,-1,0,0.0,0.0,0.0,0.0,
712,SIPP_2^4,"12,1,0","239,141,0",0,-1,0,0.0,0.0,0.0,0.0,
712,SIPP_2^5,"12,1,0","239,141,0",0,-1,0,0.0,0.0,0.0,0.0,
712,SIPP_BigCS,"12,1,0","239,141,0",0,-1,0,0.0,0.0,0.0,0.0,
712,SIPP_Standard,"12,1,3","239,141,3",0,-1,1,0.01266,0.0,0.0,0.0,
713,SIPP_2^2,"171,251,0","109,5,0",0,-1,0,0.0,0.0,0.0,0.0,
713,SIPP_2^3,"171,251,0","109,5,0",0,-1,0,0.0,0.0,0.0,0.0,
713,SIPP_2^4,"171,251,0","109,5,0",0,-1,0,0.0,0.0,0.0,0.0,
713,SIPP_2^5,"171,251,0","109,5,0",0,-1,0,0.0,0.0,0.0,0.0,
713,SIPP_BigCS,"171,251,0","109,5,0",0,-1,0,0.0,0.0,0.0,0.0,
713,SIPP_Standard,"171,251,7","109,5,0",0,-1,0,1e-05,0.0,0.0,0.0,
714,SIPP_2^2,"251,29,0","19,129,0",0,-1,0,0.0,0.0,0.0,0.0,
714,SIPP_2^3,"251,29,0","19,129,0",0,-1,0,0.0,0.0,0.0,0.0,
714,SIPP_2^4,"251,29,0","19,129,0",0,-1,0,0.0,0.0,0.0,0.0,
714,SIPP_2^5,"251,29,0","19,129,0",0,-1,0,0.0,0.0,0.0,0.0,
714,SIPP_BigCS,"251,29,0","19,129,0",0,-1,0,0.0,0.0,0.0,0.0,
714,SIPP_Standard,"251,29,0","19,129,15",0,-1,0,4e-05,0.0,0.0,0.0,
715,SIPP_2^2,"215,29,0","50,228,0",0,-1,0,0.0,0.0,0.0,0.0,
715,SIPP_2^3,"215,29,0","50,228,0",0,-1,0,0.0,0.0,0.0,0.0,
715,SIPP_2^4,"215,29,0","50,228,0",0,-1,0,0.0,0.0,0.0,0.0,
715,SIPP_2^5,"215,29,0","50,228,0",0,-1,0,0.0,0.0,0.0,0.0,
715,SIPP_BigCS,"215,29,0","50,228,0",0,-1,0,0.0,0.0,0.0,0.0,
715,SIPP_Standard,"215,29,14","50,228,15",0,-1,64816,180.00114,0.0,0.0,0.0,
716,SIPP_2^2,"179,253,0","23,37,0",0,-1,0,0.0,0.0,0.0,0.0,
716,SIPP_2^3,"179,253,0","23,37,0",0,-1,0,0.0,0.0,0.0,0.0,
716,SIPP_2^4,"179,253,0","23,37,0",0,-1,0,0.0,0.0,0.0,0.0,
716,SIPP_2^5,"179,253,0","23,37,0",0,-1,0,0.0,0.0,0.0,0.0,
716,SIPP_BigCS,"179,253,0","23,37,0",0,-1,0,0.0,0.0,0.0,0.0,
716,SIPP_Standard,"179,253,4","23,37,13",0,-1,28,0.018,0.0,0.0,0.0,
717,SIPP_2^2,"56,1,0","148,247,0",0,-1,0,0.0,0.0,0.0,0.0,
717,SIPP_2^3,"56,1,0","148,247,0",0,-1,0,0.0,0.0,0.0,0.0,
717,SIPP_2^4,"56,1,0","148,247,0",0,-1,0,0.0,0.0,0.0,0.0,
717,SIPP_2^5,"56,1,0","148,247,0",0,-1,0,0.0,0.0,0.0,0.0,
717,SIPP_BigCS,"56,1,0","148,247,0",0,-1,0,0.0,0.0,0.0,0.0,
717,SIPP_Standard,"56,1,8","148,247,2",0,-1,66185,180.00077,0.0,0.0,0.0,
718,SIPP_2^2,"243,181,0","3,66,0",1,4181.075676,61765,23.43215,721.24892,160.22123,320.44245,0 0 0 0 0 0 0 0 0 0 0 0 1 0 0 3 3 3 3 3 -3.595 3 -0.370 3 -0.093 3 -0.020 3 3 0 3 3 3 0 3 3 3 3 0 -10.821 3 -11.125 2 3 -1.979 3 -7.566 3 3 3 3 3 3 3 3 3 3 3 3 3 3 0 0 0 0 0 0 0 0 3 3 3 3 3 3 3 0 0 0 0 0 3 0 0 3 3 0 0 0 0 0 0 3 3 0 3 3 0 3 0 3 3 3 3 0 3 0 3 0 3 3 0 0 3 3 3 3 0 3 3 3 3 3 3 0 3 3 -5.508 2 -9.930 2 -0.012 3 -0.012 2 -0.012 2 -0.012 3 -0.012 2 -0.012 3 2 2 2 2 3 2 2 -141.923 3 3 -0.260 3 -9.966 3 3 3 3 3 3 3 3 3 3 3 3 3 3 3 3 3 3 3 3 3 3 3 3 3 3 3 3 3 3 3 3 3 3 3 3 3 3 3 3 3 3 3 3 3 3 3 3 3 3 3 3 3 3 3 3 3 3 0 0 3 0 0 0 0 0 0 0 0 0 0 0 0 0 0 3 0 3 3 3 3 3 3 3 3 3 3 3 3 3 3 3 3 3 3 3 3 3 3 3 3 3 3 3 3 0 0 3 3 0 0 0 0 0 0 0 3 0 3 3 0 0 0 0 0 0 0 0 0 0 0 0 0 0 0 0 0 0 0 0 0 0 0 0 0 0 0 0 0 3 3 3 3 0 3 0 3 0 0 0 0 0 0 0 0 0 0 0 3 3 3 3 3 3 0 3 3 3 0 3 3 3 3 3 0 3 3 3 3 3 0 3 0 0 3 3 0 3 3 3 3 3 3 3 3 3 3 3 3 3 3 0 3 3 0 3 3 0 0 0 0 3 3 3 0 3 3 3 3 3 3 3 3 3 3 3 3 3 3 -7.741 0 -0.106 1 0 3 0 3 3 3 3 2 3 2 3 2 2 3 2 2 3 3 2
718,SIPP_2^3,"243,181,0","3,66,0",1,3081.319618,12113,8.80578,154.59164,30.63053,61.26106,0 0 0 0 0 0 0 0 0 0 0 1 0 -5.255 7 -2.953 5 -3.482 6 -0.151 4 -0.060 4 6 5 6 6 6 6 6 6 6 -7.013 6 -2.366 6 6 6 6 6 6 6 6 6 6 6 6 6 6 6 6 7 7 6 6 7 7 7 6 6 6 6 6 6 6 6 6 6 7 6 6 7 7 7 6 6 6 6 6 6 6 6 6 6 6 6 6 6 6 6 6 6 6 6 7 6 6 6 6 6 6 6 6 6 7 7 7 7 7 7 7 7 6 6 7 7 7 7 7 7 6 7 7 7 7 7 6 6 6 6 6 6 6 6 7 7 7 7 7 7 7 7 7 7 7 7 7 7 7 7 7 7 7 7 7 7 7 7 7 7 7 7 7 7 7 7 7 7 7 6 7 7 7 7 7 7 7 7 7 7 7 7 7 7 7 7 7 7 7 7 7 7 7 7 7 7 7 7 0 7 7 0 7 7 7 0 0 0 0 7 7 -5.115 7 6 6 6 6 6 6 6 6 6 6 6 6 6 6 6 6 6 6 6 6 6 6 6 6 6 6 6 6 6 6 6 6 6 6 6 6 6 6 6 6 6 6 6 6 6 6 6 6 6 6 6 6 6 6 6 6 5
718,SIPP_2^4,"243,181,0","3,66,0",1,3045.7102859999973,12172,22.12586,124.89788,25.23668,50.47337,0 0 0 0 0 0 0 0 0 0 0 1 -20.022 11 -17.080 11 12 12 12 12 12 12 11 -8.938 12 -2.366 12 12 12 12 12 12 13 13 13 12 12 12 12 12 12 12 12 12 12 12 13 13 13 13 13 13 13 12 12 12 12 12 12 12 12 12 12 12 12 12 12 12 12 12 12 12 12 12 12 12 13 12 12 12 12 13 12 12 12 -1.737 13 14 14 14 14 14 14 14 14 14 14 14 14 14 14 14 14 14 13 13 13 13 13 13 13 14 13 13 14 14 14 13 14 13 14 14 14 14 14 14 13 13 14 14 15 15 14 14 14 14 14 14 14 14 14 14 14 14 14 14 14 14 14 14 14 14 14 14 14 15 14 14 15 14 14 14 14 14 14 14 14 14 13 12 12 12 12 12 12 12 12 10 9 12 12 13 14 14 13 13 14 13 -1.146 12 12 11 11 11 11 11 12 12 12 13 12 13 12 12 13 12 12 13 12 13 13 12 13
718,SIPP_2^5,"243,181,0","3,66,0",1,3010.894650999998,11127,48.39421,106.13144,20.31223,40.62446,0 0 0 0 1 1 -35.291 27 -17.232 22 24 24 24 24 24 24 24 -0.446 24 24 -0.852 16 -2.366 24 24 24 24 24 24 26 26 25 25 25 25 25 25 25 25 25 26 26 26 26 26 26 26 26 26 26 26 25 25 24 25 25 24 24 25 25 25 25 25 25 -8.795 16 -0.977 25 27 27 26 27 26 27 26 27 27 27 26 27 27 -2.116 31 31 31 28 28 28 28 28 28 28 28 28 28 28 28 28 28 29 29 28 28 28 28 27 -0.150 28 -0.040 28 28 28 28 28 27 28 26 24 24 24 24 24 24 24 24 24 24 25 27 27 28 28 25 22 22 22 21 22 23 25 25 25 25 24 24 24 24 24 25
718,SIPP_BigCS,"243,181,11","3,66,10",0,-1,23160,180.09696,0.0,0.0,0.0,
718,SIPP_Standard,"243,181,11","3,66,10",1,3068.529078,46722,128.83653,74.00835,13.9759,1.8393,100 -58.980 82 -12.647 7 -2.759 107 38 19 93 3 3 19 101 107 30 30 50 -0.581 61 61 69 30 30 -1.320 30 30 54 66 54 66 30 54 82 7 91 3 -2.242 3 3 3 19
719,SIPP_2^2,"228,58,0","23,208,0",0,-1,0,0.0,0.0,0.0,0.0,
719,SIPP_2^3,"228,58,0","23,208,0",0,-1,0,0.0,0.0,0.0,0.0,
719,SIPP_2^4,"228,58,0","23,208,0",0,-1,0,0.0,0.0,0.0,0.0,
719,SIPP_2^5,"228,58,0","23,208,0",0,-1,0,0.0,0.0,0.0,0.0,
719,SIPP_BigCS,"228,58,0","23,208,0",0,-1,0,0.0,0.0,0.0,0.0,
719,SIPP_Standard,"228,58,7","23,208,15",0,-1,66086,180.00231,0.0,0.0,0.0,
720,SIPP_2^2,"34,8,0","250,173,0",0,-1,0,0.0,0.0,0.0,0.0,
720,SIPP_2^3,"34,8,0","250,173,0",0,-1,0,0.0,0.0,0.0,0.0,
720,SIPP_2^4,"34,8,0","250,173,0",0,-1,0,0.0,0.0,0.0,0.0,
720,SIPP_2^5,"34,8,0","250,173,0",0,-1,0,0.0,0.0,0.0,0.0,
720,SIPP_BigCS,"34,8,0","250,173,0",0,-1,0,0.0,0.0,0.0,0.0,
720,SIPP_Standard,"34,8,10","250,173,3",0,-1,65764,180.00065,0.0,0.0,0.0,
721,SIPP_2^2,"235,79,0","4,201,0",0,-1,0,0.0,0.0,0.0,0.0,
721,SIPP_2^3,"235,79,0","4,201,0",0,-1,0,0.0,0.0,0.0,0.0,
721,SIPP_2^4,"235,79,0","4,201,0",0,-1,0,0.0,0.0,0.0,0.0,
721,SIPP_2^5,"235,79,0","4,201,0",0,-1,0,0.0,0.0,0.0,0.0,
721,SIPP_BigCS,"235,79,0","4,201,0",0,-1,0,0.0,0.0,0.0,0.0,
721,SIPP_Standard,"235,79,2","4,201,15",0,-1,65854,180.00357,0.0,0.0,0.0,
722,SIPP_2^2,"21,243,0","154,24,0",0,-1,0,0.0,0.0,0.0,0.0,
722,SIPP_2^3,"21,243,0","154,24,0",0,-1,0,0.0,0.0,0.0,0.0,
722,SIPP_2^4,"21,243,0","154,24,0",0,-1,0,0.0,0.0,0.0,0.0,
722,SIPP_2^5,"21,243,0","154,24,0",0,-1,0,0.0,0.0,0.0,0.0,
722,SIPP_BigCS,"21,243,0","154,24,0",0,-1,0,0.0,0.0,0.0,0.0,
722,SIPP_Standard,"21,243,2","154,24,11",0,-1,0,4e-05,0.0,0.0,0.0,
723,SIPP_2^2,"0,123,0","240,6,0",0,-1,0,0.0,0.0,0.0,0.0,
723,SIPP_2^3,"0,123,0","240,6,0",0,-1,0,0.0,0.0,0.0,0.0,
723,SIPP_2^4,"0,123,0","240,6,0",0,-1,0,0.0,0.0,0.0,0.0,
723,SIPP_2^5,"0,123,0","240,6,0",0,-1,0,0.0,0.0,0.0,0.0,
723,SIPP_BigCS,"0,123,0","240,6,0",0,-1,0,0.0,0.0,0.0,0.0,
723,SIPP_Standard,"0,123,8","240,6,14",0,-1,0,1e-05,0.0,0.0,0.0,
724,SIPP_2^2,"212,55,0","5,204,0",0,-1,0,0.0,0.0,0.0,0.0,
724,SIPP_2^3,"212,55,0","5,204,0",0,-1,0,0.0,0.0,0.0,0.0,
724,SIPP_2^4,"212,55,0","5,204,0",0,-1,0,0.0,0.0,0.0,0.0,
724,SIPP_2^5,"212,55,0","5,204,0",0,-1,0,0.0,0.0,0.0,0.0,
724,SIPP_BigCS,"212,55,0","5,204,0",0,-1,0,0.0,0.0,0.0,0.0,
724,SIPP_Standard,"212,55,7","5,204,0",0,-1,0,2e-05,0.0,0.0,0.0,
725,SIPP_2^2,"50,239,0","161,29,0",0,-1,0,0.0,0.0,0.0,0.0,
725,SIPP_2^3,"50,239,0","161,29,0",0,-1,0,0.0,0.0,0.0,0.0,
725,SIPP_2^4,"50,239,0","161,29,0",0,-1,0,0.0,0.0,0.0,0.0,
725,SIPP_2^5,"50,239,0","161,29,0",0,-1,0,0.0,0.0,0.0,0.0,
725,SIPP_BigCS,"50,239,0","161,29,0",0,-1,0,0.0,0.0,0.0,0.0,
725,SIPP_Standard,"50,239,8","161,29,0",0,-1,59811,180.00133,0.0,0.0,0.0,
726,SIPP_2^2,"213,5,0","31,178,0",0,-1,0,0.0,0.0,0.0,0.0,
726,SIPP_2^3,"213,5,0","31,178,0",0,-1,0,0.0,0.0,0.0,0.0,
726,SIPP_2^4,"213,5,0","31,178,0",0,-1,0,0.0,0.0,0.0,0.0,
726,SIPP_2^5,"213,5,0","31,178,0",0,-1,0,0.0,0.0,0.0,0.0,
726,SIPP_BigCS,"213,5,0","31,178,0",0,-1,0,0.0,0.0,0.0,0.0,
726,SIPP_Standard,"213,5,9","31,178,13",0,-1,65255,180.00485,0.0,0.0,0.0,
727,SIPP_2^2,"213,54,0","22,233,0",0,-1,0,0.0,0.0,0.0,0.0,
727,SIPP_2^3,"213,54,0","22,233,0",0,-1,0,0.0,0.0,0.0,0.0,
727,SIPP_2^4,"213,54,0","22,233,0",0,-1,0,0.0,0.0,0.0,0.0,
727,SIPP_2^5,"213,54,0","22,233,0",0,-1,0,0.0,0.0,0.0,0.0,
727,SIPP_BigCS,"213,54,0","22,233,0",0,-1,0,0.0,0.0,0.0,0.0,
727,SIPP_Standard,"213,54,15","22,233,2",0,-1,0,6e-05,0.0,0.0,0.0,
728,SIPP_2^2,"241,216,0","6,110,0",0,-1,0,0.0,0.0,0.0,0.0,
728,SIPP_2^3,"241,216,0","6,110,0",0,-1,0,0.0,0.0,0.0,0.0,
728,SIPP_2^4,"241,216,0","6,110,0",0,-1,0,0.0,0.0,0.0,0.0,
728,SIPP_2^5,"241,216,0","6,110,0",0,-1,0,0.0,0.0,0.0,0.0,
728,SIPP_BigCS,"241,216,0","6,110,0",0,-1,0,0.0,0.0,0.0,0.0,
728,SIPP_Standard,"241,216,12","6,110,9",0,-1,0,5e-05,0.0,0.0,0.0,
729,SIPP_2^2,"40,223,0","212,30,0",0,-1,0,0.0,0.0,0.0,0.0,
729,SIPP_2^3,"40,223,0","212,30,0",0,-1,0,0.0,0.0,0.0,0.0,
729,SIPP_2^4,"40,223,0","212,30,0",0,-1,0,0.0,0.0,0.0,0.0,
729,SIPP_2^5,"40,223,0","212,30,0",0,-1,0,0.0,0.0,0.0,0.0,
729,SIPP_BigCS,"40,223,0","212,30,0",0,-1,0,0.0,0.0,0.0,0.0,
729,SIPP_Standard,"40,223,14","212,30,6",0,-1,0,6e-05,0.0,0.0,0.0,
730,SIPP_2^2,"207,51,0","19,214,0",0,-1,0,0.0,0.0,0.0,0.0,
730,SIPP_2^3,"207,51,0","19,214,0",0,-1,0,0.0,0.0,0.0,0.0,
730,SIPP_2^4,"207,51,0","19,214,0",0,-1,0,0.0,0.0,0.0,0.0,
730,SIPP_2^5,"207,51,0","19,214,0",0,-1,0,0.0,0.0,0.0,0.0,
730,SIPP_BigCS,"207,51,0","19,214,0",0,-1,0,0.0,0.0,0.0,0.0,
730,SIPP_Standard,"207,51,11","19,214,15",0,-1,0,2e-05,0.0,0.0,0.0,
731,SIPP_2^2,"238,182,0","3,36,0",0,-1,0,0.0,0.0,0.0,0.0,
731,SIPP_2^3,"238,182,0","3,36,0",0,-1,0,0.0,0.0,0.0,0.0,
731,SIPP_2^4,"238,182,0","3,36,0",0,-1,0,0.0,0.0,0.0,0.0,
731,SIPP_2^5,"238,182,0","3,36,0",0,-1,0,0.0,0.0,0.0,0.0,
731,SIPP_BigCS,"238,182,0","3,36,0",0,-1,0,0.0,0.0,0.0,0.0,
731,SIPP_Standard,"238,182,15","3,36,7",0,-1,18,0.04393,0.0,0.0,0.0,
732,SIPP_2^2,"232,26,0","26,180,0",0,-1,0,0.0,0.0,0.0,0.0,
732,SIPP_2^3,"232,26,0","26,180,0",0,-1,0,0.0,0.0,0.0,0.0,
732,SIPP_2^4,"232,26,0","26,180,0",0,-1,0,0.0,0.0,0.0,0.0,
732,SIPP_2^5,"232,26,0","26,180,0",0,-1,0,0.0,0.0,0.0,0.0,
732,SIPP_BigCS,"232,26,0","26,180,0",0,-1,0,0.0,0.0,0.0,0.0,
732,SIPP_Standard,"232,26,8","26,180,0",0,-1,0,4e-05,0.0,0.0,0.0,
733,SIPP_2^2,"232,6,0","46,172,0",0,-1,0,0.0,0.0,0.0,0.0,
733,SIPP_2^3,"232,6,0","46,172,0",0,-1,0,0.0,0.0,0.0,0.0,
733,SIPP_2^4,"232,6,0","46,172,0",0,-1,0,0.0,0.0,0.0,0.0,
733,SIPP_2^5,"232,6,0","46,172,0",0,-1,0,0.0,0.0,0.0,0.0,
733,SIPP_BigCS,"232,6,0","46,172,0",0,-1,0,0.0,0.0,0.0,0.0,
733,SIPP_Standard,"232,6,6","46,172,4",0,-1,0,2e-05,0.0,0.0,0.0,
734,SIPP_2^2,"18,40,0","200,240,0",0,-1,0,0.0,0.0,0.0,0.0,
734,SIPP_2^3,"18,40,0","200,240,0",0,-1,0,0.0,0.0,0.0,0.0,
734,SIPP_2^4,"18,40,0","200,240,0",0,-1,0,0.0,0.0,0.0,0.0,
734,SIPP_2^5,"18,40,0","200,240,0",0,-1,0,0.0,0.0,0.0,0.0,
734,SIPP_BigCS,"18,40,0","200,240,0",0,-1,0,0.0,0.0,0.0,0.0,
734,SIPP_Standard,"18,40,1","200,240,15",0,-1,0,4e-05,0.0,0.0,0.0,
735,SIPP_2^2,"40,243,0","159,26,0",0,-1,0,0.0,0.0,0.0,0.0,
735,SIPP_2^3,"40,243,0","159,26,0",0,-1,0,0.0,0.0,0.0,0.0,
735,SIPP_2^4,"40,243,0","159,26,0",0,-1,0,0.0,0.0,0.0,0.0,
735,SIPP_2^5,"40,243,0","159,26,0",0,-1,0,0.0,0.0,0.0,0.0,
735,SIPP_BigCS,"40,243,0","159,26,0",0,-1,0,0.0,0.0,0.0,0.0,
735,SIPP_Standard,"40,243,9","159,26,7",0,-1,0,1e-05,0.0,0.0,0.0,
736,SIPP_2^2,"244,44,0","43,217,0",0,-1,0,0.0,0.0,0.0,0.0,
736,SIPP_2^3,"244,44,0","43,217,0",0,-1,0,0.0,0.0,0.0,0.0,
736,SIPP_2^4,"244,44,0","43,217,0",0,-1,0,0.0,0.0,0.0,0.0,
736,SIPP_2^5,"244,44,0","43,217,0",0,-1,0,0.0,0.0,0.0,0.0,
736,SIPP_BigCS,"244,44,0","43,217,0",0,-1,0,0.0,0.0,0.0,0.0,
736,SIPP_Standard,"244,44,2","43,217,8",0,-1,0,3e-05,0.0,0.0,0.0,
737,SIPP_2^2,"223,48,0","6,189,0",0,-1,0,0.0,0.0,0.0,0.0,
737,SIPP_2^3,"223,48,0","6,189,0",0,-1,0,0.0,0.0,0.0,0.0,
737,SIPP_2^4,"223,48,0","6,189,0",0,-1,0,0.0,0.0,0.0,0.0,
737,SIPP_2^5,"223,48,0","6,189,0",0,-1,0,0.0,0.0,0.0,0.0,
737,SIPP_BigCS,"223,48,0","6,189,0",0,-1,0,0.0,0.0,0.0,0.0,
737,SIPP_Standard,"223,48,8","6,189,2",0,-1,72429,180.00269,0.0,0.0,0.0,
738,SIPP_2^2,"89,4,0","201,252,0",0,-1,0,0.0,0.0,0.0,0.0,
738,SIPP_2^3,"89,4,0","201,252,0",0,-1,0,0.0,0.0,0.0,0.0,
738,SIPP_2^4,"89,4,0","201,252,0",0,-1,0,0.0,0.0,0.0,0.0,
738,SIPP_2^5,"89,4,0","201,252,0",0,-1,0,0.0,0.0,0.0,0.0,
738,SIPP_BigCS,"89,4,0","201,252,0",0,-1,0,0.0,0.0,0.0,0.0,
738,SIPP_Standard,"89,4,10","201,252,0",0,-1,60501,180.00371,0.0,0.0,0.0,
739,SIPP_2^2,"112,235,0","248,2,0",0,-1,0,0.0,0.0,0.0,0.0,
739,SIPP_2^3,"112,235,0","248,2,0",0,-1,0,0.0,0.0,0.0,0.0,
739,SIPP_2^4,"112,235,0","248,2,0",0,-1,0,0.0,0.0,0.0,0.0,
739,SIPP_2^5,"112,235,0","248,2,0",0,-1,0,0.0,0.0,0.0,0.0,
739,SIPP_BigCS,"112,235,0","248,2,0",0,-1,0,0.0,0.0,0.0,0.0,
739,SIPP_Standard,"112,235,5","248,2,1",0,-1,64771,180.00163,0.0,0.0,0.0,
740,SIPP_2^2,"60,6,0","193,244,0",0,-1,0,0.0,0.0,0.0,0.0,
740,SIPP_2^3,"60,6,0","193,244,0",0,-1,0,0.0,0.0,0.0,0.0,
740,SIPP_2^4,"60,6,0","193,244,0",0,-1,0,0.0,0.0,0.0,0.0,
740,SIPP_2^5,"60,6,0","193,244,0",0,-1,0,0.0,0.0,0.0,0.0,
740,SIPP_BigCS,"60,6,0","193,244,0",0,-1,0,0.0,0.0,0.0,0.0,
740,SIPP_Standard,"60,6,10","193,244,7",0,-1,64812,180.00142,0.0,0.0,0.0,
741,SIPP_2^2,"247,180,0","8,41,0",0,-1,0,0.0,0.0,0.0,0.0,
741,SIPP_2^3,"247,180,0","8,41,0",0,-1,0,0.0,0.0,0.0,0.0,
741,SIPP_2^4,"247,180,0","8,41,0",0,-1,0,0.0,0.0,0.0,0.0,
741,SIPP_2^5,"247,180,0","8,41,0",0,-1,0,0.0,0.0,0.0,0.0,
741,SIPP_BigCS,"247,180,0","8,41,0",0,-1,0,0.0,0.0,0.0,0.0,
741,SIPP_Standard,"247,180,15","8,41,4",0,-1,62958,180.00371,0.0,0.0,0.0,
742,SIPP_2^2,"237,228,0","19,72,0",0,-1,0,0.0,0.0,0.0,0.0,
742,SIPP_2^3,"237,228,0","19,72,0",0,-1,0,0.0,0.0,0.0,0.0,
742,SIPP_2^4,"237,228,0","19,72,0",0,-1,0,0.0,0.0,0.0,0.0,
742,SIPP_2^5,"237,228,0","19,72,0",0,-1,0,0.0,0.0,0.0,0.0,
742,SIPP_BigCS,"237,228,0","19,72,0",0,-1,0,0.0,0.0,0.0,0.0,
742,SIPP_Standard,"237,228,6","19,72,14",0,-1,0,4e-05,0.0,0.0,0.0,
743,SIPP_2^2,"253,76,0","18,205,0",0,-1,0,0.0,0.0,0.0,0.0,
743,SIPP_2^3,"253,76,0","18,205,0",0,-1,0,0.0,0.0,0.0,0.0,
743,SIPP_2^4,"253,76,0","18,205,0",0,-1,0,0.0,0.0,0.0,0.0,
743,SIPP_2^5,"253,76,0","18,205,0",0,-1,0,0.0,0.0,0.0,0.0,
743,SIPP_BigCS,"253,76,0","18,205,0",0,-1,0,0.0,0.0,0.0,0.0,
743,SIPP_Standard,"253,76,3","18,205,5",0,-1,69243,180.00081,0.0,0.0,0.0,
744,SIPP_2^2,"9,34,0","202,230,0",0,-1,0,0.0,0.0,0.0,0.0,
744,SIPP_2^3,"9,34,0","202,230,0",0,-1,0,0.0,0.0,0.0,0.0,
744,SIPP_2^4,"9,34,0","202,230,0",0,-1,0,0.0,0.0,0.0,0.0,
744,SIPP_2^5,"9,34,0","202,230,0",0,-1,0,0.0,0.0,0.0,0.0,
744,SIPP_BigCS,"9,34,0","202,230,0",0,-1,0,0.0,0.0,0.0,0.0,
744,SIPP_Standard,"9,34,5","202,230,0",0,-1,66867,180.0005,0.0,0.0,0.0,
745,SIPP_2^2,"93,5,0","255,231,0",0,-1,0,0.0,0.0,0.0,0.0,
745,SIPP_2^3,"93,5,0","255,231,0",0,-1,0,0.0,0.0,0.0,0.0,
745,SIPP_2^4,"93,5,0","255,231,0",0,-1,0,0.0,0.0,0.0,0.0,
745,SIPP_2^5,"93,5,0","255,231,0",0,-1,0,0.0,0.0,0.0,0.0,
745,SIPP_BigCS,"93,5,0","255,231,0",0,-1,0,0.0,0.0,0.0,0.0,
745,SIPP_Standard,"93,5,0","255,231,11",0,-1,62271,180.00107,0.0,0.0,0.0,
746,SIPP_2^2,"1,194,0","241,77,0",0,-1,0,0.0,0.0,0.0,0.0,
746,SIPP_2^3,"1,194,0","241,77,0",0,-1,0,0.0,0.0,0.0,0.0,
746,SIPP_2^4,"1,194,0","241,77,0",0,-1,0,0.0,0.0,0.0,0.0,
746,SIPP_2^5,"1,194,0","241,77,0",0,-1,0,0.0,0.0,0.0,0.0,
746,SIPP_BigCS,"1,194,0","241,77,0",0,-1,0,0.0,0.0,0.0,0.0,
746,SIPP_Standard,"1,194,14","241,77,13",0,-1,65073,180.00049,0.0,0.0,0.0,
747,SIPP_2^2,"10,69,0","245,208,0",0,-1,0,0.0,0.0,0.0,0.0,
747,SIPP_2^3,"10,69,0","245,208,0",0,-1,0,0.0,0.0,0.0,0.0,
747,SIPP_2^4,"10,69,0","245,208,0",0,-1,0,0.0,0.0,0.0,0.0,
747,SIPP_2^5,"10,69,0","245,208,0",0,-1,0,0.0,0.0,0.0,0.0,
747,SIPP_BigCS,"10,69,0","245,208,0",0,-1,0,0.0,0.0,0.0,0.0,
747,SIPP_Standard,"10,69,8","245,208,7",0,-1,60457,180.00133,0.0,0.0,0.0,
748,SIPP_2^2,"65,183,0","253,0,0",0,-1,0,0.0,0.0,0.0,0.0,
748,SIPP_2^3,"65,183,0","253,0,0",0,-1,0,0.0,0.0,0.0,0.0,
748,SIPP_2^4,"65,183,0","253,0,0",0,-1,0,0.0,0.0,0.0,0.0,
748,SIPP_2^5,"65,183,0","253,0,0",0,-1,0,0.0,0.0,0.0,0.0,
748,SIPP_BigCS,"65,183,0","253,0,0",0,-1,0,0.0,0.0,0.0,0.0,
748,SIPP_Standard,"65,183,12","253,0,14",0,-1,250,0.35781,0.0,0.0,0.0,
749,SIPP_2^2,"12,144,0","255,38,0",0,-1,0,0.0,0.0,0.0,0.0,
749,SIPP_2^3,"12,144,0","255,38,0",0,-1,0,0.0,0.0,0.0,0.0,
749,SIPP_2^4,"12,144,0","255,38,0",0,-1,0,0.0,0.0,0.0,0.0,
749,SIPP_2^5,"12,144,0","255,38,0",0,-1,0,0.0,0.0,0.0,0.0,
749,SIPP_BigCS,"12,144,0","255,38,0",0,-1,0,0.0,0.0,0.0,0.0,
749,SIPP_Standard,"12,144,14","255,38,10",0,-1,70869,180.00052,0.0,0.0,0.0,
750,SIPP_2^2,"77,229,0","251,10,0",0,-1,0,0.0,0.0,0.0,0.0,
750,SIPP_2^3,"77,229,0","251,10,0",0,-1,0,0.0,0.0,0.0,0.0,
750,SIPP_2^4,"77,229,0","251,10,0",0,-1,0,0.0,0.0,0.0,0.0,
750,SIPP_2^5,"77,229,0","251,10,0",0,-1,0,0.0,0.0,0.0,0.0,
750,SIPP_BigCS,"77,229,0","251,10,0",0,-1,0,0.0,0.0,0.0,0.0,
750,SIPP_Standard,"77,229,3","251,10,7",0,-1,1,0.01889,0.0,0.0,0.0,
751,SIPP_2^2,"29,15,0","242,204,0",0,-1,0,0.0,0.0,0.0,0.0,
751,SIPP_2^3,"29,15,0","242,204,0",0,-1,0,0.0,0.0,0.0,0.0,
751,SIPP_2^4,"29,15,0","242,204,0",0,-1,0,0.0,0.0,0.0,0.0,
751,SIPP_2^5,"29,15,0","242,204,0",0,-1,0,0.0,0.0,0.0,0.0,
751,SIPP_BigCS,"29,15,0","242,204,0",0,-1,0,0.0,0.0,0.0,0.0,
751,SIPP_Standard,"29,15,11","242,204,0",0,-1,65672,180.00247,0.0,0.0,0.0,
752,SIPP_2^2,"42,10,0","225,229,0",0,-1,0,0.0,0.0,0.0,0.0,
752,SIPP_2^3,"42,10,0","225,229,0",0,-1,0,0.0,0.0,0.0,0.0,
752,SIPP_2^4,"42,10,0","225,229,0",0,-1,0,0.0,0.0,0.0,0.0,
752,SIPP_2^5,"42,10,0","225,229,0",0,-1,0,0.0,0.0,0.0,0.0,
752,SIPP_BigCS,"42,10,0","225,229,0",0,-1,0,0.0,0.0,0.0,0.0,
752,SIPP_Standard,"42,10,13","225,229,8",0,-1,0,2e-05,0.0,0.0,0.0,
753,SIPP_2^2,"20,217,0","244,65,0",0,-1,0,0.0,0.0,0.0,0.0,
753,SIPP_2^3,"20,217,0","244,65,0",0,-1,0,0.0,0.0,0.0,0.0,
753,SIPP_2^4,"20,217,0","244,65,0",0,-1,0,0.0,0.0,0.0,0.0,
753,SIPP_2^5,"20,217,0","244,65,0",0,-1,0,0.0,0.0,0.0,0.0,
753,SIPP_BigCS,"20,217,0","244,65,0",0,-1,0,0.0,0.0,0.0,0.0,
753,SIPP_Standard,"20,217,9","244,65,9",0,-1,63234,180.00022,0.0,0.0,0.0,
754,SIPP_2^2,"29,183,0","247,27,0",0,-1,0,0.0,0.0,0.0,0.0,
754,SIPP_2^3,"29,183,0","247,27,0",0,-1,0,0.0,0.0,0.0,0.0,
754,SIPP_2^4,"29,183,0","247,27,0",0,-1,0,0.0,0.0,0.0,0.0,
754,SIPP_2^5,"29,183,0","247,27,0",0,-1,0,0.0,0.0,0.0,0.0,
754,SIPP_BigCS,"29,183,0","247,27,0",0,-1,0,0.0,0.0,0.0,0.0,
754,SIPP_Standard,"29,183,0","247,27,11",0,-1,67067,180.00076,0.0,0.0,0.0,
755,SIPP_2^2,"241,39,0","12,171,0",0,-1,0,0.0,0.0,0.0,0.0,
755,SIPP_2^3,"241,39,0","12,171,0",0,-1,0,0.0,0.0,0.0,0.0,
755,SIPP_2^4,"241,39,0","12,171,0",0,-1,0,0.0,0.0,0.0,0.0,
755,SIPP_2^5,"241,39,0","12,171,0",0,-1,0,0.0,0.0,0.0,0.0,
755,SIPP_BigCS,"241,39,0","12,171,0",0,-1,0,0.0,0.0,0.0,0.0,
755,SIPP_Standard,"241,39,3","12,171,1",0,-1,0,2e-05,0.0,0.0,0.0,
756,SIPP_2^2,"202,243,0","74,1,0",0,-1,0,0.0,0.0,0.0,0.0,
756,SIPP_2^3,"202,243,0","74,1,0",0,-1,0,0.0,0.0,0.0,0.0,
756,SIPP_2^4,"202,243,0","74,1,0",0,-1,0,0.0,0.0,0.0,0.0,
756,SIPP_2^5,"202,243,0","74,1,0",0,-1,0,0.0,0.0,0.0,0.0,
756,SIPP_BigCS,"202,243,0","74,1,0",0,-1,0,0.0,0.0,0.0,0.0,
756,SIPP_Standard,"202,243,1","74,1,4",0,-1,96,0.12157,0.0,0.0,0.0,
757,SIPP_2^2,"10,161,0","252,41,0",0,-1,0,0.0,0.0,0.0,0.0,
757,SIPP_2^3,"10,161,0","252,41,0",0,-1,0,0.0,0.0,0.0,0.0,
757,SIPP_2^4,"10,161,0","252,41,0",0,-1,0,0.0,0.0,0.0,0.0,
757,SIPP_2^5,"10,161,0","252,41,0",0,-1,0,0.0,0.0,0.0,0.0,
757,SIPP_BigCS,"10,161,0","252,41,0",0,-1,0,0.0,0.0,0.0,0.0,
757,SIPP_Standard,"10,161,12","252,41,3",0,-1,70974,180.00109,0.0,0.0,0.0,
758,SIPP_2^2,"2,33,0","255,151,0",0,-1,0,0.0,0.0,0.0,0.0,
758,SIPP_2^3,"2,33,0","255,151,0",0,-1,0,0.0,0.0,0.0,0.0,
758,SIPP_2^4,"2,33,0","255,151,0",0,-1,0,0.0,0.0,0.0,0.0,
758,SIPP_2^5,"2,33,0","255,151,0",0,-1,0,0.0,0.0,0.0,0.0,
758,SIPP_BigCS,"2,33,0","255,151,0",0,-1,0,0.0,0.0,0.0,0.0,
758,SIPP_Standard,"2,33,3","255,151,5",0,-1,66884,180.00115,0.0,0.0,0.0,
759,SIPP_2^2,"237,220,0","7,84,0",0,-1,0,0.0,0.0,0.0,0.0,
759,SIPP_2^3,"237,220,0","7,84,0",0,-1,0,0.0,0.0,0.0,0.0,
759,SIPP_2^4,"237,220,0","7,84,0",0,-1,0,0.0,0.0,0.0,0.0,
759,SIPP_2^5,"237,220,0","7,84,0",0,-1,0,0.0,0.0,0.0,0.0,
759,SIPP_BigCS,"237,220,0","7,84,0",0,-1,0,0.0,0.0,0.0,0.0,
759,SIPP_Standard,"237,220,10","7,84,0",0,-1,0,5e-05,0.0,0.0,0.0,
760,SIPP_2^2,"6,255,0","245,108,0",0,-1,0,0.0,0.0,0.0,0.0,
760,SIPP_2^3,"6,255,0","245,108,0",0,-1,0,0.0,0.0,0.0,0.0,
760,SIPP_2^4,"6,255,0","245,108,0",0,-1,0,0.0,0.0,0.0,0.0,
760,SIPP_2^5,"6,255,0","245,108,0",0,-1,0,0.0,0.0,0.0,0.0,
760,SIPP_BigCS,"6,255,0","245,108,0",0,-1,0,0.0,0.0,0.0,0.0,
760,SIPP_Standard,"6,255,12","245,108,10",0,-1,0,1e-05,0.0,0.0,0.0,
761,SIPP_2^2,"34,21,0","239,227,0",0,-1,0,0.0,0.0,0.0,0.0,
761,SIPP_2^3,"34,21,0","239,227,0",0,-1,0,0.0,0.0,0.0,0.0,
761,SIPP_2^4,"34,21,0","239,227,0",0,-1,0,0.0,0.0,0.0,0.0,
761,SIPP_2^5,"34,21,0","239,227,0",0,-1,0,0.0,0.0,0.0,0.0,
761,SIPP_BigCS,"34,21,0","239,227,0",0,-1,0,0.0,0.0,0.0,0.0,
761,SIPP_Standard,"34,21,9","239,227,11",0,-1,61492,180.0003,0.0,0.0,0.0,
762,SIPP_2^2,"205,238,0","9,35,0",0,-1,0,0.0,0.0,0.0,0.0,
762,SIPP_2^3,"205,238,0","9,35,0",0,-1,0,0.0,0.0,0.0,0.0,
762,SIPP_2^4,"205,238,0","9,35,0",0,-1,0,0.0,0.0,0.0,0.0,
762,SIPP_2^5,"205,238,0","9,35,0",0,-1,0,0.0,0.0,0.0,0.0,
762,SIPP_BigCS,"205,238,0","9,35,0",0,-1,0,0.0,0.0,0.0,0.0,
762,SIPP_Standard,"205,238,10","9,35,13",0,-1,0,5e-05,0.0,0.0,0.0,
763,SIPP_2^2,"1,28,0","233,193,0",0,-1,0,0.0,0.0,0.0,0.0,
763,SIPP_2^3,"1,28,0","233,193,0",0,-1,0,0.0,0.0,0.0,0.0,
763,SIPP_2^4,"1,28,0","233,193,0",0,-1,0,0.0,0.0,0.0,0.0,
763,SIPP_2^5,"1,28,0","233,193,0",0,-1,0,0.0,0.0,0.0,0.0,
763,SIPP_BigCS,"1,28,0","233,193,0",0,-1,0,0.0,0.0,0.0,0.0,
763,SIPP_Standard,"1,28,8","233,193,15",0,-1,63755,180.00135,0.0,0.0,0.0,
764,SIPP_2^2,"245,33,0","26,195,0",0,-1,0,0.0,0.0,0.0,0.0,
764,SIPP_2^3,"245,33,0","26,195,0",0,-1,0,0.0,0.0,0.0,0.0,
764,SIPP_2^4,"245,33,0","26,195,0",0,-1,0,0.0,0.0,0.0,0.0,
764,SIPP_2^5,"245,33,0","26,195,0",0,-1,0,0.0,0.0,0.0,0.0,
764,SIPP_BigCS,"245,33,0","26,195,0",0,-1,0,0.0,0.0,0.0,0.0,
764,SIPP_Standard,"245,33,6","26,195,9",0,-1,72435,180.00131,0.0,0.0,0.0,
765,SIPP_2^2,"180,42,0","13,237,0",0,-1,0,0.0,0.0,0.0,0.0,
765,SIPP_2^3,"180,42,0","13,237,0",0,-1,0,0.0,0.0,0.0,0.0,
765,SIPP_2^4,"180,42,0","13,237,0",0,-1,0,0.0,0.0,0.0,0.0,
765,SIPP_2^5,"180,42,0","13,237,0",0,-1,0,0.0,0.0,0.0,0.0,
765,SIPP_BigCS,"180,42,0","13,237,0",0,-1,0,0.0,0.0,0.0,0.0,
765,SIPP_Standard,"180,42,11","13,237,3",0,-1,0,9e-05,0.0,0.0,0.0,
766,SIPP_2^2,"252,225,0","12,89,0",0,-1,0,0.0,0.0,0.0,0.0,
766,SIPP_2^3,"252,225,0","12,89,0",0,-1,0,0.0,0.0,0.0,0.0,
766,SIPP_2^4,"252,225,0","12,89,0",0,-1,0,0.0,0.0,0.0,0.0,
766,SIPP_2^5,"252,225,0","12,89,0",0,-1,0,0.0,0.0,0.0,0.0,
766,SIPP_BigCS,"252,225,0","12,89,0",0,-1,0,0.0,0.0,0.0,0.0,
766,SIPP_Standard,"252,225,13","12,89,2",0,-1,1,0.00861,0.0,0.0,0.0,
767,SIPP_2^2,"236,70,0","17,255,0",0,-1,0,0.0,0.0,0.0,0.0,
767,SIPP_2^3,"236,70,0","17,255,0",0,-1,0,0.0,0.0,0.0,0.0,
767,SIPP_2^4,"236,70,0","17,255,0",0,-1,0,0.0,0.0,0.0,0.0,
767,SIPP_2^5,"236,70,0","17,255,0",0,-1,0,0.0,0.0,0.0,0.0,
767,SIPP_BigCS,"236,70,0","17,255,0",0,-1,0,0.0,0.0,0.0,0.0,
767,SIPP_Standard,"236,70,13","17,255,12",0,-1,66432,180.0007,0.0,0.0,0.0,
768,SIPP_2^2,"195,246,0","31,9,0",1,4384.614062000001,55837,19.26661,636.3961,144.51326,289.02652,0 0 0 0 0 0 0 0 0 0 0 0 -38.526 2 -1.089 2 -1.636 2 -0.394 3 3 -20.561 3 -34.170 0 0 0 3 3 3 3 3 3 3 3 3 2 3 3 3 3 0 0 3 0 0 0 0 0 3 3 3 3 3 3 3 3 3 3 3 3 0 0 0 3 0 0 0 0 3 3 3 -18.892 3 -31.383 3 3 -7.487 3 3 3 3 3 3 3 3 3 3 3 3 3 3 3 3 3 3 3 3 0 3 0 3 3 3 0 0 3 3 0 3 3 3 3 3 3 3 3 3 3 3 3 3 3 3 3 3 3 3 0 0 0 0 0 0 0 0 3 0 0 0 3 0 0 0 0 0 0 0 0 0 0 0 0 0 0 0 0 0 0 0 0 0 0 0 0 0 0 0 0 0 0 0 0 0 0 0 0 0 3 3 3 0 0 0 0 0 3 3 0 0 0 0 0 0 0 0 0 0 3 3 3 0 3 0 3 3 3 3 3 0 3 0 0 0 3 0 0 0 0 0 0 3 0 0 3 3 0 0 0 3 3 3 3 3 3 3 3 3 3 3 3 3 0 0 0 0 0 0 0 0 0 -24.973 3 -5.225 0 -10.466 3 3 3 3 3 3 3 3 3 0 0 3 3 3 3 3 3 3 3 3 3 3 3 3 3 3 3 3 3 3 3 0 0 0 0 0 0 0 0 0 0 0 0 0 0 0 0 0 0 0 0 0 0 0 3 0 3 0 3 0 0 0 0 0 0 0 0 0 0 0 0 0 3 0 3 0 0 0 0 0 0 0 3 0 0 3 3 0 0 0 3 0 0 0 3 3 0 0 0 0 0 0 0 0 0 3 0 3 3 3 0 0 0 0 3 3 0 -17.455 0 -0.395 1 0 -1.964 0 0 0 0 0 0 0 0 0 0 0 0 0 0 0 0 0 0 0 0 0 0 0 0 0 0 0 0 0 0 0 1 1 0 1 0 0 0 0 0 0 3 0 3 0 3 3 0 0 0 3 3 0
768,SIPP_2^3,"195,246,0","31,9,0",1,3628.022339999998,18426,12.30513,236.65069,46.33849,92.67699,0 0 0 0 0 0 1 0 1 1 3 -9.683 6 -1.138 6 -1.137 6 -4.169 5 6 7 -21.226 6 -34.170 0 7 7 6 6 6 6 6 6 5 5 6 7 7 7 7 7 7 7 7 7 7 7 7 7 7 7 6 6 6 6 -110.191 6 -31.383 6 6 -7.487 6 6 6 6 6 6 6 6 6 7 7 7 7 7 0 7 7 0 7 7 7 7 7 0 7 7 7 7 7 7 7 0 0 0 7 7 7 0 7 0 0 0 0 0 0 0 0 0 0 0 0 0 0 0 0 0 0 0 0 0 0 0 0 0 0 0 0 0 0 0 7 7 7 0 7 7 0 0 0 0 0 0 0 0 0 0 0 0 0 0 0 0 0 0 7 7 7 7 7 7 7 0 0 7 0 0 0 7 7 7 7 7 0 7 7 7 7 7 7 7 7 7 7 7 7 7 7 0 0 0 0 0 0 0 0 0 0 0 0 0 0 0 0 0 0 0 0 0 7 7 7 0 0 7 7 7 7 7 7 7 7 7 7 7 0 0 7 7 7 7 7 7 7 7 0 7 6 6 6 6 6 6 6 6 6 6 -0.818 6 -0.034 6 7 -3.968 7 7 7 7 7 7 7 7 7 7 7 7 7 7 7 7 7 7 7 7 7 0 7 7 0 0 0 0 0 0 0 0 0 0 0 0 0 0 0 0 7 7 7 6 7
768,SIPP_2^4,"195,246,0","31,9,0",1,3584.013115,19731,33.70071,201.775,39.0521,78.1042,0 0 0 1 1 0 0 2 -27.388 8 -1.138 12 -6.045 11 13 -24.049 12 -34.170 0 14 14 12 12 12 12 12 12 11 10 14 13 13 14 -1.188 13 12 13 12 12 12 12 12 12 12 12 12 12 11 12 12 11 12 12 13 13 12 12 -4.075 12 -0.370 12 14 14 14 14 14 14 14 14 14 15 15 15 15 15 15 15 15 15 0 0 0 0 0 0 0 0 0 0 0 0 15 0 0 0 0 15 15 15 15 15 15 15 15 15 15 15 -2.435 15 0 0 0 0 -0.112 0 0 0 0 0 0 0 0 0 0 0 0 0 0 1 0 0 -1.470 0 0 0 0 0 0 0 0 0 0 0 15 -9.075 12 -8.544 12 -12.565 0 -13.612 0 -0.918 0 -0.201 0 13 14 14 14 14 14 15 14 15 14 15 15 15 14 15 15 0 0 1 0 0 0 0 0 0 0 0 0 0 0 0 0 1 0 0 0 15 15 15 -1.185 15 15 15 15 14 15 15 15 14 15 14 14 14 14 14 14 15 15 14 14 14 14 14 14 14 15 15 15 15 15 15 15 14 14 14 14 14 14 13 13 13 13 12 12 13 12 12 12 12 12 12 14 13 -0.245 13 10
768,SIPP_2^5,"195,246,0","31,9,0",1,3583.2371889999963,21159,87.56481,167.23663,32.13534,64.27068,0 0 1 0 1 4 -4.520 12 -10.202 24 -1.138 24 -1.137 24 -12.724 24 -0.394 24 -61.703 27 28 24 24 24 24 24 23 20 28 28 27 25 25 24 24 24 24 24 24 24 24 24 24 24 24 24 23 24 24 24 24 24 24 24 24 24 -5.077 24 28 28 29 28 28 28 28 28 31 0 0 0 0 0 31 0 31 31 31 31 31 31 31 31 31 30 30 30 30 29 29 29 -0.180 0 -2.284 0 -6.684 30 0 0 0 0 -0.112 0 0 0 0 0 0 0 0 0 0 0 0 0 1 0 0 -2.208 0 0 0 0 0 0 0 0 0 0 0 0 0 0 -13.787 24 -3.037 0 -5.720 24 -13.612 24 -0.918 0 -0.201 0 27 29 29 29 29 29 29 29 1 0 0 0 0 0 0 0 0 0 0 1 0 0 0 0 -0.520 0 -0.053 0 29 -2.135 0 30 -2.197 30 29 29 29 29 29 29 29 29 29 29 28 28 28 28 28 28 29 29 29 29 30 30 28 28 25 25 25 25 24 24 24 24 25 28 28 24 24 16
768,SIPP_BigCS,"195,246,14","31,9,14",0,-1,32352,180.13091,0.0,0.0,0.0,
768,SIPP_Standard,"195,246,14","31,9,14",1,4091.976732,58146,147.22951,102.59155,18.9824,2.4302,-115.122 108 -55.121 54 98 84 13 108 -16.572 38 -160.857 3 -1.510 3 3 3 7 59 -1.626 107 -25.213 46 -3.391 2 -44.490 2 10 46 6 -4.099 66 54 66 54 90 10 -9.104 54 58 74 61 -0.233 69 30 30 54 66 54 58 66 46 -13.480 2 10 -80.328 54 -17.829 58
769,SIPP_2^2,"201,26,0","19,211,0",0,-1,0,0.0,0.0,0.0,0.0,
769,SIPP_2^3,"201,26,0","19,211,0",0,-1,0,0.0,0.0,0.0,0.0,
769,SIPP_2^4,"201,26,0","19,211,0",0,-1,0,0.0,0.0,0.0,0.0,
769,SIPP_2^5,"201,26,0","19,211,0",0,-1,0,0.0,0.0,0.0,0.0,
769,SIPP_BigCS,"201,26,0","19,211,0",0,-1,0,0.0,0.0,0.0,0.0,
769,SIPP_Standard,"201,26,6","19,211,5",0,-1,0,2e-05,0.0,0.0,0.0,
770,SIPP_2^2,"232,28,0","36,222,0",0,-1,0,0.0,0.0,0.0,0.0,
770,SIPP_2^3,"232,28,0","36,222,0",0,-1,0,0.0,0.0,0.0,0.0,
770,SIPP_2^4,"232,28,0","36,222,0",0,-1,0,0.0,0.0,0.0,0.0,
770,SIPP_2^5,"232,28,0","36,222,0",0,-1,0,0.0,0.0,0.0,0.0,
770,SIPP_BigCS,"232,28,0","36,222,0",0,-1,0,0.0,0.0,0.0,0.0,
770,SIPP_Standard,"232,28,5","36,222,14",0,-1,0,2e-05,0.0,0.0,0.0,
771,SIPP_2^2,"165,254,0","34,5,0",0,-1,0,0.0,0.0,0.0,0.0,
771,SIPP_2^3,"165,254,0","34,5,0",0,-1,0,0.0,0.0,0.0,0.0,
771,SIPP_2^4,"165,254,0","34,5,0",0,-1,0,0.0,0.0,0.0,0.0,
771,SIPP_2^5,"165,254,0","34,5,0",0,-1,0,0.0,0.0,0.0,0.0,
771,SIPP_BigCS,"165,254,0","34,5,0",0,-1,0,0.0,0.0,0.0,0.0,
771,SIPP_Standard,"165,254,4","34,5,0",0,-1,60080,180.00173,0.0,0.0,0.0,
772,SIPP_2^2,"248,42,0","29,226,0",0,-1,0,0.0,0.0,0.0,0.0,
772,SIPP_2^3,"248,42,0","29,226,0",0,-1,0,0.0,0.0,0.0,0.0,
772,SIPP_2^4,"248,42,0","29,226,0",0,-1,0,0.0,0.0,0.0,0.0,
772,SIPP_2^5,"248,42,0","29,226,0",0,-1,0,0.0,0.0,0.0,0.0,
772,SIPP_BigCS,"248,42,0","29,226,0",0,-1,0,0.0,0.0,0.0,0.0,
772,SIPP_Standard,"248,42,14","29,226,2",0,-1,70919,180.00242,0.0,0.0,0.0,
773,SIPP_2^2,"248,70,0","0,201,0",0,-1,0,0.0,0.0,0.0,0.0,
773,SIPP_2^3,"248,70,0","0,201,0",0,-1,0,0.0,0.0,0.0,0.0,
773,SIPP_2^4,"248,70,0","0,201,0",0,-1,0,0.0,0.0,0.0,0.0,
773,SIPP_2^5,"248,70,0","0,201,0",0,-1,0,0.0,0.0,0.0,0.0,
773,SIPP_BigCS,"248,70,0","0,201,0",0,-1,0,0.0,0.0,0.0,0.0,
773,SIPP_Standard,"248,70,9","0,201,4",0,-1,69538,180.00122,0.0,0.0,0.0,
774,SIPP_2^2,"214,222,0","9,2,0",0,-1,0,0.0,0.0,0.0,0.0,
774,SIPP_2^3,"214,222,0","9,2,0",0,-1,0,0.0,0.0,0.0,0.0,
774,SIPP_2^4,"214,222,0","9,2,0",0,-1,0,0.0,0.0,0.0,0.0,
774,SIPP_2^5,"214,222,0","9,2,0",0,-1,0,0.0,0.0,0.0,0.0,
774,SIPP_BigCS,"214,222,0","9,2,0",0,-1,0,0.0,0.0,0.0,0.0,
774,SIPP_Standard,"214,222,7","9,2,5",0,-1,0,2e-05,0.0,0.0,0.0,
775,SIPP_2^2,"250,191,0","6,27,0",0,-1,0,0.0,0.0,0.0,0.0,
775,SIPP_2^3,"250,191,0","6,27,0",0,-1,0,0.0,0.0,0.0,0.0,
775,SIPP_2^4,"250,191,0","6,27,0",0,-1,0,0.0,0.0,0.0,0.0,
775,SIPP_2^5,"250,191,0","6,27,0",0,-1,0,0.0,0.0,0.0,0.0,
775,SIPP_BigCS,"250,191,0","6,27,0",0,-1,0,0.0,0.0,0.0,0.0,
775,SIPP_Standard,"250,191,4","6,27,3",0,-1,0,3e-05,0.0,0.0,0.0,
776,SIPP_2^2,"245,230,0","24,49,0",0,-1,0,0.0,0.0,0.0,0.0,
776,SIPP_2^3,"245,230,0","24,49,0",0,-1,0,0.0,0.0,0.0,0.0,
776,SIPP_2^4,"245,230,0","24,49,0",0,-1,0,0.0,0.0,0.0,0.0,
776,SIPP_2^5,"245,230,0","24,49,0",0,-1,0,0.0,0.0,0.0,0.0,
776,SIPP_BigCS,"245,230,0","24,49,0",0,-1,0,0.0,0.0,0.0,0.0,
776,SIPP_Standard,"245,230,15","24,49,15",0,-1,18,0.03151,0.0,0.0,0.0,
777,SIPP_2^2,"221,57,0","12,253,0",0,-1,0,0.0,0.0,0.0,0.0,
777,SIPP_2^3,"221,57,0","12,253,0",0,-1,0,0.0,0.0,0.0,0.0,
777,SIPP_2^4,"221,57,0","12,253,0",0,-1,0,0.0,0.0,0.0,0.0,
777,SIPP_2^5,"221,57,0","12,253,0",0,-1,0,0.0,0.0,0.0,0.0,
777,SIPP_BigCS,"221,57,0","12,253,0",0,-1,0,0.0,0.0,0.0,0.0,
777,SIPP_Standard,"221,57,1","12,253,1",0,-1,70622,180.00271,0.0,0.0,0.0,
778,SIPP_2^2,"247,3,0","44,175,0",0,-1,0,0.0,0.0,0.0,0.0,
778,SIPP_2^3,"247,3,0","44,175,0",0,-1,0,0.0,0.0,0.0,0.0,
778,SIPP_2^4,"247,3,0","44,175,0",0,-1,0,0.0,0.0,0.0,0.0,
778,SIPP_2^5,"247,3,0","44,175,0",0,-1,0,0.0,0.0,0.0,0.0,
778,SIPP_BigCS,"247,3,0","44,175,0",0,-1,0,0.0,0.0,0.0,0.0,
778,SIPP_Standard,"247,3,11","44,175,13",0,-1,67025,180.00156,0.0,0.0,0.0,
779,SIPP_2^2,"209,20,0","9,185,0",0,-1,0,0.0,0.0,0.0,0.0,
779,SIPP_2^3,"209,20,0","9,185,0",0,-1,0,0.0,0.0,0.0,0.0,
779,SIPP_2^4,"209,20,0","9,185,0",0,-1,0,0.0,0.0,0.0,0.0,
779,SIPP_2^5,"209,20,0","9,185,0",0,-1,0,0.0,0.0,0.0,0.0,
779,SIPP_BigCS,"209,20,0","9,185,0",0,-1,0,0.0,0.0,0.0,0.0,
779,SIPP_Standard,"209,20,7","9,185,11",0,-1,0,2e-05,0.0,0.0,0.0,
780,SIPP_2^2,"253,169,0","2,26,0",0,-1,0,0.0,0.0,0.0,0.0,
780,SIPP_2^3,"253,169,0","2,26,0",0,-1,0,0.0,0.0,0.0,0.0,
780,SIPP_2^4,"253,169,0","2,26,0",0,-1,0,0.0,0.0,0.0,0.0,
780,SIPP_2^5,"253,169,0","2,26,0",0,-1,0,0.0,0.0,0.0,0.0,
780,SIPP_BigCS,"253,169,0","2,26,0",0,-1,0,0.0,0.0,0.0,0.0,
780,SIPP_Standard,"253,169,10","2,26,5",0,-1,65596,180.00085,0.0,0.0,0.0,
781,SIPP_2^2,"12,251,0","184,37,0",0,-1,0,0.0,0.0,0.0,0.0,
781,SIPP_2^3,"12,251,0","184,37,0",0,-1,0,0.0,0.0,0.0,0.0,
781,SIPP_2^4,"12,251,0","184,37,0",0,-1,0,0.0,0.0,0.0,0.0,
781,SIPP_2^5,"12,251,0","184,37,0",0,-1,0,0.0,0.0,0.0,0.0,
781,SIPP_BigCS,"12,251,0","184,37,0",0,-1,0,0.0,0.0,0.0,0.0,
781,SIPP_Standard,"12,251,5","184,37,12",0,-1,114,0.12639,0.0,0.0,0.0,
782,SIPP_2^2,"242,216,0","25,11,0",0,-1,0,0.0,0.0,0.0,0.0,
782,SIPP_2^3,"242,216,0","25,11,0",0,-1,0,0.0,0.0,0.0,0.0,
782,SIPP_2^4,"242,216,0","25,11,0",0,-1,0,0.0,0.0,0.0,0.0,
782,SIPP_2^5,"242,216,0","25,11,0",0,-1,0,0.0,0.0,0.0,0.0,
782,SIPP_BigCS,"242,216,0","25,11,0",0,-1,0,0.0,0.0,0.0,0.0,
782,SIPP_Standard,"242,216,1","25,11,3",0,-1,0,3e-05,0.0,0.0,0.0,
783,SIPP_2^2,"7,16,0","179,251,0",0,-1,0,0.0,0.0,0.0,0.0,
783,SIPP_2^3,"7,16,0","179,251,0",0,-1,0,0.0,0.0,0.0,0.0,
783,SIPP_2^4,"7,16,0","179,251,0",0,-1,0,0.0,0.0,0.0,0.0,
783,SIPP_2^5,"7,16,0","179,251,0",0,-1,0,0.0,0.0,0.0,0.0,
783,SIPP_BigCS,"7,16,0","179,251,0",0,-1,0,0.0,0.0,0.0,0.0,
783,SIPP_Standard,"7,16,4","179,251,13",0,-1,68954,180.00254,0.0,0.0,0.0,
784,SIPP_2^2,"38,227,0","243,27,0",0,-1,0,0.0,0.0,0.0,0.0,
784,SIPP_2^3,"38,227,0","243,27,0",0,-1,0,0.0,0.0,0.0,0.0,
784,SIPP_2^4,"38,227,0","243,27,0",0,-1,0,0.0,0.0,0.0,0.0,
784,SIPP_2^5,"38,227,0","243,27,0",0,-1,0,0.0,0.0,0.0,0.0,
784,SIPP_BigCS,"38,227,0","243,27,0",0,-1,0,0.0,0.0,0.0,0.0,
784,SIPP_Standard,"38,227,5","243,27,8",0,-1,0,4e-05,0.0,0.0,0.0,
785,SIPP_2^2,"217,255,0","49,17,0",0,-1,0,0.0,0.0,0.0,0.0,
785,SIPP_2^3,"217,255,0","49,17,0",0,-1,0,0.0,0.0,0.0,0.0,
785,SIPP_2^4,"217,255,0","49,17,0",0,-1,0,0.0,0.0,0.0,0.0,
785,SIPP_2^5,"217,255,0","49,17,0",0,-1,0,0.0,0.0,0.0,0.0,
785,SIPP_BigCS,"217,255,0","49,17,0",0,-1,0,0.0,0.0,0.0,0.0,
785,SIPP_Standard,"217,255,14","49,17,14",0,-1,0,1e-05,0.0,0.0,0.0,
786,SIPP_2^2,"245,253,0","124,21,0",0,-1,0,0.0,0.0,0.0,0.0,
786,SIPP_2^3,"245,253,0","124,21,0",0,-1,0,0.0,0.0,0.0,0.0,
786,SIPP_2^4,"245,253,0","124,21,0",0,-1,0,0.0,0.0,0.0,0.0,
786,SIPP_2^5,"245,253,0","124,21,0",0,-1,0,0.0,0.0,0.0,0.0,
786,SIPP_BigCS,"245,253,0","124,21,0",0,-1,0,0.0,0.0,0.0,0.0,
786,SIPP_Standard,"245,253,15","124,21,5",0,-1,0,1e-05,0.0,0.0,0.0,
787,SIPP_2^2,"248,232,0","61,2,0",0,-1,0,0.0,0.0,0.0,0.0,
787,SIPP_2^3,"248,232,0","61,2,0",0,-1,0,0.0,0.0,0.0,0.0,
787,SIPP_2^4,"248,232,0","61,2,0",0,-1,0,0.0,0.0,0.0,0.0,
787,SIPP_2^5,"248,232,0","61,2,0",0,-1,0,0.0,0.0,0.0,0.0,
787,SIPP_BigCS,"248,232,0","61,2,0",0,-1,0,0.0,0.0,0.0,0.0,
787,SIPP_Standard,"248,232,9","61,2,6",0,-1,0,1e-05,0.0,0.0,0.0,
788,SIPP_2^2,"255,232,0","63,3,0",0,-1,0,0.0,0.0,0.0,0.0,
788,SIPP_2^3,"255,232,0","63,3,0",0,-1,0,0.0,0.0,0.0,0.0,
788,SIPP_2^4,"255,232,0","63,3,0",0,-1,0,0.0,0.0,0.0,0.0,
788,SIPP_2^5,"255,232,0","63,3,0",0,-1,0,0.0,0.0,0.0,0.0,
788,SIPP_BigCS,"255,232,0","63,3,0",0,-1,0,0.0,0.0,0.0,0.0,
788,SIPP_Standard,"255,232,1","63,3,13",0,-1,0,1e-05,0.0,0.0,0.0,
789,SIPP_2^2,"218,50,0","10,252,0",0,-1,0,0.0,0.0,0.0,0.0,
789,SIPP_2^3,"218,50,0","10,252,0",0,-1,0,0.0,0.0,0.0,0.0,
789,SIPP_2^4,"218,50,0","10,252,0",0,-1,0,0.0,0.0,0.0,0.0,
789,SIPP_2^5,"218,50,0","10,252,0",0,-1,0,0.0,0.0,0.0,0.0,
789,SIPP_BigCS,"218,50,0","10,252,0",0,-1,0,0.0,0.0,0.0,0.0,
789,SIPP_Standard,"218,50,12","10,252,2",0,-1,0,1e-05,0.0,0.0,0.0,
790,SIPP_2^2,"251,209,0","22,22,0",0,-1,0,0.0,0.0,0.0,0.0,
790,SIPP_2^3,"251,209,0","22,22,0",0,-1,0,0.0,0.0,0.0,0.0,
790,SIPP_2^4,"251,209,0","22,22,0",0,-1,0,0.0,0.0,0.0,0.0,
790,SIPP_2^5,"251,209,0","22,22,0",0,-1,0,0.0,0.0,0.0,0.0,
790,SIPP_BigCS,"251,209,0","22,22,0",0,-1,0,0.0,0.0,0.0,0.0,
790,SIPP_Standard,"251,209,12","22,22,0",0,-1,0,1e-05,0.0,0.0,0.0,
791,SIPP_2^2,"53,217,0","249,9,0",0,-1,0,0.0,0.0,0.0,0.0,
791,SIPP_2^3,"53,217,0","249,9,0",0,-1,0,0.0,0.0,0.0,0.0,
791,SIPP_2^4,"53,217,0","249,9,0",0,-1,0,0.0,0.0,0.0,0.0,
791,SIPP_2^5,"53,217,0","249,9,0",0,-1,0,0.0,0.0,0.0,0.0,
791,SIPP_BigCS,"53,217,0","249,9,0",0,-1,0,0.0,0.0,0.0,0.0,
791,SIPP_Standard,"53,217,1","249,9,5",0,-1,63037,180.00154,0.0,0.0,0.0,
792,SIPP_2^2,"230,1,0","8,169,0",0,-1,0,0.0,0.0,0.0,0.0,
792,SIPP_2^3,"230,1,0","8,169,0",0,-1,0,0.0,0.0,0.0,0.0,
792,SIPP_2^4,"230,1,0","8,169,0",0,-1,0,0.0,0.0,0.0,0.0,
792,SIPP_2^5,"230,1,0","8,169,0",0,-1,0,0.0,0.0,0.0,0.0,
792,SIPP_BigCS,"230,1,0","8,169,0",0,-1,0,0.0,0.0,0.0,0.0,
792,SIPP_Standard,"230,1,12","8,169,8",0,-1,70828,180.00091,0.0,0.0,0.0,
793,SIPP_2^2,"3,12,0","250,185,0",0,-1,0,0.0,0.0,0.0,0.0,
793,SIPP_2^3,"3,12,0","250,185,0",0,-1,0,0.0,0.0,0.0,0.0,
793,SIPP_2^4,"3,12,0","250,185,0",0,-1,0,0.0,0.0,0.0,0.0,
793,SIPP_2^5,"3,12,0","250,185,0",0,-1,0,0.0,0.0,0.0,0.0,
793,SIPP_BigCS,"3,12,0","250,185,0",0,-1,0,0.0,0.0,0.0,0.0,
793,SIPP_Standard,"3,12,7","250,185,2",0,-1,67663,180.00038,0.0,0.0,0.0,
794,SIPP_2^2,"3,145,0","251,7,0",0,-1,0,0.0,0.0,0.0,0.0,
794,SIPP_2^3,"3,145,0","251,7,0",0,-1,0,0.0,0.0,0.0,0.0,
794,SIPP_2^4,"3,145,0","251,7,0",0,-1,0,0.0,0.0,0.0,0.0,
794,SIPP_2^5,"3,145,0","251,7,0",0,-1,0,0.0,0.0,0.0,0.0,
794,SIPP_BigCS,"3,145,0","251,7,0",0,-1,0,0.0,0.0,0.0,0.0,
794,SIPP_Standard,"3,145,0","251,7,15",0,-1,0,4e-05,0.0,0.0,0.0,
795,SIPP_2^2,"252,4,0","67,238,0",0,-1,0,0.0,0.0,0.0,0.0,
795,SIPP_2^3,"252,4,0","67,238,0",0,-1,0,0.0,0.0,0.0,0.0,
795,SIPP_2^4,"252,4,0","67,238,0",0,-1,0,0.0,0.0,0.0,0.0,
795,SIPP_2^5,"252,4,0","67,238,0",0,-1,0,0.0,0.0,0.0,0.0,
795,SIPP_BigCS,"252,4,0","67,238,0",0,-1,0,0.0,0.0,0.0,0.0,
795,SIPP_Standard,"252,4,14","67,238,7",0,-1,64690,180.00013,0.0,0.0,0.0,
796,SIPP_2^2,"240,68,0","11,250,0",0,-1,0,0.0,0.0,0.0,0.0,
796,SIPP_2^3,"240,68,0","11,250,0",0,-1,0,0.0,0.0,0.0,0.0,
796,SIPP_2^4,"240,68,0","11,250,0",0,-1,0,0.0,0.0,0.0,0.0,
796,SIPP_2^5,"240,68,0","11,250,0",0,-1,0,0.0,0.0,0.0,0.0,
796,SIPP_BigCS,"240,68,0","11,250,0",0,-1,0,0.0,0.0,0.0,0.0,
796,SIPP_Standard,"240,68,3","11,250,2",0,-1,70555,180.00002,0.0,0.0,0.0,
797,SIPP_2^2,"253,50,0","8,208,0",0,-1,0,0.0,0.0,0.0,0.0,
797,SIPP_2^3,"253,50,0","8,208,0",0,-1,0,0.0,0.0,0.0,0.0,
797,SIPP_2^4,"253,50,0","8,208,0",0,-1,0,0.0,0.0,0.0,0.0,
797,SIPP_2^5,"253,50,0","8,208,0",0,-1,0,0.0,0.0,0.0,0.0,
797,SIPP_BigCS,"253,50,0","8,208,0",0,-1,0,0.0,0.0,0.0,0.0,
797,SIPP_Standard,"253,50,4","8,208,15",0,-1,70642,180.00074,0.0,0.0,0.0,
798,SIPP_2^2,"121,3,0","234,253,0",0,-1,0,0.0,0.0,0.0,0.0,
798,SIPP_2^3,"121,3,0","234,253,0",0,-1,0,0.0,0.0,0.0,0.0,
798,SIPP_2^4,"121,3,0","234,253,0",0,-1,0,0.0,0.0,0.0,0.0,
798,SIPP_2^5,"121,3,0","234,253,0",0,-1,0,0.0,0.0,0.0,0.0,
798,SIPP_BigCS,"121,3,0","234,253,0",0,-1,0,0.0,0.0,0.0,0.0,
798,SIPP_Standard,"121,3,13","234,253,3",0,-1,65400,180.00235,0.0,0.0,0.0,
799,SIPP_2^2,"251,1,0","64,225,0",0,-1,0,0.0,0.0,0.0,0.0,
799,SIPP_2^3,"251,1,0","64,225,0",0,-1,0,0.0,0.0,0.0,0.0,
799,SIPP_2^4,"251,1,0","64,225,0",0,-1,0,0.0,0.0,0.0,0.0,
799,SIPP_2^5,"251,1,0","64,225,0",0,-1,0,0.0,0.0,0.0,0.0,
799,SIPP_BigCS,"251,1,0","64,225,0",0,-1,0,0.0,0.0,0.0,0.0,
799,SIPP_Standard,"251,1,10","64,225,10",0,-1,65766,180.00225,0.0,0.0,0.0,
800,SIPP_2^2,"87,9,0","228,253,0",0,-1,0,0.0,0.0,0.0,0.0,
800,SIPP_2^3,"87,9,0","228,253,0",0,-1,0,0.0,0.0,0.0,0.0,
800,SIPP_2^4,"87,9,0","228,253,0",0,-1,0,0.0,0.0,0.0,0.0,
800,SIPP_2^5,"87,9,0","228,253,0",0,-1,0,0.0,0.0,0.0,0.0,
800,SIPP_BigCS,"87,9,0","228,253,0",0,-1,0,0.0,0.0,0.0,0.0,
800,SIPP_Standard,"87,9,0","228,253,1",0,-1,0,6e-05,0.0,0.0,0.0,
801,SIPP_2^2,"21,215,0","234,32,0",0,-1,0,0.0,0.0,0.0,0.0,
801,SIPP_2^3,"21,215,0","234,32,0",0,-1,0,0.0,0.0,0.0,0.0,
801,SIPP_2^4,"21,215,0","234,32,0",0,-1,0,0.0,0.0,0.0,0.0,
801,SIPP_2^5,"21,215,0","234,32,0",0,-1,0,0.0,0.0,0.0,0.0,
801,SIPP_BigCS,"21,215,0","234,32,0",0,-1,0,0.0,0.0,0.0,0.0,
801,SIPP_Standard,"21,215,8","234,32,15",0,-1,64243,180.00111,0.0,0.0,0.0,
802,SIPP_2^2,"4,113,0","254,253,0",0,-1,0,0.0,0.0,0.0,0.0,
802,SIPP_2^3,"4,113,0","254,253,0",0,-1,0,0.0,0.0,0.0,0.0,
802,SIPP_2^4,"4,113,0","254,253,0",0,-1,0,0.0,0.0,0.0,0.0,
802,SIPP_2^5,"4,113,0","254,253,0",0,-1,0,0.0,0.0,0.0,0.0,
802,SIPP_BigCS,"4,113,0","254,253,0",0,-1,0,0.0,0.0,0.0,0.0,
802,SIPP_Standard,"4,113,11","254,253,6",0,-1,74734,180.00093,0.0,0.0,0.0,
803,SIPP_2^2,"25,242,0","246,39,0",0,-1,0,0.0,0.0,0.0,0.0,
803,SIPP_2^3,"25,242,0","246,39,0",0,-1,0,0.0,0.0,0.0,0.0,
803,SIPP_2^4,"25,242,0","246,39,0",0,-1,0,0.0,0.0,0.0,0.0,
803,SIPP_2^5,"25,242,0","246,39,0",0,-1,0,0.0,0.0,0.0,0.0,
803,SIPP_BigCS,"25,242,0","246,39,0",0,-1,0,0.0,0.0,0.0,0.0,
803,SIPP_Standard,"25,242,9","246,39,1",0,-1,66837,180.00007,0.0,0.0,0.0,
804,SIPP_2^2,"198,18,0","18,235,0",0,-1,0,0.0,0.0,0.0,0.0,
804,SIPP_2^3,"198,18,0","18,235,0",0,-1,0,0.0,0.0,0.0,0.0,
804,SIPP_2^4,"198,18,0","18,235,0",0,-1,0,0.0,0.0,0.0,0.0,
804,SIPP_2^5,"198,18,0","18,235,0",0,-1,0,0.0,0.0,0.0,0.0,
804,SIPP_BigCS,"198,18,0","18,235,0",0,-1,0,0.0,0.0,0.0,0.0,
804,SIPP_Standard,"198,18,3","18,235,9",0,-1,72854,180.0023,0.0,0.0,0.0,
805,SIPP_2^2,"40,35,0","240,253,0",0,-1,0,0.0,0.0,0.0,0.0,
805,SIPP_2^3,"40,35,0","240,253,0",0,-1,0,0.0,0.0,0.0,0.0,
805,SIPP_2^4,"40,35,0","240,253,0",0,-1,0,0.0,0.0,0.0,0.0,
805,SIPP_2^5,"40,35,0","240,253,0",0,-1,0,0.0,0.0,0.0,0.0,
805,SIPP_BigCS,"40,35,0","240,253,0",0,-1,0,0.0,0.0,0.0,0.0,
805,SIPP_Standard,"40,35,2","240,253,3",0,-1,0,6e-05,0.0,0.0,0.0,
806,SIPP_2^2,"246,30,0","35,239,0",0,-1,0,0.0,0.0,0.0,0.0,
806,SIPP_2^3,"246,30,0","35,239,0",0,-1,0,0.0,0.0,0.0,0.0,
806,SIPP_2^4,"246,30,0","35,239,0",0,-1,0,0.0,0.0,0.0,0.0,
806,SIPP_2^5,"246,30,0","35,239,0",0,-1,0,0.0,0.0,0.0,0.0,
806,SIPP_BigCS,"246,30,0","35,239,0",0,-1,0,0.0,0.0,0.0,0.0,
806,SIPP_Standard,"246,30,13","35,239,8",0,-1,74428,180.00127,0.0,0.0,0.0,
807,SIPP_2^2,"252,228,0","14,55,0",0,-1,0,0.0,0.0,0.0,0.0,
807,SIPP_2^3,"252,228,0","14,55,0",0,-1,0,0.0,0.0,0.0,0.0,
807,SIPP_2^4,"252,228,0","14,55,0",0,-1,0,0.0,0.0,0.0,0.0,
807,SIPP_2^5,"252,228,0","14,55,0",0,-1,0,0.0,0.0,0.0,0.0,
807,SIPP_BigCS,"252,228,0","14,55,0",0,-1,0,0.0,0.0,0.0,0.0,
807,SIPP_Standard,"252,228,3","14,55,5",0,-1,0,4e-05,0.0,0.0,0.0,
808,SIPP_2^2,"20,14,0","241,230,0",0,-1,0,0.0,0.0,0.0,0.0,
808,SIPP_2^3,"20,14,0","241,230,0",0,-1,0,0.0,0.0,0.0,0.0,
808,SIPP_2^4,"20,14,0","241,230,0",0,-1,0,0.0,0.0,0.0,0.0,
808,SIPP_2^5,"20,14,0","241,230,0",0,-1,0,0.0,0.0,0.0,0.0,
808,SIPP_BigCS,"20,14,0","241,230,0",0,-1,0,0.0,0.0,0.0,0.0,
808,SIPP_Standard,"20,14,1","241,230,5",0,-1,0,3e-05,0.0,0.0,0.0,
809,SIPP_2^2,"244,211,0","0,37,0",0,-1,0,0.0,0.0,0.0,0.0,
809,SIPP_2^3,"244,211,0","0,37,0",0,-1,0,0.0,0.0,0.0,0.0,
809,SIPP_2^4,"244,211,0","0,37,0",0,-1,0,0.0,0.0,0.0,0.0,
809,SIPP_2^5,"244,211,0","0,37,0",0,-1,0,0.0,0.0,0.0,0.0,
809,SIPP_BigCS,"244,211,0","0,37,0",0,-1,0,0.0,0.0,0.0,0.0,
809,SIPP_Standard,"244,211,5","0,37,13",0,-1,0,3e-05,0.0,0.0,0.0,
810,SIPP_2^2,"91,9,0","235,253,0",0,-1,0,0.0,0.0,0.0,0.0,
810,SIPP_2^3,"91,9,0","235,253,0",0,-1,0,0.0,0.0,0.0,0.0,
810,SIPP_2^4,"91,9,0","235,253,0",0,-1,0,0.0,0.0,0.0,0.0,
810,SIPP_2^5,"91,9,0","235,253,0",0,-1,0,0.0,0.0,0.0,0.0,
810,SIPP_BigCS,"91,9,0","235,253,0",0,-1,0,0.0,0.0,0.0,0.0,
810,SIPP_Standard,"91,9,2","235,253,0",0,-1,2,0.01731,0.0,0.0,0.0,
811,SIPP_2^2,"252,5,0","53,210,0",0,-1,0,0.0,0.0,0.0,0.0,
811,SIPP_2^3,"252,5,0","53,210,0",0,-1,0,0.0,0.0,0.0,0.0,
811,SIPP_2^4,"252,5,0","53,210,0",0,-1,0,0.0,0.0,0.0,0.0,
811,SIPP_2^5,"252,5,0","53,210,0",0,-1,0,0.0,0.0,0.0,0.0,
811,SIPP_BigCS,"252,5,0","53,210,0",0,-1,0,0.0,0.0,0.0,0.0,
811,SIPP_Standard,"252,5,12","53,210,0",0,-1,68459,180.00424,0.0,0.0,0.0,
812,SIPP_2^2,"2,147,0","255,6,0",0,-1,0,0.0,0.0,0.0,0.0,
812,SIPP_2^3,"2,147,0","255,6,0",0,-1,0,0.0,0.0,0.0,0.0,
812,SIPP_2^4,"2,147,0","255,6,0",0,-1,0,0.0,0.0,0.0,0.0,
812,SIPP_2^5,"2,147,0","255,6,0",0,-1,0,0.0,0.0,0.0,0.0,
812,SIPP_BigCS,"2,147,0","255,6,0",0,-1,0,0.0,0.0,0.0,0.0,
812,SIPP_Standard,"2,147,7","255,6,8",0,-1,70532,180.00651,0.0,0.0,0.0,
813,SIPP_2^2,"254,48,0","26,252,0",0,-1,0,0.0,0.0,0.0,0.0,
813,SIPP_2^3,"254,48,0","26,252,0",0,-1,0,0.0,0.0,0.0,0.0,
813,SIPP_2^4,"254,48,0","26,252,0",0,-1,0,0.0,0.0,0.0,0.0,
813,SIPP_2^5,"254,48,0","26,252,0",0,-1,0,0.0,0.0,0.0,0.0,
813,SIPP_BigCS,"254,48,0","26,252,0",0,-1,0,0.0,0.0,0.0,0.0,
813,SIPP_Standard,"254,48,1","26,252,7",0,-1,75390,180.08692,0.0,0.0,0.0,
814,SIPP_2^2,"2,53,0","249,220,0",0,-1,0,0.0,0.0,0.0,0.0,
814,SIPP_2^3,"2,53,0","249,220,0",0,-1,0,0.0,0.0,0.0,0.0,
814,SIPP_2^4,"2,53,0","249,220,0",0,-1,0,0.0,0.0,0.0,0.0,
814,SIPP_2^5,"2,53,0","249,220,0",0,-1,0,0.0,0.0,0.0,0.0,
814,SIPP_BigCS,"2,53,0","249,220,0",0,-1,0,0.0,0.0,0.0,0.0,
814,SIPP_Standard,"2,53,15","249,220,8",0,-1,68149,180.00019,0.0,0.0,0.0,
815,SIPP_2^2,"16,169,0","241,5,0",0,-1,0,0.0,0.0,0.0,0.0,
815,SIPP_2^3,"16,169,0","241,5,0",0,-1,0,0.0,0.0,0.0,0.0,
815,SIPP_2^4,"16,169,0","241,5,0",0,-1,0,0.0,0.0,0.0,0.0,
815,SIPP_2^5,"16,169,0","241,5,0",0,-1,0,0.0,0.0,0.0,0.0,
815,SIPP_BigCS,"16,169,0","241,5,0",0,-1,0,0.0,0.0,0.0,0.0,
815,SIPP_Standard,"16,169,9","241,5,14",0,-1,75264,180.00487,0.0,0.0,0.0,
816,SIPP_2^2,"31,206,0","222,5,0",0,-1,0,0.0,0.0,0.0,0.0,
816,SIPP_2^3,"31,206,0","222,5,0",0,-1,0,0.0,0.0,0.0,0.0,
816,SIPP_2^4,"31,206,0","222,5,0",0,-1,0,0.0,0.0,0.0,0.0,
816,SIPP_2^5,"31,206,0","222,5,0",0,-1,0,0.0,0.0,0.0,0.0,
816,SIPP_BigCS,"31,206,0","222,5,0",0,-1,0,0.0,0.0,0.0,0.0,
816,SIPP_Standard,"31,206,10","222,5,11",0,-1,0,2e-05,0.0,0.0,0.0,
817,SIPP_2^2,"249,3,0","57,235,0",0,-1,0,0.0,0.0,0.0,0.0,
817,SIPP_2^3,"249,3,0","57,235,0",0,-1,0,0.0,0.0,0.0,0.0,
817,SIPP_2^4,"249,3,0","57,235,0",0,-1,0,0.0,0.0,0.0,0.0,
817,SIPP_2^5,"249,3,0","57,235,0",0,-1,0,0.0,0.0,0.0,0.0,
817,SIPP_BigCS,"249,3,0","57,235,0",0,-1,0,0.0,0.0,0.0,0.0,
817,SIPP_Standard,"249,3,3","57,235,11",0,-1,67637,180.00156,0.0,0.0,0.0,
818,SIPP_2^2,"25,183,0","246,7,0",0,-1,0,0.0,0.0,0.0,0.0,
818,SIPP_2^3,"25,183,0","246,7,0",0,-1,0,0.0,0.0,0.0,0.0,
818,SIPP_2^4,"25,183,0","246,7,0",0,-1,0,0.0,0.0,0.0,0.0,
818,SIPP_2^5,"25,183,0","246,7,0",0,-1,0,0.0,0.0,0.0,0.0,
818,SIPP_BigCS,"25,183,0","246,7,0",0,-1,0,0.0,0.0,0.0,0.0,
818,SIPP_Standard,"25,183,8","246,7,15",0,-1,0,4e-05,0.0,0.0,0.0,
819,SIPP_2^2,"134,18,0","251,252,0",0,-1,0,0.0,0.0,0.0,0.0,
819,SIPP_2^3,"134,18,0","251,252,0",0,-1,0,0.0,0.0,0.0,0.0,
819,SIPP_2^4,"134,18,0","251,252,0",0,-1,0,0.0,0.0,0.0,0.0,
819,SIPP_2^5,"134,18,0","251,252,0",0,-1,0,0.0,0.0,0.0,0.0,
819,SIPP_BigCS,"134,18,0","251,252,0",0,-1,0,0.0,0.0,0.0,0.0,
819,SIPP_Standard,"134,18,6","251,252,15",0,-1,0,3e-05,0.0,0.0,0.0,
820,SIPP_2^2,"37,183,0","254,0,0",0,-1,0,0.0,0.0,0.0,0.0,
820,SIPP_2^3,"37,183,0","254,0,0",0,-1,0,0.0,0.0,0.0,0.0,
820,SIPP_2^4,"37,183,0","254,0,0",0,-1,0,0.0,0.0,0.0,0.0,
820,SIPP_2^5,"37,183,0","254,0,0",0,-1,0,0.0,0.0,0.0,0.0,
820,SIPP_BigCS,"37,183,0","254,0,0",0,-1,0,0.0,0.0,0.0,0.0,
820,SIPP_Standard,"37,183,14","254,0,1",0,-1,76860,180.00095,0.0,0.0,0.0,
821,SIPP_2^2,"17,190,0","244,15,0",0,-1,0,0.0,0.0,0.0,0.0,
821,SIPP_2^3,"17,190,0","244,15,0",0,-1,0,0.0,0.0,0.0,0.0,
821,SIPP_2^4,"17,190,0","244,15,0",0,-1,0,0.0,0.0,0.0,0.0,
821,SIPP_2^5,"17,190,0","244,15,0",0,-1,0,0.0,0.0,0.0,0.0,
821,SIPP_BigCS,"17,190,0","244,15,0",0,-1,0,0.0,0.0,0.0,0.0,
821,SIPP_Standard,"17,190,14","244,15,7",0,-1,0,4e-05,0.0,0.0,0.0,
822,SIPP_2^2,"221,19,0","25,250,0",0,-1,0,0.0,0.0,0.0,0.0,
822,SIPP_2^3,"221,19,0","25,250,0",0,-1,0,0.0,0.0,0.0,0.0,
822,SIPP_2^4,"221,19,0","25,250,0",0,-1,0,0.0,0.0,0.0,0.0,
822,SIPP_2^5,"221,19,0","25,250,0",0,-1,0,0.0,0.0,0.0,0.0,
822,SIPP_BigCS,"221,19,0","25,250,0",0,-1,0,0.0,0.0,0.0,0.0,
822,SIPP_Standard,"221,19,6","25,250,9",0,-1,67704,180.00003,0.0,0.0,0.0,
823,SIPP_2^2,"228,0,0","34,225,0",0,-1,0,0.0,0.0,0.0,0.0,
823,SIPP_2^3,"228,0,0","34,225,0",0,-1,0,0.0,0.0,0.0,0.0,
823,SIPP_2^4,"228,0,0","34,225,0",0,-1,0,0.0,0.0,0.0,0.0,
823,SIPP_2^5,"228,0,0","34,225,0",0,-1,0,0.0,0.0,0.0,0.0,
823,SIPP_BigCS,"228,0,0","34,225,0",0,-1,0,0.0,0.0,0.0,0.0,
823,SIPP_Standard,"228,0,0","34,225,5",0,-1,0,2e-05,0.0,0.0,0.0,
824,SIPP_2^2,"7,255,0","175,27,0",0,-1,0,0.0,0.0,0.0,0.0,
824,SIPP_2^3,"7,255,0","175,27,0",0,-1,0,0.0,0.0,0.0,0.0,
824,SIPP_2^4,"7,255,0","175,27,0",0,-1,0,0.0,0.0,0.0,0.0,
824,SIPP_2^5,"7,255,0","175,27,0",0,-1,0,0.0,0.0,0.0,0.0,
824,SIPP_BigCS,"7,255,0","175,27,0",0,-1,0,0.0,0.0,0.0,0.0,
824,SIPP_Standard,"7,255,7","175,27,9",0,-1,0,1e-05,0.0,0.0,0.0,
825,SIPP_2^2,"17,225,0","203,9,0",0,-1,0,0.0,0.0,0.0,0.0,
825,SIPP_2^3,"17,225,0","203,9,0",0,-1,0,0.0,0.0,0.0,0.0,
825,SIPP_2^4,"17,225,0","203,9,0",0,-1,0,0.0,0.0,0.0,0.0,
825,SIPP_2^5,"17,225,0","203,9,0",0,-1,0,0.0,0.0,0.0,0.0,
825,SIPP_BigCS,"17,225,0","203,9,0",0,-1,0,0.0,0.0,0.0,0.0,
825,SIPP_Standard,"17,225,10","203,9,7",0,-1,2,0.02055,0.0,0.0,0.0,
826,SIPP_2^2,"250,254,0","61,26,0",0,-1,0,0.0,0.0,0.0,0.0,
826,SIPP_2^3,"250,254,0","61,26,0",0,-1,0,0.0,0.0,0.0,0.0,
826,SIPP_2^4,"250,254,0","61,26,0",0,-1,0,0.0,0.0,0.0,0.0,
826,SIPP_2^5,"250,254,0","61,26,0",0,-1,0,0.0,0.0,0.0,0.0,
826,SIPP_BigCS,"250,254,0","61,26,0",0,-1,0,0.0,0.0,0.0,0.0,
826,SIPP_Standard,"250,254,14","61,26,6",0,-1,0,1e-05,0.0,0.0,0.0,
827,SIPP_2^2,"29,247,0","255,35,0",0,-1,0,0.0,0.0,0.0,0.0,
827,SIPP_2^3,"29,247,0","255,35,0",0,-1,0,0.0,0.0,0.0,0.0,
827,SIPP_2^4,"29,247,0","255,35,0",0,-1,0,0.0,0.0,0.0,0.0,
827,SIPP_2^5,"29,247,0","255,35,0",0,-1,0,0.0,0.0,0.0,0.0,
827,SIPP_BigCS,"29,247,0","255,35,0",0,-1,0,0.0,0.0,0.0,0.0,
827,SIPP_Standard,"29,247,2","255,35,12",0,-1,0,3e-05,0.0,0.0,0.0,
828,SIPP_2^2,"241,5,0","23,187,0",0,-1,0,0.0,0.0,0.0,0.0,
828,SIPP_2^3,"241,5,0","23,187,0",0,-1,0,0.0,0.0,0.0,0.0,
828,SIPP_2^4,"241,5,0","23,187,0",0,-1,0,0.0,0.0,0.0,0.0,
828,SIPP_2^5,"241,5,0","23,187,0",0,-1,0,0.0,0.0,0.0,0.0,
828,SIPP_BigCS,"241,5,0","23,187,0",0,-1,0,0.0,0.0,0.0,0.0,
828,SIPP_Standard,"241,5,15","23,187,8",0,-1,73979,180.0004,0.0,0.0,0.0,
829,SIPP_2^2,"115,11,0","255,254,0",0,-1,0,0.0,0.0,0.0,0.0,
829,SIPP_2^3,"115,11,0","255,254,0",0,-1,0,0.0,0.0,0.0,0.0,
829,SIPP_2^4,"115,11,0","255,254,0",0,-1,0,0.0,0.0,0.0,0.0,
829,SIPP_2^5,"115,11,0","255,254,0",0,-1,0,0.0,0.0,0.0,0.0,
829,SIPP_BigCS,"115,11,0","255,254,0",0,-1,0,0.0,0.0,0.0,0.0,
829,SIPP_Standard,"115,11,5","255,254,9",0,-1,69641,180.00073,0.0,0.0,0.0,
830,SIPP_2^2,"19,53,0","242,253,0",0,-1,0,0.0,0.0,0.0,0.0,
830,SIPP_2^3,"19,53,0","242,253,0",0,-1,0,0.0,0.0,0.0,0.0,
830,SIPP_2^4,"19,53,0","242,253,0",0,-1,0,0.0,0.0,0.0,0.0,
830,SIPP_2^5,"19,53,0","242,253,0",0,-1,0,0.0,0.0,0.0,0.0,
830,SIPP_BigCS,"19,53,0","242,253,0",0,-1,0,0.0,0.0,0.0,0.0,
830,SIPP_Standard,"19,53,1","242,253,10",0,-1,69978,180.00101,0.0,0.0,0.0,
