=== METADATA ===
NumHeadings: 16
Headings(rad):
0.000000
0.463648
0.785398
1.107149
1.570796
2.034444
2.356194
2.677945
3.141593
-2.677945
-2.356194
-2.034444
-1.570796
-1.107149
-0.785398
-0.463648
---

=== PRIMITIVE ===
ID: 0
StartHeadingNum: 0
Goal: i=0 j=8 heading=0
Length: 7.990302
ExecutionTime(ticks): 80
TotalHeadingChange: 0.0000
BendingEnergy: 0.0000
---
Trajectory(x,y):
0.000 0.000
0.102 0.000
0.205 0.000
0.307 0.000
0.410 0.000
0.512 0.000
0.615 0.000
0.717 0.000
0.820 0.000
0.922 0.000
1.024 0.000
1.127 0.000
1.229 0.000
1.332 0.000
1.434 0.000
1.537 0.000
1.639 0.000
1.741 0.000
1.844 0.000
1.946 0.000
2.049 0.000
2.151 0.000
2.254 0.000
2.356 0.000
2.459 0.000
2.561 0.000
2.663 0.000
2.766 0.000
2.868 0.000
2.971 0.000
3.073 0.000
3.176 0.000
3.278 0.000
3.381 0.000
3.483 0.000
3.585 0.000
3.688 0.000
3.790 0.000
3.893 0.000
3.995 0.000
4.098 0.000
4.200 0.000
4.302 0.000
4.405 0.000
4.507 0.000
4.610 0.000
4.712 0.000
4.815 0.000
4.917 0.000
5.020 0.000
5.122 0.000
5.224 0.000
5.327 0.000
5.429 0.000
5.532 0.000
5.634 0.000
5.737 0.000
5.839 0.000
5.942 0.000
6.044 0.000
6.146 0.000
6.249 0.000
6.351 0.000
6.454 0.000
6.556 0.000
6.659 0.000
6.761 0.000
6.863 0.000
6.966 0.000
7.068 0.000
7.171 0.000
7.273 0.000
7.376 0.000
7.478 0.000
7.581 0.000
7.683 0.000
7.785 0.000
7.888 0.000
7.990 0.000
---
CollisionFootprint(i, j, t_in, t_out):
0 0 0.000000 5.005632
0 1 5.005632 15.017897
0 2 15.017897 25.030162
0 3 25.030162 35.042427
0 4 35.042427 45.054692
0 5 45.054692 55.066957
0 6 55.066957 65.079222
0 7 65.079222 75.091487
0 8 75.091487 80.000000
=== END ===

=== PRIMITIVE ===
ID: 1
StartHeadingNum: 4
Goal: i=8 j=0 heading=4
Length: 7.990302
ExecutionTime(ticks): 80
TotalHeadingChange: 0.0000
BendingEnergy: 0.0000
---
Trajectory(x,y):
0.000 0.000
0.000 0.102
0.000 0.205
0.000 0.307
0.000 0.410
0.000 0.512
0.000 0.615
0.000 0.717
0.000 0.820
0.000 0.922
0.000 1.024
0.000 1.127
0.000 1.229
0.000 1.332
0.000 1.434
0.000 1.537
0.000 1.639
0.000 1.741
0.000 1.844
0.000 1.946
0.000 2.049
0.000 2.151
0.000 2.254
0.000 2.356
0.000 2.459
0.000 2.561
0.000 2.663
0.000 2.766
0.000 2.868
0.000 2.971
0.000 3.073
0.000 3.176
0.000 3.278
0.000 3.381
0.000 3.483
0.000 3.585
0.000 3.688
0.000 3.790
0.000 3.893
0.000 3.995
0.000 4.098
0.000 4.200
0.000 4.302
0.000 4.405
0.000 4.507
0.000 4.610
0.000 4.712
0.000 4.815
0.000 4.917
0.000 5.020
0.000 5.122
0.000 5.224
0.000 5.327
0.000 5.429
0.000 5.532
0.000 5.634
0.000 5.737
0.000 5.839
0.000 5.942
0.000 6.044
0.000 6.146
0.000 6.249
0.000 6.351
0.000 6.454
0.000 6.556
0.000 6.659
0.000 6.761
0.000 6.863
0.000 6.966
0.000 7.068
0.000 7.171
0.000 7.273
0.000 7.376
0.000 7.478
0.000 7.581
0.000 7.683
0.000 7.785
0.000 7.888
0.000 7.990
---
CollisionFootprint(i, j, t_in, t_out):
0 0 0.000000 5.005632
1 0 5.005632 15.017897
2 0 15.017897 25.030162
3 0 25.030162 35.042427
4 0 35.042427 45.054692
5 0 45.054692 55.066957
6 0 55.066957 65.079222
7 0 65.079222 75.091487
8 0 75.091487 80.000000
=== END ===

=== PRIMITIVE ===
ID: 2
StartHeadingNum: 8
Goal: i=0 j=-8 heading=8
Length: 7.990302
ExecutionTime(ticks): 80
TotalHeadingChange: 0.0000
BendingEnergy: 0.0000
---
Trajectory(x,y):
0.000 0.000
-0.102 0.000
-0.205 0.000
-0.307 0.000
-0.410 0.000
-0.512 0.000
-0.615 0.000
-0.717 0.000
-0.820 0.000
-0.922 0.000
-1.024 0.000
-1.127 0.000
-1.229 0.000
-1.332 0.000
-1.434 0.000
-1.537 0.000
-1.639 0.000
-1.741 0.000
-1.844 0.000
-1.946 0.000
-2.049 0.000
-2.151 0.000
-2.254 0.000
-2.356 0.000
-2.459 0.000
-2.561 0.000
-2.663 0.000
-2.766 0.000
-2.868 0.000
-2.971 0.000
-3.073 0.000
-3.176 0.000
-3.278 0.000
-3.381 0.000
-3.483 0.000
-3.585 0.000
-3.688 0.000
-3.790 0.000
-3.893 0.000
-3.995 0.000
-4.098 0.000
-4.200 0.000
-4.302 0.000
-4.405 0.000
-4.507 0.000
-4.610 0.000
-4.712 0.000
-4.815 0.000
-4.917 0.000
-5.020 0.000
-5.122 0.000
-5.224 0.000
-5.327 0.000
-5.429 0.000
-5.532 0.000
-5.634 0.000
-5.737 0.000
-5.839 0.000
-5.942 0.000
-6.044 0.000
-6.146 0.000
-6.249 0.000
-6.351 0.000
-6.454 0.000
-6.556 0.000
-6.659 0.000
-6.761 0.000
-6.863 0.000
-6.966 0.000
-7.068 0.000
-7.171 0.000
-7.273 0.000
-7.376 0.000
-7.478 0.000
-7.581 0.000
-7.683 0.000
-7.785 0.000
-7.888 0.000
-7.990 0.000
---
CollisionFootprint(i, j, t_in, t_out):
0 0 0.000000 5.005632
0 -1 5.005632 15.017897
0 -2 15.017897 25.030162
0 -3 25.030162 35.042427
0 -4 35.042427 45.054692
0 -5 45.054692 55.066957
0 -6 55.066957 65.079222
0 -7 65.079222 75.091487
0 -8 75.091487 80.000000
=== END ===

=== PRIMITIVE ===
ID: 3
StartHeadingNum: 12
Goal: i=-8 j=0 heading=12
Length: 7.990302
ExecutionTime(ticks): 80
TotalHeadingChange: 0.0000
BendingEnergy: 0.0000
---
Trajectory(x,y):
0.000 0.000
-0.000 -0.102
-0.000 -0.205
-0.000 -0.307
-0.000 -0.410
-0.000 -0.512
-0.000 -0.615
-0.000 -0.717
-0.000 -0.820
-0.000 -0.922
-0.000 -1.024
-0.000 -1.127
-0.000 -1.229
-0.000 -1.332
-0.000 -1.434
-0.000 -1.537
-0.000 -1.639
-0.000 -1.741
-0.000 -1.844
-0.000 -1.946
-0.000 -2.049
-0.000 -2.151
-0.000 -2.254
-0.000 -2.356
-0.000 -2.459
-0.000 -2.561
-0.000 -2.663
-0.000 -2.766
-0.000 -2.868
-0.000 -2.971
-0.000 -3.073
-0.000 -3.176
-0.000 -3.278
-0.000 -3.381
-0.000 -3.483
-0.000 -3.585
-0.000 -3.688
-0.000 -3.790
-0.000 -3.893
-0.000 -3.995
-0.000 -4.098
-0.000 -4.200
-0.000 -4.302
-0.000 -4.405
-0.000 -4.507
-0.000 -4.610
-0.000 -4.712
-0.000 -4.815
-0.000 -4.917
-0.000 -5.020
-0.000 -5.122
-0.000 -5.224
-0.000 -5.327
-0.000 -5.429
-0.000 -5.532
-0.000 -5.634
-0.000 -5.737
-0.000 -5.839
-0.000 -5.942
-0.000 -6.044
-0.000 -6.146
-0.000 -6.249
-0.000 -6.351
-0.000 -6.454
-0.000 -6.556
-0.000 -6.659
-0.000 -6.761
-0.000 -6.863
-0.000 -6.966
-0.000 -7.068
-0.000 -7.171
-0.000 -7.273
-0.000 -7.376
-0.000 -7.478
-0.000 -7.581
-0.000 -7.683
-0.000 -7.785
-0.000 -7.888
-0.000 -7.990
---
CollisionFootprint(i, j, t_in, t_out):
0 0 0.000000 5.005632
-1 0 5.005632 15.017897
-2 0 15.017897 25.030162
-3 0 25.030162 35.042427
-4 0 35.042427 45.054692
-5 0 45.054692 55.066957
-6 0 55.066957 65.079222
-7 0 65.079222 75.091487
-8 0 75.091487 80.000000
=== END ===

=== PRIMITIVE ===
ID: 4
StartHeadingNum: 0
Goal: i=1 j=8 heading=1
Length: 8.178449
ExecutionTime(ticks): 82
TotalHeadingChange: 0.5456
BendingEnergy: 0.0552
---
Trajectory(x,y):
0.000 0.000
0.102 -0.000
0.204 -0.000
0.307 -0.000
0.409 -0.001
0.511 -0.001
0.613 -0.002
0.716 -0.003
0.818 -0.004
0.920 -0.005
1.022 -0.007
1.124 -0.009
1.227 -0.011
1.329 -0.014
1.431 -0.017
1.533 -0.020
1.635 -0.023
1.738 -0.027
1.840 -0.030
1.942 -0.034
2.044 -0.038
2.146 -0.043
2.248 -0.047
2.351 -0.051
2.453 -0.055
2.555 -0.059
2.657 -0.063
2.759 -0.067
2.861 -0.071
2.963 -0.074
3.066 -0.077
3.168 -0.080
3.270 -0.083
3.372 -0.085
3.474 -0.086
3.577 -0.087
3.679 -0.087
3.781 -0.086
3.883 -0.085
3.986 -0.083
4.088 -0.080
4.190 -0.077
4.292 -0.072
4.394 -0.067
4.496 -0.060
4.598 -0.052
4.700 -0.043
4.802 -0.033
4.903 -0.022
5.005 -0.010
5.106 0.004
5.207 0.019
5.308 0.036
5.409 0.053
5.509 0.072
5.609 0.093
5.709 0.115
5.809 0.138
5.908 0.162
6.007 0.188
6.105 0.216
6.203 0.245
6.301 0.275
6.398 0.306
6.495 0.339
6.592 0.373
6.688 0.408
6.783 0.445
6.878 0.482
6.973 0.521
7.067 0.561
7.161 0.602
7.254 0.643
7.347 0.686
7.440 0.729
7.532 0.773
7.624 0.817
7.716 0.862
7.808 0.908
7.899 0.953
7.991 0.999
---
CollisionFootprint(i, j, t_in, t_out):
0 0 0.000000 5.012765
0 1 5.012765 15.041304
0 2 15.041304 25.074857
0 3 25.074857 35.106404
0 4 35.106404 45.138953
0 5 45.138953 55.255726
0 6 55.255726 65.650233
0 7 65.650233 70.169192
1 7 70.169192 76.518995
1 8 76.518995 82.000000
=== END ===

=== PRIMITIVE ===
ID: 5
StartHeadingNum: 4
Goal: i=8 j=-1 heading=5
Length: 8.178449
ExecutionTime(ticks): 82
TotalHeadingChange: 0.5456
BendingEnergy: 0.0552
---
Trajectory(x,y):
0.000 0.000
0.000 0.102
0.000 0.204
0.000 0.307
0.001 0.409
0.001 0.511
0.002 0.613
0.003 0.716
0.004 0.818
0.005 0.920
0.007 1.022
0.009 1.124
0.011 1.227
0.014 1.329
0.017 1.431
0.020 1.533
0.023 1.635
0.027 1.738
0.030 1.840
0.034 1.942
0.038 2.044
0.043 2.146
0.047 2.248
0.051 2.351
0.055 2.453
0.059 2.555
0.063 2.657
0.067 2.759
0.071 2.861
0.074 2.963
0.077 3.066
0.080 3.168
0.083 3.270
0.085 3.372
0.086 3.474
0.087 3.577
0.087 3.679
0.086 3.781
0.085 3.883
0.083 3.986
0.080 4.088
0.077 4.190
0.072 4.292
0.067 4.394
0.060 4.496
0.052 4.598
0.043 4.700
0.033 4.802
0.022 4.903
0.010 5.005
-0.004 5.106
-0.019 5.207
-0.036 5.308
-0.053 5.409
-0.072 5.509
-0.093 5.609
-0.115 5.709
-0.138 5.809
-0.162 5.908
-0.188 6.007
-0.216 6.105
-0.245 6.203
-0.275 6.301
-0.306 6.398
-0.339 6.495
-0.373 6.592
-0.408 6.688
-0.445 6.783
-0.482 6.878
-0.521 6.973
-0.561 7.067
-0.602 7.161
-0.643 7.254
-0.686 7.347
-0.729 7.440
-0.773 7.532
-0.817 7.624
-0.862 7.716
-0.908 7.808
-0.953 7.899
-0.999 7.991
---
CollisionFootprint(i, j, t_in, t_out):
0 0 0.000000 5.012765
1 0 5.012765 15.041304
2 0 15.041304 25.074857
3 0 25.074857 35.106404
4 0 35.106404 45.138953
5 0 45.138953 55.255726
6 0 55.255726 65.650233
7 0 65.650233 70.169192
7 -1 70.169192 76.518995
8 -1 76.518995 82.000000
=== END ===

=== PRIMITIVE ===
ID: 6
StartHeadingNum: 8
Goal: i=-1 j=-8 heading=9
Length: 8.178449
ExecutionTime(ticks): 82
TotalHeadingChange: 0.5456
BendingEnergy: 0.0552
---
Trajectory(x,y):
0.000 0.000
-0.102 0.000
-0.204 0.000
-0.307 0.000
-0.409 0.001
-0.511 0.001
-0.613 0.002
-0.716 0.003
-0.818 0.004
-0.920 0.005
-1.022 0.007
-1.124 0.009
-1.227 0.011
-1.329 0.014
-1.431 0.017
-1.533 0.020
-1.635 0.023
-1.738 0.027
-1.840 0.030
-1.942 0.034
-2.044 0.038
-2.146 0.043
-2.248 0.047
-2.351 0.051
-2.453 0.055
-2.555 0.059
-2.657 0.063
-2.759 0.067
-2.861 0.071
-2.963 0.074
-3.066 0.077
-3.168 0.080
-3.270 0.083
-3.372 0.085
-3.474 0.086
-3.577 0.087
-3.679 0.087
-3.781 0.086
-3.883 0.085
-3.986 0.083
-4.088 0.080
-4.190 0.077
-4.292 0.072
-4.394 0.067
-4.496 0.060
-4.598 0.052
-4.700 0.043
-4.802 0.033
-4.903 0.022
-5.005 0.010
-5.106 -0.004
-5.207 -0.019
-5.308 -0.036
-5.409 -0.053
-5.509 -0.072
-5.609 -0.093
-5.709 -0.115
-5.809 -0.138
-5.908 -0.162
-6.007 -0.188
-6.105 -0.216
-6.203 -0.245
-6.301 -0.275
-6.398 -0.306
-6.495 -0.339
-6.592 -0.373
-6.688 -0.408
-6.783 -0.445
-6.878 -0.482
-6.973 -0.521
-7.067 -0.561
-7.161 -0.602
-7.254 -0.643
-7.347 -0.686
-7.440 -0.729
-7.532 -0.773
-7.624 -0.817
-7.716 -0.862
-7.808 -0.908
-7.899 -0.953
-7.991 -0.999
---
CollisionFootprint(i, j, t_in, t_out):
0 0 0.000000 5.012765
0 -1 5.012765 15.041304
0 -2 15.041304 25.074857
0 -3 25.074857 35.106404
0 -4 35.106404 45.138953
0 -5 45.138953 55.255726
0 -6 55.255726 65.650233
0 -7 65.650233 70.169192
-1 -7 70.169192 76.518995
-1 -8 76.518995 82.000000
=== END ===

=== PRIMITIVE ===
ID: 7
StartHeadingNum: 12
Goal: i=-8 j=1 heading=13
Length: 8.178449
ExecutionTime(ticks): 82
TotalHeadingChange: 0.5456
BendingEnergy: 0.0552
---
Trajectory(x,y):
0.000 0.000
-0.000 -0.102
-0.000 -0.204
-0.000 -0.307
-0.001 -0.409
-0.001 -0.511
-0.002 -0.613
-0.003 -0.716
-0.004 -0.818
-0.005 -0.920
-0.007 -1.022
-0.009 -1.124
-0.011 -1.227
-0.014 -1.329
-0.017 -1.431
-0.020 -1.533
-0.023 -1.635
-0.027 -1.738
-0.030 -1.840
-0.034 -1.942
-0.038 -2.044
-0.043 -2.146
-0.047 -2.248
-0.051 -2.351
-0.055 -2.453
-0.059 -2.555
-0.063 -2.657
-0.067 -2.759
-0.071 -2.861
-0.074 -2.963
-0.077 -3.066
-0.080 -3.168
-0.083 -3.270
-0.085 -3.372
-0.086 -3.474
-0.087 -3.577
-0.087 -3.679
-0.086 -3.781
-0.085 -3.883
-0.083 -3.986
-0.080 -4.088
-0.077 -4.190
-0.072 -4.292
-0.067 -4.394
-0.060 -4.496
-0.052 -4.598
-0.043 -4.700
-0.033 -4.802
-0.022 -4.903
-0.010 -5.005
0.004 -5.106
0.019 -5.207
0.036 -5.308
0.053 -5.409
0.072 -5.509
0.093 -5.609
0.115 -5.709
0.138 -5.809
0.162 -5.908
0.188 -6.007
0.216 -6.105
0.245 -6.203
0.275 -6.301
0.306 -6.398
0.339 -6.495
0.373 -6.592
0.408 -6.688
0.445 -6.783
0.482 -6.878
0.521 -6.973
0.561 -7.067
0.602 -7.161
0.643 -7.254
0.686 -7.347
0.729 -7.440
0.773 -7.532
0.817 -7.624
0.862 -7.716
0.908 -7.808
0.953 -7.899
0.999 -7.991
---
CollisionFootprint(i, j, t_in, t_out):
0 0 0.000000 5.012765
-1 0 5.012765 15.041304
-2 0 15.041304 25.074857
-3 0 25.074857 35.106404
-4 0 35.106404 45.138953
-5 0 45.138953 55.255726
-6 0 55.255726 65.650233
-7 0 65.650233 70.169192
-7 1 70.169192 76.518995
-8 1 76.518995 82.000000
=== END ===

=== PRIMITIVE ===
ID: 8
StartHeadingNum: 0
Goal: i=2 j=8 heading=2
Length: 8.591510
ExecutionTime(ticks): 86
TotalHeadingChange: 0.8457
BendingEnergy: 0.1277
---
Trajectory(x,y):
0.000 0.000
0.102 -0.000
0.205 -0.000
0.307 -0.000
0.409 -0.001
0.511 -0.001
0.614 -0.002
0.716 -0.003
0.818 -0.004
0.920 -0.005
1.023 -0.007
1.125 -0.009
1.227 -0.011
1.330 -0.013
1.432 -0.015
1.534 -0.018
1.636 -0.021
1.739 -0.024
1.841 -0.027
1.943 -0.030
2.045 -0.033
2.147 -0.036
2.250 -0.039
2.352 -0.042
2.454 -0.045
2.556 -0.047
2.659 -0.050
2.761 -0.051
2.863 -0.053
2.965 -0.054
3.068 -0.054
3.170 -0.054
3.272 -0.053
3.375 -0.051
3.477 -0.048
3.579 -0.045
3.681 -0.040
3.783 -0.035
3.885 -0.028
3.987 -0.020
4.089 -0.011
4.191 -0.001
4.293 0.011
4.394 0.024
4.495 0.038
4.596 0.054
4.697 0.072
4.798 0.091
4.898 0.112
4.997 0.135
5.097 0.160
5.195 0.186
5.294 0.214
5.392 0.244
5.489 0.276
5.585 0.310
5.681 0.346
5.776 0.383
5.871 0.423
5.964 0.464
6.057 0.508
6.148 0.553
6.239 0.600
6.329 0.649
6.418 0.700
6.505 0.752
6.592 0.806
6.678 0.862
6.762 0.920
6.846 0.979
6.928 1.040
7.010 1.102
7.090 1.165
7.169 1.230
7.248 1.295
7.325 1.362
7.401 1.430
7.477 1.499
7.552 1.569
7.626 1.639
7.700 1.710
7.773 1.781
7.846 1.853
7.918 1.925
7.991 1.997
---
CollisionFootprint(i, j, t_in, t_out):
0 0 0.000000 5.004505
0 1 5.004505 15.016517
0 2 15.016517 25.030531
0 3 25.030531 35.041542
0 4 35.041542 45.094595
0 5 45.094595 55.404905
0 6 55.404905 61.252753
1 6 61.252753 66.482983
1 7 66.482983 78.849349
2 7 78.849349 79.145646
2 8 79.145646 86.000000
=== END ===

=== PRIMITIVE ===
ID: 9
StartHeadingNum: 4
Goal: i=8 j=-2 heading=6
Length: 8.591510
ExecutionTime(ticks): 86
TotalHeadingChange: 0.8457
BendingEnergy: 0.1277
---
Trajectory(x,y):
0.000 0.000
0.000 0.102
0.000 0.205
0.000 0.307
0.001 0.409
0.001 0.511
0.002 0.614
0.003 0.716
0.004 0.818
0.005 0.920
0.007 1.023
0.009 1.125
0.011 1.227
0.013 1.330
0.015 1.432
0.018 1.534
0.021 1.636
0.024 1.739
0.027 1.841
0.030 1.943
0.033 2.045
0.036 2.147
0.039 2.250
0.042 2.352
0.045 2.454
0.047 2.556
0.050 2.659
0.051 2.761
0.053 2.863
0.054 2.965
0.054 3.068
0.054 3.170
0.053 3.272
0.051 3.375
0.048 3.477
0.045 3.579
0.040 3.681
0.035 3.783
0.028 3.885
0.020 3.987
0.011 4.089
0.001 4.191
-0.011 4.293
-0.024 4.394
-0.038 4.495
-0.054 4.596
-0.072 4.697
-0.091 4.798
-0.112 4.898
-0.135 4.997
-0.160 5.097
-0.186 5.195
-0.214 5.294
-0.244 5.392
-0.276 5.489
-0.310 5.585
-0.346 5.681
-0.383 5.776
-0.423 5.871
-0.464 5.964
-0.508 6.057
-0.553 6.148
-0.600 6.239
-0.649 6.329
-0.700 6.418
-0.752 6.505
-0.806 6.592
-0.862 6.678
-0.920 6.762
-0.979 6.846
-1.040 6.928
-1.102 7.010
-1.165 7.090
-1.230 7.169
-1.295 7.248
-1.362 7.325
-1.430 7.401
-1.499 7.477
-1.569 7.552
-1.639 7.626
-1.710 7.700
-1.781 7.773
-1.853 7.846
-1.925 7.918
-1.997 7.991
---
CollisionFootprint(i, j, t_in, t_out):
0 0 0.000000 5.004505
1 0 5.004505 15.016517
2 0 15.016517 25.030531
3 0 25.030531 35.041542
4 0 35.041542 45.094595
5 0 45.094595 55.404905
6 0 55.404905 61.252753
6 -1 61.252753 66.482983
7 -1 66.482983 78.849349
7 -2 78.849349 79.145646
8 -2 79.145646 86.000000
=== END ===

=== PRIMITIVE ===
ID: 10
StartHeadingNum: 8
Goal: i=-2 j=-8 heading=10
Length: 8.591510
ExecutionTime(ticks): 86
TotalHeadingChange: 0.8457
BendingEnergy: 0.1277
---
Trajectory(x,y):
0.000 0.000
-0.102 0.000
-0.205 0.000
-0.307 0.000
-0.409 0.001
-0.511 0.001
-0.614 0.002
-0.716 0.003
-0.818 0.004
-0.920 0.005
-1.023 0.007
-1.125 0.009
-1.227 0.011
-1.330 0.013
-1.432 0.015
-1.534 0.018
-1.636 0.021
-1.739 0.024
-1.841 0.027
-1.943 0.030
-2.045 0.033
-2.147 0.036
-2.250 0.039
-2.352 0.042
-2.454 0.045
-2.556 0.047
-2.659 0.050
-2.761 0.051
-2.863 0.053
-2.965 0.054
-3.068 0.054
-3.170 0.054
-3.272 0.053
-3.375 0.051
-3.477 0.048
-3.579 0.045
-3.681 0.040
-3.783 0.035
-3.885 0.028
-3.987 0.020
-4.089 0.011
-4.191 0.001
-4.293 -0.011
-4.394 -0.024
-4.495 -0.038
-4.596 -0.054
-4.697 -0.072
-4.798 -0.091
-4.898 -0.112
-4.997 -0.135
-5.097 -0.160
-5.195 -0.186
-5.294 -0.214
-5.392 -0.244
-5.489 -0.276
-5.585 -0.310
-5.681 -0.346
-5.776 -0.383
-5.871 -0.423
-5.964 -0.464
-6.057 -0.508
-6.148 -0.553
-6.239 -0.600
-6.329 -0.649
-6.418 -0.700
-6.505 -0.752
-6.592 -0.806
-6.678 -0.862
-6.762 -0.920
-6.846 -0.979
-6.928 -1.040
-7.010 -1.102
-7.090 -1.165
-7.169 -1.230
-7.248 -1.295
-7.325 -1.362
-7.401 -1.430
-7.477 -1.499
-7.552 -1.569
-7.626 -1.639
-7.700 -1.710
-7.773 -1.781
-7.846 -1.853
-7.918 -1.925
-7.991 -1.997
---
CollisionFootprint(i, j, t_in, t_out):
0 0 0.000000 5.004505
0 -1 5.004505 15.016517
0 -2 15.016517 25.030531
0 -3 25.030531 35.041542
0 -4 35.041542 45.094595
0 -5 45.094595 55.404905
0 -6 55.404905 61.252753
-1 -6 61.252753 66.482983
-1 -7 66.482983 78.849349
-2 -7 78.849349 79.145646
-2 -8 79.145646 86.000000
=== END ===

=== PRIMITIVE ===
ID: 11
StartHeadingNum: 12
Goal: i=-8 j=2 heading=14
Length: 8.591510
ExecutionTime(ticks): 86
TotalHeadingChange: 0.8457
BendingEnergy: 0.1277
---
Trajectory(x,y):
0.000 0.000
-0.000 -0.102
-0.000 -0.205
-0.000 -0.307
-0.001 -0.409
-0.001 -0.511
-0.002 -0.614
-0.003 -0.716
-0.004 -0.818
-0.005 -0.920
-0.007 -1.023
-0.009 -1.125
-0.011 -1.227
-0.013 -1.330
-0.015 -1.432
-0.018 -1.534
-0.021 -1.636
-0.024 -1.739
-0.027 -1.841
-0.030 -1.943
-0.033 -2.045
-0.036 -2.147
-0.039 -2.250
-0.042 -2.352
-0.045 -2.454
-0.047 -2.556
-0.050 -2.659
-0.051 -2.761
-0.053 -2.863
-0.054 -2.965
-0.054 -3.068
-0.054 -3.170
-0.053 -3.272
-0.051 -3.375
-0.048 -3.477
-0.045 -3.579
-0.040 -3.681
-0.035 -3.783
-0.028 -3.885
-0.020 -3.987
-0.011 -4.089
-0.001 -4.191
0.011 -4.293
0.024 -4.394
0.038 -4.495
0.054 -4.596
0.072 -4.697
0.091 -4.798
0.112 -4.898
0.135 -4.997
0.160 -5.097
0.186 -5.195
0.214 -5.294
0.244 -5.392
0.276 -5.489
0.310 -5.585
0.346 -5.681
0.383 -5.776
0.423 -5.871
0.464 -5.964
0.508 -6.057
0.553 -6.148
0.600 -6.239
0.649 -6.329
0.700 -6.418
0.752 -6.505
0.806 -6.592
0.862 -6.678
0.920 -6.762
0.979 -6.846
1.040 -6.928
1.102 -7.010
1.165 -7.090
1.230 -7.169
1.295 -7.248
1.362 -7.325
1.430 -7.401
1.499 -7.477
1.569 -7.552
1.639 -7.626
1.710 -7.700
1.781 -7.773
1.853 -7.846
1.925 -7.918
1.997 -7.991
---
CollisionFootprint(i, j, t_in, t_out):
0 0 0.000000 5.004505
-1 0 5.004505 15.016517
-2 0 15.016517 25.030531
-3 0 25.030531 35.041542
-4 0 35.041542 45.094595
-5 0 45.094595 55.404905
-6 0 55.404905 61.252753
-6 1 61.252753 66.482983
-7 1 66.482983 78.849349
-7 2 78.849349 79.145646
-8 2 79.145646 86.000000
=== END ===

=== PRIMITIVE ===
ID: 12
StartHeadingNum: 0
Goal: i=4 j=7 heading=3
Length: 8.687496
ExecutionTime(ticks): 87
TotalHeadingChange: 1.1057
BendingEnergy: 0.1710
---
Trajectory(x,y):
0.000 0.000
0.102 0.000
0.204 0.000
0.307 0.000
0.409 0.001
0.511 0.001
0.613 0.002
0.715 0.004
0.818 0.006
0.920 0.008
1.022 0.011
1.124 0.014
1.226 0.019
1.328 0.024
1.430 0.030
1.532 0.036
1.634 0.044
1.736 0.053
1.838 0.062
1.939 0.073
2.041 0.085
2.142 0.098
2.243 0.113
2.344 0.129
2.445 0.146
2.546 0.164
2.646 0.184
2.746 0.205
2.846 0.228
2.945 0.253
3.044 0.279
3.142 0.306
3.240 0.335
3.337 0.366
3.434 0.399
3.531 0.433
3.626 0.469
3.721 0.507
3.816 0.546
3.909 0.587
4.002 0.630
4.094 0.675
4.185 0.722
4.275 0.770
4.364 0.820
4.452 0.872
4.539 0.925
4.625 0.980
4.710 1.037
4.794 1.096
4.876 1.156
4.958 1.218
5.038 1.281
5.117 1.346
5.194 1.413
5.270 1.481
5.345 1.551
5.419 1.622
5.491 1.694
5.562 1.768
5.631 1.843
5.699 1.919
5.766 1.996
5.831 2.075
5.895 2.155
5.958 2.235
6.019 2.317
6.079 2.400
6.138 2.483
6.196 2.568
6.252 2.653
6.307 2.739
6.361 2.826
6.414 2.913
6.466 3.001
6.517 3.090
6.567 3.179
6.617 3.268
6.665 3.358
6.713 3.449
6.761 3.539
6.808 3.630
6.854 3.721
6.900 3.812
6.946 3.904
6.992 3.995
---
CollisionFootprint(i, j, t_in, t_out):
0 0 0.000000 5.006809
0 1 5.006809 15.028438
0 2 15.028438 25.122173
0 3 25.122173 35.497318
0 4 35.497318 37.693524
1 4 37.693524 46.620555
1 5 46.620555 56.574085
2 5 56.574085 59.493347
2 6 59.493347 69.800393
3 6 69.800393 76.416050
3 7 76.416050 81.439383
4 7 81.439383 87.000000
=== END ===

=== PRIMITIVE ===
ID: 13
StartHeadingNum: 4
Goal: i=7 j=-4 heading=7
Length: 8.687496
ExecutionTime(ticks): 87
TotalHeadingChange: 1.1057
BendingEnergy: 0.1710
---
Trajectory(x,y):
0.000 0.000
-0.000 0.102
-0.000 0.204
-0.000 0.307
-0.001 0.409
-0.001 0.511
-0.002 0.613
-0.004 0.715
-0.006 0.818
-0.008 0.920
-0.011 1.022
-0.014 1.124
-0.019 1.226
-0.024 1.328
-0.030 1.430
-0.036 1.532
-0.044 1.634
-0.053 1.736
-0.062 1.838
-0.073 1.939
-0.085 2.041
-0.098 2.142
-0.113 2.243
-0.129 2.344
-0.146 2.445
-0.164 2.546
-0.184 2.646
-0.205 2.746
-0.228 2.846
-0.253 2.945
-0.279 3.044
-0.306 3.142
-0.335 3.240
-0.366 3.337
-0.399 3.434
-0.433 3.531
-0.469 3.626
-0.507 3.721
-0.546 3.816
-0.587 3.909
-0.630 4.002
-0.675 4.094
-0.722 4.185
-0.770 4.275
-0.820 4.364
-0.872 4.452
-0.925 4.539
-0.980 4.625
-1.037 4.710
-1.096 4.794
-1.156 4.876
-1.218 4.958
-1.281 5.038
-1.346 5.117
-1.413 5.194
-1.481 5.270
-1.551 5.345
-1.622 5.419
-1.694 5.491
-1.768 5.562
-1.843 5.631
-1.919 5.699
-1.996 5.766
-2.075 5.831
-2.155 5.895
-2.235 5.958
-2.317 6.019
-2.400 6.079
-2.483 6.138
-2.568 6.196
-2.653 6.252
-2.739 6.307
-2.826 6.361
-2.913 6.414
-3.001 6.466
-3.090 6.517
-3.179 6.567
-3.268 6.617
-3.358 6.665
-3.449 6.713
-3.539 6.761
-3.630 6.808
-3.721 6.854
-3.812 6.900
-3.904 6.946
-3.995 6.992
---
CollisionFootprint(i, j, t_in, t_out):
0 0 0.000000 5.006809
1 0 5.006809 15.028438
2 0 15.028438 25.122173
3 0 25.122173 35.497318
4 0 35.497318 37.693524
4 -1 37.693524 46.620555
5 -1 46.620555 56.574085
5 -2 56.574085 59.493347
6 -2 59.493347 69.800393
6 -3 69.800393 76.416050
7 -3 76.416050 81.439383
7 -4 81.439383 87.000000
=== END ===

=== PRIMITIVE ===
ID: 14
StartHeadingNum: 8
Goal: i=-4 j=-7 heading=11
Length: 8.687496
ExecutionTime(ticks): 87
TotalHeadingChange: 1.1057
BendingEnergy: 0.1710
---
Trajectory(x,y):
0.000 0.000
-0.102 -0.000
-0.204 -0.000
-0.307 -0.000
-0.409 -0.001
-0.511 -0.001
-0.613 -0.002
-0.715 -0.004
-0.818 -0.006
-0.920 -0.008
-1.022 -0.011
-1.124 -0.014
-1.226 -0.019
-1.328 -0.024
-1.430 -0.030
-1.532 -0.036
-1.634 -0.044
-1.736 -0.053
-1.838 -0.062
-1.939 -0.073
-2.041 -0.085
-2.142 -0.098
-2.243 -0.113
-2.344 -0.129
-2.445 -0.146
-2.546 -0.164
-2.646 -0.184
-2.746 -0.205
-2.846 -0.228
-2.945 -0.253
-3.044 -0.279
-3.142 -0.306
-3.240 -0.335
-3.337 -0.366
-3.434 -0.399
-3.531 -0.433
-3.626 -0.469
-3.721 -0.507
-3.816 -0.546
-3.909 -0.587
-4.002 -0.630
-4.094 -0.675
-4.185 -0.722
-4.275 -0.770
-4.364 -0.820
-4.452 -0.872
-4.539 -0.925
-4.625 -0.980
-4.710 -1.037
-4.794 -1.096
-4.876 -1.156
-4.958 -1.218
-5.038 -1.281
-5.117 -1.346
-5.194 -1.413
-5.270 -1.481
-5.345 -1.551
-5.419 -1.622
-5.491 -1.694
-5.562 -1.768
-5.631 -1.843
-5.699 -1.919
-5.766 -1.996
-5.831 -2.075
-5.895 -2.155
-5.958 -2.235
-6.019 -2.317
-6.079 -2.400
-6.138 -2.483
-6.196 -2.568
-6.252 -2.653
-6.307 -2.739
-6.361 -2.826
-6.414 -2.913
-6.466 -3.001
-6.517 -3.090
-6.567 -3.179
-6.617 -3.268
-6.665 -3.358
-6.713 -3.449
-6.761 -3.539
-6.808 -3.630
-6.854 -3.721
-6.900 -3.812
-6.946 -3.904
-6.992 -3.995
---
CollisionFootprint(i, j, t_in, t_out):
0 0 0.000000 5.006809
0 -1 5.006809 15.028438
0 -2 15.028438 25.122173
0 -3 25.122173 35.497318
0 -4 35.497318 37.693524
-1 -4 37.693524 46.620555
-1 -5 46.620555 56.574085
-2 -5 56.574085 59.493347
-2 -6 59.493347 69.800393
-3 -6 69.800393 76.416050
-3 -7 76.416050 81.439383
-4 -7 81.439383 87.000000
=== END ===

=== PRIMITIVE ===
ID: 15
StartHeadingNum: 12
Goal: i=-7 j=4 heading=15
Length: 8.687496
ExecutionTime(ticks): 87
TotalHeadingChange: 1.1057
BendingEnergy: 0.1710
---
Trajectory(x,y):
0.000 0.000
0.000 -0.102
0.000 -0.204
0.000 -0.307
0.001 -0.409
0.001 -0.511
0.002 -0.613
0.004 -0.715
0.006 -0.818
0.008 -0.920
0.011 -1.022
0.014 -1.124
0.019 -1.226
0.024 -1.328
0.030 -1.430
0.036 -1.532
0.044 -1.634
0.053 -1.736
0.062 -1.838
0.073 -1.939
0.085 -2.041
0.098 -2.142
0.113 -2.243
0.129 -2.344
0.146 -2.445
0.164 -2.546
0.184 -2.646
0.205 -2.746
0.228 -2.846
0.253 -2.945
0.279 -3.044
0.306 -3.142
0.335 -3.240
0.366 -3.337
0.399 -3.434
0.433 -3.531
0.469 -3.626
0.507 -3.721
0.546 -3.816
0.587 -3.909
0.630 -4.002
0.675 -4.094
0.722 -4.185
0.770 -4.275
0.820 -4.364
0.872 -4.452
0.925 -4.539
0.980 -4.625
1.037 -4.710
1.096 -4.794
1.156 -4.876
1.218 -4.958
1.281 -5.038
1.346 -5.117
1.413 -5.194
1.481 -5.270
1.551 -5.345
1.622 -5.419
1.694 -5.491
1.768 -5.562
1.843 -5.631
1.919 -5.699
1.996 -5.766
2.075 -5.831
2.155 -5.895
2.235 -5.958
2.317 -6.019
2.400 -6.079
2.483 -6.138
2.568 -6.196
2.653 -6.252
2.739 -6.307
2.826 -6.361
2.913 -6.414
3.001 -6.466
3.090 -6.517
3.179 -6.567
3.268 -6.617
3.358 -6.665
3.449 -6.713
3.539 -6.761
3.630 -6.808
3.721 -6.854
3.812 -6.900
3.904 -6.946
3.995 -6.992
---
CollisionFootprint(i, j, t_in, t_out):
0 0 0.000000 5.006809
-1 0 5.006809 15.028438
-2 0 15.028438 25.122173
-3 0 25.122173 35.497318
-4 0 35.497318 37.693524
-4 1 37.693524 46.620555
-5 1 46.620555 56.574085
-5 2 56.574085 59.493347
-6 2 59.493347 69.800393
-6 3 69.800393 76.416050
-7 3 76.416050 81.439383
-7 4 81.439383 87.000000
=== END ===

=== PRIMITIVE ===
ID: 16
StartHeadingNum: 0
Goal: i=-1 j=8 heading=15
Length: 8.178449
ExecutionTime(ticks): 82
TotalHeadingChange: 0.5456
BendingEnergy: 0.0552
---
Trajectory(x,y):
0.000 0.000
0.102 0.000
0.204 0.000
0.307 0.000
0.409 0.001
0.511 0.001
0.613 0.002
0.716 0.003
0.818 0.004
0.920 0.005
1.022 0.007
1.124 0.009
1.227 0.011
1.329 0.014
1.431 0.017
1.533 0.020
1.635 0.023
1.738 0.027
1.840 0.030
1.942 0.034
2.044 0.038
2.146 0.043
2.248 0.047
2.351 0.051
2.453 0.055
2.555 0.059
2.657 0.063
2.759 0.067
2.861 0.071
2.963 0.074
3.066 0.077
3.168 0.080
3.270 0.083
3.372 0.085
3.474 0.086
3.577 0.087
3.679 0.087
3.781 0.086
3.883 0.085
3.986 0.083
4.088 0.080
4.190 0.077
4.292 0.072
4.394 0.067
4.496 0.060
4.598 0.052
4.700 0.043
4.802 0.033
4.903 0.022
5.005 0.010
5.106 -0.004
5.207 -0.019
5.308 -0.036
5.409 -0.053
5.509 -0.072
5.609 -0.093
5.709 -0.115
5.809 -0.138
5.908 -0.162
6.007 -0.188
6.105 -0.216
6.203 -0.245
6.301 -0.275
6.398 -0.306
6.495 -0.339
6.592 -0.373
6.688 -0.408
6.783 -0.445
6.878 -0.482
6.973 -0.521
7.067 -0.561
7.161 -0.602
7.254 -0.643
7.347 -0.686
7.440 -0.729
7.532 -0.773
7.624 -0.817
7.716 -0.862
7.808 -0.908
7.899 -0.953
7.991 -0.999
---
CollisionFootprint(i, j, t_in, t_out):
0 0 0.000000 5.012765
0 1 5.012765 15.041304
0 2 15.041304 25.074857
0 3 25.074857 35.106404
0 4 35.106404 45.138953
0 5 45.138953 55.255726
0 6 55.255726 65.650233
0 7 65.650233 70.169192
-1 7 70.169192 76.518995
-1 8 76.518995 82.000000
=== END ===

=== PRIMITIVE ===
ID: 17
StartHeadingNum: 4
Goal: i=8 j=1 heading=3
Length: 8.178449
ExecutionTime(ticks): 82
TotalHeadingChange: 0.5456
BendingEnergy: 0.0552
---
Trajectory(x,y):
0.000 0.000
-0.000 0.102
-0.000 0.204
-0.000 0.307
-0.001 0.409
-0.001 0.511
-0.002 0.613
-0.003 0.716
-0.004 0.818
-0.005 0.920
-0.007 1.022
-0.009 1.124
-0.011 1.227
-0.014 1.329
-0.017 1.431
-0.020 1.533
-0.023 1.635
-0.027 1.738
-0.030 1.840
-0.034 1.942
-0.038 2.044
-0.043 2.146
-0.047 2.248
-0.051 2.351
-0.055 2.453
-0.059 2.555
-0.063 2.657
-0.067 2.759
-0.071 2.861
-0.074 2.963
-0.077 3.066
-0.080 3.168
-0.083 3.270
-0.085 3.372
-0.086 3.474
-0.087 3.577
-0.087 3.679
-0.086 3.781
-0.085 3.883
-0.083 3.986
-0.080 4.088
-0.077 4.190
-0.072 4.292
-0.067 4.394
-0.060 4.496
-0.052 4.598
-0.043 4.700
-0.033 4.802
-0.022 4.903
-0.010 5.005
0.004 5.106
0.019 5.207
0.036 5.308
0.053 5.409
0.072 5.509
0.093 5.609
0.115 5.709
0.138 5.809
0.162 5.908
0.188 6.007
0.216 6.105
0.245 6.203
0.275 6.301
0.306 6.398
0.339 6.495
0.373 6.592
0.408 6.688
0.445 6.783
0.482 6.878
0.521 6.973
0.561 7.067
0.602 7.161
0.643 7.254
0.686 7.347
0.729 7.440
0.773 7.532
0.817 7.624
0.862 7.716
0.908 7.808
0.953 7.899
0.999 7.991
---
CollisionFootprint(i, j, t_in, t_out):
0 0 0.000000 5.012765
1 0 5.012765 15.041304
2 0 15.041304 25.074857
3 0 25.074857 35.106404
4 0 35.106404 45.138953
5 0 45.138953 55.255726
6 0 55.255726 65.650233
7 0 65.650233 70.169192
7 1 70.169192 76.518995
8 1 76.518995 82.000000
=== END ===

=== PRIMITIVE ===
ID: 18
StartHeadingNum: 8
Goal: i=1 j=-8 heading=7
Length: 8.178449
ExecutionTime(ticks): 82
TotalHeadingChange: 0.5456
BendingEnergy: 0.0552
---
Trajectory(x,y):
0.000 0.000
-0.102 -0.000
-0.204 -0.000
-0.307 -0.000
-0.409 -0.001
-0.511 -0.001
-0.613 -0.002
-0.716 -0.003
-0.818 -0.004
-0.920 -0.005
-1.022 -0.007
-1.124 -0.009
-1.227 -0.011
-1.329 -0.014
-1.431 -0.017
-1.533 -0.020
-1.635 -0.023
-1.738 -0.027
-1.840 -0.030
-1.942 -0.034
-2.044 -0.038
-2.146 -0.043
-2.248 -0.047
-2.351 -0.051
-2.453 -0.055
-2.555 -0.059
-2.657 -0.063
-2.759 -0.067
-2.861 -0.071
-2.963 -0.074
-3.066 -0.077
-3.168 -0.080
-3.270 -0.083
-3.372 -0.085
-3.474 -0.086
-3.577 -0.087
-3.679 -0.087
-3.781 -0.086
-3.883 -0.085
-3.986 -0.083
-4.088 -0.080
-4.190 -0.077
-4.292 -0.072
-4.394 -0.067
-4.496 -0.060
-4.598 -0.052
-4.700 -0.043
-4.802 -0.033
-4.903 -0.022
-5.005 -0.010
-5.106 0.004
-5.207 0.019
-5.308 0.036
-5.409 0.053
-5.509 0.072
-5.609 0.093
-5.709 0.115
-5.809 0.138
-5.908 0.162
-6.007 0.188
-6.105 0.216
-6.203 0.245
-6.301 0.275
-6.398 0.306
-6.495 0.339
-6.592 0.373
-6.688 0.408
-6.783 0.445
-6.878 0.482
-6.973 0.521
-7.067 0.561
-7.161 0.602
-7.254 0.643
-7.347 0.686
-7.440 0.729
-7.532 0.773
-7.624 0.817
-7.716 0.862
-7.808 0.908
-7.899 0.953
-7.991 0.999
---
CollisionFootprint(i, j, t_in, t_out):
0 0 0.000000 5.012765
0 -1 5.012765 15.041304
0 -2 15.041304 25.074857
0 -3 25.074857 35.106404
0 -4 35.106404 45.138953
0 -5 45.138953 55.255726
0 -6 55.255726 65.650233
0 -7 65.650233 70.169192
1 -7 70.169192 76.518995
1 -8 76.518995 82.000000
=== END ===

=== PRIMITIVE ===
ID: 19
StartHeadingNum: 12
Goal: i=-8 j=-1 heading=11
Length: 8.178449
ExecutionTime(ticks): 82
TotalHeadingChange: 0.5456
BendingEnergy: 0.0552
---
Trajectory(x,y):
0.000 0.000
0.000 -0.102
0.000 -0.204
0.000 -0.307
0.001 -0.409
0.001 -0.511
0.002 -0.613
0.003 -0.716
0.004 -0.818
0.005 -0.920
0.007 -1.022
0.009 -1.124
0.011 -1.227
0.014 -1.329
0.017 -1.431
0.020 -1.533
0.023 -1.635
0.027 -1.738
0.030 -1.840
0.034 -1.942
0.038 -2.044
0.043 -2.146
0.047 -2.248
0.051 -2.351
0.055 -2.453
0.059 -2.555
0.063 -2.657
0.067 -2.759
0.071 -2.861
0.074 -2.963
0.077 -3.066
0.080 -3.168
0.083 -3.270
0.085 -3.372
0.086 -3.474
0.087 -3.577
0.087 -3.679
0.086 -3.781
0.085 -3.883
0.083 -3.986
0.080 -4.088
0.077 -4.190
0.072 -4.292
0.067 -4.394
0.060 -4.496
0.052 -4.598
0.043 -4.700
0.033 -4.802
0.022 -4.903
0.010 -5.005
-0.004 -5.106
-0.019 -5.207
-0.036 -5.308
-0.053 -5.409
-0.072 -5.509
-0.093 -5.609
-0.115 -5.709
-0.138 -5.809
-0.162 -5.908
-0.188 -6.007
-0.216 -6.105
-0.245 -6.203
-0.275 -6.301
-0.306 -6.398
-0.339 -6.495
-0.373 -6.592
-0.408 -6.688
-0.445 -6.783
-0.482 -6.878
-0.521 -6.973
-0.561 -7.067
-0.602 -7.161
-0.643 -7.254
-0.686 -7.347
-0.729 -7.440
-0.773 -7.532
-0.817 -7.624
-0.862 -7.716
-0.908 -7.808
-0.953 -7.899
-0.999 -7.991
---
CollisionFootprint(i, j, t_in, t_out):
0 0 0.000000 5.012765
-1 0 5.012765 15.041304
-2 0 15.041304 25.074857
-3 0 25.074857 35.106404
-4 0 35.106404 45.138953
-5 0 45.138953 55.255726
-6 0 55.255726 65.650233
-7 0 65.650233 70.169192
-7 -1 70.169192 76.518995
-8 -1 76.518995 82.000000
=== END ===

=== PRIMITIVE ===
ID: 20
StartHeadingNum: 0
Goal: i=-2 j=8 heading=14
Length: 8.591510
ExecutionTime(ticks): 86
TotalHeadingChange: 0.8457
BendingEnergy: 0.1277
---
Trajectory(x,y):
0.000 0.000
0.102 0.000
0.205 0.000
0.307 0.000
0.409 0.001
0.511 0.001
0.614 0.002
0.716 0.003
0.818 0.004
0.920 0.005
1.023 0.007
1.125 0.009
1.227 0.011
1.330 0.013
1.432 0.015
1.534 0.018
1.636 0.021
1.739 0.024
1.841 0.027
1.943 0.030
2.045 0.033
2.147 0.036
2.250 0.039
2.352 0.042
2.454 0.045
2.556 0.047
2.659 0.050
2.761 0.051
2.863 0.053
2.965 0.054
3.068 0.054
3.170 0.054
3.272 0.053
3.375 0.051
3.477 0.048
3.579 0.045
3.681 0.040
3.783 0.035
3.885 0.028
3.987 0.020
4.089 0.011
4.191 0.001
4.293 -0.011
4.394 -0.024
4.495 -0.038
4.596 -0.054
4.697 -0.072
4.798 -0.091
4.898 -0.112
4.997 -0.135
5.097 -0.160
5.195 -0.186
5.294 -0.214
5.392 -0.244
5.489 -0.276
5.585 -0.310
5.681 -0.346
5.776 -0.383
5.871 -0.423
5.964 -0.464
6.057 -0.508
6.148 -0.553
6.239 -0.600
6.329 -0.649
6.418 -0.700
6.505 -0.752
6.592 -0.806
6.678 -0.862
6.762 -0.920
6.846 -0.979
6.928 -1.040
7.010 -1.102
7.090 -1.165
7.169 -1.230
7.248 -1.295
7.325 -1.362
7.401 -1.430
7.477 -1.499
7.552 -1.569
7.626 -1.639
7.700 -1.710
7.773 -1.781
7.846 -1.853
7.918 -1.925
7.991 -1.997
---
CollisionFootprint(i, j, t_in, t_out):
0 0 0.000000 5.004505
0 1 5.004505 15.016517
0 2 15.016517 25.030531
0 3 25.030531 35.041542
0 4 35.041542 45.094595
0 5 45.094595 55.404905
0 6 55.404905 61.252753
-1 6 61.252753 66.482983
-1 7 66.482983 78.849349
-2 7 78.849349 79.145646
-2 8 79.145646 86.000000
=== END ===

=== PRIMITIVE ===
ID: 21
StartHeadingNum: 4
Goal: i=8 j=2 heading=2
Length: 8.591510
ExecutionTime(ticks): 86
TotalHeadingChange: 0.8457
BendingEnergy: 0.1277
---
Trajectory(x,y):
0.000 0.000
-0.000 0.102
-0.000 0.205
-0.000 0.307
-0.001 0.409
-0.001 0.511
-0.002 0.614
-0.003 0.716
-0.004 0.818
-0.005 0.920
-0.007 1.023
-0.009 1.125
-0.011 1.227
-0.013 1.330
-0.015 1.432
-0.018 1.534
-0.021 1.636
-0.024 1.739
-0.027 1.841
-0.030 1.943
-0.033 2.045
-0.036 2.147
-0.039 2.250
-0.042 2.352
-0.045 2.454
-0.047 2.556
-0.050 2.659
-0.051 2.761
-0.053 2.863
-0.054 2.965
-0.054 3.068
-0.054 3.170
-0.053 3.272
-0.051 3.375
-0.048 3.477
-0.045 3.579
-0.040 3.681
-0.035 3.783
-0.028 3.885
-0.020 3.987
-0.011 4.089
-0.001 4.191
0.011 4.293
0.024 4.394
0.038 4.495
0.054 4.596
0.072 4.697
0.091 4.798
0.112 4.898
0.135 4.997
0.160 5.097
0.186 5.195
0.214 5.294
0.244 5.392
0.276 5.489
0.310 5.585
0.346 5.681
0.383 5.776
0.423 5.871
0.464 5.964
0.508 6.057
0.553 6.148
0.600 6.239
0.649 6.329
0.700 6.418
0.752 6.505
0.806 6.592
0.862 6.678
0.920 6.762
0.979 6.846
1.040 6.928
1.102 7.010
1.165 7.090
1.230 7.169
1.295 7.248
1.362 7.325
1.430 7.401
1.499 7.477
1.569 7.552
1.639 7.626
1.710 7.700
1.781 7.773
1.853 7.846
1.925 7.918
1.997 7.991
---
CollisionFootprint(i, j, t_in, t_out):
0 0 0.000000 5.004505
1 0 5.004505 15.016517
2 0 15.016517 25.030531
3 0 25.030531 35.041542
4 0 35.041542 45.094595
5 0 45.094595 55.404905
6 0 55.404905 61.252753
6 1 61.252753 66.482983
7 1 66.482983 78.849349
7 2 78.849349 79.145646
8 2 79.145646 86.000000
=== END ===

=== PRIMITIVE ===
ID: 22
StartHeadingNum: 8
Goal: i=2 j=-8 heading=6
Length: 8.591510
ExecutionTime(ticks): 86
TotalHeadingChange: 0.8457
BendingEnergy: 0.1277
---
Trajectory(x,y):
0.000 0.000
-0.102 -0.000
-0.205 -0.000
-0.307 -0.000
-0.409 -0.001
-0.511 -0.001
-0.614 -0.002
-0.716 -0.003
-0.818 -0.004
-0.920 -0.005
-1.023 -0.007
-1.125 -0.009
-1.227 -0.011
-1.330 -0.013
-1.432 -0.015
-1.534 -0.018
-1.636 -0.021
-1.739 -0.024
-1.841 -0.027
-1.943 -0.030
-2.045 -0.033
-2.147 -0.036
-2.250 -0.039
-2.352 -0.042
-2.454 -0.045
-2.556 -0.047
-2.659 -0.050
-2.761 -0.051
-2.863 -0.053
-2.965 -0.054
-3.068 -0.054
-3.170 -0.054
-3.272 -0.053
-3.375 -0.051
-3.477 -0.048
-3.579 -0.045
-3.681 -0.040
-3.783 -0.035
-3.885 -0.028
-3.987 -0.020
-4.089 -0.011
-4.191 -0.001
-4.293 0.011
-4.394 0.024
-4.495 0.038
-4.596 0.054
-4.697 0.072
-4.798 0.091
-4.898 0.112
-4.997 0.135
-5.097 0.160
-5.195 0.186
-5.294 0.214
-5.392 0.244
-5.489 0.276
-5.585 0.310
-5.681 0.346
-5.776 0.383
-5.871 0.423
-5.964 0.464
-6.057 0.508
-6.148 0.553
-6.239 0.600
-6.329 0.649
-6.418 0.700
-6.505 0.752
-6.592 0.806
-6.678 0.862
-6.762 0.920
-6.846 0.979
-6.928 1.040
-7.010 1.102
-7.090 1.165
-7.169 1.230
-7.248 1.295
-7.325 1.362
-7.401 1.430
-7.477 1.499
-7.552 1.569
-7.626 1.639
-7.700 1.710
-7.773 1.781
-7.846 1.853
-7.918 1.925
-7.991 1.997
---
CollisionFootprint(i, j, t_in, t_out):
0 0 0.000000 5.004505
0 -1 5.004505 15.016517
0 -2 15.016517 25.030531
0 -3 25.030531 35.041542
0 -4 35.041542 45.094595
0 -5 45.094595 55.404905
0 -6 55.404905 61.252753
1 -6 61.252753 66.482983
1 -7 66.482983 78.849349
2 -7 78.849349 79.145646
2 -8 79.145646 86.000000
=== END ===

=== PRIMITIVE ===
ID: 23
StartHeadingNum: 12
Goal: i=-8 j=-2 heading=10
Length: 8.591510
ExecutionTime(ticks): 86
TotalHeadingChange: 0.8457
BendingEnergy: 0.1277
---
Trajectory(x,y):
0.000 0.000
0.000 -0.102
0.000 -0.205
0.000 -0.307
0.001 -0.409
0.001 -0.511
0.002 -0.614
0.003 -0.716
0.004 -0.818
0.005 -0.920
0.007 -1.023
0.009 -1.125
0.011 -1.227
0.013 -1.330
0.015 -1.432
0.018 -1.534
0.021 -1.636
0.024 -1.739
0.027 -1.841
0.030 -1.943
0.033 -2.045
0.036 -2.147
0.039 -2.250
0.042 -2.352
0.045 -2.454
0.047 -2.556
0.050 -2.659
0.051 -2.761
0.053 -2.863
0.054 -2.965
0.054 -3.068
0.054 -3.170
0.053 -3.272
0.051 -3.375
0.048 -3.477
0.045 -3.579
0.040 -3.681
0.035 -3.783
0.028 -3.885
0.020 -3.987
0.011 -4.089
0.001 -4.191
-0.011 -4.293
-0.024 -4.394
-0.038 -4.495
-0.054 -4.596
-0.072 -4.697
-0.091 -4.798
-0.112 -4.898
-0.135 -4.997
-0.160 -5.097
-0.186 -5.195
-0.214 -5.294
-0.244 -5.392
-0.276 -5.489
-0.310 -5.585
-0.346 -5.681
-0.383 -5.776
-0.423 -5.871
-0.464 -5.964
-0.508 -6.057
-0.553 -6.148
-0.600 -6.239
-0.649 -6.329
-0.700 -6.418
-0.752 -6.505
-0.806 -6.592
-0.862 -6.678
-0.920 -6.762
-0.979 -6.846
-1.040 -6.928
-1.102 -7.010
-1.165 -7.090
-1.230 -7.169
-1.295 -7.248
-1.362 -7.325
-1.430 -7.401
-1.499 -7.477
-1.569 -7.552
-1.639 -7.626
-1.710 -7.700
-1.781 -7.773
-1.853 -7.846
-1.925 -7.918
-1.997 -7.991
---
CollisionFootprint(i, j, t_in, t_out):
0 0 0.000000 5.004505
-1 0 5.004505 15.016517
-2 0 15.016517 25.030531
-3 0 25.030531 35.041542
-4 0 35.041542 45.094595
-5 0 45.094595 55.404905
-6 0 55.404905 61.252753
-6 -1 61.252753 66.482983
-7 -1 66.482983 78.849349
-7 -2 78.849349 79.145646
-8 -2 79.145646 86.000000
=== END ===

=== PRIMITIVE ===
ID: 24
StartHeadingNum: 0
Goal: i=-4 j=7 heading=13
Length: 8.687496
ExecutionTime(ticks): 87
TotalHeadingChange: 1.1057
BendingEnergy: 0.1710
---
Trajectory(x,y):
0.000 0.000
0.102 -0.000
0.204 -0.000
0.307 -0.000
0.409 -0.001
0.511 -0.001
0.613 -0.002
0.715 -0.004
0.818 -0.006
0.920 -0.008
1.022 -0.011
1.124 -0.014
1.226 -0.019
1.328 -0.024
1.430 -0.030
1.532 -0.036
1.634 -0.044
1.736 -0.053
1.838 -0.062
1.939 -0.073
2.041 -0.085
2.142 -0.098
2.243 -0.113
2.344 -0.129
2.445 -0.146
2.546 -0.164
2.646 -0.184
2.746 -0.205
2.846 -0.228
2.945 -0.253
3.044 -0.279
3.142 -0.306
3.240 -0.335
3.337 -0.366
3.434 -0.399
3.531 -0.433
3.626 -0.469
3.721 -0.507
3.816 -0.546
3.909 -0.587
4.002 -0.630
4.094 -0.675
4.185 -0.722
4.275 -0.770
4.364 -0.820
4.452 -0.872
4.539 -0.925
4.625 -0.980
4.710 -1.037
4.794 -1.096
4.876 -1.156
4.958 -1.218
5.038 -1.281
5.117 -1.346
5.194 -1.413
5.270 -1.481
5.345 -1.551
5.419 -1.622
5.491 -1.694
5.562 -1.768
5.631 -1.843
5.699 -1.919
5.766 -1.996
5.831 -2.075
5.895 -2.155
5.958 -2.235
6.019 -2.317
6.079 -2.400
6.138 -2.483
6.196 -2.568
6.252 -2.653
6.307 -2.739
6.361 -2.826
6.414 -2.913
6.466 -3.001
6.517 -3.090
6.567 -3.179
6.617 -3.268
6.665 -3.358
6.713 -3.449
6.761 -3.539
6.808 -3.630
6.854 -3.721
6.900 -3.812
6.946 -3.904
6.992 -3.995
---
CollisionFootprint(i, j, t_in, t_out):
0 0 0.000000 5.006809
0 1 5.006809 15.028438
0 2 15.028438 25.122173
0 3 25.122173 35.497318
0 4 35.497318 37.693524
-1 4 37.693524 46.620555
-1 5 46.620555 56.574085
-2 5 56.574085 59.493347
-2 6 59.493347 69.800393
-3 6 69.800393 76.416050
-3 7 76.416050 81.439383
-4 7 81.439383 87.000000
=== END ===

=== PRIMITIVE ===
ID: 25
StartHeadingNum: 4
Goal: i=7 j=4 heading=1
Length: 8.687496
ExecutionTime(ticks): 87
TotalHeadingChange: 1.1057
BendingEnergy: 0.1710
---
Trajectory(x,y):
0.000 0.000
0.000 0.102
0.000 0.204
0.000 0.307
0.001 0.409
0.001 0.511
0.002 0.613
0.004 0.715
0.006 0.818
0.008 0.920
0.011 1.022
0.014 1.124
0.019 1.226
0.024 1.328
0.030 1.430
0.036 1.532
0.044 1.634
0.053 1.736
0.062 1.838
0.073 1.939
0.085 2.041
0.098 2.142
0.113 2.243
0.129 2.344
0.146 2.445
0.164 2.546
0.184 2.646
0.205 2.746
0.228 2.846
0.253 2.945
0.279 3.044
0.306 3.142
0.335 3.240
0.366 3.337
0.399 3.434
0.433 3.531
0.469 3.626
0.507 3.721
0.546 3.816
0.587 3.909
0.630 4.002
0.675 4.094
0.722 4.185
0.770 4.275
0.820 4.364
0.872 4.452
0.925 4.539
0.980 4.625
1.037 4.710
1.096 4.794
1.156 4.876
1.218 4.958
1.281 5.038
1.346 5.117
1.413 5.194
1.481 5.270
1.551 5.345
1.622 5.419
1.694 5.491
1.768 5.562
1.843 5.631
1.919 5.699
1.996 5.766
2.075 5.831
2.155 5.895
2.235 5.958
2.317 6.019
2.400 6.079
2.483 6.138
2.568 6.196
2.653 6.252
2.739 6.307
2.826 6.361
2.913 6.414
3.001 6.466
3.090 6.517
3.179 6.567
3.268 6.617
3.358 6.665
3.449 6.713
3.539 6.761
3.630 6.808
3.721 6.854
3.812 6.900
3.904 6.946
3.995 6.992
---
CollisionFootprint(i, j, t_in, t_out):
0 0 0.000000 5.006809
1 0 5.006809 15.028438
2 0 15.028438 25.122173
3 0 25.122173 35.497318
4 0 35.497318 37.693524
4 1 37.693524 46.620555
5 1 46.620555 56.574085
5 2 56.574085 59.493347
6 2 59.493347 69.800393
6 3 69.800393 76.416050
7 3 76.416050 81.439383
7 4 81.439383 87.000000
=== END ===

=== PRIMITIVE ===
ID: 26
StartHeadingNum: 8
Goal: i=4 j=-7 heading=5
Length: 8.687496
ExecutionTime(ticks): 87
TotalHeadingChange: 1.1057
BendingEnergy: 0.1710
---
Trajectory(x,y):
0.000 0.000
-0.102 0.000
-0.204 0.000
-0.307 0.000
-0.409 0.001
-0.511 0.001
-0.613 0.002
-0.715 0.004
-0.818 0.006
-0.920 0.008
-1.022 0.011
-1.124 0.014
-1.226 0.019
-1.328 0.024
-1.430 0.030
-1.532 0.036
-1.634 0.044
-1.736 0.053
-1.838 0.062
-1.939 0.073
-2.041 0.085
-2.142 0.098
-2.243 0.113
-2.344 0.129
-2.445 0.146
-2.546 0.164
-2.646 0.184
-2.746 0.205
-2.846 0.228
-2.945 0.253
-3.044 0.279
-3.142 0.306
-3.240 0.335
-3.337 0.366
-3.434 0.399
-3.531 0.433
-3.626 0.469
-3.721 0.507
-3.816 0.546
-3.909 0.587
-4.002 0.630
-4.094 0.675
-4.185 0.722
-4.275 0.770
-4.364 0.820
-4.452 0.872
-4.539 0.925
-4.625 0.980
-4.710 1.037
-4.794 1.096
-4.876 1.156
-4.958 1.218
-5.038 1.281
-5.117 1.346
-5.194 1.413
-5.270 1.481
-5.345 1.551
-5.419 1.622
-5.491 1.694
-5.562 1.768
-5.631 1.843
-5.699 1.919
-5.766 1.996
-5.831 2.075
-5.895 2.155
-5.958 2.235
-6.019 2.317
-6.079 2.400
-6.138 2.483
-6.196 2.568
-6.252 2.653
-6.307 2.739
-6.361 2.826
-6.414 2.913
-6.466 3.001
-6.517 3.090
-6.567 3.179
-6.617 3.268
-6.665 3.358
-6.713 3.449
-6.761 3.539
-6.808 3.630
-6.854 3.721
-6.900 3.812
-6.946 3.904
-6.992 3.995
---
CollisionFootprint(i, j, t_in, t_out):
0 0 0.000000 5.006809
0 -1 5.006809 15.028438
0 -2 15.028438 25.122173
0 -3 25.122173 35.497318
0 -4 35.497318 37.693524
1 -4 37.693524 46.620555
1 -5 46.620555 56.574085
2 -5 56.574085 59.493347
2 -6 59.493347 69.800393
3 -6 69.800393 76.416050
3 -7 76.416050 81.439383
4 -7 81.439383 87.000000
=== END ===

=== PRIMITIVE ===
ID: 27
StartHeadingNum: 12
Goal: i=-7 j=-4 heading=9
Length: 8.687496
ExecutionTime(ticks): 87
TotalHeadingChange: 1.1057
BendingEnergy: 0.1710
---
Trajectory(x,y):
0.000 0.000
-0.000 -0.102
-0.000 -0.204
-0.000 -0.307
-0.001 -0.409
-0.001 -0.511
-0.002 -0.613
-0.004 -0.715
-0.006 -0.818
-0.008 -0.920
-0.011 -1.022
-0.014 -1.124
-0.019 -1.226
-0.024 -1.328
-0.030 -1.430
-0.036 -1.532
-0.044 -1.634
-0.053 -1.736
-0.062 -1.838
-0.073 -1.939
-0.085 -2.041
-0.098 -2.142
-0.113 -2.243
-0.129 -2.344
-0.146 -2.445
-0.164 -2.546
-0.184 -2.646
-0.205 -2.746
-0.228 -2.846
-0.253 -2.945
-0.279 -3.044
-0.306 -3.142
-0.335 -3.240
-0.366 -3.337
-0.399 -3.434
-0.433 -3.531
-0.469 -3.626
-0.507 -3.721
-0.546 -3.816
-0.587 -3.909
-0.630 -4.002
-0.675 -4.094
-0.722 -4.185
-0.770 -4.275
-0.820 -4.364
-0.872 -4.452
-0.925 -4.539
-0.980 -4.625
-1.037 -4.710
-1.096 -4.794
-1.156 -4.876
-1.218 -4.958
-1.281 -5.038
-1.346 -5.117
-1.413 -5.194
-1.481 -5.270
-1.551 -5.345
-1.622 -5.419
-1.694 -5.491
-1.768 -5.562
-1.843 -5.631
-1.919 -5.699
-1.996 -5.766
-2.075 -5.831
-2.155 -5.895
-2.235 -5.958
-2.317 -6.019
-2.400 -6.079
-2.483 -6.138
-2.568 -6.196
-2.653 -6.252
-2.739 -6.307
-2.826 -6.361
-2.913 -6.414
-3.001 -6.466
-3.090 -6.517
-3.179 -6.567
-3.268 -6.617
-3.358 -6.665
-3.449 -6.713
-3.539 -6.761
-3.630 -6.808
-3.721 -6.854
-3.812 -6.900
-3.904 -6.946
-3.995 -6.992
---
CollisionFootprint(i, j, t_in, t_out):
0 0 0.000000 5.006809
-1 0 5.006809 15.028438
-2 0 15.028438 25.122173
-3 0 25.122173 35.497318
-4 0 35.497318 37.693524
-4 -1 37.693524 46.620555
-5 -1 46.620555 56.574085
-5 -2 56.574085 59.493347
-6 -2 59.493347 69.800393
-6 -3 69.800393 76.416050
-7 -3 76.416050 81.439383
-7 -4 81.439383 87.000000
=== END ===

=== PRIMITIVE ===
ID: 28
StartHeadingNum: 2
Goal: i=6 j=6 heading=2
Length: 8.475826
ExecutionTime(ticks): 85
TotalHeadingChange: 0.0000
BendingEnergy: 0.0000
---
Trajectory(x,y):
0.000 0.000
0.072 0.072
0.144 0.144
0.217 0.217
0.289 0.289
0.361 0.361
0.433 0.433
0.505 0.505
0.578 0.578
0.650 0.650
0.722 0.722
0.794 0.794
0.867 0.867
0.939 0.939
1.011 1.011
1.083 1.083
1.155 1.155
1.228 1.228
1.300 1.300
1.372 1.372
1.444 1.444
1.516 1.516
1.589 1.589
1.661 1.661
1.733 1.733
1.805 1.805
1.877 1.877
1.950 1.950
2.022 2.022
2.094 2.094
2.166 2.166
2.238 2.238
2.311 2.311
2.383 2.383
2.455 2.455
2.527 2.527
2.600 2.600
2.672 2.672
2.744 2.744
2.816 2.816
2.888 2.888
2.961 2.961
3.033 3.033
3.105 3.105
3.177 3.177
3.249 3.249
3.322 3.322
3.394 3.394
3.466 3.466
3.538 3.538
3.610 3.610
3.683 3.683
3.755 3.755
3.827 3.827
3.899 3.899
3.971 3.971
4.044 4.044
4.116 4.116
4.188 4.188
4.260 4.260
4.333 4.333
4.405 4.405
4.477 4.477
4.549 4.549
4.621 4.621
4.694 4.694
4.766 4.766
4.838 4.838
4.910 4.910
4.982 4.982
5.055 5.055
5.127 5.127
5.199 5.199
5.271 5.271
5.343 5.343
5.416 5.416
5.488 5.488
5.560 5.560
5.632 5.632
5.704 5.704
5.777 5.777
5.849 5.849
5.921 5.921
5.993 5.993
---
CollisionFootprint(i, j, t_in, t_out):
0 0 0.000000 7.090771
1 1 7.090771 21.273317
2 2 21.273317 35.455862
3 3 35.455862 49.638407
4 4 49.638407 63.820953
5 5 63.820953 78.003498
6 6 78.003498 85.000000
=== END ===

=== PRIMITIVE ===
ID: 29
StartHeadingNum: 6
Goal: i=6 j=-6 heading=6
Length: 8.475826
ExecutionTime(ticks): 85
TotalHeadingChange: 0.0000
BendingEnergy: 0.0000
---
Trajectory(x,y):
0.000 0.000
-0.072 0.072
-0.144 0.144
-0.217 0.217
-0.289 0.289
-0.361 0.361
-0.433 0.433
-0.505 0.505
-0.578 0.578
-0.650 0.650
-0.722 0.722
-0.794 0.794
-0.867 0.867
-0.939 0.939
-1.011 1.011
-1.083 1.083
-1.155 1.155
-1.228 1.228
-1.300 1.300
-1.372 1.372
-1.444 1.444
-1.516 1.516
-1.589 1.589
-1.661 1.661
-1.733 1.733
-1.805 1.805
-1.877 1.877
-1.950 1.950
-2.022 2.022
-2.094 2.094
-2.166 2.166
-2.238 2.238
-2.311 2.311
-2.383 2.383
-2.455 2.455
-2.527 2.527
-2.600 2.600
-2.672 2.672
-2.744 2.744
-2.816 2.816
-2.888 2.888
-2.961 2.961
-3.033 3.033
-3.105 3.105
-3.177 3.177
-3.249 3.249
-3.322 3.322
-3.394 3.394
-3.466 3.466
-3.538 3.538
-3.610 3.610
-3.683 3.683
-3.755 3.755
-3.827 3.827
-3.899 3.899
-3.971 3.971
-4.044 4.044
-4.116 4.116
-4.188 4.188
-4.260 4.260
-4.333 4.333
-4.405 4.405
-4.477 4.477
-4.549 4.549
-4.621 4.621
-4.694 4.694
-4.766 4.766
-4.838 4.838
-4.910 4.910
-4.982 4.982
-5.055 5.055
-5.127 5.127
-5.199 5.199
-5.271 5.271
-5.343 5.343
-5.416 5.416
-5.488 5.488
-5.560 5.560
-5.632 5.632
-5.704 5.704
-5.777 5.777
-5.849 5.849
-5.921 5.921
-5.993 5.993
---
CollisionFootprint(i, j, t_in, t_out):
0 0 0.000000 7.090771
1 -1 7.090771 21.273317
2 -2 21.273317 35.455862
3 -3 35.455862 49.638407
4 -4 49.638407 63.820953
5 -5 63.820953 78.003498
6 -6 78.003498 85.000000
=== END ===

=== PRIMITIVE ===
ID: 30
StartHeadingNum: 10
Goal: i=-6 j=-6 heading=10
Length: 8.475826
ExecutionTime(ticks): 85
TotalHeadingChange: 0.0000
BendingEnergy: 0.0000
---
Trajectory(x,y):
0.000 0.000
-0.072 -0.072
-0.144 -0.144
-0.217 -0.217
-0.289 -0.289
-0.361 -0.361
-0.433 -0.433
-0.505 -0.505
-0.578 -0.578
-0.650 -0.650
-0.722 -0.722
-0.794 -0.794
-0.867 -0.867
-0.939 -0.939
-1.011 -1.011
-1.083 -1.083
-1.155 -1.155
-1.228 -1.228
-1.300 -1.300
-1.372 -1.372
-1.444 -1.444
-1.516 -1.516
-1.589 -1.589
-1.661 -1.661
-1.733 -1.733
-1.805 -1.805
-1.877 -1.877
-1.950 -1.950
-2.022 -2.022
-2.094 -2.094
-2.166 -2.166
-2.238 -2.238
-2.311 -2.311
-2.383 -2.383
-2.455 -2.455
-2.527 -2.527
-2.600 -2.600
-2.672 -2.672
-2.744 -2.744
-2.816 -2.816
-2.888 -2.888
-2.961 -2.961
-3.033 -3.033
-3.105 -3.105
-3.177 -3.177
-3.249 -3.249
-3.322 -3.322
-3.394 -3.394
-3.466 -3.466
-3.538 -3.538
-3.610 -3.610
-3.683 -3.683
-3.755 -3.755
-3.827 -3.827
-3.899 -3.899
-3.971 -3.971
-4.044 -4.044
-4.116 -4.116
-4.188 -4.188
-4.260 -4.260
-4.333 -4.333
-4.405 -4.405
-4.477 -4.477
-4.549 -4.549
-4.621 -4.621
-4.694 -4.694
-4.766 -4.766
-4.838 -4.838
-4.910 -4.910
-4.982 -4.982
-5.055 -5.055
-5.127 -5.127
-5.199 -5.199
-5.271 -5.271
-5.343 -5.343
-5.416 -5.416
-5.488 -5.488
-5.560 -5.560
-5.632 -5.632
-5.704 -5.704
-5.777 -5.777
-5.849 -5.849
-5.921 -5.921
-5.993 -5.993
---
CollisionFootprint(i, j, t_in, t_out):
0 0 0.000000 7.090771
-1 -1 7.090771 21.273317
-2 -2 21.273317 35.455862
-3 -3 35.455862 49.638407
-4 -4 49.638407 63.820953
-5 -5 63.820953 78.003498
-6 -6 78.003498 85.000000
=== END ===

=== PRIMITIVE ===
ID: 31
StartHeadingNum: 14
Goal: i=-6 j=6 heading=14
Length: 8.475826
ExecutionTime(ticks): 85
TotalHeadingChange: 0.0000
BendingEnergy: 0.0000
---
Trajectory(x,y):
0.000 0.000
0.072 -0.072
0.144 -0.144
0.217 -0.217
0.289 -0.289
0.361 -0.361
0.433 -0.433
0.505 -0.505
0.578 -0.578
0.650 -0.650
0.722 -0.722
0.794 -0.794
0.867 -0.867
0.939 -0.939
1.011 -1.011
1.083 -1.083
1.155 -1.155
1.228 -1.228
1.300 -1.300
1.372 -1.372
1.444 -1.444
1.516 -1.516
1.589 -1.589
1.661 -1.661
1.733 -1.733
1.805 -1.805
1.877 -1.877
1.950 -1.950
2.022 -2.022
2.094 -2.094
2.166 -2.166
2.238 -2.238
2.311 -2.311
2.383 -2.383
2.455 -2.455
2.527 -2.527
2.600 -2.600
2.672 -2.672
2.744 -2.744
2.816 -2.816
2.888 -2.888
2.961 -2.961
3.033 -3.033
3.105 -3.105
3.177 -3.177
3.249 -3.249
3.322 -3.322
3.394 -3.394
3.466 -3.466
3.538 -3.538
3.610 -3.610
3.683 -3.683
3.755 -3.755
3.827 -3.827
3.899 -3.899
3.971 -3.971
4.044 -4.044
4.116 -4.116
4.188 -4.188
4.260 -4.260
4.333 -4.333
4.405 -4.405
4.477 -4.477
4.549 -4.549
4.621 -4.621
4.694 -4.694
4.766 -4.766
4.838 -4.838
4.910 -4.910
4.982 -4.982
5.055 -5.055
5.127 -5.127
5.199 -5.199
5.271 -5.271
5.343 -5.343
5.416 -5.416
5.488 -5.488
5.560 -5.560
5.632 -5.632
5.704 -5.704
5.777 -5.777
5.849 -5.849
5.921 -5.921
5.993 -5.993
---
CollisionFootprint(i, j, t_in, t_out):
0 0 0.000000 7.090771
-1 1 7.090771 21.273317
-2 2 21.273317 35.455862
-3 3 35.455862 49.638407
-4 4 49.638407 63.820953
-5 5 63.820953 78.003498
-6 6 78.003498 85.000000
=== END ===

=== PRIMITIVE ===
ID: 32
StartHeadingNum: 2
Goal: i=7 j=2 heading=5
Length: 8.030110
ExecutionTime(ticks): 80
TotalHeadingChange: 1.2472
BendingEnergy: 0.2589
---
Trajectory(x,y):
0.000 0.000
0.072 0.072
0.144 0.144
0.216 0.216
0.287 0.288
0.359 0.360
0.431 0.432
0.502 0.504
0.574 0.576
0.645 0.649
0.716 0.722
0.787 0.795
0.857 0.868
0.927 0.942
0.997 1.016
1.066 1.090
1.135 1.165
1.203 1.240
1.271 1.316
1.338 1.392
1.404 1.470
1.469 1.547
1.534 1.626
1.598 1.705
1.661 1.785
1.722 1.866
1.783 1.947
1.842 2.030
1.901 2.113
1.957 2.197
2.013 2.283
2.067 2.369
2.119 2.456
2.170 2.544
2.218 2.633
2.266 2.723
2.311 2.814
2.354 2.906
2.395 2.999
2.434 3.093
2.471 3.188
2.505 3.283
2.538 3.380
2.567 3.477
2.595 3.575
2.619 3.674
2.641 3.773
2.661 3.872
2.678 3.973
2.692 4.073
2.704 4.174
2.712 4.276
2.718 4.377
2.721 4.479
2.722 4.580
2.719 4.682
2.714 4.783
2.706 4.885
2.696 4.986
2.682 5.087
2.667 5.187
2.648 5.287
2.628 5.387
2.604 5.486
2.579 5.584
2.551 5.682
2.521 5.779
2.489 5.875
2.456 5.971
2.420 6.067
2.383 6.161
2.344 6.255
2.304 6.349
2.263 6.441
2.220 6.534
2.177 6.626
2.133 6.717
2.088 6.809
2.043 6.900
1.998 6.991
---
CollisionFootprint(i, j, t_in, t_out):
0 0 0.000000 7.032130
1 0 7.032130 7.057036
1 1 7.057036 20.651059
2 1 20.651059 21.742964
2 2 21.742964 32.913076
3 2 32.913076 41.357410
3 3 41.357410 43.782316
4 3 43.782316 53.883437
5 3 53.883437 63.945704
6 3 63.945704 67.520299
6 2 67.520299 74.565878
7 2 74.565878 80.000000
=== END ===

=== PRIMITIVE ===
ID: 33
StartHeadingNum: 6
Goal: i=2 j=-7 heading=9
Length: 8.030110
ExecutionTime(ticks): 80
TotalHeadingChange: 1.2472
BendingEnergy: 0.2589
---
Trajectory(x,y):
0.000 0.000
-0.072 0.072
-0.144 0.144
-0.216 0.216
-0.288 0.287
-0.360 0.359
-0.432 0.431
-0.504 0.502
-0.576 0.574
-0.649 0.645
-0.722 0.716
-0.795 0.787
-0.868 0.857
-0.942 0.927
-1.016 0.997
-1.090 1.066
-1.165 1.135
-1.240 1.203
-1.316 1.271
-1.392 1.338
-1.470 1.404
-1.547 1.469
-1.626 1.534
-1.705 1.598
-1.785 1.661
-1.866 1.722
-1.947 1.783
-2.030 1.842
-2.113 1.901
-2.197 1.957
-2.283 2.013
-2.369 2.067
-2.456 2.119
-2.544 2.170
-2.633 2.218
-2.723 2.266
-2.814 2.311
-2.906 2.354
-2.999 2.395
-3.093 2.434
-3.188 2.471
-3.283 2.505
-3.380 2.538
-3.477 2.567
-3.575 2.595
-3.674 2.619
-3.773 2.641
-3.872 2.661
-3.973 2.678
-4.073 2.692
-4.174 2.704
-4.276 2.712
-4.377 2.718
-4.479 2.721
-4.580 2.722
-4.682 2.719
-4.783 2.714
-4.885 2.706
-4.986 2.696
-5.087 2.682
-5.187 2.667
-5.287 2.648
-5.387 2.628
-5.486 2.604
-5.584 2.579
-5.682 2.551
-5.779 2.521
-5.875 2.489
-5.971 2.456
-6.067 2.420
-6.161 2.383
-6.255 2.344
-6.349 2.304
-6.441 2.263
-6.534 2.220
-6.626 2.177
-6.717 2.133
-6.809 2.088
-6.900 2.043
-6.991 1.998
---
CollisionFootprint(i, j, t_in, t_out):
0 0 0.000000 7.032130
0 -1 7.032130 7.057036
1 -1 7.057036 20.651059
1 -2 20.651059 21.742964
2 -2 21.742964 32.913076
2 -3 32.913076 41.357410
3 -3 41.357410 43.782316
3 -4 43.782316 53.883437
3 -5 53.883437 63.945704
3 -6 63.945704 67.520299
2 -6 67.520299 74.565878
2 -7 74.565878 80.000000
=== END ===

=== PRIMITIVE ===
ID: 34
StartHeadingNum: 10
Goal: i=-7 j=-2 heading=13
Length: 8.030110
ExecutionTime(ticks): 80
TotalHeadingChange: 1.2472
BendingEnergy: 0.2589
---
Trajectory(x,y):
0.000 0.000
-0.072 -0.072
-0.144 -0.144
-0.216 -0.216
-0.287 -0.288
-0.359 -0.360
-0.431 -0.432
-0.502 -0.504
-0.574 -0.576
-0.645 -0.649
-0.716 -0.722
-0.787 -0.795
-0.857 -0.868
-0.927 -0.942
-0.997 -1.016
-1.066 -1.090
-1.135 -1.165
-1.203 -1.240
-1.271 -1.316
-1.338 -1.392
-1.404 -1.470
-1.469 -1.547
-1.534 -1.626
-1.598 -1.705
-1.661 -1.785
-1.722 -1.866
-1.783 -1.947
-1.842 -2.030
-1.901 -2.113
-1.957 -2.197
-2.013 -2.283
-2.067 -2.369
-2.119 -2.456
-2.170 -2.544
-2.218 -2.633
-2.266 -2.723
-2.311 -2.814
-2.354 -2.906
-2.395 -2.999
-2.434 -3.093
-2.471 -3.188
-2.505 -3.283
-2.538 -3.380
-2.567 -3.477
-2.595 -3.575
-2.619 -3.674
-2.641 -3.773
-2.661 -3.872
-2.678 -3.973
-2.692 -4.073
-2.704 -4.174
-2.712 -4.276
-2.718 -4.377
-2.721 -4.479
-2.722 -4.580
-2.719 -4.682
-2.714 -4.783
-2.706 -4.885
-2.696 -4.986
-2.682 -5.087
-2.667 -5.187
-2.648 -5.287
-2.628 -5.387
-2.604 -5.486
-2.579 -5.584
-2.551 -5.682
-2.521 -5.779
-2.489 -5.875
-2.456 -5.971
-2.420 -6.067
-2.383 -6.161
-2.344 -6.255
-2.304 -6.349
-2.263 -6.441
-2.220 -6.534
-2.177 -6.626
-2.133 -6.717
-2.088 -6.809
-2.043 -6.900
-1.998 -6.991
---
CollisionFootprint(i, j, t_in, t_out):
0 0 0.000000 7.032130
-1 0 7.032130 7.057036
-1 -1 7.057036 20.651059
-2 -1 20.651059 21.742964
-2 -2 21.742964 32.913076
-3 -2 32.913076 41.357410
-3 -3 41.357410 43.782316
-4 -3 43.782316 53.883437
-5 -3 53.883437 63.945704
-6 -3 63.945704 67.520299
-6 -2 67.520299 74.565878
-7 -2 74.565878 80.000000
=== END ===

=== PRIMITIVE ===
ID: 35
StartHeadingNum: 14
Goal: i=-2 j=7 heading=1
Length: 8.030110
ExecutionTime(ticks): 80
TotalHeadingChange: 1.2472
BendingEnergy: 0.2589
---
Trajectory(x,y):
0.000 0.000
0.072 -0.072
0.144 -0.144
0.216 -0.216
0.288 -0.287
0.360 -0.359
0.432 -0.431
0.504 -0.502
0.576 -0.574
0.649 -0.645
0.722 -0.716
0.795 -0.787
0.868 -0.857
0.942 -0.927
1.016 -0.997
1.090 -1.066
1.165 -1.135
1.240 -1.203
1.316 -1.271
1.392 -1.338
1.470 -1.404
1.547 -1.469
1.626 -1.534
1.705 -1.598
1.785 -1.661
1.866 -1.722
1.947 -1.783
2.030 -1.842
2.113 -1.901
2.197 -1.957
2.283 -2.013
2.369 -2.067
2.456 -2.119
2.544 -2.170
2.633 -2.218
2.723 -2.266
2.814 -2.311
2.906 -2.354
2.999 -2.395
3.093 -2.434
3.188 -2.471
3.283 -2.505
3.380 -2.538
3.477 -2.567
3.575 -2.595
3.674 -2.619
3.773 -2.641
3.872 -2.661
3.973 -2.678
4.073 -2.692
4.174 -2.704
4.276 -2.712
4.377 -2.718
4.479 -2.721
4.580 -2.722
4.682 -2.719
4.783 -2.714
4.885 -2.706
4.986 -2.696
5.087 -2.682
5.187 -2.667
5.287 -2.648
5.387 -2.628
5.486 -2.604
5.584 -2.579
5.682 -2.551
5.779 -2.521
5.875 -2.489
5.971 -2.456
6.067 -2.420
6.161 -2.383
6.255 -2.344
6.349 -2.304
6.441 -2.263
6.534 -2.220
6.626 -2.177
6.717 -2.133
6.809 -2.088
6.900 -2.043
6.991 -1.998
---
CollisionFootprint(i, j, t_in, t_out):
0 0 0.000000 7.032130
0 1 7.032130 7.057036
-1 1 7.057036 20.651059
-1 2 20.651059 21.742964
-2 2 21.742964 32.913076
-2 3 32.913076 41.357410
-3 3 41.357410 43.782316
-3 4 43.782316 53.883437
-3 5 53.883437 63.945704
-3 6 63.945704 67.520299
-2 6 67.520299 74.565878
-2 7 74.565878 80.000000
=== END ===

=== PRIMITIVE ===
ID: 36
StartHeadingNum: 2
Goal: i=7 j=3 heading=4
Length: 7.898615
ExecutionTime(ticks): 79
TotalHeadingChange: 0.7843
BendingEnergy: 0.0937
---
Trajectory(x,y):
0.000 0.000
0.073 0.073
0.145 0.145
0.217 0.218
0.290 0.291
0.362 0.364
0.433 0.437
0.505 0.510
0.576 0.584
0.647 0.658
0.717 0.733
0.787 0.808
0.857 0.884
0.926 0.960
0.994 1.036
1.062 1.113
1.129 1.191
1.195 1.269
1.261 1.348
1.325 1.428
1.389 1.508
1.452 1.589
1.514 1.671
1.575 1.753
1.635 1.836
1.695 1.920
1.753 2.004
1.810 2.090
1.865 2.176
1.920 2.263
1.973 2.350
2.025 2.439
2.076 2.528
2.126 2.618
2.174 2.708
2.221 2.799
2.267 2.891
2.311 2.984
2.354 3.077
2.395 3.171
2.435 3.265
2.473 3.360
2.510 3.456
2.546 3.552
2.580 3.649
2.612 3.746
2.643 3.844
2.673 3.942
2.701 4.041
2.728 4.140
2.753 4.240
2.777 4.339
2.799 4.439
2.820 4.540
2.839 4.641
2.857 4.742
2.874 4.843
2.890 4.944
2.904 5.046
2.917 5.148
2.929 5.249
2.939 5.351
2.949 5.454
2.957 5.556
2.965 5.658
2.971 5.761
2.977 5.863
2.981 5.965
2.985 6.068
2.988 6.170
2.991 6.273
2.993 6.376
2.994 6.478
2.995 6.581
2.996 6.683
2.996 6.786
2.997 6.888
2.997 6.991
---
CollisionFootprint(i, j, t_in, t_out):
0 0 0.000000 7.035836
1 0 7.035836 7.109850
1 1 7.109850 20.418377
2 1 20.418377 22.334741
2 2 22.334741 32.512673
3 2 32.512673 42.800627
3 3 42.800627 43.559771
4 3 43.559771 53.969747
5 3 53.969747 64.075666
6 3 64.075666 74.088567
7 3 74.088567 79.000000
=== END ===

=== PRIMITIVE ===
ID: 37
StartHeadingNum: 6
Goal: i=3 j=-7 heading=8
Length: 7.898615
ExecutionTime(ticks): 79
TotalHeadingChange: 0.7843
BendingEnergy: 0.0937
---
Trajectory(x,y):
0.000 0.000
-0.073 0.073
-0.145 0.145
-0.218 0.217
-0.291 0.290
-0.364 0.362
-0.437 0.433
-0.510 0.505
-0.584 0.576
-0.658 0.647
-0.733 0.717
-0.808 0.787
-0.884 0.857
-0.960 0.926
-1.036 0.994
-1.113 1.062
-1.191 1.129
-1.269 1.195
-1.348 1.261
-1.428 1.325
-1.508 1.389
-1.589 1.452
-1.671 1.514
-1.753 1.575
-1.836 1.635
-1.920 1.695
-2.004 1.753
-2.090 1.810
-2.176 1.865
-2.263 1.920
-2.350 1.973
-2.439 2.025
-2.528 2.076
-2.618 2.126
-2.708 2.174
-2.799 2.221
-2.891 2.267
-2.984 2.311
-3.077 2.354
-3.171 2.395
-3.265 2.435
-3.360 2.473
-3.456 2.510
-3.552 2.546
-3.649 2.580
-3.746 2.612
-3.844 2.643
-3.942 2.673
-4.041 2.701
-4.140 2.728
-4.240 2.753
-4.339 2.777
-4.439 2.799
-4.540 2.820
-4.641 2.839
-4.742 2.857
-4.843 2.874
-4.944 2.890
-5.046 2.904
-5.148 2.917
-5.249 2.929
-5.351 2.939
-5.454 2.949
-5.556 2.957
-5.658 2.965
-5.761 2.971
-5.863 2.977
-5.965 2.981
-6.068 2.985
-6.170 2.988
-6.273 2.991
-6.376 2.993
-6.478 2.994
-6.581 2.995
-6.683 2.996
-6.786 2.996
-6.888 2.997
-6.991 2.997
---
CollisionFootprint(i, j, t_in, t_out):
0 0 0.000000 7.035836
0 -1 7.035836 7.109850
1 -1 7.109850 20.418377
1 -2 20.418377 22.334741
2 -2 22.334741 32.512673
2 -3 32.512673 42.800627
3 -3 42.800627 43.559771
3 -4 43.559771 53.969747
3 -5 53.969747 64.075666
3 -6 64.075666 74.088567
3 -7 74.088567 79.000000
=== END ===

=== PRIMITIVE ===
ID: 38
StartHeadingNum: 10
Goal: i=-7 j=-3 heading=12
Length: 7.898615
ExecutionTime(ticks): 79
TotalHeadingChange: 0.7843
BendingEnergy: 0.0937
---
Trajectory(x,y):
0.000 0.000
-0.073 -0.073
-0.145 -0.145
-0.217 -0.218
-0.290 -0.291
-0.362 -0.364
-0.433 -0.437
-0.505 -0.510
-0.576 -0.584
-0.647 -0.658
-0.717 -0.733
-0.787 -0.808
-0.857 -0.884
-0.926 -0.960
-0.994 -1.036
-1.062 -1.113
-1.129 -1.191
-1.195 -1.269
-1.261 -1.348
-1.325 -1.428
-1.389 -1.508
-1.452 -1.589
-1.514 -1.671
-1.575 -1.753
-1.635 -1.836
-1.695 -1.920
-1.753 -2.004
-1.810 -2.090
-1.865 -2.176
-1.920 -2.263
-1.973 -2.350
-2.025 -2.439
-2.076 -2.528
-2.126 -2.618
-2.174 -2.708
-2.221 -2.799
-2.267 -2.891
-2.311 -2.984
-2.354 -3.077
-2.395 -3.171
-2.435 -3.265
-2.473 -3.360
-2.510 -3.456
-2.546 -3.552
-2.580 -3.649
-2.612 -3.746
-2.643 -3.844
-2.673 -3.942
-2.701 -4.041
-2.728 -4.140
-2.753 -4.240
-2.777 -4.339
-2.799 -4.439
-2.820 -4.540
-2.839 -4.641
-2.857 -4.742
-2.874 -4.843
-2.890 -4.944
-2.904 -5.046
-2.917 -5.148
-2.929 -5.249
-2.939 -5.351
-2.949 -5.454
-2.957 -5.556
-2.965 -5.658
-2.971 -5.761
-2.977 -5.863
-2.981 -5.965
-2.985 -6.068
-2.988 -6.170
-2.991 -6.273
-2.993 -6.376
-2.994 -6.478
-2.995 -6.581
-2.996 -6.683
-2.996 -6.786
-2.997 -6.888
-2.997 -6.991
---
CollisionFootprint(i, j, t_in, t_out):
0 0 0.000000 7.035836
-1 0 7.035836 7.109850
-1 -1 7.109850 20.418377
-2 -1 20.418377 22.334741
-2 -2 22.334741 32.512673
-3 -2 32.512673 42.800627
-3 -3 42.800627 43.559771
-4 -3 43.559771 53.969747
-5 -3 53.969747 64.075666
-6 -3 64.075666 74.088567
-7 -3 74.088567 79.000000
=== END ===

=== PRIMITIVE ===
ID: 39
StartHeadingNum: 14
Goal: i=-3 j=7 heading=0
Length: 7.898615
ExecutionTime(ticks): 79
TotalHeadingChange: 0.7843
BendingEnergy: 0.0937
---
Trajectory(x,y):
0.000 0.000
0.073 -0.073
0.145 -0.145
0.218 -0.217
0.291 -0.290
0.364 -0.362
0.437 -0.433
0.510 -0.505
0.584 -0.576
0.658 -0.647
0.733 -0.717
0.808 -0.787
0.884 -0.857
0.960 -0.926
1.036 -0.994
1.113 -1.062
1.191 -1.129
1.269 -1.195
1.348 -1.261
1.428 -1.325
1.508 -1.389
1.589 -1.452
1.671 -1.514
1.753 -1.575
1.836 -1.635
1.920 -1.695
2.004 -1.753
2.090 -1.810
2.176 -1.865
2.263 -1.920
2.350 -1.973
2.439 -2.025
2.528 -2.076
2.618 -2.126
2.708 -2.174
2.799 -2.221
2.891 -2.267
2.984 -2.311
3.077 -2.354
3.171 -2.395
3.265 -2.435
3.360 -2.473
3.456 -2.510
3.552 -2.546
3.649 -2.580
3.746 -2.612
3.844 -2.643
3.942 -2.673
4.041 -2.701
4.140 -2.728
4.240 -2.753
4.339 -2.777
4.439 -2.799
4.540 -2.820
4.641 -2.839
4.742 -2.857
4.843 -2.874
4.944 -2.890
5.046 -2.904
5.148 -2.917
5.249 -2.929
5.351 -2.939
5.454 -2.949
5.556 -2.957
5.658 -2.965
5.761 -2.971
5.863 -2.977
5.965 -2.981
6.068 -2.985
6.170 -2.988
6.273 -2.991
6.376 -2.993
6.478 -2.994
6.581 -2.995
6.683 -2.996
6.786 -2.996
6.888 -2.997
6.991 -2.997
---
CollisionFootprint(i, j, t_in, t_out):
0 0 0.000000 7.035836
0 1 7.035836 7.109850
-1 1 7.109850 20.418377
-1 2 20.418377 22.334741
-2 2 22.334741 32.512673
-2 3 32.512673 42.800627
-3 3 42.800627 43.559771
-3 4 43.559771 53.969747
-3 5 53.969747 64.075666
-3 6 64.075666 74.088567
-3 7 74.088567 79.000000
=== END ===

=== PRIMITIVE ===
ID: 40
StartHeadingNum: 2
Goal: i=2 j=7 heading=15
Length: 8.030110
ExecutionTime(ticks): 80
TotalHeadingChange: 1.2472
BendingEnergy: 0.2589
---
Trajectory(x,y):
0.000 0.000
0.072 0.072
0.144 0.144
0.216 0.216
0.288 0.287
0.360 0.359
0.432 0.431
0.504 0.502
0.576 0.574
0.649 0.645
0.722 0.716
0.795 0.787
0.868 0.857
0.942 0.927
1.016 0.997
1.090 1.066
1.165 1.135
1.240 1.203
1.316 1.271
1.392 1.338
1.470 1.404
1.547 1.469
1.626 1.534
1.705 1.598
1.785 1.661
1.866 1.722
1.947 1.783
2.030 1.842
2.113 1.901
2.197 1.957
2.283 2.013
2.369 2.067
2.456 2.119
2.544 2.170
2.633 2.218
2.723 2.266
2.814 2.311
2.906 2.354
2.999 2.395
3.093 2.434
3.188 2.471
3.283 2.505
3.380 2.538
3.477 2.567
3.575 2.595
3.674 2.619
3.773 2.641
3.872 2.661
3.973 2.678
4.073 2.692
4.174 2.704
4.276 2.712
4.377 2.718
4.479 2.721
4.580 2.722
4.682 2.719
4.783 2.714
4.885 2.706
4.986 2.696
5.087 2.682
5.187 2.667
5.287 2.648
5.387 2.628
5.486 2.604
5.584 2.579
5.682 2.551
5.779 2.521
5.875 2.489
5.971 2.456
6.067 2.420
6.161 2.383
6.255 2.344
6.349 2.304
6.441 2.263
6.534 2.220
6.626 2.177
6.717 2.133
6.809 2.088
6.900 2.043
6.991 1.998
---
CollisionFootprint(i, j, t_in, t_out):
0 0 0.000000 7.032130
0 1 7.032130 7.057036
1 1 7.057036 20.651059
1 2 20.651059 21.742964
2 2 21.742964 32.913076
2 3 32.913076 41.357410
3 3 41.357410 43.782316
3 4 43.782316 53.883437
3 5 53.883437 63.945704
3 6 63.945704 67.520299
2 6 67.520299 74.565878
2 7 74.565878 80.000000
=== END ===

=== PRIMITIVE ===
ID: 41
StartHeadingNum: 6
Goal: i=7 j=-2 heading=3
Length: 8.030110
ExecutionTime(ticks): 80
TotalHeadingChange: 1.2472
BendingEnergy: 0.2589
---
Trajectory(x,y):
0.000 0.000
-0.072 0.072
-0.144 0.144
-0.216 0.216
-0.287 0.288
-0.359 0.360
-0.431 0.432
-0.502 0.504
-0.574 0.576
-0.645 0.649
-0.716 0.722
-0.787 0.795
-0.857 0.868
-0.927 0.942
-0.997 1.016
-1.066 1.090
-1.135 1.165
-1.203 1.240
-1.271 1.316
-1.338 1.392
-1.404 1.470
-1.469 1.547
-1.534 1.626
-1.598 1.705
-1.661 1.785
-1.722 1.866
-1.783 1.947
-1.842 2.030
-1.901 2.113
-1.957 2.197
-2.013 2.283
-2.067 2.369
-2.119 2.456
-2.170 2.544
-2.218 2.633
-2.266 2.723
-2.311 2.814
-2.354 2.906
-2.395 2.999
-2.434 3.093
-2.471 3.188
-2.505 3.283
-2.538 3.380
-2.567 3.477
-2.595 3.575
-2.619 3.674
-2.641 3.773
-2.661 3.872
-2.678 3.973
-2.692 4.073
-2.704 4.174
-2.712 4.276
-2.718 4.377
-2.721 4.479
-2.722 4.580
-2.719 4.682
-2.714 4.783
-2.706 4.885
-2.696 4.986
-2.682 5.087
-2.667 5.187
-2.648 5.287
-2.628 5.387
-2.604 5.486
-2.579 5.584
-2.551 5.682
-2.521 5.779
-2.489 5.875
-2.456 5.971
-2.420 6.067
-2.383 6.161
-2.344 6.255
-2.304 6.349
-2.263 6.441
-2.220 6.534
-2.177 6.626
-2.133 6.717
-2.088 6.809
-2.043 6.900
-1.998 6.991
---
CollisionFootprint(i, j, t_in, t_out):
0 0 0.000000 7.032130
1 0 7.032130 7.057036
1 -1 7.057036 20.651059
2 -1 20.651059 21.742964
2 -2 21.742964 32.913076
3 -2 32.913076 41.357410
3 -3 41.357410 43.782316
4 -3 43.782316 53.883437
5 -3 53.883437 63.945704
6 -3 63.945704 67.520299
6 -2 67.520299 74.565878
7 -2 74.565878 80.000000
=== END ===

=== PRIMITIVE ===
ID: 42
StartHeadingNum: 10
Goal: i=-2 j=-7 heading=7
Length: 8.030110
ExecutionTime(ticks): 80
TotalHeadingChange: 1.2472
BendingEnergy: 0.2589
---
Trajectory(x,y):
0.000 0.000
-0.072 -0.072
-0.144 -0.144
-0.216 -0.216
-0.288 -0.287
-0.360 -0.359
-0.432 -0.431
-0.504 -0.502
-0.576 -0.574
-0.649 -0.645
-0.722 -0.716
-0.795 -0.787
-0.868 -0.857
-0.942 -0.927
-1.016 -0.997
-1.090 -1.066
-1.165 -1.135
-1.240 -1.203
-1.316 -1.271
-1.392 -1.338
-1.470 -1.404
-1.547 -1.469
-1.626 -1.534
-1.705 -1.598
-1.785 -1.661
-1.866 -1.722
-1.947 -1.783
-2.030 -1.842
-2.113 -1.901
-2.197 -1.957
-2.283 -2.013
-2.369 -2.067
-2.456 -2.119
-2.544 -2.170
-2.633 -2.218
-2.723 -2.266
-2.814 -2.311
-2.906 -2.354
-2.999 -2.395
-3.093 -2.434
-3.188 -2.471
-3.283 -2.505
-3.380 -2.538
-3.477 -2.567
-3.575 -2.595
-3.674 -2.619
-3.773 -2.641
-3.872 -2.661
-3.973 -2.678
-4.073 -2.692
-4.174 -2.704
-4.276 -2.712
-4.377 -2.718
-4.479 -2.721
-4.580 -2.722
-4.682 -2.719
-4.783 -2.714
-4.885 -2.706
-4.986 -2.696
-5.087 -2.682
-5.187 -2.667
-5.287 -2.648
-5.387 -2.628
-5.486 -2.604
-5.584 -2.579
-5.682 -2.551
-5.779 -2.521
-5.875 -2.489
-5.971 -2.456
-6.067 -2.420
-6.161 -2.383
-6.255 -2.344
-6.349 -2.304
-6.441 -2.263
-6.534 -2.220
-6.626 -2.177
-6.717 -2.133
-6.809 -2.088
-6.900 -2.043
-6.991 -1.998
---
CollisionFootprint(i, j, t_in, t_out):
0 0 0.000000 7.032130
0 -1 7.032130 7.057036
-1 -1 7.057036 20.651059
-1 -2 20.651059 21.742964
-2 -2 21.742964 32.913076
-2 -3 32.913076 41.357410
-3 -3 41.357410 43.782316
-3 -4 43.782316 53.883437
-3 -5 53.883437 63.945704
-3 -6 63.945704 67.520299
-2 -6 67.520299 74.565878
-2 -7 74.565878 80.000000
=== END ===

=== PRIMITIVE ===
ID: 43
StartHeadingNum: 14
Goal: i=-7 j=2 heading=11
Length: 8.030110
ExecutionTime(ticks): 80
TotalHeadingChange: 1.2472
BendingEnergy: 0.2589
---
Trajectory(x,y):
0.000 0.000
0.072 -0.072
0.144 -0.144
0.216 -0.216
0.287 -0.288
0.359 -0.360
0.431 -0.432
0.502 -0.504
0.574 -0.576
0.645 -0.649
0.716 -0.722
0.787 -0.795
0.857 -0.868
0.927 -0.942
0.997 -1.016
1.066 -1.090
1.135 -1.165
1.203 -1.240
1.271 -1.316
1.338 -1.392
1.404 -1.470
1.469 -1.547
1.534 -1.626
1.598 -1.705
1.661 -1.785
1.722 -1.866
1.783 -1.947
1.842 -2.030
1.901 -2.113
1.957 -2.197
2.013 -2.283
2.067 -2.369
2.119 -2.456
2.170 -2.544
2.218 -2.633
2.266 -2.723
2.311 -2.814
2.354 -2.906
2.395 -2.999
2.434 -3.093
2.471 -3.188
2.505 -3.283
2.538 -3.380
2.567 -3.477
2.595 -3.575
2.619 -3.674
2.641 -3.773
2.661 -3.872
2.678 -3.973
2.692 -4.073
2.704 -4.174
2.712 -4.276
2.718 -4.377
2.721 -4.479
2.722 -4.580
2.719 -4.682
2.714 -4.783
2.706 -4.885
2.696 -4.986
2.682 -5.087
2.667 -5.187
2.648 -5.287
2.628 -5.387
2.604 -5.486
2.579 -5.584
2.551 -5.682
2.521 -5.779
2.489 -5.875
2.456 -5.971
2.420 -6.067
2.383 -6.161
2.344 -6.255
2.304 -6.349
2.263 -6.441
2.220 -6.534
2.177 -6.626
2.133 -6.717
2.088 -6.809
2.043 -6.900
1.998 -6.991
---
CollisionFootprint(i, j, t_in, t_out):
0 0 0.000000 7.032130
-1 0 7.032130 7.057036
-1 1 7.057036 20.651059
-2 1 20.651059 21.742964
-2 2 21.742964 32.913076
-3 2 32.913076 41.357410
-3 3 41.357410 43.782316
-4 3 43.782316 53.883437
-5 3 53.883437 63.945704
-6 3 63.945704 67.520299
-6 2 67.520299 74.565878
-7 2 74.565878 80.000000
=== END ===

=== PRIMITIVE ===
ID: 44
StartHeadingNum: 2
Goal: i=3 j=7 heading=0
Length: 7.898615
ExecutionTime(ticks): 79
TotalHeadingChange: 0.7843
BendingEnergy: 0.0937
---
Trajectory(x,y):
0.000 0.000
0.073 0.073
0.145 0.145
0.218 0.217
0.291 0.290
0.364 0.362
0.437 0.433
0.510 0.505
0.584 0.576
0.658 0.647
0.733 0.717
0.808 0.787
0.884 0.857
0.960 0.926
1.036 0.994
1.113 1.062
1.191 1.129
1.269 1.195
1.348 1.261
1.428 1.325
1.508 1.389
1.589 1.452
1.671 1.514
1.753 1.575
1.836 1.635
1.920 1.695
2.004 1.753
2.090 1.810
2.176 1.865
2.263 1.920
2.350 1.973
2.439 2.025
2.528 2.076
2.618 2.126
2.708 2.174
2.799 2.221
2.891 2.267
2.984 2.311
3.077 2.354
3.171 2.395
3.265 2.435
3.360 2.473
3.456 2.510
3.552 2.546
3.649 2.580
3.746 2.612
3.844 2.643
3.942 2.673
4.041 2.701
4.140 2.728
4.240 2.753
4.339 2.777
4.439 2.799
4.540 2.820
4.641 2.839
4.742 2.857
4.843 2.874
4.944 2.890
5.046 2.904
5.148 2.917
5.249 2.929
5.351 2.939
5.454 2.949
5.556 2.957
5.658 2.965
5.761 2.971
5.863 2.977
5.965 2.981
6.068 2.985
6.170 2.988
6.273 2.991
6.376 2.993
6.478 2.994
6.581 2.995
6.683 2.996
6.786 2.996
6.888 2.997
6.991 2.997
---
CollisionFootprint(i, j, t_in, t_out):
0 0 0.000000 7.035836
0 1 7.035836 7.109850
1 1 7.109850 20.418377
1 2 20.418377 22.334741
2 2 22.334741 32.512673
2 3 32.512673 42.800627
3 3 42.800627 43.559771
3 4 43.559771 53.969747
3 5 53.969747 64.075666
3 6 64.075666 74.088567
3 7 74.088567 79.000000
=== END ===

=== PRIMITIVE ===
ID: 45
StartHeadingNum: 6
Goal: i=7 j=-3 heading=4
Length: 7.898615
ExecutionTime(ticks): 79
TotalHeadingChange: 0.7843
BendingEnergy: 0.0937
---
Trajectory(x,y):
0.000 0.000
-0.073 0.073
-0.145 0.145
-0.217 0.218
-0.290 0.291
-0.362 0.364
-0.433 0.437
-0.505 0.510
-0.576 0.584
-0.647 0.658
-0.717 0.733
-0.787 0.808
-0.857 0.884
-0.926 0.960
-0.994 1.036
-1.062 1.113
-1.129 1.191
-1.195 1.269
-1.261 1.348
-1.325 1.428
-1.389 1.508
-1.452 1.589
-1.514 1.671
-1.575 1.753
-1.635 1.836
-1.695 1.920
-1.753 2.004
-1.810 2.090
-1.865 2.176
-1.920 2.263
-1.973 2.350
-2.025 2.439
-2.076 2.528
-2.126 2.618
-2.174 2.708
-2.221 2.799
-2.267 2.891
-2.311 2.984
-2.354 3.077
-2.395 3.171
-2.435 3.265
-2.473 3.360
-2.510 3.456
-2.546 3.552
-2.580 3.649
-2.612 3.746
-2.643 3.844
-2.673 3.942
-2.701 4.041
-2.728 4.140
-2.753 4.240
-2.777 4.339
-2.799 4.439
-2.820 4.540
-2.839 4.641
-2.857 4.742
-2.874 4.843
-2.890 4.944
-2.904 5.046
-2.917 5.148
-2.929 5.249
-2.939 5.351
-2.949 5.454
-2.957 5.556
-2.965 5.658
-2.971 5.761
-2.977 5.863
-2.981 5.965
-2.985 6.068
-2.988 6.170
-2.991 6.273
-2.993 6.376
-2.994 6.478
-2.995 6.581
-2.996 6.683
-2.996 6.786
-2.997 6.888
-2.997 6.991
---
CollisionFootprint(i, j, t_in, t_out):
0 0 0.000000 7.035836
1 0 7.035836 7.109850
1 -1 7.109850 20.418377
2 -1 20.418377 22.334741
2 -2 22.334741 32.512673
3 -2 32.512673 42.800627
3 -3 42.800627 43.559771
4 -3 43.559771 53.969747
5 -3 53.969747 64.075666
6 -3 64.075666 74.088567
7 -3 74.088567 79.000000
=== END ===

=== PRIMITIVE ===
ID: 46
StartHeadingNum: 10
Goal: i=-3 j=-7 heading=8
Length: 7.898615
ExecutionTime(ticks): 79
TotalHeadingChange: 0.7843
BendingEnergy: 0.0937
---
Trajectory(x,y):
0.000 0.000
-0.073 -0.073
-0.145 -0.145
-0.218 -0.217
-0.291 -0.290
-0.364 -0.362
-0.437 -0.433
-0.510 -0.505
-0.584 -0.576
-0.658 -0.647
-0.733 -0.717
-0.808 -0.787
-0.884 -0.857
-0.960 -0.926
-1.036 -0.994
-1.113 -1.062
-1.191 -1.129
-1.269 -1.195
-1.348 -1.261
-1.428 -1.325
-1.508 -1.389
-1.589 -1.452
-1.671 -1.514
-1.753 -1.575
-1.836 -1.635
-1.920 -1.695
-2.004 -1.753
-2.090 -1.810
-2.176 -1.865
-2.263 -1.920
-2.350 -1.973
-2.439 -2.025
-2.528 -2.076
-2.618 -2.126
-2.708 -2.174
-2.799 -2.221
-2.891 -2.267
-2.984 -2.311
-3.077 -2.354
-3.171 -2.395
-3.265 -2.435
-3.360 -2.473
-3.456 -2.510
-3.552 -2.546
-3.649 -2.580
-3.746 -2.612
-3.844 -2.643
-3.942 -2.673
-4.041 -2.701
-4.140 -2.728
-4.240 -2.753
-4.339 -2.777
-4.439 -2.799
-4.540 -2.820
-4.641 -2.839
-4.742 -2.857
-4.843 -2.874
-4.944 -2.890
-5.046 -2.904
-5.148 -2.917
-5.249 -2.929
-5.351 -2.939
-5.454 -2.949
-5.556 -2.957
-5.658 -2.965
-5.761 -2.971
-5.863 -2.977
-5.965 -2.981
-6.068 -2.985
-6.170 -2.988
-6.273 -2.991
-6.376 -2.993
-6.478 -2.994
-6.581 -2.995
-6.683 -2.996
-6.786 -2.996
-6.888 -2.997
-6.991 -2.997
---
CollisionFootprint(i, j, t_in, t_out):
0 0 0.000000 7.035836
0 -1 7.035836 7.109850
-1 -1 7.109850 20.418377
-1 -2 20.418377 22.334741
-2 -2 22.334741 32.512673
-2 -3 32.512673 42.800627
-3 -3 42.800627 43.559771
-3 -4 43.559771 53.969747
-3 -5 53.969747 64.075666
-3 -6 64.075666 74.088567
-3 -7 74.088567 79.000000
=== END ===

=== PRIMITIVE ===
ID: 47
StartHeadingNum: 14
Goal: i=-7 j=3 heading=12
Length: 7.898615
ExecutionTime(ticks): 79
TotalHeadingChange: 0.7843
BendingEnergy: 0.0937
---
Trajectory(x,y):
0.000 0.000
0.073 -0.073
0.145 -0.145
0.217 -0.218
0.290 -0.291
0.362 -0.364
0.433 -0.437
0.505 -0.510
0.576 -0.584
0.647 -0.658
0.717 -0.733
0.787 -0.808
0.857 -0.884
0.926 -0.960
0.994 -1.036
1.062 -1.113
1.129 -1.191
1.195 -1.269
1.261 -1.348
1.325 -1.428
1.389 -1.508
1.452 -1.589
1.514 -1.671
1.575 -1.753
1.635 -1.836
1.695 -1.920
1.753 -2.004
1.810 -2.090
1.865 -2.176
1.920 -2.263
1.973 -2.350
2.025 -2.439
2.076 -2.528
2.126 -2.618
2.174 -2.708
2.221 -2.799
2.267 -2.891
2.311 -2.984
2.354 -3.077
2.395 -3.171
2.435 -3.265
2.473 -3.360
2.510 -3.456
2.546 -3.552
2.580 -3.649
2.612 -3.746
2.643 -3.844
2.673 -3.942
2.701 -4.041
2.728 -4.140
2.753 -4.240
2.777 -4.339
2.799 -4.439
2.820 -4.540
2.839 -4.641
2.857 -4.742
2.874 -4.843
2.890 -4.944
2.904 -5.046
2.917 -5.148
2.929 -5.249
2.939 -5.351
2.949 -5.454
2.957 -5.556
2.965 -5.658
2.971 -5.761
2.977 -5.863
2.981 -5.965
2.985 -6.068
2.988 -6.170
2.991 -6.273
2.993 -6.376
2.994 -6.478
2.995 -6.581
2.996 -6.683
2.996 -6.786
2.997 -6.888
2.997 -6.991
---
CollisionFootprint(i, j, t_in, t_out):
0 0 0.000000 7.035836
-1 0 7.035836 7.109850
-1 1 7.109850 20.418377
-2 1 20.418377 22.334741
-2 2 22.334741 32.512673
-3 2 32.512673 42.800627
-3 3 42.800627 43.559771
-4 3 43.559771 53.969747
-5 3 53.969747 64.075666
-6 3 64.075666 74.088567
-7 3 74.088567 79.000000
=== END ===

=== PRIMITIVE ===
ID: 48
StartHeadingNum: 2
Goal: i=6 j=4 heading=3
Length: 7.249051
ExecutionTime(ticks): 72
TotalHeadingChange: 0.3216
BendingEnergy: 0.0203
---
Trajectory(x,y):
0.000 0.000
0.072 0.072
0.144 0.144
0.216 0.217
0.288 0.289
0.360 0.362
0.431 0.435
0.502 0.508
0.573 0.582
0.643 0.656
0.713 0.730
0.783 0.805
0.852 0.880
0.920 0.956
0.988 1.032
1.056 1.109
1.123 1.186
1.189 1.264
1.255 1.342
1.320 1.421
1.384 1.500
1.448 1.580
1.511 1.660
1.573 1.741
1.635 1.822
1.696 1.904
1.757 1.986
1.816 2.069
1.875 2.152
1.934 2.236
1.991 2.320
2.048 2.405
2.105 2.490
2.160 2.576
2.215 2.662
2.270 2.748
2.324 2.835
2.377 2.922
2.430 3.009
2.482 3.097
2.534 3.185
2.585 3.273
2.636 3.362
2.686 3.451
2.736 3.540
2.785 3.629
2.834 3.719
2.883 3.809
2.931 3.899
2.979 3.989
3.027 4.079
3.074 4.169
3.121 4.260
3.168 4.351
3.215 4.441
3.261 4.532
3.308 4.623
3.354 4.714
3.400 4.805
3.446 4.897
3.492 4.988
3.538 5.079
3.584 5.170
3.629 5.262
3.675 5.353
3.721 5.444
3.766 5.535
3.812 5.627
3.858 5.718
3.904 5.809
3.949 5.901
3.995 5.992
---
CollisionFootprint(i, j, t_in, t_out):
0 0 0.000000 6.983073
1 0 6.983073 7.065513
1 1 7.065513 20.284733
2 1 20.284733 22.132186
2 2 22.132186 32.568307
3 2 32.568307 39.898523
3 3 39.898523 44.165542
4 3 44.165542 55.413152
5 3 55.413152 61.023052
5 4 61.023052 66.535612
6 4 66.535612 72.000000
=== END ===

=== PRIMITIVE ===
ID: 49
StartHeadingNum: 6
Goal: i=4 j=-6 heading=7
Length: 7.249051
ExecutionTime(ticks): 72
TotalHeadingChange: 0.3216
BendingEnergy: 0.0203
---
Trajectory(x,y):
0.000 0.000
-0.072 0.072
-0.144 0.144
-0.217 0.216
-0.289 0.288
-0.362 0.360
-0.435 0.431
-0.508 0.502
-0.582 0.573
-0.656 0.643
-0.730 0.713
-0.805 0.783
-0.880 0.852
-0.956 0.920
-1.032 0.988
-1.109 1.056
-1.186 1.123
-1.264 1.189
-1.342 1.255
-1.421 1.320
-1.500 1.384
-1.580 1.448
-1.660 1.511
-1.741 1.573
-1.822 1.635
-1.904 1.696
-1.986 1.757
-2.069 1.816
-2.152 1.875
-2.236 1.934
-2.320 1.991
-2.405 2.048
-2.490 2.105
-2.576 2.160
-2.662 2.215
-2.748 2.270
-2.835 2.324
-2.922 2.377
-3.009 2.430
-3.097 2.482
-3.185 2.534
-3.273 2.585
-3.362 2.636
-3.451 2.686
-3.540 2.736
-3.629 2.785
-3.719 2.834
-3.809 2.883
-3.899 2.931
-3.989 2.979
-4.079 3.027
-4.169 3.074
-4.260 3.121
-4.351 3.168
-4.441 3.215
-4.532 3.261
-4.623 3.308
-4.714 3.354
-4.805 3.400
-4.897 3.446
-4.988 3.492
-5.079 3.538
-5.170 3.584
-5.262 3.629
-5.353 3.675
-5.444 3.721
-5.535 3.766
-5.627 3.812
-5.718 3.858
-5.809 3.904
-5.901 3.949
-5.992 3.995
---
CollisionFootprint(i, j, t_in, t_out):
0 0 0.000000 6.983073
0 -1 6.983073 7.065513
1 -1 7.065513 20.284733
1 -2 20.284733 22.132186
2 -2 22.132186 32.568307
2 -3 32.568307 39.898523
3 -3 39.898523 44.165542
3 -4 44.165542 55.413152
3 -5 55.413152 61.023052
4 -5 61.023052 66.535612
4 -6 66.535612 72.000000
=== END ===

=== PRIMITIVE ===
ID: 50
StartHeadingNum: 10
Goal: i=-6 j=-4 heading=11
Length: 7.249051
ExecutionTime(ticks): 72
TotalHeadingChange: 0.3216
BendingEnergy: 0.0203
---
Trajectory(x,y):
0.000 0.000
-0.072 -0.072
-0.144 -0.144
-0.216 -0.217
-0.288 -0.289
-0.360 -0.362
-0.431 -0.435
-0.502 -0.508
-0.573 -0.582
-0.643 -0.656
-0.713 -0.730
-0.783 -0.805
-0.852 -0.880
-0.920 -0.956
-0.988 -1.032
-1.056 -1.109
-1.123 -1.186
-1.189 -1.264
-1.255 -1.342
-1.320 -1.421
-1.384 -1.500
-1.448 -1.580
-1.511 -1.660
-1.573 -1.741
-1.635 -1.822
-1.696 -1.904
-1.757 -1.986
-1.816 -2.069
-1.875 -2.152
-1.934 -2.236
-1.991 -2.320
-2.048 -2.405
-2.105 -2.490
-2.160 -2.576
-2.215 -2.662
-2.270 -2.748
-2.324 -2.835
-2.377 -2.922
-2.430 -3.009
-2.482 -3.097
-2.534 -3.185
-2.585 -3.273
-2.636 -3.362
-2.686 -3.451
-2.736 -3.540
-2.785 -3.629
-2.834 -3.719
-2.883 -3.809
-2.931 -3.899
-2.979 -3.989
-3.027 -4.079
-3.074 -4.169
-3.121 -4.260
-3.168 -4.351
-3.215 -4.441
-3.261 -4.532
-3.308 -4.623
-3.354 -4.714
-3.400 -4.805
-3.446 -4.897
-3.492 -4.988
-3.538 -5.079
-3.584 -5.170
-3.629 -5.262
-3.675 -5.353
-3.721 -5.444
-3.766 -5.535
-3.812 -5.627
-3.858 -5.718
-3.904 -5.809
-3.949 -5.901
-3.995 -5.992
---
CollisionFootprint(i, j, t_in, t_out):
0 0 0.000000 6.983073
-1 0 6.983073 7.065513
-1 -1 7.065513 20.284733
-2 -1 20.284733 22.132186
-2 -2 22.132186 32.568307
-3 -2 32.568307 39.898523
-3 -3 39.898523 44.165542
-4 -3 44.165542 55.413152
-5 -3 55.413152 61.023052
-5 -4 61.023052 66.535612
-6 -4 66.535612 72.000000
=== END ===

=== PRIMITIVE ===
ID: 51
StartHeadingNum: 14
Goal: i=-4 j=6 heading=15
Length: 7.249051
ExecutionTime(ticks): 72
TotalHeadingChange: 0.3216
BendingEnergy: 0.0203
---
Trajectory(x,y):
0.000 0.000
0.072 -0.072
0.144 -0.144
0.217 -0.216
0.289 -0.288
0.362 -0.360
0.435 -0.431
0.508 -0.502
0.582 -0.573
0.656 -0.643
0.730 -0.713
0.805 -0.783
0.880 -0.852
0.956 -0.920
1.032 -0.988
1.109 -1.056
1.186 -1.123
1.264 -1.189
1.342 -1.255
1.421 -1.320
1.500 -1.384
1.580 -1.448
1.660 -1.511
1.741 -1.573
1.822 -1.635
1.904 -1.696
1.986 -1.757
2.069 -1.816
2.152 -1.875
2.236 -1.934
2.320 -1.991
2.405 -2.048
2.490 -2.105
2.576 -2.160
2.662 -2.215
2.748 -2.270
2.835 -2.324
2.922 -2.377
3.009 -2.430
3.097 -2.482
3.185 -2.534
3.273 -2.585
3.362 -2.636
3.451 -2.686
3.540 -2.736
3.629 -2.785
3.719 -2.834
3.809 -2.883
3.899 -2.931
3.989 -2.979
4.079 -3.027
4.169 -3.074
4.260 -3.121
4.351 -3.168
4.441 -3.215
4.532 -3.261
4.623 -3.308
4.714 -3.354
4.805 -3.400
4.897 -3.446
4.988 -3.492
5.079 -3.538
5.170 -3.584
5.262 -3.629
5.353 -3.675
5.444 -3.721
5.535 -3.766
5.627 -3.812
5.718 -3.858
5.809 -3.904
5.901 -3.949
5.992 -3.995
---
CollisionFootprint(i, j, t_in, t_out):
0 0 0.000000 6.983073
0 1 6.983073 7.065513
-1 1 7.065513 20.284733
-1 2 20.284733 22.132186
-2 2 22.132186 32.568307
-2 3 32.568307 39.898523
-3 3 39.898523 44.165542
-3 4 44.165542 55.413152
-3 5 55.413152 61.023052
-4 5 61.023052 66.535612
-4 6 66.535612 72.000000
=== END ===

=== PRIMITIVE ===
ID: 52
StartHeadingNum: 2
Goal: i=4 j=6 heading=1
Length: 7.249051
ExecutionTime(ticks): 72
TotalHeadingChange: 0.3216
BendingEnergy: 0.0203
---
Trajectory(x,y):
0.000 0.000
0.072 0.072
0.144 0.144
0.217 0.216
0.289 0.288
0.362 0.360
0.435 0.431
0.508 0.502
0.582 0.573
0.656 0.643
0.730 0.713
0.805 0.783
0.880 0.852
0.956 0.920
1.032 0.988
1.109 1.056
1.186 1.123
1.264 1.189
1.342 1.255
1.421 1.320
1.500 1.384
1.580 1.448
1.660 1.511
1.741 1.573
1.822 1.635
1.904 1.696
1.986 1.757
2.069 1.816
2.152 1.875
2.236 1.934
2.320 1.991
2.405 2.048
2.490 2.105
2.576 2.160
2.662 2.215
2.748 2.270
2.835 2.324
2.922 2.377
3.009 2.430
3.097 2.482
3.185 2.534
3.273 2.585
3.362 2.636
3.451 2.686
3.540 2.736
3.629 2.785
3.719 2.834
3.809 2.883
3.899 2.931
3.989 2.979
4.079 3.027
4.169 3.074
4.260 3.121
4.351 3.168
4.441 3.215
4.532 3.261
4.623 3.308
4.714 3.354
4.805 3.400
4.897 3.446
4.988 3.492
5.079 3.538
5.170 3.584
5.262 3.629
5.353 3.675
5.444 3.721
5.535 3.766
5.627 3.812
5.718 3.858
5.809 3.904
5.901 3.949
5.992 3.995
---
CollisionFootprint(i, j, t_in, t_out):
0 0 0.000000 6.983073
0 1 6.983073 7.065513
1 1 7.065513 20.284733
1 2 20.284733 22.132186
2 2 22.132186 32.568307
2 3 32.568307 39.898523
3 3 39.898523 44.165542
3 4 44.165542 55.413152
3 5 55.413152 61.023052
4 5 61.023052 66.535612
4 6 66.535612 72.000000
=== END ===

=== PRIMITIVE ===
ID: 53
StartHeadingNum: 6
Goal: i=6 j=-4 heading=5
Length: 7.249051
ExecutionTime(ticks): 72
TotalHeadingChange: 0.3216
BendingEnergy: 0.0203
---
Trajectory(x,y):
0.000 0.000
-0.072 0.072
-0.144 0.144
-0.216 0.217
-0.288 0.289
-0.360 0.362
-0.431 0.435
-0.502 0.508
-0.573 0.582
-0.643 0.656
-0.713 0.730
-0.783 0.805
-0.852 0.880
-0.920 0.956
-0.988 1.032
-1.056 1.109
-1.123 1.186
-1.189 1.264
-1.255 1.342
-1.320 1.421
-1.384 1.500
-1.448 1.580
-1.511 1.660
-1.573 1.741
-1.635 1.822
-1.696 1.904
-1.757 1.986
-1.816 2.069
-1.875 2.152
-1.934 2.236
-1.991 2.320
-2.048 2.405
-2.105 2.490
-2.160 2.576
-2.215 2.662
-2.270 2.748
-2.324 2.835
-2.377 2.922
-2.430 3.009
-2.482 3.097
-2.534 3.185
-2.585 3.273
-2.636 3.362
-2.686 3.451
-2.736 3.540
-2.785 3.629
-2.834 3.719
-2.883 3.809
-2.931 3.899
-2.979 3.989
-3.027 4.079
-3.074 4.169
-3.121 4.260
-3.168 4.351
-3.215 4.441
-3.261 4.532
-3.308 4.623
-3.354 4.714
-3.400 4.805
-3.446 4.897
-3.492 4.988
-3.538 5.079
-3.584 5.170
-3.629 5.262
-3.675 5.353
-3.721 5.444
-3.766 5.535
-3.812 5.627
-3.858 5.718
-3.904 5.809
-3.949 5.901
-3.995 5.992
---
CollisionFootprint(i, j, t_in, t_out):
0 0 0.000000 6.983073
1 0 6.983073 7.065513
1 -1 7.065513 20.284733
2 -1 20.284733 22.132186
2 -2 22.132186 32.568307
3 -2 32.568307 39.898523
3 -3 39.898523 44.165542
4 -3 44.165542 55.413152
5 -3 55.413152 61.023052
5 -4 61.023052 66.535612
6 -4 66.535612 72.000000
=== END ===

=== PRIMITIVE ===
ID: 54
StartHeadingNum: 10
Goal: i=-4 j=-6 heading=9
Length: 7.249051
ExecutionTime(ticks): 72
TotalHeadingChange: 0.3216
BendingEnergy: 0.0203
---
Trajectory(x,y):
0.000 0.000
-0.072 -0.072
-0.144 -0.144
-0.217 -0.216
-0.289 -0.288
-0.362 -0.360
-0.435 -0.431
-0.508 -0.502
-0.582 -0.573
-0.656 -0.643
-0.730 -0.713
-0.805 -0.783
-0.880 -0.852
-0.956 -0.920
-1.032 -0.988
-1.109 -1.056
-1.186 -1.123
-1.264 -1.189
-1.342 -1.255
-1.421 -1.320
-1.500 -1.384
-1.580 -1.448
-1.660 -1.511
-1.741 -1.573
-1.822 -1.635
-1.904 -1.696
-1.986 -1.757
-2.069 -1.816
-2.152 -1.875
-2.236 -1.934
-2.320 -1.991
-2.405 -2.048
-2.490 -2.105
-2.576 -2.160
-2.662 -2.215
-2.748 -2.270
-2.835 -2.324
-2.922 -2.377
-3.009 -2.430
-3.097 -2.482
-3.185 -2.534
-3.273 -2.585
-3.362 -2.636
-3.451 -2.686
-3.540 -2.736
-3.629 -2.785
-3.719 -2.834
-3.809 -2.883
-3.899 -2.931
-3.989 -2.979
-4.079 -3.027
-4.169 -3.074
-4.260 -3.121
-4.351 -3.168
-4.441 -3.215
-4.532 -3.261
-4.623 -3.308
-4.714 -3.354
-4.805 -3.400
-4.897 -3.446
-4.988 -3.492
-5.079 -3.538
-5.170 -3.584
-5.262 -3.629
-5.353 -3.675
-5.444 -3.721
-5.535 -3.766
-5.627 -3.812
-5.718 -3.858
-5.809 -3.904
-5.901 -3.949
-5.992 -3.995
---
CollisionFootprint(i, j, t_in, t_out):
0 0 0.000000 6.983073
0 -1 6.983073 7.065513
-1 -1 7.065513 20.284733
-1 -2 20.284733 22.132186
-2 -2 22.132186 32.568307
-2 -3 32.568307 39.898523
-3 -3 39.898523 44.165542
-3 -4 44.165542 55.413152
-3 -5 55.413152 61.023052
-4 -5 61.023052 66.535612
-4 -6 66.535612 72.000000
=== END ===

=== PRIMITIVE ===
ID: 55
StartHeadingNum: 14
Goal: i=-6 j=4 heading=13
Length: 7.249051
ExecutionTime(ticks): 72
TotalHeadingChange: 0.3216
BendingEnergy: 0.0203
---
Trajectory(x,y):
0.000 0.000
0.072 -0.072
0.144 -0.144
0.216 -0.217
0.288 -0.289
0.360 -0.362
0.431 -0.435
0.502 -0.508
0.573 -0.582
0.643 -0.656
0.713 -0.730
0.783 -0.805
0.852 -0.880
0.920 -0.956
0.988 -1.032
1.056 -1.109
1.123 -1.186
1.189 -1.264
1.255 -1.342
1.320 -1.421
1.384 -1.500
1.448 -1.580
1.511 -1.660
1.573 -1.741
1.635 -1.822
1.696 -1.904
1.757 -1.986
1.816 -2.069
1.875 -2.152
1.934 -2.236
1.991 -2.320
2.048 -2.405
2.105 -2.490
2.160 -2.576
2.215 -2.662
2.270 -2.748
2.324 -2.835
2.377 -2.922
2.430 -3.009
2.482 -3.097
2.534 -3.185
2.585 -3.273
2.636 -3.362
2.686 -3.451
2.736 -3.540
2.785 -3.629
2.834 -3.719
2.883 -3.809
2.931 -3.899
2.979 -3.989
3.027 -4.079
3.074 -4.169
3.121 -4.260
3.168 -4.351
3.215 -4.441
3.261 -4.532
3.308 -4.623
3.354 -4.714
3.400 -4.805
3.446 -4.897
3.492 -4.988
3.538 -5.079
3.584 -5.170
3.629 -5.262
3.675 -5.353
3.721 -5.444
3.766 -5.535
3.812 -5.627
3.858 -5.718
3.904 -5.809
3.949 -5.901
3.995 -5.992
---
CollisionFootprint(i, j, t_in, t_out):
0 0 0.000000 6.983073
-1 0 6.983073 7.065513
-1 1 7.065513 20.284733
-2 1 20.284733 22.132186
-2 2 22.132186 32.568307
-3 2 32.568307 39.898523
-3 3 39.898523 44.165542
-4 3 44.165542 55.413152
-5 3 55.413152 61.023052
-5 4 61.023052 66.535612
-6 4 66.535612 72.000000
=== END ===

=== PRIMITIVE ===
ID: 56
StartHeadingNum: 1
Goal: i=4 j=8 heading=1
Length: 8.934838
ExecutionTime(ticks): 89
TotalHeadingChange: 0.0000
BendingEnergy: 0.0000
---
Trajectory(x,y):
0.000 0.000
0.091 0.045
0.182 0.091
0.272 0.136
0.363 0.182
0.454 0.227
0.545 0.272
0.636 0.318
0.727 0.363
0.817 0.409
0.908 0.454
0.999 0.499
1.090 0.545
1.181 0.590
1.271 0.636
1.362 0.681
1.453 0.727
1.544 0.772
1.635 0.817
1.725 0.863
1.816 0.908
1.907 0.954
1.998 0.999
2.089 1.044
2.180 1.090
2.270 1.135
2.361 1.181
2.452 1.226
2.543 1.271
2.634 1.317
2.724 1.362
2.815 1.408
2.906 1.453
2.997 1.498
3.088 1.544
3.178 1.589
3.269 1.635
3.360 1.680
3.451 1.725
3.542 1.771
3.633 1.816
3.723 1.862
3.814 1.907
3.905 1.952
3.996 1.998
4.087 2.043
4.177 2.089
4.268 2.134
4.359 2.180
4.450 2.225
4.541 2.270
4.631 2.316
4.722 2.361
4.813 2.407
4.904 2.452
4.995 2.497
5.086 2.543
5.176 2.588
5.267 2.634
5.358 2.679
5.449 2.724
5.540 2.770
5.630 2.815
5.721 2.861
5.812 2.906
5.903 2.951
5.994 2.997
6.084 3.042
6.175 3.088
6.266 3.133
6.357 3.178
6.448 3.224
6.539 3.269
6.629 3.315
6.720 3.360
6.811 3.405
6.902 3.451
6.993 3.496
7.083 3.542
7.174 3.587
7.265 3.633
7.356 3.678
7.447 3.723
7.537 3.769
7.628 3.814
7.719 3.860
7.810 3.905
7.901 3.950
7.992 3.996
---
CollisionFootprint(i, j, t_in, t_out):
0 0 0.000000 5.568788
0 1 5.568788 11.137078
1 1 11.137078 16.705368
1 2 16.705368 27.841948
1 3 27.841948 33.410238
2 3 33.410238 38.978528
2 4 38.978528 50.115107
2 5 50.115107 55.683397
3 5 55.683397 61.251687
3 6 61.251687 72.389263
3 7 72.389263 77.957553
4 7 77.957553 83.525843
4 8 83.525843 89.000000
=== END ===

=== PRIMITIVE ===
ID: 57
StartHeadingNum: 5
Goal: i=8 j=-4 heading=5
Length: 8.934838
ExecutionTime(ticks): 89
TotalHeadingChange: 0.0000
BendingEnergy: 0.0000
---
Trajectory(x,y):
0.000 0.000
-0.045 0.091
-0.091 0.182
-0.136 0.272
-0.182 0.363
-0.227 0.454
-0.272 0.545
-0.318 0.636
-0.363 0.727
-0.409 0.817
-0.454 0.908
-0.499 0.999
-0.545 1.090
-0.590 1.181
-0.636 1.271
-0.681 1.362
-0.727 1.453
-0.772 1.544
-0.817 1.635
-0.863 1.725
-0.908 1.816
-0.954 1.907
-0.999 1.998
-1.044 2.089
-1.090 2.180
-1.135 2.270
-1.181 2.361
-1.226 2.452
-1.271 2.543
-1.317 2.634
-1.362 2.724
-1.408 2.815
-1.453 2.906
-1.498 2.997
-1.544 3.088
-1.589 3.178
-1.635 3.269
-1.680 3.360
-1.725 3.451
-1.771 3.542
-1.816 3.633
-1.862 3.723
-1.907 3.814
-1.952 3.905
-1.998 3.996
-2.043 4.087
-2.089 4.177
-2.134 4.268
-2.180 4.359
-2.225 4.450
-2.270 4.541
-2.316 4.631
-2.361 4.722
-2.407 4.813
-2.452 4.904
-2.497 4.995
-2.543 5.086
-2.588 5.176
-2.634 5.267
-2.679 5.358
-2.724 5.449
-2.770 5.540
-2.815 5.630
-2.861 5.721
-2.906 5.812
-2.951 5.903
-2.997 5.994
-3.042 6.084
-3.088 6.175
-3.133 6.266
-3.178 6.357
-3.224 6.448
-3.269 6.539
-3.315 6.629
-3.360 6.720
-3.405 6.811
-3.451 6.902
-3.496 6.993
-3.542 7.083
-3.587 7.174
-3.633 7.265
-3.678 7.356
-3.723 7.447
-3.769 7.537
-3.814 7.628
-3.860 7.719
-3.905 7.810
-3.950 7.901
-3.996 7.992
---
CollisionFootprint(i, j, t_in, t_out):
0 0 0.000000 5.568788
1 0 5.568788 11.137078
1 -1 11.137078 16.705368
2 -1 16.705368 27.841948
3 -1 27.841948 33.410238
3 -2 33.410238 38.978528
4 -2 38.978528 50.115107
5 -2 50.115107 55.683397
5 -3 55.683397 61.251687
6 -3 61.251687 72.389263
7 -3 72.389263 77.957553
7 -4 77.957553 83.525843
8 -4 83.525843 89.000000
=== END ===

=== PRIMITIVE ===
ID: 58
StartHeadingNum: 9
Goal: i=-4 j=-8 heading=9
Length: 8.934838
ExecutionTime(ticks): 89
TotalHeadingChange: 0.0000
BendingEnergy: 0.0000
---
Trajectory(x,y):
0.000 0.000
-0.091 -0.045
-0.182 -0.091
-0.272 -0.136
-0.363 -0.182
-0.454 -0.227
-0.545 -0.272
-0.636 -0.318
-0.727 -0.363
-0.817 -0.409
-0.908 -0.454
-0.999 -0.499
-1.090 -0.545
-1.181 -0.590
-1.271 -0.636
-1.362 -0.681
-1.453 -0.727
-1.544 -0.772
-1.635 -0.817
-1.725 -0.863
-1.816 -0.908
-1.907 -0.954
-1.998 -0.999
-2.089 -1.044
-2.180 -1.090
-2.270 -1.135
-2.361 -1.181
-2.452 -1.226
-2.543 -1.271
-2.634 -1.317
-2.724 -1.362
-2.815 -1.408
-2.906 -1.453
-2.997 -1.498
-3.088 -1.544
-3.178 -1.589
-3.269 -1.635
-3.360 -1.680
-3.451 -1.725
-3.542 -1.771
-3.633 -1.816
-3.723 -1.862
-3.814 -1.907
-3.905 -1.952
-3.996 -1.998
-4.087 -2.043
-4.177 -2.089
-4.268 -2.134
-4.359 -2.180
-4.450 -2.225
-4.541 -2.270
-4.631 -2.316
-4.722 -2.361
-4.813 -2.407
-4.904 -2.452
-4.995 -2.497
-5.086 -2.543
-5.176 -2.588
-5.267 -2.634
-5.358 -2.679
-5.449 -2.724
-5.540 -2.770
-5.630 -2.815
-5.721 -2.861
-5.812 -2.906
-5.903 -2.951
-5.994 -2.997
-6.084 -3.042
-6.175 -3.088
-6.266 -3.133
-6.357 -3.178
-6.448 -3.224
-6.539 -3.269
-6.629 -3.315
-6.720 -3.360
-6.811 -3.405
-6.902 -3.451
-6.993 -3.496
-7.083 -3.542
-7.174 -3.587
-7.265 -3.633
-7.356 -3.678
-7.447 -3.723
-7.537 -3.769
-7.628 -3.814
-7.719 -3.860
-7.810 -3.905
-7.901 -3.950
-7.992 -3.996
---
CollisionFootprint(i, j, t_in, t_out):
0 0 0.000000 5.568788
0 -1 5.568788 11.137078
-1 -1 11.137078 16.705368
-1 -2 16.705368 27.841948
-1 -3 27.841948 33.410238
-2 -3 33.410238 38.978528
-2 -4 38.978528 50.115107
-2 -5 50.115107 55.683397
-3 -5 55.683397 61.251687
-3 -6 61.251687 72.389263
-3 -7 72.389263 77.957553
-4 -7 77.957553 83.525843
-4 -8 83.525843 89.000000
=== END ===

=== PRIMITIVE ===
ID: 59
StartHeadingNum: 13
Goal: i=-8 j=4 heading=13
Length: 8.934838
ExecutionTime(ticks): 89
TotalHeadingChange: 0.0000
BendingEnergy: 0.0000
---
Trajectory(x,y):
0.000 0.000
0.045 -0.091
0.091 -0.182
0.136 -0.272
0.182 -0.363
0.227 -0.454
0.272 -0.545
0.318 -0.636
0.363 -0.727
0.409 -0.817
0.454 -0.908
0.499 -0.999
0.545 -1.090
0.590 -1.181
0.636 -1.271
0.681 -1.362
0.727 -1.453
0.772 -1.544
0.817 -1.635
0.863 -1.725
0.908 -1.816
0.954 -1.907
0.999 -1.998
1.044 -2.089
1.090 -2.180
1.135 -2.270
1.181 -2.361
1.226 -2.452
1.271 -2.543
1.317 -2.634
1.362 -2.724
1.408 -2.815
1.453 -2.906
1.498 -2.997
1.544 -3.088
1.589 -3.178
1.635 -3.269
1.680 -3.360
1.725 -3.451
1.771 -3.542
1.816 -3.633
1.862 -3.723
1.907 -3.814
1.952 -3.905
1.998 -3.996
2.043 -4.087
2.089 -4.177
2.134 -4.268
2.180 -4.359
2.225 -4.450
2.270 -4.541
2.316 -4.631
2.361 -4.722
2.407 -4.813
2.452 -4.904
2.497 -4.995
2.543 -5.086
2.588 -5.176
2.634 -5.267
2.679 -5.358
2.724 -5.449
2.770 -5.540
2.815 -5.630
2.861 -5.721
2.906 -5.812
2.951 -5.903
2.997 -5.994
3.042 -6.084
3.088 -6.175
3.133 -6.266
3.178 -6.357
3.224 -6.448
3.269 -6.539
3.315 -6.629
3.360 -6.720
3.405 -6.811
3.451 -6.902
3.496 -6.993
3.542 -7.083
3.587 -7.174
3.633 -7.265
3.678 -7.356
3.723 -7.447
3.769 -7.537
3.814 -7.628
3.860 -7.719
3.905 -7.810
3.950 -7.901
3.996 -7.992
---
CollisionFootprint(i, j, t_in, t_out):
0 0 0.000000 5.568788
-1 0 5.568788 11.137078
-1 1 11.137078 16.705368
-2 1 16.705368 27.841948
-3 1 27.841948 33.410238
-3 2 33.410238 38.978528
-4 2 38.978528 50.115107
-5 2 50.115107 55.683397
-5 3 55.683397 61.251687
-6 3 61.251687 72.389263
-7 3 72.389263 77.957553
-7 4 77.957553 83.525843
-8 4 83.525843 89.000000
=== END ===

=== PRIMITIVE ===
ID: 60
StartHeadingNum: 7
Goal: i=4 j=-8 heading=7
Length: 8.934838
ExecutionTime(ticks): 89
TotalHeadingChange: 0.0000
BendingEnergy: 0.0000
---
Trajectory(x,y):
0.000 0.000
-0.091 0.045
-0.182 0.091
-0.272 0.136
-0.363 0.182
-0.454 0.227
-0.545 0.272
-0.636 0.318
-0.727 0.363
-0.817 0.409
-0.908 0.454
-0.999 0.499
-1.090 0.545
-1.181 0.590
-1.271 0.636
-1.362 0.681
-1.453 0.727
-1.544 0.772
-1.635 0.817
-1.725 0.863
-1.816 0.908
-1.907 0.954
-1.998 0.999
-2.089 1.044
-2.180 1.090
-2.270 1.135
-2.361 1.181
-2.452 1.226
-2.543 1.271
-2.634 1.317
-2.724 1.362
-2.815 1.408
-2.906 1.453
-2.997 1.498
-3.088 1.544
-3.178 1.589
-3.269 1.635
-3.360 1.680
-3.451 1.725
-3.542 1.771
-3.633 1.816
-3.723 1.862
-3.814 1.907
-3.905 1.952
-3.996 1.998
-4.087 2.043
-4.177 2.089
-4.268 2.134
-4.359 2.180
-4.450 2.225
-4.541 2.270
-4.631 2.316
-4.722 2.361
-4.813 2.407
-4.904 2.452
-4.995 2.497
-5.086 2.543
-5.176 2.588
-5.267 2.634
-5.358 2.679
-5.449 2.724
-5.540 2.770
-5.630 2.815
-5.721 2.861
-5.812 2.906
-5.903 2.951
-5.994 2.997
-6.084 3.042
-6.175 3.088
-6.266 3.133
-6.357 3.178
-6.448 3.224
-6.539 3.269
-6.629 3.315
-6.720 3.360
-6.811 3.405
-6.902 3.451
-6.993 3.496
-7.083 3.542
-7.174 3.587
-7.265 3.633
-7.356 3.678
-7.447 3.723
-7.537 3.769
-7.628 3.814
-7.719 3.860
-7.810 3.905
-7.901 3.950
-7.992 3.996
---
CollisionFootprint(i, j, t_in, t_out):
0 0 0.000000 5.568788
0 -1 5.568788 11.137078
1 -1 11.137078 16.705368
1 -2 16.705368 27.841948
1 -3 27.841948 33.410238
2 -3 33.410238 38.978528
2 -4 38.978528 50.115107
2 -5 50.115107 55.683397
3 -5 55.683397 61.251687
3 -6 61.251687 72.389263
3 -7 72.389263 77.957553
4 -7 77.957553 83.525843
4 -8 83.525843 89.000000
=== END ===

=== PRIMITIVE ===
ID: 61
StartHeadingNum: 11
Goal: i=-8 j=-4 heading=11
Length: 8.934838
ExecutionTime(ticks): 89
TotalHeadingChange: 0.0000
BendingEnergy: 0.0000
---
Trajectory(x,y):
0.000 0.000
-0.045 -0.091
-0.091 -0.182
-0.136 -0.272
-0.182 -0.363
-0.227 -0.454
-0.272 -0.545
-0.318 -0.636
-0.363 -0.727
-0.409 -0.817
-0.454 -0.908
-0.499 -0.999
-0.545 -1.090
-0.590 -1.181
-0.636 -1.271
-0.681 -1.362
-0.727 -1.453
-0.772 -1.544
-0.817 -1.635
-0.863 -1.725
-0.908 -1.816
-0.954 -1.907
-0.999 -1.998
-1.044 -2.089
-1.090 -2.180
-1.135 -2.270
-1.181 -2.361
-1.226 -2.452
-1.271 -2.543
-1.317 -2.634
-1.362 -2.724
-1.408 -2.815
-1.453 -2.906
-1.498 -2.997
-1.544 -3.088
-1.589 -3.178
-1.635 -3.269
-1.680 -3.360
-1.725 -3.451
-1.771 -3.542
-1.816 -3.633
-1.862 -3.723
-1.907 -3.814
-1.952 -3.905
-1.998 -3.996
-2.043 -4.087
-2.089 -4.177
-2.134 -4.268
-2.180 -4.359
-2.225 -4.450
-2.270 -4.541
-2.316 -4.631
-2.361 -4.722
-2.407 -4.813
-2.452 -4.904
-2.497 -4.995
-2.543 -5.086
-2.588 -5.176
-2.634 -5.267
-2.679 -5.358
-2.724 -5.449
-2.770 -5.540
-2.815 -5.630
-2.861 -5.721
-2.906 -5.812
-2.951 -5.903
-2.997 -5.994
-3.042 -6.084
-3.088 -6.175
-3.133 -6.266
-3.178 -6.357
-3.224 -6.448
-3.269 -6.539
-3.315 -6.629
-3.360 -6.720
-3.405 -6.811
-3.451 -6.902
-3.496 -6.993
-3.542 -7.083
-3.587 -7.174
-3.633 -7.265
-3.678 -7.356
-3.723 -7.447
-3.769 -7.537
-3.814 -7.628
-3.860 -7.719
-3.905 -7.810
-3.950 -7.901
-3.996 -7.992
---
CollisionFootprint(i, j, t_in, t_out):
0 0 0.000000 5.568788
-1 0 5.568788 11.137078
-1 -1 11.137078 16.705368
-2 -1 16.705368 27.841948
-3 -1 27.841948 33.410238
-3 -2 33.410238 38.978528
-4 -2 38.978528 50.115107
-5 -2 50.115107 55.683397
-5 -3 55.683397 61.251687
-6 -3 61.251687 72.389263
-7 -3 72.389263 77.957553
-7 -4 77.957553 83.525843
-8 -4 83.525843 89.000000
=== END ===

=== PRIMITIVE ===
ID: 62
StartHeadingNum: 15
Goal: i=-4 j=8 heading=15
Length: 8.934838
ExecutionTime(ticks): 89
TotalHeadingChange: 0.0000
BendingEnergy: 0.0000
---
Trajectory(x,y):
0.000 0.000
0.091 -0.045
0.182 -0.091
0.272 -0.136
0.363 -0.182
0.454 -0.227
0.545 -0.272
0.636 -0.318
0.727 -0.363
0.817 -0.409
0.908 -0.454
0.999 -0.499
1.090 -0.545
1.181 -0.590
1.271 -0.636
1.362 -0.681
1.453 -0.727
1.544 -0.772
1.635 -0.817
1.725 -0.863
1.816 -0.908
1.907 -0.954
1.998 -0.999
2.089 -1.044
2.180 -1.090
2.270 -1.135
2.361 -1.181
2.452 -1.226
2.543 -1.271
2.634 -1.317
2.724 -1.362
2.815 -1.408
2.906 -1.453
2.997 -1.498
3.088 -1.544
3.178 -1.589
3.269 -1.635
3.360 -1.680
3.451 -1.725
3.542 -1.771
3.633 -1.816
3.723 -1.862
3.814 -1.907
3.905 -1.952
3.996 -1.998
4.087 -2.043
4.177 -2.089
4.268 -2.134
4.359 -2.180
4.450 -2.225
4.541 -2.270
4.631 -2.316
4.722 -2.361
4.813 -2.407
4.904 -2.452
4.995 -2.497
5.086 -2.543
5.176 -2.588
5.267 -2.634
5.358 -2.679
5.449 -2.724
5.540 -2.770
5.630 -2.815
5.721 -2.861
5.812 -2.906
5.903 -2.951
5.994 -2.997
6.084 -3.042
6.175 -3.088
6.266 -3.133
6.357 -3.178
6.448 -3.224
6.539 -3.269
6.629 -3.315
6.720 -3.360
6.811 -3.405
6.902 -3.451
6.993 -3.496
7.083 -3.542
7.174 -3.587
7.265 -3.633
7.356 -3.678
7.447 -3.723
7.537 -3.769
7.628 -3.814
7.719 -3.860
7.810 -3.905
7.901 -3.950
7.992 -3.996
---
CollisionFootprint(i, j, t_in, t_out):
0 0 0.000000 5.568788
0 1 5.568788 11.137078
-1 1 11.137078 16.705368
-1 2 16.705368 27.841948
-1 3 27.841948 33.410238
-2 3 33.410238 38.978528
-2 4 38.978528 50.115107
-2 5 50.115107 55.683397
-3 5 55.683397 61.251687
-3 6 61.251687 72.389263
-3 7 72.389263 77.957553
-4 7 77.957553 83.525843
-4 8 83.525843 89.000000
=== END ===

=== PRIMITIVE ===
ID: 63
StartHeadingNum: 3
Goal: i=8 j=4 heading=3
Length: 8.934838
ExecutionTime(ticks): 89
TotalHeadingChange: 0.0000
BendingEnergy: 0.0000
---
Trajectory(x,y):
0.000 0.000
0.045 0.091
0.091 0.182
0.136 0.272
0.182 0.363
0.227 0.454
0.272 0.545
0.318 0.636
0.363 0.727
0.409 0.817
0.454 0.908
0.499 0.999
0.545 1.090
0.590 1.181
0.636 1.271
0.681 1.362
0.727 1.453
0.772 1.544
0.817 1.635
0.863 1.725
0.908 1.816
0.954 1.907
0.999 1.998
1.044 2.089
1.090 2.180
1.135 2.270
1.181 2.361
1.226 2.452
1.271 2.543
1.317 2.634
1.362 2.724
1.408 2.815
1.453 2.906
1.498 2.997
1.544 3.088
1.589 3.178
1.635 3.269
1.680 3.360
1.725 3.451
1.771 3.542
1.816 3.633
1.862 3.723
1.907 3.814
1.952 3.905
1.998 3.996
2.043 4.087
2.089 4.177
2.134 4.268
2.180 4.359
2.225 4.450
2.270 4.541
2.316 4.631
2.361 4.722
2.407 4.813
2.452 4.904
2.497 4.995
2.543 5.086
2.588 5.176
2.634 5.267
2.679 5.358
2.724 5.449
2.770 5.540
2.815 5.630
2.861 5.721
2.906 5.812
2.951 5.903
2.997 5.994
3.042 6.084
3.088 6.175
3.133 6.266
3.178 6.357
3.224 6.448
3.269 6.539
3.315 6.629
3.360 6.720
3.405 6.811
3.451 6.902
3.496 6.993
3.542 7.083
3.587 7.174
3.633 7.265
3.678 7.356
3.723 7.447
3.769 7.537
3.814 7.628
3.860 7.719
3.905 7.810
3.950 7.901
3.996 7.992
---
CollisionFootprint(i, j, t_in, t_out):
0 0 0.000000 5.568788
1 0 5.568788 11.137078
1 1 11.137078 16.705368
2 1 16.705368 27.841948
3 1 27.841948 33.410238
3 2 33.410238 38.978528
4 2 38.978528 50.115107
5 2 50.115107 55.683397
5 3 55.683397 61.251687
6 3 61.251687 72.389263
7 3 72.389263 77.957553
7 4 77.957553 83.525843
8 4 83.525843 89.000000
=== END ===

=== PRIMITIVE ===
ID: 64
StartHeadingNum: 1
Goal: i=5 j=7 heading=2
Length: 8.646866
ExecutionTime(ticks): 86
TotalHeadingChange: 0.3214
BendingEnergy: 0.0144
---
Trajectory(x,y):
0.000 0.000
0.091 0.045
0.182 0.091
0.273 0.137
0.364 0.182
0.455 0.228
0.546 0.274
0.636 0.320
0.727 0.366
0.818 0.412
0.908 0.458
0.999 0.505
1.089 0.552
1.179 0.599
1.269 0.646
1.359 0.694
1.449 0.741
1.539 0.789
1.628 0.838
1.717 0.886
1.807 0.935
1.896 0.985
1.984 1.035
2.073 1.085
2.161 1.135
2.249 1.186
2.337 1.237
2.425 1.289
2.512 1.341
2.599 1.393
2.686 1.446
2.773 1.499
2.859 1.553
2.945 1.607
3.031 1.662
3.117 1.717
3.202 1.773
3.287 1.829
3.371 1.885
3.456 1.942
3.540 2.000
3.623 2.057
3.707 2.116
3.790 2.175
3.872 2.234
3.955 2.294
4.037 2.354
4.118 2.415
4.200 2.476
4.280 2.537
4.361 2.600
4.441 2.662
4.521 2.725
4.601 2.788
4.680 2.852
4.759 2.917
4.837 2.981
4.915 3.046
4.993 3.112
5.071 3.178
5.148 3.244
5.225 3.311
5.301 3.378
5.377 3.445
5.453 3.513
5.529 3.581
5.604 3.650
5.679 3.719
5.754 3.788
5.828 3.857
5.902 3.927
5.976 3.997
6.050 4.067
6.123 4.137
6.196 4.208
6.269 4.279
6.342 4.350
6.415 4.421
6.487 4.492
6.560 4.564
6.632 4.635
6.704 4.707
6.776 4.779
6.848 4.851
6.920 4.922
6.992 4.994
---
CollisionFootprint(i, j, t_in, t_out):
0 0 0.000000 5.563290
0 1 5.563290 11.022644
1 1 11.022644 16.763470
1 2 16.763470 28.187436
1 3 28.187436 31.375126
2 3 31.375126 39.991338
2 4 39.991338 48.962622
3 4 48.962622 52.343264
3 5 52.343264 64.555946
4 5 64.555946 65.380469
4 6 65.380469 79.029352
5 6 79.029352 79.094001
5 7 79.094001 86.000000
=== END ===

=== PRIMITIVE ===
ID: 65
StartHeadingNum: 5
Goal: i=7 j=-5 heading=6
Length: 8.646866
ExecutionTime(ticks): 86
TotalHeadingChange: 0.3214
BendingEnergy: 0.0144
---
Trajectory(x,y):
0.000 0.000
-0.045 0.091
-0.091 0.182
-0.137 0.273
-0.182 0.364
-0.228 0.455
-0.274 0.546
-0.320 0.636
-0.366 0.727
-0.412 0.818
-0.458 0.908
-0.505 0.999
-0.552 1.089
-0.599 1.179
-0.646 1.269
-0.694 1.359
-0.741 1.449
-0.789 1.539
-0.838 1.628
-0.886 1.717
-0.935 1.807
-0.985 1.896
-1.035 1.984
-1.085 2.073
-1.135 2.161
-1.186 2.249
-1.237 2.337
-1.289 2.425
-1.341 2.512
-1.393 2.599
-1.446 2.686
-1.499 2.773
-1.553 2.859
-1.607 2.945
-1.662 3.031
-1.717 3.117
-1.773 3.202
-1.829 3.287
-1.885 3.371
-1.942 3.456
-2.000 3.540
-2.057 3.623
-2.116 3.707
-2.175 3.790
-2.234 3.872
-2.294 3.955
-2.354 4.037
-2.415 4.118
-2.476 4.200
-2.537 4.280
-2.600 4.361
-2.662 4.441
-2.725 4.521
-2.788 4.601
-2.852 4.680
-2.917 4.759
-2.981 4.837
-3.046 4.915
-3.112 4.993
-3.178 5.071
-3.244 5.148
-3.311 5.225
-3.378 5.301
-3.445 5.377
-3.513 5.453
-3.581 5.529
-3.650 5.604
-3.719 5.679
-3.788 5.754
-3.857 5.828
-3.927 5.902
-3.997 5.976
-4.067 6.050
-4.137 6.123
-4.208 6.196
-4.279 6.269
-4.350 6.342
-4.421 6.415
-4.492 6.487
-4.564 6.560
-4.635 6.632
-4.707 6.704
-4.779 6.776
-4.851 6.848
-4.922 6.920
-4.994 6.992
---
CollisionFootprint(i, j, t_in, t_out):
0 0 0.000000 5.563290
1 0 5.563290 11.022644
1 -1 11.022644 16.763470
2 -1 16.763470 28.187436
3 -1 28.187436 31.375126
3 -2 31.375126 39.991338
4 -2 39.991338 48.962622
4 -3 48.962622 52.343264
5 -3 52.343264 64.555946
5 -4 64.555946 65.380469
6 -4 65.380469 79.029352
6 -5 79.029352 79.094001
7 -5 79.094001 86.000000
=== END ===

=== PRIMITIVE ===
ID: 66
StartHeadingNum: 9
Goal: i=-5 j=-7 heading=10
Length: 8.646866
ExecutionTime(ticks): 86
TotalHeadingChange: 0.3214
BendingEnergy: 0.0144
---
Trajectory(x,y):
0.000 0.000
-0.091 -0.045
-0.182 -0.091
-0.273 -0.137
-0.364 -0.182
-0.455 -0.228
-0.546 -0.274
-0.636 -0.320
-0.727 -0.366
-0.818 -0.412
-0.908 -0.458
-0.999 -0.505
-1.089 -0.552
-1.179 -0.599
-1.269 -0.646
-1.359 -0.694
-1.449 -0.741
-1.539 -0.789
-1.628 -0.838
-1.717 -0.886
-1.807 -0.935
-1.896 -0.985
-1.984 -1.035
-2.073 -1.085
-2.161 -1.135
-2.249 -1.186
-2.337 -1.237
-2.425 -1.289
-2.512 -1.341
-2.599 -1.393
-2.686 -1.446
-2.773 -1.499
-2.859 -1.553
-2.945 -1.607
-3.031 -1.662
-3.117 -1.717
-3.202 -1.773
-3.287 -1.829
-3.371 -1.885
-3.456 -1.942
-3.540 -2.000
-3.623 -2.057
-3.707 -2.116
-3.790 -2.175
-3.872 -2.234
-3.955 -2.294
-4.037 -2.354
-4.118 -2.415
-4.200 -2.476
-4.280 -2.537
-4.361 -2.600
-4.441 -2.662
-4.521 -2.725
-4.601 -2.788
-4.680 -2.852
-4.759 -2.917
-4.837 -2.981
-4.915 -3.046
-4.993 -3.112
-5.071 -3.178
-5.148 -3.244
-5.225 -3.311
-5.301 -3.378
-5.377 -3.445
-5.453 -3.513
-5.529 -3.581
-5.604 -3.650
-5.679 -3.719
-5.754 -3.788
-5.828 -3.857
-5.902 -3.927
-5.976 -3.997
-6.050 -4.067
-6.123 -4.137
-6.196 -4.208
-6.269 -4.279
-6.342 -4.350
-6.415 -4.421
-6.487 -4.492
-6.560 -4.564
-6.632 -4.635
-6.704 -4.707
-6.776 -4.779
-6.848 -4.851
-6.920 -4.922
-6.992 -4.994
---
CollisionFootprint(i, j, t_in, t_out):
0 0 0.000000 5.563290
0 -1 5.563290 11.022644
-1 -1 11.022644 16.763470
-1 -2 16.763470 28.187436
-1 -3 28.187436 31.375126
-2 -3 31.375126 39.991338
-2 -4 39.991338 48.962622
-3 -4 48.962622 52.343264
-3 -5 52.343264 64.555946
-4 -5 64.555946 65.380469
-4 -6 65.380469 79.029352
-5 -6 79.029352 79.094001
-5 -7 79.094001 86.000000
=== END ===

=== PRIMITIVE ===
ID: 67
StartHeadingNum: 13
Goal: i=-7 j=5 heading=14
Length: 8.646866
ExecutionTime(ticks): 86
TotalHeadingChange: 0.3214
BendingEnergy: 0.0144
---
Trajectory(x,y):
0.000 0.000
0.045 -0.091
0.091 -0.182
0.137 -0.273
0.182 -0.364
0.228 -0.455
0.274 -0.546
0.320 -0.636
0.366 -0.727
0.412 -0.818
0.458 -0.908
0.505 -0.999
0.552 -1.089
0.599 -1.179
0.646 -1.269
0.694 -1.359
0.741 -1.449
0.789 -1.539
0.838 -1.628
0.886 -1.717
0.935 -1.807
0.985 -1.896
1.035 -1.984
1.085 -2.073
1.135 -2.161
1.186 -2.249
1.237 -2.337
1.289 -2.425
1.341 -2.512
1.393 -2.599
1.446 -2.686
1.499 -2.773
1.553 -2.859
1.607 -2.945
1.662 -3.031
1.717 -3.117
1.773 -3.202
1.829 -3.287
1.885 -3.371
1.942 -3.456
2.000 -3.540
2.057 -3.623
2.116 -3.707
2.175 -3.790
2.234 -3.872
2.294 -3.955
2.354 -4.037
2.415 -4.118
2.476 -4.200
2.537 -4.280
2.600 -4.361
2.662 -4.441
2.725 -4.521
2.788 -4.601
2.852 -4.680
2.917 -4.759
2.981 -4.837
3.046 -4.915
3.112 -4.993
3.178 -5.071
3.244 -5.148
3.311 -5.225
3.378 -5.301
3.445 -5.377
3.513 -5.453
3.581 -5.529
3.650 -5.604
3.719 -5.679
3.788 -5.754
3.857 -5.828
3.927 -5.902
3.997 -5.976
4.067 -6.050
4.137 -6.123
4.208 -6.196
4.279 -6.269
4.350 -6.342
4.421 -6.415
4.492 -6.487
4.564 -6.560
4.635 -6.632
4.707 -6.704
4.779 -6.776
4.851 -6.848
4.922 -6.920
4.994 -6.992
---
CollisionFootprint(i, j, t_in, t_out):
0 0 0.000000 5.563290
-1 0 5.563290 11.022644
-1 1 11.022644 16.763470
-2 1 16.763470 28.187436
-3 1 28.187436 31.375126
-3 2 31.375126 39.991338
-4 2 39.991338 48.962622
-4 3 48.962622 52.343264
-5 3 52.343264 64.555946
-5 4 64.555946 65.380469
-6 4 65.380469 79.029352
-6 5 79.029352 79.094001
-7 5 79.094001 86.000000
=== END ===

=== PRIMITIVE ===
ID: 68
StartHeadingNum: 7
Goal: i=5 j=-7 heading=6
Length: 8.646866
ExecutionTime(ticks): 86
TotalHeadingChange: 0.3214
BendingEnergy: 0.0144
---
Trajectory(x,y):
0.000 0.000
-0.091 0.045
-0.182 0.091
-0.273 0.137
-0.364 0.182
-0.455 0.228
-0.546 0.274
-0.636 0.320
-0.727 0.366
-0.818 0.412
-0.908 0.458
-0.999 0.505
-1.089 0.552
-1.179 0.599
-1.269 0.646
-1.359 0.694
-1.449 0.741
-1.539 0.789
-1.628 0.838
-1.717 0.886
-1.807 0.935
-1.896 0.985
-1.984 1.035
-2.073 1.085
-2.161 1.135
-2.249 1.186
-2.337 1.237
-2.425 1.289
-2.512 1.341
-2.599 1.393
-2.686 1.446
-2.773 1.499
-2.859 1.553
-2.945 1.607
-3.031 1.662
-3.117 1.717
-3.202 1.773
-3.287 1.829
-3.371 1.885
-3.456 1.942
-3.540 2.000
-3.623 2.057
-3.707 2.116
-3.790 2.175
-3.872 2.234
-3.955 2.294
-4.037 2.354
-4.118 2.415
-4.200 2.476
-4.280 2.537
-4.361 2.600
-4.441 2.662
-4.521 2.725
-4.601 2.788
-4.680 2.852
-4.759 2.917
-4.837 2.981
-4.915 3.046
-4.993 3.112
-5.071 3.178
-5.148 3.244
-5.225 3.311
-5.301 3.378
-5.377 3.445
-5.453 3.513
-5.529 3.581
-5.604 3.650
-5.679 3.719
-5.754 3.788
-5.828 3.857
-5.902 3.927
-5.976 3.997
-6.050 4.067
-6.123 4.137
-6.196 4.208
-6.269 4.279
-6.342 4.350
-6.415 4.421
-6.487 4.492
-6.560 4.564
-6.632 4.635
-6.704 4.707
-6.776 4.779
-6.848 4.851
-6.920 4.922
-6.992 4.994
---
CollisionFootprint(i, j, t_in, t_out):
0 0 0.000000 5.563290
0 -1 5.563290 11.022644
1 -1 11.022644 16.763470
1 -2 16.763470 28.187436
1 -3 28.187436 31.375126
2 -3 31.375126 39.991338
2 -4 39.991338 48.962622
3 -4 48.962622 52.343264
3 -5 52.343264 64.555946
4 -5 64.555946 65.380469
4 -6 65.380469 79.029352
5 -6 79.029352 79.094001
5 -7 79.094001 86.000000
=== END ===

=== PRIMITIVE ===
ID: 69
StartHeadingNum: 11
Goal: i=-7 j=-5 heading=10
Length: 8.646866
ExecutionTime(ticks): 86
TotalHeadingChange: 0.3214
BendingEnergy: 0.0144
---
Trajectory(x,y):
0.000 0.000
-0.045 -0.091
-0.091 -0.182
-0.137 -0.273
-0.182 -0.364
-0.228 -0.455
-0.274 -0.546
-0.320 -0.636
-0.366 -0.727
-0.412 -0.818
-0.458 -0.908
-0.505 -0.999
-0.552 -1.089
-0.599 -1.179
-0.646 -1.269
-0.694 -1.359
-0.741 -1.449
-0.789 -1.539
-0.838 -1.628
-0.886 -1.717
-0.935 -1.807
-0.985 -1.896
-1.035 -1.984
-1.085 -2.073
-1.135 -2.161
-1.186 -2.249
-1.237 -2.337
-1.289 -2.425
-1.341 -2.512
-1.393 -2.599
-1.446 -2.686
-1.499 -2.773
-1.553 -2.859
-1.607 -2.945
-1.662 -3.031
-1.717 -3.117
-1.773 -3.202
-1.829 -3.287
-1.885 -3.371
-1.942 -3.456
-2.000 -3.540
-2.057 -3.623
-2.116 -3.707
-2.175 -3.790
-2.234 -3.872
-2.294 -3.955
-2.354 -4.037
-2.415 -4.118
-2.476 -4.200
-2.537 -4.280
-2.600 -4.361
-2.662 -4.441
-2.725 -4.521
-2.788 -4.601
-2.852 -4.680
-2.917 -4.759
-2.981 -4.837
-3.046 -4.915
-3.112 -4.993
-3.178 -5.071
-3.244 -5.148
-3.311 -5.225
-3.378 -5.301
-3.445 -5.377
-3.513 -5.453
-3.581 -5.529
-3.650 -5.604
-3.719 -5.679
-3.788 -5.754
-3.857 -5.828
-3.927 -5.902
-3.997 -5.976
-4.067 -6.050
-4.137 -6.123
-4.208 -6.196
-4.279 -6.269
-4.350 -6.342
-4.421 -6.415
-4.492 -6.487
-4.564 -6.560
-4.635 -6.632
-4.707 -6.704
-4.779 -6.776
-4.851 -6.848
-4.922 -6.920
-4.994 -6.992
---
CollisionFootprint(i, j, t_in, t_out):
0 0 0.000000 5.563290
-1 0 5.563290 11.022644
-1 -1 11.022644 16.763470
-2 -1 16.763470 28.187436
-3 -1 28.187436 31.375126
-3 -2 31.375126 39.991338
-4 -2 39.991338 48.962622
-4 -3 48.962622 52.343264
-5 -3 52.343264 64.555946
-5 -4 64.555946 65.380469
-6 -4 65.380469 79.029352
-6 -5 79.029352 79.094001
-7 -5 79.094001 86.000000
=== END ===

=== PRIMITIVE ===
ID: 70
StartHeadingNum: 15
Goal: i=-5 j=7 heading=14
Length: 8.646866
ExecutionTime(ticks): 86
TotalHeadingChange: 0.3214
BendingEnergy: 0.0144
---
Trajectory(x,y):
0.000 0.000
0.091 -0.045
0.182 -0.091
0.273 -0.137
0.364 -0.182
0.455 -0.228
0.546 -0.274
0.636 -0.320
0.727 -0.366
0.818 -0.412
0.908 -0.458
0.999 -0.505
1.089 -0.552
1.179 -0.599
1.269 -0.646
1.359 -0.694
1.449 -0.741
1.539 -0.789
1.628 -0.838
1.717 -0.886
1.807 -0.935
1.896 -0.985
1.984 -1.035
2.073 -1.085
2.161 -1.135
2.249 -1.186
2.337 -1.237
2.425 -1.289
2.512 -1.341
2.599 -1.393
2.686 -1.446
2.773 -1.499
2.859 -1.553
2.945 -1.607
3.031 -1.662
3.117 -1.717
3.202 -1.773
3.287 -1.829
3.371 -1.885
3.456 -1.942
3.540 -2.000
3.623 -2.057
3.707 -2.116
3.790 -2.175
3.872 -2.234
3.955 -2.294
4.037 -2.354
4.118 -2.415
4.200 -2.476
4.280 -2.537
4.361 -2.600
4.441 -2.662
4.521 -2.725
4.601 -2.788
4.680 -2.852
4.759 -2.917
4.837 -2.981
4.915 -3.046
4.993 -3.112
5.071 -3.178
5.148 -3.244
5.225 -3.311
5.301 -3.378
5.377 -3.445
5.453 -3.513
5.529 -3.581
5.604 -3.650
5.679 -3.719
5.754 -3.788
5.828 -3.857
5.902 -3.927
5.976 -3.997
6.050 -4.067
6.123 -4.137
6.196 -4.208
6.269 -4.279
6.342 -4.350
6.415 -4.421
6.487 -4.492
6.560 -4.564
6.632 -4.635
6.704 -4.707
6.776 -4.779
6.848 -4.851
6.920 -4.922
6.992 -4.994
---
CollisionFootprint(i, j, t_in, t_out):
0 0 0.000000 5.563290
0 1 5.563290 11.022644
-1 1 11.022644 16.763470
-1 2 16.763470 28.187436
-1 3 28.187436 31.375126
-2 3 31.375126 39.991338
-2 4 39.991338 48.962622
-3 4 48.962622 52.343264
-3 5 52.343264 64.555946
-4 5 64.555946 65.380469
-4 6 65.380469 79.029352
-5 6 79.029352 79.094001
-5 7 79.094001 86.000000
=== END ===

=== PRIMITIVE ===
ID: 71
StartHeadingNum: 3
Goal: i=7 j=5 heading=2
Length: 8.646866
ExecutionTime(ticks): 86
TotalHeadingChange: 0.3214
BendingEnergy: 0.0144
---
Trajectory(x,y):
0.000 0.000
0.045 0.091
0.091 0.182
0.137 0.273
0.182 0.364
0.228 0.455
0.274 0.546
0.320 0.636
0.366 0.727
0.412 0.818
0.458 0.908
0.505 0.999
0.552 1.089
0.599 1.179
0.646 1.269
0.694 1.359
0.741 1.449
0.789 1.539
0.838 1.628
0.886 1.717
0.935 1.807
0.985 1.896
1.035 1.984
1.085 2.073
1.135 2.161
1.186 2.249
1.237 2.337
1.289 2.425
1.341 2.512
1.393 2.599
1.446 2.686
1.499 2.773
1.553 2.859
1.607 2.945
1.662 3.031
1.717 3.117
1.773 3.202
1.829 3.287
1.885 3.371
1.942 3.456
2.000 3.540
2.057 3.623
2.116 3.707
2.175 3.790
2.234 3.872
2.294 3.955
2.354 4.037
2.415 4.118
2.476 4.200
2.537 4.280
2.600 4.361
2.662 4.441
2.725 4.521
2.788 4.601
2.852 4.680
2.917 4.759
2.981 4.837
3.046 4.915
3.112 4.993
3.178 5.071
3.244 5.148
3.311 5.225
3.378 5.301
3.445 5.377
3.513 5.453
3.581 5.529
3.650 5.604
3.719 5.679
3.788 5.754
3.857 5.828
3.927 5.902
3.997 5.976
4.067 6.050
4.137 6.123
4.208 6.196
4.279 6.269
4.350 6.342
4.421 6.415
4.492 6.487
4.564 6.560
4.635 6.632
4.707 6.704
4.779 6.776
4.851 6.848
4.922 6.920
4.994 6.992
---
CollisionFootprint(i, j, t_in, t_out):
0 0 0.000000 5.563290
1 0 5.563290 11.022644
1 1 11.022644 16.763470
2 1 16.763470 28.187436
3 1 28.187436 31.375126
3 2 31.375126 39.991338
4 2 39.991338 48.962622
4 3 48.962622 52.343264
5 3 52.343264 64.555946
5 4 64.555946 65.380469
6 4 65.380469 79.029352
6 5 79.029352 79.094001
7 5 79.094001 86.000000
=== END ===

=== PRIMITIVE ===
ID: 72
StartHeadingNum: 1
Goal: i=5 j=6 heading=3
Length: 8.013691
ExecutionTime(ticks): 80
TotalHeadingChange: 0.6517
BendingEnergy: 0.0788
---
Trajectory(x,y):
0.000 0.000
0.091 0.045
0.181 0.091
0.272 0.136
0.363 0.181
0.454 0.226
0.545 0.272
0.636 0.317
0.726 0.362
0.817 0.407
0.908 0.452
0.999 0.497
1.090 0.542
1.181 0.587
1.272 0.632
1.363 0.677
1.454 0.722
1.544 0.767
1.635 0.813
1.726 0.858
1.816 0.904
1.906 0.950
1.997 0.997
2.087 1.044
2.176 1.091
2.266 1.138
2.355 1.186
2.444 1.235
2.533 1.284
2.622 1.334
2.710 1.384
2.797 1.435
2.885 1.487
2.971 1.539
3.058 1.593
3.144 1.647
3.229 1.702
3.314 1.757
3.398 1.814
3.481 1.872
3.564 1.931
3.646 1.991
3.727 2.051
3.807 2.113
3.887 2.176
3.965 2.240
4.043 2.306
4.120 2.372
4.196 2.439
4.270 2.508
4.344 2.578
4.417 2.648
4.488 2.720
4.558 2.794
4.627 2.868
4.695 2.943
4.762 3.020
4.828 3.097
4.892 3.175
4.955 3.255
5.017 3.335
5.077 3.417
5.137 3.499
5.195 3.582
5.252 3.666
5.307 3.751
5.362 3.836
5.415 3.923
5.468 4.009
5.519 4.097
5.570 4.185
5.619 4.273
5.668 4.362
5.716 4.452
5.763 4.542
5.810 4.632
5.856 4.722
5.902 4.812
5.947 4.903
5.993 4.994
---
CollisionFootprint(i, j, t_in, t_out):
0 0 0.000000 5.578087
0 1 5.578087 11.212579
1 1 11.212579 16.720285
1 2 16.720285 27.975292
1 3 27.975292 32.660386
2 3 32.660386 39.725463
2 4 39.725463 49.504960
3 4 49.504960 52.830349
3 5 52.830349 62.797529
4 5 62.797529 69.491234
4 6 69.491234 74.467836
5 6 74.467836 80.000000
=== END ===

=== PRIMITIVE ===
ID: 73
StartHeadingNum: 5
Goal: i=6 j=-5 heading=7
Length: 8.013691
ExecutionTime(ticks): 80
TotalHeadingChange: 0.6517
BendingEnergy: 0.0788
---
Trajectory(x,y):
0.000 0.000
-0.045 0.091
-0.091 0.181
-0.136 0.272
-0.181 0.363
-0.226 0.454
-0.272 0.545
-0.317 0.636
-0.362 0.726
-0.407 0.817
-0.452 0.908
-0.497 0.999
-0.542 1.090
-0.587 1.181
-0.632 1.272
-0.677 1.363
-0.722 1.454
-0.767 1.544
-0.813 1.635
-0.858 1.726
-0.904 1.816
-0.950 1.906
-0.997 1.997
-1.044 2.087
-1.091 2.176
-1.138 2.266
-1.186 2.355
-1.235 2.444
-1.284 2.533
-1.334 2.622
-1.384 2.710
-1.435 2.797
-1.487 2.885
-1.539 2.971
-1.593 3.058
-1.647 3.144
-1.702 3.229
-1.757 3.314
-1.814 3.398
-1.872 3.481
-1.931 3.564
-1.991 3.646
-2.051 3.727
-2.113 3.807
-2.176 3.887
-2.240 3.965
-2.306 4.043
-2.372 4.120
-2.439 4.196
-2.508 4.270
-2.578 4.344
-2.648 4.417
-2.720 4.488
-2.794 4.558
-2.868 4.627
-2.943 4.695
-3.020 4.762
-3.097 4.828
-3.175 4.892
-3.255 4.955
-3.335 5.017
-3.417 5.077
-3.499 5.137
-3.582 5.195
-3.666 5.252
-3.751 5.307
-3.836 5.362
-3.923 5.415
-4.009 5.468
-4.097 5.519
-4.185 5.570
-4.273 5.619
-4.362 5.668
-4.452 5.716
-4.542 5.763
-4.632 5.810
-4.722 5.856
-4.812 5.902
-4.903 5.947
-4.994 5.993
---
CollisionFootprint(i, j, t_in, t_out):
0 0 0.000000 5.578087
1 0 5.578087 11.212579
1 -1 11.212579 16.720285
2 -1 16.720285 27.975292
3 -1 27.975292 32.660386
3 -2 32.660386 39.725463
4 -2 39.725463 49.504960
4 -3 49.504960 52.830349
5 -3 52.830349 62.797529
5 -4 62.797529 69.491234
6 -4 69.491234 74.467836
6 -5 74.467836 80.000000
=== END ===

=== PRIMITIVE ===
ID: 74
StartHeadingNum: 9
Goal: i=-5 j=-6 heading=11
Length: 8.013691
ExecutionTime(ticks): 80
TotalHeadingChange: 0.6517
BendingEnergy: 0.0788
---
Trajectory(x,y):
0.000 0.000
-0.091 -0.045
-0.181 -0.091
-0.272 -0.136
-0.363 -0.181
-0.454 -0.226
-0.545 -0.272
-0.636 -0.317
-0.726 -0.362
-0.817 -0.407
-0.908 -0.452
-0.999 -0.497
-1.090 -0.542
-1.181 -0.587
-1.272 -0.632
-1.363 -0.677
-1.454 -0.722
-1.544 -0.767
-1.635 -0.813
-1.726 -0.858
-1.816 -0.904
-1.906 -0.950
-1.997 -0.997
-2.087 -1.044
-2.176 -1.091
-2.266 -1.138
-2.355 -1.186
-2.444 -1.235
-2.533 -1.284
-2.622 -1.334
-2.710 -1.384
-2.797 -1.435
-2.885 -1.487
-2.971 -1.539
-3.058 -1.593
-3.144 -1.647
-3.229 -1.702
-3.314 -1.757
-3.398 -1.814
-3.481 -1.872
-3.564 -1.931
-3.646 -1.991
-3.727 -2.051
-3.807 -2.113
-3.887 -2.176
-3.965 -2.240
-4.043 -2.306
-4.120 -2.372
-4.196 -2.439
-4.270 -2.508
-4.344 -2.578
-4.417 -2.648
-4.488 -2.720
-4.558 -2.794
-4.627 -2.868
-4.695 -2.943
-4.762 -3.020
-4.828 -3.097
-4.892 -3.175
-4.955 -3.255
-5.017 -3.335
-5.077 -3.417
-5.137 -3.499
-5.195 -3.582
-5.252 -3.666
-5.307 -3.751
-5.362 -3.836
-5.415 -3.923
-5.468 -4.009
-5.519 -4.097
-5.570 -4.185
-5.619 -4.273
-5.668 -4.362
-5.716 -4.452
-5.763 -4.542
-5.810 -4.632
-5.856 -4.722
-5.902 -4.812
-5.947 -4.903
-5.993 -4.994
---
CollisionFootprint(i, j, t_in, t_out):
0 0 0.000000 5.578087
0 -1 5.578087 11.212579
-1 -1 11.212579 16.720285
-1 -2 16.720285 27.975292
-1 -3 27.975292 32.660386
-2 -3 32.660386 39.725463
-2 -4 39.725463 49.504960
-3 -4 49.504960 52.830349
-3 -5 52.830349 62.797529
-4 -5 62.797529 69.491234
-4 -6 69.491234 74.467836
-5 -6 74.467836 80.000000
=== END ===

=== PRIMITIVE ===
ID: 75
StartHeadingNum: 13
Goal: i=-6 j=5 heading=15
Length: 8.013691
ExecutionTime(ticks): 80
TotalHeadingChange: 0.6517
BendingEnergy: 0.0788
---
Trajectory(x,y):
0.000 0.000
0.045 -0.091
0.091 -0.181
0.136 -0.272
0.181 -0.363
0.226 -0.454
0.272 -0.545
0.317 -0.636
0.362 -0.726
0.407 -0.817
0.452 -0.908
0.497 -0.999
0.542 -1.090
0.587 -1.181
0.632 -1.272
0.677 -1.363
0.722 -1.454
0.767 -1.544
0.813 -1.635
0.858 -1.726
0.904 -1.816
0.950 -1.906
0.997 -1.997
1.044 -2.087
1.091 -2.176
1.138 -2.266
1.186 -2.355
1.235 -2.444
1.284 -2.533
1.334 -2.622
1.384 -2.710
1.435 -2.797
1.487 -2.885
1.539 -2.971
1.593 -3.058
1.647 -3.144
1.702 -3.229
1.757 -3.314
1.814 -3.398
1.872 -3.481
1.931 -3.564
1.991 -3.646
2.051 -3.727
2.113 -3.807
2.176 -3.887
2.240 -3.965
2.306 -4.043
2.372 -4.120
2.439 -4.196
2.508 -4.270
2.578 -4.344
2.648 -4.417
2.720 -4.488
2.794 -4.558
2.868 -4.627
2.943 -4.695
3.020 -4.762
3.097 -4.828
3.175 -4.892
3.255 -4.955
3.335 -5.017
3.417 -5.077
3.499 -5.137
3.582 -5.195
3.666 -5.252
3.751 -5.307
3.836 -5.362
3.923 -5.415
4.009 -5.468
4.097 -5.519
4.185 -5.570
4.273 -5.619
4.362 -5.668
4.452 -5.716
4.542 -5.763
4.632 -5.810
4.722 -5.856
4.812 -5.902
4.903 -5.947
4.994 -5.993
---
CollisionFootprint(i, j, t_in, t_out):
0 0 0.000000 5.578087
-1 0 5.578087 11.212579
-1 1 11.212579 16.720285
-2 1 16.720285 27.975292
-3 1 27.975292 32.660386
-3 2 32.660386 39.725463
-4 2 39.725463 49.504960
-4 3 49.504960 52.830349
-5 3 52.830349 62.797529
-5 4 62.797529 69.491234
-6 4 69.491234 74.467836
-6 5 74.467836 80.000000
=== END ===

=== PRIMITIVE ===
ID: 76
StartHeadingNum: 7
Goal: i=5 j=-6 heading=5
Length: 8.013691
ExecutionTime(ticks): 80
TotalHeadingChange: 0.6517
BendingEnergy: 0.0788
---
Trajectory(x,y):
0.000 0.000
-0.091 0.045
-0.181 0.091
-0.272 0.136
-0.363 0.181
-0.454 0.226
-0.545 0.272
-0.636 0.317
-0.726 0.362
-0.817 0.407
-0.908 0.452
-0.999 0.497
-1.090 0.542
-1.181 0.587
-1.272 0.632
-1.363 0.677
-1.454 0.722
-1.544 0.767
-1.635 0.813
-1.726 0.858
-1.816 0.904
-1.906 0.950
-1.997 0.997
-2.087 1.044
-2.176 1.091
-2.266 1.138
-2.355 1.186
-2.444 1.235
-2.533 1.284
-2.622 1.334
-2.710 1.384
-2.797 1.435
-2.885 1.487
-2.971 1.539
-3.058 1.593
-3.144 1.647
-3.229 1.702
-3.314 1.757
-3.398 1.814
-3.481 1.872
-3.564 1.931
-3.646 1.991
-3.727 2.051
-3.807 2.113
-3.887 2.176
-3.965 2.240
-4.043 2.306
-4.120 2.372
-4.196 2.439
-4.270 2.508
-4.344 2.578
-4.417 2.648
-4.488 2.720
-4.558 2.794
-4.627 2.868
-4.695 2.943
-4.762 3.020
-4.828 3.097
-4.892 3.175
-4.955 3.255
-5.017 3.335
-5.077 3.417
-5.137 3.499
-5.195 3.582
-5.252 3.666
-5.307 3.751
-5.362 3.836
-5.415 3.923
-5.468 4.009
-5.519 4.097
-5.570 4.185
-5.619 4.273
-5.668 4.362
-5.716 4.452
-5.763 4.542
-5.810 4.632
-5.856 4.722
-5.902 4.812
-5.947 4.903
-5.993 4.994
---
CollisionFootprint(i, j, t_in, t_out):
0 0 0.000000 5.578087
0 -1 5.578087 11.212579
1 -1 11.212579 16.720285
1 -2 16.720285 27.975292
1 -3 27.975292 32.660386
2 -3 32.660386 39.725463
2 -4 39.725463 49.504960
3 -4 49.504960 52.830349
3 -5 52.830349 62.797529
4 -5 62.797529 69.491234
4 -6 69.491234 74.467836
5 -6 74.467836 80.000000
=== END ===

=== PRIMITIVE ===
ID: 77
StartHeadingNum: 11
Goal: i=-6 j=-5 heading=9
Length: 8.013691
ExecutionTime(ticks): 80
TotalHeadingChange: 0.6517
BendingEnergy: 0.0788
---
Trajectory(x,y):
0.000 0.000
-0.045 -0.091
-0.091 -0.181
-0.136 -0.272
-0.181 -0.363
-0.226 -0.454
-0.272 -0.545
-0.317 -0.636
-0.362 -0.726
-0.407 -0.817
-0.452 -0.908
-0.497 -0.999
-0.542 -1.090
-0.587 -1.181
-0.632 -1.272
-0.677 -1.363
-0.722 -1.454
-0.767 -1.544
-0.813 -1.635
-0.858 -1.726
-0.904 -1.816
-0.950 -1.906
-0.997 -1.997
-1.044 -2.087
-1.091 -2.176
-1.138 -2.266
-1.186 -2.355
-1.235 -2.444
-1.284 -2.533
-1.334 -2.622
-1.384 -2.710
-1.435 -2.797
-1.487 -2.885
-1.539 -2.971
-1.593 -3.058
-1.647 -3.144
-1.702 -3.229
-1.757 -3.314
-1.814 -3.398
-1.872 -3.481
-1.931 -3.564
-1.991 -3.646
-2.051 -3.727
-2.113 -3.807
-2.176 -3.887
-2.240 -3.965
-2.306 -4.043
-2.372 -4.120
-2.439 -4.196
-2.508 -4.270
-2.578 -4.344
-2.648 -4.417
-2.720 -4.488
-2.794 -4.558
-2.868 -4.627
-2.943 -4.695
-3.020 -4.762
-3.097 -4.828
-3.175 -4.892
-3.255 -4.955
-3.335 -5.017
-3.417 -5.077
-3.499 -5.137
-3.582 -5.195
-3.666 -5.252
-3.751 -5.307
-3.836 -5.362
-3.923 -5.415
-4.009 -5.468
-4.097 -5.519
-4.185 -5.570
-4.273 -5.619
-4.362 -5.668
-4.452 -5.716
-4.542 -5.763
-4.632 -5.810
-4.722 -5.856
-4.812 -5.902
-4.903 -5.947
-4.994 -5.993
---
CollisionFootprint(i, j, t_in, t_out):
0 0 0.000000 5.578087
-1 0 5.578087 11.212579
-1 -1 11.212579 16.720285
-2 -1 16.720285 27.975292
-3 -1 27.975292 32.660386
-3 -2 32.660386 39.725463
-4 -2 39.725463 49.504960
-4 -3 49.504960 52.830349
-5 -3 52.830349 62.797529
-5 -4 62.797529 69.491234
-6 -4 69.491234 74.467836
-6 -5 74.467836 80.000000
=== END ===

=== PRIMITIVE ===
ID: 78
StartHeadingNum: 15
Goal: i=-5 j=6 heading=13
Length: 8.013691
ExecutionTime(ticks): 80
TotalHeadingChange: 0.6517
BendingEnergy: 0.0788
---
Trajectory(x,y):
0.000 0.000
0.091 -0.045
0.181 -0.091
0.272 -0.136
0.363 -0.181
0.454 -0.226
0.545 -0.272
0.636 -0.317
0.726 -0.362
0.817 -0.407
0.908 -0.452
0.999 -0.497
1.090 -0.542
1.181 -0.587
1.272 -0.632
1.363 -0.677
1.454 -0.722
1.544 -0.767
1.635 -0.813
1.726 -0.858
1.816 -0.904
1.906 -0.950
1.997 -0.997
2.087 -1.044
2.176 -1.091
2.266 -1.138
2.355 -1.186
2.444 -1.235
2.533 -1.284
2.622 -1.334
2.710 -1.384
2.797 -1.435
2.885 -1.487
2.971 -1.539
3.058 -1.593
3.144 -1.647
3.229 -1.702
3.314 -1.757
3.398 -1.814
3.481 -1.872
3.564 -1.931
3.646 -1.991
3.727 -2.051
3.807 -2.113
3.887 -2.176
3.965 -2.240
4.043 -2.306
4.120 -2.372
4.196 -2.439
4.270 -2.508
4.344 -2.578
4.417 -2.648
4.488 -2.720
4.558 -2.794
4.627 -2.868
4.695 -2.943
4.762 -3.020
4.828 -3.097
4.892 -3.175
4.955 -3.255
5.017 -3.335
5.077 -3.417
5.137 -3.499
5.195 -3.582
5.252 -3.666
5.307 -3.751
5.362 -3.836
5.415 -3.923
5.468 -4.009
5.519 -4.097
5.570 -4.185
5.619 -4.273
5.668 -4.362
5.716 -4.452
5.763 -4.542
5.810 -4.632
5.856 -4.722
5.902 -4.812
5.947 -4.903
5.993 -4.994
---
CollisionFootprint(i, j, t_in, t_out):
0 0 0.000000 5.578087
0 1 5.578087 11.212579
-1 1 11.212579 16.720285
-1 2 16.720285 27.975292
-1 3 27.975292 32.660386
-2 3 32.660386 39.725463
-2 4 39.725463 49.504960
-3 4 49.504960 52.830349
-3 5 52.830349 62.797529
-4 5 62.797529 69.491234
-4 6 69.491234 74.467836
-5 6 74.467836 80.000000
=== END ===

=== PRIMITIVE ===
ID: 79
StartHeadingNum: 3
Goal: i=6 j=5 heading=1
Length: 8.013691
ExecutionTime(ticks): 80
TotalHeadingChange: 0.6517
BendingEnergy: 0.0788
---
Trajectory(x,y):
0.000 0.000
0.045 0.091
0.091 0.181
0.136 0.272
0.181 0.363
0.226 0.454
0.272 0.545
0.317 0.636
0.362 0.726
0.407 0.817
0.452 0.908
0.497 0.999
0.542 1.090
0.587 1.181
0.632 1.272
0.677 1.363
0.722 1.454
0.767 1.544
0.813 1.635
0.858 1.726
0.904 1.816
0.950 1.906
0.997 1.997
1.044 2.087
1.091 2.176
1.138 2.266
1.186 2.355
1.235 2.444
1.284 2.533
1.334 2.622
1.384 2.710
1.435 2.797
1.487 2.885
1.539 2.971
1.593 3.058
1.647 3.144
1.702 3.229
1.757 3.314
1.814 3.398
1.872 3.481
1.931 3.564
1.991 3.646
2.051 3.727
2.113 3.807
2.176 3.887
2.240 3.965
2.306 4.043
2.372 4.120
2.439 4.196
2.508 4.270
2.578 4.344
2.648 4.417
2.720 4.488
2.794 4.558
2.868 4.627
2.943 4.695
3.020 4.762
3.097 4.828
3.175 4.892
3.255 4.955
3.335 5.017
3.417 5.077
3.499 5.137
3.582 5.195
3.666 5.252
3.751 5.307
3.836 5.362
3.923 5.415
4.009 5.468
4.097 5.519
4.185 5.570
4.273 5.619
4.362 5.668
4.452 5.716
4.542 5.763
4.632 5.810
4.722 5.856
4.812 5.902
4.903 5.947
4.994 5.993
---
CollisionFootprint(i, j, t_in, t_out):
0 0 0.000000 5.578087
1 0 5.578087 11.212579
1 1 11.212579 16.720285
2 1 16.720285 27.975292
3 1 27.975292 32.660386
3 2 32.660386 39.725463
4 2 39.725463 49.504960
4 3 49.504960 52.830349
5 3 52.830349 62.797529
5 4 62.797529 69.491234
6 4 69.491234 74.467836
6 5 74.467836 80.000000
=== END ===

=== PRIMITIVE ===
ID: 80
StartHeadingNum: 1
Goal: i=7 j=4 heading=4
Length: 8.687601
ExecutionTime(ticks): 87
TotalHeadingChange: 1.1057
BendingEnergy: 0.1711
---
Trajectory(x,y):
0.000 0.000
0.091 0.046
0.183 0.092
0.274 0.138
0.365 0.184
0.456 0.231
0.547 0.278
0.637 0.326
0.727 0.374
0.816 0.424
0.906 0.474
0.994 0.525
1.082 0.577
1.170 0.629
1.256 0.683
1.342 0.739
1.428 0.795
1.512 0.852
1.596 0.911
1.679 0.971
1.760 1.032
1.841 1.095
1.921 1.159
2.000 1.224
2.077 1.291
2.153 1.359
2.228 1.429
2.302 1.499
2.374 1.572
2.445 1.645
2.515 1.720
2.583 1.796
2.649 1.874
2.714 1.953
2.778 2.033
2.839 2.114
2.900 2.197
2.958 2.281
3.015 2.366
3.070 2.452
3.124 2.539
3.175 2.627
3.225 2.716
3.273 2.806
3.320 2.897
3.364 2.989
3.407 3.082
3.448 3.176
3.488 3.270
3.525 3.365
3.561 3.461
3.596 3.557
3.628 3.654
3.659 3.751
3.688 3.849
3.716 3.948
3.741 4.047
3.766 4.146
3.789 4.246
3.810 4.346
3.830 4.446
3.848 4.546
3.865 4.647
3.881 4.748
3.895 4.849
3.909 4.951
3.921 5.052
3.931 5.154
3.941 5.255
3.950 5.357
3.958 5.459
3.965 5.561
3.970 5.663
3.976 5.765
3.980 5.867
3.984 5.970
3.987 6.072
3.989 6.174
3.991 6.276
3.993 6.378
3.994 6.480
3.995 6.583
3.995 6.685
3.995 6.787
3.996 6.889
3.996 6.992
---
CollisionFootprint(i, j, t_in, t_out):
0 0 0.000000 5.614567
0 1 5.614567 10.765968
1 1 10.765968 17.250285
1 2 17.250285 27.644219
2 2 27.644219 30.488305
2 3 30.488305 40.485669
3 3 40.485669 49.454555
3 4 49.454555 51.594630
4 4 51.594630 61.964529
5 4 61.964529 72.057030
6 4 72.057030 82.077427
7 4 82.077427 87.000000
=== END ===

=== PRIMITIVE ===
ID: 81
StartHeadingNum: 5
Goal: i=4 j=-7 heading=8
Length: 8.687601
ExecutionTime(ticks): 87
TotalHeadingChange: 1.1057
BendingEnergy: 0.1711
---
Trajectory(x,y):
0.000 0.000
-0.046 0.091
-0.092 0.183
-0.138 0.274
-0.184 0.365
-0.231 0.456
-0.278 0.547
-0.326 0.637
-0.374 0.727
-0.424 0.816
-0.474 0.906
-0.525 0.994
-0.577 1.082
-0.629 1.170
-0.683 1.256
-0.739 1.342
-0.795 1.428
-0.852 1.512
-0.911 1.596
-0.971 1.679
-1.032 1.760
-1.095 1.841
-1.159 1.921
-1.224 2.000
-1.291 2.077
-1.359 2.153
-1.429 2.228
-1.499 2.302
-1.572 2.374
-1.645 2.445
-1.720 2.515
-1.796 2.583
-1.874 2.649
-1.953 2.714
-2.033 2.778
-2.114 2.839
-2.197 2.900
-2.281 2.958
-2.366 3.015
-2.452 3.070
-2.539 3.124
-2.627 3.175
-2.716 3.225
-2.806 3.273
-2.897 3.320
-2.989 3.364
-3.082 3.407
-3.176 3.448
-3.270 3.488
-3.365 3.525
-3.461 3.561
-3.557 3.596
-3.654 3.628
-3.751 3.659
-3.849 3.688
-3.948 3.716
-4.047 3.741
-4.146 3.766
-4.246 3.789
-4.346 3.810
-4.446 3.830
-4.546 3.848
-4.647 3.865
-4.748 3.881
-4.849 3.895
-4.951 3.909
-5.052 3.921
-5.154 3.931
-5.255 3.941
-5.357 3.950
-5.459 3.958
-5.561 3.965
-5.663 3.970
-5.765 3.976
-5.867 3.980
-5.970 3.984
-6.072 3.987
-6.174 3.989
-6.276 3.991
-6.378 3.993
-6.480 3.994
-6.583 3.995
-6.685 3.995
-6.787 3.995
-6.889 3.996
-6.992 3.996
---
CollisionFootprint(i, j, t_in, t_out):
0 0 0.000000 5.614567
1 0 5.614567 10.765968
1 -1 10.765968 17.250285
2 -1 17.250285 27.644219
2 -2 27.644219 30.488305
3 -2 30.488305 40.485669
3 -3 40.485669 49.454555
4 -3 49.454555 51.594630
4 -4 51.594630 61.964529
4 -5 61.964529 72.057030
4 -6 72.057030 82.077427
4 -7 82.077427 87.000000
=== END ===

=== PRIMITIVE ===
ID: 82
StartHeadingNum: 9
Goal: i=-7 j=-4 heading=12
Length: 8.687601
ExecutionTime(ticks): 87
TotalHeadingChange: 1.1057
BendingEnergy: 0.1711
---
Trajectory(x,y):
0.000 0.000
-0.091 -0.046
-0.183 -0.092
-0.274 -0.138
-0.365 -0.184
-0.456 -0.231
-0.547 -0.278
-0.637 -0.326
-0.727 -0.374
-0.816 -0.424
-0.906 -0.474
-0.994 -0.525
-1.082 -0.577
-1.170 -0.629
-1.256 -0.683
-1.342 -0.739
-1.428 -0.795
-1.512 -0.852
-1.596 -0.911
-1.679 -0.971
-1.760 -1.032
-1.841 -1.095
-1.921 -1.159
-2.000 -1.224
-2.077 -1.291
-2.153 -1.359
-2.228 -1.429
-2.302 -1.499
-2.374 -1.572
-2.445 -1.645
-2.515 -1.720
-2.583 -1.796
-2.649 -1.874
-2.714 -1.953
-2.778 -2.033
-2.839 -2.114
-2.900 -2.197
-2.958 -2.281
-3.015 -2.366
-3.070 -2.452
-3.124 -2.539
-3.175 -2.627
-3.225 -2.716
-3.273 -2.806
-3.320 -2.897
-3.364 -2.989
-3.407 -3.082
-3.448 -3.176
-3.488 -3.270
-3.525 -3.365
-3.561 -3.461
-3.596 -3.557
-3.628 -3.654
-3.659 -3.751
-3.688 -3.849
-3.716 -3.948
-3.741 -4.047
-3.766 -4.146
-3.789 -4.246
-3.810 -4.346
-3.830 -4.446
-3.848 -4.546
-3.865 -4.647
-3.881 -4.748
-3.895 -4.849
-3.909 -4.951
-3.921 -5.052
-3.931 -5.154
-3.941 -5.255
-3.950 -5.357
-3.958 -5.459
-3.965 -5.561
-3.970 -5.663
-3.976 -5.765
-3.980 -5.867
-3.984 -5.970
-3.987 -6.072
-3.989 -6.174
-3.991 -6.276
-3.993 -6.378
-3.994 -6.480
-3.995 -6.583
-3.995 -6.685
-3.995 -6.787
-3.996 -6.889
-3.996 -6.992
---
CollisionFootprint(i, j, t_in, t_out):
0 0 0.000000 5.614567
0 -1 5.614567 10.765968
-1 -1 10.765968 17.250285
-1 -2 17.250285 27.644219
-2 -2 27.644219 30.488305
-2 -3 30.488305 40.485669
-3 -3 40.485669 49.454555
-3 -4 49.454555 51.594630
-4 -4 51.594630 61.964529
-5 -4 61.964529 72.057030
-6 -4 72.057030 82.077427
-7 -4 82.077427 87.000000
=== END ===

=== PRIMITIVE ===
ID: 83
StartHeadingNum: 13
Goal: i=-4 j=7 heading=0
Length: 8.687601
ExecutionTime(ticks): 87
TotalHeadingChange: 1.1057
BendingEnergy: 0.1711
---
Trajectory(x,y):
0.000 0.000
0.046 -0.091
0.092 -0.183
0.138 -0.274
0.184 -0.365
0.231 -0.456
0.278 -0.547
0.326 -0.637
0.374 -0.727
0.424 -0.816
0.474 -0.906
0.525 -0.994
0.577 -1.082
0.629 -1.170
0.683 -1.256
0.739 -1.342
0.795 -1.428
0.852 -1.512
0.911 -1.596
0.971 -1.679
1.032 -1.760
1.095 -1.841
1.159 -1.921
1.224 -2.000
1.291 -2.077
1.359 -2.153
1.429 -2.228
1.499 -2.302
1.572 -2.374
1.645 -2.445
1.720 -2.515
1.796 -2.583
1.874 -2.649
1.953 -2.714
2.033 -2.778
2.114 -2.839
2.197 -2.900
2.281 -2.958
2.366 -3.015
2.452 -3.070
2.539 -3.124
2.627 -3.175
2.716 -3.225
2.806 -3.273
2.897 -3.320
2.989 -3.364
3.082 -3.407
3.176 -3.448
3.270 -3.488
3.365 -3.525
3.461 -3.561
3.557 -3.596
3.654 -3.628
3.751 -3.659
3.849 -3.688
3.948 -3.716
4.047 -3.741
4.146 -3.766
4.246 -3.789
4.346 -3.810
4.446 -3.830
4.546 -3.848
4.647 -3.865
4.748 -3.881
4.849 -3.895
4.951 -3.909
5.052 -3.921
5.154 -3.931
5.255 -3.941
5.357 -3.950
5.459 -3.958
5.561 -3.965
5.663 -3.970
5.765 -3.976
5.867 -3.980
5.970 -3.984
6.072 -3.987
6.174 -3.989
6.276 -3.991
6.378 -3.993
6.480 -3.994
6.583 -3.995
6.685 -3.995
6.787 -3.995
6.889 -3.996
6.992 -3.996
---
CollisionFootprint(i, j, t_in, t_out):
0 0 0.000000 5.614567
-1 0 5.614567 10.765968
-1 1 10.765968 17.250285
-2 1 17.250285 27.644219
-2 2 27.644219 30.488305
-3 2 30.488305 40.485669
-3 3 40.485669 49.454555
-4 3 49.454555 51.594630
-4 4 51.594630 61.964529
-4 5 61.964529 72.057030
-4 6 72.057030 82.077427
-4 7 82.077427 87.000000
=== END ===

=== PRIMITIVE ===
ID: 84
StartHeadingNum: 7
Goal: i=7 j=-4 heading=4
Length: 8.687601
ExecutionTime(ticks): 87
TotalHeadingChange: 1.1057
BendingEnergy: 0.1711
---
Trajectory(x,y):
0.000 0.000
-0.091 0.046
-0.183 0.092
-0.274 0.138
-0.365 0.184
-0.456 0.231
-0.547 0.278
-0.637 0.326
-0.727 0.374
-0.816 0.424
-0.906 0.474
-0.994 0.525
-1.082 0.577
-1.170 0.629
-1.256 0.683
-1.342 0.739
-1.428 0.795
-1.512 0.852
-1.596 0.911
-1.679 0.971
-1.760 1.032
-1.841 1.095
-1.921 1.159
-2.000 1.224
-2.077 1.291
-2.153 1.359
-2.228 1.429
-2.302 1.499
-2.374 1.572
-2.445 1.645
-2.515 1.720
-2.583 1.796
-2.649 1.874
-2.714 1.953
-2.778 2.033
-2.839 2.114
-2.900 2.197
-2.958 2.281
-3.015 2.366
-3.070 2.452
-3.124 2.539
-3.175 2.627
-3.225 2.716
-3.273 2.806
-3.320 2.897
-3.364 2.989
-3.407 3.082
-3.448 3.176
-3.488 3.270
-3.525 3.365
-3.561 3.461
-3.596 3.557
-3.628 3.654
-3.659 3.751
-3.688 3.849
-3.716 3.948
-3.741 4.047
-3.766 4.146
-3.789 4.246
-3.810 4.346
-3.830 4.446
-3.848 4.546
-3.865 4.647
-3.881 4.748
-3.895 4.849
-3.909 4.951
-3.921 5.052
-3.931 5.154
-3.941 5.255
-3.950 5.357
-3.958 5.459
-3.965 5.561
-3.970 5.663
-3.976 5.765
-3.980 5.867
-3.984 5.970
-3.987 6.072
-3.989 6.174
-3.991 6.276
-3.993 6.378
-3.994 6.480
-3.995 6.583
-3.995 6.685
-3.995 6.787
-3.996 6.889
-3.996 6.992
---
CollisionFootprint(i, j, t_in, t_out):
0 0 0.000000 5.614567
0 -1 5.614567 10.765968
1 -1 10.765968 17.250285
1 -2 17.250285 27.644219
2 -2 27.644219 30.488305
2 -3 30.488305 40.485669
3 -3 40.485669 49.454555
3 -4 49.454555 51.594630
4 -4 51.594630 61.964529
5 -4 61.964529 72.057030
6 -4 72.057030 82.077427
7 -4 82.077427 87.000000
=== END ===

=== PRIMITIVE ===
ID: 85
StartHeadingNum: 11
Goal: i=-4 j=-7 heading=8
Length: 8.687601
ExecutionTime(ticks): 87
TotalHeadingChange: 1.1057
BendingEnergy: 0.1711
---
Trajectory(x,y):
0.000 0.000
-0.046 -0.091
-0.092 -0.183
-0.138 -0.274
-0.184 -0.365
-0.231 -0.456
-0.278 -0.547
-0.326 -0.637
-0.374 -0.727
-0.424 -0.816
-0.474 -0.906
-0.525 -0.994
-0.577 -1.082
-0.629 -1.170
-0.683 -1.256
-0.739 -1.342
-0.795 -1.428
-0.852 -1.512
-0.911 -1.596
-0.971 -1.679
-1.032 -1.760
-1.095 -1.841
-1.159 -1.921
-1.224 -2.000
-1.291 -2.077
-1.359 -2.153
-1.429 -2.228
-1.499 -2.302
-1.572 -2.374
-1.645 -2.445
-1.720 -2.515
-1.796 -2.583
-1.874 -2.649
-1.953 -2.714
-2.033 -2.778
-2.114 -2.839
-2.197 -2.900
-2.281 -2.958
-2.366 -3.015
-2.452 -3.070
-2.539 -3.124
-2.627 -3.175
-2.716 -3.225
-2.806 -3.273
-2.897 -3.320
-2.989 -3.364
-3.082 -3.407
-3.176 -3.448
-3.270 -3.488
-3.365 -3.525
-3.461 -3.561
-3.557 -3.596
-3.654 -3.628
-3.751 -3.659
-3.849 -3.688
-3.948 -3.716
-4.047 -3.741
-4.146 -3.766
-4.246 -3.789
-4.346 -3.810
-4.446 -3.830
-4.546 -3.848
-4.647 -3.865
-4.748 -3.881
-4.849 -3.895
-4.951 -3.909
-5.052 -3.921
-5.154 -3.931
-5.255 -3.941
-5.357 -3.950
-5.459 -3.958
-5.561 -3.965
-5.663 -3.970
-5.765 -3.976
-5.867 -3.980
-5.970 -3.984
-6.072 -3.987
-6.174 -3.989
-6.276 -3.991
-6.378 -3.993
-6.480 -3.994
-6.583 -3.995
-6.685 -3.995
-6.787 -3.995
-6.889 -3.996
-6.992 -3.996
---
CollisionFootprint(i, j, t_in, t_out):
0 0 0.000000 5.614567
-1 0 5.614567 10.765968
-1 -1 10.765968 17.250285
-2 -1 17.250285 27.644219
-2 -2 27.644219 30.488305
-3 -2 30.488305 40.485669
-3 -3 40.485669 49.454555
-4 -3 49.454555 51.594630
-4 -4 51.594630 61.964529
-4 -5 61.964529 72.057030
-4 -6 72.057030 82.077427
-4 -7 82.077427 87.000000
=== END ===

=== PRIMITIVE ===
ID: 86
StartHeadingNum: 15
Goal: i=-7 j=4 heading=12
Length: 8.687601
ExecutionTime(ticks): 87
TotalHeadingChange: 1.1057
BendingEnergy: 0.1711
---
Trajectory(x,y):
0.000 0.000
0.091 -0.046
0.183 -0.092
0.274 -0.138
0.365 -0.184
0.456 -0.231
0.547 -0.278
0.637 -0.326
0.727 -0.374
0.816 -0.424
0.906 -0.474
0.994 -0.525
1.082 -0.577
1.170 -0.629
1.256 -0.683
1.342 -0.739
1.428 -0.795
1.512 -0.852
1.596 -0.911
1.679 -0.971
1.760 -1.032
1.841 -1.095
1.921 -1.159
2.000 -1.224
2.077 -1.291
2.153 -1.359
2.228 -1.429
2.302 -1.499
2.374 -1.572
2.445 -1.645
2.515 -1.720
2.583 -1.796
2.649 -1.874
2.714 -1.953
2.778 -2.033
2.839 -2.114
2.900 -2.197
2.958 -2.281
3.015 -2.366
3.070 -2.452
3.124 -2.539
3.175 -2.627
3.225 -2.716
3.273 -2.806
3.320 -2.897
3.364 -2.989
3.407 -3.082
3.448 -3.176
3.488 -3.270
3.525 -3.365
3.561 -3.461
3.596 -3.557
3.628 -3.654
3.659 -3.751
3.688 -3.849
3.716 -3.948
3.741 -4.047
3.766 -4.146
3.789 -4.246
3.810 -4.346
3.830 -4.446
3.848 -4.546
3.865 -4.647
3.881 -4.748
3.895 -4.849
3.909 -4.951
3.921 -5.052
3.931 -5.154
3.941 -5.255
3.950 -5.357
3.958 -5.459
3.965 -5.561
3.970 -5.663
3.976 -5.765
3.980 -5.867
3.984 -5.970
3.987 -6.072
3.989 -6.174
3.991 -6.276
3.993 -6.378
3.994 -6.480
3.995 -6.583
3.995 -6.685
3.995 -6.787
3.996 -6.889
3.996 -6.992
---
CollisionFootprint(i, j, t_in, t_out):
0 0 0.000000 5.614567
0 1 5.614567 10.765968
-1 1 10.765968 17.250285
-1 2 17.250285 27.644219
-2 2 27.644219 30.488305
-2 3 30.488305 40.485669
-3 3 40.485669 49.454555
-3 4 49.454555 51.594630
-4 4 51.594630 61.964529
-5 4 61.964529 72.057030
-6 4 72.057030 82.077427
-7 4 82.077427 87.000000
=== END ===

=== PRIMITIVE ===
ID: 87
StartHeadingNum: 3
Goal: i=4 j=7 heading=0
Length: 8.687601
ExecutionTime(ticks): 87
TotalHeadingChange: 1.1057
BendingEnergy: 0.1711
---
Trajectory(x,y):
0.000 0.000
0.046 0.091
0.092 0.183
0.138 0.274
0.184 0.365
0.231 0.456
0.278 0.547
0.326 0.637
0.374 0.727
0.424 0.816
0.474 0.906
0.525 0.994
0.577 1.082
0.629 1.170
0.683 1.256
0.739 1.342
0.795 1.428
0.852 1.512
0.911 1.596
0.971 1.679
1.032 1.760
1.095 1.841
1.159 1.921
1.224 2.000
1.291 2.077
1.359 2.153
1.429 2.228
1.499 2.302
1.572 2.374
1.645 2.445
1.720 2.515
1.796 2.583
1.874 2.649
1.953 2.714
2.033 2.778
2.114 2.839
2.197 2.900
2.281 2.958
2.366 3.015
2.452 3.070
2.539 3.124
2.627 3.175
2.716 3.225
2.806 3.273
2.897 3.320
2.989 3.364
3.082 3.407
3.176 3.448
3.270 3.488
3.365 3.525
3.461 3.561
3.557 3.596
3.654 3.628
3.751 3.659
3.849 3.688
3.948 3.716
4.047 3.741
4.146 3.766
4.246 3.789
4.346 3.810
4.446 3.830
4.546 3.848
4.647 3.865
4.748 3.881
4.849 3.895
4.951 3.909
5.052 3.921
5.154 3.931
5.255 3.941
5.357 3.950
5.459 3.958
5.561 3.965
5.663 3.970
5.765 3.976
5.867 3.980
5.970 3.984
6.072 3.987
6.174 3.989
6.276 3.991
6.378 3.993
6.480 3.994
6.583 3.995
6.685 3.995
6.787 3.995
6.889 3.996
6.992 3.996
---
CollisionFootprint(i, j, t_in, t_out):
0 0 0.000000 5.614567
1 0 5.614567 10.765968
1 1 10.765968 17.250285
2 1 17.250285 27.644219
2 2 27.644219 30.488305
3 2 30.488305 40.485669
3 3 40.485669 49.454555
4 3 49.454555 51.594630
4 4 51.594630 61.964529
4 5 61.964529 72.057030
4 6 72.057030 82.077427
4 7 82.077427 87.000000
=== END ===

=== PRIMITIVE ===
ID: 88
StartHeadingNum: 1
Goal: i=3 j=8 heading=0
Length: 8.676061
ExecutionTime(ticks): 87
TotalHeadingChange: 0.5969
BendingEnergy: 0.0610
---
Trajectory(x,y):
0.000 0.000
0.091 0.046
0.183 0.091
0.274 0.137
0.365 0.183
0.456 0.229
0.547 0.276
0.638 0.322
0.728 0.369
0.819 0.417
0.909 0.464
0.999 0.512
1.089 0.560
1.179 0.609
1.268 0.658
1.358 0.707
1.447 0.757
1.536 0.806
1.625 0.857
1.714 0.907
1.802 0.958
1.891 1.009
1.979 1.060
2.067 1.111
2.156 1.163
2.244 1.214
2.332 1.266
2.420 1.317
2.508 1.369
2.596 1.421
2.684 1.472
2.772 1.523
2.861 1.575
2.949 1.626
3.038 1.676
3.126 1.727
3.215 1.777
3.305 1.826
3.394 1.875
3.484 1.924
3.574 1.972
3.664 2.020
3.755 2.066
3.846 2.112
3.937 2.158
4.029 2.202
4.122 2.246
4.214 2.288
4.308 2.330
4.401 2.371
4.495 2.410
4.590 2.449
4.685 2.486
4.780 2.523
4.876 2.558
4.972 2.591
5.069 2.624
5.166 2.655
5.264 2.684
5.362 2.713
5.461 2.740
5.559 2.765
5.659 2.789
5.758 2.812
5.858 2.833
5.958 2.853
6.058 2.871
6.159 2.888
6.260 2.904
6.361 2.918
6.462 2.931
6.564 2.942
6.665 2.952
6.767 2.961
6.869 2.969
6.971 2.975
7.073 2.981
7.175 2.985
7.277 2.989
7.379 2.992
7.481 2.994
7.583 2.995
7.685 2.996
7.787 2.996
7.889 2.997
7.991 2.997
---
CollisionFootprint(i, j, t_in, t_out):
0 0 0.000000 5.614052
0 1 5.614052 11.001977
1 1 11.001977 16.983546
1 2 16.983546 28.567636
1 3 28.567636 31.262100
2 3 31.262100 40.102589
2 4 40.102589 51.228409
2 5 51.228409 53.603989
3 5 53.603989 61.820751
3 6 61.820751 72.027023
3 7 72.027023 82.075860
3 8 82.075860 87.000000
=== END ===

=== PRIMITIVE ===
ID: 89
StartHeadingNum: 5
Goal: i=8 j=-3 heading=4
Length: 8.676061
ExecutionTime(ticks): 87
TotalHeadingChange: 0.5969
BendingEnergy: 0.0610
---
Trajectory(x,y):
0.000 0.000
-0.046 0.091
-0.091 0.183
-0.137 0.274
-0.183 0.365
-0.229 0.456
-0.276 0.547
-0.322 0.638
-0.369 0.728
-0.417 0.819
-0.464 0.909
-0.512 0.999
-0.560 1.089
-0.609 1.179
-0.658 1.268
-0.707 1.358
-0.757 1.447
-0.806 1.536
-0.857 1.625
-0.907 1.714
-0.958 1.802
-1.009 1.891
-1.060 1.979
-1.111 2.067
-1.163 2.156
-1.214 2.244
-1.266 2.332
-1.317 2.420
-1.369 2.508
-1.421 2.596
-1.472 2.684
-1.523 2.772
-1.575 2.861
-1.626 2.949
-1.676 3.038
-1.727 3.126
-1.777 3.215
-1.826 3.305
-1.875 3.394
-1.924 3.484
-1.972 3.574
-2.020 3.664
-2.066 3.755
-2.112 3.846
-2.158 3.937
-2.202 4.029
-2.246 4.122
-2.288 4.214
-2.330 4.308
-2.371 4.401
-2.410 4.495
-2.449 4.590
-2.486 4.685
-2.523 4.780
-2.558 4.876
-2.591 4.972
-2.624 5.069
-2.655 5.166
-2.684 5.264
-2.713 5.362
-2.740 5.461
-2.765 5.559
-2.789 5.659
-2.812 5.758
-2.833 5.858
-2.853 5.958
-2.871 6.058
-2.888 6.159
-2.904 6.260
-2.918 6.361
-2.931 6.462
-2.942 6.564
-2.952 6.665
-2.961 6.767
-2.969 6.869
-2.975 6.971
-2.981 7.073
-2.985 7.175
-2.989 7.277
-2.992 7.379
-2.994 7.481
-2.995 7.583
-2.996 7.685
-2.996 7.787
-2.997 7.889
-2.997 7.991
---
CollisionFootprint(i, j, t_in, t_out):
0 0 0.000000 5.614052
1 0 5.614052 11.001977
1 -1 11.001977 16.983546
2 -1 16.983546 28.567636
3 -1 28.567636 31.262100
3 -2 31.262100 40.102589
4 -2 40.102589 51.228409
5 -2 51.228409 53.603989
5 -3 53.603989 61.820751
6 -3 61.820751 72.027023
7 -3 72.027023 82.075860
8 -3 82.075860 87.000000
=== END ===

=== PRIMITIVE ===
ID: 90
StartHeadingNum: 9
Goal: i=-3 j=-8 heading=8
Length: 8.676061
ExecutionTime(ticks): 87
TotalHeadingChange: 0.5969
BendingEnergy: 0.0610
---
Trajectory(x,y):
0.000 0.000
-0.091 -0.046
-0.183 -0.091
-0.274 -0.137
-0.365 -0.183
-0.456 -0.229
-0.547 -0.276
-0.638 -0.322
-0.728 -0.369
-0.819 -0.417
-0.909 -0.464
-0.999 -0.512
-1.089 -0.560
-1.179 -0.609
-1.268 -0.658
-1.358 -0.707
-1.447 -0.757
-1.536 -0.806
-1.625 -0.857
-1.714 -0.907
-1.802 -0.958
-1.891 -1.009
-1.979 -1.060
-2.067 -1.111
-2.156 -1.163
-2.244 -1.214
-2.332 -1.266
-2.420 -1.317
-2.508 -1.369
-2.596 -1.421
-2.684 -1.472
-2.772 -1.523
-2.861 -1.575
-2.949 -1.626
-3.038 -1.676
-3.126 -1.727
-3.215 -1.777
-3.305 -1.826
-3.394 -1.875
-3.484 -1.924
-3.574 -1.972
-3.664 -2.020
-3.755 -2.066
-3.846 -2.112
-3.937 -2.158
-4.029 -2.202
-4.122 -2.246
-4.214 -2.288
-4.308 -2.330
-4.401 -2.371
-4.495 -2.410
-4.590 -2.449
-4.685 -2.486
-4.780 -2.523
-4.876 -2.558
-4.972 -2.591
-5.069 -2.624
-5.166 -2.655
-5.264 -2.684
-5.362 -2.713
-5.461 -2.740
-5.559 -2.765
-5.659 -2.789
-5.758 -2.812
-5.858 -2.833
-5.958 -2.853
-6.058 -2.871
-6.159 -2.888
-6.260 -2.904
-6.361 -2.918
-6.462 -2.931
-6.564 -2.942
-6.665 -2.952
-6.767 -2.961
-6.869 -2.969
-6.971 -2.975
-7.073 -2.981
-7.175 -2.985
-7.277 -2.989
-7.379 -2.992
-7.481 -2.994
-7.583 -2.995
-7.685 -2.996
-7.787 -2.996
-7.889 -2.997
-7.991 -2.997
---
CollisionFootprint(i, j, t_in, t_out):
0 0 0.000000 5.614052
0 -1 5.614052 11.001977
-1 -1 11.001977 16.983546
-1 -2 16.983546 28.567636
-1 -3 28.567636 31.262100
-2 -3 31.262100 40.102589
-2 -4 40.102589 51.228409
-2 -5 51.228409 53.603989
-3 -5 53.603989 61.820751
-3 -6 61.820751 72.027023
-3 -7 72.027023 82.075860
-3 -8 82.075860 87.000000
=== END ===

=== PRIMITIVE ===
ID: 91
StartHeadingNum: 13
Goal: i=-8 j=3 heading=12
Length: 8.676061
ExecutionTime(ticks): 87
TotalHeadingChange: 0.5969
BendingEnergy: 0.0610
---
Trajectory(x,y):
0.000 0.000
0.046 -0.091
0.091 -0.183
0.137 -0.274
0.183 -0.365
0.229 -0.456
0.276 -0.547
0.322 -0.638
0.369 -0.728
0.417 -0.819
0.464 -0.909
0.512 -0.999
0.560 -1.089
0.609 -1.179
0.658 -1.268
0.707 -1.358
0.757 -1.447
0.806 -1.536
0.857 -1.625
0.907 -1.714
0.958 -1.802
1.009 -1.891
1.060 -1.979
1.111 -2.067
1.163 -2.156
1.214 -2.244
1.266 -2.332
1.317 -2.420
1.369 -2.508
1.421 -2.596
1.472 -2.684
1.523 -2.772
1.575 -2.861
1.626 -2.949
1.676 -3.038
1.727 -3.126
1.777 -3.215
1.826 -3.305
1.875 -3.394
1.924 -3.484
1.972 -3.574
2.020 -3.664
2.066 -3.755
2.112 -3.846
2.158 -3.937
2.202 -4.029
2.246 -4.122
2.288 -4.214
2.330 -4.308
2.371 -4.401
2.410 -4.495
2.449 -4.590
2.486 -4.685
2.523 -4.780
2.558 -4.876
2.591 -4.972
2.624 -5.069
2.655 -5.166
2.684 -5.264
2.713 -5.362
2.740 -5.461
2.765 -5.559
2.789 -5.659
2.812 -5.758
2.833 -5.858
2.853 -5.958
2.871 -6.058
2.888 -6.159
2.904 -6.260
2.918 -6.361
2.931 -6.462
2.942 -6.564
2.952 -6.665
2.961 -6.767
2.969 -6.869
2.975 -6.971
2.981 -7.073
2.985 -7.175
2.989 -7.277
2.992 -7.379
2.994 -7.481
2.995 -7.583
2.996 -7.685
2.996 -7.787
2.997 -7.889
2.997 -7.991
---
CollisionFootprint(i, j, t_in, t_out):
0 0 0.000000 5.614052
-1 0 5.614052 11.001977
-1 1 11.001977 16.983546
-2 1 16.983546 28.567636
-3 1 28.567636 31.262100
-3 2 31.262100 40.102589
-4 2 40.102589 51.228409
-5 2 51.228409 53.603989
-5 3 53.603989 61.820751
-6 3 61.820751 72.027023
-7 3 72.027023 82.075860
-8 3 82.075860 87.000000
=== END ===

=== PRIMITIVE ===
ID: 92
StartHeadingNum: 7
Goal: i=3 j=-8 heading=8
Length: 8.676061
ExecutionTime(ticks): 87
TotalHeadingChange: 0.5969
BendingEnergy: 0.0610
---
Trajectory(x,y):
0.000 0.000
-0.091 0.046
-0.183 0.091
-0.274 0.137
-0.365 0.183
-0.456 0.229
-0.547 0.276
-0.638 0.322
-0.728 0.369
-0.819 0.417
-0.909 0.464
-0.999 0.512
-1.089 0.560
-1.179 0.609
-1.268 0.658
-1.358 0.707
-1.447 0.757
-1.536 0.806
-1.625 0.857
-1.714 0.907
-1.802 0.958
-1.891 1.009
-1.979 1.060
-2.067 1.111
-2.156 1.163
-2.244 1.214
-2.332 1.266
-2.420 1.317
-2.508 1.369
-2.596 1.421
-2.684 1.472
-2.772 1.523
-2.861 1.575
-2.949 1.626
-3.038 1.676
-3.126 1.727
-3.215 1.777
-3.305 1.826
-3.394 1.875
-3.484 1.924
-3.574 1.972
-3.664 2.020
-3.755 2.066
-3.846 2.112
-3.937 2.158
-4.029 2.202
-4.122 2.246
-4.214 2.288
-4.308 2.330
-4.401 2.371
-4.495 2.410
-4.590 2.449
-4.685 2.486
-4.780 2.523
-4.876 2.558
-4.972 2.591
-5.069 2.624
-5.166 2.655
-5.264 2.684
-5.362 2.713
-5.461 2.740
-5.559 2.765
-5.659 2.789
-5.758 2.812
-5.858 2.833
-5.958 2.853
-6.058 2.871
-6.159 2.888
-6.260 2.904
-6.361 2.918
-6.462 2.931
-6.564 2.942
-6.665 2.952
-6.767 2.961
-6.869 2.969
-6.971 2.975
-7.073 2.981
-7.175 2.985
-7.277 2.989
-7.379 2.992
-7.481 2.994
-7.583 2.995
-7.685 2.996
-7.787 2.996
-7.889 2.997
-7.991 2.997
---
CollisionFootprint(i, j, t_in, t_out):
0 0 0.000000 5.614052
0 -1 5.614052 11.001977
1 -1 11.001977 16.983546
1 -2 16.983546 28.567636
1 -3 28.567636 31.262100
2 -3 31.262100 40.102589
2 -4 40.102589 51.228409
2 -5 51.228409 53.603989
3 -5 53.603989 61.820751
3 -6 61.820751 72.027023
3 -7 72.027023 82.075860
3 -8 82.075860 87.000000
=== END ===

=== PRIMITIVE ===
ID: 93
StartHeadingNum: 11
Goal: i=-8 j=-3 heading=12
Length: 8.676061
ExecutionTime(ticks): 87
TotalHeadingChange: 0.5969
BendingEnergy: 0.0610
---
Trajectory(x,y):
0.000 0.000
-0.046 -0.091
-0.091 -0.183
-0.137 -0.274
-0.183 -0.365
-0.229 -0.456
-0.276 -0.547
-0.322 -0.638
-0.369 -0.728
-0.417 -0.819
-0.464 -0.909
-0.512 -0.999
-0.560 -1.089
-0.609 -1.179
-0.658 -1.268
-0.707 -1.358
-0.757 -1.447
-0.806 -1.536
-0.857 -1.625
-0.907 -1.714
-0.958 -1.802
-1.009 -1.891
-1.060 -1.979
-1.111 -2.067
-1.163 -2.156
-1.214 -2.244
-1.266 -2.332
-1.317 -2.420
-1.369 -2.508
-1.421 -2.596
-1.472 -2.684
-1.523 -2.772
-1.575 -2.861
-1.626 -2.949
-1.676 -3.038
-1.727 -3.126
-1.777 -3.215
-1.826 -3.305
-1.875 -3.394
-1.924 -3.484
-1.972 -3.574
-2.020 -3.664
-2.066 -3.755
-2.112 -3.846
-2.158 -3.937
-2.202 -4.029
-2.246 -4.122
-2.288 -4.214
-2.330 -4.308
-2.371 -4.401
-2.410 -4.495
-2.449 -4.590
-2.486 -4.685
-2.523 -4.780
-2.558 -4.876
-2.591 -4.972
-2.624 -5.069
-2.655 -5.166
-2.684 -5.264
-2.713 -5.362
-2.740 -5.461
-2.765 -5.559
-2.789 -5.659
-2.812 -5.758
-2.833 -5.858
-2.853 -5.958
-2.871 -6.058
-2.888 -6.159
-2.904 -6.260
-2.918 -6.361
-2.931 -6.462
-2.942 -6.564
-2.952 -6.665
-2.961 -6.767
-2.969 -6.869
-2.975 -6.971
-2.981 -7.073
-2.985 -7.175
-2.989 -7.277
-2.992 -7.379
-2.994 -7.481
-2.995 -7.583
-2.996 -7.685
-2.996 -7.787
-2.997 -7.889
-2.997 -7.991
---
CollisionFootprint(i, j, t_in, t_out):
0 0 0.000000 5.614052
-1 0 5.614052 11.001977
-1 -1 11.001977 16.983546
-2 -1 16.983546 28.567636
-3 -1 28.567636 31.262100
-3 -2 31.262100 40.102589
-4 -2 40.102589 51.228409
-5 -2 51.228409 53.603989
-5 -3 53.603989 61.820751
-6 -3 61.820751 72.027023
-7 -3 72.027023 82.075860
-8 -3 82.075860 87.000000
=== END ===

=== PRIMITIVE ===
ID: 94
StartHeadingNum: 15
Goal: i=-3 j=8 heading=0
Length: 8.676061
ExecutionTime(ticks): 87
TotalHeadingChange: 0.5969
BendingEnergy: 0.0610
---
Trajectory(x,y):
0.000 0.000
0.091 -0.046
0.183 -0.091
0.274 -0.137
0.365 -0.183
0.456 -0.229
0.547 -0.276
0.638 -0.322
0.728 -0.369
0.819 -0.417
0.909 -0.464
0.999 -0.512
1.089 -0.560
1.179 -0.609
1.268 -0.658
1.358 -0.707
1.447 -0.757
1.536 -0.806
1.625 -0.857
1.714 -0.907
1.802 -0.958
1.891 -1.009
1.979 -1.060
2.067 -1.111
2.156 -1.163
2.244 -1.214
2.332 -1.266
2.420 -1.317
2.508 -1.369
2.596 -1.421
2.684 -1.472
2.772 -1.523
2.861 -1.575
2.949 -1.626
3.038 -1.676
3.126 -1.727
3.215 -1.777
3.305 -1.826
3.394 -1.875
3.484 -1.924
3.574 -1.972
3.664 -2.020
3.755 -2.066
3.846 -2.112
3.937 -2.158
4.029 -2.202
4.122 -2.246
4.214 -2.288
4.308 -2.330
4.401 -2.371
4.495 -2.410
4.590 -2.449
4.685 -2.486
4.780 -2.523
4.876 -2.558
4.972 -2.591
5.069 -2.624
5.166 -2.655
5.264 -2.684
5.362 -2.713
5.461 -2.740
5.559 -2.765
5.659 -2.789
5.758 -2.812
5.858 -2.833
5.958 -2.853
6.058 -2.871
6.159 -2.888
6.260 -2.904
6.361 -2.918
6.462 -2.931
6.564 -2.942
6.665 -2.952
6.767 -2.961
6.869 -2.969
6.971 -2.975
7.073 -2.981
7.175 -2.985
7.277 -2.989
7.379 -2.992
7.481 -2.994
7.583 -2.995
7.685 -2.996
7.787 -2.996
7.889 -2.997
7.991 -2.997
---
CollisionFootprint(i, j, t_in, t_out):
0 0 0.000000 5.614052
0 1 5.614052 11.001977
-1 1 11.001977 16.983546
-1 2 16.983546 28.567636
-1 3 28.567636 31.262100
-2 3 31.262100 40.102589
-2 4 40.102589 51.228409
-2 5 51.228409 53.603989
-3 5 53.603989 61.820751
-3 6 61.820751 72.027023
-3 7 72.027023 82.075860
-3 8 82.075860 87.000000
=== END ===

=== PRIMITIVE ===
ID: 95
StartHeadingNum: 3
Goal: i=8 j=3 heading=4
Length: 8.676061
ExecutionTime(ticks): 87
TotalHeadingChange: 0.5969
BendingEnergy: 0.0610
---
Trajectory(x,y):
0.000 0.000
0.046 0.091
0.091 0.183
0.137 0.274
0.183 0.365
0.229 0.456
0.276 0.547
0.322 0.638
0.369 0.728
0.417 0.819
0.464 0.909
0.512 0.999
0.560 1.089
0.609 1.179
0.658 1.268
0.707 1.358
0.757 1.447
0.806 1.536
0.857 1.625
0.907 1.714
0.958 1.802
1.009 1.891
1.060 1.979
1.111 2.067
1.163 2.156
1.214 2.244
1.266 2.332
1.317 2.420
1.369 2.508
1.421 2.596
1.472 2.684
1.523 2.772
1.575 2.861
1.626 2.949
1.676 3.038
1.727 3.126
1.777 3.215
1.826 3.305
1.875 3.394
1.924 3.484
1.972 3.574
2.020 3.664
2.066 3.755
2.112 3.846
2.158 3.937
2.202 4.029
2.246 4.122
2.288 4.214
2.330 4.308
2.371 4.401
2.410 4.495
2.449 4.590
2.486 4.685
2.523 4.780
2.558 4.876
2.591 4.972
2.624 5.069
2.655 5.166
2.684 5.264
2.713 5.362
2.740 5.461
2.765 5.559
2.789 5.659
2.812 5.758
2.833 5.858
2.853 5.958
2.871 6.058
2.888 6.159
2.904 6.260
2.918 6.361
2.931 6.462
2.942 6.564
2.952 6.665
2.961 6.767
2.969 6.869
2.975 6.971
2.981 7.073
2.985 7.175
2.989 7.277
2.992 7.379
2.994 7.481
2.995 7.583
2.996 7.685
2.996 7.787
2.997 7.889
2.997 7.991
---
CollisionFootprint(i, j, t_in, t_out):
0 0 0.000000 5.614052
1 0 5.614052 11.001977
1 1 11.001977 16.983546
2 1 16.983546 28.567636
3 1 28.567636 31.262100
3 2 31.262100 40.102589
4 2 40.102589 51.228409
5 2 51.228409 53.603989
5 3 53.603989 61.820751
6 3 61.820751 72.027023
7 3 72.027023 82.075860
8 3 82.075860 87.000000
=== END ===

=== PRIMITIVE ===
ID: 96
StartHeadingNum: 1
Goal: i=2 j=8 heading=15
Length: 8.788827
ExecutionTime(ticks): 88
TotalHeadingChange: 1.1565
BendingEnergy: 0.2278
---
Trajectory(x,y):
0.000 0.000
0.091 0.046
0.183 0.092
0.274 0.138
0.365 0.184
0.456 0.230
0.547 0.278
0.637 0.325
0.727 0.373
0.817 0.422
0.907 0.471
0.996 0.520
1.085 0.571
1.174 0.622
1.262 0.673
1.350 0.725
1.438 0.778
1.525 0.831
1.612 0.884
1.699 0.938
1.785 0.993
1.872 1.048
1.958 1.103
2.044 1.158
2.129 1.214
2.215 1.270
2.300 1.325
2.386 1.381
2.472 1.437
2.557 1.493
2.643 1.548
2.729 1.604
2.815 1.659
2.902 1.713
2.989 1.767
3.076 1.820
3.163 1.873
3.251 1.925
3.340 1.975
3.429 2.025
3.519 2.074
3.610 2.122
3.701 2.168
3.792 2.213
3.885 2.256
3.978 2.298
4.072 2.338
4.167 2.377
4.262 2.413
4.359 2.448
4.455 2.480
4.553 2.510
4.651 2.538
4.750 2.564
4.850 2.587
4.950 2.608
5.050 2.626
5.151 2.642
5.253 2.655
5.354 2.665
5.456 2.672
5.559 2.677
5.661 2.678
5.763 2.677
5.865 2.673
5.967 2.666
6.069 2.657
6.170 2.644
6.271 2.629
6.372 2.611
6.472 2.591
6.572 2.568
6.670 2.542
6.769 2.515
6.866 2.485
6.963 2.452
7.060 2.418
7.155 2.382
7.250 2.344
7.344 2.304
7.438 2.263
7.531 2.221
7.624 2.178
7.716 2.134
7.808 2.089
7.899 2.043
7.991 1.998
---
CollisionFootprint(i, j, t_in, t_out):
0 0 0.000000 5.611706
0 1 5.611706 10.837416
1 1 10.837416 17.100459
1 2 17.100459 28.990727
1 3 28.990727 29.803771
2 3 29.803771 40.712779
2 4 40.712779 51.630799
2 5 51.630799 51.826049
3 5 51.826049 61.831898
3 6 61.831898 71.915846
3 7 71.915846 75.205070
2 7 75.205070 82.541491
2 8 82.541491 88.000000
=== END ===

=== PRIMITIVE ===
ID: 97
StartHeadingNum: 5
Goal: i=8 j=-2 heading=3
Length: 8.788827
ExecutionTime(ticks): 88
TotalHeadingChange: 1.1565
BendingEnergy: 0.2278
---
Trajectory(x,y):
0.000 0.000
-0.046 0.091
-0.092 0.183
-0.138 0.274
-0.184 0.365
-0.230 0.456
-0.278 0.547
-0.325 0.637
-0.373 0.727
-0.422 0.817
-0.471 0.907
-0.520 0.996
-0.571 1.085
-0.622 1.174
-0.673 1.262
-0.725 1.350
-0.778 1.438
-0.831 1.525
-0.884 1.612
-0.938 1.699
-0.993 1.785
-1.048 1.872
-1.103 1.958
-1.158 2.044
-1.214 2.129
-1.270 2.215
-1.325 2.300
-1.381 2.386
-1.437 2.472
-1.493 2.557
-1.548 2.643
-1.604 2.729
-1.659 2.815
-1.713 2.902
-1.767 2.989
-1.820 3.076
-1.873 3.163
-1.925 3.251
-1.975 3.340
-2.025 3.429
-2.074 3.519
-2.122 3.610
-2.168 3.701
-2.213 3.792
-2.256 3.885
-2.298 3.978
-2.338 4.072
-2.377 4.167
-2.413 4.262
-2.448 4.359
-2.480 4.455
-2.510 4.553
-2.538 4.651
-2.564 4.750
-2.587 4.850
-2.608 4.950
-2.626 5.050
-2.642 5.151
-2.655 5.253
-2.665 5.354
-2.672 5.456
-2.677 5.559
-2.678 5.661
-2.677 5.763
-2.673 5.865
-2.666 5.967
-2.657 6.069
-2.644 6.170
-2.629 6.271
-2.611 6.372
-2.591 6.472
-2.568 6.572
-2.542 6.670
-2.515 6.769
-2.485 6.866
-2.452 6.963
-2.418 7.060
-2.382 7.155
-2.344 7.250
-2.304 7.344
-2.263 7.438
-2.221 7.531
-2.178 7.624
-2.134 7.716
-2.089 7.808
-2.043 7.899
-1.998 7.991
---
CollisionFootprint(i, j, t_in, t_out):
0 0 0.000000 5.611706
1 0 5.611706 10.837416
1 -1 10.837416 17.100459
2 -1 17.100459 28.990727
3 -1 28.990727 29.803771
3 -2 29.803771 40.712779
4 -2 40.712779 51.630799
5 -2 51.630799 51.826049
5 -3 51.826049 61.831898
6 -3 61.831898 71.915846
7 -3 71.915846 75.205070
7 -2 75.205070 82.541491
8 -2 82.541491 88.000000
=== END ===

=== PRIMITIVE ===
ID: 98
StartHeadingNum: 9
Goal: i=-2 j=-8 heading=7
Length: 8.788827
ExecutionTime(ticks): 88
TotalHeadingChange: 1.1565
BendingEnergy: 0.2278
---
Trajectory(x,y):
0.000 0.000
-0.091 -0.046
-0.183 -0.092
-0.274 -0.138
-0.365 -0.184
-0.456 -0.230
-0.547 -0.278
-0.637 -0.325
-0.727 -0.373
-0.817 -0.422
-0.907 -0.471
-0.996 -0.520
-1.085 -0.571
-1.174 -0.622
-1.262 -0.673
-1.350 -0.725
-1.438 -0.778
-1.525 -0.831
-1.612 -0.884
-1.699 -0.938
-1.785 -0.993
-1.872 -1.048
-1.958 -1.103
-2.044 -1.158
-2.129 -1.214
-2.215 -1.270
-2.300 -1.325
-2.386 -1.381
-2.472 -1.437
-2.557 -1.493
-2.643 -1.548
-2.729 -1.604
-2.815 -1.659
-2.902 -1.713
-2.989 -1.767
-3.076 -1.820
-3.163 -1.873
-3.251 -1.925
-3.340 -1.975
-3.429 -2.025
-3.519 -2.074
-3.610 -2.122
-3.701 -2.168
-3.792 -2.213
-3.885 -2.256
-3.978 -2.298
-4.072 -2.338
-4.167 -2.377
-4.262 -2.413
-4.359 -2.448
-4.455 -2.480
-4.553 -2.510
-4.651 -2.538
-4.750 -2.564
-4.850 -2.587
-4.950 -2.608
-5.050 -2.626
-5.151 -2.642
-5.253 -2.655
-5.354 -2.665
-5.456 -2.672
-5.559 -2.677
-5.661 -2.678
-5.763 -2.677
-5.865 -2.673
-5.967 -2.666
-6.069 -2.657
-6.170 -2.644
-6.271 -2.629
-6.372 -2.611
-6.472 -2.591
-6.572 -2.568
-6.670 -2.542
-6.769 -2.515
-6.866 -2.485
-6.963 -2.452
-7.060 -2.418
-7.155 -2.382
-7.250 -2.344
-7.344 -2.304
-7.438 -2.263
-7.531 -2.221
-7.624 -2.178
-7.716 -2.134
-7.808 -2.089
-7.899 -2.043
-7.991 -1.998
---
CollisionFootprint(i, j, t_in, t_out):
0 0 0.000000 5.611706
0 -1 5.611706 10.837416
-1 -1 10.837416 17.100459
-1 -2 17.100459 28.990727
-1 -3 28.990727 29.803771
-2 -3 29.803771 40.712779
-2 -4 40.712779 51.630799
-2 -5 51.630799 51.826049
-3 -5 51.826049 61.831898
-3 -6 61.831898 71.915846
-3 -7 71.915846 75.205070
-2 -7 75.205070 82.541491
-2 -8 82.541491 88.000000
=== END ===

=== PRIMITIVE ===
ID: 99
StartHeadingNum: 13
Goal: i=-8 j=2 heading=11
Length: 8.788827
ExecutionTime(ticks): 88
TotalHeadingChange: 1.1565
BendingEnergy: 0.2278
---
Trajectory(x,y):
0.000 0.000
0.046 -0.091
0.092 -0.183
0.138 -0.274
0.184 -0.365
0.230 -0.456
0.278 -0.547
0.325 -0.637
0.373 -0.727
0.422 -0.817
0.471 -0.907
0.520 -0.996
0.571 -1.085
0.622 -1.174
0.673 -1.262
0.725 -1.350
0.778 -1.438
0.831 -1.525
0.884 -1.612
0.938 -1.699
0.993 -1.785
1.048 -1.872
1.103 -1.958
1.158 -2.044
1.214 -2.129
1.270 -2.215
1.325 -2.300
1.381 -2.386
1.437 -2.472
1.493 -2.557
1.548 -2.643
1.604 -2.729
1.659 -2.815
1.713 -2.902
1.767 -2.989
1.820 -3.076
1.873 -3.163
1.925 -3.251
1.975 -3.340
2.025 -3.429
2.074 -3.519
2.122 -3.610
2.168 -3.701
2.213 -3.792
2.256 -3.885
2.298 -3.978
2.338 -4.072
2.377 -4.167
2.413 -4.262
2.448 -4.359
2.480 -4.455
2.510 -4.553
2.538 -4.651
2.564 -4.750
2.587 -4.850
2.608 -4.950
2.626 -5.050
2.642 -5.151
2.655 -5.253
2.665 -5.354
2.672 -5.456
2.677 -5.559
2.678 -5.661
2.677 -5.763
2.673 -5.865
2.666 -5.967
2.657 -6.069
2.644 -6.170
2.629 -6.271
2.611 -6.372
2.591 -6.472
2.568 -6.572
2.542 -6.670
2.515 -6.769
2.485 -6.866
2.452 -6.963
2.418 -7.060
2.382 -7.155
2.344 -7.250
2.304 -7.344
2.263 -7.438
2.221 -7.531
2.178 -7.624
2.134 -7.716
2.089 -7.808
2.043 -7.899
1.998 -7.991
---
CollisionFootprint(i, j, t_in, t_out):
0 0 0.000000 5.611706
-1 0 5.611706 10.837416
-1 1 10.837416 17.100459
-2 1 17.100459 28.990727
-3 1 28.990727 29.803771
-3 2 29.803771 40.712779
-4 2 40.712779 51.630799
-5 2 51.630799 51.826049
-5 3 51.826049 61.831898
-6 3 61.831898 71.915846
-7 3 71.915846 75.205070
-7 2 75.205070 82.541491
-8 2 82.541491 88.000000
=== END ===

=== PRIMITIVE ===
ID: 100
StartHeadingNum: 7
Goal: i=2 j=-8 heading=9
Length: 8.788827
ExecutionTime(ticks): 88
TotalHeadingChange: 1.1565
BendingEnergy: 0.2278
---
Trajectory(x,y):
0.000 0.000
-0.091 0.046
-0.183 0.092
-0.274 0.138
-0.365 0.184
-0.456 0.230
-0.547 0.278
-0.637 0.325
-0.727 0.373
-0.817 0.422
-0.907 0.471
-0.996 0.520
-1.085 0.571
-1.174 0.622
-1.262 0.673
-1.350 0.725
-1.438 0.778
-1.525 0.831
-1.612 0.884
-1.699 0.938
-1.785 0.993
-1.872 1.048
-1.958 1.103
-2.044 1.158
-2.129 1.214
-2.215 1.270
-2.300 1.325
-2.386 1.381
-2.472 1.437
-2.557 1.493
-2.643 1.548
-2.729 1.604
-2.815 1.659
-2.902 1.713
-2.989 1.767
-3.076 1.820
-3.163 1.873
-3.251 1.925
-3.340 1.975
-3.429 2.025
-3.519 2.074
-3.610 2.122
-3.701 2.168
-3.792 2.213
-3.885 2.256
-3.978 2.298
-4.072 2.338
-4.167 2.377
-4.262 2.413
-4.359 2.448
-4.455 2.480
-4.553 2.510
-4.651 2.538
-4.750 2.564
-4.850 2.587
-4.950 2.608
-5.050 2.626
-5.151 2.642
-5.253 2.655
-5.354 2.665
-5.456 2.672
-5.559 2.677
-5.661 2.678
-5.763 2.677
-5.865 2.673
-5.967 2.666
-6.069 2.657
-6.170 2.644
-6.271 2.629
-6.372 2.611
-6.472 2.591
-6.572 2.568
-6.670 2.542
-6.769 2.515
-6.866 2.485
-6.963 2.452
-7.060 2.418
-7.155 2.382
-7.250 2.344
-7.344 2.304
-7.438 2.263
-7.531 2.221
-7.624 2.178
-7.716 2.134
-7.808 2.089
-7.899 2.043
-7.991 1.998
---
CollisionFootprint(i, j, t_in, t_out):
0 0 0.000000 5.611706
0 -1 5.611706 10.837416
1 -1 10.837416 17.100459
1 -2 17.100459 28.990727
1 -3 28.990727 29.803771
2 -3 29.803771 40.712779
2 -4 40.712779 51.630799
2 -5 51.630799 51.826049
3 -5 51.826049 61.831898
3 -6 61.831898 71.915846
3 -7 71.915846 75.205070
2 -7 75.205070 82.541491
2 -8 82.541491 88.000000
=== END ===

=== PRIMITIVE ===
ID: 101
StartHeadingNum: 11
Goal: i=-8 j=-2 heading=13
Length: 8.788827
ExecutionTime(ticks): 88
TotalHeadingChange: 1.1565
BendingEnergy: 0.2278
---
Trajectory(x,y):
0.000 0.000
-0.046 -0.091
-0.092 -0.183
-0.138 -0.274
-0.184 -0.365
-0.230 -0.456
-0.278 -0.547
-0.325 -0.637
-0.373 -0.727
-0.422 -0.817
-0.471 -0.907
-0.520 -0.996
-0.571 -1.085
-0.622 -1.174
-0.673 -1.262
-0.725 -1.350
-0.778 -1.438
-0.831 -1.525
-0.884 -1.612
-0.938 -1.699
-0.993 -1.785
-1.048 -1.872
-1.103 -1.958
-1.158 -2.044
-1.214 -2.129
-1.270 -2.215
-1.325 -2.300
-1.381 -2.386
-1.437 -2.472
-1.493 -2.557
-1.548 -2.643
-1.604 -2.729
-1.659 -2.815
-1.713 -2.902
-1.767 -2.989
-1.820 -3.076
-1.873 -3.163
-1.925 -3.251
-1.975 -3.340
-2.025 -3.429
-2.074 -3.519
-2.122 -3.610
-2.168 -3.701
-2.213 -3.792
-2.256 -3.885
-2.298 -3.978
-2.338 -4.072
-2.377 -4.167
-2.413 -4.262
-2.448 -4.359
-2.480 -4.455
-2.510 -4.553
-2.538 -4.651
-2.564 -4.750
-2.587 -4.850
-2.608 -4.950
-2.626 -5.050
-2.642 -5.151
-2.655 -5.253
-2.665 -5.354
-2.672 -5.456
-2.677 -5.559
-2.678 -5.661
-2.677 -5.763
-2.673 -5.865
-2.666 -5.967
-2.657 -6.069
-2.644 -6.170
-2.629 -6.271
-2.611 -6.372
-2.591 -6.472
-2.568 -6.572
-2.542 -6.670
-2.515 -6.769
-2.485 -6.866
-2.452 -6.963
-2.418 -7.060
-2.382 -7.155
-2.344 -7.250
-2.304 -7.344
-2.263 -7.438
-2.221 -7.531
-2.178 -7.624
-2.134 -7.716
-2.089 -7.808
-2.043 -7.899
-1.998 -7.991
---
CollisionFootprint(i, j, t_in, t_out):
0 0 0.000000 5.611706
-1 0 5.611706 10.837416
-1 -1 10.837416 17.100459
-2 -1 17.100459 28.990727
-3 -1 28.990727 29.803771
-3 -2 29.803771 40.712779
-4 -2 40.712779 51.630799
-5 -2 51.630799 51.826049
-5 -3 51.826049 61.831898
-6 -3 61.831898 71.915846
-7 -3 71.915846 75.205070
-7 -2 75.205070 82.541491
-8 -2 82.541491 88.000000
=== END ===

=== PRIMITIVE ===
ID: 102
StartHeadingNum: 15
Goal: i=-2 j=8 heading=1
Length: 8.788827
ExecutionTime(ticks): 88
TotalHeadingChange: 1.1565
BendingEnergy: 0.2278
---
Trajectory(x,y):
0.000 0.000
0.091 -0.046
0.183 -0.092
0.274 -0.138
0.365 -0.184
0.456 -0.230
0.547 -0.278
0.637 -0.325
0.727 -0.373
0.817 -0.422
0.907 -0.471
0.996 -0.520
1.085 -0.571
1.174 -0.622
1.262 -0.673
1.350 -0.725
1.438 -0.778
1.525 -0.831
1.612 -0.884
1.699 -0.938
1.785 -0.993
1.872 -1.048
1.958 -1.103
2.044 -1.158
2.129 -1.214
2.215 -1.270
2.300 -1.325
2.386 -1.381
2.472 -1.437
2.557 -1.493
2.643 -1.548
2.729 -1.604
2.815 -1.659
2.902 -1.713
2.989 -1.767
3.076 -1.820
3.163 -1.873
3.251 -1.925
3.340 -1.975
3.429 -2.025
3.519 -2.074
3.610 -2.122
3.701 -2.168
3.792 -2.213
3.885 -2.256
3.978 -2.298
4.072 -2.338
4.167 -2.377
4.262 -2.413
4.359 -2.448
4.455 -2.480
4.553 -2.510
4.651 -2.538
4.750 -2.564
4.850 -2.587
4.950 -2.608
5.050 -2.626
5.151 -2.642
5.253 -2.655
5.354 -2.665
5.456 -2.672
5.559 -2.677
5.661 -2.678
5.763 -2.677
5.865 -2.673
5.967 -2.666
6.069 -2.657
6.170 -2.644
6.271 -2.629
6.372 -2.611
6.472 -2.591
6.572 -2.568
6.670 -2.542
6.769 -2.515
6.866 -2.485
6.963 -2.452
7.060 -2.418
7.155 -2.382
7.250 -2.344
7.344 -2.304
7.438 -2.263
7.531 -2.221
7.624 -2.178
7.716 -2.134
7.808 -2.089
7.899 -2.043
7.991 -1.998
---
CollisionFootprint(i, j, t_in, t_out):
0 0 0.000000 5.611706
0 1 5.611706 10.837416
-1 1 10.837416 17.100459
-1 2 17.100459 28.990727
-1 3 28.990727 29.803771
-2 3 29.803771 40.712779
-2 4 40.712779 51.630799
-2 5 51.630799 51.826049
-3 5 51.826049 61.831898
-3 6 61.831898 71.915846
-3 7 71.915846 75.205070
-2 7 75.205070 82.541491
-2 8 82.541491 88.000000
=== END ===

=== PRIMITIVE ===
ID: 103
StartHeadingNum: 3
Goal: i=8 j=2 heading=5
Length: 8.788827
ExecutionTime(ticks): 88
TotalHeadingChange: 1.1565
BendingEnergy: 0.2278
---
Trajectory(x,y):
0.000 0.000
0.046 0.091
0.092 0.183
0.138 0.274
0.184 0.365
0.230 0.456
0.278 0.547
0.325 0.637
0.373 0.727
0.422 0.817
0.471 0.907
0.520 0.996
0.571 1.085
0.622 1.174
0.673 1.262
0.725 1.350
0.778 1.438
0.831 1.525
0.884 1.612
0.938 1.699
0.993 1.785
1.048 1.872
1.103 1.958
1.158 2.044
1.214 2.129
1.270 2.215
1.325 2.300
1.381 2.386
1.437 2.472
1.493 2.557
1.548 2.643
1.604 2.729
1.659 2.815
1.713 2.902
1.767 2.989
1.820 3.076
1.873 3.163
1.925 3.251
1.975 3.340
2.025 3.429
2.074 3.519
2.122 3.610
2.168 3.701
2.213 3.792
2.256 3.885
2.298 3.978
2.338 4.072
2.377 4.167
2.413 4.262
2.448 4.359
2.480 4.455
2.510 4.553
2.538 4.651
2.564 4.750
2.587 4.850
2.608 4.950
2.626 5.050
2.642 5.151
2.655 5.253
2.665 5.354
2.672 5.456
2.677 5.559
2.678 5.661
2.677 5.763
2.673 5.865
2.666 5.967
2.657 6.069
2.644 6.170
2.629 6.271
2.611 6.372
2.591 6.472
2.568 6.572
2.542 6.670
2.515 6.769
2.485 6.866
2.452 6.963
2.418 7.060
2.382 7.155
2.344 7.250
2.304 7.344
2.263 7.438
2.221 7.531
2.178 7.624
2.134 7.716
2.089 7.808
2.043 7.899
1.998 7.991
---
CollisionFootprint(i, j, t_in, t_out):
0 0 0.000000 5.611706
1 0 5.611706 10.837416
1 1 10.837416 17.100459
2 1 17.100459 28.990727
3 1 28.990727 29.803771
3 2 29.803771 40.712779
4 2 40.712779 51.630799
5 2 51.630799 51.826049
5 3 51.826049 61.831898
6 3 61.831898 71.915846
7 3 71.915846 75.205070
7 2 75.205070 82.541491
8 2 82.541491 88.000000
=== END ===

=== PRIMITIVE ===
ID: 104
StartHeadingNum: 1
Goal: i=-1 j=8 heading=14
Length: 8.873204
ExecutionTime(ticks): 89
TotalHeadingChange: 1.2474
BendingEnergy: 0.2127
---
Trajectory(x,y):
0.000 0.000
0.091 0.046
0.182 0.091
0.274 0.137
0.365 0.182
0.457 0.227
0.548 0.271
0.640 0.316
0.733 0.359
0.825 0.403
0.917 0.445
1.010 0.487
1.104 0.529
1.197 0.569
1.291 0.609
1.385 0.648
1.480 0.686
1.575 0.723
1.671 0.759
1.767 0.793
1.863 0.827
1.960 0.859
2.057 0.890
2.154 0.920
2.252 0.948
2.351 0.974
2.450 1.000
2.549 1.023
2.649 1.045
2.749 1.065
2.849 1.084
2.950 1.100
3.050 1.115
3.152 1.128
3.253 1.139
3.355 1.148
3.456 1.155
3.558 1.161
3.660 1.164
3.762 1.164
3.864 1.163
3.966 1.160
4.068 1.155
4.170 1.147
4.271 1.137
4.372 1.125
4.473 1.111
4.574 1.095
4.674 1.076
4.774 1.055
4.874 1.033
4.972 1.007
5.071 0.980
5.168 0.951
5.265 0.919
5.362 0.886
5.457 0.850
5.552 0.812
5.646 0.773
5.739 0.731
5.831 0.688
5.923 0.642
6.013 0.595
6.103 0.546
6.191 0.495
6.279 0.443
6.365 0.389
6.451 0.334
6.535 0.277
6.619 0.218
6.702 0.159
6.783 0.097
6.864 0.035
6.944 -0.028
7.023 -0.093
7.101 -0.158
7.178 -0.225
7.255 -0.292
7.331 -0.361
7.406 -0.430
7.480 -0.499
7.554 -0.569
7.628 -0.640
7.701 -0.711
7.774 -0.783
7.846 -0.854
7.918 -0.926
7.991 -0.998
---
CollisionFootprint(i, j, t_in, t_out):
0 0 0.000000 5.597418
0 1 5.597418 11.563450
1 1 11.563450 16.582621
1 2 16.582621 27.116459
1 3 27.116459 37.267139
1 4 37.267139 47.327546
1 5 47.327546 57.748042
1 6 57.748042 65.382116
0 6 65.382116 69.135460
0 7 69.135460 81.851895
-1 7 81.851895 82.111680
-1 8 82.111680 89.000000
=== END ===

=== PRIMITIVE ===
ID: 105
StartHeadingNum: 5
Goal: i=8 j=1 heading=2
Length: 8.873204
ExecutionTime(ticks): 89
TotalHeadingChange: 1.2474
BendingEnergy: 0.2127
---
Trajectory(x,y):
0.000 0.000
-0.046 0.091
-0.091 0.182
-0.137 0.274
-0.182 0.365
-0.227 0.457
-0.271 0.548
-0.316 0.640
-0.359 0.733
-0.403 0.825
-0.445 0.917
-0.487 1.010
-0.529 1.104
-0.569 1.197
-0.609 1.291
-0.648 1.385
-0.686 1.480
-0.723 1.575
-0.759 1.671
-0.793 1.767
-0.827 1.863
-0.859 1.960
-0.890 2.057
-0.920 2.154
-0.948 2.252
-0.974 2.351
-1.000 2.450
-1.023 2.549
-1.045 2.649
-1.065 2.749
-1.084 2.849
-1.100 2.950
-1.115 3.050
-1.128 3.152
-1.139 3.253
-1.148 3.355
-1.155 3.456
-1.161 3.558
-1.164 3.660
-1.164 3.762
-1.163 3.864
-1.160 3.966
-1.155 4.068
-1.147 4.170
-1.137 4.271
-1.125 4.372
-1.111 4.473
-1.095 4.574
-1.076 4.674
-1.055 4.774
-1.033 4.874
-1.007 4.972
-0.980 5.071
-0.951 5.168
-0.919 5.265
-0.886 5.362
-0.850 5.457
-0.812 5.552
-0.773 5.646
-0.731 5.739
-0.688 5.831
-0.642 5.923
-0.595 6.013
-0.546 6.103
-0.495 6.191
-0.443 6.279
-0.389 6.365
-0.334 6.451
-0.277 6.535
-0.218 6.619
-0.159 6.702
-0.097 6.783
-0.035 6.864
0.028 6.944
0.093 7.023
0.158 7.101
0.225 7.178
0.292 7.255
0.361 7.331
0.430 7.406
0.499 7.480
0.569 7.554
0.640 7.628
0.711 7.701
0.783 7.774
0.854 7.846
0.926 7.918
0.998 7.991
---
CollisionFootprint(i, j, t_in, t_out):
0 0 0.000000 5.597418
1 0 5.597418 11.563450
1 -1 11.563450 16.582621
2 -1 16.582621 27.116459
3 -1 27.116459 37.267139
4 -1 37.267139 47.327546
5 -1 47.327546 57.748042
6 -1 57.748042 65.382116
6 0 65.382116 69.135460
7 0 69.135460 81.851895
7 1 81.851895 82.111680
8 1 82.111680 89.000000
=== END ===

=== PRIMITIVE ===
ID: 106
StartHeadingNum: 9
Goal: i=1 j=-8 heading=6
Length: 8.873204
ExecutionTime(ticks): 89
TotalHeadingChange: 1.2474
BendingEnergy: 0.2127
---
Trajectory(x,y):
0.000 0.000
-0.091 -0.046
-0.182 -0.091
-0.274 -0.137
-0.365 -0.182
-0.457 -0.227
-0.548 -0.271
-0.640 -0.316
-0.733 -0.359
-0.825 -0.403
-0.917 -0.445
-1.010 -0.487
-1.104 -0.529
-1.197 -0.569
-1.291 -0.609
-1.385 -0.648
-1.480 -0.686
-1.575 -0.723
-1.671 -0.759
-1.767 -0.793
-1.863 -0.827
-1.960 -0.859
-2.057 -0.890
-2.154 -0.920
-2.252 -0.948
-2.351 -0.974
-2.450 -1.000
-2.549 -1.023
-2.649 -1.045
-2.749 -1.065
-2.849 -1.084
-2.950 -1.100
-3.050 -1.115
-3.152 -1.128
-3.253 -1.139
-3.355 -1.148
-3.456 -1.155
-3.558 -1.161
-3.660 -1.164
-3.762 -1.164
-3.864 -1.163
-3.966 -1.160
-4.068 -1.155
-4.170 -1.147
-4.271 -1.137
-4.372 -1.125
-4.473 -1.111
-4.574 -1.095
-4.674 -1.076
-4.774 -1.055
-4.874 -1.033
-4.972 -1.007
-5.071 -0.980
-5.168 -0.951
-5.265 -0.919
-5.362 -0.886
-5.457 -0.850
-5.552 -0.812
-5.646 -0.773
-5.739 -0.731
-5.831 -0.688
-5.923 -0.642
-6.013 -0.595
-6.103 -0.546
-6.191 -0.495
-6.279 -0.443
-6.365 -0.389
-6.451 -0.334
-6.535 -0.277
-6.619 -0.218
-6.702 -0.159
-6.783 -0.097
-6.864 -0.035
-6.944 0.028
-7.023 0.093
-7.101 0.158
-7.178 0.225
-7.255 0.292
-7.331 0.361
-7.406 0.430
-7.480 0.499
-7.554 0.569
-7.628 0.640
-7.701 0.711
-7.774 0.783
-7.846 0.854
-7.918 0.926
-7.991 0.998
---
CollisionFootprint(i, j, t_in, t_out):
0 0 0.000000 5.597418
0 -1 5.597418 11.563450
-1 -1 11.563450 16.582621
-1 -2 16.582621 27.116459
-1 -3 27.116459 37.267139
-1 -4 37.267139 47.327546
-1 -5 47.327546 57.748042
-1 -6 57.748042 65.382116
0 -6 65.382116 69.135460
0 -7 69.135460 81.851895
1 -7 81.851895 82.111680
1 -8 82.111680 89.000000
=== END ===

=== PRIMITIVE ===
ID: 107
StartHeadingNum: 13
Goal: i=-8 j=-1 heading=10
Length: 8.873204
ExecutionTime(ticks): 89
TotalHeadingChange: 1.2474
BendingEnergy: 0.2127
---
Trajectory(x,y):
0.000 0.000
0.046 -0.091
0.091 -0.182
0.137 -0.274
0.182 -0.365
0.227 -0.457
0.271 -0.548
0.316 -0.640
0.359 -0.733
0.403 -0.825
0.445 -0.917
0.487 -1.010
0.529 -1.104
0.569 -1.197
0.609 -1.291
0.648 -1.385
0.686 -1.480
0.723 -1.575
0.759 -1.671
0.793 -1.767
0.827 -1.863
0.859 -1.960
0.890 -2.057
0.920 -2.154
0.948 -2.252
0.974 -2.351
1.000 -2.450
1.023 -2.549
1.045 -2.649
1.065 -2.749
1.084 -2.849
1.100 -2.950
1.115 -3.050
1.128 -3.152
1.139 -3.253
1.148 -3.355
1.155 -3.456
1.161 -3.558
1.164 -3.660
1.164 -3.762
1.163 -3.864
1.160 -3.966
1.155 -4.068
1.147 -4.170
1.137 -4.271
1.125 -4.372
1.111 -4.473
1.095 -4.574
1.076 -4.674
1.055 -4.774
1.033 -4.874
1.007 -4.972
0.980 -5.071
0.951 -5.168
0.919 -5.265
0.886 -5.362
0.850 -5.457
0.812 -5.552
0.773 -5.646
0.731 -5.739
0.688 -5.831
0.642 -5.923
0.595 -6.013
0.546 -6.103
0.495 -6.191
0.443 -6.279
0.389 -6.365
0.334 -6.451
0.277 -6.535
0.218 -6.619
0.159 -6.702
0.097 -6.783
0.035 -6.864
-0.028 -6.944
-0.093 -7.023
-0.158 -7.101
-0.225 -7.178
-0.292 -7.255
-0.361 -7.331
-0.430 -7.406
-0.499 -7.480
-0.569 -7.554
-0.640 -7.628
-0.711 -7.701
-0.783 -7.774
-0.854 -7.846
-0.926 -7.918
-0.998 -7.991
---
CollisionFootprint(i, j, t_in, t_out):
0 0 0.000000 5.597418
-1 0 5.597418 11.563450
-1 1 11.563450 16.582621
-2 1 16.582621 27.116459
-3 1 27.116459 37.267139
-4 1 37.267139 47.327546
-5 1 47.327546 57.748042
-6 1 57.748042 65.382116
-6 0 65.382116 69.135460
-7 0 69.135460 81.851895
-7 -1 81.851895 82.111680
-8 -1 82.111680 89.000000
=== END ===

=== PRIMITIVE ===
ID: 108
StartHeadingNum: 7
Goal: i=-1 j=-8 heading=10
Length: 8.873204
ExecutionTime(ticks): 89
TotalHeadingChange: 1.2474
BendingEnergy: 0.2127
---
Trajectory(x,y):
0.000 0.000
-0.091 0.046
-0.182 0.091
-0.274 0.137
-0.365 0.182
-0.457 0.227
-0.548 0.271
-0.640 0.316
-0.733 0.359
-0.825 0.403
-0.917 0.445
-1.010 0.487
-1.104 0.529
-1.197 0.569
-1.291 0.609
-1.385 0.648
-1.480 0.686
-1.575 0.723
-1.671 0.759
-1.767 0.793
-1.863 0.827
-1.960 0.859
-2.057 0.890
-2.154 0.920
-2.252 0.948
-2.351 0.974
-2.450 1.000
-2.549 1.023
-2.649 1.045
-2.749 1.065
-2.849 1.084
-2.950 1.100
-3.050 1.115
-3.152 1.128
-3.253 1.139
-3.355 1.148
-3.456 1.155
-3.558 1.161
-3.660 1.164
-3.762 1.164
-3.864 1.163
-3.966 1.160
-4.068 1.155
-4.170 1.147
-4.271 1.137
-4.372 1.125
-4.473 1.111
-4.574 1.095
-4.674 1.076
-4.774 1.055
-4.874 1.033
-4.972 1.007
-5.071 0.980
-5.168 0.951
-5.265 0.919
-5.362 0.886
-5.457 0.850
-5.552 0.812
-5.646 0.773
-5.739 0.731
-5.831 0.688
-5.923 0.642
-6.013 0.595
-6.103 0.546
-6.191 0.495
-6.279 0.443
-6.365 0.389
-6.451 0.334
-6.535 0.277
-6.619 0.218
-6.702 0.159
-6.783 0.097
-6.864 0.035
-6.944 -0.028
-7.023 -0.093
-7.101 -0.158
-7.178 -0.225
-7.255 -0.292
-7.331 -0.361
-7.406 -0.430
-7.480 -0.499
-7.554 -0.569
-7.628 -0.640
-7.701 -0.711
-7.774 -0.783
-7.846 -0.854
-7.918 -0.926
-7.991 -0.998
---
CollisionFootprint(i, j, t_in, t_out):
0 0 0.000000 5.597418
0 -1 5.597418 11.563450
1 -1 11.563450 16.582621
1 -2 16.582621 27.116459
1 -3 27.116459 37.267139
1 -4 37.267139 47.327546
1 -5 47.327546 57.748042
1 -6 57.748042 65.382116
0 -6 65.382116 69.135460
0 -7 69.135460 81.851895
-1 -7 81.851895 82.111680
-1 -8 82.111680 89.000000
=== END ===

=== PRIMITIVE ===
ID: 109
StartHeadingNum: 11
Goal: i=-8 j=1 heading=14
Length: 8.873204
ExecutionTime(ticks): 89
TotalHeadingChange: 1.2474
BendingEnergy: 0.2127
---
Trajectory(x,y):
0.000 0.000
-0.046 -0.091
-0.091 -0.182
-0.137 -0.274
-0.182 -0.365
-0.227 -0.457
-0.271 -0.548
-0.316 -0.640
-0.359 -0.733
-0.403 -0.825
-0.445 -0.917
-0.487 -1.010
-0.529 -1.104
-0.569 -1.197
-0.609 -1.291
-0.648 -1.385
-0.686 -1.480
-0.723 -1.575
-0.759 -1.671
-0.793 -1.767
-0.827 -1.863
-0.859 -1.960
-0.890 -2.057
-0.920 -2.154
-0.948 -2.252
-0.974 -2.351
-1.000 -2.450
-1.023 -2.549
-1.045 -2.649
-1.065 -2.749
-1.084 -2.849
-1.100 -2.950
-1.115 -3.050
-1.128 -3.152
-1.139 -3.253
-1.148 -3.355
-1.155 -3.456
-1.161 -3.558
-1.164 -3.660
-1.164 -3.762
-1.163 -3.864
-1.160 -3.966
-1.155 -4.068
-1.147 -4.170
-1.137 -4.271
-1.125 -4.372
-1.111 -4.473
-1.095 -4.574
-1.076 -4.674
-1.055 -4.774
-1.033 -4.874
-1.007 -4.972
-0.980 -5.071
-0.951 -5.168
-0.919 -5.265
-0.886 -5.362
-0.850 -5.457
-0.812 -5.552
-0.773 -5.646
-0.731 -5.739
-0.688 -5.831
-0.642 -5.923
-0.595 -6.013
-0.546 -6.103
-0.495 -6.191
-0.443 -6.279
-0.389 -6.365
-0.334 -6.451
-0.277 -6.535
-0.218 -6.619
-0.159 -6.702
-0.097 -6.783
-0.035 -6.864
0.028 -6.944
0.093 -7.023
0.158 -7.101
0.225 -7.178
0.292 -7.255
0.361 -7.331
0.430 -7.406
0.499 -7.480
0.569 -7.554
0.640 -7.628
0.711 -7.701
0.783 -7.774
0.854 -7.846
0.926 -7.918
0.998 -7.991
---
CollisionFootprint(i, j, t_in, t_out):
0 0 0.000000 5.597418
-1 0 5.597418 11.563450
-1 -1 11.563450 16.582621
-2 -1 16.582621 27.116459
-3 -1 27.116459 37.267139
-4 -1 37.267139 47.327546
-5 -1 47.327546 57.748042
-6 -1 57.748042 65.382116
-6 0 65.382116 69.135460
-7 0 69.135460 81.851895
-7 1 81.851895 82.111680
-8 1 82.111680 89.000000
=== END ===

=== PRIMITIVE ===
ID: 110
StartHeadingNum: 15
Goal: i=1 j=8 heading=2
Length: 8.873204
ExecutionTime(ticks): 89
TotalHeadingChange: 1.2474
BendingEnergy: 0.2127
---
Trajectory(x,y):
0.000 0.000
0.091 -0.046
0.182 -0.091
0.274 -0.137
0.365 -0.182
0.457 -0.227
0.548 -0.271
0.640 -0.316
0.733 -0.359
0.825 -0.403
0.917 -0.445
1.010 -0.487
1.104 -0.529
1.197 -0.569
1.291 -0.609
1.385 -0.648
1.480 -0.686
1.575 -0.723
1.671 -0.759
1.767 -0.793
1.863 -0.827
1.960 -0.859
2.057 -0.890
2.154 -0.920
2.252 -0.948
2.351 -0.974
2.450 -1.000
2.549 -1.023
2.649 -1.045
2.749 -1.065
2.849 -1.084
2.950 -1.100
3.050 -1.115
3.152 -1.128
3.253 -1.139
3.355 -1.148
3.456 -1.155
3.558 -1.161
3.660 -1.164
3.762 -1.164
3.864 -1.163
3.966 -1.160
4.068 -1.155
4.170 -1.147
4.271 -1.137
4.372 -1.125
4.473 -1.111
4.574 -1.095
4.674 -1.076
4.774 -1.055
4.874 -1.033
4.972 -1.007
5.071 -0.980
5.168 -0.951
5.265 -0.919
5.362 -0.886
5.457 -0.850
5.552 -0.812
5.646 -0.773
5.739 -0.731
5.831 -0.688
5.923 -0.642
6.013 -0.595
6.103 -0.546
6.191 -0.495
6.279 -0.443
6.365 -0.389
6.451 -0.334
6.535 -0.277
6.619 -0.218
6.702 -0.159
6.783 -0.097
6.864 -0.035
6.944 0.028
7.023 0.093
7.101 0.158
7.178 0.225
7.255 0.292
7.331 0.361
7.406 0.430
7.480 0.499
7.554 0.569
7.628 0.640
7.701 0.711
7.774 0.783
7.846 0.854
7.918 0.926
7.991 0.998
---
CollisionFootprint(i, j, t_in, t_out):
0 0 0.000000 5.597418
0 1 5.597418 11.563450
-1 1 11.563450 16.582621
-1 2 16.582621 27.116459
-1 3 27.116459 37.267139
-1 4 37.267139 47.327546
-1 5 47.327546 57.748042
-1 6 57.748042 65.382116
0 6 65.382116 69.135460
0 7 69.135460 81.851895
1 7 81.851895 82.111680
1 8 82.111680 89.000000
=== END ===

=== PRIMITIVE ===
ID: 111
StartHeadingNum: 3
Goal: i=8 j=-1 heading=6
Length: 8.873204
ExecutionTime(ticks): 89
TotalHeadingChange: 1.2474
BendingEnergy: 0.2127
---
Trajectory(x,y):
0.000 0.000
0.046 0.091
0.091 0.182
0.137 0.274
0.182 0.365
0.227 0.457
0.271 0.548
0.316 0.640
0.359 0.733
0.403 0.825
0.445 0.917
0.487 1.010
0.529 1.104
0.569 1.197
0.609 1.291
0.648 1.385
0.686 1.480
0.723 1.575
0.759 1.671
0.793 1.767
0.827 1.863
0.859 1.960
0.890 2.057
0.920 2.154
0.948 2.252
0.974 2.351
1.000 2.450
1.023 2.549
1.045 2.649
1.065 2.749
1.084 2.849
1.100 2.950
1.115 3.050
1.128 3.152
1.139 3.253
1.148 3.355
1.155 3.456
1.161 3.558
1.164 3.660
1.164 3.762
1.163 3.864
1.160 3.966
1.155 4.068
1.147 4.170
1.137 4.271
1.125 4.372
1.111 4.473
1.095 4.574
1.076 4.674
1.055 4.774
1.033 4.874
1.007 4.972
0.980 5.071
0.951 5.168
0.919 5.265
0.886 5.362
0.850 5.457
0.812 5.552
0.773 5.646
0.731 5.739
0.688 5.831
0.642 5.923
0.595 6.013
0.546 6.103
0.495 6.191
0.443 6.279
0.389 6.365
0.334 6.451
0.277 6.535
0.218 6.619
0.159 6.702
0.097 6.783
0.035 6.864
-0.028 6.944
-0.093 7.023
-0.158 7.101
-0.225 7.178
-0.292 7.255
-0.361 7.331
-0.430 7.406
-0.499 7.480
-0.569 7.554
-0.640 7.628
-0.711 7.701
-0.783 7.774
-0.854 7.846
-0.926 7.918
-0.998 7.991
---
CollisionFootprint(i, j, t_in, t_out):
0 0 0.000000 5.597418
1 0 5.597418 11.563450
1 1 11.563450 16.582621
2 1 16.582621 27.116459
3 1 27.116459 37.267139
4 1 37.267139 47.327546
5 1 47.327546 57.748042
6 1 57.748042 65.382116
6 0 65.382116 69.135460
7 0 69.135460 81.851895
7 -1 81.851895 82.111680
8 -1 82.111680 89.000000
=== END ===

