=== METADATA ===
NumHeadings: 16
Headings(rad):
0.000000
0.463648
0.785398
1.107149
1.570796
2.034444
2.356194
2.677945
3.141593
-2.677945
-2.356194
-2.034444
-1.570796
-1.107149
-0.785398
-0.463648
---

=== PRIMITIVE ===
ID: 0
StartHeadingNum: 0
Goal: i=0 j=8 heading=0
Length: 7.990302
ExecutionTime(ticks): 80
TotalHeadingChange: 0.0000
BendingEnergy: 0.0000
---
Trajectory(x,y):
0.000 0.000
0.102 0.000
0.205 0.000
0.307 0.000
0.410 0.000
0.512 0.000
0.615 0.000
0.717 0.000
0.820 0.000
0.922 0.000
1.024 0.000
1.127 0.000
1.229 0.000
1.332 0.000
1.434 0.000
1.537 0.000
1.639 0.000
1.741 0.000
1.844 0.000
1.946 0.000
2.049 0.000
2.151 0.000
2.254 0.000
2.356 0.000
2.459 0.000
2.561 0.000
2.663 0.000
2.766 0.000
2.868 0.000
2.971 0.000
3.073 0.000
3.176 0.000
3.278 0.000
3.381 0.000
3.483 0.000
3.585 0.000
3.688 0.000
3.790 0.000
3.893 0.000
3.995 0.000
4.098 0.000
4.200 0.000
4.302 0.000
4.405 0.000
4.507 0.000
4.610 0.000
4.712 0.000
4.815 0.000
4.917 0.000
5.020 0.000
5.122 0.000
5.224 0.000
5.327 0.000
5.429 0.000
5.532 0.000
5.634 0.000
5.737 0.000
5.839 0.000
5.942 0.000
6.044 0.000
6.146 0.000
6.249 0.000
6.351 0.000
6.454 0.000
6.556 0.000
6.659 0.000
6.761 0.000
6.863 0.000
6.966 0.000
7.068 0.000
7.171 0.000
7.273 0.000
7.376 0.000
7.478 0.000
7.581 0.000
7.683 0.000
7.785 0.000
7.888 0.000
7.990 0.000
---
CollisionFootprint(i, j, t_in, t_out):
0 0 0.000000 5.005632
0 1 5.005632 15.017897
0 2 15.017897 25.030162
0 3 25.030162 35.042427
0 4 35.042427 45.054692
0 5 45.054692 55.066957
0 6 55.066957 65.079222
0 7 65.079222 75.091487
0 8 75.091487 80.000000
=== END ===

=== PRIMITIVE ===
ID: 1
StartHeadingNum: 4
Goal: i=8 j=0 heading=4
Length: 7.990302
ExecutionTime(ticks): 80
TotalHeadingChange: 0.0000
BendingEnergy: 0.0000
---
Trajectory(x,y):
0.000 0.000
0.000 0.102
0.000 0.205
0.000 0.307
0.000 0.410
0.000 0.512
0.000 0.615
0.000 0.717
0.000 0.820
0.000 0.922
0.000 1.024
0.000 1.127
0.000 1.229
0.000 1.332
0.000 1.434
0.000 1.537
0.000 1.639
0.000 1.741
0.000 1.844
0.000 1.946
0.000 2.049
0.000 2.151
0.000 2.254
0.000 2.356
0.000 2.459
0.000 2.561
0.000 2.663
0.000 2.766
0.000 2.868
0.000 2.971
0.000 3.073
0.000 3.176
0.000 3.278
0.000 3.381
0.000 3.483
0.000 3.585
0.000 3.688
0.000 3.790
0.000 3.893
0.000 3.995
0.000 4.098
0.000 4.200
0.000 4.302
0.000 4.405
0.000 4.507
0.000 4.610
0.000 4.712
0.000 4.815
0.000 4.917
0.000 5.020
0.000 5.122
0.000 5.224
0.000 5.327
0.000 5.429
0.000 5.532
0.000 5.634
0.000 5.737
0.000 5.839
0.000 5.942
0.000 6.044
0.000 6.146
0.000 6.249
0.000 6.351
0.000 6.454
0.000 6.556
0.000 6.659
0.000 6.761
0.000 6.863
0.000 6.966
0.000 7.068
0.000 7.171
0.000 7.273
0.000 7.376
0.000 7.478
0.000 7.581
0.000 7.683
0.000 7.785
0.000 7.888
0.000 7.990
---
CollisionFootprint(i, j, t_in, t_out):
0 0 0.000000 5.005632
1 0 5.005632 15.017897
2 0 15.017897 25.030162
3 0 25.030162 35.042427
4 0 35.042427 45.054692
5 0 45.054692 55.066957
6 0 55.066957 65.079222
7 0 65.079222 75.091487
8 0 75.091487 80.000000
=== END ===

=== PRIMITIVE ===
ID: 2
StartHeadingNum: 8
Goal: i=0 j=-8 heading=8
Length: 7.990302
ExecutionTime(ticks): 80
TotalHeadingChange: 0.0000
BendingEnergy: 0.0000
---
Trajectory(x,y):
0.000 0.000
-0.102 0.000
-0.205 0.000
-0.307 0.000
-0.410 0.000
-0.512 0.000
-0.615 0.000
-0.717 0.000
-0.820 0.000
-0.922 0.000
-1.024 0.000
-1.127 0.000
-1.229 0.000
-1.332 0.000
-1.434 0.000
-1.537 0.000
-1.639 0.000
-1.741 0.000
-1.844 0.000
-1.946 0.000
-2.049 0.000
-2.151 0.000
-2.254 0.000
-2.356 0.000
-2.459 0.000
-2.561 0.000
-2.663 0.000
-2.766 0.000
-2.868 0.000
-2.971 0.000
-3.073 0.000
-3.176 0.000
-3.278 0.000
-3.381 0.000
-3.483 0.000
-3.585 0.000
-3.688 0.000
-3.790 0.000
-3.893 0.000
-3.995 0.000
-4.098 0.000
-4.200 0.000
-4.302 0.000
-4.405 0.000
-4.507 0.000
-4.610 0.000
-4.712 0.000
-4.815 0.000
-4.917 0.000
-5.020 0.000
-5.122 0.000
-5.224 0.000
-5.327 0.000
-5.429 0.000
-5.532 0.000
-5.634 0.000
-5.737 0.000
-5.839 0.000
-5.942 0.000
-6.044 0.000
-6.146 0.000
-6.249 0.000
-6.351 0.000
-6.454 0.000
-6.556 0.000
-6.659 0.000
-6.761 0.000
-6.863 0.000
-6.966 0.000
-7.068 0.000
-7.171 0.000
-7.273 0.000
-7.376 0.000
-7.478 0.000
-7.581 0.000
-7.683 0.000
-7.785 0.000
-7.888 0.000
-7.990 0.000
---
CollisionFootprint(i, j, t_in, t_out):
0 0 0.000000 5.005632
0 -1 5.005632 15.017897
0 -2 15.017897 25.030162
0 -3 25.030162 35.042427
0 -4 35.042427 45.054692
0 -5 45.054692 55.066957
0 -6 55.066957 65.079222
0 -7 65.079222 75.091487
0 -8 75.091487 80.000000
=== END ===

=== PRIMITIVE ===
ID: 3
StartHeadingNum: 12
Goal: i=-8 j=0 heading=12
Length: 7.990302
ExecutionTime(ticks): 80
TotalHeadingChange: 0.0000
BendingEnergy: 0.0000
---
Trajectory(x,y):
0.000 0.000
-0.000 -0.102
-0.000 -0.205
-0.000 -0.307
-0.000 -0.410
-0.000 -0.512
-0.000 -0.615
-0.000 -0.717
-0.000 -0.820
-0.000 -0.922
-0.000 -1.024
-0.000 -1.127
-0.000 -1.229
-0.000 -1.332
-0.000 -1.434
-0.000 -1.537
-0.000 -1.639
-0.000 -1.741
-0.000 -1.844
-0.000 -1.946
-0.000 -2.049
-0.000 -2.151
-0.000 -2.254
-0.000 -2.356
-0.000 -2.459
-0.000 -2.561
-0.000 -2.663
-0.000 -2.766
-0.000 -2.868
-0.000 -2.971
-0.000 -3.073
-0.000 -3.176
-0.000 -3.278
-0.000 -3.381
-0.000 -3.483
-0.000 -3.585
-0.000 -3.688
-0.000 -3.790
-0.000 -3.893
-0.000 -3.995
-0.000 -4.098
-0.000 -4.200
-0.000 -4.302
-0.000 -4.405
-0.000 -4.507
-0.000 -4.610
-0.000 -4.712
-0.000 -4.815
-0.000 -4.917
-0.000 -5.020
-0.000 -5.122
-0.000 -5.224
-0.000 -5.327
-0.000 -5.429
-0.000 -5.532
-0.000 -5.634
-0.000 -5.737
-0.000 -5.839
-0.000 -5.942
-0.000 -6.044
-0.000 -6.146
-0.000 -6.249
-0.000 -6.351
-0.000 -6.454
-0.000 -6.556
-0.000 -6.659
-0.000 -6.761
-0.000 -6.863
-0.000 -6.966
-0.000 -7.068
-0.000 -7.171
-0.000 -7.273
-0.000 -7.376
-0.000 -7.478
-0.000 -7.581
-0.000 -7.683
-0.000 -7.785
-0.000 -7.888
-0.000 -7.990
---
CollisionFootprint(i, j, t_in, t_out):
0 0 0.000000 5.005632
-1 0 5.005632 15.017897
-2 0 15.017897 25.030162
-3 0 25.030162 35.042427
-4 0 35.042427 45.054692
-5 0 45.054692 55.066957
-6 0 55.066957 65.079222
-7 0 65.079222 75.091487
-8 0 75.091487 80.000000
=== END ===

=== PRIMITIVE ===
ID: 4
StartHeadingNum: 0
Goal: i=0 j=1 heading=0
Length: 1.000000
ExecutionTime(ticks): 10
TotalHeadingChange: 0.0000
BendingEnergy: 0.0000
---
Trajectory(x,y):
0.000 0.000
0.111 0.000
0.222 0.000
0.333 0.000
0.444 0.000
0.556 0.000
0.667 0.000
0.778 0.000
0.889 0.000
1.000 0.000
---
CollisionFootprint(i, j, t_in, t_out):
0 0 0.000000 5.000000
0 1 5.000000 10.000000
=== END ===

=== PRIMITIVE ===
ID: 5
StartHeadingNum: 4
Goal: i=1 j=0 heading=4
Length: 1.000000
ExecutionTime(ticks): 10
TotalHeadingChange: 0.0000
BendingEnergy: 0.0000
---
Trajectory(x,y):
0.000 0.000
0.000 0.111
0.000 0.222
0.000 0.333
0.000 0.444
0.000 0.556
0.000 0.667
0.000 0.778
0.000 0.889
0.000 1.000
---
CollisionFootprint(i, j, t_in, t_out):
0 0 0.000000 5.000000
1 0 5.000000 10.000000
=== END ===

=== PRIMITIVE ===
ID: 6
StartHeadingNum: 8
Goal: i=0 j=-1 heading=8
Length: 1.000000
ExecutionTime(ticks): 10
TotalHeadingChange: 0.0000
BendingEnergy: 0.0000
---
Trajectory(x,y):
0.000 0.000
-0.111 0.000
-0.222 0.000
-0.333 0.000
-0.444 0.000
-0.556 0.000
-0.667 0.000
-0.778 0.000
-0.889 0.000
-1.000 0.000
---
CollisionFootprint(i, j, t_in, t_out):
0 0 0.000000 5.000000
0 -1 5.000000 10.000000
=== END ===

=== PRIMITIVE ===
ID: 7
StartHeadingNum: 12
Goal: i=-1 j=0 heading=12
Length: 1.000000
ExecutionTime(ticks): 10
TotalHeadingChange: 0.0000
BendingEnergy: 0.0000
---
Trajectory(x,y):
0.000 0.000
-0.000 -0.111
-0.000 -0.222
-0.000 -0.333
-0.000 -0.444
-0.000 -0.556
-0.000 -0.667
-0.000 -0.778
-0.000 -0.889
-0.000 -1.000
---
CollisionFootprint(i, j, t_in, t_out):
0 0 0.000000 5.000000
-1 0 5.000000 10.000000
=== END ===

=== PRIMITIVE ===
ID: 8
StartHeadingNum: 0
Goal: i=5 j=5 heading=4
Length: 8.248047
ExecutionTime(ticks): 82
TotalHeadingChange: 1.5686
BendingEnergy: 0.3580
---
Trajectory(x,y):
0.000 0.000
0.102 0.000
0.204 0.000
0.305 0.001
0.407 0.002
0.509 0.003
0.611 0.005
0.713 0.008
0.814 0.012
0.916 0.017
1.018 0.023
1.119 0.030
1.221 0.039
1.322 0.049
1.423 0.061
1.524 0.075
1.625 0.090
1.725 0.107
1.825 0.126
1.925 0.148
2.024 0.171
2.123 0.196
2.221 0.224
2.318 0.253
2.415 0.286
2.510 0.320
2.605 0.357
2.699 0.396
2.792 0.438
2.884 0.482
2.975 0.528
3.064 0.577
3.152 0.628
3.238 0.682
3.323 0.738
3.407 0.797
3.488 0.858
3.568 0.921
3.646 0.987
3.722 1.054
3.796 1.124
3.868 1.196
3.938 1.270
4.005 1.347
4.071 1.425
4.134 1.504
4.195 1.586
4.253 1.669
4.309 1.754
4.363 1.841
4.414 1.929
4.463 2.018
4.510 2.109
4.554 2.201
4.595 2.294
4.634 2.388
4.671 2.483
4.706 2.578
4.738 2.675
4.767 2.772
4.795 2.870
4.820 2.969
4.844 3.068
4.865 3.168
4.884 3.268
4.901 3.368
4.917 3.469
4.930 3.570
4.942 3.671
4.953 3.772
4.962 3.874
4.969 3.975
4.975 4.077
4.981 4.178
4.985 4.280
4.988 4.382
4.990 4.484
4.992 4.586
4.993 4.687
4.994 4.789
4.994 4.891
4.994 4.993
---
CollisionFootprint(i, j, t_in, t_out):
0 0 0.000000 4.971459
0 1 4.971459 14.942216
0 2 14.942216 25.197311
0 3 25.197311 29.764631
1 3 29.764631 36.592745
1 4 36.592745 45.499715
2 4 45.499715 52.426254
2 5 52.426254 56.876259
3 5 56.876259 67.127378
4 5 67.127378 77.099128
5 5 77.099128 82.000000
=== END ===

=== PRIMITIVE ===
ID: 9
StartHeadingNum: 4
Goal: i=5 j=-5 heading=8
Length: 8.248047
ExecutionTime(ticks): 82
TotalHeadingChange: 1.5686
BendingEnergy: 0.3580
---
Trajectory(x,y):
0.000 0.000
-0.000 0.102
-0.000 0.204
-0.001 0.305
-0.002 0.407
-0.003 0.509
-0.005 0.611
-0.008 0.713
-0.012 0.814
-0.017 0.916
-0.023 1.018
-0.030 1.119
-0.039 1.221
-0.049 1.322
-0.061 1.423
-0.075 1.524
-0.090 1.625
-0.107 1.725
-0.126 1.825
-0.148 1.925
-0.171 2.024
-0.196 2.123
-0.224 2.221
-0.253 2.318
-0.286 2.415
-0.320 2.510
-0.357 2.605
-0.396 2.699
-0.438 2.792
-0.482 2.884
-0.528 2.975
-0.577 3.064
-0.628 3.152
-0.682 3.238
-0.738 3.323
-0.797 3.407
-0.858 3.488
-0.921 3.568
-0.987 3.646
-1.054 3.722
-1.124 3.796
-1.196 3.868
-1.270 3.938
-1.347 4.005
-1.425 4.071
-1.504 4.134
-1.586 4.195
-1.669 4.253
-1.754 4.309
-1.841 4.363
-1.929 4.414
-2.018 4.463
-2.109 4.510
-2.201 4.554
-2.294 4.595
-2.388 4.634
-2.483 4.671
-2.578 4.706
-2.675 4.738
-2.772 4.767
-2.870 4.795
-2.969 4.820
-3.068 4.844
-3.168 4.865
-3.268 4.884
-3.368 4.901
-3.469 4.917
-3.570 4.930
-3.671 4.942
-3.772 4.953
-3.874 4.962
-3.975 4.969
-4.077 4.975
-4.178 4.981
-4.280 4.985
-4.382 4.988
-4.484 4.990
-4.586 4.992
-4.687 4.993
-4.789 4.994
-4.891 4.994
-4.993 4.994
---
CollisionFootprint(i, j, t_in, t_out):
0 0 0.000000 4.971459
1 0 4.971459 14.942216
2 0 14.942216 25.197311
3 0 25.197311 29.764631
3 -1 29.764631 36.592745
4 -1 36.592745 45.499715
4 -2 45.499715 52.426254
5 -2 52.426254 56.876259
5 -3 56.876259 67.127378
5 -4 67.127378 77.099128
5 -5 77.099128 82.000000
=== END ===

=== PRIMITIVE ===
ID: 10
StartHeadingNum: 8
Goal: i=-5 j=-5 heading=12
Length: 8.248047
ExecutionTime(ticks): 82
TotalHeadingChange: 1.5686
BendingEnergy: 0.3580
---
Trajectory(x,y):
0.000 0.000
-0.102 -0.000
-0.204 -0.000
-0.305 -0.001
-0.407 -0.002
-0.509 -0.003
-0.611 -0.005
-0.713 -0.008
-0.814 -0.012
-0.916 -0.017
-1.018 -0.023
-1.119 -0.030
-1.221 -0.039
-1.322 -0.049
-1.423 -0.061
-1.524 -0.075
-1.625 -0.090
-1.725 -0.107
-1.825 -0.126
-1.925 -0.148
-2.024 -0.171
-2.123 -0.196
-2.221 -0.224
-2.318 -0.253
-2.415 -0.286
-2.510 -0.320
-2.605 -0.357
-2.699 -0.396
-2.792 -0.438
-2.884 -0.482
-2.975 -0.528
-3.064 -0.577
-3.152 -0.628
-3.238 -0.682
-3.323 -0.738
-3.407 -0.797
-3.488 -0.858
-3.568 -0.921
-3.646 -0.987
-3.722 -1.054
-3.796 -1.124
-3.868 -1.196
-3.938 -1.270
-4.005 -1.347
-4.071 -1.425
-4.134 -1.504
-4.195 -1.586
-4.253 -1.669
-4.309 -1.754
-4.363 -1.841
-4.414 -1.929
-4.463 -2.018
-4.510 -2.109
-4.554 -2.201
-4.595 -2.294
-4.634 -2.388
-4.671 -2.483
-4.706 -2.578
-4.738 -2.675
-4.767 -2.772
-4.795 -2.870
-4.820 -2.969
-4.844 -3.068
-4.865 -3.168
-4.884 -3.268
-4.901 -3.368
-4.917 -3.469
-4.930 -3.570
-4.942 -3.671
-4.953 -3.772
-4.962 -3.874
-4.969 -3.975
-4.975 -4.077
-4.981 -4.178
-4.985 -4.280
-4.988 -4.382
-4.990 -4.484
-4.992 -4.586
-4.993 -4.687
-4.994 -4.789
-4.994 -4.891
-4.994 -4.993
---
CollisionFootprint(i, j, t_in, t_out):
0 0 0.000000 4.971459
0 -1 4.971459 14.942216
0 -2 14.942216 25.197311
0 -3 25.197311 29.764631
-1 -3 29.764631 36.592745
-1 -4 36.592745 45.499715
-2 -4 45.499715 52.426254
-2 -5 52.426254 56.876259
-3 -5 56.876259 67.127378
-4 -5 67.127378 77.099128
-5 -5 77.099128 82.000000
=== END ===

=== PRIMITIVE ===
ID: 11
StartHeadingNum: 12
Goal: i=-5 j=5 heading=0
Length: 8.248047
ExecutionTime(ticks): 82
TotalHeadingChange: 1.5686
BendingEnergy: 0.3580
---
Trajectory(x,y):
0.000 0.000
0.000 -0.102
0.000 -0.204
0.001 -0.305
0.002 -0.407
0.003 -0.509
0.005 -0.611
0.008 -0.713
0.012 -0.814
0.017 -0.916
0.023 -1.018
0.030 -1.119
0.039 -1.221
0.049 -1.322
0.061 -1.423
0.075 -1.524
0.090 -1.625
0.107 -1.725
0.126 -1.825
0.148 -1.925
0.171 -2.024
0.196 -2.123
0.224 -2.221
0.253 -2.318
0.286 -2.415
0.320 -2.510
0.357 -2.605
0.396 -2.699
0.438 -2.792
0.482 -2.884
0.528 -2.975
0.577 -3.064
0.628 -3.152
0.682 -3.238
0.738 -3.323
0.797 -3.407
0.858 -3.488
0.921 -3.568
0.987 -3.646
1.054 -3.722
1.124 -3.796
1.196 -3.868
1.270 -3.938
1.347 -4.005
1.425 -4.071
1.504 -4.134
1.586 -4.195
1.669 -4.253
1.754 -4.309
1.841 -4.363
1.929 -4.414
2.018 -4.463
2.109 -4.510
2.201 -4.554
2.294 -4.595
2.388 -4.634
2.483 -4.671
2.578 -4.706
2.675 -4.738
2.772 -4.767
2.870 -4.795
2.969 -4.820
3.068 -4.844
3.168 -4.865
3.268 -4.884
3.368 -4.901
3.469 -4.917
3.570 -4.930
3.671 -4.942
3.772 -4.953
3.874 -4.962
3.975 -4.969
4.077 -4.975
4.178 -4.981
4.280 -4.985
4.382 -4.988
4.484 -4.990
4.586 -4.992
4.687 -4.993
4.789 -4.994
4.891 -4.994
4.993 -4.994
---
CollisionFootprint(i, j, t_in, t_out):
0 0 0.000000 4.971459
-1 0 4.971459 14.942216
-2 0 14.942216 25.197311
-3 0 25.197311 29.764631
-3 1 29.764631 36.592745
-4 1 36.592745 45.499715
-4 2 45.499715 52.426254
-5 2 52.426254 56.876259
-5 3 56.876259 67.127378
-5 4 67.127378 77.099128
-5 5 77.099128 82.000000
=== END ===

=== PRIMITIVE ===
ID: 12
StartHeadingNum: 0
Goal: i=1 j=8 heading=1
Length: 8.178449
ExecutionTime(ticks): 82
TotalHeadingChange: 0.5456
BendingEnergy: 0.0552
---
Trajectory(x,y):
0.000 0.000
0.102 -0.000
0.204 -0.000
0.307 -0.000
0.409 -0.001
0.511 -0.001
0.613 -0.002
0.716 -0.003
0.818 -0.004
0.920 -0.005
1.022 -0.007
1.124 -0.009
1.227 -0.011
1.329 -0.014
1.431 -0.017
1.533 -0.020
1.635 -0.023
1.738 -0.027
1.840 -0.030
1.942 -0.034
2.044 -0.038
2.146 -0.043
2.248 -0.047
2.351 -0.051
2.453 -0.055
2.555 -0.059
2.657 -0.063
2.759 -0.067
2.861 -0.071
2.963 -0.074
3.066 -0.077
3.168 -0.080
3.270 -0.083
3.372 -0.085
3.474 -0.086
3.577 -0.087
3.679 -0.087
3.781 -0.086
3.883 -0.085
3.986 -0.083
4.088 -0.080
4.190 -0.077
4.292 -0.072
4.394 -0.067
4.496 -0.060
4.598 -0.052
4.700 -0.043
4.802 -0.033
4.903 -0.022
5.005 -0.010
5.106 0.004
5.207 0.019
5.308 0.036
5.409 0.053
5.509 0.072
5.609 0.093
5.709 0.115
5.809 0.138
5.908 0.162
6.007 0.188
6.105 0.216
6.203 0.245
6.301 0.275
6.398 0.306
6.495 0.339
6.592 0.373
6.688 0.408
6.783 0.445
6.878 0.482
6.973 0.521
7.067 0.561
7.161 0.602
7.254 0.643
7.347 0.686
7.440 0.729
7.532 0.773
7.624 0.817
7.716 0.862
7.808 0.908
7.899 0.953
7.991 0.999
---
CollisionFootprint(i, j, t_in, t_out):
0 0 0.000000 5.012765
0 1 5.012765 15.041304
0 2 15.041304 25.074857
0 3 25.074857 35.106404
0 4 35.106404 45.138953
0 5 45.138953 55.255726
0 6 55.255726 65.650233
0 7 65.650233 70.169192
1 7 70.169192 76.518995
1 8 76.518995 82.000000
=== END ===

=== PRIMITIVE ===
ID: 13
StartHeadingNum: 4
Goal: i=8 j=-1 heading=5
Length: 8.178449
ExecutionTime(ticks): 82
TotalHeadingChange: 0.5456
BendingEnergy: 0.0552
---
Trajectory(x,y):
0.000 0.000
0.000 0.102
0.000 0.204
0.000 0.307
0.001 0.409
0.001 0.511
0.002 0.613
0.003 0.716
0.004 0.818
0.005 0.920
0.007 1.022
0.009 1.124
0.011 1.227
0.014 1.329
0.017 1.431
0.020 1.533
0.023 1.635
0.027 1.738
0.030 1.840
0.034 1.942
0.038 2.044
0.043 2.146
0.047 2.248
0.051 2.351
0.055 2.453
0.059 2.555
0.063 2.657
0.067 2.759
0.071 2.861
0.074 2.963
0.077 3.066
0.080 3.168
0.083 3.270
0.085 3.372
0.086 3.474
0.087 3.577
0.087 3.679
0.086 3.781
0.085 3.883
0.083 3.986
0.080 4.088
0.077 4.190
0.072 4.292
0.067 4.394
0.060 4.496
0.052 4.598
0.043 4.700
0.033 4.802
0.022 4.903
0.010 5.005
-0.004 5.106
-0.019 5.207
-0.036 5.308
-0.053 5.409
-0.072 5.509
-0.093 5.609
-0.115 5.709
-0.138 5.809
-0.162 5.908
-0.188 6.007
-0.216 6.105
-0.245 6.203
-0.275 6.301
-0.306 6.398
-0.339 6.495
-0.373 6.592
-0.408 6.688
-0.445 6.783
-0.482 6.878
-0.521 6.973
-0.561 7.067
-0.602 7.161
-0.643 7.254
-0.686 7.347
-0.729 7.440
-0.773 7.532
-0.817 7.624
-0.862 7.716
-0.908 7.808
-0.953 7.899
-0.999 7.991
---
CollisionFootprint(i, j, t_in, t_out):
0 0 0.000000 5.012765
1 0 5.012765 15.041304
2 0 15.041304 25.074857
3 0 25.074857 35.106404
4 0 35.106404 45.138953
5 0 45.138953 55.255726
6 0 55.255726 65.650233
7 0 65.650233 70.169192
7 -1 70.169192 76.518995
8 -1 76.518995 82.000000
=== END ===

=== PRIMITIVE ===
ID: 14
StartHeadingNum: 8
Goal: i=-1 j=-8 heading=9
Length: 8.178449
ExecutionTime(ticks): 82
TotalHeadingChange: 0.5456
BendingEnergy: 0.0552
---
Trajectory(x,y):
0.000 0.000
-0.102 0.000
-0.204 0.000
-0.307 0.000
-0.409 0.001
-0.511 0.001
-0.613 0.002
-0.716 0.003
-0.818 0.004
-0.920 0.005
-1.022 0.007
-1.124 0.009
-1.227 0.011
-1.329 0.014
-1.431 0.017
-1.533 0.020
-1.635 0.023
-1.738 0.027
-1.840 0.030
-1.942 0.034
-2.044 0.038
-2.146 0.043
-2.248 0.047
-2.351 0.051
-2.453 0.055
-2.555 0.059
-2.657 0.063
-2.759 0.067
-2.861 0.071
-2.963 0.074
-3.066 0.077
-3.168 0.080
-3.270 0.083
-3.372 0.085
-3.474 0.086
-3.577 0.087
-3.679 0.087
-3.781 0.086
-3.883 0.085
-3.986 0.083
-4.088 0.080
-4.190 0.077
-4.292 0.072
-4.394 0.067
-4.496 0.060
-4.598 0.052
-4.700 0.043
-4.802 0.033
-4.903 0.022
-5.005 0.010
-5.106 -0.004
-5.207 -0.019
-5.308 -0.036
-5.409 -0.053
-5.509 -0.072
-5.609 -0.093
-5.709 -0.115
-5.809 -0.138
-5.908 -0.162
-6.007 -0.188
-6.105 -0.216
-6.203 -0.245
-6.301 -0.275
-6.398 -0.306
-6.495 -0.339
-6.592 -0.373
-6.688 -0.408
-6.783 -0.445
-6.878 -0.482
-6.973 -0.521
-7.067 -0.561
-7.161 -0.602
-7.254 -0.643
-7.347 -0.686
-7.440 -0.729
-7.532 -0.773
-7.624 -0.817
-7.716 -0.862
-7.808 -0.908
-7.899 -0.953
-7.991 -0.999
---
CollisionFootprint(i, j, t_in, t_out):
0 0 0.000000 5.012765
0 -1 5.012765 15.041304
0 -2 15.041304 25.074857
0 -3 25.074857 35.106404
0 -4 35.106404 45.138953
0 -5 45.138953 55.255726
0 -6 55.255726 65.650233
0 -7 65.650233 70.169192
-1 -7 70.169192 76.518995
-1 -8 76.518995 82.000000
=== END ===

=== PRIMITIVE ===
ID: 15
StartHeadingNum: 12
Goal: i=-8 j=1 heading=13
Length: 8.178449
ExecutionTime(ticks): 82
TotalHeadingChange: 0.5456
BendingEnergy: 0.0552
---
Trajectory(x,y):
0.000 0.000
-0.000 -0.102
-0.000 -0.204
-0.000 -0.307
-0.001 -0.409
-0.001 -0.511
-0.002 -0.613
-0.003 -0.716
-0.004 -0.818
-0.005 -0.920
-0.007 -1.022
-0.009 -1.124
-0.011 -1.227
-0.014 -1.329
-0.017 -1.431
-0.020 -1.533
-0.023 -1.635
-0.027 -1.738
-0.030 -1.840
-0.034 -1.942
-0.038 -2.044
-0.043 -2.146
-0.047 -2.248
-0.051 -2.351
-0.055 -2.453
-0.059 -2.555
-0.063 -2.657
-0.067 -2.759
-0.071 -2.861
-0.074 -2.963
-0.077 -3.066
-0.080 -3.168
-0.083 -3.270
-0.085 -3.372
-0.086 -3.474
-0.087 -3.577
-0.087 -3.679
-0.086 -3.781
-0.085 -3.883
-0.083 -3.986
-0.080 -4.088
-0.077 -4.190
-0.072 -4.292
-0.067 -4.394
-0.060 -4.496
-0.052 -4.598
-0.043 -4.700
-0.033 -4.802
-0.022 -4.903
-0.010 -5.005
0.004 -5.106
0.019 -5.207
0.036 -5.308
0.053 -5.409
0.072 -5.509
0.093 -5.609
0.115 -5.709
0.138 -5.809
0.162 -5.908
0.188 -6.007
0.216 -6.105
0.245 -6.203
0.275 -6.301
0.306 -6.398
0.339 -6.495
0.373 -6.592
0.408 -6.688
0.445 -6.783
0.482 -6.878
0.521 -6.973
0.561 -7.067
0.602 -7.161
0.643 -7.254
0.686 -7.347
0.729 -7.440
0.773 -7.532
0.817 -7.624
0.862 -7.716
0.908 -7.808
0.953 -7.899
0.999 -7.991
---
CollisionFootprint(i, j, t_in, t_out):
0 0 0.000000 5.012765
-1 0 5.012765 15.041304
-2 0 15.041304 25.074857
-3 0 25.074857 35.106404
-4 0 35.106404 45.138953
-5 0 45.138953 55.255726
-6 0 55.255726 65.650233
-7 0 65.650233 70.169192
-7 1 70.169192 76.518995
-8 1 76.518995 82.000000
=== END ===

=== PRIMITIVE ===
ID: 16
StartHeadingNum: 0
Goal: i=2 j=8 heading=2
Length: 8.591510
ExecutionTime(ticks): 86
TotalHeadingChange: 0.8457
BendingEnergy: 0.1277
---
Trajectory(x,y):
0.000 0.000
0.102 -0.000
0.205 -0.000
0.307 -0.000
0.409 -0.001
0.511 -0.001
0.614 -0.002
0.716 -0.003
0.818 -0.004
0.920 -0.005
1.023 -0.007
1.125 -0.009
1.227 -0.011
1.330 -0.013
1.432 -0.015
1.534 -0.018
1.636 -0.021
1.739 -0.024
1.841 -0.027
1.943 -0.030
2.045 -0.033
2.147 -0.036
2.250 -0.039
2.352 -0.042
2.454 -0.045
2.556 -0.047
2.659 -0.050
2.761 -0.051
2.863 -0.053
2.965 -0.054
3.068 -0.054
3.170 -0.054
3.272 -0.053
3.375 -0.051
3.477 -0.048
3.579 -0.045
3.681 -0.040
3.783 -0.035
3.885 -0.028
3.987 -0.020
4.089 -0.011
4.191 -0.001
4.293 0.011
4.394 0.024
4.495 0.038
4.596 0.054
4.697 0.072
4.798 0.091
4.898 0.112
4.997 0.135
5.097 0.160
5.195 0.186
5.294 0.214
5.392 0.244
5.489 0.276
5.585 0.310
5.681 0.346
5.776 0.383
5.871 0.423
5.964 0.464
6.057 0.508
6.148 0.553
6.239 0.600
6.329 0.649
6.418 0.700
6.505 0.752
6.592 0.806
6.678 0.862
6.762 0.920
6.846 0.979
6.928 1.040
7.010 1.102
7.090 1.165
7.169 1.230
7.248 1.295
7.325 1.362
7.401 1.430
7.477 1.499
7.552 1.569
7.626 1.639
7.700 1.710
7.773 1.781
7.846 1.853
7.918 1.925
7.991 1.997
---
CollisionFootprint(i, j, t_in, t_out):
0 0 0.000000 5.004505
0 1 5.004505 15.016517
0 2 15.016517 25.030531
0 3 25.030531 35.041542
0 4 35.041542 45.094595
0 5 45.094595 55.404905
0 6 55.404905 61.252753
1 6 61.252753 66.482983
1 7 66.482983 78.849349
2 7 78.849349 79.145646
2 8 79.145646 86.000000
=== END ===

=== PRIMITIVE ===
ID: 17
StartHeadingNum: 4
Goal: i=8 j=-2 heading=6
Length: 8.591510
ExecutionTime(ticks): 86
TotalHeadingChange: 0.8457
BendingEnergy: 0.1277
---
Trajectory(x,y):
0.000 0.000
0.000 0.102
0.000 0.205
0.000 0.307
0.001 0.409
0.001 0.511
0.002 0.614
0.003 0.716
0.004 0.818
0.005 0.920
0.007 1.023
0.009 1.125
0.011 1.227
0.013 1.330
0.015 1.432
0.018 1.534
0.021 1.636
0.024 1.739
0.027 1.841
0.030 1.943
0.033 2.045
0.036 2.147
0.039 2.250
0.042 2.352
0.045 2.454
0.047 2.556
0.050 2.659
0.051 2.761
0.053 2.863
0.054 2.965
0.054 3.068
0.054 3.170
0.053 3.272
0.051 3.375
0.048 3.477
0.045 3.579
0.040 3.681
0.035 3.783
0.028 3.885
0.020 3.987
0.011 4.089
0.001 4.191
-0.011 4.293
-0.024 4.394
-0.038 4.495
-0.054 4.596
-0.072 4.697
-0.091 4.798
-0.112 4.898
-0.135 4.997
-0.160 5.097
-0.186 5.195
-0.214 5.294
-0.244 5.392
-0.276 5.489
-0.310 5.585
-0.346 5.681
-0.383 5.776
-0.423 5.871
-0.464 5.964
-0.508 6.057
-0.553 6.148
-0.600 6.239
-0.649 6.329
-0.700 6.418
-0.752 6.505
-0.806 6.592
-0.862 6.678
-0.920 6.762
-0.979 6.846
-1.040 6.928
-1.102 7.010
-1.165 7.090
-1.230 7.169
-1.295 7.248
-1.362 7.325
-1.430 7.401
-1.499 7.477
-1.569 7.552
-1.639 7.626
-1.710 7.700
-1.781 7.773
-1.853 7.846
-1.925 7.918
-1.997 7.991
---
CollisionFootprint(i, j, t_in, t_out):
0 0 0.000000 5.004505
1 0 5.004505 15.016517
2 0 15.016517 25.030531
3 0 25.030531 35.041542
4 0 35.041542 45.094595
5 0 45.094595 55.404905
6 0 55.404905 61.252753
6 -1 61.252753 66.482983
7 -1 66.482983 78.849349
7 -2 78.849349 79.145646
8 -2 79.145646 86.000000
=== END ===

=== PRIMITIVE ===
ID: 18
StartHeadingNum: 8
Goal: i=-2 j=-8 heading=10
Length: 8.591510
ExecutionTime(ticks): 86
TotalHeadingChange: 0.8457
BendingEnergy: 0.1277
---
Trajectory(x,y):
0.000 0.000
-0.102 0.000
-0.205 0.000
-0.307 0.000
-0.409 0.001
-0.511 0.001
-0.614 0.002
-0.716 0.003
-0.818 0.004
-0.920 0.005
-1.023 0.007
-1.125 0.009
-1.227 0.011
-1.330 0.013
-1.432 0.015
-1.534 0.018
-1.636 0.021
-1.739 0.024
-1.841 0.027
-1.943 0.030
-2.045 0.033
-2.147 0.036
-2.250 0.039
-2.352 0.042
-2.454 0.045
-2.556 0.047
-2.659 0.050
-2.761 0.051
-2.863 0.053
-2.965 0.054
-3.068 0.054
-3.170 0.054
-3.272 0.053
-3.375 0.051
-3.477 0.048
-3.579 0.045
-3.681 0.040
-3.783 0.035
-3.885 0.028
-3.987 0.020
-4.089 0.011
-4.191 0.001
-4.293 -0.011
-4.394 -0.024
-4.495 -0.038
-4.596 -0.054
-4.697 -0.072
-4.798 -0.091
-4.898 -0.112
-4.997 -0.135
-5.097 -0.160
-5.195 -0.186
-5.294 -0.214
-5.392 -0.244
-5.489 -0.276
-5.585 -0.310
-5.681 -0.346
-5.776 -0.383
-5.871 -0.423
-5.964 -0.464
-6.057 -0.508
-6.148 -0.553
-6.239 -0.600
-6.329 -0.649
-6.418 -0.700
-6.505 -0.752
-6.592 -0.806
-6.678 -0.862
-6.762 -0.920
-6.846 -0.979
-6.928 -1.040
-7.010 -1.102
-7.090 -1.165
-7.169 -1.230
-7.248 -1.295
-7.325 -1.362
-7.401 -1.430
-7.477 -1.499
-7.552 -1.569
-7.626 -1.639
-7.700 -1.710
-7.773 -1.781
-7.846 -1.853
-7.918 -1.925
-7.991 -1.997
---
CollisionFootprint(i, j, t_in, t_out):
0 0 0.000000 5.004505
0 -1 5.004505 15.016517
0 -2 15.016517 25.030531
0 -3 25.030531 35.041542
0 -4 35.041542 45.094595
0 -5 45.094595 55.404905
0 -6 55.404905 61.252753
-1 -6 61.252753 66.482983
-1 -7 66.482983 78.849349
-2 -7 78.849349 79.145646
-2 -8 79.145646 86.000000
=== END ===

=== PRIMITIVE ===
ID: 19
StartHeadingNum: 12
Goal: i=-8 j=2 heading=14
Length: 8.591510
ExecutionTime(ticks): 86
TotalHeadingChange: 0.8457
BendingEnergy: 0.1277
---
Trajectory(x,y):
0.000 0.000
-0.000 -0.102
-0.000 -0.205
-0.000 -0.307
-0.001 -0.409
-0.001 -0.511
-0.002 -0.614
-0.003 -0.716
-0.004 -0.818
-0.005 -0.920
-0.007 -1.023
-0.009 -1.125
-0.011 -1.227
-0.013 -1.330
-0.015 -1.432
-0.018 -1.534
-0.021 -1.636
-0.024 -1.739
-0.027 -1.841
-0.030 -1.943
-0.033 -2.045
-0.036 -2.147
-0.039 -2.250
-0.042 -2.352
-0.045 -2.454
-0.047 -2.556
-0.050 -2.659
-0.051 -2.761
-0.053 -2.863
-0.054 -2.965
-0.054 -3.068
-0.054 -3.170
-0.053 -3.272
-0.051 -3.375
-0.048 -3.477
-0.045 -3.579
-0.040 -3.681
-0.035 -3.783
-0.028 -3.885
-0.020 -3.987
-0.011 -4.089
-0.001 -4.191
0.011 -4.293
0.024 -4.394
0.038 -4.495
0.054 -4.596
0.072 -4.697
0.091 -4.798
0.112 -4.898
0.135 -4.997
0.160 -5.097
0.186 -5.195
0.214 -5.294
0.244 -5.392
0.276 -5.489
0.310 -5.585
0.346 -5.681
0.383 -5.776
0.423 -5.871
0.464 -5.964
0.508 -6.057
0.553 -6.148
0.600 -6.239
0.649 -6.329
0.700 -6.418
0.752 -6.505
0.806 -6.592
0.862 -6.678
0.920 -6.762
0.979 -6.846
1.040 -6.928
1.102 -7.010
1.165 -7.090
1.230 -7.169
1.295 -7.248
1.362 -7.325
1.430 -7.401
1.499 -7.477
1.569 -7.552
1.639 -7.626
1.710 -7.700
1.781 -7.773
1.853 -7.846
1.925 -7.918
1.997 -7.991
---
CollisionFootprint(i, j, t_in, t_out):
0 0 0.000000 5.004505
-1 0 5.004505 15.016517
-2 0 15.016517 25.030531
-3 0 25.030531 35.041542
-4 0 35.041542 45.094595
-5 0 45.094595 55.404905
-6 0 55.404905 61.252753
-6 1 61.252753 66.482983
-7 1 66.482983 78.849349
-7 2 78.849349 79.145646
-8 2 79.145646 86.000000
=== END ===

=== PRIMITIVE ===
ID: 20
StartHeadingNum: 0
Goal: i=5 j=6 heading=3
Length: 8.447085
ExecutionTime(ticks): 84
TotalHeadingChange: 1.1102
BendingEnergy: 0.2116
---
Trajectory(x,y):
0.000 0.000
0.102 0.000
0.204 0.000
0.305 0.001
0.407 0.002
0.509 0.004
0.611 0.007
0.712 0.011
0.814 0.017
0.915 0.024
1.017 0.032
1.118 0.042
1.219 0.054
1.320 0.068
1.421 0.083
1.521 0.101
1.621 0.121
1.720 0.143
1.819 0.167
1.917 0.193
2.015 0.222
2.112 0.253
2.208 0.287
2.303 0.323
2.397 0.361
2.491 0.401
2.583 0.444
2.674 0.489
2.764 0.537
2.853 0.587
2.941 0.638
3.027 0.693
3.112 0.749
3.195 0.807
3.277 0.867
3.358 0.929
3.437 0.993
3.515 1.059
3.591 1.126
3.666 1.195
3.739 1.266
3.811 1.338
3.881 1.412
3.950 1.487
4.017 1.563
4.083 1.641
4.147 1.720
4.210 1.799
4.272 1.880
4.333 1.962
4.392 2.045
4.450 2.128
4.507 2.212
4.563 2.297
4.618 2.383
4.672 2.470
4.725 2.556
4.777 2.644
4.828 2.732
4.879 2.820
4.929 2.909
4.978 2.998
5.027 3.087
5.075 3.177
5.122 3.267
5.170 3.357
5.216 3.447
5.263 3.538
5.309 3.629
5.355 3.719
5.401 3.810
5.447 3.901
5.492 3.992
5.538 4.083
5.583 4.174
5.629 4.265
5.674 4.356
5.720 4.447
5.765 4.538
5.811 4.629
5.856 4.720
5.902 4.811
5.948 4.902
5.993 4.993
---
CollisionFootprint(i, j, t_in, t_out):
0 0 0.000000 4.972736
0 1 4.972736 14.969918
0 2 14.969918 25.403663
0 3 25.403663 27.554653
1 3 27.554653 37.252507
1 4 37.252507 43.691555
2 4 43.691555 52.494406
2 5 52.494406 56.018729
3 5 56.018729 67.383277
4 5 67.383277 73.035717
4 6 73.035717 78.512141
5 6 78.512141 84.000000
=== END ===

=== PRIMITIVE ===
ID: 21
StartHeadingNum: 4
Goal: i=6 j=-5 heading=7
Length: 8.447085
ExecutionTime(ticks): 84
TotalHeadingChange: 1.1102
BendingEnergy: 0.2116
---
Trajectory(x,y):
0.000 0.000
-0.000 0.102
-0.000 0.204
-0.001 0.305
-0.002 0.407
-0.004 0.509
-0.007 0.611
-0.011 0.712
-0.017 0.814
-0.024 0.915
-0.032 1.017
-0.042 1.118
-0.054 1.219
-0.068 1.320
-0.083 1.421
-0.101 1.521
-0.121 1.621
-0.143 1.720
-0.167 1.819
-0.193 1.917
-0.222 2.015
-0.253 2.112
-0.287 2.208
-0.323 2.303
-0.361 2.397
-0.401 2.491
-0.444 2.583
-0.489 2.674
-0.537 2.764
-0.587 2.853
-0.638 2.941
-0.693 3.027
-0.749 3.112
-0.807 3.195
-0.867 3.277
-0.929 3.358
-0.993 3.437
-1.059 3.515
-1.126 3.591
-1.195 3.666
-1.266 3.739
-1.338 3.811
-1.412 3.881
-1.487 3.950
-1.563 4.017
-1.641 4.083
-1.720 4.147
-1.799 4.210
-1.880 4.272
-1.962 4.333
-2.045 4.392
-2.128 4.450
-2.212 4.507
-2.297 4.563
-2.383 4.618
-2.470 4.672
-2.556 4.725
-2.644 4.777
-2.732 4.828
-2.820 4.879
-2.909 4.929
-2.998 4.978
-3.087 5.027
-3.177 5.075
-3.267 5.122
-3.357 5.170
-3.447 5.216
-3.538 5.263
-3.629 5.309
-3.719 5.355
-3.810 5.401
-3.901 5.447
-3.992 5.492
-4.083 5.538
-4.174 5.583
-4.265 5.629
-4.356 5.674
-4.447 5.720
-4.538 5.765
-4.629 5.811
-4.720 5.856
-4.811 5.902
-4.902 5.948
-4.993 5.993
---
CollisionFootprint(i, j, t_in, t_out):
0 0 0.000000 4.972736
1 0 4.972736 14.969918
2 0 14.969918 25.403663
3 0 25.403663 27.554653
3 -1 27.554653 37.252507
4 -1 37.252507 43.691555
4 -2 43.691555 52.494406
5 -2 52.494406 56.018729
5 -3 56.018729 67.383277
5 -4 67.383277 73.035717
6 -4 73.035717 78.512141
6 -5 78.512141 84.000000
=== END ===

=== PRIMITIVE ===
ID: 22
StartHeadingNum: 8
Goal: i=-5 j=-6 heading=11
Length: 8.447085
ExecutionTime(ticks): 84
TotalHeadingChange: 1.1102
BendingEnergy: 0.2116
---
Trajectory(x,y):
0.000 0.000
-0.102 -0.000
-0.204 -0.000
-0.305 -0.001
-0.407 -0.002
-0.509 -0.004
-0.611 -0.007
-0.712 -0.011
-0.814 -0.017
-0.915 -0.024
-1.017 -0.032
-1.118 -0.042
-1.219 -0.054
-1.320 -0.068
-1.421 -0.083
-1.521 -0.101
-1.621 -0.121
-1.720 -0.143
-1.819 -0.167
-1.917 -0.193
-2.015 -0.222
-2.112 -0.253
-2.208 -0.287
-2.303 -0.323
-2.397 -0.361
-2.491 -0.401
-2.583 -0.444
-2.674 -0.489
-2.764 -0.537
-2.853 -0.587
-2.941 -0.638
-3.027 -0.693
-3.112 -0.749
-3.195 -0.807
-3.277 -0.867
-3.358 -0.929
-3.437 -0.993
-3.515 -1.059
-3.591 -1.126
-3.666 -1.195
-3.739 -1.266
-3.811 -1.338
-3.881 -1.412
-3.950 -1.487
-4.017 -1.563
-4.083 -1.641
-4.147 -1.720
-4.210 -1.799
-4.272 -1.880
-4.333 -1.962
-4.392 -2.045
-4.450 -2.128
-4.507 -2.212
-4.563 -2.297
-4.618 -2.383
-4.672 -2.470
-4.725 -2.556
-4.777 -2.644
-4.828 -2.732
-4.879 -2.820
-4.929 -2.909
-4.978 -2.998
-5.027 -3.087
-5.075 -3.177
-5.122 -3.267
-5.170 -3.357
-5.216 -3.447
-5.263 -3.538
-5.309 -3.629
-5.355 -3.719
-5.401 -3.810
-5.447 -3.901
-5.492 -3.992
-5.538 -4.083
-5.583 -4.174
-5.629 -4.265
-5.674 -4.356
-5.720 -4.447
-5.765 -4.538
-5.811 -4.629
-5.856 -4.720
-5.902 -4.811
-5.948 -4.902
-5.993 -4.993
---
CollisionFootprint(i, j, t_in, t_out):
0 0 0.000000 4.972736
0 -1 4.972736 14.969918
0 -2 14.969918 25.403663
0 -3 25.403663 27.554653
-1 -3 27.554653 37.252507
-1 -4 37.252507 43.691555
-2 -4 43.691555 52.494406
-2 -5 52.494406 56.018729
-3 -5 56.018729 67.383277
-4 -5 67.383277 73.035717
-4 -6 73.035717 78.512141
-5 -6 78.512141 84.000000
=== END ===

=== PRIMITIVE ===
ID: 23
StartHeadingNum: 12
Goal: i=-6 j=5 heading=15
Length: 8.447085
ExecutionTime(ticks): 84
TotalHeadingChange: 1.1102
BendingEnergy: 0.2116
---
Trajectory(x,y):
0.000 0.000
0.000 -0.102
0.000 -0.204
0.001 -0.305
0.002 -0.407
0.004 -0.509
0.007 -0.611
0.011 -0.712
0.017 -0.814
0.024 -0.915
0.032 -1.017
0.042 -1.118
0.054 -1.219
0.068 -1.320
0.083 -1.421
0.101 -1.521
0.121 -1.621
0.143 -1.720
0.167 -1.819
0.193 -1.917
0.222 -2.015
0.253 -2.112
0.287 -2.208
0.323 -2.303
0.361 -2.397
0.401 -2.491
0.444 -2.583
0.489 -2.674
0.537 -2.764
0.587 -2.853
0.638 -2.941
0.693 -3.027
0.749 -3.112
0.807 -3.195
0.867 -3.277
0.929 -3.358
0.993 -3.437
1.059 -3.515
1.126 -3.591
1.195 -3.666
1.266 -3.739
1.338 -3.811
1.412 -3.881
1.487 -3.950
1.563 -4.017
1.641 -4.083
1.720 -4.147
1.799 -4.210
1.880 -4.272
1.962 -4.333
2.045 -4.392
2.128 -4.450
2.212 -4.507
2.297 -4.563
2.383 -4.618
2.470 -4.672
2.556 -4.725
2.644 -4.777
2.732 -4.828
2.820 -4.879
2.909 -4.929
2.998 -4.978
3.087 -5.027
3.177 -5.075
3.267 -5.122
3.357 -5.170
3.447 -5.216
3.538 -5.263
3.629 -5.309
3.719 -5.355
3.810 -5.401
3.901 -5.447
3.992 -5.492
4.083 -5.538
4.174 -5.583
4.265 -5.629
4.356 -5.674
4.447 -5.720
4.538 -5.765
4.629 -5.811
4.720 -5.856
4.811 -5.902
4.902 -5.948
4.993 -5.993
---
CollisionFootprint(i, j, t_in, t_out):
0 0 0.000000 4.972736
-1 0 4.972736 14.969918
-2 0 14.969918 25.403663
-3 0 25.403663 27.554653
-3 1 27.554653 37.252507
-4 1 37.252507 43.691555
-4 2 43.691555 52.494406
-5 2 52.494406 56.018729
-5 3 56.018729 67.383277
-5 4 67.383277 73.035717
-6 4 73.035717 78.512141
-6 5 78.512141 84.000000
=== END ===

=== PRIMITIVE ===
ID: 24
StartHeadingNum: 0
Goal: i=4 j=7 heading=3
Length: 8.687496
ExecutionTime(ticks): 87
TotalHeadingChange: 1.1057
BendingEnergy: 0.1710
---
Trajectory(x,y):
0.000 0.000
0.102 0.000
0.204 0.000
0.307 0.000
0.409 0.001
0.511 0.001
0.613 0.002
0.715 0.004
0.818 0.006
0.920 0.008
1.022 0.011
1.124 0.014
1.226 0.019
1.328 0.024
1.430 0.030
1.532 0.036
1.634 0.044
1.736 0.053
1.838 0.062
1.939 0.073
2.041 0.085
2.142 0.098
2.243 0.113
2.344 0.129
2.445 0.146
2.546 0.164
2.646 0.184
2.746 0.205
2.846 0.228
2.945 0.253
3.044 0.279
3.142 0.306
3.240 0.335
3.337 0.366
3.434 0.399
3.531 0.433
3.626 0.469
3.721 0.507
3.816 0.546
3.909 0.587
4.002 0.630
4.094 0.675
4.185 0.722
4.275 0.770
4.364 0.820
4.452 0.872
4.539 0.925
4.625 0.980
4.710 1.037
4.794 1.096
4.876 1.156
4.958 1.218
5.038 1.281
5.117 1.346
5.194 1.413
5.270 1.481
5.345 1.551
5.419 1.622
5.491 1.694
5.562 1.768
5.631 1.843
5.699 1.919
5.766 1.996
5.831 2.075
5.895 2.155
5.958 2.235
6.019 2.317
6.079 2.400
6.138 2.483
6.196 2.568
6.252 2.653
6.307 2.739
6.361 2.826
6.414 2.913
6.466 3.001
6.517 3.090
6.567 3.179
6.617 3.268
6.665 3.358
6.713 3.449
6.761 3.539
6.808 3.630
6.854 3.721
6.900 3.812
6.946 3.904
6.992 3.995
---
CollisionFootprint(i, j, t_in, t_out):
0 0 0.000000 5.006809
0 1 5.006809 15.028438
0 2 15.028438 25.122173
0 3 25.122173 35.497318
0 4 35.497318 37.693524
1 4 37.693524 46.620555
1 5 46.620555 56.574085
2 5 56.574085 59.493347
2 6 59.493347 69.800393
3 6 69.800393 76.416050
3 7 76.416050 81.439383
4 7 81.439383 87.000000
=== END ===

=== PRIMITIVE ===
ID: 25
StartHeadingNum: 4
Goal: i=7 j=-4 heading=7
Length: 8.687496
ExecutionTime(ticks): 87
TotalHeadingChange: 1.1057
BendingEnergy: 0.1710
---
Trajectory(x,y):
0.000 0.000
-0.000 0.102
-0.000 0.204
-0.000 0.307
-0.001 0.409
-0.001 0.511
-0.002 0.613
-0.004 0.715
-0.006 0.818
-0.008 0.920
-0.011 1.022
-0.014 1.124
-0.019 1.226
-0.024 1.328
-0.030 1.430
-0.036 1.532
-0.044 1.634
-0.053 1.736
-0.062 1.838
-0.073 1.939
-0.085 2.041
-0.098 2.142
-0.113 2.243
-0.129 2.344
-0.146 2.445
-0.164 2.546
-0.184 2.646
-0.205 2.746
-0.228 2.846
-0.253 2.945
-0.279 3.044
-0.306 3.142
-0.335 3.240
-0.366 3.337
-0.399 3.434
-0.433 3.531
-0.469 3.626
-0.507 3.721
-0.546 3.816
-0.587 3.909
-0.630 4.002
-0.675 4.094
-0.722 4.185
-0.770 4.275
-0.820 4.364
-0.872 4.452
-0.925 4.539
-0.980 4.625
-1.037 4.710
-1.096 4.794
-1.156 4.876
-1.218 4.958
-1.281 5.038
-1.346 5.117
-1.413 5.194
-1.481 5.270
-1.551 5.345
-1.622 5.419
-1.694 5.491
-1.768 5.562
-1.843 5.631
-1.919 5.699
-1.996 5.766
-2.075 5.831
-2.155 5.895
-2.235 5.958
-2.317 6.019
-2.400 6.079
-2.483 6.138
-2.568 6.196
-2.653 6.252
-2.739 6.307
-2.826 6.361
-2.913 6.414
-3.001 6.466
-3.090 6.517
-3.179 6.567
-3.268 6.617
-3.358 6.665
-3.449 6.713
-3.539 6.761
-3.630 6.808
-3.721 6.854
-3.812 6.900
-3.904 6.946
-3.995 6.992
---
CollisionFootprint(i, j, t_in, t_out):
0 0 0.000000 5.006809
1 0 5.006809 15.028438
2 0 15.028438 25.122173
3 0 25.122173 35.497318
4 0 35.497318 37.693524
4 -1 37.693524 46.620555
5 -1 46.620555 56.574085
5 -2 56.574085 59.493347
6 -2 59.493347 69.800393
6 -3 69.800393 76.416050
7 -3 76.416050 81.439383
7 -4 81.439383 87.000000
=== END ===

=== PRIMITIVE ===
ID: 26
StartHeadingNum: 8
Goal: i=-4 j=-7 heading=11
Length: 8.687496
ExecutionTime(ticks): 87
TotalHeadingChange: 1.1057
BendingEnergy: 0.1710
---
Trajectory(x,y):
0.000 0.000
-0.102 -0.000
-0.204 -0.000
-0.307 -0.000
-0.409 -0.001
-0.511 -0.001
-0.613 -0.002
-0.715 -0.004
-0.818 -0.006
-0.920 -0.008
-1.022 -0.011
-1.124 -0.014
-1.226 -0.019
-1.328 -0.024
-1.430 -0.030
-1.532 -0.036
-1.634 -0.044
-1.736 -0.053
-1.838 -0.062
-1.939 -0.073
-2.041 -0.085
-2.142 -0.098
-2.243 -0.113
-2.344 -0.129
-2.445 -0.146
-2.546 -0.164
-2.646 -0.184
-2.746 -0.205
-2.846 -0.228
-2.945 -0.253
-3.044 -0.279
-3.142 -0.306
-3.240 -0.335
-3.337 -0.366
-3.434 -0.399
-3.531 -0.433
-3.626 -0.469
-3.721 -0.507
-3.816 -0.546
-3.909 -0.587
-4.002 -0.630
-4.094 -0.675
-4.185 -0.722
-4.275 -0.770
-4.364 -0.820
-4.452 -0.872
-4.539 -0.925
-4.625 -0.980
-4.710 -1.037
-4.794 -1.096
-4.876 -1.156
-4.958 -1.218
-5.038 -1.281
-5.117 -1.346
-5.194 -1.413
-5.270 -1.481
-5.345 -1.551
-5.419 -1.622
-5.491 -1.694
-5.562 -1.768
-5.631 -1.843
-5.699 -1.919
-5.766 -1.996
-5.831 -2.075
-5.895 -2.155
-5.958 -2.235
-6.019 -2.317
-6.079 -2.400
-6.138 -2.483
-6.196 -2.568
-6.252 -2.653
-6.307 -2.739
-6.361 -2.826
-6.414 -2.913
-6.466 -3.001
-6.517 -3.090
-6.567 -3.179
-6.617 -3.268
-6.665 -3.358
-6.713 -3.449
-6.761 -3.539
-6.808 -3.630
-6.854 -3.721
-6.900 -3.812
-6.946 -3.904
-6.992 -3.995
---
CollisionFootprint(i, j, t_in, t_out):
0 0 0.000000 5.006809
0 -1 5.006809 15.028438
0 -2 15.028438 25.122173
0 -3 25.122173 35.497318
0 -4 35.497318 37.693524
-1 -4 37.693524 46.620555
-1 -5 46.620555 56.574085
-2 -5 56.574085 59.493347
-2 -6 59.493347 69.800393
-3 -6 69.800393 76.416050
-3 -7 76.416050 81.439383
-4 -7 81.439383 87.000000
=== END ===

=== PRIMITIVE ===
ID: 27
StartHeadingNum: 12
Goal: i=-7 j=4 heading=15
Length: 8.687496
ExecutionTime(ticks): 87
TotalHeadingChange: 1.1057
BendingEnergy: 0.1710
---
Trajectory(x,y):
0.000 0.000
0.000 -0.102
0.000 -0.204
0.000 -0.307
0.001 -0.409
0.001 -0.511
0.002 -0.613
0.004 -0.715
0.006 -0.818
0.008 -0.920
0.011 -1.022
0.014 -1.124
0.019 -1.226
0.024 -1.328
0.030 -1.430
0.036 -1.532
0.044 -1.634
0.053 -1.736
0.062 -1.838
0.073 -1.939
0.085 -2.041
0.098 -2.142
0.113 -2.243
0.129 -2.344
0.146 -2.445
0.164 -2.546
0.184 -2.646
0.205 -2.746
0.228 -2.846
0.253 -2.945
0.279 -3.044
0.306 -3.142
0.335 -3.240
0.366 -3.337
0.399 -3.434
0.433 -3.531
0.469 -3.626
0.507 -3.721
0.546 -3.816
0.587 -3.909
0.630 -4.002
0.675 -4.094
0.722 -4.185
0.770 -4.275
0.820 -4.364
0.872 -4.452
0.925 -4.539
0.980 -4.625
1.037 -4.710
1.096 -4.794
1.156 -4.876
1.218 -4.958
1.281 -5.038
1.346 -5.117
1.413 -5.194
1.481 -5.270
1.551 -5.345
1.622 -5.419
1.694 -5.491
1.768 -5.562
1.843 -5.631
1.919 -5.699
1.996 -5.766
2.075 -5.831
2.155 -5.895
2.235 -5.958
2.317 -6.019
2.400 -6.079
2.483 -6.138
2.568 -6.196
2.653 -6.252
2.739 -6.307
2.826 -6.361
2.913 -6.414
3.001 -6.466
3.090 -6.517
3.179 -6.567
3.268 -6.617
3.358 -6.665
3.449 -6.713
3.539 -6.761
3.630 -6.808
3.721 -6.854
3.812 -6.900
3.904 -6.946
3.995 -6.992
---
CollisionFootprint(i, j, t_in, t_out):
0 0 0.000000 5.006809
-1 0 5.006809 15.028438
-2 0 15.028438 25.122173
-3 0 25.122173 35.497318
-4 0 35.497318 37.693524
-4 1 37.693524 46.620555
-5 1 46.620555 56.574085
-5 2 56.574085 59.493347
-6 2 59.493347 69.800393
-6 3 69.800393 76.416050
-7 3 76.416050 81.439383
-7 4 81.439383 87.000000
=== END ===

=== PRIMITIVE ===
ID: 28
StartHeadingNum: 0
Goal: i=1 j=6 heading=1
Length: 6.158601
ExecutionTime(ticks): 62
TotalHeadingChange: 0.4708
BendingEnergy: 0.0538
---
Trajectory(x,y):
0.000 0.000
0.103 -0.000
0.205 -0.000
0.308 -0.000
0.411 -0.000
0.513 -0.000
0.616 -0.001
0.719 -0.001
0.821 -0.001
0.924 -0.002
1.026 -0.002
1.129 -0.003
1.232 -0.003
1.334 -0.003
1.437 -0.003
1.540 -0.003
1.642 -0.003
1.745 -0.002
1.848 -0.001
1.950 0.001
2.053 0.003
2.155 0.005
2.258 0.009
2.361 0.012
2.463 0.017
2.566 0.023
2.668 0.029
2.770 0.036
2.873 0.044
2.975 0.054
3.077 0.064
3.179 0.076
3.281 0.089
3.383 0.103
3.484 0.118
3.585 0.135
3.686 0.154
3.787 0.173
3.887 0.195
3.988 0.217
4.087 0.241
4.187 0.267
4.286 0.294
4.384 0.323
4.482 0.353
4.580 0.385
4.677 0.418
4.774 0.452
4.870 0.488
4.966 0.525
5.061 0.564
5.155 0.604
5.250 0.644
5.343 0.686
5.437 0.729
5.530 0.772
5.622 0.817
5.715 0.861
5.807 0.907
5.899 0.952
5.991 0.998
---
CollisionFootprint(i, j, t_in, t_out):
0 0 0.000000 5.033190
0 1 5.033190 15.100576
0 2 15.100576 25.171990
0 3 25.171990 35.295754
0 4 35.295754 45.653081
0 5 45.653081 49.930714
1 5 49.930714 56.502704
1 6 56.502704 62.000000
=== END ===

=== PRIMITIVE ===
ID: 29
StartHeadingNum: 4
Goal: i=6 j=-1 heading=5
Length: 6.158601
ExecutionTime(ticks): 62
TotalHeadingChange: 0.4708
BendingEnergy: 0.0538
---
Trajectory(x,y):
0.000 0.000
0.000 0.103
0.000 0.205
0.000 0.308
0.000 0.411
0.000 0.513
0.001 0.616
0.001 0.719
0.001 0.821
0.002 0.924
0.002 1.026
0.003 1.129
0.003 1.232
0.003 1.334
0.003 1.437
0.003 1.540
0.003 1.642
0.002 1.745
0.001 1.848
-0.001 1.950
-0.003 2.053
-0.005 2.155
-0.009 2.258
-0.012 2.361
-0.017 2.463
-0.023 2.566
-0.029 2.668
-0.036 2.770
-0.044 2.873
-0.054 2.975
-0.064 3.077
-0.076 3.179
-0.089 3.281
-0.103 3.383
-0.118 3.484
-0.135 3.585
-0.154 3.686
-0.173 3.787
-0.195 3.887
-0.217 3.988
-0.241 4.087
-0.267 4.187
-0.294 4.286
-0.323 4.384
-0.353 4.482
-0.385 4.580
-0.418 4.677
-0.452 4.774
-0.488 4.870
-0.525 4.966
-0.564 5.061
-0.604 5.155
-0.644 5.250
-0.686 5.343
-0.729 5.437
-0.772 5.530
-0.817 5.622
-0.861 5.715
-0.907 5.807
-0.952 5.899
-0.998 5.991
---
CollisionFootprint(i, j, t_in, t_out):
0 0 0.000000 5.033190
1 0 5.033190 15.100576
2 0 15.100576 25.171990
3 0 25.171990 35.295754
4 0 35.295754 45.653081
5 0 45.653081 49.930714
5 -1 49.930714 56.502704
6 -1 56.502704 62.000000
=== END ===

=== PRIMITIVE ===
ID: 30
StartHeadingNum: 8
Goal: i=-1 j=-6 heading=9
Length: 6.158601
ExecutionTime(ticks): 62
TotalHeadingChange: 0.4708
BendingEnergy: 0.0538
---
Trajectory(x,y):
0.000 0.000
-0.103 0.000
-0.205 0.000
-0.308 0.000
-0.411 0.000
-0.513 0.000
-0.616 0.001
-0.719 0.001
-0.821 0.001
-0.924 0.002
-1.026 0.002
-1.129 0.003
-1.232 0.003
-1.334 0.003
-1.437 0.003
-1.540 0.003
-1.642 0.003
-1.745 0.002
-1.848 0.001
-1.950 -0.001
-2.053 -0.003
-2.155 -0.005
-2.258 -0.009
-2.361 -0.012
-2.463 -0.017
-2.566 -0.023
-2.668 -0.029
-2.770 -0.036
-2.873 -0.044
-2.975 -0.054
-3.077 -0.064
-3.179 -0.076
-3.281 -0.089
-3.383 -0.103
-3.484 -0.118
-3.585 -0.135
-3.686 -0.154
-3.787 -0.173
-3.887 -0.195
-3.988 -0.217
-4.087 -0.241
-4.187 -0.267
-4.286 -0.294
-4.384 -0.323
-4.482 -0.353
-4.580 -0.385
-4.677 -0.418
-4.774 -0.452
-4.870 -0.488
-4.966 -0.525
-5.061 -0.564
-5.155 -0.604
-5.250 -0.644
-5.343 -0.686
-5.437 -0.729
-5.530 -0.772
-5.622 -0.817
-5.715 -0.861
-5.807 -0.907
-5.899 -0.952
-5.991 -0.998
---
CollisionFootprint(i, j, t_in, t_out):
0 0 0.000000 5.033190
0 -1 5.033190 15.100576
0 -2 15.100576 25.171990
0 -3 25.171990 35.295754
0 -4 35.295754 45.653081
0 -5 45.653081 49.930714
-1 -5 49.930714 56.502704
-1 -6 56.502704 62.000000
=== END ===

=== PRIMITIVE ===
ID: 31
StartHeadingNum: 12
Goal: i=-6 j=1 heading=13
Length: 6.158601
ExecutionTime(ticks): 62
TotalHeadingChange: 0.4708
BendingEnergy: 0.0538
---
Trajectory(x,y):
0.000 0.000
-0.000 -0.103
-0.000 -0.205
-0.000 -0.308
-0.000 -0.411
-0.000 -0.513
-0.001 -0.616
-0.001 -0.719
-0.001 -0.821
-0.002 -0.924
-0.002 -1.026
-0.003 -1.129
-0.003 -1.232
-0.003 -1.334
-0.003 -1.437
-0.003 -1.540
-0.003 -1.642
-0.002 -1.745
-0.001 -1.848
0.001 -1.950
0.003 -2.053
0.005 -2.155
0.009 -2.258
0.012 -2.361
0.017 -2.463
0.023 -2.566
0.029 -2.668
0.036 -2.770
0.044 -2.873
0.054 -2.975
0.064 -3.077
0.076 -3.179
0.089 -3.281
0.103 -3.383
0.118 -3.484
0.135 -3.585
0.154 -3.686
0.173 -3.787
0.195 -3.887
0.217 -3.988
0.241 -4.087
0.267 -4.187
0.294 -4.286
0.323 -4.384
0.353 -4.482
0.385 -4.580
0.418 -4.677
0.452 -4.774
0.488 -4.870
0.525 -4.966
0.564 -5.061
0.604 -5.155
0.644 -5.250
0.686 -5.343
0.729 -5.437
0.772 -5.530
0.817 -5.622
0.861 -5.715
0.907 -5.807
0.952 -5.899
0.998 -5.991
---
CollisionFootprint(i, j, t_in, t_out):
0 0 0.000000 5.033190
-1 0 5.033190 15.100576
-2 0 15.100576 25.171990
-3 0 25.171990 35.295754
-4 0 35.295754 45.653081
-5 0 45.653081 49.930714
-5 1 49.930714 56.502704
-6 1 56.502704 62.000000
=== END ===

=== PRIMITIVE ===
ID: 32
StartHeadingNum: 0
Goal: i=3 j=7 heading=2
Length: 7.898642
ExecutionTime(ticks): 79
TotalHeadingChange: 0.7843
BendingEnergy: 0.0938
---
Trajectory(x,y):
0.000 0.000
0.103 0.000
0.205 0.000
0.308 0.000
0.410 0.001
0.513 0.002
0.615 0.003
0.718 0.005
0.821 0.008
0.923 0.011
1.026 0.014
1.128 0.019
1.231 0.025
1.333 0.031
1.435 0.038
1.537 0.047
1.640 0.056
1.742 0.067
1.844 0.078
1.945 0.091
2.047 0.106
2.148 0.121
2.249 0.138
2.350 0.156
2.451 0.175
2.552 0.196
2.652 0.219
2.751 0.242
2.851 0.268
2.950 0.294
3.049 0.322
3.147 0.352
3.245 0.383
3.342 0.416
3.439 0.450
3.535 0.486
3.630 0.523
3.726 0.561
3.820 0.601
3.914 0.642
4.007 0.685
4.100 0.729
4.191 0.775
4.283 0.822
4.373 0.870
4.463 0.920
4.552 0.971
4.640 1.023
4.728 1.077
4.815 1.131
4.901 1.187
4.986 1.244
5.071 1.302
5.154 1.361
5.237 1.421
5.320 1.483
5.402 1.545
5.482 1.608
5.563 1.672
5.642 1.736
5.721 1.802
5.800 1.868
5.877 1.935
5.954 2.003
6.031 2.071
6.107 2.140
6.183 2.209
6.258 2.279
6.332 2.349
6.406 2.420
6.480 2.491
6.554 2.563
6.627 2.635
6.700 2.706
6.773 2.779
6.846 2.851
6.919 2.923
6.991 2.996
---
CollisionFootprint(i, j, t_in, t_out):
0 0 0.000000 5.000449
0 1 5.000449 15.013351
0 2 15.013351 25.122270
0 3 25.122270 35.537248
0 4 35.537248 36.315395
1 4 36.315395 46.595347
1 5 46.595347 56.718269
2 5 56.718269 58.703646
2 6 58.703646 71.943160
3 6 71.943160 72.091188
3 7 72.091188 79.000000
=== END ===

=== PRIMITIVE ===
ID: 33
StartHeadingNum: 4
Goal: i=7 j=-3 heading=6
Length: 7.898642
ExecutionTime(ticks): 79
TotalHeadingChange: 0.7843
BendingEnergy: 0.0938
---
Trajectory(x,y):
0.000 0.000
-0.000 0.103
-0.000 0.205
-0.000 0.308
-0.001 0.410
-0.002 0.513
-0.003 0.615
-0.005 0.718
-0.008 0.821
-0.011 0.923
-0.014 1.026
-0.019 1.128
-0.025 1.231
-0.031 1.333
-0.038 1.435
-0.047 1.537
-0.056 1.640
-0.067 1.742
-0.078 1.844
-0.091 1.945
-0.106 2.047
-0.121 2.148
-0.138 2.249
-0.156 2.350
-0.175 2.451
-0.196 2.552
-0.219 2.652
-0.242 2.751
-0.268 2.851
-0.294 2.950
-0.322 3.049
-0.352 3.147
-0.383 3.245
-0.416 3.342
-0.450 3.439
-0.486 3.535
-0.523 3.630
-0.561 3.726
-0.601 3.820
-0.642 3.914
-0.685 4.007
-0.729 4.100
-0.775 4.191
-0.822 4.283
-0.870 4.373
-0.920 4.463
-0.971 4.552
-1.023 4.640
-1.077 4.728
-1.131 4.815
-1.187 4.901
-1.244 4.986
-1.302 5.071
-1.361 5.154
-1.421 5.237
-1.483 5.320
-1.545 5.402
-1.608 5.482
-1.672 5.563
-1.736 5.642
-1.802 5.721
-1.868 5.800
-1.935 5.877
-2.003 5.954
-2.071 6.031
-2.140 6.107
-2.209 6.183
-2.279 6.258
-2.349 6.332
-2.420 6.406
-2.491 6.480
-2.563 6.554
-2.635 6.627
-2.706 6.700
-2.779 6.773
-2.851 6.846
-2.923 6.919
-2.996 6.991
---
CollisionFootprint(i, j, t_in, t_out):
0 0 0.000000 5.000449
1 0 5.000449 15.013351
2 0 15.013351 25.122270
3 0 25.122270 35.537248
4 0 35.537248 36.315395
4 -1 36.315395 46.595347
5 -1 46.595347 56.718269
5 -2 56.718269 58.703646
6 -2 58.703646 71.943160
6 -3 71.943160 72.091188
7 -3 72.091188 79.000000
=== END ===

=== PRIMITIVE ===
ID: 34
StartHeadingNum: 8
Goal: i=-3 j=-7 heading=10
Length: 7.898642
ExecutionTime(ticks): 79
TotalHeadingChange: 0.7843
BendingEnergy: 0.0938
---
Trajectory(x,y):
0.000 0.000
-0.103 -0.000
-0.205 -0.000
-0.308 -0.000
-0.410 -0.001
-0.513 -0.002
-0.615 -0.003
-0.718 -0.005
-0.821 -0.008
-0.923 -0.011
-1.026 -0.014
-1.128 -0.019
-1.231 -0.025
-1.333 -0.031
-1.435 -0.038
-1.537 -0.047
-1.640 -0.056
-1.742 -0.067
-1.844 -0.078
-1.945 -0.091
-2.047 -0.106
-2.148 -0.121
-2.249 -0.138
-2.350 -0.156
-2.451 -0.175
-2.552 -0.196
-2.652 -0.219
-2.751 -0.242
-2.851 -0.268
-2.950 -0.294
-3.049 -0.322
-3.147 -0.352
-3.245 -0.383
-3.342 -0.416
-3.439 -0.450
-3.535 -0.486
-3.630 -0.523
-3.726 -0.561
-3.820 -0.601
-3.914 -0.642
-4.007 -0.685
-4.100 -0.729
-4.191 -0.775
-4.283 -0.822
-4.373 -0.870
-4.463 -0.920
-4.552 -0.971
-4.640 -1.023
-4.728 -1.077
-4.815 -1.131
-4.901 -1.187
-4.986 -1.244
-5.071 -1.302
-5.154 -1.361
-5.237 -1.421
-5.320 -1.483
-5.402 -1.545
-5.482 -1.608
-5.563 -1.672
-5.642 -1.736
-5.721 -1.802
-5.800 -1.868
-5.877 -1.935
-5.954 -2.003
-6.031 -2.071
-6.107 -2.140
-6.183 -2.209
-6.258 -2.279
-6.332 -2.349
-6.406 -2.420
-6.480 -2.491
-6.554 -2.563
-6.627 -2.635
-6.700 -2.706
-6.773 -2.779
-6.846 -2.851
-6.919 -2.923
-6.991 -2.996
---
CollisionFootprint(i, j, t_in, t_out):
0 0 0.000000 5.000449
0 -1 5.000449 15.013351
0 -2 15.013351 25.122270
0 -3 25.122270 35.537248
0 -4 35.537248 36.315395
-1 -4 36.315395 46.595347
-1 -5 46.595347 56.718269
-2 -5 56.718269 58.703646
-2 -6 58.703646 71.943160
-3 -6 71.943160 72.091188
-3 -7 72.091188 79.000000
=== END ===

=== PRIMITIVE ===
ID: 35
StartHeadingNum: 12
Goal: i=-7 j=3 heading=14
Length: 7.898642
ExecutionTime(ticks): 79
TotalHeadingChange: 0.7843
BendingEnergy: 0.0938
---
Trajectory(x,y):
0.000 0.000
0.000 -0.103
0.000 -0.205
0.000 -0.308
0.001 -0.410
0.002 -0.513
0.003 -0.615
0.005 -0.718
0.008 -0.821
0.011 -0.923
0.014 -1.026
0.019 -1.128
0.025 -1.231
0.031 -1.333
0.038 -1.435
0.047 -1.537
0.056 -1.640
0.067 -1.742
0.078 -1.844
0.091 -1.945
0.106 -2.047
0.121 -2.148
0.138 -2.249
0.156 -2.350
0.175 -2.451
0.196 -2.552
0.219 -2.652
0.242 -2.751
0.268 -2.851
0.294 -2.950
0.322 -3.049
0.352 -3.147
0.383 -3.245
0.416 -3.342
0.450 -3.439
0.486 -3.535
0.523 -3.630
0.561 -3.726
0.601 -3.820
0.642 -3.914
0.685 -4.007
0.729 -4.100
0.775 -4.191
0.822 -4.283
0.870 -4.373
0.920 -4.463
0.971 -4.552
1.023 -4.640
1.077 -4.728
1.131 -4.815
1.187 -4.901
1.244 -4.986
1.302 -5.071
1.361 -5.154
1.421 -5.237
1.483 -5.320
1.545 -5.402
1.608 -5.482
1.672 -5.563
1.736 -5.642
1.802 -5.721
1.868 -5.800
1.935 -5.877
2.003 -5.954
2.071 -6.031
2.140 -6.107
2.209 -6.183
2.279 -6.258
2.349 -6.332
2.420 -6.406
2.491 -6.480
2.563 -6.554
2.635 -6.627
2.706 -6.700
2.779 -6.773
2.851 -6.846
2.923 -6.919
2.996 -6.991
---
CollisionFootprint(i, j, t_in, t_out):
0 0 0.000000 5.000449
-1 0 5.000449 15.013351
-2 0 15.013351 25.122270
-3 0 25.122270 35.537248
-4 0 35.537248 36.315395
-4 1 36.315395 46.595347
-5 1 46.595347 56.718269
-5 2 56.718269 58.703646
-6 2 58.703646 71.943160
-6 3 71.943160 72.091188
-7 3 72.091188 79.000000
=== END ===

=== PRIMITIVE ===
ID: 36
StartHeadingNum: 0
Goal: i=-5 j=5 heading=12
Length: 8.248047
ExecutionTime(ticks): 82
TotalHeadingChange: 1.5686
BendingEnergy: 0.3580
---
Trajectory(x,y):
0.000 0.000
0.102 -0.000
0.204 -0.000
0.305 -0.001
0.407 -0.002
0.509 -0.003
0.611 -0.005
0.713 -0.008
0.814 -0.012
0.916 -0.017
1.018 -0.023
1.119 -0.030
1.221 -0.039
1.322 -0.049
1.423 -0.061
1.524 -0.075
1.625 -0.090
1.725 -0.107
1.825 -0.126
1.925 -0.148
2.024 -0.171
2.123 -0.196
2.221 -0.224
2.318 -0.253
2.415 -0.286
2.510 -0.320
2.605 -0.357
2.699 -0.396
2.792 -0.438
2.884 -0.482
2.975 -0.528
3.064 -0.577
3.152 -0.628
3.238 -0.682
3.323 -0.738
3.407 -0.797
3.488 -0.858
3.568 -0.921
3.646 -0.987
3.722 -1.054
3.796 -1.124
3.868 -1.196
3.938 -1.270
4.005 -1.347
4.071 -1.425
4.134 -1.504
4.195 -1.586
4.253 -1.669
4.309 -1.754
4.363 -1.841
4.414 -1.929
4.463 -2.018
4.510 -2.109
4.554 -2.201
4.595 -2.294
4.634 -2.388
4.671 -2.483
4.706 -2.578
4.738 -2.675
4.767 -2.772
4.795 -2.870
4.820 -2.969
4.844 -3.068
4.865 -3.168
4.884 -3.268
4.901 -3.368
4.917 -3.469
4.930 -3.570
4.942 -3.671
4.953 -3.772
4.962 -3.874
4.969 -3.975
4.975 -4.077
4.981 -4.178
4.985 -4.280
4.988 -4.382
4.990 -4.484
4.992 -4.586
4.993 -4.687
4.994 -4.789
4.994 -4.891
4.994 -4.993
---
CollisionFootprint(i, j, t_in, t_out):
0 0 0.000000 4.971459
0 1 4.971459 14.942216
0 2 14.942216 25.197311
0 3 25.197311 29.764631
-1 3 29.764631 36.592745
-1 4 36.592745 45.499715
-2 4 45.499715 52.426254
-2 5 52.426254 56.876259
-3 5 56.876259 67.127378
-4 5 67.127378 77.099128
-5 5 77.099128 82.000000
=== END ===

=== PRIMITIVE ===
ID: 37
StartHeadingNum: 4
Goal: i=5 j=5 heading=0
Length: 8.248047
ExecutionTime(ticks): 82
TotalHeadingChange: 1.5686
BendingEnergy: 0.3580
---
Trajectory(x,y):
0.000 0.000
0.000 0.102
0.000 0.204
0.001 0.305
0.002 0.407
0.003 0.509
0.005 0.611
0.008 0.713
0.012 0.814
0.017 0.916
0.023 1.018
0.030 1.119
0.039 1.221
0.049 1.322
0.061 1.423
0.075 1.524
0.090 1.625
0.107 1.725
0.126 1.825
0.148 1.925
0.171 2.024
0.196 2.123
0.224 2.221
0.253 2.318
0.286 2.415
0.320 2.510
0.357 2.605
0.396 2.699
0.438 2.792
0.482 2.884
0.528 2.975
0.577 3.064
0.628 3.152
0.682 3.238
0.738 3.323
0.797 3.407
0.858 3.488
0.921 3.568
0.987 3.646
1.054 3.722
1.124 3.796
1.196 3.868
1.270 3.938
1.347 4.005
1.425 4.071
1.504 4.134
1.586 4.195
1.669 4.253
1.754 4.309
1.841 4.363
1.929 4.414
2.018 4.463
2.109 4.510
2.201 4.554
2.294 4.595
2.388 4.634
2.483 4.671
2.578 4.706
2.675 4.738
2.772 4.767
2.870 4.795
2.969 4.820
3.068 4.844
3.168 4.865
3.268 4.884
3.368 4.901
3.469 4.917
3.570 4.930
3.671 4.942
3.772 4.953
3.874 4.962
3.975 4.969
4.077 4.975
4.178 4.981
4.280 4.985
4.382 4.988
4.484 4.990
4.586 4.992
4.687 4.993
4.789 4.994
4.891 4.994
4.993 4.994
---
CollisionFootprint(i, j, t_in, t_out):
0 0 0.000000 4.971459
1 0 4.971459 14.942216
2 0 14.942216 25.197311
3 0 25.197311 29.764631
3 1 29.764631 36.592745
4 1 36.592745 45.499715
4 2 45.499715 52.426254
5 2 52.426254 56.876259
5 3 56.876259 67.127378
5 4 67.127378 77.099128
5 5 77.099128 82.000000
=== END ===

=== PRIMITIVE ===
ID: 38
StartHeadingNum: 8
Goal: i=5 j=-5 heading=4
Length: 8.248047
ExecutionTime(ticks): 82
TotalHeadingChange: 1.5686
BendingEnergy: 0.3580
---
Trajectory(x,y):
0.000 0.000
-0.102 0.000
-0.204 0.000
-0.305 0.001
-0.407 0.002
-0.509 0.003
-0.611 0.005
-0.713 0.008
-0.814 0.012
-0.916 0.017
-1.018 0.023
-1.119 0.030
-1.221 0.039
-1.322 0.049
-1.423 0.061
-1.524 0.075
-1.625 0.090
-1.725 0.107
-1.825 0.126
-1.925 0.148
-2.024 0.171
-2.123 0.196
-2.221 0.224
-2.318 0.253
-2.415 0.286
-2.510 0.320
-2.605 0.357
-2.699 0.396
-2.792 0.438
-2.884 0.482
-2.975 0.528
-3.064 0.577
-3.152 0.628
-3.238 0.682
-3.323 0.738
-3.407 0.797
-3.488 0.858
-3.568 0.921
-3.646 0.987
-3.722 1.054
-3.796 1.124
-3.868 1.196
-3.938 1.270
-4.005 1.347
-4.071 1.425
-4.134 1.504
-4.195 1.586
-4.253 1.669
-4.309 1.754
-4.363 1.841
-4.414 1.929
-4.463 2.018
-4.510 2.109
-4.554 2.201
-4.595 2.294
-4.634 2.388
-4.671 2.483
-4.706 2.578
-4.738 2.675
-4.767 2.772
-4.795 2.870
-4.820 2.969
-4.844 3.068
-4.865 3.168
-4.884 3.268
-4.901 3.368
-4.917 3.469
-4.930 3.570
-4.942 3.671
-4.953 3.772
-4.962 3.874
-4.969 3.975
-4.975 4.077
-4.981 4.178
-4.985 4.280
-4.988 4.382
-4.990 4.484
-4.992 4.586
-4.993 4.687
-4.994 4.789
-4.994 4.891
-4.994 4.993
---
CollisionFootprint(i, j, t_in, t_out):
0 0 0.000000 4.971459
0 -1 4.971459 14.942216
0 -2 14.942216 25.197311
0 -3 25.197311 29.764631
1 -3 29.764631 36.592745
1 -4 36.592745 45.499715
2 -4 45.499715 52.426254
2 -5 52.426254 56.876259
3 -5 56.876259 67.127378
4 -5 67.127378 77.099128
5 -5 77.099128 82.000000
=== END ===

=== PRIMITIVE ===
ID: 39
StartHeadingNum: 12
Goal: i=-5 j=-5 heading=8
Length: 8.248047
ExecutionTime(ticks): 82
TotalHeadingChange: 1.5686
BendingEnergy: 0.3580
---
Trajectory(x,y):
0.000 0.000
-0.000 -0.102
-0.000 -0.204
-0.001 -0.305
-0.002 -0.407
-0.003 -0.509
-0.005 -0.611
-0.008 -0.713
-0.012 -0.814
-0.017 -0.916
-0.023 -1.018
-0.030 -1.119
-0.039 -1.221
-0.049 -1.322
-0.061 -1.423
-0.075 -1.524
-0.090 -1.625
-0.107 -1.725
-0.126 -1.825
-0.148 -1.925
-0.171 -2.024
-0.196 -2.123
-0.224 -2.221
-0.253 -2.318
-0.286 -2.415
-0.320 -2.510
-0.357 -2.605
-0.396 -2.699
-0.438 -2.792
-0.482 -2.884
-0.528 -2.975
-0.577 -3.064
-0.628 -3.152
-0.682 -3.238
-0.738 -3.323
-0.797 -3.407
-0.858 -3.488
-0.921 -3.568
-0.987 -3.646
-1.054 -3.722
-1.124 -3.796
-1.196 -3.868
-1.270 -3.938
-1.347 -4.005
-1.425 -4.071
-1.504 -4.134
-1.586 -4.195
-1.669 -4.253
-1.754 -4.309
-1.841 -4.363
-1.929 -4.414
-2.018 -4.463
-2.109 -4.510
-2.201 -4.554
-2.294 -4.595
-2.388 -4.634
-2.483 -4.671
-2.578 -4.706
-2.675 -4.738
-2.772 -4.767
-2.870 -4.795
-2.969 -4.820
-3.068 -4.844
-3.168 -4.865
-3.268 -4.884
-3.368 -4.901
-3.469 -4.917
-3.570 -4.930
-3.671 -4.942
-3.772 -4.953
-3.874 -4.962
-3.975 -4.969
-4.077 -4.975
-4.178 -4.981
-4.280 -4.985
-4.382 -4.988
-4.484 -4.990
-4.586 -4.992
-4.687 -4.993
-4.789 -4.994
-4.891 -4.994
-4.993 -4.994
---
CollisionFootprint(i, j, t_in, t_out):
0 0 0.000000 4.971459
-1 0 4.971459 14.942216
-2 0 14.942216 25.197311
-3 0 25.197311 29.764631
-3 -1 29.764631 36.592745
-4 -1 36.592745 45.499715
-4 -2 45.499715 52.426254
-5 -2 52.426254 56.876259
-5 -3 56.876259 67.127378
-5 -4 67.127378 77.099128
-5 -5 77.099128 82.000000
=== END ===

=== PRIMITIVE ===
ID: 40
StartHeadingNum: 0
Goal: i=-1 j=8 heading=15
Length: 8.178449
ExecutionTime(ticks): 82
TotalHeadingChange: 0.5456
BendingEnergy: 0.0552
---
Trajectory(x,y):
0.000 0.000
0.102 0.000
0.204 0.000
0.307 0.000
0.409 0.001
0.511 0.001
0.613 0.002
0.716 0.003
0.818 0.004
0.920 0.005
1.022 0.007
1.124 0.009
1.227 0.011
1.329 0.014
1.431 0.017
1.533 0.020
1.635 0.023
1.738 0.027
1.840 0.030
1.942 0.034
2.044 0.038
2.146 0.043
2.248 0.047
2.351 0.051
2.453 0.055
2.555 0.059
2.657 0.063
2.759 0.067
2.861 0.071
2.963 0.074
3.066 0.077
3.168 0.080
3.270 0.083
3.372 0.085
3.474 0.086
3.577 0.087
3.679 0.087
3.781 0.086
3.883 0.085
3.986 0.083
4.088 0.080
4.190 0.077
4.292 0.072
4.394 0.067
4.496 0.060
4.598 0.052
4.700 0.043
4.802 0.033
4.903 0.022
5.005 0.010
5.106 -0.004
5.207 -0.019
5.308 -0.036
5.409 -0.053
5.509 -0.072
5.609 -0.093
5.709 -0.115
5.809 -0.138
5.908 -0.162
6.007 -0.188
6.105 -0.216
6.203 -0.245
6.301 -0.275
6.398 -0.306
6.495 -0.339
6.592 -0.373
6.688 -0.408
6.783 -0.445
6.878 -0.482
6.973 -0.521
7.067 -0.561
7.161 -0.602
7.254 -0.643
7.347 -0.686
7.440 -0.729
7.532 -0.773
7.624 -0.817
7.716 -0.862
7.808 -0.908
7.899 -0.953
7.991 -0.999
---
CollisionFootprint(i, j, t_in, t_out):
0 0 0.000000 5.012765
0 1 5.012765 15.041304
0 2 15.041304 25.074857
0 3 25.074857 35.106404
0 4 35.106404 45.138953
0 5 45.138953 55.255726
0 6 55.255726 65.650233
0 7 65.650233 70.169192
-1 7 70.169192 76.518995
-1 8 76.518995 82.000000
=== END ===

=== PRIMITIVE ===
ID: 41
StartHeadingNum: 4
Goal: i=8 j=1 heading=3
Length: 8.178449
ExecutionTime(ticks): 82
TotalHeadingChange: 0.5456
BendingEnergy: 0.0552
---
Trajectory(x,y):
0.000 0.000
-0.000 0.102
-0.000 0.204
-0.000 0.307
-0.001 0.409
-0.001 0.511
-0.002 0.613
-0.003 0.716
-0.004 0.818
-0.005 0.920
-0.007 1.022
-0.009 1.124
-0.011 1.227
-0.014 1.329
-0.017 1.431
-0.020 1.533
-0.023 1.635
-0.027 1.738
-0.030 1.840
-0.034 1.942
-0.038 2.044
-0.043 2.146
-0.047 2.248
-0.051 2.351
-0.055 2.453
-0.059 2.555
-0.063 2.657
-0.067 2.759
-0.071 2.861
-0.074 2.963
-0.077 3.066
-0.080 3.168
-0.083 3.270
-0.085 3.372
-0.086 3.474
-0.087 3.577
-0.087 3.679
-0.086 3.781
-0.085 3.883
-0.083 3.986
-0.080 4.088
-0.077 4.190
-0.072 4.292
-0.067 4.394
-0.060 4.496
-0.052 4.598
-0.043 4.700
-0.033 4.802
-0.022 4.903
-0.010 5.005
0.004 5.106
0.019 5.207
0.036 5.308
0.053 5.409
0.072 5.509
0.093 5.609
0.115 5.709
0.138 5.809
0.162 5.908
0.188 6.007
0.216 6.105
0.245 6.203
0.275 6.301
0.306 6.398
0.339 6.495
0.373 6.592
0.408 6.688
0.445 6.783
0.482 6.878
0.521 6.973
0.561 7.067
0.602 7.161
0.643 7.254
0.686 7.347
0.729 7.440
0.773 7.532
0.817 7.624
0.862 7.716
0.908 7.808
0.953 7.899
0.999 7.991
---
CollisionFootprint(i, j, t_in, t_out):
0 0 0.000000 5.012765
1 0 5.012765 15.041304
2 0 15.041304 25.074857
3 0 25.074857 35.106404
4 0 35.106404 45.138953
5 0 45.138953 55.255726
6 0 55.255726 65.650233
7 0 65.650233 70.169192
7 1 70.169192 76.518995
8 1 76.518995 82.000000
=== END ===

=== PRIMITIVE ===
ID: 42
StartHeadingNum: 8
Goal: i=1 j=-8 heading=7
Length: 8.178449
ExecutionTime(ticks): 82
TotalHeadingChange: 0.5456
BendingEnergy: 0.0552
---
Trajectory(x,y):
0.000 0.000
-0.102 -0.000
-0.204 -0.000
-0.307 -0.000
-0.409 -0.001
-0.511 -0.001
-0.613 -0.002
-0.716 -0.003
-0.818 -0.004
-0.920 -0.005
-1.022 -0.007
-1.124 -0.009
-1.227 -0.011
-1.329 -0.014
-1.431 -0.017
-1.533 -0.020
-1.635 -0.023
-1.738 -0.027
-1.840 -0.030
-1.942 -0.034
-2.044 -0.038
-2.146 -0.043
-2.248 -0.047
-2.351 -0.051
-2.453 -0.055
-2.555 -0.059
-2.657 -0.063
-2.759 -0.067
-2.861 -0.071
-2.963 -0.074
-3.066 -0.077
-3.168 -0.080
-3.270 -0.083
-3.372 -0.085
-3.474 -0.086
-3.577 -0.087
-3.679 -0.087
-3.781 -0.086
-3.883 -0.085
-3.986 -0.083
-4.088 -0.080
-4.190 -0.077
-4.292 -0.072
-4.394 -0.067
-4.496 -0.060
-4.598 -0.052
-4.700 -0.043
-4.802 -0.033
-4.903 -0.022
-5.005 -0.010
-5.106 0.004
-5.207 0.019
-5.308 0.036
-5.409 0.053
-5.509 0.072
-5.609 0.093
-5.709 0.115
-5.809 0.138
-5.908 0.162
-6.007 0.188
-6.105 0.216
-6.203 0.245
-6.301 0.275
-6.398 0.306
-6.495 0.339
-6.592 0.373
-6.688 0.408
-6.783 0.445
-6.878 0.482
-6.973 0.521
-7.067 0.561
-7.161 0.602
-7.254 0.643
-7.347 0.686
-7.440 0.729
-7.532 0.773
-7.624 0.817
-7.716 0.862
-7.808 0.908
-7.899 0.953
-7.991 0.999
---
CollisionFootprint(i, j, t_in, t_out):
0 0 0.000000 5.012765
0 -1 5.012765 15.041304
0 -2 15.041304 25.074857
0 -3 25.074857 35.106404
0 -4 35.106404 45.138953
0 -5 45.138953 55.255726
0 -6 55.255726 65.650233
0 -7 65.650233 70.169192
1 -7 70.169192 76.518995
1 -8 76.518995 82.000000
=== END ===

=== PRIMITIVE ===
ID: 43
StartHeadingNum: 12
Goal: i=-8 j=-1 heading=11
Length: 8.178449
ExecutionTime(ticks): 82
TotalHeadingChange: 0.5456
BendingEnergy: 0.0552
---
Trajectory(x,y):
0.000 0.000
0.000 -0.102
0.000 -0.204
0.000 -0.307
0.001 -0.409
0.001 -0.511
0.002 -0.613
0.003 -0.716
0.004 -0.818
0.005 -0.920
0.007 -1.022
0.009 -1.124
0.011 -1.227
0.014 -1.329
0.017 -1.431
0.020 -1.533
0.023 -1.635
0.027 -1.738
0.030 -1.840
0.034 -1.942
0.038 -2.044
0.043 -2.146
0.047 -2.248
0.051 -2.351
0.055 -2.453
0.059 -2.555
0.063 -2.657
0.067 -2.759
0.071 -2.861
0.074 -2.963
0.077 -3.066
0.080 -3.168
0.083 -3.270
0.085 -3.372
0.086 -3.474
0.087 -3.577
0.087 -3.679
0.086 -3.781
0.085 -3.883
0.083 -3.986
0.080 -4.088
0.077 -4.190
0.072 -4.292
0.067 -4.394
0.060 -4.496
0.052 -4.598
0.043 -4.700
0.033 -4.802
0.022 -4.903
0.010 -5.005
-0.004 -5.106
-0.019 -5.207
-0.036 -5.308
-0.053 -5.409
-0.072 -5.509
-0.093 -5.609
-0.115 -5.709
-0.138 -5.809
-0.162 -5.908
-0.188 -6.007
-0.216 -6.105
-0.245 -6.203
-0.275 -6.301
-0.306 -6.398
-0.339 -6.495
-0.373 -6.592
-0.408 -6.688
-0.445 -6.783
-0.482 -6.878
-0.521 -6.973
-0.561 -7.067
-0.602 -7.161
-0.643 -7.254
-0.686 -7.347
-0.729 -7.440
-0.773 -7.532
-0.817 -7.624
-0.862 -7.716
-0.908 -7.808
-0.953 -7.899
-0.999 -7.991
---
CollisionFootprint(i, j, t_in, t_out):
0 0 0.000000 5.012765
-1 0 5.012765 15.041304
-2 0 15.041304 25.074857
-3 0 25.074857 35.106404
-4 0 35.106404 45.138953
-5 0 45.138953 55.255726
-6 0 55.255726 65.650233
-7 0 65.650233 70.169192
-7 -1 70.169192 76.518995
-8 -1 76.518995 82.000000
=== END ===

=== PRIMITIVE ===
ID: 44
StartHeadingNum: 0
Goal: i=-2 j=8 heading=14
Length: 8.591510
ExecutionTime(ticks): 86
TotalHeadingChange: 0.8457
BendingEnergy: 0.1277
---
Trajectory(x,y):
0.000 0.000
0.102 0.000
0.205 0.000
0.307 0.000
0.409 0.001
0.511 0.001
0.614 0.002
0.716 0.003
0.818 0.004
0.920 0.005
1.023 0.007
1.125 0.009
1.227 0.011
1.330 0.013
1.432 0.015
1.534 0.018
1.636 0.021
1.739 0.024
1.841 0.027
1.943 0.030
2.045 0.033
2.147 0.036
2.250 0.039
2.352 0.042
2.454 0.045
2.556 0.047
2.659 0.050
2.761 0.051
2.863 0.053
2.965 0.054
3.068 0.054
3.170 0.054
3.272 0.053
3.375 0.051
3.477 0.048
3.579 0.045
3.681 0.040
3.783 0.035
3.885 0.028
3.987 0.020
4.089 0.011
4.191 0.001
4.293 -0.011
4.394 -0.024
4.495 -0.038
4.596 -0.054
4.697 -0.072
4.798 -0.091
4.898 -0.112
4.997 -0.135
5.097 -0.160
5.195 -0.186
5.294 -0.214
5.392 -0.244
5.489 -0.276
5.585 -0.310
5.681 -0.346
5.776 -0.383
5.871 -0.423
5.964 -0.464
6.057 -0.508
6.148 -0.553
6.239 -0.600
6.329 -0.649
6.418 -0.700
6.505 -0.752
6.592 -0.806
6.678 -0.862
6.762 -0.920
6.846 -0.979
6.928 -1.040
7.010 -1.102
7.090 -1.165
7.169 -1.230
7.248 -1.295
7.325 -1.362
7.401 -1.430
7.477 -1.499
7.552 -1.569
7.626 -1.639
7.700 -1.710
7.773 -1.781
7.846 -1.853
7.918 -1.925
7.991 -1.997
---
CollisionFootprint(i, j, t_in, t_out):
0 0 0.000000 5.004505
0 1 5.004505 15.016517
0 2 15.016517 25.030531
0 3 25.030531 35.041542
0 4 35.041542 45.094595
0 5 45.094595 55.404905
0 6 55.404905 61.252753
-1 6 61.252753 66.482983
-1 7 66.482983 78.849349
-2 7 78.849349 79.145646
-2 8 79.145646 86.000000
=== END ===

=== PRIMITIVE ===
ID: 45
StartHeadingNum: 4
Goal: i=8 j=2 heading=2
Length: 8.591510
ExecutionTime(ticks): 86
TotalHeadingChange: 0.8457
BendingEnergy: 0.1277
---
Trajectory(x,y):
0.000 0.000
-0.000 0.102
-0.000 0.205
-0.000 0.307
-0.001 0.409
-0.001 0.511
-0.002 0.614
-0.003 0.716
-0.004 0.818
-0.005 0.920
-0.007 1.023
-0.009 1.125
-0.011 1.227
-0.013 1.330
-0.015 1.432
-0.018 1.534
-0.021 1.636
-0.024 1.739
-0.027 1.841
-0.030 1.943
-0.033 2.045
-0.036 2.147
-0.039 2.250
-0.042 2.352
-0.045 2.454
-0.047 2.556
-0.050 2.659
-0.051 2.761
-0.053 2.863
-0.054 2.965
-0.054 3.068
-0.054 3.170
-0.053 3.272
-0.051 3.375
-0.048 3.477
-0.045 3.579
-0.040 3.681
-0.035 3.783
-0.028 3.885
-0.020 3.987
-0.011 4.089
-0.001 4.191
0.011 4.293
0.024 4.394
0.038 4.495
0.054 4.596
0.072 4.697
0.091 4.798
0.112 4.898
0.135 4.997
0.160 5.097
0.186 5.195
0.214 5.294
0.244 5.392
0.276 5.489
0.310 5.585
0.346 5.681
0.383 5.776
0.423 5.871
0.464 5.964
0.508 6.057
0.553 6.148
0.600 6.239
0.649 6.329
0.700 6.418
0.752 6.505
0.806 6.592
0.862 6.678
0.920 6.762
0.979 6.846
1.040 6.928
1.102 7.010
1.165 7.090
1.230 7.169
1.295 7.248
1.362 7.325
1.430 7.401
1.499 7.477
1.569 7.552
1.639 7.626
1.710 7.700
1.781 7.773
1.853 7.846
1.925 7.918
1.997 7.991
---
CollisionFootprint(i, j, t_in, t_out):
0 0 0.000000 5.004505
1 0 5.004505 15.016517
2 0 15.016517 25.030531
3 0 25.030531 35.041542
4 0 35.041542 45.094595
5 0 45.094595 55.404905
6 0 55.404905 61.252753
6 1 61.252753 66.482983
7 1 66.482983 78.849349
7 2 78.849349 79.145646
8 2 79.145646 86.000000
=== END ===

=== PRIMITIVE ===
ID: 46
StartHeadingNum: 8
Goal: i=2 j=-8 heading=6
Length: 8.591510
ExecutionTime(ticks): 86
TotalHeadingChange: 0.8457
BendingEnergy: 0.1277
---
Trajectory(x,y):
0.000 0.000
-0.102 -0.000
-0.205 -0.000
-0.307 -0.000
-0.409 -0.001
-0.511 -0.001
-0.614 -0.002
-0.716 -0.003
-0.818 -0.004
-0.920 -0.005
-1.023 -0.007
-1.125 -0.009
-1.227 -0.011
-1.330 -0.013
-1.432 -0.015
-1.534 -0.018
-1.636 -0.021
-1.739 -0.024
-1.841 -0.027
-1.943 -0.030
-2.045 -0.033
-2.147 -0.036
-2.250 -0.039
-2.352 -0.042
-2.454 -0.045
-2.556 -0.047
-2.659 -0.050
-2.761 -0.051
-2.863 -0.053
-2.965 -0.054
-3.068 -0.054
-3.170 -0.054
-3.272 -0.053
-3.375 -0.051
-3.477 -0.048
-3.579 -0.045
-3.681 -0.040
-3.783 -0.035
-3.885 -0.028
-3.987 -0.020
-4.089 -0.011
-4.191 -0.001
-4.293 0.011
-4.394 0.024
-4.495 0.038
-4.596 0.054
-4.697 0.072
-4.798 0.091
-4.898 0.112
-4.997 0.135
-5.097 0.160
-5.195 0.186
-5.294 0.214
-5.392 0.244
-5.489 0.276
-5.585 0.310
-5.681 0.346
-5.776 0.383
-5.871 0.423
-5.964 0.464
-6.057 0.508
-6.148 0.553
-6.239 0.600
-6.329 0.649
-6.418 0.700
-6.505 0.752
-6.592 0.806
-6.678 0.862
-6.762 0.920
-6.846 0.979
-6.928 1.040
-7.010 1.102
-7.090 1.165
-7.169 1.230
-7.248 1.295
-7.325 1.362
-7.401 1.430
-7.477 1.499
-7.552 1.569
-7.626 1.639
-7.700 1.710
-7.773 1.781
-7.846 1.853
-7.918 1.925
-7.991 1.997
---
CollisionFootprint(i, j, t_in, t_out):
0 0 0.000000 5.004505
0 -1 5.004505 15.016517
0 -2 15.016517 25.030531
0 -3 25.030531 35.041542
0 -4 35.041542 45.094595
0 -5 45.094595 55.404905
0 -6 55.404905 61.252753
1 -6 61.252753 66.482983
1 -7 66.482983 78.849349
2 -7 78.849349 79.145646
2 -8 79.145646 86.000000
=== END ===

=== PRIMITIVE ===
ID: 47
StartHeadingNum: 12
Goal: i=-8 j=-2 heading=10
Length: 8.591510
ExecutionTime(ticks): 86
TotalHeadingChange: 0.8457
BendingEnergy: 0.1277
---
Trajectory(x,y):
0.000 0.000
0.000 -0.102
0.000 -0.205
0.000 -0.307
0.001 -0.409
0.001 -0.511
0.002 -0.614
0.003 -0.716
0.004 -0.818
0.005 -0.920
0.007 -1.023
0.009 -1.125
0.011 -1.227
0.013 -1.330
0.015 -1.432
0.018 -1.534
0.021 -1.636
0.024 -1.739
0.027 -1.841
0.030 -1.943
0.033 -2.045
0.036 -2.147
0.039 -2.250
0.042 -2.352
0.045 -2.454
0.047 -2.556
0.050 -2.659
0.051 -2.761
0.053 -2.863
0.054 -2.965
0.054 -3.068
0.054 -3.170
0.053 -3.272
0.051 -3.375
0.048 -3.477
0.045 -3.579
0.040 -3.681
0.035 -3.783
0.028 -3.885
0.020 -3.987
0.011 -4.089
0.001 -4.191
-0.011 -4.293
-0.024 -4.394
-0.038 -4.495
-0.054 -4.596
-0.072 -4.697
-0.091 -4.798
-0.112 -4.898
-0.135 -4.997
-0.160 -5.097
-0.186 -5.195
-0.214 -5.294
-0.244 -5.392
-0.276 -5.489
-0.310 -5.585
-0.346 -5.681
-0.383 -5.776
-0.423 -5.871
-0.464 -5.964
-0.508 -6.057
-0.553 -6.148
-0.600 -6.239
-0.649 -6.329
-0.700 -6.418
-0.752 -6.505
-0.806 -6.592
-0.862 -6.678
-0.920 -6.762
-0.979 -6.846
-1.040 -6.928
-1.102 -7.010
-1.165 -7.090
-1.230 -7.169
-1.295 -7.248
-1.362 -7.325
-1.430 -7.401
-1.499 -7.477
-1.569 -7.552
-1.639 -7.626
-1.710 -7.700
-1.781 -7.773
-1.853 -7.846
-1.925 -7.918
-1.997 -7.991
---
CollisionFootprint(i, j, t_in, t_out):
0 0 0.000000 5.004505
-1 0 5.004505 15.016517
-2 0 15.016517 25.030531
-3 0 25.030531 35.041542
-4 0 35.041542 45.094595
-5 0 45.094595 55.404905
-6 0 55.404905 61.252753
-6 -1 61.252753 66.482983
-7 -1 66.482983 78.849349
-7 -2 78.849349 79.145646
-8 -2 79.145646 86.000000
=== END ===

=== PRIMITIVE ===
ID: 48
StartHeadingNum: 0
Goal: i=-5 j=6 heading=13
Length: 8.447085
ExecutionTime(ticks): 84
TotalHeadingChange: 1.1102
BendingEnergy: 0.2116
---
Trajectory(x,y):
0.000 0.000
0.102 -0.000
0.204 -0.000
0.305 -0.001
0.407 -0.002
0.509 -0.004
0.611 -0.007
0.712 -0.011
0.814 -0.017
0.915 -0.024
1.017 -0.032
1.118 -0.042
1.219 -0.054
1.320 -0.068
1.421 -0.083
1.521 -0.101
1.621 -0.121
1.720 -0.143
1.819 -0.167
1.917 -0.193
2.015 -0.222
2.112 -0.253
2.208 -0.287
2.303 -0.323
2.397 -0.361
2.491 -0.401
2.583 -0.444
2.674 -0.489
2.764 -0.537
2.853 -0.587
2.941 -0.638
3.027 -0.693
3.112 -0.749
3.195 -0.807
3.277 -0.867
3.358 -0.929
3.437 -0.993
3.515 -1.059
3.591 -1.126
3.666 -1.195
3.739 -1.266
3.811 -1.338
3.881 -1.412
3.950 -1.487
4.017 -1.563
4.083 -1.641
4.147 -1.720
4.210 -1.799
4.272 -1.880
4.333 -1.962
4.392 -2.045
4.450 -2.128
4.507 -2.212
4.563 -2.297
4.618 -2.383
4.672 -2.470
4.725 -2.556
4.777 -2.644
4.828 -2.732
4.879 -2.820
4.929 -2.909
4.978 -2.998
5.027 -3.087
5.075 -3.177
5.122 -3.267
5.170 -3.357
5.216 -3.447
5.263 -3.538
5.309 -3.629
5.355 -3.719
5.401 -3.810
5.447 -3.901
5.492 -3.992
5.538 -4.083
5.583 -4.174
5.629 -4.265
5.674 -4.356
5.720 -4.447
5.765 -4.538
5.811 -4.629
5.856 -4.720
5.902 -4.811
5.948 -4.902
5.993 -4.993
---
CollisionFootprint(i, j, t_in, t_out):
0 0 0.000000 4.972736
0 1 4.972736 14.969918
0 2 14.969918 25.403663
0 3 25.403663 27.554653
-1 3 27.554653 37.252507
-1 4 37.252507 43.691555
-2 4 43.691555 52.494406
-2 5 52.494406 56.018729
-3 5 56.018729 67.383277
-4 5 67.383277 73.035717
-4 6 73.035717 78.512141
-5 6 78.512141 84.000000
=== END ===

=== PRIMITIVE ===
ID: 49
StartHeadingNum: 4
Goal: i=6 j=5 heading=1
Length: 8.447085
ExecutionTime(ticks): 84
TotalHeadingChange: 1.1102
BendingEnergy: 0.2116
---
Trajectory(x,y):
0.000 0.000
0.000 0.102
0.000 0.204
0.001 0.305
0.002 0.407
0.004 0.509
0.007 0.611
0.011 0.712
0.017 0.814
0.024 0.915
0.032 1.017
0.042 1.118
0.054 1.219
0.068 1.320
0.083 1.421
0.101 1.521
0.121 1.621
0.143 1.720
0.167 1.819
0.193 1.917
0.222 2.015
0.253 2.112
0.287 2.208
0.323 2.303
0.361 2.397
0.401 2.491
0.444 2.583
0.489 2.674
0.537 2.764
0.587 2.853
0.638 2.941
0.693 3.027
0.749 3.112
0.807 3.195
0.867 3.277
0.929 3.358
0.993 3.437
1.059 3.515
1.126 3.591
1.195 3.666
1.266 3.739
1.338 3.811
1.412 3.881
1.487 3.950
1.563 4.017
1.641 4.083
1.720 4.147
1.799 4.210
1.880 4.272
1.962 4.333
2.045 4.392
2.128 4.450
2.212 4.507
2.297 4.563
2.383 4.618
2.470 4.672
2.556 4.725
2.644 4.777
2.732 4.828
2.820 4.879
2.909 4.929
2.998 4.978
3.087 5.027
3.177 5.075
3.267 5.122
3.357 5.170
3.447 5.216
3.538 5.263
3.629 5.309
3.719 5.355
3.810 5.401
3.901 5.447
3.992 5.492
4.083 5.538
4.174 5.583
4.265 5.629
4.356 5.674
4.447 5.720
4.538 5.765
4.629 5.811
4.720 5.856
4.811 5.902
4.902 5.948
4.993 5.993
---
CollisionFootprint(i, j, t_in, t_out):
0 0 0.000000 4.972736
1 0 4.972736 14.969918
2 0 14.969918 25.403663
3 0 25.403663 27.554653
3 1 27.554653 37.252507
4 1 37.252507 43.691555
4 2 43.691555 52.494406
5 2 52.494406 56.018729
5 3 56.018729 67.383277
5 4 67.383277 73.035717
6 4 73.035717 78.512141
6 5 78.512141 84.000000
=== END ===

=== PRIMITIVE ===
ID: 50
StartHeadingNum: 8
Goal: i=5 j=-6 heading=5
Length: 8.447085
ExecutionTime(ticks): 84
TotalHeadingChange: 1.1102
BendingEnergy: 0.2116
---
Trajectory(x,y):
0.000 0.000
-0.102 0.000
-0.204 0.000
-0.305 0.001
-0.407 0.002
-0.509 0.004
-0.611 0.007
-0.712 0.011
-0.814 0.017
-0.915 0.024
-1.017 0.032
-1.118 0.042
-1.219 0.054
-1.320 0.068
-1.421 0.083
-1.521 0.101
-1.621 0.121
-1.720 0.143
-1.819 0.167
-1.917 0.193
-2.015 0.222
-2.112 0.253
-2.208 0.287
-2.303 0.323
-2.397 0.361
-2.491 0.401
-2.583 0.444
-2.674 0.489
-2.764 0.537
-2.853 0.587
-2.941 0.638
-3.027 0.693
-3.112 0.749
-3.195 0.807
-3.277 0.867
-3.358 0.929
-3.437 0.993
-3.515 1.059
-3.591 1.126
-3.666 1.195
-3.739 1.266
-3.811 1.338
-3.881 1.412
-3.950 1.487
-4.017 1.563
-4.083 1.641
-4.147 1.720
-4.210 1.799
-4.272 1.880
-4.333 1.962
-4.392 2.045
-4.450 2.128
-4.507 2.212
-4.563 2.297
-4.618 2.383
-4.672 2.470
-4.725 2.556
-4.777 2.644
-4.828 2.732
-4.879 2.820
-4.929 2.909
-4.978 2.998
-5.027 3.087
-5.075 3.177
-5.122 3.267
-5.170 3.357
-5.216 3.447
-5.263 3.538
-5.309 3.629
-5.355 3.719
-5.401 3.810
-5.447 3.901
-5.492 3.992
-5.538 4.083
-5.583 4.174
-5.629 4.265
-5.674 4.356
-5.720 4.447
-5.765 4.538
-5.811 4.629
-5.856 4.720
-5.902 4.811
-5.948 4.902
-5.993 4.993
---
CollisionFootprint(i, j, t_in, t_out):
0 0 0.000000 4.972736
0 -1 4.972736 14.969918
0 -2 14.969918 25.403663
0 -3 25.403663 27.554653
1 -3 27.554653 37.252507
1 -4 37.252507 43.691555
2 -4 43.691555 52.494406
2 -5 52.494406 56.018729
3 -5 56.018729 67.383277
4 -5 67.383277 73.035717
4 -6 73.035717 78.512141
5 -6 78.512141 84.000000
=== END ===

=== PRIMITIVE ===
ID: 51
StartHeadingNum: 12
Goal: i=-6 j=-5 heading=9
Length: 8.447085
ExecutionTime(ticks): 84
TotalHeadingChange: 1.1102
BendingEnergy: 0.2116
---
Trajectory(x,y):
0.000 0.000
-0.000 -0.102
-0.000 -0.204
-0.001 -0.305
-0.002 -0.407
-0.004 -0.509
-0.007 -0.611
-0.011 -0.712
-0.017 -0.814
-0.024 -0.915
-0.032 -1.017
-0.042 -1.118
-0.054 -1.219
-0.068 -1.320
-0.083 -1.421
-0.101 -1.521
-0.121 -1.621
-0.143 -1.720
-0.167 -1.819
-0.193 -1.917
-0.222 -2.015
-0.253 -2.112
-0.287 -2.208
-0.323 -2.303
-0.361 -2.397
-0.401 -2.491
-0.444 -2.583
-0.489 -2.674
-0.537 -2.764
-0.587 -2.853
-0.638 -2.941
-0.693 -3.027
-0.749 -3.112
-0.807 -3.195
-0.867 -3.277
-0.929 -3.358
-0.993 -3.437
-1.059 -3.515
-1.126 -3.591
-1.195 -3.666
-1.266 -3.739
-1.338 -3.811
-1.412 -3.881
-1.487 -3.950
-1.563 -4.017
-1.641 -4.083
-1.720 -4.147
-1.799 -4.210
-1.880 -4.272
-1.962 -4.333
-2.045 -4.392
-2.128 -4.450
-2.212 -4.507
-2.297 -4.563
-2.383 -4.618
-2.470 -4.672
-2.556 -4.725
-2.644 -4.777
-2.732 -4.828
-2.820 -4.879
-2.909 -4.929
-2.998 -4.978
-3.087 -5.027
-3.177 -5.075
-3.267 -5.122
-3.357 -5.170
-3.447 -5.216
-3.538 -5.263
-3.629 -5.309
-3.719 -5.355
-3.810 -5.401
-3.901 -5.447
-3.992 -5.492
-4.083 -5.538
-4.174 -5.583
-4.265 -5.629
-4.356 -5.674
-4.447 -5.720
-4.538 -5.765
-4.629 -5.811
-4.720 -5.856
-4.811 -5.902
-4.902 -5.948
-4.993 -5.993
---
CollisionFootprint(i, j, t_in, t_out):
0 0 0.000000 4.972736
-1 0 4.972736 14.969918
-2 0 14.969918 25.403663
-3 0 25.403663 27.554653
-3 -1 27.554653 37.252507
-4 -1 37.252507 43.691555
-4 -2 43.691555 52.494406
-5 -2 52.494406 56.018729
-5 -3 56.018729 67.383277
-5 -4 67.383277 73.035717
-6 -4 73.035717 78.512141
-6 -5 78.512141 84.000000
=== END ===

=== PRIMITIVE ===
ID: 52
StartHeadingNum: 0
Goal: i=-4 j=7 heading=13
Length: 8.687496
ExecutionTime(ticks): 87
TotalHeadingChange: 1.1057
BendingEnergy: 0.1710
---
Trajectory(x,y):
0.000 0.000
0.102 -0.000
0.204 -0.000
0.307 -0.000
0.409 -0.001
0.511 -0.001
0.613 -0.002
0.715 -0.004
0.818 -0.006
0.920 -0.008
1.022 -0.011
1.124 -0.014
1.226 -0.019
1.328 -0.024
1.430 -0.030
1.532 -0.036
1.634 -0.044
1.736 -0.053
1.838 -0.062
1.939 -0.073
2.041 -0.085
2.142 -0.098
2.243 -0.113
2.344 -0.129
2.445 -0.146
2.546 -0.164
2.646 -0.184
2.746 -0.205
2.846 -0.228
2.945 -0.253
3.044 -0.279
3.142 -0.306
3.240 -0.335
3.337 -0.366
3.434 -0.399
3.531 -0.433
3.626 -0.469
3.721 -0.507
3.816 -0.546
3.909 -0.587
4.002 -0.630
4.094 -0.675
4.185 -0.722
4.275 -0.770
4.364 -0.820
4.452 -0.872
4.539 -0.925
4.625 -0.980
4.710 -1.037
4.794 -1.096
4.876 -1.156
4.958 -1.218
5.038 -1.281
5.117 -1.346
5.194 -1.413
5.270 -1.481
5.345 -1.551
5.419 -1.622
5.491 -1.694
5.562 -1.768
5.631 -1.843
5.699 -1.919
5.766 -1.996
5.831 -2.075
5.895 -2.155
5.958 -2.235
6.019 -2.317
6.079 -2.400
6.138 -2.483
6.196 -2.568
6.252 -2.653
6.307 -2.739
6.361 -2.826
6.414 -2.913
6.466 -3.001
6.517 -3.090
6.567 -3.179
6.617 -3.268
6.665 -3.358
6.713 -3.449
6.761 -3.539
6.808 -3.630
6.854 -3.721
6.900 -3.812
6.946 -3.904
6.992 -3.995
---
CollisionFootprint(i, j, t_in, t_out):
0 0 0.000000 5.006809
0 1 5.006809 15.028438
0 2 15.028438 25.122173
0 3 25.122173 35.497318
0 4 35.497318 37.693524
-1 4 37.693524 46.620555
-1 5 46.620555 56.574085
-2 5 56.574085 59.493347
-2 6 59.493347 69.800393
-3 6 69.800393 76.416050
-3 7 76.416050 81.439383
-4 7 81.439383 87.000000
=== END ===

=== PRIMITIVE ===
ID: 53
StartHeadingNum: 4
Goal: i=7 j=4 heading=1
Length: 8.687496
ExecutionTime(ticks): 87
TotalHeadingChange: 1.1057
BendingEnergy: 0.1710
---
Trajectory(x,y):
0.000 0.000
0.000 0.102
0.000 0.204
0.000 0.307
0.001 0.409
0.001 0.511
0.002 0.613
0.004 0.715
0.006 0.818
0.008 0.920
0.011 1.022
0.014 1.124
0.019 1.226
0.024 1.328
0.030 1.430
0.036 1.532
0.044 1.634
0.053 1.736
0.062 1.838
0.073 1.939
0.085 2.041
0.098 2.142
0.113 2.243
0.129 2.344
0.146 2.445
0.164 2.546
0.184 2.646
0.205 2.746
0.228 2.846
0.253 2.945
0.279 3.044
0.306 3.142
0.335 3.240
0.366 3.337
0.399 3.434
0.433 3.531
0.469 3.626
0.507 3.721
0.546 3.816
0.587 3.909
0.630 4.002
0.675 4.094
0.722 4.185
0.770 4.275
0.820 4.364
0.872 4.452
0.925 4.539
0.980 4.625
1.037 4.710
1.096 4.794
1.156 4.876
1.218 4.958
1.281 5.038
1.346 5.117
1.413 5.194
1.481 5.270
1.551 5.345
1.622 5.419
1.694 5.491
1.768 5.562
1.843 5.631
1.919 5.699
1.996 5.766
2.075 5.831
2.155 5.895
2.235 5.958
2.317 6.019
2.400 6.079
2.483 6.138
2.568 6.196
2.653 6.252
2.739 6.307
2.826 6.361
2.913 6.414
3.001 6.466
3.090 6.517
3.179 6.567
3.268 6.617
3.358 6.665
3.449 6.713
3.539 6.761
3.630 6.808
3.721 6.854
3.812 6.900
3.904 6.946
3.995 6.992
---
CollisionFootprint(i, j, t_in, t_out):
0 0 0.000000 5.006809
1 0 5.006809 15.028438
2 0 15.028438 25.122173
3 0 25.122173 35.497318
4 0 35.497318 37.693524
4 1 37.693524 46.620555
5 1 46.620555 56.574085
5 2 56.574085 59.493347
6 2 59.493347 69.800393
6 3 69.800393 76.416050
7 3 76.416050 81.439383
7 4 81.439383 87.000000
=== END ===

=== PRIMITIVE ===
ID: 54
StartHeadingNum: 8
Goal: i=4 j=-7 heading=5
Length: 8.687496
ExecutionTime(ticks): 87
TotalHeadingChange: 1.1057
BendingEnergy: 0.1710
---
Trajectory(x,y):
0.000 0.000
-0.102 0.000
-0.204 0.000
-0.307 0.000
-0.409 0.001
-0.511 0.001
-0.613 0.002
-0.715 0.004
-0.818 0.006
-0.920 0.008
-1.022 0.011
-1.124 0.014
-1.226 0.019
-1.328 0.024
-1.430 0.030
-1.532 0.036
-1.634 0.044
-1.736 0.053
-1.838 0.062
-1.939 0.073
-2.041 0.085
-2.142 0.098
-2.243 0.113
-2.344 0.129
-2.445 0.146
-2.546 0.164
-2.646 0.184
-2.746 0.205
-2.846 0.228
-2.945 0.253
-3.044 0.279
-3.142 0.306
-3.240 0.335
-3.337 0.366
-3.434 0.399
-3.531 0.433
-3.626 0.469
-3.721 0.507
-3.816 0.546
-3.909 0.587
-4.002 0.630
-4.094 0.675
-4.185 0.722
-4.275 0.770
-4.364 0.820
-4.452 0.872
-4.539 0.925
-4.625 0.980
-4.710 1.037
-4.794 1.096
-4.876 1.156
-4.958 1.218
-5.038 1.281
-5.117 1.346
-5.194 1.413
-5.270 1.481
-5.345 1.551
-5.419 1.622
-5.491 1.694
-5.562 1.768
-5.631 1.843
-5.699 1.919
-5.766 1.996
-5.831 2.075
-5.895 2.155
-5.958 2.235
-6.019 2.317
-6.079 2.400
-6.138 2.483
-6.196 2.568
-6.252 2.653
-6.307 2.739
-6.361 2.826
-6.414 2.913
-6.466 3.001
-6.517 3.090
-6.567 3.179
-6.617 3.268
-6.665 3.358
-6.713 3.449
-6.761 3.539
-6.808 3.630
-6.854 3.721
-6.900 3.812
-6.946 3.904
-6.992 3.995
---
CollisionFootprint(i, j, t_in, t_out):
0 0 0.000000 5.006809
0 -1 5.006809 15.028438
0 -2 15.028438 25.122173
0 -3 25.122173 35.497318
0 -4 35.497318 37.693524
1 -4 37.693524 46.620555
1 -5 46.620555 56.574085
2 -5 56.574085 59.493347
2 -6 59.493347 69.800393
3 -6 69.800393 76.416050
3 -7 76.416050 81.439383
4 -7 81.439383 87.000000
=== END ===

=== PRIMITIVE ===
ID: 55
StartHeadingNum: 12
Goal: i=-7 j=-4 heading=9
Length: 8.687496
ExecutionTime(ticks): 87
TotalHeadingChange: 1.1057
BendingEnergy: 0.1710
---
Trajectory(x,y):
0.000 0.000
-0.000 -0.102
-0.000 -0.204
-0.000 -0.307
-0.001 -0.409
-0.001 -0.511
-0.002 -0.613
-0.004 -0.715
-0.006 -0.818
-0.008 -0.920
-0.011 -1.022
-0.014 -1.124
-0.019 -1.226
-0.024 -1.328
-0.030 -1.430
-0.036 -1.532
-0.044 -1.634
-0.053 -1.736
-0.062 -1.838
-0.073 -1.939
-0.085 -2.041
-0.098 -2.142
-0.113 -2.243
-0.129 -2.344
-0.146 -2.445
-0.164 -2.546
-0.184 -2.646
-0.205 -2.746
-0.228 -2.846
-0.253 -2.945
-0.279 -3.044
-0.306 -3.142
-0.335 -3.240
-0.366 -3.337
-0.399 -3.434
-0.433 -3.531
-0.469 -3.626
-0.507 -3.721
-0.546 -3.816
-0.587 -3.909
-0.630 -4.002
-0.675 -4.094
-0.722 -4.185
-0.770 -4.275
-0.820 -4.364
-0.872 -4.452
-0.925 -4.539
-0.980 -4.625
-1.037 -4.710
-1.096 -4.794
-1.156 -4.876
-1.218 -4.958
-1.281 -5.038
-1.346 -5.117
-1.413 -5.194
-1.481 -5.270
-1.551 -5.345
-1.622 -5.419
-1.694 -5.491
-1.768 -5.562
-1.843 -5.631
-1.919 -5.699
-1.996 -5.766
-2.075 -5.831
-2.155 -5.895
-2.235 -5.958
-2.317 -6.019
-2.400 -6.079
-2.483 -6.138
-2.568 -6.196
-2.653 -6.252
-2.739 -6.307
-2.826 -6.361
-2.913 -6.414
-3.001 -6.466
-3.090 -6.517
-3.179 -6.567
-3.268 -6.617
-3.358 -6.665
-3.449 -6.713
-3.539 -6.761
-3.630 -6.808
-3.721 -6.854
-3.812 -6.900
-3.904 -6.946
-3.995 -6.992
---
CollisionFootprint(i, j, t_in, t_out):
0 0 0.000000 5.006809
-1 0 5.006809 15.028438
-2 0 15.028438 25.122173
-3 0 25.122173 35.497318
-4 0 35.497318 37.693524
-4 -1 37.693524 46.620555
-5 -1 46.620555 56.574085
-5 -2 56.574085 59.493347
-6 -2 59.493347 69.800393
-6 -3 69.800393 76.416050
-7 -3 76.416050 81.439383
-7 -4 81.439383 87.000000
=== END ===

=== PRIMITIVE ===
ID: 56
StartHeadingNum: 0
Goal: i=-1 j=6 heading=15
Length: 6.158601
ExecutionTime(ticks): 62
TotalHeadingChange: 0.4708
BendingEnergy: 0.0538
---
Trajectory(x,y):
0.000 0.000
0.103 0.000
0.205 0.000
0.308 0.000
0.411 0.000
0.513 0.000
0.616 0.001
0.719 0.001
0.821 0.001
0.924 0.002
1.026 0.002
1.129 0.003
1.232 0.003
1.334 0.003
1.437 0.003
1.540 0.003
1.642 0.003
1.745 0.002
1.848 0.001
1.950 -0.001
2.053 -0.003
2.155 -0.005
2.258 -0.009
2.361 -0.012
2.463 -0.017
2.566 -0.023
2.668 -0.029
2.770 -0.036
2.873 -0.044
2.975 -0.054
3.077 -0.064
3.179 -0.076
3.281 -0.089
3.383 -0.103
3.484 -0.118
3.585 -0.135
3.686 -0.154
3.787 -0.173
3.887 -0.195
3.988 -0.217
4.087 -0.241
4.187 -0.267
4.286 -0.294
4.384 -0.323
4.482 -0.353
4.580 -0.385
4.677 -0.418
4.774 -0.452
4.870 -0.488
4.966 -0.525
5.061 -0.564
5.155 -0.604
5.250 -0.644
5.343 -0.686
5.437 -0.729
5.530 -0.772
5.622 -0.817
5.715 -0.861
5.807 -0.907
5.899 -0.952
5.991 -0.998
---
CollisionFootprint(i, j, t_in, t_out):
0 0 0.000000 5.033190
0 1 5.033190 15.100576
0 2 15.100576 25.171990
0 3 25.171990 35.295754
0 4 35.295754 45.653081
0 5 45.653081 49.930714
-1 5 49.930714 56.502704
-1 6 56.502704 62.000000
=== END ===

=== PRIMITIVE ===
ID: 57
StartHeadingNum: 4
Goal: i=6 j=1 heading=3
Length: 6.158601
ExecutionTime(ticks): 62
TotalHeadingChange: 0.4708
BendingEnergy: 0.0538
---
Trajectory(x,y):
0.000 0.000
-0.000 0.103
-0.000 0.205
-0.000 0.308
-0.000 0.411
-0.000 0.513
-0.001 0.616
-0.001 0.719
-0.001 0.821
-0.002 0.924
-0.002 1.026
-0.003 1.129
-0.003 1.232
-0.003 1.334
-0.003 1.437
-0.003 1.540
-0.003 1.642
-0.002 1.745
-0.001 1.848
0.001 1.950
0.003 2.053
0.005 2.155
0.009 2.258
0.012 2.361
0.017 2.463
0.023 2.566
0.029 2.668
0.036 2.770
0.044 2.873
0.054 2.975
0.064 3.077
0.076 3.179
0.089 3.281
0.103 3.383
0.118 3.484
0.135 3.585
0.154 3.686
0.173 3.787
0.195 3.887
0.217 3.988
0.241 4.087
0.267 4.187
0.294 4.286
0.323 4.384
0.353 4.482
0.385 4.580
0.418 4.677
0.452 4.774
0.488 4.870
0.525 4.966
0.564 5.061
0.604 5.155
0.644 5.250
0.686 5.343
0.729 5.437
0.772 5.530
0.817 5.622
0.861 5.715
0.907 5.807
0.952 5.899
0.998 5.991
---
CollisionFootprint(i, j, t_in, t_out):
0 0 0.000000 5.033190
1 0 5.033190 15.100576
2 0 15.100576 25.171990
3 0 25.171990 35.295754
4 0 35.295754 45.653081
5 0 45.653081 49.930714
5 1 49.930714 56.502704
6 1 56.502704 62.000000
=== END ===

=== PRIMITIVE ===
ID: 58
StartHeadingNum: 8
Goal: i=1 j=-6 heading=7
Length: 6.158601
ExecutionTime(ticks): 62
TotalHeadingChange: 0.4708
BendingEnergy: 0.0538
---
Trajectory(x,y):
0.000 0.000
-0.103 -0.000
-0.205 -0.000
-0.308 -0.000
-0.411 -0.000
-0.513 -0.000
-0.616 -0.001
-0.719 -0.001
-0.821 -0.001
-0.924 -0.002
-1.026 -0.002
-1.129 -0.003
-1.232 -0.003
-1.334 -0.003
-1.437 -0.003
-1.540 -0.003
-1.642 -0.003
-1.745 -0.002
-1.848 -0.001
-1.950 0.001
-2.053 0.003
-2.155 0.005
-2.258 0.009
-2.361 0.012
-2.463 0.017
-2.566 0.023
-2.668 0.029
-2.770 0.036
-2.873 0.044
-2.975 0.054
-3.077 0.064
-3.179 0.076
-3.281 0.089
-3.383 0.103
-3.484 0.118
-3.585 0.135
-3.686 0.154
-3.787 0.173
-3.887 0.195
-3.988 0.217
-4.087 0.241
-4.187 0.267
-4.286 0.294
-4.384 0.323
-4.482 0.353
-4.580 0.385
-4.677 0.418
-4.774 0.452
-4.870 0.488
-4.966 0.525
-5.061 0.564
-5.155 0.604
-5.250 0.644
-5.343 0.686
-5.437 0.729
-5.530 0.772
-5.622 0.817
-5.715 0.861
-5.807 0.907
-5.899 0.952
-5.991 0.998
---
CollisionFootprint(i, j, t_in, t_out):
0 0 0.000000 5.033190
0 -1 5.033190 15.100576
0 -2 15.100576 25.171990
0 -3 25.171990 35.295754
0 -4 35.295754 45.653081
0 -5 45.653081 49.930714
1 -5 49.930714 56.502704
1 -6 56.502704 62.000000
=== END ===

=== PRIMITIVE ===
ID: 59
StartHeadingNum: 12
Goal: i=-6 j=-1 heading=11
Length: 6.158601
ExecutionTime(ticks): 62
TotalHeadingChange: 0.4708
BendingEnergy: 0.0538
---
Trajectory(x,y):
0.000 0.000
0.000 -0.103
0.000 -0.205
0.000 -0.308
0.000 -0.411
0.000 -0.513
0.001 -0.616
0.001 -0.719
0.001 -0.821
0.002 -0.924
0.002 -1.026
0.003 -1.129
0.003 -1.232
0.003 -1.334
0.003 -1.437
0.003 -1.540
0.003 -1.642
0.002 -1.745
0.001 -1.848
-0.001 -1.950
-0.003 -2.053
-0.005 -2.155
-0.009 -2.258
-0.012 -2.361
-0.017 -2.463
-0.023 -2.566
-0.029 -2.668
-0.036 -2.770
-0.044 -2.873
-0.054 -2.975
-0.064 -3.077
-0.076 -3.179
-0.089 -3.281
-0.103 -3.383
-0.118 -3.484
-0.135 -3.585
-0.154 -3.686
-0.173 -3.787
-0.195 -3.887
-0.217 -3.988
-0.241 -4.087
-0.267 -4.187
-0.294 -4.286
-0.323 -4.384
-0.353 -4.482
-0.385 -4.580
-0.418 -4.677
-0.452 -4.774
-0.488 -4.870
-0.525 -4.966
-0.564 -5.061
-0.604 -5.155
-0.644 -5.250
-0.686 -5.343
-0.729 -5.437
-0.772 -5.530
-0.817 -5.622
-0.861 -5.715
-0.907 -5.807
-0.952 -5.899
-0.998 -5.991
---
CollisionFootprint(i, j, t_in, t_out):
0 0 0.000000 5.033190
-1 0 5.033190 15.100576
-2 0 15.100576 25.171990
-3 0 25.171990 35.295754
-4 0 35.295754 45.653081
-5 0 45.653081 49.930714
-5 -1 49.930714 56.502704
-6 -1 56.502704 62.000000
=== END ===

=== PRIMITIVE ===
ID: 60
StartHeadingNum: 0
Goal: i=-3 j=7 heading=14
Length: 7.898642
ExecutionTime(ticks): 79
TotalHeadingChange: 0.7843
BendingEnergy: 0.0938
---
Trajectory(x,y):
0.000 0.000
0.103 -0.000
0.205 -0.000
0.308 -0.000
0.410 -0.001
0.513 -0.002
0.615 -0.003
0.718 -0.005
0.821 -0.008
0.923 -0.011
1.026 -0.014
1.128 -0.019
1.231 -0.025
1.333 -0.031
1.435 -0.038
1.537 -0.047
1.640 -0.056
1.742 -0.067
1.844 -0.078
1.945 -0.091
2.047 -0.106
2.148 -0.121
2.249 -0.138
2.350 -0.156
2.451 -0.175
2.552 -0.196
2.652 -0.219
2.751 -0.242
2.851 -0.268
2.950 -0.294
3.049 -0.322
3.147 -0.352
3.245 -0.383
3.342 -0.416
3.439 -0.450
3.535 -0.486
3.630 -0.523
3.726 -0.561
3.820 -0.601
3.914 -0.642
4.007 -0.685
4.100 -0.729
4.191 -0.775
4.283 -0.822
4.373 -0.870
4.463 -0.920
4.552 -0.971
4.640 -1.023
4.728 -1.077
4.815 -1.131
4.901 -1.187
4.986 -1.244
5.071 -1.302
5.154 -1.361
5.237 -1.421
5.320 -1.483
5.402 -1.545
5.482 -1.608
5.563 -1.672
5.642 -1.736
5.721 -1.802
5.800 -1.868
5.877 -1.935
5.954 -2.003
6.031 -2.071
6.107 -2.140
6.183 -2.209
6.258 -2.279
6.332 -2.349
6.406 -2.420
6.480 -2.491
6.554 -2.563
6.627 -2.635
6.700 -2.706
6.773 -2.779
6.846 -2.851
6.919 -2.923
6.991 -2.996
---
CollisionFootprint(i, j, t_in, t_out):
0 0 0.000000 5.000449
0 1 5.000449 15.013351
0 2 15.013351 25.122270
0 3 25.122270 35.537248
0 4 35.537248 36.315395
-1 4 36.315395 46.595347
-1 5 46.595347 56.718269
-2 5 56.718269 58.703646
-2 6 58.703646 71.943160
-3 6 71.943160 72.091188
-3 7 72.091188 79.000000
=== END ===

=== PRIMITIVE ===
ID: 61
StartHeadingNum: 4
Goal: i=7 j=3 heading=2
Length: 7.898642
ExecutionTime(ticks): 79
TotalHeadingChange: 0.7843
BendingEnergy: 0.0938
---
Trajectory(x,y):
0.000 0.000
0.000 0.103
0.000 0.205
0.000 0.308
0.001 0.410
0.002 0.513
0.003 0.615
0.005 0.718
0.008 0.821
0.011 0.923
0.014 1.026
0.019 1.128
0.025 1.231
0.031 1.333
0.038 1.435
0.047 1.537
0.056 1.640
0.067 1.742
0.078 1.844
0.091 1.945
0.106 2.047
0.121 2.148
0.138 2.249
0.156 2.350
0.175 2.451
0.196 2.552
0.219 2.652
0.242 2.751
0.268 2.851
0.294 2.950
0.322 3.049
0.352 3.147
0.383 3.245
0.416 3.342
0.450 3.439
0.486 3.535
0.523 3.630
0.561 3.726
0.601 3.820
0.642 3.914
0.685 4.007
0.729 4.100
0.775 4.191
0.822 4.283
0.870 4.373
0.920 4.463
0.971 4.552
1.023 4.640
1.077 4.728
1.131 4.815
1.187 4.901
1.244 4.986
1.302 5.071
1.361 5.154
1.421 5.237
1.483 5.320
1.545 5.402
1.608 5.482
1.672 5.563
1.736 5.642
1.802 5.721
1.868 5.800
1.935 5.877
2.003 5.954
2.071 6.031
2.140 6.107
2.209 6.183
2.279 6.258
2.349 6.332
2.420 6.406
2.491 6.480
2.563 6.554
2.635 6.627
2.706 6.700
2.779 6.773
2.851 6.846
2.923 6.919
2.996 6.991
---
CollisionFootprint(i, j, t_in, t_out):
0 0 0.000000 5.000449
1 0 5.000449 15.013351
2 0 15.013351 25.122270
3 0 25.122270 35.537248
4 0 35.537248 36.315395
4 1 36.315395 46.595347
5 1 46.595347 56.718269
5 2 56.718269 58.703646
6 2 58.703646 71.943160
6 3 71.943160 72.091188
7 3 72.091188 79.000000
=== END ===

=== PRIMITIVE ===
ID: 62
StartHeadingNum: 8
Goal: i=3 j=-7 heading=6
Length: 7.898642
ExecutionTime(ticks): 79
TotalHeadingChange: 0.7843
BendingEnergy: 0.0938
---
Trajectory(x,y):
0.000 0.000
-0.103 0.000
-0.205 0.000
-0.308 0.000
-0.410 0.001
-0.513 0.002
-0.615 0.003
-0.718 0.005
-0.821 0.008
-0.923 0.011
-1.026 0.014
-1.128 0.019
-1.231 0.025
-1.333 0.031
-1.435 0.038
-1.537 0.047
-1.640 0.056
-1.742 0.067
-1.844 0.078
-1.945 0.091
-2.047 0.106
-2.148 0.121
-2.249 0.138
-2.350 0.156
-2.451 0.175
-2.552 0.196
-2.652 0.219
-2.751 0.242
-2.851 0.268
-2.950 0.294
-3.049 0.322
-3.147 0.352
-3.245 0.383
-3.342 0.416
-3.439 0.450
-3.535 0.486
-3.630 0.523
-3.726 0.561
-3.820 0.601
-3.914 0.642
-4.007 0.685
-4.100 0.729
-4.191 0.775
-4.283 0.822
-4.373 0.870
-4.463 0.920
-4.552 0.971
-4.640 1.023
-4.728 1.077
-4.815 1.131
-4.901 1.187
-4.986 1.244
-5.071 1.302
-5.154 1.361
-5.237 1.421
-5.320 1.483
-5.402 1.545
-5.482 1.608
-5.563 1.672
-5.642 1.736
-5.721 1.802
-5.800 1.868
-5.877 1.935
-5.954 2.003
-6.031 2.071
-6.107 2.140
-6.183 2.209
-6.258 2.279
-6.332 2.349
-6.406 2.420
-6.480 2.491
-6.554 2.563
-6.627 2.635
-6.700 2.706
-6.773 2.779
-6.846 2.851
-6.919 2.923
-6.991 2.996
---
CollisionFootprint(i, j, t_in, t_out):
0 0 0.000000 5.000449
0 -1 5.000449 15.013351
0 -2 15.013351 25.122270
0 -3 25.122270 35.537248
0 -4 35.537248 36.315395
1 -4 36.315395 46.595347
1 -5 46.595347 56.718269
2 -5 56.718269 58.703646
2 -6 58.703646 71.943160
3 -6 71.943160 72.091188
3 -7 72.091188 79.000000
=== END ===

=== PRIMITIVE ===
ID: 63
StartHeadingNum: 12
Goal: i=-7 j=-3 heading=10
Length: 7.898642
ExecutionTime(ticks): 79
TotalHeadingChange: 0.7843
BendingEnergy: 0.0938
---
Trajectory(x,y):
0.000 0.000
-0.000 -0.103
-0.000 -0.205
-0.000 -0.308
-0.001 -0.410
-0.002 -0.513
-0.003 -0.615
-0.005 -0.718
-0.008 -0.821
-0.011 -0.923
-0.014 -1.026
-0.019 -1.128
-0.025 -1.231
-0.031 -1.333
-0.038 -1.435
-0.047 -1.537
-0.056 -1.640
-0.067 -1.742
-0.078 -1.844
-0.091 -1.945
-0.106 -2.047
-0.121 -2.148
-0.138 -2.249
-0.156 -2.350
-0.175 -2.451
-0.196 -2.552
-0.219 -2.652
-0.242 -2.751
-0.268 -2.851
-0.294 -2.950
-0.322 -3.049
-0.352 -3.147
-0.383 -3.245
-0.416 -3.342
-0.450 -3.439
-0.486 -3.535
-0.523 -3.630
-0.561 -3.726
-0.601 -3.820
-0.642 -3.914
-0.685 -4.007
-0.729 -4.100
-0.775 -4.191
-0.822 -4.283
-0.870 -4.373
-0.920 -4.463
-0.971 -4.552
-1.023 -4.640
-1.077 -4.728
-1.131 -4.815
-1.187 -4.901
-1.244 -4.986
-1.302 -5.071
-1.361 -5.154
-1.421 -5.237
-1.483 -5.320
-1.545 -5.402
-1.608 -5.482
-1.672 -5.563
-1.736 -5.642
-1.802 -5.721
-1.868 -5.800
-1.935 -5.877
-2.003 -5.954
-2.071 -6.031
-2.140 -6.107
-2.209 -6.183
-2.279 -6.258
-2.349 -6.332
-2.420 -6.406
-2.491 -6.480
-2.563 -6.554
-2.635 -6.627
-2.706 -6.700
-2.779 -6.773
-2.851 -6.846
-2.923 -6.919
-2.996 -6.991
---
CollisionFootprint(i, j, t_in, t_out):
0 0 0.000000 5.000449
-1 0 5.000449 15.013351
-2 0 15.013351 25.122270
-3 0 25.122270 35.537248
-4 0 35.537248 36.315395
-4 -1 36.315395 46.595347
-5 -1 46.595347 56.718269
-5 -2 56.718269 58.703646
-6 -2 58.703646 71.943160
-6 -3 71.943160 72.091188
-7 -3 72.091188 79.000000
=== END ===

=== PRIMITIVE ===
ID: 64
StartHeadingNum: 0
Goal: i=1 j=3 heading=2
Length: 3.276976
ExecutionTime(ticks): 33
TotalHeadingChange: 0.7822
BendingEnergy: 0.2486
---
Trajectory(x,y):
0.000 0.000
0.106 0.000
0.211 0.000
0.317 0.000
0.423 0.001
0.529 0.003
0.634 0.005
0.740 0.008
0.845 0.013
0.951 0.020
1.056 0.029
1.161 0.040
1.266 0.054
1.371 0.070
1.474 0.091
1.577 0.114
1.679 0.142
1.780 0.173
1.880 0.209
1.978 0.248
2.074 0.292
2.168 0.340
2.260 0.392
2.350 0.448
2.437 0.507
2.522 0.570
2.605 0.636
2.686 0.705
2.764 0.775
2.841 0.848
2.917 0.922
2.992 0.996
---
CollisionFootprint(i, j, t_in, t_out):
0 0 0.000000 5.034897
0 1 5.034897 15.167130
0 2 15.167130 25.422226
1 2 25.422226 26.328598
1 3 26.328598 33.000000
=== END ===

=== PRIMITIVE ===
ID: 65
StartHeadingNum: 4
Goal: i=3 j=-1 heading=6
Length: 3.276976
ExecutionTime(ticks): 33
TotalHeadingChange: 0.7822
BendingEnergy: 0.2486
---
Trajectory(x,y):
0.000 0.000
-0.000 0.106
-0.000 0.211
-0.000 0.317
-0.001 0.423
-0.003 0.529
-0.005 0.634
-0.008 0.740
-0.013 0.845
-0.020 0.951
-0.029 1.056
-0.040 1.161
-0.054 1.266
-0.070 1.371
-0.091 1.474
-0.114 1.577
-0.142 1.679
-0.173 1.780
-0.209 1.880
-0.248 1.978
-0.292 2.074
-0.340 2.168
-0.392 2.260
-0.448 2.350
-0.507 2.437
-0.570 2.522
-0.636 2.605
-0.705 2.686
-0.775 2.764
-0.848 2.841
-0.922 2.917
-0.996 2.992
---
CollisionFootprint(i, j, t_in, t_out):
0 0 0.000000 5.034897
1 0 5.034897 15.167130
2 0 15.167130 25.422226
2 -1 25.422226 26.328598
3 -1 26.328598 33.000000
=== END ===

=== PRIMITIVE ===
ID: 66
StartHeadingNum: 8
Goal: i=-1 j=-3 heading=10
Length: 3.276976
ExecutionTime(ticks): 33
TotalHeadingChange: 0.7822
BendingEnergy: 0.2486
---
Trajectory(x,y):
0.000 0.000
-0.106 -0.000
-0.211 -0.000
-0.317 -0.000
-0.423 -0.001
-0.529 -0.003
-0.634 -0.005
-0.740 -0.008
-0.845 -0.013
-0.951 -0.020
-1.056 -0.029
-1.161 -0.040
-1.266 -0.054
-1.371 -0.070
-1.474 -0.091
-1.577 -0.114
-1.679 -0.142
-1.780 -0.173
-1.880 -0.209
-1.978 -0.248
-2.074 -0.292
-2.168 -0.340
-2.260 -0.392
-2.350 -0.448
-2.437 -0.507
-2.522 -0.570
-2.605 -0.636
-2.686 -0.705
-2.764 -0.775
-2.841 -0.848
-2.917 -0.922
-2.992 -0.996
---
CollisionFootprint(i, j, t_in, t_out):
0 0 0.000000 5.034897
0 -1 5.034897 15.167130
0 -2 15.167130 25.422226
-1 -2 25.422226 26.328598
-1 -3 26.328598 33.000000
=== END ===

=== PRIMITIVE ===
ID: 67
StartHeadingNum: 12
Goal: i=-3 j=1 heading=14
Length: 3.276976
ExecutionTime(ticks): 33
TotalHeadingChange: 0.7822
BendingEnergy: 0.2486
---
Trajectory(x,y):
0.000 0.000
0.000 -0.106
0.000 -0.211
0.000 -0.317
0.001 -0.423
0.003 -0.529
0.005 -0.634
0.008 -0.740
0.013 -0.845
0.020 -0.951
0.029 -1.056
0.040 -1.161
0.054 -1.266
0.070 -1.371
0.091 -1.474
0.114 -1.577
0.142 -1.679
0.173 -1.780
0.209 -1.880
0.248 -1.978
0.292 -2.074
0.340 -2.168
0.392 -2.260
0.448 -2.350
0.507 -2.437
0.570 -2.522
0.636 -2.605
0.705 -2.686
0.775 -2.764
0.848 -2.841
0.922 -2.917
0.996 -2.992
---
CollisionFootprint(i, j, t_in, t_out):
0 0 0.000000 5.034897
-1 0 5.034897 15.167130
-2 0 15.167130 25.422226
-2 1 25.422226 26.328598
-3 1 26.328598 33.000000
=== END ===

=== PRIMITIVE ===
ID: 68
StartHeadingNum: 0
Goal: i=2 j=3 heading=3
Length: 3.879100
ExecutionTime(ticks): 39
TotalHeadingChange: 1.1037
BendingEnergy: 0.3821
---
Trajectory(x,y):
0.000 0.000
0.105 0.000
0.210 0.001
0.314 0.003
0.419 0.007
0.524 0.013
0.628 0.021
0.733 0.033
0.836 0.048
0.939 0.067
1.042 0.090
1.143 0.116
1.243 0.147
1.342 0.183
1.439 0.223
1.534 0.267
1.627 0.315
1.718 0.368
1.806 0.425
1.891 0.485
1.974 0.549
2.054 0.617
2.131 0.688
2.205 0.763
2.276 0.840
2.344 0.919
2.410 1.001
2.472 1.085
2.533 1.171
2.590 1.259
2.646 1.348
2.699 1.438
2.751 1.529
2.801 1.621
2.850 1.714
2.899 1.807
2.946 1.900
2.994 1.994
---
CollisionFootprint(i, j, t_in, t_out):
0 0 0.000000 5.028707
0 1 5.028707 15.430986
0 2 15.430986 20.276199
1 2 20.276199 28.937057
1 3 28.937057 33.395176
2 3 33.395176 39.000000
=== END ===

=== PRIMITIVE ===
ID: 69
StartHeadingNum: 4
Goal: i=3 j=-2 heading=7
Length: 3.879100
ExecutionTime(ticks): 39
TotalHeadingChange: 1.1037
BendingEnergy: 0.3821
---
Trajectory(x,y):
0.000 0.000
-0.000 0.105
-0.001 0.210
-0.003 0.314
-0.007 0.419
-0.013 0.524
-0.021 0.628
-0.033 0.733
-0.048 0.836
-0.067 0.939
-0.090 1.042
-0.116 1.143
-0.147 1.243
-0.183 1.342
-0.223 1.439
-0.267 1.534
-0.315 1.627
-0.368 1.718
-0.425 1.806
-0.485 1.891
-0.549 1.974
-0.617 2.054
-0.688 2.131
-0.763 2.205
-0.840 2.276
-0.919 2.344
-1.001 2.410
-1.085 2.472
-1.171 2.533
-1.259 2.590
-1.348 2.646
-1.438 2.699
-1.529 2.751
-1.621 2.801
-1.714 2.850
-1.807 2.899
-1.900 2.946
-1.994 2.994
---
CollisionFootprint(i, j, t_in, t_out):
0 0 0.000000 5.028707
1 0 5.028707 15.430986
2 0 15.430986 20.276199
2 -1 20.276199 28.937057
3 -1 28.937057 33.395176
3 -2 33.395176 39.000000
=== END ===

=== PRIMITIVE ===
ID: 70
StartHeadingNum: 8
Goal: i=-2 j=-3 heading=11
Length: 3.879100
ExecutionTime(ticks): 39
TotalHeadingChange: 1.1037
BendingEnergy: 0.3821
---
Trajectory(x,y):
0.000 0.000
-0.105 -0.000
-0.210 -0.001
-0.314 -0.003
-0.419 -0.007
-0.524 -0.013
-0.628 -0.021
-0.733 -0.033
-0.836 -0.048
-0.939 -0.067
-1.042 -0.090
-1.143 -0.116
-1.243 -0.147
-1.342 -0.183
-1.439 -0.223
-1.534 -0.267
-1.627 -0.315
-1.718 -0.368
-1.806 -0.425
-1.891 -0.485
-1.974 -0.549
-2.054 -0.617
-2.131 -0.688
-2.205 -0.763
-2.276 -0.840
-2.344 -0.919
-2.410 -1.001
-2.472 -1.085
-2.533 -1.171
-2.590 -1.259
-2.646 -1.348
-2.699 -1.438
-2.751 -1.529
-2.801 -1.621
-2.850 -1.714
-2.899 -1.807
-2.946 -1.900
-2.994 -1.994
---
CollisionFootprint(i, j, t_in, t_out):
0 0 0.000000 5.028707
0 -1 5.028707 15.430986
0 -2 15.430986 20.276199
-1 -2 20.276199 28.937057
-1 -3 28.937057 33.395176
-2 -3 33.395176 39.000000
=== END ===

=== PRIMITIVE ===
ID: 71
StartHeadingNum: 12
Goal: i=-3 j=2 heading=15
Length: 3.879100
ExecutionTime(ticks): 39
TotalHeadingChange: 1.1037
BendingEnergy: 0.3821
---
Trajectory(x,y):
0.000 0.000
0.000 -0.105
0.001 -0.210
0.003 -0.314
0.007 -0.419
0.013 -0.524
0.021 -0.628
0.033 -0.733
0.048 -0.836
0.067 -0.939
0.090 -1.042
0.116 -1.143
0.147 -1.243
0.183 -1.342
0.223 -1.439
0.267 -1.534
0.315 -1.627
0.368 -1.718
0.425 -1.806
0.485 -1.891
0.549 -1.974
0.617 -2.054
0.688 -2.131
0.763 -2.205
0.840 -2.276
0.919 -2.344
1.001 -2.410
1.085 -2.472
1.171 -2.533
1.259 -2.590
1.348 -2.646
1.438 -2.699
1.529 -2.751
1.621 -2.801
1.714 -2.850
1.807 -2.899
1.900 -2.946
1.994 -2.994
---
CollisionFootprint(i, j, t_in, t_out):
0 0 0.000000 5.028707
-1 0 5.028707 15.430986
-2 0 15.430986 20.276199
-2 1 20.276199 28.937057
-3 1 28.937057 33.395176
-3 2 33.395176 39.000000
=== END ===

=== PRIMITIVE ===
ID: 72
StartHeadingNum: 0
Goal: i=-1 j=3 heading=14
Length: 3.276976
ExecutionTime(ticks): 33
TotalHeadingChange: 0.7822
BendingEnergy: 0.2486
---
Trajectory(x,y):
0.000 0.000
0.106 -0.000
0.211 -0.000
0.317 -0.000
0.423 -0.001
0.529 -0.003
0.634 -0.005
0.740 -0.008
0.845 -0.013
0.951 -0.020
1.056 -0.029
1.161 -0.040
1.266 -0.054
1.371 -0.070
1.474 -0.091
1.577 -0.114
1.679 -0.142
1.780 -0.173
1.880 -0.209
1.978 -0.248
2.074 -0.292
2.168 -0.340
2.260 -0.392
2.350 -0.448
2.437 -0.507
2.522 -0.570
2.605 -0.636
2.686 -0.705
2.764 -0.775
2.841 -0.848
2.917 -0.922
2.992 -0.996
---
CollisionFootprint(i, j, t_in, t_out):
0 0 0.000000 5.034897
0 1 5.034897 15.167130
0 2 15.167130 25.422226
-1 2 25.422226 26.328598
-1 3 26.328598 33.000000
=== END ===

=== PRIMITIVE ===
ID: 73
StartHeadingNum: 4
Goal: i=3 j=1 heading=2
Length: 3.276976
ExecutionTime(ticks): 33
TotalHeadingChange: 0.7822
BendingEnergy: 0.2486
---
Trajectory(x,y):
0.000 0.000
0.000 0.106
0.000 0.211
0.000 0.317
0.001 0.423
0.003 0.529
0.005 0.634
0.008 0.740
0.013 0.845
0.020 0.951
0.029 1.056
0.040 1.161
0.054 1.266
0.070 1.371
0.091 1.474
0.114 1.577
0.142 1.679
0.173 1.780
0.209 1.880
0.248 1.978
0.292 2.074
0.340 2.168
0.392 2.260
0.448 2.350
0.507 2.437
0.570 2.522
0.636 2.605
0.705 2.686
0.775 2.764
0.848 2.841
0.922 2.917
0.996 2.992
---
CollisionFootprint(i, j, t_in, t_out):
0 0 0.000000 5.034897
1 0 5.034897 15.167130
2 0 15.167130 25.422226
2 1 25.422226 26.328598
3 1 26.328598 33.000000
=== END ===

=== PRIMITIVE ===
ID: 74
StartHeadingNum: 8
Goal: i=1 j=-3 heading=6
Length: 3.276976
ExecutionTime(ticks): 33
TotalHeadingChange: 0.7822
BendingEnergy: 0.2486
---
Trajectory(x,y):
0.000 0.000
-0.106 0.000
-0.211 0.000
-0.317 0.000
-0.423 0.001
-0.529 0.003
-0.634 0.005
-0.740 0.008
-0.845 0.013
-0.951 0.020
-1.056 0.029
-1.161 0.040
-1.266 0.054
-1.371 0.070
-1.474 0.091
-1.577 0.114
-1.679 0.142
-1.780 0.173
-1.880 0.209
-1.978 0.248
-2.074 0.292
-2.168 0.340
-2.260 0.392
-2.350 0.448
-2.437 0.507
-2.522 0.570
-2.605 0.636
-2.686 0.705
-2.764 0.775
-2.841 0.848
-2.917 0.922
-2.992 0.996
---
CollisionFootprint(i, j, t_in, t_out):
0 0 0.000000 5.034897
0 -1 5.034897 15.167130
0 -2 15.167130 25.422226
1 -2 25.422226 26.328598
1 -3 26.328598 33.000000
=== END ===

=== PRIMITIVE ===
ID: 75
StartHeadingNum: 12
Goal: i=-3 j=-1 heading=10
Length: 3.276976
ExecutionTime(ticks): 33
TotalHeadingChange: 0.7822
BendingEnergy: 0.2486
---
Trajectory(x,y):
0.000 0.000
-0.000 -0.106
-0.000 -0.211
-0.000 -0.317
-0.001 -0.423
-0.003 -0.529
-0.005 -0.634
-0.008 -0.740
-0.013 -0.845
-0.020 -0.951
-0.029 -1.056
-0.040 -1.161
-0.054 -1.266
-0.070 -1.371
-0.091 -1.474
-0.114 -1.577
-0.142 -1.679
-0.173 -1.780
-0.209 -1.880
-0.248 -1.978
-0.292 -2.074
-0.340 -2.168
-0.392 -2.260
-0.448 -2.350
-0.507 -2.437
-0.570 -2.522
-0.636 -2.605
-0.705 -2.686
-0.775 -2.764
-0.848 -2.841
-0.922 -2.917
-0.996 -2.992
---
CollisionFootprint(i, j, t_in, t_out):
0 0 0.000000 5.034897
-1 0 5.034897 15.167130
-2 0 15.167130 25.422226
-2 -1 25.422226 26.328598
-3 -1 26.328598 33.000000
=== END ===

=== PRIMITIVE ===
ID: 76
StartHeadingNum: 0
Goal: i=-2 j=3 heading=13
Length: 3.879100
ExecutionTime(ticks): 39
TotalHeadingChange: 1.1037
BendingEnergy: 0.3821
---
Trajectory(x,y):
0.000 0.000
0.105 -0.000
0.210 -0.001
0.314 -0.003
0.419 -0.007
0.524 -0.013
0.628 -0.021
0.733 -0.033
0.836 -0.048
0.939 -0.067
1.042 -0.090
1.143 -0.116
1.243 -0.147
1.342 -0.183
1.439 -0.223
1.534 -0.267
1.627 -0.315
1.718 -0.368
1.806 -0.425
1.891 -0.485
1.974 -0.549
2.054 -0.617
2.131 -0.688
2.205 -0.763
2.276 -0.840
2.344 -0.919
2.410 -1.001
2.472 -1.085
2.533 -1.171
2.590 -1.259
2.646 -1.348
2.699 -1.438
2.751 -1.529
2.801 -1.621
2.850 -1.714
2.899 -1.807
2.946 -1.900
2.994 -1.994
---
CollisionFootprint(i, j, t_in, t_out):
0 0 0.000000 5.028707
0 1 5.028707 15.430986
0 2 15.430986 20.276199
-1 2 20.276199 28.937057
-1 3 28.937057 33.395176
-2 3 33.395176 39.000000
=== END ===

=== PRIMITIVE ===
ID: 77
StartHeadingNum: 4
Goal: i=3 j=2 heading=1
Length: 3.879100
ExecutionTime(ticks): 39
TotalHeadingChange: 1.1037
BendingEnergy: 0.3821
---
Trajectory(x,y):
0.000 0.000
0.000 0.105
0.001 0.210
0.003 0.314
0.007 0.419
0.013 0.524
0.021 0.628
0.033 0.733
0.048 0.836
0.067 0.939
0.090 1.042
0.116 1.143
0.147 1.243
0.183 1.342
0.223 1.439
0.267 1.534
0.315 1.627
0.368 1.718
0.425 1.806
0.485 1.891
0.549 1.974
0.617 2.054
0.688 2.131
0.763 2.205
0.840 2.276
0.919 2.344
1.001 2.410
1.085 2.472
1.171 2.533
1.259 2.590
1.348 2.646
1.438 2.699
1.529 2.751
1.621 2.801
1.714 2.850
1.807 2.899
1.900 2.946
1.994 2.994
---
CollisionFootprint(i, j, t_in, t_out):
0 0 0.000000 5.028707
1 0 5.028707 15.430986
2 0 15.430986 20.276199
2 1 20.276199 28.937057
3 1 28.937057 33.395176
3 2 33.395176 39.000000
=== END ===

=== PRIMITIVE ===
ID: 78
StartHeadingNum: 8
Goal: i=2 j=-3 heading=5
Length: 3.879100
ExecutionTime(ticks): 39
TotalHeadingChange: 1.1037
BendingEnergy: 0.3821
---
Trajectory(x,y):
0.000 0.000
-0.105 0.000
-0.210 0.001
-0.314 0.003
-0.419 0.007
-0.524 0.013
-0.628 0.021
-0.733 0.033
-0.836 0.048
-0.939 0.067
-1.042 0.090
-1.143 0.116
-1.243 0.147
-1.342 0.183
-1.439 0.223
-1.534 0.267
-1.627 0.315
-1.718 0.368
-1.806 0.425
-1.891 0.485
-1.974 0.549
-2.054 0.617
-2.131 0.688
-2.205 0.763
-2.276 0.840
-2.344 0.919
-2.410 1.001
-2.472 1.085
-2.533 1.171
-2.590 1.259
-2.646 1.348
-2.699 1.438
-2.751 1.529
-2.801 1.621
-2.850 1.714
-2.899 1.807
-2.946 1.900
-2.994 1.994
---
CollisionFootprint(i, j, t_in, t_out):
0 0 0.000000 5.028707
0 -1 5.028707 15.430986
0 -2 15.430986 20.276199
1 -2 20.276199 28.937057
1 -3 28.937057 33.395176
2 -3 33.395176 39.000000
=== END ===

=== PRIMITIVE ===
ID: 79
StartHeadingNum: 12
Goal: i=-3 j=-2 heading=9
Length: 3.879100
ExecutionTime(ticks): 39
TotalHeadingChange: 1.1037
BendingEnergy: 0.3821
---
Trajectory(x,y):
0.000 0.000
-0.000 -0.105
-0.001 -0.210
-0.003 -0.314
-0.007 -0.419
-0.013 -0.524
-0.021 -0.628
-0.033 -0.733
-0.048 -0.836
-0.067 -0.939
-0.090 -1.042
-0.116 -1.143
-0.147 -1.243
-0.183 -1.342
-0.223 -1.439
-0.267 -1.534
-0.315 -1.627
-0.368 -1.718
-0.425 -1.806
-0.485 -1.891
-0.549 -1.974
-0.617 -2.054
-0.688 -2.131
-0.763 -2.205
-0.840 -2.276
-0.919 -2.344
-1.001 -2.410
-1.085 -2.472
-1.171 -2.533
-1.259 -2.590
-1.348 -2.646
-1.438 -2.699
-1.529 -2.751
-1.621 -2.801
-1.714 -2.850
-1.807 -2.899
-1.900 -2.946
-1.994 -2.994
---
CollisionFootprint(i, j, t_in, t_out):
0 0 0.000000 5.028707
-1 0 5.028707 15.430986
-2 0 15.430986 20.276199
-2 -1 20.276199 28.937057
-3 -1 28.937057 33.395176
-3 -2 33.395176 39.000000
=== END ===

=== PRIMITIVE ===
ID: 80
StartHeadingNum: 0
Goal: i=2 j=7 heading=1
Length: 7.369446
ExecutionTime(ticks): 74
TotalHeadingChange: 0.4630
BendingEnergy: 0.0399
---
Trajectory(x,y):
0.000 0.000
0.102 0.000
0.205 0.000
0.307 0.000
0.409 0.001
0.512 0.002
0.614 0.004
0.716 0.006
0.819 0.008
0.921 0.012
1.023 0.016
1.126 0.021
1.228 0.027
1.330 0.033
1.432 0.041
1.534 0.050
1.636 0.059
1.738 0.070
1.839 0.082
1.941 0.095
2.042 0.109
2.143 0.124
2.244 0.141
2.345 0.158
2.446 0.177
2.546 0.197
2.647 0.217
2.746 0.240
2.846 0.263
2.946 0.287
3.045 0.312
3.144 0.339
3.242 0.367
3.340 0.395
3.438 0.425
3.536 0.455
3.633 0.487
3.730 0.520
3.827 0.553
3.924 0.587
4.020 0.622
4.116 0.658
4.211 0.695
4.306 0.733
4.401 0.771
4.496 0.810
4.590 0.849
4.685 0.889
4.778 0.930
4.872 0.971
4.966 1.013
5.059 1.055
5.152 1.098
5.245 1.141
5.338 1.184
5.430 1.228
5.522 1.272
5.615 1.316
5.707 1.361
5.799 1.406
5.891 1.451
5.983 1.496
6.075 1.541
6.166 1.586
6.258 1.632
6.350 1.677
6.441 1.723
6.533 1.769
6.625 1.814
6.716 1.860
6.808 1.906
6.899 1.951
6.991 1.997
---
CollisionFootprint(i, j, t_in, t_out):
0 0 0.000000 5.020328
0 1 5.020328 15.075041
0 2 15.075041 25.220129
0 3 25.220129 35.592159
0 4 35.592159 37.413716
1 4 37.413716 46.293556
1 5 46.293556 57.306243
1 6 57.306243 62.792002
2 6 62.792002 68.491648
2 7 68.491648 74.000000
=== END ===

=== PRIMITIVE ===
ID: 81
StartHeadingNum: 4
Goal: i=7 j=-2 heading=5
Length: 7.369446
ExecutionTime(ticks): 74
TotalHeadingChange: 0.4630
BendingEnergy: 0.0399
---
Trajectory(x,y):
0.000 0.000
-0.000 0.102
-0.000 0.205
-0.000 0.307
-0.001 0.409
-0.002 0.512
-0.004 0.614
-0.006 0.716
-0.008 0.819
-0.012 0.921
-0.016 1.023
-0.021 1.126
-0.027 1.228
-0.033 1.330
-0.041 1.432
-0.050 1.534
-0.059 1.636
-0.070 1.738
-0.082 1.839
-0.095 1.941
-0.109 2.042
-0.124 2.143
-0.141 2.244
-0.158 2.345
-0.177 2.446
-0.197 2.546
-0.217 2.647
-0.240 2.746
-0.263 2.846
-0.287 2.946
-0.312 3.045
-0.339 3.144
-0.367 3.242
-0.395 3.340
-0.425 3.438
-0.455 3.536
-0.487 3.633
-0.520 3.730
-0.553 3.827
-0.587 3.924
-0.622 4.020
-0.658 4.116
-0.695 4.211
-0.733 4.306
-0.771 4.401
-0.810 4.496
-0.849 4.590
-0.889 4.685
-0.930 4.778
-0.971 4.872
-1.013 4.966
-1.055 5.059
-1.098 5.152
-1.141 5.245
-1.184 5.338
-1.228 5.430
-1.272 5.522
-1.316 5.615
-1.361 5.707
-1.406 5.799
-1.451 5.891
-1.496 5.983
-1.541 6.075
-1.586 6.166
-1.632 6.258
-1.677 6.350
-1.723 6.441
-1.769 6.533
-1.814 6.625
-1.860 6.716
-1.906 6.808
-1.951 6.899
-1.997 6.991
---
CollisionFootprint(i, j, t_in, t_out):
0 0 0.000000 5.020328
1 0 5.020328 15.075041
2 0 15.075041 25.220129
3 0 25.220129 35.592159
4 0 35.592159 37.413716
4 -1 37.413716 46.293556
5 -1 46.293556 57.306243
6 -1 57.306243 62.792002
6 -2 62.792002 68.491648
7 -2 68.491648 74.000000
=== END ===

=== PRIMITIVE ===
ID: 82
StartHeadingNum: 8
Goal: i=-2 j=-7 heading=9
Length: 7.369446
ExecutionTime(ticks): 74
TotalHeadingChange: 0.4630
BendingEnergy: 0.0399
---
Trajectory(x,y):
0.000 0.000
-0.102 -0.000
-0.205 -0.000
-0.307 -0.000
-0.409 -0.001
-0.512 -0.002
-0.614 -0.004
-0.716 -0.006
-0.819 -0.008
-0.921 -0.012
-1.023 -0.016
-1.126 -0.021
-1.228 -0.027
-1.330 -0.033
-1.432 -0.041
-1.534 -0.050
-1.636 -0.059
-1.738 -0.070
-1.839 -0.082
-1.941 -0.095
-2.042 -0.109
-2.143 -0.124
-2.244 -0.141
-2.345 -0.158
-2.446 -0.177
-2.546 -0.197
-2.647 -0.217
-2.746 -0.240
-2.846 -0.263
-2.946 -0.287
-3.045 -0.312
-3.144 -0.339
-3.242 -0.367
-3.340 -0.395
-3.438 -0.425
-3.536 -0.455
-3.633 -0.487
-3.730 -0.520
-3.827 -0.553
-3.924 -0.587
-4.020 -0.622
-4.116 -0.658
-4.211 -0.695
-4.306 -0.733
-4.401 -0.771
-4.496 -0.810
-4.590 -0.849
-4.685 -0.889
-4.778 -0.930
-4.872 -0.971
-4.966 -1.013
-5.059 -1.055
-5.152 -1.098
-5.245 -1.141
-5.338 -1.184
-5.430 -1.228
-5.522 -1.272
-5.615 -1.316
-5.707 -1.361
-5.799 -1.406
-5.891 -1.451
-5.983 -1.496
-6.075 -1.541
-6.166 -1.586
-6.258 -1.632
-6.350 -1.677
-6.441 -1.723
-6.533 -1.769
-6.625 -1.814
-6.716 -1.860
-6.808 -1.906
-6.899 -1.951
-6.991 -1.997
---
CollisionFootprint(i, j, t_in, t_out):
0 0 0.000000 5.020328
0 -1 5.020328 15.075041
0 -2 15.075041 25.220129
0 -3 25.220129 35.592159
0 -4 35.592159 37.413716
-1 -4 37.413716 46.293556
-1 -5 46.293556 57.306243
-1 -6 57.306243 62.792002
-2 -6 62.792002 68.491648
-2 -7 68.491648 74.000000
=== END ===

=== PRIMITIVE ===
ID: 83
StartHeadingNum: 12
Goal: i=-7 j=2 heading=13
Length: 7.369446
ExecutionTime(ticks): 74
TotalHeadingChange: 0.4630
BendingEnergy: 0.0399
---
Trajectory(x,y):
0.000 0.000
0.000 -0.102
0.000 -0.205
0.000 -0.307
0.001 -0.409
0.002 -0.512
0.004 -0.614
0.006 -0.716
0.008 -0.819
0.012 -0.921
0.016 -1.023
0.021 -1.126
0.027 -1.228
0.033 -1.330
0.041 -1.432
0.050 -1.534
0.059 -1.636
0.070 -1.738
0.082 -1.839
0.095 -1.941
0.109 -2.042
0.124 -2.143
0.141 -2.244
0.158 -2.345
0.177 -2.446
0.197 -2.546
0.217 -2.647
0.240 -2.746
0.263 -2.846
0.287 -2.946
0.312 -3.045
0.339 -3.144
0.367 -3.242
0.395 -3.340
0.425 -3.438
0.455 -3.536
0.487 -3.633
0.520 -3.730
0.553 -3.827
0.587 -3.924
0.622 -4.020
0.658 -4.116
0.695 -4.211
0.733 -4.306
0.771 -4.401
0.810 -4.496
0.849 -4.590
0.889 -4.685
0.930 -4.778
0.971 -4.872
1.013 -4.966
1.055 -5.059
1.098 -5.152
1.141 -5.245
1.184 -5.338
1.228 -5.430
1.272 -5.522
1.316 -5.615
1.361 -5.707
1.406 -5.799
1.451 -5.891
1.496 -5.983
1.541 -6.075
1.586 -6.166
1.632 -6.258
1.677 -6.350
1.723 -6.441
1.769 -6.533
1.814 -6.625
1.860 -6.716
1.906 -6.808
1.951 -6.899
1.997 -6.991
---
CollisionFootprint(i, j, t_in, t_out):
0 0 0.000000 5.020328
-1 0 5.020328 15.075041
-2 0 15.075041 25.220129
-3 0 25.220129 35.592159
-4 0 35.592159 37.413716
-4 1 37.413716 46.293556
-5 1 46.293556 57.306243
-6 1 57.306243 62.792002
-6 2 62.792002 68.491648
-7 2 68.491648 74.000000
=== END ===

=== PRIMITIVE ===
ID: 84
StartHeadingNum: 0
Goal: i=-2 j=7 heading=15
Length: 7.369446
ExecutionTime(ticks): 74
TotalHeadingChange: 0.4630
BendingEnergy: 0.0399
---
Trajectory(x,y):
0.000 0.000
0.102 -0.000
0.205 -0.000
0.307 -0.000
0.409 -0.001
0.512 -0.002
0.614 -0.004
0.716 -0.006
0.819 -0.008
0.921 -0.012
1.023 -0.016
1.126 -0.021
1.228 -0.027
1.330 -0.033
1.432 -0.041
1.534 -0.050
1.636 -0.059
1.738 -0.070
1.839 -0.082
1.941 -0.095
2.042 -0.109
2.143 -0.124
2.244 -0.141
2.345 -0.158
2.446 -0.177
2.546 -0.197
2.647 -0.217
2.746 -0.240
2.846 -0.263
2.946 -0.287
3.045 -0.312
3.144 -0.339
3.242 -0.367
3.340 -0.395
3.438 -0.425
3.536 -0.455
3.633 -0.487
3.730 -0.520
3.827 -0.553
3.924 -0.587
4.020 -0.622
4.116 -0.658
4.211 -0.695
4.306 -0.733
4.401 -0.771
4.496 -0.810
4.590 -0.849
4.685 -0.889
4.778 -0.930
4.872 -0.971
4.966 -1.013
5.059 -1.055
5.152 -1.098
5.245 -1.141
5.338 -1.184
5.430 -1.228
5.522 -1.272
5.615 -1.316
5.707 -1.361
5.799 -1.406
5.891 -1.451
5.983 -1.496
6.075 -1.541
6.166 -1.586
6.258 -1.632
6.350 -1.677
6.441 -1.723
6.533 -1.769
6.625 -1.814
6.716 -1.860
6.808 -1.906
6.899 -1.951
6.991 -1.997
---
CollisionFootprint(i, j, t_in, t_out):
0 0 0.000000 5.020328
0 1 5.020328 15.075041
0 2 15.075041 25.220129
0 3 25.220129 35.592159
0 4 35.592159 37.413716
-1 4 37.413716 46.293556
-1 5 46.293556 57.306243
-1 6 57.306243 62.792002
-2 6 62.792002 68.491648
-2 7 68.491648 74.000000
=== END ===

=== PRIMITIVE ===
ID: 85
StartHeadingNum: 4
Goal: i=7 j=2 heading=3
Length: 7.369446
ExecutionTime(ticks): 74
TotalHeadingChange: 0.4630
BendingEnergy: 0.0399
---
Trajectory(x,y):
0.000 0.000
0.000 0.102
0.000 0.205
0.000 0.307
0.001 0.409
0.002 0.512
0.004 0.614
0.006 0.716
0.008 0.819
0.012 0.921
0.016 1.023
0.021 1.126
0.027 1.228
0.033 1.330
0.041 1.432
0.050 1.534
0.059 1.636
0.070 1.738
0.082 1.839
0.095 1.941
0.109 2.042
0.124 2.143
0.141 2.244
0.158 2.345
0.177 2.446
0.197 2.546
0.217 2.647
0.240 2.746
0.263 2.846
0.287 2.946
0.312 3.045
0.339 3.144
0.367 3.242
0.395 3.340
0.425 3.438
0.455 3.536
0.487 3.633
0.520 3.730
0.553 3.827
0.587 3.924
0.622 4.020
0.658 4.116
0.695 4.211
0.733 4.306
0.771 4.401
0.810 4.496
0.849 4.590
0.889 4.685
0.930 4.778
0.971 4.872
1.013 4.966
1.055 5.059
1.098 5.152
1.141 5.245
1.184 5.338
1.228 5.430
1.272 5.522
1.316 5.615
1.361 5.707
1.406 5.799
1.451 5.891
1.496 5.983
1.541 6.075
1.586 6.166
1.632 6.258
1.677 6.350
1.723 6.441
1.769 6.533
1.814 6.625
1.860 6.716
1.906 6.808
1.951 6.899
1.997 6.991
---
CollisionFootprint(i, j, t_in, t_out):
0 0 0.000000 5.020328
1 0 5.020328 15.075041
2 0 15.075041 25.220129
3 0 25.220129 35.592159
4 0 35.592159 37.413716
4 1 37.413716 46.293556
5 1 46.293556 57.306243
6 1 57.306243 62.792002
6 2 62.792002 68.491648
7 2 68.491648 74.000000
=== END ===

=== PRIMITIVE ===
ID: 86
StartHeadingNum: 8
Goal: i=2 j=-7 heading=7
Length: 7.369446
ExecutionTime(ticks): 74
TotalHeadingChange: 0.4630
BendingEnergy: 0.0399
---
Trajectory(x,y):
0.000 0.000
-0.102 0.000
-0.205 0.000
-0.307 0.000
-0.409 0.001
-0.512 0.002
-0.614 0.004
-0.716 0.006
-0.819 0.008
-0.921 0.012
-1.023 0.016
-1.126 0.021
-1.228 0.027
-1.330 0.033
-1.432 0.041
-1.534 0.050
-1.636 0.059
-1.738 0.070
-1.839 0.082
-1.941 0.095
-2.042 0.109
-2.143 0.124
-2.244 0.141
-2.345 0.158
-2.446 0.177
-2.546 0.197
-2.647 0.217
-2.746 0.240
-2.846 0.263
-2.946 0.287
-3.045 0.312
-3.144 0.339
-3.242 0.367
-3.340 0.395
-3.438 0.425
-3.536 0.455
-3.633 0.487
-3.730 0.520
-3.827 0.553
-3.924 0.587
-4.020 0.622
-4.116 0.658
-4.211 0.695
-4.306 0.733
-4.401 0.771
-4.496 0.810
-4.590 0.849
-4.685 0.889
-4.778 0.930
-4.872 0.971
-4.966 1.013
-5.059 1.055
-5.152 1.098
-5.245 1.141
-5.338 1.184
-5.430 1.228
-5.522 1.272
-5.615 1.316
-5.707 1.361
-5.799 1.406
-5.891 1.451
-5.983 1.496
-6.075 1.541
-6.166 1.586
-6.258 1.632
-6.350 1.677
-6.441 1.723
-6.533 1.769
-6.625 1.814
-6.716 1.860
-6.808 1.906
-6.899 1.951
-6.991 1.997
---
CollisionFootprint(i, j, t_in, t_out):
0 0 0.000000 5.020328
0 -1 5.020328 15.075041
0 -2 15.075041 25.220129
0 -3 25.220129 35.592159
0 -4 35.592159 37.413716
1 -4 37.413716 46.293556
1 -5 46.293556 57.306243
1 -6 57.306243 62.792002
2 -6 62.792002 68.491648
2 -7 68.491648 74.000000
=== END ===

=== PRIMITIVE ===
ID: 87
StartHeadingNum: 12
Goal: i=-7 j=-2 heading=11
Length: 7.369446
ExecutionTime(ticks): 74
TotalHeadingChange: 0.4630
BendingEnergy: 0.0399
---
Trajectory(x,y):
0.000 0.000
-0.000 -0.102
-0.000 -0.205
-0.000 -0.307
-0.001 -0.409
-0.002 -0.512
-0.004 -0.614
-0.006 -0.716
-0.008 -0.819
-0.012 -0.921
-0.016 -1.023
-0.021 -1.126
-0.027 -1.228
-0.033 -1.330
-0.041 -1.432
-0.050 -1.534
-0.059 -1.636
-0.070 -1.738
-0.082 -1.839
-0.095 -1.941
-0.109 -2.042
-0.124 -2.143
-0.141 -2.244
-0.158 -2.345
-0.177 -2.446
-0.197 -2.546
-0.217 -2.647
-0.240 -2.746
-0.263 -2.846
-0.287 -2.946
-0.312 -3.045
-0.339 -3.144
-0.367 -3.242
-0.395 -3.340
-0.425 -3.438
-0.455 -3.536
-0.487 -3.633
-0.520 -3.730
-0.553 -3.827
-0.587 -3.924
-0.622 -4.020
-0.658 -4.116
-0.695 -4.211
-0.733 -4.306
-0.771 -4.401
-0.810 -4.496
-0.849 -4.590
-0.889 -4.685
-0.930 -4.778
-0.971 -4.872
-1.013 -4.966
-1.055 -5.059
-1.098 -5.152
-1.141 -5.245
-1.184 -5.338
-1.228 -5.430
-1.272 -5.522
-1.316 -5.615
-1.361 -5.707
-1.406 -5.799
-1.451 -5.891
-1.496 -5.983
-1.541 -6.075
-1.586 -6.166
-1.632 -6.258
-1.677 -6.350
-1.723 -6.441
-1.769 -6.533
-1.814 -6.625
-1.860 -6.716
-1.906 -6.808
-1.951 -6.899
-1.997 -6.991
---
CollisionFootprint(i, j, t_in, t_out):
0 0 0.000000 5.020328
-1 0 5.020328 15.075041
-2 0 15.075041 25.220129
-3 0 25.220129 35.592159
-4 0 35.592159 37.413716
-4 -1 37.413716 46.293556
-5 -1 46.293556 57.306243
-6 -1 57.306243 62.792002
-6 -2 62.792002 68.491648
-7 -2 68.491648 74.000000
=== END ===

=== PRIMITIVE ===
ID: 88
StartHeadingNum: 0
Goal: i=2 j=5 heading=2
Length: 5.581991
ExecutionTime(ticks): 56
TotalHeadingChange: 0.7837
BendingEnergy: 0.1324
---
Trajectory(x,y):
0.000 0.000
0.103 0.000
0.207 0.000
0.310 0.001
0.413 0.001
0.517 0.003
0.620 0.005
0.724 0.008
0.827 0.012
0.930 0.016
1.033 0.022
1.136 0.029
1.239 0.038
1.342 0.048
1.445 0.059
1.548 0.072
1.650 0.087
1.752 0.103
1.854 0.121
1.955 0.142
2.056 0.164
2.157 0.188
2.257 0.214
2.356 0.242
2.455 0.272
2.553 0.304
2.651 0.338
2.748 0.375
2.843 0.413
2.939 0.454
3.033 0.496
3.126 0.541
3.218 0.588
3.309 0.637
3.399 0.687
3.488 0.740
3.576 0.794
3.663 0.850
3.749 0.908
3.833 0.967
3.917 1.028
3.999 1.091
4.080 1.155
4.161 1.220
4.240 1.287
4.318 1.354
4.395 1.423
4.472 1.492
4.548 1.563
4.623 1.634
4.697 1.705
4.771 1.777
4.845 1.850
4.918 1.923
4.991 1.996
---
CollisionFootprint(i, j, t_in, t_out):
0 0 0.000000 5.015801
0 1 5.015801 15.073489
0 2 15.073489 25.361926
0 3 25.361926 31.195887
1 3 31.195887 36.431904
1 4 36.431904 48.856283
2 4 48.856283 49.124153
2 5 49.124153 56.000000
=== END ===

=== PRIMITIVE ===
ID: 89
StartHeadingNum: 4
Goal: i=5 j=-2 heading=6
Length: 5.581991
ExecutionTime(ticks): 56
TotalHeadingChange: 0.7837
BendingEnergy: 0.1324
---
Trajectory(x,y):
0.000 0.000
-0.000 0.103
-0.000 0.207
-0.001 0.310
-0.001 0.413
-0.003 0.517
-0.005 0.620
-0.008 0.724
-0.012 0.827
-0.016 0.930
-0.022 1.033
-0.029 1.136
-0.038 1.239
-0.048 1.342
-0.059 1.445
-0.072 1.548
-0.087 1.650
-0.103 1.752
-0.121 1.854
-0.142 1.955
-0.164 2.056
-0.188 2.157
-0.214 2.257
-0.242 2.356
-0.272 2.455
-0.304 2.553
-0.338 2.651
-0.375 2.748
-0.413 2.843
-0.454 2.939
-0.496 3.033
-0.541 3.126
-0.588 3.218
-0.637 3.309
-0.687 3.399
-0.740 3.488
-0.794 3.576
-0.850 3.663
-0.908 3.749
-0.967 3.833
-1.028 3.917
-1.091 3.999
-1.155 4.080
-1.220 4.161
-1.287 4.240
-1.354 4.318
-1.423 4.395
-1.492 4.472
-1.563 4.548
-1.634 4.623
-1.705 4.697
-1.777 4.771
-1.850 4.845
-1.923 4.918
-1.996 4.991
---
CollisionFootprint(i, j, t_in, t_out):
0 0 0.000000 5.015801
1 0 5.015801 15.073489
2 0 15.073489 25.361926
3 0 25.361926 31.195887
3 -1 31.195887 36.431904
4 -1 36.431904 48.856283
4 -2 48.856283 49.124153
5 -2 49.124153 56.000000
=== END ===

=== PRIMITIVE ===
ID: 90
StartHeadingNum: 8
Goal: i=-2 j=-5 heading=10
Length: 5.581991
ExecutionTime(ticks): 56
TotalHeadingChange: 0.7837
BendingEnergy: 0.1324
---
Trajectory(x,y):
0.000 0.000
-0.103 -0.000
-0.207 -0.000
-0.310 -0.001
-0.413 -0.001
-0.517 -0.003
-0.620 -0.005
-0.724 -0.008
-0.827 -0.012
-0.930 -0.016
-1.033 -0.022
-1.136 -0.029
-1.239 -0.038
-1.342 -0.048
-1.445 -0.059
-1.548 -0.072
-1.650 -0.087
-1.752 -0.103
-1.854 -0.121
-1.955 -0.142
-2.056 -0.164
-2.157 -0.188
-2.257 -0.214
-2.356 -0.242
-2.455 -0.272
-2.553 -0.304
-2.651 -0.338
-2.748 -0.375
-2.843 -0.413
-2.939 -0.454
-3.033 -0.496
-3.126 -0.541
-3.218 -0.588
-3.309 -0.637
-3.399 -0.687
-3.488 -0.740
-3.576 -0.794
-3.663 -0.850
-3.749 -0.908
-3.833 -0.967
-3.917 -1.028
-3.999 -1.091
-4.080 -1.155
-4.161 -1.220
-4.240 -1.287
-4.318 -1.354
-4.395 -1.423
-4.472 -1.492
-4.548 -1.563
-4.623 -1.634
-4.697 -1.705
-4.771 -1.777
-4.845 -1.850
-4.918 -1.923
-4.991 -1.996
---
CollisionFootprint(i, j, t_in, t_out):
0 0 0.000000 5.015801
0 -1 5.015801 15.073489
0 -2 15.073489 25.361926
0 -3 25.361926 31.195887
-1 -3 31.195887 36.431904
-1 -4 36.431904 48.856283
-2 -4 48.856283 49.124153
-2 -5 49.124153 56.000000
=== END ===

=== PRIMITIVE ===
ID: 91
StartHeadingNum: 12
Goal: i=-5 j=2 heading=14
Length: 5.581991
ExecutionTime(ticks): 56
TotalHeadingChange: 0.7837
BendingEnergy: 0.1324
---
Trajectory(x,y):
0.000 0.000
0.000 -0.103
0.000 -0.207
0.001 -0.310
0.001 -0.413
0.003 -0.517
0.005 -0.620
0.008 -0.724
0.012 -0.827
0.016 -0.930
0.022 -1.033
0.029 -1.136
0.038 -1.239
0.048 -1.342
0.059 -1.445
0.072 -1.548
0.087 -1.650
0.103 -1.752
0.121 -1.854
0.142 -1.955
0.164 -2.056
0.188 -2.157
0.214 -2.257
0.242 -2.356
0.272 -2.455
0.304 -2.553
0.338 -2.651
0.375 -2.748
0.413 -2.843
0.454 -2.939
0.496 -3.033
0.541 -3.126
0.588 -3.218
0.637 -3.309
0.687 -3.399
0.740 -3.488
0.794 -3.576
0.850 -3.663
0.908 -3.749
0.967 -3.833
1.028 -3.917
1.091 -3.999
1.155 -4.080
1.220 -4.161
1.287 -4.240
1.354 -4.318
1.423 -4.395
1.492 -4.472
1.563 -4.548
1.634 -4.623
1.705 -4.697
1.777 -4.771
1.850 -4.845
1.923 -4.918
1.996 -4.991
---
CollisionFootprint(i, j, t_in, t_out):
0 0 0.000000 5.015801
-1 0 5.015801 15.073489
-2 0 15.073489 25.361926
-3 0 25.361926 31.195887
-3 1 31.195887 36.431904
-4 1 36.431904 48.856283
-4 2 48.856283 49.124153
-5 2 49.124153 56.000000
=== END ===

=== PRIMITIVE ===
ID: 92
StartHeadingNum: 0
Goal: i=-2 j=5 heading=14
Length: 5.581991
ExecutionTime(ticks): 56
TotalHeadingChange: 0.7837
BendingEnergy: 0.1324
---
Trajectory(x,y):
0.000 0.000
0.103 -0.000
0.207 -0.000
0.310 -0.001
0.413 -0.001
0.517 -0.003
0.620 -0.005
0.724 -0.008
0.827 -0.012
0.930 -0.016
1.033 -0.022
1.136 -0.029
1.239 -0.038
1.342 -0.048
1.445 -0.059
1.548 -0.072
1.650 -0.087
1.752 -0.103
1.854 -0.121
1.955 -0.142
2.056 -0.164
2.157 -0.188
2.257 -0.214
2.356 -0.242
2.455 -0.272
2.553 -0.304
2.651 -0.338
2.748 -0.375
2.843 -0.413
2.939 -0.454
3.033 -0.496
3.126 -0.541
3.218 -0.588
3.309 -0.637
3.399 -0.687
3.488 -0.740
3.576 -0.794
3.663 -0.850
3.749 -0.908
3.833 -0.967
3.917 -1.028
3.999 -1.091
4.080 -1.155
4.161 -1.220
4.240 -1.287
4.318 -1.354
4.395 -1.423
4.472 -1.492
4.548 -1.563
4.623 -1.634
4.697 -1.705
4.771 -1.777
4.845 -1.850
4.918 -1.923
4.991 -1.996
---
CollisionFootprint(i, j, t_in, t_out):
0 0 0.000000 5.015801
0 1 5.015801 15.073489
0 2 15.073489 25.361926
0 3 25.361926 31.195887
-1 3 31.195887 36.431904
-1 4 36.431904 48.856283
-2 4 48.856283 49.124153
-2 5 49.124153 56.000000
=== END ===

=== PRIMITIVE ===
ID: 93
StartHeadingNum: 4
Goal: i=5 j=2 heading=2
Length: 5.581991
ExecutionTime(ticks): 56
TotalHeadingChange: 0.7837
BendingEnergy: 0.1324
---
Trajectory(x,y):
0.000 0.000
0.000 0.103
0.000 0.207
0.001 0.310
0.001 0.413
0.003 0.517
0.005 0.620
0.008 0.724
0.012 0.827
0.016 0.930
0.022 1.033
0.029 1.136
0.038 1.239
0.048 1.342
0.059 1.445
0.072 1.548
0.087 1.650
0.103 1.752
0.121 1.854
0.142 1.955
0.164 2.056
0.188 2.157
0.214 2.257
0.242 2.356
0.272 2.455
0.304 2.553
0.338 2.651
0.375 2.748
0.413 2.843
0.454 2.939
0.496 3.033
0.541 3.126
0.588 3.218
0.637 3.309
0.687 3.399
0.740 3.488
0.794 3.576
0.850 3.663
0.908 3.749
0.967 3.833
1.028 3.917
1.091 3.999
1.155 4.080
1.220 4.161
1.287 4.240
1.354 4.318
1.423 4.395
1.492 4.472
1.563 4.548
1.634 4.623
1.705 4.697
1.777 4.771
1.850 4.845
1.923 4.918
1.996 4.991
---
CollisionFootprint(i, j, t_in, t_out):
0 0 0.000000 5.015801
1 0 5.015801 15.073489
2 0 15.073489 25.361926
3 0 25.361926 31.195887
3 1 31.195887 36.431904
4 1 36.431904 48.856283
4 2 48.856283 49.124153
5 2 49.124153 56.000000
=== END ===

=== PRIMITIVE ===
ID: 94
StartHeadingNum: 8
Goal: i=2 j=-5 heading=6
Length: 5.581991
ExecutionTime(ticks): 56
TotalHeadingChange: 0.7837
BendingEnergy: 0.1324
---
Trajectory(x,y):
0.000 0.000
-0.103 0.000
-0.207 0.000
-0.310 0.001
-0.413 0.001
-0.517 0.003
-0.620 0.005
-0.724 0.008
-0.827 0.012
-0.930 0.016
-1.033 0.022
-1.136 0.029
-1.239 0.038
-1.342 0.048
-1.445 0.059
-1.548 0.072
-1.650 0.087
-1.752 0.103
-1.854 0.121
-1.955 0.142
-2.056 0.164
-2.157 0.188
-2.257 0.214
-2.356 0.242
-2.455 0.272
-2.553 0.304
-2.651 0.338
-2.748 0.375
-2.843 0.413
-2.939 0.454
-3.033 0.496
-3.126 0.541
-3.218 0.588
-3.309 0.637
-3.399 0.687
-3.488 0.740
-3.576 0.794
-3.663 0.850
-3.749 0.908
-3.833 0.967
-3.917 1.028
-3.999 1.091
-4.080 1.155
-4.161 1.220
-4.240 1.287
-4.318 1.354
-4.395 1.423
-4.472 1.492
-4.548 1.563
-4.623 1.634
-4.697 1.705
-4.771 1.777
-4.845 1.850
-4.918 1.923
-4.991 1.996
---
CollisionFootprint(i, j, t_in, t_out):
0 0 0.000000 5.015801
0 -1 5.015801 15.073489
0 -2 15.073489 25.361926
0 -3 25.361926 31.195887
1 -3 31.195887 36.431904
1 -4 36.431904 48.856283
2 -4 48.856283 49.124153
2 -5 49.124153 56.000000
=== END ===

=== PRIMITIVE ===
ID: 95
StartHeadingNum: 12
Goal: i=-5 j=-2 heading=10
Length: 5.581991
ExecutionTime(ticks): 56
TotalHeadingChange: 0.7837
BendingEnergy: 0.1324
---
Trajectory(x,y):
0.000 0.000
-0.000 -0.103
-0.000 -0.207
-0.001 -0.310
-0.001 -0.413
-0.003 -0.517
-0.005 -0.620
-0.008 -0.724
-0.012 -0.827
-0.016 -0.930
-0.022 -1.033
-0.029 -1.136
-0.038 -1.239
-0.048 -1.342
-0.059 -1.445
-0.072 -1.548
-0.087 -1.650
-0.103 -1.752
-0.121 -1.854
-0.142 -1.955
-0.164 -2.056
-0.188 -2.157
-0.214 -2.257
-0.242 -2.356
-0.272 -2.455
-0.304 -2.553
-0.338 -2.651
-0.375 -2.748
-0.413 -2.843
-0.454 -2.939
-0.496 -3.033
-0.541 -3.126
-0.588 -3.218
-0.637 -3.309
-0.687 -3.399
-0.740 -3.488
-0.794 -3.576
-0.850 -3.663
-0.908 -3.749
-0.967 -3.833
-1.028 -3.917
-1.091 -3.999
-1.155 -4.080
-1.220 -4.161
-1.287 -4.240
-1.354 -4.318
-1.423 -4.395
-1.492 -4.472
-1.563 -4.548
-1.634 -4.623
-1.705 -4.697
-1.777 -4.771
-1.850 -4.845
-1.923 -4.918
-1.996 -4.991
---
CollisionFootprint(i, j, t_in, t_out):
0 0 0.000000 5.015801
-1 0 5.015801 15.073489
-2 0 15.073489 25.361926
-3 0 25.361926 31.195887
-3 -1 31.195887 36.431904
-4 -1 36.431904 48.856283
-4 -2 48.856283 49.124153
-5 -2 49.124153 56.000000
=== END ===

=== PRIMITIVE ===
ID: 96
StartHeadingNum: 2
Goal: i=6 j=6 heading=2
Length: 8.475826
ExecutionTime(ticks): 85
TotalHeadingChange: 0.0000
BendingEnergy: 0.0000
---
Trajectory(x,y):
0.000 0.000
0.072 0.072
0.144 0.144
0.217 0.217
0.289 0.289
0.361 0.361
0.433 0.433
0.505 0.505
0.578 0.578
0.650 0.650
0.722 0.722
0.794 0.794
0.867 0.867
0.939 0.939
1.011 1.011
1.083 1.083
1.155 1.155
1.228 1.228
1.300 1.300
1.372 1.372
1.444 1.444
1.516 1.516
1.589 1.589
1.661 1.661
1.733 1.733
1.805 1.805
1.877 1.877
1.950 1.950
2.022 2.022
2.094 2.094
2.166 2.166
2.238 2.238
2.311 2.311
2.383 2.383
2.455 2.455
2.527 2.527
2.600 2.600
2.672 2.672
2.744 2.744
2.816 2.816
2.888 2.888
2.961 2.961
3.033 3.033
3.105 3.105
3.177 3.177
3.249 3.249
3.322 3.322
3.394 3.394
3.466 3.466
3.538 3.538
3.610 3.610
3.683 3.683
3.755 3.755
3.827 3.827
3.899 3.899
3.971 3.971
4.044 4.044
4.116 4.116
4.188 4.188
4.260 4.260
4.333 4.333
4.405 4.405
4.477 4.477
4.549 4.549
4.621 4.621
4.694 4.694
4.766 4.766
4.838 4.838
4.910 4.910
4.982 4.982
5.055 5.055
5.127 5.127
5.199 5.199
5.271 5.271
5.343 5.343
5.416 5.416
5.488 5.488
5.560 5.560
5.632 5.632
5.704 5.704
5.777 5.777
5.849 5.849
5.921 5.921
5.993 5.993
---
CollisionFootprint(i, j, t_in, t_out):
0 0 0.000000 7.090771
1 1 7.090771 21.273317
2 2 21.273317 35.455862
3 3 35.455862 49.638407
4 4 49.638407 63.820953
5 5 63.820953 78.003498
6 6 78.003498 85.000000
=== END ===

=== PRIMITIVE ===
ID: 97
StartHeadingNum: 6
Goal: i=6 j=-6 heading=6
Length: 8.475826
ExecutionTime(ticks): 85
TotalHeadingChange: 0.0000
BendingEnergy: 0.0000
---
Trajectory(x,y):
0.000 0.000
-0.072 0.072
-0.144 0.144
-0.217 0.217
-0.289 0.289
-0.361 0.361
-0.433 0.433
-0.505 0.505
-0.578 0.578
-0.650 0.650
-0.722 0.722
-0.794 0.794
-0.867 0.867
-0.939 0.939
-1.011 1.011
-1.083 1.083
-1.155 1.155
-1.228 1.228
-1.300 1.300
-1.372 1.372
-1.444 1.444
-1.516 1.516
-1.589 1.589
-1.661 1.661
-1.733 1.733
-1.805 1.805
-1.877 1.877
-1.950 1.950
-2.022 2.022
-2.094 2.094
-2.166 2.166
-2.238 2.238
-2.311 2.311
-2.383 2.383
-2.455 2.455
-2.527 2.527
-2.600 2.600
-2.672 2.672
-2.744 2.744
-2.816 2.816
-2.888 2.888
-2.961 2.961
-3.033 3.033
-3.105 3.105
-3.177 3.177
-3.249 3.249
-3.322 3.322
-3.394 3.394
-3.466 3.466
-3.538 3.538
-3.610 3.610
-3.683 3.683
-3.755 3.755
-3.827 3.827
-3.899 3.899
-3.971 3.971
-4.044 4.044
-4.116 4.116
-4.188 4.188
-4.260 4.260
-4.333 4.333
-4.405 4.405
-4.477 4.477
-4.549 4.549
-4.621 4.621
-4.694 4.694
-4.766 4.766
-4.838 4.838
-4.910 4.910
-4.982 4.982
-5.055 5.055
-5.127 5.127
-5.199 5.199
-5.271 5.271
-5.343 5.343
-5.416 5.416
-5.488 5.488
-5.560 5.560
-5.632 5.632
-5.704 5.704
-5.777 5.777
-5.849 5.849
-5.921 5.921
-5.993 5.993
---
CollisionFootprint(i, j, t_in, t_out):
0 0 0.000000 7.090771
1 -1 7.090771 21.273317
2 -2 21.273317 35.455862
3 -3 35.455862 49.638407
4 -4 49.638407 63.820953
5 -5 63.820953 78.003498
6 -6 78.003498 85.000000
=== END ===

=== PRIMITIVE ===
ID: 98
StartHeadingNum: 10
Goal: i=-6 j=-6 heading=10
Length: 8.475826
ExecutionTime(ticks): 85
TotalHeadingChange: 0.0000
BendingEnergy: 0.0000
---
Trajectory(x,y):
0.000 0.000
-0.072 -0.072
-0.144 -0.144
-0.217 -0.217
-0.289 -0.289
-0.361 -0.361
-0.433 -0.433
-0.505 -0.505
-0.578 -0.578
-0.650 -0.650
-0.722 -0.722
-0.794 -0.794
-0.867 -0.867
-0.939 -0.939
-1.011 -1.011
-1.083 -1.083
-1.155 -1.155
-1.228 -1.228
-1.300 -1.300
-1.372 -1.372
-1.444 -1.444
-1.516 -1.516
-1.589 -1.589
-1.661 -1.661
-1.733 -1.733
-1.805 -1.805
-1.877 -1.877
-1.950 -1.950
-2.022 -2.022
-2.094 -2.094
-2.166 -2.166
-2.238 -2.238
-2.311 -2.311
-2.383 -2.383
-2.455 -2.455
-2.527 -2.527
-2.600 -2.600
-2.672 -2.672
-2.744 -2.744
-2.816 -2.816
-2.888 -2.888
-2.961 -2.961
-3.033 -3.033
-3.105 -3.105
-3.177 -3.177
-3.249 -3.249
-3.322 -3.322
-3.394 -3.394
-3.466 -3.466
-3.538 -3.538
-3.610 -3.610
-3.683 -3.683
-3.755 -3.755
-3.827 -3.827
-3.899 -3.899
-3.971 -3.971
-4.044 -4.044
-4.116 -4.116
-4.188 -4.188
-4.260 -4.260
-4.333 -4.333
-4.405 -4.405
-4.477 -4.477
-4.549 -4.549
-4.621 -4.621
-4.694 -4.694
-4.766 -4.766
-4.838 -4.838
-4.910 -4.910
-4.982 -4.982
-5.055 -5.055
-5.127 -5.127
-5.199 -5.199
-5.271 -5.271
-5.343 -5.343
-5.416 -5.416
-5.488 -5.488
-5.560 -5.560
-5.632 -5.632
-5.704 -5.704
-5.777 -5.777
-5.849 -5.849
-5.921 -5.921
-5.993 -5.993
---
CollisionFootprint(i, j, t_in, t_out):
0 0 0.000000 7.090771
-1 -1 7.090771 21.273317
-2 -2 21.273317 35.455862
-3 -3 35.455862 49.638407
-4 -4 49.638407 63.820953
-5 -5 63.820953 78.003498
-6 -6 78.003498 85.000000
=== END ===

=== PRIMITIVE ===
ID: 99
StartHeadingNum: 14
Goal: i=-6 j=6 heading=14
Length: 8.475826
ExecutionTime(ticks): 85
TotalHeadingChange: 0.0000
BendingEnergy: 0.0000
---
Trajectory(x,y):
0.000 0.000
0.072 -0.072
0.144 -0.144
0.217 -0.217
0.289 -0.289
0.361 -0.361
0.433 -0.433
0.505 -0.505
0.578 -0.578
0.650 -0.650
0.722 -0.722
0.794 -0.794
0.867 -0.867
0.939 -0.939
1.011 -1.011
1.083 -1.083
1.155 -1.155
1.228 -1.228
1.300 -1.300
1.372 -1.372
1.444 -1.444
1.516 -1.516
1.589 -1.589
1.661 -1.661
1.733 -1.733
1.805 -1.805
1.877 -1.877
1.950 -1.950
2.022 -2.022
2.094 -2.094
2.166 -2.166
2.238 -2.238
2.311 -2.311
2.383 -2.383
2.455 -2.455
2.527 -2.527
2.600 -2.600
2.672 -2.672
2.744 -2.744
2.816 -2.816
2.888 -2.888
2.961 -2.961
3.033 -3.033
3.105 -3.105
3.177 -3.177
3.249 -3.249
3.322 -3.322
3.394 -3.394
3.466 -3.466
3.538 -3.538
3.610 -3.610
3.683 -3.683
3.755 -3.755
3.827 -3.827
3.899 -3.899
3.971 -3.971
4.044 -4.044
4.116 -4.116
4.188 -4.188
4.260 -4.260
4.333 -4.333
4.405 -4.405
4.477 -4.477
4.549 -4.549
4.621 -4.621
4.694 -4.694
4.766 -4.766
4.838 -4.838
4.910 -4.910
4.982 -4.982
5.055 -5.055
5.127 -5.127
5.199 -5.199
5.271 -5.271
5.343 -5.343
5.416 -5.416
5.488 -5.488
5.560 -5.560
5.632 -5.632
5.704 -5.704
5.777 -5.777
5.849 -5.849
5.921 -5.921
5.993 -5.993
---
CollisionFootprint(i, j, t_in, t_out):
0 0 0.000000 7.090771
-1 1 7.090771 21.273317
-2 2 21.273317 35.455862
-3 3 35.455862 49.638407
-4 4 49.638407 63.820953
-5 5 63.820953 78.003498
-6 6 78.003498 85.000000
=== END ===

=== PRIMITIVE ===
ID: 100
StartHeadingNum: 2
Goal: i=1 j=1 heading=2
Length: 1.404781
ExecutionTime(ticks): 14
TotalHeadingChange: 0.0000
BendingEnergy: 0.0000
---
Trajectory(x,y):
0.000 0.000
0.076 0.076
0.153 0.153
0.229 0.229
0.306 0.306
0.382 0.382
0.458 0.458
0.535 0.535
0.611 0.611
0.688 0.688
0.764 0.764
0.841 0.841
0.917 0.917
0.993 0.993
---
CollisionFootprint(i, j, t_in, t_out):
0 0 0.000000 7.047344
1 1 7.047344 14.000000
=== END ===

=== PRIMITIVE ===
ID: 101
StartHeadingNum: 6
Goal: i=1 j=-1 heading=6
Length: 1.404781
ExecutionTime(ticks): 14
TotalHeadingChange: 0.0000
BendingEnergy: 0.0000
---
Trajectory(x,y):
0.000 0.000
-0.076 0.076
-0.153 0.153
-0.229 0.229
-0.306 0.306
-0.382 0.382
-0.458 0.458
-0.535 0.535
-0.611 0.611
-0.688 0.688
-0.764 0.764
-0.841 0.841
-0.917 0.917
-0.993 0.993
---
CollisionFootprint(i, j, t_in, t_out):
0 0 0.000000 7.047344
1 -1 7.047344 14.000000
=== END ===

=== PRIMITIVE ===
ID: 102
StartHeadingNum: 10
Goal: i=-1 j=-1 heading=10
Length: 1.404781
ExecutionTime(ticks): 14
TotalHeadingChange: 0.0000
BendingEnergy: 0.0000
---
Trajectory(x,y):
0.000 0.000
-0.076 -0.076
-0.153 -0.153
-0.229 -0.229
-0.306 -0.306
-0.382 -0.382
-0.458 -0.458
-0.535 -0.535
-0.611 -0.611
-0.688 -0.688
-0.764 -0.764
-0.841 -0.841
-0.917 -0.917
-0.993 -0.993
---
CollisionFootprint(i, j, t_in, t_out):
0 0 0.000000 7.047344
-1 -1 7.047344 14.000000
=== END ===

=== PRIMITIVE ===
ID: 103
StartHeadingNum: 14
Goal: i=-1 j=1 heading=14
Length: 1.404781
ExecutionTime(ticks): 14
TotalHeadingChange: 0.0000
BendingEnergy: 0.0000
---
Trajectory(x,y):
0.000 0.000
0.076 -0.076
0.153 -0.153
0.229 -0.229
0.306 -0.306
0.382 -0.382
0.458 -0.458
0.535 -0.535
0.611 -0.611
0.688 -0.688
0.764 -0.764
0.841 -0.841
0.917 -0.917
0.993 -0.993
---
CollisionFootprint(i, j, t_in, t_out):
0 0 0.000000 7.047344
-1 1 7.047344 14.000000
=== END ===

=== PRIMITIVE ===
ID: 104
StartHeadingNum: 2
Goal: i=7 j=0 heading=6
Length: 8.164717
ExecutionTime(ticks): 82
TotalHeadingChange: 1.5685
BendingEnergy: 0.3616
---
Trajectory(x,y):
0.000 0.000
0.072 0.072
0.144 0.144
0.216 0.217
0.288 0.290
0.359 0.363
0.429 0.437
0.499 0.511
0.569 0.586
0.637 0.662
0.705 0.738
0.771 0.815
0.837 0.894
0.901 0.973
0.964 1.053
1.026 1.134
1.086 1.217
1.145 1.300
1.202 1.385
1.257 1.471
1.310 1.558
1.362 1.646
1.411 1.735
1.458 1.826
1.503 1.917
1.546 2.010
1.587 2.104
1.625 2.198
1.660 2.294
1.693 2.391
1.723 2.488
1.751 2.586
1.776 2.685
1.798 2.785
1.817 2.885
1.833 2.986
1.847 3.087
1.857 3.189
1.864 3.290
1.869 3.392
1.870 3.494
1.869 3.596
1.864 3.698
1.857 3.800
1.846 3.902
1.833 4.003
1.816 4.104
1.797 4.204
1.775 4.303
1.750 4.402
1.722 4.501
1.692 4.598
1.659 4.695
1.623 4.790
1.585 4.885
1.545 4.979
1.502 5.071
1.457 5.163
1.410 5.253
1.360 5.343
1.309 5.431
1.255 5.518
1.200 5.604
1.143 5.688
1.085 5.772
1.025 5.854
0.963 5.936
0.900 6.016
0.836 6.095
0.771 6.174
0.704 6.251
0.637 6.328
0.568 6.404
0.499 6.479
0.429 6.553
0.359 6.627
0.288 6.700
0.216 6.773
0.145 6.846
0.073 6.918
0.001 6.991
---
CollisionFootprint(i, j, t_in, t_out):
0 0 0.000000 7.024827
1 0 7.024827 7.185520
1 1 7.185520 19.820065
2 1 19.820065 24.520356
2 2 24.520356 30.874789
3 2 30.874789 41.055741
4 2 41.055741 51.242719
5 2 51.242719 57.446501
5 1 57.446501 62.314516
6 1 62.314516 74.811467
6 0 74.811467 75.117789
7 0 75.117789 82.000000
=== END ===

=== PRIMITIVE ===
ID: 105
StartHeadingNum: 6
Goal: i=0 j=-7 heading=10
Length: 8.164717
ExecutionTime(ticks): 82
TotalHeadingChange: 1.5685
BendingEnergy: 0.3616
---
Trajectory(x,y):
0.000 0.000
-0.072 0.072
-0.144 0.144
-0.217 0.216
-0.290 0.288
-0.363 0.359
-0.437 0.429
-0.511 0.499
-0.586 0.569
-0.662 0.637
-0.738 0.705
-0.815 0.771
-0.894 0.837
-0.973 0.901
-1.053 0.964
-1.134 1.026
-1.217 1.086
-1.300 1.145
-1.385 1.202
-1.471 1.257
-1.558 1.310
-1.646 1.362
-1.735 1.411
-1.826 1.458
-1.917 1.503
-2.010 1.546
-2.104 1.587
-2.198 1.625
-2.294 1.660
-2.391 1.693
-2.488 1.723
-2.586 1.751
-2.685 1.776
-2.785 1.798
-2.885 1.817
-2.986 1.833
-3.087 1.847
-3.189 1.857
-3.290 1.864
-3.392 1.869
-3.494 1.870
-3.596 1.869
-3.698 1.864
-3.800 1.857
-3.902 1.846
-4.003 1.833
-4.104 1.816
-4.204 1.797
-4.303 1.775
-4.402 1.750
-4.501 1.722
-4.598 1.692
-4.695 1.659
-4.790 1.623
-4.885 1.585
-4.979 1.545
-5.071 1.502
-5.163 1.457
-5.253 1.410
-5.343 1.360
-5.431 1.309
-5.518 1.255
-5.604 1.200
-5.688 1.143
-5.772 1.085
-5.854 1.025
-5.936 0.963
-6.016 0.900
-6.095 0.836
-6.174 0.771
-6.251 0.704
-6.328 0.637
-6.404 0.568
-6.479 0.499
-6.553 0.429
-6.627 0.359
-6.700 0.288
-6.773 0.216
-6.846 0.145
-6.918 0.073
-6.991 0.001
---
CollisionFootprint(i, j, t_in, t_out):
0 0 0.000000 7.024827
0 -1 7.024827 7.185520
1 -1 7.185520 19.820065
1 -2 19.820065 24.520356
2 -2 24.520356 30.874789
2 -3 30.874789 41.055741
2 -4 41.055741 51.242719
2 -5 51.242719 57.446501
1 -5 57.446501 62.314516
1 -6 62.314516 74.811467
0 -6 74.811467 75.117789
0 -7 75.117789 82.000000
=== END ===

=== PRIMITIVE ===
ID: 106
StartHeadingNum: 10
Goal: i=-7 j=0 heading=14
Length: 8.164717
ExecutionTime(ticks): 82
TotalHeadingChange: 1.5685
BendingEnergy: 0.3616
---
Trajectory(x,y):
0.000 0.000
-0.072 -0.072
-0.144 -0.144
-0.216 -0.217
-0.288 -0.290
-0.359 -0.363
-0.429 -0.437
-0.499 -0.511
-0.569 -0.586
-0.637 -0.662
-0.705 -0.738
-0.771 -0.815
-0.837 -0.894
-0.901 -0.973
-0.964 -1.053
-1.026 -1.134
-1.086 -1.217
-1.145 -1.300
-1.202 -1.385
-1.257 -1.471
-1.310 -1.558
-1.362 -1.646
-1.411 -1.735
-1.458 -1.826
-1.503 -1.917
-1.546 -2.010
-1.587 -2.104
-1.625 -2.198
-1.660 -2.294
-1.693 -2.391
-1.723 -2.488
-1.751 -2.586
-1.776 -2.685
-1.798 -2.785
-1.817 -2.885
-1.833 -2.986
-1.847 -3.087
-1.857 -3.189
-1.864 -3.290
-1.869 -3.392
-1.870 -3.494
-1.869 -3.596
-1.864 -3.698
-1.857 -3.800
-1.846 -3.902
-1.833 -4.003
-1.816 -4.104
-1.797 -4.204
-1.775 -4.303
-1.750 -4.402
-1.722 -4.501
-1.692 -4.598
-1.659 -4.695
-1.623 -4.790
-1.585 -4.885
-1.545 -4.979
-1.502 -5.071
-1.457 -5.163
-1.410 -5.253
-1.360 -5.343
-1.309 -5.431
-1.255 -5.518
-1.200 -5.604
-1.143 -5.688
-1.085 -5.772
-1.025 -5.854
-0.963 -5.936
-0.900 -6.016
-0.836 -6.095
-0.771 -6.174
-0.704 -6.251
-0.637 -6.328
-0.568 -6.404
-0.499 -6.479
-0.429 -6.553
-0.359 -6.627
-0.288 -6.700
-0.216 -6.773
-0.145 -6.846
-0.073 -6.918
-0.001 -6.991
---
CollisionFootprint(i, j, t_in, t_out):
0 0 0.000000 7.024827
-1 0 7.024827 7.185520
-1 -1 7.185520 19.820065
-2 -1 19.820065 24.520356
-2 -2 24.520356 30.874789
-3 -2 30.874789 41.055741
-4 -2 41.055741 51.242719
-5 -2 51.242719 57.446501
-5 -1 57.446501 62.314516
-6 -1 62.314516 74.811467
-6 0 74.811467 75.117789
-7 0 75.117789 82.000000
=== END ===

=== PRIMITIVE ===
ID: 107
StartHeadingNum: 14
Goal: i=0 j=7 heading=2
Length: 8.164717
ExecutionTime(ticks): 82
TotalHeadingChange: 1.5685
BendingEnergy: 0.3616
---
Trajectory(x,y):
0.000 0.000
0.072 -0.072
0.144 -0.144
0.217 -0.216
0.290 -0.288
0.363 -0.359
0.437 -0.429
0.511 -0.499
0.586 -0.569
0.662 -0.637
0.738 -0.705
0.815 -0.771
0.894 -0.837
0.973 -0.901
1.053 -0.964
1.134 -1.026
1.217 -1.086
1.300 -1.145
1.385 -1.202
1.471 -1.257
1.558 -1.310
1.646 -1.362
1.735 -1.411
1.826 -1.458
1.917 -1.503
2.010 -1.546
2.104 -1.587
2.198 -1.625
2.294 -1.660
2.391 -1.693
2.488 -1.723
2.586 -1.751
2.685 -1.776
2.785 -1.798
2.885 -1.817
2.986 -1.833
3.087 -1.847
3.189 -1.857
3.290 -1.864
3.392 -1.869
3.494 -1.870
3.596 -1.869
3.698 -1.864
3.800 -1.857
3.902 -1.846
4.003 -1.833
4.104 -1.816
4.204 -1.797
4.303 -1.775
4.402 -1.750
4.501 -1.722
4.598 -1.692
4.695 -1.659
4.790 -1.623
4.885 -1.585
4.979 -1.545
5.071 -1.502
5.163 -1.457
5.253 -1.410
5.343 -1.360
5.431 -1.309
5.518 -1.255
5.604 -1.200
5.688 -1.143
5.772 -1.085
5.854 -1.025
5.936 -0.963
6.016 -0.900
6.095 -0.836
6.174 -0.771
6.251 -0.704
6.328 -0.637
6.404 -0.568
6.479 -0.499
6.553 -0.429
6.627 -0.359
6.700 -0.288
6.773 -0.216
6.846 -0.145
6.918 -0.073
6.991 -0.001
---
CollisionFootprint(i, j, t_in, t_out):
0 0 0.000000 7.024827
0 1 7.024827 7.185520
-1 1 7.185520 19.820065
-1 2 19.820065 24.520356
-2 2 24.520356 30.874789
-2 3 30.874789 41.055741
-2 4 41.055741 51.242719
-2 5 51.242719 57.446501
-1 5 57.446501 62.314516
-1 6 62.314516 74.811467
0 6 74.811467 75.117789
0 7 75.117789 82.000000
=== END ===

=== PRIMITIVE ===
ID: 108
StartHeadingNum: 2
Goal: i=6 j=5 heading=3
Length: 7.858126
ExecutionTime(ticks): 79
TotalHeadingChange: 0.3688
BendingEnergy: 0.0264
---
Trajectory(x,y):
0.000 0.000
0.072 0.072
0.144 0.144
0.217 0.216
0.289 0.288
0.361 0.360
0.434 0.432
0.506 0.504
0.579 0.575
0.652 0.647
0.725 0.718
0.798 0.790
0.871 0.861
0.944 0.932
1.018 1.003
1.091 1.073
1.165 1.144
1.239 1.215
1.312 1.285
1.386 1.356
1.460 1.426
1.534 1.497
1.608 1.567
1.682 1.637
1.755 1.708
1.829 1.779
1.903 1.849
1.976 1.920
2.050 1.991
2.123 2.062
2.196 2.133
2.269 2.205
2.341 2.277
2.413 2.349
2.485 2.421
2.557 2.494
2.628 2.567
2.699 2.640
2.769 2.714
2.839 2.789
2.909 2.863
2.978 2.939
3.046 3.014
3.114 3.090
3.182 3.167
3.248 3.244
3.314 3.322
3.380 3.401
3.444 3.479
3.508 3.559
3.571 3.639
3.634 3.720
3.696 3.801
3.757 3.883
3.817 3.965
3.876 4.049
3.934 4.132
3.992 4.216
4.049 4.301
4.105 4.386
4.160 4.472
4.214 4.559
4.268 4.646
4.321 4.733
4.373 4.821
4.424 4.909
4.474 4.998
4.524 5.087
4.573 5.176
4.622 5.266
4.669 5.356
4.717 5.447
4.764 5.537
4.810 5.628
4.857 5.719
4.903 5.810
4.948 5.901
4.994 5.993
---
CollisionFootprint(i, j, t_in, t_out):
0 0 0.000000 7.091200
0 1 7.091200 7.126387
1 1 7.126387 21.073537
1 2 21.073537 21.596316
2 2 21.596316 35.094076
2 3 35.094076 35.994865
3 3 35.994865 49.512732
4 3 49.512732 50.140067
4 4 50.140067 61.887522
5 4 61.887522 68.245323
5 5 68.245323 73.447983
6 5 73.447983 79.000000
=== END ===

=== PRIMITIVE ===
ID: 109
StartHeadingNum: 6
Goal: i=5 j=-6 heading=7
Length: 7.858126
ExecutionTime(ticks): 79
TotalHeadingChange: 0.3688
BendingEnergy: 0.0264
---
Trajectory(x,y):
0.000 0.000
-0.072 0.072
-0.144 0.144
-0.216 0.217
-0.288 0.289
-0.360 0.361
-0.432 0.434
-0.504 0.506
-0.575 0.579
-0.647 0.652
-0.718 0.725
-0.790 0.798
-0.861 0.871
-0.932 0.944
-1.003 1.018
-1.073 1.091
-1.144 1.165
-1.215 1.239
-1.285 1.312
-1.356 1.386
-1.426 1.460
-1.497 1.534
-1.567 1.608
-1.637 1.682
-1.708 1.755
-1.779 1.829
-1.849 1.903
-1.920 1.976
-1.991 2.050
-2.062 2.123
-2.133 2.196
-2.205 2.269
-2.277 2.341
-2.349 2.413
-2.421 2.485
-2.494 2.557
-2.567 2.628
-2.640 2.699
-2.714 2.769
-2.789 2.839
-2.863 2.909
-2.939 2.978
-3.014 3.046
-3.090 3.114
-3.167 3.182
-3.244 3.248
-3.322 3.314
-3.401 3.380
-3.479 3.444
-3.559 3.508
-3.639 3.571
-3.720 3.634
-3.801 3.696
-3.883 3.757
-3.965 3.817
-4.049 3.876
-4.132 3.934
-4.216 3.992
-4.301 4.049
-4.386 4.105
-4.472 4.160
-4.559 4.214
-4.646 4.268
-4.733 4.321
-4.821 4.373
-4.909 4.424
-4.998 4.474
-5.087 4.524
-5.176 4.573
-5.266 4.622
-5.356 4.669
-5.447 4.717
-5.537 4.764
-5.628 4.810
-5.719 4.857
-5.810 4.903
-5.901 4.948
-5.993 4.994
---
CollisionFootprint(i, j, t_in, t_out):
0 0 0.000000 7.091200
1 0 7.091200 7.126387
1 -1 7.126387 21.073537
2 -1 21.073537 21.596316
2 -2 21.596316 35.094076
3 -2 35.094076 35.994865
3 -3 35.994865 49.512732
3 -4 49.512732 50.140067
4 -4 50.140067 61.887522
4 -5 61.887522 68.245323
5 -5 68.245323 73.447983
5 -6 73.447983 79.000000
=== END ===

=== PRIMITIVE ===
ID: 110
StartHeadingNum: 10
Goal: i=-6 j=-5 heading=11
Length: 7.858126
ExecutionTime(ticks): 79
TotalHeadingChange: 0.3688
BendingEnergy: 0.0264
---
Trajectory(x,y):
0.000 0.000
-0.072 -0.072
-0.144 -0.144
-0.217 -0.216
-0.289 -0.288
-0.361 -0.360
-0.434 -0.432
-0.506 -0.504
-0.579 -0.575
-0.652 -0.647
-0.725 -0.718
-0.798 -0.790
-0.871 -0.861
-0.944 -0.932
-1.018 -1.003
-1.091 -1.073
-1.165 -1.144
-1.239 -1.215
-1.312 -1.285
-1.386 -1.356
-1.460 -1.426
-1.534 -1.497
-1.608 -1.567
-1.682 -1.637
-1.755 -1.708
-1.829 -1.779
-1.903 -1.849
-1.976 -1.920
-2.050 -1.991
-2.123 -2.062
-2.196 -2.133
-2.269 -2.205
-2.341 -2.277
-2.413 -2.349
-2.485 -2.421
-2.557 -2.494
-2.628 -2.567
-2.699 -2.640
-2.769 -2.714
-2.839 -2.789
-2.909 -2.863
-2.978 -2.939
-3.046 -3.014
-3.114 -3.090
-3.182 -3.167
-3.248 -3.244
-3.314 -3.322
-3.380 -3.401
-3.444 -3.479
-3.508 -3.559
-3.571 -3.639
-3.634 -3.720
-3.696 -3.801
-3.757 -3.883
-3.817 -3.965
-3.876 -4.049
-3.934 -4.132
-3.992 -4.216
-4.049 -4.301
-4.105 -4.386
-4.160 -4.472
-4.214 -4.559
-4.268 -4.646
-4.321 -4.733
-4.373 -4.821
-4.424 -4.909
-4.474 -4.998
-4.524 -5.087
-4.573 -5.176
-4.622 -5.266
-4.669 -5.356
-4.717 -5.447
-4.764 -5.537
-4.810 -5.628
-4.857 -5.719
-4.903 -5.810
-4.948 -5.901
-4.994 -5.993
---
CollisionFootprint(i, j, t_in, t_out):
0 0 0.000000 7.091200
0 -1 7.091200 7.126387
-1 -1 7.126387 21.073537
-1 -2 21.073537 21.596316
-2 -2 21.596316 35.094076
-2 -3 35.094076 35.994865
-3 -3 35.994865 49.512732
-4 -3 49.512732 50.140067
-4 -4 50.140067 61.887522
-5 -4 61.887522 68.245323
-5 -5 68.245323 73.447983
-6 -5 73.447983 79.000000
=== END ===

=== PRIMITIVE ===
ID: 111
StartHeadingNum: 14
Goal: i=-5 j=6 heading=15
Length: 7.858126
ExecutionTime(ticks): 79
TotalHeadingChange: 0.3688
BendingEnergy: 0.0264
---
Trajectory(x,y):
0.000 0.000
0.072 -0.072
0.144 -0.144
0.216 -0.217
0.288 -0.289
0.360 -0.361
0.432 -0.434
0.504 -0.506
0.575 -0.579
0.647 -0.652
0.718 -0.725
0.790 -0.798
0.861 -0.871
0.932 -0.944
1.003 -1.018
1.073 -1.091
1.144 -1.165
1.215 -1.239
1.285 -1.312
1.356 -1.386
1.426 -1.460
1.497 -1.534
1.567 -1.608
1.637 -1.682
1.708 -1.755
1.779 -1.829
1.849 -1.903
1.920 -1.976
1.991 -2.050
2.062 -2.123
2.133 -2.196
2.205 -2.269
2.277 -2.341
2.349 -2.413
2.421 -2.485
2.494 -2.557
2.567 -2.628
2.640 -2.699
2.714 -2.769
2.789 -2.839
2.863 -2.909
2.939 -2.978
3.014 -3.046
3.090 -3.114
3.167 -3.182
3.244 -3.248
3.322 -3.314
3.401 -3.380
3.479 -3.444
3.559 -3.508
3.639 -3.571
3.720 -3.634
3.801 -3.696
3.883 -3.757
3.965 -3.817
4.049 -3.876
4.132 -3.934
4.216 -3.992
4.301 -4.049
4.386 -4.105
4.472 -4.160
4.559 -4.214
4.646 -4.268
4.733 -4.321
4.821 -4.373
4.909 -4.424
4.998 -4.474
5.087 -4.524
5.176 -4.573
5.266 -4.622
5.356 -4.669
5.447 -4.717
5.537 -4.764
5.628 -4.810
5.719 -4.857
5.810 -4.903
5.901 -4.948
5.993 -4.994
---
CollisionFootprint(i, j, t_in, t_out):
0 0 0.000000 7.091200
-1 0 7.091200 7.126387
-1 1 7.126387 21.073537
-2 1 21.073537 21.596316
-2 2 21.596316 35.094076
-3 2 35.094076 35.994865
-3 3 35.994865 49.512732
-3 4 49.512732 50.140067
-4 4 50.140067 61.887522
-4 5 61.887522 68.245323
-5 5 68.245323 73.447983
-5 6 73.447983 79.000000
=== END ===

=== PRIMITIVE ===
ID: 112
StartHeadingNum: 2
Goal: i=7 j=4 heading=4
Length: 8.389483
ExecutionTime(ticks): 84
TotalHeadingChange: 0.8119
BendingEnergy: 0.1193
---
Trajectory(x,y):
0.000 0.000
0.072 0.072
0.145 0.145
0.217 0.217
0.290 0.289
0.362 0.361
0.435 0.433
0.508 0.505
0.580 0.577
0.653 0.649
0.727 0.720
0.800 0.792
0.873 0.863
0.946 0.935
1.019 1.006
1.093 1.078
1.166 1.149
1.239 1.220
1.313 1.292
1.386 1.363
1.459 1.435
1.532 1.507
1.605 1.579
1.677 1.651
1.749 1.723
1.821 1.796
1.893 1.869
1.964 1.942
2.035 2.016
2.105 2.091
2.175 2.165
2.244 2.241
2.313 2.317
2.381 2.393
2.448 2.470
2.514 2.548
2.580 2.627
2.644 2.706
2.708 2.786
2.771 2.867
2.832 2.949
2.893 3.031
2.952 3.115
3.010 3.199
3.067 3.284
3.122 3.370
3.176 3.457
3.229 3.545
3.280 3.634
3.329 3.723
3.377 3.814
3.423 3.905
3.467 3.997
3.510 4.090
3.550 4.184
3.589 4.279
3.627 4.374
3.662 4.470
3.695 4.567
3.727 4.664
3.756 4.762
3.784 4.861
3.810 4.960
3.833 5.059
3.855 5.159
3.875 5.259
3.894 5.360
3.910 5.461
3.925 5.562
3.938 5.664
3.949 5.765
3.959 5.867
3.968 5.969
3.975 6.071
3.981 6.173
3.985 6.276
3.989 6.378
3.991 6.480
3.993 6.582
3.994 6.685
3.995 6.787
3.995 6.889
3.996 6.992
---
CollisionFootprint(i, j, t_in, t_out):
0 0 0.000000 7.063498
0 1 7.063498 7.096540
1 1 7.096540 21.065333
1 2 21.065333 21.418783
2 2 21.418783 35.221365
3 2 35.221365 35.631888
3 3 35.631888 47.625165
4 3 47.625165 54.056358
4 4 54.056358 58.709284
5 4 58.709284 69.029430
6 4 69.029430 79.078231
7 4 79.078231 84.000000
=== END ===

=== PRIMITIVE ===
ID: 113
StartHeadingNum: 6
Goal: i=4 j=-7 heading=8
Length: 8.389483
ExecutionTime(ticks): 84
TotalHeadingChange: 0.8119
BendingEnergy: 0.1193
---
Trajectory(x,y):
0.000 0.000
-0.072 0.072
-0.145 0.145
-0.217 0.217
-0.289 0.290
-0.361 0.362
-0.433 0.435
-0.505 0.508
-0.577 0.580
-0.649 0.653
-0.720 0.727
-0.792 0.800
-0.863 0.873
-0.935 0.946
-1.006 1.019
-1.078 1.093
-1.149 1.166
-1.220 1.239
-1.292 1.313
-1.363 1.386
-1.435 1.459
-1.507 1.532
-1.579 1.605
-1.651 1.677
-1.723 1.749
-1.796 1.821
-1.869 1.893
-1.942 1.964
-2.016 2.035
-2.091 2.105
-2.165 2.175
-2.241 2.244
-2.317 2.313
-2.393 2.381
-2.470 2.448
-2.548 2.514
-2.627 2.580
-2.706 2.644
-2.786 2.708
-2.867 2.771
-2.949 2.832
-3.031 2.893
-3.115 2.952
-3.199 3.010
-3.284 3.067
-3.370 3.122
-3.457 3.176
-3.545 3.229
-3.634 3.280
-3.723 3.329
-3.814 3.377
-3.905 3.423
-3.997 3.467
-4.090 3.510
-4.184 3.550
-4.279 3.589
-4.374 3.627
-4.470 3.662
-4.567 3.695
-4.664 3.727
-4.762 3.756
-4.861 3.784
-4.960 3.810
-5.059 3.833
-5.159 3.855
-5.259 3.875
-5.360 3.894
-5.461 3.910
-5.562 3.925
-5.664 3.938
-5.765 3.949
-5.867 3.959
-5.969 3.968
-6.071 3.975
-6.173 3.981
-6.276 3.985
-6.378 3.989
-6.480 3.991
-6.582 3.993
-6.685 3.994
-6.787 3.995
-6.889 3.995
-6.992 3.996
---
CollisionFootprint(i, j, t_in, t_out):
0 0 0.000000 7.063498
1 0 7.063498 7.096540
1 -1 7.096540 21.065333
2 -1 21.065333 21.418783
2 -2 21.418783 35.221365
2 -3 35.221365 35.631888
3 -3 35.631888 47.625165
3 -4 47.625165 54.056358
4 -4 54.056358 58.709284
4 -5 58.709284 69.029430
4 -6 69.029430 79.078231
4 -7 79.078231 84.000000
=== END ===

=== PRIMITIVE ===
ID: 114
StartHeadingNum: 10
Goal: i=-7 j=-4 heading=12
Length: 8.389483
ExecutionTime(ticks): 84
TotalHeadingChange: 0.8119
BendingEnergy: 0.1193
---
Trajectory(x,y):
0.000 0.000
-0.072 -0.072
-0.145 -0.145
-0.217 -0.217
-0.290 -0.289
-0.362 -0.361
-0.435 -0.433
-0.508 -0.505
-0.580 -0.577
-0.653 -0.649
-0.727 -0.720
-0.800 -0.792
-0.873 -0.863
-0.946 -0.935
-1.019 -1.006
-1.093 -1.078
-1.166 -1.149
-1.239 -1.220
-1.313 -1.292
-1.386 -1.363
-1.459 -1.435
-1.532 -1.507
-1.605 -1.579
-1.677 -1.651
-1.749 -1.723
-1.821 -1.796
-1.893 -1.869
-1.964 -1.942
-2.035 -2.016
-2.105 -2.091
-2.175 -2.165
-2.244 -2.241
-2.313 -2.317
-2.381 -2.393
-2.448 -2.470
-2.514 -2.548
-2.580 -2.627
-2.644 -2.706
-2.708 -2.786
-2.771 -2.867
-2.832 -2.949
-2.893 -3.031
-2.952 -3.115
-3.010 -3.199
-3.067 -3.284
-3.122 -3.370
-3.176 -3.457
-3.229 -3.545
-3.280 -3.634
-3.329 -3.723
-3.377 -3.814
-3.423 -3.905
-3.467 -3.997
-3.510 -4.090
-3.550 -4.184
-3.589 -4.279
-3.627 -4.374
-3.662 -4.470
-3.695 -4.567
-3.727 -4.664
-3.756 -4.762
-3.784 -4.861
-3.810 -4.960
-3.833 -5.059
-3.855 -5.159
-3.875 -5.259
-3.894 -5.360
-3.910 -5.461
-3.925 -5.562
-3.938 -5.664
-3.949 -5.765
-3.959 -5.867
-3.968 -5.969
-3.975 -6.071
-3.981 -6.173
-3.985 -6.276
-3.989 -6.378
-3.991 -6.480
-3.993 -6.582
-3.994 -6.685
-3.995 -6.787
-3.995 -6.889
-3.996 -6.992
---
CollisionFootprint(i, j, t_in, t_out):
0 0 0.000000 7.063498
0 -1 7.063498 7.096540
-1 -1 7.096540 21.065333
-1 -2 21.065333 21.418783
-2 -2 21.418783 35.221365
-3 -2 35.221365 35.631888
-3 -3 35.631888 47.625165
-4 -3 47.625165 54.056358
-4 -4 54.056358 58.709284
-5 -4 58.709284 69.029430
-6 -4 69.029430 79.078231
-7 -4 79.078231 84.000000
=== END ===

=== PRIMITIVE ===
ID: 115
StartHeadingNum: 14
Goal: i=-4 j=7 heading=0
Length: 8.389483
ExecutionTime(ticks): 84
TotalHeadingChange: 0.8119
BendingEnergy: 0.1193
---
Trajectory(x,y):
0.000 0.000
0.072 -0.072
0.145 -0.145
0.217 -0.217
0.289 -0.290
0.361 -0.362
0.433 -0.435
0.505 -0.508
0.577 -0.580
0.649 -0.653
0.720 -0.727
0.792 -0.800
0.863 -0.873
0.935 -0.946
1.006 -1.019
1.078 -1.093
1.149 -1.166
1.220 -1.239
1.292 -1.313
1.363 -1.386
1.435 -1.459
1.507 -1.532
1.579 -1.605
1.651 -1.677
1.723 -1.749
1.796 -1.821
1.869 -1.893
1.942 -1.964
2.016 -2.035
2.091 -2.105
2.165 -2.175
2.241 -2.244
2.317 -2.313
2.393 -2.381
2.470 -2.448
2.548 -2.514
2.627 -2.580
2.706 -2.644
2.786 -2.708
2.867 -2.771
2.949 -2.832
3.031 -2.893
3.115 -2.952
3.199 -3.010
3.284 -3.067
3.370 -3.122
3.457 -3.176
3.545 -3.229
3.634 -3.280
3.723 -3.329
3.814 -3.377
3.905 -3.423
3.997 -3.467
4.090 -3.510
4.184 -3.550
4.279 -3.589
4.374 -3.627
4.470 -3.662
4.567 -3.695
4.664 -3.727
4.762 -3.756
4.861 -3.784
4.960 -3.810
5.059 -3.833
5.159 -3.855
5.259 -3.875
5.360 -3.894
5.461 -3.910
5.562 -3.925
5.664 -3.938
5.765 -3.949
5.867 -3.959
5.969 -3.968
6.071 -3.975
6.173 -3.981
6.276 -3.985
6.378 -3.989
6.480 -3.991
6.582 -3.993
6.685 -3.994
6.787 -3.995
6.889 -3.995
6.992 -3.996
---
CollisionFootprint(i, j, t_in, t_out):
0 0 0.000000 7.063498
-1 0 7.063498 7.096540
-1 1 7.096540 21.065333
-2 1 21.065333 21.418783
-2 2 21.418783 35.221365
-2 3 35.221365 35.631888
-3 3 35.631888 47.625165
-3 4 47.625165 54.056358
-4 4 54.056358 58.709284
-4 5 58.709284 69.029430
-4 6 69.029430 79.078231
-4 7 79.078231 84.000000
=== END ===

=== PRIMITIVE ===
ID: 116
StartHeadingNum: 2
Goal: i=7 j=1 heading=5
Length: 7.779630
ExecutionTime(ticks): 78
TotalHeadingChange: 1.2472
BendingEnergy: 0.2407
---
Trajectory(x,y):
0.000 0.000
0.072 0.072
0.145 0.145
0.217 0.218
0.288 0.291
0.360 0.364
0.431 0.438
0.501 0.512
0.570 0.588
0.639 0.663
0.707 0.740
0.774 0.817
0.840 0.896
0.904 0.975
0.968 1.055
1.030 1.137
1.091 1.219
1.150 1.302
1.208 1.387
1.264 1.473
1.319 1.559
1.371 1.647
1.422 1.736
1.471 1.826
1.518 1.917
1.563 2.009
1.605 2.102
1.646 2.196
1.684 2.291
1.720 2.387
1.754 2.483
1.785 2.581
1.814 2.679
1.841 2.778
1.865 2.877
1.886 2.977
1.906 3.078
1.922 3.179
1.936 3.280
1.948 3.382
1.957 3.484
1.964 3.586
1.968 3.688
1.970 3.791
1.969 3.893
1.966 3.995
1.961 4.098
1.953 4.200
1.943 4.302
1.931 4.403
1.916 4.504
1.899 4.605
1.881 4.706
1.860 4.806
1.837 4.906
1.813 5.006
1.786 5.104
1.758 5.203
1.729 5.301
1.697 5.398
1.664 5.495
1.630 5.592
1.594 5.688
1.557 5.783
1.519 5.878
1.480 5.972
1.439 6.067
1.398 6.160
1.356 6.254
1.313 6.347
1.270 6.439
1.225 6.532
1.181 6.624
1.136 6.716
1.091 6.807
1.045 6.899
0.999 6.991
---
CollisionFootprint(i, j, t_in, t_out):
0 0 0.000000 7.013934
1 0 7.013934 7.172350
1 1 7.172350 19.825606
2 1 19.825606 24.237200
2 2 24.237200 30.964882
3 2 30.964882 41.213818
4 2 41.213818 51.270249
5 2 51.270249 61.629475
6 2 61.629475 66.184446
6 1 66.184446 72.518092
7 1 72.518092 78.000000
=== END ===

=== PRIMITIVE ===
ID: 117
StartHeadingNum: 6
Goal: i=1 j=-7 heading=9
Length: 7.779630
ExecutionTime(ticks): 78
TotalHeadingChange: 1.2472
BendingEnergy: 0.2407
---
Trajectory(x,y):
0.000 0.000
-0.072 0.072
-0.145 0.145
-0.218 0.217
-0.291 0.288
-0.364 0.360
-0.438 0.431
-0.512 0.501
-0.588 0.570
-0.663 0.639
-0.740 0.707
-0.817 0.774
-0.896 0.840
-0.975 0.904
-1.055 0.968
-1.137 1.030
-1.219 1.091
-1.302 1.150
-1.387 1.208
-1.473 1.264
-1.559 1.319
-1.647 1.371
-1.736 1.422
-1.826 1.471
-1.917 1.518
-2.009 1.563
-2.102 1.605
-2.196 1.646
-2.291 1.684
-2.387 1.720
-2.483 1.754
-2.581 1.785
-2.679 1.814
-2.778 1.841
-2.877 1.865
-2.977 1.886
-3.078 1.906
-3.179 1.922
-3.280 1.936
-3.382 1.948
-3.484 1.957
-3.586 1.964
-3.688 1.968
-3.791 1.970
-3.893 1.969
-3.995 1.966
-4.098 1.961
-4.200 1.953
-4.302 1.943
-4.403 1.931
-4.504 1.916
-4.605 1.899
-4.706 1.881
-4.806 1.860
-4.906 1.837
-5.006 1.813
-5.104 1.786
-5.203 1.758
-5.301 1.729
-5.398 1.697
-5.495 1.664
-5.592 1.630
-5.688 1.594
-5.783 1.557
-5.878 1.519
-5.972 1.480
-6.067 1.439
-6.160 1.398
-6.254 1.356
-6.347 1.313
-6.439 1.270
-6.532 1.225
-6.624 1.181
-6.716 1.136
-6.807 1.091
-6.899 1.045
-6.991 0.999
---
CollisionFootprint(i, j, t_in, t_out):
0 0 0.000000 7.013934
0 -1 7.013934 7.172350
1 -1 7.172350 19.825606
1 -2 19.825606 24.237200
2 -2 24.237200 30.964882
2 -3 30.964882 41.213818
2 -4 41.213818 51.270249
2 -5 51.270249 61.629475
2 -6 61.629475 66.184446
1 -6 66.184446 72.518092
1 -7 72.518092 78.000000
=== END ===

=== PRIMITIVE ===
ID: 118
StartHeadingNum: 10
Goal: i=-7 j=-1 heading=13
Length: 7.779630
ExecutionTime(ticks): 78
TotalHeadingChange: 1.2472
BendingEnergy: 0.2407
---
Trajectory(x,y):
0.000 0.000
-0.072 -0.072
-0.145 -0.145
-0.217 -0.218
-0.288 -0.291
-0.360 -0.364
-0.431 -0.438
-0.501 -0.512
-0.570 -0.588
-0.639 -0.663
-0.707 -0.740
-0.774 -0.817
-0.840 -0.896
-0.904 -0.975
-0.968 -1.055
-1.030 -1.137
-1.091 -1.219
-1.150 -1.302
-1.208 -1.387
-1.264 -1.473
-1.319 -1.559
-1.371 -1.647
-1.422 -1.736
-1.471 -1.826
-1.518 -1.917
-1.563 -2.009
-1.605 -2.102
-1.646 -2.196
-1.684 -2.291
-1.720 -2.387
-1.754 -2.483
-1.785 -2.581
-1.814 -2.679
-1.841 -2.778
-1.865 -2.877
-1.886 -2.977
-1.906 -3.078
-1.922 -3.179
-1.936 -3.280
-1.948 -3.382
-1.957 -3.484
-1.964 -3.586
-1.968 -3.688
-1.970 -3.791
-1.969 -3.893
-1.966 -3.995
-1.961 -4.098
-1.953 -4.200
-1.943 -4.302
-1.931 -4.403
-1.916 -4.504
-1.899 -4.605
-1.881 -4.706
-1.860 -4.806
-1.837 -4.906
-1.813 -5.006
-1.786 -5.104
-1.758 -5.203
-1.729 -5.301
-1.697 -5.398
-1.664 -5.495
-1.630 -5.592
-1.594 -5.688
-1.557 -5.783
-1.519 -5.878
-1.480 -5.972
-1.439 -6.067
-1.398 -6.160
-1.356 -6.254
-1.313 -6.347
-1.270 -6.439
-1.225 -6.532
-1.181 -6.624
-1.136 -6.716
-1.091 -6.807
-1.045 -6.899
-0.999 -6.991
---
CollisionFootprint(i, j, t_in, t_out):
0 0 0.000000 7.013934
-1 0 7.013934 7.172350
-1 -1 7.172350 19.825606
-2 -1 19.825606 24.237200
-2 -2 24.237200 30.964882
-3 -2 30.964882 41.213818
-4 -2 41.213818 51.270249
-5 -2 51.270249 61.629475
-6 -2 61.629475 66.184446
-6 -1 66.184446 72.518092
-7 -1 72.518092 78.000000
=== END ===

=== PRIMITIVE ===
ID: 119
StartHeadingNum: 14
Goal: i=-1 j=7 heading=1
Length: 7.779630
ExecutionTime(ticks): 78
TotalHeadingChange: 1.2472
BendingEnergy: 0.2407
---
Trajectory(x,y):
0.000 0.000
0.072 -0.072
0.145 -0.145
0.218 -0.217
0.291 -0.288
0.364 -0.360
0.438 -0.431
0.512 -0.501
0.588 -0.570
0.663 -0.639
0.740 -0.707
0.817 -0.774
0.896 -0.840
0.975 -0.904
1.055 -0.968
1.137 -1.030
1.219 -1.091
1.302 -1.150
1.387 -1.208
1.473 -1.264
1.559 -1.319
1.647 -1.371
1.736 -1.422
1.826 -1.471
1.917 -1.518
2.009 -1.563
2.102 -1.605
2.196 -1.646
2.291 -1.684
2.387 -1.720
2.483 -1.754
2.581 -1.785
2.679 -1.814
2.778 -1.841
2.877 -1.865
2.977 -1.886
3.078 -1.906
3.179 -1.922
3.280 -1.936
3.382 -1.948
3.484 -1.957
3.586 -1.964
3.688 -1.968
3.791 -1.970
3.893 -1.969
3.995 -1.966
4.098 -1.961
4.200 -1.953
4.302 -1.943
4.403 -1.931
4.504 -1.916
4.605 -1.899
4.706 -1.881
4.806 -1.860
4.906 -1.837
5.006 -1.813
5.104 -1.786
5.203 -1.758
5.301 -1.729
5.398 -1.697
5.495 -1.664
5.592 -1.630
5.688 -1.594
5.783 -1.557
5.878 -1.519
5.972 -1.480
6.067 -1.439
6.160 -1.398
6.254 -1.356
6.347 -1.313
6.439 -1.270
6.532 -1.225
6.624 -1.181
6.716 -1.136
6.807 -1.091
6.899 -1.045
6.991 -0.999
---
CollisionFootprint(i, j, t_in, t_out):
0 0 0.000000 7.013934
0 1 7.013934 7.172350
-1 1 7.172350 19.825606
-1 2 19.825606 24.237200
-2 2 24.237200 30.964882
-2 3 30.964882 41.213818
-2 4 41.213818 51.270249
-2 5 51.270249 61.629475
-2 6 61.629475 66.184446
-1 6 66.184446 72.518092
-1 7 72.518092 78.000000
=== END ===

=== PRIMITIVE ===
ID: 120
StartHeadingNum: 2
Goal: i=7 j=2 heading=5
Length: 8.030110
ExecutionTime(ticks): 80
TotalHeadingChange: 1.2472
BendingEnergy: 0.2589
---
Trajectory(x,y):
0.000 0.000
0.072 0.072
0.144 0.144
0.216 0.216
0.287 0.288
0.359 0.360
0.431 0.432
0.502 0.504
0.574 0.576
0.645 0.649
0.716 0.722
0.787 0.795
0.857 0.868
0.927 0.942
0.997 1.016
1.066 1.090
1.135 1.165
1.203 1.240
1.271 1.316
1.338 1.392
1.404 1.470
1.469 1.547
1.534 1.626
1.598 1.705
1.661 1.785
1.722 1.866
1.783 1.947
1.842 2.030
1.901 2.113
1.957 2.197
2.013 2.283
2.067 2.369
2.119 2.456
2.170 2.544
2.218 2.633
2.266 2.723
2.311 2.814
2.354 2.906
2.395 2.999
2.434 3.093
2.471 3.188
2.505 3.283
2.538 3.380
2.567 3.477
2.595 3.575
2.619 3.674
2.641 3.773
2.661 3.872
2.678 3.973
2.692 4.073
2.704 4.174
2.712 4.276
2.718 4.377
2.721 4.479
2.722 4.580
2.719 4.682
2.714 4.783
2.706 4.885
2.696 4.986
2.682 5.087
2.667 5.187
2.648 5.287
2.628 5.387
2.604 5.486
2.579 5.584
2.551 5.682
2.521 5.779
2.489 5.875
2.456 5.971
2.420 6.067
2.383 6.161
2.344 6.255
2.304 6.349
2.263 6.441
2.220 6.534
2.177 6.626
2.133 6.717
2.088 6.809
2.043 6.900
1.998 6.991
---
CollisionFootprint(i, j, t_in, t_out):
0 0 0.000000 7.032130
1 0 7.032130 7.057036
1 1 7.057036 20.651059
2 1 20.651059 21.742964
2 2 21.742964 32.913076
3 2 32.913076 41.357410
3 3 41.357410 43.782316
4 3 43.782316 53.883437
5 3 53.883437 63.945704
6 3 63.945704 67.520299
6 2 67.520299 74.565878
7 2 74.565878 80.000000
=== END ===

=== PRIMITIVE ===
ID: 121
StartHeadingNum: 6
Goal: i=2 j=-7 heading=9
Length: 8.030110
ExecutionTime(ticks): 80
TotalHeadingChange: 1.2472
BendingEnergy: 0.2589
---
Trajectory(x,y):
0.000 0.000
-0.072 0.072
-0.144 0.144
-0.216 0.216
-0.288 0.287
-0.360 0.359
-0.432 0.431
-0.504 0.502
-0.576 0.574
-0.649 0.645
-0.722 0.716
-0.795 0.787
-0.868 0.857
-0.942 0.927
-1.016 0.997
-1.090 1.066
-1.165 1.135
-1.240 1.203
-1.316 1.271
-1.392 1.338
-1.470 1.404
-1.547 1.469
-1.626 1.534
-1.705 1.598
-1.785 1.661
-1.866 1.722
-1.947 1.783
-2.030 1.842
-2.113 1.901
-2.197 1.957
-2.283 2.013
-2.369 2.067
-2.456 2.119
-2.544 2.170
-2.633 2.218
-2.723 2.266
-2.814 2.311
-2.906 2.354
-2.999 2.395
-3.093 2.434
-3.188 2.471
-3.283 2.505
-3.380 2.538
-3.477 2.567
-3.575 2.595
-3.674 2.619
-3.773 2.641
-3.872 2.661
-3.973 2.678
-4.073 2.692
-4.174 2.704
-4.276 2.712
-4.377 2.718
-4.479 2.721
-4.580 2.722
-4.682 2.719
-4.783 2.714
-4.885 2.706
-4.986 2.696
-5.087 2.682
-5.187 2.667
-5.287 2.648
-5.387 2.628
-5.486 2.604
-5.584 2.579
-5.682 2.551
-5.779 2.521
-5.875 2.489
-5.971 2.456
-6.067 2.420
-6.161 2.383
-6.255 2.344
-6.349 2.304
-6.441 2.263
-6.534 2.220
-6.626 2.177
-6.717 2.133
-6.809 2.088
-6.900 2.043
-6.991 1.998
---
CollisionFootprint(i, j, t_in, t_out):
0 0 0.000000 7.032130
0 -1 7.032130 7.057036
1 -1 7.057036 20.651059
1 -2 20.651059 21.742964
2 -2 21.742964 32.913076
2 -3 32.913076 41.357410
3 -3 41.357410 43.782316
3 -4 43.782316 53.883437
3 -5 53.883437 63.945704
3 -6 63.945704 67.520299
2 -6 67.520299 74.565878
2 -7 74.565878 80.000000
=== END ===

=== PRIMITIVE ===
ID: 122
StartHeadingNum: 10
Goal: i=-7 j=-2 heading=13
Length: 8.030110
ExecutionTime(ticks): 80
TotalHeadingChange: 1.2472
BendingEnergy: 0.2589
---
Trajectory(x,y):
0.000 0.000
-0.072 -0.072
-0.144 -0.144
-0.216 -0.216
-0.287 -0.288
-0.359 -0.360
-0.431 -0.432
-0.502 -0.504
-0.574 -0.576
-0.645 -0.649
-0.716 -0.722
-0.787 -0.795
-0.857 -0.868
-0.927 -0.942
-0.997 -1.016
-1.066 -1.090
-1.135 -1.165
-1.203 -1.240
-1.271 -1.316
-1.338 -1.392
-1.404 -1.470
-1.469 -1.547
-1.534 -1.626
-1.598 -1.705
-1.661 -1.785
-1.722 -1.866
-1.783 -1.947
-1.842 -2.030
-1.901 -2.113
-1.957 -2.197
-2.013 -2.283
-2.067 -2.369
-2.119 -2.456
-2.170 -2.544
-2.218 -2.633
-2.266 -2.723
-2.311 -2.814
-2.354 -2.906
-2.395 -2.999
-2.434 -3.093
-2.471 -3.188
-2.505 -3.283
-2.538 -3.380
-2.567 -3.477
-2.595 -3.575
-2.619 -3.674
-2.641 -3.773
-2.661 -3.872
-2.678 -3.973
-2.692 -4.073
-2.704 -4.174
-2.712 -4.276
-2.718 -4.377
-2.721 -4.479
-2.722 -4.580
-2.719 -4.682
-2.714 -4.783
-2.706 -4.885
-2.696 -4.986
-2.682 -5.087
-2.667 -5.187
-2.648 -5.287
-2.628 -5.387
-2.604 -5.486
-2.579 -5.584
-2.551 -5.682
-2.521 -5.779
-2.489 -5.875
-2.456 -5.971
-2.420 -6.067
-2.383 -6.161
-2.344 -6.255
-2.304 -6.349
-2.263 -6.441
-2.220 -6.534
-2.177 -6.626
-2.133 -6.717
-2.088 -6.809
-2.043 -6.900
-1.998 -6.991
---
CollisionFootprint(i, j, t_in, t_out):
0 0 0.000000 7.032130
-1 0 7.032130 7.057036
-1 -1 7.057036 20.651059
-2 -1 20.651059 21.742964
-2 -2 21.742964 32.913076
-3 -2 32.913076 41.357410
-3 -3 41.357410 43.782316
-4 -3 43.782316 53.883437
-5 -3 53.883437 63.945704
-6 -3 63.945704 67.520299
-6 -2 67.520299 74.565878
-7 -2 74.565878 80.000000
=== END ===

=== PRIMITIVE ===
ID: 123
StartHeadingNum: 14
Goal: i=-2 j=7 heading=1
Length: 8.030110
ExecutionTime(ticks): 80
TotalHeadingChange: 1.2472
BendingEnergy: 0.2589
---
Trajectory(x,y):
0.000 0.000
0.072 -0.072
0.144 -0.144
0.216 -0.216
0.288 -0.287
0.360 -0.359
0.432 -0.431
0.504 -0.502
0.576 -0.574
0.649 -0.645
0.722 -0.716
0.795 -0.787
0.868 -0.857
0.942 -0.927
1.016 -0.997
1.090 -1.066
1.165 -1.135
1.240 -1.203
1.316 -1.271
1.392 -1.338
1.470 -1.404
1.547 -1.469
1.626 -1.534
1.705 -1.598
1.785 -1.661
1.866 -1.722
1.947 -1.783
2.030 -1.842
2.113 -1.901
2.197 -1.957
2.283 -2.013
2.369 -2.067
2.456 -2.119
2.544 -2.170
2.633 -2.218
2.723 -2.266
2.814 -2.311
2.906 -2.354
2.999 -2.395
3.093 -2.434
3.188 -2.471
3.283 -2.505
3.380 -2.538
3.477 -2.567
3.575 -2.595
3.674 -2.619
3.773 -2.641
3.872 -2.661
3.973 -2.678
4.073 -2.692
4.174 -2.704
4.276 -2.712
4.377 -2.718
4.479 -2.721
4.580 -2.722
4.682 -2.719
4.783 -2.714
4.885 -2.706
4.986 -2.696
5.087 -2.682
5.187 -2.667
5.287 -2.648
5.387 -2.628
5.486 -2.604
5.584 -2.579
5.682 -2.551
5.779 -2.521
5.875 -2.489
5.971 -2.456
6.067 -2.420
6.161 -2.383
6.255 -2.344
6.349 -2.304
6.441 -2.263
6.534 -2.220
6.626 -2.177
6.717 -2.133
6.809 -2.088
6.900 -2.043
6.991 -1.998
---
CollisionFootprint(i, j, t_in, t_out):
0 0 0.000000 7.032130
0 1 7.032130 7.057036
-1 1 7.057036 20.651059
-1 2 20.651059 21.742964
-2 2 21.742964 32.913076
-2 3 32.913076 41.357410
-3 3 41.357410 43.782316
-3 4 43.782316 53.883437
-3 5 53.883437 63.945704
-3 6 63.945704 67.520299
-2 6 67.520299 74.565878
-2 7 74.565878 80.000000
=== END ===

=== PRIMITIVE ===
ID: 124
StartHeadingNum: 2
Goal: i=5 j=4 heading=3
Length: 6.437178
ExecutionTime(ticks): 64
TotalHeadingChange: 0.3314
BendingEnergy: 0.0258
---
Trajectory(x,y):
0.000 0.000
0.072 0.072
0.145 0.144
0.217 0.217
0.289 0.289
0.362 0.361
0.434 0.433
0.506 0.505
0.579 0.577
0.652 0.649
0.724 0.721
0.797 0.793
0.869 0.865
0.942 0.937
1.015 1.008
1.087 1.080
1.160 1.152
1.232 1.225
1.304 1.297
1.376 1.369
1.448 1.442
1.520 1.515
1.591 1.588
1.662 1.661
1.733 1.735
1.804 1.809
1.874 1.883
1.944 1.958
2.013 2.033
2.082 2.108
2.150 2.184
2.218 2.261
2.285 2.338
2.352 2.415
2.418 2.493
2.483 2.572
2.548 2.651
2.612 2.730
2.675 2.811
2.737 2.892
2.799 2.973
2.859 3.055
2.919 3.138
2.978 3.222
3.037 3.306
3.094 3.390
3.150 3.475
3.206 3.561
3.261 3.647
3.314 3.734
3.367 3.822
3.419 3.910
3.471 3.998
3.521 4.087
3.571 4.176
3.620 4.266
3.668 4.356
3.716 4.446
3.763 4.537
3.810 4.628
3.856 4.719
3.902 4.810
3.948 4.901
3.994 4.992
---
CollisionFootprint(i, j, t_in, t_out):
0 0 0.000000 7.020910
0 1 7.020910 7.039801
1 1 7.039801 21.053783
1 2 21.053783 21.127357
2 2 21.127357 34.630294
3 2 34.630294 35.819419
3 3 35.819419 47.022650
4 3 47.022650 53.415691
4 4 53.415691 58.510238
5 4 58.510238 64.000000
=== END ===

=== PRIMITIVE ===
ID: 125
StartHeadingNum: 6
Goal: i=4 j=-5 heading=7
Length: 6.437178
ExecutionTime(ticks): 64
TotalHeadingChange: 0.3314
BendingEnergy: 0.0258
---
Trajectory(x,y):
0.000 0.000
-0.072 0.072
-0.144 0.145
-0.217 0.217
-0.289 0.289
-0.361 0.362
-0.433 0.434
-0.505 0.506
-0.577 0.579
-0.649 0.652
-0.721 0.724
-0.793 0.797
-0.865 0.869
-0.937 0.942
-1.008 1.015
-1.080 1.087
-1.152 1.160
-1.225 1.232
-1.297 1.304
-1.369 1.376
-1.442 1.448
-1.515 1.520
-1.588 1.591
-1.661 1.662
-1.735 1.733
-1.809 1.804
-1.883 1.874
-1.958 1.944
-2.033 2.013
-2.108 2.082
-2.184 2.150
-2.261 2.218
-2.338 2.285
-2.415 2.352
-2.493 2.418
-2.572 2.483
-2.651 2.548
-2.730 2.612
-2.811 2.675
-2.892 2.737
-2.973 2.799
-3.055 2.859
-3.138 2.919
-3.222 2.978
-3.306 3.037
-3.390 3.094
-3.475 3.150
-3.561 3.206
-3.647 3.261
-3.734 3.314
-3.822 3.367
-3.910 3.419
-3.998 3.471
-4.087 3.521
-4.176 3.571
-4.266 3.620
-4.356 3.668
-4.446 3.716
-4.537 3.763
-4.628 3.810
-4.719 3.856
-4.810 3.902
-4.901 3.948
-4.992 3.994
---
CollisionFootprint(i, j, t_in, t_out):
0 0 0.000000 7.020910
1 0 7.020910 7.039801
1 -1 7.039801 21.053783
2 -1 21.053783 21.127357
2 -2 21.127357 34.630294
2 -3 34.630294 35.819419
3 -3 35.819419 47.022650
3 -4 47.022650 53.415691
4 -4 53.415691 58.510238
4 -5 58.510238 64.000000
=== END ===

=== PRIMITIVE ===
ID: 126
StartHeadingNum: 10
Goal: i=-5 j=-4 heading=11
Length: 6.437178
ExecutionTime(ticks): 64
TotalHeadingChange: 0.3314
BendingEnergy: 0.0258
---
Trajectory(x,y):
0.000 0.000
-0.072 -0.072
-0.145 -0.144
-0.217 -0.217
-0.289 -0.289
-0.362 -0.361
-0.434 -0.433
-0.506 -0.505
-0.579 -0.577
-0.652 -0.649
-0.724 -0.721
-0.797 -0.793
-0.869 -0.865
-0.942 -0.937
-1.015 -1.008
-1.087 -1.080
-1.160 -1.152
-1.232 -1.225
-1.304 -1.297
-1.376 -1.369
-1.448 -1.442
-1.520 -1.515
-1.591 -1.588
-1.662 -1.661
-1.733 -1.735
-1.804 -1.809
-1.874 -1.883
-1.944 -1.958
-2.013 -2.033
-2.082 -2.108
-2.150 -2.184
-2.218 -2.261
-2.285 -2.338
-2.352 -2.415
-2.418 -2.493
-2.483 -2.572
-2.548 -2.651
-2.612 -2.730
-2.675 -2.811
-2.737 -2.892
-2.799 -2.973
-2.859 -3.055
-2.919 -3.138
-2.978 -3.222
-3.037 -3.306
-3.094 -3.390
-3.150 -3.475
-3.206 -3.561
-3.261 -3.647
-3.314 -3.734
-3.367 -3.822
-3.419 -3.910
-3.471 -3.998
-3.521 -4.087
-3.571 -4.176
-3.620 -4.266
-3.668 -4.356
-3.716 -4.446
-3.763 -4.537
-3.810 -4.628
-3.856 -4.719
-3.902 -4.810
-3.948 -4.901
-3.994 -4.992
---
CollisionFootprint(i, j, t_in, t_out):
0 0 0.000000 7.020910
0 -1 7.020910 7.039801
-1 -1 7.039801 21.053783
-1 -2 21.053783 21.127357
-2 -2 21.127357 34.630294
-3 -2 34.630294 35.819419
-3 -3 35.819419 47.022650
-4 -3 47.022650 53.415691
-4 -4 53.415691 58.510238
-5 -4 58.510238 64.000000
=== END ===

=== PRIMITIVE ===
ID: 127
StartHeadingNum: 14
Goal: i=-4 j=5 heading=15
Length: 6.437178
ExecutionTime(ticks): 64
TotalHeadingChange: 0.3314
BendingEnergy: 0.0258
---
Trajectory(x,y):
0.000 0.000
0.072 -0.072
0.144 -0.145
0.217 -0.217
0.289 -0.289
0.361 -0.362
0.433 -0.434
0.505 -0.506
0.577 -0.579
0.649 -0.652
0.721 -0.724
0.793 -0.797
0.865 -0.869
0.937 -0.942
1.008 -1.015
1.080 -1.087
1.152 -1.160
1.225 -1.232
1.297 -1.304
1.369 -1.376
1.442 -1.448
1.515 -1.520
1.588 -1.591
1.661 -1.662
1.735 -1.733
1.809 -1.804
1.883 -1.874
1.958 -1.944
2.033 -2.013
2.108 -2.082
2.184 -2.150
2.261 -2.218
2.338 -2.285
2.415 -2.352
2.493 -2.418
2.572 -2.483
2.651 -2.548
2.730 -2.612
2.811 -2.675
2.892 -2.737
2.973 -2.799
3.055 -2.859
3.138 -2.919
3.222 -2.978
3.306 -3.037
3.390 -3.094
3.475 -3.150
3.561 -3.206
3.647 -3.261
3.734 -3.314
3.822 -3.367
3.910 -3.419
3.998 -3.471
4.087 -3.521
4.176 -3.571
4.266 -3.620
4.356 -3.668
4.446 -3.716
4.537 -3.763
4.628 -3.810
4.719 -3.856
4.810 -3.902
4.901 -3.948
4.992 -3.994
---
CollisionFootprint(i, j, t_in, t_out):
0 0 0.000000 7.020910
-1 0 7.020910 7.039801
-1 1 7.039801 21.053783
-2 1 21.053783 21.127357
-2 2 21.127357 34.630294
-2 3 34.630294 35.819419
-3 3 35.819419 47.022650
-3 4 47.022650 53.415691
-4 4 53.415691 58.510238
-4 5 58.510238 64.000000
=== END ===

=== PRIMITIVE ===
ID: 128
StartHeadingNum: 2
Goal: i=7 j=3 heading=4
Length: 7.898615
ExecutionTime(ticks): 79
TotalHeadingChange: 0.7843
BendingEnergy: 0.0937
---
Trajectory(x,y):
0.000 0.000
0.073 0.073
0.145 0.145
0.217 0.218
0.290 0.291
0.362 0.364
0.433 0.437
0.505 0.510
0.576 0.584
0.647 0.658
0.717 0.733
0.787 0.808
0.857 0.884
0.926 0.960
0.994 1.036
1.062 1.113
1.129 1.191
1.195 1.269
1.261 1.348
1.325 1.428
1.389 1.508
1.452 1.589
1.514 1.671
1.575 1.753
1.635 1.836
1.695 1.920
1.753 2.004
1.810 2.090
1.865 2.176
1.920 2.263
1.973 2.350
2.025 2.439
2.076 2.528
2.126 2.618
2.174 2.708
2.221 2.799
2.267 2.891
2.311 2.984
2.354 3.077
2.395 3.171
2.435 3.265
2.473 3.360
2.510 3.456
2.546 3.552
2.580 3.649
2.612 3.746
2.643 3.844
2.673 3.942
2.701 4.041
2.728 4.140
2.753 4.240
2.777 4.339
2.799 4.439
2.820 4.540
2.839 4.641
2.857 4.742
2.874 4.843
2.890 4.944
2.904 5.046
2.917 5.148
2.929 5.249
2.939 5.351
2.949 5.454
2.957 5.556
2.965 5.658
2.971 5.761
2.977 5.863
2.981 5.965
2.985 6.068
2.988 6.170
2.991 6.273
2.993 6.376
2.994 6.478
2.995 6.581
2.996 6.683
2.996 6.786
2.997 6.888
2.997 6.991
---
CollisionFootprint(i, j, t_in, t_out):
0 0 0.000000 7.035836
1 0 7.035836 7.109850
1 1 7.109850 20.418377
2 1 20.418377 22.334741
2 2 22.334741 32.512673
3 2 32.512673 42.800627
3 3 42.800627 43.559771
4 3 43.559771 53.969747
5 3 53.969747 64.075666
6 3 64.075666 74.088567
7 3 74.088567 79.000000
=== END ===

=== PRIMITIVE ===
ID: 129
StartHeadingNum: 6
Goal: i=3 j=-7 heading=8
Length: 7.898615
ExecutionTime(ticks): 79
TotalHeadingChange: 0.7843
BendingEnergy: 0.0937
---
Trajectory(x,y):
0.000 0.000
-0.073 0.073
-0.145 0.145
-0.218 0.217
-0.291 0.290
-0.364 0.362
-0.437 0.433
-0.510 0.505
-0.584 0.576
-0.658 0.647
-0.733 0.717
-0.808 0.787
-0.884 0.857
-0.960 0.926
-1.036 0.994
-1.113 1.062
-1.191 1.129
-1.269 1.195
-1.348 1.261
-1.428 1.325
-1.508 1.389
-1.589 1.452
-1.671 1.514
-1.753 1.575
-1.836 1.635
-1.920 1.695
-2.004 1.753
-2.090 1.810
-2.176 1.865
-2.263 1.920
-2.350 1.973
-2.439 2.025
-2.528 2.076
-2.618 2.126
-2.708 2.174
-2.799 2.221
-2.891 2.267
-2.984 2.311
-3.077 2.354
-3.171 2.395
-3.265 2.435
-3.360 2.473
-3.456 2.510
-3.552 2.546
-3.649 2.580
-3.746 2.612
-3.844 2.643
-3.942 2.673
-4.041 2.701
-4.140 2.728
-4.240 2.753
-4.339 2.777
-4.439 2.799
-4.540 2.820
-4.641 2.839
-4.742 2.857
-4.843 2.874
-4.944 2.890
-5.046 2.904
-5.148 2.917
-5.249 2.929
-5.351 2.939
-5.454 2.949
-5.556 2.957
-5.658 2.965
-5.761 2.971
-5.863 2.977
-5.965 2.981
-6.068 2.985
-6.170 2.988
-6.273 2.991
-6.376 2.993
-6.478 2.994
-6.581 2.995
-6.683 2.996
-6.786 2.996
-6.888 2.997
-6.991 2.997
---
CollisionFootprint(i, j, t_in, t_out):
0 0 0.000000 7.035836
0 -1 7.035836 7.109850
1 -1 7.109850 20.418377
1 -2 20.418377 22.334741
2 -2 22.334741 32.512673
2 -3 32.512673 42.800627
3 -3 42.800627 43.559771
3 -4 43.559771 53.969747
3 -5 53.969747 64.075666
3 -6 64.075666 74.088567
3 -7 74.088567 79.000000
=== END ===

=== PRIMITIVE ===
ID: 130
StartHeadingNum: 10
Goal: i=-7 j=-3 heading=12
Length: 7.898615
ExecutionTime(ticks): 79
TotalHeadingChange: 0.7843
BendingEnergy: 0.0937
---
Trajectory(x,y):
0.000 0.000
-0.073 -0.073
-0.145 -0.145
-0.217 -0.218
-0.290 -0.291
-0.362 -0.364
-0.433 -0.437
-0.505 -0.510
-0.576 -0.584
-0.647 -0.658
-0.717 -0.733
-0.787 -0.808
-0.857 -0.884
-0.926 -0.960
-0.994 -1.036
-1.062 -1.113
-1.129 -1.191
-1.195 -1.269
-1.261 -1.348
-1.325 -1.428
-1.389 -1.508
-1.452 -1.589
-1.514 -1.671
-1.575 -1.753
-1.635 -1.836
-1.695 -1.920
-1.753 -2.004
-1.810 -2.090
-1.865 -2.176
-1.920 -2.263
-1.973 -2.350
-2.025 -2.439
-2.076 -2.528
-2.126 -2.618
-2.174 -2.708
-2.221 -2.799
-2.267 -2.891
-2.311 -2.984
-2.354 -3.077
-2.395 -3.171
-2.435 -3.265
-2.473 -3.360
-2.510 -3.456
-2.546 -3.552
-2.580 -3.649
-2.612 -3.746
-2.643 -3.844
-2.673 -3.942
-2.701 -4.041
-2.728 -4.140
-2.753 -4.240
-2.777 -4.339
-2.799 -4.439
-2.820 -4.540
-2.839 -4.641
-2.857 -4.742
-2.874 -4.843
-2.890 -4.944
-2.904 -5.046
-2.917 -5.148
-2.929 -5.249
-2.939 -5.351
-2.949 -5.454
-2.957 -5.556
-2.965 -5.658
-2.971 -5.761
-2.977 -5.863
-2.981 -5.965
-2.985 -6.068
-2.988 -6.170
-2.991 -6.273
-2.993 -6.376
-2.994 -6.478
-2.995 -6.581
-2.996 -6.683
-2.996 -6.786
-2.997 -6.888
-2.997 -6.991
---
CollisionFootprint(i, j, t_in, t_out):
0 0 0.000000 7.035836
-1 0 7.035836 7.109850
-1 -1 7.109850 20.418377
-2 -1 20.418377 22.334741
-2 -2 22.334741 32.512673
-3 -2 32.512673 42.800627
-3 -3 42.800627 43.559771
-4 -3 43.559771 53.969747
-5 -3 53.969747 64.075666
-6 -3 64.075666 74.088567
-7 -3 74.088567 79.000000
=== END ===

=== PRIMITIVE ===
ID: 131
StartHeadingNum: 14
Goal: i=-3 j=7 heading=0
Length: 7.898615
ExecutionTime(ticks): 79
TotalHeadingChange: 0.7843
BendingEnergy: 0.0937
---
Trajectory(x,y):
0.000 0.000
0.073 -0.073
0.145 -0.145
0.218 -0.217
0.291 -0.290
0.364 -0.362
0.437 -0.433
0.510 -0.505
0.584 -0.576
0.658 -0.647
0.733 -0.717
0.808 -0.787
0.884 -0.857
0.960 -0.926
1.036 -0.994
1.113 -1.062
1.191 -1.129
1.269 -1.195
1.348 -1.261
1.428 -1.325
1.508 -1.389
1.589 -1.452
1.671 -1.514
1.753 -1.575
1.836 -1.635
1.920 -1.695
2.004 -1.753
2.090 -1.810
2.176 -1.865
2.263 -1.920
2.350 -1.973
2.439 -2.025
2.528 -2.076
2.618 -2.126
2.708 -2.174
2.799 -2.221
2.891 -2.267
2.984 -2.311
3.077 -2.354
3.171 -2.395
3.265 -2.435
3.360 -2.473
3.456 -2.510
3.552 -2.546
3.649 -2.580
3.746 -2.612
3.844 -2.643
3.942 -2.673
4.041 -2.701
4.140 -2.728
4.240 -2.753
4.339 -2.777
4.439 -2.799
4.540 -2.820
4.641 -2.839
4.742 -2.857
4.843 -2.874
4.944 -2.890
5.046 -2.904
5.148 -2.917
5.249 -2.929
5.351 -2.939
5.454 -2.949
5.556 -2.957
5.658 -2.965
5.761 -2.971
5.863 -2.977
5.965 -2.981
6.068 -2.985
6.170 -2.988
6.273 -2.991
6.376 -2.993
6.478 -2.994
6.581 -2.995
6.683 -2.996
6.786 -2.996
6.888 -2.997
6.991 -2.997
---
CollisionFootprint(i, j, t_in, t_out):
0 0 0.000000 7.035836
0 1 7.035836 7.109850
-1 1 7.109850 20.418377
-1 2 20.418377 22.334741
-2 2 22.334741 32.512673
-2 3 32.512673 42.800627
-3 3 42.800627 43.559771
-3 4 43.559771 53.969747
-3 5 53.969747 64.075666
-3 6 64.075666 74.088567
-3 7 74.088567 79.000000
=== END ===

=== PRIMITIVE ===
ID: 132
StartHeadingNum: 2
Goal: i=0 j=7 heading=14
Length: 8.164717
ExecutionTime(ticks): 82
TotalHeadingChange: 1.5685
BendingEnergy: 0.3616
---
Trajectory(x,y):
0.000 0.000
0.072 0.072
0.144 0.144
0.217 0.216
0.290 0.288
0.363 0.359
0.437 0.429
0.511 0.499
0.586 0.569
0.662 0.637
0.738 0.705
0.815 0.771
0.894 0.837
0.973 0.901
1.053 0.964
1.134 1.026
1.217 1.086
1.300 1.145
1.385 1.202
1.471 1.257
1.558 1.310
1.646 1.362
1.735 1.411
1.826 1.458
1.917 1.503
2.010 1.546
2.104 1.587
2.198 1.625
2.294 1.660
2.391 1.693
2.488 1.723
2.586 1.751
2.685 1.776
2.785 1.798
2.885 1.817
2.986 1.833
3.087 1.847
3.189 1.857
3.290 1.864
3.392 1.869
3.494 1.870
3.596 1.869
3.698 1.864
3.800 1.857
3.902 1.846
4.003 1.833
4.104 1.816
4.204 1.797
4.303 1.775
4.402 1.750
4.501 1.722
4.598 1.692
4.695 1.659
4.790 1.623
4.885 1.585
4.979 1.545
5.071 1.502
5.163 1.457
5.253 1.410
5.343 1.360
5.431 1.309
5.518 1.255
5.604 1.200
5.688 1.143
5.772 1.085
5.854 1.025
5.936 0.963
6.016 0.900
6.095 0.836
6.174 0.771
6.251 0.704
6.328 0.637
6.404 0.568
6.479 0.499
6.553 0.429
6.627 0.359
6.700 0.288
6.773 0.216
6.846 0.145
6.918 0.073
6.991 0.001
---
CollisionFootprint(i, j, t_in, t_out):
0 0 0.000000 7.024827
0 1 7.024827 7.185520
1 1 7.185520 19.820065
1 2 19.820065 24.520356
2 2 24.520356 30.874789
2 3 30.874789 41.055741
2 4 41.055741 51.242719
2 5 51.242719 57.446501
1 5 57.446501 62.314516
1 6 62.314516 74.811467
0 6 74.811467 75.117789
0 7 75.117789 82.000000
=== END ===

=== PRIMITIVE ===
ID: 133
StartHeadingNum: 6
Goal: i=7 j=0 heading=2
Length: 8.164717
ExecutionTime(ticks): 82
TotalHeadingChange: 1.5685
BendingEnergy: 0.3616
---
Trajectory(x,y):
0.000 0.000
-0.072 0.072
-0.144 0.144
-0.216 0.217
-0.288 0.290
-0.359 0.363
-0.429 0.437
-0.499 0.511
-0.569 0.586
-0.637 0.662
-0.705 0.738
-0.771 0.815
-0.837 0.894
-0.901 0.973
-0.964 1.053
-1.026 1.134
-1.086 1.217
-1.145 1.300
-1.202 1.385
-1.257 1.471
-1.310 1.558
-1.362 1.646
-1.411 1.735
-1.458 1.826
-1.503 1.917
-1.546 2.010
-1.587 2.104
-1.625 2.198
-1.660 2.294
-1.693 2.391
-1.723 2.488
-1.751 2.586
-1.776 2.685
-1.798 2.785
-1.817 2.885
-1.833 2.986
-1.847 3.087
-1.857 3.189
-1.864 3.290
-1.869 3.392
-1.870 3.494
-1.869 3.596
-1.864 3.698
-1.857 3.800
-1.846 3.902
-1.833 4.003
-1.816 4.104
-1.797 4.204
-1.775 4.303
-1.750 4.402
-1.722 4.501
-1.692 4.598
-1.659 4.695
-1.623 4.790
-1.585 4.885
-1.545 4.979
-1.502 5.071
-1.457 5.163
-1.410 5.253
-1.360 5.343
-1.309 5.431
-1.255 5.518
-1.200 5.604
-1.143 5.688
-1.085 5.772
-1.025 5.854
-0.963 5.936
-0.900 6.016
-0.836 6.095
-0.771 6.174
-0.704 6.251
-0.637 6.328
-0.568 6.404
-0.499 6.479
-0.429 6.553
-0.359 6.627
-0.288 6.700
-0.216 6.773
-0.145 6.846
-0.073 6.918
-0.001 6.991
---
CollisionFootprint(i, j, t_in, t_out):
0 0 0.000000 7.024827
1 0 7.024827 7.185520
1 -1 7.185520 19.820065
2 -1 19.820065 24.520356
2 -2 24.520356 30.874789
3 -2 30.874789 41.055741
4 -2 41.055741 51.242719
5 -2 51.242719 57.446501
5 -1 57.446501 62.314516
6 -1 62.314516 74.811467
6 0 74.811467 75.117789
7 0 75.117789 82.000000
=== END ===

=== PRIMITIVE ===
ID: 134
StartHeadingNum: 10
Goal: i=0 j=-7 heading=6
Length: 8.164717
ExecutionTime(ticks): 82
TotalHeadingChange: 1.5685
BendingEnergy: 0.3616
---
Trajectory(x,y):
0.000 0.000
-0.072 -0.072
-0.144 -0.144
-0.217 -0.216
-0.290 -0.288
-0.363 -0.359
-0.437 -0.429
-0.511 -0.499
-0.586 -0.569
-0.662 -0.637
-0.738 -0.705
-0.815 -0.771
-0.894 -0.837
-0.973 -0.901
-1.053 -0.964
-1.134 -1.026
-1.217 -1.086
-1.300 -1.145
-1.385 -1.202
-1.471 -1.257
-1.558 -1.310
-1.646 -1.362
-1.735 -1.411
-1.826 -1.458
-1.917 -1.503
-2.010 -1.546
-2.104 -1.587
-2.198 -1.625
-2.294 -1.660
-2.391 -1.693
-2.488 -1.723
-2.586 -1.751
-2.685 -1.776
-2.785 -1.798
-2.885 -1.817
-2.986 -1.833
-3.087 -1.847
-3.189 -1.857
-3.290 -1.864
-3.392 -1.869
-3.494 -1.870
-3.596 -1.869
-3.698 -1.864
-3.800 -1.857
-3.902 -1.846
-4.003 -1.833
-4.104 -1.816
-4.204 -1.797
-4.303 -1.775
-4.402 -1.750
-4.501 -1.722
-4.598 -1.692
-4.695 -1.659
-4.790 -1.623
-4.885 -1.585
-4.979 -1.545
-5.071 -1.502
-5.163 -1.457
-5.253 -1.410
-5.343 -1.360
-5.431 -1.309
-5.518 -1.255
-5.604 -1.200
-5.688 -1.143
-5.772 -1.085
-5.854 -1.025
-5.936 -0.963
-6.016 -0.900
-6.095 -0.836
-6.174 -0.771
-6.251 -0.704
-6.328 -0.637
-6.404 -0.568
-6.479 -0.499
-6.553 -0.429
-6.627 -0.359
-6.700 -0.288
-6.773 -0.216
-6.846 -0.145
-6.918 -0.073
-6.991 -0.001
---
CollisionFootprint(i, j, t_in, t_out):
0 0 0.000000 7.024827
0 -1 7.024827 7.185520
-1 -1 7.185520 19.820065
-1 -2 19.820065 24.520356
-2 -2 24.520356 30.874789
-2 -3 30.874789 41.055741
-2 -4 41.055741 51.242719
-2 -5 51.242719 57.446501
-1 -5 57.446501 62.314516
-1 -6 62.314516 74.811467
0 -6 74.811467 75.117789
0 -7 75.117789 82.000000
=== END ===

=== PRIMITIVE ===
ID: 135
StartHeadingNum: 14
Goal: i=-7 j=0 heading=10
Length: 8.164717
ExecutionTime(ticks): 82
TotalHeadingChange: 1.5685
BendingEnergy: 0.3616
---
Trajectory(x,y):
0.000 0.000
0.072 -0.072
0.144 -0.144
0.216 -0.217
0.288 -0.290
0.359 -0.363
0.429 -0.437
0.499 -0.511
0.569 -0.586
0.637 -0.662
0.705 -0.738
0.771 -0.815
0.837 -0.894
0.901 -0.973
0.964 -1.053
1.026 -1.134
1.086 -1.217
1.145 -1.300
1.202 -1.385
1.257 -1.471
1.310 -1.558
1.362 -1.646
1.411 -1.735
1.458 -1.826
1.503 -1.917
1.546 -2.010
1.587 -2.104
1.625 -2.198
1.660 -2.294
1.693 -2.391
1.723 -2.488
1.751 -2.586
1.776 -2.685
1.798 -2.785
1.817 -2.885
1.833 -2.986
1.847 -3.087
1.857 -3.189
1.864 -3.290
1.869 -3.392
1.870 -3.494
1.869 -3.596
1.864 -3.698
1.857 -3.800
1.846 -3.902
1.833 -4.003
1.816 -4.104
1.797 -4.204
1.775 -4.303
1.750 -4.402
1.722 -4.501
1.692 -4.598
1.659 -4.695
1.623 -4.790
1.585 -4.885
1.545 -4.979
1.502 -5.071
1.457 -5.163
1.410 -5.253
1.360 -5.343
1.309 -5.431
1.255 -5.518
1.200 -5.604
1.143 -5.688
1.085 -5.772
1.025 -5.854
0.963 -5.936
0.900 -6.016
0.836 -6.095
0.771 -6.174
0.704 -6.251
0.637 -6.328
0.568 -6.404
0.499 -6.479
0.429 -6.553
0.359 -6.627
0.288 -6.700
0.216 -6.773
0.145 -6.846
0.073 -6.918
0.001 -6.991
---
CollisionFootprint(i, j, t_in, t_out):
0 0 0.000000 7.024827
-1 0 7.024827 7.185520
-1 1 7.185520 19.820065
-2 1 19.820065 24.520356
-2 2 24.520356 30.874789
-3 2 30.874789 41.055741
-4 2 41.055741 51.242719
-5 2 51.242719 57.446501
-5 1 57.446501 62.314516
-6 1 62.314516 74.811467
-6 0 74.811467 75.117789
-7 0 75.117789 82.000000
=== END ===

=== PRIMITIVE ===
ID: 136
StartHeadingNum: 2
Goal: i=5 j=6 heading=1
Length: 7.858126
ExecutionTime(ticks): 79
TotalHeadingChange: 0.3688
BendingEnergy: 0.0264
---
Trajectory(x,y):
0.000 0.000
0.072 0.072
0.144 0.144
0.216 0.217
0.288 0.289
0.360 0.361
0.432 0.434
0.504 0.506
0.575 0.579
0.647 0.652
0.718 0.725
0.790 0.798
0.861 0.871
0.932 0.944
1.003 1.018
1.073 1.091
1.144 1.165
1.215 1.239
1.285 1.312
1.356 1.386
1.426 1.460
1.497 1.534
1.567 1.608
1.637 1.682
1.708 1.755
1.779 1.829
1.849 1.903
1.920 1.976
1.991 2.050
2.062 2.123
2.133 2.196
2.205 2.269
2.277 2.341
2.349 2.413
2.421 2.485
2.494 2.557
2.567 2.628
2.640 2.699
2.714 2.769
2.789 2.839
2.863 2.909
2.939 2.978
3.014 3.046
3.090 3.114
3.167 3.182
3.244 3.248
3.322 3.314
3.401 3.380
3.479 3.444
3.559 3.508
3.639 3.571
3.720 3.634
3.801 3.696
3.883 3.757
3.965 3.817
4.049 3.876
4.132 3.934
4.216 3.992
4.301 4.049
4.386 4.105
4.472 4.160
4.559 4.214
4.646 4.268
4.733 4.321
4.821 4.373
4.909 4.424
4.998 4.474
5.087 4.524
5.176 4.573
5.266 4.622
5.356 4.669
5.447 4.717
5.537 4.764
5.628 4.810
5.719 4.857
5.810 4.903
5.901 4.948
5.993 4.994
---
CollisionFootprint(i, j, t_in, t_out):
0 0 0.000000 7.091200
1 0 7.091200 7.126387
1 1 7.126387 21.073537
2 1 21.073537 21.596316
2 2 21.596316 35.094076
3 2 35.094076 35.994865
3 3 35.994865 49.512732
3 4 49.512732 50.140067
4 4 50.140067 61.887522
4 5 61.887522 68.245323
5 5 68.245323 73.447983
5 6 73.447983 79.000000
=== END ===

=== PRIMITIVE ===
ID: 137
StartHeadingNum: 6
Goal: i=6 j=-5 heading=5
Length: 7.858126
ExecutionTime(ticks): 79
TotalHeadingChange: 0.3688
BendingEnergy: 0.0264
---
Trajectory(x,y):
0.000 0.000
-0.072 0.072
-0.144 0.144
-0.217 0.216
-0.289 0.288
-0.361 0.360
-0.434 0.432
-0.506 0.504
-0.579 0.575
-0.652 0.647
-0.725 0.718
-0.798 0.790
-0.871 0.861
-0.944 0.932
-1.018 1.003
-1.091 1.073
-1.165 1.144
-1.239 1.215
-1.312 1.285
-1.386 1.356
-1.460 1.426
-1.534 1.497
-1.608 1.567
-1.682 1.637
-1.755 1.708
-1.829 1.779
-1.903 1.849
-1.976 1.920
-2.050 1.991
-2.123 2.062
-2.196 2.133
-2.269 2.205
-2.341 2.277
-2.413 2.349
-2.485 2.421
-2.557 2.494
-2.628 2.567
-2.699 2.640
-2.769 2.714
-2.839 2.789
-2.909 2.863
-2.978 2.939
-3.046 3.014
-3.114 3.090
-3.182 3.167
-3.248 3.244
-3.314 3.322
-3.380 3.401
-3.444 3.479
-3.508 3.559
-3.571 3.639
-3.634 3.720
-3.696 3.801
-3.757 3.883
-3.817 3.965
-3.876 4.049
-3.934 4.132
-3.992 4.216
-4.049 4.301
-4.105 4.386
-4.160 4.472
-4.214 4.559
-4.268 4.646
-4.321 4.733
-4.373 4.821
-4.424 4.909
-4.474 4.998
-4.524 5.087
-4.573 5.176
-4.622 5.266
-4.669 5.356
-4.717 5.447
-4.764 5.537
-4.810 5.628
-4.857 5.719
-4.903 5.810
-4.948 5.901
-4.994 5.993
---
CollisionFootprint(i, j, t_in, t_out):
0 0 0.000000 7.091200
0 -1 7.091200 7.126387
1 -1 7.126387 21.073537
1 -2 21.073537 21.596316
2 -2 21.596316 35.094076
2 -3 35.094076 35.994865
3 -3 35.994865 49.512732
4 -3 49.512732 50.140067
4 -4 50.140067 61.887522
5 -4 61.887522 68.245323
5 -5 68.245323 73.447983
6 -5 73.447983 79.000000
=== END ===

=== PRIMITIVE ===
ID: 138
StartHeadingNum: 10
Goal: i=-5 j=-6 heading=9
Length: 7.858126
ExecutionTime(ticks): 79
TotalHeadingChange: 0.3688
BendingEnergy: 0.0264
---
Trajectory(x,y):
0.000 0.000
-0.072 -0.072
-0.144 -0.144
-0.216 -0.217
-0.288 -0.289
-0.360 -0.361
-0.432 -0.434
-0.504 -0.506
-0.575 -0.579
-0.647 -0.652
-0.718 -0.725
-0.790 -0.798
-0.861 -0.871
-0.932 -0.944
-1.003 -1.018
-1.073 -1.091
-1.144 -1.165
-1.215 -1.239
-1.285 -1.312
-1.356 -1.386
-1.426 -1.460
-1.497 -1.534
-1.567 -1.608
-1.637 -1.682
-1.708 -1.755
-1.779 -1.829
-1.849 -1.903
-1.920 -1.976
-1.991 -2.050
-2.062 -2.123
-2.133 -2.196
-2.205 -2.269
-2.277 -2.341
-2.349 -2.413
-2.421 -2.485
-2.494 -2.557
-2.567 -2.628
-2.640 -2.699
-2.714 -2.769
-2.789 -2.839
-2.863 -2.909
-2.939 -2.978
-3.014 -3.046
-3.090 -3.114
-3.167 -3.182
-3.244 -3.248
-3.322 -3.314
-3.401 -3.380
-3.479 -3.444
-3.559 -3.508
-3.639 -3.571
-3.720 -3.634
-3.801 -3.696
-3.883 -3.757
-3.965 -3.817
-4.049 -3.876
-4.132 -3.934
-4.216 -3.992
-4.301 -4.049
-4.386 -4.105
-4.472 -4.160
-4.559 -4.214
-4.646 -4.268
-4.733 -4.321
-4.821 -4.373
-4.909 -4.424
-4.998 -4.474
-5.087 -4.524
-5.176 -4.573
-5.266 -4.622
-5.356 -4.669
-5.447 -4.717
-5.537 -4.764
-5.628 -4.810
-5.719 -4.857
-5.810 -4.903
-5.901 -4.948
-5.993 -4.994
---
CollisionFootprint(i, j, t_in, t_out):
0 0 0.000000 7.091200
-1 0 7.091200 7.126387
-1 -1 7.126387 21.073537
-2 -1 21.073537 21.596316
-2 -2 21.596316 35.094076
-3 -2 35.094076 35.994865
-3 -3 35.994865 49.512732
-3 -4 49.512732 50.140067
-4 -4 50.140067 61.887522
-4 -5 61.887522 68.245323
-5 -5 68.245323 73.447983
-5 -6 73.447983 79.000000
=== END ===

=== PRIMITIVE ===
ID: 139
StartHeadingNum: 14
Goal: i=-6 j=5 heading=13
Length: 7.858126
ExecutionTime(ticks): 79
TotalHeadingChange: 0.3688
BendingEnergy: 0.0264
---
Trajectory(x,y):
0.000 0.000
0.072 -0.072
0.144 -0.144
0.217 -0.216
0.289 -0.288
0.361 -0.360
0.434 -0.432
0.506 -0.504
0.579 -0.575
0.652 -0.647
0.725 -0.718
0.798 -0.790
0.871 -0.861
0.944 -0.932
1.018 -1.003
1.091 -1.073
1.165 -1.144
1.239 -1.215
1.312 -1.285
1.386 -1.356
1.460 -1.426
1.534 -1.497
1.608 -1.567
1.682 -1.637
1.755 -1.708
1.829 -1.779
1.903 -1.849
1.976 -1.920
2.050 -1.991
2.123 -2.062
2.196 -2.133
2.269 -2.205
2.341 -2.277
2.413 -2.349
2.485 -2.421
2.557 -2.494
2.628 -2.567
2.699 -2.640
2.769 -2.714
2.839 -2.789
2.909 -2.863
2.978 -2.939
3.046 -3.014
3.114 -3.090
3.182 -3.167
3.248 -3.244
3.314 -3.322
3.380 -3.401
3.444 -3.479
3.508 -3.559
3.571 -3.639
3.634 -3.720
3.696 -3.801
3.757 -3.883
3.817 -3.965
3.876 -4.049
3.934 -4.132
3.992 -4.216
4.049 -4.301
4.105 -4.386
4.160 -4.472
4.214 -4.559
4.268 -4.646
4.321 -4.733
4.373 -4.821
4.424 -4.909
4.474 -4.998
4.524 -5.087
4.573 -5.176
4.622 -5.266
4.669 -5.356
4.717 -5.447
4.764 -5.537
4.810 -5.628
4.857 -5.719
4.903 -5.810
4.948 -5.901
4.994 -5.993
---
CollisionFootprint(i, j, t_in, t_out):
0 0 0.000000 7.091200
0 1 7.091200 7.126387
-1 1 7.126387 21.073537
-1 2 21.073537 21.596316
-2 2 21.596316 35.094076
-2 3 35.094076 35.994865
-3 3 35.994865 49.512732
-4 3 49.512732 50.140067
-4 4 50.140067 61.887522
-5 4 61.887522 68.245323
-5 5 68.245323 73.447983
-6 5 73.447983 79.000000
=== END ===

=== PRIMITIVE ===
ID: 140
StartHeadingNum: 2
Goal: i=4 j=7 heading=0
Length: 8.389483
ExecutionTime(ticks): 84
TotalHeadingChange: 0.8119
BendingEnergy: 0.1193
---
Trajectory(x,y):
0.000 0.000
0.072 0.072
0.145 0.145
0.217 0.217
0.289 0.290
0.361 0.362
0.433 0.435
0.505 0.508
0.577 0.580
0.649 0.653
0.720 0.727
0.792 0.800
0.863 0.873
0.935 0.946
1.006 1.019
1.078 1.093
1.149 1.166
1.220 1.239
1.292 1.313
1.363 1.386
1.435 1.459
1.507 1.532
1.579 1.605
1.651 1.677
1.723 1.749
1.796 1.821
1.869 1.893
1.942 1.964
2.016 2.035
2.091 2.105
2.165 2.175
2.241 2.244
2.317 2.313
2.393 2.381
2.470 2.448
2.548 2.514
2.627 2.580
2.706 2.644
2.786 2.708
2.867 2.771
2.949 2.832
3.031 2.893
3.115 2.952
3.199 3.010
3.284 3.067
3.370 3.122
3.457 3.176
3.545 3.229
3.634 3.280
3.723 3.329
3.814 3.377
3.905 3.423
3.997 3.467
4.090 3.510
4.184 3.550
4.279 3.589
4.374 3.627
4.470 3.662
4.567 3.695
4.664 3.727
4.762 3.756
4.861 3.784
4.960 3.810
5.059 3.833
5.159 3.855
5.259 3.875
5.360 3.894
5.461 3.910
5.562 3.925
5.664 3.938
5.765 3.949
5.867 3.959
5.969 3.968
6.071 3.975
6.173 3.981
6.276 3.985
6.378 3.989
6.480 3.991
6.582 3.993
6.685 3.994
6.787 3.995
6.889 3.995
6.992 3.996
---
CollisionFootprint(i, j, t_in, t_out):
0 0 0.000000 7.063498
1 0 7.063498 7.096540
1 1 7.096540 21.065333
2 1 21.065333 21.418783
2 2 21.418783 35.221365
2 3 35.221365 35.631888
3 3 35.631888 47.625165
3 4 47.625165 54.056358
4 4 54.056358 58.709284
4 5 58.709284 69.029430
4 6 69.029430 79.078231
4 7 79.078231 84.000000
=== END ===

=== PRIMITIVE ===
ID: 141
StartHeadingNum: 6
Goal: i=7 j=-4 heading=4
Length: 8.389483
ExecutionTime(ticks): 84
TotalHeadingChange: 0.8119
BendingEnergy: 0.1193
---
Trajectory(x,y):
0.000 0.000
-0.072 0.072
-0.145 0.145
-0.217 0.217
-0.290 0.289
-0.362 0.361
-0.435 0.433
-0.508 0.505
-0.580 0.577
-0.653 0.649
-0.727 0.720
-0.800 0.792
-0.873 0.863
-0.946 0.935
-1.019 1.006
-1.093 1.078
-1.166 1.149
-1.239 1.220
-1.313 1.292
-1.386 1.363
-1.459 1.435
-1.532 1.507
-1.605 1.579
-1.677 1.651
-1.749 1.723
-1.821 1.796
-1.893 1.869
-1.964 1.942
-2.035 2.016
-2.105 2.091
-2.175 2.165
-2.244 2.241
-2.313 2.317
-2.381 2.393
-2.448 2.470
-2.514 2.548
-2.580 2.627
-2.644 2.706
-2.708 2.786
-2.771 2.867
-2.832 2.949
-2.893 3.031
-2.952 3.115
-3.010 3.199
-3.067 3.284
-3.122 3.370
-3.176 3.457
-3.229 3.545
-3.280 3.634
-3.329 3.723
-3.377 3.814
-3.423 3.905
-3.467 3.997
-3.510 4.090
-3.550 4.184
-3.589 4.279
-3.627 4.374
-3.662 4.470
-3.695 4.567
-3.727 4.664
-3.756 4.762
-3.784 4.861
-3.810 4.960
-3.833 5.059
-3.855 5.159
-3.875 5.259
-3.894 5.360
-3.910 5.461
-3.925 5.562
-3.938 5.664
-3.949 5.765
-3.959 5.867
-3.968 5.969
-3.975 6.071
-3.981 6.173
-3.985 6.276
-3.989 6.378
-3.991 6.480
-3.993 6.582
-3.994 6.685
-3.995 6.787
-3.995 6.889
-3.996 6.992
---
CollisionFootprint(i, j, t_in, t_out):
0 0 0.000000 7.063498
0 -1 7.063498 7.096540
1 -1 7.096540 21.065333
1 -2 21.065333 21.418783
2 -2 21.418783 35.221365
3 -2 35.221365 35.631888
3 -3 35.631888 47.625165
4 -3 47.625165 54.056358
4 -4 54.056358 58.709284
5 -4 58.709284 69.029430
6 -4 69.029430 79.078231
7 -4 79.078231 84.000000
=== END ===

=== PRIMITIVE ===
ID: 142
StartHeadingNum: 10
Goal: i=-4 j=-7 heading=8
Length: 8.389483
ExecutionTime(ticks): 84
TotalHeadingChange: 0.8119
BendingEnergy: 0.1193
---
Trajectory(x,y):
0.000 0.000
-0.072 -0.072
-0.145 -0.145
-0.217 -0.217
-0.289 -0.290
-0.361 -0.362
-0.433 -0.435
-0.505 -0.508
-0.577 -0.580
-0.649 -0.653
-0.720 -0.727
-0.792 -0.800
-0.863 -0.873
-0.935 -0.946
-1.006 -1.019
-1.078 -1.093
-1.149 -1.166
-1.220 -1.239
-1.292 -1.313
-1.363 -1.386
-1.435 -1.459
-1.507 -1.532
-1.579 -1.605
-1.651 -1.677
-1.723 -1.749
-1.796 -1.821
-1.869 -1.893
-1.942 -1.964
-2.016 -2.035
-2.091 -2.105
-2.165 -2.175
-2.241 -2.244
-2.317 -2.313
-2.393 -2.381
-2.470 -2.448
-2.548 -2.514
-2.627 -2.580
-2.706 -2.644
-2.786 -2.708
-2.867 -2.771
-2.949 -2.832
-3.031 -2.893
-3.115 -2.952
-3.199 -3.010
-3.284 -3.067
-3.370 -3.122
-3.457 -3.176
-3.545 -3.229
-3.634 -3.280
-3.723 -3.329
-3.814 -3.377
-3.905 -3.423
-3.997 -3.467
-4.090 -3.510
-4.184 -3.550
-4.279 -3.589
-4.374 -3.627
-4.470 -3.662
-4.567 -3.695
-4.664 -3.727
-4.762 -3.756
-4.861 -3.784
-4.960 -3.810
-5.059 -3.833
-5.159 -3.855
-5.259 -3.875
-5.360 -3.894
-5.461 -3.910
-5.562 -3.925
-5.664 -3.938
-5.765 -3.949
-5.867 -3.959
-5.969 -3.968
-6.071 -3.975
-6.173 -3.981
-6.276 -3.985
-6.378 -3.989
-6.480 -3.991
-6.582 -3.993
-6.685 -3.994
-6.787 -3.995
-6.889 -3.995
-6.992 -3.996
---
CollisionFootprint(i, j, t_in, t_out):
0 0 0.000000 7.063498
-1 0 7.063498 7.096540
-1 -1 7.096540 21.065333
-2 -1 21.065333 21.418783
-2 -2 21.418783 35.221365
-2 -3 35.221365 35.631888
-3 -3 35.631888 47.625165
-3 -4 47.625165 54.056358
-4 -4 54.056358 58.709284
-4 -5 58.709284 69.029430
-4 -6 69.029430 79.078231
-4 -7 79.078231 84.000000
=== END ===

=== PRIMITIVE ===
ID: 143
StartHeadingNum: 14
Goal: i=-7 j=4 heading=12
Length: 8.389483
ExecutionTime(ticks): 84
TotalHeadingChange: 0.8119
BendingEnergy: 0.1193
---
Trajectory(x,y):
0.000 0.000
0.072 -0.072
0.145 -0.145
0.217 -0.217
0.290 -0.289
0.362 -0.361
0.435 -0.433
0.508 -0.505
0.580 -0.577
0.653 -0.649
0.727 -0.720
0.800 -0.792
0.873 -0.863
0.946 -0.935
1.019 -1.006
1.093 -1.078
1.166 -1.149
1.239 -1.220
1.313 -1.292
1.386 -1.363
1.459 -1.435
1.532 -1.507
1.605 -1.579
1.677 -1.651
1.749 -1.723
1.821 -1.796
1.893 -1.869
1.964 -1.942
2.035 -2.016
2.105 -2.091
2.175 -2.165
2.244 -2.241
2.313 -2.317
2.381 -2.393
2.448 -2.470
2.514 -2.548
2.580 -2.627
2.644 -2.706
2.708 -2.786
2.771 -2.867
2.832 -2.949
2.893 -3.031
2.952 -3.115
3.010 -3.199
3.067 -3.284
3.122 -3.370
3.176 -3.457
3.229 -3.545
3.280 -3.634
3.329 -3.723
3.377 -3.814
3.423 -3.905
3.467 -3.997
3.510 -4.090
3.550 -4.184
3.589 -4.279
3.627 -4.374
3.662 -4.470
3.695 -4.567
3.727 -4.664
3.756 -4.762
3.784 -4.861
3.810 -4.960
3.833 -5.059
3.855 -5.159
3.875 -5.259
3.894 -5.360
3.910 -5.461
3.925 -5.562
3.938 -5.664
3.949 -5.765
3.959 -5.867
3.968 -5.969
3.975 -6.071
3.981 -6.173
3.985 -6.276
3.989 -6.378
3.991 -6.480
3.993 -6.582
3.994 -6.685
3.995 -6.787
3.995 -6.889
3.996 -6.992
---
CollisionFootprint(i, j, t_in, t_out):
0 0 0.000000 7.063498
0 1 7.063498 7.096540
-1 1 7.096540 21.065333
-1 2 21.065333 21.418783
-2 2 21.418783 35.221365
-3 2 35.221365 35.631888
-3 3 35.631888 47.625165
-4 3 47.625165 54.056358
-4 4 54.056358 58.709284
-5 4 58.709284 69.029430
-6 4 69.029430 79.078231
-7 4 79.078231 84.000000
=== END ===

=== PRIMITIVE ===
ID: 144
StartHeadingNum: 2
Goal: i=1 j=7 heading=15
Length: 7.779630
ExecutionTime(ticks): 78
TotalHeadingChange: 1.2472
BendingEnergy: 0.2407
---
Trajectory(x,y):
0.000 0.000
0.072 0.072
0.145 0.145
0.218 0.217
0.291 0.288
0.364 0.360
0.438 0.431
0.512 0.501
0.588 0.570
0.663 0.639
0.740 0.707
0.817 0.774
0.896 0.840
0.975 0.904
1.055 0.968
1.137 1.030
1.219 1.091
1.302 1.150
1.387 1.208
1.473 1.264
1.559 1.319
1.647 1.371
1.736 1.422
1.826 1.471
1.917 1.518
2.009 1.563
2.102 1.605
2.196 1.646
2.291 1.684
2.387 1.720
2.483 1.754
2.581 1.785
2.679 1.814
2.778 1.841
2.877 1.865
2.977 1.886
3.078 1.906
3.179 1.922
3.280 1.936
3.382 1.948
3.484 1.957
3.586 1.964
3.688 1.968
3.791 1.970
3.893 1.969
3.995 1.966
4.098 1.961
4.200 1.953
4.302 1.943
4.403 1.931
4.504 1.916
4.605 1.899
4.706 1.881
4.806 1.860
4.906 1.837
5.006 1.813
5.104 1.786
5.203 1.758
5.301 1.729
5.398 1.697
5.495 1.664
5.592 1.630
5.688 1.594
5.783 1.557
5.878 1.519
5.972 1.480
6.067 1.439
6.160 1.398
6.254 1.356
6.347 1.313
6.439 1.270
6.532 1.225
6.624 1.181
6.716 1.136
6.807 1.091
6.899 1.045
6.991 0.999
---
CollisionFootprint(i, j, t_in, t_out):
0 0 0.000000 7.013934
0 1 7.013934 7.172350
1 1 7.172350 19.825606
1 2 19.825606 24.237200
2 2 24.237200 30.964882
2 3 30.964882 41.213818
2 4 41.213818 51.270249
2 5 51.270249 61.629475
2 6 61.629475 66.184446
1 6 66.184446 72.518092
1 7 72.518092 78.000000
=== END ===

=== PRIMITIVE ===
ID: 145
StartHeadingNum: 6
Goal: i=7 j=-1 heading=3
Length: 7.779630
ExecutionTime(ticks): 78
TotalHeadingChange: 1.2472
BendingEnergy: 0.2407
---
Trajectory(x,y):
0.000 0.000
-0.072 0.072
-0.145 0.145
-0.217 0.218
-0.288 0.291
-0.360 0.364
-0.431 0.438
-0.501 0.512
-0.570 0.588
-0.639 0.663
-0.707 0.740
-0.774 0.817
-0.840 0.896
-0.904 0.975
-0.968 1.055
-1.030 1.137
-1.091 1.219
-1.150 1.302
-1.208 1.387
-1.264 1.473
-1.319 1.559
-1.371 1.647
-1.422 1.736
-1.471 1.826
-1.518 1.917
-1.563 2.009
-1.605 2.102
-1.646 2.196
-1.684 2.291
-1.720 2.387
-1.754 2.483
-1.785 2.581
-1.814 2.679
-1.841 2.778
-1.865 2.877
-1.886 2.977
-1.906 3.078
-1.922 3.179
-1.936 3.280
-1.948 3.382
-1.957 3.484
-1.964 3.586
-1.968 3.688
-1.970 3.791
-1.969 3.893
-1.966 3.995
-1.961 4.098
-1.953 4.200
-1.943 4.302
-1.931 4.403
-1.916 4.504
-1.899 4.605
-1.881 4.706
-1.860 4.806
-1.837 4.906
-1.813 5.006
-1.786 5.104
-1.758 5.203
-1.729 5.301
-1.697 5.398
-1.664 5.495
-1.630 5.592
-1.594 5.688
-1.557 5.783
-1.519 5.878
-1.480 5.972
-1.439 6.067
-1.398 6.160
-1.356 6.254
-1.313 6.347
-1.270 6.439
-1.225 6.532
-1.181 6.624
-1.136 6.716
-1.091 6.807
-1.045 6.899
-0.999 6.991
---
CollisionFootprint(i, j, t_in, t_out):
0 0 0.000000 7.013934
1 0 7.013934 7.172350
1 -1 7.172350 19.825606
2 -1 19.825606 24.237200
2 -2 24.237200 30.964882
3 -2 30.964882 41.213818
4 -2 41.213818 51.270249
5 -2 51.270249 61.629475
6 -2 61.629475 66.184446
6 -1 66.184446 72.518092
7 -1 72.518092 78.000000
=== END ===

=== PRIMITIVE ===
ID: 146
StartHeadingNum: 10
Goal: i=-1 j=-7 heading=7
Length: 7.779630
ExecutionTime(ticks): 78
TotalHeadingChange: 1.2472
BendingEnergy: 0.2407
---
Trajectory(x,y):
0.000 0.000
-0.072 -0.072
-0.145 -0.145
-0.218 -0.217
-0.291 -0.288
-0.364 -0.360
-0.438 -0.431
-0.512 -0.501
-0.588 -0.570
-0.663 -0.639
-0.740 -0.707
-0.817 -0.774
-0.896 -0.840
-0.975 -0.904
-1.055 -0.968
-1.137 -1.030
-1.219 -1.091
-1.302 -1.150
-1.387 -1.208
-1.473 -1.264
-1.559 -1.319
-1.647 -1.371
-1.736 -1.422
-1.826 -1.471
-1.917 -1.518
-2.009 -1.563
-2.102 -1.605
-2.196 -1.646
-2.291 -1.684
-2.387 -1.720
-2.483 -1.754
-2.581 -1.785
-2.679 -1.814
-2.778 -1.841
-2.877 -1.865
-2.977 -1.886
-3.078 -1.906
-3.179 -1.922
-3.280 -1.936
-3.382 -1.948
-3.484 -1.957
-3.586 -1.964
-3.688 -1.968
-3.791 -1.970
-3.893 -1.969
-3.995 -1.966
-4.098 -1.961
-4.200 -1.953
-4.302 -1.943
-4.403 -1.931
-4.504 -1.916
-4.605 -1.899
-4.706 -1.881
-4.806 -1.860
-4.906 -1.837
-5.006 -1.813
-5.104 -1.786
-5.203 -1.758
-5.301 -1.729
-5.398 -1.697
-5.495 -1.664
-5.592 -1.630
-5.688 -1.594
-5.783 -1.557
-5.878 -1.519
-5.972 -1.480
-6.067 -1.439
-6.160 -1.398
-6.254 -1.356
-6.347 -1.313
-6.439 -1.270
-6.532 -1.225
-6.624 -1.181
-6.716 -1.136
-6.807 -1.091
-6.899 -1.045
-6.991 -0.999
---
CollisionFootprint(i, j, t_in, t_out):
0 0 0.000000 7.013934
0 -1 7.013934 7.172350
-1 -1 7.172350 19.825606
-1 -2 19.825606 24.237200
-2 -2 24.237200 30.964882
-2 -3 30.964882 41.213818
-2 -4 41.213818 51.270249
-2 -5 51.270249 61.629475
-2 -6 61.629475 66.184446
-1 -6 66.184446 72.518092
-1 -7 72.518092 78.000000
=== END ===

=== PRIMITIVE ===
ID: 147
StartHeadingNum: 14
Goal: i=-7 j=1 heading=11
Length: 7.779630
ExecutionTime(ticks): 78
TotalHeadingChange: 1.2472
BendingEnergy: 0.2407
---
Trajectory(x,y):
0.000 0.000
0.072 -0.072
0.145 -0.145
0.217 -0.218
0.288 -0.291
0.360 -0.364
0.431 -0.438
0.501 -0.512
0.570 -0.588
0.639 -0.663
0.707 -0.740
0.774 -0.817
0.840 -0.896
0.904 -0.975
0.968 -1.055
1.030 -1.137
1.091 -1.219
1.150 -1.302
1.208 -1.387
1.264 -1.473
1.319 -1.559
1.371 -1.647
1.422 -1.736
1.471 -1.826
1.518 -1.917
1.563 -2.009
1.605 -2.102
1.646 -2.196
1.684 -2.291
1.720 -2.387
1.754 -2.483
1.785 -2.581
1.814 -2.679
1.841 -2.778
1.865 -2.877
1.886 -2.977
1.906 -3.078
1.922 -3.179
1.936 -3.280
1.948 -3.382
1.957 -3.484
1.964 -3.586
1.968 -3.688
1.970 -3.791
1.969 -3.893
1.966 -3.995
1.961 -4.098
1.953 -4.200
1.943 -4.302
1.931 -4.403
1.916 -4.504
1.899 -4.605
1.881 -4.706
1.860 -4.806
1.837 -4.906
1.813 -5.006
1.786 -5.104
1.758 -5.203
1.729 -5.301
1.697 -5.398
1.664 -5.495
1.630 -5.592
1.594 -5.688
1.557 -5.783
1.519 -5.878
1.480 -5.972
1.439 -6.067
1.398 -6.160
1.356 -6.254
1.313 -6.347
1.270 -6.439
1.225 -6.532
1.181 -6.624
1.136 -6.716
1.091 -6.807
1.045 -6.899
0.999 -6.991
---
CollisionFootprint(i, j, t_in, t_out):
0 0 0.000000 7.013934
-1 0 7.013934 7.172350
-1 1 7.172350 19.825606
-2 1 19.825606 24.237200
-2 2 24.237200 30.964882
-3 2 30.964882 41.213818
-4 2 41.213818 51.270249
-5 2 51.270249 61.629475
-6 2 61.629475 66.184446
-6 1 66.184446 72.518092
-7 1 72.518092 78.000000
=== END ===

=== PRIMITIVE ===
ID: 148
StartHeadingNum: 2
Goal: i=2 j=7 heading=15
Length: 8.030110
ExecutionTime(ticks): 80
TotalHeadingChange: 1.2472
BendingEnergy: 0.2589
---
Trajectory(x,y):
0.000 0.000
0.072 0.072
0.144 0.144
0.216 0.216
0.288 0.287
0.360 0.359
0.432 0.431
0.504 0.502
0.576 0.574
0.649 0.645
0.722 0.716
0.795 0.787
0.868 0.857
0.942 0.927
1.016 0.997
1.090 1.066
1.165 1.135
1.240 1.203
1.316 1.271
1.392 1.338
1.470 1.404
1.547 1.469
1.626 1.534
1.705 1.598
1.785 1.661
1.866 1.722
1.947 1.783
2.030 1.842
2.113 1.901
2.197 1.957
2.283 2.013
2.369 2.067
2.456 2.119
2.544 2.170
2.633 2.218
2.723 2.266
2.814 2.311
2.906 2.354
2.999 2.395
3.093 2.434
3.188 2.471
3.283 2.505
3.380 2.538
3.477 2.567
3.575 2.595
3.674 2.619
3.773 2.641
3.872 2.661
3.973 2.678
4.073 2.692
4.174 2.704
4.276 2.712
4.377 2.718
4.479 2.721
4.580 2.722
4.682 2.719
4.783 2.714
4.885 2.706
4.986 2.696
5.087 2.682
5.187 2.667
5.287 2.648
5.387 2.628
5.486 2.604
5.584 2.579
5.682 2.551
5.779 2.521
5.875 2.489
5.971 2.456
6.067 2.420
6.161 2.383
6.255 2.344
6.349 2.304
6.441 2.263
6.534 2.220
6.626 2.177
6.717 2.133
6.809 2.088
6.900 2.043
6.991 1.998
---
CollisionFootprint(i, j, t_in, t_out):
0 0 0.000000 7.032130
0 1 7.032130 7.057036
1 1 7.057036 20.651059
1 2 20.651059 21.742964
2 2 21.742964 32.913076
2 3 32.913076 41.357410
3 3 41.357410 43.782316
3 4 43.782316 53.883437
3 5 53.883437 63.945704
3 6 63.945704 67.520299
2 6 67.520299 74.565878
2 7 74.565878 80.000000
=== END ===

=== PRIMITIVE ===
ID: 149
StartHeadingNum: 6
Goal: i=7 j=-2 heading=3
Length: 8.030110
ExecutionTime(ticks): 80
TotalHeadingChange: 1.2472
BendingEnergy: 0.2589
---
Trajectory(x,y):
0.000 0.000
-0.072 0.072
-0.144 0.144
-0.216 0.216
-0.287 0.288
-0.359 0.360
-0.431 0.432
-0.502 0.504
-0.574 0.576
-0.645 0.649
-0.716 0.722
-0.787 0.795
-0.857 0.868
-0.927 0.942
-0.997 1.016
-1.066 1.090
-1.135 1.165
-1.203 1.240
-1.271 1.316
-1.338 1.392
-1.404 1.470
-1.469 1.547
-1.534 1.626
-1.598 1.705
-1.661 1.785
-1.722 1.866
-1.783 1.947
-1.842 2.030
-1.901 2.113
-1.957 2.197
-2.013 2.283
-2.067 2.369
-2.119 2.456
-2.170 2.544
-2.218 2.633
-2.266 2.723
-2.311 2.814
-2.354 2.906
-2.395 2.999
-2.434 3.093
-2.471 3.188
-2.505 3.283
-2.538 3.380
-2.567 3.477
-2.595 3.575
-2.619 3.674
-2.641 3.773
-2.661 3.872
-2.678 3.973
-2.692 4.073
-2.704 4.174
-2.712 4.276
-2.718 4.377
-2.721 4.479
-2.722 4.580
-2.719 4.682
-2.714 4.783
-2.706 4.885
-2.696 4.986
-2.682 5.087
-2.667 5.187
-2.648 5.287
-2.628 5.387
-2.604 5.486
-2.579 5.584
-2.551 5.682
-2.521 5.779
-2.489 5.875
-2.456 5.971
-2.420 6.067
-2.383 6.161
-2.344 6.255
-2.304 6.349
-2.263 6.441
-2.220 6.534
-2.177 6.626
-2.133 6.717
-2.088 6.809
-2.043 6.900
-1.998 6.991
---
CollisionFootprint(i, j, t_in, t_out):
0 0 0.000000 7.032130
1 0 7.032130 7.057036
1 -1 7.057036 20.651059
2 -1 20.651059 21.742964
2 -2 21.742964 32.913076
3 -2 32.913076 41.357410
3 -3 41.357410 43.782316
4 -3 43.782316 53.883437
5 -3 53.883437 63.945704
6 -3 63.945704 67.520299
6 -2 67.520299 74.565878
7 -2 74.565878 80.000000
=== END ===

=== PRIMITIVE ===
ID: 150
StartHeadingNum: 10
Goal: i=-2 j=-7 heading=7
Length: 8.030110
ExecutionTime(ticks): 80
TotalHeadingChange: 1.2472
BendingEnergy: 0.2589
---
Trajectory(x,y):
0.000 0.000
-0.072 -0.072
-0.144 -0.144
-0.216 -0.216
-0.288 -0.287
-0.360 -0.359
-0.432 -0.431
-0.504 -0.502
-0.576 -0.574
-0.649 -0.645
-0.722 -0.716
-0.795 -0.787
-0.868 -0.857
-0.942 -0.927
-1.016 -0.997
-1.090 -1.066
-1.165 -1.135
-1.240 -1.203
-1.316 -1.271
-1.392 -1.338
-1.470 -1.404
-1.547 -1.469
-1.626 -1.534
-1.705 -1.598
-1.785 -1.661
-1.866 -1.722
-1.947 -1.783
-2.030 -1.842
-2.113 -1.901
-2.197 -1.957
-2.283 -2.013
-2.369 -2.067
-2.456 -2.119
-2.544 -2.170
-2.633 -2.218
-2.723 -2.266
-2.814 -2.311
-2.906 -2.354
-2.999 -2.395
-3.093 -2.434
-3.188 -2.471
-3.283 -2.505
-3.380 -2.538
-3.477 -2.567
-3.575 -2.595
-3.674 -2.619
-3.773 -2.641
-3.872 -2.661
-3.973 -2.678
-4.073 -2.692
-4.174 -2.704
-4.276 -2.712
-4.377 -2.718
-4.479 -2.721
-4.580 -2.722
-4.682 -2.719
-4.783 -2.714
-4.885 -2.706
-4.986 -2.696
-5.087 -2.682
-5.187 -2.667
-5.287 -2.648
-5.387 -2.628
-5.486 -2.604
-5.584 -2.579
-5.682 -2.551
-5.779 -2.521
-5.875 -2.489
-5.971 -2.456
-6.067 -2.420
-6.161 -2.383
-6.255 -2.344
-6.349 -2.304
-6.441 -2.263
-6.534 -2.220
-6.626 -2.177
-6.717 -2.133
-6.809 -2.088
-6.900 -2.043
-6.991 -1.998
---
CollisionFootprint(i, j, t_in, t_out):
0 0 0.000000 7.032130
0 -1 7.032130 7.057036
-1 -1 7.057036 20.651059
-1 -2 20.651059 21.742964
-2 -2 21.742964 32.913076
-2 -3 32.913076 41.357410
-3 -3 41.357410 43.782316
-3 -4 43.782316 53.883437
-3 -5 53.883437 63.945704
-3 -6 63.945704 67.520299
-2 -6 67.520299 74.565878
-2 -7 74.565878 80.000000
=== END ===

=== PRIMITIVE ===
ID: 151
StartHeadingNum: 14
Goal: i=-7 j=2 heading=11
Length: 8.030110
ExecutionTime(ticks): 80
TotalHeadingChange: 1.2472
BendingEnergy: 0.2589
---
Trajectory(x,y):
0.000 0.000
0.072 -0.072
0.144 -0.144
0.216 -0.216
0.287 -0.288
0.359 -0.360
0.431 -0.432
0.502 -0.504
0.574 -0.576
0.645 -0.649
0.716 -0.722
0.787 -0.795
0.857 -0.868
0.927 -0.942
0.997 -1.016
1.066 -1.090
1.135 -1.165
1.203 -1.240
1.271 -1.316
1.338 -1.392
1.404 -1.470
1.469 -1.547
1.534 -1.626
1.598 -1.705
1.661 -1.785
1.722 -1.866
1.783 -1.947
1.842 -2.030
1.901 -2.113
1.957 -2.197
2.013 -2.283
2.067 -2.369
2.119 -2.456
2.170 -2.544
2.218 -2.633
2.266 -2.723
2.311 -2.814
2.354 -2.906
2.395 -2.999
2.434 -3.093
2.471 -3.188
2.505 -3.283
2.538 -3.380
2.567 -3.477
2.595 -3.575
2.619 -3.674
2.641 -3.773
2.661 -3.872
2.678 -3.973
2.692 -4.073
2.704 -4.174
2.712 -4.276
2.718 -4.377
2.721 -4.479
2.722 -4.580
2.719 -4.682
2.714 -4.783
2.706 -4.885
2.696 -4.986
2.682 -5.087
2.667 -5.187
2.648 -5.287
2.628 -5.387
2.604 -5.486
2.579 -5.584
2.551 -5.682
2.521 -5.779
2.489 -5.875
2.456 -5.971
2.420 -6.067
2.383 -6.161
2.344 -6.255
2.304 -6.349
2.263 -6.441
2.220 -6.534
2.177 -6.626
2.133 -6.717
2.088 -6.809
2.043 -6.900
1.998 -6.991
---
CollisionFootprint(i, j, t_in, t_out):
0 0 0.000000 7.032130
-1 0 7.032130 7.057036
-1 1 7.057036 20.651059
-2 1 20.651059 21.742964
-2 2 21.742964 32.913076
-3 2 32.913076 41.357410
-3 3 41.357410 43.782316
-4 3 43.782316 53.883437
-5 3 53.883437 63.945704
-6 3 63.945704 67.520299
-6 2 67.520299 74.565878
-7 2 74.565878 80.000000
=== END ===

=== PRIMITIVE ===
ID: 152
StartHeadingNum: 2
Goal: i=4 j=5 heading=1
Length: 6.437178
ExecutionTime(ticks): 64
TotalHeadingChange: 0.3314
BendingEnergy: 0.0258
---
Trajectory(x,y):
0.000 0.000
0.072 0.072
0.144 0.145
0.217 0.217
0.289 0.289
0.361 0.362
0.433 0.434
0.505 0.506
0.577 0.579
0.649 0.652
0.721 0.724
0.793 0.797
0.865 0.869
0.937 0.942
1.008 1.015
1.080 1.087
1.152 1.160
1.225 1.232
1.297 1.304
1.369 1.376
1.442 1.448
1.515 1.520
1.588 1.591
1.661 1.662
1.735 1.733
1.809 1.804
1.883 1.874
1.958 1.944
2.033 2.013
2.108 2.082
2.184 2.150
2.261 2.218
2.338 2.285
2.415 2.352
2.493 2.418
2.572 2.483
2.651 2.548
2.730 2.612
2.811 2.675
2.892 2.737
2.973 2.799
3.055 2.859
3.138 2.919
3.222 2.978
3.306 3.037
3.390 3.094
3.475 3.150
3.561 3.206
3.647 3.261
3.734 3.314
3.822 3.367
3.910 3.419
3.998 3.471
4.087 3.521
4.176 3.571
4.266 3.620
4.356 3.668
4.446 3.716
4.537 3.763
4.628 3.810
4.719 3.856
4.810 3.902
4.901 3.948
4.992 3.994
---
CollisionFootprint(i, j, t_in, t_out):
0 0 0.000000 7.020910
1 0 7.020910 7.039801
1 1 7.039801 21.053783
2 1 21.053783 21.127357
2 2 21.127357 34.630294
2 3 34.630294 35.819419
3 3 35.819419 47.022650
3 4 47.022650 53.415691
4 4 53.415691 58.510238
4 5 58.510238 64.000000
=== END ===

=== PRIMITIVE ===
ID: 153
StartHeadingNum: 6
Goal: i=5 j=-4 heading=5
Length: 6.437178
ExecutionTime(ticks): 64
TotalHeadingChange: 0.3314
BendingEnergy: 0.0258
---
Trajectory(x,y):
0.000 0.000
-0.072 0.072
-0.145 0.144
-0.217 0.217
-0.289 0.289
-0.362 0.361
-0.434 0.433
-0.506 0.505
-0.579 0.577
-0.652 0.649
-0.724 0.721
-0.797 0.793
-0.869 0.865
-0.942 0.937
-1.015 1.008
-1.087 1.080
-1.160 1.152
-1.232 1.225
-1.304 1.297
-1.376 1.369
-1.448 1.442
-1.520 1.515
-1.591 1.588
-1.662 1.661
-1.733 1.735
-1.804 1.809
-1.874 1.883
-1.944 1.958
-2.013 2.033
-2.082 2.108
-2.150 2.184
-2.218 2.261
-2.285 2.338
-2.352 2.415
-2.418 2.493
-2.483 2.572
-2.548 2.651
-2.612 2.730
-2.675 2.811
-2.737 2.892
-2.799 2.973
-2.859 3.055
-2.919 3.138
-2.978 3.222
-3.037 3.306
-3.094 3.390
-3.150 3.475
-3.206 3.561
-3.261 3.647
-3.314 3.734
-3.367 3.822
-3.419 3.910
-3.471 3.998
-3.521 4.087
-3.571 4.176
-3.620 4.266
-3.668 4.356
-3.716 4.446
-3.763 4.537
-3.810 4.628
-3.856 4.719
-3.902 4.810
-3.948 4.901
-3.994 4.992
---
CollisionFootprint(i, j, t_in, t_out):
0 0 0.000000 7.020910
0 -1 7.020910 7.039801
1 -1 7.039801 21.053783
1 -2 21.053783 21.127357
2 -2 21.127357 34.630294
3 -2 34.630294 35.819419
3 -3 35.819419 47.022650
4 -3 47.022650 53.415691
4 -4 53.415691 58.510238
5 -4 58.510238 64.000000
=== END ===

=== PRIMITIVE ===
ID: 154
StartHeadingNum: 10
Goal: i=-4 j=-5 heading=9
Length: 6.437178
ExecutionTime(ticks): 64
TotalHeadingChange: 0.3314
BendingEnergy: 0.0258
---
Trajectory(x,y):
0.000 0.000
-0.072 -0.072
-0.144 -0.145
-0.217 -0.217
-0.289 -0.289
-0.361 -0.362
-0.433 -0.434
-0.505 -0.506
-0.577 -0.579
-0.649 -0.652
-0.721 -0.724
-0.793 -0.797
-0.865 -0.869
-0.937 -0.942
-1.008 -1.015
-1.080 -1.087
-1.152 -1.160
-1.225 -1.232
-1.297 -1.304
-1.369 -1.376
-1.442 -1.448
-1.515 -1.520
-1.588 -1.591
-1.661 -1.662
-1.735 -1.733
-1.809 -1.804
-1.883 -1.874
-1.958 -1.944
-2.033 -2.013
-2.108 -2.082
-2.184 -2.150
-2.261 -2.218
-2.338 -2.285
-2.415 -2.352
-2.493 -2.418
-2.572 -2.483
-2.651 -2.548
-2.730 -2.612
-2.811 -2.675
-2.892 -2.737
-2.973 -2.799
-3.055 -2.859
-3.138 -2.919
-3.222 -2.978
-3.306 -3.037
-3.390 -3.094
-3.475 -3.150
-3.561 -3.206
-3.647 -3.261
-3.734 -3.314
-3.822 -3.367
-3.910 -3.419
-3.998 -3.471
-4.087 -3.521
-4.176 -3.571
-4.266 -3.620
-4.356 -3.668
-4.446 -3.716
-4.537 -3.763
-4.628 -3.810
-4.719 -3.856
-4.810 -3.902
-4.901 -3.948
-4.992 -3.994
---
CollisionFootprint(i, j, t_in, t_out):
0 0 0.000000 7.020910
-1 0 7.020910 7.039801
-1 -1 7.039801 21.053783
-2 -1 21.053783 21.127357
-2 -2 21.127357 34.630294
-2 -3 34.630294 35.819419
-3 -3 35.819419 47.022650
-3 -4 47.022650 53.415691
-4 -4 53.415691 58.510238
-4 -5 58.510238 64.000000
=== END ===

=== PRIMITIVE ===
ID: 155
StartHeadingNum: 14
Goal: i=-5 j=4 heading=13
Length: 6.437178
ExecutionTime(ticks): 64
TotalHeadingChange: 0.3314
BendingEnergy: 0.0258
---
Trajectory(x,y):
0.000 0.000
0.072 -0.072
0.145 -0.144
0.217 -0.217
0.289 -0.289
0.362 -0.361
0.434 -0.433
0.506 -0.505
0.579 -0.577
0.652 -0.649
0.724 -0.721
0.797 -0.793
0.869 -0.865
0.942 -0.937
1.015 -1.008
1.087 -1.080
1.160 -1.152
1.232 -1.225
1.304 -1.297
1.376 -1.369
1.448 -1.442
1.520 -1.515
1.591 -1.588
1.662 -1.661
1.733 -1.735
1.804 -1.809
1.874 -1.883
1.944 -1.958
2.013 -2.033
2.082 -2.108
2.150 -2.184
2.218 -2.261
2.285 -2.338
2.352 -2.415
2.418 -2.493
2.483 -2.572
2.548 -2.651
2.612 -2.730
2.675 -2.811
2.737 -2.892
2.799 -2.973
2.859 -3.055
2.919 -3.138
2.978 -3.222
3.037 -3.306
3.094 -3.390
3.150 -3.475
3.206 -3.561
3.261 -3.647
3.314 -3.734
3.367 -3.822
3.419 -3.910
3.471 -3.998
3.521 -4.087
3.571 -4.176
3.620 -4.266
3.668 -4.356
3.716 -4.446
3.763 -4.537
3.810 -4.628
3.856 -4.719
3.902 -4.810
3.948 -4.901
3.994 -4.992
---
CollisionFootprint(i, j, t_in, t_out):
0 0 0.000000 7.020910
0 1 7.020910 7.039801
-1 1 7.039801 21.053783
-1 2 21.053783 21.127357
-2 2 21.127357 34.630294
-3 2 34.630294 35.819419
-3 3 35.819419 47.022650
-4 3 47.022650 53.415691
-4 4 53.415691 58.510238
-5 4 58.510238 64.000000
=== END ===

=== PRIMITIVE ===
ID: 156
StartHeadingNum: 2
Goal: i=3 j=7 heading=0
Length: 7.898615
ExecutionTime(ticks): 79
TotalHeadingChange: 0.7843
BendingEnergy: 0.0937
---
Trajectory(x,y):
0.000 0.000
0.073 0.073
0.145 0.145
0.218 0.217
0.291 0.290
0.364 0.362
0.437 0.433
0.510 0.505
0.584 0.576
0.658 0.647
0.733 0.717
0.808 0.787
0.884 0.857
0.960 0.926
1.036 0.994
1.113 1.062
1.191 1.129
1.269 1.195
1.348 1.261
1.428 1.325
1.508 1.389
1.589 1.452
1.671 1.514
1.753 1.575
1.836 1.635
1.920 1.695
2.004 1.753
2.090 1.810
2.176 1.865
2.263 1.920
2.350 1.973
2.439 2.025
2.528 2.076
2.618 2.126
2.708 2.174
2.799 2.221
2.891 2.267
2.984 2.311
3.077 2.354
3.171 2.395
3.265 2.435
3.360 2.473
3.456 2.510
3.552 2.546
3.649 2.580
3.746 2.612
3.844 2.643
3.942 2.673
4.041 2.701
4.140 2.728
4.240 2.753
4.339 2.777
4.439 2.799
4.540 2.820
4.641 2.839
4.742 2.857
4.843 2.874
4.944 2.890
5.046 2.904
5.148 2.917
5.249 2.929
5.351 2.939
5.454 2.949
5.556 2.957
5.658 2.965
5.761 2.971
5.863 2.977
5.965 2.981
6.068 2.985
6.170 2.988
6.273 2.991
6.376 2.993
6.478 2.994
6.581 2.995
6.683 2.996
6.786 2.996
6.888 2.997
6.991 2.997
---
CollisionFootprint(i, j, t_in, t_out):
0 0 0.000000 7.035836
0 1 7.035836 7.109850
1 1 7.109850 20.418377
1 2 20.418377 22.334741
2 2 22.334741 32.512673
2 3 32.512673 42.800627
3 3 42.800627 43.559771
3 4 43.559771 53.969747
3 5 53.969747 64.075666
3 6 64.075666 74.088567
3 7 74.088567 79.000000
=== END ===

=== PRIMITIVE ===
ID: 157
StartHeadingNum: 6
Goal: i=7 j=-3 heading=4
Length: 7.898615
ExecutionTime(ticks): 79
TotalHeadingChange: 0.7843
BendingEnergy: 0.0937
---
Trajectory(x,y):
0.000 0.000
-0.073 0.073
-0.145 0.145
-0.217 0.218
-0.290 0.291
-0.362 0.364
-0.433 0.437
-0.505 0.510
-0.576 0.584
-0.647 0.658
-0.717 0.733
-0.787 0.808
-0.857 0.884
-0.926 0.960
-0.994 1.036
-1.062 1.113
-1.129 1.191
-1.195 1.269
-1.261 1.348
-1.325 1.428
-1.389 1.508
-1.452 1.589
-1.514 1.671
-1.575 1.753
-1.635 1.836
-1.695 1.920
-1.753 2.004
-1.810 2.090
-1.865 2.176
-1.920 2.263
-1.973 2.350
-2.025 2.439
-2.076 2.528
-2.126 2.618
-2.174 2.708
-2.221 2.799
-2.267 2.891
-2.311 2.984
-2.354 3.077
-2.395 3.171
-2.435 3.265
-2.473 3.360
-2.510 3.456
-2.546 3.552
-2.580 3.649
-2.612 3.746
-2.643 3.844
-2.673 3.942
-2.701 4.041
-2.728 4.140
-2.753 4.240
-2.777 4.339
-2.799 4.439
-2.820 4.540
-2.839 4.641
-2.857 4.742
-2.874 4.843
-2.890 4.944
-2.904 5.046
-2.917 5.148
-2.929 5.249
-2.939 5.351
-2.949 5.454
-2.957 5.556
-2.965 5.658
-2.971 5.761
-2.977 5.863
-2.981 5.965
-2.985 6.068
-2.988 6.170
-2.991 6.273
-2.993 6.376
-2.994 6.478
-2.995 6.581
-2.996 6.683
-2.996 6.786
-2.997 6.888
-2.997 6.991
---
CollisionFootprint(i, j, t_in, t_out):
0 0 0.000000 7.035836
1 0 7.035836 7.109850
1 -1 7.109850 20.418377
2 -1 20.418377 22.334741
2 -2 22.334741 32.512673
3 -2 32.512673 42.800627
3 -3 42.800627 43.559771
4 -3 43.559771 53.969747
5 -3 53.969747 64.075666
6 -3 64.075666 74.088567
7 -3 74.088567 79.000000
=== END ===

=== PRIMITIVE ===
ID: 158
StartHeadingNum: 10
Goal: i=-3 j=-7 heading=8
Length: 7.898615
ExecutionTime(ticks): 79
TotalHeadingChange: 0.7843
BendingEnergy: 0.0937
---
Trajectory(x,y):
0.000 0.000
-0.073 -0.073
-0.145 -0.145
-0.218 -0.217
-0.291 -0.290
-0.364 -0.362
-0.437 -0.433
-0.510 -0.505
-0.584 -0.576
-0.658 -0.647
-0.733 -0.717
-0.808 -0.787
-0.884 -0.857
-0.960 -0.926
-1.036 -0.994
-1.113 -1.062
-1.191 -1.129
-1.269 -1.195
-1.348 -1.261
-1.428 -1.325
-1.508 -1.389
-1.589 -1.452
-1.671 -1.514
-1.753 -1.575
-1.836 -1.635
-1.920 -1.695
-2.004 -1.753
-2.090 -1.810
-2.176 -1.865
-2.263 -1.920
-2.350 -1.973
-2.439 -2.025
-2.528 -2.076
-2.618 -2.126
-2.708 -2.174
-2.799 -2.221
-2.891 -2.267
-2.984 -2.311
-3.077 -2.354
-3.171 -2.395
-3.265 -2.435
-3.360 -2.473
-3.456 -2.510
-3.552 -2.546
-3.649 -2.580
-3.746 -2.612
-3.844 -2.643
-3.942 -2.673
-4.041 -2.701
-4.140 -2.728
-4.240 -2.753
-4.339 -2.777
-4.439 -2.799
-4.540 -2.820
-4.641 -2.839
-4.742 -2.857
-4.843 -2.874
-4.944 -2.890
-5.046 -2.904
-5.148 -2.917
-5.249 -2.929
-5.351 -2.939
-5.454 -2.949
-5.556 -2.957
-5.658 -2.965
-5.761 -2.971
-5.863 -2.977
-5.965 -2.981
-6.068 -2.985
-6.170 -2.988
-6.273 -2.991
-6.376 -2.993
-6.478 -2.994
-6.581 -2.995
-6.683 -2.996
-6.786 -2.996
-6.888 -2.997
-6.991 -2.997
---
CollisionFootprint(i, j, t_in, t_out):
0 0 0.000000 7.035836
0 -1 7.035836 7.109850
-1 -1 7.109850 20.418377
-1 -2 20.418377 22.334741
-2 -2 22.334741 32.512673
-2 -3 32.512673 42.800627
-3 -3 42.800627 43.559771
-3 -4 43.559771 53.969747
-3 -5 53.969747 64.075666
-3 -6 64.075666 74.088567
-3 -7 74.088567 79.000000
=== END ===

=== PRIMITIVE ===
ID: 159
StartHeadingNum: 14
Goal: i=-7 j=3 heading=12
Length: 7.898615
ExecutionTime(ticks): 79
TotalHeadingChange: 0.7843
BendingEnergy: 0.0937
---
Trajectory(x,y):
0.000 0.000
0.073 -0.073
0.145 -0.145
0.217 -0.218
0.290 -0.291
0.362 -0.364
0.433 -0.437
0.505 -0.510
0.576 -0.584
0.647 -0.658
0.717 -0.733
0.787 -0.808
0.857 -0.884
0.926 -0.960
0.994 -1.036
1.062 -1.113
1.129 -1.191
1.195 -1.269
1.261 -1.348
1.325 -1.428
1.389 -1.508
1.452 -1.589
1.514 -1.671
1.575 -1.753
1.635 -1.836
1.695 -1.920
1.753 -2.004
1.810 -2.090
1.865 -2.176
1.920 -2.263
1.973 -2.350
2.025 -2.439
2.076 -2.528
2.126 -2.618
2.174 -2.708
2.221 -2.799
2.267 -2.891
2.311 -2.984
2.354 -3.077
2.395 -3.171
2.435 -3.265
2.473 -3.360
2.510 -3.456
2.546 -3.552
2.580 -3.649
2.612 -3.746
2.643 -3.844
2.673 -3.942
2.701 -4.041
2.728 -4.140
2.753 -4.240
2.777 -4.339
2.799 -4.439
2.820 -4.540
2.839 -4.641
2.857 -4.742
2.874 -4.843
2.890 -4.944
2.904 -5.046
2.917 -5.148
2.929 -5.249
2.939 -5.351
2.949 -5.454
2.957 -5.556
2.965 -5.658
2.971 -5.761
2.977 -5.863
2.981 -5.965
2.985 -6.068
2.988 -6.170
2.991 -6.273
2.993 -6.376
2.994 -6.478
2.995 -6.581
2.996 -6.683
2.996 -6.786
2.997 -6.888
2.997 -6.991
---
CollisionFootprint(i, j, t_in, t_out):
0 0 0.000000 7.035836
-1 0 7.035836 7.109850
-1 1 7.109850 20.418377
-2 1 20.418377 22.334741
-2 2 22.334741 32.512673
-3 2 32.512673 42.800627
-3 3 42.800627 43.559771
-4 3 43.559771 53.969747
-5 3 53.969747 64.075666
-6 3 64.075666 74.088567
-7 3 74.088567 79.000000
=== END ===

=== PRIMITIVE ===
ID: 160
StartHeadingNum: 2
Goal: i=3 j=1 heading=4
Length: 3.277282
ExecutionTime(ticks): 33
TotalHeadingChange: 0.7823
BendingEnergy: 0.2502
---
Trajectory(x,y):
0.000 0.000
0.075 0.075
0.149 0.150
0.221 0.227
0.292 0.305
0.361 0.386
0.427 0.468
0.490 0.553
0.550 0.640
0.606 0.730
0.658 0.822
0.706 0.916
0.749 1.013
0.789 1.111
0.824 1.210
0.856 1.311
0.883 1.413
0.907 1.516
0.927 1.620
0.943 1.725
0.957 1.829
0.968 1.935
0.977 2.040
0.984 2.145
0.989 2.251
0.992 2.357
0.995 2.462
0.996 2.568
0.997 2.674
0.998 2.780
0.998 2.885
0.999 2.991
---
CollisionFootprint(i, j, t_in, t_out):
0 0 0.000000 6.788609
1 0 6.788609 7.623402
1 1 7.623402 17.926902
2 1 17.926902 28.056193
3 1 28.056193 33.000000
=== END ===

=== PRIMITIVE ===
ID: 161
StartHeadingNum: 6
Goal: i=1 j=-3 heading=8
Length: 3.277282
ExecutionTime(ticks): 33
TotalHeadingChange: 0.7823
BendingEnergy: 0.2502
---
Trajectory(x,y):
0.000 0.000
-0.075 0.075
-0.150 0.149
-0.227 0.221
-0.305 0.292
-0.386 0.361
-0.468 0.427
-0.553 0.490
-0.640 0.550
-0.730 0.606
-0.822 0.658
-0.916 0.706
-1.013 0.749
-1.111 0.789
-1.210 0.824
-1.311 0.856
-1.413 0.883
-1.516 0.907
-1.620 0.927
-1.725 0.943
-1.829 0.957
-1.935 0.968
-2.040 0.977
-2.145 0.984
-2.251 0.989
-2.357 0.992
-2.462 0.995
-2.568 0.996
-2.674 0.997
-2.780 0.998
-2.885 0.998
-2.991 0.999
---
CollisionFootprint(i, j, t_in, t_out):
0 0 0.000000 6.788609
0 -1 6.788609 7.623402
1 -1 7.623402 17.926902
1 -2 17.926902 28.056193
1 -3 28.056193 33.000000
=== END ===

=== PRIMITIVE ===
ID: 162
StartHeadingNum: 10
Goal: i=-3 j=-1 heading=12
Length: 3.277282
ExecutionTime(ticks): 33
TotalHeadingChange: 0.7823
BendingEnergy: 0.2502
---
Trajectory(x,y):
0.000 0.000
-0.075 -0.075
-0.149 -0.150
-0.221 -0.227
-0.292 -0.305
-0.361 -0.386
-0.427 -0.468
-0.490 -0.553
-0.550 -0.640
-0.606 -0.730
-0.658 -0.822
-0.706 -0.916
-0.749 -1.013
-0.789 -1.111
-0.824 -1.210
-0.856 -1.311
-0.883 -1.413
-0.907 -1.516
-0.927 -1.620
-0.943 -1.725
-0.957 -1.829
-0.968 -1.935
-0.977 -2.040
-0.984 -2.145
-0.989 -2.251
-0.992 -2.357
-0.995 -2.462
-0.996 -2.568
-0.997 -2.674
-0.998 -2.780
-0.998 -2.885
-0.999 -2.991
---
CollisionFootprint(i, j, t_in, t_out):
0 0 0.000000 6.788609
-1 0 6.788609 7.623402
-1 -1 7.623402 17.926902
-2 -1 17.926902 28.056193
-3 -1 28.056193 33.000000
=== END ===

=== PRIMITIVE ===
ID: 163
StartHeadingNum: 14
Goal: i=-1 j=3 heading=0
Length: 3.277282
ExecutionTime(ticks): 33
TotalHeadingChange: 0.7823
BendingEnergy: 0.2502
---
Trajectory(x,y):
0.000 0.000
0.075 -0.075
0.150 -0.149
0.227 -0.221
0.305 -0.292
0.386 -0.361
0.468 -0.427
0.553 -0.490
0.640 -0.550
0.730 -0.606
0.822 -0.658
0.916 -0.706
1.013 -0.749
1.111 -0.789
1.210 -0.824
1.311 -0.856
1.413 -0.883
1.516 -0.907
1.620 -0.927
1.725 -0.943
1.829 -0.957
1.935 -0.968
2.040 -0.977
2.145 -0.984
2.251 -0.989
2.357 -0.992
2.462 -0.995
2.568 -0.996
2.674 -0.997
2.780 -0.998
2.885 -0.998
2.991 -0.999
---
CollisionFootprint(i, j, t_in, t_out):
0 0 0.000000 6.788609
0 1 6.788609 7.623402
-1 1 7.623402 17.926902
-1 2 17.926902 28.056193
-1 3 28.056193 33.000000
=== END ===

=== PRIMITIVE ===
ID: 164
StartHeadingNum: 2
Goal: i=4 j=1 heading=5
Length: 4.536854
ExecutionTime(ticks): 45
TotalHeadingChange: 1.2457
BendingEnergy: 0.4340
---
Trajectory(x,y):
0.000 0.000
0.073 0.073
0.146 0.146
0.218 0.219
0.290 0.293
0.362 0.367
0.433 0.442
0.503 0.517
0.573 0.594
0.641 0.671
0.707 0.750
0.773 0.829
0.836 0.911
0.898 0.994
0.957 1.078
1.014 1.164
1.068 1.252
1.119 1.341
1.168 1.432
1.212 1.525
1.254 1.619
1.291 1.715
1.325 1.813
1.354 1.912
1.379 2.012
1.400 2.113
1.416 2.215
1.427 2.317
1.434 2.420
1.436 2.523
1.433 2.626
1.425 2.729
1.413 2.831
1.397 2.933
1.376 3.034
1.351 3.134
1.322 3.233
1.290 3.331
1.255 3.428
1.217 3.524
1.176 3.619
1.134 3.713
1.090 3.806
1.045 3.899
0.999 3.991
---
CollisionFootprint(i, j, t_in, t_out):
0 0 0.000000 6.927006
1 0 6.927006 7.109518
1 1 7.109518 19.159246
2 1 19.159246 29.430478
3 1 29.430478 39.630293
4 1 39.630293 45.000000
=== END ===

=== PRIMITIVE ===
ID: 165
StartHeadingNum: 6
Goal: i=1 j=-4 heading=9
Length: 4.536854
ExecutionTime(ticks): 45
TotalHeadingChange: 1.2457
BendingEnergy: 0.4340
---
Trajectory(x,y):
0.000 0.000
-0.073 0.073
-0.146 0.146
-0.219 0.218
-0.293 0.290
-0.367 0.362
-0.442 0.433
-0.517 0.503
-0.594 0.573
-0.671 0.641
-0.750 0.707
-0.829 0.773
-0.911 0.836
-0.994 0.898
-1.078 0.957
-1.164 1.014
-1.252 1.068
-1.341 1.119
-1.432 1.168
-1.525 1.212
-1.619 1.254
-1.715 1.291
-1.813 1.325
-1.912 1.354
-2.012 1.379
-2.113 1.400
-2.215 1.416
-2.317 1.427
-2.420 1.434
-2.523 1.436
-2.626 1.433
-2.729 1.425
-2.831 1.413
-2.933 1.397
-3.034 1.376
-3.134 1.351
-3.233 1.322
-3.331 1.290
-3.428 1.255
-3.524 1.217
-3.619 1.176
-3.713 1.134
-3.806 1.090
-3.899 1.045
-3.991 0.999
---
CollisionFootprint(i, j, t_in, t_out):
0 0 0.000000 6.927006
0 -1 6.927006 7.109518
1 -1 7.109518 19.159246
1 -2 19.159246 29.430478
1 -3 29.430478 39.630293
1 -4 39.630293 45.000000
=== END ===

=== PRIMITIVE ===
ID: 166
StartHeadingNum: 10
Goal: i=-4 j=-1 heading=13
Length: 4.536854
ExecutionTime(ticks): 45
TotalHeadingChange: 1.2457
BendingEnergy: 0.4340
---
Trajectory(x,y):
0.000 0.000
-0.073 -0.073
-0.146 -0.146
-0.218 -0.219
-0.290 -0.293
-0.362 -0.367
-0.433 -0.442
-0.503 -0.517
-0.573 -0.594
-0.641 -0.671
-0.707 -0.750
-0.773 -0.829
-0.836 -0.911
-0.898 -0.994
-0.957 -1.078
-1.014 -1.164
-1.068 -1.252
-1.119 -1.341
-1.168 -1.432
-1.212 -1.525
-1.254 -1.619
-1.291 -1.715
-1.325 -1.813
-1.354 -1.912
-1.379 -2.012
-1.400 -2.113
-1.416 -2.215
-1.427 -2.317
-1.434 -2.420
-1.436 -2.523
-1.433 -2.626
-1.425 -2.729
-1.413 -2.831
-1.397 -2.933
-1.376 -3.034
-1.351 -3.134
-1.322 -3.233
-1.290 -3.331
-1.255 -3.428
-1.217 -3.524
-1.176 -3.619
-1.134 -3.713
-1.090 -3.806
-1.045 -3.899
-0.999 -3.991
---
CollisionFootprint(i, j, t_in, t_out):
0 0 0.000000 6.927006
-1 0 6.927006 7.109518
-1 -1 7.109518 19.159246
-2 -1 19.159246 29.430478
-3 -1 29.430478 39.630293
-4 -1 39.630293 45.000000
=== END ===

=== PRIMITIVE ===
ID: 167
StartHeadingNum: 14
Goal: i=-1 j=4 heading=1
Length: 4.536854
ExecutionTime(ticks): 45
TotalHeadingChange: 1.2457
BendingEnergy: 0.4340
---
Trajectory(x,y):
0.000 0.000
0.073 -0.073
0.146 -0.146
0.219 -0.218
0.293 -0.290
0.367 -0.362
0.442 -0.433
0.517 -0.503
0.594 -0.573
0.671 -0.641
0.750 -0.707
0.829 -0.773
0.911 -0.836
0.994 -0.898
1.078 -0.957
1.164 -1.014
1.252 -1.068
1.341 -1.119
1.432 -1.168
1.525 -1.212
1.619 -1.254
1.715 -1.291
1.813 -1.325
1.912 -1.354
2.012 -1.379
2.113 -1.400
2.215 -1.416
2.317 -1.427
2.420 -1.434
2.523 -1.436
2.626 -1.433
2.729 -1.425
2.831 -1.413
2.933 -1.397
3.034 -1.376
3.134 -1.351
3.233 -1.322
3.331 -1.290
3.428 -1.255
3.524 -1.217
3.619 -1.176
3.713 -1.134
3.806 -1.090
3.899 -1.045
3.991 -0.999
---
CollisionFootprint(i, j, t_in, t_out):
0 0 0.000000 6.927006
0 1 6.927006 7.109518
-1 1 7.109518 19.159246
-1 2 19.159246 29.430478
-1 3 29.430478 39.630293
-1 4 39.630293 45.000000
=== END ===

=== PRIMITIVE ===
ID: 168
StartHeadingNum: 2
Goal: i=1 j=3 heading=0
Length: 3.277282
ExecutionTime(ticks): 33
TotalHeadingChange: 0.7823
BendingEnergy: 0.2502
---
Trajectory(x,y):
0.000 0.000
0.075 0.075
0.150 0.149
0.227 0.221
0.305 0.292
0.386 0.361
0.468 0.427
0.553 0.490
0.640 0.550
0.730 0.606
0.822 0.658
0.916 0.706
1.013 0.749
1.111 0.789
1.210 0.824
1.311 0.856
1.413 0.883
1.516 0.907
1.620 0.927
1.725 0.943
1.829 0.957
1.935 0.968
2.040 0.977
2.145 0.984
2.251 0.989
2.357 0.992
2.462 0.995
2.568 0.996
2.674 0.997
2.780 0.998
2.885 0.998
2.991 0.999
---
CollisionFootprint(i, j, t_in, t_out):
0 0 0.000000 6.788609
0 1 6.788609 7.623402
1 1 7.623402 17.926902
1 2 17.926902 28.056193
1 3 28.056193 33.000000
=== END ===

=== PRIMITIVE ===
ID: 169
StartHeadingNum: 6
Goal: i=3 j=-1 heading=4
Length: 3.277282
ExecutionTime(ticks): 33
TotalHeadingChange: 0.7823
BendingEnergy: 0.2502
---
Trajectory(x,y):
0.000 0.000
-0.075 0.075
-0.149 0.150
-0.221 0.227
-0.292 0.305
-0.361 0.386
-0.427 0.468
-0.490 0.553
-0.550 0.640
-0.606 0.730
-0.658 0.822
-0.706 0.916
-0.749 1.013
-0.789 1.111
-0.824 1.210
-0.856 1.311
-0.883 1.413
-0.907 1.516
-0.927 1.620
-0.943 1.725
-0.957 1.829
-0.968 1.935
-0.977 2.040
-0.984 2.145
-0.989 2.251
-0.992 2.357
-0.995 2.462
-0.996 2.568
-0.997 2.674
-0.998 2.780
-0.998 2.885
-0.999 2.991
---
CollisionFootprint(i, j, t_in, t_out):
0 0 0.000000 6.788609
1 0 6.788609 7.623402
1 -1 7.623402 17.926902
2 -1 17.926902 28.056193
3 -1 28.056193 33.000000
=== END ===

=== PRIMITIVE ===
ID: 170
StartHeadingNum: 10
Goal: i=-1 j=-3 heading=8
Length: 3.277282
ExecutionTime(ticks): 33
TotalHeadingChange: 0.7823
BendingEnergy: 0.2502
---
Trajectory(x,y):
0.000 0.000
-0.075 -0.075
-0.150 -0.149
-0.227 -0.221
-0.305 -0.292
-0.386 -0.361
-0.468 -0.427
-0.553 -0.490
-0.640 -0.550
-0.730 -0.606
-0.822 -0.658
-0.916 -0.706
-1.013 -0.749
-1.111 -0.789
-1.210 -0.824
-1.311 -0.856
-1.413 -0.883
-1.516 -0.907
-1.620 -0.927
-1.725 -0.943
-1.829 -0.957
-1.935 -0.968
-2.040 -0.977
-2.145 -0.984
-2.251 -0.989
-2.357 -0.992
-2.462 -0.995
-2.568 -0.996
-2.674 -0.997
-2.780 -0.998
-2.885 -0.998
-2.991 -0.999
---
CollisionFootprint(i, j, t_in, t_out):
0 0 0.000000 6.788609
0 -1 6.788609 7.623402
-1 -1 7.623402 17.926902
-1 -2 17.926902 28.056193
-1 -3 28.056193 33.000000
=== END ===

=== PRIMITIVE ===
ID: 171
StartHeadingNum: 14
Goal: i=-3 j=1 heading=12
Length: 3.277282
ExecutionTime(ticks): 33
TotalHeadingChange: 0.7823
BendingEnergy: 0.2502
---
Trajectory(x,y):
0.000 0.000
0.075 -0.075
0.149 -0.150
0.221 -0.227
0.292 -0.305
0.361 -0.386
0.427 -0.468
0.490 -0.553
0.550 -0.640
0.606 -0.730
0.658 -0.822
0.706 -0.916
0.749 -1.013
0.789 -1.111
0.824 -1.210
0.856 -1.311
0.883 -1.413
0.907 -1.516
0.927 -1.620
0.943 -1.725
0.957 -1.829
0.968 -1.935
0.977 -2.040
0.984 -2.145
0.989 -2.251
0.992 -2.357
0.995 -2.462
0.996 -2.568
0.997 -2.674
0.998 -2.780
0.998 -2.885
0.999 -2.991
---
CollisionFootprint(i, j, t_in, t_out):
0 0 0.000000 6.788609
-1 0 6.788609 7.623402
-1 1 7.623402 17.926902
-2 1 17.926902 28.056193
-3 1 28.056193 33.000000
=== END ===

=== PRIMITIVE ===
ID: 172
StartHeadingNum: 2
Goal: i=1 j=4 heading=15
Length: 4.536854
ExecutionTime(ticks): 45
TotalHeadingChange: 1.2457
BendingEnergy: 0.4340
---
Trajectory(x,y):
0.000 0.000
0.073 0.073
0.146 0.146
0.219 0.218
0.293 0.290
0.367 0.362
0.442 0.433
0.517 0.503
0.594 0.573
0.671 0.641
0.750 0.707
0.829 0.773
0.911 0.836
0.994 0.898
1.078 0.957
1.164 1.014
1.252 1.068
1.341 1.119
1.432 1.168
1.525 1.212
1.619 1.254
1.715 1.291
1.813 1.325
1.912 1.354
2.012 1.379
2.113 1.400
2.215 1.416
2.317 1.427
2.420 1.434
2.523 1.436
2.626 1.433
2.729 1.425
2.831 1.413
2.933 1.397
3.034 1.376
3.134 1.351
3.233 1.322
3.331 1.290
3.428 1.255
3.524 1.217
3.619 1.176
3.713 1.134
3.806 1.090
3.899 1.045
3.991 0.999
---
CollisionFootprint(i, j, t_in, t_out):
0 0 0.000000 6.927006
0 1 6.927006 7.109518
1 1 7.109518 19.159246
1 2 19.159246 29.430478
1 3 29.430478 39.630293
1 4 39.630293 45.000000
=== END ===

=== PRIMITIVE ===
ID: 173
StartHeadingNum: 6
Goal: i=4 j=-1 heading=3
Length: 4.536854
ExecutionTime(ticks): 45
TotalHeadingChange: 1.2457
BendingEnergy: 0.4340
---
Trajectory(x,y):
0.000 0.000
-0.073 0.073
-0.146 0.146
-0.218 0.219
-0.290 0.293
-0.362 0.367
-0.433 0.442
-0.503 0.517
-0.573 0.594
-0.641 0.671
-0.707 0.750
-0.773 0.829
-0.836 0.911
-0.898 0.994
-0.957 1.078
-1.014 1.164
-1.068 1.252
-1.119 1.341
-1.168 1.432
-1.212 1.525
-1.254 1.619
-1.291 1.715
-1.325 1.813
-1.354 1.912
-1.379 2.012
-1.400 2.113
-1.416 2.215
-1.427 2.317
-1.434 2.420
-1.436 2.523
-1.433 2.626
-1.425 2.729
-1.413 2.831
-1.397 2.933
-1.376 3.034
-1.351 3.134
-1.322 3.233
-1.290 3.331
-1.255 3.428
-1.217 3.524
-1.176 3.619
-1.134 3.713
-1.090 3.806
-1.045 3.899
-0.999 3.991
---
CollisionFootprint(i, j, t_in, t_out):
0 0 0.000000 6.927006
1 0 6.927006 7.109518
1 -1 7.109518 19.159246
2 -1 19.159246 29.430478
3 -1 29.430478 39.630293
4 -1 39.630293 45.000000
=== END ===

=== PRIMITIVE ===
ID: 174
StartHeadingNum: 10
Goal: i=-1 j=-4 heading=7
Length: 4.536854
ExecutionTime(ticks): 45
TotalHeadingChange: 1.2457
BendingEnergy: 0.4340
---
Trajectory(x,y):
0.000 0.000
-0.073 -0.073
-0.146 -0.146
-0.219 -0.218
-0.293 -0.290
-0.367 -0.362
-0.442 -0.433
-0.517 -0.503
-0.594 -0.573
-0.671 -0.641
-0.750 -0.707
-0.829 -0.773
-0.911 -0.836
-0.994 -0.898
-1.078 -0.957
-1.164 -1.014
-1.252 -1.068
-1.341 -1.119
-1.432 -1.168
-1.525 -1.212
-1.619 -1.254
-1.715 -1.291
-1.813 -1.325
-1.912 -1.354
-2.012 -1.379
-2.113 -1.400
-2.215 -1.416
-2.317 -1.427
-2.420 -1.434
-2.523 -1.436
-2.626 -1.433
-2.729 -1.425
-2.831 -1.413
-2.933 -1.397
-3.034 -1.376
-3.134 -1.351
-3.233 -1.322
-3.331 -1.290
-3.428 -1.255
-3.524 -1.217
-3.619 -1.176
-3.713 -1.134
-3.806 -1.090
-3.899 -1.045
-3.991 -0.999
---
CollisionFootprint(i, j, t_in, t_out):
0 0 0.000000 6.927006
0 -1 6.927006 7.109518
-1 -1 7.109518 19.159246
-1 -2 19.159246 29.430478
-1 -3 29.430478 39.630293
-1 -4 39.630293 45.000000
=== END ===

=== PRIMITIVE ===
ID: 175
StartHeadingNum: 14
Goal: i=-4 j=1 heading=11
Length: 4.536854
ExecutionTime(ticks): 45
TotalHeadingChange: 1.2457
BendingEnergy: 0.4340
---
Trajectory(x,y):
0.000 0.000
0.073 -0.073
0.146 -0.146
0.218 -0.219
0.290 -0.293
0.362 -0.367
0.433 -0.442
0.503 -0.517
0.573 -0.594
0.641 -0.671
0.707 -0.750
0.773 -0.829
0.836 -0.911
0.898 -0.994
0.957 -1.078
1.014 -1.164
1.068 -1.252
1.119 -1.341
1.168 -1.432
1.212 -1.525
1.254 -1.619
1.291 -1.715
1.325 -1.813
1.354 -1.912
1.379 -2.012
1.400 -2.113
1.416 -2.215
1.427 -2.317
1.434 -2.420
1.436 -2.523
1.433 -2.626
1.425 -2.729
1.413 -2.831
1.397 -2.933
1.376 -3.034
1.351 -3.134
1.322 -3.233
1.290 -3.331
1.255 -3.428
1.217 -3.524
1.176 -3.619
1.134 -3.713
1.090 -3.806
1.045 -3.899
0.999 -3.991
---
CollisionFootprint(i, j, t_in, t_out):
0 0 0.000000 6.927006
-1 0 6.927006 7.109518
-1 1 7.109518 19.159246
-2 1 19.159246 29.430478
-3 1 29.430478 39.630293
-4 1 39.630293 45.000000
=== END ===

=== PRIMITIVE ===
ID: 176
StartHeadingNum: 2
Goal: i=6 j=4 heading=3
Length: 7.249051
ExecutionTime(ticks): 72
TotalHeadingChange: 0.3216
BendingEnergy: 0.0203
---
Trajectory(x,y):
0.000 0.000
0.072 0.072
0.144 0.144
0.216 0.217
0.288 0.289
0.360 0.362
0.431 0.435
0.502 0.508
0.573 0.582
0.643 0.656
0.713 0.730
0.783 0.805
0.852 0.880
0.920 0.956
0.988 1.032
1.056 1.109
1.123 1.186
1.189 1.264
1.255 1.342
1.320 1.421
1.384 1.500
1.448 1.580
1.511 1.660
1.573 1.741
1.635 1.822
1.696 1.904
1.757 1.986
1.816 2.069
1.875 2.152
1.934 2.236
1.991 2.320
2.048 2.405
2.105 2.490
2.160 2.576
2.215 2.662
2.270 2.748
2.324 2.835
2.377 2.922
2.430 3.009
2.482 3.097
2.534 3.185
2.585 3.273
2.636 3.362
2.686 3.451
2.736 3.540
2.785 3.629
2.834 3.719
2.883 3.809
2.931 3.899
2.979 3.989
3.027 4.079
3.074 4.169
3.121 4.260
3.168 4.351
3.215 4.441
3.261 4.532
3.308 4.623
3.354 4.714
3.400 4.805
3.446 4.897
3.492 4.988
3.538 5.079
3.584 5.170
3.629 5.262
3.675 5.353
3.721 5.444
3.766 5.535
3.812 5.627
3.858 5.718
3.904 5.809
3.949 5.901
3.995 5.992
---
CollisionFootprint(i, j, t_in, t_out):
0 0 0.000000 6.983073
1 0 6.983073 7.065513
1 1 7.065513 20.284733
2 1 20.284733 22.132186
2 2 22.132186 32.568307
3 2 32.568307 39.898523
3 3 39.898523 44.165542
4 3 44.165542 55.413152
5 3 55.413152 61.023052
5 4 61.023052 66.535612
6 4 66.535612 72.000000
=== END ===

=== PRIMITIVE ===
ID: 177
StartHeadingNum: 6
Goal: i=4 j=-6 heading=7
Length: 7.249051
ExecutionTime(ticks): 72
TotalHeadingChange: 0.3216
BendingEnergy: 0.0203
---
Trajectory(x,y):
0.000 0.000
-0.072 0.072
-0.144 0.144
-0.217 0.216
-0.289 0.288
-0.362 0.360
-0.435 0.431
-0.508 0.502
-0.582 0.573
-0.656 0.643
-0.730 0.713
-0.805 0.783
-0.880 0.852
-0.956 0.920
-1.032 0.988
-1.109 1.056
-1.186 1.123
-1.264 1.189
-1.342 1.255
-1.421 1.320
-1.500 1.384
-1.580 1.448
-1.660 1.511
-1.741 1.573
-1.822 1.635
-1.904 1.696
-1.986 1.757
-2.069 1.816
-2.152 1.875
-2.236 1.934
-2.320 1.991
-2.405 2.048
-2.490 2.105
-2.576 2.160
-2.662 2.215
-2.748 2.270
-2.835 2.324
-2.922 2.377
-3.009 2.430
-3.097 2.482
-3.185 2.534
-3.273 2.585
-3.362 2.636
-3.451 2.686
-3.540 2.736
-3.629 2.785
-3.719 2.834
-3.809 2.883
-3.899 2.931
-3.989 2.979
-4.079 3.027
-4.169 3.074
-4.260 3.121
-4.351 3.168
-4.441 3.215
-4.532 3.261
-4.623 3.308
-4.714 3.354
-4.805 3.400
-4.897 3.446
-4.988 3.492
-5.079 3.538
-5.170 3.584
-5.262 3.629
-5.353 3.675
-5.444 3.721
-5.535 3.766
-5.627 3.812
-5.718 3.858
-5.809 3.904
-5.901 3.949
-5.992 3.995
---
CollisionFootprint(i, j, t_in, t_out):
0 0 0.000000 6.983073
0 -1 6.983073 7.065513
1 -1 7.065513 20.284733
1 -2 20.284733 22.132186
2 -2 22.132186 32.568307
2 -3 32.568307 39.898523
3 -3 39.898523 44.165542
3 -4 44.165542 55.413152
3 -5 55.413152 61.023052
4 -5 61.023052 66.535612
4 -6 66.535612 72.000000
=== END ===

=== PRIMITIVE ===
ID: 178
StartHeadingNum: 10
Goal: i=-6 j=-4 heading=11
Length: 7.249051
ExecutionTime(ticks): 72
TotalHeadingChange: 0.3216
BendingEnergy: 0.0203
---
Trajectory(x,y):
0.000 0.000
-0.072 -0.072
-0.144 -0.144
-0.216 -0.217
-0.288 -0.289
-0.360 -0.362
-0.431 -0.435
-0.502 -0.508
-0.573 -0.582
-0.643 -0.656
-0.713 -0.730
-0.783 -0.805
-0.852 -0.880
-0.920 -0.956
-0.988 -1.032
-1.056 -1.109
-1.123 -1.186
-1.189 -1.264
-1.255 -1.342
-1.320 -1.421
-1.384 -1.500
-1.448 -1.580
-1.511 -1.660
-1.573 -1.741
-1.635 -1.822
-1.696 -1.904
-1.757 -1.986
-1.816 -2.069
-1.875 -2.152
-1.934 -2.236
-1.991 -2.320
-2.048 -2.405
-2.105 -2.490
-2.160 -2.576
-2.215 -2.662
-2.270 -2.748
-2.324 -2.835
-2.377 -2.922
-2.430 -3.009
-2.482 -3.097
-2.534 -3.185
-2.585 -3.273
-2.636 -3.362
-2.686 -3.451
-2.736 -3.540
-2.785 -3.629
-2.834 -3.719
-2.883 -3.809
-2.931 -3.899
-2.979 -3.989
-3.027 -4.079
-3.074 -4.169
-3.121 -4.260
-3.168 -4.351
-3.215 -4.441
-3.261 -4.532
-3.308 -4.623
-3.354 -4.714
-3.400 -4.805
-3.446 -4.897
-3.492 -4.988
-3.538 -5.079
-3.584 -5.170
-3.629 -5.262
-3.675 -5.353
-3.721 -5.444
-3.766 -5.535
-3.812 -5.627
-3.858 -5.718
-3.904 -5.809
-3.949 -5.901
-3.995 -5.992
---
CollisionFootprint(i, j, t_in, t_out):
0 0 0.000000 6.983073
-1 0 6.983073 7.065513
-1 -1 7.065513 20.284733
-2 -1 20.284733 22.132186
-2 -2 22.132186 32.568307
-3 -2 32.568307 39.898523
-3 -3 39.898523 44.165542
-4 -3 44.165542 55.413152
-5 -3 55.413152 61.023052
-5 -4 61.023052 66.535612
-6 -4 66.535612 72.000000
=== END ===

=== PRIMITIVE ===
ID: 179
StartHeadingNum: 14
Goal: i=-4 j=6 heading=15
Length: 7.249051
ExecutionTime(ticks): 72
TotalHeadingChange: 0.3216
BendingEnergy: 0.0203
---
Trajectory(x,y):
0.000 0.000
0.072 -0.072
0.144 -0.144
0.217 -0.216
0.289 -0.288
0.362 -0.360
0.435 -0.431
0.508 -0.502
0.582 -0.573
0.656 -0.643
0.730 -0.713
0.805 -0.783
0.880 -0.852
0.956 -0.920
1.032 -0.988
1.109 -1.056
1.186 -1.123
1.264 -1.189
1.342 -1.255
1.421 -1.320
1.500 -1.384
1.580 -1.448
1.660 -1.511
1.741 -1.573
1.822 -1.635
1.904 -1.696
1.986 -1.757
2.069 -1.816
2.152 -1.875
2.236 -1.934
2.320 -1.991
2.405 -2.048
2.490 -2.105
2.576 -2.160
2.662 -2.215
2.748 -2.270
2.835 -2.324
2.922 -2.377
3.009 -2.430
3.097 -2.482
3.185 -2.534
3.273 -2.585
3.362 -2.636
3.451 -2.686
3.540 -2.736
3.629 -2.785
3.719 -2.834
3.809 -2.883
3.899 -2.931
3.989 -2.979
4.079 -3.027
4.169 -3.074
4.260 -3.121
4.351 -3.168
4.441 -3.215
4.532 -3.261
4.623 -3.308
4.714 -3.354
4.805 -3.400
4.897 -3.446
4.988 -3.492
5.079 -3.538
5.170 -3.584
5.262 -3.629
5.353 -3.675
5.444 -3.721
5.535 -3.766
5.627 -3.812
5.718 -3.858
5.809 -3.904
5.901 -3.949
5.992 -3.995
---
CollisionFootprint(i, j, t_in, t_out):
0 0 0.000000 6.983073
0 1 6.983073 7.065513
-1 1 7.065513 20.284733
-1 2 20.284733 22.132186
-2 2 22.132186 32.568307
-2 3 32.568307 39.898523
-3 3 39.898523 44.165542
-3 4 44.165542 55.413152
-3 5 55.413152 61.023052
-4 5 61.023052 66.535612
-4 6 66.535612 72.000000
=== END ===

=== PRIMITIVE ===
ID: 180
StartHeadingNum: 2
Goal: i=4 j=6 heading=1
Length: 7.249051
ExecutionTime(ticks): 72
TotalHeadingChange: 0.3216
BendingEnergy: 0.0203
---
Trajectory(x,y):
0.000 0.000
0.072 0.072
0.144 0.144
0.217 0.216
0.289 0.288
0.362 0.360
0.435 0.431
0.508 0.502
0.582 0.573
0.656 0.643
0.730 0.713
0.805 0.783
0.880 0.852
0.956 0.920
1.032 0.988
1.109 1.056
1.186 1.123
1.264 1.189
1.342 1.255
1.421 1.320
1.500 1.384
1.580 1.448
1.660 1.511
1.741 1.573
1.822 1.635
1.904 1.696
1.986 1.757
2.069 1.816
2.152 1.875
2.236 1.934
2.320 1.991
2.405 2.048
2.490 2.105
2.576 2.160
2.662 2.215
2.748 2.270
2.835 2.324
2.922 2.377
3.009 2.430
3.097 2.482
3.185 2.534
3.273 2.585
3.362 2.636
3.451 2.686
3.540 2.736
3.629 2.785
3.719 2.834
3.809 2.883
3.899 2.931
3.989 2.979
4.079 3.027
4.169 3.074
4.260 3.121
4.351 3.168
4.441 3.215
4.532 3.261
4.623 3.308
4.714 3.354
4.805 3.400
4.897 3.446
4.988 3.492
5.079 3.538
5.170 3.584
5.262 3.629
5.353 3.675
5.444 3.721
5.535 3.766
5.627 3.812
5.718 3.858
5.809 3.904
5.901 3.949
5.992 3.995
---
CollisionFootprint(i, j, t_in, t_out):
0 0 0.000000 6.983073
0 1 6.983073 7.065513
1 1 7.065513 20.284733
1 2 20.284733 22.132186
2 2 22.132186 32.568307
2 3 32.568307 39.898523
3 3 39.898523 44.165542
3 4 44.165542 55.413152
3 5 55.413152 61.023052
4 5 61.023052 66.535612
4 6 66.535612 72.000000
=== END ===

=== PRIMITIVE ===
ID: 181
StartHeadingNum: 6
Goal: i=6 j=-4 heading=5
Length: 7.249051
ExecutionTime(ticks): 72
TotalHeadingChange: 0.3216
BendingEnergy: 0.0203
---
Trajectory(x,y):
0.000 0.000
-0.072 0.072
-0.144 0.144
-0.216 0.217
-0.288 0.289
-0.360 0.362
-0.431 0.435
-0.502 0.508
-0.573 0.582
-0.643 0.656
-0.713 0.730
-0.783 0.805
-0.852 0.880
-0.920 0.956
-0.988 1.032
-1.056 1.109
-1.123 1.186
-1.189 1.264
-1.255 1.342
-1.320 1.421
-1.384 1.500
-1.448 1.580
-1.511 1.660
-1.573 1.741
-1.635 1.822
-1.696 1.904
-1.757 1.986
-1.816 2.069
-1.875 2.152
-1.934 2.236
-1.991 2.320
-2.048 2.405
-2.105 2.490
-2.160 2.576
-2.215 2.662
-2.270 2.748
-2.324 2.835
-2.377 2.922
-2.430 3.009
-2.482 3.097
-2.534 3.185
-2.585 3.273
-2.636 3.362
-2.686 3.451
-2.736 3.540
-2.785 3.629
-2.834 3.719
-2.883 3.809
-2.931 3.899
-2.979 3.989
-3.027 4.079
-3.074 4.169
-3.121 4.260
-3.168 4.351
-3.215 4.441
-3.261 4.532
-3.308 4.623
-3.354 4.714
-3.400 4.805
-3.446 4.897
-3.492 4.988
-3.538 5.079
-3.584 5.170
-3.629 5.262
-3.675 5.353
-3.721 5.444
-3.766 5.535
-3.812 5.627
-3.858 5.718
-3.904 5.809
-3.949 5.901
-3.995 5.992
---
CollisionFootprint(i, j, t_in, t_out):
0 0 0.000000 6.983073
1 0 6.983073 7.065513
1 -1 7.065513 20.284733
2 -1 20.284733 22.132186
2 -2 22.132186 32.568307
3 -2 32.568307 39.898523
3 -3 39.898523 44.165542
4 -3 44.165542 55.413152
5 -3 55.413152 61.023052
5 -4 61.023052 66.535612
6 -4 66.535612 72.000000
=== END ===

=== PRIMITIVE ===
ID: 182
StartHeadingNum: 10
Goal: i=-4 j=-6 heading=9
Length: 7.249051
ExecutionTime(ticks): 72
TotalHeadingChange: 0.3216
BendingEnergy: 0.0203
---
Trajectory(x,y):
0.000 0.000
-0.072 -0.072
-0.144 -0.144
-0.217 -0.216
-0.289 -0.288
-0.362 -0.360
-0.435 -0.431
-0.508 -0.502
-0.582 -0.573
-0.656 -0.643
-0.730 -0.713
-0.805 -0.783
-0.880 -0.852
-0.956 -0.920
-1.032 -0.988
-1.109 -1.056
-1.186 -1.123
-1.264 -1.189
-1.342 -1.255
-1.421 -1.320
-1.500 -1.384
-1.580 -1.448
-1.660 -1.511
-1.741 -1.573
-1.822 -1.635
-1.904 -1.696
-1.986 -1.757
-2.069 -1.816
-2.152 -1.875
-2.236 -1.934
-2.320 -1.991
-2.405 -2.048
-2.490 -2.105
-2.576 -2.160
-2.662 -2.215
-2.748 -2.270
-2.835 -2.324
-2.922 -2.377
-3.009 -2.430
-3.097 -2.482
-3.185 -2.534
-3.273 -2.585
-3.362 -2.636
-3.451 -2.686
-3.540 -2.736
-3.629 -2.785
-3.719 -2.834
-3.809 -2.883
-3.899 -2.931
-3.989 -2.979
-4.079 -3.027
-4.169 -3.074
-4.260 -3.121
-4.351 -3.168
-4.441 -3.215
-4.532 -3.261
-4.623 -3.308
-4.714 -3.354
-4.805 -3.400
-4.897 -3.446
-4.988 -3.492
-5.079 -3.538
-5.170 -3.584
-5.262 -3.629
-5.353 -3.675
-5.444 -3.721
-5.535 -3.766
-5.627 -3.812
-5.718 -3.858
-5.809 -3.904
-5.901 -3.949
-5.992 -3.995
---
CollisionFootprint(i, j, t_in, t_out):
0 0 0.000000 6.983073
0 -1 6.983073 7.065513
-1 -1 7.065513 20.284733
-1 -2 20.284733 22.132186
-2 -2 22.132186 32.568307
-2 -3 32.568307 39.898523
-3 -3 39.898523 44.165542
-3 -4 44.165542 55.413152
-3 -5 55.413152 61.023052
-4 -5 61.023052 66.535612
-4 -6 66.535612 72.000000
=== END ===

=== PRIMITIVE ===
ID: 183
StartHeadingNum: 14
Goal: i=-6 j=4 heading=13
Length: 7.249051
ExecutionTime(ticks): 72
TotalHeadingChange: 0.3216
BendingEnergy: 0.0203
---
Trajectory(x,y):
0.000 0.000
0.072 -0.072
0.144 -0.144
0.216 -0.217
0.288 -0.289
0.360 -0.362
0.431 -0.435
0.502 -0.508
0.573 -0.582
0.643 -0.656
0.713 -0.730
0.783 -0.805
0.852 -0.880
0.920 -0.956
0.988 -1.032
1.056 -1.109
1.123 -1.186
1.189 -1.264
1.255 -1.342
1.320 -1.421
1.384 -1.500
1.448 -1.580
1.511 -1.660
1.573 -1.741
1.635 -1.822
1.696 -1.904
1.757 -1.986
1.816 -2.069
1.875 -2.152
1.934 -2.236
1.991 -2.320
2.048 -2.405
2.105 -2.490
2.160 -2.576
2.215 -2.662
2.270 -2.748
2.324 -2.835
2.377 -2.922
2.430 -3.009
2.482 -3.097
2.534 -3.185
2.585 -3.273
2.636 -3.362
2.686 -3.451
2.736 -3.540
2.785 -3.629
2.834 -3.719
2.883 -3.809
2.931 -3.899
2.979 -3.989
3.027 -4.079
3.074 -4.169
3.121 -4.260
3.168 -4.351
3.215 -4.441
3.261 -4.532
3.308 -4.623
3.354 -4.714
3.400 -4.805
3.446 -4.897
3.492 -4.988
3.538 -5.079
3.584 -5.170
3.629 -5.262
3.675 -5.353
3.721 -5.444
3.766 -5.535
3.812 -5.627
3.858 -5.718
3.904 -5.809
3.949 -5.901
3.995 -5.992
---
CollisionFootprint(i, j, t_in, t_out):
0 0 0.000000 6.983073
-1 0 6.983073 7.065513
-1 1 7.065513 20.284733
-2 1 20.284733 22.132186
-2 2 22.132186 32.568307
-3 2 32.568307 39.898523
-3 3 39.898523 44.165542
-4 3 44.165542 55.413152
-5 3 55.413152 61.023052
-5 4 61.023052 66.535612
-6 4 66.535612 72.000000
=== END ===

=== PRIMITIVE ===
ID: 184
StartHeadingNum: 2
Goal: i=5 j=2 heading=4
Length: 5.582334
ExecutionTime(ticks): 56
TotalHeadingChange: 0.7838
BendingEnergy: 0.1325
---
Trajectory(x,y):
0.000 0.000
0.073 0.073
0.146 0.146
0.219 0.220
0.291 0.294
0.363 0.368
0.434 0.443
0.504 0.519
0.574 0.595
0.643 0.672
0.710 0.751
0.777 0.830
0.842 0.910
0.906 0.991
0.969 1.074
1.030 1.157
1.089 1.242
1.147 1.327
1.203 1.414
1.257 1.502
1.310 1.591
1.360 1.681
1.409 1.772
1.456 1.865
1.500 1.958
1.543 2.052
1.583 2.147
1.622 2.243
1.658 2.340
1.692 2.438
1.724 2.536
1.754 2.635
1.782 2.734
1.808 2.834
1.832 2.935
1.854 3.036
1.874 3.137
1.893 3.239
1.909 3.341
1.924 3.443
1.937 3.546
1.948 3.649
1.958 3.752
1.966 3.855
1.974 3.958
1.980 4.061
1.985 4.164
1.988 4.268
1.991 4.371
1.994 4.474
1.995 4.578
1.996 4.681
1.997 4.784
1.997 4.888
1.997 4.991
---
CollisionFootprint(i, j, t_in, t_out):
0 0 0.000000 7.002759
1 0 7.002759 7.194368
1 1 7.194368 19.680054
2 1 19.680054 24.883594
2 2 24.883594 30.733188
3 2 30.733188 41.015872
4 2 41.015872 51.072839
5 2 51.072839 56.000000
=== END ===

=== PRIMITIVE ===
ID: 185
StartHeadingNum: 6
Goal: i=2 j=-5 heading=8
Length: 5.582334
ExecutionTime(ticks): 56
TotalHeadingChange: 0.7838
BendingEnergy: 0.1325
---
Trajectory(x,y):
0.000 0.000
-0.073 0.073
-0.146 0.146
-0.220 0.219
-0.294 0.291
-0.368 0.363
-0.443 0.434
-0.519 0.504
-0.595 0.574
-0.672 0.643
-0.751 0.710
-0.830 0.777
-0.910 0.842
-0.991 0.906
-1.074 0.969
-1.157 1.030
-1.242 1.089
-1.327 1.147
-1.414 1.203
-1.502 1.257
-1.591 1.310
-1.681 1.360
-1.772 1.409
-1.865 1.456
-1.958 1.500
-2.052 1.543
-2.147 1.583
-2.243 1.622
-2.340 1.658
-2.438 1.692
-2.536 1.724
-2.635 1.754
-2.734 1.782
-2.834 1.808
-2.935 1.832
-3.036 1.854
-3.137 1.874
-3.239 1.893
-3.341 1.909
-3.443 1.924
-3.546 1.937
-3.649 1.948
-3.752 1.958
-3.855 1.966
-3.958 1.974
-4.061 1.980
-4.164 1.985
-4.268 1.988
-4.371 1.991
-4.474 1.994
-4.578 1.995
-4.681 1.996
-4.784 1.997
-4.888 1.997
-4.991 1.997
---
CollisionFootprint(i, j, t_in, t_out):
0 0 0.000000 7.002759
0 -1 7.002759 7.194368
1 -1 7.194368 19.680054
1 -2 19.680054 24.883594
2 -2 24.883594 30.733188
2 -3 30.733188 41.015872
2 -4 41.015872 51.072839
2 -5 51.072839 56.000000
=== END ===

=== PRIMITIVE ===
ID: 186
StartHeadingNum: 10
Goal: i=-5 j=-2 heading=12
Length: 5.582334
ExecutionTime(ticks): 56
TotalHeadingChange: 0.7838
BendingEnergy: 0.1325
---
Trajectory(x,y):
0.000 0.000
-0.073 -0.073
-0.146 -0.146
-0.219 -0.220
-0.291 -0.294
-0.363 -0.368
-0.434 -0.443
-0.504 -0.519
-0.574 -0.595
-0.643 -0.672
-0.710 -0.751
-0.777 -0.830
-0.842 -0.910
-0.906 -0.991
-0.969 -1.074
-1.030 -1.157
-1.089 -1.242
-1.147 -1.327
-1.203 -1.414
-1.257 -1.502
-1.310 -1.591
-1.360 -1.681
-1.409 -1.772
-1.456 -1.865
-1.500 -1.958
-1.543 -2.052
-1.583 -2.147
-1.622 -2.243
-1.658 -2.340
-1.692 -2.438
-1.724 -2.536
-1.754 -2.635
-1.782 -2.734
-1.808 -2.834
-1.832 -2.935
-1.854 -3.036
-1.874 -3.137
-1.893 -3.239
-1.909 -3.341
-1.924 -3.443
-1.937 -3.546
-1.948 -3.649
-1.958 -3.752
-1.966 -3.855
-1.974 -3.958
-1.980 -4.061
-1.985 -4.164
-1.988 -4.268
-1.991 -4.371
-1.994 -4.474
-1.995 -4.578
-1.996 -4.681
-1.997 -4.784
-1.997 -4.888
-1.997 -4.991
---
CollisionFootprint(i, j, t_in, t_out):
0 0 0.000000 7.002759
-1 0 7.002759 7.194368
-1 -1 7.194368 19.680054
-2 -1 19.680054 24.883594
-2 -2 24.883594 30.733188
-3 -2 30.733188 41.015872
-4 -2 41.015872 51.072839
-5 -2 51.072839 56.000000
=== END ===

=== PRIMITIVE ===
ID: 187
StartHeadingNum: 14
Goal: i=-2 j=5 heading=0
Length: 5.582334
ExecutionTime(ticks): 56
TotalHeadingChange: 0.7838
BendingEnergy: 0.1325
---
Trajectory(x,y):
0.000 0.000
0.073 -0.073
0.146 -0.146
0.220 -0.219
0.294 -0.291
0.368 -0.363
0.443 -0.434
0.519 -0.504
0.595 -0.574
0.672 -0.643
0.751 -0.710
0.830 -0.777
0.910 -0.842
0.991 -0.906
1.074 -0.969
1.157 -1.030
1.242 -1.089
1.327 -1.147
1.414 -1.203
1.502 -1.257
1.591 -1.310
1.681 -1.360
1.772 -1.409
1.865 -1.456
1.958 -1.500
2.052 -1.543
2.147 -1.583
2.243 -1.622
2.340 -1.658
2.438 -1.692
2.536 -1.724
2.635 -1.754
2.734 -1.782
2.834 -1.808
2.935 -1.832
3.036 -1.854
3.137 -1.874
3.239 -1.893
3.341 -1.909
3.443 -1.924
3.546 -1.937
3.649 -1.948
3.752 -1.958
3.855 -1.966
3.958 -1.974
4.061 -1.980
4.164 -1.985
4.268 -1.988
4.371 -1.991
4.474 -1.994
4.578 -1.995
4.681 -1.996
4.784 -1.997
4.888 -1.997
4.991 -1.997
---
CollisionFootprint(i, j, t_in, t_out):
0 0 0.000000 7.002759
0 1 7.002759 7.194368
-1 1 7.194368 19.680054
-1 2 19.680054 24.883594
-2 2 24.883594 30.733188
-2 3 30.733188 41.015872
-2 4 41.015872 51.072839
-2 5 51.072839 56.000000
=== END ===

=== PRIMITIVE ===
ID: 188
StartHeadingNum: 2
Goal: i=2 j=5 heading=0
Length: 5.582334
ExecutionTime(ticks): 56
TotalHeadingChange: 0.7838
BendingEnergy: 0.1325
---
Trajectory(x,y):
0.000 0.000
0.073 0.073
0.146 0.146
0.220 0.219
0.294 0.291
0.368 0.363
0.443 0.434
0.519 0.504
0.595 0.574
0.672 0.643
0.751 0.710
0.830 0.777
0.910 0.842
0.991 0.906
1.074 0.969
1.157 1.030
1.242 1.089
1.327 1.147
1.414 1.203
1.502 1.257
1.591 1.310
1.681 1.360
1.772 1.409
1.865 1.456
1.958 1.500
2.052 1.543
2.147 1.583
2.243 1.622
2.340 1.658
2.438 1.692
2.536 1.724
2.635 1.754
2.734 1.782
2.834 1.808
2.935 1.832
3.036 1.854
3.137 1.874
3.239 1.893
3.341 1.909
3.443 1.924
3.546 1.937
3.649 1.948
3.752 1.958
3.855 1.966
3.958 1.974
4.061 1.980
4.164 1.985
4.268 1.988
4.371 1.991
4.474 1.994
4.578 1.995
4.681 1.996
4.784 1.997
4.888 1.997
4.991 1.997
---
CollisionFootprint(i, j, t_in, t_out):
0 0 0.000000 7.002759
0 1 7.002759 7.194368
1 1 7.194368 19.680054
1 2 19.680054 24.883594
2 2 24.883594 30.733188
2 3 30.733188 41.015872
2 4 41.015872 51.072839
2 5 51.072839 56.000000
=== END ===

=== PRIMITIVE ===
ID: 189
StartHeadingNum: 6
Goal: i=5 j=-2 heading=4
Length: 5.582334
ExecutionTime(ticks): 56
TotalHeadingChange: 0.7838
BendingEnergy: 0.1325
---
Trajectory(x,y):
0.000 0.000
-0.073 0.073
-0.146 0.146
-0.219 0.220
-0.291 0.294
-0.363 0.368
-0.434 0.443
-0.504 0.519
-0.574 0.595
-0.643 0.672
-0.710 0.751
-0.777 0.830
-0.842 0.910
-0.906 0.991
-0.969 1.074
-1.030 1.157
-1.089 1.242
-1.147 1.327
-1.203 1.414
-1.257 1.502
-1.310 1.591
-1.360 1.681
-1.409 1.772
-1.456 1.865
-1.500 1.958
-1.543 2.052
-1.583 2.147
-1.622 2.243
-1.658 2.340
-1.692 2.438
-1.724 2.536
-1.754 2.635
-1.782 2.734
-1.808 2.834
-1.832 2.935
-1.854 3.036
-1.874 3.137
-1.893 3.239
-1.909 3.341
-1.924 3.443
-1.937 3.546
-1.948 3.649
-1.958 3.752
-1.966 3.855
-1.974 3.958
-1.980 4.061
-1.985 4.164
-1.988 4.268
-1.991 4.371
-1.994 4.474
-1.995 4.578
-1.996 4.681
-1.997 4.784
-1.997 4.888
-1.997 4.991
---
CollisionFootprint(i, j, t_in, t_out):
0 0 0.000000 7.002759
1 0 7.002759 7.194368
1 -1 7.194368 19.680054
2 -1 19.680054 24.883594
2 -2 24.883594 30.733188
3 -2 30.733188 41.015872
4 -2 41.015872 51.072839
5 -2 51.072839 56.000000
=== END ===

=== PRIMITIVE ===
ID: 190
StartHeadingNum: 10
Goal: i=-2 j=-5 heading=8
Length: 5.582334
ExecutionTime(ticks): 56
TotalHeadingChange: 0.7838
BendingEnergy: 0.1325
---
Trajectory(x,y):
0.000 0.000
-0.073 -0.073
-0.146 -0.146
-0.220 -0.219
-0.294 -0.291
-0.368 -0.363
-0.443 -0.434
-0.519 -0.504
-0.595 -0.574
-0.672 -0.643
-0.751 -0.710
-0.830 -0.777
-0.910 -0.842
-0.991 -0.906
-1.074 -0.969
-1.157 -1.030
-1.242 -1.089
-1.327 -1.147
-1.414 -1.203
-1.502 -1.257
-1.591 -1.310
-1.681 -1.360
-1.772 -1.409
-1.865 -1.456
-1.958 -1.500
-2.052 -1.543
-2.147 -1.583
-2.243 -1.622
-2.340 -1.658
-2.438 -1.692
-2.536 -1.724
-2.635 -1.754
-2.734 -1.782
-2.834 -1.808
-2.935 -1.832
-3.036 -1.854
-3.137 -1.874
-3.239 -1.893
-3.341 -1.909
-3.443 -1.924
-3.546 -1.937
-3.649 -1.948
-3.752 -1.958
-3.855 -1.966
-3.958 -1.974
-4.061 -1.980
-4.164 -1.985
-4.268 -1.988
-4.371 -1.991
-4.474 -1.994
-4.578 -1.995
-4.681 -1.996
-4.784 -1.997
-4.888 -1.997
-4.991 -1.997
---
CollisionFootprint(i, j, t_in, t_out):
0 0 0.000000 7.002759
0 -1 7.002759 7.194368
-1 -1 7.194368 19.680054
-1 -2 19.680054 24.883594
-2 -2 24.883594 30.733188
-2 -3 30.733188 41.015872
-2 -4 41.015872 51.072839
-2 -5 51.072839 56.000000
=== END ===

=== PRIMITIVE ===
ID: 191
StartHeadingNum: 14
Goal: i=-5 j=2 heading=12
Length: 5.582334
ExecutionTime(ticks): 56
TotalHeadingChange: 0.7838
BendingEnergy: 0.1325
---
Trajectory(x,y):
0.000 0.000
0.073 -0.073
0.146 -0.146
0.219 -0.220
0.291 -0.294
0.363 -0.368
0.434 -0.443
0.504 -0.519
0.574 -0.595
0.643 -0.672
0.710 -0.751
0.777 -0.830
0.842 -0.910
0.906 -0.991
0.969 -1.074
1.030 -1.157
1.089 -1.242
1.147 -1.327
1.203 -1.414
1.257 -1.502
1.310 -1.591
1.360 -1.681
1.409 -1.772
1.456 -1.865
1.500 -1.958
1.543 -2.052
1.583 -2.147
1.622 -2.243
1.658 -2.340
1.692 -2.438
1.724 -2.536
1.754 -2.635
1.782 -2.734
1.808 -2.834
1.832 -2.935
1.854 -3.036
1.874 -3.137
1.893 -3.239
1.909 -3.341
1.924 -3.443
1.937 -3.546
1.948 -3.649
1.958 -3.752
1.966 -3.855
1.974 -3.958
1.980 -4.061
1.985 -4.164
1.988 -4.268
1.991 -4.371
1.994 -4.474
1.995 -4.578
1.996 -4.681
1.997 -4.784
1.997 -4.888
1.997 -4.991
---
CollisionFootprint(i, j, t_in, t_out):
0 0 0.000000 7.002759
-1 0 7.002759 7.194368
-1 1 7.194368 19.680054
-2 1 19.680054 24.883594
-2 2 24.883594 30.733188
-3 2 30.733188 41.015872
-4 2 41.015872 51.072839
-5 2 51.072839 56.000000
=== END ===

=== PRIMITIVE ===
ID: 192
StartHeadingNum: 1
Goal: i=4 j=8 heading=1
Length: 8.934838
ExecutionTime(ticks): 89
TotalHeadingChange: 0.0000
BendingEnergy: 0.0000
---
Trajectory(x,y):
0.000 0.000
0.091 0.045
0.182 0.091
0.272 0.136
0.363 0.182
0.454 0.227
0.545 0.272
0.636 0.318
0.727 0.363
0.817 0.409
0.908 0.454
0.999 0.499
1.090 0.545
1.181 0.590
1.271 0.636
1.362 0.681
1.453 0.727
1.544 0.772
1.635 0.817
1.725 0.863
1.816 0.908
1.907 0.954
1.998 0.999
2.089 1.044
2.180 1.090
2.270 1.135
2.361 1.181
2.452 1.226
2.543 1.271
2.634 1.317
2.724 1.362
2.815 1.408
2.906 1.453
2.997 1.498
3.088 1.544
3.178 1.589
3.269 1.635
3.360 1.680
3.451 1.725
3.542 1.771
3.633 1.816
3.723 1.862
3.814 1.907
3.905 1.952
3.996 1.998
4.087 2.043
4.177 2.089
4.268 2.134
4.359 2.180
4.450 2.225
4.541 2.270
4.631 2.316
4.722 2.361
4.813 2.407
4.904 2.452
4.995 2.497
5.086 2.543
5.176 2.588
5.267 2.634
5.358 2.679
5.449 2.724
5.540 2.770
5.630 2.815
5.721 2.861
5.812 2.906
5.903 2.951
5.994 2.997
6.084 3.042
6.175 3.088
6.266 3.133
6.357 3.178
6.448 3.224
6.539 3.269
6.629 3.315
6.720 3.360
6.811 3.405
6.902 3.451
6.993 3.496
7.083 3.542
7.174 3.587
7.265 3.633
7.356 3.678
7.447 3.723
7.537 3.769
7.628 3.814
7.719 3.860
7.810 3.905
7.901 3.950
7.992 3.996
---
CollisionFootprint(i, j, t_in, t_out):
0 0 0.000000 5.568788
0 1 5.568788 11.137078
1 1 11.137078 16.705368
1 2 16.705368 27.841948
1 3 27.841948 33.410238
2 3 33.410238 38.978528
2 4 38.978528 50.115107
2 5 50.115107 55.683397
3 5 55.683397 61.251687
3 6 61.251687 72.389263
3 7 72.389263 77.957553
4 7 77.957553 83.525843
4 8 83.525843 89.000000
=== END ===

=== PRIMITIVE ===
ID: 193
StartHeadingNum: 5
Goal: i=8 j=-4 heading=5
Length: 8.934838
ExecutionTime(ticks): 89
TotalHeadingChange: 0.0000
BendingEnergy: 0.0000
---
Trajectory(x,y):
0.000 0.000
-0.045 0.091
-0.091 0.182
-0.136 0.272
-0.182 0.363
-0.227 0.454
-0.272 0.545
-0.318 0.636
-0.363 0.727
-0.409 0.817
-0.454 0.908
-0.499 0.999
-0.545 1.090
-0.590 1.181
-0.636 1.271
-0.681 1.362
-0.727 1.453
-0.772 1.544
-0.817 1.635
-0.863 1.725
-0.908 1.816
-0.954 1.907
-0.999 1.998
-1.044 2.089
-1.090 2.180
-1.135 2.270
-1.181 2.361
-1.226 2.452
-1.271 2.543
-1.317 2.634
-1.362 2.724
-1.408 2.815
-1.453 2.906
-1.498 2.997
-1.544 3.088
-1.589 3.178
-1.635 3.269
-1.680 3.360
-1.725 3.451
-1.771 3.542
-1.816 3.633
-1.862 3.723
-1.907 3.814
-1.952 3.905
-1.998 3.996
-2.043 4.087
-2.089 4.177
-2.134 4.268
-2.180 4.359
-2.225 4.450
-2.270 4.541
-2.316 4.631
-2.361 4.722
-2.407 4.813
-2.452 4.904
-2.497 4.995
-2.543 5.086
-2.588 5.176
-2.634 5.267
-2.679 5.358
-2.724 5.449
-2.770 5.540
-2.815 5.630
-2.861 5.721
-2.906 5.812
-2.951 5.903
-2.997 5.994
-3.042 6.084
-3.088 6.175
-3.133 6.266
-3.178 6.357
-3.224 6.448
-3.269 6.539
-3.315 6.629
-3.360 6.720
-3.405 6.811
-3.451 6.902
-3.496 6.993
-3.542 7.083
-3.587 7.174
-3.633 7.265
-3.678 7.356
-3.723 7.447
-3.769 7.537
-3.814 7.628
-3.860 7.719
-3.905 7.810
-3.950 7.901
-3.996 7.992
---
CollisionFootprint(i, j, t_in, t_out):
0 0 0.000000 5.568788
1 0 5.568788 11.137078
1 -1 11.137078 16.705368
2 -1 16.705368 27.841948
3 -1 27.841948 33.410238
3 -2 33.410238 38.978528
4 -2 38.978528 50.115107
5 -2 50.115107 55.683397
5 -3 55.683397 61.251687
6 -3 61.251687 72.389263
7 -3 72.389263 77.957553
7 -4 77.957553 83.525843
8 -4 83.525843 89.000000
=== END ===

=== PRIMITIVE ===
ID: 194
StartHeadingNum: 9
Goal: i=-4 j=-8 heading=9
Length: 8.934838
ExecutionTime(ticks): 89
TotalHeadingChange: 0.0000
BendingEnergy: 0.0000
---
Trajectory(x,y):
0.000 0.000
-0.091 -0.045
-0.182 -0.091
-0.272 -0.136
-0.363 -0.182
-0.454 -0.227
-0.545 -0.272
-0.636 -0.318
-0.727 -0.363
-0.817 -0.409
-0.908 -0.454
-0.999 -0.499
-1.090 -0.545
-1.181 -0.590
-1.271 -0.636
-1.362 -0.681
-1.453 -0.727
-1.544 -0.772
-1.635 -0.817
-1.725 -0.863
-1.816 -0.908
-1.907 -0.954
-1.998 -0.999
-2.089 -1.044
-2.180 -1.090
-2.270 -1.135
-2.361 -1.181
-2.452 -1.226
-2.543 -1.271
-2.634 -1.317
-2.724 -1.362
-2.815 -1.408
-2.906 -1.453
-2.997 -1.498
-3.088 -1.544
-3.178 -1.589
-3.269 -1.635
-3.360 -1.680
-3.451 -1.725
-3.542 -1.771
-3.633 -1.816
-3.723 -1.862
-3.814 -1.907
-3.905 -1.952
-3.996 -1.998
-4.087 -2.043
-4.177 -2.089
-4.268 -2.134
-4.359 -2.180
-4.450 -2.225
-4.541 -2.270
-4.631 -2.316
-4.722 -2.361
-4.813 -2.407
-4.904 -2.452
-4.995 -2.497
-5.086 -2.543
-5.176 -2.588
-5.267 -2.634
-5.358 -2.679
-5.449 -2.724
-5.540 -2.770
-5.630 -2.815
-5.721 -2.861
-5.812 -2.906
-5.903 -2.951
-5.994 -2.997
-6.084 -3.042
-6.175 -3.088
-6.266 -3.133
-6.357 -3.178
-6.448 -3.224
-6.539 -3.269
-6.629 -3.315
-6.720 -3.360
-6.811 -3.405
-6.902 -3.451
-6.993 -3.496
-7.083 -3.542
-7.174 -3.587
-7.265 -3.633
-7.356 -3.678
-7.447 -3.723
-7.537 -3.769
-7.628 -3.814
-7.719 -3.860
-7.810 -3.905
-7.901 -3.950
-7.992 -3.996
---
CollisionFootprint(i, j, t_in, t_out):
0 0 0.000000 5.568788
0 -1 5.568788 11.137078
-1 -1 11.137078 16.705368
-1 -2 16.705368 27.841948
-1 -3 27.841948 33.410238
-2 -3 33.410238 38.978528
-2 -4 38.978528 50.115107
-2 -5 50.115107 55.683397
-3 -5 55.683397 61.251687
-3 -6 61.251687 72.389263
-3 -7 72.389263 77.957553
-4 -7 77.957553 83.525843
-4 -8 83.525843 89.000000
=== END ===

=== PRIMITIVE ===
ID: 195
StartHeadingNum: 13
Goal: i=-8 j=4 heading=13
Length: 8.934838
ExecutionTime(ticks): 89
TotalHeadingChange: 0.0000
BendingEnergy: 0.0000
---
Trajectory(x,y):
0.000 0.000
0.045 -0.091
0.091 -0.182
0.136 -0.272
0.182 -0.363
0.227 -0.454
0.272 -0.545
0.318 -0.636
0.363 -0.727
0.409 -0.817
0.454 -0.908
0.499 -0.999
0.545 -1.090
0.590 -1.181
0.636 -1.271
0.681 -1.362
0.727 -1.453
0.772 -1.544
0.817 -1.635
0.863 -1.725
0.908 -1.816
0.954 -1.907
0.999 -1.998
1.044 -2.089
1.090 -2.180
1.135 -2.270
1.181 -2.361
1.226 -2.452
1.271 -2.543
1.317 -2.634
1.362 -2.724
1.408 -2.815
1.453 -2.906
1.498 -2.997
1.544 -3.088
1.589 -3.178
1.635 -3.269
1.680 -3.360
1.725 -3.451
1.771 -3.542
1.816 -3.633
1.862 -3.723
1.907 -3.814
1.952 -3.905
1.998 -3.996
2.043 -4.087
2.089 -4.177
2.134 -4.268
2.180 -4.359
2.225 -4.450
2.270 -4.541
2.316 -4.631
2.361 -4.722
2.407 -4.813
2.452 -4.904
2.497 -4.995
2.543 -5.086
2.588 -5.176
2.634 -5.267
2.679 -5.358
2.724 -5.449
2.770 -5.540
2.815 -5.630
2.861 -5.721
2.906 -5.812
2.951 -5.903
2.997 -5.994
3.042 -6.084
3.088 -6.175
3.133 -6.266
3.178 -6.357
3.224 -6.448
3.269 -6.539
3.315 -6.629
3.360 -6.720
3.405 -6.811
3.451 -6.902
3.496 -6.993
3.542 -7.083
3.587 -7.174
3.633 -7.265
3.678 -7.356
3.723 -7.447
3.769 -7.537
3.814 -7.628
3.860 -7.719
3.905 -7.810
3.950 -7.901
3.996 -7.992
---
CollisionFootprint(i, j, t_in, t_out):
0 0 0.000000 5.568788
-1 0 5.568788 11.137078
-1 1 11.137078 16.705368
-2 1 16.705368 27.841948
-3 1 27.841948 33.410238
-3 2 33.410238 38.978528
-4 2 38.978528 50.115107
-5 2 50.115107 55.683397
-5 3 55.683397 61.251687
-6 3 61.251687 72.389263
-7 3 72.389263 77.957553
-7 4 77.957553 83.525843
-8 4 83.525843 89.000000
=== END ===

=== PRIMITIVE ===
ID: 196
StartHeadingNum: 7
Goal: i=4 j=-8 heading=7
Length: 8.934838
ExecutionTime(ticks): 89
TotalHeadingChange: 0.0000
BendingEnergy: 0.0000
---
Trajectory(x,y):
0.000 0.000
-0.091 0.045
-0.182 0.091
-0.272 0.136
-0.363 0.182
-0.454 0.227
-0.545 0.272
-0.636 0.318
-0.727 0.363
-0.817 0.409
-0.908 0.454
-0.999 0.499
-1.090 0.545
-1.181 0.590
-1.271 0.636
-1.362 0.681
-1.453 0.727
-1.544 0.772
-1.635 0.817
-1.725 0.863
-1.816 0.908
-1.907 0.954
-1.998 0.999
-2.089 1.044
-2.180 1.090
-2.270 1.135
-2.361 1.181
-2.452 1.226
-2.543 1.271
-2.634 1.317
-2.724 1.362
-2.815 1.408
-2.906 1.453
-2.997 1.498
-3.088 1.544
-3.178 1.589
-3.269 1.635
-3.360 1.680
-3.451 1.725
-3.542 1.771
-3.633 1.816
-3.723 1.862
-3.814 1.907
-3.905 1.952
-3.996 1.998
-4.087 2.043
-4.177 2.089
-4.268 2.134
-4.359 2.180
-4.450 2.225
-4.541 2.270
-4.631 2.316
-4.722 2.361
-4.813 2.407
-4.904 2.452
-4.995 2.497
-5.086 2.543
-5.176 2.588
-5.267 2.634
-5.358 2.679
-5.449 2.724
-5.540 2.770
-5.630 2.815
-5.721 2.861
-5.812 2.906
-5.903 2.951
-5.994 2.997
-6.084 3.042
-6.175 3.088
-6.266 3.133
-6.357 3.178
-6.448 3.224
-6.539 3.269
-6.629 3.315
-6.720 3.360
-6.811 3.405
-6.902 3.451
-6.993 3.496
-7.083 3.542
-7.174 3.587
-7.265 3.633
-7.356 3.678
-7.447 3.723
-7.537 3.769
-7.628 3.814
-7.719 3.860
-7.810 3.905
-7.901 3.950
-7.992 3.996
---
CollisionFootprint(i, j, t_in, t_out):
0 0 0.000000 5.568788
0 -1 5.568788 11.137078
1 -1 11.137078 16.705368
1 -2 16.705368 27.841948
1 -3 27.841948 33.410238
2 -3 33.410238 38.978528
2 -4 38.978528 50.115107
2 -5 50.115107 55.683397
3 -5 55.683397 61.251687
3 -6 61.251687 72.389263
3 -7 72.389263 77.957553
4 -7 77.957553 83.525843
4 -8 83.525843 89.000000
=== END ===

=== PRIMITIVE ===
ID: 197
StartHeadingNum: 11
Goal: i=-8 j=-4 heading=11
Length: 8.934838
ExecutionTime(ticks): 89
TotalHeadingChange: 0.0000
BendingEnergy: 0.0000
---
Trajectory(x,y):
0.000 0.000
-0.045 -0.091
-0.091 -0.182
-0.136 -0.272
-0.182 -0.363
-0.227 -0.454
-0.272 -0.545
-0.318 -0.636
-0.363 -0.727
-0.409 -0.817
-0.454 -0.908
-0.499 -0.999
-0.545 -1.090
-0.590 -1.181
-0.636 -1.271
-0.681 -1.362
-0.727 -1.453
-0.772 -1.544
-0.817 -1.635
-0.863 -1.725
-0.908 -1.816
-0.954 -1.907
-0.999 -1.998
-1.044 -2.089
-1.090 -2.180
-1.135 -2.270
-1.181 -2.361
-1.226 -2.452
-1.271 -2.543
-1.317 -2.634
-1.362 -2.724
-1.408 -2.815
-1.453 -2.906
-1.498 -2.997
-1.544 -3.088
-1.589 -3.178
-1.635 -3.269
-1.680 -3.360
-1.725 -3.451
-1.771 -3.542
-1.816 -3.633
-1.862 -3.723
-1.907 -3.814
-1.952 -3.905
-1.998 -3.996
-2.043 -4.087
-2.089 -4.177
-2.134 -4.268
-2.180 -4.359
-2.225 -4.450
-2.270 -4.541
-2.316 -4.631
-2.361 -4.722
-2.407 -4.813
-2.452 -4.904
-2.497 -4.995
-2.543 -5.086
-2.588 -5.176
-2.634 -5.267
-2.679 -5.358
-2.724 -5.449
-2.770 -5.540
-2.815 -5.630
-2.861 -5.721
-2.906 -5.812
-2.951 -5.903
-2.997 -5.994
-3.042 -6.084
-3.088 -6.175
-3.133 -6.266
-3.178 -6.357
-3.224 -6.448
-3.269 -6.539
-3.315 -6.629
-3.360 -6.720
-3.405 -6.811
-3.451 -6.902
-3.496 -6.993
-3.542 -7.083
-3.587 -7.174
-3.633 -7.265
-3.678 -7.356
-3.723 -7.447
-3.769 -7.537
-3.814 -7.628
-3.860 -7.719
-3.905 -7.810
-3.950 -7.901
-3.996 -7.992
---
CollisionFootprint(i, j, t_in, t_out):
0 0 0.000000 5.568788
-1 0 5.568788 11.137078
-1 -1 11.137078 16.705368
-2 -1 16.705368 27.841948
-3 -1 27.841948 33.410238
-3 -2 33.410238 38.978528
-4 -2 38.978528 50.115107
-5 -2 50.115107 55.683397
-5 -3 55.683397 61.251687
-6 -3 61.251687 72.389263
-7 -3 72.389263 77.957553
-7 -4 77.957553 83.525843
-8 -4 83.525843 89.000000
=== END ===

=== PRIMITIVE ===
ID: 198
StartHeadingNum: 15
Goal: i=-4 j=8 heading=15
Length: 8.934838
ExecutionTime(ticks): 89
TotalHeadingChange: 0.0000
BendingEnergy: 0.0000
---
Trajectory(x,y):
0.000 0.000
0.091 -0.045
0.182 -0.091
0.272 -0.136
0.363 -0.182
0.454 -0.227
0.545 -0.272
0.636 -0.318
0.727 -0.363
0.817 -0.409
0.908 -0.454
0.999 -0.499
1.090 -0.545
1.181 -0.590
1.271 -0.636
1.362 -0.681
1.453 -0.727
1.544 -0.772
1.635 -0.817
1.725 -0.863
1.816 -0.908
1.907 -0.954
1.998 -0.999
2.089 -1.044
2.180 -1.090
2.270 -1.135
2.361 -1.181
2.452 -1.226
2.543 -1.271
2.634 -1.317
2.724 -1.362
2.815 -1.408
2.906 -1.453
2.997 -1.498
3.088 -1.544
3.178 -1.589
3.269 -1.635
3.360 -1.680
3.451 -1.725
3.542 -1.771
3.633 -1.816
3.723 -1.862
3.814 -1.907
3.905 -1.952
3.996 -1.998
4.087 -2.043
4.177 -2.089
4.268 -2.134
4.359 -2.180
4.450 -2.225
4.541 -2.270
4.631 -2.316
4.722 -2.361
4.813 -2.407
4.904 -2.452
4.995 -2.497
5.086 -2.543
5.176 -2.588
5.267 -2.634
5.358 -2.679
5.449 -2.724
5.540 -2.770
5.630 -2.815
5.721 -2.861
5.812 -2.906
5.903 -2.951
5.994 -2.997
6.084 -3.042
6.175 -3.088
6.266 -3.133
6.357 -3.178
6.448 -3.224
6.539 -3.269
6.629 -3.315
6.720 -3.360
6.811 -3.405
6.902 -3.451
6.993 -3.496
7.083 -3.542
7.174 -3.587
7.265 -3.633
7.356 -3.678
7.447 -3.723
7.537 -3.769
7.628 -3.814
7.719 -3.860
7.810 -3.905
7.901 -3.950
7.992 -3.996
---
CollisionFootprint(i, j, t_in, t_out):
0 0 0.000000 5.568788
0 1 5.568788 11.137078
-1 1 11.137078 16.705368
-1 2 16.705368 27.841948
-1 3 27.841948 33.410238
-2 3 33.410238 38.978528
-2 4 38.978528 50.115107
-2 5 50.115107 55.683397
-3 5 55.683397 61.251687
-3 6 61.251687 72.389263
-3 7 72.389263 77.957553
-4 7 77.957553 83.525843
-4 8 83.525843 89.000000
=== END ===

=== PRIMITIVE ===
ID: 199
StartHeadingNum: 3
Goal: i=8 j=4 heading=3
Length: 8.934838
ExecutionTime(ticks): 89
TotalHeadingChange: 0.0000
BendingEnergy: 0.0000
---
Trajectory(x,y):
0.000 0.000
0.045 0.091
0.091 0.182
0.136 0.272
0.182 0.363
0.227 0.454
0.272 0.545
0.318 0.636
0.363 0.727
0.409 0.817
0.454 0.908
0.499 0.999
0.545 1.090
0.590 1.181
0.636 1.271
0.681 1.362
0.727 1.453
0.772 1.544
0.817 1.635
0.863 1.725
0.908 1.816
0.954 1.907
0.999 1.998
1.044 2.089
1.090 2.180
1.135 2.270
1.181 2.361
1.226 2.452
1.271 2.543
1.317 2.634
1.362 2.724
1.408 2.815
1.453 2.906
1.498 2.997
1.544 3.088
1.589 3.178
1.635 3.269
1.680 3.360
1.725 3.451
1.771 3.542
1.816 3.633
1.862 3.723
1.907 3.814
1.952 3.905
1.998 3.996
2.043 4.087
2.089 4.177
2.134 4.268
2.180 4.359
2.225 4.450
2.270 4.541
2.316 4.631
2.361 4.722
2.407 4.813
2.452 4.904
2.497 4.995
2.543 5.086
2.588 5.176
2.634 5.267
2.679 5.358
2.724 5.449
2.770 5.540
2.815 5.630
2.861 5.721
2.906 5.812
2.951 5.903
2.997 5.994
3.042 6.084
3.088 6.175
3.133 6.266
3.178 6.357
3.224 6.448
3.269 6.539
3.315 6.629
3.360 6.720
3.405 6.811
3.451 6.902
3.496 6.993
3.542 7.083
3.587 7.174
3.633 7.265
3.678 7.356
3.723 7.447
3.769 7.537
3.814 7.628
3.860 7.719
3.905 7.810
3.950 7.901
3.996 7.992
---
CollisionFootprint(i, j, t_in, t_out):
0 0 0.000000 5.568788
1 0 5.568788 11.137078
1 1 11.137078 16.705368
2 1 16.705368 27.841948
3 1 27.841948 33.410238
3 2 33.410238 38.978528
4 2 38.978528 50.115107
5 2 50.115107 55.683397
5 3 55.683397 61.251687
6 3 61.251687 72.389263
7 3 72.389263 77.957553
7 4 77.957553 83.525843
8 4 83.525843 89.000000
=== END ===

=== PRIMITIVE ===
ID: 200
StartHeadingNum: 1
Goal: i=1 j=2 heading=1
Length: 2.226444
ExecutionTime(ticks): 22
TotalHeadingChange: 0.0000
BendingEnergy: 0.0000
---
Trajectory(x,y):
0.000 0.000
0.095 0.047
0.190 0.095
0.284 0.142
0.379 0.190
0.474 0.237
0.569 0.284
0.664 0.332
0.759 0.379
0.853 0.427
0.948 0.474
1.043 0.522
1.138 0.569
1.233 0.616
1.328 0.664
1.422 0.711
1.517 0.759
1.612 0.806
1.707 0.853
1.802 0.901
1.897 0.948
1.991 0.996
---
CollisionFootprint(i, j, t_in, t_out):
0 0 0.000000 5.523469
0 1 5.523469 11.047433
1 1 11.047433 16.571396
1 2 16.571396 22.000000
=== END ===

=== PRIMITIVE ===
ID: 201
StartHeadingNum: 5
Goal: i=2 j=-1 heading=5
Length: 2.226444
ExecutionTime(ticks): 22
TotalHeadingChange: 0.0000
BendingEnergy: 0.0000
---
Trajectory(x,y):
0.000 0.000
-0.047 0.095
-0.095 0.190
-0.142 0.284
-0.190 0.379
-0.237 0.474
-0.284 0.569
-0.332 0.664
-0.379 0.759
-0.427 0.853
-0.474 0.948
-0.522 1.043
-0.569 1.138
-0.616 1.233
-0.664 1.328
-0.711 1.422
-0.759 1.517
-0.806 1.612
-0.853 1.707
-0.901 1.802
-0.948 1.897
-0.996 1.991
---
CollisionFootprint(i, j, t_in, t_out):
0 0 0.000000 5.523469
1 0 5.523469 11.047433
1 -1 11.047433 16.571396
2 -1 16.571396 22.000000
=== END ===

=== PRIMITIVE ===
ID: 202
StartHeadingNum: 9
Goal: i=-1 j=-2 heading=9
Length: 2.226444
ExecutionTime(ticks): 22
TotalHeadingChange: 0.0000
BendingEnergy: 0.0000
---
Trajectory(x,y):
0.000 0.000
-0.095 -0.047
-0.190 -0.095
-0.284 -0.142
-0.379 -0.190
-0.474 -0.237
-0.569 -0.284
-0.664 -0.332
-0.759 -0.379
-0.853 -0.427
-0.948 -0.474
-1.043 -0.522
-1.138 -0.569
-1.233 -0.616
-1.328 -0.664
-1.422 -0.711
-1.517 -0.759
-1.612 -0.806
-1.707 -0.853
-1.802 -0.901
-1.897 -0.948
-1.991 -0.996
---
CollisionFootprint(i, j, t_in, t_out):
0 0 0.000000 5.523469
0 -1 5.523469 11.047433
-1 -1 11.047433 16.571396
-1 -2 16.571396 22.000000
=== END ===

=== PRIMITIVE ===
ID: 203
StartHeadingNum: 13
Goal: i=-2 j=1 heading=13
Length: 2.226444
ExecutionTime(ticks): 22
TotalHeadingChange: 0.0000
BendingEnergy: 0.0000
---
Trajectory(x,y):
0.000 0.000
0.047 -0.095
0.095 -0.190
0.142 -0.284
0.190 -0.379
0.237 -0.474
0.284 -0.569
0.332 -0.664
0.379 -0.759
0.427 -0.853
0.474 -0.948
0.522 -1.043
0.569 -1.138
0.616 -1.233
0.664 -1.328
0.711 -1.422
0.759 -1.517
0.806 -1.612
0.853 -1.707
0.901 -1.802
0.948 -1.897
0.996 -1.991
---
CollisionFootprint(i, j, t_in, t_out):
0 0 0.000000 5.523469
-1 0 5.523469 11.047433
-1 1 11.047433 16.571396
-2 1 16.571396 22.000000
=== END ===

=== PRIMITIVE ===
ID: 204
StartHeadingNum: 7
Goal: i=1 j=-2 heading=7
Length: 2.226444
ExecutionTime(ticks): 22
TotalHeadingChange: 0.0000
BendingEnergy: 0.0000
---
Trajectory(x,y):
0.000 0.000
-0.095 0.047
-0.190 0.095
-0.284 0.142
-0.379 0.190
-0.474 0.237
-0.569 0.284
-0.664 0.332
-0.759 0.379
-0.853 0.427
-0.948 0.474
-1.043 0.522
-1.138 0.569
-1.233 0.616
-1.328 0.664
-1.422 0.711
-1.517 0.759
-1.612 0.806
-1.707 0.853
-1.802 0.901
-1.897 0.948
-1.991 0.996
---
CollisionFootprint(i, j, t_in, t_out):
0 0 0.000000 5.523469
0 -1 5.523469 11.047433
1 -1 11.047433 16.571396
1 -2 16.571396 22.000000
=== END ===

=== PRIMITIVE ===
ID: 205
StartHeadingNum: 11
Goal: i=-2 j=-1 heading=11
Length: 2.226444
ExecutionTime(ticks): 22
TotalHeadingChange: 0.0000
BendingEnergy: 0.0000
---
Trajectory(x,y):
0.000 0.000
-0.047 -0.095
-0.095 -0.190
-0.142 -0.284
-0.190 -0.379
-0.237 -0.474
-0.284 -0.569
-0.332 -0.664
-0.379 -0.759
-0.427 -0.853
-0.474 -0.948
-0.522 -1.043
-0.569 -1.138
-0.616 -1.233
-0.664 -1.328
-0.711 -1.422
-0.759 -1.517
-0.806 -1.612
-0.853 -1.707
-0.901 -1.802
-0.948 -1.897
-0.996 -1.991
---
CollisionFootprint(i, j, t_in, t_out):
0 0 0.000000 5.523469
-1 0 5.523469 11.047433
-1 -1 11.047433 16.571396
-2 -1 16.571396 22.000000
=== END ===

=== PRIMITIVE ===
ID: 206
StartHeadingNum: 15
Goal: i=-1 j=2 heading=15
Length: 2.226444
ExecutionTime(ticks): 22
TotalHeadingChange: 0.0000
BendingEnergy: 0.0000
---
Trajectory(x,y):
0.000 0.000
0.095 -0.047
0.190 -0.095
0.284 -0.142
0.379 -0.190
0.474 -0.237
0.569 -0.284
0.664 -0.332
0.759 -0.379
0.853 -0.427
0.948 -0.474
1.043 -0.522
1.138 -0.569
1.233 -0.616
1.328 -0.664
1.422 -0.711
1.517 -0.759
1.612 -0.806
1.707 -0.853
1.802 -0.901
1.897 -0.948
1.991 -0.996
---
CollisionFootprint(i, j, t_in, t_out):
0 0 0.000000 5.523469
0 1 5.523469 11.047433
-1 1 11.047433 16.571396
-1 2 16.571396 22.000000
=== END ===

=== PRIMITIVE ===
ID: 207
StartHeadingNum: 3
Goal: i=2 j=1 heading=3
Length: 2.226444
ExecutionTime(ticks): 22
TotalHeadingChange: 0.0000
BendingEnergy: 0.0000
---
Trajectory(x,y):
0.000 0.000
0.047 0.095
0.095 0.190
0.142 0.284
0.190 0.379
0.237 0.474
0.284 0.569
0.332 0.664
0.379 0.759
0.427 0.853
0.474 0.948
0.522 1.043
0.569 1.138
0.616 1.233
0.664 1.328
0.711 1.422
0.759 1.517
0.806 1.612
0.853 1.707
0.901 1.802
0.948 1.897
0.996 1.991
---
CollisionFootprint(i, j, t_in, t_out):
0 0 0.000000 5.523469
1 0 5.523469 11.047433
1 1 11.047433 16.571396
2 1 16.571396 22.000000
=== END ===

=== PRIMITIVE ===
ID: 208
StartHeadingNum: 1
Goal: i=7 j=2 heading=5
Length: 8.495259
ExecutionTime(ticks): 85
TotalHeadingChange: 1.5686
BendingEnergy: 0.3510
---
Trajectory(x,y):
0.000 0.000
0.092 0.046
0.183 0.092
0.274 0.138
0.365 0.185
0.456 0.232
0.547 0.280
0.636 0.329
0.726 0.379
0.815 0.430
0.903 0.482
0.990 0.535
1.077 0.590
1.162 0.646
1.247 0.703
1.331 0.762
1.413 0.823
1.494 0.886
1.574 0.950
1.652 1.016
1.729 1.083
1.804 1.153
1.877 1.224
1.949 1.297
2.019 1.372
2.087 1.449
2.152 1.527
2.216 1.607
2.277 1.689
2.337 1.773
2.394 1.858
2.448 1.944
2.500 2.033
2.549 2.122
2.596 2.213
2.640 2.306
2.682 2.399
2.721 2.494
2.757 2.590
2.790 2.686
2.821 2.784
2.848 2.883
2.873 2.982
2.895 3.082
2.914 3.182
2.931 3.283
2.945 3.385
2.956 3.487
2.964 3.589
2.969 3.691
2.972 3.793
2.972 3.895
2.970 3.998
2.965 4.100
2.957 4.202
2.947 4.304
2.935 4.406
2.921 4.507
2.904 4.608
2.885 4.708
2.864 4.809
2.841 4.908
2.816 5.008
2.790 5.106
2.761 5.205
2.731 5.303
2.699 5.400
2.666 5.497
2.631 5.593
2.595 5.689
2.558 5.784
2.519 5.879
2.479 5.973
2.439 6.067
2.397 6.161
2.355 6.254
2.312 6.347
2.269 6.439
2.224 6.532
2.180 6.624
2.135 6.716
2.089 6.808
2.044 6.899
1.998 6.991
---
CollisionFootprint(i, j, t_in, t_out):
0 0 0.000000 5.616738
0 1 5.616738 10.597609
1 1 10.597609 17.486580
1 2 17.486580 26.274647
2 2 26.274647 32.773393
2 3 32.773393 37.957381
3 3 37.957381 48.267325
4 3 48.267325 58.303110
5 3 58.303110 68.650075
6 3 68.650075 73.207702
6 2 73.207702 79.527345
7 2 79.527345 85.000000
=== END ===

=== PRIMITIVE ===
ID: 209
StartHeadingNum: 5
Goal: i=2 j=-7 heading=9
Length: 8.495259
ExecutionTime(ticks): 85
TotalHeadingChange: 1.5686
BendingEnergy: 0.3510
---
Trajectory(x,y):
0.000 0.000
-0.046 0.092
-0.092 0.183
-0.138 0.274
-0.185 0.365
-0.232 0.456
-0.280 0.547
-0.329 0.636
-0.379 0.726
-0.430 0.815
-0.482 0.903
-0.535 0.990
-0.590 1.077
-0.646 1.162
-0.703 1.247
-0.762 1.331
-0.823 1.413
-0.886 1.494
-0.950 1.574
-1.016 1.652
-1.083 1.729
-1.153 1.804
-1.224 1.877
-1.297 1.949
-1.372 2.019
-1.449 2.087
-1.527 2.152
-1.607 2.216
-1.689 2.277
-1.773 2.337
-1.858 2.394
-1.944 2.448
-2.033 2.500
-2.122 2.549
-2.213 2.596
-2.306 2.640
-2.399 2.682
-2.494 2.721
-2.590 2.757
-2.686 2.790
-2.784 2.821
-2.883 2.848
-2.982 2.873
-3.082 2.895
-3.182 2.914
-3.283 2.931
-3.385 2.945
-3.487 2.956
-3.589 2.964
-3.691 2.969
-3.793 2.972
-3.895 2.972
-3.998 2.970
-4.100 2.965
-4.202 2.957
-4.304 2.947
-4.406 2.935
-4.507 2.921
-4.608 2.904
-4.708 2.885
-4.809 2.864
-4.908 2.841
-5.008 2.816
-5.106 2.790
-5.205 2.761
-5.303 2.731
-5.400 2.699
-5.497 2.666
-5.593 2.631
-5.689 2.595
-5.784 2.558
-5.879 2.519
-5.973 2.479
-6.067 2.439
-6.161 2.397
-6.254 2.355
-6.347 2.312
-6.439 2.269
-6.532 2.224
-6.624 2.180
-6.716 2.135
-6.808 2.089
-6.899 2.044
-6.991 1.998
---
CollisionFootprint(i, j, t_in, t_out):
0 0 0.000000 5.616738
1 0 5.616738 10.597609
1 -1 10.597609 17.486580
2 -1 17.486580 26.274647
2 -2 26.274647 32.773393
3 -2 32.773393 37.957381
3 -3 37.957381 48.267325
3 -4 48.267325 58.303110
3 -5 58.303110 68.650075
3 -6 68.650075 73.207702
2 -6 73.207702 79.527345
2 -7 79.527345 85.000000
=== END ===

=== PRIMITIVE ===
ID: 210
StartHeadingNum: 9
Goal: i=-7 j=-2 heading=13
Length: 8.495259
ExecutionTime(ticks): 85
TotalHeadingChange: 1.5686
BendingEnergy: 0.3510
---
Trajectory(x,y):
0.000 0.000
-0.092 -0.046
-0.183 -0.092
-0.274 -0.138
-0.365 -0.185
-0.456 -0.232
-0.547 -0.280
-0.636 -0.329
-0.726 -0.379
-0.815 -0.430
-0.903 -0.482
-0.990 -0.535
-1.077 -0.590
-1.162 -0.646
-1.247 -0.703
-1.331 -0.762
-1.413 -0.823
-1.494 -0.886
-1.574 -0.950
-1.652 -1.016
-1.729 -1.083
-1.804 -1.153
-1.877 -1.224
-1.949 -1.297
-2.019 -1.372
-2.087 -1.449
-2.152 -1.527
-2.216 -1.607
-2.277 -1.689
-2.337 -1.773
-2.394 -1.858
-2.448 -1.944
-2.500 -2.033
-2.549 -2.122
-2.596 -2.213
-2.640 -2.306
-2.682 -2.399
-2.721 -2.494
-2.757 -2.590
-2.790 -2.686
-2.821 -2.784
-2.848 -2.883
-2.873 -2.982
-2.895 -3.082
-2.914 -3.182
-2.931 -3.283
-2.945 -3.385
-2.956 -3.487
-2.964 -3.589
-2.969 -3.691
-2.972 -3.793
-2.972 -3.895
-2.970 -3.998
-2.965 -4.100
-2.957 -4.202
-2.947 -4.304
-2.935 -4.406
-2.921 -4.507
-2.904 -4.608
-2.885 -4.708
-2.864 -4.809
-2.841 -4.908
-2.816 -5.008
-2.790 -5.106
-2.761 -5.205
-2.731 -5.303
-2.699 -5.400
-2.666 -5.497
-2.631 -5.593
-2.595 -5.689
-2.558 -5.784
-2.519 -5.879
-2.479 -5.973
-2.439 -6.067
-2.397 -6.161
-2.355 -6.254
-2.312 -6.347
-2.269 -6.439
-2.224 -6.532
-2.180 -6.624
-2.135 -6.716
-2.089 -6.808
-2.044 -6.899
-1.998 -6.991
---
CollisionFootprint(i, j, t_in, t_out):
0 0 0.000000 5.616738
0 -1 5.616738 10.597609
-1 -1 10.597609 17.486580
-1 -2 17.486580 26.274647
-2 -2 26.274647 32.773393
-2 -3 32.773393 37.957381
-3 -3 37.957381 48.267325
-4 -3 48.267325 58.303110
-5 -3 58.303110 68.650075
-6 -3 68.650075 73.207702
-6 -2 73.207702 79.527345
-7 -2 79.527345 85.000000
=== END ===

=== PRIMITIVE ===
ID: 211
StartHeadingNum: 13
Goal: i=-2 j=7 heading=1
Length: 8.495259
ExecutionTime(ticks): 85
TotalHeadingChange: 1.5686
BendingEnergy: 0.3510
---
Trajectory(x,y):
0.000 0.000
0.046 -0.092
0.092 -0.183
0.138 -0.274
0.185 -0.365
0.232 -0.456
0.280 -0.547
0.329 -0.636
0.379 -0.726
0.430 -0.815
0.482 -0.903
0.535 -0.990
0.590 -1.077
0.646 -1.162
0.703 -1.247
0.762 -1.331
0.823 -1.413
0.886 -1.494
0.950 -1.574
1.016 -1.652
1.083 -1.729
1.153 -1.804
1.224 -1.877
1.297 -1.949
1.372 -2.019
1.449 -2.087
1.527 -2.152
1.607 -2.216
1.689 -2.277
1.773 -2.337
1.858 -2.394
1.944 -2.448
2.033 -2.500
2.122 -2.549
2.213 -2.596
2.306 -2.640
2.399 -2.682
2.494 -2.721
2.590 -2.757
2.686 -2.790
2.784 -2.821
2.883 -2.848
2.982 -2.873
3.082 -2.895
3.182 -2.914
3.283 -2.931
3.385 -2.945
3.487 -2.956
3.589 -2.964
3.691 -2.969
3.793 -2.972
3.895 -2.972
3.998 -2.970
4.100 -2.965
4.202 -2.957
4.304 -2.947
4.406 -2.935
4.507 -2.921
4.608 -2.904
4.708 -2.885
4.809 -2.864
4.908 -2.841
5.008 -2.816
5.106 -2.790
5.205 -2.761
5.303 -2.731
5.400 -2.699
5.497 -2.666
5.593 -2.631
5.689 -2.595
5.784 -2.558
5.879 -2.519
5.973 -2.479
6.067 -2.439
6.161 -2.397
6.254 -2.355
6.347 -2.312
6.439 -2.269
6.532 -2.224
6.624 -2.180
6.716 -2.135
6.808 -2.089
6.899 -2.044
6.991 -1.998
---
CollisionFootprint(i, j, t_in, t_out):
0 0 0.000000 5.616738
-1 0 5.616738 10.597609
-1 1 10.597609 17.486580
-2 1 17.486580 26.274647
-2 2 26.274647 32.773393
-3 2 32.773393 37.957381
-3 3 37.957381 48.267325
-3 4 48.267325 58.303110
-3 5 58.303110 68.650075
-3 6 68.650075 73.207702
-2 6 73.207702 79.527345
-2 7 79.527345 85.000000
=== END ===

=== PRIMITIVE ===
ID: 212
StartHeadingNum: 7
Goal: i=7 j=-2 heading=3
Length: 8.495259
ExecutionTime(ticks): 85
TotalHeadingChange: 1.5686
BendingEnergy: 0.3510
---
Trajectory(x,y):
0.000 0.000
-0.092 0.046
-0.183 0.092
-0.274 0.138
-0.365 0.185
-0.456 0.232
-0.547 0.280
-0.636 0.329
-0.726 0.379
-0.815 0.430
-0.903 0.482
-0.990 0.535
-1.077 0.590
-1.162 0.646
-1.247 0.703
-1.331 0.762
-1.413 0.823
-1.494 0.886
-1.574 0.950
-1.652 1.016
-1.729 1.083
-1.804 1.153
-1.877 1.224
-1.949 1.297
-2.019 1.372
-2.087 1.449
-2.152 1.527
-2.216 1.607
-2.277 1.689
-2.337 1.773
-2.394 1.858
-2.448 1.944
-2.500 2.033
-2.549 2.122
-2.596 2.213
-2.640 2.306
-2.682 2.399
-2.721 2.494
-2.757 2.590
-2.790 2.686
-2.821 2.784
-2.848 2.883
-2.873 2.982
-2.895 3.082
-2.914 3.182
-2.931 3.283
-2.945 3.385
-2.956 3.487
-2.964 3.589
-2.969 3.691
-2.972 3.793
-2.972 3.895
-2.970 3.998
-2.965 4.100
-2.957 4.202
-2.947 4.304
-2.935 4.406
-2.921 4.507
-2.904 4.608
-2.885 4.708
-2.864 4.809
-2.841 4.908
-2.816 5.008
-2.790 5.106
-2.761 5.205
-2.731 5.303
-2.699 5.400
-2.666 5.497
-2.631 5.593
-2.595 5.689
-2.558 5.784
-2.519 5.879
-2.479 5.973
-2.439 6.067
-2.397 6.161
-2.355 6.254
-2.312 6.347
-2.269 6.439
-2.224 6.532
-2.180 6.624
-2.135 6.716
-2.089 6.808
-2.044 6.899
-1.998 6.991
---
CollisionFootprint(i, j, t_in, t_out):
0 0 0.000000 5.616738
0 -1 5.616738 10.597609
1 -1 10.597609 17.486580
1 -2 17.486580 26.274647
2 -2 26.274647 32.773393
2 -3 32.773393 37.957381
3 -3 37.957381 48.267325
4 -3 48.267325 58.303110
5 -3 58.303110 68.650075
6 -3 68.650075 73.207702
6 -2 73.207702 79.527345
7 -2 79.527345 85.000000
=== END ===

=== PRIMITIVE ===
ID: 213
StartHeadingNum: 11
Goal: i=-2 j=-7 heading=7
Length: 8.495259
ExecutionTime(ticks): 85
TotalHeadingChange: 1.5686
BendingEnergy: 0.3510
---
Trajectory(x,y):
0.000 0.000
-0.046 -0.092
-0.092 -0.183
-0.138 -0.274
-0.185 -0.365
-0.232 -0.456
-0.280 -0.547
-0.329 -0.636
-0.379 -0.726
-0.430 -0.815
-0.482 -0.903
-0.535 -0.990
-0.590 -1.077
-0.646 -1.162
-0.703 -1.247
-0.762 -1.331
-0.823 -1.413
-0.886 -1.494
-0.950 -1.574
-1.016 -1.652
-1.083 -1.729
-1.153 -1.804
-1.224 -1.877
-1.297 -1.949
-1.372 -2.019
-1.449 -2.087
-1.527 -2.152
-1.607 -2.216
-1.689 -2.277
-1.773 -2.337
-1.858 -2.394
-1.944 -2.448
-2.033 -2.500
-2.122 -2.549
-2.213 -2.596
-2.306 -2.640
-2.399 -2.682
-2.494 -2.721
-2.590 -2.757
-2.686 -2.790
-2.784 -2.821
-2.883 -2.848
-2.982 -2.873
-3.082 -2.895
-3.182 -2.914
-3.283 -2.931
-3.385 -2.945
-3.487 -2.956
-3.589 -2.964
-3.691 -2.969
-3.793 -2.972
-3.895 -2.972
-3.998 -2.970
-4.100 -2.965
-4.202 -2.957
-4.304 -2.947
-4.406 -2.935
-4.507 -2.921
-4.608 -2.904
-4.708 -2.885
-4.809 -2.864
-4.908 -2.841
-5.008 -2.816
-5.106 -2.790
-5.205 -2.761
-5.303 -2.731
-5.400 -2.699
-5.497 -2.666
-5.593 -2.631
-5.689 -2.595
-5.784 -2.558
-5.879 -2.519
-5.973 -2.479
-6.067 -2.439
-6.161 -2.397
-6.254 -2.355
-6.347 -2.312
-6.439 -2.269
-6.532 -2.224
-6.624 -2.180
-6.716 -2.135
-6.808 -2.089
-6.899 -2.044
-6.991 -1.998
---
CollisionFootprint(i, j, t_in, t_out):
0 0 0.000000 5.616738
-1 0 5.616738 10.597609
-1 -1 10.597609 17.486580
-2 -1 17.486580 26.274647
-2 -2 26.274647 32.773393
-3 -2 32.773393 37.957381
-3 -3 37.957381 48.267325
-3 -4 48.267325 58.303110
-3 -5 58.303110 68.650075
-3 -6 68.650075 73.207702
-2 -6 73.207702 79.527345
-2 -7 79.527345 85.000000
=== END ===

=== PRIMITIVE ===
ID: 214
StartHeadingNum: 15
Goal: i=-7 j=2 heading=11
Length: 8.495259
ExecutionTime(ticks): 85
TotalHeadingChange: 1.5686
BendingEnergy: 0.3510
---
Trajectory(x,y):
0.000 0.000
0.092 -0.046
0.183 -0.092
0.274 -0.138
0.365 -0.185
0.456 -0.232
0.547 -0.280
0.636 -0.329
0.726 -0.379
0.815 -0.430
0.903 -0.482
0.990 -0.535
1.077 -0.590
1.162 -0.646
1.247 -0.703
1.331 -0.762
1.413 -0.823
1.494 -0.886
1.574 -0.950
1.652 -1.016
1.729 -1.083
1.804 -1.153
1.877 -1.224
1.949 -1.297
2.019 -1.372
2.087 -1.449
2.152 -1.527
2.216 -1.607
2.277 -1.689
2.337 -1.773
2.394 -1.858
2.448 -1.944
2.500 -2.033
2.549 -2.122
2.596 -2.213
2.640 -2.306
2.682 -2.399
2.721 -2.494
2.757 -2.590
2.790 -2.686
2.821 -2.784
2.848 -2.883
2.873 -2.982
2.895 -3.082
2.914 -3.182
2.931 -3.283
2.945 -3.385
2.956 -3.487
2.964 -3.589
2.969 -3.691
2.972 -3.793
2.972 -3.895
2.970 -3.998
2.965 -4.100
2.957 -4.202
2.947 -4.304
2.935 -4.406
2.921 -4.507
2.904 -4.608
2.885 -4.708
2.864 -4.809
2.841 -4.908
2.816 -5.008
2.790 -5.106
2.761 -5.205
2.731 -5.303
2.699 -5.400
2.666 -5.497
2.631 -5.593
2.595 -5.689
2.558 -5.784
2.519 -5.879
2.479 -5.973
2.439 -6.067
2.397 -6.161
2.355 -6.254
2.312 -6.347
2.269 -6.439
2.224 -6.532
2.180 -6.624
2.135 -6.716
2.089 -6.808
2.044 -6.899
1.998 -6.991
---
CollisionFootprint(i, j, t_in, t_out):
0 0 0.000000 5.616738
0 1 5.616738 10.597609
-1 1 10.597609 17.486580
-1 2 17.486580 26.274647
-2 2 26.274647 32.773393
-2 3 32.773393 37.957381
-3 3 37.957381 48.267325
-4 3 48.267325 58.303110
-5 3 58.303110 68.650075
-6 3 68.650075 73.207702
-6 2 73.207702 79.527345
-7 2 79.527345 85.000000
=== END ===

=== PRIMITIVE ===
ID: 215
StartHeadingNum: 3
Goal: i=2 j=7 heading=15
Length: 8.495259
ExecutionTime(ticks): 85
TotalHeadingChange: 1.5686
BendingEnergy: 0.3510
---
Trajectory(x,y):
0.000 0.000
0.046 0.092
0.092 0.183
0.138 0.274
0.185 0.365
0.232 0.456
0.280 0.547
0.329 0.636
0.379 0.726
0.430 0.815
0.482 0.903
0.535 0.990
0.590 1.077
0.646 1.162
0.703 1.247
0.762 1.331
0.823 1.413
0.886 1.494
0.950 1.574
1.016 1.652
1.083 1.729
1.153 1.804
1.224 1.877
1.297 1.949
1.372 2.019
1.449 2.087
1.527 2.152
1.607 2.216
1.689 2.277
1.773 2.337
1.858 2.394
1.944 2.448
2.033 2.500
2.122 2.549
2.213 2.596
2.306 2.640
2.399 2.682
2.494 2.721
2.590 2.757
2.686 2.790
2.784 2.821
2.883 2.848
2.982 2.873
3.082 2.895
3.182 2.914
3.283 2.931
3.385 2.945
3.487 2.956
3.589 2.964
3.691 2.969
3.793 2.972
3.895 2.972
3.998 2.970
4.100 2.965
4.202 2.957
4.304 2.947
4.406 2.935
4.507 2.921
4.608 2.904
4.708 2.885
4.809 2.864
4.908 2.841
5.008 2.816
5.106 2.790
5.205 2.761
5.303 2.731
5.400 2.699
5.497 2.666
5.593 2.631
5.689 2.595
5.784 2.558
5.879 2.519
5.973 2.479
6.067 2.439
6.161 2.397
6.254 2.355
6.347 2.312
6.439 2.269
6.532 2.224
6.624 2.180
6.716 2.135
6.808 2.089
6.899 2.044
6.991 1.998
---
CollisionFootprint(i, j, t_in, t_out):
0 0 0.000000 5.616738
1 0 5.616738 10.597609
1 1 10.597609 17.486580
2 1 17.486580 26.274647
2 2 26.274647 32.773393
3 2 32.773393 37.957381
3 3 37.957381 48.267325
3 4 48.267325 58.303110
3 5 58.303110 68.650075
3 6 68.650075 73.207702
2 6 73.207702 79.527345
2 7 79.527345 85.000000
=== END ===

=== PRIMITIVE ===
ID: 216
StartHeadingNum: 1
Goal: i=5 j=7 heading=2
Length: 8.646866
ExecutionTime(ticks): 86
TotalHeadingChange: 0.3214
BendingEnergy: 0.0144
---
Trajectory(x,y):
0.000 0.000
0.091 0.045
0.182 0.091
0.273 0.137
0.364 0.182
0.455 0.228
0.546 0.274
0.636 0.320
0.727 0.366
0.818 0.412
0.908 0.458
0.999 0.505
1.089 0.552
1.179 0.599
1.269 0.646
1.359 0.694
1.449 0.741
1.539 0.789
1.628 0.838
1.717 0.886
1.807 0.935
1.896 0.985
1.984 1.035
2.073 1.085
2.161 1.135
2.249 1.186
2.337 1.237
2.425 1.289
2.512 1.341
2.599 1.393
2.686 1.446
2.773 1.499
2.859 1.553
2.945 1.607
3.031 1.662
3.117 1.717
3.202 1.773
3.287 1.829
3.371 1.885
3.456 1.942
3.540 2.000
3.623 2.057
3.707 2.116
3.790 2.175
3.872 2.234
3.955 2.294
4.037 2.354
4.118 2.415
4.200 2.476
4.280 2.537
4.361 2.600
4.441 2.662
4.521 2.725
4.601 2.788
4.680 2.852
4.759 2.917
4.837 2.981
4.915 3.046
4.993 3.112
5.071 3.178
5.148 3.244
5.225 3.311
5.301 3.378
5.377 3.445
5.453 3.513
5.529 3.581
5.604 3.650
5.679 3.719
5.754 3.788
5.828 3.857
5.902 3.927
5.976 3.997
6.050 4.067
6.123 4.137
6.196 4.208
6.269 4.279
6.342 4.350
6.415 4.421
6.487 4.492
6.560 4.564
6.632 4.635
6.704 4.707
6.776 4.779
6.848 4.851
6.920 4.922
6.992 4.994
---
CollisionFootprint(i, j, t_in, t_out):
0 0 0.000000 5.563290
0 1 5.563290 11.022644
1 1 11.022644 16.763470
1 2 16.763470 28.187436
1 3 28.187436 31.375126
2 3 31.375126 39.991338
2 4 39.991338 48.962622
3 4 48.962622 52.343264
3 5 52.343264 64.555946
4 5 64.555946 65.380469
4 6 65.380469 79.029352
5 6 79.029352 79.094001
5 7 79.094001 86.000000
=== END ===

=== PRIMITIVE ===
ID: 217
StartHeadingNum: 5
Goal: i=7 j=-5 heading=6
Length: 8.646866
ExecutionTime(ticks): 86
TotalHeadingChange: 0.3214
BendingEnergy: 0.0144
---
Trajectory(x,y):
0.000 0.000
-0.045 0.091
-0.091 0.182
-0.137 0.273
-0.182 0.364
-0.228 0.455
-0.274 0.546
-0.320 0.636
-0.366 0.727
-0.412 0.818
-0.458 0.908
-0.505 0.999
-0.552 1.089
-0.599 1.179
-0.646 1.269
-0.694 1.359
-0.741 1.449
-0.789 1.539
-0.838 1.628
-0.886 1.717
-0.935 1.807
-0.985 1.896
-1.035 1.984
-1.085 2.073
-1.135 2.161
-1.186 2.249
-1.237 2.337
-1.289 2.425
-1.341 2.512
-1.393 2.599
-1.446 2.686
-1.499 2.773
-1.553 2.859
-1.607 2.945
-1.662 3.031
-1.717 3.117
-1.773 3.202
-1.829 3.287
-1.885 3.371
-1.942 3.456
-2.000 3.540
-2.057 3.623
-2.116 3.707
-2.175 3.790
-2.234 3.872
-2.294 3.955
-2.354 4.037
-2.415 4.118
-2.476 4.200
-2.537 4.280
-2.600 4.361
-2.662 4.441
-2.725 4.521
-2.788 4.601
-2.852 4.680
-2.917 4.759
-2.981 4.837
-3.046 4.915
-3.112 4.993
-3.178 5.071
-3.244 5.148
-3.311 5.225
-3.378 5.301
-3.445 5.377
-3.513 5.453
-3.581 5.529
-3.650 5.604
-3.719 5.679
-3.788 5.754
-3.857 5.828
-3.927 5.902
-3.997 5.976
-4.067 6.050
-4.137 6.123
-4.208 6.196
-4.279 6.269
-4.350 6.342
-4.421 6.415
-4.492 6.487
-4.564 6.560
-4.635 6.632
-4.707 6.704
-4.779 6.776
-4.851 6.848
-4.922 6.920
-4.994 6.992
---
CollisionFootprint(i, j, t_in, t_out):
0 0 0.000000 5.563290
1 0 5.563290 11.022644
1 -1 11.022644 16.763470
2 -1 16.763470 28.187436
3 -1 28.187436 31.375126
3 -2 31.375126 39.991338
4 -2 39.991338 48.962622
4 -3 48.962622 52.343264
5 -3 52.343264 64.555946
5 -4 64.555946 65.380469
6 -4 65.380469 79.029352
6 -5 79.029352 79.094001
7 -5 79.094001 86.000000
=== END ===

=== PRIMITIVE ===
ID: 218
StartHeadingNum: 9
Goal: i=-5 j=-7 heading=10
Length: 8.646866
ExecutionTime(ticks): 86
TotalHeadingChange: 0.3214
BendingEnergy: 0.0144
---
Trajectory(x,y):
0.000 0.000
-0.091 -0.045
-0.182 -0.091
-0.273 -0.137
-0.364 -0.182
-0.455 -0.228
-0.546 -0.274
-0.636 -0.320
-0.727 -0.366
-0.818 -0.412
-0.908 -0.458
-0.999 -0.505
-1.089 -0.552
-1.179 -0.599
-1.269 -0.646
-1.359 -0.694
-1.449 -0.741
-1.539 -0.789
-1.628 -0.838
-1.717 -0.886
-1.807 -0.935
-1.896 -0.985
-1.984 -1.035
-2.073 -1.085
-2.161 -1.135
-2.249 -1.186
-2.337 -1.237
-2.425 -1.289
-2.512 -1.341
-2.599 -1.393
-2.686 -1.446
-2.773 -1.499
-2.859 -1.553
-2.945 -1.607
-3.031 -1.662
-3.117 -1.717
-3.202 -1.773
-3.287 -1.829
-3.371 -1.885
-3.456 -1.942
-3.540 -2.000
-3.623 -2.057
-3.707 -2.116
-3.790 -2.175
-3.872 -2.234
-3.955 -2.294
-4.037 -2.354
-4.118 -2.415
-4.200 -2.476
-4.280 -2.537
-4.361 -2.600
-4.441 -2.662
-4.521 -2.725
-4.601 -2.788
-4.680 -2.852
-4.759 -2.917
-4.837 -2.981
-4.915 -3.046
-4.993 -3.112
-5.071 -3.178
-5.148 -3.244
-5.225 -3.311
-5.301 -3.378
-5.377 -3.445
-5.453 -3.513
-5.529 -3.581
-5.604 -3.650
-5.679 -3.719
-5.754 -3.788
-5.828 -3.857
-5.902 -3.927
-5.976 -3.997
-6.050 -4.067
-6.123 -4.137
-6.196 -4.208
-6.269 -4.279
-6.342 -4.350
-6.415 -4.421
-6.487 -4.492
-6.560 -4.564
-6.632 -4.635
-6.704 -4.707
-6.776 -4.779
-6.848 -4.851
-6.920 -4.922
-6.992 -4.994
---
CollisionFootprint(i, j, t_in, t_out):
0 0 0.000000 5.563290
0 -1 5.563290 11.022644
-1 -1 11.022644 16.763470
-1 -2 16.763470 28.187436
-1 -3 28.187436 31.375126
-2 -3 31.375126 39.991338
-2 -4 39.991338 48.962622
-3 -4 48.962622 52.343264
-3 -5 52.343264 64.555946
-4 -5 64.555946 65.380469
-4 -6 65.380469 79.029352
-5 -6 79.029352 79.094001
-5 -7 79.094001 86.000000
=== END ===

=== PRIMITIVE ===
ID: 219
StartHeadingNum: 13
Goal: i=-7 j=5 heading=14
Length: 8.646866
ExecutionTime(ticks): 86
TotalHeadingChange: 0.3214
BendingEnergy: 0.0144
---
Trajectory(x,y):
0.000 0.000
0.045 -0.091
0.091 -0.182
0.137 -0.273
0.182 -0.364
0.228 -0.455
0.274 -0.546
0.320 -0.636
0.366 -0.727
0.412 -0.818
0.458 -0.908
0.505 -0.999
0.552 -1.089
0.599 -1.179
0.646 -1.269
0.694 -1.359
0.741 -1.449
0.789 -1.539
0.838 -1.628
0.886 -1.717
0.935 -1.807
0.985 -1.896
1.035 -1.984
1.085 -2.073
1.135 -2.161
1.186 -2.249
1.237 -2.337
1.289 -2.425
1.341 -2.512
1.393 -2.599
1.446 -2.686
1.499 -2.773
1.553 -2.859
1.607 -2.945
1.662 -3.031
1.717 -3.117
1.773 -3.202
1.829 -3.287
1.885 -3.371
1.942 -3.456
2.000 -3.540
2.057 -3.623
2.116 -3.707
2.175 -3.790
2.234 -3.872
2.294 -3.955
2.354 -4.037
2.415 -4.118
2.476 -4.200
2.537 -4.280
2.600 -4.361
2.662 -4.441
2.725 -4.521
2.788 -4.601
2.852 -4.680
2.917 -4.759
2.981 -4.837
3.046 -4.915
3.112 -4.993
3.178 -5.071
3.244 -5.148
3.311 -5.225
3.378 -5.301
3.445 -5.377
3.513 -5.453
3.581 -5.529
3.650 -5.604
3.719 -5.679
3.788 -5.754
3.857 -5.828
3.927 -5.902
3.997 -5.976
4.067 -6.050
4.137 -6.123
4.208 -6.196
4.279 -6.269
4.350 -6.342
4.421 -6.415
4.492 -6.487
4.564 -6.560
4.635 -6.632
4.707 -6.704
4.779 -6.776
4.851 -6.848
4.922 -6.920
4.994 -6.992
---
CollisionFootprint(i, j, t_in, t_out):
0 0 0.000000 5.563290
-1 0 5.563290 11.022644
-1 1 11.022644 16.763470
-2 1 16.763470 28.187436
-3 1 28.187436 31.375126
-3 2 31.375126 39.991338
-4 2 39.991338 48.962622
-4 3 48.962622 52.343264
-5 3 52.343264 64.555946
-5 4 64.555946 65.380469
-6 4 65.380469 79.029352
-6 5 79.029352 79.094001
-7 5 79.094001 86.000000
=== END ===

=== PRIMITIVE ===
ID: 220
StartHeadingNum: 7
Goal: i=5 j=-7 heading=6
Length: 8.646866
ExecutionTime(ticks): 86
TotalHeadingChange: 0.3214
BendingEnergy: 0.0144
---
Trajectory(x,y):
0.000 0.000
-0.091 0.045
-0.182 0.091
-0.273 0.137
-0.364 0.182
-0.455 0.228
-0.546 0.274
-0.636 0.320
-0.727 0.366
-0.818 0.412
-0.908 0.458
-0.999 0.505
-1.089 0.552
-1.179 0.599
-1.269 0.646
-1.359 0.694
-1.449 0.741
-1.539 0.789
-1.628 0.838
-1.717 0.886
-1.807 0.935
-1.896 0.985
-1.984 1.035
-2.073 1.085
-2.161 1.135
-2.249 1.186
-2.337 1.237
-2.425 1.289
-2.512 1.341
-2.599 1.393
-2.686 1.446
-2.773 1.499
-2.859 1.553
-2.945 1.607
-3.031 1.662
-3.117 1.717
-3.202 1.773
-3.287 1.829
-3.371 1.885
-3.456 1.942
-3.540 2.000
-3.623 2.057
-3.707 2.116
-3.790 2.175
-3.872 2.234
-3.955 2.294
-4.037 2.354
-4.118 2.415
-4.200 2.476
-4.280 2.537
-4.361 2.600
-4.441 2.662
-4.521 2.725
-4.601 2.788
-4.680 2.852
-4.759 2.917
-4.837 2.981
-4.915 3.046
-4.993 3.112
-5.071 3.178
-5.148 3.244
-5.225 3.311
-5.301 3.378
-5.377 3.445
-5.453 3.513
-5.529 3.581
-5.604 3.650
-5.679 3.719
-5.754 3.788
-5.828 3.857
-5.902 3.927
-5.976 3.997
-6.050 4.067
-6.123 4.137
-6.196 4.208
-6.269 4.279
-6.342 4.350
-6.415 4.421
-6.487 4.492
-6.560 4.564
-6.632 4.635
-6.704 4.707
-6.776 4.779
-6.848 4.851
-6.920 4.922
-6.992 4.994
---
CollisionFootprint(i, j, t_in, t_out):
0 0 0.000000 5.563290
0 -1 5.563290 11.022644
1 -1 11.022644 16.763470
1 -2 16.763470 28.187436
1 -3 28.187436 31.375126
2 -3 31.375126 39.991338
2 -4 39.991338 48.962622
3 -4 48.962622 52.343264
3 -5 52.343264 64.555946
4 -5 64.555946 65.380469
4 -6 65.380469 79.029352
5 -6 79.029352 79.094001
5 -7 79.094001 86.000000
=== END ===

=== PRIMITIVE ===
ID: 221
StartHeadingNum: 11
Goal: i=-7 j=-5 heading=10
Length: 8.646866
ExecutionTime(ticks): 86
TotalHeadingChange: 0.3214
BendingEnergy: 0.0144
---
Trajectory(x,y):
0.000 0.000
-0.045 -0.091
-0.091 -0.182
-0.137 -0.273
-0.182 -0.364
-0.228 -0.455
-0.274 -0.546
-0.320 -0.636
-0.366 -0.727
-0.412 -0.818
-0.458 -0.908
-0.505 -0.999
-0.552 -1.089
-0.599 -1.179
-0.646 -1.269
-0.694 -1.359
-0.741 -1.449
-0.789 -1.539
-0.838 -1.628
-0.886 -1.717
-0.935 -1.807
-0.985 -1.896
-1.035 -1.984
-1.085 -2.073
-1.135 -2.161
-1.186 -2.249
-1.237 -2.337
-1.289 -2.425
-1.341 -2.512
-1.393 -2.599
-1.446 -2.686
-1.499 -2.773
-1.553 -2.859
-1.607 -2.945
-1.662 -3.031
-1.717 -3.117
-1.773 -3.202
-1.829 -3.287
-1.885 -3.371
-1.942 -3.456
-2.000 -3.540
-2.057 -3.623
-2.116 -3.707
-2.175 -3.790
-2.234 -3.872
-2.294 -3.955
-2.354 -4.037
-2.415 -4.118
-2.476 -4.200
-2.537 -4.280
-2.600 -4.361
-2.662 -4.441
-2.725 -4.521
-2.788 -4.601
-2.852 -4.680
-2.917 -4.759
-2.981 -4.837
-3.046 -4.915
-3.112 -4.993
-3.178 -5.071
-3.244 -5.148
-3.311 -5.225
-3.378 -5.301
-3.445 -5.377
-3.513 -5.453
-3.581 -5.529
-3.650 -5.604
-3.719 -5.679
-3.788 -5.754
-3.857 -5.828
-3.927 -5.902
-3.997 -5.976
-4.067 -6.050
-4.137 -6.123
-4.208 -6.196
-4.279 -6.269
-4.350 -6.342
-4.421 -6.415
-4.492 -6.487
-4.564 -6.560
-4.635 -6.632
-4.707 -6.704
-4.779 -6.776
-4.851 -6.848
-4.922 -6.920
-4.994 -6.992
---
CollisionFootprint(i, j, t_in, t_out):
0 0 0.000000 5.563290
-1 0 5.563290 11.022644
-1 -1 11.022644 16.763470
-2 -1 16.763470 28.187436
-3 -1 28.187436 31.375126
-3 -2 31.375126 39.991338
-4 -2 39.991338 48.962622
-4 -3 48.962622 52.343264
-5 -3 52.343264 64.555946
-5 -4 64.555946 65.380469
-6 -4 65.380469 79.029352
-6 -5 79.029352 79.094001
-7 -5 79.094001 86.000000
=== END ===

=== PRIMITIVE ===
ID: 222
StartHeadingNum: 15
Goal: i=-5 j=7 heading=14
Length: 8.646866
ExecutionTime(ticks): 86
TotalHeadingChange: 0.3214
BendingEnergy: 0.0144
---
Trajectory(x,y):
0.000 0.000
0.091 -0.045
0.182 -0.091
0.273 -0.137
0.364 -0.182
0.455 -0.228
0.546 -0.274
0.636 -0.320
0.727 -0.366
0.818 -0.412
0.908 -0.458
0.999 -0.505
1.089 -0.552
1.179 -0.599
1.269 -0.646
1.359 -0.694
1.449 -0.741
1.539 -0.789
1.628 -0.838
1.717 -0.886
1.807 -0.935
1.896 -0.985
1.984 -1.035
2.073 -1.085
2.161 -1.135
2.249 -1.186
2.337 -1.237
2.425 -1.289
2.512 -1.341
2.599 -1.393
2.686 -1.446
2.773 -1.499
2.859 -1.553
2.945 -1.607
3.031 -1.662
3.117 -1.717
3.202 -1.773
3.287 -1.829
3.371 -1.885
3.456 -1.942
3.540 -2.000
3.623 -2.057
3.707 -2.116
3.790 -2.175
3.872 -2.234
3.955 -2.294
4.037 -2.354
4.118 -2.415
4.200 -2.476
4.280 -2.537
4.361 -2.600
4.441 -2.662
4.521 -2.725
4.601 -2.788
4.680 -2.852
4.759 -2.917
4.837 -2.981
4.915 -3.046
4.993 -3.112
5.071 -3.178
5.148 -3.244
5.225 -3.311
5.301 -3.378
5.377 -3.445
5.453 -3.513
5.529 -3.581
5.604 -3.650
5.679 -3.719
5.754 -3.788
5.828 -3.857
5.902 -3.927
5.976 -3.997
6.050 -4.067
6.123 -4.137
6.196 -4.208
6.269 -4.279
6.342 -4.350
6.415 -4.421
6.487 -4.492
6.560 -4.564
6.632 -4.635
6.704 -4.707
6.776 -4.779
6.848 -4.851
6.920 -4.922
6.992 -4.994
---
CollisionFootprint(i, j, t_in, t_out):
0 0 0.000000 5.563290
0 1 5.563290 11.022644
-1 1 11.022644 16.763470
-1 2 16.763470 28.187436
-1 3 28.187436 31.375126
-2 3 31.375126 39.991338
-2 4 39.991338 48.962622
-3 4 48.962622 52.343264
-3 5 52.343264 64.555946
-4 5 64.555946 65.380469
-4 6 65.380469 79.029352
-5 6 79.029352 79.094001
-5 7 79.094001 86.000000
=== END ===

=== PRIMITIVE ===
ID: 223
StartHeadingNum: 3
Goal: i=7 j=5 heading=2
Length: 8.646866
ExecutionTime(ticks): 86
TotalHeadingChange: 0.3214
BendingEnergy: 0.0144
---
Trajectory(x,y):
0.000 0.000
0.045 0.091
0.091 0.182
0.137 0.273
0.182 0.364
0.228 0.455
0.274 0.546
0.320 0.636
0.366 0.727
0.412 0.818
0.458 0.908
0.505 0.999
0.552 1.089
0.599 1.179
0.646 1.269
0.694 1.359
0.741 1.449
0.789 1.539
0.838 1.628
0.886 1.717
0.935 1.807
0.985 1.896
1.035 1.984
1.085 2.073
1.135 2.161
1.186 2.249
1.237 2.337
1.289 2.425
1.341 2.512
1.393 2.599
1.446 2.686
1.499 2.773
1.553 2.859
1.607 2.945
1.662 3.031
1.717 3.117
1.773 3.202
1.829 3.287
1.885 3.371
1.942 3.456
2.000 3.540
2.057 3.623
2.116 3.707
2.175 3.790
2.234 3.872
2.294 3.955
2.354 4.037
2.415 4.118
2.476 4.200
2.537 4.280
2.600 4.361
2.662 4.441
2.725 4.521
2.788 4.601
2.852 4.680
2.917 4.759
2.981 4.837
3.046 4.915
3.112 4.993
3.178 5.071
3.244 5.148
3.311 5.225
3.378 5.301
3.445 5.377
3.513 5.453
3.581 5.529
3.650 5.604
3.719 5.679
3.788 5.754
3.857 5.828
3.927 5.902
3.997 5.976
4.067 6.050
4.137 6.123
4.208 6.196
4.279 6.269
4.350 6.342
4.421 6.415
4.492 6.487
4.564 6.560
4.635 6.632
4.707 6.704
4.779 6.776
4.851 6.848
4.922 6.920
4.994 6.992
---
CollisionFootprint(i, j, t_in, t_out):
0 0 0.000000 5.563290
1 0 5.563290 11.022644
1 1 11.022644 16.763470
2 1 16.763470 28.187436
3 1 28.187436 31.375126
3 2 31.375126 39.991338
4 2 39.991338 48.962622
4 3 48.962622 52.343264
5 3 52.343264 64.555946
5 4 64.555946 65.380469
6 4 65.380469 79.029352
6 5 79.029352 79.094001
7 5 79.094001 86.000000
=== END ===

=== PRIMITIVE ===
ID: 224
StartHeadingNum: 1
Goal: i=5 j=6 heading=3
Length: 8.013691
ExecutionTime(ticks): 80
TotalHeadingChange: 0.6517
BendingEnergy: 0.0788
---
Trajectory(x,y):
0.000 0.000
0.091 0.045
0.181 0.091
0.272 0.136
0.363 0.181
0.454 0.226
0.545 0.272
0.636 0.317
0.726 0.362
0.817 0.407
0.908 0.452
0.999 0.497
1.090 0.542
1.181 0.587
1.272 0.632
1.363 0.677
1.454 0.722
1.544 0.767
1.635 0.813
1.726 0.858
1.816 0.904
1.906 0.950
1.997 0.997
2.087 1.044
2.176 1.091
2.266 1.138
2.355 1.186
2.444 1.235
2.533 1.284
2.622 1.334
2.710 1.384
2.797 1.435
2.885 1.487
2.971 1.539
3.058 1.593
3.144 1.647
3.229 1.702
3.314 1.757
3.398 1.814
3.481 1.872
3.564 1.931
3.646 1.991
3.727 2.051
3.807 2.113
3.887 2.176
3.965 2.240
4.043 2.306
4.120 2.372
4.196 2.439
4.270 2.508
4.344 2.578
4.417 2.648
4.488 2.720
4.558 2.794
4.627 2.868
4.695 2.943
4.762 3.020
4.828 3.097
4.892 3.175
4.955 3.255
5.017 3.335
5.077 3.417
5.137 3.499
5.195 3.582
5.252 3.666
5.307 3.751
5.362 3.836
5.415 3.923
5.468 4.009
5.519 4.097
5.570 4.185
5.619 4.273
5.668 4.362
5.716 4.452
5.763 4.542
5.810 4.632
5.856 4.722
5.902 4.812
5.947 4.903
5.993 4.994
---
CollisionFootprint(i, j, t_in, t_out):
0 0 0.000000 5.578087
0 1 5.578087 11.212579
1 1 11.212579 16.720285
1 2 16.720285 27.975292
1 3 27.975292 32.660386
2 3 32.660386 39.725463
2 4 39.725463 49.504960
3 4 49.504960 52.830349
3 5 52.830349 62.797529
4 5 62.797529 69.491234
4 6 69.491234 74.467836
5 6 74.467836 80.000000
=== END ===

=== PRIMITIVE ===
ID: 225
StartHeadingNum: 5
Goal: i=6 j=-5 heading=7
Length: 8.013691
ExecutionTime(ticks): 80
TotalHeadingChange: 0.6517
BendingEnergy: 0.0788
---
Trajectory(x,y):
0.000 0.000
-0.045 0.091
-0.091 0.181
-0.136 0.272
-0.181 0.363
-0.226 0.454
-0.272 0.545
-0.317 0.636
-0.362 0.726
-0.407 0.817
-0.452 0.908
-0.497 0.999
-0.542 1.090
-0.587 1.181
-0.632 1.272
-0.677 1.363
-0.722 1.454
-0.767 1.544
-0.813 1.635
-0.858 1.726
-0.904 1.816
-0.950 1.906
-0.997 1.997
-1.044 2.087
-1.091 2.176
-1.138 2.266
-1.186 2.355
-1.235 2.444
-1.284 2.533
-1.334 2.622
-1.384 2.710
-1.435 2.797
-1.487 2.885
-1.539 2.971
-1.593 3.058
-1.647 3.144
-1.702 3.229
-1.757 3.314
-1.814 3.398
-1.872 3.481
-1.931 3.564
-1.991 3.646
-2.051 3.727
-2.113 3.807
-2.176 3.887
-2.240 3.965
-2.306 4.043
-2.372 4.120
-2.439 4.196
-2.508 4.270
-2.578 4.344
-2.648 4.417
-2.720 4.488
-2.794 4.558
-2.868 4.627
-2.943 4.695
-3.020 4.762
-3.097 4.828
-3.175 4.892
-3.255 4.955
-3.335 5.017
-3.417 5.077
-3.499 5.137
-3.582 5.195
-3.666 5.252
-3.751 5.307
-3.836 5.362
-3.923 5.415
-4.009 5.468
-4.097 5.519
-4.185 5.570
-4.273 5.619
-4.362 5.668
-4.452 5.716
-4.542 5.763
-4.632 5.810
-4.722 5.856
-4.812 5.902
-4.903 5.947
-4.994 5.993
---
CollisionFootprint(i, j, t_in, t_out):
0 0 0.000000 5.578087
1 0 5.578087 11.212579
1 -1 11.212579 16.720285
2 -1 16.720285 27.975292
3 -1 27.975292 32.660386
3 -2 32.660386 39.725463
4 -2 39.725463 49.504960
4 -3 49.504960 52.830349
5 -3 52.830349 62.797529
5 -4 62.797529 69.491234
6 -4 69.491234 74.467836
6 -5 74.467836 80.000000
=== END ===

=== PRIMITIVE ===
ID: 226
StartHeadingNum: 9
Goal: i=-5 j=-6 heading=11
Length: 8.013691
ExecutionTime(ticks): 80
TotalHeadingChange: 0.6517
BendingEnergy: 0.0788
---
Trajectory(x,y):
0.000 0.000
-0.091 -0.045
-0.181 -0.091
-0.272 -0.136
-0.363 -0.181
-0.454 -0.226
-0.545 -0.272
-0.636 -0.317
-0.726 -0.362
-0.817 -0.407
-0.908 -0.452
-0.999 -0.497
-1.090 -0.542
-1.181 -0.587
-1.272 -0.632
-1.363 -0.677
-1.454 -0.722
-1.544 -0.767
-1.635 -0.813
-1.726 -0.858
-1.816 -0.904
-1.906 -0.950
-1.997 -0.997
-2.087 -1.044
-2.176 -1.091
-2.266 -1.138
-2.355 -1.186
-2.444 -1.235
-2.533 -1.284
-2.622 -1.334
-2.710 -1.384
-2.797 -1.435
-2.885 -1.487
-2.971 -1.539
-3.058 -1.593
-3.144 -1.647
-3.229 -1.702
-3.314 -1.757
-3.398 -1.814
-3.481 -1.872
-3.564 -1.931
-3.646 -1.991
-3.727 -2.051
-3.807 -2.113
-3.887 -2.176
-3.965 -2.240
-4.043 -2.306
-4.120 -2.372
-4.196 -2.439
-4.270 -2.508
-4.344 -2.578
-4.417 -2.648
-4.488 -2.720
-4.558 -2.794
-4.627 -2.868
-4.695 -2.943
-4.762 -3.020
-4.828 -3.097
-4.892 -3.175
-4.955 -3.255
-5.017 -3.335
-5.077 -3.417
-5.137 -3.499
-5.195 -3.582
-5.252 -3.666
-5.307 -3.751
-5.362 -3.836
-5.415 -3.923
-5.468 -4.009
-5.519 -4.097
-5.570 -4.185
-5.619 -4.273
-5.668 -4.362
-5.716 -4.452
-5.763 -4.542
-5.810 -4.632
-5.856 -4.722
-5.902 -4.812
-5.947 -4.903
-5.993 -4.994
---
CollisionFootprint(i, j, t_in, t_out):
0 0 0.000000 5.578087
0 -1 5.578087 11.212579
-1 -1 11.212579 16.720285
-1 -2 16.720285 27.975292
-1 -3 27.975292 32.660386
-2 -3 32.660386 39.725463
-2 -4 39.725463 49.504960
-3 -4 49.504960 52.830349
-3 -5 52.830349 62.797529
-4 -5 62.797529 69.491234
-4 -6 69.491234 74.467836
-5 -6 74.467836 80.000000
=== END ===

=== PRIMITIVE ===
ID: 227
StartHeadingNum: 13
Goal: i=-6 j=5 heading=15
Length: 8.013691
ExecutionTime(ticks): 80
TotalHeadingChange: 0.6517
BendingEnergy: 0.0788
---
Trajectory(x,y):
0.000 0.000
0.045 -0.091
0.091 -0.181
0.136 -0.272
0.181 -0.363
0.226 -0.454
0.272 -0.545
0.317 -0.636
0.362 -0.726
0.407 -0.817
0.452 -0.908
0.497 -0.999
0.542 -1.090
0.587 -1.181
0.632 -1.272
0.677 -1.363
0.722 -1.454
0.767 -1.544
0.813 -1.635
0.858 -1.726
0.904 -1.816
0.950 -1.906
0.997 -1.997
1.044 -2.087
1.091 -2.176
1.138 -2.266
1.186 -2.355
1.235 -2.444
1.284 -2.533
1.334 -2.622
1.384 -2.710
1.435 -2.797
1.487 -2.885
1.539 -2.971
1.593 -3.058
1.647 -3.144
1.702 -3.229
1.757 -3.314
1.814 -3.398
1.872 -3.481
1.931 -3.564
1.991 -3.646
2.051 -3.727
2.113 -3.807
2.176 -3.887
2.240 -3.965
2.306 -4.043
2.372 -4.120
2.439 -4.196
2.508 -4.270
2.578 -4.344
2.648 -4.417
2.720 -4.488
2.794 -4.558
2.868 -4.627
2.943 -4.695
3.020 -4.762
3.097 -4.828
3.175 -4.892
3.255 -4.955
3.335 -5.017
3.417 -5.077
3.499 -5.137
3.582 -5.195
3.666 -5.252
3.751 -5.307
3.836 -5.362
3.923 -5.415
4.009 -5.468
4.097 -5.519
4.185 -5.570
4.273 -5.619
4.362 -5.668
4.452 -5.716
4.542 -5.763
4.632 -5.810
4.722 -5.856
4.812 -5.902
4.903 -5.947
4.994 -5.993
---
CollisionFootprint(i, j, t_in, t_out):
0 0 0.000000 5.578087
-1 0 5.578087 11.212579
-1 1 11.212579 16.720285
-2 1 16.720285 27.975292
-3 1 27.975292 32.660386
-3 2 32.660386 39.725463
-4 2 39.725463 49.504960
-4 3 49.504960 52.830349
-5 3 52.830349 62.797529
-5 4 62.797529 69.491234
-6 4 69.491234 74.467836
-6 5 74.467836 80.000000
=== END ===

=== PRIMITIVE ===
ID: 228
StartHeadingNum: 7
Goal: i=5 j=-6 heading=5
Length: 8.013691
ExecutionTime(ticks): 80
TotalHeadingChange: 0.6517
BendingEnergy: 0.0788
---
Trajectory(x,y):
0.000 0.000
-0.091 0.045
-0.181 0.091
-0.272 0.136
-0.363 0.181
-0.454 0.226
-0.545 0.272
-0.636 0.317
-0.726 0.362
-0.817 0.407
-0.908 0.452
-0.999 0.497
-1.090 0.542
-1.181 0.587
-1.272 0.632
-1.363 0.677
-1.454 0.722
-1.544 0.767
-1.635 0.813
-1.726 0.858
-1.816 0.904
-1.906 0.950
-1.997 0.997
-2.087 1.044
-2.176 1.091
-2.266 1.138
-2.355 1.186
-2.444 1.235
-2.533 1.284
-2.622 1.334
-2.710 1.384
-2.797 1.435
-2.885 1.487
-2.971 1.539
-3.058 1.593
-3.144 1.647
-3.229 1.702
-3.314 1.757
-3.398 1.814
-3.481 1.872
-3.564 1.931
-3.646 1.991
-3.727 2.051
-3.807 2.113
-3.887 2.176
-3.965 2.240
-4.043 2.306
-4.120 2.372
-4.196 2.439
-4.270 2.508
-4.344 2.578
-4.417 2.648
-4.488 2.720
-4.558 2.794
-4.627 2.868
-4.695 2.943
-4.762 3.020
-4.828 3.097
-4.892 3.175
-4.955 3.255
-5.017 3.335
-5.077 3.417
-5.137 3.499
-5.195 3.582
-5.252 3.666
-5.307 3.751
-5.362 3.836
-5.415 3.923
-5.468 4.009
-5.519 4.097
-5.570 4.185
-5.619 4.273
-5.668 4.362
-5.716 4.452
-5.763 4.542
-5.810 4.632
-5.856 4.722
-5.902 4.812
-5.947 4.903
-5.993 4.994
---
CollisionFootprint(i, j, t_in, t_out):
0 0 0.000000 5.578087
0 -1 5.578087 11.212579
1 -1 11.212579 16.720285
1 -2 16.720285 27.975292
1 -3 27.975292 32.660386
2 -3 32.660386 39.725463
2 -4 39.725463 49.504960
3 -4 49.504960 52.830349
3 -5 52.830349 62.797529
4 -5 62.797529 69.491234
4 -6 69.491234 74.467836
5 -6 74.467836 80.000000
=== END ===

=== PRIMITIVE ===
ID: 229
StartHeadingNum: 11
Goal: i=-6 j=-5 heading=9
Length: 8.013691
ExecutionTime(ticks): 80
TotalHeadingChange: 0.6517
BendingEnergy: 0.0788
---
Trajectory(x,y):
0.000 0.000
-0.045 -0.091
-0.091 -0.181
-0.136 -0.272
-0.181 -0.363
-0.226 -0.454
-0.272 -0.545
-0.317 -0.636
-0.362 -0.726
-0.407 -0.817
-0.452 -0.908
-0.497 -0.999
-0.542 -1.090
-0.587 -1.181
-0.632 -1.272
-0.677 -1.363
-0.722 -1.454
-0.767 -1.544
-0.813 -1.635
-0.858 -1.726
-0.904 -1.816
-0.950 -1.906
-0.997 -1.997
-1.044 -2.087
-1.091 -2.176
-1.138 -2.266
-1.186 -2.355
-1.235 -2.444
-1.284 -2.533
-1.334 -2.622
-1.384 -2.710
-1.435 -2.797
-1.487 -2.885
-1.539 -2.971
-1.593 -3.058
-1.647 -3.144
-1.702 -3.229
-1.757 -3.314
-1.814 -3.398
-1.872 -3.481
-1.931 -3.564
-1.991 -3.646
-2.051 -3.727
-2.113 -3.807
-2.176 -3.887
-2.240 -3.965
-2.306 -4.043
-2.372 -4.120
-2.439 -4.196
-2.508 -4.270
-2.578 -4.344
-2.648 -4.417
-2.720 -4.488
-2.794 -4.558
-2.868 -4.627
-2.943 -4.695
-3.020 -4.762
-3.097 -4.828
-3.175 -4.892
-3.255 -4.955
-3.335 -5.017
-3.417 -5.077
-3.499 -5.137
-3.582 -5.195
-3.666 -5.252
-3.751 -5.307
-3.836 -5.362
-3.923 -5.415
-4.009 -5.468
-4.097 -5.519
-4.185 -5.570
-4.273 -5.619
-4.362 -5.668
-4.452 -5.716
-4.542 -5.763
-4.632 -5.810
-4.722 -5.856
-4.812 -5.902
-4.903 -5.947
-4.994 -5.993
---
CollisionFootprint(i, j, t_in, t_out):
0 0 0.000000 5.578087
-1 0 5.578087 11.212579
-1 -1 11.212579 16.720285
-2 -1 16.720285 27.975292
-3 -1 27.975292 32.660386
-3 -2 32.660386 39.725463
-4 -2 39.725463 49.504960
-4 -3 49.504960 52.830349
-5 -3 52.830349 62.797529
-5 -4 62.797529 69.491234
-6 -4 69.491234 74.467836
-6 -5 74.467836 80.000000
=== END ===

=== PRIMITIVE ===
ID: 230
StartHeadingNum: 15
Goal: i=-5 j=6 heading=13
Length: 8.013691
ExecutionTime(ticks): 80
TotalHeadingChange: 0.6517
BendingEnergy: 0.0788
---
Trajectory(x,y):
0.000 0.000
0.091 -0.045
0.181 -0.091
0.272 -0.136
0.363 -0.181
0.454 -0.226
0.545 -0.272
0.636 -0.317
0.726 -0.362
0.817 -0.407
0.908 -0.452
0.999 -0.497
1.090 -0.542
1.181 -0.587
1.272 -0.632
1.363 -0.677
1.454 -0.722
1.544 -0.767
1.635 -0.813
1.726 -0.858
1.816 -0.904
1.906 -0.950
1.997 -0.997
2.087 -1.044
2.176 -1.091
2.266 -1.138
2.355 -1.186
2.444 -1.235
2.533 -1.284
2.622 -1.334
2.710 -1.384
2.797 -1.435
2.885 -1.487
2.971 -1.539
3.058 -1.593
3.144 -1.647
3.229 -1.702
3.314 -1.757
3.398 -1.814
3.481 -1.872
3.564 -1.931
3.646 -1.991
3.727 -2.051
3.807 -2.113
3.887 -2.176
3.965 -2.240
4.043 -2.306
4.120 -2.372
4.196 -2.439
4.270 -2.508
4.344 -2.578
4.417 -2.648
4.488 -2.720
4.558 -2.794
4.627 -2.868
4.695 -2.943
4.762 -3.020
4.828 -3.097
4.892 -3.175
4.955 -3.255
5.017 -3.335
5.077 -3.417
5.137 -3.499
5.195 -3.582
5.252 -3.666
5.307 -3.751
5.362 -3.836
5.415 -3.923
5.468 -4.009
5.519 -4.097
5.570 -4.185
5.619 -4.273
5.668 -4.362
5.716 -4.452
5.763 -4.542
5.810 -4.632
5.856 -4.722
5.902 -4.812
5.947 -4.903
5.993 -4.994
---
CollisionFootprint(i, j, t_in, t_out):
0 0 0.000000 5.578087
0 1 5.578087 11.212579
-1 1 11.212579 16.720285
-1 2 16.720285 27.975292
-1 3 27.975292 32.660386
-2 3 32.660386 39.725463
-2 4 39.725463 49.504960
-3 4 49.504960 52.830349
-3 5 52.830349 62.797529
-4 5 62.797529 69.491234
-4 6 69.491234 74.467836
-5 6 74.467836 80.000000
=== END ===

=== PRIMITIVE ===
ID: 231
StartHeadingNum: 3
Goal: i=6 j=5 heading=1
Length: 8.013691
ExecutionTime(ticks): 80
TotalHeadingChange: 0.6517
BendingEnergy: 0.0788
---
Trajectory(x,y):
0.000 0.000
0.045 0.091
0.091 0.181
0.136 0.272
0.181 0.363
0.226 0.454
0.272 0.545
0.317 0.636
0.362 0.726
0.407 0.817
0.452 0.908
0.497 0.999
0.542 1.090
0.587 1.181
0.632 1.272
0.677 1.363
0.722 1.454
0.767 1.544
0.813 1.635
0.858 1.726
0.904 1.816
0.950 1.906
0.997 1.997
1.044 2.087
1.091 2.176
1.138 2.266
1.186 2.355
1.235 2.444
1.284 2.533
1.334 2.622
1.384 2.710
1.435 2.797
1.487 2.885
1.539 2.971
1.593 3.058
1.647 3.144
1.702 3.229
1.757 3.314
1.814 3.398
1.872 3.481
1.931 3.564
1.991 3.646
2.051 3.727
2.113 3.807
2.176 3.887
2.240 3.965
2.306 4.043
2.372 4.120
2.439 4.196
2.508 4.270
2.578 4.344
2.648 4.417
2.720 4.488
2.794 4.558
2.868 4.627
2.943 4.695
3.020 4.762
3.097 4.828
3.175 4.892
3.255 4.955
3.335 5.017
3.417 5.077
3.499 5.137
3.582 5.195
3.666 5.252
3.751 5.307
3.836 5.362
3.923 5.415
4.009 5.468
4.097 5.519
4.185 5.570
4.273 5.619
4.362 5.668
4.452 5.716
4.542 5.763
4.632 5.810
4.722 5.856
4.812 5.902
4.903 5.947
4.994 5.993
---
CollisionFootprint(i, j, t_in, t_out):
0 0 0.000000 5.578087
1 0 5.578087 11.212579
1 1 11.212579 16.720285
2 1 16.720285 27.975292
3 1 27.975292 32.660386
3 2 32.660386 39.725463
4 2 39.725463 49.504960
4 3 49.504960 52.830349
5 3 52.830349 62.797529
5 4 62.797529 69.491234
6 4 69.491234 74.467836
6 5 74.467836 80.000000
=== END ===

=== PRIMITIVE ===
ID: 232
StartHeadingNum: 1
Goal: i=7 j=3 heading=4
Length: 8.239980
ExecutionTime(ticks): 82
TotalHeadingChange: 1.1141
BendingEnergy: 0.2212
---
Trajectory(x,y):
0.000 0.000
0.091 0.046
0.182 0.091
0.273 0.137
0.363 0.184
0.453 0.232
0.542 0.280
0.631 0.329
0.719 0.380
0.807 0.432
0.894 0.485
0.979 0.540
1.064 0.597
1.147 0.655
1.230 0.715
1.311 0.776
1.390 0.840
1.468 0.905
1.545 0.972
1.619 1.041
1.692 1.112
1.764 1.184
1.833 1.259
1.901 1.335
1.966 1.413
2.029 1.492
2.091 1.573
2.150 1.656
2.207 1.740
2.261 1.826
2.314 1.913
2.364 2.002
2.412 2.091
2.458 2.182
2.502 2.274
2.543 2.367
2.582 2.461
2.619 2.556
2.654 2.652
2.686 2.748
2.717 2.845
2.745 2.943
2.772 3.041
2.797 3.139
2.819 3.239
2.840 3.338
2.860 3.438
2.877 3.538
2.893 3.639
2.908 3.739
2.921 3.840
2.933 3.941
2.943 4.042
2.952 4.144
2.961 4.245
2.968 4.347
2.974 4.448
2.979 4.550
2.984 4.651
2.987 4.753
2.990 4.855
2.993 4.956
2.995 5.058
2.996 5.160
2.997 5.262
2.998 5.363
2.998 5.465
2.998 5.567
2.998 5.669
2.998 5.770
2.998 5.872
2.998 5.974
2.997 6.075
2.997 6.177
2.997 6.279
2.997 6.381
2.997 6.482
2.997 6.584
2.997 6.686
2.997 6.788
2.997 6.889
2.997 6.991
---
CollisionFootprint(i, j, t_in, t_out):
0 0 0.000000 5.594347
0 1 5.594347 10.397036
1 1 10.397036 17.628935
1 2 17.628935 25.406187
2 2 25.406187 34.381623
2 3 34.381623 36.860591
3 3 36.860591 47.194434
4 3 47.194434 57.207833
5 3 57.207833 67.162516
6 3 67.162516 77.114214
7 3 77.114214 82.000000
=== END ===

=== PRIMITIVE ===
ID: 233
StartHeadingNum: 5
Goal: i=3 j=-7 heading=8
Length: 8.239980
ExecutionTime(ticks): 82
TotalHeadingChange: 1.1141
BendingEnergy: 0.2212
---
Trajectory(x,y):
0.000 0.000
-0.046 0.091
-0.091 0.182
-0.137 0.273
-0.184 0.363
-0.232 0.453
-0.280 0.542
-0.329 0.631
-0.380 0.719
-0.432 0.807
-0.485 0.894
-0.540 0.979
-0.597 1.064
-0.655 1.147
-0.715 1.230
-0.776 1.311
-0.840 1.390
-0.905 1.468
-0.972 1.545
-1.041 1.619
-1.112 1.692
-1.184 1.764
-1.259 1.833
-1.335 1.901
-1.413 1.966
-1.492 2.029
-1.573 2.091
-1.656 2.150
-1.740 2.207
-1.826 2.261
-1.913 2.314
-2.002 2.364
-2.091 2.412
-2.182 2.458
-2.274 2.502
-2.367 2.543
-2.461 2.582
-2.556 2.619
-2.652 2.654
-2.748 2.686
-2.845 2.717
-2.943 2.745
-3.041 2.772
-3.139 2.797
-3.239 2.819
-3.338 2.840
-3.438 2.860
-3.538 2.877
-3.639 2.893
-3.739 2.908
-3.840 2.921
-3.941 2.933
-4.042 2.943
-4.144 2.952
-4.245 2.961
-4.347 2.968
-4.448 2.974
-4.550 2.979
-4.651 2.984
-4.753 2.987
-4.855 2.990
-4.956 2.993
-5.058 2.995
-5.160 2.996
-5.262 2.997
-5.363 2.998
-5.465 2.998
-5.567 2.998
-5.669 2.998
-5.770 2.998
-5.872 2.998
-5.974 2.998
-6.075 2.997
-6.177 2.997
-6.279 2.997
-6.381 2.997
-6.482 2.997
-6.584 2.997
-6.686 2.997
-6.788 2.997
-6.889 2.997
-6.991 2.997
---
CollisionFootprint(i, j, t_in, t_out):
0 0 0.000000 5.594347
1 0 5.594347 10.397036
1 -1 10.397036 17.628935
2 -1 17.628935 25.406187
2 -2 25.406187 34.381623
3 -2 34.381623 36.860591
3 -3 36.860591 47.194434
3 -4 47.194434 57.207833
3 -5 57.207833 67.162516
3 -6 67.162516 77.114214
3 -7 77.114214 82.000000
=== END ===

=== PRIMITIVE ===
ID: 234
StartHeadingNum: 9
Goal: i=-7 j=-3 heading=12
Length: 8.239980
ExecutionTime(ticks): 82
TotalHeadingChange: 1.1141
BendingEnergy: 0.2212
---
Trajectory(x,y):
0.000 0.000
-0.091 -0.046
-0.182 -0.091
-0.273 -0.137
-0.363 -0.184
-0.453 -0.232
-0.542 -0.280
-0.631 -0.329
-0.719 -0.380
-0.807 -0.432
-0.894 -0.485
-0.979 -0.540
-1.064 -0.597
-1.147 -0.655
-1.230 -0.715
-1.311 -0.776
-1.390 -0.840
-1.468 -0.905
-1.545 -0.972
-1.619 -1.041
-1.692 -1.112
-1.764 -1.184
-1.833 -1.259
-1.901 -1.335
-1.966 -1.413
-2.029 -1.492
-2.091 -1.573
-2.150 -1.656
-2.207 -1.740
-2.261 -1.826
-2.314 -1.913
-2.364 -2.002
-2.412 -2.091
-2.458 -2.182
-2.502 -2.274
-2.543 -2.367
-2.582 -2.461
-2.619 -2.556
-2.654 -2.652
-2.686 -2.748
-2.717 -2.845
-2.745 -2.943
-2.772 -3.041
-2.797 -3.139
-2.819 -3.239
-2.840 -3.338
-2.860 -3.438
-2.877 -3.538
-2.893 -3.639
-2.908 -3.739
-2.921 -3.840
-2.933 -3.941
-2.943 -4.042
-2.952 -4.144
-2.961 -4.245
-2.968 -4.347
-2.974 -4.448
-2.979 -4.550
-2.984 -4.651
-2.987 -4.753
-2.990 -4.855
-2.993 -4.956
-2.995 -5.058
-2.996 -5.160
-2.997 -5.262
-2.998 -5.363
-2.998 -5.465
-2.998 -5.567
-2.998 -5.669
-2.998 -5.770
-2.998 -5.872
-2.998 -5.974
-2.997 -6.075
-2.997 -6.177
-2.997 -6.279
-2.997 -6.381
-2.997 -6.482
-2.997 -6.584
-2.997 -6.686
-2.997 -6.788
-2.997 -6.889
-2.997 -6.991
---
CollisionFootprint(i, j, t_in, t_out):
0 0 0.000000 5.594347
0 -1 5.594347 10.397036
-1 -1 10.397036 17.628935
-1 -2 17.628935 25.406187
-2 -2 25.406187 34.381623
-2 -3 34.381623 36.860591
-3 -3 36.860591 47.194434
-4 -3 47.194434 57.207833
-5 -3 57.207833 67.162516
-6 -3 67.162516 77.114214
-7 -3 77.114214 82.000000
=== END ===

=== PRIMITIVE ===
ID: 235
StartHeadingNum: 13
Goal: i=-3 j=7 heading=0
Length: 8.239980
ExecutionTime(ticks): 82
TotalHeadingChange: 1.1141
BendingEnergy: 0.2212
---
Trajectory(x,y):
0.000 0.000
0.046 -0.091
0.091 -0.182
0.137 -0.273
0.184 -0.363
0.232 -0.453
0.280 -0.542
0.329 -0.631
0.380 -0.719
0.432 -0.807
0.485 -0.894
0.540 -0.979
0.597 -1.064
0.655 -1.147
0.715 -1.230
0.776 -1.311
0.840 -1.390
0.905 -1.468
0.972 -1.545
1.041 -1.619
1.112 -1.692
1.184 -1.764
1.259 -1.833
1.335 -1.901
1.413 -1.966
1.492 -2.029
1.573 -2.091
1.656 -2.150
1.740 -2.207
1.826 -2.261
1.913 -2.314
2.002 -2.364
2.091 -2.412
2.182 -2.458
2.274 -2.502
2.367 -2.543
2.461 -2.582
2.556 -2.619
2.652 -2.654
2.748 -2.686
2.845 -2.717
2.943 -2.745
3.041 -2.772
3.139 -2.797
3.239 -2.819
3.338 -2.840
3.438 -2.860
3.538 -2.877
3.639 -2.893
3.739 -2.908
3.840 -2.921
3.941 -2.933
4.042 -2.943
4.144 -2.952
4.245 -2.961
4.347 -2.968
4.448 -2.974
4.550 -2.979
4.651 -2.984
4.753 -2.987
4.855 -2.990
4.956 -2.993
5.058 -2.995
5.160 -2.996
5.262 -2.997
5.363 -2.998
5.465 -2.998
5.567 -2.998
5.669 -2.998
5.770 -2.998
5.872 -2.998
5.974 -2.998
6.075 -2.997
6.177 -2.997
6.279 -2.997
6.381 -2.997
6.482 -2.997
6.584 -2.997
6.686 -2.997
6.788 -2.997
6.889 -2.997
6.991 -2.997
---
CollisionFootprint(i, j, t_in, t_out):
0 0 0.000000 5.594347
-1 0 5.594347 10.397036
-1 1 10.397036 17.628935
-2 1 17.628935 25.406187
-2 2 25.406187 34.381623
-3 2 34.381623 36.860591
-3 3 36.860591 47.194434
-3 4 47.194434 57.207833
-3 5 57.207833 67.162516
-3 6 67.162516 77.114214
-3 7 77.114214 82.000000
=== END ===

=== PRIMITIVE ===
ID: 236
StartHeadingNum: 7
Goal: i=7 j=-3 heading=4
Length: 8.239980
ExecutionTime(ticks): 82
TotalHeadingChange: 1.1141
BendingEnergy: 0.2212
---
Trajectory(x,y):
0.000 0.000
-0.091 0.046
-0.182 0.091
-0.273 0.137
-0.363 0.184
-0.453 0.232
-0.542 0.280
-0.631 0.329
-0.719 0.380
-0.807 0.432
-0.894 0.485
-0.979 0.540
-1.064 0.597
-1.147 0.655
-1.230 0.715
-1.311 0.776
-1.390 0.840
-1.468 0.905
-1.545 0.972
-1.619 1.041
-1.692 1.112
-1.764 1.184
-1.833 1.259
-1.901 1.335
-1.966 1.413
-2.029 1.492
-2.091 1.573
-2.150 1.656
-2.207 1.740
-2.261 1.826
-2.314 1.913
-2.364 2.002
-2.412 2.091
-2.458 2.182
-2.502 2.274
-2.543 2.367
-2.582 2.461
-2.619 2.556
-2.654 2.652
-2.686 2.748
-2.717 2.845
-2.745 2.943
-2.772 3.041
-2.797 3.139
-2.819 3.239
-2.840 3.338
-2.860 3.438
-2.877 3.538
-2.893 3.639
-2.908 3.739
-2.921 3.840
-2.933 3.941
-2.943 4.042
-2.952 4.144
-2.961 4.245
-2.968 4.347
-2.974 4.448
-2.979 4.550
-2.984 4.651
-2.987 4.753
-2.990 4.855
-2.993 4.956
-2.995 5.058
-2.996 5.160
-2.997 5.262
-2.998 5.363
-2.998 5.465
-2.998 5.567
-2.998 5.669
-2.998 5.770
-2.998 5.872
-2.998 5.974
-2.997 6.075
-2.997 6.177
-2.997 6.279
-2.997 6.381
-2.997 6.482
-2.997 6.584
-2.997 6.686
-2.997 6.788
-2.997 6.889
-2.997 6.991
---
CollisionFootprint(i, j, t_in, t_out):
0 0 0.000000 5.594347
0 -1 5.594347 10.397036
1 -1 10.397036 17.628935
1 -2 17.628935 25.406187
2 -2 25.406187 34.381623
2 -3 34.381623 36.860591
3 -3 36.860591 47.194434
4 -3 47.194434 57.207833
5 -3 57.207833 67.162516
6 -3 67.162516 77.114214
7 -3 77.114214 82.000000
=== END ===

=== PRIMITIVE ===
ID: 237
StartHeadingNum: 11
Goal: i=-3 j=-7 heading=8
Length: 8.239980
ExecutionTime(ticks): 82
TotalHeadingChange: 1.1141
BendingEnergy: 0.2212
---
Trajectory(x,y):
0.000 0.000
-0.046 -0.091
-0.091 -0.182
-0.137 -0.273
-0.184 -0.363
-0.232 -0.453
-0.280 -0.542
-0.329 -0.631
-0.380 -0.719
-0.432 -0.807
-0.485 -0.894
-0.540 -0.979
-0.597 -1.064
-0.655 -1.147
-0.715 -1.230
-0.776 -1.311
-0.840 -1.390
-0.905 -1.468
-0.972 -1.545
-1.041 -1.619
-1.112 -1.692
-1.184 -1.764
-1.259 -1.833
-1.335 -1.901
-1.413 -1.966
-1.492 -2.029
-1.573 -2.091
-1.656 -2.150
-1.740 -2.207
-1.826 -2.261
-1.913 -2.314
-2.002 -2.364
-2.091 -2.412
-2.182 -2.458
-2.274 -2.502
-2.367 -2.543
-2.461 -2.582
-2.556 -2.619
-2.652 -2.654
-2.748 -2.686
-2.845 -2.717
-2.943 -2.745
-3.041 -2.772
-3.139 -2.797
-3.239 -2.819
-3.338 -2.840
-3.438 -2.860
-3.538 -2.877
-3.639 -2.893
-3.739 -2.908
-3.840 -2.921
-3.941 -2.933
-4.042 -2.943
-4.144 -2.952
-4.245 -2.961
-4.347 -2.968
-4.448 -2.974
-4.550 -2.979
-4.651 -2.984
-4.753 -2.987
-4.855 -2.990
-4.956 -2.993
-5.058 -2.995
-5.160 -2.996
-5.262 -2.997
-5.363 -2.998
-5.465 -2.998
-5.567 -2.998
-5.669 -2.998
-5.770 -2.998
-5.872 -2.998
-5.974 -2.998
-6.075 -2.997
-6.177 -2.997
-6.279 -2.997
-6.381 -2.997
-6.482 -2.997
-6.584 -2.997
-6.686 -2.997
-6.788 -2.997
-6.889 -2.997
-6.991 -2.997
---
CollisionFootprint(i, j, t_in, t_out):
0 0 0.000000 5.594347
-1 0 5.594347 10.397036
-1 -1 10.397036 17.628935
-2 -1 17.628935 25.406187
-2 -2 25.406187 34.381623
-3 -2 34.381623 36.860591
-3 -3 36.860591 47.194434
-3 -4 47.194434 57.207833
-3 -5 57.207833 67.162516
-3 -6 67.162516 77.114214
-3 -7 77.114214 82.000000
=== END ===

=== PRIMITIVE ===
ID: 238
StartHeadingNum: 15
Goal: i=-7 j=3 heading=12
Length: 8.239980
ExecutionTime(ticks): 82
TotalHeadingChange: 1.1141
BendingEnergy: 0.2212
---
Trajectory(x,y):
0.000 0.000
0.091 -0.046
0.182 -0.091
0.273 -0.137
0.363 -0.184
0.453 -0.232
0.542 -0.280
0.631 -0.329
0.719 -0.380
0.807 -0.432
0.894 -0.485
0.979 -0.540
1.064 -0.597
1.147 -0.655
1.230 -0.715
1.311 -0.776
1.390 -0.840
1.468 -0.905
1.545 -0.972
1.619 -1.041
1.692 -1.112
1.764 -1.184
1.833 -1.259
1.901 -1.335
1.966 -1.413
2.029 -1.492
2.091 -1.573
2.150 -1.656
2.207 -1.740
2.261 -1.826
2.314 -1.913
2.364 -2.002
2.412 -2.091
2.458 -2.182
2.502 -2.274
2.543 -2.367
2.582 -2.461
2.619 -2.556
2.654 -2.652
2.686 -2.748
2.717 -2.845
2.745 -2.943
2.772 -3.041
2.797 -3.139
2.819 -3.239
2.840 -3.338
2.860 -3.438
2.877 -3.538
2.893 -3.639
2.908 -3.739
2.921 -3.840
2.933 -3.941
2.943 -4.042
2.952 -4.144
2.961 -4.245
2.968 -4.347
2.974 -4.448
2.979 -4.550
2.984 -4.651
2.987 -4.753
2.990 -4.855
2.993 -4.956
2.995 -5.058
2.996 -5.160
2.997 -5.262
2.998 -5.363
2.998 -5.465
2.998 -5.567
2.998 -5.669
2.998 -5.770
2.998 -5.872
2.998 -5.974
2.997 -6.075
2.997 -6.177
2.997 -6.279
2.997 -6.381
2.997 -6.482
2.997 -6.584
2.997 -6.686
2.997 -6.788
2.997 -6.889
2.997 -6.991
---
CollisionFootprint(i, j, t_in, t_out):
0 0 0.000000 5.594347
0 1 5.594347 10.397036
-1 1 10.397036 17.628935
-1 2 17.628935 25.406187
-2 2 25.406187 34.381623
-2 3 34.381623 36.860591
-3 3 36.860591 47.194434
-4 3 47.194434 57.207833
-5 3 57.207833 67.162516
-6 3 67.162516 77.114214
-7 3 77.114214 82.000000
=== END ===

=== PRIMITIVE ===
ID: 239
StartHeadingNum: 3
Goal: i=3 j=7 heading=0
Length: 8.239980
ExecutionTime(ticks): 82
TotalHeadingChange: 1.1141
BendingEnergy: 0.2212
---
Trajectory(x,y):
0.000 0.000
0.046 0.091
0.091 0.182
0.137 0.273
0.184 0.363
0.232 0.453
0.280 0.542
0.329 0.631
0.380 0.719
0.432 0.807
0.485 0.894
0.540 0.979
0.597 1.064
0.655 1.147
0.715 1.230
0.776 1.311
0.840 1.390
0.905 1.468
0.972 1.545
1.041 1.619
1.112 1.692
1.184 1.764
1.259 1.833
1.335 1.901
1.413 1.966
1.492 2.029
1.573 2.091
1.656 2.150
1.740 2.207
1.826 2.261
1.913 2.314
2.002 2.364
2.091 2.412
2.182 2.458
2.274 2.502
2.367 2.543
2.461 2.582
2.556 2.619
2.652 2.654
2.748 2.686
2.845 2.717
2.943 2.745
3.041 2.772
3.139 2.797
3.239 2.819
3.338 2.840
3.438 2.860
3.538 2.877
3.639 2.893
3.739 2.908
3.840 2.921
3.941 2.933
4.042 2.943
4.144 2.952
4.245 2.961
4.347 2.968
4.448 2.974
4.550 2.979
4.651 2.984
4.753 2.987
4.855 2.990
4.956 2.993
5.058 2.995
5.160 2.996
5.262 2.997
5.363 2.998
5.465 2.998
5.567 2.998
5.669 2.998
5.770 2.998
5.872 2.998
5.974 2.998
6.075 2.997
6.177 2.997
6.279 2.997
6.381 2.997
6.482 2.997
6.584 2.997
6.686 2.997
6.788 2.997
6.889 2.997
6.991 2.997
---
CollisionFootprint(i, j, t_in, t_out):
0 0 0.000000 5.594347
1 0 5.594347 10.397036
1 1 10.397036 17.628935
2 1 17.628935 25.406187
2 2 25.406187 34.381623
3 2 34.381623 36.860591
3 3 36.860591 47.194434
3 4 47.194434 57.207833
3 5 57.207833 67.162516
3 6 67.162516 77.114214
3 7 77.114214 82.000000
=== END ===

=== PRIMITIVE ===
ID: 240
StartHeadingNum: 1
Goal: i=7 j=4 heading=4
Length: 8.687601
ExecutionTime(ticks): 87
TotalHeadingChange: 1.1057
BendingEnergy: 0.1711
---
Trajectory(x,y):
0.000 0.000
0.091 0.046
0.183 0.092
0.274 0.138
0.365 0.184
0.456 0.231
0.547 0.278
0.637 0.326
0.727 0.374
0.816 0.424
0.906 0.474
0.994 0.525
1.082 0.577
1.170 0.629
1.256 0.683
1.342 0.739
1.428 0.795
1.512 0.852
1.596 0.911
1.679 0.971
1.760 1.032
1.841 1.095
1.921 1.159
2.000 1.224
2.077 1.291
2.153 1.359
2.228 1.429
2.302 1.499
2.374 1.572
2.445 1.645
2.515 1.720
2.583 1.796
2.649 1.874
2.714 1.953
2.778 2.033
2.839 2.114
2.900 2.197
2.958 2.281
3.015 2.366
3.070 2.452
3.124 2.539
3.175 2.627
3.225 2.716
3.273 2.806
3.320 2.897
3.364 2.989
3.407 3.082
3.448 3.176
3.488 3.270
3.525 3.365
3.561 3.461
3.596 3.557
3.628 3.654
3.659 3.751
3.688 3.849
3.716 3.948
3.741 4.047
3.766 4.146
3.789 4.246
3.810 4.346
3.830 4.446
3.848 4.546
3.865 4.647
3.881 4.748
3.895 4.849
3.909 4.951
3.921 5.052
3.931 5.154
3.941 5.255
3.950 5.357
3.958 5.459
3.965 5.561
3.970 5.663
3.976 5.765
3.980 5.867
3.984 5.970
3.987 6.072
3.989 6.174
3.991 6.276
3.993 6.378
3.994 6.480
3.995 6.583
3.995 6.685
3.995 6.787
3.996 6.889
3.996 6.992
---
CollisionFootprint(i, j, t_in, t_out):
0 0 0.000000 5.614567
0 1 5.614567 10.765968
1 1 10.765968 17.250285
1 2 17.250285 27.644219
2 2 27.644219 30.488305
2 3 30.488305 40.485669
3 3 40.485669 49.454555
3 4 49.454555 51.594630
4 4 51.594630 61.964529
5 4 61.964529 72.057030
6 4 72.057030 82.077427
7 4 82.077427 87.000000
=== END ===

=== PRIMITIVE ===
ID: 241
StartHeadingNum: 5
Goal: i=4 j=-7 heading=8
Length: 8.687601
ExecutionTime(ticks): 87
TotalHeadingChange: 1.1057
BendingEnergy: 0.1711
---
Trajectory(x,y):
0.000 0.000
-0.046 0.091
-0.092 0.183
-0.138 0.274
-0.184 0.365
-0.231 0.456
-0.278 0.547
-0.326 0.637
-0.374 0.727
-0.424 0.816
-0.474 0.906
-0.525 0.994
-0.577 1.082
-0.629 1.170
-0.683 1.256
-0.739 1.342
-0.795 1.428
-0.852 1.512
-0.911 1.596
-0.971 1.679
-1.032 1.760
-1.095 1.841
-1.159 1.921
-1.224 2.000
-1.291 2.077
-1.359 2.153
-1.429 2.228
-1.499 2.302
-1.572 2.374
-1.645 2.445
-1.720 2.515
-1.796 2.583
-1.874 2.649
-1.953 2.714
-2.033 2.778
-2.114 2.839
-2.197 2.900
-2.281 2.958
-2.366 3.015
-2.452 3.070
-2.539 3.124
-2.627 3.175
-2.716 3.225
-2.806 3.273
-2.897 3.320
-2.989 3.364
-3.082 3.407
-3.176 3.448
-3.270 3.488
-3.365 3.525
-3.461 3.561
-3.557 3.596
-3.654 3.628
-3.751 3.659
-3.849 3.688
-3.948 3.716
-4.047 3.741
-4.146 3.766
-4.246 3.789
-4.346 3.810
-4.446 3.830
-4.546 3.848
-4.647 3.865
-4.748 3.881
-4.849 3.895
-4.951 3.909
-5.052 3.921
-5.154 3.931
-5.255 3.941
-5.357 3.950
-5.459 3.958
-5.561 3.965
-5.663 3.970
-5.765 3.976
-5.867 3.980
-5.970 3.984
-6.072 3.987
-6.174 3.989
-6.276 3.991
-6.378 3.993
-6.480 3.994
-6.583 3.995
-6.685 3.995
-6.787 3.995
-6.889 3.996
-6.992 3.996
---
CollisionFootprint(i, j, t_in, t_out):
0 0 0.000000 5.614567
1 0 5.614567 10.765968
1 -1 10.765968 17.250285
2 -1 17.250285 27.644219
2 -2 27.644219 30.488305
3 -2 30.488305 40.485669
3 -3 40.485669 49.454555
4 -3 49.454555 51.594630
4 -4 51.594630 61.964529
4 -5 61.964529 72.057030
4 -6 72.057030 82.077427
4 -7 82.077427 87.000000
=== END ===

=== PRIMITIVE ===
ID: 242
StartHeadingNum: 9
Goal: i=-7 j=-4 heading=12
Length: 8.687601
ExecutionTime(ticks): 87
TotalHeadingChange: 1.1057
BendingEnergy: 0.1711
---
Trajectory(x,y):
0.000 0.000
-0.091 -0.046
-0.183 -0.092
-0.274 -0.138
-0.365 -0.184
-0.456 -0.231
-0.547 -0.278
-0.637 -0.326
-0.727 -0.374
-0.816 -0.424
-0.906 -0.474
-0.994 -0.525
-1.082 -0.577
-1.170 -0.629
-1.256 -0.683
-1.342 -0.739
-1.428 -0.795
-1.512 -0.852
-1.596 -0.911
-1.679 -0.971
-1.760 -1.032
-1.841 -1.095
-1.921 -1.159
-2.000 -1.224
-2.077 -1.291
-2.153 -1.359
-2.228 -1.429
-2.302 -1.499
-2.374 -1.572
-2.445 -1.645
-2.515 -1.720
-2.583 -1.796
-2.649 -1.874
-2.714 -1.953
-2.778 -2.033
-2.839 -2.114
-2.900 -2.197
-2.958 -2.281
-3.015 -2.366
-3.070 -2.452
-3.124 -2.539
-3.175 -2.627
-3.225 -2.716
-3.273 -2.806
-3.320 -2.897
-3.364 -2.989
-3.407 -3.082
-3.448 -3.176
-3.488 -3.270
-3.525 -3.365
-3.561 -3.461
-3.596 -3.557
-3.628 -3.654
-3.659 -3.751
-3.688 -3.849
-3.716 -3.948
-3.741 -4.047
-3.766 -4.146
-3.789 -4.246
-3.810 -4.346
-3.830 -4.446
-3.848 -4.546
-3.865 -4.647
-3.881 -4.748
-3.895 -4.849
-3.909 -4.951
-3.921 -5.052
-3.931 -5.154
-3.941 -5.255
-3.950 -5.357
-3.958 -5.459
-3.965 -5.561
-3.970 -5.663
-3.976 -5.765
-3.980 -5.867
-3.984 -5.970
-3.987 -6.072
-3.989 -6.174
-3.991 -6.276
-3.993 -6.378
-3.994 -6.480
-3.995 -6.583
-3.995 -6.685
-3.995 -6.787
-3.996 -6.889
-3.996 -6.992
---
CollisionFootprint(i, j, t_in, t_out):
0 0 0.000000 5.614567
0 -1 5.614567 10.765968
-1 -1 10.765968 17.250285
-1 -2 17.250285 27.644219
-2 -2 27.644219 30.488305
-2 -3 30.488305 40.485669
-3 -3 40.485669 49.454555
-3 -4 49.454555 51.594630
-4 -4 51.594630 61.964529
-5 -4 61.964529 72.057030
-6 -4 72.057030 82.077427
-7 -4 82.077427 87.000000
=== END ===

=== PRIMITIVE ===
ID: 243
StartHeadingNum: 13
Goal: i=-4 j=7 heading=0
Length: 8.687601
ExecutionTime(ticks): 87
TotalHeadingChange: 1.1057
BendingEnergy: 0.1711
---
Trajectory(x,y):
0.000 0.000
0.046 -0.091
0.092 -0.183
0.138 -0.274
0.184 -0.365
0.231 -0.456
0.278 -0.547
0.326 -0.637
0.374 -0.727
0.424 -0.816
0.474 -0.906
0.525 -0.994
0.577 -1.082
0.629 -1.170
0.683 -1.256
0.739 -1.342
0.795 -1.428
0.852 -1.512
0.911 -1.596
0.971 -1.679
1.032 -1.760
1.095 -1.841
1.159 -1.921
1.224 -2.000
1.291 -2.077
1.359 -2.153
1.429 -2.228
1.499 -2.302
1.572 -2.374
1.645 -2.445
1.720 -2.515
1.796 -2.583
1.874 -2.649
1.953 -2.714
2.033 -2.778
2.114 -2.839
2.197 -2.900
2.281 -2.958
2.366 -3.015
2.452 -3.070
2.539 -3.124
2.627 -3.175
2.716 -3.225
2.806 -3.273
2.897 -3.320
2.989 -3.364
3.082 -3.407
3.176 -3.448
3.270 -3.488
3.365 -3.525
3.461 -3.561
3.557 -3.596
3.654 -3.628
3.751 -3.659
3.849 -3.688
3.948 -3.716
4.047 -3.741
4.146 -3.766
4.246 -3.789
4.346 -3.810
4.446 -3.830
4.546 -3.848
4.647 -3.865
4.748 -3.881
4.849 -3.895
4.951 -3.909
5.052 -3.921
5.154 -3.931
5.255 -3.941
5.357 -3.950
5.459 -3.958
5.561 -3.965
5.663 -3.970
5.765 -3.976
5.867 -3.980
5.970 -3.984
6.072 -3.987
6.174 -3.989
6.276 -3.991
6.378 -3.993
6.480 -3.994
6.583 -3.995
6.685 -3.995
6.787 -3.995
6.889 -3.996
6.992 -3.996
---
CollisionFootprint(i, j, t_in, t_out):
0 0 0.000000 5.614567
-1 0 5.614567 10.765968
-1 1 10.765968 17.250285
-2 1 17.250285 27.644219
-2 2 27.644219 30.488305
-3 2 30.488305 40.485669
-3 3 40.485669 49.454555
-4 3 49.454555 51.594630
-4 4 51.594630 61.964529
-4 5 61.964529 72.057030
-4 6 72.057030 82.077427
-4 7 82.077427 87.000000
=== END ===

=== PRIMITIVE ===
ID: 244
StartHeadingNum: 7
Goal: i=7 j=-4 heading=4
Length: 8.687601
ExecutionTime(ticks): 87
TotalHeadingChange: 1.1057
BendingEnergy: 0.1711
---
Trajectory(x,y):
0.000 0.000
-0.091 0.046
-0.183 0.092
-0.274 0.138
-0.365 0.184
-0.456 0.231
-0.547 0.278
-0.637 0.326
-0.727 0.374
-0.816 0.424
-0.906 0.474
-0.994 0.525
-1.082 0.577
-1.170 0.629
-1.256 0.683
-1.342 0.739
-1.428 0.795
-1.512 0.852
-1.596 0.911
-1.679 0.971
-1.760 1.032
-1.841 1.095
-1.921 1.159
-2.000 1.224
-2.077 1.291
-2.153 1.359
-2.228 1.429
-2.302 1.499
-2.374 1.572
-2.445 1.645
-2.515 1.720
-2.583 1.796
-2.649 1.874
-2.714 1.953
-2.778 2.033
-2.839 2.114
-2.900 2.197
-2.958 2.281
-3.015 2.366
-3.070 2.452
-3.124 2.539
-3.175 2.627
-3.225 2.716
-3.273 2.806
-3.320 2.897
-3.364 2.989
-3.407 3.082
-3.448 3.176
-3.488 3.270
-3.525 3.365
-3.561 3.461
-3.596 3.557
-3.628 3.654
-3.659 3.751
-3.688 3.849
-3.716 3.948
-3.741 4.047
-3.766 4.146
-3.789 4.246
-3.810 4.346
-3.830 4.446
-3.848 4.546
-3.865 4.647
-3.881 4.748
-3.895 4.849
-3.909 4.951
-3.921 5.052
-3.931 5.154
-3.941 5.255
-3.950 5.357
-3.958 5.459
-3.965 5.561
-3.970 5.663
-3.976 5.765
-3.980 5.867
-3.984 5.970
-3.987 6.072
-3.989 6.174
-3.991 6.276
-3.993 6.378
-3.994 6.480
-3.995 6.583
-3.995 6.685
-3.995 6.787
-3.996 6.889
-3.996 6.992
---
CollisionFootprint(i, j, t_in, t_out):
0 0 0.000000 5.614567
0 -1 5.614567 10.765968
1 -1 10.765968 17.250285
1 -2 17.250285 27.644219
2 -2 27.644219 30.488305
2 -3 30.488305 40.485669
3 -3 40.485669 49.454555
3 -4 49.454555 51.594630
4 -4 51.594630 61.964529
5 -4 61.964529 72.057030
6 -4 72.057030 82.077427
7 -4 82.077427 87.000000
=== END ===

=== PRIMITIVE ===
ID: 245
StartHeadingNum: 11
Goal: i=-4 j=-7 heading=8
Length: 8.687601
ExecutionTime(ticks): 87
TotalHeadingChange: 1.1057
BendingEnergy: 0.1711
---
Trajectory(x,y):
0.000 0.000
-0.046 -0.091
-0.092 -0.183
-0.138 -0.274
-0.184 -0.365
-0.231 -0.456
-0.278 -0.547
-0.326 -0.637
-0.374 -0.727
-0.424 -0.816
-0.474 -0.906
-0.525 -0.994
-0.577 -1.082
-0.629 -1.170
-0.683 -1.256
-0.739 -1.342
-0.795 -1.428
-0.852 -1.512
-0.911 -1.596
-0.971 -1.679
-1.032 -1.760
-1.095 -1.841
-1.159 -1.921
-1.224 -2.000
-1.291 -2.077
-1.359 -2.153
-1.429 -2.228
-1.499 -2.302
-1.572 -2.374
-1.645 -2.445
-1.720 -2.515
-1.796 -2.583
-1.874 -2.649
-1.953 -2.714
-2.033 -2.778
-2.114 -2.839
-2.197 -2.900
-2.281 -2.958
-2.366 -3.015
-2.452 -3.070
-2.539 -3.124
-2.627 -3.175
-2.716 -3.225
-2.806 -3.273
-2.897 -3.320
-2.989 -3.364
-3.082 -3.407
-3.176 -3.448
-3.270 -3.488
-3.365 -3.525
-3.461 -3.561
-3.557 -3.596
-3.654 -3.628
-3.751 -3.659
-3.849 -3.688
-3.948 -3.716
-4.047 -3.741
-4.146 -3.766
-4.246 -3.789
-4.346 -3.810
-4.446 -3.830
-4.546 -3.848
-4.647 -3.865
-4.748 -3.881
-4.849 -3.895
-4.951 -3.909
-5.052 -3.921
-5.154 -3.931
-5.255 -3.941
-5.357 -3.950
-5.459 -3.958
-5.561 -3.965
-5.663 -3.970
-5.765 -3.976
-5.867 -3.980
-5.970 -3.984
-6.072 -3.987
-6.174 -3.989
-6.276 -3.991
-6.378 -3.993
-6.480 -3.994
-6.583 -3.995
-6.685 -3.995
-6.787 -3.995
-6.889 -3.996
-6.992 -3.996
---
CollisionFootprint(i, j, t_in, t_out):
0 0 0.000000 5.614567
-1 0 5.614567 10.765968
-1 -1 10.765968 17.250285
-2 -1 17.250285 27.644219
-2 -2 27.644219 30.488305
-3 -2 30.488305 40.485669
-3 -3 40.485669 49.454555
-4 -3 49.454555 51.594630
-4 -4 51.594630 61.964529
-4 -5 61.964529 72.057030
-4 -6 72.057030 82.077427
-4 -7 82.077427 87.000000
=== END ===

=== PRIMITIVE ===
ID: 246
StartHeadingNum: 15
Goal: i=-7 j=4 heading=12
Length: 8.687601
ExecutionTime(ticks): 87
TotalHeadingChange: 1.1057
BendingEnergy: 0.1711
---
Trajectory(x,y):
0.000 0.000
0.091 -0.046
0.183 -0.092
0.274 -0.138
0.365 -0.184
0.456 -0.231
0.547 -0.278
0.637 -0.326
0.727 -0.374
0.816 -0.424
0.906 -0.474
0.994 -0.525
1.082 -0.577
1.170 -0.629
1.256 -0.683
1.342 -0.739
1.428 -0.795
1.512 -0.852
1.596 -0.911
1.679 -0.971
1.760 -1.032
1.841 -1.095
1.921 -1.159
2.000 -1.224
2.077 -1.291
2.153 -1.359
2.228 -1.429
2.302 -1.499
2.374 -1.572
2.445 -1.645
2.515 -1.720
2.583 -1.796
2.649 -1.874
2.714 -1.953
2.778 -2.033
2.839 -2.114
2.900 -2.197
2.958 -2.281
3.015 -2.366
3.070 -2.452
3.124 -2.539
3.175 -2.627
3.225 -2.716
3.273 -2.806
3.320 -2.897
3.364 -2.989
3.407 -3.082
3.448 -3.176
3.488 -3.270
3.525 -3.365
3.561 -3.461
3.596 -3.557
3.628 -3.654
3.659 -3.751
3.688 -3.849
3.716 -3.948
3.741 -4.047
3.766 -4.146
3.789 -4.246
3.810 -4.346
3.830 -4.446
3.848 -4.546
3.865 -4.647
3.881 -4.748
3.895 -4.849
3.909 -4.951
3.921 -5.052
3.931 -5.154
3.941 -5.255
3.950 -5.357
3.958 -5.459
3.965 -5.561
3.970 -5.663
3.976 -5.765
3.980 -5.867
3.984 -5.970
3.987 -6.072
3.989 -6.174
3.991 -6.276
3.993 -6.378
3.994 -6.480
3.995 -6.583
3.995 -6.685
3.995 -6.787
3.996 -6.889
3.996 -6.992
---
CollisionFootprint(i, j, t_in, t_out):
0 0 0.000000 5.614567
0 1 5.614567 10.765968
-1 1 10.765968 17.250285
-1 2 17.250285 27.644219
-2 2 27.644219 30.488305
-2 3 30.488305 40.485669
-3 3 40.485669 49.454555
-3 4 49.454555 51.594630
-4 4 51.594630 61.964529
-5 4 61.964529 72.057030
-6 4 72.057030 82.077427
-7 4 82.077427 87.000000
=== END ===

=== PRIMITIVE ===
ID: 247
StartHeadingNum: 3
Goal: i=4 j=7 heading=0
Length: 8.687601
ExecutionTime(ticks): 87
TotalHeadingChange: 1.1057
BendingEnergy: 0.1711
---
Trajectory(x,y):
0.000 0.000
0.046 0.091
0.092 0.183
0.138 0.274
0.184 0.365
0.231 0.456
0.278 0.547
0.326 0.637
0.374 0.727
0.424 0.816
0.474 0.906
0.525 0.994
0.577 1.082
0.629 1.170
0.683 1.256
0.739 1.342
0.795 1.428
0.852 1.512
0.911 1.596
0.971 1.679
1.032 1.760
1.095 1.841
1.159 1.921
1.224 2.000
1.291 2.077
1.359 2.153
1.429 2.228
1.499 2.302
1.572 2.374
1.645 2.445
1.720 2.515
1.796 2.583
1.874 2.649
1.953 2.714
2.033 2.778
2.114 2.839
2.197 2.900
2.281 2.958
2.366 3.015
2.452 3.070
2.539 3.124
2.627 3.175
2.716 3.225
2.806 3.273
2.897 3.320
2.989 3.364
3.082 3.407
3.176 3.448
3.270 3.488
3.365 3.525
3.461 3.561
3.557 3.596
3.654 3.628
3.751 3.659
3.849 3.688
3.948 3.716
4.047 3.741
4.146 3.766
4.246 3.789
4.346 3.810
4.446 3.830
4.546 3.848
4.647 3.865
4.748 3.881
4.849 3.895
4.951 3.909
5.052 3.921
5.154 3.931
5.255 3.941
5.357 3.950
5.459 3.958
5.561 3.965
5.663 3.970
5.765 3.976
5.867 3.980
5.970 3.984
6.072 3.987
6.174 3.989
6.276 3.991
6.378 3.993
6.480 3.994
6.583 3.995
6.685 3.995
6.787 3.995
6.889 3.996
6.992 3.996
---
CollisionFootprint(i, j, t_in, t_out):
0 0 0.000000 5.614567
1 0 5.614567 10.765968
1 1 10.765968 17.250285
2 1 17.250285 27.644219
2 2 27.644219 30.488305
3 2 30.488305 40.485669
3 3 40.485669 49.454555
4 3 49.454555 51.594630
4 4 51.594630 61.964529
4 5 61.964529 72.057030
4 6 72.057030 82.077427
4 7 82.077427 87.000000
=== END ===

=== PRIMITIVE ===
ID: 248
StartHeadingNum: 1
Goal: i=4 j=5 heading=2
Length: 6.437219
ExecutionTime(ticks): 64
TotalHeadingChange: 0.3320
BendingEnergy: 0.0260
---
Trajectory(x,y):
0.000 0.000
0.091 0.046
0.183 0.092
0.274 0.138
0.365 0.184
0.456 0.231
0.546 0.278
0.637 0.326
0.727 0.374
0.817 0.423
0.906 0.473
0.995 0.523
1.083 0.574
1.171 0.626
1.258 0.679
1.345 0.733
1.432 0.788
1.517 0.843
1.603 0.900
1.687 0.957
1.771 1.015
1.854 1.074
1.937 1.134
2.019 1.195
2.101 1.257
2.182 1.319
2.262 1.382
2.342 1.446
2.421 1.511
2.500 1.576
2.578 1.642
2.655 1.709
2.732 1.776
2.808 1.844
2.884 1.912
2.960 1.981
3.035 2.050
3.109 2.120
3.184 2.190
3.258 2.261
3.331 2.332
3.404 2.403
3.477 2.474
3.550 2.546
3.623 2.618
3.695 2.690
3.768 2.762
3.840 2.835
3.912 2.907
3.984 2.980
4.056 3.052
4.128 3.125
4.200 3.197
4.271 3.270
4.343 3.342
4.415 3.415
4.487 3.488
4.559 3.560
4.632 3.632
4.704 3.705
4.776 3.777
4.848 3.849
4.920 3.922
4.993 3.994
---
CollisionFootprint(i, j, t_in, t_out):
0 0 0.000000 5.574187
0 1 5.574187 10.711407
1 1 10.711407 17.064579
1 2 17.064579 28.277578
2 2 28.277578 29.466685
2 3 29.466685 42.980348
2 4 42.980348 43.030060
3 4 43.030060 57.063709
4 4 57.063709 57.066692
4 5 57.066692 64.000000
=== END ===

=== PRIMITIVE ===
ID: 249
StartHeadingNum: 5
Goal: i=5 j=-4 heading=6
Length: 6.437219
ExecutionTime(ticks): 64
TotalHeadingChange: 0.3320
BendingEnergy: 0.0260
---
Trajectory(x,y):
0.000 0.000
-0.046 0.091
-0.092 0.183
-0.138 0.274
-0.184 0.365
-0.231 0.456
-0.278 0.546
-0.326 0.637
-0.374 0.727
-0.423 0.817
-0.473 0.906
-0.523 0.995
-0.574 1.083
-0.626 1.171
-0.679 1.258
-0.733 1.345
-0.788 1.432
-0.843 1.517
-0.900 1.603
-0.957 1.687
-1.015 1.771
-1.074 1.854
-1.134 1.937
-1.195 2.019
-1.257 2.101
-1.319 2.182
-1.382 2.262
-1.446 2.342
-1.511 2.421
-1.576 2.500
-1.642 2.578
-1.709 2.655
-1.776 2.732
-1.844 2.808
-1.912 2.884
-1.981 2.960
-2.050 3.035
-2.120 3.109
-2.190 3.184
-2.261 3.258
-2.332 3.331
-2.403 3.404
-2.474 3.477
-2.546 3.550
-2.618 3.623
-2.690 3.695
-2.762 3.768
-2.835 3.840
-2.907 3.912
-2.980 3.984
-3.052 4.056
-3.125 4.128
-3.197 4.200
-3.270 4.271
-3.342 4.343
-3.415 4.415
-3.488 4.487
-3.560 4.559
-3.632 4.632
-3.705 4.704
-3.777 4.776
-3.849 4.848
-3.922 4.920
-3.994 4.993
---
CollisionFootprint(i, j, t_in, t_out):
0 0 0.000000 5.574187
1 0 5.574187 10.711407
1 -1 10.711407 17.064579
2 -1 17.064579 28.277578
2 -2 28.277578 29.466685
3 -2 29.466685 42.980348
4 -2 42.980348 43.030060
4 -3 43.030060 57.063709
4 -4 57.063709 57.066692
5 -4 57.066692 64.000000
=== END ===

=== PRIMITIVE ===
ID: 250
StartHeadingNum: 9
Goal: i=-4 j=-5 heading=10
Length: 6.437219
ExecutionTime(ticks): 64
TotalHeadingChange: 0.3320
BendingEnergy: 0.0260
---
Trajectory(x,y):
0.000 0.000
-0.091 -0.046
-0.183 -0.092
-0.274 -0.138
-0.365 -0.184
-0.456 -0.231
-0.546 -0.278
-0.637 -0.326
-0.727 -0.374
-0.817 -0.423
-0.906 -0.473
-0.995 -0.523
-1.083 -0.574
-1.171 -0.626
-1.258 -0.679
-1.345 -0.733
-1.432 -0.788
-1.517 -0.843
-1.603 -0.900
-1.687 -0.957
-1.771 -1.015
-1.854 -1.074
-1.937 -1.134
-2.019 -1.195
-2.101 -1.257
-2.182 -1.319
-2.262 -1.382
-2.342 -1.446
-2.421 -1.511
-2.500 -1.576
-2.578 -1.642
-2.655 -1.709
-2.732 -1.776
-2.808 -1.844
-2.884 -1.912
-2.960 -1.981
-3.035 -2.050
-3.109 -2.120
-3.184 -2.190
-3.258 -2.261
-3.331 -2.332
-3.404 -2.403
-3.477 -2.474
-3.550 -2.546
-3.623 -2.618
-3.695 -2.690
-3.768 -2.762
-3.840 -2.835
-3.912 -2.907
-3.984 -2.980
-4.056 -3.052
-4.128 -3.125
-4.200 -3.197
-4.271 -3.270
-4.343 -3.342
-4.415 -3.415
-4.487 -3.488
-4.559 -3.560
-4.632 -3.632
-4.704 -3.705
-4.776 -3.777
-4.848 -3.849
-4.920 -3.922
-4.993 -3.994
---
CollisionFootprint(i, j, t_in, t_out):
0 0 0.000000 5.574187
0 -1 5.574187 10.711407
-1 -1 10.711407 17.064579
-1 -2 17.064579 28.277578
-2 -2 28.277578 29.466685
-2 -3 29.466685 42.980348
-2 -4 42.980348 43.030060
-3 -4 43.030060 57.063709
-4 -4 57.063709 57.066692
-4 -5 57.066692 64.000000
=== END ===

=== PRIMITIVE ===
ID: 251
StartHeadingNum: 13
Goal: i=-5 j=4 heading=14
Length: 6.437219
ExecutionTime(ticks): 64
TotalHeadingChange: 0.3320
BendingEnergy: 0.0260
---
Trajectory(x,y):
0.000 0.000
0.046 -0.091
0.092 -0.183
0.138 -0.274
0.184 -0.365
0.231 -0.456
0.278 -0.546
0.326 -0.637
0.374 -0.727
0.423 -0.817
0.473 -0.906
0.523 -0.995
0.574 -1.083
0.626 -1.171
0.679 -1.258
0.733 -1.345
0.788 -1.432
0.843 -1.517
0.900 -1.603
0.957 -1.687
1.015 -1.771
1.074 -1.854
1.134 -1.937
1.195 -2.019
1.257 -2.101
1.319 -2.182
1.382 -2.262
1.446 -2.342
1.511 -2.421
1.576 -2.500
1.642 -2.578
1.709 -2.655
1.776 -2.732
1.844 -2.808
1.912 -2.884
1.981 -2.960
2.050 -3.035
2.120 -3.109
2.190 -3.184
2.261 -3.258
2.332 -3.331
2.403 -3.404
2.474 -3.477
2.546 -3.550
2.618 -3.623
2.690 -3.695
2.762 -3.768
2.835 -3.840
2.907 -3.912
2.980 -3.984
3.052 -4.056
3.125 -4.128
3.197 -4.200
3.270 -4.271
3.342 -4.343
3.415 -4.415
3.488 -4.487
3.560 -4.559
3.632 -4.632
3.705 -4.704
3.777 -4.776
3.849 -4.848
3.922 -4.920
3.994 -4.993
---
CollisionFootprint(i, j, t_in, t_out):
0 0 0.000000 5.574187
-1 0 5.574187 10.711407
-1 1 10.711407 17.064579
-2 1 17.064579 28.277578
-2 2 28.277578 29.466685
-3 2 29.466685 42.980348
-4 2 42.980348 43.030060
-4 3 43.030060 57.063709
-4 4 57.063709 57.066692
-5 4 57.066692 64.000000
=== END ===

=== PRIMITIVE ===
ID: 252
StartHeadingNum: 7
Goal: i=4 j=-5 heading=6
Length: 6.437219
ExecutionTime(ticks): 64
TotalHeadingChange: 0.3320
BendingEnergy: 0.0260
---
Trajectory(x,y):
0.000 0.000
-0.091 0.046
-0.183 0.092
-0.274 0.138
-0.365 0.184
-0.456 0.231
-0.546 0.278
-0.637 0.326
-0.727 0.374
-0.817 0.423
-0.906 0.473
-0.995 0.523
-1.083 0.574
-1.171 0.626
-1.258 0.679
-1.345 0.733
-1.432 0.788
-1.517 0.843
-1.603 0.900
-1.687 0.957
-1.771 1.015
-1.854 1.074
-1.937 1.134
-2.019 1.195
-2.101 1.257
-2.182 1.319
-2.262 1.382
-2.342 1.446
-2.421 1.511
-2.500 1.576
-2.578 1.642
-2.655 1.709
-2.732 1.776
-2.808 1.844
-2.884 1.912
-2.960 1.981
-3.035 2.050
-3.109 2.120
-3.184 2.190
-3.258 2.261
-3.331 2.332
-3.404 2.403
-3.477 2.474
-3.550 2.546
-3.623 2.618
-3.695 2.690
-3.768 2.762
-3.840 2.835
-3.912 2.907
-3.984 2.980
-4.056 3.052
-4.128 3.125
-4.200 3.197
-4.271 3.270
-4.343 3.342
-4.415 3.415
-4.487 3.488
-4.559 3.560
-4.632 3.632
-4.704 3.705
-4.776 3.777
-4.848 3.849
-4.920 3.922
-4.993 3.994
---
CollisionFootprint(i, j, t_in, t_out):
0 0 0.000000 5.574187
0 -1 5.574187 10.711407
1 -1 10.711407 17.064579
1 -2 17.064579 28.277578
2 -2 28.277578 29.466685
2 -3 29.466685 42.980348
2 -4 42.980348 43.030060
3 -4 43.030060 57.063709
4 -4 57.063709 57.066692
4 -5 57.066692 64.000000
=== END ===

=== PRIMITIVE ===
ID: 253
StartHeadingNum: 11
Goal: i=-5 j=-4 heading=10
Length: 6.437219
ExecutionTime(ticks): 64
TotalHeadingChange: 0.3320
BendingEnergy: 0.0260
---
Trajectory(x,y):
0.000 0.000
-0.046 -0.091
-0.092 -0.183
-0.138 -0.274
-0.184 -0.365
-0.231 -0.456
-0.278 -0.546
-0.326 -0.637
-0.374 -0.727
-0.423 -0.817
-0.473 -0.906
-0.523 -0.995
-0.574 -1.083
-0.626 -1.171
-0.679 -1.258
-0.733 -1.345
-0.788 -1.432
-0.843 -1.517
-0.900 -1.603
-0.957 -1.687
-1.015 -1.771
-1.074 -1.854
-1.134 -1.937
-1.195 -2.019
-1.257 -2.101
-1.319 -2.182
-1.382 -2.262
-1.446 -2.342
-1.511 -2.421
-1.576 -2.500
-1.642 -2.578
-1.709 -2.655
-1.776 -2.732
-1.844 -2.808
-1.912 -2.884
-1.981 -2.960
-2.050 -3.035
-2.120 -3.109
-2.190 -3.184
-2.261 -3.258
-2.332 -3.331
-2.403 -3.404
-2.474 -3.477
-2.546 -3.550
-2.618 -3.623
-2.690 -3.695
-2.762 -3.768
-2.835 -3.840
-2.907 -3.912
-2.980 -3.984
-3.052 -4.056
-3.125 -4.128
-3.197 -4.200
-3.270 -4.271
-3.342 -4.343
-3.415 -4.415
-3.488 -4.487
-3.560 -4.559
-3.632 -4.632
-3.705 -4.704
-3.777 -4.776
-3.849 -4.848
-3.922 -4.920
-3.994 -4.993
---
CollisionFootprint(i, j, t_in, t_out):
0 0 0.000000 5.574187
-1 0 5.574187 10.711407
-1 -1 10.711407 17.064579
-2 -1 17.064579 28.277578
-2 -2 28.277578 29.466685
-3 -2 29.466685 42.980348
-4 -2 42.980348 43.030060
-4 -3 43.030060 57.063709
-4 -4 57.063709 57.066692
-5 -4 57.066692 64.000000
=== END ===

=== PRIMITIVE ===
ID: 254
StartHeadingNum: 15
Goal: i=-4 j=5 heading=14
Length: 6.437219
ExecutionTime(ticks): 64
TotalHeadingChange: 0.3320
BendingEnergy: 0.0260
---
Trajectory(x,y):
0.000 0.000
0.091 -0.046
0.183 -0.092
0.274 -0.138
0.365 -0.184
0.456 -0.231
0.546 -0.278
0.637 -0.326
0.727 -0.374
0.817 -0.423
0.906 -0.473
0.995 -0.523
1.083 -0.574
1.171 -0.626
1.258 -0.679
1.345 -0.733
1.432 -0.788
1.517 -0.843
1.603 -0.900
1.687 -0.957
1.771 -1.015
1.854 -1.074
1.937 -1.134
2.019 -1.195
2.101 -1.257
2.182 -1.319
2.262 -1.382
2.342 -1.446
2.421 -1.511
2.500 -1.576
2.578 -1.642
2.655 -1.709
2.732 -1.776
2.808 -1.844
2.884 -1.912
2.960 -1.981
3.035 -2.050
3.109 -2.120
3.184 -2.190
3.258 -2.261
3.331 -2.332
3.404 -2.403
3.477 -2.474
3.550 -2.546
3.623 -2.618
3.695 -2.690
3.768 -2.762
3.840 -2.835
3.912 -2.907
3.984 -2.980
4.056 -3.052
4.128 -3.125
4.200 -3.197
4.271 -3.270
4.343 -3.342
4.415 -3.415
4.487 -3.488
4.559 -3.560
4.632 -3.632
4.704 -3.705
4.776 -3.777
4.848 -3.849
4.920 -3.922
4.993 -3.994
---
CollisionFootprint(i, j, t_in, t_out):
0 0 0.000000 5.574187
0 1 5.574187 10.711407
-1 1 10.711407 17.064579
-1 2 17.064579 28.277578
-2 2 28.277578 29.466685
-2 3 29.466685 42.980348
-2 4 42.980348 43.030060
-3 4 43.030060 57.063709
-4 4 57.063709 57.066692
-4 5 57.066692 64.000000
=== END ===

=== PRIMITIVE ===
ID: 255
StartHeadingNum: 3
Goal: i=5 j=4 heading=2
Length: 6.437219
ExecutionTime(ticks): 64
TotalHeadingChange: 0.3320
BendingEnergy: 0.0260
---
Trajectory(x,y):
0.000 0.000
0.046 0.091
0.092 0.183
0.138 0.274
0.184 0.365
0.231 0.456
0.278 0.546
0.326 0.637
0.374 0.727
0.423 0.817
0.473 0.906
0.523 0.995
0.574 1.083
0.626 1.171
0.679 1.258
0.733 1.345
0.788 1.432
0.843 1.517
0.900 1.603
0.957 1.687
1.015 1.771
1.074 1.854
1.134 1.937
1.195 2.019
1.257 2.101
1.319 2.182
1.382 2.262
1.446 2.342
1.511 2.421
1.576 2.500
1.642 2.578
1.709 2.655
1.776 2.732
1.844 2.808
1.912 2.884
1.981 2.960
2.050 3.035
2.120 3.109
2.190 3.184
2.261 3.258
2.332 3.331
2.403 3.404
2.474 3.477
2.546 3.550
2.618 3.623
2.690 3.695
2.762 3.768
2.835 3.840
2.907 3.912
2.980 3.984
3.052 4.056
3.125 4.128
3.197 4.200
3.270 4.271
3.342 4.343
3.415 4.415
3.488 4.487
3.560 4.559
3.632 4.632
3.705 4.704
3.777 4.776
3.849 4.848
3.922 4.920
3.994 4.993
---
CollisionFootprint(i, j, t_in, t_out):
0 0 0.000000 5.574187
1 0 5.574187 10.711407
1 1 10.711407 17.064579
2 1 17.064579 28.277578
2 2 28.277578 29.466685
3 2 29.466685 42.980348
4 2 42.980348 43.030060
4 3 43.030060 57.063709
4 4 57.063709 57.066692
5 4 57.066692 64.000000
=== END ===

=== PRIMITIVE ===
ID: 256
StartHeadingNum: 1
Goal: i=6 j=5 heading=3
Length: 8.013858
ExecutionTime(ticks): 80
TotalHeadingChange: 0.6523
BendingEnergy: 0.0791
---
Trajectory(x,y):
0.000 0.000
0.091 0.045
0.181 0.091
0.272 0.137
0.362 0.183
0.452 0.229
0.542 0.277
0.632 0.324
0.721 0.373
0.809 0.423
0.897 0.473
0.985 0.524
1.072 0.577
1.158 0.630
1.243 0.685
1.328 0.740
1.412 0.797
1.495 0.855
1.578 0.915
1.659 0.975
1.739 1.037
1.819 1.100
1.897 1.164
1.975 1.230
2.051 1.297
2.126 1.365
2.201 1.434
2.274 1.504
2.346 1.576
2.417 1.648
2.486 1.722
2.555 1.797
2.622 1.872
2.689 1.949
2.754 2.027
2.818 2.106
2.881 2.185
2.943 2.266
3.003 2.347
3.063 2.429
3.122 2.511
3.179 2.595
3.236 2.679
3.292 2.764
3.347 2.849
3.401 2.935
3.454 3.021
3.507 3.108
3.558 3.195
3.609 3.283
3.660 3.371
3.709 3.460
3.758 3.548
3.807 3.637
3.855 3.727
3.902 3.816
3.950 3.906
3.996 3.996
4.043 4.086
4.089 4.177
4.135 4.267
4.181 4.358
4.226 4.448
4.271 4.539
4.317 4.630
4.362 4.721
4.407 4.812
4.452 4.903
4.497 4.994
4.542 5.084
4.587 5.175
4.632 5.266
4.677 5.357
4.722 5.448
4.767 5.539
4.813 5.630
4.858 5.720
4.903 5.811
4.949 5.902
4.994 5.992
---
CollisionFootprint(i, j, t_in, t_out):
0 0 0.000000 5.599910
0 1 5.599910 10.663239
1 1 10.663239 17.272920
1 2 17.272920 27.284775
2 2 27.284775 30.581130
2 3 30.581130 40.366373
3 3 40.366373 47.466214
3 4 47.466214 52.107266
4 4 52.107266 63.359996
5 4 63.359996 68.934450
5 5 68.934450 74.504910
6 5 74.504910 80.000000
=== END ===

=== PRIMITIVE ===
ID: 257
StartHeadingNum: 5
Goal: i=5 j=-6 heading=7
Length: 8.013858
ExecutionTime(ticks): 80
TotalHeadingChange: 0.6523
BendingEnergy: 0.0791
---
Trajectory(x,y):
0.000 0.000
-0.045 0.091
-0.091 0.181
-0.137 0.272
-0.183 0.362
-0.229 0.452
-0.277 0.542
-0.324 0.632
-0.373 0.721
-0.423 0.809
-0.473 0.897
-0.524 0.985
-0.577 1.072
-0.630 1.158
-0.685 1.243
-0.740 1.328
-0.797 1.412
-0.855 1.495
-0.915 1.578
-0.975 1.659
-1.037 1.739
-1.100 1.819
-1.164 1.897
-1.230 1.975
-1.297 2.051
-1.365 2.126
-1.434 2.201
-1.504 2.274
-1.576 2.346
-1.648 2.417
-1.722 2.486
-1.797 2.555
-1.872 2.622
-1.949 2.689
-2.027 2.754
-2.106 2.818
-2.185 2.881
-2.266 2.943
-2.347 3.003
-2.429 3.063
-2.511 3.122
-2.595 3.179
-2.679 3.236
-2.764 3.292
-2.849 3.347
-2.935 3.401
-3.021 3.454
-3.108 3.507
-3.195 3.558
-3.283 3.609
-3.371 3.660
-3.460 3.709
-3.548 3.758
-3.637 3.807
-3.727 3.855
-3.816 3.902
-3.906 3.950
-3.996 3.996
-4.086 4.043
-4.177 4.089
-4.267 4.135
-4.358 4.181
-4.448 4.226
-4.539 4.271
-4.630 4.317
-4.721 4.362
-4.812 4.407
-4.903 4.452
-4.994 4.497
-5.084 4.542
-5.175 4.587
-5.266 4.632
-5.357 4.677
-5.448 4.722
-5.539 4.767
-5.630 4.813
-5.720 4.858
-5.811 4.903
-5.902 4.949
-5.992 4.994
---
CollisionFootprint(i, j, t_in, t_out):
0 0 0.000000 5.599910
1 0 5.599910 10.663239
1 -1 10.663239 17.272920
2 -1 17.272920 27.284775
2 -2 27.284775 30.581130
3 -2 30.581130 40.366373
3 -3 40.366373 47.466214
4 -3 47.466214 52.107266
4 -4 52.107266 63.359996
4 -5 63.359996 68.934450
5 -5 68.934450 74.504910
5 -6 74.504910 80.000000
=== END ===

=== PRIMITIVE ===
ID: 258
StartHeadingNum: 9
Goal: i=-6 j=-5 heading=11
Length: 8.013858
ExecutionTime(ticks): 80
TotalHeadingChange: 0.6523
BendingEnergy: 0.0791
---
Trajectory(x,y):
0.000 0.000
-0.091 -0.045
-0.181 -0.091
-0.272 -0.137
-0.362 -0.183
-0.452 -0.229
-0.542 -0.277
-0.632 -0.324
-0.721 -0.373
-0.809 -0.423
-0.897 -0.473
-0.985 -0.524
-1.072 -0.577
-1.158 -0.630
-1.243 -0.685
-1.328 -0.740
-1.412 -0.797
-1.495 -0.855
-1.578 -0.915
-1.659 -0.975
-1.739 -1.037
-1.819 -1.100
-1.897 -1.164
-1.975 -1.230
-2.051 -1.297
-2.126 -1.365
-2.201 -1.434
-2.274 -1.504
-2.346 -1.576
-2.417 -1.648
-2.486 -1.722
-2.555 -1.797
-2.622 -1.872
-2.689 -1.949
-2.754 -2.027
-2.818 -2.106
-2.881 -2.185
-2.943 -2.266
-3.003 -2.347
-3.063 -2.429
-3.122 -2.511
-3.179 -2.595
-3.236 -2.679
-3.292 -2.764
-3.347 -2.849
-3.401 -2.935
-3.454 -3.021
-3.507 -3.108
-3.558 -3.195
-3.609 -3.283
-3.660 -3.371
-3.709 -3.460
-3.758 -3.548
-3.807 -3.637
-3.855 -3.727
-3.902 -3.816
-3.950 -3.906
-3.996 -3.996
-4.043 -4.086
-4.089 -4.177
-4.135 -4.267
-4.181 -4.358
-4.226 -4.448
-4.271 -4.539
-4.317 -4.630
-4.362 -4.721
-4.407 -4.812
-4.452 -4.903
-4.497 -4.994
-4.542 -5.084
-4.587 -5.175
-4.632 -5.266
-4.677 -5.357
-4.722 -5.448
-4.767 -5.539
-4.813 -5.630
-4.858 -5.720
-4.903 -5.811
-4.949 -5.902
-4.994 -5.992
---
CollisionFootprint(i, j, t_in, t_out):
0 0 0.000000 5.599910
0 -1 5.599910 10.663239
-1 -1 10.663239 17.272920
-1 -2 17.272920 27.284775
-2 -2 27.284775 30.581130
-2 -3 30.581130 40.366373
-3 -3 40.366373 47.466214
-3 -4 47.466214 52.107266
-4 -4 52.107266 63.359996
-5 -4 63.359996 68.934450
-5 -5 68.934450 74.504910
-6 -5 74.504910 80.000000
=== END ===

=== PRIMITIVE ===
ID: 259
StartHeadingNum: 13
Goal: i=-5 j=6 heading=15
Length: 8.013858
ExecutionTime(ticks): 80
TotalHeadingChange: 0.6523
BendingEnergy: 0.0791
---
Trajectory(x,y):
0.000 0.000
0.045 -0.091
0.091 -0.181
0.137 -0.272
0.183 -0.362
0.229 -0.452
0.277 -0.542
0.324 -0.632
0.373 -0.721
0.423 -0.809
0.473 -0.897
0.524 -0.985
0.577 -1.072
0.630 -1.158
0.685 -1.243
0.740 -1.328
0.797 -1.412
0.855 -1.495
0.915 -1.578
0.975 -1.659
1.037 -1.739
1.100 -1.819
1.164 -1.897
1.230 -1.975
1.297 -2.051
1.365 -2.126
1.434 -2.201
1.504 -2.274
1.576 -2.346
1.648 -2.417
1.722 -2.486
1.797 -2.555
1.872 -2.622
1.949 -2.689
2.027 -2.754
2.106 -2.818
2.185 -2.881
2.266 -2.943
2.347 -3.003
2.429 -3.063
2.511 -3.122
2.595 -3.179
2.679 -3.236
2.764 -3.292
2.849 -3.347
2.935 -3.401
3.021 -3.454
3.108 -3.507
3.195 -3.558
3.283 -3.609
3.371 -3.660
3.460 -3.709
3.548 -3.758
3.637 -3.807
3.727 -3.855
3.816 -3.902
3.906 -3.950
3.996 -3.996
4.086 -4.043
4.177 -4.089
4.267 -4.135
4.358 -4.181
4.448 -4.226
4.539 -4.271
4.630 -4.317
4.721 -4.362
4.812 -4.407
4.903 -4.452
4.994 -4.497
5.084 -4.542
5.175 -4.587
5.266 -4.632
5.357 -4.677
5.448 -4.722
5.539 -4.767
5.630 -4.813
5.720 -4.858
5.811 -4.903
5.902 -4.949
5.992 -4.994
---
CollisionFootprint(i, j, t_in, t_out):
0 0 0.000000 5.599910
-1 0 5.599910 10.663239
-1 1 10.663239 17.272920
-2 1 17.272920 27.284775
-2 2 27.284775 30.581130
-3 2 30.581130 40.366373
-3 3 40.366373 47.466214
-4 3 47.466214 52.107266
-4 4 52.107266 63.359996
-4 5 63.359996 68.934450
-5 5 68.934450 74.504910
-5 6 74.504910 80.000000
=== END ===

=== PRIMITIVE ===
ID: 260
StartHeadingNum: 7
Goal: i=6 j=-5 heading=5
Length: 8.013858
ExecutionTime(ticks): 80
TotalHeadingChange: 0.6523
BendingEnergy: 0.0791
---
Trajectory(x,y):
0.000 0.000
-0.091 0.045
-0.181 0.091
-0.272 0.137
-0.362 0.183
-0.452 0.229
-0.542 0.277
-0.632 0.324
-0.721 0.373
-0.809 0.423
-0.897 0.473
-0.985 0.524
-1.072 0.577
-1.158 0.630
-1.243 0.685
-1.328 0.740
-1.412 0.797
-1.495 0.855
-1.578 0.915
-1.659 0.975
-1.739 1.037
-1.819 1.100
-1.897 1.164
-1.975 1.230
-2.051 1.297
-2.126 1.365
-2.201 1.434
-2.274 1.504
-2.346 1.576
-2.417 1.648
-2.486 1.722
-2.555 1.797
-2.622 1.872
-2.689 1.949
-2.754 2.027
-2.818 2.106
-2.881 2.185
-2.943 2.266
-3.003 2.347
-3.063 2.429
-3.122 2.511
-3.179 2.595
-3.236 2.679
-3.292 2.764
-3.347 2.849
-3.401 2.935
-3.454 3.021
-3.507 3.108
-3.558 3.195
-3.609 3.283
-3.660 3.371
-3.709 3.460
-3.758 3.548
-3.807 3.637
-3.855 3.727
-3.902 3.816
-3.950 3.906
-3.996 3.996
-4.043 4.086
-4.089 4.177
-4.135 4.267
-4.181 4.358
-4.226 4.448
-4.271 4.539
-4.317 4.630
-4.362 4.721
-4.407 4.812
-4.452 4.903
-4.497 4.994
-4.542 5.084
-4.587 5.175
-4.632 5.266
-4.677 5.357
-4.722 5.448
-4.767 5.539
-4.813 5.630
-4.858 5.720
-4.903 5.811
-4.949 5.902
-4.994 5.992
---
CollisionFootprint(i, j, t_in, t_out):
0 0 0.000000 5.599910
0 -1 5.599910 10.663239
1 -1 10.663239 17.272920
1 -2 17.272920 27.284775
2 -2 27.284775 30.581130
2 -3 30.581130 40.366373
3 -3 40.366373 47.466214
3 -4 47.466214 52.107266
4 -4 52.107266 63.359996
5 -4 63.359996 68.934450
5 -5 68.934450 74.504910
6 -5 74.504910 80.000000
=== END ===

=== PRIMITIVE ===
ID: 261
StartHeadingNum: 11
Goal: i=-5 j=-6 heading=9
Length: 8.013858
ExecutionTime(ticks): 80
TotalHeadingChange: 0.6523
BendingEnergy: 0.0791
---
Trajectory(x,y):
0.000 0.000
-0.045 -0.091
-0.091 -0.181
-0.137 -0.272
-0.183 -0.362
-0.229 -0.452
-0.277 -0.542
-0.324 -0.632
-0.373 -0.721
-0.423 -0.809
-0.473 -0.897
-0.524 -0.985
-0.577 -1.072
-0.630 -1.158
-0.685 -1.243
-0.740 -1.328
-0.797 -1.412
-0.855 -1.495
-0.915 -1.578
-0.975 -1.659
-1.037 -1.739
-1.100 -1.819
-1.164 -1.897
-1.230 -1.975
-1.297 -2.051
-1.365 -2.126
-1.434 -2.201
-1.504 -2.274
-1.576 -2.346
-1.648 -2.417
-1.722 -2.486
-1.797 -2.555
-1.872 -2.622
-1.949 -2.689
-2.027 -2.754
-2.106 -2.818
-2.185 -2.881
-2.266 -2.943
-2.347 -3.003
-2.429 -3.063
-2.511 -3.122
-2.595 -3.179
-2.679 -3.236
-2.764 -3.292
-2.849 -3.347
-2.935 -3.401
-3.021 -3.454
-3.108 -3.507
-3.195 -3.558
-3.283 -3.609
-3.371 -3.660
-3.460 -3.709
-3.548 -3.758
-3.637 -3.807
-3.727 -3.855
-3.816 -3.902
-3.906 -3.950
-3.996 -3.996
-4.086 -4.043
-4.177 -4.089
-4.267 -4.135
-4.358 -4.181
-4.448 -4.226
-4.539 -4.271
-4.630 -4.317
-4.721 -4.362
-4.812 -4.407
-4.903 -4.452
-4.994 -4.497
-5.084 -4.542
-5.175 -4.587
-5.266 -4.632
-5.357 -4.677
-5.448 -4.722
-5.539 -4.767
-5.630 -4.813
-5.720 -4.858
-5.811 -4.903
-5.902 -4.949
-5.992 -4.994
---
CollisionFootprint(i, j, t_in, t_out):
0 0 0.000000 5.599910
-1 0 5.599910 10.663239
-1 -1 10.663239 17.272920
-2 -1 17.272920 27.284775
-2 -2 27.284775 30.581130
-3 -2 30.581130 40.366373
-3 -3 40.366373 47.466214
-4 -3 47.466214 52.107266
-4 -4 52.107266 63.359996
-4 -5 63.359996 68.934450
-5 -5 68.934450 74.504910
-5 -6 74.504910 80.000000
=== END ===

=== PRIMITIVE ===
ID: 262
StartHeadingNum: 15
Goal: i=-6 j=5 heading=13
Length: 8.013858
ExecutionTime(ticks): 80
TotalHeadingChange: 0.6523
BendingEnergy: 0.0791
---
Trajectory(x,y):
0.000 0.000
0.091 -0.045
0.181 -0.091
0.272 -0.137
0.362 -0.183
0.452 -0.229
0.542 -0.277
0.632 -0.324
0.721 -0.373
0.809 -0.423
0.897 -0.473
0.985 -0.524
1.072 -0.577
1.158 -0.630
1.243 -0.685
1.328 -0.740
1.412 -0.797
1.495 -0.855
1.578 -0.915
1.659 -0.975
1.739 -1.037
1.819 -1.100
1.897 -1.164
1.975 -1.230
2.051 -1.297
2.126 -1.365
2.201 -1.434
2.274 -1.504
2.346 -1.576
2.417 -1.648
2.486 -1.722
2.555 -1.797
2.622 -1.872
2.689 -1.949
2.754 -2.027
2.818 -2.106
2.881 -2.185
2.943 -2.266
3.003 -2.347
3.063 -2.429
3.122 -2.511
3.179 -2.595
3.236 -2.679
3.292 -2.764
3.347 -2.849
3.401 -2.935
3.454 -3.021
3.507 -3.108
3.558 -3.195
3.609 -3.283
3.660 -3.371
3.709 -3.460
3.758 -3.548
3.807 -3.637
3.855 -3.727
3.902 -3.816
3.950 -3.906
3.996 -3.996
4.043 -4.086
4.089 -4.177
4.135 -4.267
4.181 -4.358
4.226 -4.448
4.271 -4.539
4.317 -4.630
4.362 -4.721
4.407 -4.812
4.452 -4.903
4.497 -4.994
4.542 -5.084
4.587 -5.175
4.632 -5.266
4.677 -5.357
4.722 -5.448
4.767 -5.539
4.813 -5.630
4.858 -5.720
4.903 -5.811
4.949 -5.902
4.994 -5.992
---
CollisionFootprint(i, j, t_in, t_out):
0 0 0.000000 5.599910
0 1 5.599910 10.663239
-1 1 10.663239 17.272920
-1 2 17.272920 27.284775
-2 2 27.284775 30.581130
-2 3 30.581130 40.366373
-3 3 40.366373 47.466214
-3 4 47.466214 52.107266
-4 4 52.107266 63.359996
-5 4 63.359996 68.934450
-5 5 68.934450 74.504910
-6 5 74.504910 80.000000
=== END ===

=== PRIMITIVE ===
ID: 263
StartHeadingNum: 3
Goal: i=5 j=6 heading=1
Length: 8.013858
ExecutionTime(ticks): 80
TotalHeadingChange: 0.6523
BendingEnergy: 0.0791
---
Trajectory(x,y):
0.000 0.000
0.045 0.091
0.091 0.181
0.137 0.272
0.183 0.362
0.229 0.452
0.277 0.542
0.324 0.632
0.373 0.721
0.423 0.809
0.473 0.897
0.524 0.985
0.577 1.072
0.630 1.158
0.685 1.243
0.740 1.328
0.797 1.412
0.855 1.495
0.915 1.578
0.975 1.659
1.037 1.739
1.100 1.819
1.164 1.897
1.230 1.975
1.297 2.051
1.365 2.126
1.434 2.201
1.504 2.274
1.576 2.346
1.648 2.417
1.722 2.486
1.797 2.555
1.872 2.622
1.949 2.689
2.027 2.754
2.106 2.818
2.185 2.881
2.266 2.943
2.347 3.003
2.429 3.063
2.511 3.122
2.595 3.179
2.679 3.236
2.764 3.292
2.849 3.347
2.935 3.401
3.021 3.454
3.108 3.507
3.195 3.558
3.283 3.609
3.371 3.660
3.460 3.709
3.548 3.758
3.637 3.807
3.727 3.855
3.816 3.902
3.906 3.950
3.996 3.996
4.086 4.043
4.177 4.089
4.267 4.135
4.358 4.181
4.448 4.226
4.539 4.271
4.630 4.317
4.721 4.362
4.812 4.407
4.903 4.452
4.994 4.497
5.084 4.542
5.175 4.587
5.266 4.632
5.357 4.677
5.448 4.722
5.539 4.767
5.630 4.813
5.720 4.858
5.811 4.903
5.902 4.949
5.992 4.994
---
CollisionFootprint(i, j, t_in, t_out):
0 0 0.000000 5.599910
1 0 5.599910 10.663239
1 1 10.663239 17.272920
2 1 17.272920 27.284775
2 2 27.284775 30.581130
3 2 30.581130 40.366373
3 3 40.366373 47.466214
4 3 47.466214 52.107266
4 4 52.107266 63.359996
4 5 63.359996 68.934450
5 5 68.934450 74.504910
5 6 74.504910 80.000000
=== END ===

=== PRIMITIVE ===
ID: 264
StartHeadingNum: 1
Goal: i=-1 j=7 heading=13
Length: 8.295242
ExecutionTime(ticks): 83
TotalHeadingChange: 1.5686
BendingEnergy: 0.4127
---
Trajectory(x,y):
0.000 0.000
0.092 0.046
0.183 0.092
0.275 0.137
0.366 0.183
0.458 0.229
0.550 0.275
0.641 0.320
0.733 0.366
0.825 0.411
0.917 0.457
1.009 0.501
1.101 0.546
1.193 0.591
1.286 0.634
1.378 0.678
1.471 0.721
1.565 0.763
1.658 0.805
1.752 0.846
1.846 0.885
1.941 0.924
2.036 0.962
2.132 0.999
2.228 1.035
2.324 1.069
2.421 1.102
2.519 1.133
2.617 1.163
2.715 1.191
2.814 1.217
2.914 1.241
3.014 1.263
3.114 1.283
3.215 1.301
3.317 1.316
3.418 1.329
3.520 1.339
3.622 1.347
3.725 1.351
3.827 1.353
3.929 1.352
4.032 1.348
4.134 1.341
4.236 1.331
4.337 1.317
4.438 1.301
4.539 1.281
4.638 1.257
4.737 1.231
4.835 1.201
4.932 1.168
5.028 1.131
5.122 1.091
5.215 1.048
5.306 1.001
5.396 0.952
5.484 0.899
5.570 0.844
5.654 0.785
5.736 0.724
5.815 0.660
5.893 0.593
5.969 0.524
6.042 0.452
6.113 0.378
6.181 0.302
6.248 0.224
6.312 0.145
6.374 0.063
6.434 -0.020
6.492 -0.104
6.548 -0.190
6.602 -0.277
6.655 -0.365
6.706 -0.454
6.756 -0.543
6.804 -0.633
6.852 -0.724
6.899 -0.815
6.945 -0.906
6.991 -0.998
---
CollisionFootprint(i, j, t_in, t_out):
0 0 0.000000 5.592802
0 1 5.592802 11.238135
1 1 11.238135 16.709365
1 2 16.709365 27.468716
1 3 27.468716 37.711764
1 4 37.711764 47.764698
1 5 47.764698 58.601096
1 6 58.601096 64.895812
0 6 64.895812 72.895535
0 7 72.895535 77.383184
-1 7 77.383184 83.000000
=== END ===

=== PRIMITIVE ===
ID: 265
StartHeadingNum: 5
Goal: i=7 j=1 heading=1
Length: 8.295242
ExecutionTime(ticks): 83
TotalHeadingChange: 1.5686
BendingEnergy: 0.4127
---
Trajectory(x,y):
0.000 0.000
-0.046 0.092
-0.092 0.183
-0.137 0.275
-0.183 0.366
-0.229 0.458
-0.275 0.550
-0.320 0.641
-0.366 0.733
-0.411 0.825
-0.457 0.917
-0.501 1.009
-0.546 1.101
-0.591 1.193
-0.634 1.286
-0.678 1.378
-0.721 1.471
-0.763 1.565
-0.805 1.658
-0.846 1.752
-0.885 1.846
-0.924 1.941
-0.962 2.036
-0.999 2.132
-1.035 2.228
-1.069 2.324
-1.102 2.421
-1.133 2.519
-1.163 2.617
-1.191 2.715
-1.217 2.814
-1.241 2.914
-1.263 3.014
-1.283 3.114
-1.301 3.215
-1.316 3.317
-1.329 3.418
-1.339 3.520
-1.347 3.622
-1.351 3.725
-1.353 3.827
-1.352 3.929
-1.348 4.032
-1.341 4.134
-1.331 4.236
-1.317 4.337
-1.301 4.438
-1.281 4.539
-1.257 4.638
-1.231 4.737
-1.201 4.835
-1.168 4.932
-1.131 5.028
-1.091 5.122
-1.048 5.215
-1.001 5.306
-0.952 5.396
-0.899 5.484
-0.844 5.570
-0.785 5.654
-0.724 5.736
-0.660 5.815
-0.593 5.893
-0.524 5.969
-0.452 6.042
-0.378 6.113
-0.302 6.181
-0.224 6.248
-0.145 6.312
-0.063 6.374
0.020 6.434
0.104 6.492
0.190 6.548
0.277 6.602
0.365 6.655
0.454 6.706
0.543 6.756
0.633 6.804
0.724 6.852
0.815 6.899
0.906 6.945
0.998 6.991
---
CollisionFootprint(i, j, t_in, t_out):
0 0 0.000000 5.592802
1 0 5.592802 11.238135
1 -1 11.238135 16.709365
2 -1 16.709365 27.468716
3 -1 27.468716 37.711764
4 -1 37.711764 47.764698
5 -1 47.764698 58.601096
6 -1 58.601096 64.895812
6 0 64.895812 72.895535
7 0 72.895535 77.383184
7 1 77.383184 83.000000
=== END ===

=== PRIMITIVE ===
ID: 266
StartHeadingNum: 9
Goal: i=1 j=-7 heading=5
Length: 8.295242
ExecutionTime(ticks): 83
TotalHeadingChange: 1.5686
BendingEnergy: 0.4127
---
Trajectory(x,y):
0.000 0.000
-0.092 -0.046
-0.183 -0.092
-0.275 -0.137
-0.366 -0.183
-0.458 -0.229
-0.550 -0.275
-0.641 -0.320
-0.733 -0.366
-0.825 -0.411
-0.917 -0.457
-1.009 -0.501
-1.101 -0.546
-1.193 -0.591
-1.286 -0.634
-1.378 -0.678
-1.471 -0.721
-1.565 -0.763
-1.658 -0.805
-1.752 -0.846
-1.846 -0.885
-1.941 -0.924
-2.036 -0.962
-2.132 -0.999
-2.228 -1.035
-2.324 -1.069
-2.421 -1.102
-2.519 -1.133
-2.617 -1.163
-2.715 -1.191
-2.814 -1.217
-2.914 -1.241
-3.014 -1.263
-3.114 -1.283
-3.215 -1.301
-3.317 -1.316
-3.418 -1.329
-3.520 -1.339
-3.622 -1.347
-3.725 -1.351
-3.827 -1.353
-3.929 -1.352
-4.032 -1.348
-4.134 -1.341
-4.236 -1.331
-4.337 -1.317
-4.438 -1.301
-4.539 -1.281
-4.638 -1.257
-4.737 -1.231
-4.835 -1.201
-4.932 -1.168
-5.028 -1.131
-5.122 -1.091
-5.215 -1.048
-5.306 -1.001
-5.396 -0.952
-5.484 -0.899
-5.570 -0.844
-5.654 -0.785
-5.736 -0.724
-5.815 -0.660
-5.893 -0.593
-5.969 -0.524
-6.042 -0.452
-6.113 -0.378
-6.181 -0.302
-6.248 -0.224
-6.312 -0.145
-6.374 -0.063
-6.434 0.020
-6.492 0.104
-6.548 0.190
-6.602 0.277
-6.655 0.365
-6.706 0.454
-6.756 0.543
-6.804 0.633
-6.852 0.724
-6.899 0.815
-6.945 0.906
-6.991 0.998
---
CollisionFootprint(i, j, t_in, t_out):
0 0 0.000000 5.592802
0 -1 5.592802 11.238135
-1 -1 11.238135 16.709365
-1 -2 16.709365 27.468716
-1 -3 27.468716 37.711764
-1 -4 37.711764 47.764698
-1 -5 47.764698 58.601096
-1 -6 58.601096 64.895812
0 -6 64.895812 72.895535
0 -7 72.895535 77.383184
1 -7 77.383184 83.000000
=== END ===

=== PRIMITIVE ===
ID: 267
StartHeadingNum: 13
Goal: i=-7 j=-1 heading=9
Length: 8.295242
ExecutionTime(ticks): 83
TotalHeadingChange: 1.5686
BendingEnergy: 0.4127
---
Trajectory(x,y):
0.000 0.000
0.046 -0.092
0.092 -0.183
0.137 -0.275
0.183 -0.366
0.229 -0.458
0.275 -0.550
0.320 -0.641
0.366 -0.733
0.411 -0.825
0.457 -0.917
0.501 -1.009
0.546 -1.101
0.591 -1.193
0.634 -1.286
0.678 -1.378
0.721 -1.471
0.763 -1.565
0.805 -1.658
0.846 -1.752
0.885 -1.846
0.924 -1.941
0.962 -2.036
0.999 -2.132
1.035 -2.228
1.069 -2.324
1.102 -2.421
1.133 -2.519
1.163 -2.617
1.191 -2.715
1.217 -2.814
1.241 -2.914
1.263 -3.014
1.283 -3.114
1.301 -3.215
1.316 -3.317
1.329 -3.418
1.339 -3.520
1.347 -3.622
1.351 -3.725
1.353 -3.827
1.352 -3.929
1.348 -4.032
1.341 -4.134
1.331 -4.236
1.317 -4.337
1.301 -4.438
1.281 -4.539
1.257 -4.638
1.231 -4.737
1.201 -4.835
1.168 -4.932
1.131 -5.028
1.091 -5.122
1.048 -5.215
1.001 -5.306
0.952 -5.396
0.899 -5.484
0.844 -5.570
0.785 -5.654
0.724 -5.736
0.660 -5.815
0.593 -5.893
0.524 -5.969
0.452 -6.042
0.378 -6.113
0.302 -6.181
0.224 -6.248
0.145 -6.312
0.063 -6.374
-0.020 -6.434
-0.104 -6.492
-0.190 -6.548
-0.277 -6.602
-0.365 -6.655
-0.454 -6.706
-0.543 -6.756
-0.633 -6.804
-0.724 -6.852
-0.815 -6.899
-0.906 -6.945
-0.998 -6.991
---
CollisionFootprint(i, j, t_in, t_out):
0 0 0.000000 5.592802
-1 0 5.592802 11.238135
-1 1 11.238135 16.709365
-2 1 16.709365 27.468716
-3 1 27.468716 37.711764
-4 1 37.711764 47.764698
-5 1 47.764698 58.601096
-6 1 58.601096 64.895812
-6 0 64.895812 72.895535
-7 0 72.895535 77.383184
-7 -1 77.383184 83.000000
=== END ===

=== PRIMITIVE ===
ID: 268
StartHeadingNum: 7
Goal: i=-1 j=-7 heading=11
Length: 8.295242
ExecutionTime(ticks): 83
TotalHeadingChange: 1.5686
BendingEnergy: 0.4127
---
Trajectory(x,y):
0.000 0.000
-0.092 0.046
-0.183 0.092
-0.275 0.137
-0.366 0.183
-0.458 0.229
-0.550 0.275
-0.641 0.320
-0.733 0.366
-0.825 0.411
-0.917 0.457
-1.009 0.501
-1.101 0.546
-1.193 0.591
-1.286 0.634
-1.378 0.678
-1.471 0.721
-1.565 0.763
-1.658 0.805
-1.752 0.846
-1.846 0.885
-1.941 0.924
-2.036 0.962
-2.132 0.999
-2.228 1.035
-2.324 1.069
-2.421 1.102
-2.519 1.133
-2.617 1.163
-2.715 1.191
-2.814 1.217
-2.914 1.241
-3.014 1.263
-3.114 1.283
-3.215 1.301
-3.317 1.316
-3.418 1.329
-3.520 1.339
-3.622 1.347
-3.725 1.351
-3.827 1.353
-3.929 1.352
-4.032 1.348
-4.134 1.341
-4.236 1.331
-4.337 1.317
-4.438 1.301
-4.539 1.281
-4.638 1.257
-4.737 1.231
-4.835 1.201
-4.932 1.168
-5.028 1.131
-5.122 1.091
-5.215 1.048
-5.306 1.001
-5.396 0.952
-5.484 0.899
-5.570 0.844
-5.654 0.785
-5.736 0.724
-5.815 0.660
-5.893 0.593
-5.969 0.524
-6.042 0.452
-6.113 0.378
-6.181 0.302
-6.248 0.224
-6.312 0.145
-6.374 0.063
-6.434 -0.020
-6.492 -0.104
-6.548 -0.190
-6.602 -0.277
-6.655 -0.365
-6.706 -0.454
-6.756 -0.543
-6.804 -0.633
-6.852 -0.724
-6.899 -0.815
-6.945 -0.906
-6.991 -0.998
---
CollisionFootprint(i, j, t_in, t_out):
0 0 0.000000 5.592802
0 -1 5.592802 11.238135
1 -1 11.238135 16.709365
1 -2 16.709365 27.468716
1 -3 27.468716 37.711764
1 -4 37.711764 47.764698
1 -5 47.764698 58.601096
1 -6 58.601096 64.895812
0 -6 64.895812 72.895535
0 -7 72.895535 77.383184
-1 -7 77.383184 83.000000
=== END ===

=== PRIMITIVE ===
ID: 269
StartHeadingNum: 11
Goal: i=-7 j=1 heading=15
Length: 8.295242
ExecutionTime(ticks): 83
TotalHeadingChange: 1.5686
BendingEnergy: 0.4127
---
Trajectory(x,y):
0.000 0.000
-0.046 -0.092
-0.092 -0.183
-0.137 -0.275
-0.183 -0.366
-0.229 -0.458
-0.275 -0.550
-0.320 -0.641
-0.366 -0.733
-0.411 -0.825
-0.457 -0.917
-0.501 -1.009
-0.546 -1.101
-0.591 -1.193
-0.634 -1.286
-0.678 -1.378
-0.721 -1.471
-0.763 -1.565
-0.805 -1.658
-0.846 -1.752
-0.885 -1.846
-0.924 -1.941
-0.962 -2.036
-0.999 -2.132
-1.035 -2.228
-1.069 -2.324
-1.102 -2.421
-1.133 -2.519
-1.163 -2.617
-1.191 -2.715
-1.217 -2.814
-1.241 -2.914
-1.263 -3.014
-1.283 -3.114
-1.301 -3.215
-1.316 -3.317
-1.329 -3.418
-1.339 -3.520
-1.347 -3.622
-1.351 -3.725
-1.353 -3.827
-1.352 -3.929
-1.348 -4.032
-1.341 -4.134
-1.331 -4.236
-1.317 -4.337
-1.301 -4.438
-1.281 -4.539
-1.257 -4.638
-1.231 -4.737
-1.201 -4.835
-1.168 -4.932
-1.131 -5.028
-1.091 -5.122
-1.048 -5.215
-1.001 -5.306
-0.952 -5.396
-0.899 -5.484
-0.844 -5.570
-0.785 -5.654
-0.724 -5.736
-0.660 -5.815
-0.593 -5.893
-0.524 -5.969
-0.452 -6.042
-0.378 -6.113
-0.302 -6.181
-0.224 -6.248
-0.145 -6.312
-0.063 -6.374
0.020 -6.434
0.104 -6.492
0.190 -6.548
0.277 -6.602
0.365 -6.655
0.454 -6.706
0.543 -6.756
0.633 -6.804
0.724 -6.852
0.815 -6.899
0.906 -6.945
0.998 -6.991
---
CollisionFootprint(i, j, t_in, t_out):
0 0 0.000000 5.592802
-1 0 5.592802 11.238135
-1 -1 11.238135 16.709365
-2 -1 16.709365 27.468716
-3 -1 27.468716 37.711764
-4 -1 37.711764 47.764698
-5 -1 47.764698 58.601096
-6 -1 58.601096 64.895812
-6 0 64.895812 72.895535
-7 0 72.895535 77.383184
-7 1 77.383184 83.000000
=== END ===

=== PRIMITIVE ===
ID: 270
StartHeadingNum: 15
Goal: i=1 j=7 heading=3
Length: 8.295242
ExecutionTime(ticks): 83
TotalHeadingChange: 1.5686
BendingEnergy: 0.4127
---
Trajectory(x,y):
0.000 0.000
0.092 -0.046
0.183 -0.092
0.275 -0.137
0.366 -0.183
0.458 -0.229
0.550 -0.275
0.641 -0.320
0.733 -0.366
0.825 -0.411
0.917 -0.457
1.009 -0.501
1.101 -0.546
1.193 -0.591
1.286 -0.634
1.378 -0.678
1.471 -0.721
1.565 -0.763
1.658 -0.805
1.752 -0.846
1.846 -0.885
1.941 -0.924
2.036 -0.962
2.132 -0.999
2.228 -1.035
2.324 -1.069
2.421 -1.102
2.519 -1.133
2.617 -1.163
2.715 -1.191
2.814 -1.217
2.914 -1.241
3.014 -1.263
3.114 -1.283
3.215 -1.301
3.317 -1.316
3.418 -1.329
3.520 -1.339
3.622 -1.347
3.725 -1.351
3.827 -1.353
3.929 -1.352
4.032 -1.348
4.134 -1.341
4.236 -1.331
4.337 -1.317
4.438 -1.301
4.539 -1.281
4.638 -1.257
4.737 -1.231
4.835 -1.201
4.932 -1.168
5.028 -1.131
5.122 -1.091
5.215 -1.048
5.306 -1.001
5.396 -0.952
5.484 -0.899
5.570 -0.844
5.654 -0.785
5.736 -0.724
5.815 -0.660
5.893 -0.593
5.969 -0.524
6.042 -0.452
6.113 -0.378
6.181 -0.302
6.248 -0.224
6.312 -0.145
6.374 -0.063
6.434 0.020
6.492 0.104
6.548 0.190
6.602 0.277
6.655 0.365
6.706 0.454
6.756 0.543
6.804 0.633
6.852 0.724
6.899 0.815
6.945 0.906
6.991 0.998
---
CollisionFootprint(i, j, t_in, t_out):
0 0 0.000000 5.592802
0 1 5.592802 11.238135
-1 1 11.238135 16.709365
-1 2 16.709365 27.468716
-1 3 27.468716 37.711764
-1 4 37.711764 47.764698
-1 5 47.764698 58.601096
-1 6 58.601096 64.895812
0 6 64.895812 72.895535
0 7 72.895535 77.383184
1 7 77.383184 83.000000
=== END ===

=== PRIMITIVE ===
ID: 271
StartHeadingNum: 3
Goal: i=7 j=-1 heading=7
Length: 8.295242
ExecutionTime(ticks): 83
TotalHeadingChange: 1.5686
BendingEnergy: 0.4127
---
Trajectory(x,y):
0.000 0.000
0.046 0.092
0.092 0.183
0.137 0.275
0.183 0.366
0.229 0.458
0.275 0.550
0.320 0.641
0.366 0.733
0.411 0.825
0.457 0.917
0.501 1.009
0.546 1.101
0.591 1.193
0.634 1.286
0.678 1.378
0.721 1.471
0.763 1.565
0.805 1.658
0.846 1.752
0.885 1.846
0.924 1.941
0.962 2.036
0.999 2.132
1.035 2.228
1.069 2.324
1.102 2.421
1.133 2.519
1.163 2.617
1.191 2.715
1.217 2.814
1.241 2.914
1.263 3.014
1.283 3.114
1.301 3.215
1.316 3.317
1.329 3.418
1.339 3.520
1.347 3.622
1.351 3.725
1.353 3.827
1.352 3.929
1.348 4.032
1.341 4.134
1.331 4.236
1.317 4.337
1.301 4.438
1.281 4.539
1.257 4.638
1.231 4.737
1.201 4.835
1.168 4.932
1.131 5.028
1.091 5.122
1.048 5.215
1.001 5.306
0.952 5.396
0.899 5.484
0.844 5.570
0.785 5.654
0.724 5.736
0.660 5.815
0.593 5.893
0.524 5.969
0.452 6.042
0.378 6.113
0.302 6.181
0.224 6.248
0.145 6.312
0.063 6.374
-0.020 6.434
-0.104 6.492
-0.190 6.548
-0.277 6.602
-0.365 6.655
-0.454 6.706
-0.543 6.756
-0.633 6.804
-0.724 6.852
-0.815 6.899
-0.906 6.945
-0.998 6.991
---
CollisionFootprint(i, j, t_in, t_out):
0 0 0.000000 5.592802
1 0 5.592802 11.238135
1 1 11.238135 16.709365
2 1 16.709365 27.468716
3 1 27.468716 37.711764
4 1 37.711764 47.764698
5 1 47.764698 58.601096
6 1 58.601096 64.895812
6 0 64.895812 72.895535
7 0 72.895535 77.383184
7 -1 77.383184 83.000000
=== END ===

=== PRIMITIVE ===
ID: 272
StartHeadingNum: 1
Goal: i=3 j=8 heading=0
Length: 8.676061
ExecutionTime(ticks): 87
TotalHeadingChange: 0.5969
BendingEnergy: 0.0610
---
Trajectory(x,y):
0.000 0.000
0.091 0.046
0.183 0.091
0.274 0.137
0.365 0.183
0.456 0.229
0.547 0.276
0.638 0.322
0.728 0.369
0.819 0.417
0.909 0.464
0.999 0.512
1.089 0.560
1.179 0.609
1.268 0.658
1.358 0.707
1.447 0.757
1.536 0.806
1.625 0.857
1.714 0.907
1.802 0.958
1.891 1.009
1.979 1.060
2.067 1.111
2.156 1.163
2.244 1.214
2.332 1.266
2.420 1.317
2.508 1.369
2.596 1.421
2.684 1.472
2.772 1.523
2.861 1.575
2.949 1.626
3.038 1.676
3.126 1.727
3.215 1.777
3.305 1.826
3.394 1.875
3.484 1.924
3.574 1.972
3.664 2.020
3.755 2.066
3.846 2.112
3.937 2.158
4.029 2.202
4.122 2.246
4.214 2.288
4.308 2.330
4.401 2.371
4.495 2.410
4.590 2.449
4.685 2.486
4.780 2.523
4.876 2.558
4.972 2.591
5.069 2.624
5.166 2.655
5.264 2.684
5.362 2.713
5.461 2.740
5.559 2.765
5.659 2.789
5.758 2.812
5.858 2.833
5.958 2.853
6.058 2.871
6.159 2.888
6.260 2.904
6.361 2.918
6.462 2.931
6.564 2.942
6.665 2.952
6.767 2.961
6.869 2.969
6.971 2.975
7.073 2.981
7.175 2.985
7.277 2.989
7.379 2.992
7.481 2.994
7.583 2.995
7.685 2.996
7.787 2.996
7.889 2.997
7.991 2.997
---
CollisionFootprint(i, j, t_in, t_out):
0 0 0.000000 5.614052
0 1 5.614052 11.001977
1 1 11.001977 16.983546
1 2 16.983546 28.567636
1 3 28.567636 31.262100
2 3 31.262100 40.102589
2 4 40.102589 51.228409
2 5 51.228409 53.603989
3 5 53.603989 61.820751
3 6 61.820751 72.027023
3 7 72.027023 82.075860
3 8 82.075860 87.000000
=== END ===

=== PRIMITIVE ===
ID: 273
StartHeadingNum: 5
Goal: i=8 j=-3 heading=4
Length: 8.676061
ExecutionTime(ticks): 87
TotalHeadingChange: 0.5969
BendingEnergy: 0.0610
---
Trajectory(x,y):
0.000 0.000
-0.046 0.091
-0.091 0.183
-0.137 0.274
-0.183 0.365
-0.229 0.456
-0.276 0.547
-0.322 0.638
-0.369 0.728
-0.417 0.819
-0.464 0.909
-0.512 0.999
-0.560 1.089
-0.609 1.179
-0.658 1.268
-0.707 1.358
-0.757 1.447
-0.806 1.536
-0.857 1.625
-0.907 1.714
-0.958 1.802
-1.009 1.891
-1.060 1.979
-1.111 2.067
-1.163 2.156
-1.214 2.244
-1.266 2.332
-1.317 2.420
-1.369 2.508
-1.421 2.596
-1.472 2.684
-1.523 2.772
-1.575 2.861
-1.626 2.949
-1.676 3.038
-1.727 3.126
-1.777 3.215
-1.826 3.305
-1.875 3.394
-1.924 3.484
-1.972 3.574
-2.020 3.664
-2.066 3.755
-2.112 3.846
-2.158 3.937
-2.202 4.029
-2.246 4.122
-2.288 4.214
-2.330 4.308
-2.371 4.401
-2.410 4.495
-2.449 4.590
-2.486 4.685
-2.523 4.780
-2.558 4.876
-2.591 4.972
-2.624 5.069
-2.655 5.166
-2.684 5.264
-2.713 5.362
-2.740 5.461
-2.765 5.559
-2.789 5.659
-2.812 5.758
-2.833 5.858
-2.853 5.958
-2.871 6.058
-2.888 6.159
-2.904 6.260
-2.918 6.361
-2.931 6.462
-2.942 6.564
-2.952 6.665
-2.961 6.767
-2.969 6.869
-2.975 6.971
-2.981 7.073
-2.985 7.175
-2.989 7.277
-2.992 7.379
-2.994 7.481
-2.995 7.583
-2.996 7.685
-2.996 7.787
-2.997 7.889
-2.997 7.991
---
CollisionFootprint(i, j, t_in, t_out):
0 0 0.000000 5.614052
1 0 5.614052 11.001977
1 -1 11.001977 16.983546
2 -1 16.983546 28.567636
3 -1 28.567636 31.262100
3 -2 31.262100 40.102589
4 -2 40.102589 51.228409
5 -2 51.228409 53.603989
5 -3 53.603989 61.820751
6 -3 61.820751 72.027023
7 -3 72.027023 82.075860
8 -3 82.075860 87.000000
=== END ===

=== PRIMITIVE ===
ID: 274
StartHeadingNum: 9
Goal: i=-3 j=-8 heading=8
Length: 8.676061
ExecutionTime(ticks): 87
TotalHeadingChange: 0.5969
BendingEnergy: 0.0610
---
Trajectory(x,y):
0.000 0.000
-0.091 -0.046
-0.183 -0.091
-0.274 -0.137
-0.365 -0.183
-0.456 -0.229
-0.547 -0.276
-0.638 -0.322
-0.728 -0.369
-0.819 -0.417
-0.909 -0.464
-0.999 -0.512
-1.089 -0.560
-1.179 -0.609
-1.268 -0.658
-1.358 -0.707
-1.447 -0.757
-1.536 -0.806
-1.625 -0.857
-1.714 -0.907
-1.802 -0.958
-1.891 -1.009
-1.979 -1.060
-2.067 -1.111
-2.156 -1.163
-2.244 -1.214
-2.332 -1.266
-2.420 -1.317
-2.508 -1.369
-2.596 -1.421
-2.684 -1.472
-2.772 -1.523
-2.861 -1.575
-2.949 -1.626
-3.038 -1.676
-3.126 -1.727
-3.215 -1.777
-3.305 -1.826
-3.394 -1.875
-3.484 -1.924
-3.574 -1.972
-3.664 -2.020
-3.755 -2.066
-3.846 -2.112
-3.937 -2.158
-4.029 -2.202
-4.122 -2.246
-4.214 -2.288
-4.308 -2.330
-4.401 -2.371
-4.495 -2.410
-4.590 -2.449
-4.685 -2.486
-4.780 -2.523
-4.876 -2.558
-4.972 -2.591
-5.069 -2.624
-5.166 -2.655
-5.264 -2.684
-5.362 -2.713
-5.461 -2.740
-5.559 -2.765
-5.659 -2.789
-5.758 -2.812
-5.858 -2.833
-5.958 -2.853
-6.058 -2.871
-6.159 -2.888
-6.260 -2.904
-6.361 -2.918
-6.462 -2.931
-6.564 -2.942
-6.665 -2.952
-6.767 -2.961
-6.869 -2.969
-6.971 -2.975
-7.073 -2.981
-7.175 -2.985
-7.277 -2.989
-7.379 -2.992
-7.481 -2.994
-7.583 -2.995
-7.685 -2.996
-7.787 -2.996
-7.889 -2.997
-7.991 -2.997
---
CollisionFootprint(i, j, t_in, t_out):
0 0 0.000000 5.614052
0 -1 5.614052 11.001977
-1 -1 11.001977 16.983546
-1 -2 16.983546 28.567636
-1 -3 28.567636 31.262100
-2 -3 31.262100 40.102589
-2 -4 40.102589 51.228409
-2 -5 51.228409 53.603989
-3 -5 53.603989 61.820751
-3 -6 61.820751 72.027023
-3 -7 72.027023 82.075860
-3 -8 82.075860 87.000000
=== END ===

=== PRIMITIVE ===
ID: 275
StartHeadingNum: 13
Goal: i=-8 j=3 heading=12
Length: 8.676061
ExecutionTime(ticks): 87
TotalHeadingChange: 0.5969
BendingEnergy: 0.0610
---
Trajectory(x,y):
0.000 0.000
0.046 -0.091
0.091 -0.183
0.137 -0.274
0.183 -0.365
0.229 -0.456
0.276 -0.547
0.322 -0.638
0.369 -0.728
0.417 -0.819
0.464 -0.909
0.512 -0.999
0.560 -1.089
0.609 -1.179
0.658 -1.268
0.707 -1.358
0.757 -1.447
0.806 -1.536
0.857 -1.625
0.907 -1.714
0.958 -1.802
1.009 -1.891
1.060 -1.979
1.111 -2.067
1.163 -2.156
1.214 -2.244
1.266 -2.332
1.317 -2.420
1.369 -2.508
1.421 -2.596
1.472 -2.684
1.523 -2.772
1.575 -2.861
1.626 -2.949
1.676 -3.038
1.727 -3.126
1.777 -3.215
1.826 -3.305
1.875 -3.394
1.924 -3.484
1.972 -3.574
2.020 -3.664
2.066 -3.755
2.112 -3.846
2.158 -3.937
2.202 -4.029
2.246 -4.122
2.288 -4.214
2.330 -4.308
2.371 -4.401
2.410 -4.495
2.449 -4.590
2.486 -4.685
2.523 -4.780
2.558 -4.876
2.591 -4.972
2.624 -5.069
2.655 -5.166
2.684 -5.264
2.713 -5.362
2.740 -5.461
2.765 -5.559
2.789 -5.659
2.812 -5.758
2.833 -5.858
2.853 -5.958
2.871 -6.058
2.888 -6.159
2.904 -6.260
2.918 -6.361
2.931 -6.462
2.942 -6.564
2.952 -6.665
2.961 -6.767
2.969 -6.869
2.975 -6.971
2.981 -7.073
2.985 -7.175
2.989 -7.277
2.992 -7.379
2.994 -7.481
2.995 -7.583
2.996 -7.685
2.996 -7.787
2.997 -7.889
2.997 -7.991
---
CollisionFootprint(i, j, t_in, t_out):
0 0 0.000000 5.614052
-1 0 5.614052 11.001977
-1 1 11.001977 16.983546
-2 1 16.983546 28.567636
-3 1 28.567636 31.262100
-3 2 31.262100 40.102589
-4 2 40.102589 51.228409
-5 2 51.228409 53.603989
-5 3 53.603989 61.820751
-6 3 61.820751 72.027023
-7 3 72.027023 82.075860
-8 3 82.075860 87.000000
=== END ===

=== PRIMITIVE ===
ID: 276
StartHeadingNum: 7
Goal: i=3 j=-8 heading=8
Length: 8.676061
ExecutionTime(ticks): 87
TotalHeadingChange: 0.5969
BendingEnergy: 0.0610
---
Trajectory(x,y):
0.000 0.000
-0.091 0.046
-0.183 0.091
-0.274 0.137
-0.365 0.183
-0.456 0.229
-0.547 0.276
-0.638 0.322
-0.728 0.369
-0.819 0.417
-0.909 0.464
-0.999 0.512
-1.089 0.560
-1.179 0.609
-1.268 0.658
-1.358 0.707
-1.447 0.757
-1.536 0.806
-1.625 0.857
-1.714 0.907
-1.802 0.958
-1.891 1.009
-1.979 1.060
-2.067 1.111
-2.156 1.163
-2.244 1.214
-2.332 1.266
-2.420 1.317
-2.508 1.369
-2.596 1.421
-2.684 1.472
-2.772 1.523
-2.861 1.575
-2.949 1.626
-3.038 1.676
-3.126 1.727
-3.215 1.777
-3.305 1.826
-3.394 1.875
-3.484 1.924
-3.574 1.972
-3.664 2.020
-3.755 2.066
-3.846 2.112
-3.937 2.158
-4.029 2.202
-4.122 2.246
-4.214 2.288
-4.308 2.330
-4.401 2.371
-4.495 2.410
-4.590 2.449
-4.685 2.486
-4.780 2.523
-4.876 2.558
-4.972 2.591
-5.069 2.624
-5.166 2.655
-5.264 2.684
-5.362 2.713
-5.461 2.740
-5.559 2.765
-5.659 2.789
-5.758 2.812
-5.858 2.833
-5.958 2.853
-6.058 2.871
-6.159 2.888
-6.260 2.904
-6.361 2.918
-6.462 2.931
-6.564 2.942
-6.665 2.952
-6.767 2.961
-6.869 2.969
-6.971 2.975
-7.073 2.981
-7.175 2.985
-7.277 2.989
-7.379 2.992
-7.481 2.994
-7.583 2.995
-7.685 2.996
-7.787 2.996
-7.889 2.997
-7.991 2.997
---
CollisionFootprint(i, j, t_in, t_out):
0 0 0.000000 5.614052
0 -1 5.614052 11.001977
1 -1 11.001977 16.983546
1 -2 16.983546 28.567636
1 -3 28.567636 31.262100
2 -3 31.262100 40.102589
2 -4 40.102589 51.228409
2 -5 51.228409 53.603989
3 -5 53.603989 61.820751
3 -6 61.820751 72.027023
3 -7 72.027023 82.075860
3 -8 82.075860 87.000000
=== END ===

=== PRIMITIVE ===
ID: 277
StartHeadingNum: 11
Goal: i=-8 j=-3 heading=12
Length: 8.676061
ExecutionTime(ticks): 87
TotalHeadingChange: 0.5969
BendingEnergy: 0.0610
---
Trajectory(x,y):
0.000 0.000
-0.046 -0.091
-0.091 -0.183
-0.137 -0.274
-0.183 -0.365
-0.229 -0.456
-0.276 -0.547
-0.322 -0.638
-0.369 -0.728
-0.417 -0.819
-0.464 -0.909
-0.512 -0.999
-0.560 -1.089
-0.609 -1.179
-0.658 -1.268
-0.707 -1.358
-0.757 -1.447
-0.806 -1.536
-0.857 -1.625
-0.907 -1.714
-0.958 -1.802
-1.009 -1.891
-1.060 -1.979
-1.111 -2.067
-1.163 -2.156
-1.214 -2.244
-1.266 -2.332
-1.317 -2.420
-1.369 -2.508
-1.421 -2.596
-1.472 -2.684
-1.523 -2.772
-1.575 -2.861
-1.626 -2.949
-1.676 -3.038
-1.727 -3.126
-1.777 -3.215
-1.826 -3.305
-1.875 -3.394
-1.924 -3.484
-1.972 -3.574
-2.020 -3.664
-2.066 -3.755
-2.112 -3.846
-2.158 -3.937
-2.202 -4.029
-2.246 -4.122
-2.288 -4.214
-2.330 -4.308
-2.371 -4.401
-2.410 -4.495
-2.449 -4.590
-2.486 -4.685
-2.523 -4.780
-2.558 -4.876
-2.591 -4.972
-2.624 -5.069
-2.655 -5.166
-2.684 -5.264
-2.713 -5.362
-2.740 -5.461
-2.765 -5.559
-2.789 -5.659
-2.812 -5.758
-2.833 -5.858
-2.853 -5.958
-2.871 -6.058
-2.888 -6.159
-2.904 -6.260
-2.918 -6.361
-2.931 -6.462
-2.942 -6.564
-2.952 -6.665
-2.961 -6.767
-2.969 -6.869
-2.975 -6.971
-2.981 -7.073
-2.985 -7.175
-2.989 -7.277
-2.992 -7.379
-2.994 -7.481
-2.995 -7.583
-2.996 -7.685
-2.996 -7.787
-2.997 -7.889
-2.997 -7.991
---
CollisionFootprint(i, j, t_in, t_out):
0 0 0.000000 5.614052
-1 0 5.614052 11.001977
-1 -1 11.001977 16.983546
-2 -1 16.983546 28.567636
-3 -1 28.567636 31.262100
-3 -2 31.262100 40.102589
-4 -2 40.102589 51.228409
-5 -2 51.228409 53.603989
-5 -3 53.603989 61.820751
-6 -3 61.820751 72.027023
-7 -3 72.027023 82.075860
-8 -3 82.075860 87.000000
=== END ===

=== PRIMITIVE ===
ID: 278
StartHeadingNum: 15
Goal: i=-3 j=8 heading=0
Length: 8.676061
ExecutionTime(ticks): 87
TotalHeadingChange: 0.5969
BendingEnergy: 0.0610
---
Trajectory(x,y):
0.000 0.000
0.091 -0.046
0.183 -0.091
0.274 -0.137
0.365 -0.183
0.456 -0.229
0.547 -0.276
0.638 -0.322
0.728 -0.369
0.819 -0.417
0.909 -0.464
0.999 -0.512
1.089 -0.560
1.179 -0.609
1.268 -0.658
1.358 -0.707
1.447 -0.757
1.536 -0.806
1.625 -0.857
1.714 -0.907
1.802 -0.958
1.891 -1.009
1.979 -1.060
2.067 -1.111
2.156 -1.163
2.244 -1.214
2.332 -1.266
2.420 -1.317
2.508 -1.369
2.596 -1.421
2.684 -1.472
2.772 -1.523
2.861 -1.575
2.949 -1.626
3.038 -1.676
3.126 -1.727
3.215 -1.777
3.305 -1.826
3.394 -1.875
3.484 -1.924
3.574 -1.972
3.664 -2.020
3.755 -2.066
3.846 -2.112
3.937 -2.158
4.029 -2.202
4.122 -2.246
4.214 -2.288
4.308 -2.330
4.401 -2.371
4.495 -2.410
4.590 -2.449
4.685 -2.486
4.780 -2.523
4.876 -2.558
4.972 -2.591
5.069 -2.624
5.166 -2.655
5.264 -2.684
5.362 -2.713
5.461 -2.740
5.559 -2.765
5.659 -2.789
5.758 -2.812
5.858 -2.833
5.958 -2.853
6.058 -2.871
6.159 -2.888
6.260 -2.904
6.361 -2.918
6.462 -2.931
6.564 -2.942
6.665 -2.952
6.767 -2.961
6.869 -2.969
6.971 -2.975
7.073 -2.981
7.175 -2.985
7.277 -2.989
7.379 -2.992
7.481 -2.994
7.583 -2.995
7.685 -2.996
7.787 -2.996
7.889 -2.997
7.991 -2.997
---
CollisionFootprint(i, j, t_in, t_out):
0 0 0.000000 5.614052
0 1 5.614052 11.001977
-1 1 11.001977 16.983546
-1 2 16.983546 28.567636
-1 3 28.567636 31.262100
-2 3 31.262100 40.102589
-2 4 40.102589 51.228409
-2 5 51.228409 53.603989
-3 5 53.603989 61.820751
-3 6 61.820751 72.027023
-3 7 72.027023 82.075860
-3 8 82.075860 87.000000
=== END ===

=== PRIMITIVE ===
ID: 279
StartHeadingNum: 3
Goal: i=8 j=3 heading=4
Length: 8.676061
ExecutionTime(ticks): 87
TotalHeadingChange: 0.5969
BendingEnergy: 0.0610
---
Trajectory(x,y):
0.000 0.000
0.046 0.091
0.091 0.183
0.137 0.274
0.183 0.365
0.229 0.456
0.276 0.547
0.322 0.638
0.369 0.728
0.417 0.819
0.464 0.909
0.512 0.999
0.560 1.089
0.609 1.179
0.658 1.268
0.707 1.358
0.757 1.447
0.806 1.536
0.857 1.625
0.907 1.714
0.958 1.802
1.009 1.891
1.060 1.979
1.111 2.067
1.163 2.156
1.214 2.244
1.266 2.332
1.317 2.420
1.369 2.508
1.421 2.596
1.472 2.684
1.523 2.772
1.575 2.861
1.626 2.949
1.676 3.038
1.727 3.126
1.777 3.215
1.826 3.305
1.875 3.394
1.924 3.484
1.972 3.574
2.020 3.664
2.066 3.755
2.112 3.846
2.158 3.937
2.202 4.029
2.246 4.122
2.288 4.214
2.330 4.308
2.371 4.401
2.410 4.495
2.449 4.590
2.486 4.685
2.523 4.780
2.558 4.876
2.591 4.972
2.624 5.069
2.655 5.166
2.684 5.264
2.713 5.362
2.740 5.461
2.765 5.559
2.789 5.659
2.812 5.758
2.833 5.858
2.853 5.958
2.871 6.058
2.888 6.159
2.904 6.260
2.918 6.361
2.931 6.462
2.942 6.564
2.952 6.665
2.961 6.767
2.969 6.869
2.975 6.971
2.981 7.073
2.985 7.175
2.989 7.277
2.992 7.379
2.994 7.481
2.995 7.583
2.996 7.685
2.996 7.787
2.997 7.889
2.997 7.991
---
CollisionFootprint(i, j, t_in, t_out):
0 0 0.000000 5.614052
1 0 5.614052 11.001977
1 1 11.001977 16.983546
2 1 16.983546 28.567636
3 1 28.567636 31.262100
3 2 31.262100 40.102589
4 2 40.102589 51.228409
5 2 51.228409 53.603989
5 3 53.603989 61.820751
6 3 61.820751 72.027023
7 3 72.027023 82.075860
8 3 82.075860 87.000000
=== END ===

=== PRIMITIVE ===
ID: 280
StartHeadingNum: 1
Goal: i=2 j=8 heading=15
Length: 8.788827
ExecutionTime(ticks): 88
TotalHeadingChange: 1.1565
BendingEnergy: 0.2278
---
Trajectory(x,y):
0.000 0.000
0.091 0.046
0.183 0.092
0.274 0.138
0.365 0.184
0.456 0.230
0.547 0.278
0.637 0.325
0.727 0.373
0.817 0.422
0.907 0.471
0.996 0.520
1.085 0.571
1.174 0.622
1.262 0.673
1.350 0.725
1.438 0.778
1.525 0.831
1.612 0.884
1.699 0.938
1.785 0.993
1.872 1.048
1.958 1.103
2.044 1.158
2.129 1.214
2.215 1.270
2.300 1.325
2.386 1.381
2.472 1.437
2.557 1.493
2.643 1.548
2.729 1.604
2.815 1.659
2.902 1.713
2.989 1.767
3.076 1.820
3.163 1.873
3.251 1.925
3.340 1.975
3.429 2.025
3.519 2.074
3.610 2.122
3.701 2.168
3.792 2.213
3.885 2.256
3.978 2.298
4.072 2.338
4.167 2.377
4.262 2.413
4.359 2.448
4.455 2.480
4.553 2.510
4.651 2.538
4.750 2.564
4.850 2.587
4.950 2.608
5.050 2.626
5.151 2.642
5.253 2.655
5.354 2.665
5.456 2.672
5.559 2.677
5.661 2.678
5.763 2.677
5.865 2.673
5.967 2.666
6.069 2.657
6.170 2.644
6.271 2.629
6.372 2.611
6.472 2.591
6.572 2.568
6.670 2.542
6.769 2.515
6.866 2.485
6.963 2.452
7.060 2.418
7.155 2.382
7.250 2.344
7.344 2.304
7.438 2.263
7.531 2.221
7.624 2.178
7.716 2.134
7.808 2.089
7.899 2.043
7.991 1.998
---
CollisionFootprint(i, j, t_in, t_out):
0 0 0.000000 5.611706
0 1 5.611706 10.837416
1 1 10.837416 17.100459
1 2 17.100459 28.990727
1 3 28.990727 29.803771
2 3 29.803771 40.712779
2 4 40.712779 51.630799
2 5 51.630799 51.826049
3 5 51.826049 61.831898
3 6 61.831898 71.915846
3 7 71.915846 75.205070
2 7 75.205070 82.541491
2 8 82.541491 88.000000
=== END ===

=== PRIMITIVE ===
ID: 281
StartHeadingNum: 5
Goal: i=8 j=-2 heading=3
Length: 8.788827
ExecutionTime(ticks): 88
TotalHeadingChange: 1.1565
BendingEnergy: 0.2278
---
Trajectory(x,y):
0.000 0.000
-0.046 0.091
-0.092 0.183
-0.138 0.274
-0.184 0.365
-0.230 0.456
-0.278 0.547
-0.325 0.637
-0.373 0.727
-0.422 0.817
-0.471 0.907
-0.520 0.996
-0.571 1.085
-0.622 1.174
-0.673 1.262
-0.725 1.350
-0.778 1.438
-0.831 1.525
-0.884 1.612
-0.938 1.699
-0.993 1.785
-1.048 1.872
-1.103 1.958
-1.158 2.044
-1.214 2.129
-1.270 2.215
-1.325 2.300
-1.381 2.386
-1.437 2.472
-1.493 2.557
-1.548 2.643
-1.604 2.729
-1.659 2.815
-1.713 2.902
-1.767 2.989
-1.820 3.076
-1.873 3.163
-1.925 3.251
-1.975 3.340
-2.025 3.429
-2.074 3.519
-2.122 3.610
-2.168 3.701
-2.213 3.792
-2.256 3.885
-2.298 3.978
-2.338 4.072
-2.377 4.167
-2.413 4.262
-2.448 4.359
-2.480 4.455
-2.510 4.553
-2.538 4.651
-2.564 4.750
-2.587 4.850
-2.608 4.950
-2.626 5.050
-2.642 5.151
-2.655 5.253
-2.665 5.354
-2.672 5.456
-2.677 5.559
-2.678 5.661
-2.677 5.763
-2.673 5.865
-2.666 5.967
-2.657 6.069
-2.644 6.170
-2.629 6.271
-2.611 6.372
-2.591 6.472
-2.568 6.572
-2.542 6.670
-2.515 6.769
-2.485 6.866
-2.452 6.963
-2.418 7.060
-2.382 7.155
-2.344 7.250
-2.304 7.344
-2.263 7.438
-2.221 7.531
-2.178 7.624
-2.134 7.716
-2.089 7.808
-2.043 7.899
-1.998 7.991
---
CollisionFootprint(i, j, t_in, t_out):
0 0 0.000000 5.611706
1 0 5.611706 10.837416
1 -1 10.837416 17.100459
2 -1 17.100459 28.990727
3 -1 28.990727 29.803771
3 -2 29.803771 40.712779
4 -2 40.712779 51.630799
5 -2 51.630799 51.826049
5 -3 51.826049 61.831898
6 -3 61.831898 71.915846
7 -3 71.915846 75.205070
7 -2 75.205070 82.541491
8 -2 82.541491 88.000000
=== END ===

=== PRIMITIVE ===
ID: 282
StartHeadingNum: 9
Goal: i=-2 j=-8 heading=7
Length: 8.788827
ExecutionTime(ticks): 88
TotalHeadingChange: 1.1565
BendingEnergy: 0.2278
---
Trajectory(x,y):
0.000 0.000
-0.091 -0.046
-0.183 -0.092
-0.274 -0.138
-0.365 -0.184
-0.456 -0.230
-0.547 -0.278
-0.637 -0.325
-0.727 -0.373
-0.817 -0.422
-0.907 -0.471
-0.996 -0.520
-1.085 -0.571
-1.174 -0.622
-1.262 -0.673
-1.350 -0.725
-1.438 -0.778
-1.525 -0.831
-1.612 -0.884
-1.699 -0.938
-1.785 -0.993
-1.872 -1.048
-1.958 -1.103
-2.044 -1.158
-2.129 -1.214
-2.215 -1.270
-2.300 -1.325
-2.386 -1.381
-2.472 -1.437
-2.557 -1.493
-2.643 -1.548
-2.729 -1.604
-2.815 -1.659
-2.902 -1.713
-2.989 -1.767
-3.076 -1.820
-3.163 -1.873
-3.251 -1.925
-3.340 -1.975
-3.429 -2.025
-3.519 -2.074
-3.610 -2.122
-3.701 -2.168
-3.792 -2.213
-3.885 -2.256
-3.978 -2.298
-4.072 -2.338
-4.167 -2.377
-4.262 -2.413
-4.359 -2.448
-4.455 -2.480
-4.553 -2.510
-4.651 -2.538
-4.750 -2.564
-4.850 -2.587
-4.950 -2.608
-5.050 -2.626
-5.151 -2.642
-5.253 -2.655
-5.354 -2.665
-5.456 -2.672
-5.559 -2.677
-5.661 -2.678
-5.763 -2.677
-5.865 -2.673
-5.967 -2.666
-6.069 -2.657
-6.170 -2.644
-6.271 -2.629
-6.372 -2.611
-6.472 -2.591
-6.572 -2.568
-6.670 -2.542
-6.769 -2.515
-6.866 -2.485
-6.963 -2.452
-7.060 -2.418
-7.155 -2.382
-7.250 -2.344
-7.344 -2.304
-7.438 -2.263
-7.531 -2.221
-7.624 -2.178
-7.716 -2.134
-7.808 -2.089
-7.899 -2.043
-7.991 -1.998
---
CollisionFootprint(i, j, t_in, t_out):
0 0 0.000000 5.611706
0 -1 5.611706 10.837416
-1 -1 10.837416 17.100459
-1 -2 17.100459 28.990727
-1 -3 28.990727 29.803771
-2 -3 29.803771 40.712779
-2 -4 40.712779 51.630799
-2 -5 51.630799 51.826049
-3 -5 51.826049 61.831898
-3 -6 61.831898 71.915846
-3 -7 71.915846 75.205070
-2 -7 75.205070 82.541491
-2 -8 82.541491 88.000000
=== END ===

=== PRIMITIVE ===
ID: 283
StartHeadingNum: 13
Goal: i=-8 j=2 heading=11
Length: 8.788827
ExecutionTime(ticks): 88
TotalHeadingChange: 1.1565
BendingEnergy: 0.2278
---
Trajectory(x,y):
0.000 0.000
0.046 -0.091
0.092 -0.183
0.138 -0.274
0.184 -0.365
0.230 -0.456
0.278 -0.547
0.325 -0.637
0.373 -0.727
0.422 -0.817
0.471 -0.907
0.520 -0.996
0.571 -1.085
0.622 -1.174
0.673 -1.262
0.725 -1.350
0.778 -1.438
0.831 -1.525
0.884 -1.612
0.938 -1.699
0.993 -1.785
1.048 -1.872
1.103 -1.958
1.158 -2.044
1.214 -2.129
1.270 -2.215
1.325 -2.300
1.381 -2.386
1.437 -2.472
1.493 -2.557
1.548 -2.643
1.604 -2.729
1.659 -2.815
1.713 -2.902
1.767 -2.989
1.820 -3.076
1.873 -3.163
1.925 -3.251
1.975 -3.340
2.025 -3.429
2.074 -3.519
2.122 -3.610
2.168 -3.701
2.213 -3.792
2.256 -3.885
2.298 -3.978
2.338 -4.072
2.377 -4.167
2.413 -4.262
2.448 -4.359
2.480 -4.455
2.510 -4.553
2.538 -4.651
2.564 -4.750
2.587 -4.850
2.608 -4.950
2.626 -5.050
2.642 -5.151
2.655 -5.253
2.665 -5.354
2.672 -5.456
2.677 -5.559
2.678 -5.661
2.677 -5.763
2.673 -5.865
2.666 -5.967
2.657 -6.069
2.644 -6.170
2.629 -6.271
2.611 -6.372
2.591 -6.472
2.568 -6.572
2.542 -6.670
2.515 -6.769
2.485 -6.866
2.452 -6.963
2.418 -7.060
2.382 -7.155
2.344 -7.250
2.304 -7.344
2.263 -7.438
2.221 -7.531
2.178 -7.624
2.134 -7.716
2.089 -7.808
2.043 -7.899
1.998 -7.991
---
CollisionFootprint(i, j, t_in, t_out):
0 0 0.000000 5.611706
-1 0 5.611706 10.837416
-1 1 10.837416 17.100459
-2 1 17.100459 28.990727
-3 1 28.990727 29.803771
-3 2 29.803771 40.712779
-4 2 40.712779 51.630799
-5 2 51.630799 51.826049
-5 3 51.826049 61.831898
-6 3 61.831898 71.915846
-7 3 71.915846 75.205070
-7 2 75.205070 82.541491
-8 2 82.541491 88.000000
=== END ===

=== PRIMITIVE ===
ID: 284
StartHeadingNum: 7
Goal: i=2 j=-8 heading=9
Length: 8.788827
ExecutionTime(ticks): 88
TotalHeadingChange: 1.1565
BendingEnergy: 0.2278
---
Trajectory(x,y):
0.000 0.000
-0.091 0.046
-0.183 0.092
-0.274 0.138
-0.365 0.184
-0.456 0.230
-0.547 0.278
-0.637 0.325
-0.727 0.373
-0.817 0.422
-0.907 0.471
-0.996 0.520
-1.085 0.571
-1.174 0.622
-1.262 0.673
-1.350 0.725
-1.438 0.778
-1.525 0.831
-1.612 0.884
-1.699 0.938
-1.785 0.993
-1.872 1.048
-1.958 1.103
-2.044 1.158
-2.129 1.214
-2.215 1.270
-2.300 1.325
-2.386 1.381
-2.472 1.437
-2.557 1.493
-2.643 1.548
-2.729 1.604
-2.815 1.659
-2.902 1.713
-2.989 1.767
-3.076 1.820
-3.163 1.873
-3.251 1.925
-3.340 1.975
-3.429 2.025
-3.519 2.074
-3.610 2.122
-3.701 2.168
-3.792 2.213
-3.885 2.256
-3.978 2.298
-4.072 2.338
-4.167 2.377
-4.262 2.413
-4.359 2.448
-4.455 2.480
-4.553 2.510
-4.651 2.538
-4.750 2.564
-4.850 2.587
-4.950 2.608
-5.050 2.626
-5.151 2.642
-5.253 2.655
-5.354 2.665
-5.456 2.672
-5.559 2.677
-5.661 2.678
-5.763 2.677
-5.865 2.673
-5.967 2.666
-6.069 2.657
-6.170 2.644
-6.271 2.629
-6.372 2.611
-6.472 2.591
-6.572 2.568
-6.670 2.542
-6.769 2.515
-6.866 2.485
-6.963 2.452
-7.060 2.418
-7.155 2.382
-7.250 2.344
-7.344 2.304
-7.438 2.263
-7.531 2.221
-7.624 2.178
-7.716 2.134
-7.808 2.089
-7.899 2.043
-7.991 1.998
---
CollisionFootprint(i, j, t_in, t_out):
0 0 0.000000 5.611706
0 -1 5.611706 10.837416
1 -1 10.837416 17.100459
1 -2 17.100459 28.990727
1 -3 28.990727 29.803771
2 -3 29.803771 40.712779
2 -4 40.712779 51.630799
2 -5 51.630799 51.826049
3 -5 51.826049 61.831898
3 -6 61.831898 71.915846
3 -7 71.915846 75.205070
2 -7 75.205070 82.541491
2 -8 82.541491 88.000000
=== END ===

=== PRIMITIVE ===
ID: 285
StartHeadingNum: 11
Goal: i=-8 j=-2 heading=13
Length: 8.788827
ExecutionTime(ticks): 88
TotalHeadingChange: 1.1565
BendingEnergy: 0.2278
---
Trajectory(x,y):
0.000 0.000
-0.046 -0.091
-0.092 -0.183
-0.138 -0.274
-0.184 -0.365
-0.230 -0.456
-0.278 -0.547
-0.325 -0.637
-0.373 -0.727
-0.422 -0.817
-0.471 -0.907
-0.520 -0.996
-0.571 -1.085
-0.622 -1.174
-0.673 -1.262
-0.725 -1.350
-0.778 -1.438
-0.831 -1.525
-0.884 -1.612
-0.938 -1.699
-0.993 -1.785
-1.048 -1.872
-1.103 -1.958
-1.158 -2.044
-1.214 -2.129
-1.270 -2.215
-1.325 -2.300
-1.381 -2.386
-1.437 -2.472
-1.493 -2.557
-1.548 -2.643
-1.604 -2.729
-1.659 -2.815
-1.713 -2.902
-1.767 -2.989
-1.820 -3.076
-1.873 -3.163
-1.925 -3.251
-1.975 -3.340
-2.025 -3.429
-2.074 -3.519
-2.122 -3.610
-2.168 -3.701
-2.213 -3.792
-2.256 -3.885
-2.298 -3.978
-2.338 -4.072
-2.377 -4.167
-2.413 -4.262
-2.448 -4.359
-2.480 -4.455
-2.510 -4.553
-2.538 -4.651
-2.564 -4.750
-2.587 -4.850
-2.608 -4.950
-2.626 -5.050
-2.642 -5.151
-2.655 -5.253
-2.665 -5.354
-2.672 -5.456
-2.677 -5.559
-2.678 -5.661
-2.677 -5.763
-2.673 -5.865
-2.666 -5.967
-2.657 -6.069
-2.644 -6.170
-2.629 -6.271
-2.611 -6.372
-2.591 -6.472
-2.568 -6.572
-2.542 -6.670
-2.515 -6.769
-2.485 -6.866
-2.452 -6.963
-2.418 -7.060
-2.382 -7.155
-2.344 -7.250
-2.304 -7.344
-2.263 -7.438
-2.221 -7.531
-2.178 -7.624
-2.134 -7.716
-2.089 -7.808
-2.043 -7.899
-1.998 -7.991
---
CollisionFootprint(i, j, t_in, t_out):
0 0 0.000000 5.611706
-1 0 5.611706 10.837416
-1 -1 10.837416 17.100459
-2 -1 17.100459 28.990727
-3 -1 28.990727 29.803771
-3 -2 29.803771 40.712779
-4 -2 40.712779 51.630799
-5 -2 51.630799 51.826049
-5 -3 51.826049 61.831898
-6 -3 61.831898 71.915846
-7 -3 71.915846 75.205070
-7 -2 75.205070 82.541491
-8 -2 82.541491 88.000000
=== END ===

=== PRIMITIVE ===
ID: 286
StartHeadingNum: 15
Goal: i=-2 j=8 heading=1
Length: 8.788827
ExecutionTime(ticks): 88
TotalHeadingChange: 1.1565
BendingEnergy: 0.2278
---
Trajectory(x,y):
0.000 0.000
0.091 -0.046
0.183 -0.092
0.274 -0.138
0.365 -0.184
0.456 -0.230
0.547 -0.278
0.637 -0.325
0.727 -0.373
0.817 -0.422
0.907 -0.471
0.996 -0.520
1.085 -0.571
1.174 -0.622
1.262 -0.673
1.350 -0.725
1.438 -0.778
1.525 -0.831
1.612 -0.884
1.699 -0.938
1.785 -0.993
1.872 -1.048
1.958 -1.103
2.044 -1.158
2.129 -1.214
2.215 -1.270
2.300 -1.325
2.386 -1.381
2.472 -1.437
2.557 -1.493
2.643 -1.548
2.729 -1.604
2.815 -1.659
2.902 -1.713
2.989 -1.767
3.076 -1.820
3.163 -1.873
3.251 -1.925
3.340 -1.975
3.429 -2.025
3.519 -2.074
3.610 -2.122
3.701 -2.168
3.792 -2.213
3.885 -2.256
3.978 -2.298
4.072 -2.338
4.167 -2.377
4.262 -2.413
4.359 -2.448
4.455 -2.480
4.553 -2.510
4.651 -2.538
4.750 -2.564
4.850 -2.587
4.950 -2.608
5.050 -2.626
5.151 -2.642
5.253 -2.655
5.354 -2.665
5.456 -2.672
5.559 -2.677
5.661 -2.678
5.763 -2.677
5.865 -2.673
5.967 -2.666
6.069 -2.657
6.170 -2.644
6.271 -2.629
6.372 -2.611
6.472 -2.591
6.572 -2.568
6.670 -2.542
6.769 -2.515
6.866 -2.485
6.963 -2.452
7.060 -2.418
7.155 -2.382
7.250 -2.344
7.344 -2.304
7.438 -2.263
7.531 -2.221
7.624 -2.178
7.716 -2.134
7.808 -2.089
7.899 -2.043
7.991 -1.998
---
CollisionFootprint(i, j, t_in, t_out):
0 0 0.000000 5.611706
0 1 5.611706 10.837416
-1 1 10.837416 17.100459
-1 2 17.100459 28.990727
-1 3 28.990727 29.803771
-2 3 29.803771 40.712779
-2 4 40.712779 51.630799
-2 5 51.630799 51.826049
-3 5 51.826049 61.831898
-3 6 61.831898 71.915846
-3 7 71.915846 75.205070
-2 7 75.205070 82.541491
-2 8 82.541491 88.000000
=== END ===

=== PRIMITIVE ===
ID: 287
StartHeadingNum: 3
Goal: i=8 j=2 heading=5
Length: 8.788827
ExecutionTime(ticks): 88
TotalHeadingChange: 1.1565
BendingEnergy: 0.2278
---
Trajectory(x,y):
0.000 0.000
0.046 0.091
0.092 0.183
0.138 0.274
0.184 0.365
0.230 0.456
0.278 0.547
0.325 0.637
0.373 0.727
0.422 0.817
0.471 0.907
0.520 0.996
0.571 1.085
0.622 1.174
0.673 1.262
0.725 1.350
0.778 1.438
0.831 1.525
0.884 1.612
0.938 1.699
0.993 1.785
1.048 1.872
1.103 1.958
1.158 2.044
1.214 2.129
1.270 2.215
1.325 2.300
1.381 2.386
1.437 2.472
1.493 2.557
1.548 2.643
1.604 2.729
1.659 2.815
1.713 2.902
1.767 2.989
1.820 3.076
1.873 3.163
1.925 3.251
1.975 3.340
2.025 3.429
2.074 3.519
2.122 3.610
2.168 3.701
2.213 3.792
2.256 3.885
2.298 3.978
2.338 4.072
2.377 4.167
2.413 4.262
2.448 4.359
2.480 4.455
2.510 4.553
2.538 4.651
2.564 4.750
2.587 4.850
2.608 4.950
2.626 5.050
2.642 5.151
2.655 5.253
2.665 5.354
2.672 5.456
2.677 5.559
2.678 5.661
2.677 5.763
2.673 5.865
2.666 5.967
2.657 6.069
2.644 6.170
2.629 6.271
2.611 6.372
2.591 6.472
2.568 6.572
2.542 6.670
2.515 6.769
2.485 6.866
2.452 6.963
2.418 7.060
2.382 7.155
2.344 7.250
2.304 7.344
2.263 7.438
2.221 7.531
2.178 7.624
2.134 7.716
2.089 7.808
2.043 7.899
1.998 7.991
---
CollisionFootprint(i, j, t_in, t_out):
0 0 0.000000 5.611706
1 0 5.611706 10.837416
1 1 10.837416 17.100459
2 1 17.100459 28.990727
3 1 28.990727 29.803771
3 2 29.803771 40.712779
4 2 40.712779 51.630799
5 2 51.630799 51.826049
5 3 51.826049 61.831898
6 3 61.831898 71.915846
7 3 71.915846 75.205070
7 2 75.205070 82.541491
8 2 82.541491 88.000000
=== END ===

=== PRIMITIVE ===
ID: 288
StartHeadingNum: 1
Goal: i=-1 j=8 heading=14
Length: 8.873204
ExecutionTime(ticks): 89
TotalHeadingChange: 1.2474
BendingEnergy: 0.2127
---
Trajectory(x,y):
0.000 0.000
0.091 0.046
0.182 0.091
0.274 0.137
0.365 0.182
0.457 0.227
0.548 0.271
0.640 0.316
0.733 0.359
0.825 0.403
0.917 0.445
1.010 0.487
1.104 0.529
1.197 0.569
1.291 0.609
1.385 0.648
1.480 0.686
1.575 0.723
1.671 0.759
1.767 0.793
1.863 0.827
1.960 0.859
2.057 0.890
2.154 0.920
2.252 0.948
2.351 0.974
2.450 1.000
2.549 1.023
2.649 1.045
2.749 1.065
2.849 1.084
2.950 1.100
3.050 1.115
3.152 1.128
3.253 1.139
3.355 1.148
3.456 1.155
3.558 1.161
3.660 1.164
3.762 1.164
3.864 1.163
3.966 1.160
4.068 1.155
4.170 1.147
4.271 1.137
4.372 1.125
4.473 1.111
4.574 1.095
4.674 1.076
4.774 1.055
4.874 1.033
4.972 1.007
5.071 0.980
5.168 0.951
5.265 0.919
5.362 0.886
5.457 0.850
5.552 0.812
5.646 0.773
5.739 0.731
5.831 0.688
5.923 0.642
6.013 0.595
6.103 0.546
6.191 0.495
6.279 0.443
6.365 0.389
6.451 0.334
6.535 0.277
6.619 0.218
6.702 0.159
6.783 0.097
6.864 0.035
6.944 -0.028
7.023 -0.093
7.101 -0.158
7.178 -0.225
7.255 -0.292
7.331 -0.361
7.406 -0.430
7.480 -0.499
7.554 -0.569
7.628 -0.640
7.701 -0.711
7.774 -0.783
7.846 -0.854
7.918 -0.926
7.991 -0.998
---
CollisionFootprint(i, j, t_in, t_out):
0 0 0.000000 5.597418
0 1 5.597418 11.563450
1 1 11.563450 16.582621
1 2 16.582621 27.116459
1 3 27.116459 37.267139
1 4 37.267139 47.327546
1 5 47.327546 57.748042
1 6 57.748042 65.382116
0 6 65.382116 69.135460
0 7 69.135460 81.851895
-1 7 81.851895 82.111680
-1 8 82.111680 89.000000
=== END ===

=== PRIMITIVE ===
ID: 289
StartHeadingNum: 5
Goal: i=8 j=1 heading=2
Length: 8.873204
ExecutionTime(ticks): 89
TotalHeadingChange: 1.2474
BendingEnergy: 0.2127
---
Trajectory(x,y):
0.000 0.000
-0.046 0.091
-0.091 0.182
-0.137 0.274
-0.182 0.365
-0.227 0.457
-0.271 0.548
-0.316 0.640
-0.359 0.733
-0.403 0.825
-0.445 0.917
-0.487 1.010
-0.529 1.104
-0.569 1.197
-0.609 1.291
-0.648 1.385
-0.686 1.480
-0.723 1.575
-0.759 1.671
-0.793 1.767
-0.827 1.863
-0.859 1.960
-0.890 2.057
-0.920 2.154
-0.948 2.252
-0.974 2.351
-1.000 2.450
-1.023 2.549
-1.045 2.649
-1.065 2.749
-1.084 2.849
-1.100 2.950
-1.115 3.050
-1.128 3.152
-1.139 3.253
-1.148 3.355
-1.155 3.456
-1.161 3.558
-1.164 3.660
-1.164 3.762
-1.163 3.864
-1.160 3.966
-1.155 4.068
-1.147 4.170
-1.137 4.271
-1.125 4.372
-1.111 4.473
-1.095 4.574
-1.076 4.674
-1.055 4.774
-1.033 4.874
-1.007 4.972
-0.980 5.071
-0.951 5.168
-0.919 5.265
-0.886 5.362
-0.850 5.457
-0.812 5.552
-0.773 5.646
-0.731 5.739
-0.688 5.831
-0.642 5.923
-0.595 6.013
-0.546 6.103
-0.495 6.191
-0.443 6.279
-0.389 6.365
-0.334 6.451
-0.277 6.535
-0.218 6.619
-0.159 6.702
-0.097 6.783
-0.035 6.864
0.028 6.944
0.093 7.023
0.158 7.101
0.225 7.178
0.292 7.255
0.361 7.331
0.430 7.406
0.499 7.480
0.569 7.554
0.640 7.628
0.711 7.701
0.783 7.774
0.854 7.846
0.926 7.918
0.998 7.991
---
CollisionFootprint(i, j, t_in, t_out):
0 0 0.000000 5.597418
1 0 5.597418 11.563450
1 -1 11.563450 16.582621
2 -1 16.582621 27.116459
3 -1 27.116459 37.267139
4 -1 37.267139 47.327546
5 -1 47.327546 57.748042
6 -1 57.748042 65.382116
6 0 65.382116 69.135460
7 0 69.135460 81.851895
7 1 81.851895 82.111680
8 1 82.111680 89.000000
=== END ===

=== PRIMITIVE ===
ID: 290
StartHeadingNum: 9
Goal: i=1 j=-8 heading=6
Length: 8.873204
ExecutionTime(ticks): 89
TotalHeadingChange: 1.2474
BendingEnergy: 0.2127
---
Trajectory(x,y):
0.000 0.000
-0.091 -0.046
-0.182 -0.091
-0.274 -0.137
-0.365 -0.182
-0.457 -0.227
-0.548 -0.271
-0.640 -0.316
-0.733 -0.359
-0.825 -0.403
-0.917 -0.445
-1.010 -0.487
-1.104 -0.529
-1.197 -0.569
-1.291 -0.609
-1.385 -0.648
-1.480 -0.686
-1.575 -0.723
-1.671 -0.759
-1.767 -0.793
-1.863 -0.827
-1.960 -0.859
-2.057 -0.890
-2.154 -0.920
-2.252 -0.948
-2.351 -0.974
-2.450 -1.000
-2.549 -1.023
-2.649 -1.045
-2.749 -1.065
-2.849 -1.084
-2.950 -1.100
-3.050 -1.115
-3.152 -1.128
-3.253 -1.139
-3.355 -1.148
-3.456 -1.155
-3.558 -1.161
-3.660 -1.164
-3.762 -1.164
-3.864 -1.163
-3.966 -1.160
-4.068 -1.155
-4.170 -1.147
-4.271 -1.137
-4.372 -1.125
-4.473 -1.111
-4.574 -1.095
-4.674 -1.076
-4.774 -1.055
-4.874 -1.033
-4.972 -1.007
-5.071 -0.980
-5.168 -0.951
-5.265 -0.919
-5.362 -0.886
-5.457 -0.850
-5.552 -0.812
-5.646 -0.773
-5.739 -0.731
-5.831 -0.688
-5.923 -0.642
-6.013 -0.595
-6.103 -0.546
-6.191 -0.495
-6.279 -0.443
-6.365 -0.389
-6.451 -0.334
-6.535 -0.277
-6.619 -0.218
-6.702 -0.159
-6.783 -0.097
-6.864 -0.035
-6.944 0.028
-7.023 0.093
-7.101 0.158
-7.178 0.225
-7.255 0.292
-7.331 0.361
-7.406 0.430
-7.480 0.499
-7.554 0.569
-7.628 0.640
-7.701 0.711
-7.774 0.783
-7.846 0.854
-7.918 0.926
-7.991 0.998
---
CollisionFootprint(i, j, t_in, t_out):
0 0 0.000000 5.597418
0 -1 5.597418 11.563450
-1 -1 11.563450 16.582621
-1 -2 16.582621 27.116459
-1 -3 27.116459 37.267139
-1 -4 37.267139 47.327546
-1 -5 47.327546 57.748042
-1 -6 57.748042 65.382116
0 -6 65.382116 69.135460
0 -7 69.135460 81.851895
1 -7 81.851895 82.111680
1 -8 82.111680 89.000000
=== END ===

=== PRIMITIVE ===
ID: 291
StartHeadingNum: 13
Goal: i=-8 j=-1 heading=10
Length: 8.873204
ExecutionTime(ticks): 89
TotalHeadingChange: 1.2474
BendingEnergy: 0.2127
---
Trajectory(x,y):
0.000 0.000
0.046 -0.091
0.091 -0.182
0.137 -0.274
0.182 -0.365
0.227 -0.457
0.271 -0.548
0.316 -0.640
0.359 -0.733
0.403 -0.825
0.445 -0.917
0.487 -1.010
0.529 -1.104
0.569 -1.197
0.609 -1.291
0.648 -1.385
0.686 -1.480
0.723 -1.575
0.759 -1.671
0.793 -1.767
0.827 -1.863
0.859 -1.960
0.890 -2.057
0.920 -2.154
0.948 -2.252
0.974 -2.351
1.000 -2.450
1.023 -2.549
1.045 -2.649
1.065 -2.749
1.084 -2.849
1.100 -2.950
1.115 -3.050
1.128 -3.152
1.139 -3.253
1.148 -3.355
1.155 -3.456
1.161 -3.558
1.164 -3.660
1.164 -3.762
1.163 -3.864
1.160 -3.966
1.155 -4.068
1.147 -4.170
1.137 -4.271
1.125 -4.372
1.111 -4.473
1.095 -4.574
1.076 -4.674
1.055 -4.774
1.033 -4.874
1.007 -4.972
0.980 -5.071
0.951 -5.168
0.919 -5.265
0.886 -5.362
0.850 -5.457
0.812 -5.552
0.773 -5.646
0.731 -5.739
0.688 -5.831
0.642 -5.923
0.595 -6.013
0.546 -6.103
0.495 -6.191
0.443 -6.279
0.389 -6.365
0.334 -6.451
0.277 -6.535
0.218 -6.619
0.159 -6.702
0.097 -6.783
0.035 -6.864
-0.028 -6.944
-0.093 -7.023
-0.158 -7.101
-0.225 -7.178
-0.292 -7.255
-0.361 -7.331
-0.430 -7.406
-0.499 -7.480
-0.569 -7.554
-0.640 -7.628
-0.711 -7.701
-0.783 -7.774
-0.854 -7.846
-0.926 -7.918
-0.998 -7.991
---
CollisionFootprint(i, j, t_in, t_out):
0 0 0.000000 5.597418
-1 0 5.597418 11.563450
-1 1 11.563450 16.582621
-2 1 16.582621 27.116459
-3 1 27.116459 37.267139
-4 1 37.267139 47.327546
-5 1 47.327546 57.748042
-6 1 57.748042 65.382116
-6 0 65.382116 69.135460
-7 0 69.135460 81.851895
-7 -1 81.851895 82.111680
-8 -1 82.111680 89.000000
=== END ===

=== PRIMITIVE ===
ID: 292
StartHeadingNum: 7
Goal: i=-1 j=-8 heading=10
Length: 8.873204
ExecutionTime(ticks): 89
TotalHeadingChange: 1.2474
BendingEnergy: 0.2127
---
Trajectory(x,y):
0.000 0.000
-0.091 0.046
-0.182 0.091
-0.274 0.137
-0.365 0.182
-0.457 0.227
-0.548 0.271
-0.640 0.316
-0.733 0.359
-0.825 0.403
-0.917 0.445
-1.010 0.487
-1.104 0.529
-1.197 0.569
-1.291 0.609
-1.385 0.648
-1.480 0.686
-1.575 0.723
-1.671 0.759
-1.767 0.793
-1.863 0.827
-1.960 0.859
-2.057 0.890
-2.154 0.920
-2.252 0.948
-2.351 0.974
-2.450 1.000
-2.549 1.023
-2.649 1.045
-2.749 1.065
-2.849 1.084
-2.950 1.100
-3.050 1.115
-3.152 1.128
-3.253 1.139
-3.355 1.148
-3.456 1.155
-3.558 1.161
-3.660 1.164
-3.762 1.164
-3.864 1.163
-3.966 1.160
-4.068 1.155
-4.170 1.147
-4.271 1.137
-4.372 1.125
-4.473 1.111
-4.574 1.095
-4.674 1.076
-4.774 1.055
-4.874 1.033
-4.972 1.007
-5.071 0.980
-5.168 0.951
-5.265 0.919
-5.362 0.886
-5.457 0.850
-5.552 0.812
-5.646 0.773
-5.739 0.731
-5.831 0.688
-5.923 0.642
-6.013 0.595
-6.103 0.546
-6.191 0.495
-6.279 0.443
-6.365 0.389
-6.451 0.334
-6.535 0.277
-6.619 0.218
-6.702 0.159
-6.783 0.097
-6.864 0.035
-6.944 -0.028
-7.023 -0.093
-7.101 -0.158
-7.178 -0.225
-7.255 -0.292
-7.331 -0.361
-7.406 -0.430
-7.480 -0.499
-7.554 -0.569
-7.628 -0.640
-7.701 -0.711
-7.774 -0.783
-7.846 -0.854
-7.918 -0.926
-7.991 -0.998
---
CollisionFootprint(i, j, t_in, t_out):
0 0 0.000000 5.597418
0 -1 5.597418 11.563450
1 -1 11.563450 16.582621
1 -2 16.582621 27.116459
1 -3 27.116459 37.267139
1 -4 37.267139 47.327546
1 -5 47.327546 57.748042
1 -6 57.748042 65.382116
0 -6 65.382116 69.135460
0 -7 69.135460 81.851895
-1 -7 81.851895 82.111680
-1 -8 82.111680 89.000000
=== END ===

=== PRIMITIVE ===
ID: 293
StartHeadingNum: 11
Goal: i=-8 j=1 heading=14
Length: 8.873204
ExecutionTime(ticks): 89
TotalHeadingChange: 1.2474
BendingEnergy: 0.2127
---
Trajectory(x,y):
0.000 0.000
-0.046 -0.091
-0.091 -0.182
-0.137 -0.274
-0.182 -0.365
-0.227 -0.457
-0.271 -0.548
-0.316 -0.640
-0.359 -0.733
-0.403 -0.825
-0.445 -0.917
-0.487 -1.010
-0.529 -1.104
-0.569 -1.197
-0.609 -1.291
-0.648 -1.385
-0.686 -1.480
-0.723 -1.575
-0.759 -1.671
-0.793 -1.767
-0.827 -1.863
-0.859 -1.960
-0.890 -2.057
-0.920 -2.154
-0.948 -2.252
-0.974 -2.351
-1.000 -2.450
-1.023 -2.549
-1.045 -2.649
-1.065 -2.749
-1.084 -2.849
-1.100 -2.950
-1.115 -3.050
-1.128 -3.152
-1.139 -3.253
-1.148 -3.355
-1.155 -3.456
-1.161 -3.558
-1.164 -3.660
-1.164 -3.762
-1.163 -3.864
-1.160 -3.966
-1.155 -4.068
-1.147 -4.170
-1.137 -4.271
-1.125 -4.372
-1.111 -4.473
-1.095 -4.574
-1.076 -4.674
-1.055 -4.774
-1.033 -4.874
-1.007 -4.972
-0.980 -5.071
-0.951 -5.168
-0.919 -5.265
-0.886 -5.362
-0.850 -5.457
-0.812 -5.552
-0.773 -5.646
-0.731 -5.739
-0.688 -5.831
-0.642 -5.923
-0.595 -6.013
-0.546 -6.103
-0.495 -6.191
-0.443 -6.279
-0.389 -6.365
-0.334 -6.451
-0.277 -6.535
-0.218 -6.619
-0.159 -6.702
-0.097 -6.783
-0.035 -6.864
0.028 -6.944
0.093 -7.023
0.158 -7.101
0.225 -7.178
0.292 -7.255
0.361 -7.331
0.430 -7.406
0.499 -7.480
0.569 -7.554
0.640 -7.628
0.711 -7.701
0.783 -7.774
0.854 -7.846
0.926 -7.918
0.998 -7.991
---
CollisionFootprint(i, j, t_in, t_out):
0 0 0.000000 5.597418
-1 0 5.597418 11.563450
-1 -1 11.563450 16.582621
-2 -1 16.582621 27.116459
-3 -1 27.116459 37.267139
-4 -1 37.267139 47.327546
-5 -1 47.327546 57.748042
-6 -1 57.748042 65.382116
-6 0 65.382116 69.135460
-7 0 69.135460 81.851895
-7 1 81.851895 82.111680
-8 1 82.111680 89.000000
=== END ===

=== PRIMITIVE ===
ID: 294
StartHeadingNum: 15
Goal: i=1 j=8 heading=2
Length: 8.873204
ExecutionTime(ticks): 89
TotalHeadingChange: 1.2474
BendingEnergy: 0.2127
---
Trajectory(x,y):
0.000 0.000
0.091 -0.046
0.182 -0.091
0.274 -0.137
0.365 -0.182
0.457 -0.227
0.548 -0.271
0.640 -0.316
0.733 -0.359
0.825 -0.403
0.917 -0.445
1.010 -0.487
1.104 -0.529
1.197 -0.569
1.291 -0.609
1.385 -0.648
1.480 -0.686
1.575 -0.723
1.671 -0.759
1.767 -0.793
1.863 -0.827
1.960 -0.859
2.057 -0.890
2.154 -0.920
2.252 -0.948
2.351 -0.974
2.450 -1.000
2.549 -1.023
2.649 -1.045
2.749 -1.065
2.849 -1.084
2.950 -1.100
3.050 -1.115
3.152 -1.128
3.253 -1.139
3.355 -1.148
3.456 -1.155
3.558 -1.161
3.660 -1.164
3.762 -1.164
3.864 -1.163
3.966 -1.160
4.068 -1.155
4.170 -1.147
4.271 -1.137
4.372 -1.125
4.473 -1.111
4.574 -1.095
4.674 -1.076
4.774 -1.055
4.874 -1.033
4.972 -1.007
5.071 -0.980
5.168 -0.951
5.265 -0.919
5.362 -0.886
5.457 -0.850
5.552 -0.812
5.646 -0.773
5.739 -0.731
5.831 -0.688
5.923 -0.642
6.013 -0.595
6.103 -0.546
6.191 -0.495
6.279 -0.443
6.365 -0.389
6.451 -0.334
6.535 -0.277
6.619 -0.218
6.702 -0.159
6.783 -0.097
6.864 -0.035
6.944 0.028
7.023 0.093
7.101 0.158
7.178 0.225
7.255 0.292
7.331 0.361
7.406 0.430
7.480 0.499
7.554 0.569
7.628 0.640
7.701 0.711
7.774 0.783
7.846 0.854
7.918 0.926
7.991 0.998
---
CollisionFootprint(i, j, t_in, t_out):
0 0 0.000000 5.597418
0 1 5.597418 11.563450
-1 1 11.563450 16.582621
-1 2 16.582621 27.116459
-1 3 27.116459 37.267139
-1 4 37.267139 47.327546
-1 5 47.327546 57.748042
-1 6 57.748042 65.382116
0 6 65.382116 69.135460
0 7 69.135460 81.851895
1 7 81.851895 82.111680
1 8 82.111680 89.000000
=== END ===

=== PRIMITIVE ===
ID: 295
StartHeadingNum: 3
Goal: i=8 j=-1 heading=6
Length: 8.873204
ExecutionTime(ticks): 89
TotalHeadingChange: 1.2474
BendingEnergy: 0.2127
---
Trajectory(x,y):
0.000 0.000
0.046 0.091
0.091 0.182
0.137 0.274
0.182 0.365
0.227 0.457
0.271 0.548
0.316 0.640
0.359 0.733
0.403 0.825
0.445 0.917
0.487 1.010
0.529 1.104
0.569 1.197
0.609 1.291
0.648 1.385
0.686 1.480
0.723 1.575
0.759 1.671
0.793 1.767
0.827 1.863
0.859 1.960
0.890 2.057
0.920 2.154
0.948 2.252
0.974 2.351
1.000 2.450
1.023 2.549
1.045 2.649
1.065 2.749
1.084 2.849
1.100 2.950
1.115 3.050
1.128 3.152
1.139 3.253
1.148 3.355
1.155 3.456
1.161 3.558
1.164 3.660
1.164 3.762
1.163 3.864
1.160 3.966
1.155 4.068
1.147 4.170
1.137 4.271
1.125 4.372
1.111 4.473
1.095 4.574
1.076 4.674
1.055 4.774
1.033 4.874
1.007 4.972
0.980 5.071
0.951 5.168
0.919 5.265
0.886 5.362
0.850 5.457
0.812 5.552
0.773 5.646
0.731 5.739
0.688 5.831
0.642 5.923
0.595 6.013
0.546 6.103
0.495 6.191
0.443 6.279
0.389 6.365
0.334 6.451
0.277 6.535
0.218 6.619
0.159 6.702
0.097 6.783
0.035 6.864
-0.028 6.944
-0.093 7.023
-0.158 7.101
-0.225 7.178
-0.292 7.255
-0.361 7.331
-0.430 7.406
-0.499 7.480
-0.569 7.554
-0.640 7.628
-0.711 7.701
-0.783 7.774
-0.854 7.846
-0.926 7.918
-0.998 7.991
---
CollisionFootprint(i, j, t_in, t_out):
0 0 0.000000 5.597418
1 0 5.597418 11.563450
1 1 11.563450 16.582621
2 1 16.582621 27.116459
3 1 27.116459 37.267139
4 1 37.267139 47.327546
5 1 47.327546 57.748042
6 1 57.748042 65.382116
6 0 65.382116 69.135460
7 0 69.135460 81.851895
7 -1 81.851895 82.111680
8 -1 82.111680 89.000000
=== END ===

=== PRIMITIVE ===
ID: 296
StartHeadingNum: 1
Goal: i=1 j=8 heading=14
Length: 9.010857
ExecutionTime(ticks): 90
TotalHeadingChange: 1.4324
BendingEnergy: 0.3472
---
Trajectory(x,y):
0.000 0.000
0.091 0.045
0.181 0.091
0.271 0.136
0.362 0.182
0.452 0.228
0.542 0.275
0.632 0.322
0.721 0.369
0.810 0.417
0.899 0.465
0.988 0.514
1.076 0.564
1.164 0.613
1.252 0.664
1.340 0.715
1.427 0.766
1.514 0.818
1.601 0.870
1.687 0.922
1.774 0.975
1.860 1.028
1.946 1.081
2.032 1.135
2.118 1.188
2.204 1.242
2.290 1.295
2.376 1.348
2.463 1.401
2.549 1.454
2.636 1.506
2.723 1.558
2.810 1.609
2.898 1.660
2.986 1.710
3.074 1.759
3.163 1.807
3.253 1.854
3.343 1.900
3.434 1.944
3.526 1.987
3.618 2.029
3.711 2.069
3.805 2.108
3.899 2.144
3.994 2.179
4.090 2.211
4.187 2.241
4.284 2.270
4.382 2.295
4.481 2.318
4.580 2.339
4.679 2.357
4.780 2.372
4.880 2.384
4.981 2.394
5.082 2.400
5.183 2.403
5.284 2.403
5.386 2.400
5.487 2.393
5.587 2.384
5.688 2.371
5.788 2.354
5.887 2.335
5.986 2.312
6.083 2.285
6.180 2.256
6.276 2.224
6.371 2.188
6.464 2.149
6.557 2.108
6.648 2.063
6.737 2.016
6.825 1.966
6.912 1.914
6.997 1.859
7.081 1.802
7.163 1.743
7.244 1.682
7.323 1.619
7.401 1.554
7.478 1.488
7.553 1.421
7.628 1.352
7.702 1.283
7.775 1.213
7.847 1.142
7.919 1.071
7.991 0.999
---
CollisionFootprint(i, j, t_in, t_out):
0 0 0.000000 5.596846
0 1 5.596846 10.831622
1 1 10.831622 17.029254
1 2 17.029254 28.753316
1 3 28.753316 30.214578
2 3 30.214578 40.163750
2 4 40.163750 50.759153
2 5 50.759153 60.809205
2 6 60.809205 71.174881
2 7 71.174881 82.741130
1 7 82.741130 83.216565
1 8 83.216565 90.000000
=== END ===

=== PRIMITIVE ===
ID: 297
StartHeadingNum: 5
Goal: i=8 j=-1 heading=2
Length: 9.010857
ExecutionTime(ticks): 90
TotalHeadingChange: 1.4324
BendingEnergy: 0.3472
---
Trajectory(x,y):
0.000 0.000
-0.045 0.091
-0.091 0.181
-0.136 0.271
-0.182 0.362
-0.228 0.452
-0.275 0.542
-0.322 0.632
-0.369 0.721
-0.417 0.810
-0.465 0.899
-0.514 0.988
-0.564 1.076
-0.613 1.164
-0.664 1.252
-0.715 1.340
-0.766 1.427
-0.818 1.514
-0.870 1.601
-0.922 1.687
-0.975 1.774
-1.028 1.860
-1.081 1.946
-1.135 2.032
-1.188 2.118
-1.242 2.204
-1.295 2.290
-1.348 2.376
-1.401 2.463
-1.454 2.549
-1.506 2.636
-1.558 2.723
-1.609 2.810
-1.660 2.898
-1.710 2.986
-1.759 3.074
-1.807 3.163
-1.854 3.253
-1.900 3.343
-1.944 3.434
-1.987 3.526
-2.029 3.618
-2.069 3.711
-2.108 3.805
-2.144 3.899
-2.179 3.994
-2.211 4.090
-2.241 4.187
-2.270 4.284
-2.295 4.382
-2.318 4.481
-2.339 4.580
-2.357 4.679
-2.372 4.780
-2.384 4.880
-2.394 4.981
-2.400 5.082
-2.403 5.183
-2.403 5.284
-2.400 5.386
-2.393 5.487
-2.384 5.587
-2.371 5.688
-2.354 5.788
-2.335 5.887
-2.312 5.986
-2.285 6.083
-2.256 6.180
-2.224 6.276
-2.188 6.371
-2.149 6.464
-2.108 6.557
-2.063 6.648
-2.016 6.737
-1.966 6.825
-1.914 6.912
-1.859 6.997
-1.802 7.081
-1.743 7.163
-1.682 7.244
-1.619 7.323
-1.554 7.401
-1.488 7.478
-1.421 7.553
-1.352 7.628
-1.283 7.702
-1.213 7.775
-1.142 7.847
-1.071 7.919
-0.999 7.991
---
CollisionFootprint(i, j, t_in, t_out):
0 0 0.000000 5.596846
1 0 5.596846 10.831622
1 -1 10.831622 17.029254
2 -1 17.029254 28.753316
3 -1 28.753316 30.214578
3 -2 30.214578 40.163750
4 -2 40.163750 50.759153
5 -2 50.759153 60.809205
6 -2 60.809205 71.174881
7 -2 71.174881 82.741130
7 -1 82.741130 83.216565
8 -1 83.216565 90.000000
=== END ===

=== PRIMITIVE ===
ID: 298
StartHeadingNum: 9
Goal: i=-1 j=-8 heading=6
Length: 9.010857
ExecutionTime(ticks): 90
TotalHeadingChange: 1.4324
BendingEnergy: 0.3472
---
Trajectory(x,y):
0.000 0.000
-0.091 -0.045
-0.181 -0.091
-0.271 -0.136
-0.362 -0.182
-0.452 -0.228
-0.542 -0.275
-0.632 -0.322
-0.721 -0.369
-0.810 -0.417
-0.899 -0.465
-0.988 -0.514
-1.076 -0.564
-1.164 -0.613
-1.252 -0.664
-1.340 -0.715
-1.427 -0.766
-1.514 -0.818
-1.601 -0.870
-1.687 -0.922
-1.774 -0.975
-1.860 -1.028
-1.946 -1.081
-2.032 -1.135
-2.118 -1.188
-2.204 -1.242
-2.290 -1.295
-2.376 -1.348
-2.463 -1.401
-2.549 -1.454
-2.636 -1.506
-2.723 -1.558
-2.810 -1.609
-2.898 -1.660
-2.986 -1.710
-3.074 -1.759
-3.163 -1.807
-3.253 -1.854
-3.343 -1.900
-3.434 -1.944
-3.526 -1.987
-3.618 -2.029
-3.711 -2.069
-3.805 -2.108
-3.899 -2.144
-3.994 -2.179
-4.090 -2.211
-4.187 -2.241
-4.284 -2.270
-4.382 -2.295
-4.481 -2.318
-4.580 -2.339
-4.679 -2.357
-4.780 -2.372
-4.880 -2.384
-4.981 -2.394
-5.082 -2.400
-5.183 -2.403
-5.284 -2.403
-5.386 -2.400
-5.487 -2.393
-5.587 -2.384
-5.688 -2.371
-5.788 -2.354
-5.887 -2.335
-5.986 -2.312
-6.083 -2.285
-6.180 -2.256
-6.276 -2.224
-6.371 -2.188
-6.464 -2.149
-6.557 -2.108
-6.648 -2.063
-6.737 -2.016
-6.825 -1.966
-6.912 -1.914
-6.997 -1.859
-7.081 -1.802
-7.163 -1.743
-7.244 -1.682
-7.323 -1.619
-7.401 -1.554
-7.478 -1.488
-7.553 -1.421
-7.628 -1.352
-7.702 -1.283
-7.775 -1.213
-7.847 -1.142
-7.919 -1.071
-7.991 -0.999
---
CollisionFootprint(i, j, t_in, t_out):
0 0 0.000000 5.596846
0 -1 5.596846 10.831622
-1 -1 10.831622 17.029254
-1 -2 17.029254 28.753316
-1 -3 28.753316 30.214578
-2 -3 30.214578 40.163750
-2 -4 40.163750 50.759153
-2 -5 50.759153 60.809205
-2 -6 60.809205 71.174881
-2 -7 71.174881 82.741130
-1 -7 82.741130 83.216565
-1 -8 83.216565 90.000000
=== END ===

=== PRIMITIVE ===
ID: 299
StartHeadingNum: 13
Goal: i=-8 j=1 heading=10
Length: 9.010857
ExecutionTime(ticks): 90
TotalHeadingChange: 1.4324
BendingEnergy: 0.3472
---
Trajectory(x,y):
0.000 0.000
0.045 -0.091
0.091 -0.181
0.136 -0.271
0.182 -0.362
0.228 -0.452
0.275 -0.542
0.322 -0.632
0.369 -0.721
0.417 -0.810
0.465 -0.899
0.514 -0.988
0.564 -1.076
0.613 -1.164
0.664 -1.252
0.715 -1.340
0.766 -1.427
0.818 -1.514
0.870 -1.601
0.922 -1.687
0.975 -1.774
1.028 -1.860
1.081 -1.946
1.135 -2.032
1.188 -2.118
1.242 -2.204
1.295 -2.290
1.348 -2.376
1.401 -2.463
1.454 -2.549
1.506 -2.636
1.558 -2.723
1.609 -2.810
1.660 -2.898
1.710 -2.986
1.759 -3.074
1.807 -3.163
1.854 -3.253
1.900 -3.343
1.944 -3.434
1.987 -3.526
2.029 -3.618
2.069 -3.711
2.108 -3.805
2.144 -3.899
2.179 -3.994
2.211 -4.090
2.241 -4.187
2.270 -4.284
2.295 -4.382
2.318 -4.481
2.339 -4.580
2.357 -4.679
2.372 -4.780
2.384 -4.880
2.394 -4.981
2.400 -5.082
2.403 -5.183
2.403 -5.284
2.400 -5.386
2.393 -5.487
2.384 -5.587
2.371 -5.688
2.354 -5.788
2.335 -5.887
2.312 -5.986
2.285 -6.083
2.256 -6.180
2.224 -6.276
2.188 -6.371
2.149 -6.464
2.108 -6.557
2.063 -6.648
2.016 -6.737
1.966 -6.825
1.914 -6.912
1.859 -6.997
1.802 -7.081
1.743 -7.163
1.682 -7.244
1.619 -7.323
1.554 -7.401
1.488 -7.478
1.421 -7.553
1.352 -7.628
1.283 -7.702
1.213 -7.775
1.142 -7.847
1.071 -7.919
0.999 -7.991
---
CollisionFootprint(i, j, t_in, t_out):
0 0 0.000000 5.596846
-1 0 5.596846 10.831622
-1 1 10.831622 17.029254
-2 1 17.029254 28.753316
-3 1 28.753316 30.214578
-3 2 30.214578 40.163750
-4 2 40.163750 50.759153
-5 2 50.759153 60.809205
-6 2 60.809205 71.174881
-7 2 71.174881 82.741130
-7 1 82.741130 83.216565
-8 1 83.216565 90.000000
=== END ===

=== PRIMITIVE ===
ID: 300
StartHeadingNum: 7
Goal: i=1 j=-8 heading=10
Length: 9.010857
ExecutionTime(ticks): 90
TotalHeadingChange: 1.4324
BendingEnergy: 0.3472
---
Trajectory(x,y):
0.000 0.000
-0.091 0.045
-0.181 0.091
-0.271 0.136
-0.362 0.182
-0.452 0.228
-0.542 0.275
-0.632 0.322
-0.721 0.369
-0.810 0.417
-0.899 0.465
-0.988 0.514
-1.076 0.564
-1.164 0.613
-1.252 0.664
-1.340 0.715
-1.427 0.766
-1.514 0.818
-1.601 0.870
-1.687 0.922
-1.774 0.975
-1.860 1.028
-1.946 1.081
-2.032 1.135
-2.118 1.188
-2.204 1.242
-2.290 1.295
-2.376 1.348
-2.463 1.401
-2.549 1.454
-2.636 1.506
-2.723 1.558
-2.810 1.609
-2.898 1.660
-2.986 1.710
-3.074 1.759
-3.163 1.807
-3.253 1.854
-3.343 1.900
-3.434 1.944
-3.526 1.987
-3.618 2.029
-3.711 2.069
-3.805 2.108
-3.899 2.144
-3.994 2.179
-4.090 2.211
-4.187 2.241
-4.284 2.270
-4.382 2.295
-4.481 2.318
-4.580 2.339
-4.679 2.357
-4.780 2.372
-4.880 2.384
-4.981 2.394
-5.082 2.400
-5.183 2.403
-5.284 2.403
-5.386 2.400
-5.487 2.393
-5.587 2.384
-5.688 2.371
-5.788 2.354
-5.887 2.335
-5.986 2.312
-6.083 2.285
-6.180 2.256
-6.276 2.224
-6.371 2.188
-6.464 2.149
-6.557 2.108
-6.648 2.063
-6.737 2.016
-6.825 1.966
-6.912 1.914
-6.997 1.859
-7.081 1.802
-7.163 1.743
-7.244 1.682
-7.323 1.619
-7.401 1.554
-7.478 1.488
-7.553 1.421
-7.628 1.352
-7.702 1.283
-7.775 1.213
-7.847 1.142
-7.919 1.071
-7.991 0.999
---
CollisionFootprint(i, j, t_in, t_out):
0 0 0.000000 5.596846
0 -1 5.596846 10.831622
1 -1 10.831622 17.029254
1 -2 17.029254 28.753316
1 -3 28.753316 30.214578
2 -3 30.214578 40.163750
2 -4 40.163750 50.759153
2 -5 50.759153 60.809205
2 -6 60.809205 71.174881
2 -7 71.174881 82.741130
1 -7 82.741130 83.216565
1 -8 83.216565 90.000000
=== END ===

=== PRIMITIVE ===
ID: 301
StartHeadingNum: 11
Goal: i=-8 j=-1 heading=14
Length: 9.010857
ExecutionTime(ticks): 90
TotalHeadingChange: 1.4324
BendingEnergy: 0.3472
---
Trajectory(x,y):
0.000 0.000
-0.045 -0.091
-0.091 -0.181
-0.136 -0.271
-0.182 -0.362
-0.228 -0.452
-0.275 -0.542
-0.322 -0.632
-0.369 -0.721
-0.417 -0.810
-0.465 -0.899
-0.514 -0.988
-0.564 -1.076
-0.613 -1.164
-0.664 -1.252
-0.715 -1.340
-0.766 -1.427
-0.818 -1.514
-0.870 -1.601
-0.922 -1.687
-0.975 -1.774
-1.028 -1.860
-1.081 -1.946
-1.135 -2.032
-1.188 -2.118
-1.242 -2.204
-1.295 -2.290
-1.348 -2.376
-1.401 -2.463
-1.454 -2.549
-1.506 -2.636
-1.558 -2.723
-1.609 -2.810
-1.660 -2.898
-1.710 -2.986
-1.759 -3.074
-1.807 -3.163
-1.854 -3.253
-1.900 -3.343
-1.944 -3.434
-1.987 -3.526
-2.029 -3.618
-2.069 -3.711
-2.108 -3.805
-2.144 -3.899
-2.179 -3.994
-2.211 -4.090
-2.241 -4.187
-2.270 -4.284
-2.295 -4.382
-2.318 -4.481
-2.339 -4.580
-2.357 -4.679
-2.372 -4.780
-2.384 -4.880
-2.394 -4.981
-2.400 -5.082
-2.403 -5.183
-2.403 -5.284
-2.400 -5.386
-2.393 -5.487
-2.384 -5.587
-2.371 -5.688
-2.354 -5.788
-2.335 -5.887
-2.312 -5.986
-2.285 -6.083
-2.256 -6.180
-2.224 -6.276
-2.188 -6.371
-2.149 -6.464
-2.108 -6.557
-2.063 -6.648
-2.016 -6.737
-1.966 -6.825
-1.914 -6.912
-1.859 -6.997
-1.802 -7.081
-1.743 -7.163
-1.682 -7.244
-1.619 -7.323
-1.554 -7.401
-1.488 -7.478
-1.421 -7.553
-1.352 -7.628
-1.283 -7.702
-1.213 -7.775
-1.142 -7.847
-1.071 -7.919
-0.999 -7.991
---
CollisionFootprint(i, j, t_in, t_out):
0 0 0.000000 5.596846
-1 0 5.596846 10.831622
-1 -1 10.831622 17.029254
-2 -1 17.029254 28.753316
-3 -1 28.753316 30.214578
-3 -2 30.214578 40.163750
-4 -2 40.163750 50.759153
-5 -2 50.759153 60.809205
-6 -2 60.809205 71.174881
-7 -2 71.174881 82.741130
-7 -1 82.741130 83.216565
-8 -1 83.216565 90.000000
=== END ===

=== PRIMITIVE ===
ID: 302
StartHeadingNum: 15
Goal: i=-1 j=8 heading=2
Length: 9.010857
ExecutionTime(ticks): 90
TotalHeadingChange: 1.4324
BendingEnergy: 0.3472
---
Trajectory(x,y):
0.000 0.000
0.091 -0.045
0.181 -0.091
0.271 -0.136
0.362 -0.182
0.452 -0.228
0.542 -0.275
0.632 -0.322
0.721 -0.369
0.810 -0.417
0.899 -0.465
0.988 -0.514
1.076 -0.564
1.164 -0.613
1.252 -0.664
1.340 -0.715
1.427 -0.766
1.514 -0.818
1.601 -0.870
1.687 -0.922
1.774 -0.975
1.860 -1.028
1.946 -1.081
2.032 -1.135
2.118 -1.188
2.204 -1.242
2.290 -1.295
2.376 -1.348
2.463 -1.401
2.549 -1.454
2.636 -1.506
2.723 -1.558
2.810 -1.609
2.898 -1.660
2.986 -1.710
3.074 -1.759
3.163 -1.807
3.253 -1.854
3.343 -1.900
3.434 -1.944
3.526 -1.987
3.618 -2.029
3.711 -2.069
3.805 -2.108
3.899 -2.144
3.994 -2.179
4.090 -2.211
4.187 -2.241
4.284 -2.270
4.382 -2.295
4.481 -2.318
4.580 -2.339
4.679 -2.357
4.780 -2.372
4.880 -2.384
4.981 -2.394
5.082 -2.400
5.183 -2.403
5.284 -2.403
5.386 -2.400
5.487 -2.393
5.587 -2.384
5.688 -2.371
5.788 -2.354
5.887 -2.335
5.986 -2.312
6.083 -2.285
6.180 -2.256
6.276 -2.224
6.371 -2.188
6.464 -2.149
6.557 -2.108
6.648 -2.063
6.737 -2.016
6.825 -1.966
6.912 -1.914
6.997 -1.859
7.081 -1.802
7.163 -1.743
7.244 -1.682
7.323 -1.619
7.401 -1.554
7.478 -1.488
7.553 -1.421
7.628 -1.352
7.702 -1.283
7.775 -1.213
7.847 -1.142
7.919 -1.071
7.991 -0.999
---
CollisionFootprint(i, j, t_in, t_out):
0 0 0.000000 5.596846
0 1 5.596846 10.831622
-1 1 10.831622 17.029254
-1 2 17.029254 28.753316
-1 3 28.753316 30.214578
-2 3 30.214578 40.163750
-2 4 40.163750 50.759153
-2 5 50.759153 60.809205
-2 6 60.809205 71.174881
-2 7 71.174881 82.741130
-1 7 82.741130 83.216565
-1 8 83.216565 90.000000
=== END ===

=== PRIMITIVE ===
ID: 303
StartHeadingNum: 3
Goal: i=8 j=1 heading=6
Length: 9.010857
ExecutionTime(ticks): 90
TotalHeadingChange: 1.4324
BendingEnergy: 0.3472
---
Trajectory(x,y):
0.000 0.000
0.045 0.091
0.091 0.181
0.136 0.271
0.182 0.362
0.228 0.452
0.275 0.542
0.322 0.632
0.369 0.721
0.417 0.810
0.465 0.899
0.514 0.988
0.564 1.076
0.613 1.164
0.664 1.252
0.715 1.340
0.766 1.427
0.818 1.514
0.870 1.601
0.922 1.687
0.975 1.774
1.028 1.860
1.081 1.946
1.135 2.032
1.188 2.118
1.242 2.204
1.295 2.290
1.348 2.376
1.401 2.463
1.454 2.549
1.506 2.636
1.558 2.723
1.609 2.810
1.660 2.898
1.710 2.986
1.759 3.074
1.807 3.163
1.854 3.253
1.900 3.343
1.944 3.434
1.987 3.526
2.029 3.618
2.069 3.711
2.108 3.805
2.144 3.899
2.179 3.994
2.211 4.090
2.241 4.187
2.270 4.284
2.295 4.382
2.318 4.481
2.339 4.580
2.357 4.679
2.372 4.780
2.384 4.880
2.394 4.981
2.400 5.082
2.403 5.183
2.403 5.284
2.400 5.386
2.393 5.487
2.384 5.587
2.371 5.688
2.354 5.788
2.335 5.887
2.312 5.986
2.285 6.083
2.256 6.180
2.224 6.276
2.188 6.371
2.149 6.464
2.108 6.557
2.063 6.648
2.016 6.737
1.966 6.825
1.914 6.912
1.859 6.997
1.802 7.081
1.743 7.163
1.682 7.244
1.619 7.323
1.554 7.401
1.488 7.478
1.421 7.553
1.352 7.628
1.283 7.702
1.213 7.775
1.142 7.847
1.071 7.919
0.999 7.991
---
CollisionFootprint(i, j, t_in, t_out):
0 0 0.000000 5.596846
1 0 5.596846 10.831622
1 1 10.831622 17.029254
2 1 17.029254 28.753316
3 1 28.753316 30.214578
3 2 30.214578 40.163750
4 2 40.163750 50.759153
5 2 50.759153 60.809205
6 2 60.809205 71.174881
7 2 71.174881 82.741130
7 1 82.741130 83.216565
8 1 83.216565 90.000000
=== END ===

=== PRIMITIVE ===
ID: 304
StartHeadingNum: 1
Goal: i=2 j=6 heading=0
Length: 6.408882
ExecutionTime(ticks): 64
TotalHeadingChange: 0.5061
BendingEnergy: 0.0613
---
Trajectory(x,y):
0.000 0.000
0.091 0.046
0.182 0.091
0.273 0.137
0.364 0.183
0.454 0.228
0.545 0.275
0.636 0.321
0.726 0.367
0.817 0.414
0.907 0.461
0.997 0.508
1.087 0.555
1.177 0.603
1.267 0.650
1.357 0.697
1.447 0.745
1.537 0.792
1.627 0.840
1.717 0.887
1.808 0.934
1.898 0.980
1.988 1.027
2.079 1.073
2.170 1.118
2.261 1.164
2.353 1.208
2.445 1.252
2.537 1.295
2.629 1.337
2.722 1.379
2.816 1.419
2.909 1.459
3.003 1.497
3.098 1.535
3.193 1.571
3.289 1.606
3.385 1.639
3.481 1.671
3.578 1.702
3.676 1.731
3.774 1.759
3.872 1.785
3.970 1.810
4.070 1.833
4.169 1.854
4.269 1.874
4.369 1.892
4.469 1.909
4.570 1.924
4.671 1.937
4.772 1.949
4.873 1.959
4.974 1.968
5.076 1.975
5.177 1.981
5.279 1.986
5.381 1.990
5.482 1.993
5.584 1.995
5.686 1.996
5.787 1.997
5.889 1.997
5.991 1.997
---
CollisionFootprint(i, j, t_in, t_out):
0 0 0.000000 5.589901
0 1 5.589901 11.000546
1 1 11.000546 16.850594
1 2 16.850594 28.039384
1 3 28.039384 33.598827
2 3 33.598827 38.799757
2 4 38.799757 49.071793
2 5 49.071793 59.097165
2 6 59.097165 64.000000
=== END ===

=== PRIMITIVE ===
ID: 305
StartHeadingNum: 5
Goal: i=6 j=-2 heading=4
Length: 6.408882
ExecutionTime(ticks): 64
TotalHeadingChange: 0.5061
BendingEnergy: 0.0613
---
Trajectory(x,y):
0.000 0.000
-0.046 0.091
-0.091 0.182
-0.137 0.273
-0.183 0.364
-0.228 0.454
-0.275 0.545
-0.321 0.636
-0.367 0.726
-0.414 0.817
-0.461 0.907
-0.508 0.997
-0.555 1.087
-0.603 1.177
-0.650 1.267
-0.697 1.357
-0.745 1.447
-0.792 1.537
-0.840 1.627
-0.887 1.717
-0.934 1.808
-0.980 1.898
-1.027 1.988
-1.073 2.079
-1.118 2.170
-1.164 2.261
-1.208 2.353
-1.252 2.445
-1.295 2.537
-1.337 2.629
-1.379 2.722
-1.419 2.816
-1.459 2.909
-1.497 3.003
-1.535 3.098
-1.571 3.193
-1.606 3.289
-1.639 3.385
-1.671 3.481
-1.702 3.578
-1.731 3.676
-1.759 3.774
-1.785 3.872
-1.810 3.970
-1.833 4.070
-1.854 4.169
-1.874 4.269
-1.892 4.369
-1.909 4.469
-1.924 4.570
-1.937 4.671
-1.949 4.772
-1.959 4.873
-1.968 4.974
-1.975 5.076
-1.981 5.177
-1.986 5.279
-1.990 5.381
-1.993 5.482
-1.995 5.584
-1.996 5.686
-1.997 5.787
-1.997 5.889
-1.997 5.991
---
CollisionFootprint(i, j, t_in, t_out):
0 0 0.000000 5.589901
1 0 5.589901 11.000546
1 -1 11.000546 16.850594
2 -1 16.850594 28.039384
3 -1 28.039384 33.598827
3 -2 33.598827 38.799757
4 -2 38.799757 49.071793
5 -2 49.071793 59.097165
6 -2 59.097165 64.000000
=== END ===

=== PRIMITIVE ===
ID: 306
StartHeadingNum: 9
Goal: i=-2 j=-6 heading=8
Length: 6.408882
ExecutionTime(ticks): 64
TotalHeadingChange: 0.5061
BendingEnergy: 0.0613
---
Trajectory(x,y):
0.000 0.000
-0.091 -0.046
-0.182 -0.091
-0.273 -0.137
-0.364 -0.183
-0.454 -0.228
-0.545 -0.275
-0.636 -0.321
-0.726 -0.367
-0.817 -0.414
-0.907 -0.461
-0.997 -0.508
-1.087 -0.555
-1.177 -0.603
-1.267 -0.650
-1.357 -0.697
-1.447 -0.745
-1.537 -0.792
-1.627 -0.840
-1.717 -0.887
-1.808 -0.934
-1.898 -0.980
-1.988 -1.027
-2.079 -1.073
-2.170 -1.118
-2.261 -1.164
-2.353 -1.208
-2.445 -1.252
-2.537 -1.295
-2.629 -1.337
-2.722 -1.379
-2.816 -1.419
-2.909 -1.459
-3.003 -1.497
-3.098 -1.535
-3.193 -1.571
-3.289 -1.606
-3.385 -1.639
-3.481 -1.671
-3.578 -1.702
-3.676 -1.731
-3.774 -1.759
-3.872 -1.785
-3.970 -1.810
-4.070 -1.833
-4.169 -1.854
-4.269 -1.874
-4.369 -1.892
-4.469 -1.909
-4.570 -1.924
-4.671 -1.937
-4.772 -1.949
-4.873 -1.959
-4.974 -1.968
-5.076 -1.975
-5.177 -1.981
-5.279 -1.986
-5.381 -1.990
-5.482 -1.993
-5.584 -1.995
-5.686 -1.996
-5.787 -1.997
-5.889 -1.997
-5.991 -1.997
---
CollisionFootprint(i, j, t_in, t_out):
0 0 0.000000 5.589901
0 -1 5.589901 11.000546
-1 -1 11.000546 16.850594
-1 -2 16.850594 28.039384
-1 -3 28.039384 33.598827
-2 -3 33.598827 38.799757
-2 -4 38.799757 49.071793
-2 -5 49.071793 59.097165
-2 -6 59.097165 64.000000
=== END ===

=== PRIMITIVE ===
ID: 307
StartHeadingNum: 13
Goal: i=-6 j=2 heading=12
Length: 6.408882
ExecutionTime(ticks): 64
TotalHeadingChange: 0.5061
BendingEnergy: 0.0613
---
Trajectory(x,y):
0.000 0.000
0.046 -0.091
0.091 -0.182
0.137 -0.273
0.183 -0.364
0.228 -0.454
0.275 -0.545
0.321 -0.636
0.367 -0.726
0.414 -0.817
0.461 -0.907
0.508 -0.997
0.555 -1.087
0.603 -1.177
0.650 -1.267
0.697 -1.357
0.745 -1.447
0.792 -1.537
0.840 -1.627
0.887 -1.717
0.934 -1.808
0.980 -1.898
1.027 -1.988
1.073 -2.079
1.118 -2.170
1.164 -2.261
1.208 -2.353
1.252 -2.445
1.295 -2.537
1.337 -2.629
1.379 -2.722
1.419 -2.816
1.459 -2.909
1.497 -3.003
1.535 -3.098
1.571 -3.193
1.606 -3.289
1.639 -3.385
1.671 -3.481
1.702 -3.578
1.731 -3.676
1.759 -3.774
1.785 -3.872
1.810 -3.970
1.833 -4.070
1.854 -4.169
1.874 -4.269
1.892 -4.369
1.909 -4.469
1.924 -4.570
1.937 -4.671
1.949 -4.772
1.959 -4.873
1.968 -4.974
1.975 -5.076
1.981 -5.177
1.986 -5.279
1.990 -5.381
1.993 -5.482
1.995 -5.584
1.996 -5.686
1.997 -5.787
1.997 -5.889
1.997 -5.991
---
CollisionFootprint(i, j, t_in, t_out):
0 0 0.000000 5.589901
-1 0 5.589901 11.000546
-1 1 11.000546 16.850594
-2 1 16.850594 28.039384
-3 1 28.039384 33.598827
-3 2 33.598827 38.799757
-4 2 38.799757 49.071793
-5 2 49.071793 59.097165
-6 2 59.097165 64.000000
=== END ===

=== PRIMITIVE ===
ID: 308
StartHeadingNum: 7
Goal: i=2 j=-6 heading=8
Length: 6.408882
ExecutionTime(ticks): 64
TotalHeadingChange: 0.5061
BendingEnergy: 0.0613
---
Trajectory(x,y):
0.000 0.000
-0.091 0.046
-0.182 0.091
-0.273 0.137
-0.364 0.183
-0.454 0.228
-0.545 0.275
-0.636 0.321
-0.726 0.367
-0.817 0.414
-0.907 0.461
-0.997 0.508
-1.087 0.555
-1.177 0.603
-1.267 0.650
-1.357 0.697
-1.447 0.745
-1.537 0.792
-1.627 0.840
-1.717 0.887
-1.808 0.934
-1.898 0.980
-1.988 1.027
-2.079 1.073
-2.170 1.118
-2.261 1.164
-2.353 1.208
-2.445 1.252
-2.537 1.295
-2.629 1.337
-2.722 1.379
-2.816 1.419
-2.909 1.459
-3.003 1.497
-3.098 1.535
-3.193 1.571
-3.289 1.606
-3.385 1.639
-3.481 1.671
-3.578 1.702
-3.676 1.731
-3.774 1.759
-3.872 1.785
-3.970 1.810
-4.070 1.833
-4.169 1.854
-4.269 1.874
-4.369 1.892
-4.469 1.909
-4.570 1.924
-4.671 1.937
-4.772 1.949
-4.873 1.959
-4.974 1.968
-5.076 1.975
-5.177 1.981
-5.279 1.986
-5.381 1.990
-5.482 1.993
-5.584 1.995
-5.686 1.996
-5.787 1.997
-5.889 1.997
-5.991 1.997
---
CollisionFootprint(i, j, t_in, t_out):
0 0 0.000000 5.589901
0 -1 5.589901 11.000546
1 -1 11.000546 16.850594
1 -2 16.850594 28.039384
1 -3 28.039384 33.598827
2 -3 33.598827 38.799757
2 -4 38.799757 49.071793
2 -5 49.071793 59.097165
2 -6 59.097165 64.000000
=== END ===

=== PRIMITIVE ===
ID: 309
StartHeadingNum: 11
Goal: i=-6 j=-2 heading=12
Length: 6.408882
ExecutionTime(ticks): 64
TotalHeadingChange: 0.5061
BendingEnergy: 0.0613
---
Trajectory(x,y):
0.000 0.000
-0.046 -0.091
-0.091 -0.182
-0.137 -0.273
-0.183 -0.364
-0.228 -0.454
-0.275 -0.545
-0.321 -0.636
-0.367 -0.726
-0.414 -0.817
-0.461 -0.907
-0.508 -0.997
-0.555 -1.087
-0.603 -1.177
-0.650 -1.267
-0.697 -1.357
-0.745 -1.447
-0.792 -1.537
-0.840 -1.627
-0.887 -1.717
-0.934 -1.808
-0.980 -1.898
-1.027 -1.988
-1.073 -2.079
-1.118 -2.170
-1.164 -2.261
-1.208 -2.353
-1.252 -2.445
-1.295 -2.537
-1.337 -2.629
-1.379 -2.722
-1.419 -2.816
-1.459 -2.909
-1.497 -3.003
-1.535 -3.098
-1.571 -3.193
-1.606 -3.289
-1.639 -3.385
-1.671 -3.481
-1.702 -3.578
-1.731 -3.676
-1.759 -3.774
-1.785 -3.872
-1.810 -3.970
-1.833 -4.070
-1.854 -4.169
-1.874 -4.269
-1.892 -4.369
-1.909 -4.469
-1.924 -4.570
-1.937 -4.671
-1.949 -4.772
-1.959 -4.873
-1.968 -4.974
-1.975 -5.076
-1.981 -5.177
-1.986 -5.279
-1.990 -5.381
-1.993 -5.482
-1.995 -5.584
-1.996 -5.686
-1.997 -5.787
-1.997 -5.889
-1.997 -5.991
---
CollisionFootprint(i, j, t_in, t_out):
0 0 0.000000 5.589901
-1 0 5.589901 11.000546
-1 -1 11.000546 16.850594
-2 -1 16.850594 28.039384
-3 -1 28.039384 33.598827
-3 -2 33.598827 38.799757
-4 -2 38.799757 49.071793
-5 -2 49.071793 59.097165
-6 -2 59.097165 64.000000
=== END ===

=== PRIMITIVE ===
ID: 310
StartHeadingNum: 15
Goal: i=-2 j=6 heading=0
Length: 6.408882
ExecutionTime(ticks): 64
TotalHeadingChange: 0.5061
BendingEnergy: 0.0613
---
Trajectory(x,y):
0.000 0.000
0.091 -0.046
0.182 -0.091
0.273 -0.137
0.364 -0.183
0.454 -0.228
0.545 -0.275
0.636 -0.321
0.726 -0.367
0.817 -0.414
0.907 -0.461
0.997 -0.508
1.087 -0.555
1.177 -0.603
1.267 -0.650
1.357 -0.697
1.447 -0.745
1.537 -0.792
1.627 -0.840
1.717 -0.887
1.808 -0.934
1.898 -0.980
1.988 -1.027
2.079 -1.073
2.170 -1.118
2.261 -1.164
2.353 -1.208
2.445 -1.252
2.537 -1.295
2.629 -1.337
2.722 -1.379
2.816 -1.419
2.909 -1.459
3.003 -1.497
3.098 -1.535
3.193 -1.571
3.289 -1.606
3.385 -1.639
3.481 -1.671
3.578 -1.702
3.676 -1.731
3.774 -1.759
3.872 -1.785
3.970 -1.810
4.070 -1.833
4.169 -1.854
4.269 -1.874
4.369 -1.892
4.469 -1.909
4.570 -1.924
4.671 -1.937
4.772 -1.949
4.873 -1.959
4.974 -1.968
5.076 -1.975
5.177 -1.981
5.279 -1.986
5.381 -1.990
5.482 -1.993
5.584 -1.995
5.686 -1.996
5.787 -1.997
5.889 -1.997
5.991 -1.997
---
CollisionFootprint(i, j, t_in, t_out):
0 0 0.000000 5.589901
0 1 5.589901 11.000546
-1 1 11.000546 16.850594
-1 2 16.850594 28.039384
-1 3 28.039384 33.598827
-2 3 33.598827 38.799757
-2 4 38.799757 49.071793
-2 5 49.071793 59.097165
-2 6 59.097165 64.000000
=== END ===

=== PRIMITIVE ===
ID: 311
StartHeadingNum: 3
Goal: i=6 j=2 heading=4
Length: 6.408882
ExecutionTime(ticks): 64
TotalHeadingChange: 0.5061
BendingEnergy: 0.0613
---
Trajectory(x,y):
0.000 0.000
0.046 0.091
0.091 0.182
0.137 0.273
0.183 0.364
0.228 0.454
0.275 0.545
0.321 0.636
0.367 0.726
0.414 0.817
0.461 0.907
0.508 0.997
0.555 1.087
0.603 1.177
0.650 1.267
0.697 1.357
0.745 1.447
0.792 1.537
0.840 1.627
0.887 1.717
0.934 1.808
0.980 1.898
1.027 1.988
1.073 2.079
1.118 2.170
1.164 2.261
1.208 2.353
1.252 2.445
1.295 2.537
1.337 2.629
1.379 2.722
1.419 2.816
1.459 2.909
1.497 3.003
1.535 3.098
1.571 3.193
1.606 3.289
1.639 3.385
1.671 3.481
1.702 3.578
1.731 3.676
1.759 3.774
1.785 3.872
1.810 3.970
1.833 4.070
1.854 4.169
1.874 4.269
1.892 4.369
1.909 4.469
1.924 4.570
1.937 4.671
1.949 4.772
1.959 4.873
1.968 4.974
1.975 5.076
1.981 5.177
1.986 5.279
1.990 5.381
1.993 5.482
1.995 5.584
1.996 5.686
1.997 5.787
1.997 5.889
1.997 5.991
---
CollisionFootprint(i, j, t_in, t_out):
0 0 0.000000 5.589901
1 0 5.589901 11.000546
1 1 11.000546 16.850594
2 1 16.850594 28.039384
3 1 28.039384 33.598827
3 2 33.598827 38.799757
4 2 38.799757 49.071793
5 2 49.071793 59.097165
6 2 59.097165 64.000000
=== END ===

=== PRIMITIVE ===
ID: 312
StartHeadingNum: 1
Goal: i=0 j=8 heading=15
Length: 8.423258
ExecutionTime(ticks): 84
TotalHeadingChange: 0.9261
BendingEnergy: 0.1222
---
Trajectory(x,y):
0.000 0.000
0.091 0.045
0.182 0.091
0.272 0.136
0.363 0.181
0.455 0.225
0.546 0.270
0.637 0.314
0.729 0.357
0.821 0.400
0.913 0.442
1.006 0.484
1.099 0.525
1.192 0.565
1.286 0.604
1.379 0.643
1.474 0.680
1.568 0.717
1.664 0.752
1.759 0.787
1.855 0.820
1.951 0.852
2.048 0.883
2.145 0.912
2.242 0.941
2.340 0.967
2.438 0.993
2.537 1.017
2.636 1.040
2.735 1.061
2.835 1.081
2.935 1.099
3.035 1.115
3.135 1.130
3.236 1.144
3.337 1.155
3.438 1.165
3.539 1.174
3.640 1.181
3.741 1.186
3.843 1.189
3.944 1.191
4.046 1.191
4.147 1.189
4.249 1.185
4.350 1.180
4.451 1.173
4.552 1.165
4.653 1.155
4.754 1.143
4.855 1.130
4.955 1.115
5.055 1.098
5.155 1.080
5.255 1.060
5.354 1.039
5.453 1.016
5.551 0.992
5.649 0.967
5.747 0.940
5.845 0.911
5.942 0.882
6.039 0.851
6.135 0.819
6.231 0.786
6.326 0.751
6.421 0.716
6.516 0.679
6.610 0.642
6.704 0.603
6.798 0.564
6.891 0.524
6.984 0.483
7.077 0.442
7.169 0.400
7.261 0.357
7.353 0.313
7.444 0.270
7.536 0.225
7.627 0.181
7.718 0.136
7.809 0.091
7.900 0.046
7.990 0.001
---
CollisionFootprint(i, j, t_in, t_out):
0 0 0.000000 5.564198
0 1 5.564198 11.528796
1 1 11.528796 16.473199
1 2 16.473199 26.945400
1 3 26.945400 37.058589
1 4 37.058589 47.042134
1 5 47.042134 57.160309
1 6 57.160309 67.635502
1 7 67.635502 72.456245
0 7 72.456245 78.545500
0 8 78.545500 84.000000
=== END ===

=== PRIMITIVE ===
ID: 313
StartHeadingNum: 5
Goal: i=8 j=0 heading=3
Length: 8.423258
ExecutionTime(ticks): 84
TotalHeadingChange: 0.9261
BendingEnergy: 0.1222
---
Trajectory(x,y):
0.000 0.000
-0.045 0.091
-0.091 0.182
-0.136 0.272
-0.181 0.363
-0.225 0.455
-0.270 0.546
-0.314 0.637
-0.357 0.729
-0.400 0.821
-0.442 0.913
-0.484 1.006
-0.525 1.099
-0.565 1.192
-0.604 1.286
-0.643 1.379
-0.680 1.474
-0.717 1.568
-0.752 1.664
-0.787 1.759
-0.820 1.855
-0.852 1.951
-0.883 2.048
-0.912 2.145
-0.941 2.242
-0.967 2.340
-0.993 2.438
-1.017 2.537
-1.040 2.636
-1.061 2.735
-1.081 2.835
-1.099 2.935
-1.115 3.035
-1.130 3.135
-1.144 3.236
-1.155 3.337
-1.165 3.438
-1.174 3.539
-1.181 3.640
-1.186 3.741
-1.189 3.843
-1.191 3.944
-1.191 4.046
-1.189 4.147
-1.185 4.249
-1.180 4.350
-1.173 4.451
-1.165 4.552
-1.155 4.653
-1.143 4.754
-1.130 4.855
-1.115 4.955
-1.098 5.055
-1.080 5.155
-1.060 5.255
-1.039 5.354
-1.016 5.453
-0.992 5.551
-0.967 5.649
-0.940 5.747
-0.911 5.845
-0.882 5.942
-0.851 6.039
-0.819 6.135
-0.786 6.231
-0.751 6.326
-0.716 6.421
-0.679 6.516
-0.642 6.610
-0.603 6.704
-0.564 6.798
-0.524 6.891
-0.483 6.984
-0.442 7.077
-0.400 7.169
-0.357 7.261
-0.313 7.353
-0.270 7.444
-0.225 7.536
-0.181 7.627
-0.136 7.718
-0.091 7.809
-0.046 7.900
-0.001 7.990
---
CollisionFootprint(i, j, t_in, t_out):
0 0 0.000000 5.564198
1 0 5.564198 11.528796
1 -1 11.528796 16.473199
2 -1 16.473199 26.945400
3 -1 26.945400 37.058589
4 -1 37.058589 47.042134
5 -1 47.042134 57.160309
6 -1 57.160309 67.635502
7 -1 67.635502 72.456245
7 0 72.456245 78.545500
8 0 78.545500 84.000000
=== END ===

=== PRIMITIVE ===
ID: 314
StartHeadingNum: 9
Goal: i=0 j=-8 heading=7
Length: 8.423258
ExecutionTime(ticks): 84
TotalHeadingChange: 0.9261
BendingEnergy: 0.1222
---
Trajectory(x,y):
0.000 0.000
-0.091 -0.045
-0.182 -0.091
-0.272 -0.136
-0.363 -0.181
-0.455 -0.225
-0.546 -0.270
-0.637 -0.314
-0.729 -0.357
-0.821 -0.400
-0.913 -0.442
-1.006 -0.484
-1.099 -0.525
-1.192 -0.565
-1.286 -0.604
-1.379 -0.643
-1.474 -0.680
-1.568 -0.717
-1.664 -0.752
-1.759 -0.787
-1.855 -0.820
-1.951 -0.852
-2.048 -0.883
-2.145 -0.912
-2.242 -0.941
-2.340 -0.967
-2.438 -0.993
-2.537 -1.017
-2.636 -1.040
-2.735 -1.061
-2.835 -1.081
-2.935 -1.099
-3.035 -1.115
-3.135 -1.130
-3.236 -1.144
-3.337 -1.155
-3.438 -1.165
-3.539 -1.174
-3.640 -1.181
-3.741 -1.186
-3.843 -1.189
-3.944 -1.191
-4.046 -1.191
-4.147 -1.189
-4.249 -1.185
-4.350 -1.180
-4.451 -1.173
-4.552 -1.165
-4.653 -1.155
-4.754 -1.143
-4.855 -1.130
-4.955 -1.115
-5.055 -1.098
-5.155 -1.080
-5.255 -1.060
-5.354 -1.039
-5.453 -1.016
-5.551 -0.992
-5.649 -0.967
-5.747 -0.940
-5.845 -0.911
-5.942 -0.882
-6.039 -0.851
-6.135 -0.819
-6.231 -0.786
-6.326 -0.751
-6.421 -0.716
-6.516 -0.679
-6.610 -0.642
-6.704 -0.603
-6.798 -0.564
-6.891 -0.524
-6.984 -0.483
-7.077 -0.442
-7.169 -0.400
-7.261 -0.357
-7.353 -0.313
-7.444 -0.270
-7.536 -0.225
-7.627 -0.181
-7.718 -0.136
-7.809 -0.091
-7.900 -0.046
-7.990 -0.001
---
CollisionFootprint(i, j, t_in, t_out):
0 0 0.000000 5.564198
0 -1 5.564198 11.528796
-1 -1 11.528796 16.473199
-1 -2 16.473199 26.945400
-1 -3 26.945400 37.058589
-1 -4 37.058589 47.042134
-1 -5 47.042134 57.160309
-1 -6 57.160309 67.635502
-1 -7 67.635502 72.456245
0 -7 72.456245 78.545500
0 -8 78.545500 84.000000
=== END ===

=== PRIMITIVE ===
ID: 315
StartHeadingNum: 13
Goal: i=-8 j=0 heading=11
Length: 8.423258
ExecutionTime(ticks): 84
TotalHeadingChange: 0.9261
BendingEnergy: 0.1222
---
Trajectory(x,y):
0.000 0.000
0.045 -0.091
0.091 -0.182
0.136 -0.272
0.181 -0.363
0.225 -0.455
0.270 -0.546
0.314 -0.637
0.357 -0.729
0.400 -0.821
0.442 -0.913
0.484 -1.006
0.525 -1.099
0.565 -1.192
0.604 -1.286
0.643 -1.379
0.680 -1.474
0.717 -1.568
0.752 -1.664
0.787 -1.759
0.820 -1.855
0.852 -1.951
0.883 -2.048
0.912 -2.145
0.941 -2.242
0.967 -2.340
0.993 -2.438
1.017 -2.537
1.040 -2.636
1.061 -2.735
1.081 -2.835
1.099 -2.935
1.115 -3.035
1.130 -3.135
1.144 -3.236
1.155 -3.337
1.165 -3.438
1.174 -3.539
1.181 -3.640
1.186 -3.741
1.189 -3.843
1.191 -3.944
1.191 -4.046
1.189 -4.147
1.185 -4.249
1.180 -4.350
1.173 -4.451
1.165 -4.552
1.155 -4.653
1.143 -4.754
1.130 -4.855
1.115 -4.955
1.098 -5.055
1.080 -5.155
1.060 -5.255
1.039 -5.354
1.016 -5.453
0.992 -5.551
0.967 -5.649
0.940 -5.747
0.911 -5.845
0.882 -5.942
0.851 -6.039
0.819 -6.135
0.786 -6.231
0.751 -6.326
0.716 -6.421
0.679 -6.516
0.642 -6.610
0.603 -6.704
0.564 -6.798
0.524 -6.891
0.483 -6.984
0.442 -7.077
0.400 -7.169
0.357 -7.261
0.313 -7.353
0.270 -7.444
0.225 -7.536
0.181 -7.627
0.136 -7.718
0.091 -7.809
0.046 -7.900
0.001 -7.990
---
CollisionFootprint(i, j, t_in, t_out):
0 0 0.000000 5.564198
-1 0 5.564198 11.528796
-1 1 11.528796 16.473199
-2 1 16.473199 26.945400
-3 1 26.945400 37.058589
-4 1 37.058589 47.042134
-5 1 47.042134 57.160309
-6 1 57.160309 67.635502
-7 1 67.635502 72.456245
-7 0 72.456245 78.545500
-8 0 78.545500 84.000000
=== END ===

=== PRIMITIVE ===
ID: 316
StartHeadingNum: 7
Goal: i=0 j=-8 heading=9
Length: 8.423258
ExecutionTime(ticks): 84
TotalHeadingChange: 0.9261
BendingEnergy: 0.1222
---
Trajectory(x,y):
0.000 0.000
-0.091 0.045
-0.182 0.091
-0.272 0.136
-0.363 0.181
-0.455 0.225
-0.546 0.270
-0.637 0.314
-0.729 0.357
-0.821 0.400
-0.913 0.442
-1.006 0.484
-1.099 0.525
-1.192 0.565
-1.286 0.604
-1.379 0.643
-1.474 0.680
-1.568 0.717
-1.664 0.752
-1.759 0.787
-1.855 0.820
-1.951 0.852
-2.048 0.883
-2.145 0.912
-2.242 0.941
-2.340 0.967
-2.438 0.993
-2.537 1.017
-2.636 1.040
-2.735 1.061
-2.835 1.081
-2.935 1.099
-3.035 1.115
-3.135 1.130
-3.236 1.144
-3.337 1.155
-3.438 1.165
-3.539 1.174
-3.640 1.181
-3.741 1.186
-3.843 1.189
-3.944 1.191
-4.046 1.191
-4.147 1.189
-4.249 1.185
-4.350 1.180
-4.451 1.173
-4.552 1.165
-4.653 1.155
-4.754 1.143
-4.855 1.130
-4.955 1.115
-5.055 1.098
-5.155 1.080
-5.255 1.060
-5.354 1.039
-5.453 1.016
-5.551 0.992
-5.649 0.967
-5.747 0.940
-5.845 0.911
-5.942 0.882
-6.039 0.851
-6.135 0.819
-6.231 0.786
-6.326 0.751
-6.421 0.716
-6.516 0.679
-6.610 0.642
-6.704 0.603
-6.798 0.564
-6.891 0.524
-6.984 0.483
-7.077 0.442
-7.169 0.400
-7.261 0.357
-7.353 0.313
-7.444 0.270
-7.536 0.225
-7.627 0.181
-7.718 0.136
-7.809 0.091
-7.900 0.046
-7.990 0.001
---
CollisionFootprint(i, j, t_in, t_out):
0 0 0.000000 5.564198
0 -1 5.564198 11.528796
1 -1 11.528796 16.473199
1 -2 16.473199 26.945400
1 -3 26.945400 37.058589
1 -4 37.058589 47.042134
1 -5 47.042134 57.160309
1 -6 57.160309 67.635502
1 -7 67.635502 72.456245
0 -7 72.456245 78.545500
0 -8 78.545500 84.000000
=== END ===

=== PRIMITIVE ===
ID: 317
StartHeadingNum: 11
Goal: i=-8 j=0 heading=13
Length: 8.423258
ExecutionTime(ticks): 84
TotalHeadingChange: 0.9261
BendingEnergy: 0.1222
---
Trajectory(x,y):
0.000 0.000
-0.045 -0.091
-0.091 -0.182
-0.136 -0.272
-0.181 -0.363
-0.225 -0.455
-0.270 -0.546
-0.314 -0.637
-0.357 -0.729
-0.400 -0.821
-0.442 -0.913
-0.484 -1.006
-0.525 -1.099
-0.565 -1.192
-0.604 -1.286
-0.643 -1.379
-0.680 -1.474
-0.717 -1.568
-0.752 -1.664
-0.787 -1.759
-0.820 -1.855
-0.852 -1.951
-0.883 -2.048
-0.912 -2.145
-0.941 -2.242
-0.967 -2.340
-0.993 -2.438
-1.017 -2.537
-1.040 -2.636
-1.061 -2.735
-1.081 -2.835
-1.099 -2.935
-1.115 -3.035
-1.130 -3.135
-1.144 -3.236
-1.155 -3.337
-1.165 -3.438
-1.174 -3.539
-1.181 -3.640
-1.186 -3.741
-1.189 -3.843
-1.191 -3.944
-1.191 -4.046
-1.189 -4.147
-1.185 -4.249
-1.180 -4.350
-1.173 -4.451
-1.165 -4.552
-1.155 -4.653
-1.143 -4.754
-1.130 -4.855
-1.115 -4.955
-1.098 -5.055
-1.080 -5.155
-1.060 -5.255
-1.039 -5.354
-1.016 -5.453
-0.992 -5.551
-0.967 -5.649
-0.940 -5.747
-0.911 -5.845
-0.882 -5.942
-0.851 -6.039
-0.819 -6.135
-0.786 -6.231
-0.751 -6.326
-0.716 -6.421
-0.679 -6.516
-0.642 -6.610
-0.603 -6.704
-0.564 -6.798
-0.524 -6.891
-0.483 -6.984
-0.442 -7.077
-0.400 -7.169
-0.357 -7.261
-0.313 -7.353
-0.270 -7.444
-0.225 -7.536
-0.181 -7.627
-0.136 -7.718
-0.091 -7.809
-0.046 -7.900
-0.001 -7.990
---
CollisionFootprint(i, j, t_in, t_out):
0 0 0.000000 5.564198
-1 0 5.564198 11.528796
-1 -1 11.528796 16.473199
-2 -1 16.473199 26.945400
-3 -1 26.945400 37.058589
-4 -1 37.058589 47.042134
-5 -1 47.042134 57.160309
-6 -1 57.160309 67.635502
-7 -1 67.635502 72.456245
-7 0 72.456245 78.545500
-8 0 78.545500 84.000000
=== END ===

=== PRIMITIVE ===
ID: 318
StartHeadingNum: 15
Goal: i=0 j=8 heading=1
Length: 8.423258
ExecutionTime(ticks): 84
TotalHeadingChange: 0.9261
BendingEnergy: 0.1222
---
Trajectory(x,y):
0.000 0.000
0.091 -0.045
0.182 -0.091
0.272 -0.136
0.363 -0.181
0.455 -0.225
0.546 -0.270
0.637 -0.314
0.729 -0.357
0.821 -0.400
0.913 -0.442
1.006 -0.484
1.099 -0.525
1.192 -0.565
1.286 -0.604
1.379 -0.643
1.474 -0.680
1.568 -0.717
1.664 -0.752
1.759 -0.787
1.855 -0.820
1.951 -0.852
2.048 -0.883
2.145 -0.912
2.242 -0.941
2.340 -0.967
2.438 -0.993
2.537 -1.017
2.636 -1.040
2.735 -1.061
2.835 -1.081
2.935 -1.099
3.035 -1.115
3.135 -1.130
3.236 -1.144
3.337 -1.155
3.438 -1.165
3.539 -1.174
3.640 -1.181
3.741 -1.186
3.843 -1.189
3.944 -1.191
4.046 -1.191
4.147 -1.189
4.249 -1.185
4.350 -1.180
4.451 -1.173
4.552 -1.165
4.653 -1.155
4.754 -1.143
4.855 -1.130
4.955 -1.115
5.055 -1.098
5.155 -1.080
5.255 -1.060
5.354 -1.039
5.453 -1.016
5.551 -0.992
5.649 -0.967
5.747 -0.940
5.845 -0.911
5.942 -0.882
6.039 -0.851
6.135 -0.819
6.231 -0.786
6.326 -0.751
6.421 -0.716
6.516 -0.679
6.610 -0.642
6.704 -0.603
6.798 -0.564
6.891 -0.524
6.984 -0.483
7.077 -0.442
7.169 -0.400
7.261 -0.357
7.353 -0.313
7.444 -0.270
7.536 -0.225
7.627 -0.181
7.718 -0.136
7.809 -0.091
7.900 -0.046
7.990 -0.001
---
CollisionFootprint(i, j, t_in, t_out):
0 0 0.000000 5.564198
0 1 5.564198 11.528796
-1 1 11.528796 16.473199
-1 2 16.473199 26.945400
-1 3 26.945400 37.058589
-1 4 37.058589 47.042134
-1 5 47.042134 57.160309
-1 6 57.160309 67.635502
-1 7 67.635502 72.456245
0 7 72.456245 78.545500
0 8 78.545500 84.000000
=== END ===

=== PRIMITIVE ===
ID: 319
StartHeadingNum: 3
Goal: i=8 j=0 heading=5
Length: 8.423258
ExecutionTime(ticks): 84
TotalHeadingChange: 0.9261
BendingEnergy: 0.1222
---
Trajectory(x,y):
0.000 0.000
0.045 0.091
0.091 0.182
0.136 0.272
0.181 0.363
0.225 0.455
0.270 0.546
0.314 0.637
0.357 0.729
0.400 0.821
0.442 0.913
0.484 1.006
0.525 1.099
0.565 1.192
0.604 1.286
0.643 1.379
0.680 1.474
0.717 1.568
0.752 1.664
0.787 1.759
0.820 1.855
0.852 1.951
0.883 2.048
0.912 2.145
0.941 2.242
0.967 2.340
0.993 2.438
1.017 2.537
1.040 2.636
1.061 2.735
1.081 2.835
1.099 2.935
1.115 3.035
1.130 3.135
1.144 3.236
1.155 3.337
1.165 3.438
1.174 3.539
1.181 3.640
1.186 3.741
1.189 3.843
1.191 3.944
1.191 4.046
1.189 4.147
1.185 4.249
1.180 4.350
1.173 4.451
1.165 4.552
1.155 4.653
1.143 4.754
1.130 4.855
1.115 4.955
1.098 5.055
1.080 5.155
1.060 5.255
1.039 5.354
1.016 5.453
0.992 5.551
0.967 5.649
0.940 5.747
0.911 5.845
0.882 5.942
0.851 6.039
0.819 6.135
0.786 6.231
0.751 6.326
0.716 6.421
0.679 6.516
0.642 6.610
0.603 6.704
0.564 6.798
0.524 6.891
0.483 6.984
0.442 7.077
0.400 7.169
0.357 7.261
0.313 7.353
0.270 7.444
0.225 7.536
0.181 7.627
0.136 7.718
0.091 7.809
0.046 7.900
0.001 7.990
---
CollisionFootprint(i, j, t_in, t_out):
0 0 0.000000 5.564198
1 0 5.564198 11.528796
1 1 11.528796 16.473199
2 1 16.473199 26.945400
3 1 26.945400 37.058589
4 1 37.058589 47.042134
5 1 47.042134 57.160309
6 1 57.160309 67.635502
7 1 67.635502 72.456245
7 0 72.456245 78.545500
8 0 78.545500 84.000000
=== END ===

=== PRIMITIVE ===
ID: 320
StartHeadingNum: 1
Goal: i=2 j=2 heading=3
Length: 2.891007
ExecutionTime(ticks): 29
TotalHeadingChange: 0.6405
BendingEnergy: 0.1703
---
Trajectory(x,y):
0.000 0.000
0.096 0.048
0.191 0.096
0.286 0.146
0.380 0.197
0.474 0.249
0.566 0.303
0.657 0.360
0.746 0.419
0.833 0.481
0.919 0.546
1.002 0.613
1.083 0.683
1.161 0.756
1.237 0.832
1.310 0.910
1.380 0.991
1.447 1.075
1.512 1.160
1.574 1.247
1.633 1.337
1.690 1.427
1.744 1.519
1.797 1.613
1.848 1.707
1.898 1.802
1.946 1.897
1.995 1.993
---
CollisionFootprint(i, j, t_in, t_out):
0 0 0.000000 5.673302
0 1 5.673302 9.984832
1 1 9.984832 19.130530
1 2 19.130530 23.403940
2 2 23.403940 29.000000
=== END ===

=== PRIMITIVE ===
ID: 321
StartHeadingNum: 5
Goal: i=2 j=-2 heading=7
Length: 2.891007
ExecutionTime(ticks): 29
TotalHeadingChange: 0.6405
BendingEnergy: 0.1703
---
Trajectory(x,y):
0.000 0.000
-0.048 0.096
-0.096 0.191
-0.146 0.286
-0.197 0.380
-0.249 0.474
-0.303 0.566
-0.360 0.657
-0.419 0.746
-0.481 0.833
-0.546 0.919
-0.613 1.002
-0.683 1.083
-0.756 1.161
-0.832 1.237
-0.910 1.310
-0.991 1.380
-1.075 1.447
-1.160 1.512
-1.247 1.574
-1.337 1.633
-1.427 1.690
-1.519 1.744
-1.613 1.797
-1.707 1.848
-1.802 1.898
-1.897 1.946
-1.993 1.995
---
CollisionFootprint(i, j, t_in, t_out):
0 0 0.000000 5.673302
1 0 5.673302 9.984832
1 -1 9.984832 19.130530
2 -1 19.130530 23.403940
2 -2 23.403940 29.000000
=== END ===

=== PRIMITIVE ===
ID: 322
StartHeadingNum: 9
Goal: i=-2 j=-2 heading=11
Length: 2.891007
ExecutionTime(ticks): 29
TotalHeadingChange: 0.6405
BendingEnergy: 0.1703
---
Trajectory(x,y):
0.000 0.000
-0.096 -0.048
-0.191 -0.096
-0.286 -0.146
-0.380 -0.197
-0.474 -0.249
-0.566 -0.303
-0.657 -0.360
-0.746 -0.419
-0.833 -0.481
-0.919 -0.546
-1.002 -0.613
-1.083 -0.683
-1.161 -0.756
-1.237 -0.832
-1.310 -0.910
-1.380 -0.991
-1.447 -1.075
-1.512 -1.160
-1.574 -1.247
-1.633 -1.337
-1.690 -1.427
-1.744 -1.519
-1.797 -1.613
-1.848 -1.707
-1.898 -1.802
-1.946 -1.897
-1.995 -1.993
---
CollisionFootprint(i, j, t_in, t_out):
0 0 0.000000 5.673302
0 -1 5.673302 9.984832
-1 -1 9.984832 19.130530
-1 -2 19.130530 23.403940
-2 -2 23.403940 29.000000
=== END ===

=== PRIMITIVE ===
ID: 323
StartHeadingNum: 13
Goal: i=-2 j=2 heading=15
Length: 2.891007
ExecutionTime(ticks): 29
TotalHeadingChange: 0.6405
BendingEnergy: 0.1703
---
Trajectory(x,y):
0.000 0.000
0.048 -0.096
0.096 -0.191
0.146 -0.286
0.197 -0.380
0.249 -0.474
0.303 -0.566
0.360 -0.657
0.419 -0.746
0.481 -0.833
0.546 -0.919
0.613 -1.002
0.683 -1.083
0.756 -1.161
0.832 -1.237
0.910 -1.310
0.991 -1.380
1.075 -1.447
1.160 -1.512
1.247 -1.574
1.337 -1.633
1.427 -1.690
1.519 -1.744
1.613 -1.797
1.707 -1.848
1.802 -1.898
1.897 -1.946
1.993 -1.995
---
CollisionFootprint(i, j, t_in, t_out):
0 0 0.000000 5.673302
-1 0 5.673302 9.984832
-1 1 9.984832 19.130530
-2 1 19.130530 23.403940
-2 2 23.403940 29.000000
=== END ===

=== PRIMITIVE ===
ID: 324
StartHeadingNum: 7
Goal: i=2 j=-2 heading=5
Length: 2.891007
ExecutionTime(ticks): 29
TotalHeadingChange: 0.6405
BendingEnergy: 0.1703
---
Trajectory(x,y):
0.000 0.000
-0.096 0.048
-0.191 0.096
-0.286 0.146
-0.380 0.197
-0.474 0.249
-0.566 0.303
-0.657 0.360
-0.746 0.419
-0.833 0.481
-0.919 0.546
-1.002 0.613
-1.083 0.683
-1.161 0.756
-1.237 0.832
-1.310 0.910
-1.380 0.991
-1.447 1.075
-1.512 1.160
-1.574 1.247
-1.633 1.337
-1.690 1.427
-1.744 1.519
-1.797 1.613
-1.848 1.707
-1.898 1.802
-1.946 1.897
-1.995 1.993
---
CollisionFootprint(i, j, t_in, t_out):
0 0 0.000000 5.673302
0 -1 5.673302 9.984832
1 -1 9.984832 19.130530
1 -2 19.130530 23.403940
2 -2 23.403940 29.000000
=== END ===

=== PRIMITIVE ===
ID: 325
StartHeadingNum: 11
Goal: i=-2 j=-2 heading=9
Length: 2.891007
ExecutionTime(ticks): 29
TotalHeadingChange: 0.6405
BendingEnergy: 0.1703
---
Trajectory(x,y):
0.000 0.000
-0.048 -0.096
-0.096 -0.191
-0.146 -0.286
-0.197 -0.380
-0.249 -0.474
-0.303 -0.566
-0.360 -0.657
-0.419 -0.746
-0.481 -0.833
-0.546 -0.919
-0.613 -1.002
-0.683 -1.083
-0.756 -1.161
-0.832 -1.237
-0.910 -1.310
-0.991 -1.380
-1.075 -1.447
-1.160 -1.512
-1.247 -1.574
-1.337 -1.633
-1.427 -1.690
-1.519 -1.744
-1.613 -1.797
-1.707 -1.848
-1.802 -1.898
-1.897 -1.946
-1.993 -1.995
---
CollisionFootprint(i, j, t_in, t_out):
0 0 0.000000 5.673302
-1 0 5.673302 9.984832
-1 -1 9.984832 19.130530
-2 -1 19.130530 23.403940
-2 -2 23.403940 29.000000
=== END ===

=== PRIMITIVE ===
ID: 326
StartHeadingNum: 15
Goal: i=-2 j=2 heading=13
Length: 2.891007
ExecutionTime(ticks): 29
TotalHeadingChange: 0.6405
BendingEnergy: 0.1703
---
Trajectory(x,y):
0.000 0.000
0.096 -0.048
0.191 -0.096
0.286 -0.146
0.380 -0.197
0.474 -0.249
0.566 -0.303
0.657 -0.360
0.746 -0.419
0.833 -0.481
0.919 -0.546
1.002 -0.613
1.083 -0.683
1.161 -0.756
1.237 -0.832
1.310 -0.910
1.380 -0.991
1.447 -1.075
1.512 -1.160
1.574 -1.247
1.633 -1.337
1.690 -1.427
1.744 -1.519
1.797 -1.613
1.848 -1.707
1.898 -1.802
1.946 -1.897
1.995 -1.993
---
CollisionFootprint(i, j, t_in, t_out):
0 0 0.000000 5.673302
0 1 5.673302 9.984832
-1 1 9.984832 19.130530
-1 2 19.130530 23.403940
-2 2 23.403940 29.000000
=== END ===

=== PRIMITIVE ===
ID: 327
StartHeadingNum: 3
Goal: i=2 j=2 heading=1
Length: 2.891007
ExecutionTime(ticks): 29
TotalHeadingChange: 0.6405
BendingEnergy: 0.1703
---
Trajectory(x,y):
0.000 0.000
0.048 0.096
0.096 0.191
0.146 0.286
0.197 0.380
0.249 0.474
0.303 0.566
0.360 0.657
0.419 0.746
0.481 0.833
0.546 0.919
0.613 1.002
0.683 1.083
0.756 1.161
0.832 1.237
0.910 1.310
0.991 1.380
1.075 1.447
1.160 1.512
1.247 1.574
1.337 1.633
1.427 1.690
1.519 1.744
1.613 1.797
1.707 1.848
1.802 1.898
1.897 1.946
1.993 1.995
---
CollisionFootprint(i, j, t_in, t_out):
0 0 0.000000 5.673302
1 0 5.673302 9.984832
1 1 9.984832 19.130530
2 1 19.130530 23.403940
2 2 23.403940 29.000000
=== END ===

=== PRIMITIVE ===
ID: 328
StartHeadingNum: 1
Goal: i=3 j=2 heading=4
Length: 3.879082
ExecutionTime(ticks): 39
TotalHeadingChange: 1.1037
BendingEnergy: 0.3813
---
Trajectory(x,y):
0.000 0.000
0.094 0.047
0.187 0.094
0.281 0.142
0.373 0.191
0.465 0.241
0.557 0.293
0.647 0.346
0.736 0.401
0.824 0.459
0.910 0.519
0.994 0.582
1.076 0.647
1.155 0.715
1.232 0.786
1.306 0.860
1.377 0.937
1.445 1.017
1.509 1.100
1.570 1.186
1.626 1.274
1.679 1.365
1.727 1.458
1.771 1.553
1.811 1.650
1.846 1.749
1.877 1.849
1.904 1.950
1.927 2.053
1.946 2.156
1.961 2.259
1.973 2.364
1.982 2.468
1.988 2.573
1.992 2.677
1.995 2.782
1.996 2.887
1.996 2.992
---
CollisionFootprint(i, j, t_in, t_out):
0 0 0.000000 5.668166
0 1 5.668166 10.212754
1 1 10.212754 18.815296
1 2 18.815296 23.657493
2 2 23.657493 34.051729
3 2 34.051729 39.000000
=== END ===

=== PRIMITIVE ===
ID: 329
StartHeadingNum: 5
Goal: i=2 j=-3 heading=8
Length: 3.879082
ExecutionTime(ticks): 39
TotalHeadingChange: 1.1037
BendingEnergy: 0.3813
---
Trajectory(x,y):
0.000 0.000
-0.047 0.094
-0.094 0.187
-0.142 0.281
-0.191 0.373
-0.241 0.465
-0.293 0.557
-0.346 0.647
-0.401 0.736
-0.459 0.824
-0.519 0.910
-0.582 0.994
-0.647 1.076
-0.715 1.155
-0.786 1.232
-0.860 1.306
-0.937 1.377
-1.017 1.445
-1.100 1.509
-1.186 1.570
-1.274 1.626
-1.365 1.679
-1.458 1.727
-1.553 1.771
-1.650 1.811
-1.749 1.846
-1.849 1.877
-1.950 1.904
-2.053 1.927
-2.156 1.946
-2.259 1.961
-2.364 1.973
-2.468 1.982
-2.573 1.988
-2.677 1.992
-2.782 1.995
-2.887 1.996
-2.992 1.996
---
CollisionFootprint(i, j, t_in, t_out):
0 0 0.000000 5.668166
1 0 5.668166 10.212754
1 -1 10.212754 18.815296
2 -1 18.815296 23.657493
2 -2 23.657493 34.051729
2 -3 34.051729 39.000000
=== END ===

=== PRIMITIVE ===
ID: 330
StartHeadingNum: 9
Goal: i=-3 j=-2 heading=12
Length: 3.879082
ExecutionTime(ticks): 39
TotalHeadingChange: 1.1037
BendingEnergy: 0.3813
---
Trajectory(x,y):
0.000 0.000
-0.094 -0.047
-0.187 -0.094
-0.281 -0.142
-0.373 -0.191
-0.465 -0.241
-0.557 -0.293
-0.647 -0.346
-0.736 -0.401
-0.824 -0.459
-0.910 -0.519
-0.994 -0.582
-1.076 -0.647
-1.155 -0.715
-1.232 -0.786
-1.306 -0.860
-1.377 -0.937
-1.445 -1.017
-1.509 -1.100
-1.570 -1.186
-1.626 -1.274
-1.679 -1.365
-1.727 -1.458
-1.771 -1.553
-1.811 -1.650
-1.846 -1.749
-1.877 -1.849
-1.904 -1.950
-1.927 -2.053
-1.946 -2.156
-1.961 -2.259
-1.973 -2.364
-1.982 -2.468
-1.988 -2.573
-1.992 -2.677
-1.995 -2.782
-1.996 -2.887
-1.996 -2.992
---
CollisionFootprint(i, j, t_in, t_out):
0 0 0.000000 5.668166
0 -1 5.668166 10.212754
-1 -1 10.212754 18.815296
-1 -2 18.815296 23.657493
-2 -2 23.657493 34.051729
-3 -2 34.051729 39.000000
=== END ===

=== PRIMITIVE ===
ID: 331
StartHeadingNum: 13
Goal: i=-2 j=3 heading=0
Length: 3.879082
ExecutionTime(ticks): 39
TotalHeadingChange: 1.1037
BendingEnergy: 0.3813
---
Trajectory(x,y):
0.000 0.000
0.047 -0.094
0.094 -0.187
0.142 -0.281
0.191 -0.373
0.241 -0.465
0.293 -0.557
0.346 -0.647
0.401 -0.736
0.459 -0.824
0.519 -0.910
0.582 -0.994
0.647 -1.076
0.715 -1.155
0.786 -1.232
0.860 -1.306
0.937 -1.377
1.017 -1.445
1.100 -1.509
1.186 -1.570
1.274 -1.626
1.365 -1.679
1.458 -1.727
1.553 -1.771
1.650 -1.811
1.749 -1.846
1.849 -1.877
1.950 -1.904
2.053 -1.927
2.156 -1.946
2.259 -1.961
2.364 -1.973
2.468 -1.982
2.573 -1.988
2.677 -1.992
2.782 -1.995
2.887 -1.996
2.992 -1.996
---
CollisionFootprint(i, j, t_in, t_out):
0 0 0.000000 5.668166
-1 0 5.668166 10.212754
-1 1 10.212754 18.815296
-2 1 18.815296 23.657493
-2 2 23.657493 34.051729
-2 3 34.051729 39.000000
=== END ===

=== PRIMITIVE ===
ID: 332
StartHeadingNum: 7
Goal: i=3 j=-2 heading=4
Length: 3.879082
ExecutionTime(ticks): 39
TotalHeadingChange: 1.1037
BendingEnergy: 0.3813
---
Trajectory(x,y):
0.000 0.000
-0.094 0.047
-0.187 0.094
-0.281 0.142
-0.373 0.191
-0.465 0.241
-0.557 0.293
-0.647 0.346
-0.736 0.401
-0.824 0.459
-0.910 0.519
-0.994 0.582
-1.076 0.647
-1.155 0.715
-1.232 0.786
-1.306 0.860
-1.377 0.937
-1.445 1.017
-1.509 1.100
-1.570 1.186
-1.626 1.274
-1.679 1.365
-1.727 1.458
-1.771 1.553
-1.811 1.650
-1.846 1.749
-1.877 1.849
-1.904 1.950
-1.927 2.053
-1.946 2.156
-1.961 2.259
-1.973 2.364
-1.982 2.468
-1.988 2.573
-1.992 2.677
-1.995 2.782
-1.996 2.887
-1.996 2.992
---
CollisionFootprint(i, j, t_in, t_out):
0 0 0.000000 5.668166
0 -1 5.668166 10.212754
1 -1 10.212754 18.815296
1 -2 18.815296 23.657493
2 -2 23.657493 34.051729
3 -2 34.051729 39.000000
=== END ===

=== PRIMITIVE ===
ID: 333
StartHeadingNum: 11
Goal: i=-2 j=-3 heading=8
Length: 3.879082
ExecutionTime(ticks): 39
TotalHeadingChange: 1.1037
BendingEnergy: 0.3813
---
Trajectory(x,y):
0.000 0.000
-0.047 -0.094
-0.094 -0.187
-0.142 -0.281
-0.191 -0.373
-0.241 -0.465
-0.293 -0.557
-0.346 -0.647
-0.401 -0.736
-0.459 -0.824
-0.519 -0.910
-0.582 -0.994
-0.647 -1.076
-0.715 -1.155
-0.786 -1.232
-0.860 -1.306
-0.937 -1.377
-1.017 -1.445
-1.100 -1.509
-1.186 -1.570
-1.274 -1.626
-1.365 -1.679
-1.458 -1.727
-1.553 -1.771
-1.650 -1.811
-1.749 -1.846
-1.849 -1.877
-1.950 -1.904
-2.053 -1.927
-2.156 -1.946
-2.259 -1.961
-2.364 -1.973
-2.468 -1.982
-2.573 -1.988
-2.677 -1.992
-2.782 -1.995
-2.887 -1.996
-2.992 -1.996
---
CollisionFootprint(i, j, t_in, t_out):
0 0 0.000000 5.668166
-1 0 5.668166 10.212754
-1 -1 10.212754 18.815296
-2 -1 18.815296 23.657493
-2 -2 23.657493 34.051729
-2 -3 34.051729 39.000000
=== END ===

=== PRIMITIVE ===
ID: 334
StartHeadingNum: 15
Goal: i=-3 j=2 heading=12
Length: 3.879082
ExecutionTime(ticks): 39
TotalHeadingChange: 1.1037
BendingEnergy: 0.3813
---
Trajectory(x,y):
0.000 0.000
0.094 -0.047
0.187 -0.094
0.281 -0.142
0.373 -0.191
0.465 -0.241
0.557 -0.293
0.647 -0.346
0.736 -0.401
0.824 -0.459
0.910 -0.519
0.994 -0.582
1.076 -0.647
1.155 -0.715
1.232 -0.786
1.306 -0.860
1.377 -0.937
1.445 -1.017
1.509 -1.100
1.570 -1.186
1.626 -1.274
1.679 -1.365
1.727 -1.458
1.771 -1.553
1.811 -1.650
1.846 -1.749
1.877 -1.849
1.904 -1.950
1.927 -2.053
1.946 -2.156
1.961 -2.259
1.973 -2.364
1.982 -2.468
1.988 -2.573
1.992 -2.677
1.995 -2.782
1.996 -2.887
1.996 -2.992
---
CollisionFootprint(i, j, t_in, t_out):
0 0 0.000000 5.668166
0 1 5.668166 10.212754
-1 1 10.212754 18.815296
-1 2 18.815296 23.657493
-2 2 23.657493 34.051729
-3 2 34.051729 39.000000
=== END ===

=== PRIMITIVE ===
ID: 335
StartHeadingNum: 3
Goal: i=2 j=3 heading=0
Length: 3.879082
ExecutionTime(ticks): 39
TotalHeadingChange: 1.1037
BendingEnergy: 0.3813
---
Trajectory(x,y):
0.000 0.000
0.047 0.094
0.094 0.187
0.142 0.281
0.191 0.373
0.241 0.465
0.293 0.557
0.346 0.647
0.401 0.736
0.459 0.824
0.519 0.910
0.582 0.994
0.647 1.076
0.715 1.155
0.786 1.232
0.860 1.306
0.937 1.377
1.017 1.445
1.100 1.509
1.186 1.570
1.274 1.626
1.365 1.679
1.458 1.727
1.553 1.771
1.650 1.811
1.749 1.846
1.849 1.877
1.950 1.904
2.053 1.927
2.156 1.946
2.259 1.961
2.364 1.973
2.468 1.982
2.573 1.988
2.677 1.992
2.782 1.995
2.887 1.996
2.992 1.996
---
CollisionFootprint(i, j, t_in, t_out):
0 0 0.000000 5.668166
1 0 5.668166 10.212754
1 1 10.212754 18.815296
2 1 18.815296 23.657493
2 2 23.657493 34.051729
2 3 34.051729 39.000000
=== END ===

=== PRIMITIVE ===
ID: 336
StartHeadingNum: 1
Goal: i=0 j=3 heading=15
Length: 3.152491
ExecutionTime(ticks): 32
TotalHeadingChange: 0.9235
BendingEnergy: 0.3247
---
Trajectory(x,y):
0.000 0.000
0.094 0.047
0.188 0.093
0.283 0.138
0.379 0.182
0.475 0.224
0.573 0.263
0.672 0.299
0.771 0.332
0.872 0.361
0.974 0.386
1.077 0.407
1.181 0.424
1.285 0.436
1.390 0.443
1.495 0.445
1.600 0.443
1.705 0.435
1.809 0.423
1.913 0.407
2.016 0.386
2.118 0.361
2.219 0.331
2.319 0.299
2.418 0.263
2.515 0.224
2.612 0.183
2.708 0.139
2.803 0.094
2.897 0.048
2.991 0.002
---
CollisionFootprint(i, j, t_in, t_out):
0 0 0.000000 5.605050
0 1 5.605050 16.048726
0 2 16.048726 26.498493
0 3 26.498493 32.000000
=== END ===

=== PRIMITIVE ===
ID: 337
StartHeadingNum: 5
Goal: i=3 j=0 heading=3
Length: 3.152491
ExecutionTime(ticks): 32
TotalHeadingChange: 0.9235
BendingEnergy: 0.3247
---
Trajectory(x,y):
0.000 0.000
-0.047 0.094
-0.093 0.188
-0.138 0.283
-0.182 0.379
-0.224 0.475
-0.263 0.573
-0.299 0.672
-0.332 0.771
-0.361 0.872
-0.386 0.974
-0.407 1.077
-0.424 1.181
-0.436 1.285
-0.443 1.390
-0.445 1.495
-0.443 1.600
-0.435 1.705
-0.423 1.809
-0.407 1.913
-0.386 2.016
-0.361 2.118
-0.331 2.219
-0.299 2.319
-0.263 2.418
-0.224 2.515
-0.183 2.612
-0.139 2.708
-0.094 2.803
-0.048 2.897
-0.002 2.991
---
CollisionFootprint(i, j, t_in, t_out):
0 0 0.000000 5.605050
1 0 5.605050 16.048726
2 0 16.048726 26.498493
3 0 26.498493 32.000000
=== END ===

=== PRIMITIVE ===
ID: 338
StartHeadingNum: 9
Goal: i=0 j=-3 heading=7
Length: 3.152491
ExecutionTime(ticks): 32
TotalHeadingChange: 0.9235
BendingEnergy: 0.3247
---
Trajectory(x,y):
0.000 0.000
-0.094 -0.047
-0.188 -0.093
-0.283 -0.138
-0.379 -0.182
-0.475 -0.224
-0.573 -0.263
-0.672 -0.299
-0.771 -0.332
-0.872 -0.361
-0.974 -0.386
-1.077 -0.407
-1.181 -0.424
-1.285 -0.436
-1.390 -0.443
-1.495 -0.445
-1.600 -0.443
-1.705 -0.435
-1.809 -0.423
-1.913 -0.407
-2.016 -0.386
-2.118 -0.361
-2.219 -0.331
-2.319 -0.299
-2.418 -0.263
-2.515 -0.224
-2.612 -0.183
-2.708 -0.139
-2.803 -0.094
-2.897 -0.048
-2.991 -0.002
---
CollisionFootprint(i, j, t_in, t_out):
0 0 0.000000 5.605050
0 -1 5.605050 16.048726
0 -2 16.048726 26.498493
0 -3 26.498493 32.000000
=== END ===

=== PRIMITIVE ===
ID: 339
StartHeadingNum: 13
Goal: i=-3 j=0 heading=11
Length: 3.152491
ExecutionTime(ticks): 32
TotalHeadingChange: 0.9235
BendingEnergy: 0.3247
---
Trajectory(x,y):
0.000 0.000
0.047 -0.094
0.093 -0.188
0.138 -0.283
0.182 -0.379
0.224 -0.475
0.263 -0.573
0.299 -0.672
0.332 -0.771
0.361 -0.872
0.386 -0.974
0.407 -1.077
0.424 -1.181
0.436 -1.285
0.443 -1.390
0.445 -1.495
0.443 -1.600
0.435 -1.705
0.423 -1.809
0.407 -1.913
0.386 -2.016
0.361 -2.118
0.331 -2.219
0.299 -2.319
0.263 -2.418
0.224 -2.515
0.183 -2.612
0.139 -2.708
0.094 -2.803
0.048 -2.897
0.002 -2.991
---
CollisionFootprint(i, j, t_in, t_out):
0 0 0.000000 5.605050
-1 0 5.605050 16.048726
-2 0 16.048726 26.498493
-3 0 26.498493 32.000000
=== END ===

=== PRIMITIVE ===
ID: 340
StartHeadingNum: 7
Goal: i=0 j=-3 heading=9
Length: 3.152491
ExecutionTime(ticks): 32
TotalHeadingChange: 0.9235
BendingEnergy: 0.3247
---
Trajectory(x,y):
0.000 0.000
-0.094 0.047
-0.188 0.093
-0.283 0.138
-0.379 0.182
-0.475 0.224
-0.573 0.263
-0.672 0.299
-0.771 0.332
-0.872 0.361
-0.974 0.386
-1.077 0.407
-1.181 0.424
-1.285 0.436
-1.390 0.443
-1.495 0.445
-1.600 0.443
-1.705 0.435
-1.809 0.423
-1.913 0.407
-2.016 0.386
-2.118 0.361
-2.219 0.331
-2.319 0.299
-2.418 0.263
-2.515 0.224
-2.612 0.183
-2.708 0.139
-2.803 0.094
-2.897 0.048
-2.991 0.002
---
CollisionFootprint(i, j, t_in, t_out):
0 0 0.000000 5.605050
0 -1 5.605050 16.048726
0 -2 16.048726 26.498493
0 -3 26.498493 32.000000
=== END ===

=== PRIMITIVE ===
ID: 341
StartHeadingNum: 11
Goal: i=-3 j=0 heading=13
Length: 3.152491
ExecutionTime(ticks): 32
TotalHeadingChange: 0.9235
BendingEnergy: 0.3247
---
Trajectory(x,y):
0.000 0.000
-0.047 -0.094
-0.093 -0.188
-0.138 -0.283
-0.182 -0.379
-0.224 -0.475
-0.263 -0.573
-0.299 -0.672
-0.332 -0.771
-0.361 -0.872
-0.386 -0.974
-0.407 -1.077
-0.424 -1.181
-0.436 -1.285
-0.443 -1.390
-0.445 -1.495
-0.443 -1.600
-0.435 -1.705
-0.423 -1.809
-0.407 -1.913
-0.386 -2.016
-0.361 -2.118
-0.331 -2.219
-0.299 -2.319
-0.263 -2.418
-0.224 -2.515
-0.183 -2.612
-0.139 -2.708
-0.094 -2.803
-0.048 -2.897
-0.002 -2.991
---
CollisionFootprint(i, j, t_in, t_out):
0 0 0.000000 5.605050
-1 0 5.605050 16.048726
-2 0 16.048726 26.498493
-3 0 26.498493 32.000000
=== END ===

=== PRIMITIVE ===
ID: 342
StartHeadingNum: 15
Goal: i=0 j=3 heading=1
Length: 3.152491
ExecutionTime(ticks): 32
TotalHeadingChange: 0.9235
BendingEnergy: 0.3247
---
Trajectory(x,y):
0.000 0.000
0.094 -0.047
0.188 -0.093
0.283 -0.138
0.379 -0.182
0.475 -0.224
0.573 -0.263
0.672 -0.299
0.771 -0.332
0.872 -0.361
0.974 -0.386
1.077 -0.407
1.181 -0.424
1.285 -0.436
1.390 -0.443
1.495 -0.445
1.600 -0.443
1.705 -0.435
1.809 -0.423
1.913 -0.407
2.016 -0.386
2.118 -0.361
2.219 -0.331
2.319 -0.299
2.418 -0.263
2.515 -0.224
2.612 -0.183
2.708 -0.139
2.803 -0.094
2.897 -0.048
2.991 -0.002
---
CollisionFootprint(i, j, t_in, t_out):
0 0 0.000000 5.605050
0 1 5.605050 16.048726
0 2 16.048726 26.498493
0 3 26.498493 32.000000
=== END ===

=== PRIMITIVE ===
ID: 343
StartHeadingNum: 3
Goal: i=3 j=0 heading=5
Length: 3.152491
ExecutionTime(ticks): 32
TotalHeadingChange: 0.9235
BendingEnergy: 0.3247
---
Trajectory(x,y):
0.000 0.000
0.047 0.094
0.093 0.188
0.138 0.283
0.182 0.379
0.224 0.475
0.263 0.573
0.299 0.672
0.332 0.771
0.361 0.872
0.386 0.974
0.407 1.077
0.424 1.181
0.436 1.285
0.443 1.390
0.445 1.495
0.443 1.600
0.435 1.705
0.423 1.809
0.407 1.913
0.386 2.016
0.361 2.118
0.331 2.219
0.299 2.319
0.263 2.418
0.224 2.515
0.183 2.612
0.139 2.708
0.094 2.803
0.048 2.897
0.002 2.991
---
CollisionFootprint(i, j, t_in, t_out):
0 0 0.000000 5.605050
1 0 5.605050 16.048726
2 0 16.048726 26.498493
3 0 26.498493 32.000000
=== END ===

=== PRIMITIVE ===
ID: 344
StartHeadingNum: 1
Goal: i=0 j=4 heading=14
Length: 4.417005
ExecutionTime(ticks): 44
TotalHeadingChange: 1.2499
BendingEnergy: 0.5113
---
Trajectory(x,y):
0.000 0.000
0.092 0.046
0.184 0.092
0.276 0.138
0.367 0.184
0.459 0.230
0.551 0.276
0.643 0.322
0.735 0.367
0.827 0.412
0.920 0.456
1.014 0.499
1.107 0.541
1.202 0.581
1.297 0.620
1.393 0.656
1.490 0.690
1.588 0.722
1.687 0.750
1.786 0.775
1.887 0.796
1.988 0.813
2.090 0.826
2.192 0.834
2.295 0.838
2.398 0.836
2.500 0.830
2.602 0.818
2.703 0.800
2.804 0.777
2.902 0.749
2.999 0.716
3.094 0.677
3.187 0.633
3.278 0.585
3.366 0.532
3.452 0.475
3.535 0.414
3.615 0.351
3.693 0.284
3.770 0.216
3.845 0.145
3.918 0.073
3.991 0.001
---
CollisionFootprint(i, j, t_in, t_out):
0 0 0.000000 5.572098
0 1 5.572098 11.270212
1 1 11.270212 16.476216
1 2 16.476216 26.602323
1 3 26.602323 36.393715
0 3 36.393715 37.430732
0 4 37.430732 44.000000
=== END ===

=== PRIMITIVE ===
ID: 345
StartHeadingNum: 5
Goal: i=4 j=0 heading=2
Length: 4.417005
ExecutionTime(ticks): 44
TotalHeadingChange: 1.2499
BendingEnergy: 0.5113
---
Trajectory(x,y):
0.000 0.000
-0.046 0.092
-0.092 0.184
-0.138 0.276
-0.184 0.367
-0.230 0.459
-0.276 0.551
-0.322 0.643
-0.367 0.735
-0.412 0.827
-0.456 0.920
-0.499 1.014
-0.541 1.107
-0.581 1.202
-0.620 1.297
-0.656 1.393
-0.690 1.490
-0.722 1.588
-0.750 1.687
-0.775 1.786
-0.796 1.887
-0.813 1.988
-0.826 2.090
-0.834 2.192
-0.838 2.295
-0.836 2.398
-0.830 2.500
-0.818 2.602
-0.800 2.703
-0.777 2.804
-0.749 2.902
-0.716 2.999
-0.677 3.094
-0.633 3.187
-0.585 3.278
-0.532 3.366
-0.475 3.452
-0.414 3.535
-0.351 3.615
-0.284 3.693
-0.216 3.770
-0.145 3.845
-0.073 3.918
-0.001 3.991
---
CollisionFootprint(i, j, t_in, t_out):
0 0 0.000000 5.572098
1 0 5.572098 11.270212
1 -1 11.270212 16.476216
2 -1 16.476216 26.602323
3 -1 26.602323 36.393715
3 0 36.393715 37.430732
4 0 37.430732 44.000000
=== END ===

=== PRIMITIVE ===
ID: 346
StartHeadingNum: 9
Goal: i=0 j=-4 heading=6
Length: 4.417005
ExecutionTime(ticks): 44
TotalHeadingChange: 1.2499
BendingEnergy: 0.5113
---
Trajectory(x,y):
0.000 0.000
-0.092 -0.046
-0.184 -0.092
-0.276 -0.138
-0.367 -0.184
-0.459 -0.230
-0.551 -0.276
-0.643 -0.322
-0.735 -0.367
-0.827 -0.412
-0.920 -0.456
-1.014 -0.499
-1.107 -0.541
-1.202 -0.581
-1.297 -0.620
-1.393 -0.656
-1.490 -0.690
-1.588 -0.722
-1.687 -0.750
-1.786 -0.775
-1.887 -0.796
-1.988 -0.813
-2.090 -0.826
-2.192 -0.834
-2.295 -0.838
-2.398 -0.836
-2.500 -0.830
-2.602 -0.818
-2.703 -0.800
-2.804 -0.777
-2.902 -0.749
-2.999 -0.716
-3.094 -0.677
-3.187 -0.633
-3.278 -0.585
-3.366 -0.532
-3.452 -0.475
-3.535 -0.414
-3.615 -0.351
-3.693 -0.284
-3.770 -0.216
-3.845 -0.145
-3.918 -0.073
-3.991 -0.001
---
CollisionFootprint(i, j, t_in, t_out):
0 0 0.000000 5.572098
0 -1 5.572098 11.270212
-1 -1 11.270212 16.476216
-1 -2 16.476216 26.602323
-1 -3 26.602323 36.393715
0 -3 36.393715 37.430732
0 -4 37.430732 44.000000
=== END ===

=== PRIMITIVE ===
ID: 347
StartHeadingNum: 13
Goal: i=-4 j=0 heading=10
Length: 4.417005
ExecutionTime(ticks): 44
TotalHeadingChange: 1.2499
BendingEnergy: 0.5113
---
Trajectory(x,y):
0.000 0.000
0.046 -0.092
0.092 -0.184
0.138 -0.276
0.184 -0.367
0.230 -0.459
0.276 -0.551
0.322 -0.643
0.367 -0.735
0.412 -0.827
0.456 -0.920
0.499 -1.014
0.541 -1.107
0.581 -1.202
0.620 -1.297
0.656 -1.393
0.690 -1.490
0.722 -1.588
0.750 -1.687
0.775 -1.786
0.796 -1.887
0.813 -1.988
0.826 -2.090
0.834 -2.192
0.838 -2.295
0.836 -2.398
0.830 -2.500
0.818 -2.602
0.800 -2.703
0.777 -2.804
0.749 -2.902
0.716 -2.999
0.677 -3.094
0.633 -3.187
0.585 -3.278
0.532 -3.366
0.475 -3.452
0.414 -3.535
0.351 -3.615
0.284 -3.693
0.216 -3.770
0.145 -3.845
0.073 -3.918
0.001 -3.991
---
CollisionFootprint(i, j, t_in, t_out):
0 0 0.000000 5.572098
-1 0 5.572098 11.270212
-1 1 11.270212 16.476216
-2 1 16.476216 26.602323
-3 1 26.602323 36.393715
-3 0 36.393715 37.430732
-4 0 37.430732 44.000000
=== END ===

=== PRIMITIVE ===
ID: 348
StartHeadingNum: 7
Goal: i=0 j=-4 heading=10
Length: 4.417005
ExecutionTime(ticks): 44
TotalHeadingChange: 1.2499
BendingEnergy: 0.5113
---
Trajectory(x,y):
0.000 0.000
-0.092 0.046
-0.184 0.092
-0.276 0.138
-0.367 0.184
-0.459 0.230
-0.551 0.276
-0.643 0.322
-0.735 0.367
-0.827 0.412
-0.920 0.456
-1.014 0.499
-1.107 0.541
-1.202 0.581
-1.297 0.620
-1.393 0.656
-1.490 0.690
-1.588 0.722
-1.687 0.750
-1.786 0.775
-1.887 0.796
-1.988 0.813
-2.090 0.826
-2.192 0.834
-2.295 0.838
-2.398 0.836
-2.500 0.830
-2.602 0.818
-2.703 0.800
-2.804 0.777
-2.902 0.749
-2.999 0.716
-3.094 0.677
-3.187 0.633
-3.278 0.585
-3.366 0.532
-3.452 0.475
-3.535 0.414
-3.615 0.351
-3.693 0.284
-3.770 0.216
-3.845 0.145
-3.918 0.073
-3.991 0.001
---
CollisionFootprint(i, j, t_in, t_out):
0 0 0.000000 5.572098
0 -1 5.572098 11.270212
1 -1 11.270212 16.476216
1 -2 16.476216 26.602323
1 -3 26.602323 36.393715
0 -3 36.393715 37.430732
0 -4 37.430732 44.000000
=== END ===

=== PRIMITIVE ===
ID: 349
StartHeadingNum: 11
Goal: i=-4 j=0 heading=14
Length: 4.417005
ExecutionTime(ticks): 44
TotalHeadingChange: 1.2499
BendingEnergy: 0.5113
---
Trajectory(x,y):
0.000 0.000
-0.046 -0.092
-0.092 -0.184
-0.138 -0.276
-0.184 -0.367
-0.230 -0.459
-0.276 -0.551
-0.322 -0.643
-0.367 -0.735
-0.412 -0.827
-0.456 -0.920
-0.499 -1.014
-0.541 -1.107
-0.581 -1.202
-0.620 -1.297
-0.656 -1.393
-0.690 -1.490
-0.722 -1.588
-0.750 -1.687
-0.775 -1.786
-0.796 -1.887
-0.813 -1.988
-0.826 -2.090
-0.834 -2.192
-0.838 -2.295
-0.836 -2.398
-0.830 -2.500
-0.818 -2.602
-0.800 -2.703
-0.777 -2.804
-0.749 -2.902
-0.716 -2.999
-0.677 -3.094
-0.633 -3.187
-0.585 -3.278
-0.532 -3.366
-0.475 -3.452
-0.414 -3.535
-0.351 -3.615
-0.284 -3.693
-0.216 -3.770
-0.145 -3.845
-0.073 -3.918
-0.001 -3.991
---
CollisionFootprint(i, j, t_in, t_out):
0 0 0.000000 5.572098
-1 0 5.572098 11.270212
-1 -1 11.270212 16.476216
-2 -1 16.476216 26.602323
-3 -1 26.602323 36.393715
-3 0 36.393715 37.430732
-4 0 37.430732 44.000000
=== END ===

=== PRIMITIVE ===
ID: 350
StartHeadingNum: 15
Goal: i=0 j=4 heading=2
Length: 4.417005
ExecutionTime(ticks): 44
TotalHeadingChange: 1.2499
BendingEnergy: 0.5113
---
Trajectory(x,y):
0.000 0.000
0.092 -0.046
0.184 -0.092
0.276 -0.138
0.367 -0.184
0.459 -0.230
0.551 -0.276
0.643 -0.322
0.735 -0.367
0.827 -0.412
0.920 -0.456
1.014 -0.499
1.107 -0.541
1.202 -0.581
1.297 -0.620
1.393 -0.656
1.490 -0.690
1.588 -0.722
1.687 -0.750
1.786 -0.775
1.887 -0.796
1.988 -0.813
2.090 -0.826
2.192 -0.834
2.295 -0.838
2.398 -0.836
2.500 -0.830
2.602 -0.818
2.703 -0.800
2.804 -0.777
2.902 -0.749
2.999 -0.716
3.094 -0.677
3.187 -0.633
3.278 -0.585
3.366 -0.532
3.452 -0.475
3.535 -0.414
3.615 -0.351
3.693 -0.284
3.770 -0.216
3.845 -0.145
3.918 -0.073
3.991 -0.001
---
CollisionFootprint(i, j, t_in, t_out):
0 0 0.000000 5.572098
0 1 5.572098 11.270212
-1 1 11.270212 16.476216
-1 2 16.476216 26.602323
-1 3 26.602323 36.393715
0 3 36.393715 37.430732
0 4 37.430732 44.000000
=== END ===

=== PRIMITIVE ===
ID: 351
StartHeadingNum: 3
Goal: i=4 j=0 heading=6
Length: 4.417005
ExecutionTime(ticks): 44
TotalHeadingChange: 1.2499
BendingEnergy: 0.5113
---
Trajectory(x,y):
0.000 0.000
0.046 0.092
0.092 0.184
0.138 0.276
0.184 0.367
0.230 0.459
0.276 0.551
0.322 0.643
0.367 0.735
0.412 0.827
0.456 0.920
0.499 1.014
0.541 1.107
0.581 1.202
0.620 1.297
0.656 1.393
0.690 1.490
0.722 1.588
0.750 1.687
0.775 1.786
0.796 1.887
0.813 1.988
0.826 2.090
0.834 2.192
0.838 2.295
0.836 2.398
0.830 2.500
0.818 2.602
0.800 2.703
0.777 2.804
0.749 2.902
0.716 2.999
0.677 3.094
0.633 3.187
0.585 3.278
0.532 3.366
0.475 3.452
0.414 3.535
0.351 3.615
0.284 3.693
0.216 3.770
0.145 3.845
0.073 3.918
0.001 3.991
---
CollisionFootprint(i, j, t_in, t_out):
0 0 0.000000 5.572098
1 0 5.572098 11.270212
1 1 11.270212 16.476216
2 1 16.476216 26.602323
3 1 26.602323 36.393715
3 0 36.393715 37.430732
4 0 37.430732 44.000000
=== END ===

=== PRIMITIVE ===
ID: 352
StartHeadingNum: 1
Goal: i=5 j=5 heading=2
Length: 7.145320
ExecutionTime(ticks): 71
TotalHeadingChange: 0.6500
BendingEnergy: 0.0792
---
Trajectory(x,y):
0.000 0.000
0.091 0.046
0.182 0.092
0.273 0.138
0.364 0.185
0.454 0.232
0.544 0.281
0.634 0.330
0.722 0.381
0.810 0.432
0.897 0.486
0.984 0.540
1.069 0.596
1.154 0.653
1.238 0.711
1.320 0.771
1.401 0.833
1.482 0.896
1.561 0.960
1.639 1.026
1.716 1.093
1.791 1.162
1.866 1.232
1.939 1.303
2.011 1.375
2.082 1.449
2.152 1.523
2.220 1.599
2.288 1.676
2.354 1.753
2.420 1.831
2.485 1.910
2.548 1.990
2.611 2.070
2.674 2.151
2.736 2.232
2.797 2.314
2.857 2.396
2.918 2.478
2.977 2.561
3.037 2.644
3.097 2.727
3.156 2.810
3.216 2.893
3.275 2.976
3.335 3.058
3.395 3.141
3.455 3.224
3.515 3.306
3.576 3.388
3.638 3.469
3.700 3.550
3.762 3.631
3.825 3.711
3.889 3.791
3.954 3.870
4.019 3.949
4.085 4.027
4.151 4.104
4.218 4.181
4.286 4.257
4.355 4.333
4.424 4.408
4.493 4.483
4.564 4.557
4.635 4.630
4.706 4.703
4.777 4.776
4.849 4.848
4.921 4.921
4.994 4.993
---
CollisionFootprint(i, j, t_in, t_out):
0 0 0.000000 5.584945
0 1 5.584945 10.416188
1 1 10.416188 17.474255
1 2 17.474255 26.054631
2 2 26.054631 31.686776
2 3 31.686776 38.808438
3 3 38.808438 48.427203
3 4 48.427203 51.100186
4 4 51.100186 63.995095
4 5 63.995095 64.138184
5 5 64.138184 71.000000
=== END ===

=== PRIMITIVE ===
ID: 353
StartHeadingNum: 5
Goal: i=5 j=-5 heading=6
Length: 7.145320
ExecutionTime(ticks): 71
TotalHeadingChange: 0.6500
BendingEnergy: 0.0792
---
Trajectory(x,y):
0.000 0.000
-0.046 0.091
-0.092 0.182
-0.138 0.273
-0.185 0.364
-0.232 0.454
-0.281 0.544
-0.330 0.634
-0.381 0.722
-0.432 0.810
-0.486 0.897
-0.540 0.984
-0.596 1.069
-0.653 1.154
-0.711 1.238
-0.771 1.320
-0.833 1.401
-0.896 1.482
-0.960 1.561
-1.026 1.639
-1.093 1.716
-1.162 1.791
-1.232 1.866
-1.303 1.939
-1.375 2.011
-1.449 2.082
-1.523 2.152
-1.599 2.220
-1.676 2.288
-1.753 2.354
-1.831 2.420
-1.910 2.485
-1.990 2.548
-2.070 2.611
-2.151 2.674
-2.232 2.736
-2.314 2.797
-2.396 2.857
-2.478 2.918
-2.561 2.977
-2.644 3.037
-2.727 3.097
-2.810 3.156
-2.893 3.216
-2.976 3.275
-3.058 3.335
-3.141 3.395
-3.224 3.455
-3.306 3.515
-3.388 3.576
-3.469 3.638
-3.550 3.700
-3.631 3.762
-3.711 3.825
-3.791 3.889
-3.870 3.954
-3.949 4.019
-4.027 4.085
-4.104 4.151
-4.181 4.218
-4.257 4.286
-4.333 4.355
-4.408 4.424
-4.483 4.493
-4.557 4.564
-4.630 4.635
-4.703 4.706
-4.776 4.777
-4.848 4.849
-4.921 4.921
-4.993 4.994
---
CollisionFootprint(i, j, t_in, t_out):
0 0 0.000000 5.584945
1 0 5.584945 10.416188
1 -1 10.416188 17.474255
2 -1 17.474255 26.054631
2 -2 26.054631 31.686776
3 -2 31.686776 38.808438
3 -3 38.808438 48.427203
4 -3 48.427203 51.100186
4 -4 51.100186 63.995095
5 -4 63.995095 64.138184
5 -5 64.138184 71.000000
=== END ===

=== PRIMITIVE ===
ID: 354
StartHeadingNum: 9
Goal: i=-5 j=-5 heading=10
Length: 7.145320
ExecutionTime(ticks): 71
TotalHeadingChange: 0.6500
BendingEnergy: 0.0792
---
Trajectory(x,y):
0.000 0.000
-0.091 -0.046
-0.182 -0.092
-0.273 -0.138
-0.364 -0.185
-0.454 -0.232
-0.544 -0.281
-0.634 -0.330
-0.722 -0.381
-0.810 -0.432
-0.897 -0.486
-0.984 -0.540
-1.069 -0.596
-1.154 -0.653
-1.238 -0.711
-1.320 -0.771
-1.401 -0.833
-1.482 -0.896
-1.561 -0.960
-1.639 -1.026
-1.716 -1.093
-1.791 -1.162
-1.866 -1.232
-1.939 -1.303
-2.011 -1.375
-2.082 -1.449
-2.152 -1.523
-2.220 -1.599
-2.288 -1.676
-2.354 -1.753
-2.420 -1.831
-2.485 -1.910
-2.548 -1.990
-2.611 -2.070
-2.674 -2.151
-2.736 -2.232
-2.797 -2.314
-2.857 -2.396
-2.918 -2.478
-2.977 -2.561
-3.037 -2.644
-3.097 -2.727
-3.156 -2.810
-3.216 -2.893
-3.275 -2.976
-3.335 -3.058
-3.395 -3.141
-3.455 -3.224
-3.515 -3.306
-3.576 -3.388
-3.638 -3.469
-3.700 -3.550
-3.762 -3.631
-3.825 -3.711
-3.889 -3.791
-3.954 -3.870
-4.019 -3.949
-4.085 -4.027
-4.151 -4.104
-4.218 -4.181
-4.286 -4.257
-4.355 -4.333
-4.424 -4.408
-4.493 -4.483
-4.564 -4.557
-4.635 -4.630
-4.706 -4.703
-4.777 -4.776
-4.849 -4.848
-4.921 -4.921
-4.994 -4.993
---
CollisionFootprint(i, j, t_in, t_out):
0 0 0.000000 5.584945
0 -1 5.584945 10.416188
-1 -1 10.416188 17.474255
-1 -2 17.474255 26.054631
-2 -2 26.054631 31.686776
-2 -3 31.686776 38.808438
-3 -3 38.808438 48.427203
-3 -4 48.427203 51.100186
-4 -4 51.100186 63.995095
-4 -5 63.995095 64.138184
-5 -5 64.138184 71.000000
=== END ===

=== PRIMITIVE ===
ID: 355
StartHeadingNum: 13
Goal: i=-5 j=5 heading=14
Length: 7.145320
ExecutionTime(ticks): 71
TotalHeadingChange: 0.6500
BendingEnergy: 0.0792
---
Trajectory(x,y):
0.000 0.000
0.046 -0.091
0.092 -0.182
0.138 -0.273
0.185 -0.364
0.232 -0.454
0.281 -0.544
0.330 -0.634
0.381 -0.722
0.432 -0.810
0.486 -0.897
0.540 -0.984
0.596 -1.069
0.653 -1.154
0.711 -1.238
0.771 -1.320
0.833 -1.401
0.896 -1.482
0.960 -1.561
1.026 -1.639
1.093 -1.716
1.162 -1.791
1.232 -1.866
1.303 -1.939
1.375 -2.011
1.449 -2.082
1.523 -2.152
1.599 -2.220
1.676 -2.288
1.753 -2.354
1.831 -2.420
1.910 -2.485
1.990 -2.548
2.070 -2.611
2.151 -2.674
2.232 -2.736
2.314 -2.797
2.396 -2.857
2.478 -2.918
2.561 -2.977
2.644 -3.037
2.727 -3.097
2.810 -3.156
2.893 -3.216
2.976 -3.275
3.058 -3.335
3.141 -3.395
3.224 -3.455
3.306 -3.515
3.388 -3.576
3.469 -3.638
3.550 -3.700
3.631 -3.762
3.711 -3.825
3.791 -3.889
3.870 -3.954
3.949 -4.019
4.027 -4.085
4.104 -4.151
4.181 -4.218
4.257 -4.286
4.333 -4.355
4.408 -4.424
4.483 -4.493
4.557 -4.564
4.630 -4.635
4.703 -4.706
4.776 -4.777
4.848 -4.849
4.921 -4.921
4.993 -4.994
---
CollisionFootprint(i, j, t_in, t_out):
0 0 0.000000 5.584945
-1 0 5.584945 10.416188
-1 1 10.416188 17.474255
-2 1 17.474255 26.054631
-2 2 26.054631 31.686776
-3 2 31.686776 38.808438
-3 3 38.808438 48.427203
-4 3 48.427203 51.100186
-4 4 51.100186 63.995095
-5 4 63.995095 64.138184
-5 5 64.138184 71.000000
=== END ===

=== PRIMITIVE ===
ID: 356
StartHeadingNum: 7
Goal: i=5 j=-5 heading=6
Length: 7.145320
ExecutionTime(ticks): 71
TotalHeadingChange: 0.6500
BendingEnergy: 0.0792
---
Trajectory(x,y):
0.000 0.000
-0.091 0.046
-0.182 0.092
-0.273 0.138
-0.364 0.185
-0.454 0.232
-0.544 0.281
-0.634 0.330
-0.722 0.381
-0.810 0.432
-0.897 0.486
-0.984 0.540
-1.069 0.596
-1.154 0.653
-1.238 0.711
-1.320 0.771
-1.401 0.833
-1.482 0.896
-1.561 0.960
-1.639 1.026
-1.716 1.093
-1.791 1.162
-1.866 1.232
-1.939 1.303
-2.011 1.375
-2.082 1.449
-2.152 1.523
-2.220 1.599
-2.288 1.676
-2.354 1.753
-2.420 1.831
-2.485 1.910
-2.548 1.990
-2.611 2.070
-2.674 2.151
-2.736 2.232
-2.797 2.314
-2.857 2.396
-2.918 2.478
-2.977 2.561
-3.037 2.644
-3.097 2.727
-3.156 2.810
-3.216 2.893
-3.275 2.976
-3.335 3.058
-3.395 3.141
-3.455 3.224
-3.515 3.306
-3.576 3.388
-3.638 3.469
-3.700 3.550
-3.762 3.631
-3.825 3.711
-3.889 3.791
-3.954 3.870
-4.019 3.949
-4.085 4.027
-4.151 4.104
-4.218 4.181
-4.286 4.257
-4.355 4.333
-4.424 4.408
-4.493 4.483
-4.564 4.557
-4.635 4.630
-4.706 4.703
-4.777 4.776
-4.849 4.848
-4.921 4.921
-4.994 4.993
---
CollisionFootprint(i, j, t_in, t_out):
0 0 0.000000 5.584945
0 -1 5.584945 10.416188
1 -1 10.416188 17.474255
1 -2 17.474255 26.054631
2 -2 26.054631 31.686776
2 -3 31.686776 38.808438
3 -3 38.808438 48.427203
3 -4 48.427203 51.100186
4 -4 51.100186 63.995095
4 -5 63.995095 64.138184
5 -5 64.138184 71.000000
=== END ===

=== PRIMITIVE ===
ID: 357
StartHeadingNum: 11
Goal: i=-5 j=-5 heading=10
Length: 7.145320
ExecutionTime(ticks): 71
TotalHeadingChange: 0.6500
BendingEnergy: 0.0792
---
Trajectory(x,y):
0.000 0.000
-0.046 -0.091
-0.092 -0.182
-0.138 -0.273
-0.185 -0.364
-0.232 -0.454
-0.281 -0.544
-0.330 -0.634
-0.381 -0.722
-0.432 -0.810
-0.486 -0.897
-0.540 -0.984
-0.596 -1.069
-0.653 -1.154
-0.711 -1.238
-0.771 -1.320
-0.833 -1.401
-0.896 -1.482
-0.960 -1.561
-1.026 -1.639
-1.093 -1.716
-1.162 -1.791
-1.232 -1.866
-1.303 -1.939
-1.375 -2.011
-1.449 -2.082
-1.523 -2.152
-1.599 -2.220
-1.676 -2.288
-1.753 -2.354
-1.831 -2.420
-1.910 -2.485
-1.990 -2.548
-2.070 -2.611
-2.151 -2.674
-2.232 -2.736
-2.314 -2.797
-2.396 -2.857
-2.478 -2.918
-2.561 -2.977
-2.644 -3.037
-2.727 -3.097
-2.810 -3.156
-2.893 -3.216
-2.976 -3.275
-3.058 -3.335
-3.141 -3.395
-3.224 -3.455
-3.306 -3.515
-3.388 -3.576
-3.469 -3.638
-3.550 -3.700
-3.631 -3.762
-3.711 -3.825
-3.791 -3.889
-3.870 -3.954
-3.949 -4.019
-4.027 -4.085
-4.104 -4.151
-4.181 -4.218
-4.257 -4.286
-4.333 -4.355
-4.408 -4.424
-4.483 -4.493
-4.557 -4.564
-4.630 -4.635
-4.703 -4.706
-4.776 -4.777
-4.848 -4.849
-4.921 -4.921
-4.993 -4.994
---
CollisionFootprint(i, j, t_in, t_out):
0 0 0.000000 5.584945
-1 0 5.584945 10.416188
-1 -1 10.416188 17.474255
-2 -1 17.474255 26.054631
-2 -2 26.054631 31.686776
-3 -2 31.686776 38.808438
-3 -3 38.808438 48.427203
-4 -3 48.427203 51.100186
-4 -4 51.100186 63.995095
-5 -4 63.995095 64.138184
-5 -5 64.138184 71.000000
=== END ===

=== PRIMITIVE ===
ID: 358
StartHeadingNum: 15
Goal: i=-5 j=5 heading=14
Length: 7.145320
ExecutionTime(ticks): 71
TotalHeadingChange: 0.6500
BendingEnergy: 0.0792
---
Trajectory(x,y):
0.000 0.000
0.091 -0.046
0.182 -0.092
0.273 -0.138
0.364 -0.185
0.454 -0.232
0.544 -0.281
0.634 -0.330
0.722 -0.381
0.810 -0.432
0.897 -0.486
0.984 -0.540
1.069 -0.596
1.154 -0.653
1.238 -0.711
1.320 -0.771
1.401 -0.833
1.482 -0.896
1.561 -0.960
1.639 -1.026
1.716 -1.093
1.791 -1.162
1.866 -1.232
1.939 -1.303
2.011 -1.375
2.082 -1.449
2.152 -1.523
2.220 -1.599
2.288 -1.676
2.354 -1.753
2.420 -1.831
2.485 -1.910
2.548 -1.990
2.611 -2.070
2.674 -2.151
2.736 -2.232
2.797 -2.314
2.857 -2.396
2.918 -2.478
2.977 -2.561
3.037 -2.644
3.097 -2.727
3.156 -2.810
3.216 -2.893
3.275 -2.976
3.335 -3.058
3.395 -3.141
3.455 -3.224
3.515 -3.306
3.576 -3.388
3.638 -3.469
3.700 -3.550
3.762 -3.631
3.825 -3.711
3.889 -3.791
3.954 -3.870
4.019 -3.949
4.085 -4.027
4.151 -4.104
4.218 -4.181
4.286 -4.257
4.355 -4.333
4.424 -4.408
4.493 -4.483
4.564 -4.557
4.635 -4.630
4.706 -4.703
4.777 -4.776
4.849 -4.848
4.921 -4.921
4.994 -4.993
---
CollisionFootprint(i, j, t_in, t_out):
0 0 0.000000 5.584945
0 1 5.584945 10.416188
-1 1 10.416188 17.474255
-1 2 17.474255 26.054631
-2 2 26.054631 31.686776
-2 3 31.686776 38.808438
-3 3 38.808438 48.427203
-3 4 48.427203 51.100186
-4 4 51.100186 63.995095
-4 5 63.995095 64.138184
-5 5 64.138184 71.000000
=== END ===

=== PRIMITIVE ===
ID: 359
StartHeadingNum: 3
Goal: i=5 j=5 heading=2
Length: 7.145320
ExecutionTime(ticks): 71
TotalHeadingChange: 0.6500
BendingEnergy: 0.0792
---
Trajectory(x,y):
0.000 0.000
0.046 0.091
0.092 0.182
0.138 0.273
0.185 0.364
0.232 0.454
0.281 0.544
0.330 0.634
0.381 0.722
0.432 0.810
0.486 0.897
0.540 0.984
0.596 1.069
0.653 1.154
0.711 1.238
0.771 1.320
0.833 1.401
0.896 1.482
0.960 1.561
1.026 1.639
1.093 1.716
1.162 1.791
1.232 1.866
1.303 1.939
1.375 2.011
1.449 2.082
1.523 2.152
1.599 2.220
1.676 2.288
1.753 2.354
1.831 2.420
1.910 2.485
1.990 2.548
2.070 2.611
2.151 2.674
2.232 2.736
2.314 2.797
2.396 2.857
2.478 2.918
2.561 2.977
2.644 3.037
2.727 3.097
2.810 3.156
2.893 3.216
2.976 3.275
3.058 3.335
3.141 3.395
3.224 3.455
3.306 3.515
3.388 3.576
3.469 3.638
3.550 3.700
3.631 3.762
3.711 3.825
3.791 3.889
3.870 3.954
3.949 4.019
4.027 4.085
4.104 4.151
4.181 4.218
4.257 4.286
4.333 4.355
4.408 4.424
4.483 4.493
4.557 4.564
4.630 4.635
4.703 4.706
4.776 4.777
4.848 4.849
4.921 4.921
4.993 4.994
---
CollisionFootprint(i, j, t_in, t_out):
0 0 0.000000 5.584945
1 0 5.584945 10.416188
1 1 10.416188 17.474255
2 1 17.474255 26.054631
2 2 26.054631 31.686776
3 2 31.686776 38.808438
3 3 38.808438 48.427203
4 3 48.427203 51.100186
4 4 51.100186 63.995095
5 4 63.995095 64.138184
5 5 64.138184 71.000000
=== END ===

=== PRIMITIVE ===
ID: 360
StartHeadingNum: 1
Goal: i=1 j=7 heading=0
Length: 7.166574
ExecutionTime(ticks): 72
TotalHeadingChange: 0.5075
BendingEnergy: 0.0551
---
Trajectory(x,y):
0.000 0.000
0.092 0.046
0.183 0.091
0.275 0.137
0.367 0.182
0.459 0.226
0.552 0.270
0.645 0.313
0.738 0.355
0.832 0.396
0.926 0.436
1.021 0.475
1.116 0.513
1.211 0.550
1.307 0.585
1.404 0.620
1.501 0.652
1.598 0.684
1.696 0.714
1.795 0.742
1.893 0.769
1.992 0.795
2.092 0.819
2.192 0.841
2.292 0.863
2.392 0.882
2.493 0.901
2.594 0.918
2.695 0.933
2.797 0.947
2.898 0.960
3.000 0.972
3.102 0.982
3.204 0.992
3.306 1.000
3.408 1.007
3.510 1.013
3.612 1.018
3.715 1.022
3.817 1.025
3.919 1.028
4.022 1.030
4.124 1.031
4.226 1.032
4.329 1.032
4.431 1.031
4.534 1.031
4.636 1.029
4.738 1.028
4.841 1.026
4.943 1.024
5.045 1.022
5.148 1.020
5.250 1.018
5.352 1.016
5.455 1.013
5.557 1.011
5.660 1.009
5.762 1.008
5.864 1.006
5.967 1.004
6.069 1.003
6.171 1.002
6.274 1.001
6.376 1.000
6.479 1.000
6.581 0.999
6.683 0.999
6.786 0.999
6.888 0.999
6.990 0.999
---
CollisionFootprint(i, j, t_in, t_out):
0 0 0.000000 5.595613
0 1 5.595613 11.979404
1 1 11.979404 16.448259
1 2 16.448259 26.812626
1 3 26.812626 36.926825
1 4 36.926825 46.976725
1 5 46.976725 57.025620
1 6 57.025620 67.072505
1 7 67.072505 72.000000
=== END ===

=== PRIMITIVE ===
ID: 361
StartHeadingNum: 5
Goal: i=7 j=-1 heading=4
Length: 7.166574
ExecutionTime(ticks): 72
TotalHeadingChange: 0.5075
BendingEnergy: 0.0551
---
Trajectory(x,y):
0.000 0.000
-0.046 0.092
-0.091 0.183
-0.137 0.275
-0.182 0.367
-0.226 0.459
-0.270 0.552
-0.313 0.645
-0.355 0.738
-0.396 0.832
-0.436 0.926
-0.475 1.021
-0.513 1.116
-0.550 1.211
-0.585 1.307
-0.620 1.404
-0.652 1.501
-0.684 1.598
-0.714 1.696
-0.742 1.795
-0.769 1.893
-0.795 1.992
-0.819 2.092
-0.841 2.192
-0.863 2.292
-0.882 2.392
-0.901 2.493
-0.918 2.594
-0.933 2.695
-0.947 2.797
-0.960 2.898
-0.972 3.000
-0.982 3.102
-0.992 3.204
-1.000 3.306
-1.007 3.408
-1.013 3.510
-1.018 3.612
-1.022 3.715
-1.025 3.817
-1.028 3.919
-1.030 4.022
-1.031 4.124
-1.032 4.226
-1.032 4.329
-1.031 4.431
-1.031 4.534
-1.029 4.636
-1.028 4.738
-1.026 4.841
-1.024 4.943
-1.022 5.045
-1.020 5.148
-1.018 5.250
-1.016 5.352
-1.013 5.455
-1.011 5.557
-1.009 5.660
-1.008 5.762
-1.006 5.864
-1.004 5.967
-1.003 6.069
-1.002 6.171
-1.001 6.274
-1.000 6.376
-1.000 6.479
-0.999 6.581
-0.999 6.683
-0.999 6.786
-0.999 6.888
-0.999 6.990
---
CollisionFootprint(i, j, t_in, t_out):
0 0 0.000000 5.595613
1 0 5.595613 11.979404
1 -1 11.979404 16.448259
2 -1 16.448259 26.812626
3 -1 26.812626 36.926825
4 -1 36.926825 46.976725
5 -1 46.976725 57.025620
6 -1 57.025620 67.072505
7 -1 67.072505 72.000000
=== END ===

=== PRIMITIVE ===
ID: 362
StartHeadingNum: 9
Goal: i=-1 j=-7 heading=8
Length: 7.166574
ExecutionTime(ticks): 72
TotalHeadingChange: 0.5075
BendingEnergy: 0.0551
---
Trajectory(x,y):
0.000 0.000
-0.092 -0.046
-0.183 -0.091
-0.275 -0.137
-0.367 -0.182
-0.459 -0.226
-0.552 -0.270
-0.645 -0.313
-0.738 -0.355
-0.832 -0.396
-0.926 -0.436
-1.021 -0.475
-1.116 -0.513
-1.211 -0.550
-1.307 -0.585
-1.404 -0.620
-1.501 -0.652
-1.598 -0.684
-1.696 -0.714
-1.795 -0.742
-1.893 -0.769
-1.992 -0.795
-2.092 -0.819
-2.192 -0.841
-2.292 -0.863
-2.392 -0.882
-2.493 -0.901
-2.594 -0.918
-2.695 -0.933
-2.797 -0.947
-2.898 -0.960
-3.000 -0.972
-3.102 -0.982
-3.204 -0.992
-3.306 -1.000
-3.408 -1.007
-3.510 -1.013
-3.612 -1.018
-3.715 -1.022
-3.817 -1.025
-3.919 -1.028
-4.022 -1.030
-4.124 -1.031
-4.226 -1.032
-4.329 -1.032
-4.431 -1.031
-4.534 -1.031
-4.636 -1.029
-4.738 -1.028
-4.841 -1.026
-4.943 -1.024
-5.045 -1.022
-5.148 -1.020
-5.250 -1.018
-5.352 -1.016
-5.455 -1.013
-5.557 -1.011
-5.660 -1.009
-5.762 -1.008
-5.864 -1.006
-5.967 -1.004
-6.069 -1.003
-6.171 -1.002
-6.274 -1.001
-6.376 -1.000
-6.479 -1.000
-6.581 -0.999
-6.683 -0.999
-6.786 -0.999
-6.888 -0.999
-6.990 -0.999
---
CollisionFootprint(i, j, t_in, t_out):
0 0 0.000000 5.595613
0 -1 5.595613 11.979404
-1 -1 11.979404 16.448259
-1 -2 16.448259 26.812626
-1 -3 26.812626 36.926825
-1 -4 36.926825 46.976725
-1 -5 46.976725 57.025620
-1 -6 57.025620 67.072505
-1 -7 67.072505 72.000000
=== END ===

=== PRIMITIVE ===
ID: 363
StartHeadingNum: 13
Goal: i=-7 j=1 heading=12
Length: 7.166574
ExecutionTime(ticks): 72
TotalHeadingChange: 0.5075
BendingEnergy: 0.0551
---
Trajectory(x,y):
0.000 0.000
0.046 -0.092
0.091 -0.183
0.137 -0.275
0.182 -0.367
0.226 -0.459
0.270 -0.552
0.313 -0.645
0.355 -0.738
0.396 -0.832
0.436 -0.926
0.475 -1.021
0.513 -1.116
0.550 -1.211
0.585 -1.307
0.620 -1.404
0.652 -1.501
0.684 -1.598
0.714 -1.696
0.742 -1.795
0.769 -1.893
0.795 -1.992
0.819 -2.092
0.841 -2.192
0.863 -2.292
0.882 -2.392
0.901 -2.493
0.918 -2.594
0.933 -2.695
0.947 -2.797
0.960 -2.898
0.972 -3.000
0.982 -3.102
0.992 -3.204
1.000 -3.306
1.007 -3.408
1.013 -3.510
1.018 -3.612
1.022 -3.715
1.025 -3.817
1.028 -3.919
1.030 -4.022
1.031 -4.124
1.032 -4.226
1.032 -4.329
1.031 -4.431
1.031 -4.534
1.029 -4.636
1.028 -4.738
1.026 -4.841
1.024 -4.943
1.022 -5.045
1.020 -5.148
1.018 -5.250
1.016 -5.352
1.013 -5.455
1.011 -5.557
1.009 -5.660
1.008 -5.762
1.006 -5.864
1.004 -5.967
1.003 -6.069
1.002 -6.171
1.001 -6.274
1.000 -6.376
1.000 -6.479
0.999 -6.581
0.999 -6.683
0.999 -6.786
0.999 -6.888
0.999 -6.990
---
CollisionFootprint(i, j, t_in, t_out):
0 0 0.000000 5.595613
-1 0 5.595613 11.979404
-1 1 11.979404 16.448259
-2 1 16.448259 26.812626
-3 1 26.812626 36.926825
-4 1 36.926825 46.976725
-5 1 46.976725 57.025620
-6 1 57.025620 67.072505
-7 1 67.072505 72.000000
=== END ===

=== PRIMITIVE ===
ID: 364
StartHeadingNum: 7
Goal: i=1 j=-7 heading=8
Length: 7.166574
ExecutionTime(ticks): 72
TotalHeadingChange: 0.5075
BendingEnergy: 0.0551
---
Trajectory(x,y):
0.000 0.000
-0.092 0.046
-0.183 0.091
-0.275 0.137
-0.367 0.182
-0.459 0.226
-0.552 0.270
-0.645 0.313
-0.738 0.355
-0.832 0.396
-0.926 0.436
-1.021 0.475
-1.116 0.513
-1.211 0.550
-1.307 0.585
-1.404 0.620
-1.501 0.652
-1.598 0.684
-1.696 0.714
-1.795 0.742
-1.893 0.769
-1.992 0.795
-2.092 0.819
-2.192 0.841
-2.292 0.863
-2.392 0.882
-2.493 0.901
-2.594 0.918
-2.695 0.933
-2.797 0.947
-2.898 0.960
-3.000 0.972
-3.102 0.982
-3.204 0.992
-3.306 1.000
-3.408 1.007
-3.510 1.013
-3.612 1.018
-3.715 1.022
-3.817 1.025
-3.919 1.028
-4.022 1.030
-4.124 1.031
-4.226 1.032
-4.329 1.032
-4.431 1.031
-4.534 1.031
-4.636 1.029
-4.738 1.028
-4.841 1.026
-4.943 1.024
-5.045 1.022
-5.148 1.020
-5.250 1.018
-5.352 1.016
-5.455 1.013
-5.557 1.011
-5.660 1.009
-5.762 1.008
-5.864 1.006
-5.967 1.004
-6.069 1.003
-6.171 1.002
-6.274 1.001
-6.376 1.000
-6.479 1.000
-6.581 0.999
-6.683 0.999
-6.786 0.999
-6.888 0.999
-6.990 0.999
---
CollisionFootprint(i, j, t_in, t_out):
0 0 0.000000 5.595613
0 -1 5.595613 11.979404
1 -1 11.979404 16.448259
1 -2 16.448259 26.812626
1 -3 26.812626 36.926825
1 -4 36.926825 46.976725
1 -5 46.976725 57.025620
1 -6 57.025620 67.072505
1 -7 67.072505 72.000000
=== END ===

=== PRIMITIVE ===
ID: 365
StartHeadingNum: 11
Goal: i=-7 j=-1 heading=12
Length: 7.166574
ExecutionTime(ticks): 72
TotalHeadingChange: 0.5075
BendingEnergy: 0.0551
---
Trajectory(x,y):
0.000 0.000
-0.046 -0.092
-0.091 -0.183
-0.137 -0.275
-0.182 -0.367
-0.226 -0.459
-0.270 -0.552
-0.313 -0.645
-0.355 -0.738
-0.396 -0.832
-0.436 -0.926
-0.475 -1.021
-0.513 -1.116
-0.550 -1.211
-0.585 -1.307
-0.620 -1.404
-0.652 -1.501
-0.684 -1.598
-0.714 -1.696
-0.742 -1.795
-0.769 -1.893
-0.795 -1.992
-0.819 -2.092
-0.841 -2.192
-0.863 -2.292
-0.882 -2.392
-0.901 -2.493
-0.918 -2.594
-0.933 -2.695
-0.947 -2.797
-0.960 -2.898
-0.972 -3.000
-0.982 -3.102
-0.992 -3.204
-1.000 -3.306
-1.007 -3.408
-1.013 -3.510
-1.018 -3.612
-1.022 -3.715
-1.025 -3.817
-1.028 -3.919
-1.030 -4.022
-1.031 -4.124
-1.032 -4.226
-1.032 -4.329
-1.031 -4.431
-1.031 -4.534
-1.029 -4.636
-1.028 -4.738
-1.026 -4.841
-1.024 -4.943
-1.022 -5.045
-1.020 -5.148
-1.018 -5.250
-1.016 -5.352
-1.013 -5.455
-1.011 -5.557
-1.009 -5.660
-1.008 -5.762
-1.006 -5.864
-1.004 -5.967
-1.003 -6.069
-1.002 -6.171
-1.001 -6.274
-1.000 -6.376
-1.000 -6.479
-0.999 -6.581
-0.999 -6.683
-0.999 -6.786
-0.999 -6.888
-0.999 -6.990
---
CollisionFootprint(i, j, t_in, t_out):
0 0 0.000000 5.595613
-1 0 5.595613 11.979404
-1 -1 11.979404 16.448259
-2 -1 16.448259 26.812626
-3 -1 26.812626 36.926825
-4 -1 36.926825 46.976725
-5 -1 46.976725 57.025620
-6 -1 57.025620 67.072505
-7 -1 67.072505 72.000000
=== END ===

=== PRIMITIVE ===
ID: 366
StartHeadingNum: 15
Goal: i=-1 j=7 heading=0
Length: 7.166574
ExecutionTime(ticks): 72
TotalHeadingChange: 0.5075
BendingEnergy: 0.0551
---
Trajectory(x,y):
0.000 0.000
0.092 -0.046
0.183 -0.091
0.275 -0.137
0.367 -0.182
0.459 -0.226
0.552 -0.270
0.645 -0.313
0.738 -0.355
0.832 -0.396
0.926 -0.436
1.021 -0.475
1.116 -0.513
1.211 -0.550
1.307 -0.585
1.404 -0.620
1.501 -0.652
1.598 -0.684
1.696 -0.714
1.795 -0.742
1.893 -0.769
1.992 -0.795
2.092 -0.819
2.192 -0.841
2.292 -0.863
2.392 -0.882
2.493 -0.901
2.594 -0.918
2.695 -0.933
2.797 -0.947
2.898 -0.960
3.000 -0.972
3.102 -0.982
3.204 -0.992
3.306 -1.000
3.408 -1.007
3.510 -1.013
3.612 -1.018
3.715 -1.022
3.817 -1.025
3.919 -1.028
4.022 -1.030
4.124 -1.031
4.226 -1.032
4.329 -1.032
4.431 -1.031
4.534 -1.031
4.636 -1.029
4.738 -1.028
4.841 -1.026
4.943 -1.024
5.045 -1.022
5.148 -1.020
5.250 -1.018
5.352 -1.016
5.455 -1.013
5.557 -1.011
5.660 -1.009
5.762 -1.008
5.864 -1.006
5.967 -1.004
6.069 -1.003
6.171 -1.002
6.274 -1.001
6.376 -1.000
6.479 -1.000
6.581 -0.999
6.683 -0.999
6.786 -0.999
6.888 -0.999
6.990 -0.999
---
CollisionFootprint(i, j, t_in, t_out):
0 0 0.000000 5.595613
0 1 5.595613 11.979404
-1 1 11.979404 16.448259
-1 2 16.448259 26.812626
-1 3 26.812626 36.926825
-1 4 36.926825 46.976725
-1 5 46.976725 57.025620
-1 6 57.025620 67.072505
-1 7 67.072505 72.000000
=== END ===

=== PRIMITIVE ===
ID: 367
StartHeadingNum: 3
Goal: i=7 j=1 heading=4
Length: 7.166574
ExecutionTime(ticks): 72
TotalHeadingChange: 0.5075
BendingEnergy: 0.0551
---
Trajectory(x,y):
0.000 0.000
0.046 0.092
0.091 0.183
0.137 0.275
0.182 0.367
0.226 0.459
0.270 0.552
0.313 0.645
0.355 0.738
0.396 0.832
0.436 0.926
0.475 1.021
0.513 1.116
0.550 1.211
0.585 1.307
0.620 1.404
0.652 1.501
0.684 1.598
0.714 1.696
0.742 1.795
0.769 1.893
0.795 1.992
0.819 2.092
0.841 2.192
0.863 2.292
0.882 2.392
0.901 2.493
0.918 2.594
0.933 2.695
0.947 2.797
0.960 2.898
0.972 3.000
0.982 3.102
0.992 3.204
1.000 3.306
1.007 3.408
1.013 3.510
1.018 3.612
1.022 3.715
1.025 3.817
1.028 3.919
1.030 4.022
1.031 4.124
1.032 4.226
1.032 4.329
1.031 4.431
1.031 4.534
1.029 4.636
1.028 4.738
1.026 4.841
1.024 4.943
1.022 5.045
1.020 5.148
1.018 5.250
1.016 5.352
1.013 5.455
1.011 5.557
1.009 5.660
1.008 5.762
1.006 5.864
1.004 5.967
1.003 6.069
1.002 6.171
1.001 6.274
1.000 6.376
1.000 6.479
0.999 6.581
0.999 6.683
0.999 6.786
0.999 6.888
0.999 6.990
---
CollisionFootprint(i, j, t_in, t_out):
0 0 0.000000 5.595613
1 0 5.595613 11.979404
1 1 11.979404 16.448259
2 1 16.448259 26.812626
3 1 26.812626 36.926825
4 1 36.926825 46.976725
5 1 46.976725 57.025620
6 1 57.025620 67.072505
7 1 67.072505 72.000000
=== END ===

=== PRIMITIVE ===
ID: 368
StartHeadingNum: 1
Goal: i=4 j=4 heading=3
Length: 5.791504
ExecutionTime(ticks): 58
TotalHeadingChange: 0.6422
BendingEnergy: 0.0855
---
Trajectory(x,y):
0.000 0.000
0.092 0.046
0.185 0.093
0.277 0.139
0.369 0.186
0.461 0.234
0.553 0.281
0.644 0.330
0.735 0.379
0.826 0.429
0.916 0.480
1.006 0.531
1.095 0.584
1.183 0.638
1.271 0.693
1.358 0.748
1.444 0.806
1.529 0.864
1.614 0.923
1.698 0.984
1.780 1.046
1.862 1.110
1.943 1.174
2.022 1.240
2.101 1.308
2.178 1.376
2.254 1.446
2.329 1.517
2.403 1.590
2.476 1.664
2.547 1.739
2.617 1.815
2.685 1.892
2.753 1.971
2.818 2.051
2.883 2.131
2.946 2.213
3.009 2.296
3.069 2.379
3.129 2.464
3.187 2.550
3.244 2.636
3.300 2.723
3.355 2.810
3.409 2.899
3.461 2.988
3.513 3.077
3.564 3.167
3.614 3.258
3.663 3.349
3.712 3.440
3.760 3.532
3.807 3.624
3.854 3.716
3.901 3.808
3.947 3.900
3.994 3.993
---
CollisionFootprint(i, j, t_in, t_out):
0 0 0.000000 5.614825
0 1 5.614825 10.765463
1 1 10.765463 17.249076
1 2 17.249076 27.711590
2 2 27.711590 30.389560
2 3 30.389560 40.830041
3 3 40.830041 47.379753
3 4 47.379753 52.462289
4 4 52.462289 58.000000
=== END ===

=== PRIMITIVE ===
ID: 369
StartHeadingNum: 5
Goal: i=4 j=-4 heading=7
Length: 5.791504
ExecutionTime(ticks): 58
TotalHeadingChange: 0.6422
BendingEnergy: 0.0855
---
Trajectory(x,y):
0.000 0.000
-0.046 0.092
-0.093 0.185
-0.139 0.277
-0.186 0.369
-0.234 0.461
-0.281 0.553
-0.330 0.644
-0.379 0.735
-0.429 0.826
-0.480 0.916
-0.531 1.006
-0.584 1.095
-0.638 1.183
-0.693 1.271
-0.748 1.358
-0.806 1.444
-0.864 1.529
-0.923 1.614
-0.984 1.698
-1.046 1.780
-1.110 1.862
-1.174 1.943
-1.240 2.022
-1.308 2.101
-1.376 2.178
-1.446 2.254
-1.517 2.329
-1.590 2.403
-1.664 2.476
-1.739 2.547
-1.815 2.617
-1.892 2.685
-1.971 2.753
-2.051 2.818
-2.131 2.883
-2.213 2.946
-2.296 3.009
-2.379 3.069
-2.464 3.129
-2.550 3.187
-2.636 3.244
-2.723 3.300
-2.810 3.355
-2.899 3.409
-2.988 3.461
-3.077 3.513
-3.167 3.564
-3.258 3.614
-3.349 3.663
-3.440 3.712
-3.532 3.760
-3.624 3.807
-3.716 3.854
-3.808 3.901
-3.900 3.947
-3.993 3.994
---
CollisionFootprint(i, j, t_in, t_out):
0 0 0.000000 5.614825
1 0 5.614825 10.765463
1 -1 10.765463 17.249076
2 -1 17.249076 27.711590
2 -2 27.711590 30.389560
3 -2 30.389560 40.830041
3 -3 40.830041 47.379753
4 -3 47.379753 52.462289
4 -4 52.462289 58.000000
=== END ===

=== PRIMITIVE ===
ID: 370
StartHeadingNum: 9
Goal: i=-4 j=-4 heading=11
Length: 5.791504
ExecutionTime(ticks): 58
TotalHeadingChange: 0.6422
BendingEnergy: 0.0855
---
Trajectory(x,y):
0.000 0.000
-0.092 -0.046
-0.185 -0.093
-0.277 -0.139
-0.369 -0.186
-0.461 -0.234
-0.553 -0.281
-0.644 -0.330
-0.735 -0.379
-0.826 -0.429
-0.916 -0.480
-1.006 -0.531
-1.095 -0.584
-1.183 -0.638
-1.271 -0.693
-1.358 -0.748
-1.444 -0.806
-1.529 -0.864
-1.614 -0.923
-1.698 -0.984
-1.780 -1.046
-1.862 -1.110
-1.943 -1.174
-2.022 -1.240
-2.101 -1.308
-2.178 -1.376
-2.254 -1.446
-2.329 -1.517
-2.403 -1.590
-2.476 -1.664
-2.547 -1.739
-2.617 -1.815
-2.685 -1.892
-2.753 -1.971
-2.818 -2.051
-2.883 -2.131
-2.946 -2.213
-3.009 -2.296
-3.069 -2.379
-3.129 -2.464
-3.187 -2.550
-3.244 -2.636
-3.300 -2.723
-3.355 -2.810
-3.409 -2.899
-3.461 -2.988
-3.513 -3.077
-3.564 -3.167
-3.614 -3.258
-3.663 -3.349
-3.712 -3.440
-3.760 -3.532
-3.807 -3.624
-3.854 -3.716
-3.901 -3.808
-3.947 -3.900
-3.994 -3.993
---
CollisionFootprint(i, j, t_in, t_out):
0 0 0.000000 5.614825
0 -1 5.614825 10.765463
-1 -1 10.765463 17.249076
-1 -2 17.249076 27.711590
-2 -2 27.711590 30.389560
-2 -3 30.389560 40.830041
-3 -3 40.830041 47.379753
-3 -4 47.379753 52.462289
-4 -4 52.462289 58.000000
=== END ===

=== PRIMITIVE ===
ID: 371
StartHeadingNum: 13
Goal: i=-4 j=4 heading=15
Length: 5.791504
ExecutionTime(ticks): 58
TotalHeadingChange: 0.6422
BendingEnergy: 0.0855
---
Trajectory(x,y):
0.000 0.000
0.046 -0.092
0.093 -0.185
0.139 -0.277
0.186 -0.369
0.234 -0.461
0.281 -0.553
0.330 -0.644
0.379 -0.735
0.429 -0.826
0.480 -0.916
0.531 -1.006
0.584 -1.095
0.638 -1.183
0.693 -1.271
0.748 -1.358
0.806 -1.444
0.864 -1.529
0.923 -1.614
0.984 -1.698
1.046 -1.780
1.110 -1.862
1.174 -1.943
1.240 -2.022
1.308 -2.101
1.376 -2.178
1.446 -2.254
1.517 -2.329
1.590 -2.403
1.664 -2.476
1.739 -2.547
1.815 -2.617
1.892 -2.685
1.971 -2.753
2.051 -2.818
2.131 -2.883
2.213 -2.946
2.296 -3.009
2.379 -3.069
2.464 -3.129
2.550 -3.187
2.636 -3.244
2.723 -3.300
2.810 -3.355
2.899 -3.409
2.988 -3.461
3.077 -3.513
3.167 -3.564
3.258 -3.614
3.349 -3.663
3.440 -3.712
3.532 -3.760
3.624 -3.807
3.716 -3.854
3.808 -3.901
3.900 -3.947
3.993 -3.994
---
CollisionFootprint(i, j, t_in, t_out):
0 0 0.000000 5.614825
-1 0 5.614825 10.765463
-1 1 10.765463 17.249076
-2 1 17.249076 27.711590
-2 2 27.711590 30.389560
-3 2 30.389560 40.830041
-3 3 40.830041 47.379753
-4 3 47.379753 52.462289
-4 4 52.462289 58.000000
=== END ===

=== PRIMITIVE ===
ID: 372
StartHeadingNum: 7
Goal: i=4 j=-4 heading=5
Length: 5.791504
ExecutionTime(ticks): 58
TotalHeadingChange: 0.6422
BendingEnergy: 0.0855
---
Trajectory(x,y):
0.000 0.000
-0.092 0.046
-0.185 0.093
-0.277 0.139
-0.369 0.186
-0.461 0.234
-0.553 0.281
-0.644 0.330
-0.735 0.379
-0.826 0.429
-0.916 0.480
-1.006 0.531
-1.095 0.584
-1.183 0.638
-1.271 0.693
-1.358 0.748
-1.444 0.806
-1.529 0.864
-1.614 0.923
-1.698 0.984
-1.780 1.046
-1.862 1.110
-1.943 1.174
-2.022 1.240
-2.101 1.308
-2.178 1.376
-2.254 1.446
-2.329 1.517
-2.403 1.590
-2.476 1.664
-2.547 1.739
-2.617 1.815
-2.685 1.892
-2.753 1.971
-2.818 2.051
-2.883 2.131
-2.946 2.213
-3.009 2.296
-3.069 2.379
-3.129 2.464
-3.187 2.550
-3.244 2.636
-3.300 2.723
-3.355 2.810
-3.409 2.899
-3.461 2.988
-3.513 3.077
-3.564 3.167
-3.614 3.258
-3.663 3.349
-3.712 3.440
-3.760 3.532
-3.807 3.624
-3.854 3.716
-3.901 3.808
-3.947 3.900
-3.994 3.993
---
CollisionFootprint(i, j, t_in, t_out):
0 0 0.000000 5.614825
0 -1 5.614825 10.765463
1 -1 10.765463 17.249076
1 -2 17.249076 27.711590
2 -2 27.711590 30.389560
2 -3 30.389560 40.830041
3 -3 40.830041 47.379753
3 -4 47.379753 52.462289
4 -4 52.462289 58.000000
=== END ===

=== PRIMITIVE ===
ID: 373
StartHeadingNum: 11
Goal: i=-4 j=-4 heading=9
Length: 5.791504
ExecutionTime(ticks): 58
TotalHeadingChange: 0.6422
BendingEnergy: 0.0855
---
Trajectory(x,y):
0.000 0.000
-0.046 -0.092
-0.093 -0.185
-0.139 -0.277
-0.186 -0.369
-0.234 -0.461
-0.281 -0.553
-0.330 -0.644
-0.379 -0.735
-0.429 -0.826
-0.480 -0.916
-0.531 -1.006
-0.584 -1.095
-0.638 -1.183
-0.693 -1.271
-0.748 -1.358
-0.806 -1.444
-0.864 -1.529
-0.923 -1.614
-0.984 -1.698
-1.046 -1.780
-1.110 -1.862
-1.174 -1.943
-1.240 -2.022
-1.308 -2.101
-1.376 -2.178
-1.446 -2.254
-1.517 -2.329
-1.590 -2.403
-1.664 -2.476
-1.739 -2.547
-1.815 -2.617
-1.892 -2.685
-1.971 -2.753
-2.051 -2.818
-2.131 -2.883
-2.213 -2.946
-2.296 -3.009
-2.379 -3.069
-2.464 -3.129
-2.550 -3.187
-2.636 -3.244
-2.723 -3.300
-2.810 -3.355
-2.899 -3.409
-2.988 -3.461
-3.077 -3.513
-3.167 -3.564
-3.258 -3.614
-3.349 -3.663
-3.440 -3.712
-3.532 -3.760
-3.624 -3.807
-3.716 -3.854
-3.808 -3.901
-3.900 -3.947
-3.993 -3.994
---
CollisionFootprint(i, j, t_in, t_out):
0 0 0.000000 5.614825
-1 0 5.614825 10.765463
-1 -1 10.765463 17.249076
-2 -1 17.249076 27.711590
-2 -2 27.711590 30.389560
-3 -2 30.389560 40.830041
-3 -3 40.830041 47.379753
-4 -3 47.379753 52.462289
-4 -4 52.462289 58.000000
=== END ===

=== PRIMITIVE ===
ID: 374
StartHeadingNum: 15
Goal: i=-4 j=4 heading=13
Length: 5.791504
ExecutionTime(ticks): 58
TotalHeadingChange: 0.6422
BendingEnergy: 0.0855
---
Trajectory(x,y):
0.000 0.000
0.092 -0.046
0.185 -0.093
0.277 -0.139
0.369 -0.186
0.461 -0.234
0.553 -0.281
0.644 -0.330
0.735 -0.379
0.826 -0.429
0.916 -0.480
1.006 -0.531
1.095 -0.584
1.183 -0.638
1.271 -0.693
1.358 -0.748
1.444 -0.806
1.529 -0.864
1.614 -0.923
1.698 -0.984
1.780 -1.046
1.862 -1.110
1.943 -1.174
2.022 -1.240
2.101 -1.308
2.178 -1.376
2.254 -1.446
2.329 -1.517
2.403 -1.590
2.476 -1.664
2.547 -1.739
2.617 -1.815
2.685 -1.892
2.753 -1.971
2.818 -2.051
2.883 -2.131
2.946 -2.213
3.009 -2.296
3.069 -2.379
3.129 -2.464
3.187 -2.550
3.244 -2.636
3.300 -2.723
3.355 -2.810
3.409 -2.899
3.461 -2.988
3.513 -3.077
3.564 -3.167
3.614 -3.258
3.663 -3.349
3.712 -3.440
3.760 -3.532
3.807 -3.624
3.854 -3.716
3.901 -3.808
3.947 -3.900
3.994 -3.993
---
CollisionFootprint(i, j, t_in, t_out):
0 0 0.000000 5.614825
0 1 5.614825 10.765463
-1 1 10.765463 17.249076
-1 2 17.249076 27.711590
-2 2 27.711590 30.389560
-2 3 30.389560 40.830041
-3 3 40.830041 47.379753
-3 4 47.379753 52.462289
-4 4 52.462289 58.000000
=== END ===

=== PRIMITIVE ===
ID: 375
StartHeadingNum: 3
Goal: i=4 j=4 heading=1
Length: 5.791504
ExecutionTime(ticks): 58
TotalHeadingChange: 0.6422
BendingEnergy: 0.0855
---
Trajectory(x,y):
0.000 0.000
0.046 0.092
0.093 0.185
0.139 0.277
0.186 0.369
0.234 0.461
0.281 0.553
0.330 0.644
0.379 0.735
0.429 0.826
0.480 0.916
0.531 1.006
0.584 1.095
0.638 1.183
0.693 1.271
0.748 1.358
0.806 1.444
0.864 1.529
0.923 1.614
0.984 1.698
1.046 1.780
1.110 1.862
1.174 1.943
1.240 2.022
1.308 2.101
1.376 2.178
1.446 2.254
1.517 2.329
1.590 2.403
1.664 2.476
1.739 2.547
1.815 2.617
1.892 2.685
1.971 2.753
2.051 2.818
2.131 2.883
2.213 2.946
2.296 3.009
2.379 3.069
2.464 3.129
2.550 3.187
2.636 3.244
2.723 3.300
2.810 3.355
2.899 3.409
2.988 3.461
3.077 3.513
3.167 3.564
3.258 3.614
3.349 3.663
3.440 3.712
3.532 3.760
3.624 3.807
3.716 3.854
3.808 3.901
3.900 3.947
3.993 3.994
---
CollisionFootprint(i, j, t_in, t_out):
0 0 0.000000 5.614825
1 0 5.614825 10.765463
1 1 10.765463 17.249076
2 1 17.249076 27.711590
2 2 27.711590 30.389560
3 2 30.389560 40.830041
3 3 40.830041 47.379753
4 3 47.379753 52.462289
4 4 52.462289 58.000000
=== END ===

=== PRIMITIVE ===
ID: 376
StartHeadingNum: 1
Goal: i=0 j=5 heading=15
Length: 5.260466
ExecutionTime(ticks): 53
TotalHeadingChange: 0.9252
BendingEnergy: 0.1953
---
Trajectory(x,y):
0.000 0.000
0.092 0.046
0.185 0.092
0.277 0.138
0.370 0.182
0.463 0.227
0.557 0.270
0.651 0.312
0.746 0.353
0.841 0.393
0.937 0.431
1.033 0.468
1.130 0.502
1.228 0.535
1.327 0.566
1.426 0.594
1.525 0.621
1.626 0.645
1.727 0.666
1.828 0.685
1.930 0.702
2.032 0.715
2.135 0.726
2.237 0.735
2.340 0.740
2.443 0.743
2.547 0.743
2.650 0.740
2.753 0.734
2.855 0.726
2.958 0.715
3.060 0.701
3.162 0.684
3.263 0.665
3.364 0.644
3.465 0.620
3.564 0.593
3.663 0.565
3.762 0.534
3.860 0.501
3.957 0.467
4.053 0.430
4.149 0.392
4.244 0.353
4.339 0.312
4.433 0.270
4.527 0.227
4.620 0.183
4.713 0.138
4.806 0.093
4.898 0.047
4.991 0.001
---
CollisionFootprint(i, j, t_in, t_out):
0 0 0.000000 5.604481
0 1 5.604481 12.402401
1 1 12.402401 16.364076
1 2 16.364076 26.550377
1 3 26.550377 36.741716
1 4 36.741716 40.575433
0 4 40.575433 47.504334
0 5 47.504334 53.000000
=== END ===

=== PRIMITIVE ===
ID: 377
StartHeadingNum: 5
Goal: i=5 j=0 heading=3
Length: 5.260466
ExecutionTime(ticks): 53
TotalHeadingChange: 0.9252
BendingEnergy: 0.1953
---
Trajectory(x,y):
0.000 0.000
-0.046 0.092
-0.092 0.185
-0.138 0.277
-0.182 0.370
-0.227 0.463
-0.270 0.557
-0.312 0.651
-0.353 0.746
-0.393 0.841
-0.431 0.937
-0.468 1.033
-0.502 1.130
-0.535 1.228
-0.566 1.327
-0.594 1.426
-0.621 1.525
-0.645 1.626
-0.666 1.727
-0.685 1.828
-0.702 1.930
-0.715 2.032
-0.726 2.135
-0.735 2.237
-0.740 2.340
-0.743 2.443
-0.743 2.547
-0.740 2.650
-0.734 2.753
-0.726 2.855
-0.715 2.958
-0.701 3.060
-0.684 3.162
-0.665 3.263
-0.644 3.364
-0.620 3.465
-0.593 3.564
-0.565 3.663
-0.534 3.762
-0.501 3.860
-0.467 3.957
-0.430 4.053
-0.392 4.149
-0.353 4.244
-0.312 4.339
-0.270 4.433
-0.227 4.527
-0.183 4.620
-0.138 4.713
-0.093 4.806
-0.047 4.898
-0.001 4.991
---
CollisionFootprint(i, j, t_in, t_out):
0 0 0.000000 5.604481
1 0 5.604481 12.402401
1 -1 12.402401 16.364076
2 -1 16.364076 26.550377
3 -1 26.550377 36.741716
4 -1 36.741716 40.575433
4 0 40.575433 47.504334
5 0 47.504334 53.000000
=== END ===

=== PRIMITIVE ===
ID: 378
StartHeadingNum: 9
Goal: i=0 j=-5 heading=7
Length: 5.260466
ExecutionTime(ticks): 53
TotalHeadingChange: 0.9252
BendingEnergy: 0.1953
---
Trajectory(x,y):
0.000 0.000
-0.092 -0.046
-0.185 -0.092
-0.277 -0.138
-0.370 -0.182
-0.463 -0.227
-0.557 -0.270
-0.651 -0.312
-0.746 -0.353
-0.841 -0.393
-0.937 -0.431
-1.033 -0.468
-1.130 -0.502
-1.228 -0.535
-1.327 -0.566
-1.426 -0.594
-1.525 -0.621
-1.626 -0.645
-1.727 -0.666
-1.828 -0.685
-1.930 -0.702
-2.032 -0.715
-2.135 -0.726
-2.237 -0.735
-2.340 -0.740
-2.443 -0.743
-2.547 -0.743
-2.650 -0.740
-2.753 -0.734
-2.855 -0.726
-2.958 -0.715
-3.060 -0.701
-3.162 -0.684
-3.263 -0.665
-3.364 -0.644
-3.465 -0.620
-3.564 -0.593
-3.663 -0.565
-3.762 -0.534
-3.860 -0.501
-3.957 -0.467
-4.053 -0.430
-4.149 -0.392
-4.244 -0.353
-4.339 -0.312
-4.433 -0.270
-4.527 -0.227
-4.620 -0.183
-4.713 -0.138
-4.806 -0.093
-4.898 -0.047
-4.991 -0.001
---
CollisionFootprint(i, j, t_in, t_out):
0 0 0.000000 5.604481
0 -1 5.604481 12.402401
-1 -1 12.402401 16.364076
-1 -2 16.364076 26.550377
-1 -3 26.550377 36.741716
-1 -4 36.741716 40.575433
0 -4 40.575433 47.504334
0 -5 47.504334 53.000000
=== END ===

=== PRIMITIVE ===
ID: 379
StartHeadingNum: 13
Goal: i=-5 j=0 heading=11
Length: 5.260466
ExecutionTime(ticks): 53
TotalHeadingChange: 0.9252
BendingEnergy: 0.1953
---
Trajectory(x,y):
0.000 0.000
0.046 -0.092
0.092 -0.185
0.138 -0.277
0.182 -0.370
0.227 -0.463
0.270 -0.557
0.312 -0.651
0.353 -0.746
0.393 -0.841
0.431 -0.937
0.468 -1.033
0.502 -1.130
0.535 -1.228
0.566 -1.327
0.594 -1.426
0.621 -1.525
0.645 -1.626
0.666 -1.727
0.685 -1.828
0.702 -1.930
0.715 -2.032
0.726 -2.135
0.735 -2.237
0.740 -2.340
0.743 -2.443
0.743 -2.547
0.740 -2.650
0.734 -2.753
0.726 -2.855
0.715 -2.958
0.701 -3.060
0.684 -3.162
0.665 -3.263
0.644 -3.364
0.620 -3.465
0.593 -3.564
0.565 -3.663
0.534 -3.762
0.501 -3.860
0.467 -3.957
0.430 -4.053
0.392 -4.149
0.353 -4.244
0.312 -4.339
0.270 -4.433
0.227 -4.527
0.183 -4.620
0.138 -4.713
0.093 -4.806
0.047 -4.898
0.001 -4.991
---
CollisionFootprint(i, j, t_in, t_out):
0 0 0.000000 5.604481
-1 0 5.604481 12.402401
-1 1 12.402401 16.364076
-2 1 16.364076 26.550377
-3 1 26.550377 36.741716
-4 1 36.741716 40.575433
-4 0 40.575433 47.504334
-5 0 47.504334 53.000000
=== END ===

=== PRIMITIVE ===
ID: 380
StartHeadingNum: 7
Goal: i=0 j=-5 heading=9
Length: 5.260466
ExecutionTime(ticks): 53
TotalHeadingChange: 0.9252
BendingEnergy: 0.1953
---
Trajectory(x,y):
0.000 0.000
-0.092 0.046
-0.185 0.092
-0.277 0.138
-0.370 0.182
-0.463 0.227
-0.557 0.270
-0.651 0.312
-0.746 0.353
-0.841 0.393
-0.937 0.431
-1.033 0.468
-1.130 0.502
-1.228 0.535
-1.327 0.566
-1.426 0.594
-1.525 0.621
-1.626 0.645
-1.727 0.666
-1.828 0.685
-1.930 0.702
-2.032 0.715
-2.135 0.726
-2.237 0.735
-2.340 0.740
-2.443 0.743
-2.547 0.743
-2.650 0.740
-2.753 0.734
-2.855 0.726
-2.958 0.715
-3.060 0.701
-3.162 0.684
-3.263 0.665
-3.364 0.644
-3.465 0.620
-3.564 0.593
-3.663 0.565
-3.762 0.534
-3.860 0.501
-3.957 0.467
-4.053 0.430
-4.149 0.392
-4.244 0.353
-4.339 0.312
-4.433 0.270
-4.527 0.227
-4.620 0.183
-4.713 0.138
-4.806 0.093
-4.898 0.047
-4.991 0.001
---
CollisionFootprint(i, j, t_in, t_out):
0 0 0.000000 5.604481
0 -1 5.604481 12.402401
1 -1 12.402401 16.364076
1 -2 16.364076 26.550377
1 -3 26.550377 36.741716
1 -4 36.741716 40.575433
0 -4 40.575433 47.504334
0 -5 47.504334 53.000000
=== END ===

=== PRIMITIVE ===
ID: 381
StartHeadingNum: 11
Goal: i=-5 j=0 heading=13
Length: 5.260466
ExecutionTime(ticks): 53
TotalHeadingChange: 0.9252
BendingEnergy: 0.1953
---
Trajectory(x,y):
0.000 0.000
-0.046 -0.092
-0.092 -0.185
-0.138 -0.277
-0.182 -0.370
-0.227 -0.463
-0.270 -0.557
-0.312 -0.651
-0.353 -0.746
-0.393 -0.841
-0.431 -0.937
-0.468 -1.033
-0.502 -1.130
-0.535 -1.228
-0.566 -1.327
-0.594 -1.426
-0.621 -1.525
-0.645 -1.626
-0.666 -1.727
-0.685 -1.828
-0.702 -1.930
-0.715 -2.032
-0.726 -2.135
-0.735 -2.237
-0.740 -2.340
-0.743 -2.443
-0.743 -2.547
-0.740 -2.650
-0.734 -2.753
-0.726 -2.855
-0.715 -2.958
-0.701 -3.060
-0.684 -3.162
-0.665 -3.263
-0.644 -3.364
-0.620 -3.465
-0.593 -3.564
-0.565 -3.663
-0.534 -3.762
-0.501 -3.860
-0.467 -3.957
-0.430 -4.053
-0.392 -4.149
-0.353 -4.244
-0.312 -4.339
-0.270 -4.433
-0.227 -4.527
-0.183 -4.620
-0.138 -4.713
-0.093 -4.806
-0.047 -4.898
-0.001 -4.991
---
CollisionFootprint(i, j, t_in, t_out):
0 0 0.000000 5.604481
-1 0 5.604481 12.402401
-1 -1 12.402401 16.364076
-2 -1 16.364076 26.550377
-3 -1 26.550377 36.741716
-4 -1 36.741716 40.575433
-4 0 40.575433 47.504334
-5 0 47.504334 53.000000
=== END ===

=== PRIMITIVE ===
ID: 382
StartHeadingNum: 15
Goal: i=0 j=5 heading=1
Length: 5.260466
ExecutionTime(ticks): 53
TotalHeadingChange: 0.9252
BendingEnergy: 0.1953
---
Trajectory(x,y):
0.000 0.000
0.092 -0.046
0.185 -0.092
0.277 -0.138
0.370 -0.182
0.463 -0.227
0.557 -0.270
0.651 -0.312
0.746 -0.353
0.841 -0.393
0.937 -0.431
1.033 -0.468
1.130 -0.502
1.228 -0.535
1.327 -0.566
1.426 -0.594
1.525 -0.621
1.626 -0.645
1.727 -0.666
1.828 -0.685
1.930 -0.702
2.032 -0.715
2.135 -0.726
2.237 -0.735
2.340 -0.740
2.443 -0.743
2.547 -0.743
2.650 -0.740
2.753 -0.734
2.855 -0.726
2.958 -0.715
3.060 -0.701
3.162 -0.684
3.263 -0.665
3.364 -0.644
3.465 -0.620
3.564 -0.593
3.663 -0.565
3.762 -0.534
3.860 -0.501
3.957 -0.467
4.053 -0.430
4.149 -0.392
4.244 -0.353
4.339 -0.312
4.433 -0.270
4.527 -0.227
4.620 -0.183
4.713 -0.138
4.806 -0.093
4.898 -0.047
4.991 -0.001
---
CollisionFootprint(i, j, t_in, t_out):
0 0 0.000000 5.604481
0 1 5.604481 12.402401
-1 1 12.402401 16.364076
-1 2 16.364076 26.550377
-1 3 26.550377 36.741716
-1 4 36.741716 40.575433
0 4 40.575433 47.504334
0 5 47.504334 53.000000
=== END ===

=== PRIMITIVE ===
ID: 383
StartHeadingNum: 3
Goal: i=5 j=0 heading=5
Length: 5.260466
ExecutionTime(ticks): 53
TotalHeadingChange: 0.9252
BendingEnergy: 0.1953
---
Trajectory(x,y):
0.000 0.000
0.046 0.092
0.092 0.185
0.138 0.277
0.182 0.370
0.227 0.463
0.270 0.557
0.312 0.651
0.353 0.746
0.393 0.841
0.431 0.937
0.468 1.033
0.502 1.130
0.535 1.228
0.566 1.327
0.594 1.426
0.621 1.525
0.645 1.626
0.666 1.727
0.685 1.828
0.702 1.930
0.715 2.032
0.726 2.135
0.735 2.237
0.740 2.340
0.743 2.443
0.743 2.547
0.740 2.650
0.734 2.753
0.726 2.855
0.715 2.958
0.701 3.060
0.684 3.162
0.665 3.263
0.644 3.364
0.620 3.465
0.593 3.564
0.565 3.663
0.534 3.762
0.501 3.860
0.467 3.957
0.430 4.053
0.392 4.149
0.353 4.244
0.312 4.339
0.270 4.433
0.227 4.527
0.183 4.620
0.138 4.713
0.093 4.806
0.047 4.898
0.001 4.991
---
CollisionFootprint(i, j, t_in, t_out):
0 0 0.000000 5.604481
1 0 5.604481 12.402401
1 1 12.402401 16.364076
2 1 16.364076 26.550377
3 1 26.550377 36.741716
4 1 36.741716 40.575433
4 0 40.575433 47.504334
5 0 47.504334 53.000000
=== END ===

