task_id,alg,start,goal,success,cost,steps,time_sec,curvature,heading_change,bending_energy,path
1,SIPP_2^2,"50,59,0","47,42,0",1,220.0,68,0.01295,21.2132,4.71239,9.42478,2 3 3 0 0 0 0 0 0 0 0 0 0 0 0 0 0 0 0 0 0 3
1,SIPP_2^3,"50,59,0","47,42,0",1,202.42640799999998,29,0.00986,15.29356,3.14159,6.28319,5 7 0 0 0 0 0 0 0 0 0 0 0 0 0 0 0 0 7
1,SIPP_2^4,"50,59,0","47,42,0",1,200.644952,28,0.02646,13.68072,2.81984,5.63968,10 14 0 0 0 0 0 0 0 0 0 0 0 0 0 0 0 15
1,SIPP_2^5,"50,59,0","47,42,0",1,199.90704899999997,27,0.06783,12.97013,2.67795,5.35589,20 28 0 0 0 0 0 0 0 0 0 0 0 0 0 0 31
1,SIPP_BigCS,"50,59,3","47,42,6",1,234.529371,79,0.26383,11.16583,2.0272,0.7068,69 -30.529 340 194 202 202
1,SIPP_Standard,"50,59,3","47,42,6",1,329.180459,36,0.06499,18.25009,3.5202,0.578,-4.180 43 85 22 53
2,SIPP_2^2,"16,47,0","11,13,0",1,390.0,256,0.06126,56.56854,12.56637,25.13274,0 0 0 0 0 0 0 0 0 0 0 0 0 0 0 0 0 0 0 0 0 3 0 0 3 0 0 0 0 0 3 0 0 0 0 0 3 3 0
2,SIPP_2^3,"16,47,0","11,13,0",1,360.71067999999997,190,0.08009,19.61218,3.92699,7.85398,0 0 0 0 0 0 0 0 0 0 0 0 0 0 0 0 0 0 0 0 0 0 0 0 0 0 0 7 0 7 7 7 0 7
2,SIPP_2^4,"16,47,0","11,13,0",1,351.8034,146,0.17603,6.96744,1.39094,2.78189,0 0 0 0 0 0 0 0 0 0 0 0 0 0 0 0 0 0 0 0 0 0 15 15 15 15 0 0 15
2,SIPP_2^5,"16,47,0","11,13,0",1,348.1138849999999,114,0.37916,11.29592,2.25225,4.50451,0 0 0 0 0 0 0 0 0 0 0 0 0 0 31 31 0 31 0 0 0 31 0 31
2,SIPP_BigCS,"16,47,4","11,13,13",1,350.0,374,2.3013,7.99519,1.5578,0.1778,306 6 6 6 2 6 6 6 14 306
2,SIPP_Standard,"16,47,4","11,13,13",1,402.0,806,1.5595,19.66966,3.7897,0.5448,106 49 108 54 74
3,SIPP_2^2,"30,63,0","18,1,0",0,-1,0,0.0,0.0,0.0,0.0,
3,SIPP_2^3,"30,63,0","18,1,0",0,-1,0,0.0,0.0,0.0,0.0,
3,SIPP_2^4,"30,63,0","18,1,0",0,-1,0,0.0,0.0,0.0,0.0,
3,SIPP_2^5,"30,63,0","18,1,0",0,-1,0,0.0,0.0,0.0,0.0,
3,SIPP_BigCS,"30,63,0","18,1,0",0,-1,0,0.0,0.0,0.0,0.0,
3,SIPP_Standard,"30,63,3","18,1,13",0,-1,0,6e-05,0.0,0.0,0.0,
4,SIPP_2^2,"48,19,0","17,27,0",0,-1,0,0.0,0.0,0.0,0.0,
4,SIPP_2^3,"48,19,0","17,27,0",0,-1,0,0.0,0.0,0.0,0.0,
4,SIPP_2^4,"48,19,0","17,27,0",0,-1,0,0.0,0.0,0.0,0.0,
4,SIPP_2^5,"48,19,0","17,27,0",0,-1,0,0.0,0.0,0.0,0.0,
4,SIPP_BigCS,"48,19,0","17,27,0",0,-1,0,0.0,0.0,0.0,0.0,
4,SIPP_Standard,"48,19,1","17,27,11",0,-1,0,3e-05,0.0,0.0,0.0,
5,SIPP_2^2,"22,55,0","12,0,0",0,-1,0,0.0,0.0,0.0,0.0,
5,SIPP_2^3,"22,55,0","12,0,0",0,-1,0,0.0,0.0,0.0,0.0,
5,SIPP_2^4,"22,55,0","12,0,0",0,-1,0,0.0,0.0,0.0,0.0,
5,SIPP_2^5,"22,55,0","12,0,0",0,-1,0,0.0,0.0,0.0,0.0,
5,SIPP_BigCS,"22,55,0","12,0,0",0,-1,0,0.0,0.0,0.0,0.0,
5,SIPP_Standard,"22,55,13","12,0,0",0,-1,116985,180.00061,0.0,0.0,0.0,
6,SIPP_2^2,"6,37,0","58,6,0",1,830.0,2265,0.48383,42.42641,9.42478,18.84956,1 1 1 1 1 1 1 1 1 1 1 1 1 1 1 1 1 1 1 1 1 1 1 1 1 1 1 1 1 1 1 1 1 1 1 1 1 1 1 1 1 1 1 1 1 1 1 1 1 0 0 0 0 0 0 0 0 0 0 0 0 0 0 0 0 1 0 0 0 0 0 0 0 0 1 0 0 0 0 0 0 0 1
6,SIPP_2^3,"6,37,0","58,6,0",1,648.406216,843,0.35501,31.05428,6.28319,12.56637,1 1 1 1 1 1 1 1 1 1 1 1 1 1 1 1 1 1 1 1 1 1 1 1 1 1 1 2 2 1 2 2 2 2 2 2 2 2 1 2 2 1 2 2 2 2 2 2 2 2 2 1
6,SIPP_2^4,"6,37,0","58,6,0",1,610.99564,281,0.32733,16.11448,3.21751,6.43501,3 3 3 3 3 3 3 3 3 3 3 2 2 2 3 2 3 3 3 2 2 2 2 3 2 3 3 3 2 3 3
6,SIPP_2^5,"6,37,0","58,6,0",1,606.52261,144,0.45614,1.86651,0.37307,0.74613,5 5 5 5 5 5 5 5 6 5 5 6 6 6 6 6 6 6 6 6 6
6,SIPP_BigCS,"6,37,9","58,6,8",1,602.0,56,0.40669,8.78607,1.2966,0.081,201 201 201 201 201 201 201 201 201 201 201 201 201 217 181 249 181 201
6,SIPP_Standard,"6,37,9","58,6,8",1,642.0,1883,3.69891,22.07993,4.2459,0.4397,53 65 45 9 49 68 45 5
7,SIPP_2^2,"59,41,0","30,35,0",1,350.0,251,0.05655,35.35534,7.85398,15.70796,3 3 3 3 3 3 3 3 3 3 3 3 3 3 3 3 3 3 3 3 3 3 0 3 3 3 3 3 3 0 0 0 0 3 0
7,SIPP_2^3,"59,41,0","30,35,0",1,314.85281599999996,177,0.07446,11.89679,2.35619,4.71239,6 6 6 6 6 6 6 6 6 6 6 6 6 6 6 6 6 6 6 6 6 7 7 7 7 7 6 6 7
7,SIPP_2^4,"59,41,0","30,35,0",1,304.16408,125,0.1527,16.24469,3.24553,6.49107,12 12 12 12 12 12 12 12 13 12 13 13 13 12 12 12 12 12 12 13 12 12 13
7,SIPP_2^5,"59,41,0","30,35,0",1,299.7366619999999,84,0.29185,8.03476,1.60875,3.21751,24 24 24 24 24 24 24 25 24 24 24 25 25 25 25 24 25
7,SIPP_BigCS,"59,41,9","30,35,4",1,302.0,276,1.51074,10.03051,1.9474,0.2101,7 7 7 59 365 87 309
7,SIPP_Standard,"59,41,9","30,35,4",1,324.0,182,0.28633,13.15832,2.5485,0.3027,47 23 50 93
8,SIPP_2^2,"0,30,0","63,63,0",0,-1,0,0.0,0.0,0.0,0.0,
8,SIPP_2^3,"0,30,0","63,63,0",0,-1,0,0.0,0.0,0.0,0.0,
8,SIPP_2^4,"0,30,0","63,63,0",0,-1,0,0.0,0.0,0.0,0.0,
8,SIPP_2^5,"0,30,0","63,63,0",0,-1,0,0.0,0.0,0.0,0.0,
8,SIPP_BigCS,"0,30,0","63,63,0",0,-1,0,0.0,0.0,0.0,0.0,
8,SIPP_Standard,"0,30,0","63,63,2",0,-1,0,4e-05,0.0,0.0,0.0,
9,SIPP_2^2,"60,58,0","55,61,0",1,80.0,19,0.00238,35.35534,7.85398,15.70796,3 3 3 2 3 2 3 2
9,SIPP_2^3,"60,58,0","55,61,0",1,62.426408,9,0.00207,7.86564,1.5708,3.14159,5 5 6 6 5
9,SIPP_2^4,"60,58,0","55,61,0",1,58.863496,5,0.00315,1.6059,0.32175,0.6435,10 11 11
9,SIPP_2^5,"60,58,0","55,61,0",1,58.41619299999999,3,0.00492,0.62191,0.12435,0.24871,22 21
9,SIPP_BigCS,"60,58,3","55,61,1",1,61.0,8,0.05864,3.92094,0.7823,0.2502,103 103 171
9,SIPP_Standard,"60,58,3","55,61,1",1,500.331606,812,1.39636,27.71724,5.3132,0.8459,18 108 -4.332 34 83 8 52
10,SIPP_2^2,"15,50,0","9,43,0",1,130.0,55,0.01467,42.42641,9.42478,18.84956,3 3 3 0 3 0 0 0 0 0 3 0 3
10,SIPP_2^3,"15,50,0","9,43,0",1,94.85281599999999,12,0.00645,8.06995,1.5708,3.14159,7 7 7 7 7 0 7
10,SIPP_2^4,"15,50,0","9,43,0",1,93.07136,11,0.01622,3.23189,0.6435,1.287,14 14 14 14 15 14
10,SIPP_2^5,"15,50,0","9,43,0",1,92.624057,9,0.03452,1.9758,0.39479,0.78958,28 28 28 29 28
10,SIPP_BigCS,"15,50,7","9,43,8",1,92.0,3,0.0889,1.74352,0.3314,0.0258,102 102 154
10,SIPP_Standard,"15,50,7","9,43,8",1,426.854353,1099,1.81361,25.57706,4.9369,0.8029,103 81 14 109 -3.854 55
11,SIPP_2^2,"31,29,0","53,8,0",1,430.0,644,0.13403,84.85281,18.84956,37.69911,0 0 0 0 0 0 0 0 0 0 0 0 0 0 0 1 0 1 1 1 0 1 1 1 1 1 1 0 1 1 1 1 0 1 1 1 1 1 1 0 1 1 0
11,SIPP_2^3,"31,29,0","53,8,0",1,306.98485599999987,42,0.01564,8.0151,1.5708,3.14159,1 1 1 1 1 1 1 1 1 1 1 1 1 1 1 1 1 1 2 1 1 1
11,SIPP_2^4,"31,29,0","53,8,0",1,305.2033999999999,41,0.04301,3.23173,0.6435,1.287,2 2 2 2 2 2 2 2 2 2 2 2 2 2 2 2 2 2 3 2 2
11,SIPP_2^5,"31,29,0","53,8,0",1,304.7560969999999,39,0.11285,1.97672,0.39479,0.78958,4 4 4 4 4 4 4 4 4 4 4 4 4 4 4 4 4 4 5 4
11,SIPP_BigCS,"31,29,11","53,8,15",1,302.0,18,0.19378,1.74352,0.3314,0.0258,101 101 101 101 101 101 101 101 101 101 101 101 101 101 101 101 101 153
11,SIPP_Standard,"31,29,11","53,8,15",1,310.0,36,0.09799,8.40464,1.6163,0.1338,53 65 49 76
12,SIPP_2^2,"59,49,0","0,1,0",0,-1,0,0.0,0.0,0.0,0.0,
12,SIPP_2^3,"59,49,0","0,1,0",0,-1,0,0.0,0.0,0.0,0.0,
12,SIPP_2^4,"59,49,0","0,1,0",0,-1,0,0.0,0.0,0.0,0.0,
12,SIPP_2^5,"59,49,0","0,1,0",0,-1,0,0.0,0.0,0.0,0.0,
12,SIPP_BigCS,"59,49,0","0,1,0",0,-1,0,0.0,0.0,0.0,0.0,
12,SIPP_Standard,"59,49,0","0,1,13",0,-1,118045,180.00126,0.0,0.0,0.0,
13,SIPP_2^2,"56,47,0","12,28,0",1,630.0,1263,0.38689,70.71068,15.70796,31.41593,0 0 0 0 0 0 0 0 0 0 0 3 3 3 3 3 3 3 3 3 3 0 0 3 3 0 0 3 3 3 3 3 3 3 3 3 3 3 3 3 3 3 3 3 3 3 3 3 3 3 3 3 3 3 0 0 3 3 0 3 3 3 0
13,SIPP_2^3,"56,47,0","12,28,0",1,519.974044,633,0.20298,31.38071,6.28319,12.56637,7 7 7 7 7 7 7 7 7 7 7 7 7 7 6 6 6 6 6 6 6 6 6 7 6 6 7 7 6 6 6 6 6 6 6 6 6 6 7 6 6 6 -1.273 6 7
13,SIPP_2^4,"56,47,0","12,28,0",1,508.854925,614,0.56989,22.51138,4.53254,9.06507,13 13 13 13 13 13 13 13 13 13 13 12 13 12 12 12 12 12 12 12 12 12 12 13 13 13 13 -6.942 0 14 0
13,SIPP_2^5,"56,47,0","12,28,0",1,506.63744799999995,615,1.58621,9.4109,1.85459,3.70918,25 25 25 25 25 25 25 25 25 25 26 26 26 26 26 26 -0.709 24 -13.914 31
13,SIPP_BigCS,"56,47,14","12,28,15",1,510.815513,4428,26.55892,12.19316,2.0728,0.4825,205 205 205 205 205 205 205 205 205 205 205 309 7 7 7 7 7 87 205 -19.816 333
13,SIPP_Standard,"56,47,14","12,28,15",1,515.66628,933,2.47521,18.31001,3.3907,0.4035,61 93 19 93 19 -1.666 85
14,SIPP_2^2,"49,32,0","33,30,0",1,180.0,45,0.0093,21.2132,4.71239,9.42478,3 3 3 3 3 3 3 3 3 3 3 3 3 3 3 0 3 0
14,SIPP_2^3,"49,32,0","33,30,0",1,168.284272,35,0.01234,11.59279,2.35619,4.71239,6 6 6 6 6 6 6 6 6 6 6 7 6 6 6 7
14,SIPP_2^4,"49,32,0","33,30,0",1,164.72136,27,0.02857,6.94722,1.39094,2.78189,12 12 12 12 12 12 12 12 12 12 13 12 12 13
14,SIPP_2^5,"49,32,0","33,30,0",1,163.24555399999997,23,0.06767,4.82449,0.96525,1.9305,24 24 24 24 24 24 24 25 24 24 24 25
14,SIPP_BigCS,"49,32,2","33,30,10",1,164.0,43,0.38574,5.36699,1.0531,0.1103,365 7 43
14,SIPP_Standard,"49,32,2","33,30,10",1,166.0,3,0.09348,4.17478,0.8457,0.1277,3 23
15,SIPP_2^2,"33,34,0","49,43,0",1,250.0,197,0.03591,70.71068,15.70796,31.41593,1 1 1 1 1 2 1 2 1 2 2 2 1 1 2 2 2 1 1 1 1 1 1 2 1
15,SIPP_2^3,"33,34,0","49,43,0",1,197.27922399999994,84,0.03014,23.81928,4.71239,9.42478,3 2 2 2 2 2 3 3 2 3 3 3 3 3 2 3
15,SIPP_2^4,"33,34,0","49,43,0",1,184.80903199999997,23,0.02413,1.61388,0.32175,0.6435,5 5 5 5 5 5 5 6 6
15,SIPP_2^5,"33,34,0","49,43,0",1,183.914426,17,0.05341,1.86614,0.37307,0.74613,10 10 10 11 10 10 11
15,SIPP_BigCS,"33,34,12","49,43,13",1,183.0,8,0.13282,4.13479,0.6405,0.1703,207 207 207 207 207 207 207 327
15,SIPP_Standard,"33,34,12","49,43,13",1,254.0,143,0.63007,15.51351,3.0465,0.4925,45 25 96
16,SIPP_2^2,"42,17,0","17,11,0",1,310.0,215,0.05842,35.35534,7.85398,15.70796,3 3 3 3 3 3 3 3 3 3 3 3 3 3 3 3 3 3 3 3 3 3 3 0 0 3 0 0 0 3 0
16,SIPP_2^3,"42,17,0","17,11,0",1,280.71067999999997,190,0.08657,27.47782,5.49779,10.99557,6 6 6 6 6 6 6 6 6 6 6 6 6 6 6 6 6 7 6 6 7 6 7 7 0 7
16,SIPP_2^4,"42,17,0","17,11,0",1,273.618457,175,0.22257,16.47947,3.24553,6.49107,12 13 13 13 13 12 12 12 13 13 13 12 13 -0.012 11 11
16,SIPP_2^5,"42,17,0","17,11,0",1,270.513535,161,0.54019,6.76356,1.33544,2.67089,26 25 26 25 25 25 25 25 21
16,SIPP_BigCS,"42,17,5","17,11,6",1,272.0,730,4.46183,7.32145,1.2898,0.1937,205 205 205 205 205 205 309 7 7 91
16,SIPP_Standard,"42,17,5","17,11,6",1,319.0,324,0.63031,11.5382,2.212,0.2677,66 50 109 55
17,SIPP_2^2,"9,38,0","3,61,0",1,290.0,197,0.03847,42.42641,9.42478,18.84956,2 2 2 2 2 2 2 2 2 2 2 2 2 2 2 2 3 2 2 2 2 2 3 2 3 3 3 3 2
17,SIPP_2^3,"9,38,0","3,61,0",1,254.85281599999996,129,0.04745,35.63288,7.06858,14.13717,4 4 4 4 5 4 5 5 4 4 4 4 4 4 4 5 4 5 4 4 4 4 5
17,SIPP_2^4,"9,38,0","3,61,0",1,244.16407999999998,91,0.0899,2.31131,0.46365,0.9273,9 9 9 9 9 9 8 8 8 8 8 8 8 8 8 8 8
17,SIPP_2^5,"9,38,0","3,61,0",1,239.73666199999997,45,0.13022,6.43294,1.287,2.574,17 16 16 16 16 17 17 17 17 16 17
17,SIPP_BigCS,"9,38,7","3,61,4",1,242.0,139,0.57567,7.7217,1.4766,0.1563,206 366 4 84 310
17,SIPP_Standard,"9,38,7","3,61,4",1,247.0,23,0.08619,11.13054,2.1756,0.2766,20 39 16
18,SIPP_2^2,"14,9,0","45,19,0",1,410.0,446,0.10615,91.92388,20.42035,40.8407,2 2 1 2 2 1 1 1 1 1 1 1 1 1 1 1 1 1 2 1 1 1 1 1 2 1 1 1 1 1 2 2 1 1 1 2 1 1 1 2 1
18,SIPP_2^3,"14,9,0","45,19,0",1,351.42135999999994,265,0.12008,43.66275,8.63938,17.27876,2 2 2 2 2 3 2 2 2 3 2 2 3 3 2 3 3 3 2 2 2 2 2 2 3 3 2 2 2 2 3
18,SIPP_2^4,"14,9,0","45,19,0",1,333.60679999999996,148,0.19091,20.98691,4.17283,8.34566,5 5 5 5 5 5 4 5 4 4 4 4 5 4 5 4 5 4 4 4 4
18,SIPP_2^5,"14,9,0","45,19,0",1,326.2277699999999,28,0.09521,3.22997,0.6435,1.287,9 9 9 9 9 9 9 9 9 8 9
18,SIPP_BigCS,"14,9,10","45,19,2",1,330.0,222,1.30165,10.2842,1.9382,0.2024,5 85 207 207 311 85 311
18,SIPP_Standard,"14,9,10","45,19,2",1,336.0,57,0.14968,11.86044,2.1756,0.2766,21 36 17 63
19,SIPP_2^2,"56,0,0","18,2,0",0,-1,0,0.0,0.0,0.0,0.0,
19,SIPP_2^3,"56,0,0","18,2,0",0,-1,0,0.0,0.0,0.0,0.0,
19,SIPP_2^4,"56,0,0","18,2,0",0,-1,0,0.0,0.0,0.0,0.0,
19,SIPP_2^5,"56,0,0","18,2,0",0,-1,0,0.0,0.0,0.0,0.0,
19,SIPP_BigCS,"56,0,0","18,2,0",0,-1,0,0.0,0.0,0.0,0.0,
19,SIPP_Standard,"56,0,0","18,2,15",0,-1,0,5e-05,0.0,0.0,0.0,
20,SIPP_2^2,"42,11,0","59,0,0",0,-1,0,0.0,0.0,0.0,0.0,
20,SIPP_2^3,"42,11,0","59,0,0",0,-1,0,0.0,0.0,0.0,0.0,
20,SIPP_2^4,"42,11,0","59,0,0",0,-1,0,0.0,0.0,0.0,0.0,
20,SIPP_2^5,"42,11,0","59,0,0",0,-1,0,0.0,0.0,0.0,0.0,
20,SIPP_BigCS,"42,11,0","59,0,0",0,-1,0,0.0,0.0,0.0,0.0,
20,SIPP_Standard,"42,11,4","59,0,6",0,-1,117231,180.00189,0.0,0.0,0.0,
21,SIPP_2^2,"50,63,0","45,41,0",0,-1,0,0.0,0.0,0.0,0.0,
21,SIPP_2^3,"50,63,0","45,41,0",0,-1,0,0.0,0.0,0.0,0.0,
21,SIPP_2^4,"50,63,0","45,41,0",0,-1,0,0.0,0.0,0.0,0.0,
21,SIPP_2^5,"50,63,0","45,41,0",0,-1,0,0.0,0.0,0.0,0.0,
21,SIPP_BigCS,"50,63,0","45,41,0",0,-1,0,0.0,0.0,0.0,0.0,
21,SIPP_Standard,"50,63,12","45,41,9",0,-1,0,5e-05,0.0,0.0,0.0,
22,SIPP_2^2,"14,10,0","40,29,0",1,479.883447,943,0.19773,98.99495,21.99115,43.9823,2 2 2 2 2 2 2 2 2 2 2 1 2 2 1 1 2 1 2 1 1 2 1 1 1 1 1 1 1 2 2 1 2 2 1 1 1 1 1 1 1 1 1 1 1 -9.782 1 -0.101 0
22,SIPP_2^3,"14,10,0","40,29,0",1,338.7005839999999,193,0.07999,35.37103,7.06858,14.13717,2 3 2 2 3 3 3 3 3 2 2 3 3 3 3 3 3 3 3 2 3 3 3 3 2 3
22,SIPP_2^4,"14,10,0","40,29,0",1,326.23039199999994,115,0.13564,19.33904,3.86101,7.72201,6 6 6 6 5 5 6 6 5 6 5 6 6 5 6 5 6 5 6
22,SIPP_2^5,"14,10,0","40,29,0",1,323.09927099999993,56,0.19941,0.98763,0.1974,0.39479,11 11 11 11 11 11 11 12 12 12 12 12
22,SIPP_BigCS,"14,10,15","40,29,3",1,322.0,19,0.1764,6.87553,1.2958,0.0749,176 223 100 124 223
22,SIPP_Standard,"14,10,15","40,29,3",1,326.0,26,0.07688,5.51354,0.9733,0.0991,28 48 63 79
23,SIPP_2^2,"33,52,0","46,0,0",0,-1,0,0.0,0.0,0.0,0.0,
23,SIPP_2^3,"33,52,0","46,0,0",0,-1,0,0.0,0.0,0.0,0.0,
23,SIPP_2^4,"33,52,0","46,0,0",0,-1,0,0.0,0.0,0.0,0.0,
23,SIPP_2^5,"33,52,0","46,0,0",0,-1,0,0.0,0.0,0.0,0.0,
23,SIPP_BigCS,"33,52,0","46,0,0",0,-1,0,0.0,0.0,0.0,0.0,
23,SIPP_Standard,"33,52,14","46,0,15",0,-1,117245,180.00038,0.0,0.0,0.0,
24,SIPP_2^2,"48,29,0","1,24,0",1,520.0,367,0.09716,49.49747,10.99557,21.99115,3 3 3 3 3 3 3 3 3 3 3 3 3 3 3 3 3 3 3 3 3 3 3 3 3 3 3 3 3 3 3 3 3 3 0 3 0 0 3 3 3 3 3 3 3 3 3 0 3 3 3 0
24,SIPP_2^3,"48,29,0","1,24,0",1,490.71067999999997,288,0.1133,19.79698,3.92699,7.85398,6 6 6 6 6 6 6 6 6 6 6 6 6 6 6 6 6 6 6 6 6 6 6 6 6 6 6 6 6 6 6 6 6 6 6 6 6 6 6 7 7 7 6 7 6 6 7
24,SIPP_2^4,"48,29,0","1,24,0",1,481.8034,234,0.25378,6.96744,1.39094,2.78189,12 12 12 12 12 12 12 12 12 12 12 12 12 12 12 12 12 12 12 12 12 12 12 12 12 12 12 12 12 12 12 12 12 12 12 12 13 13 13 13 12 13
24,SIPP_2^5,"48,29,0","1,24,0",1,478.1138849999999,194,0.54996,8.06155,1.60875,3.21751,24 24 24 24 24 24 24 24 24 24 24 24 24 24 24 24 24 24 24 24 24 24 24 24 24 24 24 24 24 25 25 24 25 25 24 24 25
24,SIPP_BigCS,"48,29,8","1,24,0",1,480.0,733,4.81014,7.5725,1.4766,0.1563,365 3 7 7 7 7 7 7 7 7 3 7 7 7 87 309
24,SIPP_Standard,"48,29,8","1,24,0",1,485.0,68,0.3082,8.2752,1.63,0.2214,3 3 3 3 23 38
25,SIPP_2^2,"22,47,0","40,50,0",1,210.0,77,0.01749,42.42641,9.42478,18.84956,1 1 1 1 1 1 1 1 1 1 1 1 2 1 1 2 1 1 1 2 1
25,SIPP_2^3,"22,47,0","40,50,0",1,192.42640799999998,57,0.01872,19.45842,3.92699,7.85398,2 2 2 2 2 2 2 2 2 2 3 2 3 2 2 2 2 3
25,SIPP_2^4,"22,47,0","40,50,0",1,187.08204,41,0.04078,6.97882,1.39094,2.78189,4 4 4 4 4 4 4 4 4 4 5 5 4 4 5
25,SIPP_2^5,"22,47,0","40,50,0",1,184.868331,32,0.11266,4.83483,0.96525,1.9305,8 8 8 8 8 8 9 9 8 8 8 9
25,SIPP_BigCS,"22,47,15","40,50,12",1,186.0,69,1.02249,4.96249,0.9769,0.1151,5 5 5 5 5 5 57 311
25,SIPP_Standard,"22,47,15","40,50,12",1,233.0,104,0.36185,9.87444,1.8906,0.2533,53 105 52
26,SIPP_2^2,"18,0,0","48,42,0",0,-1,0,0.0,0.0,0.0,0.0,
26,SIPP_2^3,"18,0,0","48,42,0",0,-1,0,0.0,0.0,0.0,0.0,
26,SIPP_2^4,"18,0,0","48,42,0",0,-1,0,0.0,0.0,0.0,0.0,
26,SIPP_2^5,"18,0,0","48,42,0",0,-1,0,0.0,0.0,0.0,0.0,
26,SIPP_BigCS,"18,0,0","48,42,0",0,-1,0,0.0,0.0,0.0,0.0,
26,SIPP_Standard,"18,0,8","48,42,9",0,-1,0,5e-05,0.0,0.0,0.0,
27,SIPP_2^2,"2,52,0","39,40,0",1,490.0,614,0.13595,84.85281,18.84956,37.69911,0 0 0 1 0 0 1 1 1 1 1 1 1 1 0 0 1 1 1 1 1 1 1 1 1 1 0 0 1 1 0 1 1 1 1 1 1 0 1 1 1 1 1 1 1 1 1 1 0
27,SIPP_2^3,"2,52,0","39,40,0",1,419.7056319999999,361,0.1546,59.50949,11.78097,23.56195,2 2 1 2 1 2 2 2 2 2 2 2 2 1 2 1 2 2 1 1 2 1 1 1 1 2 2 2 2 2 2 2 2 1 2 2 1
27,SIPP_2^4,"2,52,0","39,40,0",1,398.32815999999997,217,0.27975,11.60665,2.31824,4.63648,3 3 3 3 3 3 3 3 3 4 4 3 3 4 3 4 4 4 4 4 4 4 4 4 4
27,SIPP_2^5,"2,52,0","39,40,0",1,389.4733239999999,34,0.11309,3.23082,0.6435,1.287,7 7 7 7 7 7 7 8 7 7 7 7 7
27,SIPP_BigCS,"2,52,15","39,40,10",1,394.0,366,2.76041,9.1759,1.5592,0.1716,201 201 201 201 201 201 201 201 305 13 361
27,SIPP_Standard,"2,52,15","39,40,10",1,404.0,146,0.34243,13.15549,2.5485,0.3027,53 89 1 9 45
28,SIPP_2^2,"22,2,0","7,12,0",1,250.0,183,0.03098,91.92388,20.42035,40.8407,3 2 2 2 3 3 3 3 3 2 3 3 3 2 2 3 3 3 2 3 2 3 2 3 2
28,SIPP_2^3,"22,2,0","7,12,0",1,191.42135999999996,69,0.02242,16.1754,3.14159,6.28319,5 5 5 5 5 5 5 5 6 6 6 5 6 6 5
28,SIPP_2^4,"22,2,0","7,12,0",1,182.51407999999998,37,0.03242,8.05979,1.60875,3.21751,11 11 11 10 11 10 10 11 10 10
28,SIPP_2^5,"22,2,0","7,12,0",1,180.27756499999998,5,0.01125,0.0,0.0,0.0,21 21 21 21 21
28,SIPP_BigCS,"22,2,4","7,12,8",1,180.0,7,0.06746,3.54589,0.643,0.0347,203 219 183
28,SIPP_Standard,"22,2,4","7,12,8",1,335.0,456,0.59053,17.00155,3.2716,0.465,88 24 107 50
29,SIPP_2^2,"16,42,0","57,63,0",0,-1,0,0.0,0.0,0.0,0.0,
29,SIPP_2^3,"16,42,0","57,63,0",0,-1,0,0.0,0.0,0.0,0.0,
29,SIPP_2^4,"16,42,0","57,63,0",0,-1,0,0.0,0.0,0.0,0.0,
29,SIPP_2^5,"16,42,0","57,63,0",0,-1,0,0.0,0.0,0.0,0.0,
29,SIPP_BigCS,"16,42,0","57,63,0",0,-1,0,0.0,0.0,0.0,0.0,
29,SIPP_Standard,"16,42,14","57,63,12",0,-1,118130,180.00124,0.0,0.0,0.0,
30,SIPP_2^2,"55,45,0","31,62,0",1,410.0,573,0.11722,63.63961,14.13717,28.27433,3 3 3 3 3 3 3 3 3 3 3 3 3 3 3 3 3 3 3 2 2 2 2 2 2 2 2 2 2 3 3 2 3 2 3 2 2 2 2 3 2
30,SIPP_2^3,"55,45,0","31,62,0",1,310.4163119999999,169,0.07528,15.61738,3.14159,6.28319,5 5 5 5 5 5 5 5 5 5 5 5 5 5 5 6 6 5 6 6 6 6 6 5
30,SIPP_2^4,"55,45,0","31,62,0",1,297.94611999999995,95,0.13388,6.4458,1.287,2.574,10 10 10 10 10 10 11 11 10 10 11 11 11 11 11 10 10
30,SIPP_2^5,"55,45,0","31,62,0",1,294.81499899999994,38,0.14954,2.96304,0.59219,1.18437,21 21 21 21 21 20 21 21 20 20
30,SIPP_BigCS,"55,45,12","31,62,15",1,294.0,11,0.12911,5.42625,0.9742,0.0546,203 203 219 103 155 219
30,SIPP_Standard,"55,45,12","31,62,15",1,317.0,146,0.21832,13.43765,2.6033,0.3205,47 11 51 78
31,SIPP_2^2,"57,58,0","46,43,0",1,260.0,234,0.04314,49.49747,10.99557,21.99115,3 3 3 3 3 3 0 3 0 0 0 0 0 0 0 0 3 3 0 0 0 0 0 3 3 0
31,SIPP_2^3,"57,58,0","46,43,0",1,224.85281599999996,137,0.04675,27.86693,5.49779,10.99557,6 6 6 6 6 7 7 7 0 0 0 0 7 0 0 0 0 7 0 7
31,SIPP_2^4,"57,58,0","46,43,0",1,208.306216,51,0.04239,10.29183,2.03444,4.06889,0 0 0 0 0 15 15 0 14 13 13 13 13
31,SIPP_2^5,"57,58,0","46,43,0",1,206.83041,53,0.11222,7.27241,1.4289,2.8578,31 31 0 0 0 0 28 26 26 26 26
31,SIPP_BigCS,"57,58,14","46,43,2",1,210.0,146,0.6583,6.66167,1.1861,0.2255,6 14 322 197
31,SIPP_Standard,"57,58,14","46,43,2",1,250.0,72,0.16862,14.47014,2.8164,0.4457,107 54 106
32,SIPP_2^2,"0,41,0","20,38,0",0,-1,0,0.0,0.0,0.0,0.0,
32,SIPP_2^3,"0,41,0","20,38,0",0,-1,0,0.0,0.0,0.0,0.0,
32,SIPP_2^4,"0,41,0","20,38,0",0,-1,0,0.0,0.0,0.0,0.0,
32,SIPP_2^5,"0,41,0","20,38,0",0,-1,0,0.0,0.0,0.0,0.0,
32,SIPP_BigCS,"0,41,0","20,38,0",0,-1,0,0.0,0.0,0.0,0.0,
32,SIPP_Standard,"0,41,1","20,38,3",0,-1,0,5e-05,0.0,0.0,0.0,
33,SIPP_2^2,"7,49,0","13,53,0",1,100.0,31,0.00518,42.42641,9.42478,18.84956,1 1 1 2 2 1 2 1 2 1
33,SIPP_2^3,"7,49,0","13,53,0",1,76.568544,12,0.00363,7.95075,1.5708,3.14159,3 3 3 2 2 3
33,SIPP_2^4,"7,49,0","13,53,0",1,73.00563199999999,8,0.00748,4.84172,0.96525,1.9305,5 6 5 6
33,SIPP_2^5,"7,49,0","13,53,0",1,72.111026,2,0.00514,0.0,0.0,0.0,11 11
33,SIPP_BigCS,"7,49,13","13,53,15",1,72.0,1,0.08733,1.70958,0.3216,0.0203,176
33,SIPP_Standard,"7,49,13","13,53,15",1,72.0,1,0.03689,1.70958,0.3216,0.0203,48
34,SIPP_2^2,"11,13,0","14,1,0",1,150.0,47,0.00774,35.35534,7.85398,15.70796,0 0 0 0 0 0 0 0 0 0 1 0 1 0 1
34,SIPP_2^3,"11,13,0","14,1,0",1,132.42640799999998,33,0.00991,11.69247,2.35619,4.71239,0 0 0 0 0 0 0 1 1 0 0 1
34,SIPP_2^4,"11,13,0","14,1,0",1,127.08203999999999,29,0.02561,2.34408,0.46365,0.9273,1 1 1 0 0 0 0 0 0
34,SIPP_2^5,"11,13,0","14,1,0",1,124.868331,14,0.03379,3.22267,0.6435,1.287,1 0 0 0 1 1
34,SIPP_BigCS,"11,13,8","14,1,12",1,126.0,24,0.14638,4.96249,0.9769,0.1151,58 308
34,SIPP_Standard,"11,13,8","14,1,12",1,256.0,99,0.12362,18.48518,3.6003,0.6427,111 33 82
35,SIPP_2^2,"35,54,0","25,55,0",1,110.0,11,0.00303,7.07107,1.5708,3.14159,3 3 3 3 3 3 3 3 3 3 2
35,SIPP_2^3,"35,54,0","25,55,0",1,104.142136,10,0.00506,3.82683,0.7854,1.5708,6 6 6 6 6 6 6 6 6 5
35,SIPP_2^4,"35,54,0","25,55,0",1,102.36068,9,0.01172,2.29753,0.46365,0.9273,12 12 12 12 12 12 12 12 11
35,SIPP_2^5,"35,54,0","25,55,0",1,101.622777,8,0.02567,1.60182,0.32175,0.6435,24 24 24 24 24 24 24 23
35,SIPP_BigCS,"35,54,14","25,55,7",1,102.0,8,0.10787,2.74653,0.5456,0.0552,7 7 15
35,SIPP_Standard,"35,54,14","25,55,7",1,425.0,904,1.53666,19.44182,3.6003,0.6426,2 14 109 35 56
36,SIPP_2^2,"22,5,0","8,28,0",1,370.0,456,0.09749,113.13708,25.13274,50.26548,2 2 2 3 2 2 3 2 3 3 2 2 2 2 2 2 3 3 3 3 2 2 2 3 2 2 2 3 2 3 2 2 2 3 3 3 2
36,SIPP_2^3,"22,5,0","8,28,0",1,287.9899039999999,161,0.0772,31.57373,6.28319,12.56637,5 4 4 4 5 4 4 4 5 5 5 4 5 5 5 5 5 5 5 4 4 5 5
36,SIPP_2^4,"22,5,0","8,28,0",1,273.7382559999999,70,0.09528,12.69468,2.53605,5.0721,9 9 9 9 9 8 9 10 10 10 9 10 10 9 10
36,SIPP_2^5,"22,5,0","8,28,0",1,272.10574699999995,58,0.20817,6.99067,1.39513,2.79025,18 18 18 18 18 17 20 20 19 20 19 20
36,SIPP_BigCS,"22,5,10","8,28,5",1,274.0,131,0.81684,5.86469,1.106,0.0746,84 222 103 103 103 179
36,SIPP_Standard,"22,5,10","8,28,5",1,324.0,287,0.6188,13.19853,2.533,0.2994,44 24 67 55
37,SIPP_2^2,"21,61,0","35,57,0",1,180.0,72,0.01343,42.42641,9.42478,18.84956,1 1 1 1 1 1 1 1 1 1 0 1 0 1 1 0 0 1
37,SIPP_2^3,"21,61,0","35,57,0",1,156.56854399999997,50,0.01801,27.40917,5.49779,10.99557,2 2 2 1 2 2 1 2 1 2 2 2 2 1
37,SIPP_2^4,"21,61,0","35,57,0",1,149.44272,31,0.03199,6.98569,1.39094,2.78189,4 4 4 4 3 3 3 4 4 3
37,SIPP_2^5,"21,61,0","35,57,0",1,146.491108,15,0.0407,3.23301,0.6435,1.287,7 7 8 8 7 7
37,SIPP_BigCS,"21,61,1","35,57,7",1,148.0,31,0.2559,4.96131,0.9691,0.1012,305 5 81
37,SIPP_Standard,"21,61,1","35,57,7",1,406.0,842,1.63378,20.35063,3.9219,0.6,54 106 41 71 44
38,SIPP_2^2,"41,46,0","25,26,0",1,360.0,443,0.08084,98.99495,21.99115,43.9823,3 3 3 3 3 3 3 0 0 0 0 3 0 0 0 3 0 3 3 0 0 3 3 0 3 0 0 3 0 0 0 0 0 0 0 3
38,SIPP_2^3,"41,46,0","25,26,0",1,266.2741759999999,102,0.03341,11.68788,2.35619,4.71239,7 7 7 7 7 7 7 7 7 7 7 7 7 7 7 0 0 7 0 0
38,SIPP_2^4,"41,46,0","25,26,0",1,259.14835199999993,70,0.06217,4.84465,0.96525,1.9305,14 14 14 14 14 14 14 14 14 14 14 15 15 15 14 15
38,SIPP_2^5,"41,46,0","25,26,0",1,257.35913999999997,48,0.11739,3.95525,0.78958,1.57916,28 28 28 28 28 29 28 28 29 29 29 28
38,SIPP_BigCS,"41,46,9","25,26,10",1,256.0,14,0.29342,5.29273,0.9842,0.066,102 102 102 154 218 154
38,SIPP_Standard,"41,46,9","25,26,10",1,329.0,452,1.07207,8.60321,1.6513,0.2263,2 6 82 3
39,SIPP_2^2,"30,15,0","12,52,0",1,550.0,946,0.20128,49.49747,10.99557,21.99115,2 2 2 2 2 2 2 2 2 2 2 2 2 2 2 2 2 2 2 2 2 2 2 2 2 2 2 2 2 2 2 2 2 2 3 3 3 3 3 3 3 2 3 3 3 3 3 3 2 3 3 3 3 2 3
39,SIPP_2^3,"30,15,0","12,52,0",1,444.5584479999999,434,0.18011,38.99809,7.85398,15.70796,5 5 5 5 5 5 5 5 5 5 5 5 5 4 4 5 4 4 4 4 4 4 4 4 4 4 4 5 4 5 4 4 4 5 4 4 5
39,SIPP_2^4,"30,15,0","12,52,0",1,414.273696,83,0.10047,6.28506,1.24905,2.49809,9 9 9 9 9 9 9 9 9 9 9 9 9 8 8 9 9 9 9 10
39,SIPP_2^5,"30,15,0","12,52,0",1,412.350587,63,0.19876,3.45937,0.69194,1.38389,18 18 18 18 18 18 18 18 18 18 18 17 18 17 18 18 19
39,SIPP_BigCS,"30,15,0","12,52,2",1,413.0,91,0.54078,9.83464,1.6099,0.3302,198 198 206 206 206 310 72 179
39,SIPP_Standard,"30,15,0","12,52,2",1,418.0,40,0.11959,7.57611,1.1886,0.0899,16 62 62 70 51
40,SIPP_2^2,"8,4,0","35,39,0",1,620.0,1273,0.26185,70.71068,15.70796,31.41593,1 1 1 1 1 1 1 1 1 1 1 1 1 1 1 1 1 1 2 1 2 2 2 2 2 2 2 2 2 2 2 2 2 1 1 1 1 2 2 2 2 2 2 2 2 1 1 2 2 2 1 2 2 2 2 2 2 2 2 2 2 1
40,SIPP_2^3,"8,4,0","35,39,0",1,461.8376719999998,305,0.11387,23.84694,4.71239,9.42478,3 3 3 3 3 3 3 4 3 3 4 4 4 3 3 3 3 3 4 4 4 4 3 3 3 3 3 3 3 3 3 3 3 3 3
40,SIPP_2^4,"8,4,0","35,39,0",1,447.5860239999999,189,0.21144,19.36459,3.86101,7.72201,6 6 6 6 7 6 7 7 6 6 6 7 6 6 6 7 6 7 7 6 6 7 6 6 6 6 6
40,SIPP_2^5,"8,4,0","35,39,0",1,444.0075999999999,118,0.38188,6.91681,1.38177,2.76354,13 13 13 13 12 13 12 13 13 12 12 12 13 12 12 12 12 12 12
40,SIPP_BigCS,"8,4,11","35,39,0",1,442.0,46,0.29228,10.53503,1.969,0.1322,100 152 248 152 216 152 216
40,SIPP_Standard,"8,4,11","35,39,0",1,477.0,656,1.34874,14.23527,2.7307,0.286,48 79 72 71 44 0
41,SIPP_2^2,"21,32,0","7,18,0",0,-1,0,0.0,0.0,0.0,0.0,
41,SIPP_2^3,"21,32,0","7,18,0",0,-1,0,0.0,0.0,0.0,0.0,
41,SIPP_2^4,"21,32,0","7,18,0",0,-1,0,0.0,0.0,0.0,0.0,
41,SIPP_2^5,"21,32,0","7,18,0",0,-1,0,0.0,0.0,0.0,0.0,
41,SIPP_BigCS,"21,32,0","7,18,0",0,-1,0,0.0,0.0,0.0,0.0,
41,SIPP_Standard,"21,32,14","7,18,10",0,-1,0,8e-05,0.0,0.0,0.0,
42,SIPP_2^2,"11,42,0","23,24,0",1,300.0,295,0.06572,77.78175,17.27876,34.55752,0 0 0 0 0 0 0 0 0 0 1 0 0 0 1 1 1 1 0 1 1 1 0 1 0 1 1 0 0 1
42,SIPP_2^3,"11,42,0","23,24,0",1,229.70563199999992,100,0.0405,19.54897,3.92699,7.85398,0 0 0 1 0 0 1 1 1 1 1 1 1 1 1 1 0 1
42,SIPP_2^4,"11,42,0","23,24,0",1,219.01689599999995,51,0.05882,1.60648,0.32175,0.6435,1 1 1 1 1 1 2 2 2 2 2 2
42,SIPP_2^5,"11,42,0","23,24,0",1,216.33307799999997,6,0.01948,0.0,0.0,0.0,3 3 3 3 3 3
42,SIPP_BigCS,"11,42,13","23,24,10",1,216.0,6,0.09655,3.85895,0.6528,0.0402,204 204 204 220 125
42,SIPP_Standard,"11,42,13","23,24,10",1,244.0,72,0.17517,12.35424,2.4143,0.3151,37 22 45
43,SIPP_2^2,"58,25,0","47,29,0",1,189.074867,132,0.02906,35.35534,7.85398,15.70796,3 3 3 2 -39.013 3 -0.029 3 -0.034 3 3 2 2 3 3 3 3 2
43,SIPP_2^3,"58,25,0","47,29,0",1,126.568544,27,0.0112,15.70217,3.14159,6.28319,6 5 5 6 5 5 6 6 6 6 6
43,SIPP_2^4,"58,25,0","47,29,0",1,119.44272,16,0.01788,4.68816,0.9273,1.85459,11 11 11 12 12 12 11
43,SIPP_2^5,"58,25,0","47,29,0",1,117.96691399999999,10,0.02761,3.93146,0.7854,1.5708,22 22 23 24 23
43,SIPP_BigCS,"58,25,10","47,29,7",1,118.0,8,0.11852,2.87528,0.5061,0.0613,203 203 307 7
43,SIPP_Standard,"58,25,10","47,29,7",1,421.0,1546,2.90945,24.1797,4.706,0.7507,66 38 15 110 32
44,SIPP_2^2,"50,58,0","61,25,0",1,440.0,416,0.09991,91.92388,20.42035,40.8407,1 1 1 0 1 1 0 0 0 1 0 0 1 0 1 0 1 0 0 0 0 0 0 0 0 0 0 0 0 0 0 0 0 0 0 0 0 0 0 0 0 1 1 0
44,SIPP_2^3,"50,58,0","61,25,0",1,427.2081559999999,467,0.17925,44.23908,8.63938,17.27876,2 2 1 1 1 1 1 1 0 0 -22.544 7 0 0 0 0 0 0 0 0 0 0 1 0 1 0 0 0 1 0 0 0 0 0 -4.554 0 -4.547 1
44,SIPP_2^4,"50,58,0","61,25,0",1,425.74913799999996,481,0.51457,23.20666,5.17604,10.35207,4 4 -25.759 14 1 1 1 1 1 1 1 2 -4.667 1 0 0 0 0 0 0 0 0 0 0 0 0 0 -15.793 1
44,SIPP_2^5,"50,58,0","61,25,0",1,425.74913799999996,495,1.3751,34.54761,7.67413,15.34826,16 12 31 1 1 1 1 2 1 1 1 2 -5.167 8 -0.029 0 -0.034 0 -0.032 0 -0.033 0 -0.117 0 -16.133 2
44,SIPP_BigCS,"50,58,12","61,25,14",1,425.56569199999996,1750,7.44924,22.70386,4.3913,1.2356,351 165 -7.296 378 204 364 6 6 6 6 86 -8.388 204 -15.881 204
44,SIPP_Standard,"50,58,12","61,25,14",1,429.48957599999994,61,0.0955,8.40059,1.63,0.2214,9 37 -20.468 2 2 -4.022 2
45,SIPP_2^2,"15,49,0","56,57,0",1,490.0,484,0.11475,70.71068,15.70796,31.41593,1 1 1 1 1 1 1 1 1 1 1 1 1 1 2 1 1 1 1 2 1 1 1 2 2 2 1 1 1 1 1 1 1 1 1 1 1 1 1 1 2 1 1 1 1 1 2 2 1
45,SIPP_2^3,"15,49,0","56,57,0",1,443.13708799999995,331,0.14678,27.75533,5.49779,10.99557,2 2 2 2 2 2 2 2 2 2 2 2 2 2 2 2 2 2 2 2 2 2 2 2 2 2 2 2 2 2 3 3 2 3 2 3 3 3 3 2 3
45,SIPP_2^4,"15,49,0","56,57,0",1,428.88544,216,0.27243,11.6345,2.31824,4.63648,4 4 4 4 4 4 4 4 4 4 4 4 4 4 4 4 4 4 4 4 5 5 5 5 4 4 4 5 5 5 4 4 5
45,SIPP_2^5,"15,49,0","56,57,0",1,422.9822159999999,132,0.44447,11.28832,2.25225,4.50451,8 8 8 8 8 8 8 9 8 8 8 8 8 8 9 8 9 9 9 9 9 8 8 8 9
45,SIPP_BigCS,"15,49,1","56,57,11",1,426.0,553,3.19242,10.49081,1.9488,0.2039,367 5 5 5 5 5 5 85 207 207 207 367 5 5 57
45,SIPP_Standard,"15,49,1","56,57,11",1,486.0,1161,1.63332,23.16038,4.4937,0.6309,48 79 80 9 53 105
46,SIPP_2^2,"27,7,0","31,6,0",1,50.0,5,0.00119,14.14214,3.14159,6.28319,1 1 1 0 1
46,SIPP_2^3,"27,7,0","31,6,0",1,44.142136,4,0.00172,3.82683,0.7854,1.5708,2 2 2 1
46,SIPP_2^4,"27,7,0","31,6,0",1,42.36068,3,0.00369,2.29753,0.46365,0.9273,4 4 3
46,SIPP_2^5,"27,7,0","31,6,0",1,41.622777,2,0.00619,1.60182,0.32175,0.6435,8 7
46,SIPP_BigCS,"27,7,2","31,6,5",1,43.0,4,0.08352,3.85319,0.7822,0.2486,5 65
46,SIPP_Standard,"27,7,2","31,6,5",1,425.0,719,1.11986,27.19369,5.2516,0.8689,15 110 32 81 6
47,SIPP_2^2,"57,57,0","39,34,0",1,410.0,578,0.11168,70.71068,15.70796,31.41593,0 0 0 0 0 0 0 0 0 0 0 0 0 0 0 0 3 3 3 3 3 3 3 3 0 3 0 3 3 0 0 3 0 0 3 3 3 3 3 3 0
47,SIPP_2^3,"57,57,0","39,34,0",1,304.55844799999994,61,0.02147,15.71117,3.14159,6.28319,7 0 0 0 0 7 7 7 7 7 7 7 7 7 7 7 7 7 7 7 7 0 7
47,SIPP_2^4,"57,57,0","39,34,0",1,295.6511679999999,47,0.04898,4.84482,0.96525,1.9305,15 15 15 15 14 14 14 14 14 14 14 14 14 14 14 14 15 14
47,SIPP_2^5,"57,57,0","39,34,0",1,294.7565619999999,43,0.12261,3.58791,0.71654,1.43308,30 30 30 29 28 28 28 28 28 28 28 28 28 28 29 28
47,SIPP_BigCS,"57,57,6","39,34,14",1,292.0,19,0.13899,3.71932,0.6528,0.0402,202 202 218 102 102 102 102 102 102 102 154
47,SIPP_Standard,"57,57,6","39,34,14",1,324.0,75,0.12031,13.99648,2.7359,0.4213,10 54 66 34
48,SIPP_2^2,"18,8,0","16,26,0",1,200.0,51,0.01286,28.28427,6.28319,12.56637,2 2 2 2 2 2 2 2 2 2 2 2 2 3 2 2 2 2 3 2
48,SIPP_2^3,"18,8,0","16,26,0",1,188.284272,41,0.01965,11.59279,2.35619,4.71239,4 4 4 4 4 4 4 4 4 4 4 4 4 4 5 4 4 5
48,SIPP_2^4,"18,8,0","16,26,0",1,184.72136,31,0.04448,6.94722,1.39094,2.78189,8 8 8 8 8 8 8 8 8 8 8 8 9 8 8 9
48,SIPP_2^5,"18,8,0","16,26,0",1,183.24555399999997,27,0.11014,4.82449,0.96525,1.9305,16 16 16 16 16 16 16 16 17 16 16 16 16 17
48,SIPP_BigCS,"18,8,6","16,26,9",1,184.0,51,0.38222,4.98532,0.9783,0.1089,366 4 4 4 4 4 56
48,SIPP_Standard,"18,8,6","16,26,9",1,248.0,120,0.28657,13.99631,2.6747,0.404,15 110 52
49,SIPP_2^2,"27,21,0","1,4,0",1,430.0,633,0.1326,49.49747,10.99557,21.99115,3 3 3 3 3 3 3 3 3 3 3 3 3 3 3 3 3 3 3 3 3 3 3 0 0 3 0 0 0 0 0 0 0 0 0 3 0 0 0 0 0 3 0
49,SIPP_2^3,"27,21,0","1,4,0",1,330.4163119999999,195,0.07644,15.61738,3.14159,6.28319,7 7 7 7 7 7 7 7 7 7 7 7 7 7 7 6 7 6 6 6 6 6 6 6 6 7
49,SIPP_2^4,"27,21,0","1,4,0",1,314.3832079999999,98,0.11686,8.06825,1.60875,3.21751,13 13 13 13 13 13 13 14 13 14 14 14 13 14 14 14 14
49,SIPP_2^5,"27,21,0","1,4,0",1,310.804784,17,0.05343,1.24407,0.24871,0.49742,27 27 27 27 27 27 26 27 27
49,SIPP_BigCS,"27,21,0","1,4,5",1,310.0,13,0.15505,4.10395,0.643,0.0347,205 205 205 205 205 221 102 102 102 178
49,SIPP_Standard,"27,21,0","1,4,5",1,323.0,65,0.13949,9.61139,1.8902,0.2936,50 69 30 34
50,SIPP_2^2,"16,4,0","18,35,0",1,330.0,89,0.01917,21.2132,4.71239,9.42478,2 2 2 2 2 2 2 2 2 2 2 2 2 2 2 2 2 2 2 2 2 2 2 2 2 2 2 2 2 2 1 2 1
50,SIPP_2^3,"16,4,0","18,35,0",1,318.284272,79,0.03023,11.59279,2.35619,4.71239,4 4 4 4 4 4 4 4 4 4 4 4 4 4 4 4 4 4 4 4 4 4 4 4 4 4 4 4 3 4 3
50,SIPP_2^4,"16,4,0","18,35,0",1,314.72136,68,0.07654,6.94722,1.39094,2.78189,8 8 8 8 8 8 8 8 8 8 8 8 8 8 8 8 8 8 8 8 8 8 8 8 8 7 8 8 7
50,SIPP_2^5,"16,4,0","18,35,0",1,313.24555399999997,54,0.17225,4.82449,0.96525,1.9305,16 16 16 16 16 16 16 16 16 16 16 16 16 16 16 16 16 16 16 16 16 16 16 15 16 16 15
50,SIPP_BigCS,"16,4,4","18,35,11",1,314.0,111,0.77817,4.98532,0.9783,0.1089,360 4 4 0 0 28
50,SIPP_Standard,"16,4,4","18,35,11",1,321.0,31,0.09803,6.75321,1.3299,0.1489,44 0 0 16
51,SIPP_2^2,"35,39,0","17,24,0",1,330.0,369,0.06652,106.06602,23.56194,47.12389,3 3 3 3 3 3 3 3 0 0 0 3 3 0 0 3 0 0 0 3 0 3 0 3 3 0 0 3 3 0 0 3 0
51,SIPP_2^3,"35,39,0","17,24,0",1,242.13203999999993,73,0.02278,7.66202,1.5708,3.14159,7 7 7 7 7 7 7 7 7 7 7 7 7 7 6 6 6 7
51,SIPP_2^4,"35,39,0","17,24,0",1,236.78767199999996,55,0.04936,6.44861,1.287,2.574,14 14 14 14 14 14 14 14 14 13 14 13 13 14 14
51,SIPP_2^5,"35,39,0","17,24,0",1,235.44576299999994,41,0.10296,3.953,0.78958,1.57916,28 28 28 27 28 27 27 28 28 28 28 28
51,SIPP_BigCS,"35,39,15","17,24,0",1,234.0,12,0.18022,3.45046,0.6528,0.0402,102 102 102 102 102 102 126 221
51,SIPP_Standard,"35,39,15","17,24,0",1,237.0,10,0.06229,4.98437,0.9733,0.0991,30 50 77
52,SIPP_2^2,"28,14,0","45,4,0",1,270.0,234,0.05437,56.56854,12.56637,25.13274,1 1 1 1 1 1 1 1 1 1 0 0 0 0 0 0 1 1 0 1 1 0 0 1 1 0 1
52,SIPP_2^3,"28,14,0","45,4,0",1,211.42135999999996,94,0.04513,23.70441,4.71239,9.42478,1 2 2 1 2 1 1 1 1 1 1 1 2 2 2 2 1
52,SIPP_2^4,"28,14,0","45,4,0",1,198.95116799999997,34,0.04852,4.83601,0.96525,1.9305,3 3 3 3 3 3 2 2 3 2
52,SIPP_2^5,"28,14,0","45,4,0",1,197.60925899999998,19,0.07398,1.86593,0.37307,0.74613,6 5 6 6 6 5 5
52,SIPP_BigCS,"28,14,7","45,4,7",1,196.0,6,0.16024,2.29572,0.3214,0.0144,201 201 201 201 201 217
52,SIPP_Standard,"28,14,7","45,4,7",1,245.0,110,0.19229,12.07222,2.3529,0.367,32 65 37
53,SIPP_2^2,"29,57,0","36,15,0",1,545.030172,781,0.18185,49.49747,10.99557,21.99115,0 0 0 0 0 0 0 0 0 0 0 -55.006 0 -0.012 0 -0.012 0 0 0 0 0 0 0 0 0 0 0 0 0 0 0 0 0 0 0 0 0 0 0 0 0 0 1 1 0 1 0 1 1 1 0 1
53,SIPP_2^3,"29,57,0","36,15,0",1,448.99495199999996,294,0.10526,27.55956,5.49779,10.99557,0 0 0 0 0 0 0 0 0 0 0 0 0 1 0 0 0 0 0 0 0 0 0 0 0 0 0 0 0 0 0 0 1 0 0 0 1 1 1 1 0 1
53,SIPP_2^4,"29,57,0","36,15,0",1,436.52476,225,0.22196,16.23975,3.24553,6.49107,0 0 0 0 0 0 0 0 0 0 0 0 1 0 0 0 0 0 0 0 0 0 0 0 0 0 0 1 1 1 0 1 1 0 1
53,SIPP_2^5,"29,57,0","36,15,0",1,431.3594389999999,171,0.44824,11.25258,2.25225,4.50451,0 0 0 0 0 0 0 0 0 0 0 0 1 0 0 0 0 0 0 0 1 1 1 1 0 1 0 1
53,SIPP_BigCS,"29,57,8","36,15,0",1,434.0,683,3.62826,10.18883,1.9474,0.2101,308 6 6 6 6 6 6 2 86 204 364 58
53,SIPP_Standard,"29,57,8","36,15,0",1,482.0,1136,2.7832,16.50619,3.1915,0.3374,54 90 22 49 68 37
54,SIPP_2^2,"49,48,0","41,38,0",1,180.0,106,0.02244,98.99495,21.99115,43.9823,0 3 0 3 3 0 3 0 3 0 3 0 0 3 0 0 3 0
54,SIPP_2^3,"49,48,0","41,38,0",1,133.13708799999998,28,0.01153,16.17108,3.14159,6.28319,7 7 7 7 7 0 7 0 7 7
54,SIPP_2^4,"49,48,0","41,38,0",1,129.574176,20,0.02484,3.23064,0.6435,1.287,14 14 14 14 15 15 14 14
54,SIPP_2^5,"49,48,0","41,38,0",1,128.67956999999998,15,0.05193,3.95075,0.78958,1.57916,28 28 29 28 29 28
54,SIPP_BigCS,"49,48,9","41,38,2",1,128.0,6,0.12898,3.43849,0.6634,0.0518,250 154
54,SIPP_Standard,"49,48,9","41,38,2",1,169.0,27,0.09397,12.69066,2.4946,0.4716,108 34
55,SIPP_2^2,"49,6,0","42,44,0",1,450.0,395,0.10737,21.2132,4.71239,9.42478,2 2 2 2 2 2 2 2 2 2 2 2 2 2 2 2 2 2 2 2 2 2 2 2 2 2 2 2 2 2 2 2 2 3 3 3 3 3 3 2 2 2 2 2 3
55,SIPP_2^3,"49,6,0","42,44,0",1,408.99495199999996,271,0.11593,19.45842,3.92699,7.85398,4 4 4 4 4 4 4 4 4 4 4 4 4 4 4 4 4 4 4 4 4 4 4 4 4 4 5 4 5 4 4 4 4 5 5 5 5 5
55,SIPP_2^4,"49,6,0","42,44,0",1,401.24612,276,0.34268,16.35451,3.24553,6.49107,8 8 8 8 8 8 9 9 8 8 9 8 8 9 9 9 9 9 8 8 8 8 8 8 8 8 8 8 7
55,SIPP_2^5,"49,6,0","42,44,0",1,394.60499299999987,211,0.74024,4.83673,0.96525,1.9305,16 16 16 16 16 16 16 16 16 16 17 17 17 17 17 17 17 17 16 15
55,SIPP_BigCS,"49,6,14","42,44,2",1,398.0,1080,6.29993,15.30357,2.9483,0.3337,206 310 40 366 84 318
55,SIPP_Standard,"49,6,14","42,44,2",1,406.0,159,0.33628,15.23752,2.9599,0.3703,39 0 20 39 4
56,SIPP_2^2,"6,1,0","37,12,0",1,420.0,352,0.06609,42.42641,9.42478,18.84956,1 1 1 1 1 1 1 1 1 1 1 1 1 1 1 1 1 1 1 1 1 1 1 1 1 1 1 1 2 2 1 2 1 2 2 2 2 2 2 2 2 1
56,SIPP_2^3,"6,1,0","37,12,0",1,355.56349599999993,251,0.09266,67.81855,13.35177,26.70354,2 2 2 2 3 2 2 2 2 3 2 2 3 2 3 3 2 2 2 3 2 3 2 3 2 3 3 2 2 2 3
56,SIPP_2^4,"6,1,0","37,12,0",1,335.96747999999997,139,0.14657,16.30855,3.24553,6.49107,5 5 5 5 5 5 5 4 5 4 4 4 5 5 4 5 4 4 4 4
56,SIPP_2^5,"6,1,0","37,12,0",1,329.3263529999999,29,0.08375,2.84025,0.56759,1.13518,9 9 10 9 9 10 9 9 9 9 9
56,SIPP_BigCS,"6,1,2","37,12,2",1,332.0,154,0.9368,6.07731,0.9769,0.1151,207 207 207 207 207 207 207 207 311 5 5 5 57
56,SIPP_Standard,"6,1,2","37,12,2",1,337.0,35,0.09757,10.49299,1.9268,0.2099,36 17 63 95
57,SIPP_2^2,"4,34,0","40,2,0",1,680.0,1489,0.33064,134.35029,29.84513,59.69026,1 1 1 1 1 1 1 1 1 1 1 1 1 1 1 1 1 1 1 1 1 1 1 1 1 0 0 0 0 0 1 1 0 1 0 1 0 0 0 0 0 0 1 0 1 0 0 0 0 0 0 0 0 0 0 0 0 1 0 0 0 1 0 1 0 1 1 0
57,SIPP_2^3,"4,34,0","40,2,0",1,503.5042949999999,362,0.13962,23.70544,4.71239,9.42478,1 1 1 1 1 1 1 1 1 1 1 1 1 1 1 1 1 1 2 1 1 -1.660 1 1 1 1 1 1 1 -3.488 1 -5.808 1 2 2 1 1 2 1
57,SIPP_2^4,"4,34,0","40,2,0",1,500.26741799999996,463,0.50616,26.64321,5.0721,10.14419,2 2 2 2 2 2 2 2 2 2 2 2 2 2 2 2 3 3 2 2 2 2 2 2 2 3 3 -4.295 0 -0.022 0 -0.094 4 -0.500 2 3 2
57,SIPP_2^5,"4,34,0","40,2,0",1,499.56671900000003,480,1.42451,19.48882,3.73378,7.46756,4 4 4 4 4 4 4 4 4 4 4 4 4 5 4 5 4 4 4 4 4 4 4 4 4 -1.677 0 -0.020 8 -8.378 5 5
57,SIPP_BigCS,"4,34,1","40,2,12",1,500.09347599999995,2886,17.77878,18.81993,3.5673,0.7118,201 201 201 249 101 181 249 153 321 -1.931 308 -0.162 78 201
57,SIPP_Standard,"4,34,1","40,2,12",1,503.77816299999995,534,1.19894,12.31927,2.4004,0.2846,68 29 29 -2.365 53 73 -6.413 84
58,SIPP_2^2,"60,40,0","34,62,0",1,480.0,763,0.15265,21.2132,4.71239,9.42478,3 3 3 3 3 3 3 3 3 3 3 3 3 3 3 3 3 3 3 3 3 3 3 3 3 2 2 2 2 2 2 2 2 2 2 2 2 2 2 2 2 2 2 2 2 2 3 2
58,SIPP_2^3,"60,40,0","34,62,0",1,351.12699199999986,142,0.06079,16.1271,3.14159,6.28319,5 5 5 5 5 5 5 5 5 5 5 5 5 5 5 5 5 5 6 5 5 5 6 6 6 5
58,SIPP_2^4,"60,40,0","34,62,0",1,344.0011679999999,106,0.13572,12.90111,2.574,5.14801,10 10 10 10 10 10 10 10 10 10 10 11 10 10 11 10 11 10 11 10 10 10
58,SIPP_2^5,"60,40,0","34,62,0",1,342.21195599999993,79,0.28219,5.92524,1.18437,2.36875,20 20 20 20 20 20 21 20 20 20 20 20 21 20 21 21 20 20
58,SIPP_BigCS,"60,40,15","34,62,3",1,340.0,20,0.15362,5.29273,0.9842,0.066,103 103 103 103 103 103 103 103 103 155 219 155
58,SIPP_Standard,"60,40,15","34,62,3",1,406.0,767,1.10594,19.84148,3.8507,0.5332,47 11 55 75 110
59,SIPP_2^2,"13,27,0","63,4,0",0,-1,0,0.0,0.0,0.0,0.0,
59,SIPP_2^3,"13,27,0","63,4,0",0,-1,0,0.0,0.0,0.0,0.0,
59,SIPP_2^4,"13,27,0","63,4,0",0,-1,0,0.0,0.0,0.0,0.0,
59,SIPP_2^5,"13,27,0","63,4,0",0,-1,0,0.0,0.0,0.0,0.0,
59,SIPP_BigCS,"13,27,0","63,4,0",0,-1,0,0.0,0.0,0.0,0.0,
59,SIPP_Standard,"13,27,12","63,4,4",0,-1,118198,180.00067,0.0,0.0,0.0,
60,SIPP_2^2,"19,42,0","9,39,0",1,130.0,39,0.00966,28.28427,6.28319,12.56637,3 3 3 3 3 3 3 0 0 3 3 0 3
60,SIPP_2^3,"19,42,0","9,39,0",1,112.42640799999998,25,0.01055,19.45842,3.92699,7.85398,6 6 6 6 7 6 7 6 6 7
60,SIPP_2^4,"19,42,0","9,39,0",1,107.08203999999999,20,0.0249,2.34408,0.46365,0.9273,13 13 13 12 12 12 12
60,SIPP_2^5,"19,42,0","9,39,0",1,104.868331,7,0.02454,3.23301,0.6435,1.287,25 25 24 25
60,SIPP_BigCS,"19,42,3","9,39,4",1,106.0,13,0.3191,2.73576,0.5061,0.0613,205 309 7 7
60,SIPP_Standard,"19,42,3","9,39,4",1,416.0,1068,1.61432,25.81702,4.9904,0.8703,40 78 107 42 92
61,SIPP_2^2,"8,24,0","18,60,0",1,460.0,513,0.11348,49.49747,10.99557,21.99115,2 1 1 1 2 2 2 2 2 2 2 2 2 2 2 2 2 2 2 2 2 2 2 2 2 2 2 2 2 2 2 2 2 2 2 2 1 1 1 2 2 1 1 1 2 1
61,SIPP_2^3,"8,24,0","18,60,0",1,407.27922399999994,270,0.12388,31.84628,6.28319,12.56637,3 2 3 4 4 4 4 4 4 4 4 4 4 4 4 4 4 4 4 4 4 4 4 4 4 4 4 4 3 3 3 3 3 4 3 4 3
61,SIPP_2^4,"8,24,0","18,60,0",1,391.24612,162,0.21223,21.96142,4.35268,8.70536,5 7 8 8 8 8 8 8 8 8 8 8 8 8 8 7 8 8 8 7 8 7 7 7 7 8 8 7
61,SIPP_2^5,"8,24,0","18,60,0",1,387.55660499999993,123,0.41093,15.03774,2.9997,5.99939,10 14 16 16 16 16 16 16 16 15 16 15 16 16 16 16 16 16 15 14 14 15 15
61,SIPP_BigCS,"8,24,10","18,60,11",1,386.0,184,1.01957,15.85824,3.0615,0.4313,239 28 360 4 80 200 304
61,SIPP_Standard,"8,24,10","18,60,11",1,408.106926,49,0.127,5.72112,1.1057,0.1081,71 44 0 -3.107 0 0
62,SIPP_2^2,"43,0,0","17,39,0",0,-1,0,0.0,0.0,0.0,0.0,
62,SIPP_2^3,"43,0,0","17,39,0",0,-1,0,0.0,0.0,0.0,0.0,
62,SIPP_2^4,"43,0,0","17,39,0",0,-1,0,0.0,0.0,0.0,0.0,
62,SIPP_2^5,"43,0,0","17,39,0",0,-1,0,0.0,0.0,0.0,0.0,
62,SIPP_BigCS,"43,0,0","17,39,0",0,-1,0,0.0,0.0,0.0,0.0,
62,SIPP_Standard,"43,0,14","17,39,0",0,-1,0,1e-05,0.0,0.0,0.0,
63,SIPP_2^2,"0,45,0","47,25,0",0,-1,0,0.0,0.0,0.0,0.0,
63,SIPP_2^3,"0,45,0","47,25,0",0,-1,0,0.0,0.0,0.0,0.0,
63,SIPP_2^4,"0,45,0","47,25,0",0,-1,0,0.0,0.0,0.0,0.0,
63,SIPP_2^5,"0,45,0","47,25,0",0,-1,0,0.0,0.0,0.0,0.0,
63,SIPP_BigCS,"0,45,0","47,25,0",0,-1,0,0.0,0.0,0.0,0.0,
63,SIPP_Standard,"0,45,14","47,25,4",0,-1,0,1e-05,0.0,0.0,0.0,
64,SIPP_2^2,"29,2,0","59,45,0",1,730.0,1646,0.34008,70.71068,15.70796,31.41593,1 1 1 1 1 1 1 1 1 1 1 1 1 1 1 1 1 1 1 1 1 1 1 2 1 2 2 2 2 2 2 2 2 2 2 1 2 2 2 2 2 2 2 2 2 2 2 2 2 2 2 2 2 2 2 2 2 2 2 2 2 2 2 2 1 2 2 2 1 1 1 2 1
64,SIPP_2^3,"29,2,0","59,45,0",1,554.2640799999999,545,0.24635,23.20196,4.71239,9.42478,3 3 3 3 3 3 3 3 3 3 3 3 3 3 3 3 3 3 3 3 3 3 3 3 3 3 3 4 4 4 4 4 4 4 4 4 4 3 4 3 4 4 3
64,SIPP_2^4,"29,2,0","59,45,0",1,531.105152,287,0.36606,16.11631,3.21751,6.43501,6 6 7 7 7 7 6 6 7 7 7 7 6 6 6 6 6 6 7 7 6 6 6 6 6 7 7 6 7 6
64,SIPP_2^5,"29,2,0","59,45,0",1,525.290213,94,0.34531,7.90841,1.57916,3.15833,13 13 13 13 13 13 13 12 13 12 13 12 13 13 13 12 13
64,SIPP_BigCS,"29,2,11","59,45,3",1,524.0,35,0.33239,9.39403,1.627,0.0948,200 200 200 200 200 216 100 100 152 216 152 216
64,SIPP_Standard,"29,2,11","59,45,3",1,557.0,1112,2.13798,17.62856,3.3824,0.3648,52 72 79 72 71 44 0
65,SIPP_2^2,"14,56,0","14,3,0",1,530.0,53,0.01204,0.0,0.0,0.0,0 0 0 0 0 0 0 0 0 0 0 0 0 0 0 0 0 0 0 0 0 0 0 0 0 0 0 0 0 0 0 0 0 0 0 0 0 0 0 0 0 0 0 0 0 0 0 0 0 0 0 0 0
65,SIPP_2^3,"14,56,0","14,3,0",1,530.0,53,0.02326,0.0,0.0,0.0,0 0 0 0 0 0 0 0 0 0 0 0 0 0 0 0 0 0 0 0 0 0 0 0 0 0 0 0 0 0 0 0 0 0 0 0 0 0 0 0 0 0 0 0 0 0 0 0 0 0 0 0 0
65,SIPP_2^4,"14,56,0","14,3,0",1,530.0,53,0.06662,0.0,0.0,0.0,0 0 0 0 0 0 0 0 0 0 0 0 0 0 0 0 0 0 0 0 0 0 0 0 0 0 0 0 0 0 0 0 0 0 0 0 0 0 0 0 0 0 0 0 0 0 0 0 0 0 0 0 0
65,SIPP_2^5,"14,56,0","14,3,0",1,530.0,53,0.17852,0.0,0.0,0.0,0 0 0 0 0 0 0 0 0 0 0 0 0 0 0 0 0 0 0 0 0 0 0 0 0 0 0 0 0 0 0 0 0 0 0 0 0 0 0 0 0 0 0 0 0 0 0 0 0 0 0 0 0
65,SIPP_BigCS,"14,56,3","14,3,12",1,530.0,11,0.12167,0.0,0.0,0.0,2 2 2 2 2 2 6 6 6 6 6
65,SIPP_Standard,"14,56,3","14,3,12",1,560.0,632,1.29805,12.2687,2.3533,0.3267,54 106 37 2 2 2 2
66,SIPP_2^2,"40,11,0","19,33,0",1,430.0,642,0.13763,91.92388,20.42035,40.8407,3 3 3 3 3 3 3 3 3 3 3 3 3 3 2 3 3 2 2 3 2 2 2 2 2 2 3 2 2 2 2 2 2 2 3 2 2 2 2 3 2 3 2
66,SIPP_2^3,"40,11,0","19,33,0",1,306.98485599999987,42,0.01827,8.0151,1.5708,3.14159,5 5 5 5 5 5 5 5 5 5 5 5 5 5 5 5 5 5 4 5 5 5
66,SIPP_2^4,"40,11,0","19,33,0",1,305.2033999999999,41,0.04949,3.23173,0.6435,1.287,10 10 10 10 10 10 10 10 10 10 10 10 10 10 10 10 10 10 9 10 10
66,SIPP_2^5,"40,11,0","19,33,0",1,304.7560969999999,39,0.12174,1.97672,0.39479,0.78958,20 20 20 20 20 20 20 20 20 20 20 20 20 20 20 20 20 20 19 20
66,SIPP_BigCS,"40,11,15","19,33,3",1,302.0,18,0.18431,1.74352,0.3314,0.0258,103 103 103 103 103 103 103 103 103 103 103 103 103 103 103 103 103 127
66,SIPP_Standard,"40,11,15","19,33,3",1,310.0,36,0.08867,8.40464,1.6163,0.1338,51 70 55 75
67,SIPP_2^2,"31,53,0","40,51,0",1,110.0,19,0.00509,21.2132,4.71239,9.42478,1 1 1 0 1 1 1 1 1 1 0
67,SIPP_2^3,"31,53,0","40,51,0",1,98.28427199999999,13,0.00647,11.59279,2.35619,4.71239,2 2 1 2 2 2 2 2 1
67,SIPP_2^4,"31,53,0","40,51,0",1,94.72136,11,0.01493,6.94722,1.39094,2.78189,4 4 3 4 4 4 3
67,SIPP_2^5,"31,53,0","40,51,0",1,93.245554,9,0.03239,3.22267,0.6435,1.287,7 8 8 8 7
67,SIPP_BigCS,"31,53,8","40,51,1",1,94.0,10,0.12471,2.71936,0.5075,0.0551,201 361
67,SIPP_Standard,"31,53,8","40,51,1",1,435.039897,1252,2.31278,27.7759,5.3577,0.8925,107 42 84 25 -12.040 72
68,SIPP_2^2,"20,4,0","61,17,0",1,540.0,686,0.14419,14.14214,3.14159,6.28319,1 1 1 1 1 1 1 1 1 1 1 1 1 1 1 1 1 1 1 1 1 1 1 1 1 1 1 1 1 1 1 1 1 1 1 1 1 1 1 1 2 2 2 2 2 2 2 2 2 2 2 2 2 1
68,SIPP_2^3,"20,4,0","61,17,0",1,463.8477679999999,461,0.19632,48.12851,9.42478,18.84956,3 3 3 3 3 3 2 3 3 2 2 2 2 2 2 2 2 2 2 2 2 2 2 3 2 2 2 2 3 2 2 2 2 3 2 2 2 3 2 2 3
68,SIPP_2^4,"20,4,0","61,17,0",1,440.68883999999997,264,0.33618,16.23979,3.24553,6.49107,5 5 5 5 5 5 5 5 5 5 4 4 5 4 5 4 4 5 4 4 4 4 4 4 4 4 4 4
68,SIPP_2^5,"20,4,0","61,17,0",1,431.09610099999986,60,0.20769,3.22782,0.6435,1.287,9 9 9 9 9 9 9 9 9 9 9 9 8 8 9
68,SIPP_BigCS,"20,4,0","61,17,0",1,436.0,539,3.12054,13.32279,2.4599,0.2915,207 207 207 207 207 311 57 311 5 57 311
68,SIPP_Standard,"20,4,0","61,17,0",1,483.0,1338,2.02459,21.62407,4.1719,0.5938,36 9 41 71 48 79
69,SIPP_2^2,"26,58,0","31,42,0",1,225.030172,154,0.06418,35.35534,7.85398,15.70796,0 0 0 0 0 0 0 0 0 1 0 0 0 1 1 -15.006 0 -0.012 0 -0.012 0 0 1 1
69,SIPP_2^3,"26,58,0","31,42,0",1,219.172308,201,0.08633,23.55323,4.71239,9.42478,0 0 0 0 0 0 0 0 1 0 1 1 -32.579 0 -0.012 0 -0.012 0 1 2
69,SIPP_2^4,"26,58,0","31,42,0",1,216.812947,208,0.25507,12.52901,3.14159,6.28319,1 1 1 1 1 1 0 0 0 0 0 0 -0.288 9
69,SIPP_2^5,"26,58,0","31,42,0",1,215.354604,206,0.69928,21.27142,3.74714,7.49427,1 1 1 2 2 1 0 0 20 16
69,SIPP_BigCS,"26,58,3","31,42,3",1,216.50592699999999,1066,6.81667,10.62923,2.0761,0.4131,362 6 6 6 6 -12.506 38 5
69,SIPP_Standard,"26,58,3","31,42,3",1,219.559454,67,0.12008,7.32357,1.4426,0.1887,92 -46.559 22
70,SIPP_2^2,"6,14,0","28,4,0",1,320.0,309,0.06361,84.85281,18.84956,37.69911,1 1 1 1 1 0 1 1 0 0 0 0 1 1 1 1 0 0 1 1 0 1 1 0 1 1 1 1 1 1 0 1
70,SIPP_2^3,"6,14,0","28,4,0",1,261.42135999999994,154,0.06047,35.78327,7.06858,14.13717,2 2 2 2 2 1 2 2 1 1 1 2 1 2 2 2 1 2 1 1 1 1
70,SIPP_2^4,"6,14,0","28,4,0",1,243.6068,38,0.03979,9.30556,1.85459,3.70918,3 3 3 3 3 3 4 3 3 3 4 3
70,SIPP_2^5,"6,14,0","28,4,0",1,242.130994,26,0.08134,2.83738,0.56759,1.13518,6 6 6 6 6 6 7 6 7 6
70,SIPP_BigCS,"6,14,2","28,4,10",1,241.0,7,0.09439,3.74146,0.5061,0.0613,193 201 201 201 201 305
70,SIPP_Standard,"6,14,2","28,4,10",1,247.0,13,0.05246,6.78264,1.1673,0.148,9 53 57
71,SIPP_2^2,"63,62,0","16,25,0",0,-1,0,0.0,0.0,0.0,0.0,
71,SIPP_2^3,"63,62,0","16,25,0",0,-1,0,0.0,0.0,0.0,0.0,
71,SIPP_2^4,"63,62,0","16,25,0",0,-1,0,0.0,0.0,0.0,0.0,
71,SIPP_2^5,"63,62,0","16,25,0",0,-1,0,0.0,0.0,0.0,0.0,
71,SIPP_BigCS,"63,62,0","16,25,0",0,-1,0,0.0,0.0,0.0,0.0,
71,SIPP_Standard,"63,62,3","16,25,9",0,-1,0,5e-05,0.0,0.0,0.0,
72,SIPP_2^2,"49,35,0","47,28,0",1,90.0,18,0.00391,21.2132,4.71239,9.42478,0 0 0 0 0 3 0 0 3
72,SIPP_2^3,"49,35,0","47,28,0",1,78.28427199999999,12,0.00459,11.59279,2.35619,4.71239,0 0 0 7 0 0 7
72,SIPP_2^4,"49,35,0","47,28,0",1,74.72136,8,0.01063,6.94722,1.39094,2.78189,0 15 0 0 15
72,SIPP_2^5,"49,35,0","47,28,0",1,73.245554,4,0.01941,3.22267,0.6435,1.287,31 0 31
72,SIPP_BigCS,"49,35,15","47,28,8",1,74.0,4,0.27121,2.36385,0.463,0.0399,82
72,SIPP_Standard,"49,35,15","47,28,8",1,80.0,1,0.08348,6.1946,1.2472,0.2589,42
73,SIPP_2^2,"59,47,0","46,2,0",1,580.0,765,0.15623,155.56349,34.55752,69.11504,0 0 0 0 0 0 0 0 0 0 0 0 0 0 3 0 0 0 0 0 0 0 3 3 0 0 3 0 0 0 3 0 0 0 3 0 3 3 0 0 0 0 0 3 0 0 3 0 0 0 3 0 0 0 3 0 3 0
73,SIPP_2^3,"59,47,0","46,2,0",1,503.8477679999999,524,0.2194,35.37191,7.06858,14.13717,0 0 0 0 0 0 0 0 7 0 0 7 7 0 7 7 7 7 7 7 7 7 0 0 0 0 0 0 0 0 0 0 0 0 0 0 0 7 0 0 0 0 0 0 7
73,SIPP_2^4,"59,47,0","46,2,0",1,480.68884,261,0.32602,16.2537,3.24553,6.49107,0 0 0 0 0 0 0 0 0 0 0 0 0 0 15 15 15 15 15 0 15 15 15 15 0 0 15 15 15 0 0 15
73,SIPP_2^5,"59,47,0","46,2,0",1,471.09610099999986,88,0.28838,9.68486,1.9305,3.86101,31 0 0 0 31 31 0 31 31 31 31 31 31 31 31 31 0 0 31
73,SIPP_BigCS,"59,47,0","46,2,10",1,476.0,540,3.01282,13.19328,2.4457,0.2575,202 306 6 6 6 82 202 202 202 362 6 82 306
73,SIPP_Standard,"59,47,0","46,2,10",1,486.0,139,0.2592,16.07535,3.0941,0.3579,46 2 10 54 90 6
74,SIPP_2^2,"41,29,0","20,27,0",1,230.0,60,0.01198,21.2132,4.71239,9.42478,3 3 3 3 3 3 3 3 3 3 3 3 3 0 3 3 3 3 3 3 3 3 0
74,SIPP_2^3,"41,29,0","20,27,0",1,218.284272,50,0.01653,11.59279,2.35619,4.71239,6 6 6 6 6 6 6 6 6 6 6 6 6 6 6 6 6 7 6 6 7
74,SIPP_2^4,"41,29,0","20,27,0",1,214.72136,38,0.03635,6.94722,1.39094,2.78189,12 12 12 12 12 12 12 12 12 12 12 12 12 12 12 13 12 12 13
74,SIPP_2^5,"41,29,0","20,27,0",1,213.24555399999997,33,0.0802,4.82449,0.96525,1.9305,24 24 24 24 24 24 24 24 24 24 24 24 25 24 24 24 25
74,SIPP_BigCS,"41,29,14","20,27,1",1,214.0,63,0.44019,2.36385,0.463,0.0399,7 7 7 7 3 7 7 87
74,SIPP_Standard,"41,29,14","20,27,1",1,245.0,94,0.19562,11.7279,2.273,0.3191,86 23 50
75,SIPP_2^2,"19,62,0","7,25,0",1,490.0,599,0.13375,28.28427,6.28319,12.56637,0 0 0 0 0 0 0 0 0 0 0 0 0 0 0 0 0 0 0 0 0 0 0 0 0 0 0 0 0 0 0 0 0 0 0 3 3 3 3 3 3 3 0 3 3 3 3 3 0
75,SIPP_2^3,"19,62,0","7,25,0",1,419.7056319999999,378,0.17072,40.25632,7.85398,15.70796,7 7 7 7 7 7 0 0 0 0 0 0 7 7 0 0 0 0 0 0 0 0 0 0 0 7 0 0 0 0 7 0 0 7 0 0 7
75,SIPP_2^4,"19,62,0","7,25,0",1,398.32815999999997,217,0.29647,11.57723,2.31824,4.63648,15 15 15 15 15 15 15 15 15 15 0 0 15 0 15 0 0 0 0 0 0 0 0 0 0
75,SIPP_2^5,"19,62,0","7,25,0",1,389.4733239999999,34,0.12145,3.21219,0.6435,1.287,31 31 31 31 31 31 31 31 31 31 31 0 31
75,SIPP_BigCS,"19,62,9","7,25,7",1,394.0,366,2.04992,8.56798,1.4413,0.1488,82 202 202 202 202 202 202 202 202 362 6 30
75,SIPP_Standard,"19,62,9","7,25,7",1,404.0,149,0.2803,13.15833,2.5485,0.3027,46 2 10 54 90
76,SIPP_2^2,"28,61,0","36,58,0",1,110.0,31,0.00591,21.2132,4.71239,9.42478,1 1 1 1 1 1 1 0 0 1 0
76,SIPP_2^3,"28,61,0","36,58,0",1,92.42640799999998,18,0.00678,11.59279,2.35619,4.71239,2 2 1 2 2 2 1 1
76,SIPP_2^4,"28,61,0","36,58,0",1,87.08204,10,0.01087,9.33099,1.85459,3.70918,3 4 3 4 3
76,SIPP_2^5,"28,61,0","36,58,0",1,85.606234,5,0.01551,1.41864,0.28379,0.56759,7 6 7
76,SIPP_BigCS,"28,61,4","36,58,11",1,89.0,20,0.18892,7.84807,1.566,0.3811,189 65
76,SIPP_Standard,"28,61,4","36,58,11",1,105.311867,4,0.03371,2.99427,0.5969,0.061,-18.312 89
77,SIPP_2^2,"35,59,0","42,46,0",1,200.0,106,0.02428,56.56854,12.56637,25.13274,0 1 1 0 0 0 0 0 0 0 0 0 1 1 1 0 1 0 1 0
77,SIPP_2^3,"35,59,0","42,46,0",1,158.99495199999998,41,0.02025,24.07127,4.71239,9.42478,1 1 1 0 0 1 0 1 1 0 0 0 1
77,SIPP_2^4,"35,59,0","42,46,0",1,151.869128,20,0.02928,6.2762,1.24905,2.49809,2 2 2 1 1 1 0 0 1
77,SIPP_2^5,"35,59,0","42,46,0",1,150.39332199999998,14,0.05465,3.03824,0.60554,1.21109,4 4 4 1 1 2 2
77,SIPP_BigCS,"35,59,10","42,46,0",1,152.0,15,0.21898,4.44871,0.8375,0.0871,101 125 308 6
77,SIPP_Standard,"35,59,10","42,46,0",1,327.0,382,0.70691,17.93878,3.459,0.4977,36 13 108 50
78,SIPP_2^2,"25,5,0","21,50,0",1,490.0,285,0.07498,28.28427,6.28319,12.56637,2 2 2 2 2 2 2 2 2 2 2 2 2 2 2 2 2 2 2 2 2 2 2 2 2 2 2 2 2 2 2 2 2 2 2 2 2 3 3 3 2 2 2 2 2 2 2 3 2
78,SIPP_2^3,"25,5,0","21,50,0",1,466.568544,228,0.10024,11.77758,2.35619,4.71239,4 4 4 4 4 4 4 4 4 4 4 4 4 4 4 4 4 4 4 4 4 4 4 4 4 4 4 4 4 4 4 4 5 5 5 4 4 4 4 4 4 4 4 4 5
78,SIPP_2^4,"25,5,0","21,50,0",1,459.44272,187,0.24195,6.98569,1.39094,2.78189,8 8 8 8 8 8 8 8 8 8 8 8 8 8 8 8 8 8 8 8 8 8 8 8 8 8 8 8 8 8 8 8 8 8 8 9 9 9 8 8 9
78,SIPP_2^5,"25,5,0","21,50,0",1,456.49110799999994,160,0.5616,4.83619,0.96525,1.9305,16 16 16 16 16 16 16 16 16 16 16 16 16 16 16 16 16 16 16 16 16 16 16 16 16 16 16 16 16 16 17 17 17 16 16 16 17
78,SIPP_BigCS,"25,5,12","21,50,13",1,458.0,550,3.35975,4.95204,0.9691,0.1012,0 0 0 0 84 310
78,SIPP_Standard,"25,5,12","21,50,13",1,488.0,695,2.00634,17.82294,3.4131,0.5529,51 110 40 94 0 0
79,SIPP_2^2,"20,28,0","25,47,0",1,240.0,135,0.03186,49.49747,10.99557,21.99115,2 2 2 2 2 2 2 2 2 2 1 1 2 2 2 2 1 2 2 1 2 2 2 1
79,SIPP_2^3,"20,28,0","25,47,0",1,210.71067999999997,87,0.04209,19.61218,3.92699,7.85398,4 4 4 4 4 4 4 4 4 4 3 4 4 3 3 3 4 4 3
79,SIPP_2^4,"20,28,0","25,47,0",1,201.8034,55,0.0683,6.94722,1.39094,2.78189,8 8 8 8 8 7 8 8 8 8 7 7 7 7
79,SIPP_2^5,"20,28,0","25,47,0",1,198.11388499999998,31,0.08911,6.45567,1.287,2.574,15 16 15 16 16 16 15 15 15
79,SIPP_BigCS,"20,28,7","25,47,2",1,200.0,86,0.43713,5.24015,0.9769,0.1151,200 200 304 4 4 4 28
79,SIPP_Standard,"20,28,7","25,47,2",1,237.0,98,0.33088,10.09685,1.9516,0.2417,39 8 48
80,SIPP_2^2,"4,58,0","6,31,0",1,290.0,78,0.0143,14.14214,3.14159,6.28319,0 0 0 0 0 0 0 0 0 0 0 0 0 0 0 0 0 0 0 0 0 0 0 0 0 0 1 1 0
80,SIPP_2^3,"4,58,0","6,31,0",1,278.284272,68,0.02246,11.59279,2.35619,4.71239,0 0 0 0 0 0 0 0 0 0 0 0 0 0 0 0 0 0 0 0 0 0 0 0 1 0 1
80,SIPP_2^4,"4,58,0","6,31,0",1,274.72136,56,0.05153,6.94722,1.39094,2.78189,0 0 0 0 0 0 0 0 0 0 0 0 0 0 0 0 0 0 0 0 0 1 0 0 1
80,SIPP_2^5,"4,58,0","6,31,0",1,273.24555399999997,45,0.10875,4.82449,0.96525,1.9305,0 0 0 0 0 0 0 0 0 0 0 0 0 0 0 0 0 0 1 0 0 0 1
80,SIPP_BigCS,"4,58,0","6,31,7",1,274.0,90,0.49487,4.98532,0.9783,0.1089,364 6 6 6 6 6 6 2 58
80,SIPP_Standard,"4,58,0","6,31,7",1,330.0,306,0.53697,17.84021,3.4681,0.5245,73 108 54 106
81,SIPP_2^2,"58,50,0","20,11,0",1,770.0,2194,0.45631,49.49747,10.99557,21.99115,3 3 3 3 3 3 3 3 3 3 3 3 3 3 3 3 3 3 3 3 3 3 3 3 3 3 3 3 3 3 3 3 0 0 0 0 0 0 0 0 0 0 0 0 0 0 0 0 0 0 0 0 0 0 0 0 0 0 0 0 3 3 3 0 0 0 0 0 3 3 0 0 0 0 0 3 0
81,SIPP_2^3,"58,50,0","20,11,0",1,547.4011679999999,76,0.03274,8.07826,1.5708,3.14159,7 7 7 7 7 7 7 7 7 7 7 7 7 7 7 7 7 7 7 7 7 7 7 7 7 7 7 7 7 7 7 7 7 7 7 7 7 0 7
81,SIPP_2^4,"58,50,0","20,11,0",1,545.6197119999998,75,0.08794,3.23109,0.6435,1.287,14 14 14 14 14 14 14 14 14 14 14 14 14 14 14 14 14 14 14 14 14 14 14 14 14 14 14 14 14 14 14 14 14 14 14 14 15 14
81,SIPP_2^5,"58,50,0","20,11,0",1,545.1724089999998,73,0.23592,0.98893,0.1974,0.39479,28 28 28 28 28 28 28 28 28 28 28 28 28 28 28 28 28 28 28 28 28 28 28 28 28 28 28 28 28 28 28 28 28 28 28 28 29
81,SIPP_BigCS,"58,50,7","20,11,6",1,540.0,35,0.29379,1.74352,0.3314,0.0258,102 102 102 102 102 102 102 102 102 102 102 102 102 102 102 102 102 102 102 102 102 102 102 102 102 102 102 102 102 102 102 102 102 102 154
81,SIPP_Standard,"58,50,7","20,11,6",1,553.0,219,0.51128,11.88727,2.2593,0.1685,50 77 66 54 66 30 50
82,SIPP_2^2,"5,11,0","11,24,0",1,190.0,105,0.02057,49.49747,10.99557,21.99115,2 2 2 2 2 2 1 2 2 2 1 2 2 1 1 1 2 2 1
82,SIPP_2^3,"5,11,0","11,24,0",1,154.852816,51,0.01934,19.76243,3.92699,7.85398,4 4 4 3 3 4 4 4 3 3 3 4 3
82,SIPP_2^4,"5,11,0","11,24,0",1,147.726992,29,0.03167,6.26405,1.24905,2.49809,7 8 8 8 7 7 7 6 6
82,SIPP_2^5,"5,11,0","11,24,0",1,145.749355,25,0.07223,2.32683,0.46365,0.9273,15 15 15 -0.236 14 12 12
82,SIPP_BigCS,"5,11,2","11,24,12",1,147.0,47,0.41622,5.89393,1.1035,0.2102,80 200 200 320
82,SIPP_Standard,"5,11,2","11,24,12",1,337.0,440,0.88693,22.10095,4.3028,0.7782,97 79 104 43
83,SIPP_2^2,"40,57,0","45,58,0",1,60.0,6,0.00145,14.14214,3.14159,6.28319,1 1 1 1 2 1
83,SIPP_2^3,"40,57,0","45,58,0",1,54.142136,5,0.002,3.82683,0.7854,1.5708,2 2 2 2 3
83,SIPP_2^4,"40,57,0","45,58,0",1,52.36068,4,0.00504,2.29753,0.46365,0.9273,4 4 4 5
83,SIPP_2^5,"40,57,0","45,58,0",1,51.622777,3,0.01244,1.60182,0.32175,0.6435,8 8 9
83,SIPP_BigCS,"40,57,5","45,58,3",1,53.0,5,0.13774,3.85319,0.7822,0.2486,5 5 73
83,SIPP_Standard,"40,57,5","45,58,3",1,485.285484,1519,2.28214,24.46366,4.706,0.8137,-25.295 27 -25.660 106 -11.330 41 87 0
84,SIPP_2^2,"24,56,0","6,23,0",1,510.0,834,0.18687,162.63456,36.12832,72.25663,3 3 3 3 0 0 3 0 0 0 0 0 0 3 0 3 0 3 3 3 0 3 0 0 3 3 0 0 0 0 0 0 0 0 0 0 0 3 0 3 0 3 0 0 0 0 3 0 0 3 0
84,SIPP_2^3,"24,56,0","6,23,0",1,404.5584479999999,348,0.17002,23.36561,4.71239,9.42478,7 7 7 7 7 7 7 7 7 7 7 7 7 7 0 0 0 0 0 0 0 7 0 0 0 0 7 7 0 0 0 0 7
84,SIPP_2^4,"24,56,0","6,23,0",1,377.83660799999996,74,0.1047,4.84557,0.96525,1.9305,15 15 15 15 15 15 15 15 15 15 15 15 15 14 15 15 14 14
84,SIPP_2^5,"24,56,0","6,23,0",1,376.494699,53,0.19852,3.1101,0.62178,1.24355,30 30 30 30 30 30 30 30 30 29 30 29 30 30 29
84,SIPP_BigCS,"24,56,1","6,23,8",1,373.0,11,0.16729,3.44159,0.3214,0.0144,194 202 202 202 202 202 202 202 202 202 218
84,SIPP_Standard,"24,56,1","6,23,8",1,399.0,298,0.65806,11.64441,2.2219,0.2389,54 74 77 90 2
85,SIPP_2^2,"56,57,0","38,15,0",1,637.913086,1526,0.31082,169.70563,37.69911,75.39822,0 0 0 0 0 0 0 0 3 0 0 3 3 0 3 0 0 0 3 3 3 3 3 0 0 0 3 3 0 3 0 0 3 0 0 0 3 0 0 3 3 0 3 0 3 3 0 0 0 0 0 0 0 0 0 0 0 0 0 -16.743 1 -1.170 0 0
85,SIPP_2^3,"56,57,0","38,15,0",1,494.5584479999999,442,0.18168,42.82403,8.63938,17.27876,0 0 7 0 7 0 0 7 7 7 7 7 7 7 7 7 7 7 7 0 7 0 0 0 0 0 0 0 0 0 0 0 0 0 0 0 7 7 0 0 0 7
85,SIPP_2^4,"56,57,0","38,15,0",1,462.49224,171,0.19988,9.26318,1.85459,3.70918,15 15 15 15 15 15 15 15 15 15 15 15 0 0 0 0 15 15 15 15 15 0 0 15
85,SIPP_2^5,"56,57,0","38,15,0",1,458.06482199999994,99,0.30768,3.55049,0.70949,1.41897,30 30 30 30 30 30 30 30 30 31 30 30 31 31 30 31 31 31
85,SIPP_BigCS,"56,57,3","38,15,14",1,456.0,45,0.28951,7.05419,0.9769,0.1151,202 202 202 202 202 202 202 202 202 202 202 202 202 202 202 306 30
85,SIPP_Standard,"56,57,3","38,15,14",1,484.0,404,0.81402,19.37028,3.709,0.4916,46 10 54 74 85 2
86,SIPP_2^2,"63,32,0","36,35,0",0,-1,0,0.0,0.0,0.0,0.0,
86,SIPP_2^3,"63,32,0","36,35,0",0,-1,0,0.0,0.0,0.0,0.0,
86,SIPP_2^4,"63,32,0","36,35,0",0,-1,0,0.0,0.0,0.0,0.0,
86,SIPP_2^5,"63,32,0","36,35,0",0,-1,0,0.0,0.0,0.0,0.0,
86,SIPP_BigCS,"63,32,0","36,35,0",0,-1,0,0.0,0.0,0.0,0.0,
86,SIPP_Standard,"63,32,10","36,35,12",0,-1,0,3e-05,0.0,0.0,0.0,
87,SIPP_2^2,"27,29,0","12,11,0",1,330.0,369,0.08787,84.85281,18.84956,37.69911,0 0 0 0 0 0 0 0 0 3 0 0 0 3 3 3 3 3 3 0 3 3 0 3 0 0 3 3 3 0 3 3 0
87,SIPP_2^3,"27,29,0","12,11,0",1,247.98990399999994,98,0.04187,23.60185,4.71239,9.42478,7 7 7 7 7 7 7 7 7 7 7 6 7 0 0 7 0 0 7
87,SIPP_2^4,"27,29,0","12,11,0",1,242.64553599999996,91,0.11332,9.4666,1.89255,3.78509,14 14 14 14 14 14 14 14 14 14 13 14 15 0 0 15
87,SIPP_2^5,"27,29,0","12,11,0",1,240.72242699999993,80,0.28099,4.31023,0.85844,1.71688,28 28 28 28 27 28 28 28 28 28 28 31 31
87,SIPP_BigCS,"27,29,3","12,11,13",1,241.0,242,2.82752,7.60538,1.478,0.2574,102 102 102 102 102 102 126 325 306
87,SIPP_Standard,"27,29,3","12,11,13",1,247.214459,34,0.09239,8.99979,1.7574,0.1869,74 69 -2.214 46
88,SIPP_2^2,"62,61,0","23,19,0",1,810.0,1801,0.36303,113.13708,25.13274,50.26548,0 0 0 0 0 0 0 0 0 0 0 0 0 0 0 0 0 0 0 0 0 0 0 0 0 0 0 0 0 0 3 3 0 0 0 3 3 0 0 3 3 3 3 3 0 3 3 3 3 3 3 3 3 0 3 3 3 3 3 3 3 3 3 3 3 3 3 3 3 0 0 3 3 3 3 3 0 3 0 3 0
88,SIPP_2^3,"62,61,0","23,19,0",1,587.4011680000001,184,0.06551,31.98334,6.28319,12.56637,7 7 7 7 7 7 7 0 7 7 7 7 7 7 7 7 7 0 0 7 0 7 7 6 7 7 7 7 7 7 7 7 7 7 7 7 7 7 7 7 7 7 7
88,SIPP_2^4,"62,61,0","23,19,0",1,576.198936,110,0.10997,9.69633,1.9305,3.86101,14 14 14 14 14 14 14 15 14 14 14 14 14 14 14 14 15 14 15 14 14 14 14 14 14 14 14 14 14 14 14 14 14 14 14 14 14 14 14
88,SIPP_2^5,"62,61,0","23,19,0",1,574.8570270000001,101,0.27386,5.92214,1.18437,2.36875,28 28 28 28 28 28 28 29 28 28 28 28 28 28 29 28 29 28 28 28 28 28 28 28 28 28 28 28 28 28 28 28 28 28 28 28
88,SIPP_BigCS,"62,61,14","23,19,6",1,571.0,35,0.21003,8.56093,1.6448,0.1568,102 102 102 102 154 250 102 102 102 102 102 154 354 102 102 102 102 102 102 102 102 102 102 102 102 102
88,SIPP_Standard,"62,61,14","23,19,6",1,582.0,107,0.24808,7.54299,1.2947,0.1135,77 58 66 30 30 30 50
89,SIPP_2^2,"15,61,0","34,35,0",1,450.0,644,0.13832,63.63961,14.13717,28.27433,0 0 0 0 0 0 0 0 0 0 0 0 0 0 0 0 0 0 1 1 1 1 1 1 1 1 0 0 0 1 0 1 1 1 1 1 1 1 0 1 1 0 0 0 1
89,SIPP_2^3,"15,61,0","34,35,0",1,338.7005839999999,171,0.07039,31.55518,6.28319,12.56637,1 0 0 0 1 1 1 1 1 1 0 1 1 1 1 1 1 1 0 0 1 1 1 1 0 1
89,SIPP_2^4,"15,61,0","34,35,0",1,326.23039199999994,110,0.12799,9.65827,1.9305,3.86101,2 2 1 1 1 1 1 2 2 2 1 2 2 2 2 2 2 1 2
89,SIPP_2^5,"15,61,0","34,35,0",1,323.09927099999993,56,0.18267,4.93989,0.98698,1.97396,3 3 3 3 3 4 3 4 3 4 4 4
89,SIPP_BigCS,"15,61,14","34,35,8",1,322.0,19,0.20458,6.87553,1.2958,0.0749,177 220 101 125 220
89,SIPP_Standard,"15,61,14","34,35,8",1,327.0,30,0.09022,7.44277,1.2947,0.1135,73 60 68 49
90,SIPP_2^2,"53,2,0","57,22,0",1,240.0,114,0.02024,21.2132,4.71239,9.42478,2 2 2 2 2 2 2 2 2 2 2 2 2 2 2 2 2 2 2 1 1 1 2 1
90,SIPP_2^3,"53,2,0","57,22,0",1,216.56854399999997,81,0.02518,19.54353,3.92699,7.85398,4 4 4 4 4 4 4 4 4 4 4 4 4 3 4 3 3 4 4 3
90,SIPP_2^4,"53,2,0","57,22,0",1,209.44272,57,0.0484,11.66698,2.31824,4.63648,8 8 8 8 8 8 8 8 7 7 8 8 7 8 8 7
90,SIPP_2^5,"53,2,0","57,22,0",1,206.491108,40,0.08743,4.83619,0.96525,1.9305,16 15 15 15 16 16 16 16 16 16 16 15
90,SIPP_BigCS,"53,2,9","57,22,8",1,208.0,103,0.49087,7.58295,1.4844,0.1702,360 4 28 304
90,SIPP_Standard,"53,2,9","57,22,8",1,257.0,135,0.19756,14.4341,2.8078,0.4541,16 102 80
91,SIPP_2^2,"7,1,0","41,29,0",1,620.0,1114,0.31496,141.42136,31.41593,62.83185,1 1 1 1 1 1 1 1 1 1 1 1 1 1 1 1 1 1 1 1 1 1 2 2 2 1 2 2 2 1 2 2 1 2 2 2 1 1 2 2 1 2 2 2 2 2 1 2 2 2 2 1 2 1 1 2 1 2 2 2 2 1
91,SIPP_2^3,"7,1,0","41,29,0",1,479.42848799999996,527,0.16627,27.82246,5.49779,10.99558,3 3 3 3 3 3 3 3 3 3 3 3 3 3 3 3 3 3 2 2 3 3 3 3 2 3 3 3 3 3 3 3 3 -1.022 1 0
91,SIPP_2^4,"7,1,0","41,29,0",1,478.91971199999983,629,0.57729,22.65918,4.2867,8.5734,6 6 6 6 6 6 6 6 6 6 6 6 6 6 6 6 6 6 5 6 6 5 6 6 6 6 5 6 6 6 4 0 0
91,SIPP_2^5,"7,1,0","41,29,0",1,478.91308599999996,647,1.59398,16.04137,3.14578,6.29155,12 12 12 12 12 12 12 12 12 12 12 12 12 12 11 12 12 12 12 12 12 12 12 11 11 12 12 -1.335 8 0 0
91,SIPP_BigCS,"7,1,8","41,29,10",1,482.489732,5078,25.78327,8.01849,1.5813,0.5371,100 100 100 100 100 100 100 100 100 100 100 100 100 100 100 100 100 100 100 100 100 100 100 124 207 -30.490 351
91,SIPP_Standard,"7,1,8","41,29,10",1,485.0,959,1.86452,16.49472,3.1851,0.3609,79 64 52 64 48 111
92,SIPP_2^2,"56,37,0","30,29,0",1,340.0,295,0.06166,63.63961,14.13717,28.27433,3 3 3 3 3 3 3 3 3 3 3 3 3 3 3 3 3 3 0 0 0 0 3 0 3 3 0 3 3 0 3 3 3 0
92,SIPP_2^3,"56,37,0","30,29,0",1,293.13708799999995,183,0.07262,35.92511,7.06858,14.13717,6 6 6 6 6 6 6 6 6 6 6 6 7 7 6 7 7 6 7 7 6 6 7 6 6 7
92,SIPP_2^4,"56,37,0","30,29,0",1,278.88544,102,0.1402,16.30244,3.24553,6.49107,12 12 12 12 12 13 12 12 13 13 12 13 13 13 13 12 12 13
92,SIPP_2^5,"56,37,0","30,29,0",1,272.98221599999994,34,0.10963,3.23082,0.6435,1.287,25 25 25 25 25 25 25 24 24 25
92,SIPP_BigCS,"56,37,8","30,29,11",1,276.0,156,0.84355,7.6959,1.4321,0.1411,87 205 205 309 7 7 87
92,SIPP_Standard,"56,37,8","30,29,11",1,327.0,374,0.73184,11.95979,2.2943,0.261,86 19 69 54
93,SIPP_2^2,"8,20,0","13,32,0",1,170.0,42,0.0099,35.35534,7.85398,15.70796,2 1 1 1 2 2 1 2 2 2 2 2 2 2 2 2 1
93,SIPP_2^3,"8,20,0","13,32,0",1,140.71068,31,0.01466,11.84623,2.35619,4.71239,4 3 3 3 3 4 4 4 4 4 4 3
93,SIPP_2^4,"8,20,0","13,32,0",1,133.584856,20,0.02528,12.695,2.49809,4.99618,7 7 6 8 7 8 8 7
93,SIPP_2^5,"8,20,0","13,32,0",1,130.923844,8,0.02689,1.32828,0.26625,0.5325,13 15 15 15
93,SIPP_BigCS,"8,20,0","13,32,12",1,135.0,39,0.27326,7.89732,1.568,0.2261,156 88
93,SIPP_Standard,"8,20,0","13,32,12",1,195.539984,38,0.10911,11.51907,2.2622,0.3989,-20.540 102 80
94,SIPP_2^2,"46,25,0","42,19,0",1,100.0,31,0.00671,28.28427,6.28319,12.56637,0 0 3 3 3 0 0 0 3 0
94,SIPP_2^3,"46,25,0","42,19,0",1,76.568544,12,0.00499,15.7167,3.14159,6.28319,7 0 7 7 0 7
94,SIPP_2^4,"46,25,0","42,19,0",1,73.00563199999999,8,0.01028,4.84172,0.96525,1.9305,15 14 15 14
94,SIPP_2^5,"46,25,0","42,19,0",1,72.111026,2,0.00733,0.0,0.0,0.0,29 29
94,SIPP_BigCS,"46,25,4","42,19,13",1,72.0,1,0.21648,1.70958,0.3216,0.0203,182
94,SIPP_Standard,"46,25,4","42,19,13",1,72.0,1,0.07813,1.70958,0.3216,0.0203,54
95,SIPP_2^2,"22,25,0","52,20,0",1,350.0,224,0.0515,42.42641,9.42478,18.84956,1 1 1 1 1 1 1 1 1 1 1 1 1 1 1 1 1 1 1 1 1 1 0 0 0 1 1 1 0 1 1 1 1 0 1
95,SIPP_2^3,"22,25,0","52,20,0",1,320.71067999999997,162,0.06374,19.61218,3.92699,7.85398,2 2 2 2 2 2 2 1 2 1 1 1 2 2 2 2 2 2 2 2 2 2 2 2 2 2 2 2 2 1
95,SIPP_2^4,"22,25,0","52,20,0",1,311.8034,122,0.14078,6.96744,1.39094,2.78189,4 4 4 4 4 4 4 4 4 4 4 4 4 4 4 4 4 4 3 3 3 3 4 4 3
95,SIPP_2^5,"22,25,0","52,20,0",1,308.1138849999999,89,0.27708,4.82854,0.96525,1.9305,8 8 8 8 8 8 8 8 8 8 7 7 7 7 8 8 8 8 8 7
95,SIPP_BigCS,"22,25,4","52,20,0",1,310.0,283,1.9858,10.48679,2.03,0.2254,361 5 13 305 5 5 29
95,SIPP_Standard,"22,25,4","52,20,0",1,325.0,112,0.37699,9.06119,1.7642,0.209,53 89 1 21
96,SIPP_2^2,"7,26,0","21,56,0",1,440.0,603,0.13484,35.35534,7.85398,15.70796,1 1 1 1 2 2 2 2 2 2 2 2 2 2 2 2 2 2 2 2 2 2 2 2 2 2 2 2 2 2 2 2 1 1 1 2 1 1 1 1 1 1 1 2
96,SIPP_2^3,"7,26,0","21,56,0",1,374.5584479999999,320,0.14628,15.88924,3.14159,6.28319,5 5 4 4 4 4 4 4 4 4 4 3 3 3 3 3 3 3 3 4 4 4 3 3 3 3 3 3 3 3
96,SIPP_2^4,"7,26,0","21,56,0",1,360.30679999999995,209,0.28019,25.11437,5.03414,10.06828,10 10 6 6 6 6 6 6 7 7 7 6 7 7 6 7 8 8 8 7 8 7
96,SIPP_2^5,"7,26,0","21,56,0",1,355.8565759999999,126,0.44084,15.32184,3.07274,6.14547,20 20 12 12 13 13 13 13 13 12 15 15 16 15
96,SIPP_BigCS,"7,26,3","21,56,15",1,359.023205,230,1.27437,11.92153,2.2167,0.5004,331 80 200 200 200 200 200 200 -1.023 352 100 100 100
96,SIPP_Standard,"7,26,3","21,56,15",1,411.0,78,0.22153,19.65609,3.8416,0.5924,83 8 52 64 32
97,SIPP_2^2,"15,3,0","51,60,0",1,930.0,2767,0.60255,113.13708,25.13274,50.26548,2 2 2 2 2 2 2 2 2 2 2 2 1 2 1 2 2 2 2 2 2 2 2 2 2 2 2 2 2 2 2 2 2 2 2 2 2 2 2 2 2 2 2 2 1 1 1 1 1 1 2 2 1 1 2 1 1 2 2 2 2 2 2 2 2 1 2 1 1 1 1 1 1 1 1 1 1 1 1 1 1 1 1 1 2 2 1 1 1 1 1 1 2
97,SIPP_2^3,"15,3,0","51,60,0",1,719.116896,975,0.39631,32.15231,6.28319,12.56637,3 3 3 3 3 3 3 3 3 3 3 3 3 3 3 3 3 3 3 3 3 3 3 3 3 3 4 4 4 4 3 3 3 3 3 3 3 4 4 4 4 4 4 4 4 4 4 4 4 4 4 3 4 3 4 4 3
97,SIPP_2^4,"15,3,0","51,60,0",1,681.70632,413,0.47827,4.84826,0.96525,1.9305,7 7 7 7 7 7 7 7 7 7 7 7 7 7 7 6 6 6 6 6 6 6 6 6 6 6 6 7 7 7 7 7 7 6 6 6
97,SIPP_2^5,"15,3,0","51,60,0",1,674.9967750000001,127,0.38537,0.62225,0.12436,0.24871,13 13 13 13 13 13 13 13 13 13 13 13 13 13 13 14 14 14 14 14 14
97,SIPP_BigCS,"15,3,14","51,60,13",1,672.0,22,0.18964,10.51035,1.627,0.0948,200 200 200 200 200 200 200 200 200 200 200 200 200 216 152 216 152 216
97,SIPP_Standard,"15,3,14","51,60,13",1,679.0,152,0.36588,9.21361,1.2947,0.1135,56 56 56 56 64 28 52 72
98,SIPP_2^2,"54,56,0","52,42,0",1,160.0,39,0.0081,28.28427,6.28319,12.56637,0 0 0 0 0 0 0 0 0 3 0 0 0 0 3 0
98,SIPP_2^3,"54,56,0","52,42,0",1,148.284272,29,0.01098,11.59279,2.35619,4.71239,0 0 0 0 0 0 0 0 7 0 0 0 0 7
98,SIPP_2^4,"54,56,0","52,42,0",1,144.72136,23,0.02434,6.94722,1.39094,2.78189,0 0 0 0 0 0 0 15 0 0 0 15
98,SIPP_2^5,"54,56,0","52,42,0",1,143.245554,19,0.04823,4.82449,0.96525,1.9305,0 0 0 0 0 31 0 0 0 31
98,SIPP_BigCS,"54,56,3","52,42,5",1,144.0,35,0.23052,4.98532,0.9783,0.1089,362 6 30
98,SIPP_Standard,"54,56,3","52,42,5",1,478.185833,1921,3.76615,19.86949,3.8308,0.6722,-57.186 99 69 42 84 1
99,SIPP_2^2,"41,13,0","29,41,0",1,400.0,476,0.09766,56.56854,12.56637,25.13274,2 2 2 2 2 2 2 2 2 2 2 2 2 2 2 2 2 2 2 2 2 2 2 2 3 2 3 3 3 3 3 2 3 3 3 2 3 3 3 2
99,SIPP_2^3,"41,13,0","29,41,0",1,329.7056319999999,245,0.08477,19.73377,3.92699,7.85398,4 4 4 4 4 4 4 4 4 4 4 4 5 5 5 4 5 5 5 5 5 5 5 5 4 4 4 5
99,SIPP_2^4,"41,13,0","29,41,0",1,308.32815999999997,79,0.07431,9.28381,1.85459,3.70918,9 9 9 9 9 9 9 9 9 8 8 9 9 8 8 9
99,SIPP_2^5,"41,13,0","29,41,0",1,305.37654799999996,45,0.11036,2.12909,0.42569,0.85138,18 18 18 18 18 18 18 17 18 17 17 17
99,SIPP_BigCS,"41,13,9","29,41,3",1,304.0,20,0.21493,3.9915,0.5061,0.0613,206 206 206 206 206 206 206 206 206 206 310 4 4
99,SIPP_Standard,"41,13,9","29,41,3",1,317.0,78,0.21742,7.44876,1.4273,0.1284,51 70 39 0
100,SIPP_2^2,"32,35,0","34,22,0",1,150.0,36,0.00617,14.14214,3.14159,6.28319,0 0 0 0 0 0 0 0 0 0 0 0 1 1 0
100,SIPP_2^3,"32,35,0","34,22,0",1,138.284272,26,0.00633,11.59279,2.35619,4.71239,0 0 0 0 0 0 0 0 0 1 0 0 1
100,SIPP_2^4,"32,35,0","34,22,0",1,134.72136,21,0.01413,6.94722,1.39094,2.78189,0 0 0 0 0 0 0 1 0 0 1
100,SIPP_2^5,"32,35,0","34,22,0",1,133.245554,17,0.03016,4.82449,0.96525,1.9305,0 0 0 0 0 0 1 0 1
100,SIPP_BigCS,"32,35,15","34,22,6",1,134.0,31,0.25685,5.02813,0.9783,0.1089,58 364
100,SIPP_Standard,"32,35,15","34,22,6",1,407.0,1637,4.64687,22.40793,4.3136,0.6984,23 54 106 41 79
101,SIPP_2^2,"3,49,0","40,62,0",1,500.0,694,0.14548,127.27922,28.27433,56.54867,1 1 1 1 1 1 1 1 2 1 2 2 2 1 1 1 2 2 1 1 1 1 1 1 1 1 1 1 1 2 1 2 1 2 2 1 1 2 1 1 1 2 1 1 1 1 1 1 2 1
101,SIPP_2^3,"3,49,0","40,62,0",1,423.8477679999999,392,0.16471,19.65521,3.92699,7.85398,2 2 2 2 2 2 2 2 2 2 2 2 2 2 2 2 2 2 2 3 3 3 3 3 3 3 3 3 3 3 2 2 2 3 2 2 3
101,SIPP_2^4,"3,49,0","40,62,0",1,400.68883999999997,193,0.22304,16.27705,3.24553,6.49107,5 5 5 5 5 5 5 5 5 4 5 4 5 4 4 4 4 4 5 5 4 4 4 4
101,SIPP_2^5,"3,49,0","40,62,0",1,392.5719069999999,35,0.10956,2.84048,0.56759,1.13518,9 9 9 9 9 9 9 9 9 10 9 10 9
101,SIPP_BigCS,"3,49,11","40,62,12",1,396.0,268,1.54364,8.52495,1.4752,0.1625,207 207 207 207 207 207 207 311 5 5 5 5 85 311
101,SIPP_Standard,"3,49,11","40,62,12",1,406.0,114,0.21346,16.07534,3.0941,0.3579,36 21 48 95 17
102,SIPP_2^2,"11,31,0","40,33,0",1,310.0,84,0.01619,21.2132,4.71239,9.42478,1 1 1 1 1 1 1 1 1 1 1 1 1 1 1 1 1 1 1 1 1 1 1 1 1 1 1 2 1 1 2
102,SIPP_2^3,"11,31,0","40,33,0",1,298.284272,74,0.0253,11.59279,2.35619,4.71239,2 2 2 2 2 2 2 2 2 2 2 2 2 2 2 2 2 2 2 2 2 2 2 2 3 2 2 2 3
102,SIPP_2^4,"11,31,0","40,33,0",1,294.72136,62,0.0631,6.94722,1.39094,2.78189,4 4 4 4 4 4 4 4 4 4 4 4 4 4 4 4 4 4 4 4 4 4 4 5 4 4 5
102,SIPP_2^5,"11,31,0","40,33,0",1,293.24555399999997,49,0.16067,4.82449,0.96525,1.9305,8 8 8 8 8 8 8 8 8 8 8 8 8 8 8 8 8 8 8 8 9 8 8 8 9
102,SIPP_BigCS,"11,31,4","40,33,3",1,294.0,99,0.56575,4.98532,0.9783,0.1089,367 5 5 5 5 5 5 1 5 5 57
102,SIPP_Standard,"11,31,4","40,33,3",1,324.0,220,0.46437,13.15547,2.5485,0.3027,48 95 9 45
103,SIPP_2^2,"6,46,0","42,15,0",1,670.0,1514,0.31295,70.71068,15.70796,31.41593,0 0 0 0 0 0 0 0 0 0 0 0 0 0 0 0 0 0 0 0 0 0 0 0 1 1 1 1 1 1 1 1 1 1 1 1 1 1 1 1 1 1 0 1 1 1 1 1 1 1 1 0 1 1 1 1 1 0 1 1 0 0 0 1 1 1 0
103,SIPP_2^3,"6,46,0","42,15,0",1,488.4062159999998,251,0.10767,16.08209,3.14159,6.28319,1 1 1 1 1 1 1 1 1 1 1 1 1 1 1 1 1 1 2 1 2 2 2 2 1 1 1 1 1 1 1 1 1 1 1 1
103,SIPP_2^4,"6,46,0","42,15,0",1,479.49893599999984,190,0.22376,6.43213,1.287,2.57401,2 2 2 2 2 2 2 2 2 2 2 2 2 3 2 3 3 3 3 2 2 2 2 2 2 2 2 2 2 2 2
103,SIPP_2^5,"6,46,0","42,15,0",1,477.26242099999985,147,0.46237,3.95137,0.78958,1.57917,4 5 5 5 5 4 4 4 4 4 4 5 4 4 4 4 4 4 4 4 4 4 4 4 4 4
103,SIPP_BigCS,"6,46,11","42,15,9",1,474.0,29,0.3104,6.98582,1.3162,0.092,101 101 101 101 101 101 101 101 101 101 101 101 101 101 153 249 153 217
103,SIPP_Standard,"6,46,11","42,15,9",1,481.0,96,0.23599,10.10722,1.9377,0.1482,68 53 65 29 53 73
104,SIPP_2^2,"45,33,0","29,63,0",0,-1,0,0.0,0.0,0.0,0.0,
104,SIPP_2^3,"45,33,0","29,63,0",0,-1,0,0.0,0.0,0.0,0.0,
104,SIPP_2^4,"45,33,0","29,63,0",0,-1,0,0.0,0.0,0.0,0.0,
104,SIPP_2^5,"45,33,0","29,63,0",0,-1,0,0.0,0.0,0.0,0.0,
104,SIPP_BigCS,"45,33,0","29,63,0",0,-1,0,0.0,0.0,0.0,0.0,
104,SIPP_Standard,"45,33,15","29,63,4",0,-1,119208,180.00014,0.0,0.0,0.0,
105,SIPP_2^2,"52,57,0","26,62,0",1,310.0,130,0.02361,49.49747,10.99557,21.99115,3 2 2 3 3 3 3 3 3 3 3 3 3 3 3 3 3 3 3 3 3 3 3 3 2 3 3 2 3 3 2
105,SIPP_2^3,"52,57,0","26,62,0",1,286.568544,84,0.0282,19.64322,3.92699,7.85398,4 5 5 6 6 6 6 6 6 6 6 6 6 6 6 6 6 6 6 6 6 6 5 6 6 6 5
105,SIPP_2^4,"52,57,0","26,62,0",1,281.224176,62,0.05424,12.62542,2.49809,4.99618,9 10 12 12 12 12 12 12 12 12 12 12 12 12 12 12 12 12 12 12 11 12 12 11
105,SIPP_2^5,"52,57,0","26,62,0",1,279.74836999999997,49,0.10669,10.43037,2.0724,4.1448,18 20 24 24 24 24 24 24 24 24 24 24 24 24 24 24 24 23 24 24 24 23
105,SIPP_BigCS,"52,57,11","26,62,6",1,283.0,108,0.40364,8.09376,1.5745,0.4351,206 334 7 7 3 7 7 7 7 7 7 31
105,SIPP_Standard,"52,57,11","26,62,6",1,414.0,166,0.25126,22.05779,4.252,0.6585,108 34 75 70 47
106,SIPP_2^2,"2,18,0","7,6,0",1,170.0,76,0.01072,35.35534,7.85398,15.70796,0 0 0 0 0 0 0 0 0 0 1 1 1 0 1 0 1
106,SIPP_2^3,"2,18,0","7,6,0",1,140.71067999999997,44,0.01241,11.59279,2.35619,4.71239,0 0 0 1 0 0 0 0 1 1 1 1
106,SIPP_2^4,"2,18,0","7,6,0",1,131.8034,18,0.01462,9.33099,1.85459,3.70918,1 0 1 0 1 1 1
106,SIPP_2^5,"2,18,0","7,6,0",1,130.32759399999998,11,0.02286,0.71022,0.1419,0.28379,2 2 2 1 1
106,SIPP_BigCS,"2,18,2","7,6,4",1,130.0,5,0.06651,2.91107,0.5061,0.0613,204 204 204 308
106,SIPP_Standard,"2,18,2","7,6,4",1,459.89548,1094,1.56368,22.83275,4.3028,0.7782,-33.895 63 111 33 74 101
107,SIPP_2^2,"43,51,0","57,58,0",1,210.0,132,0.0269,70.71068,15.70796,31.41593,1 1 1 2 1 2 2 1 1 1 2 1 2 2 1 1 1 1 1 2 1
107,SIPP_2^3,"43,51,0","57,58,0",1,168.99495199999996,63,0.0239,19.69392,3.92699,7.85398,2 2 3 2 2 2 3 3 3 3 3 2 2 3
107,SIPP_2^4,"43,51,0","57,58,0",1,156.52476,7,0.00774,0.0,0.0,0.0,5 5 5 5 5 5 5
107,SIPP_2^5,"43,51,0","57,58,0",1,156.52476,7,0.02042,0.0,0.0,0.0,10 10 10 10 10 10 10
107,SIPP_BigCS,"43,51,5","57,58,9",1,155.0,4,0.08572,1.04752,0.0,0.0,199 207 207 207
107,SIPP_Standard,"43,51,5","57,58,9",1,159.0,4,0.02927,4.73187,0.9185,0.0813,48 95
108,SIPP_2^2,"38,11,0","54,25,0",1,300.0,308,0.07173,49.49747,10.99557,21.99115,2 2 2 2 2 2 2 2 2 1 2 2 1 1 1 1 1 1 1 1 1 1 1 1 2 1 1 2 2 1
108,SIPP_2^3,"38,11,0","54,25,0",1,217.98990399999994,52,0.02505,7.77347,1.5708,3.14159,3 3 3 3 3 3 3 3 3 3 3 3 3 2 2 3
108,SIPP_2^4,"38,11,0","54,25,0",1,214.42699199999996,38,0.05394,6.43595,1.287,2.574,6 6 6 6 6 6 6 6 6 6 5 6 5 6
108,SIPP_2^5,"38,11,0","54,25,0",1,213.53238599999995,33,0.12584,0.98834,0.1974,0.39479,12 12 12 12 12 12 12 12 12 12 11 11
108,SIPP_BigCS,"38,11,1","54,25,7",1,212.0,12,0.18299,3.49395,0.6634,0.0518,100 100 100 100 100 100 124 255
108,SIPP_Standard,"38,11,1","54,25,7",1,246.0,85,0.21821,11.82604,2.3238,0.3758,8 48 103
109,SIPP_2^2,"43,55,0","6,26,0",1,660.0,1495,0.3195,49.49747,10.99557,21.99115,3 3 3 3 3 3 3 3 3 3 3 3 3 3 3 3 3 3 3 3 3 3 3 3 3 3 3 3 3 3 3 0 0 0 0 0 0 0 0 0 0 0 0 0 0 0 0 0 0 0 3 0 0 3 0 0 0 0 0 0 0 3 3 3 3 0
109,SIPP_2^3,"43,55,0","6,26,0",1,490.12194399999987,267,0.11745,23.41252,4.71239,9.42478,7 6 7 6 6 6 6 6 7 7 7 7 7 7 7 7 7 7 7 7 7 7 7 7 7 7 7 7 7 7 7 7 7 6 6 7 7
109,SIPP_2^4,"43,55,0","6,26,0",1,475.8702959999999,168,0.22296,16.11236,3.21751,6.43501,14 14 13 13 13 13 14 14 14 13 14 14 14 14 13 14 14 13 14 14 14 14 14 14 14 14 13 14 14
109,SIPP_2^5,"43,55,0","6,26,0",1,472.2918719999999,110,0.37013,2.96494,0.59219,1.18437,27 27 27 27 27 27 27 28 28 27 28 28 28 28 28 28 28 28 28 28 28
109,SIPP_BigCS,"43,55,1","6,26,2",1,470.0,70,0.52595,7.27831,1.3056,0.0804,102 126 205 205 221 102 102 102 102 102 102 102 102 126 221
109,SIPP_Standard,"43,55,1","6,26,2",1,476.79306299999996,67,0.17784,13.61868,2.5894,0.227,69 50 -0.793 77 74 69 50
110,SIPP_2^2,"11,28,0","22,55,0",1,380.0,422,0.10048,35.35534,7.85398,15.70796,2 2 2 2 2 2 2 2 2 2 2 2 2 2 2 2 2 2 2 2 2 2 2 2 1 2 2 1 1 1 1 1 1 1 1 1 2 1
110,SIPP_2^3,"11,28,0","22,55,0",1,315.56349599999993,215,0.099,16.09642,3.14159,6.28319,3 3 3 3 3 3 3 3 3 4 4 4 4 4 4 4 4 4 4 4 3 4 4 4 4 4 3
110,SIPP_2^4,"11,28,0","22,55,0",1,295.96748,85,0.11032,13.98616,2.78189,5.56377,7 8 7 7 7 7 7 7 7 7 8 8 8 7 8 7
110,SIPP_2^5,"11,28,0","22,55,0",1,292.46844799999997,40,0.14331,3.54894,0.70949,1.41897,14 15 14 14 14 15 14 14 15 -0.190 15 15
110,SIPP_BigCS,"11,28,14","22,55,9",1,292.0,23,0.30977,3.9751,0.5075,0.0551,200 200 200 200 200 200 200 200 200 200 360
110,SIPP_Standard,"11,28,14","22,55,9",1,321.0,143,0.50312,10.13424,1.9729,0.2466,48 87 0 4
111,SIPP_2^2,"4,43,0","2,12,0",1,330.0,90,0.01618,14.14214,3.14159,6.28319,0 0 0 0 0 0 0 0 0 0 0 0 0 0 0 0 0 0 0 0 0 0 0 0 0 0 0 0 0 0 3 3 0
111,SIPP_2^3,"4,43,0","2,12,0",1,318.284272,80,0.02712,11.59279,2.35619,4.71239,0 0 0 0 0 0 0 0 0 0 0 0 0 0 0 0 0 0 0 0 0 0 0 0 0 0 0 7 0 0 7
111,SIPP_2^4,"4,43,0","2,12,0",1,314.72136,68,0.06433,6.94722,1.39094,2.78189,0 0 0 0 0 0 0 0 0 0 0 0 0 0 0 0 0 0 0 0 0 0 0 0 0 15 0 0 15
111,SIPP_2^5,"4,43,0","2,12,0",1,313.24555399999997,54,0.12423,4.82449,0.96525,1.9305,0 0 0 0 0 0 0 0 0 0 0 0 0 0 0 0 0 0 0 0 0 0 31 0 0 0 31
111,SIPP_BigCS,"4,43,2","2,12,4",1,314.0,111,0.40746,4.98532,0.9783,0.1089,362 2 6 2 6 30
111,SIPP_Standard,"4,43,2","2,12,4",1,321.0,26,0.05316,6.75321,1.3299,0.1489,46 2 2 18
112,SIPP_2^2,"31,48,0","10,6,0",1,630.0,1291,0.27388,42.42641,9.42478,18.84956,0 0 0 0 0 0 0 0 0 0 0 0 0 0 0 0 0 0 0 0 0 0 0 0 0 0 0 0 0 0 0 0 0 0 0 0 0 0 0 3 3 3 3 3 0 3 3 3 3 3 3 3 3 3 3 3 3 3 3 3 0 3 0
112,SIPP_2^3,"31,48,0","10,6,0",1,506.98485599999987,542,0.22235,63.01007,12.56637,25.13274,7 0 7 0 7 7 7 0 7 7 7 7 7 7 7 7 0 0 7 0 7 0 7 7 7 0 0 0 0 0 7 7 0 0 0 0 0 0 0 0 0 7
112,SIPP_2^4,"31,48,0","10,6,0",1,469.57428,21,0.02739,0.0,0.0,0.0,15 15 15 15 15 15 15 15 15 15 15 15 15 15 15 15 15 15 15 15 15
112,SIPP_2^5,"31,48,0","10,6,0",1,469.57428,21,0.07307,0.0,0.0,0.0,30 30 30 30 30 30 30 30 30 30 30 30 30 30 30 30 30 30 30 30 30
112,SIPP_BigCS,"31,48,13","10,6,10",1,467.0,6,0.2705,3.34249,0.0,0.0,194 194 194 194 194 202
112,SIPP_Standard,"31,48,13","10,6,10",1,482.0,196,0.48017,16.58362,3.1915,0.3374,54 66 46 10 54 90
113,SIPP_2^2,"46,26,0","0,31,0",0,-1,0,0.0,0.0,0.0,0.0,
113,SIPP_2^3,"46,26,0","0,31,0",0,-1,0,0.0,0.0,0.0,0.0,
113,SIPP_2^4,"46,26,0","0,31,0",0,-1,0,0.0,0.0,0.0,0.0,
113,SIPP_2^5,"46,26,0","0,31,0",0,-1,0,0.0,0.0,0.0,0.0,
113,SIPP_BigCS,"46,26,0","0,31,0",0,-1,0,0.0,0.0,0.0,0.0,
113,SIPP_Standard,"46,26,12","0,31,0",0,-1,116931,180.00015,0.0,0.0,0.0,
114,SIPP_2^2,"61,52,0","51,22,0",1,400.0,336,0.06871,84.85281,18.84956,37.69911,0 0 0 0 0 0 0 3 3 0 0 3 0 0 0 0 0 0 0 0 0 0 3 3 0 0 0 0 0 3 0 0 0 0 3 3 0 3 3 0
114,SIPP_2^3,"61,52,0","51,22,0",1,341.42135999999994,229,0.09338,43.65177,8.63938,17.27876,0 0 0 0 7 0 0 0 7 0 0 7 7 0 0 0 7 7 0 0 0 7 7 7 0 0 0 0 0 7
114,SIPP_2^4,"61,52,0","51,22,0",1,323.6068,107,0.11842,11.63017,2.31824,4.63648,0 0 0 0 15 0 0 0 0 15 15 15 15 15 15 15 15 0 0 15
114,SIPP_2^5,"61,52,0","51,22,0",1,319.179382,66,0.19326,9.29573,1.85459,3.70918,31 0 0 31 0 0 31 31 30 30 31 30 30 31
114,SIPP_BigCS,"61,52,3","51,22,11",1,320.0,115,0.63364,8.25335,1.483,0.1764,202 202 306 6 6 30 202 202 202 306
114,SIPP_Standard,"61,52,3","51,22,11",1,327.0,37,0.08208,12.05336,2.3098,0.2642,6 90 10 54
115,SIPP_2^2,"33,42,0","24,6,0",1,450.0,476,0.10362,84.85281,18.84956,37.69911,0 0 0 0 0 0 0 0 0 0 0 0 0 0 0 0 0 0 0 0 3 0 3 0 3 0 0 0 3 3 3 0 0 0 0 0 3 3 0 0 0 0 0 3 0
115,SIPP_2^3,"33,42,0","24,6,0",1,397.27922399999994,311,0.10892,44.02769,8.63938,17.27876,0 0 0 0 7 7 0 0 0 0 0 0 7 7 0 0 7 7 0 0 0 0 0 0 0 0 0 0 7 0 0 0 0 7 0 7
115,SIPP_2^4,"33,42,0","24,6,0",1,381.24612,201,0.19599,16.30182,3.24553,6.49107,0 0 0 0 0 0 0 0 0 0 0 0 0 0 0 15 0 15 15 15 15 15 15 0 15 0 15
115,SIPP_2^5,"33,42,0","24,6,0",1,374.6049929999999,111,0.29022,11.29377,2.25225,4.50451,0 0 0 31 0 0 31 31 0 31 31 31 31 31 0 0 0 31
115,SIPP_BigCS,"33,42,12","24,6,1",1,378.0,475,3.0149,12.76621,2.4535,0.2714,202 306 6 6 82 362 30 306
115,SIPP_Standard,"33,42,12","24,6,1",1,403.0,404,0.95948,14.35881,2.7663,0.367,2 18 108 54 74
116,SIPP_2^2,"52,55,0","42,57,0",1,154.50497000000001,79,0.01398,14.14214,3.14159,6.28319,2 2 2 -14.505 3 3 3 3 3 3 3 3 3 3 0
116,SIPP_2^3,"52,55,0","42,57,0",1,116.56854399999997,23,0.00778,19.54353,3.92699,7.85398,6 6 7 6 6 6 5 5 6 5
116,SIPP_2^4,"52,55,0","42,57,0",1,109.44272000000001,12,0.01076,11.66835,2.31824,4.63648,12 13 11 11 12 11
116,SIPP_2^5,"52,55,0","42,57,0",1,107.966914,10,0.02473,4.67119,0.9273,1.85459,25 22 22 23
116,SIPP_BigCS,"52,55,15","42,57,13",1,112.0,19,0.15206,7.87865,1.5666,0.344,162 35
116,SIPP_Standard,"52,55,15","42,57,13",1,499.0,1339,2.29297,27.03726,5.2228,0.81,50 93 11 35 80 13
117,SIPP_2^2,"41,62,0","7,20,0",1,760.0,1776,0.37136,148.49242,32.98672,65.97345,3 3 3 3 3 3 3 3 3 3 3 3 3 3 3 3 3 3 3 3 0 3 0 0 0 3 3 3 0 3 0 0 0 0 0 0 0 0 0 3 3 0 0 0 0 0 0 0 0 3 0 0 0 3 0 0 0 0 0 0 0 3 0 0 3 3 0 3 0 0 0 0 0 0 3 0
117,SIPP_2^3,"41,62,0","7,20,0",1,593.2813329999999,821,0.35439,43.31188,8.63938,17.27876,7 7 7 7 7 7 7 7 7 7 7 7 7 7 7 7 6 7 7 7 6 7 7 7 7 7 7 -2.250 6 -0.909 6 7 6 7 7 0 0 0 0 7 0 0 0 0 0 0 0 0 0
117,SIPP_2^4,"41,62,0","7,20,0",1,546.5809759999999,278,0.38083,16.11856,3.21751,6.43501,14 14 14 14 14 14 14 14 14 14 14 14 14 14 14 14 14 14 15 15 14 14 14 14 15 15 15 14 15 14 15 14 15 14
117,SIPP_2^5,"41,62,0","7,20,0",1,543.0025519999999,196,0.67181,6.91586,1.38177,2.76354,28 28 28 28 28 28 28 28 28 28 28 28 29 29 29 28 28 28 28 29 29 28 29 28 29 29
117,SIPP_BigCS,"41,62,2","7,20,4",1,540.0,46,0.37677,10.53503,1.969,0.1322,102 102 102 102 102 102 102 102 154 250 154 218 154 218
117,SIPP_Standard,"41,62,2","7,20,4",1,548.0,175,0.55213,15.22297,2.911,0.2473,54 66 54 74 69 54 74
118,SIPP_2^2,"30,30,0","26,63,0",0,-1,0,0.0,0.0,0.0,0.0,
118,SIPP_2^3,"30,30,0","26,63,0",0,-1,0,0.0,0.0,0.0,0.0,
118,SIPP_2^4,"30,30,0","26,63,0",0,-1,0,0.0,0.0,0.0,0.0,
118,SIPP_2^5,"30,30,0","26,63,0",0,-1,0,0.0,0.0,0.0,0.0,
118,SIPP_BigCS,"30,30,0","26,63,0",0,-1,0,0.0,0.0,0.0,0.0,
118,SIPP_Standard,"30,30,7","26,63,11",0,-1,119066,180.00126,0.0,0.0,0.0,
119,SIPP_2^2,"20,10,0","21,46,0",1,370.0,37,0.00904,7.07107,1.5708,3.14159,2 2 2 2 2 2 2 2 2 2 2 2 2 2 2 2 2 2 2 2 2 2 2 2 2 2 2 2 2 2 2 2 2 2 2 2 1
119,SIPP_2^3,"20,10,0","21,46,0",1,364.142136,36,0.01604,3.82683,0.7854,1.5708,4 4 4 4 4 4 4 4 4 4 4 4 4 4 4 4 4 4 4 4 4 4 4 4 4 4 4 4 4 4 4 4 4 4 4 3
119,SIPP_2^4,"20,10,0","21,46,0",1,362.36068,35,0.04589,2.29753,0.46365,0.9273,8 8 8 8 8 8 8 8 8 8 8 8 8 8 8 8 8 8 8 8 8 8 8 8 8 8 8 8 8 8 8 8 8 8 7
119,SIPP_2^5,"20,10,0","21,46,0",1,361.622777,34,0.12247,1.60182,0.32175,0.6435,16 16 16 16 16 16 16 16 16 16 16 16 16 16 16 16 16 16 16 16 16 16 16 16 16 16 16 16 16 16 16 16 16 15
119,SIPP_BigCS,"20,10,13","21,46,9",1,362.0,34,0.28327,2.74653,0.5456,0.0552,4 4 4 0 0 4 0 12
119,SIPP_Standard,"20,10,13","21,46,9",1,397.0,445,1.21048,10.89729,2.0858,0.2293,52 88 0 20 51
120,SIPP_2^2,"28,44,0","22,26,0",1,240.0,148,0.03078,70.71068,15.70796,31.41593,0 0 0 0 0 0 0 0 3 0 0 3 0 0 3 0 0 3 0 0 0 3 3 0
120,SIPP_2^3,"28,44,0","22,26,0",1,204.85281599999996,89,0.03674,27.52838,5.49779,10.99557,0 0 0 0 0 0 0 0 7 0 7 0 7 7 7 0 0 7
120,SIPP_2^4,"28,44,0","22,26,0",1,194.16407999999998,54,0.07123,6.99946,1.39094,2.78189,15 15 15 0 15 15 15 0 0 0 0 0
120,SIPP_2^5,"28,44,0","22,26,0",1,189.73666199999997,6,0.02399,0.0,0.0,0.0,31 31 31 31 31 31
120,SIPP_BigCS,"28,44,13","22,26,2",1,192.0,41,0.33105,5.22831,0.9691,0.1012,6 82 202 202 306
120,SIPP_Standard,"28,44,13","22,26,2",1,244.0,107,0.21558,12.35424,2.4143,0.3151,37 10 38
121,SIPP_2^2,"18,12,0","22,51,0",1,430.0,243,0.06738,35.35534,7.85398,15.70796,2 2 2 2 2 2 2 2 2 2 2 2 2 2 2 2 2 2 2 2 2 2 2 2 2 2 2 2 2 2 2 2 2 2 2 2 2 1 1 2 1 2 1
121,SIPP_2^3,"18,12,0","22,51,0",1,406.568544,192,0.08164,11.77758,2.35619,4.71239,4 4 4 4 4 4 4 4 4 4 4 4 4 4 4 4 4 4 4 4 4 4 4 4 4 4 4 4 4 4 4 4 4 4 3 3 3 4 3
121,SIPP_2^4,"18,12,0","22,51,0",1,399.44272,153,0.1964,6.98569,1.39094,2.78189,8 8 8 8 8 8 8 8 8 8 8 8 8 8 8 8 8 8 8 8 8 8 8 8 8 8 8 8 8 7 7 7 8 8 7
121,SIPP_2^5,"18,12,0","22,51,0",1,396.49110799999994,129,0.4964,8.0692,1.60875,3.21751,16 16 16 16 16 16 16 16 16 16 16 16 16 16 16 16 16 16 16 16 16 16 16 16 16 15 15 16 15 16 15
121,SIPP_BigCS,"18,12,1","22,51,8",1,398.0,425,2.99025,4.95204,0.9691,0.1012,4 4 0 0 0 80 304
121,SIPP_Standard,"18,12,1","22,51,8",1,401.0,39,0.14353,6.75321,1.3299,0.1489,44 0 0 0 4
122,SIPP_2^2,"9,9,0","41,23,0",1,460.0,656,0.14367,42.42641,9.42478,18.84956,1 1 1 1 1 1 1 1 1 1 1 1 1 1 1 1 1 1 1 1 1 1 1 1 1 1 1 1 1 2 2 2 2 2 2 2 2 2 1 2 2 2 1 2 2 1
122,SIPP_2^3,"9,9,0","41,23,0",1,377.9899039999999,322,0.14043,27.82602,5.49779,10.99557,2 2 2 2 2 2 2 2 2 2 2 2 2 3 3 3 3 2 2 3 3 3 3 3 3 2 2 3 2 3 3 3
122,SIPP_2^4,"9,9,0","41,23,0",1,353.04952,95,0.1172,9.22348,1.85459,3.70918,5 5 5 5 5 5 4 4 5 5 5 5 5 4 4 5 5 5
122,SIPP_2^5,"9,9,0","41,23,0",1,350.09790799999996,57,0.21881,2.13051,0.42569,0.85138,10 10 10 10 10 10 10 10 10 9 10 9 9 9
122,SIPP_BigCS,"9,9,14","41,23,15",1,348.0,22,0.1946,4.27055,0.5061,0.0613,207 207 207 207 207 207 207 207 207 207 207 207 311 5 5
122,SIPP_Standard,"9,9,14","41,23,15",1,355.0,25,0.08877,7.77831,1.1565,0.2278,63 63 63 103
123,SIPP_2^2,"18,40,0","28,29,0",1,210.0,142,0.03337,35.35534,7.85398,15.70796,0 1 1 1 1 1 1 0 0 0 0 0 0 0 0 0 1 1 1 0 1
123,SIPP_2^3,"18,40,0","28,29,0",1,163.13708799999998,40,0.01559,24.07888,4.71239,9.42478,1 1 2 2 1 1 1 1 0 1 0 0 1
123,SIPP_2^4,"18,40,0","28,29,0",1,154.229808,21,0.02642,8.05898,1.60875,3.21751,3 3 2 1 1 2 1 2
123,SIPP_2^5,"18,40,0","28,29,0",1,153.33520199999998,15,0.05335,3.84962,0.76786,1.53571,6 6 4 3 2 3
123,SIPP_BigCS,"18,40,8","28,29,9",1,155.0,26,0.38469,5.73251,1.1038,0.2689,65 101 101 177 204
123,SIPP_Standard,"18,40,8","28,29,9",1,230.783846,69,0.19787,7.22812,1.4273,0.1914,-71.784 53 81
124,SIPP_2^2,"22,5,0","11,28,0",1,340.0,357,0.07642,84.85281,18.84956,37.69911,2 2 2 2 2 3 3 2 3 3 2 2 2 2 2 2 3 2 2 2 2 2 2 2 3 3 3 2 3 2 2 3 3 2
124,SIPP_2^3,"22,5,0","11,28,0",1,275.56349599999993,157,0.07302,32.18577,6.28319,12.56637,5 5 5 5 4 4 4 4 4 4 5 4 5 5 5 5 4 4 4 5 4 4 5
124,SIPP_2^4,"22,5,0","11,28,0",1,255.96748,24,0.03299,4.62262,0.9273,1.85459,9 9 9 9 9 9 8 9 9 9 9 9
124,SIPP_2^5,"22,5,0","11,28,0",1,255.229577,17,0.06127,1.41869,0.28379,0.56759,18 18 18 18 18 18 17 18 18 18 18
124,SIPP_BigCS,"22,5,12","11,28,5",1,257.0,48,0.35911,8.71403,1.6099,0.3302,206 206 206 310 72 179 206
124,SIPP_Standard,"22,5,12","11,28,5",1,329.0,402,1.00533,16.21582,3.1381,0.4555,44 16 78 99
125,SIPP_2^2,"41,37,0","26,61,0",1,390.0,510,0.10615,113.13708,25.13274,50.26548,2 3 2 2 3 2 2 2 3 3 3 2 2 3 3 2 3 3 3 2 2 3 2 2 2 2 2 2 2 2 2 3 3 3 2 2 2 3 2
125,SIPP_2^3,"41,37,0","26,61,0",1,302.1320399999999,184,0.07638,15.43549,3.14159,6.28319,5 5 5 5 5 5 5 5 5 5 5 5 5 4 4 4 4 4 5 4 4 4 4 5
125,SIPP_2^4,"41,37,0","26,61,0",1,286.098936,75,0.09337,4.82472,0.96525,1.9305,9 9 9 9 9 10 10 9 9 9 9 10 10 10 10
125,SIPP_2^5,"41,37,0","26,61,0",1,283.41511799999995,28,0.1017,1.86604,0.37307,0.74613,19 19 19 19 18 19 19 18 18
125,SIPP_BigCS,"41,37,12","26,61,2",1,282.0,9,0.22633,4.27753,0.6528,0.0402,206 206 206 206 206 206 222 127
125,SIPP_Standard,"41,37,12","26,61,2",1,319.0,233,0.51191,10.17872,1.9729,0.1836,55 67 39 4
126,SIPP_2^2,"9,20,0","10,3,0",1,180.0,18,0.00344,7.07107,1.5708,3.14159,0 0 0 0 0 0 0 0 0 0 0 0 0 0 0 0 0 1
126,SIPP_2^3,"9,20,0","10,3,0",1,174.142136,17,0.00617,3.82683,0.7854,1.5708,0 0 0 0 0 0 0 0 0 0 0 0 0 0 0 0 1
126,SIPP_2^4,"9,20,0","10,3,0",1,172.36068,16,0.01711,2.29753,0.46365,0.9273,0 0 0 0 0 0 0 0 0 0 0 0 0 0 0 1
126,SIPP_2^5,"9,20,0","10,3,0",1,171.62277699999999,15,0.04432,1.60182,0.32175,0.6435,0 0 0 0 0 0 0 0 0 0 0 0 0 0 1
126,SIPP_BigCS,"9,20,13","10,3,4",1,172.0,15,0.11601,2.36487,0.4708,0.0538,6 6 6 2 58
126,SIPP_Standard,"9,20,13","10,3,4",1,241.0,145,0.14321,11.55118,2.2207,0.3118,77 106 53
127,SIPP_2^2,"24,36,0","12,31,0",1,170.0,67,0.01545,49.49747,10.99557,21.99115,3 0 0 3 3 3 3 3 3 3 0 3 3 3 0 3 0
127,SIPP_2^3,"24,36,0","12,31,0",1,144.52801699999998,38,0.01515,23.83578,4.71239,9.42478,7 -3.817 7 6 6 6 6 7 6 7 6 6 7
127,SIPP_2^4,"24,36,0","12,31,0",1,139.183649,26,0.02872,10.97482,2.17634,4.35268,14 -3.817 14 13 12 12 12 13 12 13
127,SIPP_2^5,"24,36,0","12,31,0",1,136.491108,11,0.03476,5.8471,1.24905,2.49809,0 25 25 25 25
127,SIPP_BigCS,"24,36,1","12,31,5",1,136.626601,20,0.30225,6.00377,1.1466,0.2316,-1.627 322 205 309 7 7
127,SIPP_Standard,"24,36,1","12,31,5",1,237.045197,100,0.33597,11.51907,2.2622,0.3989,-62.045 99 85
128,SIPP_2^2,"49,14,0","22,52,0",1,650.0,1468,0.31386,113.13708,25.13274,50.26548,2 2 2 2 2 2 2 2 2 2 2 2 2 2 2 2 2 2 2 2 2 2 2 2 2 2 2 2 3 2 3 2 3 2 2 2 3 3 3 3 3 3 3 3 3 3 3 3 3 3 3 3 2 3 3 2 3 2 3 3 2 3 3 3 2
128,SIPP_2^3,"49,14,0","22,52,0",1,491.8376719999998,417,0.15783,71.56749,14.13717,28.27433,5 5 5 4 5 4 5 5 4 5 5 5 5 4 4 5 5 5 5 4 5 4 4 5 5 5 4 5 5 5 5 5 4 5 5 4 5 5
128,SIPP_2^4,"49,14,0","22,52,0",1,472.24165599999986,230,0.25876,4.83972,0.96525,1.9305,9 9 9 9 9 9 9 9 10 9 9 9 10 10 10 10 10 10 10 10 10 10 10 10 10 10 10
128,SIPP_2^5,"49,14,0","22,52,0",1,467.321323,92,0.27439,4.94139,0.98698,1.97396,19 19 19 19 19 19 20 19 20 20 20 19 19 19 19 20
128,SIPP_BigCS,"49,14,7","22,52,9",1,466.0,23,0.23907,9.11498,1.627,0.0948,206 206 206 222 103 127 222 127 222
128,SIPP_Standard,"49,14,7","22,52,9",1,468.0,25,0.08692,11.82977,2.2593,0.1685,51 70 51 70 51 78
129,SIPP_2^2,"20,50,0","17,40,0",1,130.0,39,0.00876,35.35534,7.85398,15.70796,0 0 0 0 3 0 0 0 0 3 0 0 3
129,SIPP_2^3,"20,50,0","17,40,0",1,112.42640799999998,25,0.00957,19.45842,3.92699,7.85398,0 0 0 7 0 0 7 0 0 7
129,SIPP_2^4,"20,50,0","17,40,0",1,107.08203999999999,20,0.02603,2.34408,0.46365,0.9273,15 15 15 0 0 0 0
129,SIPP_2^5,"20,50,0","17,40,0",1,104.868331,7,0.03514,3.23301,0.6435,1.287,31 31 0 31
129,SIPP_BigCS,"20,50,2","17,40,4",1,106.0,13,0.16404,2.73576,0.5061,0.0613,202 306 6 6
129,SIPP_Standard,"20,50,2","17,40,4",1,423.0,1641,2.93023,30.73168,5.9532,1.0726,34 107 42 84 25
130,SIPP_2^2,"40,45,0","54,11,0",1,480.0,681,0.14457,35.35534,7.85398,15.70796,0 0 0 0 0 0 0 0 0 0 0 0 0 0 0 0 0 0 0 0 0 0 0 0 0 0 0 0 0 1 1 1 1 1 1 1 1 1 1 1 1 0 0 1 0 0 0 1
130,SIPP_2^3,"40,45,0","54,11,0",1,397.9899039999999,353,0.15362,19.47249,3.92699,7.85398,0 0 0 0 0 0 0 0 0 0 0 0 0 0 0 0 1 1 1 1 1 1 1 1 1 1 1 1 0 1 0 0 0 1
130,SIPP_2^4,"40,45,0","54,11,0",1,373.04952,133,0.16465,6.98997,1.39094,2.78189,1 1 1 1 1 1 1 1 1 1 1 1 0 0 1 1 0 0 0 0
130,SIPP_2^5,"40,45,0","54,11,0",1,368.6221019999999,66,0.21044,3.54816,0.70949,1.41897,2 1 2 2 2 2 2 2 1 1 1 1 2 1
130,SIPP_BigCS,"40,45,7","54,11,12",1,368.0,41,0.31183,6.49608,0.9769,0.1151,204 204 204 204 204 204 204 204 204 204 204 308 58
130,SIPP_Standard,"40,45,7","54,11,12",1,403.0,482,1.16099,6.02087,1.1673,0.148,2 2 22 29 53
131,SIPP_2^2,"34,30,0","45,58,0",1,390.0,437,0.08476,35.35534,7.85398,15.70796,2 2 2 2 2 2 2 2 2 2 2 2 2 2 2 2 2 2 2 2 2 2 2 2 1 1 1 2 2 2 1 1 1 1 1 1 1 2 1
131,SIPP_2^3,"34,30,0","45,58,0",1,325.56349599999993,238,0.08726,36.12697,7.06858,14.13717,4 4 4 4 4 4 4 4 4 4 4 3 3 3 3 3 3 4 3 3 4 3 4 4 3 4 4 3
131,SIPP_2^4,"34,30,0","45,58,0",1,305.96747999999997,101,0.10271,11.64149,2.31824,4.63648,7 7 7 7 7 7 7 7 8 7 7 8 7 8 8 8 8
131,SIPP_2^5,"34,30,0","45,58,0",1,301.540062,41,0.14218,2.83857,0.56759,1.13518,15 14 14 15 14 14 14 15 15 15 15
131,SIPP_BigCS,"34,30,15","45,58,2",1,302.0,40,0.33012,6.0775,0.9769,0.1151,200 200 200 200 200 200 200 200 304 28
131,SIPP_Standard,"34,30,15","45,58,2",1,318.0,107,0.29278,9.3562,1.819,0.2268,0 8 52 72
132,SIPP_2^2,"57,39,0","15,17,0",1,643.334751,1411,0.29183,205.06097,45.55309,91.10619,3 3 3 0 0 0 3 0 0 3 3 3 3 0 0 0 3 3 3 3 0 0 3 3 0 3 0 3 0 3 3 3 3 3 0 3 3 0 3 3 0 0 3 3 3 3 3 3 3 3 3 3 0 3 3 0 3 3 3 0 3 0 3 -3.335 0
132,SIPP_2^3,"57,39,0","15,17,0",1,511.12699199999986,564,0.22491,71.74328,14.13717,28.27433,7 6 6 7 6 6 6 6 6 6 6 7 7 6 7 7 6 7 7 7 7 6 6 6 7 7 7 6 7 7 7 7 7 6 7 6 7 7 6 6 6 7
132,SIPP_2^4,"57,39,0","15,17,0",1,475.497872,73,0.08539,4.85003,0.96525,1.9305,13 13 13 13 13 13 13 13 13 13 13 13 13 13 13 13 13 13 13 14 13 14
132,SIPP_2^5,"57,39,0","15,17,0",1,474.603266,59,0.18652,0.62204,0.12436,0.24871,26 26 26 26 26 26 26 26 26 26 26 26 26 26 26 26 26 26 27 27
132,SIPP_BigCS,"57,39,13","15,17,0",1,472.0,12,0.18432,6.00483,0.6405,0.1703,197 197 197 205 205 205 205 205 205 205 205 325
132,SIPP_Standard,"57,39,13","15,17,0",1,484.0,166,0.52466,14.27902,2.5946,0.2764,50 61 69 38 23 50
133,SIPP_2^2,"62,18,0","26,2,0",1,520.0,750,0.15415,77.78175,17.27876,34.55752,3 3 3 3 3 3 3 3 3 3 3 3 3 3 3 3 3 3 3 3 3 3 3 3 3 3 3 3 3 3 0 0 3 3 0 0 0 0 0 0 0 0 3 0 3 0 0 0 3 0 3 0
133,SIPP_2^3,"62,18,0","26,2,0",1,426.2741759999999,395,0.1628,42.95174,8.63938,17.27876,7 7 7 7 7 7 7 7 7 7 7 6 6 6 6 6 6 6 7 6 6 7 6 6 6 6 7 6 7 6 7 6 6 6 6 6
133,SIPP_2^4,"62,18,0","26,2,0",1,397.77088,111,0.1297,13.98376,2.78189,5.56377,13 13 13 13 13 13 12 12 13 13 13 13 13 13 13 13 12 13 12 13
133,SIPP_2^5,"62,18,0","26,2,0",1,394.81926799999997,69,0.22685,2.12914,0.42569,0.85138,26 26 26 26 26 26 26 26 25 26 26 26 26 25 25 25
133,SIPP_BigCS,"62,18,5","26,2,4",1,392.0,24,0.17093,4.5496,0.5061,0.0613,205 205 205 205 205 205 205 205 205 205 205 205 205 205 309 7 7
133,SIPP_Standard,"62,18,5","26,2,4",1,406.0,128,0.22896,8.19276,1.4273,0.1284,50 61 69 38 3
134,SIPP_2^2,"23,27,0","50,50,0",1,500.0,875,0.18897,106.06602,23.56194,47.12389,2 2 2 2 2 2 2 2 2 2 2 2 2 1 1 1 2 2 1 1 1 1 1 2 1 1 1 2 1 2 1 2 2 1 1 1 1 1 1 1 2 2 1 1 1 1 1 1 2 1
134,SIPP_2^3,"23,27,0","50,50,0",1,379.41126399999985,275,0.09534,16.09069,3.14159,6.28319,3 3 3 3 3 3 3 3 3 3 3 3 3 3 3 3 3 3 4 3 3 3 3 3 2 2 2 1
134,SIPP_2^4,"23,27,0","50,50,0",1,363.48767199999986,191,0.18518,7.22591,1.4289,2.8578,6 6 6 6 6 6 6 6 6 6 6 6 6 6 6 6 6 5 6 6 6 6 6 4 4 4
134,SIPP_2^5,"23,27,0","50,50,0",1,362.7497689999999,196,0.52363,3.96009,0.7854,1.5708,12 12 12 12 12 12 12 12 12 12 12 12 12 12 12 12 12 12 12 12 12 12 9 8 8
134,SIPP_BigCS,"23,27,15","50,50,13",1,359.0,434,3.3278,3.89807,0.7843,0.0937,100 100 100 100 100 100 100 100 100 100 100 100 100 100 100 100 100 100 100 100 128
134,SIPP_Standard,"23,27,15","50,50,13",1,410.0,526,1.14075,16.23406,3.1154,0.3628,48 95 17 87 4
135,SIPP_2^2,"22,58,0","24,51,0",1,90.0,18,0.00476,21.2132,4.71239,9.42478,0 0 0 0 0 1 0 0 1
135,SIPP_2^3,"22,58,0","24,51,0",1,78.28427199999999,12,0.00637,11.59279,2.35619,4.71239,0 0 0 1 0 0 1
135,SIPP_2^4,"22,58,0","24,51,0",1,74.72136,8,0.01241,6.94722,1.39094,2.78189,0 1 0 0 1
135,SIPP_2^5,"22,58,0","24,51,0",1,73.245554,4,0.0169,3.22267,0.6435,1.287,1 0 1
135,SIPP_BigCS,"22,58,8","24,51,0",1,74.0,4,0.13602,2.36385,0.463,0.0399,86
135,SIPP_Standard,"22,58,8","24,51,0",1,80.0,1,0.03691,6.1946,1.2472,0.2589,33
136,SIPP_2^2,"6,2,0","45,53,0",1,900.0,2347,0.49645,183.84776,40.8407,81.68141,1 1 1 1 1 1 1 1 1 1 1 1 1 1 1 1 1 1 1 1 1 1 2 2 2 1 1 2 1 1 2 1 2 2 2 1 1 2 2 2 2 2 2 2 2 2 2 2 2 2 2 2 2 2 2 2 2 1 1 2 2 1 2 1 2 2 2 2 2 2 2 2 2 2 2 2 1 2 2 1 2 1 2 2 2 1 2 1 2 1
136,SIPP_2^3,"6,2,0","45,53,0",1,671.5433039999999,673,0.25169,24.21518,4.71239,9.42478,3 3 3 3 3 3 3 3 3 3 3 3 3 3 3 3 3 3 3 3 3 3 3 3 3 3 3 3 3 3 3 3 3 3 3 3 4 3 4 4 3 4 4 4 4 4 4 4 4 4 3
136,SIPP_2^4,"6,2,0","45,53,0",1,650.1658319999999,339,0.34974,8.06378,1.60875,3.21751,6 6 6 6 6 6 6 6 6 6 6 6 6 6 6 6 6 6 6 6 6 6 6 6 7 7 7 7 7 7 6 6 7 7 6 7 7 7 7
136,SIPP_2^5,"6,2,0","45,53,0",1,644.7981960000001,151,0.43622,5.92544,1.18437,2.36875,12 12 12 13 12 12 12 12 12 12 12 12 12 13 13 13 13 13 13 13 12 12 13 13 13 13 12
136,SIPP_BigCS,"6,2,1","45,53,5",1,642.0,55,0.40387,12.52254,2.2904,0.1466,248 100 100 100 100 100 100 152 200 200 216 152 216 152 216
136,SIPP_Standard,"6,2,1","45,53,5",1,644.0,14,0.04555,10.17667,1.929,0.1041,28 28 52 64 52 64 52 64
137,SIPP_2^2,"42,2,0","29,24,0",1,350.0,372,0.08262,42.42641,9.42478,18.84956,3 3 3 3 3 3 3 3 3 3 2 2 2 2 2 2 2 2 2 2 2 2 2 2 2 2 3 2 2 2 2 2 3 2 3
137,SIPP_2^3,"42,2,0","29,24,0",1,273.8477679999999,157,0.07186,15.82838,3.14159,6.28319,5 5 5 5 5 5 5 5 5 5 5 4 4 4 4 4 4 4 5 4 4 5
137,SIPP_2^4,"42,2,0","29,24,0",1,257.814664,54,0.06902,8.06193,1.60875,3.21751,9 9 9 9 10 9 9 10 9 9 9 10 10
137,SIPP_2^5,"42,2,0","29,24,0",1,256.025452,30,0.09796,0.62169,0.12436,0.24871,18 18 18 18 18 19 19 19 19
137,SIPP_BigCS,"42,2,6","29,24,2",1,254.0,11,0.10308,2.67342,0.3214,0.0144,206 206 206 206 206 206 206 222 103
137,SIPP_Standard,"42,2,6","29,24,2",1,258.0,11,0.03285,4.53641,0.6517,0.0788,62 62 78
138,SIPP_2^2,"34,31,0","8,8,0",1,490.0,835,0.17127,127.27922,28.27433,56.54867,0 0 0 0 0 0 0 0 0 0 0 0 3 0 3 0 0 3 3 3 3 3 3 3 3 0 3 0 3 3 3 3 3 3 3 0 3 0 3 3 0 0 3 3 0 3 3 3 0
138,SIPP_2^3,"34,31,0","8,8,0",1,355.26912799999985,121,0.04927,7.85902,1.5708,3.14159,7 7 7 7 7 7 7 7 7 7 7 7 7 7 7 7 6 6 6 7 7 7 7 7 7 7
138,SIPP_2^4,"34,31,0","8,8,0",1,349.9247599999999,95,0.11052,3.21951,0.6435,1.287,14 14 14 14 14 14 14 14 14 14 14 14 14 14 13 13 13 14 14 14 14 14 14
138,SIPP_2^5,"34,31,0","8,8,0",1,348.5828509999999,75,0.25085,4.93598,0.98698,1.97396,27 28 27 28 28 27 28 28 28 28 28 28 28 28 28 28 28 28 28 28
138,SIPP_BigCS,"34,31,14","8,8,13",1,346.0,20,0.2326,3.45046,0.6528,0.0402,102 102 102 102 102 102 102 102 102 102 102 102 102 102 126 221
138,SIPP_Standard,"34,31,14","8,8,13",1,403.0,737,1.45216,15.49734,2.9959,0.4017,43 69 54 66 46
139,SIPP_2^2,"50,59,0","40,11,0",1,600.0,758,0.17362,77.78175,17.27876,34.55752,2 3 3 0 0 0 0 0 0 0 0 0 0 0 0 0 0 0 3 3 0 0 0 0 0 0 0 0 0 0 0 0 0 0 3 3 3 0 0 0 0 0 0 3 0 0 0 0 0 0 0 0 0 0 0 0 3 0 0 3
139,SIPP_2^3,"50,59,0","40,11,0",1,541.4213599999999,463,0.19061,63.62117,12.56637,25.13274,5 7 0 0 0 0 0 0 0 0 0 0 0 7 0 7 0 7 0 0 0 0 0 7 7 0 0 0 0 0 0 0 0 0 0 0 0 0 0 0 0 0 0 0 7 0 7 0 0 7
139,SIPP_2^4,"50,59,0","40,11,0",1,527.169712,338,0.40678,37.01263,7.45632,14.91264,10 14 15 0 15 0 0 15 0 0 0 0 15 0 0 15 0 0 0 0 0 0 0 0 0 0 0 0 0 0 0 0 0 0 15 15 0 0 0 0 0 15
139,SIPP_2^5,"50,59,0","40,11,0",1,521.2664879999999,250,0.80778,19.41543,3.96495,7.92989,20 28 0 0 0 0 0 0 0 0 0 0 0 0 0 0 0 0 0 0 31 31 31 31 31 0 0 31 31 0 0 0 0 31
139,SIPP_BigCS,"50,59,1","40,11,7",1,554.42398,734,3.75674,17.56025,3.4452,0.8039,-4.424 171 79 362 6 6 6 2 6 6 6 6 6 6 6 2 14 306
139,SIPP_Standard,"50,59,1","40,11,7",1,609.161989,100,0.21016,16.58041,3.0589,0.3225,73 -37.162 92 10 54 58 66 54
140,SIPP_2^2,"11,32,0","48,63,0",0,-1,0,0.0,0.0,0.0,0.0,
140,SIPP_2^3,"11,32,0","48,63,0",0,-1,0,0.0,0.0,0.0,0.0,
140,SIPP_2^4,"11,32,0","48,63,0",0,-1,0,0.0,0.0,0.0,0.0,
140,SIPP_2^5,"11,32,0","48,63,0",0,-1,0,0.0,0.0,0.0,0.0,
140,SIPP_BigCS,"11,32,0","48,63,0",0,-1,0,0.0,0.0,0.0,0.0,
140,SIPP_Standard,"11,32,4","48,63,12",0,-1,118780,180.00088,0.0,0.0,0.0,
141,SIPP_2^2,"32,61,0","30,43,0",1,244.00198699999999,159,0.03906,14.14214,3.14159,6.28319,0 0 0 3 3 -44.002 0 0 0 0 0 0 0 0 0 0 0 0 0 0 0
141,SIPP_2^3,"32,61,0","30,43,0",1,205.042437,70,0.02786,31.9175,6.28319,12.56637,0 7 7 7 0 0 0 7 0 1 0 0 0 0 1 -0.165 0 -0.012 0 -0.012 0
141,SIPP_2^4,"32,61,0","30,43,0",1,205.042437,114,0.1277,18.78744,3.70918,7.41836,0 0 0 15 0 15 1 0 0 0 15 -15.575 0 -0.012 0 -0.012 0
141,SIPP_2^5,"32,61,0","30,43,0",1,205.042437,117,0.36167,27.45909,5.0721,10.14419,0 31 0 31 0 0 0 0 31 -10.137 0 -0.012 0 -0.012 8 -0.012 0
141,SIPP_BigCS,"32,61,8","30,43,0",1,204.95095,355,2.1211,2.76967,0.5075,0.0551,202 362 6 -20.951 2
141,SIPP_Standard,"32,61,8","30,43,0",1,303.95941100000005,294,0.61292,13.99631,2.6747,0.404,27 -55.959 106 49
142,SIPP_2^2,"52,37,0","34,33,0",1,220.0,102,0.0221,49.49747,10.99557,21.99115,3 3 0 3 3 3 3 3 3 3 3 0 3 3 3 3 3 3 3 0 3 0
142,SIPP_2^3,"52,37,0","34,33,0",1,196.56854399999997,70,0.02898,19.54353,3.92699,7.85398,6 6 6 6 6 6 7 6 6 6 6 6 7 7 6 6 6 7
142,SIPP_2^4,"52,37,0","34,33,0",1,189.44272,47,0.06095,11.66698,2.31824,4.63648,12 12 12 12 12 12 12 12 13 13 12 13 12 13
142,SIPP_2^5,"52,37,0","34,33,0",1,186.491108,32,0.11947,6.45704,1.287,2.574,25 24 24 24 25 25 24 24 24 25
142,SIPP_BigCS,"52,37,8","34,33,10",1,188.0,80,0.46663,4.95204,0.9691,0.1012,7 7 7 7 7 87 309
142,SIPP_Standard,"52,37,8","34,33,10",1,246.0,138,0.2417,11.44804,2.2203,0.3521,66 34 75
143,SIPP_2^2,"18,12,0","38,5,0",1,270.0,197,0.04906,63.63961,14.13717,28.27433,1 1 1 1 1 1 1 1 1 1 1 0 1 1 0 0 0 1 0 1 1 1 1 0 1 1 0
143,SIPP_2^3,"18,12,0","38,5,0",1,228.99495199999996,114,0.05503,27.76387,5.49779,10.99557,2 2 2 2 2 2 2 1 2 1 1 1 1 2 2 2 1 2 2 1
143,SIPP_2^4,"18,12,0","38,5,0",1,216.52476,58,0.07614,9.31077,1.85459,3.70918,3 3 3 4 3 3 3 4 4 4 4 4 3
143,SIPP_2^5,"18,12,0","38,5,0",1,212.09734199999997,13,0.04372,1.41904,0.28379,0.56759,7 7 7 7 7 6 7
143,SIPP_BigCS,"18,12,0","38,5,14",1,214.0,41,0.25253,5.51939,0.9769,0.1151,201 201 201 201 305 29
143,SIPP_Standard,"18,12,0","38,5,14",1,238.0,72,0.14292,9.88355,1.8902,0.2936,32 65 53
144,SIPP_2^2,"7,23,0","24,16,0",1,240.0,165,0.03552,70.71068,15.70796,31.41593,1 1 0 1 1 1 1 0 1 1 1 0 0 0 1 1 1 1 1 1 0 1 0 1
144,SIPP_2^3,"7,23,0","24,16,0",1,198.99495199999996,89,0.04109,19.69392,3.92699,7.85398,2 2 2 2 2 2 1 2 2 2 1 1 1 1 1 2 1
144,SIPP_2^4,"7,23,0","24,16,0",1,186.52476,34,0.04873,4.62262,0.9273,1.85459,3 3 3 3 3 3 4 4 4 3
144,SIPP_2^5,"7,23,0","24,16,0",1,184.31105100000002,19,0.07746,2.12952,0.42569,0.85138,6 7 7 6 6 6 7
144,SIPP_BigCS,"7,23,15","24,16,0",1,184.0,10,0.12629,3.29386,0.5061,0.0613,201 201 201 201 201 305 5
144,SIPP_Standard,"7,23,15","24,16,0",1,312.648936,408,0.84478,13.83837,2.6898,0.4476,22 -59.649 41 95
145,SIPP_2^2,"50,39,0","56,44,0",1,110.0,38,0.00883,35.35534,7.85398,15.70796,2 2 2 1 1 2 1 1 1 2 1
145,SIPP_2^3,"50,39,0","56,44,0",1,80.71068,10,0.00453,7.95075,1.5708,3.14159,3 3 3 2 3 3
145,SIPP_2^4,"50,39,0","56,44,0",1,78.929224,9,0.01126,3.229,0.6435,1.287,6 6 6 5 6
145,SIPP_2^5,"50,39,0","56,44,0",1,78.481921,7,0.02223,1.97454,0.39479,0.78958,12 12 11 12
145,SIPP_BigCS,"50,39,10","56,44,1",1,78.0,2,0.10425,1.74352,0.3314,0.0258,100 124
145,SIPP_Standard,"50,39,10","56,44,1",1,80.0,1,0.03493,3.26273,0.6517,0.0788,79
146,SIPP_2^2,"37,18,0","29,52,0",1,420.0,391,0.08529,63.63961,14.13717,28.27433,2 2 2 2 2 2 2 2 2 3 2 3 2 3 3 2 2 2 2 2 2 2 2 2 2 2 2 2 2 2 3 3 3 2 2 2 2 2 2 2 2 3
146,SIPP_2^3,"37,18,0","29,52,0",1,373.13708799999995,259,0.10649,35.85646,7.06858,14.13717,4 4 4 4 5 5 4 4 4 4 4 4 4 5 4 4 5 5 5 4 4 4 4 4 4 4 4 5 4 4 4 4 4 5
146,SIPP_2^4,"37,18,0","29,52,0",1,358.88544,179,0.1566,11.5872,2.31824,4.63648,8 8 8 8 8 8 8 8 8 8 8 8 8 8 9 9 9 9 9 9 8 8 9 8 8 9
146,SIPP_2^5,"37,18,0","29,52,0",1,352.98221599999994,107,0.26147,9.68786,1.9305,3.86101,17 16 16 16 16 16 17 17 16 16 17 17 17 17 16 16 16 17
146,SIPP_BigCS,"37,18,14","29,52,10",1,356.0,420,2.63048,12.78591,2.4613,0.2853,366 4 56 206 310 56 310
146,SIPP_Standard,"37,18,14","29,52,10",1,399.0,691,2.57821,17.7689,3.4592,0.5266,52 104 51 70 35
147,SIPP_2^2,"29,6,0","61,31,0",1,570.0,1071,0.22434,148.49242,32.98672,65.97345,1 1 1 1 1 1 1 1 1 1 1 1 1 1 1 1 1 1 1 1 2 1 1 2 2 2 1 2 1 2 2 2 1 2 2 2 1 2 2 2 2 1 2 2 1 1 2 1 2 1 2 2 2 2 2 1 2
147,SIPP_2^3,"29,6,0","61,31,0",1,423.55339999999984,262,0.1223,39.43422,7.85398,15.70796,3 3 3 3 3 3 3 3 3 3 3 3 3 2 3 2 3 3 2 2 3 3 3 3 3 2 3 3 3 2 2 3
147,SIPP_2^4,"29,6,0","61,31,0",1,411.0832079999999,170,0.22486,16.12199,3.21751,6.43501,6 6 5 5 5 6 6 6 6 6 5 6 5 6 6 5 6 6 6 6 5 6 6 6 6
147,SIPP_2^5,"29,6,0","61,31,0",1,407.9520869999999,107,0.38561,2.96128,0.59219,1.18437,11 11 12 11 11 11 11 11 12 12 12 12 12 12 12 12 12 12
147,SIPP_BigCS,"29,6,15","61,31,11",1,406.0,35,0.28765,6.87553,1.2958,0.0749,100 100 100 100 100 100 176 223 100 124 223
147,SIPP_Standard,"29,6,15","61,31,11",1,411.0,57,0.12708,5.73555,0.9733,0.0991,28 28 48 63 79
148,SIPP_2^2,"16,2,0","1,62,0",1,750.0,1320,0.26611,84.85281,18.84956,37.69911,2 2 2 2 2 2 2 2 2 2 2 3 3 3 3 3 2 2 2 2 2 2 2 2 3 3 3 2 2 2 2 2 2 2 2 2 3 2 2 2 3 2 2 2 2 2 2 2 2 2 2 2 2 2 2 2 2 2 2 2 2 2 2 2 2 2 3 3 2 2 2 3 3 3 2
148,SIPP_2^3,"16,2,0","1,62,0",1,662.13204,843,0.30157,51.23947,10.21018,20.42035,5 5 5 5 5 5 5 5 5 4 4 4 4 4 4 4 4 4 4 4 4 5 4 4 4 4 5 4 4 4 5 4 4 4 4 4 4 4 5 4 4 5 4 4 4 5 4 4 4 4 4 4 4 4 4 4 4 4 4 4
148,SIPP_2^4,"16,2,0","1,62,0",1,635.4102,504,0.51288,13.93512,2.78189,5.56377,9 9 9 9 9 9 9 9 9 9 9 8 8 9 8 8 8 8 8 8 8 8 8 8 8 8 8 8 8 8 8 9 9 8 8 8 8 8 8 8 8 8 8 8 9
148,SIPP_2^5,"16,2,0","1,62,0",1,624.3416549999998,287,0.79169,4.84525,0.96525,1.9305,17 17 17 17 17 17 17 17 17 17 17 17 17 16 16 16 16 16 16 17 17 16 16 16 16 16 16 16 16 16
148,SIPP_BigCS,"16,2,9","1,62,14",1,630.0,1598,7.78788,14.03379,2.5347,0.2929,206 206 206 206 206 206 310 4 4 4 4 4 40 206 310 4 4 4 4 4 4 4 4 4 56 310
148,SIPP_Standard,"16,2,9","1,62,14",1,643.0,401,0.55381,15.27397,2.9315,0.357,20 51 94 0 0 0 20 51
149,SIPP_2^2,"8,1,0","4,62,0",1,650.0,391,0.08921,42.42641,9.42478,18.84956,2 2 2 2 2 2 2 2 2 2 2 2 2 2 2 2 2 2 2 2 2 2 2 2 2 2 2 2 2 2 2 2 2 2 2 2 2 2 2 3 2 2 2 2 2 2 3 2 2 2 2 2 2 2 2 2 2 2 2 2 2 2 3 3 2
149,SIPP_2^3,"8,1,0","4,62,0",1,626.568544,331,0.12442,15.78728,3.14159,6.28319,4 4 4 4 4 4 4 4 4 4 4 4 4 4 4 4 4 4 4 4 4 4 4 4 4 4 4 4 4 4 4 4 4 4 4 4 4 4 4 4 4 4 4 4 5 5 5 4 4 5 4 4 4 4 4 4 4 4 4 4 4
149,SIPP_2^4,"8,1,0","4,62,0",1,619.44272,281,0.29586,11.63538,2.31824,4.63648,8 8 8 8 8 8 8 8 8 8 8 8 8 8 8 8 8 8 8 8 8 8 8 8 8 8 8 8 8 8 8 8 8 8 8 8 8 8 8 8 8 8 8 8 8 8 8 8 8 8 8 9 8 9 9 8 9
149,SIPP_2^5,"8,1,0","4,62,0",1,616.4911079999999,250,0.68391,12.90523,2.574,5.14801,16 16 16 16 16 16 16 16 16 16 16 16 16 16 17 16 17 16 16 16 16 16 16 16 16 16 17 16 16 16 16 16 16 16 16 16 16 16 16 16 16 16 16 16 17 16 16 16 16 16 16 16 16
149,SIPP_BigCS,"8,1,4","4,62,11",1,618.0,911,4.68536,7.58295,1.4844,0.1702,366 4 4 4 4 4 4 0 4 4 4 4 4 4 4 4 4 0 0 4 4 4 56 310
149,SIPP_Standard,"8,1,4","4,62,11",1,648.0,848,1.24648,17.82294,3.4131,0.5529,51 110 40 94 0 0 0 0
150,SIPP_2^2,"45,32,0","1,43,0",1,550.0,731,0.22953,49.49747,10.99557,21.99115,3 3 3 3 3 3 3 3 3 3 3 3 3 3 3 3 3 3 3 3 3 3 3 3 3 3 3 3 3 3 3 3 3 3 3 3 3 3 3 3 2 2 2 2 2 2 2 3 3 2 2 3 2 3 2
150,SIPP_2^3,"45,32,0","1,43,0",1,485.56349599999993,431,0.1392,35.97372,7.06858,14.13717,6 6 6 6 6 6 6 6 6 6 5 5 5 6 5 5 6 5 5 5 6 6 6 6 6 6 6 5 5 6 6 6 6 6 6 6 6 6 6 6 6 6 6 5
150,SIPP_2^4,"45,32,0","1,43,0",1,469.389273,339,0.31352,13.90352,2.78189,5.56377,12 11 11 11 11 11 11 12 11 11 11 12 12 12 12 12 12 11 -2.896 11 -0.526 12 12 12 12 12 12 12 12 12 12 12 12 12 12
150,SIPP_2^5,"45,32,0","1,43,0",1,468.2185829999999,337,0.90277,5.89181,1.18019,2.36038,24 24 24 24 24 24 24 24 24 24 24 24 24 24 24 24 24 24 24 24 23 23 23 23 23 23 20 20 21 20
150,SIPP_BigCS,"45,32,3","1,43,13",1,469.0,1586,11.27683,11.23493,1.8957,0.2903,83 203 203 203 203 203 203 203 203 203 203 379 365 7 7 7 7 7
150,SIPP_Standard,"45,32,3","1,43,13",1,485.0,482,0.97826,9.19335,1.7642,0.209,91 3 3 3 11 51
151,SIPP_2^2,"11,47,0","36,44,0",1,280.0,112,0.02725,28.28427,6.28319,12.56637,1 1 1 1 1 1 1 1 1 1 1 1 1 1 1 1 1 1 1 1 1 0 1 1 1 0 0 1
151,SIPP_2^3,"11,47,0","36,44,0",1,262.426408,85,0.03627,11.69247,2.35619,4.71239,2 2 2 2 2 2 2 2 2 2 2 2 2 2 2 2 2 2 2 2 1 1 2 2 1
151,SIPP_2^4,"11,47,0","36,44,0",1,257.08204,69,0.08813,11.62852,2.31824,4.63648,4 4 4 4 4 4 4 4 4 4 4 4 4 3 4 4 4 4 3 4 4 3
151,SIPP_2^5,"11,47,0","36,44,0",1,255.091497,71,0.25995,6.44167,1.287,2.574,8 8 7 8 8 7 7 -0.101 8 -0.106 8 -0.013 8 8 8 8 8 8 8 8 -0.003 8 8
151,SIPP_BigCS,"11,47,7","36,44,2",1,256.0,129,0.98699,7.4433,1.4491,0.1627,29 361 5 5 5 5 5 5 29
151,SIPP_Standard,"11,47,7","36,44,2",1,330.0,421,1.07553,12.33253,2.2207,0.3118,76 57 105 52
152,SIPP_2^2,"28,29,0","39,58,0",1,445.030172,669,0.14058,77.78175,17.27876,34.55752,2 2 2 2 2 2 2 2 2 2 2 1 -45.006 2 -0.012 2 -0.012 2 2 1 1 1 1 1 2 2 1 2 2 2 2 2 1 1 2 2 2 2 1 2 2 2 1
152,SIPP_2^3,"28,29,0","39,58,0",1,335.56349599999993,233,0.08058,36.01261,7.06858,14.13717,4 4 4 4 4 4 4 4 4 3 3 3 3 4 3 4 3 3 3 3 4 4 4 4 4 3 4 4 3
152,SIPP_2^4,"28,29,0","39,58,0",1,315.96747999999997,113,0.11174,11.6369,2.31824,4.63648,7 7 7 7 7 7 7 7 7 8 8 7 8 7 8 8 8 8
152,SIPP_2^5,"28,29,0","39,58,0",1,310.80215899999996,39,0.11667,4.26078,0.85138,1.70276,15 15 15 14 15 15 14 14 15 14 15
152,SIPP_BigCS,"28,29,10","39,58,14",1,312.0,71,0.68485,8.24601,1.4752,0.1625,200 200 200 200 200 304 80 304
152,SIPP_Standard,"28,29,10","39,58,14",1,323.0,80,0.19588,14.44031,2.7973,0.3694,8 44 8 52
153,SIPP_2^2,"16,13,0","15,53,0",1,430.0,178,0.05413,42.42641,9.42478,18.84956,2 2 2 2 2 2 2 2 2 2 2 2 2 2 2 2 2 2 2 2 2 1 2 2 2 2 2 2 2 2 2 2 2 2 2 2 3 2 2 2 2 3 2
153,SIPP_2^3,"16,13,0","15,53,0",1,412.426408,165,0.06895,19.45842,3.92699,7.85398,4 4 4 4 4 4 4 4 4 4 4 4 4 4 4 4 4 4 4 4 4 4 4 4 4 4 4 4 4 4 3 4 5 4 4 4 4 4 4 5
153,SIPP_2^4,"16,13,0","15,53,0",1,407.08204,148,0.18021,11.62852,2.31824,4.63648,8 8 8 8 8 8 8 8 8 8 8 8 8 8 8 8 8 8 8 8 8 8 8 8 8 8 8 8 8 7 8 8 9 8 8 8 9
153,SIPP_2^5,"16,13,0","15,53,0",1,404.86833099999996,133,0.46896,8.05749,1.60875,3.21751,16 16 16 16 16 16 16 16 16 16 16 16 16 16 16 16 16 16 16 16 16 16 16 16 15 16 16 16 16 16 17 16 16 17
153,SIPP_BigCS,"16,13,4","15,53,13",1,406.0,450,3.64361,4.98431,0.9705,0.095,360 4 4 4 4 4 0 4 4 4 4 4 0 84
153,SIPP_Standard,"16,13,4","15,53,13",1,416.0,73,0.20692,8.94829,1.7394,0.1772,88 0 0 16 94
154,SIPP_2^2,"9,40,0","3,63,0",0,-1,0,0.0,0.0,0.0,0.0,
154,SIPP_2^3,"9,40,0","3,63,0",0,-1,0,0.0,0.0,0.0,0.0,
154,SIPP_2^4,"9,40,0","3,63,0",0,-1,0,0.0,0.0,0.0,0.0,
154,SIPP_2^5,"9,40,0","3,63,0",0,-1,0,0.0,0.0,0.0,0.0,
154,SIPP_BigCS,"9,40,0","3,63,0",0,-1,0,0.0,0.0,0.0,0.0,
154,SIPP_Standard,"9,40,0","3,63,10",0,-1,118843,180.00112,0.0,0.0,0.0,
155,SIPP_2^2,"14,36,0","51,39,0",1,410.404915,254,0.06072,21.2132,4.71239,9.42478,1 1 1 -10.095 1 -0.310 1 1 1 1 1 1 1 1 1 1 1 1 1 1 1 1 1 1 1 1 1 1 1 1 1 1 1 1 1 1 2 2 1 1 1 2
155,SIPP_2^3,"14,36,0","51,39,0",1,390.71067999999997,183,0.06473,35.42857,7.06858,14.13717,2 1 2 2 2 2 2 2 2 2 2 2 2 2 2 2 2 2 2 2 2 2 2 2 2 2 2 2 3 2 2 3 2 2 3 2 3
155,SIPP_2^4,"14,36,0","51,39,0",1,381.8034,137,0.13904,16.31667,3.24553,6.49107,4 4 3 4 4 4 4 4 4 4 4 4 4 4 4 4 4 4 4 4 4 4 4 4 4 5 4 5 4 4 5 5
155,SIPP_2^5,"14,36,0","51,39,0",1,378.1138849999999,109,0.30902,11.28422,2.25225,4.50451,8 8 7 8 8 8 8 8 8 8 8 8 8 8 9 8 8 8 8 8 8 9 9 8 8 8 9
155,SIPP_BigCS,"14,36,9","51,39,10",1,380.0,312,2.16001,9.73517,1.903,0.2373,313 311 5 5 5 5 5 5 5 5 5 1 57
155,SIPP_Standard,"14,36,9","51,39,10",1,401.0,138,0.37356,10.23102,1.9816,0.2277,45 1 1 17 79
156,SIPP_2^2,"49,51,0","53,35,0",1,200.0,90,0.02978,21.2132,4.71239,9.42478,0 0 0 0 0 0 0 0 0 0 0 0 0 0 0 1 1 0 1 1
156,SIPP_2^3,"49,51,0","53,35,0",1,194.653699,137,0.05994,15.56816,3.14159,6.28319,0 0 0 0 0 0 0 0 0 0 0 1 0 0 1 -12.227 1 2
156,SIPP_2^4,"49,51,0","53,35,0",1,193.7438,150,0.18768,7.8727,1.5708,3.14159,0 0 0 0 0 0 0 0 0 0 0 0 0 1 -9.022 3 4
156,SIPP_2^5,"49,51,0","53,35,0",1,193.39402,148,0.51055,9.57042,1.89255,3.78509,0 0 0 0 0 0 0 0 0 0 1 0 0 -10.148 7
156,SIPP_BigCS,"49,51,0","53,35,3",1,193.06474,690,4.1331,8.37454,1.6493,0.4365,6 6 6 6 6 6 42 -12.065 332
156,SIPP_Standard,"49,51,0","53,35,3",1,241.0,138,0.33454,14.4177,2.8162,0.4919,54 106 41
157,SIPP_2^2,"7,25,0","16,2,0",1,320.0,292,0.05601,63.63961,14.13717,28.27433,0 0 0 0 0 0 0 0 0 0 0 0 0 0 0 0 0 0 0 1 1 0 1 1 0 1 0 1 1 1 0 1
157,SIPP_2^3,"7,25,0","16,2,0",1,267.27922399999994,160,0.06539,35.66551,7.06858,14.13717,0 0 0 0 0 0 0 0 1 0 0 1 1 0 1 0 1 1 1 1 0 0 1
157,SIPP_2^4,"7,25,0","16,2,0",1,251.24612,67,0.0802,13.93771,2.78189,5.56377,1 1 1 1 1 0 1 0 0 0 1 1 0 1
157,SIPP_2^5,"7,25,0","16,2,0",1,247.55660499999993,29,0.10701,2.12883,0.42569,0.85138,2 2 2 1 1 1 2 1 1
157,SIPP_BigCS,"7,25,4","16,2,6",1,248.0,23,0.14507,3.69604,0.5075,0.0551,204 204 204 204 204 204 204 204 364
157,SIPP_Standard,"7,25,4","16,2,6",1,255.0,32,0.06176,7.69565,1.4639,0.1306,92 18 68
158,SIPP_2^2,"13,26,0","63,20,0",0,-1,0,0.0,0.0,0.0,0.0,
158,SIPP_2^3,"13,26,0","63,20,0",0,-1,0,0.0,0.0,0.0,0.0,
158,SIPP_2^4,"13,26,0","63,20,0",0,-1,0,0.0,0.0,0.0,0.0,
158,SIPP_2^5,"13,26,0","63,20,0",0,-1,0,0.0,0.0,0.0,0.0,
158,SIPP_BigCS,"13,26,0","63,20,0",0,-1,0,0.0,0.0,0.0,0.0,
158,SIPP_Standard,"13,26,10","63,20,12",0,-1,118855,180.00024,0.0,0.0,0.0,
159,SIPP_2^2,"4,0,0","26,7,0",0,-1,0,0.0,0.0,0.0,0.0,
159,SIPP_2^3,"4,0,0","26,7,0",0,-1,0,0.0,0.0,0.0,0.0,
159,SIPP_2^4,"4,0,0","26,7,0",0,-1,0,0.0,0.0,0.0,0.0,
159,SIPP_2^5,"4,0,0","26,7,0",0,-1,0,0.0,0.0,0.0,0.0,
159,SIPP_BigCS,"4,0,0","26,7,0",0,-1,0,0.0,0.0,0.0,0.0,
159,SIPP_Standard,"4,0,3","26,7,0",0,-1,0,1e-05,0.0,0.0,0.0,
160,SIPP_2^2,"63,5,0","50,32,0",0,-1,0,0.0,0.0,0.0,0.0,
160,SIPP_2^3,"63,5,0","50,32,0",0,-1,0,0.0,0.0,0.0,0.0,
160,SIPP_2^4,"63,5,0","50,32,0",0,-1,0,0.0,0.0,0.0,0.0,
160,SIPP_2^5,"63,5,0","50,32,0",0,-1,0,0.0,0.0,0.0,0.0,
160,SIPP_BigCS,"63,5,0","50,32,0",0,-1,0,0.0,0.0,0.0,0.0,
160,SIPP_Standard,"63,5,13","50,32,3",0,-1,0,1e-05,0.0,0.0,0.0,
161,SIPP_2^2,"36,24,0","32,4,0",1,240.0,114,0.02843,28.28427,6.28319,12.56637,0 0 0 0 0 0 0 0 0 0 0 0 0 0 0 0 0 3 3 0 0 3 3 0
161,SIPP_2^3,"36,24,0","32,4,0",1,216.56854399999997,81,0.03643,11.77758,2.35619,4.71239,0 0 0 0 0 7 7 7 0 0 0 0 0 0 0 0 0 0 0 7
161,SIPP_2^4,"36,24,0","32,4,0",1,209.44272,57,0.07217,6.98569,1.39094,2.78189,0 0 0 0 0 0 0 0 0 0 15 15 15 0 0 15
161,SIPP_2^5,"36,24,0","32,4,0",1,206.491108,40,0.1367,4.83619,0.96525,1.9305,0 0 0 0 0 0 0 31 31 31 0 31
161,SIPP_BigCS,"36,24,0","32,4,1",1,208.0,103,0.92372,7.58295,1.4844,0.1702,362 6 30 306
161,SIPP_Standard,"36,24,0","32,4,1",1,257.0,135,0.32857,14.4341,2.8078,0.4541,18 100 82
162,SIPP_2^2,"29,8,0","7,27,0",1,410.0,589,0.13129,84.85281,18.84956,37.69911,2 2 2 2 2 2 2 2 2 3 3 2 2 3 3 3 3 3 3 3 2 2 3 2 3 2 2 3 3 3 3 2 2 3 3 3 3 3 3 3 2
162,SIPP_2^3,"29,8,0","7,27,0",1,298.7005839999999,97,0.04876,8.0151,1.5708,3.14159,5 5 5 5 5 5 5 5 5 5 5 5 5 5 5 5 5 5 6 6 6 5
162,SIPP_2^4,"29,8,0","7,27,0",1,293.3562159999999,75,0.10932,6.44305,1.287,2.57401,10 10 10 10 10 10 10 10 10 10 10 10 10 10 11 10 11 11 10
162,SIPP_2^5,"29,8,0","7,27,0",1,292.0143069999999,57,0.22895,3.94798,0.78958,1.57916,20 20 20 20 20 20 20 20 20 20 20 21 21 20 21 20
162,SIPP_BigCS,"29,8,12","7,27,6",1,290.0,16,0.17275,3.45046,0.6528,0.0402,103 103 103 103 103 103 103 103 103 103 155 219
162,SIPP_Standard,"29,8,12","7,27,6",1,324.0,179,0.37973,13.99648,2.7359,0.4213,20 55 67 43
163,SIPP_2^2,"48,12,0","45,26,0",1,170.0,57,0.01335,35.35534,7.85398,15.70796,2 2 2 2 2 2 2 2 2 2 3 2 2 3 2 2 3
163,SIPP_2^3,"48,12,0","45,26,0",1,152.42640799999998,41,0.01786,11.69247,2.35619,4.71239,4 4 4 4 4 4 4 4 4 4 5 5 4 5
163,SIPP_2^4,"48,12,0","45,26,0",1,147.08204,29,0.0385,11.62852,2.31824,4.63648,8 8 8 8 8 8 9 8 9 8 9
163,SIPP_2^5,"48,12,0","45,26,0",1,144.868331,20,0.07708,8.05749,1.60875,3.21751,16 16 16 17 16 17 16 17
163,SIPP_BigCS,"48,12,5","45,26,7",1,146.0,37,0.29042,4.98434,0.9705,0.095,366 84
163,SIPP_Standard,"48,12,5","45,26,7",1,161.0,15,0.05895,7.96806,1.569,0.233,51 110
164,SIPP_2^2,"46,31,0","20,15,0",1,420.0,583,0.116,63.63961,14.13717,28.27433,3 3 3 3 3 3 3 3 3 3 3 3 3 3 3 3 3 3 3 0 0 0 3 3 0 0 0 3 0 0 0 0 0 3 0 0 0 0 3 3 3 0
164,SIPP_2^3,"46,31,0","20,15,0",1,326.2741759999999,214,0.08279,31.06604,6.28319,12.56637,7 7 7 7 7 7 7 7 7 7 7 7 6 6 6 6 7 6 7 6 6 6 6 7 6 7
164,SIPP_2^4,"46,31,0","20,15,0",1,308.459616,84,0.09618,4.81672,0.96525,1.9305,13 13 13 13 13 14 14 13 13 13 13 13 14 14 14 14
164,SIPP_2^5,"46,31,0","20,15,0",1,305.77579799999995,36,0.11744,0.62187,0.12436,0.24871,27 27 27 27 27 27 26 26 26 26
164,SIPP_BigCS,"46,31,1","20,15,3",1,304.0,10,0.13962,4.41705,0.6528,0.0402,205 205 205 205 205 205 205 221 126
164,SIPP_Standard,"46,31,1","20,15,3",1,323.0,118,0.38131,11.76085,2.273,0.2561,66 38 23 50
165,SIPP_2^2,"50,2,0","2,33,0",1,790.0,1778,0.35949,77.78175,17.27876,34.55752,3 3 3 3 3 3 3 3 3 3 3 3 3 3 3 3 3 3 3 3 3 3 3 3 3 3 3 3 3 3 3 3 3 3 3 3 3 3 3 3 3 3 2 2 2 2 2 2 2 2 2 2 2 2 2 2 3 2 2 2 2 2 2 2 2 2 3 2 2 3 3 2 3 2 2 2 2 3 2
165,SIPP_2^3,"50,2,0","2,33,0",1,608.4062159999999,688,0.28823,19.50146,3.92699,7.85398,5 5 5 5 5 5 5 5 5 5 5 5 5 5 5 5 5 5 5 5 5 5 5 5 5 5 5 6 6 6 6 6 6 5 5 6 6 5 5 6 6 6 6 6 6 6 6 6
165,SIPP_2^4,"50,2,0","2,33,0",1,578.1214640000001,305,0.38376,17.73266,3.53926,7.07851,11 11 11 11 11 11 11 11 11 11 10 10 10 11 10 10 10 11 10 11 11 11 10 10 10 10 10 11 10 11 10
165,SIPP_2^5,"50,2,0","2,33,0",1,572.753828,130,0.45551,5.70874,1.14092,2.28184,21 21 21 21 21 21 22 21 21 22 22 22 21 21 22 20 20 21 21
165,SIPP_BigCS,"50,2,1","2,33,0",1,570.0,25,0.23769,9.81434,1.6278,0.1009,203 203 203 203 203 203 203 203 203 219 183 251 155 219
165,SIPP_Standard,"50,2,1","2,33,0",1,574.0,50,0.12389,11.33374,1.9377,0.1482,67 55 59 67 55 59 75
166,SIPP_2^2,"36,1,0","29,55,0",1,610.0,579,0.19917,56.56854,12.56637,25.13274,2 2 2 2 2 2 2 2 2 2 2 2 2 2 2 2 2 2 2 2 2 2 2 2 2 2 2 2 2 2 2 2 3 3 3 2 2 2 2 2 2 2 2 3 3 2 2 2 2 2 2 2 2 2 2 3 2 2 2 3 2
166,SIPP_2^3,"36,1,0","29,55,0",1,568.9949520000001,486,0.15425,11.84623,2.35619,4.71239,4 4 4 4 4 4 4 4 4 4 4 4 4 4 4 4 4 4 4 4 4 4 4 4 4 4 4 4 4 4 4 4 4 4 4 4 4 4 4 4 4 4 4 4 4 5 5 5 5 4 4 5 5 5
166,SIPP_2^4,"36,1,0","29,55,0",1,561.8691280000002,491,0.44308,3.91188,0.7854,1.5708,8 8 8 8 8 8 8 8 8 8 8 8 8 8 8 8 8 8 8 8 8 8 8 8 8 8 8 8 8 8 8 8 8 8 8 8 8 8 8 8 8 8 8 9 9 9 9 10 10 10
166,SIPP_2^5,"36,1,0","29,55,0",1,560.1591210000001,528,1.3189,7.20725,1.4289,2.8578,16 16 16 16 16 16 16 16 16 16 16 16 16 16 16 16 16 16 16 16 16 16 16 16 16 16 16 16 16 16 16 16 16 16 16 16 16 16 17 17 17 17 -0.609 16 -0.632 20 20 20
166,SIPP_BigCS,"36,1,7","29,55,2",1,561.0,2703,15.18454,11.64211,2.268,0.4126,366 4 4 0 4 4 0 0 56 366 72 103 103 103
166,SIPP_Standard,"36,1,7","29,55,2",1,566.0,344,0.85473,9.54088,1.89,0.2647,39 0 0 0 0 0 24
167,SIPP_2^2,"8,30,0","5,32,0",0,-1,0,0.0,0.0,0.0,0.0,
167,SIPP_2^3,"8,30,0","5,32,0",0,-1,0,0.0,0.0,0.0,0.0,
167,SIPP_2^4,"8,30,0","5,32,0",0,-1,0,0.0,0.0,0.0,0.0,
167,SIPP_2^5,"8,30,0","5,32,0",0,-1,0,0.0,0.0,0.0,0.0,
167,SIPP_BigCS,"8,30,0","5,32,0",0,-1,0,0.0,0.0,0.0,0.0,
167,SIPP_Standard,"8,30,2","5,32,7",0,-1,0,2e-05,0.0,0.0,0.0,
168,SIPP_2^2,"53,37,0","7,31,0",1,520.0,427,0.19961,21.2132,4.71239,9.42478,3 3 3 3 3 3 3 3 3 3 3 3 3 3 3 3 3 3 3 3 3 3 3 3 3 3 3 3 3 3 3 3 3 3 3 3 3 3 3 3 3 3 3 3 3 0 0 0 0 0 3 0
168,SIPP_2^3,"53,37,0","7,31,0",1,490.96790899999996,432,0.13664,27.47782,5.49779,10.99557,6 6 6 6 6 6 6 6 6 6 6 6 6 6 6 6 6 6 6 6 6 6 6 6 6 6 6 6 6 6 6 6 6 6 6 6 6 7 6 7 6 6 -0.257 6 7 7 0 7
168,SIPP_2^4,"53,37,0","7,31,0",1,489.186453,519,0.47762,11.90849,2.35619,4.71239,12 12 12 12 12 12 12 12 12 12 12 12 12 12 12 12 12 12 12 12 12 12 12 12 12 12 12 12 12 12 12 12 12 12 12 12 12 12 13 13 -3.820 12 14 15 14
168,SIPP_2^5,"53,37,0","7,31,0",1,487.03140099999985,519,1.33193,16.89764,3.3594,6.71881,24 24 24 24 24 24 24 25 24 24 24 25 25 25 25 24 25 25 24 25 25 24 24 24 24 20 20 20
168,SIPP_BigCS,"53,37,13","7,31,14",1,488.0,3161,19.39377,16.50232,3.1895,0.7075,365 7 3 7 7 87 309 87 205 349 103 103
168,SIPP_Standard,"53,37,13","7,31,14",1,491.95133,460,1.24315,6.17713,1.1973,0.134,3 3 3 3 19 -9.951 77
169,SIPP_2^2,"44,58,0","50,26,0",1,380.0,286,0.07147,49.49747,10.99557,21.99115,0 0 0 0 0 0 0 0 0 0 0 0 0 0 0 0 0 0 0 0 0 0 0 0 1 0 1 1 1 0 0 0 1 0 0 0 0 1
169,SIPP_2^3,"44,58,0","50,26,0",1,344.85281599999996,202,0.08567,19.91618,3.92699,7.85398,0 0 0 0 0 0 0 0 0 0 0 0 0 0 0 0 0 0 0 0 0 0 0 1 1 1 1 0 1 0 0 1
169,SIPP_2^4,"44,58,0","50,26,0",1,334.16408,146,0.20206,11.60637,2.31824,4.63648,0 0 0 0 0 0 0 0 0 0 0 0 0 0 0 0 1 1 0 0 1 1 1 0 0 1
169,SIPP_2^5,"44,58,0","50,26,0",1,329.7366619999999,102,0.37375,8.03476,1.60875,3.21751,0 0 0 0 0 0 0 0 0 0 0 1 0 0 1 1 1 1 0 1
169,SIPP_BigCS,"44,58,6","50,26,3",1,332.0,358,2.65464,10.46564,2.0222,0.2115,6 6 6 6 86 364 42 308
169,SIPP_Standard,"44,58,6","50,26,3",1,335.0,31,0.1079,10.21726,1.9882,0.2439,2 18 92 22
170,SIPP_2^2,"18,15,0","36,44,0",1,470.0,731,0.15182,63.63961,14.13717,28.27433,2 2 2 2 2 2 2 2 2 2 2 2 2 2 2 2 2 2 2 2 2 2 2 2 1 2 1 1 1 1 1 1 2 2 1 1 1 1 2 1 1 1 1 1 1 2 1
170,SIPP_2^3,"18,15,0","36,44,0",1,364.5584479999999,268,0.09963,23.46626,4.71239,9.42478,3 3 3 3 3 3 3 3 3 3 3 3 3 3 4 4 4 4 4 4 4 3 3 4 3 4 4 4 3
170,SIPP_2^4,"18,15,0","36,44,0",1,344.9624319999999,107,0.11492,4.83972,0.96525,1.9305,7 7 7 7 7 7 7 7 6 7 7 7 6 6 6 6 6 6
170,SIPP_2^5,"18,15,0","36,44,0",1,341.83131099999997,42,0.12149,2.48789,0.49742,0.99484,13 13 13 13 13 14 13 14 14 14 13
170,SIPP_BigCS,"18,15,5","36,44,12",1,340.0,16,0.19465,4.55647,0.6528,0.0402,200 200 200 200 200 200 200 200 216 100 152
170,SIPP_Standard,"18,15,5","36,44,12",1,347.0,57,0.14883,5.34821,0.6517,0.0788,79 56 56 56
171,SIPP_2^2,"9,40,0","15,2,0",1,440.0,346,0.08207,21.2132,4.71239,9.42478,0 0 0 0 0 0 0 0 0 0 0 0 0 0 0 0 0 0 0 0 0 0 0 0 0 0 0 0 0 0 0 0 0 0 0 0 0 1 1 1 1 1 0 1
171,SIPP_2^3,"9,40,0","15,2,0",1,404.85281599999996,255,0.118,19.91618,3.92699,7.85398,0 0 0 0 0 0 0 0 0 0 0 0 0 0 0 0 0 0 0 0 0 0 0 0 0 0 0 0 0 1 1 1 1 0 1 0 0 1
171,SIPP_2^4,"9,40,0","15,2,0",1,394.16408,190,0.25104,6.92508,1.39094,2.78189,0 0 0 0 0 0 0 0 0 0 0 0 0 0 0 0 0 0 0 0 0 0 0 0 1 1 1 1 1 0 0 1
171,SIPP_2^5,"9,40,0","15,2,0",1,389.7366619999999,145,0.49554,11.27319,2.25225,4.50451,0 0 0 0 0 0 0 0 0 0 0 0 0 0 1 1 1 0 0 1 0 1 0 0 0 1
171,SIPP_BigCS,"9,40,11","15,2,7",1,392.0,552,2.62696,10.03051,1.9474,0.2101,6 6 6 6 2 58 364 86 308
171,SIPP_Standard,"9,40,11","15,2,7",1,398.0,79,0.14944,6.08626,1.1673,0.148,2 2 2 22 49
172,SIPP_2^2,"51,49,0","25,46,0",1,290.0,117,0.02699,28.28427,6.28319,12.56637,3 3 3 3 3 3 3 3 3 3 3 3 3 3 3 3 3 3 3 3 3 3 3 3 0 0 3 0 3
172,SIPP_2^3,"51,49,0","25,46,0",1,272.426408,89,0.03387,11.69247,2.35619,4.71239,6 6 6 6 6 6 6 6 6 6 6 6 6 6 6 6 6 6 6 7 7 6 6 6 6 7
172,SIPP_2^4,"51,49,0","25,46,0",1,267.08204,73,0.08354,11.62852,2.31824,4.63648,12 12 12 12 12 12 12 12 12 12 12 12 12 12 12 12 13 12 12 12 13 12 13
172,SIPP_2^5,"51,49,0","25,46,0",1,264.86833099999996,56,0.18867,8.05749,1.60875,3.21751,24 24 24 24 24 24 24 24 24 24 24 24 24 25 24 25 24 24 24 25
172,SIPP_BigCS,"51,49,1","25,46,4",1,266.0,138,0.98362,5.13453,0.9783,0.1089,205 365 7 3 7 7 59
172,SIPP_Standard,"51,49,1","25,46,4",1,326.0,340,0.75133,13.87758,2.6759,0.3311,55 91 27 74
173,SIPP_2^2,"61,11,0","14,30,0",1,660.0,1213,0.254,148.49242,32.98672,65.97345,2 2 2 3 2 2 3 3 3 3 3 2 2 3 3 3 3 2 3 3 3 3 2 2 3 3 3 3 2 3 3 3 3 2 3 3 3 3 3 2 2 2 2 3 3 3 3 3 3 2 3 3 3 3 3 3 3 2 3 3 3 3 3 3 2 3
173,SIPP_2^3,"61,11,0","14,30,0",1,548.7005839999999,678,0.27408,43.10997,8.63938,17.27876,5 5 5 5 5 5 5 5 5 5 6 6 6 6 6 6 6 6 6 6 5 5 5 6 6 6 5 6 5 6 6 6 6 5 6 6 6 6 6 6 6 5 5 5 6 6 6
173,SIPP_2^4,"61,11,0","14,30,0",1,514.8529199999999,254,0.28887,27.96047,5.56377,11.12754,11 11 11 11 11 11 11 11 12 11 12 11 11 12 11 12 11 12 12 12 11 11 11 11 11 12 12 11
173,SIPP_2^5,"61,11,0","14,30,0",1,508.2117929999999,119,0.38971,2.83837,0.56759,1.13518,23 22 22 22 22 22 22 22 23 23 23 23 23 23 22 22 22 23 23
173,SIPP_BigCS,"61,11,0","14,30,6",1,508.0,143,0.76192,7.19352,0.9769,0.1151,203 203 203 203 203 203 203 203 203 203 203 203 203 203 203 203 307 7 7 7 31
173,SIPP_Standard,"61,11,0","14,30,6",1,515.0,83,0.1639,11.75877,1.9268,0.2099,47 7 59 59 59 91
174,SIPP_2^2,"59,1,0","3,38,0",1,930.0,2250,0.45656,120.20815,26.70354,53.40708,3 3 3 3 3 3 3 3 3 3 3 3 3 3 3 3 3 3 3 3 3 3 3 3 3 3 3 3 3 3 3 3 3 3 3 3 3 3 3 3 3 3 3 3 3 3 3 2 2 2 2 2 2 3 2 2 2 2 2 2 2 2 2 2 2 3 2 2 2 2 2 2 2 2 2 3 2 3 2 3 3 2 2 2 2 2 2 3 2 3 2 3 2
174,SIPP_2^3,"59,1,0","3,38,0",1,713.2590319999998,942,0.37412,12.14431,2.3562,4.71239,5 5 5 5 5 5 5 5 5 5 5 5 5 5 5 5 5 5 5 5 5 5 5 5 5 5 5 5 5 5 5 5 5 5 5 5 6 5 6 6 6 6 6 6 6 6 6 6 6 6 6 6 6 6 6 6
174,SIPP_2^4,"59,1,0","3,38,0",1,679.4113679999999,439,0.5055,11.29041,2.25225,4.50451,10 10 10 10 10 10 10 10 10 10 10 10 10 11 11 11 11 10 10 11 11 11 11 11 10 10 11 11 11 11 11 11 11 11 10 11 11
174,SIPP_2^5,"59,1,0","3,38,0",1,671.3599140000001,37,0.11992,1.24447,0.24871,0.49742,21 21 21 21 21 21 21 21 21 21 21 21 21 21 21 21 21 22 21
174,SIPP_BigCS,"59,1,13","3,38,5",1,670.0,41,0.35044,9.96753,1.6172,0.0893,203 203 203 203 203 203 203 203 203 203 219 103 103 103 183 219 103 155 219
174,SIPP_Standard,"59,1,13","3,38,5",1,678.0,256,0.56685,7.52988,0.9733,0.0991,31 31 55 59 59 59 59 75
175,SIPP_2^2,"56,12,0","32,7,0",1,290.0,176,0.04152,21.2132,4.71239,9.42478,3 3 3 3 3 3 3 3 0 0 0 0 3 3 3 3 3 3 3 3 3 3 3 3 3 3 3 3 0
175,SIPP_2^3,"56,12,0","32,7,0",1,260.71067999999997,120,0.05373,19.79698,3.92699,7.85398,6 6 6 6 6 6 6 6 6 6 6 6 6 6 6 6 7 7 7 6 7 6 6 7
175,SIPP_2^4,"56,12,0","32,7,0",1,251.8034,85,0.1069,11.61714,2.31824,4.63648,12 12 12 12 12 12 12 12 12 12 13 12 12 13 13 13 12 12 13
175,SIPP_2^5,"56,12,0","32,7,0",1,248.11388499999998,57,0.18857,8.05121,1.60875,3.21751,24 24 24 24 24 25 24 24 24 25 25 25 24 25
175,SIPP_BigCS,"56,12,12","32,7,6",1,250.0,166,1.07054,5.0996,0.9691,0.1012,205 309 7 3 87
175,SIPP_Standard,"56,12,12","32,7,6",1,251.0,11,0.0385,8.74359,1.6881,0.1714,19 93 19
176,SIPP_2^2,"55,30,0","47,36,0",1,140.0,63,0.01437,28.28427,6.28319,12.56637,3 3 3 3 3 2 2 2 2 3 3 2 2 3
176,SIPP_2^3,"55,30,0","47,36,0",1,104.85281599999999,20,0.00866,7.95075,1.5708,3.14159,5 5 5 6 6 5 5 5
176,SIPP_2^4,"55,30,0","47,36,0",1,101.28990399999998,14,0.01724,6.45237,1.287,2.574,10 11 10 11 10 10
176,SIPP_2^5,"55,30,0","47,36,0",1,100.395298,8,0.03259,2.95939,0.59219,1.18437,21 20 21 20
176,SIPP_BigCS,"55,30,2","47,36,10",1,100.0,6,0.13713,1.70958,0.3216,0.0203,103 103 183
176,SIPP_Standard,"55,30,2","47,36,10",1,438.89383499999997,1776,3.54087,21.88897,4.252,0.7215,-102.894 74 109 35 80
177,SIPP_2^2,"6,40,0","4,15,0",1,270.0,72,0.01624,21.2132,4.71239,9.42478,0 0 0 0 0 0 0 0 0 0 0 0 0 0 0 0 0 0 0 0 0 0 3 0 0 0 3
177,SIPP_2^3,"6,40,0","4,15,0",1,258.284272,62,0.02634,11.59279,2.35619,4.71239,0 0 0 0 0 0 0 0 0 0 0 0 0 0 0 0 0 0 0 0 0 7 0 0 7
177,SIPP_2^4,"6,40,0","4,15,0",1,254.72136,50,0.05786,6.94722,1.39094,2.78189,0 0 0 0 0 0 0 0 0 0 0 0 0 0 0 0 0 0 0 15 0 0 15
177,SIPP_2^5,"6,40,0","4,15,0",1,253.24555399999997,41,0.13057,4.82449,0.96525,1.9305,0 0 0 0 0 0 0 0 0 0 0 0 0 0 0 0 31 0 0 0 31
177,SIPP_BigCS,"6,40,4","4,15,8",1,254.0,82,0.43604,4.98532,0.9783,0.1089,362 6 6 6 6 6 6 6 6 6 6 6 6 30
177,SIPP_Standard,"6,40,4","4,15,8",1,324.0,332,0.45342,13.18833,2.5485,0.3027,49 92 10 38
178,SIPP_2^2,"14,28,0","59,21,0",1,520.0,485,0.13444,70.71068,15.70796,31.41593,1 1 1 1 1 1 1 1 1 1 1 1 1 1 1 1 1 1 1 1 1 1 1 1 1 1 1 1 1 1 0 1 1 1 0 1 1 1 1 1 1 1 0 1 1 1 0 1 0 0 0 1
178,SIPP_2^3,"14,28,0","59,21,0",1,478.99495199999996,356,0.11566,19.99792,3.92699,7.85398,2 2 2 2 2 2 2 2 2 2 2 2 2 2 2 2 2 2 2 2 2 2 2 2 2 2 2 2 2 2 2 2 2 2 2 1 1 1 1 1 2 2 1 2 1
178,SIPP_2^4,"14,28,0","59,21,0",1,471.75447499999996,382,0.35762,8.59216,1.71269,3.42539,4 4 4 4 4 4 4 4 4 4 4 4 4 4 4 4 4 4 4 4 4 4 4 4 4 4 4 4 4 3 3 3 4 4 4 3 3 3 -3.448 2
178,SIPP_2^5,"14,28,0","59,21,0",1,470.4745649999999,410,1.0731,8.69677,1.75065,3.5013,8 8 8 8 8 8 8 8 8 8 8 8 8 8 8 8 8 8 8 8 8 8 8 8 8 8 8 8 7 8 7 7 7 7 2
178,SIPP_BigCS,"14,28,7","59,21,14",1,470.279467,1878,11.12994,15.78835,3.0679,0.4419,1 5 5 29 361 5 29 361 29 -1.279 321
178,SIPP_Standard,"14,28,7","59,21,14",1,482.0,421,1.06465,15.04424,2.8989,0.3819,45 1 1 17 111 53
179,SIPP_2^2,"40,45,0","21,39,0",1,250.0,140,0.02889,28.28427,6.28319,12.56637,3 3 3 3 3 3 3 3 3 3 3 0 0 0 0 0 3 3 3 3 3 3 3 0 3
179,SIPP_2^3,"40,45,0","21,39,0",1,214.85281599999996,84,0.03453,11.89679,2.35619,4.71239,6 6 6 6 6 6 6 6 7 7 7 7 7 6 6 6 6 6 7
179,SIPP_2^4,"40,45,0","21,39,0",1,204.16407999999998,59,0.07048,2.31131,0.46365,0.9273,13 13 13 13 13 13 12 12 12 12 12 12 12
179,SIPP_2^5,"40,45,0","21,39,0",1,200.47456499999998,25,0.06894,4.67033,0.9273,1.85459,25 25 25 25 26 24 24 25
179,SIPP_BigCS,"40,45,2","21,39,14",1,202.0,53,0.31521,5.37968,0.9769,0.1151,205 205 205 309 7 59
179,SIPP_Standard,"40,45,2","21,39,14",1,252.0,85,0.23977,11.45073,2.2269,0.2824,91 23 46
180,SIPP_2^2,"50,55,0","24,57,0",1,300.0,119,0.03004,49.49747,10.99557,21.99115,3 0 3 3 3 3 3 3 3 3 3 3 3 3 3 3 3 3 3 3 3 3 2 3 3 3 3 2 3 2
180,SIPP_2^3,"50,55,0","24,57,0",1,276.568544,88,0.04292,23.58234,4.71239,9.42478,7 6 6 6 6 6 6 6 6 6 6 6 6 6 6 6 6 6 6 6 6 5 6 5 6 5
180,SIPP_2^4,"50,55,0","24,57,0",1,269.44272,69,0.09571,14.01914,2.78189,5.56377,13 12 12 12 12 12 12 12 12 12 12 12 12 12 12 11 12 12 12 11 12 11
180,SIPP_2^5,"50,55,0","24,57,0",1,266.49110799999994,52,0.18889,9.69004,1.9305,3.86101,25 24 24 24 24 24 24 24 24 24 24 23 24 24 24 23 24 23
180,SIPP_BigCS,"50,55,2","24,57,1",1,267.0,65,0.39223,10.1032,1.9783,0.3056,381 363 7 7 7 7 7 7 15
180,SIPP_Standard,"50,55,2","24,57,1",1,332.0,207,0.34129,14.74115,2.8631,0.3579,69 38 15 78
181,SIPP_2^2,"40,1,0","11,4,0",1,320.0,89,0.01555,35.35534,7.85398,15.70796,3 3 3 3 3 3 3 3 3 3 3 3 3 3 3 3 3 3 3 3 3 3 3 2 3 3 3 3 2 3 3 2
181,SIPP_2^3,"40,1,0","11,4,0",1,302.426408,82,0.0254,19.45842,3.92699,7.85398,6 6 6 6 6 6 6 6 6 6 6 6 6 6 6 6 6 6 6 6 6 6 6 5 6 5 6 6 5
181,SIPP_2^4,"40,1,0","11,4,0",1,297.08204,74,0.06335,6.97882,1.39094,2.78189,12 12 12 12 12 12 12 12 12 12 12 12 12 12 12 12 12 12 12 11 11 12 12 12 12 11
181,SIPP_2^5,"40,1,0","11,4,0",1,294.86833099999996,66,0.14377,4.83483,0.96525,1.9305,24 24 24 24 24 24 24 24 24 24 24 24 24 24 24 24 24 23 23 24 24 24 23
181,SIPP_BigCS,"40,1,13","11,4,15",1,296.0,163,0.59984,4.96249,0.9769,0.1151,3 3 7 31 307
181,SIPP_Standard,"40,1,13","11,4,15",1,325.0,123,0.16319,15.47411,3.0114,0.4679,55 91 23 34
182,SIPP_2^2,"7,29,0","38,5,0",0,-1,0,0.0,0.0,0.0,0.0,
182,SIPP_2^3,"7,29,0","38,5,0",0,-1,0,0.0,0.0,0.0,0.0,
182,SIPP_2^4,"7,29,0","38,5,0",0,-1,0,0.0,0.0,0.0,0.0,
182,SIPP_2^5,"7,29,0","38,5,0",0,-1,0,0.0,0.0,0.0,0.0,
182,SIPP_BigCS,"7,29,0","38,5,0",0,-1,0,0.0,0.0,0.0,0.0,
182,SIPP_Standard,"7,29,9","38,5,0",0,-1,0,2e-05,0.0,0.0,0.0,
183,SIPP_2^2,"7,44,0","26,36,0",1,270.0,212,0.05202,84.85281,18.84956,37.69911,1 1 1 1 1 1 1 1 1 0 0 1 1 1 1 0 0 1 1 0 1 0 1 0 1 0 1
183,SIPP_2^3,"7,44,0","26,36,0",1,223.13708799999995,112,0.0528,27.89811,5.49779,10.99557,2 2 2 2 2 2 2 1 1 1 2 1 2 2 1 1 2 1 1
183,SIPP_2^4,"7,44,0","26,36,0",1,208.88544,40,0.05118,4.66706,0.9273,1.85459,3 3 3 3 3 3 3 4 4 4 3
183,SIPP_2^5,"7,44,0","26,36,0",1,206.67173099999997,23,0.08012,2.1286,0.42569,0.85138,6 7 6 6 6 6 7 7
183,SIPP_BigCS,"7,44,11","26,36,7",1,206.0,11,0.19404,3.43339,0.5061,0.0613,201 201 201 201 201 201 305 5
183,SIPP_Standard,"7,44,11","26,36,7",1,245.0,95,0.19224,11.60812,2.273,0.3191,49 84 21
184,SIPP_2^2,"20,41,0","61,55,0",1,550.0,952,0.20375,98.99495,21.99115,43.9823,1 1 1 1 1 1 1 1 1 1 1 1 1 1 1 1 1 1 1 1 1 1 2 1 2 1 1 1 1 1 1 2 2 2 2 2 2 2 1 2 2 1 1 2 1 1 1 1 1 1 2 1 1 2 1
184,SIPP_2^3,"20,41,0","61,55,0",1,467.9899039999999,452,0.18465,56.01575,10.99557,21.99115,3 3 3 3 3 2 2 2 2 3 2 2 2 2 2 2 2 3 3 2 2 2 2 2 2 2 2 2 2 2 3 2 3 2 3 3 2 3 2 2 3
184,SIPP_2^4,"20,41,0","61,55,0",1,443.04952,255,0.30693,11.62459,2.31824,4.63648,5 5 5 5 5 5 5 5 5 5 5 4 5 5 4 4 5 4 4 4 4 4 4 4 4 4 4
184,SIPP_2^5,"20,41,0","61,55,0",1,433.45678099999986,27,0.0831,1.41923,0.28379,0.56759,9 9 9 9 9 9 9 9 9 9 9 9 10 9
184,SIPP_BigCS,"20,41,3","61,55,15",1,438.0,417,2.57927,10.99367,1.946,0.2163,207 207 207 207 207 207 207 311 85 311 5 5 57
184,SIPP_Standard,"20,41,3","61,55,15",1,478.0,937,1.7493,9.3562,1.819,0.2268,1 1 1 21 52 72
185,SIPP_2^2,"40,5,0","30,62,0",1,670.0,875,0.2355,98.99495,21.99115,43.9823,2 2 2 2 2 2 2 2 2 2 2 2 2 2 2 2 2 2 2 2 2 2 2 2 2 2 2 2 2 2 2 2 3 2 2 3 2 2 3 3 3 2 2 2 2 2 2 2 2 3 2 2 2 2 3 3 2 2 2 2 2 3 2 2 2 3 2
185,SIPP_2^3,"40,5,0","30,62,0",1,611.4213600000002,654,0.21563,51.98971,10.21018,20.42035,4 4 4 4 4 4 4 4 4 4 4 4 4 5 5 4 4 5 4 4 5 5 4 4 4 4 4 4 4 4 4 4 4 4 4 4 4 4 4 4 4 4 4 4 4 5 4 4 5 5 4 5 4 4 4 4 5
185,SIPP_2^4,"40,5,0","30,62,0",1,594.464266,478,0.43092,16.28438,3.24553,6.49107,8 8 8 8 8 8 8 8 8 8 8 8 8 8 8 8 8 8 8 8 8 8 8 8 8 8 8 8 8 8 8 8 8 9 9 8 8 9 9 9 9 -0.377 8 -0.480 9 9 9 8 9
185,SIPP_2^5,"40,5,0","30,62,0",1,591.847688,492,1.23352,6.16755,1.2315,2.46301,16 16 16 16 16 16 16 16 16 16 16 16 16 16 16 16 16 16 16 16 16 16 16 16 16 17 17 17 16 16 16 16 16 16 16 16 17 17 17 19 19
185,SIPP_BigCS,"40,5,6","30,62,14",1,593.3915870000001,2519,13.72405,12.8663,2.4104,0.25,0 4 0 4 4 56 310 4 84 366 -3.392 84 206 206
185,SIPP_Standard,"40,5,6","30,62,14",1,635.0,2670,6.1392,14.32241,2.7288,0.264,51 70 51 94 0 0 8 52
186,SIPP_2^2,"9,58,0","0,2,0",0,-1,0,0.0,0.0,0.0,0.0,
186,SIPP_2^3,"9,58,0","0,2,0",0,-1,0,0.0,0.0,0.0,0.0,
186,SIPP_2^4,"9,58,0","0,2,0",0,-1,0,0.0,0.0,0.0,0.0,
186,SIPP_2^5,"9,58,0","0,2,0",0,-1,0,0.0,0.0,0.0,0.0,
186,SIPP_BigCS,"9,58,0","0,2,0",0,-1,0,0.0,0.0,0.0,0.0,
186,SIPP_Standard,"9,58,3","0,2,9",0,-1,118595,180.00068,0.0,0.0,0.0,
187,SIPP_2^2,"12,4,0","50,35,0",1,690.0,1584,0.33631,106.06602,23.56194,47.12389,2 2 2 2 2 2 2 2 2 2 2 1 1 1 1 1 2 2 2 2 2 2 2 2 2 2 2 2 2 2 1 2 1 2 1 1 1 1 1 1 1 1 1 1 1 1 1 1 1 1 1 1 1 1 1 1 1 1 1 1 1 2 1 2 1 2 1 2 1
187,SIPP_2^3,"12,4,0","50,35,0",1,508.40621599999986,321,0.12867,15.60304,3.14159,6.28319,3 3 3 3 3 3 3 3 3 3 3 3 3 3 3 3 3 3 3 3 3 3 3 3 3 3 3 3 3 2 3 2 2 2 2 2 2 3
187,SIPP_2^4,"12,4,0","50,35,0",1,498.2309759999999,271,0.32955,16.11987,3.21751,6.43501,6 6 5 5 5 6 6 6 6 6 5 5 5 6 5 6 6 6 6 6 6 6 6 5 6 6 6 6 7 6
187,SIPP_2^5,"12,4,0","50,35,0",1,494.2052489999999,206,0.65483,6.91171,1.38177,2.76354,11 11 11 11 12 11 11 11 12 12 12 11 12 12 12 12 12 12 12 13 12
187,SIPP_BigCS,"12,4,10","50,35,7",1,490.0,208,1.30115,7.36322,1.3162,0.092,100 100 100 100 100 100 124 255 124 207 207 223 100 100 100 100 100 100
187,SIPP_Standard,"12,4,10","50,35,7",1,498.0,140,0.31984,9.14887,1.6161,0.1279,63 71 28 48 79 64
188,SIPP_2^2,"21,51,0","32,24,0",1,391.418387,475,0.10872,49.49747,10.99557,21.99115,0 0 0 0 0 0 0 0 0 -11.418 0 1 1 1 1 1 1 1 0 1 1 0 0 0 0 0 1 0 0 0 0 0 0 0 0 0 0 0 1
188,SIPP_2^3,"21,51,0","32,24,0",1,315.56349599999993,179,0.07124,32.33943,6.28319,12.56637,1 1 1 1 1 1 0 0 1 0 0 0 0 0 0 0 0 0 0 0 0 1 0 1 1 0 1
188,SIPP_2^4,"21,51,0","32,24,0",1,299.530392,92,0.09924,20.25058,4.03093,8.06186,2 2 1 1 1 1 1 0 0 1 0 1 0 0 1 0 0 1
188,SIPP_2^5,"21,51,0","32,24,0",1,294.94627099999997,47,0.15619,4.55728,0.90975,1.81951,3 3 2 2 1 0 0 1 1 1 1
188,SIPP_BigCS,"21,51,8","32,24,6",1,296.0,113,0.90678,9.41618,1.7968,0.1828,177 204 308 86 308
188,SIPP_Standard,"21,51,8","32,24,6",1,321.0,98,0.2264,10.13424,1.9729,0.2466,53 81 2 18
189,SIPP_2^2,"10,55,0","33,47,0",1,310.0,263,0.05934,49.49747,10.99557,21.99115,1 1 1 1 1 1 1 1 1 1 1 1 1 1 1 1 0 0 0 0 1 1 1 1 0 0 1 0 1 1 0
189,SIPP_2^3,"10,55,0","33,47,0",1,263.13708799999995,135,0.06004,32.11076,6.28319,12.56637,2 1 1 1 1 2 2 2 2 2 2 1 1 2 2 2 2 2 2 1 2 1 2
189,SIPP_2^4,"10,55,0","33,47,0",1,248.88544,72,0.10719,9.28967,1.85459,3.70918,3 3 3 3 3 3 4 4 3 4 4 4 4 4 3
189,SIPP_2^5,"10,55,0","33,47,0",1,244.45802199999997,27,0.0853,4.65342,0.9273,1.85459,7 6 6 7 7 7 7 8 7
189,SIPP_BigCS,"10,55,0","33,47,14",1,246.0,61,0.42944,5.65873,0.9769,0.1151,201 201 201 201 201 305 5 29
189,SIPP_Standard,"10,55,0","33,47,14",1,326.0,421,0.97875,16.47587,3.199,0.4544,22 53 105 36
190,SIPP_2^2,"30,16,0","56,25,0",1,350.0,335,0.07733,77.78175,17.27876,34.55752,1 1 1 1 1 1 1 1 1 2 2 1 1 1 1 1 1 2 2 1 1 1 2 1 1 1 1 2 2 1 2 1 1 1 2
190,SIPP_2^3,"30,16,0","56,25,0",1,297.27922399999994,195,0.08502,19.88016,3.92699,7.85398,2 2 2 2 2 2 2 2 2 2 2 2 2 2 3 3 3 2 3 3 3 3 3 2 2 3
190,SIPP_2^4,"30,16,0","56,25,0",1,281.24612,96,0.1204,18.64608,3.70918,7.41836,5 4 4 4 5 4 5 5 5 4 5 5 5 4 4 4 5
190,SIPP_2^5,"30,16,0","56,25,0",1,275.34289599999994,17,0.06283,1.41959,0.28379,0.56759,9 9 9 9 9 9 9 10 9
190,SIPP_BigCS,"30,16,15","56,25,12",1,278.0,102,0.89147,5.79825,0.9769,0.1151,207 207 207 207 207 207 311 5 5 57
190,SIPP_Standard,"30,16,15","56,25,12",1,319.0,304,0.7169,10.295,1.9729,0.1836,45 17 71 52
191,SIPP_2^2,"12,49,0","54,15,0",1,760.0,2048,0.44607,84.85281,18.84956,37.69911,1 1 1 1 1 1 1 1 1 1 1 1 1 1 1 1 1 1 1 1 1 1 1 1 1 1 1 1 1 1 1 0 0 0 1 1 0 0 0 0 0 1 1 1 0 0 0 1 0 0 0 0 0 0 0 0 0 0 0 0 0 0 0 0 1 0 0 0 1 1 1 0 0 0 0 1
191,SIPP_2^3,"12,49,0","54,15,0",1,560.8326239999999,413,0.18903,16.07464,3.14159,6.28319,1 1 1 1 1 1 1 1 1 1 1 1 1 1 1 1 1 1 1 1 1 1 1 1 1 1 1 1 1 1 1 1 2 2 2 2 2 1 2 2 2 1
191,SIPP_2^4,"12,49,0","54,15,0",1,546.5809759999999,268,0.30633,9.65658,1.9305,3.86101,2 2 2 2 2 2 2 2 2 2 2 2 2 2 2 2 2 2 3 3 2 2 2 2 2 2 3 3 3 3 3 2 3 2
191,SIPP_2^5,"12,49,0","54,15,0",1,543.0025519999999,184,0.58399,6.91431,1.38177,2.76354,4 4 4 4 4 4 4 4 4 4 4 4 4 5 5 5 4 4 4 5 5 4 5 4 5 5
191,SIPP_BigCS,"12,49,2","54,15,7",1,540.0,46,0.4075,10.53503,1.969,0.1322,101 101 101 101 101 101 101 101 153 249 153 217 153 217
191,SIPP_Standard,"12,49,2","54,15,7",1,551.970288,275,0.68178,15.22297,2.911,0.2473,53 -3.970 73 68 53 65 53 73
192,SIPP_2^2,"1,43,0","19,9,0",1,520.0,676,0.14017,63.63961,14.13717,28.27433,0 0 0 0 0 0 0 0 0 0 0 0 0 0 0 0 0 0 0 0 0 0 0 0 0 0 0 0 0 1 1 1 1 1 1 1 0 0 1 1 0 1 1 0 1 1 1 1 1 1 0 1
192,SIPP_2^3,"1,43,0","19,9,0",1,414.5584479999999,355,0.15599,43.43906,8.63938,17.27876,0 0 0 0 1 1 0 0 0 0 0 1 1 0 0 1 1 1 1 1 1 0 0 1 1 1 1 1 0 1 1 0 0 1
192,SIPP_2^4,"1,43,0","19,9,0",1,386.05515199999996,57,0.0779,1.6081,0.32175,0.6435,1 1 1 1 1 1 1 1 1 1 1 1 1 1 1 1 2 2
192,SIPP_2^5,"1,43,0","19,9,0",1,385.160546,44,0.15754,0.62227,0.12436,0.24871,2 2 2 2 2 2 2 2 2 2 2 2 2 2 3 3
192,SIPP_BigCS,"1,43,1","19,9,6",1,383.0,11,0.09637,5.54075,0.6405,0.1703,196 196 204 204 204 204 204 204 204 204 324
192,SIPP_Standard,"1,43,1","19,9,6",1,395.0,110,0.20824,13.48849,2.5946,0.2764,49 68 37 22 49
193,SIPP_2^2,"34,28,0","63,49,0",0,-1,0,0.0,0.0,0.0,0.0,
193,SIPP_2^3,"34,28,0","63,49,0",0,-1,0,0.0,0.0,0.0,0.0,
193,SIPP_2^4,"34,28,0","63,49,0",0,-1,0,0.0,0.0,0.0,0.0,
193,SIPP_2^5,"34,28,0","63,49,0",0,-1,0,0.0,0.0,0.0,0.0,
193,SIPP_BigCS,"34,28,0","63,49,0",0,-1,0,0.0,0.0,0.0,0.0,
193,SIPP_Standard,"34,28,13","63,49,15",0,-1,119365,180.00058,0.0,0.0,0.0,
194,SIPP_2^2,"26,0,0","42,17,0",0,-1,0,0.0,0.0,0.0,0.0,
194,SIPP_2^3,"26,0,0","42,17,0",0,-1,0,0.0,0.0,0.0,0.0,
194,SIPP_2^4,"26,0,0","42,17,0",0,-1,0,0.0,0.0,0.0,0.0,
194,SIPP_2^5,"26,0,0","42,17,0",0,-1,0,0.0,0.0,0.0,0.0,
194,SIPP_BigCS,"26,0,0","42,17,0",0,-1,0,0.0,0.0,0.0,0.0,
194,SIPP_Standard,"26,0,6","42,17,11",0,-1,0,1e-05,0.0,0.0,0.0,
195,SIPP_2^2,"14,34,0","57,63,0",0,-1,0,0.0,0.0,0.0,0.0,
195,SIPP_2^3,"14,34,0","57,63,0",0,-1,0,0.0,0.0,0.0,0.0,
195,SIPP_2^4,"14,34,0","57,63,0",0,-1,0,0.0,0.0,0.0,0.0,
195,SIPP_2^5,"14,34,0","57,63,0",0,-1,0,0.0,0.0,0.0,0.0,
195,SIPP_BigCS,"14,34,0","57,63,0",0,-1,0,0.0,0.0,0.0,0.0,
195,SIPP_Standard,"14,34,8","57,63,2",0,-1,119294,180.00098,0.0,0.0,0.0,
196,SIPP_2^2,"8,38,0","60,55,0",1,690.0,1296,0.27871,70.71068,15.70796,31.41593,1 1 1 1 1 1 1 1 1 1 1 1 1 1 1 1 1 1 1 1 1 1 1 1 1 1 1 1 1 1 1 1 1 2 1 1 1 1 1 1 1 1 1 1 1 1 1 1 2 1 2 2 2 2 1 2 2 2 2 2 2 2 2 2 1 1 2 2 1
196,SIPP_2^3,"8,38,0","60,55,0",1,590.4163119999998,736,0.28211,44.14274,8.63938,17.27876,3 3 3 3 3 3 3 2 2 2 2 3 2 2 2 2 2 2 2 2 2 2 2 2 2 3 2 3 2 2 2 2 2 2 3 3 3 3 3 3 2 2 2 3 2 2 2 2 2 2 2 2
196,SIPP_2^4,"8,38,0","60,55,0",1,560.1315599999999,363,0.42319,11.61363,2.31824,4.63648,5 5 5 5 5 5 5 5 5 5 5 5 5 5 5 4 4 5 4 4 4 4 4 4 4 4 4 4 4 4 4 5 4 4 4
196,SIPP_2^5,"8,38,0","60,55,0",1,552.0146269999999,207,0.62562,11.08648,2.2143,4.4286,9 8 8 8 8 9 9 8 9 9 8 8 9 9 9 9 9 10 10 10 10 10 10 9
196,SIPP_BigCS,"8,38,12","60,55,13",1,554.0,815,5.61032,9.26562,1.4413,0.1488,85 207 207 207 207 207 207 207 207 207 207 207 207 207 367 5 5 5 5 5 5 57
196,SIPP_Standard,"8,38,12","60,55,13",1,566.0,328,0.80073,16.90935,3.2283,0.3455,48 95 21 48 95 1 17
197,SIPP_2^2,"40,38,0","45,23,0",1,200.0,103,0.02243,35.35534,7.85398,15.70796,0 0 0 0 0 0 0 0 0 1 0 0 0 0 1 1 1 0 0 1
197,SIPP_2^3,"40,38,0","45,23,0",1,170.71067999999997,62,0.02714,11.84623,2.35619,4.71239,0 0 0 0 0 0 1 1 1 1 0 0 0 0 1
197,SIPP_2^4,"40,38,0","45,23,0",1,161.80339999999998,37,0.05237,6.98369,1.39094,2.78189,1 1 1 1 0 0 1 0 0 0
197,SIPP_2^5,"40,38,0","45,23,0",1,158.11388499999998,5,0.01706,0.0,0.0,0.0,1 1 1 1 1
197,SIPP_BigCS,"40,38,2","45,23,1",1,160.0,21,0.19206,3.13794,0.5075,0.0551,204 204 204 204 364
197,SIPP_Standard,"40,38,2","45,23,1",1,165.0,8,0.03255,8.22709,1.63,0.2214,37 22
198,SIPP_2^2,"53,7,0","31,16,0",1,310.0,278,0.0607,49.49747,10.99557,21.99115,3 3 3 3 3 3 3 3 3 3 3 3 3 3 3 3 3 3 2 2 2 2 2 3 3 2 3 2 2 3 2
198,SIPP_2^3,"53,7,0","31,16,0",1,257.27922399999994,148,0.06547,28.11148,5.49779,10.99557,6 6 6 6 6 6 6 6 5 5 5 5 5 6 5 5 6 6 5 6 6 5
198,SIPP_2^4,"53,7,0","31,16,0",1,241.24612,56,0.06805,4.68754,0.9273,1.85459,11 11 11 11 11 11 11 11 12 12 12 12 11
198,SIPP_2^5,"53,7,0","31,16,0",1,238.29450799999995,29,0.095,2.1286,0.42569,0.85138,22 23 22 22 22 22 23 23 23
198,SIPP_BigCS,"53,7,9","31,16,4",1,238.0,17,0.15631,3.57292,0.5061,0.0613,203 203 203 203 203 203 203 307 7 7
198,SIPP_Standard,"53,7,9","31,16,4",1,245.0,18,0.06196,9.10855,1.7642,0.209,11 55 91
199,SIPP_2^2,"55,19,0","59,63,0",0,-1,0,0.0,0.0,0.0,0.0,
199,SIPP_2^3,"55,19,0","59,63,0",0,-1,0,0.0,0.0,0.0,0.0,
199,SIPP_2^4,"55,19,0","59,63,0",0,-1,0,0.0,0.0,0.0,0.0,
199,SIPP_2^5,"55,19,0","59,63,0",0,-1,0,0.0,0.0,0.0,0.0,
199,SIPP_BigCS,"55,19,0","59,63,0",0,-1,0,0.0,0.0,0.0,0.0,
199,SIPP_Standard,"55,19,8","59,63,1",0,-1,119486,180.00026,0.0,0.0,0.0,
200,SIPP_2^2,"58,36,0","36,35,0",1,230.0,23,0.00546,7.07107,1.5708,3.14159,3 3 3 3 3 3 3 3 3 3 3 3 3 3 3 3 3 3 3 3 3 3 0
200,SIPP_2^3,"58,36,0","36,35,0",1,224.142136,22,0.01004,3.82683,0.7854,1.5708,6 6 6 6 6 6 6 6 6 6 6 6 6 6 6 6 6 6 6 6 6 7
200,SIPP_2^4,"58,36,0","36,35,0",1,222.36068,21,0.02961,2.29753,0.46365,0.9273,12 12 12 12 12 12 12 12 12 12 12 12 12 12 12 12 12 12 12 12 13
200,SIPP_2^5,"58,36,0","36,35,0",1,221.62277699999999,20,0.08169,1.60182,0.32175,0.6435,24 24 24 24 24 24 24 24 24 24 24 24 24 24 24 24 24 24 24 25
200,SIPP_BigCS,"58,36,2","36,35,12",1,222.0,20,0.18008,2.36487,0.4708,0.0538,3 3 59
200,SIPP_Standard,"58,36,2","36,35,12",1,245.0,70,0.13308,14.64003,2.8772,0.4803,47 23 34
201,SIPP_2^2,"12,45,0","13,3,0",1,430.0,43,0.01001,7.07107,1.5708,3.14159,0 0 0 0 0 0 0 0 0 0 0 0 0 0 0 0 0 0 0 0 0 0 0 0 0 0 0 0 0 0 0 0 0 0 0 0 0 0 0 0 0 0 1
201,SIPP_2^3,"12,45,0","13,3,0",1,424.142136,42,0.01842,3.82683,0.7854,1.5708,0 0 0 0 0 0 0 0 0 0 0 0 0 0 0 0 0 0 0 0 0 0 0 0 0 0 0 0 0 0 0 0 0 0 0 0 0 0 0 0 0 1
201,SIPP_2^4,"12,45,0","13,3,0",1,422.36068,41,0.05093,2.29753,0.46365,0.9273,0 0 0 0 0 0 0 0 0 0 0 0 0 0 0 0 0 0 0 0 0 0 0 0 0 0 0 0 0 0 0 0 0 0 0 0 0 0 0 0 1
201,SIPP_2^5,"12,45,0","13,3,0",1,421.622777,40,0.12811,1.60182,0.32175,0.6435,0 0 0 0 0 0 0 0 0 0 0 0 0 0 0 0 0 0 0 0 0 0 0 0 0 0 0 0 0 0 0 0 0 0 0 0 0 0 0 1
201,SIPP_BigCS,"12,45,11","13,3,3",1,422.0,40,0.24077,2.74653,0.5456,0.0552,6 2 2 6 2 2 42
201,SIPP_Standard,"12,45,11","13,3,3",1,477.0,1296,2.20433,10.93095,2.0858,0.2293,54 90 2 2 22 53
202,SIPP_2^2,"45,52,0","39,63,0",0,-1,0,0.0,0.0,0.0,0.0,
202,SIPP_2^3,"45,52,0","39,63,0",0,-1,0,0.0,0.0,0.0,0.0,
202,SIPP_2^4,"45,52,0","39,63,0",0,-1,0,0.0,0.0,0.0,0.0,
202,SIPP_2^5,"45,52,0","39,63,0",0,-1,0,0.0,0.0,0.0,0.0,
202,SIPP_BigCS,"45,52,0","39,63,0",0,-1,0,0.0,0.0,0.0,0.0,
202,SIPP_Standard,"45,52,15","39,63,13",0,-1,118682,180.00096,0.0,0.0,0.0,
203,SIPP_2^2,"6,17,0","28,4,0",1,350.0,411,0.08539,63.63961,14.13717,28.27433,0 0 0 0 0 0 1 1 1 1 1 1 0 0 0 1 0 1 1 1 1 1 1 1 1 1 0 0 1 1 1 1 1 0 1
203,SIPP_2^3,"6,17,0","28,4,0",1,273.8477679999999,157,0.06668,47.50296,9.42478,18.84956,1 2 2 1 2 1 1 2 1 1 1 1 1 1 2 2 1 2 1 2 2 1
203,SIPP_2^4,"6,17,0","28,4,0",1,257.814664,54,0.0726,8.04628,1.60875,3.21751,3 3 3 3 3 2 3 2 3 3 3 2 2
203,SIPP_2^5,"6,17,0","28,4,0",1,256.025452,30,0.12245,2.48745,0.49742,0.99484,5 5 6 6 6 5 6 6 5
203,SIPP_BigCS,"6,17,14","28,4,11",1,254.0,11,0.1374,2.67342,0.3214,0.0144,201 201 201 201 201 201 201 217 101
203,SIPP_Standard,"6,17,14","28,4,11",1,258.0,11,0.04302,4.53641,0.6517,0.0788,57 57 73
204,SIPP_2^2,"1,53,0","35,51,0",1,400.0,298,0.06439,42.42641,9.42478,18.84956,1 1 1 1 1 1 1 1 1 1 1 1 1 1 1 1 1 1 2 2 1 1 1 1 1 1 1 1 1 1 1 1 1 0 1 1 0 0 0 1
204,SIPP_2^3,"1,53,0","35,51,0",1,364.85281599999996,259,0.09746,19.76243,3.92699,7.85398,2 2 2 2 2 2 2 2 2 2 2 2 2 3 3 2 2 2 2 1 1 1 2 2 2 2 2 2 2 2 2 2 2 1
204,SIPP_2^4,"1,53,0","35,51,0",1,354.16408,202,0.21922,11.61714,2.31824,4.63648,4 4 4 4 4 3 4 4 4 4 3 3 3 4 4 4 4 4 4 4 4 4 4 4 4 4 5 5
204,SIPP_2^5,"1,53,0","35,51,0",1,349.7366619999999,155,0.47442,11.29592,2.25225,4.50451,8 8 8 8 8 8 8 8 8 8 8 9 9 8 8 7 8 7 8 8 7 7
204,SIPP_BigCS,"1,53,0","35,51,1",1,351.0,520,3.36683,12.67981,2.4477,0.3656,1 41 383 305 5 29
204,SIPP_Standard,"1,53,0","35,51,1",1,399.0,689,1.61825,18.01469,3.4592,0.5266,32 65 53 105 48
205,SIPP_2^2,"39,26,0","3,11,0",1,510.0,774,0.18183,63.63961,14.13717,28.27433,3 3 3 3 3 3 3 3 3 3 3 3 3 3 3 3 3 3 3 3 3 3 3 3 3 3 3 3 3 3 3 0 0 0 0 0 0 3 0 0 3 3 0 0 0 3 0 0 0 3 0
205,SIPP_2^3,"39,26,0","3,11,0",1,422.1320399999999,394,0.16047,55.46287,10.99557,21.99115,7 7 7 7 7 7 7 7 6 7 6 6 6 6 6 6 6 6 7 6 6 6 6 7 6 6 7 6 6 6 7 6 7 6 6 7
205,SIPP_2^4,"39,26,0","3,11,0",1,395.4102,140,0.16658,9.36801,1.85459,3.70918,13 13 13 13 13 13 13 13 13 13 13 13 13 12 12 12 13 12 12 12 13
205,SIPP_2^5,"39,26,0","3,11,0",1,390.98278199999993,74,0.26438,3.54881,0.70949,1.41897,26 25 26 26 26 26 26 26 26 25 25 25 25 26 25
205,SIPP_BigCS,"39,26,11","3,11,10",1,390.0,42,0.32964,6.63561,0.9769,0.1151,205 205 205 205 205 205 205 205 205 205 205 205 309 59
205,SIPP_Standard,"39,26,11","3,11,10",1,403.0,126,0.29763,15.27396,2.9315,0.357,23 50 93 23 50
206,SIPP_2^2,"49,14,0","27,34,0",1,420.0,612,0.12808,42.42641,9.42478,18.84956,3 3 3 3 3 3 3 3 3 3 3 3 3 3 3 3 3 3 3 2 2 2 2 3 2 2 2 2 2 2 2 2 2 2 2 2 3 2 2 2 2 3
206,SIPP_2^3,"49,14,0","27,34,0",1,302.8427199999999,76,0.02743,8.0151,1.5708,3.14159,5 5 5 5 5 5 5 5 5 5 5 5 5 5 5 5 5 5 6 6 5 5
206,SIPP_2^4,"49,14,0","27,34,0",1,299.2798079999999,62,0.06192,3.22275,0.6435,1.287,10 10 10 10 10 10 10 10 10 10 10 10 10 10 10 11 11 10 10 10
206,SIPP_2^5,"49,14,0","27,34,0",1,298.38520199999994,51,0.13514,3.94465,0.78958,1.57917,20 20 20 20 20 20 20 20 20 20 20 20 20 20 21 20 21 20
206,SIPP_BigCS,"49,14,11","27,34,9",1,296.0,18,0.15068,3.49395,0.6634,0.0518,103 103 103 103 103 103 103 103 103 103 103 103 155 251
206,SIPP_Standard,"49,14,11","27,34,9",1,323.0,176,0.34127,11.70005,2.273,0.2561,20 55 67 47
207,SIPP_2^2,"56,12,0","15,7,0",1,480.0,441,0.09474,49.49747,10.99557,21.99115,3 3 3 3 3 3 3 3 3 3 3 3 3 3 3 3 3 3 3 3 3 3 3 3 3 3 3 3 2 3 3 0 0 0 0 3 3 3 3 3 3 3 0 3 3 3 3 0
207,SIPP_2^3,"56,12,0","15,7,0",1,438.99495199999996,328,0.13353,35.57895,7.06858,14.13717,6 6 6 6 6 6 6 6 6 6 6 6 6 6 6 6 7 6 7 6 6 6 6 6 7 7 6 7 7 6 6 6 6 6 6 6 6 6 6 6 5
207,SIPP_2^4,"56,12,0","15,7,0",1,421.8034,170,0.19784,9.28122,1.85459,3.70918,12 12 12 13 13 13 13 12 12 12 12 12 12 12 12 12 12 12 12 12 12 12 12 12 13 12 12 12 12 12 12 12 12 12 12 12
207,SIPP_2^5,"56,12,0","15,7,0",1,418.1138849999999,146,0.47311,9.65635,1.9305,3.86101,24 24 24 24 24 24 24 24 24 25 24 24 25 25 25 24 24 24 24 24 25 24 24 24 24 24 24 24 24 24 24
207,SIPP_BigCS,"56,12,2","15,7,3",1,420.0,510,2.99458,10.3151,1.9566,0.2178,7 7 59 365 7 7 7 7 7 59 205 365 7 7 7 7 7 7
207,SIPP_Standard,"56,12,2","15,7,3",1,479.0,1354,2.17854,11.12888,2.1071,0.1712,55 91 3 19 69 54
208,SIPP_2^2,"59,60,0","8,55,0",1,560.0,356,0.06614,49.49747,10.99557,21.99115,3 3 3 3 3 3 3 3 3 3 3 3 3 3 3 3 3 3 3 3 3 3 3 3 3 3 3 3 3 3 3 3 3 3 3 3 3 3 3 3 3 3 3 3 3 3 3 0 3 0 3 0 0 3 3 0
208,SIPP_2^3,"59,60,0","8,55,0",1,530.7106799999999,312,0.09792,31.44415,6.28319,12.56637,6 6 6 6 6 6 6 6 6 6 6 6 6 6 6 6 6 6 6 6 6 6 6 6 6 6 6 6 6 6 6 6 6 6 6 6 6 6 7 6 6 7 6 6 6 7 6 7 7 6 6
208,SIPP_2^4,"59,60,0","8,55,0",1,521.8034,263,0.23966,16.30529,3.24553,6.49107,12 12 12 12 12 12 12 12 12 12 12 12 12 12 12 12 12 12 12 12 12 12 12 12 12 12 12 12 12 12 12 12 12 12 12 12 12 13 12 13 13 12 13 12 12 13
208,SIPP_2^5,"59,60,0","8,55,0",1,518.113885,218,0.56053,4.82854,0.96525,1.9305,24 24 24 24 24 24 24 24 24 24 24 24 24 24 24 24 24 24 24 24 24 24 24 24 24 24 24 24 24 24 24 24 24 24 25 25 25 25 24 24 25
208,SIPP_BigCS,"59,60,11","8,55,6",1,520.0,852,4.39874,10.91144,2.1048,0.2268,7 7 7 3 7 3 7 43 365 7 43 309
208,SIPP_Standard,"59,60,11","8,55,6",1,561.0,1085,1.80295,14.44148,2.7576,0.3229,3 3 19 69 50 109 55
209,SIPP_2^2,"23,7,0","27,46,0",1,430.0,243,0.06569,35.35534,7.85398,15.70796,2 2 2 2 2 2 2 2 2 2 2 2 2 2 2 2 2 2 2 2 2 2 2 2 2 2 2 2 2 2 2 2 2 2 2 2 2 1 1 2 1 2 1
209,SIPP_2^3,"23,7,0","27,46,0",1,406.568544,192,0.08223,27.40917,5.49779,10.99557,4 4 4 4 4 4 4 4 4 4 4 4 4 4 4 4 4 4 4 4 4 4 4 4 4 4 4 4 4 3 4 4 4 3 4 3 4 4 3
209,SIPP_2^4,"23,7,0","27,46,0",1,399.44272,153,0.1886,6.98569,1.39094,2.78189,8 8 8 8 8 8 8 8 8 8 8 8 8 8 8 8 8 8 8 8 8 8 8 8 8 8 8 8 8 7 7 7 8 8 7
209,SIPP_2^5,"23,7,0","27,46,0",1,396.49110799999994,129,0.43664,8.0692,1.60875,3.21751,16 16 16 16 16 16 16 16 16 16 16 16 16 16 16 16 16 16 16 16 16 16 16 16 16 15 15 16 15 16 15
209,SIPP_BigCS,"23,7,8","27,46,7",1,398.0,425,2.64062,8.01818,1.5592,0.1716,360 4 0 4 0 12 304
209,SIPP_Standard,"23,7,8","27,46,7",1,401.0,39,0.10221,6.75321,1.3299,0.1489,44 0 0 0 4
210,SIPP_2^2,"6,1,0","6,54,0",1,530.0,53,0.00959,0.0,0.0,0.0,2 2 2 2 2 2 2 2 2 2 2 2 2 2 2 2 2 2 2 2 2 2 2 2 2 2 2 2 2 2 2 2 2 2 2 2 2 2 2 2 2 2 2 2 2 2 2 2 2 2 2 2 2
210,SIPP_2^3,"6,1,0","6,54,0",1,530.0,53,0.01878,0.0,0.0,0.0,4 4 4 4 4 4 4 4 4 4 4 4 4 4 4 4 4 4 4 4 4 4 4 4 4 4 4 4 4 4 4 4 4 4 4 4 4 4 4 4 4 4 4 4 4 4 4 4 4 4 4 4 4
210,SIPP_2^4,"6,1,0","6,54,0",1,530.0,53,0.05302,0.0,0.0,0.0,8 8 8 8 8 8 8 8 8 8 8 8 8 8 8 8 8 8 8 8 8 8 8 8 8 8 8 8 8 8 8 8 8 8 8 8 8 8 8 8 8 8 8 8 8 8 8 8 8 8 8 8 8
210,SIPP_2^5,"6,1,0","6,54,0",1,530.0,53,0.14172,0.0,0.0,0.0,16 16 16 16 16 16 16 16 16 16 16 16 16 16 16 16 16 16 16 16 16 16 16 16 16 16 16 16 16 16 16 16 16 16 16 16 16 16 16 16 16 16 16 16 16 16 16 16 16 16 16 16 16
210,SIPP_BigCS,"6,1,3","6,54,1",1,530.0,11,0.06704,0.0,0.0,0.0,0 0 0 0 0 0 4 4 4 4 4
210,SIPP_Standard,"6,1,3","6,54,1",1,560.0,509,0.83648,12.2687,2.3533,0.3267,52 104 39 0 0 0 0
211,SIPP_2^2,"48,61,0","26,33,0",1,500.0,789,0.16086,84.85281,18.84956,37.69911,3 0 0 0 0 0 0 0 0 0 0 0 0 0 0 0 0 0 0 0 0 3 3 3 3 0 0 3 0 3 3 3 3 3 3 3 3 3 3 3 0 0 3 3 3 0 3 0 0 3
211,SIPP_2^3,"48,61,0","26,33,0",1,371.12699199999986,188,0.07363,31.50286,6.28319,12.56637,7 7 7 7 7 7 7 7 7 7 7 7 7 0 7 7 0 7 0 0 0 7 7 7 7 7 0 7
211,SIPP_2^4,"48,61,0","26,33,0",1,360.4382559999999,102,0.1132,6.43042,1.287,2.57401,14 14 14 14 14 14 14 14 14 14 14 14 15 14 14 15 15 15 15 15 14 14
211,SIPP_2^5,"48,61,0","26,33,0",1,359.0963469999999,84,0.26193,2.23011,0.44611,0.89221,28 28 28 28 28 28 28 28 28 28 28 28 28 29 29 30 30 30 29
211,SIPP_BigCS,"48,61,15","26,33,3",1,357.0,78,0.54644,5.44449,0.9621,0.1906,102 102 102 102 102 102 102 102 102 102 102 102 182 202 202 202 202 322
211,SIPP_Standard,"48,61,15","26,33,3",1,399.0,423,0.91231,13.55965,2.6159,0.2813,50 69 50 85 18
212,SIPP_2^2,"52,5,0","47,4,0",1,60.0,6,0.00145,7.07107,1.5708,3.14159,3 3 3 3 3 0
212,SIPP_2^3,"52,5,0","47,4,0",1,54.142136,5,0.00179,3.82683,0.7854,1.5708,6 6 6 6 7
212,SIPP_2^4,"52,5,0","47,4,0",1,52.36068,4,0.00404,2.29753,0.46365,0.9273,12 12 12 13
212,SIPP_2^5,"52,5,0","47,4,0",1,51.622777,3,0.0078,1.60182,0.32175,0.6435,24 24 25
212,SIPP_BigCS,"52,5,12","47,4,2",1,53.0,5,0.11047,3.85319,0.7822,0.2486,7 7 75
212,SIPP_Standard,"52,5,12","47,4,2",1,423.0,583,0.98118,24.46366,4.706,0.8137,25 104 43 85 2
213,SIPP_2^2,"42,57,0","60,48,0",1,270.0,224,0.04294,49.49747,10.99557,21.99115,0 0 0 0 0 1 0 1 1 1 1 1 1 1 0 0 1 1 1 1 1 1 1 1 1 0 1
213,SIPP_2^3,"42,57,0","60,48,0",1,217.27922399999994,105,0.03945,19.69537,3.92699,7.85398,2 2 2 2 1 2 1 1 1 1 1 1 1 2 2 2 2 1
213,SIPP_2^4,"42,57,0","60,48,0",1,201.24612,9,0.00968,0.0,0.0,0.0,3 3 3 3 3 3 3 3 3
213,SIPP_2^5,"42,57,0","60,48,0",1,201.24612,9,0.02667,0.0,0.0,0.0,6 6 6 6 6 6 6 6 6
213,SIPP_BigCS,"42,57,13","60,48,13",1,200.0,3,0.11768,1.40227,0.0,0.0,193 193 201
213,SIPP_Standard,"42,57,13","60,48,13",1,238.0,88,0.14813,9.88355,1.8902,0.2936,32 65 49
214,SIPP_2^2,"8,28,0","16,26,0",0,-1,0,0.0,0.0,0.0,0.0,
214,SIPP_2^3,"8,28,0","16,26,0",0,-1,0,0.0,0.0,0.0,0.0,
214,SIPP_2^4,"8,28,0","16,26,0",0,-1,0,0.0,0.0,0.0,0.0,
214,SIPP_2^5,"8,28,0","16,26,0",0,-1,0,0.0,0.0,0.0,0.0,
214,SIPP_BigCS,"8,28,0","16,26,0",0,-1,0,0.0,0.0,0.0,0.0,
214,SIPP_Standard,"8,28,5","16,26,0",0,-1,0,2e-05,0.0,0.0,0.0,
215,SIPP_2^2,"21,34,0","48,58,0",1,510.0,803,0.16759,56.56854,12.56637,25.13274,1 1 1 1 1 1 1 1 1 1 1 1 1 1 1 1 1 1 1 1 1 1 2 1 2 2 2 2 2 1 1 2 2 2 2 2 2 2 2 2 2 2 2 2 2 2 2 2 1 2 1
215,SIPP_2^3,"21,34,0","48,58,0",1,369.41126399999985,53,0.02014,11.68585,2.35619,4.71239,2 2 3 3 3 3 3 3 3 3 3 3 3 3 3 3 3 3 2 3 3 3 3 3 3 3 3
215,SIPP_2^4,"21,34,0","48,58,0",1,367.62980799999985,51,0.05285,7.05134,1.4289,2.8578,4 4 6 6 6 6 6 6 6 6 6 6 6 6 6 6 6 6 5 6 6 6 6 6 6 6
215,SIPP_2^5,"21,34,0","48,58,0",1,367.1825049999999,49,0.15392,5.80127,1.18019,2.36038,8 8 12 12 12 12 12 12 12 12 12 12 12 12 12 12 12 12 11 12 12 12 12 12 12
215,SIPP_BigCS,"21,34,5","48,58,8",1,367.0,17,0.15382,12.32593,2.4236,0.3426,49 352 100 100 100 100 100 100 124 255
215,SIPP_Standard,"21,34,5","48,58,8",1,410.0,71,0.15755,20.11195,3.903,0.5405,21 48 87 8 36
216,SIPP_2^2,"63,63,0","10,45,0",0,-1,0,0.0,0.0,0.0,0.0,
216,SIPP_2^3,"63,63,0","10,45,0",0,-1,0,0.0,0.0,0.0,0.0,
216,SIPP_2^4,"63,63,0","10,45,0",0,-1,0,0.0,0.0,0.0,0.0,
216,SIPP_2^5,"63,63,0","10,45,0",0,-1,0,0.0,0.0,0.0,0.0,
216,SIPP_BigCS,"63,63,0","10,45,0",0,-1,0,0.0,0.0,0.0,0.0,
216,SIPP_Standard,"63,63,10","10,45,3",0,-1,0,2e-05,0.0,0.0,0.0,
217,SIPP_2^2,"60,26,0","38,44,0",1,429.07486700000004,613,0.13501,56.56854,12.56637,25.13274,3 3 3 3 3 -29.013 3 -0.029 3 -0.034 3 3 3 3 3 3 2 3 3 3 3 2 2 2 3 3 3 2 3 2 2 2 2 2 2 2 2 2 2 2 2 2 3
217,SIPP_2^3,"60,26,0","38,44,0",1,311.1269919999999,211,0.08459,8.87037,1.5708,3.14159,5 5 5 5 5 5 5 5 5 5 5 5 5 5 5 5 5 5 5 5 7 7
217,SIPP_2^4,"60,26,0","38,44,0",1,299.661848,192,0.21851,10.41094,2.0724,4.1448,10 10 10 10 11 11 11 11 11 11 10 10 10 11 10 8 8 8
217,SIPP_2^5,"60,26,0","38,44,0",1,297.099516,187,0.57126,4.98905,0.98279,1.96559,21 21 21 21 21 21 21 -0.569 20 16 16 16
217,SIPP_BigCS,"60,26,2","38,44,13",1,297.0,770,4.42634,6.4322,1.1057,0.1081,203 203 203 203 203 203 219 131
217,SIPP_Standard,"60,26,2","38,44,13",1,327.0,199,0.46361,13.05906,2.5421,0.3262,70 51 78 107
218,SIPP_2^2,"20,6,0","10,43,0",1,470.0,547,0.12353,35.35534,7.85398,15.70796,2 2 2 2 2 2 2 2 2 2 2 2 2 2 2 2 2 2 2 2 2 2 2 2 2 2 2 2 2 2 2 2 2 2 2 3 3 3 3 3 3 2 3 3 3 2 3
218,SIPP_2^3,"20,6,0","10,43,0",1,417.27922399999994,411,0.16176,27.81446,5.49779,10.99557,4 4 4 4 4 4 4 4 4 4 4 4 4 4 4 4 4 4 4 4 4 4 4 4 5 5 4 5 5 4 4 4 5 5 5 5 6 5
218,SIPP_2^4,"20,6,0","10,43,0",1,398.32816,265,0.2946,25.60646,5.10012,10.20025,8 9 9 9 8 8 9 8 9 9 9 8 8 9 9 8 8 9 9 8 8 8 8 8 7
218,SIPP_2^5,"20,6,0","10,43,0",1,389.4733239999999,170,0.53835,3.21219,0.6435,1.287,17 17 17 17 17 17 17 17 17 17 17 16 15
218,SIPP_BigCS,"20,6,0","10,43,9",1,393.0,822,5.14692,15.0031,2.8634,0.3977,206 206 310 4 4 84 310 84 382
218,SIPP_Standard,"20,6,0","10,43,9",1,410.0,248,0.57935,17.50351,3.3942,0.4304,39 20 51 94 8
219,SIPP_2^2,"18,16,0","15,47,0",1,340.0,142,0.0654,21.2132,4.71239,9.42478,2 2 2 2 2 2 2 2 2 2 2 2 2 2 2 2 2 2 2 2 2 2 2 2 2 2 2 2 2 2 3 3 2 3
219,SIPP_2^3,"18,16,0","15,47,0",1,328.284272,183,0.06109,11.59279,2.35619,4.71239,4 4 4 4 4 4 4 4 4 4 4 4 4 4 4 4 4 4 4 4 4 4 4 4 4 4 4 4 4 5 6 5
219,SIPP_2^4,"18,16,0","15,47,0",1,326.32289399999996,208,0.2069,3.91376,0.7854,1.5708,8 8 8 8 8 8 8 8 8 8 8 8 8 8 8 8 8 8 8 8 8 8 8 8 8 8 9 -7.459 9 10
219,SIPP_2^5,"18,16,0","15,47,0",1,326.055513,227,0.65656,4.71858,0.98279,1.96559,16 16 16 16 16 16 16 16 16 16 16 16 16 16 16 16 16 16 16 16 16 16 16 16 16 16 16 16 16 21
219,SIPP_BigCS,"18,16,15","15,47,5",1,326.00534300000004,1002,7.65051,6.79524,1.3532,0.1828,366 0 0 -8.005 44
219,SIPP_Standard,"18,16,15","15,47,5",1,330.0,95,0.28037,13.08095,2.5773,0.3616,39 0 4 104
220,SIPP_2^2,"16,11,0","15,30,0",1,200.0,20,0.00417,14.14214,3.14159,6.28319,2 2 2 2 2 2 2 2 2 2 2 2 2 2 2 2 2 2 3 2
220,SIPP_2^3,"16,11,0","15,30,0",1,194.142136,19,0.00744,3.82683,0.7854,1.5708,4 4 4 4 4 4 4 4 4 4 4 4 4 4 4 4 4 4 5
220,SIPP_2^4,"16,11,0","15,30,0",1,192.36068,18,0.02079,2.29753,0.46365,0.9273,8 8 8 8 8 8 8 8 8 8 8 8 8 8 8 8 8 9
220,SIPP_2^5,"16,11,0","15,30,0",1,191.62277699999999,17,0.05478,1.60182,0.32175,0.6435,16 16 16 16 16 16 16 16 16 16 16 16 16 16 16 16 17
220,SIPP_BigCS,"16,11,10","15,30,2",1,192.0,17,0.1447,2.74653,0.5456,0.0552,4 4 4 0 40
220,SIPP_Standard,"16,11,10","15,30,2",1,241.0,97,0.26213,11.51746,2.2207,0.3118,75 110 52
221,SIPP_2^2,"35,51,0","49,16,0",1,490.0,701,0.14326,56.56854,12.56637,25.13274,1 1 1 1 1 1 1 0 0 0 0 0 0 0 0 0 0 0 0 0 0 0 1 1 1 0 0 0 0 0 0 0 0 0 0 0 0 0 0 0 0 0 1 0 1 1 0 0 1
221,SIPP_2^3,"35,51,0","49,16,0",1,407.9899039999999,373,0.15103,39.69827,7.85398,15.70796,1 1 1 1 1 1 1 1 1 0 0 0 0 0 0 1 0 0 0 0 0 0 1 0 1 0 0 0 0 0 0 1 0 0 1
221,SIPP_2^4,"35,51,0","49,16,0",1,383.04952,146,0.17918,18.57951,3.70918,7.41836,1 1 1 1 1 1 1 1 1 1 0 0 1 0 0 0 1 0 1 0 1
221,SIPP_2^5,"35,51,0","49,16,0",1,377.8841989999999,67,0.24778,3.54665,0.70949,1.41897,2 1 2 2 2 2 2 1 1 1 1 1 2 1
221,SIPP_BigCS,"35,51,1","49,16,7",1,378.0,64,0.62142,8.66459,1.4752,0.1625,204 204 204 204 204 204 204 204 308 86 308
221,SIPP_Standard,"35,51,1","49,16,7",1,397.0,242,0.70903,13.404,2.6033,0.3205,37 2 22 49 76
222,SIPP_2^2,"40,61,0","63,53,0",0,-1,0,0.0,0.0,0.0,0.0,
222,SIPP_2^3,"40,61,0","63,53,0",0,-1,0,0.0,0.0,0.0,0.0,
222,SIPP_2^4,"40,61,0","63,53,0",0,-1,0,0.0,0.0,0.0,0.0,
222,SIPP_2^5,"40,61,0","63,53,0",0,-1,0,0.0,0.0,0.0,0.0,
222,SIPP_BigCS,"40,61,0","63,53,0",0,-1,0,0.0,0.0,0.0,0.0,
222,SIPP_Standard,"40,61,2","63,53,6",0,-1,119449,180.00209,0.0,0.0,0.0,
223,SIPP_2^2,"43,2,0","18,12,0",1,350.0,295,0.06234,21.2132,4.71239,9.42478,3 3 3 3 3 3 3 3 3 3 3 3 3 3 3 3 3 3 3 3 3 3 3 3 2 2 2 2 2 2 2 2 2 3 2
223,SIPP_2^3,"43,2,0","18,12,0",1,291.42135999999994,183,0.07268,27.80602,5.49779,10.99557,6 6 6 6 6 6 6 6 6 6 6 5 6 5 5 5 5 5 6 5 6 6 5 5 5
223,SIPP_2^4,"43,2,0","18,12,0",1,278.951168,131,0.1433,10.95174,2.17634,4.35268,11 12 12 12 12 12 12 11 11 12 12 11 11 11 11 10 10 10
223,SIPP_2^5,"43,2,0","18,12,0",1,275.432777,111,0.31699,5.54844,1.10715,2.2143,23 23 23 23 23 24 23 23 -1.647 20 20 20
223,SIPP_BigCS,"43,2,10","18,12,3",1,277.0,459,2.41513,9.27521,1.7513,0.3498,7 83 203 203 307 7 67 103 103 103
223,SIPP_Standard,"43,2,10","18,12,3",1,329.0,301,0.54454,11.78333,2.1298,0.3269,51 78 99 61
224,SIPP_2^2,"62,4,0","5,12,0",1,650.0,620,0.11811,63.63961,14.13717,28.27433,3 3 3 3 3 3 3 3 3 3 3 3 3 3 3 3 3 3 3 3 3 3 3 3 3 3 3 3 3 3 3 3 3 3 3 3 2 2 3 3 3 2 2 3 3 3 3 3 3 3 3 3 3 3 2 2 3 3 3 2 3 3 3 3 2
224,SIPP_2^3,"62,4,0","5,12,0",1,603.137088,523,0.16251,23.85587,4.71239,9.42478,6 6 6 6 6 6 6 6 6 6 6 6 6 6 6 5 5 6 6 5 5 5 5 5 6 6 6 6 6 6 6 6 6 6 6 6 6 6 6 6 6 6 6 6 6 6 6 6 5 6 6 6 6 6 6 6 6
224,SIPP_2^4,"62,4,0","5,12,0",1,588.88544,392,0.38342,6.96458,1.39094,2.78189,12 12 12 12 12 12 12 12 12 12 12 12 12 12 12 12 12 12 12 12 12 12 12 12 12 12 12 12 12 12 12 12 12 12 12 12 12 12 12 11 11 11 11 11 11 11 12 12 11
224,SIPP_2^5,"62,4,0","5,12,0",1,582.9822159999999,283,0.69156,4.84828,0.96525,1.9305,23 23 23 23 23 23 23 24 24 24 24 24 24 24 24 24 24 24 24 24 24 24 24 24 24 24 24 24 24 24 24 24 23 24 24 24 24 24 24 24 24
224,SIPP_BigCS,"62,4,11","5,12,13",1,586.0,1289,5.84298,10.00793,1.9382,0.2024,7 7 7 7 7 7 3 3 3 7 83 307 83 307
224,SIPP_Standard,"62,4,11","5,12,13",1,642.0,2902,4.76473,22.656,4.3266,0.5559,3 19 109 55 67 55 107 50
225,SIPP_2^2,"46,41,0","6,28,0",1,547.630809,897,0.18948,63.63961,14.13717,28.27433,3 3 3 3 3 3 3 3 3 3 3 3 3 3 3 3 0 3 3 3 3 3 3 3 3 3 3 3 3 3 3 0 3 0 0 3 -15.804 3 -0.909 3 -0.918 3 3 3 3 0 0 0 0 0 0 0 0 3 3 0
225,SIPP_2^3,"46,41,0","6,28,0",1,453.8477679999999,433,0.15198,40.0369,7.85398,15.70796,7 7 7 7 7 7 7 6 6 6 6 6 6 6 7 7 6 6 7 6 6 6 6 6 6 6 6 6 6 6 6 6 7 6 6 7 6 6 6 7
225,SIPP_2^4,"46,41,0","6,28,0",1,430.68883999999997,244,0.25119,11.63892,2.31824,4.63648,13 13 13 13 13 13 13 13 13 13 12 13 13 12 12 12 12 12 12 12 12 12 13 12 12 12 12
225,SIPP_2^5,"46,41,0","6,28,0",1,421.09610099999986,37,0.1037,3.22782,0.6435,1.287,25 25 25 25 25 25 25 25 25 25 25 25 24 25
225,SIPP_BigCS,"46,41,10","6,28,10",1,426.0,458,3.33038,11.02486,1.9474,0.2101,205 205 205 205 205 309 87 205 205 365 59
225,SIPP_Standard,"46,41,10","6,28,10",1,429.0,43,0.1607,10.02888,1.6881,0.1714,19 61 61 93 19
226,SIPP_2^2,"15,12,0","14,43,0",1,342.683407,180,0.08761,21.2132,4.71239,9.42478,2 2 2 2 2 2 2 2 2 2 2 2 2 2 2 2 2 2 2 2 2 1 2 2 2 2 2 2 2 2 2 -2.683 2 3 3
226,SIPP_2^3,"15,12,0","14,43,0",1,340.32276499999995,284,0.10244,15.5256,3.14159,6.28319,4 4 4 4 4 4 4 4 4 4 4 4 4 4 4 4 4 4 4 4 4 4 4 4 4 4 4 4 3 4 -12.038 5 6
226,SIPP_2^4,"15,12,0","14,43,0",1,339.389273,319,0.33352,17.47565,3.42539,6.85077,8 8 8 8 8 8 8 8 8 8 8 8 8 8 8 8 8 8 8 8 8 7 8 8 8 8 7 8 -1.782 11 -0.526 12
226,SIPP_2^5,"15,12,0","14,43,0",1,339.389273,332,0.956,11.76501,2.2143,4.42859,16 16 16 16 16 16 16 16 16 16 16 16 16 16 16 16 16 16 16 16 16 16 16 16 15 15 -3.258 22 -0.526 24
226,SIPP_BigCS,"15,12,5","14,43,3",1,339.337544,1858,11.49205,13.20454,2.5728,0.7612,4 4 4 4 4 4 4 0 4 12 200 336 -4.338 334
226,SIPP_Standard,"15,12,5","14,43,3",1,351.58888,205,0.51213,8.63736,1.7026,0.232,88 0 0 -17.589 24
227,SIPP_2^2,"19,13,0","42,46,0",1,560.0,1072,0.22562,113.13708,25.13274,50.26548,2 2 2 2 2 2 2 2 2 2 2 2 2 2 2 2 2 2 2 2 2 2 1 1 2 1 1 1 2 1 1 1 1 1 1 1 1 2 2 1 1 1 2 1 1 1 2 2 2 1 2 1 2 1 1 2
227,SIPP_2^3,"19,13,0","42,46,0",1,425.26912799999985,320,0.11551,38.91099,7.85398,15.70796,3 4 3 4 4 4 4 3 3 3 3 3 3 3 3 3 3 3 3 4 3 4 3 4 4 4 3 3 3 3 3 3 3
227,SIPP_2^4,"19,13,0","42,46,0",1,407.4545679999999,173,0.17626,8.05556,1.60875,3.21751,7 7 7 7 7 7 7 7 6 6 6 6 6 7 6 6 7 6 6 6 6 6 6
227,SIPP_2^5,"19,13,0","42,46,0",1,402.981538,56,0.17385,2.96525,0.59219,1.18437,13 13 13 13 13 13 13 13 13 12 13 12 12
227,SIPP_BigCS,"19,13,2","42,46,9",1,402.0,17,0.17835,8.75712,1.6286,0.107,200 200 216 180 248 180 248
227,SIPP_Standard,"19,13,2","42,46,9",1,402.0,10,0.04377,8.44902,1.6074,0.0838,64 52 64 52 64
228,SIPP_2^2,"48,41,0","31,14,0",1,440.0,646,0.13246,56.56854,12.56637,25.13274,0 0 0 0 0 0 0 0 0 0 0 0 0 0 0 0 0 0 0 0 0 0 3 3 3 3 3 3 0 3 3 3 3 3 3 0 3 0 0 3 3 3 3 0
228,SIPP_2^3,"48,41,0","31,14,0",1,340.4163119999999,229,0.09085,15.52103,3.14159,6.28319,7 7 7 7 7 7 7 7 7 7 7 7 7 7 0 0 7 7 0 0 0 0 0 0 0 0 7
228,SIPP_2^4,"48,41,0","31,14,0",1,322.6017519999999,97,0.1131,8.06292,1.60875,3.21751,15 15 15 15 15 15 15 15 14 15 14 14 15 14 14 14 14
228,SIPP_2^5,"48,41,0","31,14,0",1,319.47063099999997,33,0.09997,2.48827,0.49742,0.99484,29 29 29 29 29 30 29 30 30 29
228,SIPP_BigCS,"48,41,15","31,14,5",1,318.0,15,0.25492,4.41695,0.6528,0.0402,202 202 202 202 202 202 202 218 102 154
228,SIPP_Standard,"48,41,15","31,14,5",1,319.0,4,0.06515,5.76629,0.9646,0.055,54 58 66 54
229,SIPP_2^2,"52,32,0","56,47,0",1,190.0,84,0.02267,35.35534,7.85398,15.70796,2 2 2 2 2 2 2 2 2 1 1 2 2 2 2 1 2 2 1
229,SIPP_2^3,"52,32,0","56,47,0",1,170.614577,73,0.03317,15.60248,3.14159,6.28319,4 4 4 4 4 4 4 3 4 4 3 3 3 -2.899 4 -1.147 4
229,SIPP_2^4,"52,32,0","56,47,0",1,170.614577,87,0.10713,4.63248,0.9273,1.85459,8 8 8 8 8 7 7 7 7 -10.025 8 -1.147 8
229,SIPP_2^5,"52,32,0","56,47,0",1,170.614577,91,0.29907,4.84637,0.96525,1.9305,15 15 16 15 15 -12.977 16 -1.147 16
229,SIPP_BigCS,"52,32,4","56,47,7",1,170.517412,339,1.58718,4.95204,0.9691,0.1012,4 4 80 -12.517 304
229,SIPP_Standard,"52,32,4","56,47,7",1,170.52309,16,0.04571,5.68818,1.1057,0.1711,87 -3.523 0
230,SIPP_2^2,"28,44,0","19,4,0",1,490.0,537,0.12757,84.85281,18.84956,37.69911,0 0 0 0 0 0 0 0 0 0 0 0 0 0 0 0 0 0 0 3 3 0 0 0 3 3 3 0 3 0 0 0 0 0 0 0 0 0 0 3 0 0 0 0 0 3 0 3 0
230,SIPP_2^3,"28,44,0","19,4,0",1,437.27922399999994,355,0.12769,19.88016,3.92699,7.85398,0 0 0 0 0 0 0 0 0 0 0 0 0 0 0 0 0 0 0 0 0 0 0 0 0 0 0 0 7 7 7 0 0 7 7 7 7 7 0 7
230,SIPP_2^4,"28,44,0","19,4,0",1,421.24612,244,0.25743,11.65212,2.31824,4.63648,0 0 0 0 0 0 0 0 0 0 0 0 0 0 0 0 0 0 15 15 15 15 15 15 15 0 0 15 0 0 15
230,SIPP_2^5,"28,44,0","19,4,0",1,414.6049929999999,153,0.45712,11.26483,2.25225,4.50451,0 0 0 0 0 0 31 31 31 31 31 0 31 0 0 0 31 31 0 0 0 31
230,SIPP_BigCS,"28,44,1","19,4,1",1,418.0,686,4.98687,13.39356,2.5297,0.2666,202 362 6 14 202 362 82 306
230,SIPP_Standard,"28,44,1","19,4,1",1,420.0,52,0.17039,14.75921,2.8306,0.2876,6 90 6 90 6
231,SIPP_2^2,"15,38,0","31,32,0",1,220.0,115,0.02253,49.49747,10.99557,21.99115,1 1 0 0 0 1 1 1 1 1 1 1 1 1 1 0 1 1 1 0 1 0
231,SIPP_2^3,"15,38,0","31,32,0",1,184.852816,52,0.0176,24.0401,4.71239,9.42478,1 1 1 2 2 2 2 2 1 2 2 2 1 2 2 1
231,SIPP_2^4,"15,38,0","31,32,0",1,179.508448,42,0.0406,13.32038,2.63999,5.27998,2 2 2 4 4 3 4 3 3 4 4 4 4
231,SIPP_2^5,"15,38,0","31,32,0",1,177.294739,26,0.07619,5.54929,1.10715,2.2143,4 4 4 7 7 8 8 8 8 7
231,SIPP_BigCS,"15,38,14","31,32,1",1,178.0,31,0.22058,8.28353,1.5771,0.2611,236 81 201
231,SIPP_Standard,"15,38,14","31,32,1",1,204.56296700000001,27,0.05863,6.51253,1.1565,0.2278,-27.563 57 97
232,SIPP_2^2,"2,50,0","0,29,0",0,-1,0,0.0,0.0,0.0,0.0,
232,SIPP_2^3,"2,50,0","0,29,0",0,-1,0,0.0,0.0,0.0,0.0,
232,SIPP_2^4,"2,50,0","0,29,0",0,-1,0,0.0,0.0,0.0,0.0,
232,SIPP_2^5,"2,50,0","0,29,0",0,-1,0,0.0,0.0,0.0,0.0,
232,SIPP_BigCS,"2,50,0","0,29,0",0,-1,0,0.0,0.0,0.0,0.0,
232,SIPP_Standard,"2,50,15","0,29,4",0,-1,118969,180.00022,0.0,0.0,0.0,
233,SIPP_2^2,"36,41,0","60,57,0",1,400.0,533,0.11042,56.56854,12.56637,25.13274,1 1 1 1 1 1 1 1 1 1 1 1 1 1 1 1 1 1 2 2 2 2 2 2 1 1 2 2 2 1 1 2 2 1 2 2 2 2 2 1
233,SIPP_2^3,"36,41,0","60,57,0",1,306.2741759999999,178,0.07145,23.19385,4.71239,9.42478,3 3 3 3 3 3 3 3 3 3 3 3 3 2 2 2 3 2 2 2 2 3 2 3
233,SIPP_2^4,"36,41,0","60,57,0",1,292.02252799999997,86,0.09935,4.84722,0.96525,1.9305,5 5 5 5 5 5 5 6 6 6 5 6 6 6 6 6
233,SIPP_2^5,"36,41,0","60,57,0",1,288.444104,8,0.02522,0.0,0.0,0.0,11 11 11 11 11 11 11 11
233,SIPP_BigCS,"36,41,11","60,57,13",1,288.0,11,0.11865,5.48532,0.975,0.0607,207 207 207 223 176 255
233,SIPP_Standard,"36,41,11","60,57,13",1,317.0,191,0.30603,7.44876,1.4273,0.1284,52 64 36 1
234,SIPP_2^2,"26,7,0","44,42,0",1,530.0,892,0.18216,106.06602,23.56194,47.12389,2 2 2 2 2 2 2 2 2 2 2 2 2 2 2 2 2 2 2 2 2 2 2 2 1 2 2 1 2 1 2 1 1 1 1 1 1 1 1 2 1 1 1 2 2 1 1 2 2 1 2 2 1
234,SIPP_2^3,"26,7,0","44,42,0",1,424.5584479999999,396,0.15543,23.47943,4.71239,9.42478,3 3 3 3 3 3 3 3 3 3 3 3 4 4 4 4 4 4 4 4 4 4 4 4 4 4 3 3 4 3 3 3 4 4 3
234,SIPP_2^4,"26,7,0","44,42,0",1,394.273696,35,0.0396,1.60562,0.32175,0.6435,7 7 7 7 7 7 7 7 7 7 7 7 7 7 7 7 7 6
234,SIPP_2^5,"26,7,0","44,42,0",1,393.826393,32,0.09763,0.62174,0.12436,0.24871,14 14 14 14 14 14 14 14 14 14 14 14 14 14 14 14 13
234,SIPP_BigCS,"26,7,0","44,42,1",1,394.0,176,1.17236,7.55484,1.1038,0.2689,64 180 192 192 192 200
234,SIPP_Standard,"26,7,0","44,42,1",1,403.0,84,0.19057,12.4863,2.4072,0.2437,52 64 52 88 8
235,SIPP_2^2,"51,54,0","3,12,0",1,900.0,2966,0.65316,120.20815,26.70354,53.40708,3 3 3 3 3 3 3 3 3 3 3 3 3 3 3 3 3 3 3 3 3 3 3 3 3 3 3 3 3 3 3 3 3 3 3 3 3 3 3 0 0 0 0 3 0 0 0 0 0 0 0 0 3 0 0 0 0 0 0 0 0 0 0 0 0 3 0 0 0 0 0 0 0 0 3 0 0 0 0 3 0 0 3 0 3 3 0 0 3 0
235,SIPP_2^3,"51,54,0","3,12,0",1,653.9697120000001,406,0.15202,31.93857,6.28319,12.56637,7 7 7 7 7 7 7 7 7 7 7 7 7 7 7 7 7 7 7 7 7 7 7 7 7 7 7 7 7 7 7 7 7 7 7 7 6 7 6 7 7 6 7 7 6 6 6 7
235,SIPP_2^4,"51,54,0","3,12,0",1,643.2809759999998,301,0.31027,1.61724,0.32175,0.6435,14 14 14 14 14 14 14 14 14 14 14 14 14 14 14 14 14 14 14 14 14 14 14 14 14 14 14 14 14 14 14 14 14 14 14 14 13 13 13 13 13 13
235,SIPP_2^5,"51,54,0","3,12,0",1,640.5971579999999,231,0.6315,2.95986,0.59219,1.18437,28 28 28 28 28 28 28 28 28 28 28 28 28 28 28 28 28 28 28 28 28 28 28 28 28 28 28 27 28 28 28 27 27 27 27 27
235,SIPP_BigCS,"51,54,13","3,12,13",1,636.0,40,0.30425,6.99966,1.3056,0.0804,102 102 102 102 102 102 102 102 102 102 102 102 102 102 102 102 102 102 102 102 102 102 102 102 126 221 126 221
235,SIPP_Standard,"51,54,13","3,12,13",1,643.0,106,0.21624,8.49406,1.6076,0.0897,30 30 50 69 50 69 30 54
236,SIPP_2^2,"14,43,0","23,28,0",1,240.0,180,0.04065,49.49747,10.99557,21.99115,0 0 0 0 0 0 0 0 0 0 0 1 1 1 1 1 1 0 0 1 0 1 0 1
236,SIPP_2^3,"14,43,0","23,28,0",1,187.27922399999997,70,0.02847,19.61218,3.92699,7.85398,0 1 0 0 0 1 1 1 0 0 1 1 1 1 1
236,SIPP_2^4,"14,43,0","23,28,0",1,176.59048799999997,28,0.03116,1.60648,0.32175,0.6435,1 1 1 1 1 1 2 2 2
236,SIPP_2^5,"14,43,0","23,28,0",1,175.24857899999998,15,0.04513,2.4882,0.49742,0.99484,3 2 2 3 2 3
236,SIPP_BigCS,"14,43,4","23,28,7",1,174.0,5,0.10172,2.1562,0.3214,0.0144,204 204 204 204 220
236,SIPP_Standard,"14,43,4","23,28,7",1,175.0,2,0.02854,2.37631,0.3214,0.0144,60 68
237,SIPP_2^2,"40,9,0","48,7,0",1,100.0,21,0.00525,28.28427,6.28319,12.56637,1 1 1 1 1 0 1 1 0 1
237,SIPP_2^3,"40,9,0","48,7,0",1,88.28427199999999,14,0.00655,11.59279,2.35619,4.71239,2 2 2 2 1 2 2 1
237,SIPP_2^4,"40,9,0","48,7,0",1,84.72136,10,0.0129,6.94722,1.39094,2.78189,4 4 3 4 4 3
237,SIPP_2^5,"40,9,0","48,7,0",1,83.245554,7,0.02348,3.22267,0.6435,1.287,7 8 8 7
237,SIPP_BigCS,"40,9,8","48,7,2",1,84.0,7,0.1024,2.36385,0.463,0.0399,5 81
237,SIPP_Standard,"40,9,8","48,7,2",1,86.0,1,0.02667,4.17478,0.8457,0.1277,9
238,SIPP_2^2,"9,58,0","46,39,0",1,560.0,947,0.20677,148.49242,32.98672,65.97345,0 0 0 0 0 1 0 0 0 0 1 1 1 1 1 0 1 1 1 1 1 1 0 0 1 0 1 1 1 1 0 1 1 1 1 1 1 1 0 1 1 1 1 0 1 0 1 0 1 1 1 1 1 1 0 1
238,SIPP_2^3,"9,58,0","46,39,0",1,448.7005839999999,438,0.18631,31.48136,6.28319,12.56637,1 1 1 1 1 1 1 1 1 1 1 1 1 1 2 1 1 2 2 2 1 2 2 2 2 2 2 2 2 2 2 2 2 1 2 2 1
238,SIPP_2^4,"9,58,0","46,39,0",1,420.197288,96,0.11504,11.06167,2.2143,4.4286,3 3 3 3 3 2 2 3 2 3 3 3 3 3 3 3 3 3 4 4 3
238,SIPP_2^5,"9,58,0","46,39,0",1,417.379573,66,0.20216,3.99535,0.79876,1.59751,5 5 6 5 6 6 6 6 6 6 6 6 7 6 6 7
238,SIPP_BigCS,"9,58,0","46,39,3",1,416.0,32,0.2423,6.04472,0.8277,0.0816,101 181 193 193 201 201 201 201 305
238,SIPP_Standard,"9,58,0","46,39,3",1,424.0,34,0.09415,10.37937,1.7995,0.2625,57 65 53 57 97
239,SIPP_2^2,"53,43,0","55,26,0",1,190.0,41,0.01023,14.14214,3.14159,6.28319,0 0 0 0 0 0 0 0 0 0 0 1 1 0 0 0 0 0 0
239,SIPP_2^3,"53,43,0","55,26,0",1,178.284272,34,0.01587,7.75965,1.5708,3.14159,0 0 0 0 0 0 0 0 0 0 1 1 0 0 0 0 0
239,SIPP_2^4,"53,43,0","55,26,0",1,174.72136,28,0.03502,9.28787,1.85459,3.70918,0 0 0 0 0 0 0 0 1 0 1 0 0 0 0
239,SIPP_2^5,"53,43,0","55,26,0",1,173.245554,27,0.08431,3.21833,0.6435,1.287,0 0 0 0 0 0 0 1 1 0 0 0 0
239,SIPP_BigCS,"53,43,9","55,26,12",1,174.0,42,0.27745,5.02813,0.9783,0.1089,6 6 6 6 58 364
239,SIPP_Standard,"53,43,9","55,26,12",1,335.0,511,0.90761,20.91012,4.0632,0.7449,107 42 68 41
240,SIPP_2^2,"27,42,0","28,14,0",1,290.0,29,0.00592,7.07107,1.5708,3.14159,0 0 0 0 0 0 0 0 0 0 0 0 0 0 0 0 0 0 0 0 0 0 0 0 0 0 0 0 1
240,SIPP_2^3,"27,42,0","28,14,0",1,284.142136,28,0.01027,3.82683,0.7854,1.5708,0 0 0 0 0 0 0 0 0 0 0 0 0 0 0 0 0 0 0 0 0 0 0 0 0 0 0 1
240,SIPP_2^4,"27,42,0","28,14,0",1,282.36068,27,0.02854,2.29753,0.46365,0.9273,0 0 0 0 0 0 0 0 0 0 0 0 0 0 0 0 0 0 0 0 0 0 0 0 0 0 1
240,SIPP_2^5,"27,42,0","28,14,0",1,281.622777,26,0.07343,1.60182,0.32175,0.6435,0 0 0 0 0 0 0 0 0 0 0 0 0 0 0 0 0 0 0 0 0 0 0 0 0 1
240,SIPP_BigCS,"27,42,8","28,14,14",1,282.0,26,0.19669,2.74653,0.5456,0.0552,2 2 6 6 6 6 42
240,SIPP_Standard,"27,42,8","28,14,14",1,317.0,243,0.57626,10.89728,2.0858,0.2293,49 92 10 54
241,SIPP_2^2,"18,44,0","57,40,0",1,430.0,227,0.05306,42.42641,9.42478,18.84956,1 1 1 1 1 1 1 1 1 1 1 1 1 1 1 1 1 1 1 1 1 1 1 1 1 1 1 1 0 1 0 0 1 1 1 1 1 1 1 1 1 0 1
241,SIPP_2^3,"18,44,0","57,40,0",1,406.568544,185,0.07198,11.77758,2.35619,4.71239,2 2 2 2 2 2 2 2 2 2 1 1 1 2 2 2 2 2 2 2 2 2 2 2 2 2 2 2 2 2 2 2 2 2 2 2 2 2 1
241,SIPP_2^4,"18,44,0","57,40,0",1,399.44272,151,0.16541,11.66698,2.31824,4.63648,4 4 4 4 4 4 4 4 4 4 4 4 4 4 4 4 4 4 4 4 4 4 4 4 4 4 4 4 3 3 4 3 4 4 3
241,SIPP_2^5,"18,44,0","57,40,0",1,396.49110799999994,129,0.36722,4.83619,0.96525,1.9305,8 8 8 8 8 8 8 8 8 8 8 8 8 8 8 8 8 8 8 8 8 8 8 8 7 7 7 8 8 8 7
241,SIPP_BigCS,"18,44,12","57,40,14",1,398.0,424,2.48881,8.01818,1.5592,0.1716,361 5 5 5 1 5 5 5 5 5 5 5 13 305
241,SIPP_Standard,"18,44,12","57,40,14",1,401.0,36,0.15968,6.75321,1.3299,0.1489,45 1 1 1 5
242,SIPP_2^2,"28,62,0","17,18,0",1,550.0,714,0.19492,98.99495,21.99115,43.9823,0 0 0 0 0 0 0 0 0 0 0 0 0 0 0 0 0 0 0 0 3 0 3 3 0 0 3 0 3 3 3 0 0 0 0 0 0 0 0 0 0 0 3 0 0 0 0 0 3 0 0 0 3 3 0
242,SIPP_2^3,"28,62,0","17,18,0",1,485.56349599999993,452,0.16097,68.072,13.35177,26.70354,0 0 0 0 7 7 0 0 0 0 0 0 7 0 7 0 7 0 0 0 0 7 0 0 0 0 0 0 0 0 0 0 0 0 7 0 7 0 0 7 7 0 0 7
242,SIPP_2^4,"28,62,0","17,18,0",1,465.96748,300,0.32103,16.20122,3.24553,6.49107,0 0 0 0 0 0 0 0 0 0 0 0 0 0 0 0 0 0 15 15 15 15 15 0 15 0 0 15 15 15 15 0 15
242,SIPP_2^5,"28,62,0","17,18,0",1,457.8505469999999,169,0.46832,6.45106,1.287,2.574,31 31 31 31 31 31 31 31 0 0 0 0 31 31 0 0 0 0 0 0 0 31
242,SIPP_BigCS,"28,62,5","17,18,6",1,462.0,867,5.2759,12.74368,2.4443,0.2637,202 306 82 306 6 6 2 82 306
242,SIPP_Standard,"28,62,5","17,18,6",1,478.0,389,1.18804,9.3562,1.819,0.2268,2 2 2 10 54 74
243,SIPP_2^2,"0,39,0","15,45,0",0,-1,0,0.0,0.0,0.0,0.0,
243,SIPP_2^3,"0,39,0","15,45,0",0,-1,0,0.0,0.0,0.0,0.0,
243,SIPP_2^4,"0,39,0","15,45,0",0,-1,0,0.0,0.0,0.0,0.0,
243,SIPP_2^5,"0,39,0","15,45,0",0,-1,0,0.0,0.0,0.0,0.0,
243,SIPP_BigCS,"0,39,0","15,45,0",0,-1,0,0.0,0.0,0.0,0.0,
243,SIPP_Standard,"0,39,10","15,45,3",0,-1,0,1e-05,0.0,0.0,0.0,
244,SIPP_2^2,"34,32,0","17,46,0",1,310.0,326,0.06184,98.99495,21.99115,43.9823,3 3 3 3 3 3 3 3 3 2 2 3 2 3 3 2 2 3 2 2 2 3 2 2 2 3 2 3 2 2 3
244,SIPP_2^3,"34,32,0","17,46,0",1,227.98990399999994,53,0.01938,16.06829,3.14159,6.28319,5 5 5 5 5 5 5 6 6 5 5 5 5 6 5 5 5
244,SIPP_2^4,"34,32,0","17,46,0",1,222.64553599999996,42,0.04653,6.44411,1.287,2.574,10 10 10 10 10 11 11 10 10 11 10 10 10 10
244,SIPP_2^5,"34,32,0","17,46,0",1,221.30362699999995,34,0.12859,3.95383,0.78958,1.57916,20 20 20 21 21 20 20 20 20 21 20
244,SIPP_BigCS,"34,32,5","17,46,6",1,220.0,13,0.16204,5.27884,0.9948,0.0776,103 155 251 103 155
244,SIPP_Standard,"34,32,5","17,46,6",1,238.0,36,0.18201,9.3562,1.819,0.2268,11 51 78
245,SIPP_2^2,"25,19,0","14,61,0",1,530.0,685,0.13796,113.13708,25.13274,50.26548,2 2 2 2 2 2 2 2 2 2 2 2 2 3 2 2 2 3 2 2 2 2 2 2 2 2 2 3 3 3 2 2 2 2 2 2 2 3 2 3 2 2 2 2 2 3 2 3 3 2 2 3 2
245,SIPP_2^3,"25,19,0","14,61,0",1,465.56349599999993,432,0.15742,60.32843,11.78097,23.56195,4 5 5 5 5 4 5 4 4 4 4 4 4 4 4 4 4 4 4 4 5 4 4 4 5 4 4 4 4 4 5 4 5 4 4 4 4 4 5 4 4 5
245,SIPP_2^4,"25,19,0","14,61,0",1,445.96748,265,0.28887,20.98858,4.17283,8.34566,8 8 8 8 8 8 8 8 8 8 8 8 8 9 9 9 9 9 9 9 8 8 9 8 9 8 8 9 8 8 9
245,SIPP_2^5,"25,19,0","14,61,0",1,437.8505469999999,132,0.39334,12.88311,2.574,5.14801,17 17 17 17 16 16 17 16 16 16 17 17 17 17 16 16 16 17 16 17
245,SIPP_BigCS,"25,19,6","14,61,3",1,442.0,684,4.13693,11.16019,2.0286,0.2316,206 206 206 206 206 310 4 4 4 4 4 40 310 4 56
245,SIPP_Standard,"25,19,6","14,61,3",1,482.0,991,2.19377,16.58059,3.1915,0.3374,51 70 51 94 8 44
246,SIPP_2^2,"21,18,0","59,52,0",1,720.0,1840,0.35859,98.99495,21.99115,43.9823,1 1 1 1 1 1 1 1 1 1 1 1 1 1 1 1 1 1 1 1 1 1 1 1 1 1 1 1 1 1 2 1 1 2 2 2 2 2 1 2 2 2 2 2 2 2 2 2 1 2 2 2 2 2 1 2 2 1 2 2 2 2 1 2 2 2 2 2 2 2 2 1
246,SIPP_2^3,"21,18,0","59,52,0",1,538.4062159999999,458,0.15352,35.51409,7.06858,14.13717,3 2 2 2 2 3 3 3 3 3 3 3 3 3 3 3 3 3 3 3 2 3 3 3 2 2 3 3 3 3 3 3 3 3 3 3 3 4 3 4 4
246,SIPP_2^4,"21,18,0","59,52,0",1,516.0017519999998,189,0.16906,8.05096,1.60875,3.21751,6 6 6 6 6 6 6 6 6 6 6 6 6 6 5 5 5 6 5 5 6 6 6 6 6 6 6 6 6 6 6 6 7
246,SIPP_2^5,"21,18,0","59,52,0",1,513.3179339999999,163,0.3944,5.93099,1.18437,2.36875,12 12 12 11 11 11 12 12 12 12 12 11 11 12 12 12 12 12 12 12 12 12 12 12 12 13 12
246,SIPP_BigCS,"21,18,14","59,52,8",1,510.0,200,1.3727,8.69016,1.6484,0.1239,100 100 100 100 100 100 124 255 176 255 100 100 100 100 100 100 100 152
246,SIPP_Standard,"21,18,14","59,52,8",1,554.0,1488,3.09859,12.9365,2.4533,0.2174,1 21 52 64 52 64 52
247,SIPP_2^2,"22,50,0","24,25,0",1,301.418387,164,0.04003,49.49747,10.99557,21.99115,0 0 0 0 0 0 0 3 0 -11.418 0 0 0 0 0 0 0 0 0 0 0 0 0 1 0 0 1 0 0 1
247,SIPP_2^3,"22,50,0","24,25,0",1,274.85281599999996,138,0.05634,27.71317,5.49779,10.99557,0 0 0 0 0 0 0 7 7 0 0 0 0 0 0 0 0 0 1 0 1 1 0 0 1
247,SIPP_2^4,"22,50,0","24,25,0",1,264.16408,117,0.13946,11.59499,2.31824,4.63648,0 1 1 1 1 0 0 0 0 0 0 0 0 0 0 15 0 0 15
247,SIPP_2^5,"22,50,0","24,25,0",1,259.73666199999997,70,0.25023,14.55309,2.89576,5.79151,0 0 31 31 1 0 1 0 1 0 0 0 1
247,SIPP_BigCS,"22,50,11","24,25,10",1,261.0,174,1.4523,12.24451,2.3729,0.3642,30 378 308 6 6 58
247,SIPP_Standard,"22,50,11","24,25,10",1,319.0,308,0.61682,11.57191,2.212,0.2677,68 49 108 50
248,SIPP_2^2,"50,43,0","38,38,0",1,170.0,82,0.01719,35.35534,7.85398,15.70796,3 3 3 3 3 3 3 0 3 3 3 3 0 0 0 3 0
248,SIPP_2^3,"50,43,0","38,38,0",1,140.71067999999997,44,0.01821,19.61218,3.92699,7.85398,6 6 6 6 7 6 7 7 7 6 6 7
248,SIPP_2^4,"50,43,0","38,38,0",1,131.8034,18,0.022,9.33785,1.85459,3.70918,13 12 13 13 12 13 13
248,SIPP_2^5,"50,43,0","38,38,0",1,130.32759399999998,11,0.03797,0.71022,0.1419,0.28379,26 26 26 25 25
248,SIPP_BigCS,"50,43,6","38,38,10",1,130.0,5,0.1065,2.91107,0.5061,0.0613,205 205 205 309
248,SIPP_Standard,"50,43,6","38,38,10",1,175.0,29,0.07455,11.51907,2.2622,0.3989,99 85
249,SIPP_2^2,"63,18,0","14,58,0",0,-1,0,0.0,0.0,0.0,0.0,
249,SIPP_2^3,"63,18,0","14,58,0",0,-1,0,0.0,0.0,0.0,0.0,
249,SIPP_2^4,"63,18,0","14,58,0",0,-1,0,0.0,0.0,0.0,0.0,
249,SIPP_2^5,"63,18,0","14,58,0",0,-1,0,0.0,0.0,0.0,0.0,
249,SIPP_BigCS,"63,18,0","14,58,0",0,-1,0,0.0,0.0,0.0,0.0,
249,SIPP_Standard,"63,18,10","14,58,9",0,-1,0,2e-05,0.0,0.0,0.0,
250,SIPP_2^2,"63,7,0","5,42,0",0,-1,0,0.0,0.0,0.0,0.0,
250,SIPP_2^3,"63,7,0","5,42,0",0,-1,0,0.0,0.0,0.0,0.0,
250,SIPP_2^4,"63,7,0","5,42,0",0,-1,0,0.0,0.0,0.0,0.0,
250,SIPP_2^5,"63,7,0","5,42,0",0,-1,0,0.0,0.0,0.0,0.0,
250,SIPP_BigCS,"63,7,0","5,42,0",0,-1,0,0.0,0.0,0.0,0.0,
250,SIPP_Standard,"63,7,14","5,42,1",0,-1,0,1e-05,0.0,0.0,0.0,
