task_id,alg,start,goal,success,cost,steps,time_sec,curvature,heading_change,bending_energy,path
1,SIPP_2^2,"50,59,0","47,42,0",1,337.983083,272,0.13014,14.14214,6.28319,12.56637,1 1 1 1 2 -37.983 0 0 0 0 0 0 0 0 0 0 0 0 0 0 0 0 0 0 3 3 3 3 3 3 3
1,SIPP_2^3,"50,59,0","47,42,0",1,283.420165,184,0.15166,35.85646,10.21018,20.42035,2 2 2 3 -27.881 7 -1.818 0 0 0 0 -0.584 7 0 0 0 0 0 7 7 7 0 7 0 7
1,SIPP_2^4,"50,59,0","47,42,0",1,277.525759,176,0.38746,20.7503,7.21048,14.42096,5 6 -21.807 14 -1.578 0 0 0 1 -3.658 15 15 15 15 0 0 -1.532 14 15
1,SIPP_2^5,"50,59,0","47,42,0",1,277.525759,187,1.0767,31.11524,5.99939,11.99878,10 12 20 28 30 31 31 1 0 0 0 0 0 -9.007 28 30
1,SIPP_BigCS,"50,59,3","47,42,6",1,331.667263,990,9.5942,24.72498,4.8801,1.5171,160 69 -40.963 340 306 6 6 66 -2.263 102 -0.441 162 7 7
1,SIPP_Standard,"50,59,3","47,42,6",1,359.52451199999996,31,0.08805,19.51404,3.7432,0.6114,111 -11.418 33 -12.107 74 93
2,SIPP_2^2,"16,47,0","11,13,0",1,390.0,207,0.13741,70.71068,15.70796,31.41593,0 0 0 0 0 0 0 0 0 0 0 0 0 0 3 0 3 0 0 0 0 0 0 0 0 0 0 0 0 3 0 3 0 0 0 0 0 3 0
2,SIPP_2^3,"16,47,0","11,13,0",1,360.71067999999997,146,0.18688,27.66262,5.49779,10.99557,0 0 0 0 0 0 0 0 0 0 0 0 0 0 7 7 0 0 0 0 0 0 0 0 0 0 7 0 7 0 0 0 0 7
2,SIPP_2^4,"16,47,0","11,13,0",1,353.53175699999997,129,0.46178,16.33689,3.24553,6.49107,0 0 0 0 0 0 0 15 15 0 0 0 0 0 0 15 0 0 0 0 0 0 0 -1.728 15 0 0 0 0 15
2,SIPP_2^5,"16,47,0","11,13,0",1,352.71890899999994,135,1.314,11.29592,2.25225,4.50451,0 0 0 0 0 0 0 0 0 0 31 31 0 0 0 0 0 0 31 0 -4.605 31 0 0 31
2,SIPP_BigCS,"16,47,4","11,13,13",1,352.990191,423,7.29718,11.0152,2.1048,0.2268,6 6 6 14 362 14 -2.990 306 6 6
2,SIPP_Standard,"16,47,4","11,13,13",1,407.856312,181,0.98059,15.87193,3.0573,0.4128,50 85 22 -3.856 37 2
3,SIPP_2^2,"30,63,0","18,1,0",0,-1,0,0.0,0.0,0.0,0.0,
3,SIPP_2^3,"30,63,0","18,1,0",0,-1,0,0.0,0.0,0.0,0.0,
3,SIPP_2^4,"30,63,0","18,1,0",0,-1,0,0.0,0.0,0.0,0.0,
3,SIPP_2^5,"30,63,0","18,1,0",0,-1,0,0.0,0.0,0.0,0.0,
3,SIPP_BigCS,"30,63,0","18,1,0",0,-1,0,0.0,0.0,0.0,0.0,
3,SIPP_Standard,"30,63,3","18,1,13",0,-1,0,6e-05,0.0,0.0,0.0,
4,SIPP_2^2,"48,19,0","17,27,0",0,-1,0,0.0,0.0,0.0,0.0,
4,SIPP_2^3,"48,19,0","17,27,0",0,-1,0,0.0,0.0,0.0,0.0,
4,SIPP_2^4,"48,19,0","17,27,0",0,-1,0,0.0,0.0,0.0,0.0,
4,SIPP_2^5,"48,19,0","17,27,0",0,-1,0,0.0,0.0,0.0,0.0,
4,SIPP_BigCS,"48,19,0","17,27,0",0,-1,0,0.0,0.0,0.0,0.0,
4,SIPP_Standard,"48,19,1","17,27,11",0,-1,0,4e-05,0.0,0.0,0.0,
5,SIPP_2^2,"22,55,0","12,0,0",0,-1,0,0.0,0.0,0.0,0.0,
5,SIPP_2^3,"22,55,0","12,0,0",0,-1,0,0.0,0.0,0.0,0.0,
5,SIPP_2^4,"22,55,0","12,0,0",0,-1,0,0.0,0.0,0.0,0.0,
5,SIPP_2^5,"22,55,0","12,0,0",0,-1,0,0.0,0.0,0.0,0.0,
5,SIPP_BigCS,"22,55,0","12,0,0",0,-1,0,0.0,0.0,0.0,0.0,
5,SIPP_Standard,"22,55,13","12,0,0",0,-1,0,4e-05,0.0,0.0,0.0,
6,SIPP_2^2,"6,37,0","58,6,0",1,842.5740949999999,2643,1.87776,219.2031,48.69469,97.38937,0 0 0 1 0 1 1 0 1 1 1 1 0 1 0 0 0 0 0 0 0 1 1 1 1 1 1 0 1 1 0 1 1 1 1 1 1 1 1 1 0 1 0 0 1 1 0 1 1 1 0 0 1 0 0 0 1 1 0 1 0 1 -12.574 0 0 0 1 1 1 1 1 1 0 0 1 1 1 1 1 1 1 1 1 1
6,SIPP_2^3,"6,37,0","58,6,0",1,686.4110120000004,1351,1.50858,73.0401,14.13717,28.27433,1 1 1 1 1 1 0 0 1 1 1 2 2 2 2 2 1 2 2 2 2 1 2 1 2 1 1 1 1 -5.346 2 2 2 2 2 2 1 1 1 1 2 2 2 1 2 2 2 2 -15.085 0 1 1 1 1 1 1 1
6,SIPP_2^4,"6,37,0","58,6,0",1,660.547872,1014,3.24743,30.18945,5.99939,11.99878,2 2 1 1 2 2 2 2 2 2 2 2 2 2 2 2 1 3 3 3 3 3 3 3 3 2 4 4 5 2 3 3 3 3 4 4 5 6
6,SIPP_2^5,"6,37,0","58,6,0",1,641.6372480000001,659,6.18381,12.96713,2.59155,5.18309,3 3 4 4 4 4 4 4 4 4 4 4 3 5 6 5 6 6 6 6 -0.021 7 8 8 8 7 7 7 8 8 9
6,SIPP_BigCS,"6,37,9","58,6,8",0,-1,5148,180.00776,0.0,0.0,0.0,
6,SIPP_Standard,"6,37,9","58,6,8",1,685.805927,1467,12.49723,19.25015,3.4703,0.4531,18 84 1 9 53 57 -20.806 57 73
7,SIPP_2^2,"59,41,0","30,35,0",1,382.80040299999996,358,0.24198,77.78175,17.27876,34.55752,3 3 3 3 3 3 3 3 3 3 3 3 3 3 3 3 3 3 2 3 3 -9.505 0 -3.295 0 3 3 3 3 3 3 0 3 0 3 0 0 3 0
7,SIPP_2^3,"59,41,0","30,35,0",1,314.85281599999996,143,0.18628,39.59834,7.85398,15.70796,6 6 6 7 6 7 6 6 6 6 6 6 6 7 7 6 6 7 6 7 6 6 6 6 6 6 6 6 6
7,SIPP_2^4,"59,41,0","30,35,0",1,308.88544,139,0.51672,14.0365,2.78189,5.56377,13 13 12 12 13 12 12 12 13 13 13 13 12 12 12 12 12 12 12 12 11
7,SIPP_2^5,"59,41,0","30,35,0",1,299.73666199999997,78,0.74294,4.83563,0.96525,1.9305,25 25 25 25 24 25 25 24 24 24 24 24 24 24 24 24 24
7,SIPP_BigCS,"59,41,9","30,35,4",1,302.0,223,3.89485,7.97262,1.4844,0.1702,205 309 59 205 365 7 7 7 7 7 7
7,SIPP_Standard,"59,41,9","30,35,4",1,352.161996,142,0.92545,11.11876,2.0317,0.3064,59 107 -10.162 30 38
8,SIPP_2^2,"0,30,0","63,63,0",0,-1,0,0.0,0.0,0.0,0.0,
8,SIPP_2^3,"0,30,0","63,63,0",0,-1,0,0.0,0.0,0.0,0.0,
8,SIPP_2^4,"0,30,0","63,63,0",0,-1,0,0.0,0.0,0.0,0.0,
8,SIPP_2^5,"0,30,0","63,63,0",0,-1,0,0.0,0.0,0.0,0.0,
8,SIPP_BigCS,"0,30,0","63,63,0",0,-1,0,0.0,0.0,0.0,0.0,
8,SIPP_Standard,"0,30,0","63,63,2",0,-1,0,6e-05,0.0,0.0,0.0,
9,SIPP_2^2,"60,58,0","55,61,0",1,80.0,19,0.00463,35.35534,7.85398,15.70796,3 3 3 2 3 2 3 2
9,SIPP_2^3,"60,58,0","55,61,0",1,62.426408,9,0.00421,7.86564,1.5708,3.14159,5 5 6 6 5
9,SIPP_2^4,"60,58,0","55,61,0",1,58.863496,5,0.00642,1.6059,0.32175,0.6435,10 11 11
9,SIPP_2^5,"60,58,0","55,61,0",1,58.41619299999999,3,0.01064,0.62191,0.12435,0.24871,22 21
9,SIPP_BigCS,"60,58,3","55,61,1",1,61.0,8,0.10814,3.92094,0.7823,0.2502,103 103 171
9,SIPP_Standard,"60,58,3","55,61,1",1,518.965009,422,2.10479,27.71724,5.3132,0.8459,18 -22.965 108 34 83 8 52
10,SIPP_2^2,"15,50,0","9,43,0",1,204.001987,150,0.08941,35.35534,10.99557,21.99115,0 3 0 0 0 0 3 3 0 0 0 -54.002 2 3 3 3
10,SIPP_2^3,"15,50,0","9,43,0",1,100.71068,16,0.02009,15.78535,3.14159,6.28319,7 0 0 7 7 7 6 7
10,SIPP_2^4,"15,50,0","9,43,0",1,97.14776800000001,12,0.0343,9.51443,1.89255,3.78509,15 0 14 14 13 14
10,SIPP_2^5,"15,50,0","9,43,0",1,95.96256199999999,9,0.06228,3.31185,0.66104,1.32209,31 28 28 27
10,SIPP_BigCS,"15,50,7","9,43,8",1,97.0,11,0.27961,5.65264,1.1136,0.2744,66 126
10,SIPP_Standard,"15,50,7","9,43,8",1,640.6434340000001,1002,11.32519,33.36622,6.4547,1.0195,68 -31.110 41 87 -21.533 24 107 50 85
11,SIPP_2^2,"31,29,0","53,8,0",1,492.327556,919,0.65698,113.13708,25.13274,50.26548,0 3 -2.116 0 -0.151 0 -0.060 0 -0.420 1 -39.368 0 -0.151 0 -0.060 0 0 0 1 1 0 0 0 1 1 1 1 1 1 0 1 1 1 1 0 0 0 0 1 0 0 1 1 1 1 1 1 1 0 1 1 0
11,SIPP_2^3,"31,29,0","53,8,0",1,345.726416,190,0.22903,31.51717,6.28319,12.56637,1 2 1 2 2 2 1 1 1 1 1 0 0 0 0 0 0 -3.594 1 1 1 1 1 1 2 2 2 1 1
11,SIPP_2^4,"31,29,0","53,8,0",1,325.830359,122,0.46309,15.95989,3.14159,6.28319,4 3 3 4 2 2 2 3 2 2 2 2 2 2 2 2 2 2 2 -0.758 0 0 0 0
11,SIPP_2^5,"31,29,0","53,8,0",1,325.830359,158,1.90537,9.49635,1.89673,3.79346,6 5 5 4 5 4 4 5 4 4 4 4 4 -6.111 0 0 0 0
11,SIPP_BigCS,"31,29,11","53,8,15",1,324.0,341,16.66192,11.6045,2.2328,0.3312,201 249 181 201 249 121
11,SIPP_Standard,"31,29,11","53,8,15",1,477.00001,367,4.40574,8.40464,1.6163,0.1338,-161.218 53 65 -0.633 49 -5.149 76
12,SIPP_2^2,"59,49,0","0,1,0",0,-1,0,0.0,0.0,0.0,0.0,
12,SIPP_2^3,"59,49,0","0,1,0",0,-1,0,0.0,0.0,0.0,0.0,
12,SIPP_2^4,"59,49,0","0,1,0",0,-1,0,0.0,0.0,0.0,0.0,
12,SIPP_2^5,"59,49,0","0,1,0",0,-1,0,0.0,0.0,0.0,0.0,
12,SIPP_BigCS,"59,49,0","0,1,0",0,-1,0,0.0,0.0,0.0,0.0,
12,SIPP_Standard,"59,49,0","0,1,13",0,-1,27741,180.00166,0.0,0.0,0.0,
13,SIPP_2^2,"56,47,0","12,28,0",1,633.565888,1244,0.85764,148.49242,32.98672,65.97345,3 3 3 3 3 3 3 0 0 3 3 3 3 3 3 3 3 3 0 3 0 0 0 -2.800 0 3 0 3 3 3 3 3 3 3 0 3 0 3 3 3 0 3 -0.765 3 3 0 0 0 3 3 3 3 3 3 3 3 3 3 0 0 0 3 0 3 0
13,SIPP_2^3,"56,47,0","12,28,0",1,521.259271,465,0.52145,47.46115,9.42478,18.84956,7 7 7 7 7 7 7 7 7 7 6 6 7 6 -2.559 6 7 7 7 6 6 7 7 6 6 6 6 6 6 6 7 6 6 6 6 6 6 6 6 6 6 7 6 6 7
13,SIPP_2^4,"56,47,0","12,28,0",1,517.174276,521,1.7225,24.3212,4.85429,9.70857,14 14 14 14 14 14 14 14 14 14 13 13 14 13 13 12 13 12 12 12 12 12 12 12 12 12 12 12 13 12 12 -3.305 12 12 12 12 12 12 14 0
13,SIPP_2^5,"56,47,0","12,28,0",1,511.4875919999999,482,4.85293,22.53573,4.43278,8.86556,28 28 28 28 28 28 27 28 27 28 26 25 25 25 24 24 24 24 24 24 25 25 24 24 24 23 28 0
13,SIPP_BigCS,"56,47,14","12,28,15",1,518.5221409999999,3225,139.59318,21.44043,4.0841,1.0214,102 126 253 130 7 7 87 205 205 205 205 205 341 -17.522 347
13,SIPP_Standard,"56,47,14","12,28,15",1,522.746664,204,1.61011,14.51016,2.7938,0.2795,69 30 38 19 93 -21.747 19
14,SIPP_2^2,"49,32,0","33,30,0",1,207.077437,98,0.07153,49.49747,10.99557,21.99115,3 3 3 3 2 3 3 -7.077 3 3 3 3 3 3 3 0 3 0 3 3 0
14,SIPP_2^3,"49,32,0","33,30,0",1,184.85281599999996,78,0.11529,11.69247,2.35619,4.71239,6 6 6 6 5 5 6 6 6 6 6 6 7 7 7 7
14,SIPP_2^4,"49,32,0","33,30,0",1,178.301613,59,0.25022,8.58613,1.71269,3.42539,12 11 11 12 -2.336 12 -0.020 12 12 13 13 13 14
14,SIPP_2^5,"49,32,0","33,30,0",1,177.11640699999998,55,0.64093,4.56544,0.90975,1.81951,23 23 -3.811 24 -0.020 24 25 26 27
14,SIPP_BigCS,"49,32,2","33,30,10",1,180.0,178,3.54475,10.09961,1.9684,0.4757,103 171 43 205 325
14,SIPP_Standard,"49,32,2","33,30,10",1,620.708665,3066,26.98774,26.71487,5.1693,0.8756,13 108 50 -118.709 109 31 35
15,SIPP_2^2,"33,34,0","49,43,0",1,304.638417,368,0.27669,28.28427,6.28319,12.56637,-16.743 1 1 2 1 1 1 1 1 1 1 1 1 1 1 1 1 2 2 2 2 2 -1.813 2 2 2 -36.082 1
15,SIPP_2^3,"33,34,0","49,43,0",1,242.13203999999993,207,0.27487,30.32131,6.28319,12.56637,1 3 3 3 3 3 3 3 3 3 2 2 3 3 3 2 1 7
15,SIPP_2^4,"33,34,0","49,43,0",1,198.437672,44,0.17838,17.8066,3.6432,7.28639,2 6 5 6 6 6 6 5 5 6 5 4
15,SIPP_2^5,"33,34,0","49,43,0",1,194.86700399999998,14,0.16236,9.19389,1.89255,3.78509,4 11 12 11 11 11 10
15,SIPP_BigCS,"33,34,12","49,43,13",1,253.086373,1225,43.57242,15.41553,2.9982,0.744,-16.138 337 207 311 -26.948 37 4
15,SIPP_Standard,"33,34,12","49,43,13",1,478.501921,1252,7.79613,17.87392,3.4681,0.5245,-148.502 76 105 52 104
16,SIPP_2^2,"42,17,0","17,11,0",1,330.0,285,0.18389,91.92388,20.42035,40.8407,3 3 3 0 3 3 3 3 3 3 3 3 3 3 3 3 3 0 3 0 3 3 2 3 3 0 0 3 0 3 3 3 0
16,SIPP_2^3,"42,17,0","17,11,0",1,288.99495199999996,194,0.24863,36.08842,7.06858,14.13717,6 6 6 6 6 6 7 6 6 6 6 6 6 6 6 6 6 7 7 6 6 5 7 7 0 7
16,SIPP_2^4,"42,17,0","17,11,0",1,278.503917,165,0.57864,21.28292,4.21078,8.42157,12 12 13 12 12 12 13 12 12 13 14 13 13 13 -1.334 13 11 10
16,SIPP_2^5,"42,17,0","17,11,0",1,276.687269,159,1.41349,12.44254,2.40751,4.81502,24 24 24 25 25 24 24 26 26 26 26 -1.888 27 21
16,SIPP_BigCS,"42,17,5","17,11,6",1,277.55054900000005,666,9.40882,14.72322,2.8612,0.8353,365 7 7 75 178 205 -0.551 349 103
16,SIPP_Standard,"42,17,5","17,11,6",1,407.371595,261,1.56421,19.89021,3.7418,0.7305,34 59 107 -69.372 42
17,SIPP_2^2,"9,38,0","3,61,0",1,310.404915,124,0.06685,28.28427,6.28319,12.56637,3 3 3 -0.042 3 -0.053 3 -0.310 3 2 2 2 2 2 2 3 2 2 2 2 2 2 2 2 2 2 2 2 2 2 2 2 2 1
17,SIPP_2^3,"9,38,0","3,61,0",1,296.60810299999997,112,0.11108,19.45842,3.92699,7.85398,6 6 6 -0.042 6 -0.053 6 -4.087 5 4 5 4 4 4 4 4 4 4 4 4 4 4 4 4 4 4 4 4 4 4 3
17,SIPP_2^4,"9,38,0","3,61,0",1,293.045191,119,0.29778,12.44126,2.49809,4.99618,12 12 12 -0.042 12 -0.053 12 -4.087 10 9 8 8 8 8 8 8 8 8 8 8 8 8 8 8 8 8 7 8 8
17,SIPP_2^5,"9,38,0","3,61,0",1,291.569385,111,0.71764,12.53221,2.53605,5.0721,24 24 24 -0.042 24 -0.053 24 -4.087 20 16 16 16 16 17 16 16 16 16 16 16 16 16 16 16 16 16 15
17,SIPP_BigCS,"9,38,7","3,61,4",1,294.0,85,0.79666,13.074,2.5745,0.6318,381 331 4 4 4 4 0 12
17,SIPP_Standard,"9,38,7","3,61,4",1,379.42573100000004,31,0.09534,17.12781,3.3264,0.4829,79 104 -51.426 51 86
18,SIPP_2^2,"14,9,0","45,19,0",0,-1,0,0.0,0.0,0.0,0.0,
18,SIPP_2^3,"14,9,0","45,19,0",0,-1,0,0.0,0.0,0.0,0.0,
18,SIPP_2^4,"14,9,0","45,19,0",0,-1,0,0.0,0.0,0.0,0.0,
18,SIPP_2^5,"14,9,0","45,19,0",0,-1,0,0.0,0.0,0.0,0.0,
18,SIPP_BigCS,"14,9,0","45,19,0",0,-1,0,0.0,0.0,0.0,0.0,
18,SIPP_Standard,"14,9,10","45,19,2",0,-1,5,0.04535,0.0,0.0,0.0,
19,SIPP_2^2,"56,0,0","18,2,0",0,-1,0,0.0,0.0,0.0,0.0,
19,SIPP_2^3,"56,0,0","18,2,0",0,-1,0,0.0,0.0,0.0,0.0,
19,SIPP_2^4,"56,0,0","18,2,0",0,-1,0,0.0,0.0,0.0,0.0,
19,SIPP_2^5,"56,0,0","18,2,0",0,-1,0,0.0,0.0,0.0,0.0,
19,SIPP_BigCS,"56,0,0","18,2,0",0,-1,0,0.0,0.0,0.0,0.0,
19,SIPP_Standard,"56,0,0","18,2,15",0,-1,0,5e-05,0.0,0.0,0.0,
20,SIPP_2^2,"42,11,0","59,0,0",0,-1,0,0.0,0.0,0.0,0.0,
20,SIPP_2^3,"42,11,0","59,0,0",0,-1,0,0.0,0.0,0.0,0.0,
20,SIPP_2^4,"42,11,0","59,0,0",0,-1,0,0.0,0.0,0.0,0.0,
20,SIPP_2^5,"42,11,0","59,0,0",0,-1,0,0.0,0.0,0.0,0.0,
20,SIPP_BigCS,"42,11,0","59,0,0",0,-1,0,0.0,0.0,0.0,0.0,
20,SIPP_Standard,"42,11,4","59,0,6",0,-1,28557,180.00223,0.0,0.0,0.0,
21,SIPP_2^2,"50,63,0","45,41,0",0,-1,0,0.0,0.0,0.0,0.0,
21,SIPP_2^3,"50,63,0","45,41,0",0,-1,0,0.0,0.0,0.0,0.0,
21,SIPP_2^4,"50,63,0","45,41,0",0,-1,0,0.0,0.0,0.0,0.0,
21,SIPP_2^5,"50,63,0","45,41,0",0,-1,0,0.0,0.0,0.0,0.0,
21,SIPP_BigCS,"50,63,0","45,41,0",0,-1,0,0.0,0.0,0.0,0.0,
21,SIPP_Standard,"50,63,12","45,41,9",0,-1,0,0.0001,0.0,0.0,0.0,
22,SIPP_2^2,"14,10,0","40,29,0",0,-1,0,0.0,0.0,0.0,0.0,
22,SIPP_2^3,"14,10,0","40,29,0",0,-1,0,0.0,0.0,0.0,0.0,
22,SIPP_2^4,"14,10,0","40,29,0",0,-1,0,0.0,0.0,0.0,0.0,
22,SIPP_2^5,"14,10,0","40,29,0",0,-1,0,0.0,0.0,0.0,0.0,
22,SIPP_BigCS,"14,10,0","40,29,0",0,-1,0,0.0,0.0,0.0,0.0,
22,SIPP_Standard,"14,10,15","40,29,3",0,-1,0,0.00011,0.0,0.0,0.0,
23,SIPP_2^2,"33,52,0","46,0,0",0,-1,0,0.0,0.0,0.0,0.0,
23,SIPP_2^3,"33,52,0","46,0,0",0,-1,0,0.0,0.0,0.0,0.0,
23,SIPP_2^4,"33,52,0","46,0,0",0,-1,0,0.0,0.0,0.0,0.0,
23,SIPP_2^5,"33,52,0","46,0,0",0,-1,0,0.0,0.0,0.0,0.0,
23,SIPP_BigCS,"33,52,0","46,0,0",0,-1,0,0.0,0.0,0.0,0.0,
23,SIPP_Standard,"33,52,14","46,0,15",0,-1,32988,180.0109,0.0,0.0,0.0,
24,SIPP_2^2,"48,29,0","1,24,0",1,580.614577,510,0.37548,70.71068,18.84956,37.69911,3 3 3 3 3 0 3 -32.743 0 -6.951 2 3 3 3 3 3 3 3 0 0 3 3 3 0 3 3 3 3 3 3 3 3 3 3 3 3 3 3 3 3 3 -0.921 3 3 3 3 3 3 3 3 3 3 3 3 3 0 3
24,SIPP_2^3,"48,29,0","1,24,0",1,528.084675,545,0.76616,43.75904,8.63938,17.27876,6 7 7 6 6 6 6 6 6 7 6 6 6 6 6 6 6 6 6 5 -4.925 6 7 7 7 7 7 -7.289 6 -0.307 6 6 6 6 6 6 6 6 6 6 6 6 6 6 5 6 6 6 6 5
24,SIPP_2^4,"48,29,0","1,24,0",1,491.24612,208,0.92038,30.27174,6.02742,12.05484,12 13 13 12 12 12 13 12 12 12 11 11 12 12 12 12 12 12 12 12 12 12 12 12 12 12 12 13 12 13 12 13 12 12 12 12 12 13
24,SIPP_2^5,"48,29,0","1,24,0",1,484.6049929999999,173,2.10989,19.3612,3.86101,7.72201,25 25 24 24 25 24 24 24 24 23 23 24 24 24 24 24 24 24 24 25 24 24 25 24 25 24 24 24 25
24,SIPP_BigCS,"48,29,8","1,24,0",1,487.0,512,12.19891,17.22313,3.337,0.4391,87 381 363 59 365 3 87
24,SIPP_Standard,"48,29,8","1,24,0",1,537.0606129999999,110,1.53384,9.83162,1.6513,0.2263,-10.020 86 -0.002 3 3 -20.038 19 61 61
25,SIPP_2^2,"22,47,0","40,50,0",1,230.0,131,0.08627,28.28427,6.28319,12.56637,1 2 2 2 2 1 1 1 1 1 1 1 1 1 1 1 1 1 1 1 1 0 1
25,SIPP_2^3,"22,47,0","40,50,0",1,200.71067999999997,77,0.09775,19.61218,3.92699,7.85398,2 2 2 2 1 2 2 2 2 3 3 3 2 2 2 2 2 3
25,SIPP_2^4,"22,47,0","40,50,0",1,191.8034,49,0.16562,11.66149,2.31824,4.63648,4 4 4 4 4 4 3 5 4 4 5 5 5
25,SIPP_2^5,"22,47,0","40,50,0",1,188.851788,36,0.3221,6.25937,1.24905,2.49809,8 8 8 8 7 9 9 10 9
25,SIPP_BigCS,"22,47,15","40,50,12",1,190.0,92,1.54079,5.35262,0.9705,0.095,361 85 207 207
25,SIPP_Standard,"22,47,15","40,50,12",1,233.0,55,0.42223,9.87444,1.8906,0.2533,53 105 52
26,SIPP_2^2,"18,0,0","48,42,0",0,-1,0,0.0,0.0,0.0,0.0,
26,SIPP_2^3,"18,0,0","48,42,0",0,-1,0,0.0,0.0,0.0,0.0,
26,SIPP_2^4,"18,0,0","48,42,0",0,-1,0,0.0,0.0,0.0,0.0,
26,SIPP_2^5,"18,0,0","48,42,0",0,-1,0,0.0,0.0,0.0,0.0,
26,SIPP_BigCS,"18,0,0","48,42,0",0,-1,0,0.0,0.0,0.0,0.0,
26,SIPP_Standard,"18,0,8","48,42,9",0,-1,0,6e-05,0.0,0.0,0.0,
27,SIPP_2^2,"2,52,0","39,40,0",0,-1,0,0.0,0.0,0.0,0.0,
27,SIPP_2^3,"2,52,0","39,40,0",0,-1,0,0.0,0.0,0.0,0.0,
27,SIPP_2^4,"2,52,0","39,40,0",0,-1,0,0.0,0.0,0.0,0.0,
27,SIPP_2^5,"2,52,0","39,40,0",0,-1,0,0.0,0.0,0.0,0.0,
27,SIPP_BigCS,"2,52,0","39,40,0",0,-1,0,0.0,0.0,0.0,0.0,
27,SIPP_Standard,"2,52,15","39,40,10",0,-1,0,3e-05,0.0,0.0,0.0,
28,SIPP_2^2,"22,2,0","7,12,0",1,250.0,168,0.08238,84.85281,18.84956,37.69911,3 3 3 2 2 3 3 3 3 3 2 3 2 2 2 3 2 3 3 3 2 3 2 2 3
28,SIPP_2^3,"22,2,0","7,12,0",1,191.42135999999996,58,0.06024,24.12615,4.71239,9.42478,5 5 5 6 6 5 5 5 5 5 6 5 6 6 5
28,SIPP_2^4,"22,2,0","7,12,0",1,182.51407999999998,32,0.1054,4.82801,0.96525,1.9305,11 10 11 11 11 11 10 10 10 10
28,SIPP_2^5,"22,2,0","7,12,0",1,180.72486799999996,12,0.11191,3.2202,0.6435,1.287,21 22 21 21 20 21
28,SIPP_BigCS,"22,2,4","7,12,8",1,180.0,7,0.23143,3.54589,0.643,0.0347,203 219 183
28,SIPP_Standard,"22,2,4","7,12,8",1,424.631142,346,1.36084,17.00155,3.2716,0.465,-41.909 88 -47.722 24 107 50
29,SIPP_2^2,"16,42,0","57,63,0",0,-1,0,0.0,0.0,0.0,0.0,
29,SIPP_2^3,"16,42,0","57,63,0",0,-1,0,0.0,0.0,0.0,0.0,
29,SIPP_2^4,"16,42,0","57,63,0",0,-1,0,0.0,0.0,0.0,0.0,
29,SIPP_2^5,"16,42,0","57,63,0",0,-1,0,0.0,0.0,0.0,0.0,
29,SIPP_BigCS,"16,42,0","57,63,0",0,-1,0,0.0,0.0,0.0,0.0,
29,SIPP_Standard,"16,42,14","57,63,12",0,-1,29880,180.00013,0.0,0.0,0.0,
30,SIPP_2^2,"55,45,0","31,62,0",1,469.80378099999996,879,0.52498,70.71068,15.70796,31.41593,3 3 3 3 3 3 3 3 3 3 3 3 3 3 3 3 2 2 3 2 3 2 2 2 2 3 2 3 3 2 2 2 2 2 2 -7.042 2 -0.012 2 -0.012 2 -52.737 3 3 3
30,SIPP_2^3,"55,45,0","31,62,0",1,384.32755599999996,597,0.73701,31.62095,6.28319,12.56637,6 6 6 5 5 6 6 6 5 5 5 5 5 5 5 5 5 5 5 5 5 5 7 7 -39.558 4 -0.151 4 -0.060 4
30,SIPP_2^4,"55,45,0","31,62,0",1,301.876901,100,0.35748,8.06005,1.60875,3.21751,11 11 11 11 11 11 10 10 10 10 -1.636 9 10 10 11 11 10
30,SIPP_2^5,"55,45,0","31,62,0",1,300.38064,86,0.82537,5.19181,1.03829,2.07658,21 22 22 22 22 22 20 20 20 -1.929 19 21 21
30,SIPP_BigCS,"55,45,12","31,62,15",1,300.735023,225,3.97005,8.95736,1.6024,0.355,203 203 203 203 203 203 323 206 -2.735 326 219
30,SIPP_Standard,"55,45,12","31,62,15",1,384.23898899999995,368,1.66382,13.75533,2.6747,0.3411,109 55 67 -58.239 39
31,SIPP_2^2,"57,58,0","46,43,0",1,324.029362,304,0.13201,49.49747,10.99557,21.99115,3 3 2 2 3 2 3 -4.029 0 0 0 0 0 0 0 0 0 0 0 0 0 0 0 3 3 3 3 3 3 3 0 0 0
31,SIPP_2^3,"57,58,0","46,43,0",1,283.420165,242,0.19131,56.22156,10.99557,21.99115,5 5 6 -33.739 7 -1.818 0 0 0 0 -0.584 7 0 7 0 7 0 0 0 7 0 7 6 7
31,SIPP_2^4,"57,58,0","46,43,0",1,278.861291,232,0.4938,27.16278,5.31793,10.63587,10 10 11 -7.664 14 -1.578 0 1 0 0 -3.658 15 15 0 0 15 15 -1.532 14 -1.336 13
31,SIPP_2^5,"57,58,0","46,43,0",1,278.861291,238,1.3244,21.22788,4.30424,8.60848,21 20 -8.112 28 -1.578 0 1 -4.175 31 31 31 30 -3.967 28 -1.336 26
31,SIPP_BigCS,"57,58,14","46,43,2",1,289.953633,727,6.58336,26.40495,5.1665,1.5171,326 -8.954 347 102 150 204 380 330
31,SIPP_Standard,"57,58,14","46,43,2",1,359.965009,143,0.81052,16.76023,3.1374,0.4774,60 -15.965 108 38 15
32,SIPP_2^2,"0,41,0","20,38,0",0,-1,0,0.0,0.0,0.0,0.0,
32,SIPP_2^3,"0,41,0","20,38,0",0,-1,0,0.0,0.0,0.0,0.0,
32,SIPP_2^4,"0,41,0","20,38,0",0,-1,0,0.0,0.0,0.0,0.0,
32,SIPP_2^5,"0,41,0","20,38,0",0,-1,0,0.0,0.0,0.0,0.0,
32,SIPP_BigCS,"0,41,0","20,38,0",0,-1,0,0.0,0.0,0.0,0.0,
32,SIPP_Standard,"0,41,1","20,38,3",0,-1,0,6e-05,0.0,0.0,0.0,
33,SIPP_2^2,"7,49,0","13,53,0",1,100.0,22,0.01137,14.14214,3.14159,6.28319,1 2 2 2 2 1 1 1 1 1
33,SIPP_2^3,"7,49,0","13,53,0",1,96.568544,23,0.02257,11.77758,2.35619,4.71239,4 4 3 3 3 2 2 1
33,SIPP_2^4,"7,49,0","13,53,0",1,93.005632,22,0.0567,12.64428,2.49809,4.99618,7 8 6 6 4 3
33,SIPP_2^5,"7,49,0","13,53,0",1,91.529826,20,0.12827,7.68005,1.5708,3.14159,15 12 12 7
33,SIPP_BigCS,"7,49,13","13,53,15",1,102.24886500000001,44,0.55472,11.76429,2.3536,0.8934,4 68 -9.249 351
33,SIPP_Standard,"7,49,13","13,53,15",1,565.941209,1020,4.70124,30.80925,5.9162,0.9296,26 -0.451 89 -39.540 25 96 -3.815 86 -0.135 23
34,SIPP_2^2,"11,13,0","14,1,0",1,179.05470200000002,114,0.06268,21.2132,4.71239,9.42478,0 0 0 0 0 0 0 0 3 -9.030 0 -0.012 0 -0.012 0 0 1 1 1 1
34,SIPP_2^3,"11,13,0","14,1,0",1,173.184573,142,0.13852,23.4338,4.71239,9.42478,0 0 0 7 0 7 0 0 -0.734 0 -0.012 0 -0.012 0 1 2 2 2 2
34,SIPP_2^4,"11,13,0","14,1,0",1,171.403117,147,0.40491,15.17812,2.96174,5.92348,15 0 15 0 0 0 -4.297 0 -0.012 0 -0.012 0 3 4 4 4
34,SIPP_2^5,"11,13,0","14,1,0",1,170.665214,145,1.11213,14.76585,2.8578,5.7156,0 31 0 31 -5.772 0 -0.012 0 -0.012 0 7 8 8
34,SIPP_BigCS,"11,13,8","14,1,12",1,170.567252,613,4.86026,10.35134,2.0747,0.4193,306 6 -14.567 38
34,SIPP_Standard,"11,13,8","14,1,12",1,435.80441699999994,415,1.60883,24.37761,4.6915,0.7531,17 111 33 -15.804 82 19
35,SIPP_2^2,"35,54,0","25,55,0",1,110.0,11,0.00627,7.07107,1.5708,3.14159,3 3 3 3 3 3 3 3 3 3 2
35,SIPP_2^3,"35,54,0","25,55,0",1,104.142136,10,0.01096,3.82683,0.7854,1.5708,6 6 6 6 6 6 6 6 6 5
35,SIPP_2^4,"35,54,0","25,55,0",1,102.36068,9,0.02501,2.29753,0.46365,0.9273,12 12 12 12 12 12 12 12 11
35,SIPP_2^5,"35,54,0","25,55,0",1,101.622777,8,0.05595,1.60182,0.32175,0.6435,24 24 24 24 24 24 24 23
35,SIPP_BigCS,"35,54,14","25,55,7",1,102.0,8,0.24302,2.74653,0.5456,0.0552,7 7 15
35,SIPP_Standard,"35,54,14","25,55,7",1,505.0,160,1.80511,23.93692,4.5798,0.7353,92 10 34 67 35 64
36,SIPP_2^2,"22,5,0","8,28,0",1,410.582631,822,0.51175,98.99495,21.99115,43.9823,2 2 2 2 3 2 3 3 2 3 2 2 2 2 2 2 2 2 2 2 3 2 2 3 3 2 2 3 3 3 -28.542 3 -12.041 3 3 2 2 3 2
36,SIPP_2^3,"22,5,0","8,28,0",1,355.56345999999996,628,0.7462,59.97721,11.78097,23.56195,5 4 5 4 5 5 4 5 4 4 4 4 5 5 5 4 5 5 4 4 4 4 4 5 -7.149 6 -12.379 6 6 -10.472 0
36,SIPP_2^4,"22,5,0","8,28,0",1,273.7382559999999,60,0.22162,12.66306,2.53605,5.0721,9 9 9 9 9 9 8 10 10 10 9 10 10 9 10
36,SIPP_2^5,"22,5,0","8,28,0",1,272.10574699999995,53,0.49878,5.01871,1.00034,2.00067,18 18 18 18 18 17 20 20 19 19 20 20
36,SIPP_BigCS,"22,5,10","8,28,5",1,274.0,95,1.3265,6.03656,1.1158,0.0801,84 206 222 103 103 127
36,SIPP_Standard,"22,5,10","8,28,5",1,396.54238399999997,254,1.22008,19.00604,3.683,0.5326,-3.919 4 -5.366 104 47 -50.257 15
37,SIPP_2^2,"21,61,0","35,57,0",1,180.0,72,0.04714,42.42641,9.42478,18.84956,1 1 1 1 1 1 1 1 1 0 0 1 1 0 1 1 0 1
37,SIPP_2^3,"21,61,0","35,57,0",1,156.56854399999997,50,0.06512,27.40917,5.49779,10.99557,2 2 2 2 2 2 1 2 1 2 1 2 2 1
37,SIPP_2^4,"21,61,0","35,57,0",1,149.44272,31,0.1121,11.63538,2.31824,4.63648,4 4 4 3 4 3 3 4 4 3
37,SIPP_2^5,"21,61,0","35,57,0",1,146.491108,15,0.13222,3.23301,0.6435,1.287,7 7 8 8 7 7
37,SIPP_BigCS,"21,61,1","35,57,7",1,148.0,31,0.66594,4.95204,0.9691,0.1012,5 81 305
37,SIPP_Standard,"21,61,1","35,57,7",1,679.122015,3815,24.20101,32.72912,6.3118,0.9919,108 -4.330 50 109 35 80 1 -8.792 5 89
38,SIPP_2^2,"41,46,0","25,26,0",1,360.0,428,0.29781,63.63961,14.13717,28.27433,0 0 0 0 0 0 0 0 0 0 0 3 3 3 3 3 0 0 0 0 0 3 3 3 3 3 0 0 3 3 3 3 0 3 0 3
38,SIPP_2^3,"41,46,0","25,26,0",1,266.2741759999999,102,0.13556,11.59153,2.35619,4.71239,7 7 7 7 7 7 7 7 7 7 7 7 7 7 0 0 7 7 0 0
38,SIPP_2^4,"41,46,0","25,26,0",1,259.14835199999993,70,0.27554,8.05644,1.60875,3.21751,14 14 14 14 14 14 14 14 15 14 14 14 15 14 15 15
38,SIPP_2^5,"41,46,0","25,26,0",1,257.35913999999997,48,0.65374,3.95255,0.78958,1.57916,28 28 29 29 28 28 28 28 28 29 29 28
38,SIPP_BigCS,"41,46,9","25,26,10",1,256.0,14,1.64157,5.29273,0.9842,0.066,102 102 102 154 218 154
38,SIPP_Standard,"41,46,9","25,26,10",1,351.0,383,7.61765,17.96888,3.3679,0.5699,81 14 61 101
39,SIPP_2^2,"30,15,0","12,52,0",1,550.0,943,0.68652,113.13708,25.13274,50.26548,3 3 2 3 3 3 3 2 2 2 2 2 3 3 2 3 3 3 2 2 2 2 2 2 2 2 3 3 3 2 2 3 2 2 2 2 2 2 2 2 2 3 2 2 2 2 2 2 2 3 2 2 2 2 3
39,SIPP_2^3,"30,15,0","12,52,0",1,498.7005839999999,934,1.32273,38.64225,7.85398,15.70796,5 5 5 5 5 5 5 5 5 5 5 5 5 4 4 4 4 5 4 4 5 3 4 4 4 4 4 4 4 4 4 4 4 4 4 4 4 4 5 6 7 7
39,SIPP_2^4,"30,15,0","12,52,0",1,436.123246,289,1.27447,25.15651,4.99618,9.99237,9 9 10 9 9 9 8 8 -1.095 10 10 10 10 10 10 10 10 10 8 8 8 7 9 9 9 8 8 9
39,SIPP_2^5,"30,15,0","12,52,0",1,431.6442949999999,231,2.6268,13.49938,2.67795,5.35589,20 20 20 20 20 20 20 20 20 20 20 18 17 17 16 17 15 17 17 18 17
39,SIPP_BigCS,"30,15,0","12,52,2",1,434.0,826,14.48297,14.38715,2.6879,0.4777,103 103 103 103 103 103 103 103 127 206 206 206 382 376 206 310
39,SIPP_Standard,"30,15,0","12,52,2",1,498.74337299999996,508,3.53756,25.51305,4.9473,0.7635,70 55 83 8 40 -0.743 86
40,SIPP_2^2,"8,4,0","35,39,0",1,620.0,1497,0.90302,127.27922,28.27433,56.54867,2 2 2 2 2 2 2 2 2 2 1 2 1 1 2 2 2 2 2 2 1 2 2 2 2 2 2 2 2 2 2 1 2 1 1 2 1 1 1 1 1 1 2 1 1 1 1 1 1 2 1 1 1 1 2 2 2 1 1 1 1 2
40,SIPP_2^3,"8,4,0","35,39,0",1,468.13546999999994,289,0.32692,52.05271,10.21018,20.42035,3 3 3 3 3 3 3 3 3 4 4 3 3 4 3 3 3 -3.554 3 3 3 3 3 4 3 3 4 3 3 4 3 3 3 4 3 -2.744 4
40,SIPP_2^4,"8,4,0","35,39,0",1,449.880976,149,0.52348,16.12291,3.21751,6.43501,6 6 6 7 7 7 6 6 6 7 6 6 6 6 6 6 5 6 7 7 7 6 6 7 7 6
40,SIPP_2^5,"8,4,0","35,39,0",1,446.302552,113,1.13552,7.17093,1.43308,2.86617,13 13 13 12 13 12 12 12 12 12 12 11 12 13 13 14 14 13
40,SIPP_BigCS,"8,4,11","35,39,0",1,446.0,225,5.39571,12.54713,2.2758,0.4182,100 100 152 200 200 248 100 124 327 200 200 200 200 200 320
40,SIPP_Standard,"8,4,11","35,39,0",1,485.0,193,5.44554,19.70833,3.7806,0.541,71 40 110 48 71 52
41,SIPP_2^2,"21,32,0","7,18,0",0,-1,0,0.0,0.0,0.0,0.0,
41,SIPP_2^3,"21,32,0","7,18,0",0,-1,0,0.0,0.0,0.0,0.0,
41,SIPP_2^4,"21,32,0","7,18,0",0,-1,0,0.0,0.0,0.0,0.0,
41,SIPP_2^5,"21,32,0","7,18,0",0,-1,0,0.0,0.0,0.0,0.0,
41,SIPP_BigCS,"21,32,0","7,18,0",0,-1,0,0.0,0.0,0.0,0.0,
41,SIPP_Standard,"21,32,14","7,18,10",0,-1,0,0.0001,0.0,0.0,0.0,
42,SIPP_2^2,"11,42,0","23,24,0",0,-1,0,0.0,0.0,0.0,0.0,
42,SIPP_2^3,"11,42,0","23,24,0",0,-1,0,0.0,0.0,0.0,0.0,
42,SIPP_2^4,"11,42,0","23,24,0",0,-1,0,0.0,0.0,0.0,0.0,
42,SIPP_2^5,"11,42,0","23,24,0",0,-1,0,0.0,0.0,0.0,0.0,
42,SIPP_BigCS,"11,42,0","23,24,0",0,-1,0,0.0,0.0,0.0,0.0,
42,SIPP_Standard,"11,42,13","23,24,10",0,-1,0,5e-05,0.0,0.0,0.0,
43,SIPP_2^2,"58,25,0","47,29,0",1,189.074867,124,0.08531,49.49747,10.99557,21.99115,3 3 3 2 -39.013 3 -0.029 3 -0.034 3 3 2 3 3 3 2 3 2
43,SIPP_2^3,"58,25,0","47,29,0",1,170.844013,110,0.14029,34.46803,7.06858,14.13717,6 7 6 -24.934 6 -0.013 6 4 6 5 5 -5.187 5 6 5
43,SIPP_2^4,"58,25,0","47,29,0",1,166.401319,106,0.38766,21.62016,4.24874,8.49748,13 14 -12.467 12 -0.106 12 -0.013 12 9 8 9 -0.231 11 12
43,SIPP_2^5,"58,25,0","47,29,0",1,165.98312299999998,104,1.0333,13.38706,2.76434,5.52869,27 -12.914 24 -0.106 24 -0.013 24 17 18 -1.288 23
43,SIPP_BigCS,"58,25,10","47,29,7",1,167.226869,285,4.91383,11.41479,2.2091,0.583,-29.146 269 -4.081 326 203
43,SIPP_Standard,"58,25,10","47,29,7",1,586.689764,3802,47.01717,24.66509,4.6412,0.7464,-14.991 61 93 -49.542 11 35 80 -7.157 9
44,SIPP_2^2,"50,58,0","61,25,0",1,478.614062,364,0.19109,42.42641,9.42478,18.84956,1 1 1 0 1 1 1 1 1 0 -25.166 0 -12.370 0 -1.078 0 0 0 0 0 0 0 0 0 0 0 0 0 0 0 0 0 0 0 0 0 0 0 0 0 0 0 1 1 0 0 1
44,SIPP_2^3,"50,58,0","61,25,0",1,458.499463,398,0.38503,43.8337,8.63938,17.27876,2 2 1 1 2 2 2 2 1 -22.739 0 -12.370 0 -4.395 7 0 0 0 0 0 0 0 0 0 0 0 0 0 0 0 0 0 0 0 0 0 0 1 0 1 0 1
44,SIPP_2^4,"50,58,0","61,25,0",1,455.608077,405,1.07966,77.60877,14.98855,29.9771,4 5 6 10 14 0 1 0 1 0 0 0 0 0 0 0 0 0 0 1 0 1 0 1 0 1 0 0 0 2 -0.154 1 0 4 0
44,SIPP_2^5,"50,58,0","61,25,0",1,455.608077,417,2.89859,54.26529,11.03353,22.06706,9 12 20 28 0 1 1 0 0 1 0 0 0 0 0 1 0 0 0 0 1 1 4 -5.319 2 0 8 0
44,SIPP_BigCS,"50,58,12","61,25,14",1,455.40677,1019,8.29866,23.28746,4.5612,1.2442,207 383 321 340 -16.554 362 6 6 6 6 6 6 6 2 74 101 -0.853 161
44,SIPP_Standard,"50,58,12","61,25,14",1,659.498513,274,1.29474,29.11024,5.6533,1.0549,9 -48.663 33 -113.929 98 -9.521 100 -56.385 106
45,SIPP_2^2,"15,49,0","56,57,0",1,490.0,411,0.2992,63.63961,14.13717,28.27433,1 1 1 1 1 1 1 1 1 1 2 1 1 1 1 1 1 1 1 1 1 1 1 1 1 1 1 1 2 1 1 1 1 1 1 2 2 2 2 1 1 1 1 1 2 1 1 1 2
45,SIPP_2^3,"15,49,0","56,57,0",1,445.4051999999999,277,0.34641,27.57053,5.49779,10.99557,2 2 2 2 2 2 2 2 2 2 3 -2.268 2 2 2 2 2 2 2 2 3 2 2 2 2 2 2 2 2 2 2 2 2 3 3 3 3 3 2 2 2 3
45,SIPP_2^4,"15,49,0","56,57,0",1,432.935008,203,0.71111,16.28419,3.24553,6.49107,4 4 4 4 4 4 4 4 5 4 -4.050 4 4 4 4 4 4 4 4 4 4 4 4 5 5 5 4 4 4 5 5 5 4 5
45,SIPP_2^5,"15,49,0","56,57,0",1,426.9656729999999,136,1.29364,16.02165,3.17955,6.3591,8 8 8 8 8 9 9 6 8 8 9 9 9 9 8 9 9 8 8 8 8 9
45,SIPP_BigCS,"15,49,1","56,57,11",1,430.309672,498,7.26796,15.30306,2.8801,0.5425,337 367 -2.310 57 207 207 207 207 367 5 5 5 5 57
45,SIPP_Standard,"15,49,1","56,57,11",1,649.156437,1146,10.7513,32.36651,6.2673,0.987,-4.562 76 -35.658 97 87 -14.937 4 80 5 97
46,SIPP_2^2,"27,7,0","31,6,0",1,70.0,14,0.01118,28.28427,6.28319,12.56637,1 1 0 0 1 2 1
46,SIPP_2^3,"27,7,0","31,6,0",1,52.426408,9,0.01056,11.61063,2.35619,4.71239,2 1 1 3
46,SIPP_2^4,"27,7,0","31,6,0",1,50.644951999999996,9,0.02636,9.91402,1.89255,3.78509,3 2 6
46,SIPP_2^5,"27,7,0","31,6,0",1,50.197649,8,0.05595,6.44121,1.3734,2.7468,5 12
46,SIPP_BigCS,"27,7,2","31,6,5",1,171.319074,448,3.79323,23.55036,4.703,1.7087,-4.319 350 164 329 70
46,SIPP_Standard,"27,7,2","31,6,5",1,602.589918,837,4.66106,33.68147,6.4081,1.0967,15 62 110 -0.590 32 81 18 100
47,SIPP_2^2,"57,57,0","39,34,0",1,487.50496999999996,676,0.38616,70.71068,15.70796,31.41593,2 3 2 2 3 3 -14.029 3 0 0 0 0 0 0 0 0 0 0 0 0 0 3 3 0 3 3 3 3 3 3 3 3 3 0 0 0 0 0 3 3 3 0 0 0 0 0 -3.476 0 0
47,SIPP_2^3,"57,57,0","39,34,0",1,484.98236399999996,1052,1.05842,88.51481,17.27876,34.55752,5 5 5 -29.597 7 -1.818 0 0 0 0 -0.584 7 7 0 0 7 0 0 0 7 6 -9.884 7 -2.111 6 6 6 -3.524 6 7 6 -7.766 0 7 6 -7.425 7 -0.142 0 0 1 1 0 0 7
47,SIPP_2^4,"57,57,0","39,34,0",1,481.419452,1071,2.98022,67.27715,13.13396,26.26792,10 10 10 10 -1.741 14 -1.578 0 1 0 0 -3.658 15 0 0 15 15 15 -1.532 14 -1.926 12 12 11 -5.346 12 13 -9.547 0 14 12 -7.425 14 -0.142 0 0 1 1 14
47,SIPP_2^5,"57,57,0","39,34,0",1,480.68154899999996,1082,7.83376,51.71969,10.06828,20.13656,20 20 20 20 -1.741 28 -1.578 0 1 -4.175 31 31 31 30 -3.967 28 -1.926 24 23 -6.084 24 30 -9.281 25 -10.211 28 -0.142 0 2 1 28
47,SIPP_BigCS,"57,57,6","39,34,14",1,480.11125499999997,6309,96.2525,48.36934,9.5435,3.0414,76 379 205 333 74 -23.805 165 -11.993 330 75 102 -1.711 150 -1.602 348
47,SIPP_Standard,"57,57,6","39,34,14",1,488.98805799999997,315,2.29296,11.19268,2.1756,0.2766,-113.564 23 -41.254 30 46 -2.171 6
48,SIPP_2^2,"18,8,0","16,26,0",1,209.797539,66,0.04463,14.14214,3.14159,6.28319,2 2 2 2 2 2 2 2 2 2 3 3 2 -9.798 2 2 2 2 2 2 2
48,SIPP_2^3,"18,8,0","16,26,0",1,196.56854399999997,67,0.08924,11.77758,2.35619,4.71239,4 4 4 4 4 4 4 4 4 5 5 5 4 4 4 4 4 3
48,SIPP_2^4,"18,8,0","16,26,0",1,189.44272,53,0.20447,11.63538,2.31824,4.63648,8 8 8 8 9 8 8 9 9 8 8 8 8 7
48,SIPP_2^5,"18,8,0","16,26,0",1,187.857284,52,0.54118,6.50083,1.287,2.574,16 16 16 17 17 17 -1.366 15 16 16 16
48,SIPP_BigCS,"18,8,6","16,26,9",1,188.47177999999997,127,2.31948,7.43129,1.4477,0.1689,56 310 -0.472 28
48,SIPP_Standard,"18,8,6","16,26,9",1,445.063636,604,3.64488,24.34077,4.7069,0.7456,97 87 -19.064 16 78 107
49,SIPP_2^2,"27,21,0","1,4,0",0,-1,0,0.0,0.0,0.0,0.0,
49,SIPP_2^3,"27,21,0","1,4,0",0,-1,0,0.0,0.0,0.0,0.0,
49,SIPP_2^4,"27,21,0","1,4,0",0,-1,0,0.0,0.0,0.0,0.0,
49,SIPP_2^5,"27,21,0","1,4,0",0,-1,0,0.0,0.0,0.0,0.0,
49,SIPP_BigCS,"27,21,0","1,4,0",0,-1,0,0.0,0.0,0.0,0.0,
49,SIPP_Standard,"27,21,0","1,4,5",0,-1,0,0.00011,0.0,0.0,0.0,
50,SIPP_2^2,"16,4,0","18,35,0",1,397.849359,346,0.21237,49.49747,10.99557,21.99115,2 2 3 -9.166 2 -1.248 2 2 2 2 2 2 2 2 1 1 2 2 2 2 2 2 2 2 2 2 2 2 2 2 2 1 1 -17.436 2 2 2 2 2 3
50,SIPP_2^3,"16,4,0","18,35,0",1,358.16050399999995,282,0.34821,44.8286,8.63938,17.27876,4 5 5 -0.881 4 4 4 4 3 3 4 4 4 3 4 4 4 4 4 4 4 4 4 4 4 4 4 4 5 5 3 2 3
50,SIPP_2^4,"16,4,0","18,35,0",1,347.471768,258,0.93348,23.49255,4.67443,9.34887,10 9 -2.663 8 8 7 7 8 8 8 7 8 8 8 8 8 8 8 8 8 8 8 9 9 6 5
50,SIPP_2^5,"16,4,0","18,35,0",1,342.047692,251,2.44325,20.82541,4.0893,8.1786,19 -2.840 15 16 16 16 16 16 15 16 16 16 16 16 16 16 16 16 16 16 16 17 12 12 8
50,SIPP_BigCS,"16,4,4","18,35,11",1,349.83083,1096,20.37332,19.21812,3.7823,0.7177,103 -2.109 163 80 376 310 4 4 -2.721 24
50,SIPP_Standard,"16,4,4","18,35,11",1,408.718878,175,1.16346,9.89182,1.9514,0.2988,-75.719 87 0 0 20
51,SIPP_2^2,"35,39,0","17,24,0",0,-1,0,0.0,0.0,0.0,0.0,
51,SIPP_2^3,"35,39,0","17,24,0",0,-1,0,0.0,0.0,0.0,0.0,
51,SIPP_2^4,"35,39,0","17,24,0",0,-1,0,0.0,0.0,0.0,0.0,
51,SIPP_2^5,"35,39,0","17,24,0",0,-1,0,0.0,0.0,0.0,0.0,
51,SIPP_BigCS,"35,39,0","17,24,0",0,-1,0,0.0,0.0,0.0,0.0,
51,SIPP_Standard,"35,39,15","17,24,0",0,-1,0,0.00011,0.0,0.0,0.0,
52,SIPP_2^2,"28,14,0","45,4,0",1,270.0,207,0.12927,21.2132,4.71239,9.42478,1 1 1 1 1 1 1 1 1 1 1 1 1 1 1 1 0 0 0 0 0 0 0 0 0 1 0
52,SIPP_2^3,"28,14,0","45,4,0",1,240.71067999999997,149,0.20011,19.71187,3.92699,7.85398,2 2 2 2 2 2 2 2 2 2 2 2 1 1 0 0 0 0 1 1 0 1
52,SIPP_2^4,"28,14,0","45,4,0",1,218.306216,54,0.16519,9.54325,1.89255,3.78509,3 4 4 4 4 4 4 4 3 3 1 1 1 2
52,SIPP_2^5,"28,14,0","45,4,0",1,213.64085199999997,46,0.35375,5.91983,1.18019,2.36038,8 8 8 8 8 7 7 4 3 3 4
52,SIPP_BigCS,"28,14,7","45,4,7",1,215.0,117,1.57074,8.56736,1.6118,0.2323,305 5 5 25 204 204
52,SIPP_Standard,"28,14,7","45,4,7",1,278.42441,102,0.49505,11.13054,2.1756,0.2766,-31.424 22 45 17
53,SIPP_2^2,"29,57,0","36,15,0",0,-1,0,0.0,0.0,0.0,0.0,
53,SIPP_2^3,"29,57,0","36,15,0",0,-1,0,0.0,0.0,0.0,0.0,
53,SIPP_2^4,"29,57,0","36,15,0",0,-1,0,0.0,0.0,0.0,0.0,
53,SIPP_2^5,"29,57,0","36,15,0",0,-1,0,0.0,0.0,0.0,0.0,
53,SIPP_BigCS,"29,57,0","36,15,0",0,-1,0,0.0,0.0,0.0,0.0,
53,SIPP_Standard,"29,57,8","36,15,0",0,-1,0,8e-05,0.0,0.0,0.0,
54,SIPP_2^2,"49,48,0","41,38,0",1,180.0,102,0.06149,49.49747,10.99557,21.99115,3 0 0 0 3 3 0 0 3 3 3 3 0 0 0 0 3 0
54,SIPP_2^3,"49,48,0","41,38,0",1,133.13708799999998,28,0.03421,8.11211,1.5708,3.14159,7 7 7 7 7 7 7 0 0 7
54,SIPP_2^4,"49,48,0","41,38,0",1,129.574176,20,0.06947,3.22937,0.6435,1.287,14 14 14 15 15 14 14 14
54,SIPP_2^5,"49,48,0","41,38,0",1,128.67956999999998,15,0.14539,3.95075,0.78958,1.57916,28 28 29 28 29 28
54,SIPP_BigCS,"49,48,9","41,38,2",1,128.0,6,0.4757,3.43849,0.6634,0.0518,250 154
54,SIPP_Standard,"49,48,9","41,38,2",1,169.0,27,0.36165,12.69066,2.4946,0.4716,108 34
55,SIPP_2^2,"49,6,0","42,44,0",1,470.0,515,0.36259,70.71068,15.70796,31.41593,2 2 2 2 2 2 2 2 2 2 2 2 2 2 2 2 1 2 2 2 2 2 2 2 2 2 2 2 2 2 2 2 2 2 2 3 3 3 3 3 2 3 2 3 2 3 2
55,SIPP_2^3,"49,6,0","42,44,0",1,423.13708799999995,399,0.55426,27.65564,5.49779,10.99557,4 4 4 4 4 4 4 4 4 4 4 4 4 4 4 4 3 4 4 4 4 4 4 4 4 5 5 4 4 4 4 4 4 5 5 5 5 6 5
55,SIPP_2^4,"49,6,0","42,44,0",1,416.011264,414,1.73843,11.78355,2.35619,4.71239,8 8 8 8 8 8 8 8 8 8 8 8 8 7 8 8 8 8 8 8 8 8 8 8 8 8 8 8 9 9 10 10 10 11 10
55,SIPP_2^5,"49,6,0","42,44,0",1,415.39440899999994,421,4.6333,12.47106,2.46719,4.93438,16 16 16 16 16 16 16 16 16 16 16 16 16 16 16 16 15 16 16 16 16 16 16 16 17 17 16 -2.044 20 20 21 20
55,SIPP_BigCS,"49,6,14","42,44,2",1,415.290032,2192,43.92768,13.5505,2.5915,0.335,360 4 0 56 366 4 -0.290 52 203
55,SIPP_Standard,"49,6,14","42,44,2",1,470.37652399999996,1214,12.75361,18.52935,3.5464,0.5567,88 16 102 -39.377 104 31
56,SIPP_2^2,"6,1,0","37,12,0",1,420.0,359,0.19133,35.35534,7.85398,15.70796,1 1 1 1 1 1 1 1 1 1 1 1 1 1 1 1 1 1 1 1 1 1 1 1 1 2 1 1 1 1 1 2 2 2 2 2 2 2 2 2 1 2
56,SIPP_2^3,"6,1,0","37,12,0",1,363.70543599999996,287,0.31958,43.74594,8.63938,17.27876,2 2 2 2 2 2 2 2 2 2 2 2 2 2 2 3 2 3 2 3 3 3 3 3 2 3 2 2 2 3 -2.284 4 3
56,SIPP_2^4,"6,1,0","37,12,0",1,361.35364999999996,312,0.87329,26.57043,5.27998,10.55995,5 4 4 4 4 5 4 4 5 5 4 5 5 4 4 4 4 5 4 5 5 -17.747 7
56,SIPP_2^5,"6,1,0","37,12,0",1,361.35364999999996,322,2.31359,13.70766,2.7159,5.4318,9 8 9 8 9 9 9 9 9 9 8 9 -24.388 14
56,SIPP_BigCS,"6,1,2","37,12,2",1,361.19208399999997,1946,26.30739,13.43277,2.5801,0.3665,311 5 85 367 85 327 -16.192 200
56,SIPP_Standard,"6,1,2","37,12,2",1,361.762907,193,1.05041,14.64606,2.8451,0.3482,95 17 95 -18.763 25
57,SIPP_2^2,"4,34,0","40,2,0",0,-1,0,0.0,0.0,0.0,0.0,
57,SIPP_2^3,"4,34,0","40,2,0",0,-1,0,0.0,0.0,0.0,0.0,
57,SIPP_2^4,"4,34,0","40,2,0",0,-1,0,0.0,0.0,0.0,0.0,
57,SIPP_2^5,"4,34,0","40,2,0",0,-1,0,0.0,0.0,0.0,0.0,
57,SIPP_BigCS,"4,34,0","40,2,0",0,-1,0,0.0,0.0,0.0,0.0,
57,SIPP_Standard,"4,34,1","40,2,12",0,-1,0,0.00014,0.0,0.0,0.0,
58,SIPP_2^2,"60,40,0","34,62,0",1,480.0,747,0.44285,127.27922,28.27433,56.54867,3 3 3 3 3 3 3 3 3 3 3 3 3 3 2 2 3 3 2 3 2 2 2 3 2 3 2 2 2 2 2 2 2 3 2 3 2 2 2 2 3 2 2 3 3 3 2 3
58,SIPP_2^3,"60,40,0","34,62,0",1,387.066967,433,0.52834,19.34989,3.92699,7.85398,5 5 5 5 5 5 5 5 5 5 5 5 5 5 6 6 6 6 6 6 6 6 6 5 6 5 4 4 4 -0.768 4 -0.012 4 -0.012 4
58,SIPP_2^4,"60,40,0","34,62,0",1,387.066967,491,1.67228,17.50627,3.32145,6.64289,11 11 11 11 11 11 11 11 11 11 10 11 10 10 10 10 8 8 8 -0.352 8 -0.012 8 -0.012 8 -0.012 4
58,SIPP_2^5,"60,40,0","34,62,0",1,387.066967,502,4.51103,15.81959,2.92666,5.85331,22 22 22 22 22 21 21 21 21 22 22 20 16 16 16 -2.141 16 -0.012 16 -0.012 16 -0.012 8
58,SIPP_BigCS,"60,40,15","34,62,3",1,386.97547999999995,3044,39.82887,11.61631,2.0706,0.5601,203 203 203 203 203 203 203 203 307 67 163 -0.975 0
58,SIPP_Standard,"60,40,15","34,62,3",1,408.0,434,1.6409,22.40033,4.3588,0.7231,34 75 78 75 102
59,SIPP_2^2,"13,27,0","63,4,0",0,-1,0,0.0,0.0,0.0,0.0,
59,SIPP_2^3,"13,27,0","63,4,0",0,-1,0,0.0,0.0,0.0,0.0,
59,SIPP_2^4,"13,27,0","63,4,0",0,-1,0,0.0,0.0,0.0,0.0,
59,SIPP_2^5,"13,27,0","63,4,0",0,-1,0,0.0,0.0,0.0,0.0,
59,SIPP_BigCS,"13,27,0","63,4,0",0,-1,0,0.0,0.0,0.0,0.0,
59,SIPP_Standard,"13,27,12","63,4,4",0,-1,29095,180.0976,0.0,0.0,0.0,
60,SIPP_2^2,"19,42,0","9,39,0",1,130.0,33,0.02,14.14214,3.14159,6.28319,3 3 3 3 3 3 3 3 3 0 0 0 3
60,SIPP_2^3,"19,42,0","9,39,0",1,112.42640799999998,19,0.02019,3.82683,0.7854,1.5708,6 6 6 6 6 6 6 7 7 7
60,SIPP_2^4,"19,42,0","9,39,0",1,112.42640799999998,21,0.06003,3.82683,0.7854,1.5708,12 12 12 12 12 12 12 14 14 14
60,SIPP_2^5,"19,42,0","9,39,0",1,112.42640799999998,22,0.1777,3.82683,0.7854,1.5708,24 24 24 24 24 24 24 28 28 28
60,SIPP_BigCS,"19,42,3","9,39,4",1,120.0,60,0.81611,9.49349,1.888,0.4212,171 55
60,SIPP_Standard,"19,42,3","9,39,4",1,572.9703579999999,475,1.66169,26.39127,5.1108,0.7592,16 -32.686 78 99 85 18 -34.284 84
61,SIPP_2^2,"8,24,0","18,60,0",0,-1,0,0.0,0.0,0.0,0.0,
61,SIPP_2^3,"8,24,0","18,60,0",0,-1,0,0.0,0.0,0.0,0.0,
61,SIPP_2^4,"8,24,0","18,60,0",0,-1,0,0.0,0.0,0.0,0.0,
61,SIPP_2^5,"8,24,0","18,60,0",0,-1,0,0.0,0.0,0.0,0.0,
61,SIPP_BigCS,"8,24,0","18,60,0",0,-1,0,0.0,0.0,0.0,0.0,
61,SIPP_Standard,"8,24,10","18,60,11",0,-1,0,0.00012,0.0,0.0,0.0,
62,SIPP_2^2,"43,0,0","17,39,0",0,-1,0,0.0,0.0,0.0,0.0,
62,SIPP_2^3,"43,0,0","17,39,0",0,-1,0,0.0,0.0,0.0,0.0,
62,SIPP_2^4,"43,0,0","17,39,0",0,-1,0,0.0,0.0,0.0,0.0,
62,SIPP_2^5,"43,0,0","17,39,0",0,-1,0,0.0,0.0,0.0,0.0,
62,SIPP_BigCS,"43,0,0","17,39,0",0,-1,0,0.0,0.0,0.0,0.0,
62,SIPP_Standard,"43,0,14","17,39,0",0,-1,0,1e-05,0.0,0.0,0.0,
63,SIPP_2^2,"0,45,0","47,25,0",0,-1,0,0.0,0.0,0.0,0.0,
63,SIPP_2^3,"0,45,0","47,25,0",0,-1,0,0.0,0.0,0.0,0.0,
63,SIPP_2^4,"0,45,0","47,25,0",0,-1,0,0.0,0.0,0.0,0.0,
63,SIPP_2^5,"0,45,0","47,25,0",0,-1,0,0.0,0.0,0.0,0.0,
63,SIPP_BigCS,"0,45,0","47,25,0",0,-1,0,0.0,0.0,0.0,0.0,
63,SIPP_Standard,"0,45,14","47,25,4",0,-1,0,1e-05,0.0,0.0,0.0,
64,SIPP_2^2,"29,2,0","59,45,0",1,770.0,2356,1.48107,134.35029,29.84513,59.69026,1 1 1 1 1 1 1 1 1 1 1 1 1 1 2 1 1 1 2 2 1 1 2 2 2 2 2 1 2 2 2 1 1 2 2 2 2 2 2 2 2 2 2 2 2 2 2 2 2 2 2 1 1 1 1 1 2 2 2 2 2 3 2 3 2 1 1 1 1 2 2 2 2 2 2 1 2
64,SIPP_2^3,"29,2,0","59,45,0",1,586.9146209999999,737,0.93765,44.69371,8.63938,17.27876,3 3 3 3 3 -4.760 5 4 3 -0.584 3 -2.563 3 3 3 3 3 3 3 3 3 3 3 3 -1.365 2 3 2 3 3 -3.378 3 3 3 3 3 3 4 4 4 4 4 3 4 4 4 4 4 4 4
64,SIPP_2^4,"29,2,0","59,45,0",1,579.562466,816,2.89732,25.03288,5.03414,10.06828,6 6 5 5 5 6 6 5 5 5 6 6 6 6 6 6 6 7 7 7 7 7 7 -3.209 8 -0.632 6 8 7 8 8 8 -0.347 8 -0.534 8 -0.151 8 -0.060 8 -1.874 9
64,SIPP_2^5,"29,2,0","59,45,0",1,579.327105,882,8.05521,14.36867,2.8578,5.7156,11 11 11 11 11 10 12 12 12 12 13 13 13 12 12 12 -0.226 15 16 15 16 16 16 16 16 16 19
64,SIPP_BigCS,"29,2,11","59,45,3",1,578.8068719999999,4944,78.58236,15.18843,2.8729,0.4288,176 207 207 223 100 100 152 200 248 -2.278 156 -3.898 0 -0.631 72
64,SIPP_Standard,"29,2,11","59,45,3",1,585.0,901,5.05411,16.6232,2.9615,0.343,21 48 79 56 56 88 16
65,SIPP_2^2,"14,56,0","14,3,0",0,-1,0,0.0,0.0,0.0,0.0,
65,SIPP_2^3,"14,56,0","14,3,0",0,-1,0,0.0,0.0,0.0,0.0,
65,SIPP_2^4,"14,56,0","14,3,0",0,-1,0,0.0,0.0,0.0,0.0,
65,SIPP_2^5,"14,56,0","14,3,0",0,-1,0,0.0,0.0,0.0,0.0,
65,SIPP_BigCS,"14,56,0","14,3,0",0,-1,0,0.0,0.0,0.0,0.0,
65,SIPP_Standard,"14,56,3","14,3,12",0,-1,0,0.0001,0.0,0.0,0.0,
66,SIPP_2^2,"40,11,0","19,33,0",1,476.65106899999995,984,0.67275,77.78175,17.27876,34.55752,3 3 3 3 3 3 2 2 2 3 2 3 3 3 3 3 3 3 3 0 3 3 2 2 2 3 3 3 -7.694 2 2 2 2 2 2 2 2 2 2 2 2 2 -1.418 2 -17.539 3 2 2
66,SIPP_2^3,"40,11,0","19,33,0",1,333.7374659999999,221,0.3257,32.5761,6.28319,12.56637,5 5 5 5 5 5 5 5 5 4 5 5 4 4 4 5 5 5 5 5 6 5 -0.895 5 5 7
66,SIPP_2^4,"40,11,0","19,33,0",1,332.3238309999999,264,1.10833,20.22085,4.1448,8.2896,10 10 10 10 10 10 10 10 9 9 9 9 10 11 10 -0.272 11 -5.754 9 10 -0.067 14
66,SIPP_2^5,"40,11,0","19,33,0",1,332.3238309999999,273,2.93343,17.70911,3.5013,7.0026,20 20 20 20 20 20 20 20 18 18 18 18 20 21 -0.719 22 -5.754 18 20 -0.067 28
66,SIPP_BigCS,"40,11,15","19,33,3",1,334.33312199999995,1317,21.11056,8.1786,1.478,0.2574,103 103 103 103 103 -1.238 127 206 206 206 206 326 -18.095 307
66,SIPP_Standard,"40,11,15","19,33,3",1,351.025856,80,0.76813,15.64874,3.0465,0.4925,31 -1.188 39 24 -10.838 99
67,SIPP_2^2,"31,53,0","40,51,0",1,110.0,19,0.01124,28.28427,6.28319,12.56637,1 1 1 0 1 1 1 1 1 0 1
67,SIPP_2^3,"31,53,0","40,51,0",1,98.28427199999999,13,0.01471,11.59279,2.35619,4.71239,2 2 1 2 2 2 2 2 1
67,SIPP_2^4,"31,53,0","40,51,0",1,94.72136,11,0.03366,6.94722,1.39094,2.78189,4 3 4 4 4 4 3
67,SIPP_2^5,"31,53,0","40,51,0",1,93.245554,9,0.08017,3.22267,0.6435,1.287,7 8 8 8 7
67,SIPP_BigCS,"31,53,8","40,51,1",1,95.0,15,0.46117,6.34572,1.2531,0.304,169 29
67,SIPP_Standard,"31,53,8","40,51,1",1,616.7036989999999,2364,27.97342,31.09302,5.8944,0.8747,13 60 84 25 -16.704 104 47 19
68,SIPP_2^2,"20,4,0","61,17,0",1,574.212589,1154,0.66936,77.78175,17.27876,34.55752,1 1 1 1 1 1 1 1 1 1 1 1 1 1 1 1 1 1 1 1 1 1 1 1 1 1 1 1 1 1 1 1 1 1 2 1 1 1 2 1 2 2 2 2 2 2 2 2 1 -14.213 2 3 2 1 1 1 2
68,SIPP_2^3,"20,4,0","61,17,0",1,463.8477679999999,348,0.43649,43.88241,8.63938,17.27876,2 2 2 2 2 2 2 2 2 2 2 2 2 2 2 2 2 2 2 2 3 3 3 2 3 2 2 2 3 3 2 2 3 2 3 3 3 3 3 2 3
68,SIPP_2^4,"20,4,0","61,17,0",1,440.68884,132,0.46622,16.26282,3.24553,6.49107,4 4 4 4 4 4 4 5 4 4 4 4 4 5 5 5 4 5 5 5 5 5 5 5 5 4 4 5
68,SIPP_2^5,"20,4,0","61,17,0",1,435.52351899999996,84,0.77587,9.29399,1.85459,3.70918,9 8 8 8 8 9 8 8 8 8 9 9 9 10 10 10 10 9 10 10 9
68,SIPP_BigCS,"20,4,0","61,17,0",1,436.0,180,2.48839,10.87332,1.9396,0.1962,5 85 207 367 5 85 207 207 207 207 207 311
68,SIPP_Standard,"20,4,0","61,17,0",1,535.626769,1701,7.94981,15.77115,2.9968,0.3965,17 -37.173 71 28 -0.423 48 -3.623 103 -1.407 73
69,SIPP_2^2,"26,58,0","31,42,0",1,351.91585599999996,618,0.40975,21.2132,4.71239,9.42478,0 0 0 0 0 0 0 0 -53.115 0 0 0 0 -23.371 0 1 1 1 1 -65.346 0 -0.084 0 0 1
69,SIPP_2^3,"26,58,0","31,42,0",1,251.42135999999996,324,0.40363,43.14256,7.85398,15.70796,1 1 1 1 1 0 1 0 0 0 0 0 0 1 1 0 0 0 5 6 5
69,SIPP_2^4,"26,58,0","31,42,0",1,229.35584699999998,225,0.74039,23.84659,5.03414,10.06828,2 2 1 2 -0.984 1 1 0 0 0 0 1 0 0 14 9
69,SIPP_2^5,"26,58,0","31,42,0",1,228.04670499999997,223,1.91714,20.41653,4.30424,8.60848,3 4 4 -1.431 2 -0.167 1 0 0 0 1 0 28 18
69,SIPP_BigCS,"26,58,3","31,42,3",1,251.0,1557,23.03867,16.93616,3.2819,0.879,30 202 202 378 332 5 5 73
69,SIPP_Standard,"26,58,3","31,42,3",1,350.977221,280,1.52035,7.32357,1.4426,0.1887,-27.110 92 -150.867 22
70,SIPP_2^2,"6,14,0","28,4,0",1,320.0,280,0.15276,42.42641,9.42478,18.84956,0 0 0 0 0 0 0 1 1 1 1 1 1 1 1 1 1 0 1 1 0 1 1 1 1 1 1 1 1 1 1 0
70,SIPP_2^3,"6,14,0","28,4,0",1,261.42135999999994,144,0.18048,20.00224,3.92699,7.85398,2 2 2 2 2 2 2 1 1 1 1 1 1 1 1 2 2 1 2 2 2 1
70,SIPP_2^4,"6,14,0","28,4,0",1,243.6068,38,0.13534,4.62262,0.9273,1.85459,3 3 3 3 3 3 4 4 3 3 3 3
70,SIPP_2^5,"6,14,0","28,4,0",1,242.130994,26,0.22482,2.1286,0.42569,0.85138,6 6 6 6 6 6 7 6 6 7
70,SIPP_BigCS,"6,14,2","28,4,10",1,241.0,7,0.47136,3.74146,0.5061,0.0613,193 201 201 201 201 305
70,SIPP_Standard,"6,14,2","28,4,10",1,247.0,13,0.15591,6.78264,1.1673,0.148,9 53 57
71,SIPP_2^2,"63,62,0","16,25,0",0,-1,0,0.0,0.0,0.0,0.0,
71,SIPP_2^3,"63,62,0","16,25,0",0,-1,0,0.0,0.0,0.0,0.0,
71,SIPP_2^4,"63,62,0","16,25,0",0,-1,0,0.0,0.0,0.0,0.0,
71,SIPP_2^5,"63,62,0","16,25,0",0,-1,0,0.0,0.0,0.0,0.0,
71,SIPP_BigCS,"63,62,0","16,25,0",0,-1,0,0.0,0.0,0.0,0.0,
71,SIPP_Standard,"63,62,3","16,25,9",0,-1,0,6e-05,0.0,0.0,0.0,
72,SIPP_2^2,"49,35,0","47,28,0",1,174.915856,146,0.0962,35.35534,7.85398,15.70796,0 0 3 3 3 3 0 3 3 0 0 0 -2.357 0 1 -2.474 1 -0.084 1 1
72,SIPP_2^3,"49,35,0","47,28,0",1,100.71068,46,0.05511,16.30556,3.14159,6.28319,0 0 7 7 7 7 1 2
72,SIPP_2^4,"49,35,0","47,28,0",1,97.14776799999999,43,0.1316,15.6661,2.9997,5.99939,14 15 14 15 2 4
72,SIPP_2^5,"49,35,0","47,28,0",1,96.253162,44,0.33659,10.46433,2.1588,4.3176,29 29 4 8
72,SIPP_BigCS,"49,35,15","47,28,8",1,102.729443,112,1.65864,11.17996,2.2074,0.7634,205 333 -2.729 78
72,SIPP_Standard,"49,35,15","47,28,8",1,582.618531,1066,7.82102,30.97791,6.0054,1.0102,91 27 98 -71.619 76 105 40
73,SIPP_2^2,"59,47,0","46,2,0",0,-1,0,0.0,0.0,0.0,0.0,
73,SIPP_2^3,"59,47,0","46,2,0",0,-1,0,0.0,0.0,0.0,0.0,
73,SIPP_2^4,"59,47,0","46,2,0",0,-1,0,0.0,0.0,0.0,0.0,
73,SIPP_2^5,"59,47,0","46,2,0",0,-1,0,0.0,0.0,0.0,0.0,
73,SIPP_BigCS,"59,47,0","46,2,0",0,-1,0,0.0,0.0,0.0,0.0,
73,SIPP_Standard,"59,47,0","46,2,10",0,-1,8,0.03008,0.0,0.0,0.0,
74,SIPP_2^2,"41,29,0","20,27,0",1,287.023062,249,0.32607,35.35534,7.85398,15.70796,3 3 3 3 3 3 3 3 3 3 3 3 3 2 2 -7.077 3 3 3 -0.045 0 -0.375 0 -9.526 0 3 3 3 3 3 0
74,SIPP_2^3,"41,29,0","20,27,0",1,278.748826,312,0.36533,34.31427,7.06858,14.13717,6 6 6 6 6 6 6 6 6 6 6 6 5 -32.865 6 -0.022 6 -0.094 0 -0.375 6 -12.967 7 6 6 6 7
74,SIPP_2^4,"41,29,0","20,27,0",1,264.411335,268,0.96539,17.5821,3.42539,6.85077,11 12 12 11 11 11 12 12 12 12 12 -1.384 13 13 13 14 1
74,SIPP_2^5,"41,29,0","20,27,0",1,261.238146,251,3.02038,11.81825,2.35619,4.71239,23 23 23 23 24 -0.473 24 -0.093 24 25 27 28 2
74,SIPP_BigCS,"41,29,14","20,27,1",1,271.0,1442,129.93378,17.14057,3.3319,1.0023,7 31 203 203 363 79 346
74,SIPP_Standard,"41,29,14","20,27,1",1,296.278727,120,2.50171,11.7279,2.273,0.3191,86 -5.861 23 -45.418 50
75,SIPP_2^2,"19,62,0","7,25,0",1,491.32755599999996,599,0.3855,113.13708,25.13274,50.26548,0 0 0 0 0 0 0 0 0 0 0 0 3 3 3 0 3 0 0 0 0 0 0 0 3 0 0 0 0 0 0 0 0 0 3 0 0 0 -1.328 3 0 0 3 0 3 3 3 0 3 0
75,SIPP_2^3,"19,62,0","7,25,0",1,419.7056319999999,311,0.39289,44.20194,8.63938,17.27876,7 7 7 7 7 7 0 0 0 7 0 0 0 7 7 0 7 0 0 0 0 0 0 0 0 0 0 7 0 0 0 0 7 0 0 0 0
75,SIPP_2^4,"19,62,0","7,25,0",1,403.672528,210,0.75338,35.11872,6.99267,13.98534,14 14 15 14 15 15 0 15 0 15 0 0 0 15 0 15 0 0 0 0 0 15 0 0 15 0 0 0
75,SIPP_2^5,"19,62,0","7,25,0",1,397.6126009999999,136,1.31551,17.80194,3.5568,7.1136,29 29 28 31 31 0 31 31 0 31 0 31 0 0 0 0 31 0 0
75,SIPP_BigCS,"19,62,9","7,25,7",1,400.0,416,6.36472,14.51592,2.7849,0.2972,154 306 30 306 82 362
75,SIPP_Standard,"19,62,9","7,25,7",1,422.000681,53,0.34616,13.32499,2.5485,0.3027,54 -18.001 90 10 46 2
76,SIPP_2^2,"28,61,0","36,58,0",1,110.0,31,0.0218,42.42641,9.42478,18.84956,1 1 1 1 0 1 1 0 1 0 1
76,SIPP_2^3,"28,61,0","36,58,0",1,92.42640799999998,18,0.02615,11.59279,2.35619,4.71239,2 2 1 2 2 2 1 1
76,SIPP_2^4,"28,61,0","36,58,0",1,90.59698900000001,16,0.06035,4.6497,0.9273,1.85459,3 4 4 3 -3.515 3
76,SIPP_2^5,"28,61,0","36,58,0",1,90.59698900000001,17,0.15981,0.71015,0.1419,0.28379,7 7 -4.991 6
76,SIPP_BigCS,"28,61,4","36,58,11",1,90.45583,36,0.84395,7.91089,1.566,0.3826,89 -1.456 169
76,SIPP_Standard,"28,61,4","36,58,11",1,105.311867,4,0.09965,2.99427,0.5969,0.061,-18.312 89
77,SIPP_2^2,"35,59,0","42,46,0",1,200.0,95,0.05962,35.35534,7.85398,15.70796,0 1 1 0 0 0 0 0 0 0 0 0 0 0 1 1 1 1 0 1
77,SIPP_2^3,"35,59,0","42,46,0",1,158.99495199999998,41,0.05011,32.14123,6.28319,12.56637,1 1 1 0 1 0 0 1 0 1 0 0 1
77,SIPP_2^4,"35,59,0","42,46,0",1,151.869128,20,0.06661,6.29667,1.24905,2.49809,2 2 2 1 0 0 1 1 1
77,SIPP_2^5,"35,59,0","42,46,0",1,150.39332199999998,14,0.12694,3.03824,0.60554,1.21109,4 4 4 1 1 2 2
77,SIPP_BigCS,"35,59,10","42,46,0",1,152.0,15,0.39485,4.44871,0.8375,0.0871,101 125 308 6
77,SIPP_Standard,"35,59,10","42,46,0",1,420.21923,258,1.26461,17.93878,3.459,0.4977,36 -86.819 13 108 -6.400 50
78,SIPP_2^2,"25,5,0","21,50,0",1,490.0,100,0.07435,42.42641,9.42478,18.84956,2 3 3 2 2 2 2 2 2 2 2 2 2 2 2 2 2 2 2 3 2 3 2 2 2 2 2 2 2 2 2 2 2 2 2 2 2 2 2 2 2 2 2 2 2 2 2 2 2
78,SIPP_2^3,"25,5,0","21,50,0",1,475.65712099999996,165,0.23756,31.57894,6.28319,12.56637,4 5 4 5 -0.685 4 -0.106 4 -0.013 4 4 4 4 4 4 4 4 4 4 5 5 5 4 4 4 4 4 4 4 4 4 3 4 4 4 4 4 4 4 4 4 4 4 4 4 4 4 4
78,SIPP_2^4,"25,5,0","21,50,0",1,469.851905,143,0.56648,13.25125,2.63999,5.27998,10 9 9 8 8 8 8 8 8 8 8 8 8 8 8 9 9 8 8 -0.998 8 -0.534 8 -0.151 8 -0.060 8 -1.874 7 -0.289 8 8 8 8 8 8 8 8 8 8 8 8 8 8 8 8
78,SIPP_2^5,"25,5,0","21,50,0",1,469.851905,159,1.6476,12.11367,2.40751,4.81502,19 17 16 16 16 16 16 16 16 16 16 16 17 17 17 16 -0.174 13 -1.076 16 16 16 16 16 16 16 16 16 16 16 16 16 16 16 16
78,SIPP_BigCS,"25,5,12","21,50,13",1,471.0,480,8.66468,14.04974,2.6783,0.5134,131 4 4 4 4 4 4 84 206 342 200 360 0 4 4 4
78,SIPP_Standard,"25,5,12","21,50,13",1,489.942003,63,0.53174,12.97045,2.3533,0.3267,51 -0.942 62 110 44 0 0
79,SIPP_2^2,"20,28,0","25,47,0",0,-1,0,0.0,0.0,0.0,0.0,
79,SIPP_2^3,"20,28,0","25,47,0",0,-1,0,0.0,0.0,0.0,0.0,
79,SIPP_2^4,"20,28,0","25,47,0",0,-1,0,0.0,0.0,0.0,0.0,
79,SIPP_2^5,"20,28,0","25,47,0",0,-1,0,0.0,0.0,0.0,0.0,
79,SIPP_BigCS,"20,28,0","25,47,0",0,-1,0,0.0,0.0,0.0,0.0,
79,SIPP_Standard,"20,28,7","25,47,2",0,-1,0,0.00012,0.0,0.0,0.0,
80,SIPP_2^2,"4,58,0","6,31,0",1,322.023062,129,0.05849,28.28427,6.28319,12.56637,0 1 1 1 0 0 0 0 0 0 3 0 0 -12.023 0 0 0 0 0 0 0 0 0 0 0 0 0 0 0 0 0 0
80,SIPP_2^3,"4,58,0","6,31,0",1,321.91585599999996,208,0.17846,27.68596,5.49779,10.99557,1 2 1 0 0 0 0 0 7 7 -6.991 0 -0.410 0 1 0 0 0 0 0 -6.709 0 -0.206 0 -0.049 0 0 0 0 0 0 -6.756 0 -0.084 0
80,SIPP_2^4,"4,58,0","6,31,0",1,321.91585599999996,219,0.53556,34.17354,6.70888,13.41775,2 1 0 15 0 0 15 -12.336 0 -0.410 0 -8.273 1 0 0 0 0 -0.218 0 -0.206 0 -0.049 0 0 4 0 0 0 -6.756 0 -0.084 0
80,SIPP_2^5,"4,58,0","6,31,0",1,321.91585599999996,233,1.56773,37.51534,7.79848,15.59697,3 31 30 31 -1.898 0 -0.410 8 -8.273 2 0 0 0 0 -0.218 0 -0.206 0 -0.049 0 0 8 0 0 0 -6.756 0 -0.084 0
80,SIPP_BigCS,"4,58,0","6,31,7",1,321.824369,615,6.70855,16.68711,3.3178,0.8764,185 6 66 -12.905 174 -14.025 308 -6.895 2
80,SIPP_Standard,"4,58,0","6,31,7",1,337.153506,24,0.1361,19.04066,3.683,0.5326,13 -0.154 108 46 6
81,SIPP_2^2,"58,50,0","20,11,0",1,810.0,2317,1.41266,148.49242,32.98672,65.97345,1 0 1 0 0 0 0 0 0 0 0 0 0 3 3 3 0 0 0 3 3 3 3 3 3 3 3 3 3 3 3 3 3 3 3 3 3 3 3 3 3 3 3 3 0 0 3 0 0 0 0 0 0 0 0 0 0 3 0 3 3 3 0 3 3 3 0 3 0 0 0 0 0 0 3 3 0 0 0 3 0
81,SIPP_2^3,"58,50,0","20,11,0",1,621.4973279999999,914,1.0518,84.12068,16.49336,32.98672,7 6 6 6 7 6 6 6 6 6 6 7 7 7 7 7 7 7 -2.226 6 -3.295 0 7 0 7 7 0 7 7 7 0 0 7 7 7 7 7 7 7 0 0 7 0 0 -1.229 7 0 7 7 7 7 -8.767 0
81,SIPP_2^4,"58,50,0","20,11,0",1,604.056016,679,2.22788,36.83052,7.28639,14.57279,13 12 12 14 13 13 13 13 14 13 13 -14.696 12 -3.731 15 15 15 14 14 14 15 15 15 14 15 0 0 0 0 15 14 13 13 14 15
81,SIPP_2^5,"58,50,0","20,11,0",1,601.925105,725,6.81936,28.52786,5.63968,11.27937,26 25 28 28 28 28 29 29 1 0 0 -5.075 30 29 29 28 28 24 26 27 27 28 28 -1.992 25 25 -5.312 28 30
81,SIPP_BigCS,"58,50,7","20,11,6",1,603.9919649999999,2659,125.05814,30.82121,5.9368,1.5317,205 365 79 322 205 -14.992 357 182 202 202 202 306 6 70 205 205 333
81,SIPP_Standard,"58,50,7","20,11,6",1,642.0,154,0.95602,26.35858,5.0192,0.6083,37 10 50 77 74 93 23 50
82,SIPP_2^2,"5,11,0","11,24,0",1,192.56346,97,0.05116,56.56854,12.56637,25.13274,2 2 2 2 2 1 2 1 2 1 1 1 -0.899 2 2 2 2 2 1 -1.665 2
82,SIPP_2^3,"5,11,0","11,24,0",1,154.852816,43,0.04805,31.65229,6.28319,12.56637,3 4 4 4 3 4 4 3 4 3 3 4 3
82,SIPP_2^4,"5,11,0","11,24,0",1,149.858627,34,0.10668,14.27684,2.81984,5.63968,7 8 8 7 7 8 -2.132 6 7 6
82,SIPP_2^5,"5,11,0","11,24,0",1,149.411324,32,0.26369,3.33255,0.66104,1.32209,15 15 15 -4.345 12 13
82,SIPP_BigCS,"5,11,2","11,24,12",1,151.078413,80,1.66787,6.12038,1.1771,0.1535,16 -1.078 152
82,SIPP_Standard,"5,11,2","11,24,12",1,494.963518,1347,8.49638,21.58767,4.0632,0.7449,57 105 40 -1.420 70 -69.544 43
83,SIPP_2^2,"40,57,0","45,58,0",1,60.0,6,0.00404,14.14214,3.14159,6.28319,1 1 1 1 2 1
83,SIPP_2^3,"40,57,0","45,58,0",1,54.142136,5,0.00628,3.82683,0.7854,1.5708,2 2 2 2 3
83,SIPP_2^4,"40,57,0","45,58,0",1,52.36068,4,0.01399,2.29753,0.46365,0.9273,4 4 4 5
83,SIPP_2^5,"40,57,0","45,58,0",1,51.622777,3,0.02695,1.60182,0.32175,0.6435,8 8 9
83,SIPP_BigCS,"40,57,5","45,58,3",1,53.0,5,0.22881,3.85319,0.7822,0.2486,5 5 73
83,SIPP_Standard,"40,57,5","45,58,3",1,491.0,791,2.92661,22.62696,4.3659,0.7057,2 22 41 87 20 55
84,SIPP_2^2,"24,56,0","6,23,0",1,510.0,820,0.54965,91.92388,20.42035,40.8407,3 0 3 3 0 0 3 3 0 0 0 3 3 3 3 0 0 0 3 3 0 0 0 0 0 0 0 0 3 3 0 0 0 0 0 0 3 3 3 3 3 0 0 0 0 0 0 0 0 0 0
84,SIPP_2^3,"24,56,0","6,23,0",1,411.21771899999993,348,0.4624,31.58621,6.28319,12.56637,7 7 7 7 7 7 7 7 7 7 0 7 7 7 7 7 0 0 -0.803 7 0 0 0 0 0 0 -5.857 7 0 0 0 0 0 0 7
84,SIPP_2^4,"24,56,0","6,23,0",1,407.452177,373,1.38353,28.99598,5.81954,11.63908,15 0 0 0 15 15 15 15 15 14 14 14 14 15 14 15 14 -1.329 12 -0.012 12 -0.012 12 0 0 0 0 15 0 0
84,SIPP_2^5,"24,56,0","6,23,0",1,406.702009,394,3.91362,16.54355,3.21463,6.42927,31 31 31 31 28 28 28 28 28 28 29 29 -1.600 24 -0.012 24 -0.012 24 31 0 0 0 0 0 0
84,SIPP_BigCS,"24,56,1","6,23,8",1,406.53085799999997,1859,28.09106,17.36783,3.3561,0.6716,202 202 306 66 102 102 102 182 322 -15.531 245 6 6
84,SIPP_Standard,"24,56,1","6,23,8",1,412.034361,158,0.96569,12.68904,2.4372,0.2297,74 69 54 -5.034 90 18
85,SIPP_2^2,"56,57,0","38,15,0",0,-1,0,0.0,0.0,0.0,0.0,
85,SIPP_2^3,"56,57,0","38,15,0",0,-1,0,0.0,0.0,0.0,0.0,
85,SIPP_2^4,"56,57,0","38,15,0",0,-1,0,0.0,0.0,0.0,0.0,
85,SIPP_2^5,"56,57,0","38,15,0",0,-1,0,0.0,0.0,0.0,0.0,
85,SIPP_BigCS,"56,57,0","38,15,0",0,-1,0,0.0,0.0,0.0,0.0,
85,SIPP_Standard,"56,57,3","38,15,14",0,-1,17,0.05888,0.0,0.0,0.0,
86,SIPP_2^2,"63,32,0","36,35,0",0,-1,0,0.0,0.0,0.0,0.0,
86,SIPP_2^3,"63,32,0","36,35,0",0,-1,0,0.0,0.0,0.0,0.0,
86,SIPP_2^4,"63,32,0","36,35,0",0,-1,0,0.0,0.0,0.0,0.0,
86,SIPP_2^5,"63,32,0","36,35,0",0,-1,0,0.0,0.0,0.0,0.0,
86,SIPP_BigCS,"63,32,0","36,35,0",0,-1,0,0.0,0.0,0.0,0.0,
86,SIPP_Standard,"63,32,10","36,35,12",0,-1,0,1e-05,0.0,0.0,0.0,
87,SIPP_2^2,"27,29,0","12,11,0",1,361.41606,468,0.31483,70.71068,15.70796,31.41593,-11.720 0 -13.005 3 0 0 -6.691 0 3 3 3 3 3 3 0 0 0 0 0 0 0 0 0 0 0 3 0 3 3 3 0 3 3 3 3 0
87,SIPP_2^3,"27,29,0","12,11,0",1,294.07395699999995,184,0.26377,43.05699,8.63938,17.27876,-11.720 6 -3.869 7 0 1 -10.495 7 6 6 7 7 7 7 7 7 7 7 0 7 7 0 0 7
87,SIPP_2^4,"27,29,0","12,11,0",1,285.988746,144,0.56771,42.72022,7.89194,15.78388,11 13 14 13 -6.886 0 -0.991 4 15 14 -0.298 15 15 15 15 14 15 14
87,SIPP_2^5,"27,29,0","12,11,0",1,285.392601,140,1.50445,33.98864,6.21014,12.42029,22 27 26 -7.333 0 -0.991 8 31 30 29 29 29 28
87,SIPP_BigCS,"27,29,3","12,11,13",1,283.483014,202,3.30485,10.77981,2.0721,0.3963,-39.164 22 205 -1.319 325 202 218
87,SIPP_Standard,"27,29,3","12,11,13",1,313.56410900000003,26,0.2582,4.98437,0.9733,0.0991,-76.564 30 54 74
88,SIPP_2^2,"62,61,0","23,19,0",1,853.023062,2796,1.62133,91.92388,20.42035,40.8407,3 3 3 3 3 3 3 3 0 0 0 0 0 0 0 0 0 0 0 0 0 0 0 0 0 0 0 3 3 3 3 3 3 3 3 3 3 3 3 3 3 0 0 0 0 0 0 0 0 0 0 0 0 0 3 0 3 0 3 3 3 0 0 0 0 0 3 3 3 3 3 3 3 2 2 -3.023 3 3 3 3 3 0 0 0 0 0
88,SIPP_2^3,"62,61,0","23,19,0",1,684.5463820000002,1033,0.96155,112.65245,21.99115,43.9823,7 6 7 6 6 6 6 -7.710 7 7 0 0 7 0 0 7 7 0 0 0 7 6 -4.172 7 -2.111 6 6 6 -3.524 6 7 6 -7.766 0 7 6 -7.425 7 7 7 7 7 7 0 7 7 0 0 7 7 0 0 7 7 0 0 7 7 7 7
88,SIPP_2^4,"62,61,0","23,19,0",1,668.6677950000001,938,2.44543,22.76505,4.53254,9.06507,0 0 0 0 0 0 0 0 0 0 0 0 0 0 0 15 0 14 14 14 14 14 14 14 14 14 14 14 14 14 14 14 14 14 15 13 12 11 12 12 12 12 12 -7.005 13 13 13 13 13
88,SIPP_2^5,"62,61,0","23,19,0",1,666.1004859999999,948,6.47655,17.45466,3.46334,6.92669,0 0 0 0 0 0 0 0 0 0 0 0 0 31 0 31 28 28 28 28 28 28 28 28 28 28 28 28 28 28 28 28 28 27 27 26 26 22 23 24 24 25
88,SIPP_BigCS,"62,61,14","23,19,6",1,666.0,5086,66.63651,19.58767,3.8367,0.7947,6 6 6 6 6 6 6 2 66 102 102 102 102 102 102 102 102 102 102 102 102 102 102 154 322 205 285 315
88,SIPP_Standard,"62,61,14","23,19,6",1,854.878757,8341,98.69222,30.94594,5.8346,0.9144,-13.837 23 -24.268 50 101 99 77 58 -1.870 90 -57.904 2 26
89,SIPP_2^2,"15,61,0","34,35,0",1,451.91585599999996,643,0.40329,106.06602,23.56194,47.12389,1 1 1 1 1 1 0 1 1 1 0 0 0 1 0 0 0 0 0 1 1 0 0 0 0 0 0 1 1 1 0 -1.832 0 -0.084 0 1 0 0 0 0 1 1 0 0 0 1 0
89,SIPP_2^3,"15,61,0","34,35,0",1,338.70058399999994,142,0.18059,27.63149,5.49779,10.99557,0 1 0 0 1 1 1 1 1 1 1 1 1 0 0 0 1 1 1 1 1 1 1 1 0 1
89,SIPP_2^4,"15,61,0","34,35,0",1,331.57475999999997,114,0.4524,17.40276,3.5013,7.0026,2 2 1 2 1 1 2 2 2 2 0 0 0 2 2 2 2 2 2 2 1 2
89,SIPP_2^5,"15,61,0","34,35,0",1,329.49494799999997,109,0.99273,10.88044,2.16298,4.32597,3 4 4 4 4 4 3 1 0 0 4 4 4 4 4 4 3 4
89,SIPP_BigCS,"15,61,14","34,35,8",1,329.063453,277,4.38544,11.37656,2.2173,0.539,220 101 101 101 101 161 -1.063 74 101 101 101 101 125
89,SIPP_Standard,"15,61,14","34,35,8",1,337.079439,31,0.23198,7.44277,1.2947,0.1135,73 60 -10.079 68 49
90,SIPP_2^2,"53,2,0","57,22,0",1,240.0,114,0.05631,35.35534,7.85398,15.70796,2 2 2 2 2 2 2 2 2 2 2 2 2 2 2 2 2 2 1 1 2 1 2 1
90,SIPP_2^3,"53,2,0","57,22,0",1,216.56854399999997,81,0.07593,27.40917,5.49779,10.99557,4 4 4 4 4 4 4 4 4 4 4 3 4 4 3 4 3 4 4 3
90,SIPP_2^4,"53,2,0","57,22,0",1,209.44272,57,0.15265,16.31667,3.24553,6.49107,8 8 8 8 8 8 8 7 8 7 8 8 7 8 8 7
90,SIPP_2^5,"53,2,0","57,22,0",1,206.491108,40,0.27816,8.05886,1.60875,3.21751,16 15 16 16 16 16 15 15 16 16 16 15
90,SIPP_BigCS,"53,2,9","57,22,8",1,208.0,103,1.57329,5.48229,1.0517,0.1165,200 304 4 4 4 4 12
90,SIPP_Standard,"53,2,9","57,22,8",1,257.0,114,0.5303,14.4341,2.8078,0.4541,16 102 80
91,SIPP_2^2,"7,1,0","41,29,0",1,692.6145769999999,2047,1.3006,56.56854,12.56637,25.13274,1 1 1 1 1 1 1 1 1 1 1 1 1 1 1 1 1 1 1 1 1 1 1 1 1 1 1 1 2 2 2 2 2 2 2 2 2 2 2 2 2 2 2 2 2 2 2 2 2 2 2 2 2 2 1 1 1 2 1 2 2 1 1 1 1 0 -12.615 3 3
91,SIPP_2^3,"7,1,0","41,29,0",1,488.1913109999999,453,0.55581,31.77274,6.28319,12.56637,3 3 3 3 3 3 3 2 2 2 3 -4.181 3 3 4 3 3 3 3 3 4 -2.173 4 3 3 3 3 3 3 3 3 3 3 3 2 2 2 2 1
91,SIPP_2^4,"7,1,0","41,29,0",1,483.92446199999995,464,1.61121,25.49843,5.0721,10.14419,6 6 5 5 5 6 6 5 6 7 7 -1.606 7 6 -0.021 6 -11.339 8 6 6 6 6 6 6 6 6 5 5 5 -1.078 4 2
91,SIPP_2^5,"7,1,0","41,29,0",1,483.92446199999995,484,4.61016,20.19328,3.98249,7.96498,11 11 11 11 12 14 13 -1.471 16 12 -13.064 13 12 12 12 12 12 12 11 10 10 -2.639 8 4
91,SIPP_BigCS,"7,1,8","41,29,10",1,482.489732,2523,44.61673,13.79283,2.5661,0.6033,207 207 207 255 152 200 -17.494 216 100 100 124 207 -4.995 351
91,SIPP_Standard,"7,1,8","41,29,10",1,502.09165199999995,500,5.76172,20.34887,3.9243,0.4824,71 -7.366 48 87 -2.725 8 36 17
92,SIPP_2^2,"56,37,0","30,29,0",1,346.831908,251,0.16231,56.56854,12.56637,25.13274,3 3 3 3 3 -6.832 3 3 3 3 3 0 3 3 0 0 3 3 3 3 3 3 3 3 3 3 3 0 3 3 0 0 0 0 3
92,SIPP_2^3,"56,37,0","30,29,0",1,299.96899599999995,156,0.18904,43.74499,8.63938,17.27876,6 6 6 6 6 -6.832 6 6 7 6 7 7 6 6 7 6 6 6 6 7 6 7 7 6 6 6 7
92,SIPP_2^4,"56,37,0","30,29,0",1,286.941127,91,0.308,17.1814,3.42539,6.85077,11 12 12 12 13 13 13 13 14 -1.553 13 12 12 13 12 12 13 13
92,SIPP_2^5,"56,37,0","30,29,0",1,282.58559099999997,59,0.56605,10.72056,2.14126,4.28251,24 23 24 26 27 27 25 25 24 25 25
92,SIPP_BigCS,"56,37,8","30,29,11",1,285.565108,183,3.92968,5.6111,0.9691,0.1012,7 7 7 -6.612 87 205 205 -2.953 205 205 309 7 7
92,SIPP_Standard,"56,37,8","30,29,11",1,392.58496,344,6.85833,15.86747,3.066,0.4798,-6.427 11 43 -54.158 77 66
93,SIPP_2^2,"8,20,0","13,32,0",1,190.0,78,0.04686,35.35534,7.85398,15.70796,1 1 1 1 2 2 2 2 2 2 2 2 1 1 2 2 2 3 2
93,SIPP_2^3,"8,20,0","13,32,0",1,158.284272,23,0.02587,15.5256,3.14159,6.28319,2 2 2 3 4 4 4 4 4 4 4 4 3 4 4
93,SIPP_2^4,"8,20,0","13,32,0",1,156.502816,23,0.06635,12.35191,2.49809,4.99618,4 4 4 6 8 8 8 8 8 8 8 7 8 8
93,SIPP_2^5,"8,20,0","13,32,0",1,155.76491299999998,21,0.14955,10.92396,2.2143,4.42859,8 8 8 12 16 16 16 16 16 16 16 15 16
93,SIPP_BigCS,"8,20,0","13,32,12",1,183.582296,153,2.34319,21.65315,4.3443,1.4653,345 -9.582 172 342 376
93,SIPP_Standard,"8,20,0","13,32,12",1,519.589065,443,1.94869,29.61398,5.7222,0.8807,98 84 -3.589 25 88 24 75
94,SIPP_2^2,"46,25,0","42,19,0",0,-1,0,0.0,0.0,0.0,0.0,
94,SIPP_2^3,"46,25,0","42,19,0",0,-1,0,0.0,0.0,0.0,0.0,
94,SIPP_2^4,"46,25,0","42,19,0",0,-1,0,0.0,0.0,0.0,0.0,
94,SIPP_2^5,"46,25,0","42,19,0",0,-1,0,0.0,0.0,0.0,0.0,
94,SIPP_BigCS,"46,25,0","42,19,0",0,-1,0,0.0,0.0,0.0,0.0,
94,SIPP_Standard,"46,25,4","42,19,13",0,-1,0,5e-05,0.0,0.0,0.0,
95,SIPP_2^2,"22,25,0","52,20,0",1,412.568317,420,0.31533,49.49747,10.99557,21.99115,2 2 -2.975 1 1 1 1 1 1 1 1 1 0 0 1 1 0 0 0 0 1 1 1 1 1 1 1 1 1 1 1 1 1 1 -19.157 0 -0.436 1 1 1 1 1
95,SIPP_2^3,"22,25,0","52,20,0",1,351.97025399999995,159,0.23983,34.93463,7.06858,14.13717,4 4 -2.975 2 2 2 2 1 1 2 2 1 1 1 2 2 2 2 2 2 2 2 2 2 2 2 1 2 2 2 2 2 1
95,SIPP_2^4,"22,25,0","52,20,0",1,345.693656,136,0.61945,27.35788,5.63968,11.27937,8 8 -2.975 4 4 4 2 3 3 2 -2.631 3 4 4 4 4 4 4 4 4 4 4 3 4 3 4 4 4 4
95,SIPP_2^5,"22,25,0","52,20,0",1,344.21785,125,1.68762,19.73393,4.10684,8.21369,16 16 -2.975 8 8 7 5 4 -3.816 6 8 8 8 8 8 8 8 8 8 8 7 8 8 8 7
95,SIPP_BigCS,"22,25,4","52,20,0",1,346.15407700000003,195,7.59802,15.40165,3.0125,0.7139,-23.154 207 351 101 157 5 5 5 29 361
95,SIPP_Standard,"22,25,4","52,20,0",1,412.52589,176,2.50812,14.56514,2.8083,0.4031,-22.742 95 -29.201 13 84 -19.583 1
96,SIPP_2^2,"7,26,0","21,56,0",0,-1,0,0.0,0.0,0.0,0.0,
96,SIPP_2^3,"7,26,0","21,56,0",0,-1,0,0.0,0.0,0.0,0.0,
96,SIPP_2^4,"7,26,0","21,56,0",0,-1,0,0.0,0.0,0.0,0.0,
96,SIPP_2^5,"7,26,0","21,56,0",0,-1,0,0.0,0.0,0.0,0.0,
96,SIPP_BigCS,"7,26,0","21,56,0",0,-1,0,0.0,0.0,0.0,0.0,
96,SIPP_Standard,"7,26,3","21,56,15",0,-1,0,4e-05,0.0,0.0,0.0,
97,SIPP_2^2,"15,3,0","51,60,0",1,940.413162,3752,2.22466,120.20815,26.70354,53.40708,2 2 2 -9.166 2 -1.248 2 2 2 2 2 2 2 2 1 1 2 2 2 2 2 2 2 2 2 2 2 2 2 2 2 1 1 1 2 2 2 2 2 2 2 2 2 2 2 2 2 2 2 2 2 1 1 1 1 1 1 1 1 1 2 1 1 1 1 1 2 1 1 1 2 2 2 1 1 1 1 1 1 2 2 2 1 1 1 2 2 2 2 1 1 1 1 2 1
97,SIPP_2^3,"15,3,0","51,60,0",1,739.1168960000006,821,0.86622,82.38706,16.49336,32.98672,4 4 4 5 4 3 4 4 4 4 3 4 4 3 3 3 3 3 3 3 3 3 2 3 4 4 4 3 4 3 4 4 3 3 3 3 4 4 4 3 3 3 3 3 3 3 3 4 4 3 3 3 3 3 3 2 3 3 3
97,SIPP_2^4,"15,3,0","51,60,0",1,725.0022000000005,827,2.6047,41.8666,8.31763,16.63526,8 8 9 8 7 7 8 7 7 8 -0.175 7 5 6 6 6 5 -6.574 6 8 8 8 7 7 7 7 7 8 8 6 6 6 6 6 6 6 6 6 6 6 6 5 6 6 6 6 7
97,SIPP_2^5,"15,3,0","51,60,0",1,714.9449830000002,740,6.70249,22.03929,4.39064,8.78128,9 10 10 11 12 12 12 13 13 13 15 15 16 16 16 16 15 15 13 13 15 16 16 16 15 12 12 11 12 15 16
97,SIPP_BigCS,"15,3,14","51,60,13",1,723.154213,3095,107.9004,25.83637,4.7886,0.9819,163 4 80 200 -0.896 200 -0.193 200 320 207 207 -7.065 327 200 200 200 304 32 100 100 100 100 100 100 124 207 327 200
97,SIPP_Standard,"15,3,14","51,60,13",1,856.1000389999999,5501,65.6679,29.81209,5.7322,0.8457,-56.402 48 -12.772 87 -12.347 8 52 -28.589 64 28 40 -9.786 110 -7.203 48
98,SIPP_2^2,"54,56,0","52,42,0",1,287.983083,243,0.10202,7.07107,4.71239,9.42478,2 2 2 2 -47.983 0 0 0 0 0 0 0 0 0 0 0 0 0 0 0 0 0 0 3 3
98,SIPP_2^3,"54,56,0","52,42,0",1,276.273327,264,0.2139,15.66785,6.28319,12.56637,4 4 3 -51.852 7 -1.148 0 0 0 0 0 0 0 0 0 0 0 0 0 0 0 7 -0.846 6
98,SIPP_2^4,"54,56,0","52,42,0",1,276.273327,281,0.66605,32.63516,6.56698,13.13396,8 8 8 8 10 -4.167 14 -1.578 0 1 0 1 0 0 0 0 0 0 0 0 0 0 0 -1.269 14 -2.111 12
98,SIPP_2^5,"54,56,0","52,42,0",1,276.273327,289,1.75355,26.34358,5.35589,10.71178,16 16 16 16 20 -4.167 28 -1.578 0 1 1 0 0 0 0 0 0 0 0 0 0 -2.745 28 -2.111 24
98,SIPP_BigCS,"54,56,3","52,42,5",1,280.851905,653,3.16049,17.53701,3.461,1.0236,204 252 101 161 -27.569 66 162 7 -1.283 7 67
98,SIPP_Standard,"54,56,3","52,42,5",1,844.870182,480,2.65277,45.11817,8.6897,1.4074,13 -93.870 108 50 109 51 110 32 81 10
99,SIPP_2^2,"41,13,0","29,41,0",1,482.883447,1015,0.76381,113.13708,25.13274,50.26548,2 3 3 3 3 3 2 2 3 3 2 2 2 1 1 2 2 2 -5.583 2 -0.534 2 2 3 2 2 2 2 2 2 2 2 2 2 2 3 3 2 2 3 -17.449 2 -12.198 3 -1.424 2 3 3 -5.696 2
99,SIPP_2^3,"41,13,0","29,41,0",1,353.92297299999996,271,0.29835,24.07794,4.71239,9.42478,6 6 5 5 5 5 5 5 -5.343 5 4 4 4 4 4 4 4 4 4 4 4 4 4 4 4 4 4 5 4 4 -1.300 5 6
99,SIPP_2^4,"41,13,0","29,41,0",1,351.851905,425,1.48867,28.56021,5.45983,10.91966,9 8 9 9 8 8 8 10 10 10 9 8 8 8 8 8 9 9 9 -12.875 8 -7.309 8 -2.716 12 12
99,SIPP_2^5,"41,13,0","29,41,0",1,351.851905,440,4.79712,19.9738,3.88903,7.77807,18 17 18 16 16 16 20 20 18 17 17 17 17 -18.346 16 -7.309 16 -2.716 24 24
99,SIPP_BigCS,"41,13,9","29,41,3",1,351.925003,1891,113.28693,21.92983,4.3223,1.1676,206 310 4 76 323 366 4 4 4 72 -19.925 171
99,SIPP_Standard,"41,13,9","29,41,3",1,358.18279099999995,75,2.59301,13.15054,2.5483,0.3597,15 -11.760 94 0 -6.423 20
100,SIPP_2^2,"32,35,0","34,22,0",1,162.748052,72,0.10134,7.07107,1.5708,3.14159,0 0 0 0 0 0 0 0 0 0 -12.267 0 -0.060 0 -0.420 0 1 1
100,SIPP_2^3,"32,35,0","34,22,0",1,162.453194,96,0.08353,7.70981,1.5708,3.14159,0 0 0 0 0 0 0 0 0 0 -12.267 0 -0.060 0 -5.984 1 2
100,SIPP_2^4,"32,35,0","34,22,0",1,160.972296,97,0.32899,12.57007,2.49809,4.99618,0 0 0 0 0 0 0 0 15 0 0 -6.251 3 4
100,SIPP_2^5,"32,35,0","34,22,0",1,160.972296,99,1.61523,11.13312,2.2143,4.42859,0 0 0 0 0 0 0 31 -0.494 0 -0.151 0 -6.344 6 8
100,SIPP_BigCS,"32,35,15","34,22,6",1,160.72463299999998,341,67.0354,13.02799,2.5728,0.7612,14 338 -7.725 332
100,SIPP_Standard,"32,35,15","34,22,6",1,499.957405,1450,9.76985,20.5724,3.9648,0.6309,-35.743 95 -4.718 13 100 -4.607 82 -25.889 3
101,SIPP_2^2,"3,49,0","40,62,0",1,500.0,530,0.30433,113.13708,25.13274,50.26548,1 1 2 2 1 1 2 1 1 1 1 1 1 1 1 1 1 1 2 2 2 1 1 1 1 1 1 1 1 1 1 2 2 1 2 2 1 1 2 1 1 1 2 1 1 1 1 1 2 1
101,SIPP_2^3,"3,49,0","40,62,0",1,447.04243699999995,413,0.47194,64.83599,12.56637,25.13274,2 3 2 3 3 3 2 2 2 2 2 2 2 3 2 2 3 2 2 2 2 2 2 2 2 2 2 2 3 2 2 2 2 3 3 3 -5.584 4 -0.012 4 -0.012 2 -0.012 4
101,SIPP_2^4,"3,49,0","40,62,0",1,447.04243699999995,462,1.45505,39.63216,7.63617,15.27234,6 6 5 5 4 4 4 4 -0.563 4 4 4 5 5 4 5 4 4 4 4 4 4 5 4 -0.223 5 4 4 4 5 -19.050 8 -0.012 8 -0.012 8 -0.012 4
101,SIPP_2^5,"3,49,0","40,62,0",1,447.04243699999995,468,3.88301,31.62686,6.33868,12.67737,11 12 9 8 8 8 -1.748 8 8 9 8 9 8 8 8 8 9 9 -3.175 10 9 8 8 -19.788 16 -0.012 16 -0.012 16 -0.012 8
101,SIPP_BigCS,"3,49,11","40,62,12",1,447.04243699999995,2615,29.85935,19.182,3.6935,0.6985,320 311 -0.396 57 207 367 5 1 -15.535 37 -0.111 4
101,SIPP_Standard,"3,49,11","40,62,12",1,447.19715599999995,198,0.75654,16.15812,3.0006,0.5477,28 32 97 -17.338 63 -0.859 95
102,SIPP_2^2,"11,31,0","40,33,0",1,344.327556,135,0.09597,35.35534,7.85398,15.70796,-0.005 2 -0.012 2 -0.014 1 1 1 1 2 1 -14.086 1 -0.151 1 -0.060 1 1 1 1 1 1 1 1 1 1 1 1 1 1 1 1 1 1 1 1 1 0 1
102,SIPP_2^3,"11,31,0","40,33,0",1,329.03626599999996,146,0.20008,42.85433,8.63938,17.27876,-0.005 4 -0.037 2 3 2 3 3 3 2 2 2 2 2 2 2 2 1 2 2 2 2 2 2 2 2 2 1 2 2 2 1
102,SIPP_2^4,"11,31,0","40,33,0",1,321.254841,118,0.46472,21.83454,4.53254,9.06507,-0.005 8 -0.037 4 6 6 5 -1.126 5 4 4 4 4 4 4 4 4 4 4 4 4 4 4 3 3 4 4 3
102,SIPP_2^5,"11,31,0","40,33,0",1,318.92203099999995,101,1.19438,20.07598,4.10684,8.21369,-0.005 16 9 12 12 12 8 7 8 8 8 8 8 8 8 8 8 8 8 7 8 8 7
102,SIPP_BigCS,"11,31,4","40,33,3",1,320.99397,203,6.66625,9.20299,1.7626,0.2026,-7.994 100 100 128 5 5 5 5 5 29 201 361
102,SIPP_Standard,"11,31,4","40,33,3",1,346.047019,69,3.74711,13.15547,2.5485,0.3027,-22.047 48 95 9 45
103,SIPP_2^2,"6,46,0","42,15,0",1,699.578097,2291,1.57295,113.13708,25.13274,50.26548,1 0 0 0 0 1 1 1 1 0 1 1 1 1 1 1 1 1 1 1 0 0 0 1 1 1 1 1 1 1 1 1 1 1 1 1 1 0 1 1 0 1 1 0 -5.743 1 0 1 1 1 -2.823 0 -1.012 0 0 0 0 0 0 0 0 0 0 0 0 0 0 0 0 0 0 3
103,SIPP_2^3,"6,46,0","42,15,0",1,500.1365449999999,213,0.28952,31.04329,6.28319,12.56637,-3.952 1 1 1 1 1 1 1 1 1 1 1 1 -1.921 2 1 1 2 2 1 2 2 2 1 1 1 1 1 1 1 1 1 1 1 1 1 1 0 1
103,SIPP_2^4,"6,46,0","42,15,0",1,489.44780899999995,157,0.57736,15.79296,3.17955,6.3591,3 2 2 1 2 2 2 2 2 2 2 -3.578 4 3 3 3 3 3 2 2 1 2 2 2 2 2 2 2 2 2 2
103,SIPP_2^5,"6,46,0","42,15,0",1,487.99213999999995,150,1.4284,10.21411,2.03863,4.07726,6 4 3 4 4 4 4 4 4 4 -3.754 7 6 6 6 6 4 4 4 4 4 4 4 4 4 4 3 4
103,SIPP_BigCS,"6,46,11","42,15,9",1,486.42078899999996,321,6.13519,7.56816,1.3064,0.0865,220 181 -6.007 201 201 201 201 201 -0.414 249 101 101 101 101 101 101 125
103,SIPP_Standard,"6,46,11","42,15,9",1,490.87272900000005,36,0.23168,10.93045,1.9377,0.1482,68 53 -5.873 57 73 68 53
104,SIPP_2^2,"45,33,0","29,63,0",0,-1,0,0.0,0.0,0.0,0.0,
104,SIPP_2^3,"45,33,0","29,63,0",0,-1,0,0.0,0.0,0.0,0.0,
104,SIPP_2^4,"45,33,0","29,63,0",0,-1,0,0.0,0.0,0.0,0.0,
104,SIPP_2^5,"45,33,0","29,63,0",0,-1,0,0.0,0.0,0.0,0.0,
104,SIPP_BigCS,"45,33,0","29,63,0",0,-1,0,0.0,0.0,0.0,0.0,
104,SIPP_Standard,"45,33,15","29,63,4",0,-1,35653,180.1087,0.0,0.0,0.0,
105,SIPP_2^2,"52,57,0","26,62,0",1,459.11168999999995,502,0.27266,56.56854,12.56637,25.13274,2 2 1 1 2 2 3 3 3 3 3 3 3 3 3 3 3 3 3 3 3 3 3 3 3 3 3 3 3 0 0 3 3 3 -69.112 2 2 3 3 2
105,SIPP_2^3,"52,57,0","26,62,0",1,352.7646249999999,174,0.16878,32.09474,6.28319,12.56637,3 4 4 4 5 6 6 6 6 6 6 6 6 6 6 6 6 6 6 6 6 6 6 6 6 7 -3.770 7 0 6 5 5 5
105,SIPP_2^4,"52,57,0","26,62,0",1,351.289904,184,0.4728,33.79175,6.42508,12.85016,8 8 7 10 12 12 12 12 12 12 12 12 12 12 12 12 12 12 12 12 12 12 12 12 13 0 0 12 10 10 10
105,SIPP_2^5,"52,57,0","26,62,0",1,351.17445999999995,186,1.16388,35.44324,6.78479,13.56958,16 15 20 24 24 24 24 24 24 24 24 24 24 24 24 24 24 24 24 25 24 -0.195 24 -0.534 24 -0.151 0 -0.060 0 -0.420 24 20 20 20
105,SIPP_BigCS,"52,57,11","26,62,6",1,458.1141,1013,8.31314,41.55641,8.2563,2.5075,173 335 76 339 365 7 7 7 7 -4.114 47 162 71 326
105,SIPP_Standard,"52,57,11","26,62,6",1,805.242674,389,1.20244,41.62351,8.0535,1.2476,65 37 -5.937 14 101 -37.305 75 102 104 47 11
106,SIPP_2^2,"2,18,0","7,6,0",1,170.0,75,0.02594,21.2132,4.71239,9.42478,0 0 0 0 0 0 0 0 0 0 1 1 1 1 0 0 1
106,SIPP_2^3,"2,18,0","7,6,0",1,140.71067999999997,44,0.03006,19.61218,3.92699,7.85398,0 0 0 0 1 0 1 1 1 0 0 1
106,SIPP_2^4,"2,18,0","7,6,0",1,131.8034,18,0.04234,9.33785,1.85459,3.70918,1 0 1 1 0 1 1
106,SIPP_2^5,"2,18,0","7,6,0",1,130.32759399999998,11,0.07568,0.71022,0.1419,0.28379,2 2 2 1 1
106,SIPP_BigCS,"2,18,2","7,6,4",1,130.0,5,0.41946,2.91107,0.5061,0.0613,204 204 204 308
106,SIPP_Standard,"2,18,2","7,6,4",1,591.180316,1996,8.26932,25.64602,4.9393,0.8183,-112.609 17 111 -58.572 33 74 109
107,SIPP_2^2,"43,51,0","57,58,0",1,210.0,88,0.05336,28.28427,6.28319,12.56637,1 2 2 2 2 1 2 2 2 1 1 1 1 1 1 1 1 1 1 1 1
107,SIPP_2^3,"43,51,0","57,58,0",1,168.99495199999998,40,0.0458,16.17108,3.14159,6.28319,3 3 3 3 3 2 2 2 2 2 3 2 2 3
107,SIPP_2^4,"43,51,0","57,58,0",1,165.43204,32,0.10473,11.06365,2.17634,4.35268,6 6 6 6 6 4 4 4 5 4 4 5
107,SIPP_2^5,"43,51,0","57,58,0",1,163.956234,28,0.23799,5.56125,1.10715,2.2143,12 12 12 12 12 9 8 8 8 9
107,SIPP_BigCS,"43,51,5","57,58,9",1,163.0,39,0.64202,6.33446,1.2453,0.2901,100 100 100 100 160 85
107,SIPP_Standard,"43,51,5","57,58,9",1,227.526737,50,0.20405,6.50651,1.2474,0.2127,-53.527 105 28
108,SIPP_2^2,"38,11,0","54,25,0",1,300.0,287,0.18152,63.63961,14.13717,28.27433,1 1 1 1 1 1 1 1 1 1 1 1 2 2 2 2 2 2 2 1 2 2 1 2 2 1 2 2 1 2
108,SIPP_2^3,"38,11,0","54,25,0",1,217.98990399999994,52,0.0572,16.02901,3.14159,6.28319,3 3 3 3 3 3 3 3 3 2 3 3 2 3 3 3
108,SIPP_2^4,"38,11,0","54,25,0",1,214.42699199999996,38,0.1119,3.22056,0.6435,1.287,6 6 6 6 6 6 6 6 6 6 5 5 6 6
108,SIPP_2^5,"38,11,0","54,25,0",1,213.53238599999995,33,0.26381,1.97768,0.39479,0.78958,12 12 12 12 12 12 12 12 11 11 12 12
108,SIPP_BigCS,"38,11,1","54,25,7",1,212.0,12,0.36421,3.49395,0.6634,0.0518,100 100 100 100 100 100 124 255
108,SIPP_Standard,"38,11,1","54,25,7",1,250.0,73,0.49397,12.04038,2.3538,0.3618,17 79 96
109,SIPP_2^2,"43,55,0","6,26,0",1,660.0,1564,1.0637,134.35029,29.84513,59.69026,3 3 3 3 3 3 0 3 3 3 3 3 3 3 3 3 3 3 3 3 3 3 3 3 3 3 0 3 3 3 3 0 0 3 3 0 3 0 0 3 0 3 0 0 0 0 0 0 0 0 0 0 0 0 0 3 0 0 0 0 0 3 0 0 3 0
109,SIPP_2^3,"43,55,0","6,26,0",1,504.1445009999999,307,0.4187,39.61036,7.85398,15.70796,7 6 6 6 7 7 7 7 6 6 6 6 6 -2.307 7 7 7 7 7 0 7 7 0 7 7 7 7 7 7 7 7 7 7 7 7 7 7 6 6 7
109,SIPP_2^4,"43,55,0","6,26,0",1,489.8809759999999,223,0.82648,14.96592,2.9997,5.99939,12 12 12 13 13 13 13 13 12 14 14 14 14 15 15 15 14 14 14 14 14 14 14 14 14 14 14 13 13 14
109,SIPP_2^5,"43,55,0","6,26,0",1,484.69284899999997,190,1.92029,8.25554,1.64802,3.29604,25 25 25 25 26 28 28 29 29 29 28 28 28 28 28 28 28 27 28 27 28
109,SIPP_BigCS,"43,55,1","6,26,2",1,484.0,549,10.70521,14.00065,2.6117,0.3507,205 205 205 309 51 202 250 102 102 102 102 126 253
109,SIPP_Standard,"43,55,1","6,26,2",1,539.076104,326,1.92165,10.15455,1.7855,0.1509,93 19 69 -23.608 30 -14.468 54 58
110,SIPP_2^2,"11,28,0","22,55,0",1,403.559781,536,0.34688,91.92388,20.42035,40.8407,2 2 2 2 2 2 2 2 1 1 1 2 2 2 2 1 2 2 2 1 2 2 1 1 2 1 1 2 1 1 1 2 2 2 2 2 2 -3.560 2 2 3
110,SIPP_2^3,"11,28,0","22,55,0",1,315.56349599999993,183,0.22483,19.96254,3.92699,7.85398,4 4 3 3 3 3 3 3 3 4 4 4 4 4 4 4 4 3 3 3 4 4 4 4 4 4 3
110,SIPP_2^4,"11,28,0","22,55,0",1,295.96748,61,0.22013,11.61811,2.31824,4.63648,8 8 7 7 7 7 7 7 7 8 7 7 7 8 8 7
110,SIPP_2^5,"11,28,0","22,55,0",1,293.01586799999995,30,0.30273,4.44037,0.88934,1.77868,16 15 14 14 14 14 14 14 15 14 15 15
110,SIPP_BigCS,"11,28,14","22,55,9",1,292.903456,15,0.53257,5.92594,0.9691,0.1012,80 200 200 200 200 200 200 200 -0.903 304
110,SIPP_Standard,"11,28,14","22,55,9",1,336.002646,56,0.45342,14.51121,2.8186,0.3743,8 48 -9.003 87 16
111,SIPP_2^2,"4,43,0","2,12,0",1,370.0,219,0.13461,42.42641,9.42478,18.84956,0 1 1 0 0 0 0 0 0 0 0 0 0 0 0 0 0 0 0 0 0 0 0 0 0 0 0 0 0 3 3 0 0 0 3 3 0
111,SIPP_2^3,"4,43,0","2,12,0",1,334.85281599999996,116,0.14178,43.41668,8.63938,17.27876,0 1 0 1 7 0 0 0 0 0 0 0 0 0 0 0 0 0 0 0 0 0 7 0 0 0 0 0 7 0 7
111,SIPP_2^4,"4,43,0","2,12,0",1,325.945536,86,0.28319,22.13707,4.35268,8.70536,1 2 15 0 0 0 0 0 0 0 0 0 0 0 0 0 0 0 0 0 15 0 0 15 0 15
111,SIPP_2^5,"4,43,0","2,12,0",1,322.54662099999996,65,0.55487,10.88012,2.19676,4.39351,3 31 0 0 0 0 0 0 0 0 0 0 0 0 0 0 31 0 0 31 31
111,SIPP_BigCS,"4,43,2","2,12,4",1,334.840999,203,1.76284,13.95514,2.7024,0.5468,329 -7.841 14 202 362 6 6 6 14
111,SIPP_Standard,"4,43,2","2,12,4",1,348.272137,10,0.07547,12.76904,2.4724,0.2651,-18.272 37 6 90 6
112,SIPP_2^2,"31,48,0","10,6,0",1,630.0,1471,1.07054,162.63456,36.12832,72.25663,0 0 0 0 0 0 0 0 0 0 3 0 3 3 3 3 0 3 0 3 0 0 0 0 0 3 3 3 3 0 0 0 0 0 0 3 3 0 0 0 3 3 0 0 0 3 3 0 3 0 3 0 3 0 0 0 0 0 0 0 0 0 3
112,SIPP_2^3,"31,48,0","10,6,0",1,506.98485599999987,329,0.47325,44.19116,8.63938,17.27876,0 0 0 0 0 0 0 0 0 0 0 0 7 7 7 7 0 0 7 0 7 7 7 0 7 0 0 7 7 7 7 7 7 7 7 7 7 7 0 0 0 7
112,SIPP_2^4,"31,48,0","10,6,0",1,495.98746099999994,241,1.00317,14.99587,2.9997,5.99939,0 0 0 0 0 0 0 0 0 15 15 15 15 15 -6.817 0 0 15 15 15 14 14 14 14 14 14 14 14 14 15 14 15 14
112,SIPP_2^5,"31,48,0","10,6,0",1,493.34658599999995,216,2.59465,9.29378,1.85877,3.71755,0 0 0 0 0 0 0 0 31 30 30 30 30 -7.285 31 31 30 28 28 28 28 28 28 28 29 28 29 28
112,SIPP_BigCS,"31,48,13","10,6,10",1,492.448575,605,19.85382,14.01325,2.6902,0.438,6 6 6 6 6 6 34 102 170 -2.449 30 202 218 102 102 102 102 102 154
112,SIPP_Standard,"31,48,13","10,6,10",1,501.0,48,1.2751,11.08363,1.8902,0.2936,33 58 58 66 30 54
113,SIPP_2^2,"46,26,0","0,31,0",0,-1,0,0.0,0.0,0.0,0.0,
113,SIPP_2^3,"46,26,0","0,31,0",0,-1,0,0.0,0.0,0.0,0.0,
113,SIPP_2^4,"46,26,0","0,31,0",0,-1,0,0.0,0.0,0.0,0.0,
113,SIPP_2^5,"46,26,0","0,31,0",0,-1,0,0.0,0.0,0.0,0.0,
113,SIPP_BigCS,"46,26,0","0,31,0",0,-1,0,0.0,0.0,0.0,0.0,
113,SIPP_Standard,"46,26,12","0,31,0",0,-1,0,4e-05,0.0,0.0,0.0,
114,SIPP_2^2,"61,52,0","51,22,0",1,426.535622,470,0.27405,84.85281,18.84956,37.69911,0 0 0 0 0 0 0 0 0 3 0 0 0 0 0 0 3 3 0 0 0 0 0 0 0 0 3 0 3 3 0 0 0 3 0 0 0 0 3 -6.536 3 3 2
114,SIPP_2^3,"61,52,0","51,22,0",1,347.27922399999994,238,0.2893,59.8636,11.78097,23.56194,0 0 0 0 0 7 0 0 0 7 0 7 7 0 0 0 7 0 0 0 7 0 0 0 7 0 0 0 7 6 7
114,SIPP_2^4,"61,52,0","51,22,0",1,333.027576,191,0.66988,17.29025,3.42539,6.85077,0 0 0 0 0 0 15 0 0 0 15 15 15 0 0 0 0 15 15 15 15 14 12
114,SIPP_2^5,"61,52,0","51,22,0",1,327.12435199999993,157,1.47016,16.07673,3.17955,6.3591,31 0 0 0 31 31 31 0 31 31 31 0 31 28 24
114,SIPP_BigCS,"61,52,3","51,22,11",1,333.0,861,11.65058,15.7525,3.0511,0.5914,362 82 202 306 30 330
114,SIPP_Standard,"61,52,3","51,22,11",1,335.454168,42,0.25576,6.91117,1.1973,0.134,2 6 58 -4.454 74
115,SIPP_2^2,"33,42,0","24,6,0",1,485.03213999999997,614,0.52328,70.71068,15.70796,31.41593,0 3 3 3 3 0 -2.520 1 0 0 0 3 0 0 3 3 3 3 0 0 0 0 0 0 0 0 0 0 0 0 0 0 0 0 0 0 0 0 0 0 0 3 -12.512 0 0 0 0 0 0
115,SIPP_2^3,"33,42,0","24,6,0",1,459.1986379999999,631,0.82689,60.12243,11.78097,23.56195,0 1 1 -0.498 0 0 0 7 7 0 0 0 0 7 0 7 7 7 0 0 0 1 1 1 0 0 0 7 7 7 7 7 0 0 0 0 7 7 5
115,SIPP_2^4,"33,42,0","24,6,0",1,402.71772899999996,193,0.71785,18.82618,3.74714,7.49427,2 1 -2.280 0 0 0 0 15 0 15 15 15 15 0 0 0 0 0 0 0 -4.405 0 15 15 15 14 14 15
115,SIPP_2^5,"33,42,0","24,6,0",1,391.69172799999996,131,1.597,17.14827,3.4458,6.8916,3 -2.456 31 31 0 0 0 31 31 31 31 0 31 28 29 31 0
115,SIPP_BigCS,"33,42,12","24,6,1",1,401.51452099999995,649,86.2904,19.74623,3.7403,1.1464,101 -1.726 161 6 6 82 202 202 202 202 338 -0.788 348 182 202
115,SIPP_Standard,"33,42,12","24,6,1",1,477.526564,417,4.37148,14.95675,2.7359,0.4213,-28.904 10 -10.682 54 -24.940 66 42 60
116,SIPP_2^2,"52,55,0","42,57,0",0,-1,0,0.0,0.0,0.0,0.0,
116,SIPP_2^3,"52,55,0","42,57,0",0,-1,0,0.0,0.0,0.0,0.0,
116,SIPP_2^4,"52,55,0","42,57,0",0,-1,0,0.0,0.0,0.0,0.0,
116,SIPP_2^5,"52,55,0","42,57,0",0,-1,0,0.0,0.0,0.0,0.0,
116,SIPP_BigCS,"52,55,0","42,57,0",0,-1,0,0.0,0.0,0.0,0.0,
116,SIPP_Standard,"52,55,15","42,57,13",0,-1,38,0.07759,0.0,0.0,0.0,
117,SIPP_2^2,"41,62,0","7,20,0",1,760.0,2225,1.5465,183.84776,40.8407,81.68141,3 3 3 3 3 3 3 3 3 3 3 3 3 3 0 0 0 0 0 0 0 3 3 3 0 3 0 0 0 3 0 3 0 0 0 0 3 3 0 0 0 0 3 0 0 0 0 0 3 0 0 0 3 3 3 0 3 0 0 0 3 0 0 0 3 0 0 0 3 3 3 0 0 0 0 3
117,SIPP_2^3,"41,62,0","7,20,0",1,599.3349019999999,717,0.98136,55.30348,10.99557,21.99115,7 6 6 6 7 7 7 7 7 7 7 7 7 7 7 7 7 7 7 7 6 7 7 7 7 7 0 7 6 7 7 0 -4.988 0 -4.225 7 7 0 7 0 0 0 0 0 0 0 0 0 7
117,SIPP_2^4,"41,62,0","7,20,0",1,592.874096,791,3.02145,28.63512,5.63968,11.27937,13 12 13 13 14 14 14 14 14 14 14 14 14 14 14 14 14 14 14 14 15 15 15 14 -1.475 13 12 -15.015 15 0 0 0 0 0 15 15 0 0 15
117,SIPP_2^5,"41,62,0","7,20,0",1,552.8691200000001,219,2.05173,13.59235,2.71721,5.43443,30 31 30 28 27 27 27 28 28 29 29 28 28 29 28 28 28 28 30 31 30 28 28 28 28
117,SIPP_BigCS,"41,62,2","7,20,4",1,563.951875,1444,24.1411,23.7376,4.6236,0.8107,7 75 -0.952 154 218 182 250 102 102 102 158 22 325
117,SIPP_Standard,"41,62,2","7,20,4",1,596.361431,255,1.51753,21.5385,4.0517,0.5108,27 66 54 -5.325 74 61 -8.036 85 6
118,SIPP_2^2,"30,30,0","26,63,0",0,-1,0,0.0,0.0,0.0,0.0,
118,SIPP_2^3,"30,30,0","26,63,0",0,-1,0,0.0,0.0,0.0,0.0,
118,SIPP_2^4,"30,30,0","26,63,0",0,-1,0,0.0,0.0,0.0,0.0,
118,SIPP_2^5,"30,30,0","26,63,0",0,-1,0,0.0,0.0,0.0,0.0,
118,SIPP_BigCS,"30,30,0","26,63,0",0,-1,0,0.0,0.0,0.0,0.0,
118,SIPP_Standard,"30,30,7","26,63,11",0,-1,36993,180.04952,0.0,0.0,0.0,
119,SIPP_2^2,"20,10,0","21,46,0",1,435.748052,315,0.22135,70.71068,15.70796,31.41593,2 3 2 2 2 2 2 2 2 2 2 1 1 2 2 2 2 3 2 2 2 3 2 2 -4.583 2 -0.534 2 -0.151 2 -0.060 2 -0.420 1 1 2 2 2 2 2 2 2 2 2 2 2 2 2
119,SIPP_2^3,"20,10,0","21,46,0",1,411.3577859999999,323,0.42732,35.88861,7.06858,14.13717,4 5 5 4 4 4 4 5 5 5 -5.794 4 4 4 4 4 4 4 4 4 4 4 4 4 4 4 4 4 3 3 3 4 4 3 3 4 3
119,SIPP_2^4,"20,10,0","21,46,0",1,381.676763,152,0.5886,20.97529,4.17283,8.34566,9 -5.152 8 8 8 7 8 8 8 8 8 8 9 8 8 8 7 7 7 8 8 8 9 8 8 8 8 8 8 8
119,SIPP_2^5,"20,10,0","21,46,0",1,373.733328,92,0.99915,12.00173,2.39415,4.7883,18 -4.882 15 16 16 16 16 16 16 16 17 16 16 16 16 16 16 16 15 15 16 16 16 16 16 16 16 16
119,SIPP_BigCS,"20,10,13","21,46,9",1,393.45649000000003,842,14.94907,22.8833,4.3925,0.9446,-4.456 163 28 336 318 200 200 304 92 103
119,SIPP_Standard,"20,10,13","21,46,9",1,454.76700800000003,208,1.33181,20.44621,3.8503,0.6365,83 -32.767 20 35 56 72
120,SIPP_2^2,"28,44,0","22,26,0",1,292.520309,268,0.2554,84.85281,18.84956,37.69911,0 0 1 0 1 -12.520 0 0 0 0 3 3 3 0 0 0 0 3 3 0 0 0 0 0 3 3 0 3 0
120,SIPP_2^3,"28,44,0","22,26,0",1,262.890962,215,0.30524,41.07454,7.85398,15.70796,1 1 1 -4.386 1 7 0 0 7 7 7 7 0 -3.271 7 6 0 0 -11.387 7 7 7
120,SIPP_2^4,"28,44,0","22,26,0",1,261.154252,223,0.92016,41.33302,7.89194,15.78388,2 3 -0.610 1 15 15 15 13 -6.320 15 0 12 0 -8.836 15 13
120,SIPP_2^5,"28,44,0","22,26,0",1,261.154252,225,2.76893,23.06034,4.58803,9.17607,5 -1.057 2 31 31 30 31 -0.326 24 -0.094 24 -0.375 24 -8.936 30 26
120,SIPP_BigCS,"28,44,13","22,26,2",1,261.192358,779,43.76432,16.02223,3.1769,0.7901,324 -1.226 329 30 322 -14.966 221
120,SIPP_Standard,"28,44,13","22,26,2",1,283.158616,43,1.65872,12.35424,2.4143,0.3151,-20.386 37 10 -18.773 38
121,SIPP_2^2,"18,12,0","22,51,0",1,489.851905,525,0.37021,28.28427,6.28319,12.56637,2 -5.418 2 2 2 2 2 2 2 2 1 1 2 2 2 2 -40.480 1 1 -6.637 2 -1.062 2 2 2 2 2 2 -3.538 2 -2.716 2 2 2 2 2 2 2 2 2 2 2 2 2 2 2 2 2 2
121,SIPP_2^3,"18,12,0","22,51,0",1,425.49193099999997,219,0.30738,35.47912,7.06858,14.13717,4 -5.264 3 4 3 4 4 4 4 4 4 4 4 4 5 -5.375 4 4 4 4 4 4 3 3 4 4 4 4 4 4 4 4 4 4 4 4 4 4 4 4 3
121,SIPP_2^4,"18,12,0","22,51,0",1,416.44683299999997,216,0.88969,31.58543,6.20727,12.41454,9 8 8 8 8 8 7 -0.517 7 8 8 8 9 8 8 8 7 7 7 10 -0.542 8 8 8 8 8 8 8 7 8 8 7
121,SIPP_2^5,"18,12,0","22,51,0",1,414.97102699999994,212,2.31253,30.87356,6.0753,12.15061,17 15 16 16 16 15 17 15 15 16 15 -0.574 20 -5.650 16 16 16 16 15 16 16 16 15
121,SIPP_BigCS,"18,12,1","22,51,8",1,415.14089399999995,635,11.92215,28.26427,5.458,1.3991,163 28 376 342 200 200 200 336 -2.141 382 360 4
121,SIPP_Standard,"18,12,1","22,51,8",1,453.893463,94,0.61335,12.1575,2.2482,0.2873,83 -2.630 0 4 -26.263 56 88
122,SIPP_2^2,"9,9,0","41,23,0",1,478.485679,795,0.50317,127.27922,28.27433,56.54867,2 2 1 1 1 2 2 2 1 1 1 2 1 2 1 1 1 1 1 -5.979 2 -1.137 1 1 1 1 2 -11.371 2 1 1 1 1 1 1 1 1 2 1 1 2 1 1 1 2 1 1 1 2
122,SIPP_2^3,"9,9,0","41,23,0",1,377.9899039999999,218,0.27908,67.7652,13.35177,26.70354,2 3 3 3 2 3 3 2 2 2 2 2 2 2 2 3 2 2 2 3 2 3 2 3 3 3 2 3 2 3 2 3
122,SIPP_2^4,"9,9,0","41,23,0",1,354.83097599999996,92,0.33958,10.9056,2.17634,4.35268,5 5 5 5 5 5 4 4 5 4 4 4 5 5 5 5 5 5 6
122,SIPP_2^5,"9,9,0","41,23,0",1,350.694158,56,0.54761,3.46106,0.69194,1.38389,10 9 10 10 9 9 9 9 10 10 10 10 11
122,SIPP_BigCS,"9,9,14","41,23,15",1,353.0,165,2.90654,9.32732,1.6096,0.2715,207 207 207 207 207 311 5 85 207 207 207 327
122,SIPP_Standard,"9,9,14","41,23,15",1,395.0,135,0.72444,13.44869,2.5946,0.2764,45 21 48 71 52
123,SIPP_2^2,"18,40,0","28,29,0",1,261.065523,188,0.14014,84.85281,18.84956,37.69911,3 3 0 1 0 -6.253 1 1 1 -4.813 0 0 0 1 1 0 1 1 0 0 0 0 1 1 1 0 1
123,SIPP_2^3,"18,40,0","28,29,0",1,221.50429499999998,106,0.1425,33.27387,7.06858,14.13717,6 7 2 2 -15.322 1 -0.243 2 -7.216 0 1 1 1 -1.494 1 -5.808 1 1 1 1
123,SIPP_2^4,"18,40,0","28,29,0",1,218.31255899999996,98,0.35214,37.13706,7.71208,15.42417,12 14 4 -15.930 3 -1.416 4 -7.216 0 2 2 2 -1.815 3 2 1 2
123,SIPP_2^5,"18,40,0","28,29,0",1,217.07620999999997,88,0.80691,22.51315,4.91397,9.82794,24 28 8 8 -26.413 3 5 -2.299 5 3
123,SIPP_BigCS,"18,40,8","28,29,9",1,257.708023,135,2.17846,16.09025,3.1411,0.7561,205 -14.274 325 338 -4.434 236 81
123,SIPP_Standard,"18,40,8","28,29,9",1,666.411911,112,0.37239,31.95641,6.1431,0.9469,16 -9.412 78 107 42 76 65 53 97
124,SIPP_2^2,"22,5,0","11,28,0",1,340.0,371,0.2297,106.06602,23.56194,47.12389,2 2 2 2 3 2 3 2 3 3 2 2 2 2 2 2 2 2 3 2 2 2 3 2 2 2 2 3 3 3 2 3 2 3
124,SIPP_2^3,"22,5,0","11,28,0",1,275.56349599999993,131,0.17482,23.96206,4.71239,9.42478,5 5 4 4 4 4 4 4 4 5 5 5 5 5 5 5 4 5 4 4 4 4 5
124,SIPP_2^4,"22,5,0","11,28,0",1,255.96748,24,0.09104,4.62262,0.9273,1.85459,9 9 9 9 9 9 8 9 9 9 9 9
124,SIPP_2^5,"22,5,0","11,28,0",1,255.229577,17,0.17108,1.41869,0.28379,0.56759,18 18 18 18 18 18 17 18 18 18 18
124,SIPP_BigCS,"22,5,12","11,28,5",1,257.0,48,0.82407,6.59156,1.1035,0.2102,84 206 206 206 206 206 206 206 326
124,SIPP_Standard,"22,5,12","11,28,5",1,524.449792,940,4.82625,19.05371,3.6986,0.554,-54.908 79 96 -9.205 70 55 -45.337 107
125,SIPP_2^2,"41,37,0","26,61,0",1,449.11168999999995,860,0.61191,120.20815,26.70354,53.40708,2 2 2 3 3 3 3 2 3 2 2 2 2 2 2 2 2 3 2 3 2 3 2 3 2 2 2 3 2 2 2 2 3 3 3 -59.112 2 2 3 3
125,SIPP_2^3,"41,37,0","26,61,0",1,316.38212599999997,238,0.3291,23.53868,4.71239,9.42478,4 5 5 5 5 5 5 5 5 5 5 4 5 5 5 5 5 5 4 4 4 4 4 4 -0.108 2
125,SIPP_2^4,"41,37,0","26,61,0",1,297.05470199999996,160,0.60279,8.79866,1.75065,3.5013,9 10 10 10 9 10 10 10 10 10 10 10 10 9 9 8 8 8 -2.036 8 -0.012 8
125,SIPP_2^5,"41,37,0","26,61,0",1,297.05470199999996,165,1.72773,9.49623,1.89673,3.79346,18 20 20 20 20 20 20 20 19 20 19 20 17 16 16 -3.669 16 -0.012 16
125,SIPP_BigCS,"41,37,12","26,61,2",1,296.94048799999996,674,10.96288,12.33149,2.3976,0.4262,206 222 179 326 -5.940 235
125,SIPP_Standard,"41,37,12","26,61,2",1,445.234611,636,2.32051,12.67223,2.4512,0.3413,96 70 -65.044 55 -54.191 75
126,SIPP_2^2,"9,20,0","10,3,0",1,180.0,18,0.00983,7.07107,1.5708,3.14159,0 0 0 0 0 0 0 0 0 0 0 0 0 0 0 0 0 1
126,SIPP_2^3,"9,20,0","10,3,0",1,174.142136,17,0.0182,3.82683,0.7854,1.5708,0 0 0 0 0 0 0 0 0 0 0 0 0 0 0 0 1
126,SIPP_2^4,"9,20,0","10,3,0",1,172.36068,16,0.04862,2.29753,0.46365,0.9273,0 0 0 0 0 0 0 0 0 0 0 0 0 0 0 1
126,SIPP_2^5,"9,20,0","10,3,0",1,171.62277699999999,15,0.12125,1.60182,0.32175,0.6435,0 0 0 0 0 0 0 0 0 0 0 0 0 0 1
126,SIPP_BigCS,"9,20,13","10,3,4",1,172.0,15,0.27014,2.74653,0.5456,0.0552,6 2 42
126,SIPP_Standard,"9,20,13","10,3,4",1,241.0,143,0.29162,11.55118,2.2207,0.3118,77 106 53
127,SIPP_2^2,"24,36,0","12,31,0",1,224.748052,98,0.07574,56.56854,12.56637,25.13274,1 1 0 0 3 0 3 3 3 -14.267 3 -0.060 3 -0.420 3 3 3 3 3 3 0 3 0 3
127,SIPP_2^3,"24,36,0","12,31,0",1,208.61394499999997,100,0.14276,37.83769,7.85398,15.70796,1 2 7 7 6 -14.685 6 -4.934 5 6 6 6 7 6 6 6 7 7
127,SIPP_2^4,"24,36,0","12,31,0",1,203.269577,87,0.3241,26.59964,5.31793,10.63587,2 2 13 12 -16.467 12 -4.934 10 12 12 13 13 12 13
127,SIPP_2^5,"24,36,0","12,31,0",1,200.534092,81,0.75157,17.57396,3.60524,7.21048,4 4 25 -23.398 23 25 26 25
127,SIPP_BigCS,"24,36,1","12,31,5",1,248.244681,212,4.51709,19.29366,3.7761,1.0082,329 6 6 -2.245 10 67 183
127,SIPP_Standard,"24,36,1","12,31,5",1,579.0,479,3.70487,28.27783,5.4537,0.7992,52 96 86 23 54 90 26
128,SIPP_2^2,"49,14,0","22,52,0",1,676.7480519999999,2003,1.33199,106.06602,23.56194,47.12389,3 3 3 3 3 3 3 3 3 3 2 2 2 2 2 2 3 3 2 2 2 3 3 2 2 2 2 2 2 3 2 2 2 2 2 2 3 2 2 2 3 2 -6.267 2 -0.060 2 -0.420 2 2 2 2 2 2 2 2 2 2 3 3 3 3 3 2 2 3 3 3 3 3 0
128,SIPP_2^3,"49,14,0","22,52,0",1,497.6955359999999,294,0.36928,47.83306,9.42478,18.84956,5 4 4 4 5 5 4 4 4 4 5 5 5 5 5 5 5 5 5 5 5 5 5 5 5 4 5 5 5 6 5 5 5 4 4 5 4 4 5
128,SIPP_2^4,"49,14,0","22,52,0",1,478.851479,238,0.87727,16.18455,3.21751,6.43501,9 9 10 9 9 9 9 9 10 10 10 9 10 10 10 10 10 -1.200 9 10 11 -0.820 11 9 9 9 9
128,SIPP_2^5,"49,14,0","22,52,0",1,478.03793599999995,246,2.78048,17.99726,3.53638,7.07277,19 19 19 19 19 19 19 20 19 20 -2.407 16 20 23 18 18 18 19
128,SIPP_BigCS,"49,14,7","22,52,9",1,477.829255,998,42.30875,9.6054,1.6267,0.1396,103 179 206 206 206 206 206 222 -7.829 155 259 206 206
128,SIPP_Standard,"49,14,7","22,52,9",1,625.741306,2695,32.43201,18.53226,3.4155,0.4353,88 0 16 -22.927 86 11 -7.473 55 -12.342 59
129,SIPP_2^2,"20,50,0","17,40,0",1,130.0,36,0.02202,42.42641,9.42478,18.84956,0 0 0 0 0 0 3 0 0 3 0 3 0
129,SIPP_2^3,"20,50,0","17,40,0",1,112.42640799999998,24,0.02731,19.45842,3.92699,7.85398,0 0 0 0 7 0 7 0 0 7
129,SIPP_2^4,"20,50,0","17,40,0",1,107.08203999999999,20,0.06076,2.34408,0.46365,0.9273,15 15 15 0 0 0 0
129,SIPP_2^5,"20,50,0","17,40,0",1,104.868331,7,0.06412,3.22267,0.6435,1.287,31 0 31 31
129,SIPP_BigCS,"20,50,2","17,40,4",1,106.0,13,0.50357,2.73576,0.5061,0.0613,202 306 6 6
129,SIPP_Standard,"20,50,2","17,40,4",1,484.016253,856,10.8478,27.80075,5.3996,0.8762,-14.869 24 107 46 -39.147 26 97
130,SIPP_2^2,"40,45,0","54,11,0",1,597.467846,1974,1.3621,106.06602,23.56194,47.12389,0 1 0 0 0 1 0 0 0 0 0 0 0 0 0 0 0 1 1 1 1 0 0 0 0 0 0 0 0 0 0 0 3 0 0 0 1 1 1 0 0 0 0 0 0 1 1 1 1 0 0 1 1 1 2 -17.468 2 2 3
130,SIPP_2^3,"40,45,0","54,11,0",1,397.9899039999999,268,0.37444,27.33813,5.49779,10.99557,0 0 0 0 0 0 0 0 0 0 1 1 0 0 1 1 1 1 1 1 1 1 1 1 0 0 0 1 0 0 0 0 0 1
130,SIPP_2^4,"40,45,0","54,11,0",1,384.251752,203,0.80179,29.52109,5.92348,11.84696,1 0 1 1 1 1 2 4 2 1 1 1 0 1 0 0 0 0 0 0 1 0 0 1
130,SIPP_2^5,"40,45,0","54,11,0",1,379.08643099999995,154,1.74354,19.90561,3.92699,7.85398,2 1 2 2 2 4 8 4 1 1 1 1 0 1 0 0 1
130,SIPP_BigCS,"40,45,7","54,11,12",1,386.0,674,11.87669,15.33361,3.0122,0.6677,6 58 308 74 101 101 101 101 101 101 101 101 161 6 58
130,SIPP_Standard,"40,45,7","54,11,12",1,621.096129,4574,28.09893,19.97474,3.8451,0.5241,69 42 76 73 76 -129.096 65
131,SIPP_2^2,"34,30,0","45,58,0",1,390.0,448,0.29802,70.71068,15.70796,31.41593,2 2 2 2 2 2 2 2 2 2 2 2 2 2 2 2 2 2 2 1 1 1 2 1 2 2 1 1 1 2 2 2 1 2 2 1 1 1 2
131,SIPP_2^3,"34,30,0","45,58,0",1,325.56349599999993,228,0.30086,27.7889,5.49779,10.99557,4 4 4 4 4 4 4 4 4 4 4 4 4 3 3 4 3 3 3 3 3 3 3 4 3 4 4 3
131,SIPP_2^4,"34,30,0","45,58,0",1,305.96747999999997,100,0.41758,11.64149,2.31824,4.63648,7 7 7 7 7 7 7 7 8 7 7 8 7 8 8 8 8
131,SIPP_2^5,"34,30,0","45,58,0",1,301.540062,41,0.53681,4.25812,0.85138,1.70276,15 14 14 15 14 14 15 14 15 15 15
131,SIPP_BigCS,"34,30,15","45,58,2",1,302.0,40,7.36278,5.93676,0.9691,0.1012,200 200 200 200 200 200 200 304 4 80
131,SIPP_Standard,"34,30,15","45,58,2",1,318.0,91,2.91266,9.3562,1.819,0.2268,0 8 52 72
132,SIPP_2^2,"57,39,0","15,17,0",1,643.334751,1457,1.04512,106.06602,23.56194,47.12389,0 0 0 0 0 0 0 0 0 0 3 3 3 3 3 3 3 3 3 3 3 0 3 3 3 3 3 3 3 3 3 0 3 3 0 0 3 0 3 3 3 3 3 3 3 3 3 3 3 3 3 3 0 3 0 3 3 3 0 0 0 0 0 -3.335 3
132,SIPP_2^3,"57,39,0","15,17,0",1,519.4112639999998,450,0.62744,52.07621,10.21018,20.42035,6 6 6 6 7 7 6 6 6 6 6 7 7 7 6 7 7 7 6 7 7 6 6 7 7 7 7 7 7 7 7 7 7 7 6 6 7 7 6 6 6 5
132,SIPP_2^4,"57,39,0","15,17,0",1,482.623696,168,0.76367,27.76985,5.53574,11.07149,13 12 12 13 13 13 12 13 13 14 13 13 13 14 13 13 13 14 13 13 14 13 14 14 13 12
132,SIPP_2^5,"57,39,0","15,17,0",1,476.98826600000007,107,1.57146,4.08295,0.8163,1.6326,25 25 26 26 25 26 26 27 27 27 27 27 27 26 26 25
132,SIPP_BigCS,"57,39,13","15,17,0",1,477.0,113,3.94282,9.60924,1.5667,0.3045,87 205 205 205 205 205 205 205 205 205 205 205 221 102 102 102 162
132,SIPP_Standard,"57,39,13","15,17,0",1,485.0,26,0.27359,12.75776,2.4285,0.1856,19 69 50 69 50 93
133,SIPP_2^2,"62,18,0","26,2,0",1,520.0,759,0.46679,63.63961,14.13717,28.27433,3 3 3 3 3 3 3 3 3 3 3 3 3 3 3 3 3 3 3 3 3 3 3 3 3 3 3 3 3 0 0 0 3 3 0 0 0 0 0 0 3 0 0 0 0 3 0 0 3 3 3 0
133,SIPP_2^3,"62,18,0","26,2,0",1,461.42135999999994,643,0.71132,15.91146,3.14159,6.28319,6 6 6 6 6 6 6 6 6 6 6 6 6 6 6 6 6 6 6 7 7 7 7 7 7 7 7 7 6 6 6 6 6 6 6 7 0 0 0 0 0 0
133,SIPP_2^4,"62,18,0","26,2,0",1,459.016896,677,2.05084,27.71593,5.45983,10.91966,13 12 12 12 12 13 13 13 12 12 14 14 14 14 14 13 12 12 12 12 12 12 11 12 12 12 12 12 12 14 0 0 0 0 0 0
133,SIPP_2^5,"62,18,0","26,2,0",1,454.58947799999993,652,5.10189,24.02378,4.75035,9.50069,25 25 25 24 25 24 28 28 28 28 28 25 24 24 24 23 24 24 24 24 24 24 24 28 0 0 0 0 0 0
133,SIPP_BigCS,"62,18,5","26,2,4",1,459.61630599999995,4551,62.06974,23.43963,4.5756,1.2189,205 309 7 7 7 75 102 102 102 130 7 -0.516 31 347 -0.100 170 6 6 6 6
133,SIPP_Standard,"62,18,5","26,2,4",1,526.662801,1030,4.66147,23.8111,4.6257,0.6572,38 -5.729 23 -32.392 38 -40.497 27 -30.045 82
134,SIPP_2^2,"23,27,0","50,50,0",0,-1,0,0.0,0.0,0.0,0.0,
134,SIPP_2^3,"23,27,0","50,50,0",0,-1,0,0.0,0.0,0.0,0.0,
134,SIPP_2^4,"23,27,0","50,50,0",0,-1,0,0.0,0.0,0.0,0.0,
134,SIPP_2^5,"23,27,0","50,50,0",0,-1,0,0.0,0.0,0.0,0.0,
134,SIPP_BigCS,"23,27,0","50,50,0",0,-1,0,0.0,0.0,0.0,0.0,
134,SIPP_Standard,"23,27,15","50,50,13",0,-1,1,0.03916,0.0,0.0,0.0,
135,SIPP_2^2,"22,58,0","24,51,0",1,90.0,18,0.01205,21.2132,4.71239,9.42478,0 0 0 0 0 0 1 0 1
135,SIPP_2^3,"22,58,0","24,51,0",1,78.28427199999999,12,0.01585,11.59279,2.35619,4.71239,0 0 0 1 0 0 1
135,SIPP_2^4,"22,58,0","24,51,0",1,74.72136,8,0.02933,6.94722,1.39094,2.78189,0 1 0 0 1
135,SIPP_2^5,"22,58,0","24,51,0",1,73.245554,4,0.03996,3.22267,0.6435,1.287,1 0 1
135,SIPP_BigCS,"22,58,8","24,51,0",1,74.0,4,0.28545,2.36385,0.463,0.0399,86
135,SIPP_Standard,"22,58,8","24,51,0",1,80.0,1,0.08161,6.1946,1.2472,0.2589,33
136,SIPP_2^2,"6,2,0","45,53,0",1,900.0,2644,1.57805,120.20815,26.70354,53.40708,1 1 1 1 1 1 1 1 1 1 1 1 1 1 1 1 1 1 1 1 1 1 1 1 1 1 1 1 2 2 2 2 1 2 2 2 2 2 2 2 2 2 2 2 2 2 2 2 2 2 2 2 2 2 2 1 2 2 2 2 2 1 2 1 1 1 1 2 2 2 2 2 2 1 2 2 2 2 1 2 2 2 1 2 2 2 2 2 1 2
136,SIPP_2^3,"6,2,0","45,53,0",1,713.7050170000005,1176,1.27977,55.61717,10.99557,21.99115,3 3 4 4 4 4 4 4 4 4 3 3 3 -5.833 3 3 3 3 3 3 3 3 3 3 4 3 3 3 3 3 3 3 3 4 4 4 3 4 4 -8.322 4 -4.576 3 3 3 3 3 3 2 3 2 2 2 3 3 3 4 3
136,SIPP_2^4,"6,2,0","45,53,0",1,678.338156,711,2.11516,17.49161,3.5013,7.0026,8 8 8 8 8 7 7 7 6 7 7 5 6 6 6 6 6 6 6 6 6 6 6 6 6 6 6 6 6 6 6 6 -1.763 6 6 5 5 6 6 6 -4.869 7 -0.404 7 8 8 8
136,SIPP_2^5,"6,2,0","45,53,0",1,676.048481,716,6.20285,14.95972,3.00388,6.00776,16 15 15 15 15 12 12 12 12 12 12 12 12 12 12 12 12 11 12 12 12 12 12 13 13 11 11 10 10 12 16 16 16 16 16 16
136,SIPP_BigCS,"6,2,1","45,53,5",1,674.876684,3264,103.71308,16.93339,3.2095,0.5864,4 28 200 200 248 100 100 100 100 100 152 -0.877 352 100 100 100 100 100 100 176 207 207 335 4 4 4 4 4
136,SIPP_Standard,"6,2,1","45,53,5",1,716.106246,913,25.00542,16.67074,2.9886,0.3014,63 -0.833 71 -3.253 52 -22.486 64 52 -18.937 56 88 -2.597 12
137,SIPP_2^2,"42,2,0","29,24,0",1,350.0,408,0.27288,84.85281,18.84956,37.69911,3 3 3 3 3 2 2 2 2 3 2 2 2 2 2 2 2 3 3 2 2 2 2 2 3 2 3 3 2 2 2 2 3 2 3
137,SIPP_2^3,"42,2,0","29,24,0",1,299.7056319999999,274,0.36836,19.89513,3.92699,7.85398,4 4 4 4 4 4 4 4 4 4 4 5 5 5 5 5 5 5 4 5 5 5 5 6 7
137,SIPP_2^4,"42,2,0","29,24,0",1,287.23544,192,0.70258,17.64691,3.32145,6.64289,8 8 8 8 8 8 9 9 9 10 9 10 10 10 10 9 9 13
137,SIPP_2^5,"42,2,0","29,24,0",1,284.41772499999996,184,1.7613,11.64311,2.42924,4.85847,16 16 16 16 17 17 18 19 20 20 19 19 26
137,SIPP_BigCS,"42,2,6","29,24,2",1,287.0,585,9.32626,12.66991,2.3612,0.7354,4 4 56 206 206 206 206 206 206 326 347
137,SIPP_Standard,"42,2,6","29,24,2",1,351.0,249,1.4956,21.11479,4.1065,0.6725,96 94 24 107
138,SIPP_2^2,"34,31,0","8,8,0",1,502.327556,903,0.64191,98.99495,21.99115,43.9823,0 3 3 0 0 0 3 0 0 -12.116 0 -0.151 0 -0.060 0 0 3 3 3 3 3 3 0 3 3 3 3 3 3 3 3 3 3 3 3 3 0 0 0 0 0 0 0 0 3 3 0 3 0 0 3 0
138,SIPP_2^3,"34,31,0","8,8,0",1,361.1269919999999,103,0.13094,24.11917,4.71239,9.42478,7 7 7 7 7 7 6 7 7 7 6 6 6 7 7 7 7 7 7 7 7 0 7 7 7 7 7
138,SIPP_2^4,"34,31,0","8,8,0",1,352.5640419999999,89,0.36329,9.67647,1.9305,3.86101,14 14 13 13 13 14 13 14 14 -0.344 14 14 14 14 14 14 15 14 14 14 14 14 14
138,SIPP_2^5,"34,31,0","8,8,0",1,351.3835429999999,88,1.17745,2.96398,0.59219,1.18437,27 27 27 27 27 28 28 29 29 28 28 28 28 28
138,SIPP_BigCS,"34,31,14","8,8,13",1,349.0,102,10.78915,7.19456,1.3128,0.1308,102 102 126 205 205 205 357 102 102 102 102 154
138,SIPP_Standard,"34,31,14","8,8,13",1,437.235041,489,4.06832,22.55345,4.3848,0.7652,34 -30.235 107 54 66 42
139,SIPP_2^2,"50,59,0","40,11,0",1,717.9830830000001,1159,0.70068,98.99495,25.13274,50.26548,1 1 1 1 2 -37.983 0 0 0 0 0 0 0 0 0 0 0 0 0 0 0 0 0 0 3 0 0 0 0 0 0 3 0 0 0 3 0 0 0 0 0 0 0 0 0 0 0 0 3 3 3 3 3 0 0 0 0 0 0 3 3 3 0 0 0 3 3 0 3
139,SIPP_2^3,"50,59,0","40,11,0",1,622.4151170000002,583,0.58767,59.57964,14.92257,29.84513,2 2 2 3 -27.881 7 -1.818 0 0 0 0 -0.584 7 7 7 0 0 0 0 0 0 7 7 7 0 0 0 0 0 0 0 0 0 0 0 7 0 0 0 0 0 0 7 0 7 0 0 0 0 0 7 7 7 0 0 7
139,SIPP_2^4,"50,59,0","40,11,0",1,607.56346,488,1.30768,52.2783,13.52169,27.04339,5 6 -21.807 14 -1.578 0 0 1 0 -3.658 15 15 15 15 0 0 -2.948 15 0 15 0 0 0 0 0 15 0 0 15 0 15 0 0 15 0 15 15 0 0 0 15 -3.878 0
139,SIPP_2^5,"50,59,0","40,11,0",1,607.56346,541,3.8922,38.5951,7.46625,14.93249,10 12 20 28 30 31 31 1 0 0 0 0 -10.267 31 31 0 0 31 0 0 0 31 31 31 31 31 0 0 31 -10.676 0
139,SIPP_BigCS,"50,59,1","40,11,7",1,618.516588,769,6.48393,22.02501,4.1028,1.0103,164 -39.517 329 6 6 6 6 6 6 6 82 202 202 202 202 202 202 202 202 202 306 6 34
139,SIPP_Standard,"50,59,1","40,11,7",1,678.351678,291,1.49246,16.08753,2.4946,0.4716,111 -11.418 33 -12.116 58 58 -27.309 58 -13.509 58 58
140,SIPP_2^2,"11,32,0","48,63,0",0,-1,0,0.0,0.0,0.0,0.0,
140,SIPP_2^3,"11,32,0","48,63,0",0,-1,0,0.0,0.0,0.0,0.0,
140,SIPP_2^4,"11,32,0","48,63,0",0,-1,0,0.0,0.0,0.0,0.0,
140,SIPP_2^5,"11,32,0","48,63,0",0,-1,0,0.0,0.0,0.0,0.0,
140,SIPP_BigCS,"11,32,0","48,63,0",0,-1,0,0.0,0.0,0.0,0.0,
140,SIPP_Standard,"11,32,4","48,63,12",0,-1,0,4e-05,0.0,0.0,0.0,
141,SIPP_2^2,"32,61,0","30,43,0",1,277.964539,241,0.15845,56.56854,15.70796,31.41593,0 3 3 0 0 0 3 0 3 3 -14.262 1 0 0 0 0 0 0 0 0 -3.333 0 -0.370 0 0 0 1 1 0
141,SIPP_2^3,"32,61,0","30,43,0",1,247.27922399999997,240,0.28708,25.14791,4.71239,9.42478,7 7 7 7 7 7 0 0 0 0 0 0 0 0 0 7 1 2 2 2 1
141,SIPP_2^4,"32,61,0","30,43,0",1,241.892089,221,0.71497,18.64588,3.74714,7.49427,14 14 15 15 15 15 0 -4.798 15 -0.504 0 0 0 2 4 4 3
141,SIPP_2^5,"32,61,0","30,43,0",1,240.50280699999996,217,1.7999,16.99996,3.32145,6.64289,28 28 30 30 30 31 -6.126 0 0 31 4 8 7
141,SIPP_BigCS,"32,61,8","30,43,0",1,245.784223,910,14.38468,21.53378,4.2347,1.3562,333 6 66 -0.716 182 -0.068 338 332 5 5
141,SIPP_Standard,"32,61,8","30,43,0",1,519.561348,938,8.90817,13.99631,2.6747,0.404,-212.312 27 106 -59.249 49
142,SIPP_2^2,"52,37,0","34,33,0",1,256.630809,162,0.1083,42.42641,9.42478,18.84956,3 2 -15.713 3 -0.918 3 3 3 3 3 3 3 3 3 3 0 3 3 3 3 3 0 0 0 0 3
142,SIPP_2^3,"52,37,0","34,33,0",1,226.42346899999995,123,0.16651,23.98617,4.71239,9.42478,5 5 -7.429 6 6 6 6 6 6 6 6 6 6 7 7 6 7 7 0 7
142,SIPP_2^4,"52,37,0","34,33,0",1,214.29553599999997,80,0.28473,22.05585,4.35268,8.70536,10 10 10 13 12 13 12 13 12 12 13 14 14 14
142,SIPP_2^5,"52,37,0","34,33,0",1,211.34392399999996,69,0.64492,8.0049,1.5708,3.14159,20 20 20 25 25 25 25 28 28 28
142,SIPP_BigCS,"52,37,8","34,33,10",1,215.66106,144,2.49684,9.80083,1.9065,0.4611,-6.661 334 7 7 7 59 253 102
142,SIPP_Standard,"52,37,8","34,33,10",1,607.6497499999999,2679,40.47469,24.66832,4.6989,0.6564,49 108 54 -3.806 82 -29.844 15 94 0
143,SIPP_2^2,"18,12,0","38,5,0",1,305.56764599999997,274,0.17465,70.71068,15.70796,31.41593,1 0 1 0 0 1 -35.568 0 0 1 1 1 1 1 1 1 1 1 1 1 1 1 1 0 1 1 0 1
143,SIPP_2^3,"18,12,0","38,5,0",1,228.99495199999998,40,0.0563,8.10113,1.5708,3.14159,1 1 1 1 1 1 2 2 2 2 2 2 2 2 2 2 2 2 2 1
143,SIPP_2^4,"18,12,0","38,5,0",1,225.43204,36,0.12268,6.30445,1.24905,2.49809,2 2 2 2 2 3 4 4 4 4 4 4 4 4 4 4 4 3
143,SIPP_2^5,"18,12,0","38,5,0",1,223.956234,34,0.27805,5.56125,1.10715,2.2143,4 4 4 4 4 7 8 8 8 8 8 8 8 8 8 7
143,SIPP_BigCS,"18,12,0","38,5,14",1,223.0,45,0.7785,6.39269,1.2551,0.1475,101 101 101 157 5 5 5 5 29
143,SIPP_Standard,"18,12,0","38,5,14",1,289.421897,71,0.3895,15.39251,3.0046,0.5088,-25.456 32 73 -16.966 84
144,SIPP_2^2,"7,23,0","24,16,0",0,-1,0,0.0,0.0,0.0,0.0,
144,SIPP_2^3,"7,23,0","24,16,0",0,-1,0,0.0,0.0,0.0,0.0,
144,SIPP_2^4,"7,23,0","24,16,0",0,-1,0,0.0,0.0,0.0,0.0,
144,SIPP_2^5,"7,23,0","24,16,0",0,-1,0,0.0,0.0,0.0,0.0,
144,SIPP_BigCS,"7,23,0","24,16,0",0,-1,0,0.0,0.0,0.0,0.0,
144,SIPP_Standard,"7,23,15","24,16,0",0,-1,0,3e-05,0.0,0.0,0.0,
145,SIPP_2^2,"50,39,0","56,44,0",1,110.0,38,0.02173,49.49747,10.99557,21.99115,2 2 1 2 1 2 1 1 1 2 1
145,SIPP_2^3,"50,39,0","56,44,0",1,80.71068,10,0.0115,7.95075,1.5708,3.14159,3 3 3 2 3 3
145,SIPP_2^4,"50,39,0","56,44,0",1,78.929224,9,0.03306,3.229,0.6435,1.287,6 6 6 5 6
145,SIPP_2^5,"50,39,0","56,44,0",1,78.481921,7,0.07228,1.97454,0.39479,0.78958,12 12 11 12
145,SIPP_BigCS,"50,39,10","56,44,1",1,78.0,2,0.17748,1.74352,0.3314,0.0258,100 124
145,SIPP_Standard,"50,39,10","56,44,1",1,80.0,1,0.05739,3.26273,0.6517,0.0788,79
146,SIPP_2^2,"37,18,0","29,52,0",1,502.32755599999996,870,0.7377,56.56854,15.70796,31.41593,1 3 2 2 2 -11.536 2 2 2 2 3 2 2 2 2 2 2 2 2 2 2 2 2 -7.880 2 2 2 2 2 2 -3.077 2 2 -39.623 2 -0.151 2 -0.060 2 2 3 3 2 3 2 2 3 3 3 3
146,SIPP_2^3,"37,18,0","29,52,0",1,488.3331779999999,1114,1.3007,78.0385,15.70796,31.41593,2 5 4 3 4 4 5 4 5 4 4 4 4 4 4 4 4 5 4 4 4 -11.658 3 4 4 4 4 -5.983 4 4 -39.623 4 -0.151 4 -0.060 4 5 5 6 -1.372 4 -2.207 5 6 6 6
146,SIPP_2^4,"37,18,0","29,52,0",1,420.978028,447,1.5396,49.9519,10.49397,20.98794,4 10 7 8 10 10 10 10 10 10 10 10 9 9 10 9 -4.748 8 8 8 8 8 7 8 7 8 10 7 6
146,SIPP_2^5,"37,18,0","29,52,0",1,417.73960799999986,426,4.41024,36.98907,7.82308,15.64616,8 20 -0.038 15 20 20 20 19 19 19 20 20 20 20 15 15 15 17 12 12
146,SIPP_BigCS,"37,18,14","29,52,10",0,-1,4516,180.13114,0.0,0.0,0.0,
146,SIPP_Standard,"37,18,14","29,52,10",1,789.027848,793,4.65034,28.98846,5.538,0.7908,26 -27.297 105 28 -0.533 40 70 55 75 70 -24.198 55
147,SIPP_2^2,"29,6,0","61,31,0",1,590.0,1097,0.70541,148.49242,32.98672,65.97345,1 0 1 1 1 1 1 1 1 1 1 1 1 1 1 1 1 1 1 1 2 1 1 2 2 2 1 2 2 1 2 2 1 2 2 2 2 2 2 2 2 2 2 1 2 2 1 2 1 1 1 1 2 2 2 1 2 1 2
147,SIPP_2^3,"29,6,0","61,31,0",1,449.4112639999999,165,0.22057,83.98733,16.49336,32.98672,2 1 3 3 3 2 2 3 2 3 2 3 2 3 2 3 2 3 3 3 3 3 3 3 3 3 3 4 3 3 4 3 3 4 3
147,SIPP_2^4,"29,6,0","61,31,0",1,437.382226,166,0.68752,23.55428,4.75035,9.50069,2 5 5 5 5 6 5 5 5 6 5 6 6 7 7 7 7 7 6 6 6 -0.716 4 -0.480 5
147,SIPP_2^5,"29,6,0","61,31,0",1,437.382226,185,1.89588,20.17797,3.93117,7.86235,6 10 10 10 10 11 11 11 12 12 13 13 12 12 13 12 -5.694 16 -0.480 10
147,SIPP_BigCS,"29,6,15","61,31,11",1,437.088247,602,10.05113,12.77406,2.2291,0.4174,377 207 207 207 207 255 -1.752 152 200 200 200 200 320 -5.218 207 -0.118 207
147,SIPP_Standard,"29,6,15","61,31,11",1,491.0,437,1.89086,22.41163,4.3059,0.5525,45 21 52 88 12 79
148,SIPP_2^2,"16,2,0","1,62,0",1,762.4102479999999,1214,0.6918,91.92388,20.42035,40.8407,3 3 3 2 2 2 3 3 2 2 2 2 2 2 3 3 3 2 3 2 2 2 2 2 3 2 2 3 3 3 3 2 2 2 3 -12.410 2 2 2 2 2 2 2 2 2 2 2 2 2 2 2 2 2 2 2 2 2 2 2 2 2 2 2 2 2 2 2 2 2 2 2 2 2 2 2 2
148,SIPP_2^3,"16,2,0","1,62,0",1,662.13204,602,0.68393,35.34368,7.06858,14.13717,5 5 5 5 5 5 5 5 5 4 5 5 4 4 4 4 4 4 4 4 4 4 4 4 4 5 5 4 5 4 4 4 4 4 4 4 4 4 4 4 4 4 4 4 4 5 4 4 4 4 4 4 4 4 4 4 4 4 4 4
148,SIPP_2^4,"16,2,0","1,62,0",1,644.85292,469,1.43673,30.33434,6.02742,12.05484,8 8 9 8 7 7 8 8 8 8 8 9 9 9 9 9 9 8 9 9 9 9 8 8 8 8 8 8 8 8 8 8 9 9 8 9 9 9 8 8 9
148,SIPP_2^5,"16,2,0","1,62,0",1,633.7843750000001,194,1.58994,12.50921,2.49809,4.99618,17 16 16 15 15 16 16 16 17 17 18 18 18 17 17 18 17 17 17 17 17 17 17 16 16 17
148,SIPP_BigCS,"16,2,9","1,62,14",1,637.0,792,9.62411,18.54845,3.3787,0.4667,366 28 376 206 206 206 206 206 206 206 206 206 310 4 4 4 4 4 84 310
148,SIPP_Standard,"16,2,9","1,62,14",1,667.0,246,0.93178,21.1253,4.0632,0.553,102 88 20 31 51 94 0 16
149,SIPP_2^2,"8,1,0","4,62,0",1,736.945714,931,0.49997,84.85281,18.84956,37.69911,2 2 2 2 2 2 2 2 2 2 2 2 2 1 1 1 1 2 2 2 2 2 2 2 2 2 2 2 2 2 2 2 3 2 3 3 3 2 3 3 2 3 2 2 3 2 -6.782 2 -0.101 2 -0.062 2 2 2 2 2 2 2 2 2 2 2 2 2 2 2 2 2 2 2 2 2 2 2 2 2
149,SIPP_2^3,"8,1,0","4,62,0",1,649.045112,399,0.38173,19.84753,3.92699,7.85398,4 4 4 4 4 4 4 4 4 4 4 4 5 5 5 4 4 4 4 4 4 4 4 4 4 4 5 -14.192 5 4 4 4 4 4 4 4 4 4 4 4 4 4 4 4 4 4 4 4 4 4 4 4 4 4 4 4 4 4 4 4 4 3
149,SIPP_2^4,"8,1,0","4,62,0",1,647.263656,448,1.20256,14.90033,2.96174,5.92348,8 8 8 8 8 8 9 9 9 8 8 8 8 8 8 8 8 8 8 8 8 8 9 -21.318 10 8 8 8 8 8 8 8 8 8 8 8 8 8 8 8 8 8 8 8 8 8 8 8 8 8 8 8 8 8 8 8 7
149,SIPP_2^5,"8,1,0","4,62,0",1,643.8839879999999,449,3.1143,20.22273,4.0338,8.06761,16 16 16 16 16 16 15 16 -2.010 13 -8.115 15 16 16 16 16 16 16 16 16 17 18 18 17 17 16 16 16 17 16 17 17 16 16 16 16 16 16 16 16 16 16 16
149,SIPP_BigCS,"8,1,4","4,62,11",1,647.609287,1877,25.7637,25.80437,4.9636,0.6918,4 4 56 310 4 4 -0.609 32 148 206 310 4 4 4 56 366 4 56
149,SIPP_Standard,"8,1,4","4,62,11",1,671.992297,176,0.90061,22.50563,4.3415,0.5706,110 -16.992 44 0 20 51 94 0 4
150,SIPP_2^2,"45,32,0","1,43,0",1,590.0,1066,0.81358,84.85281,18.84956,37.69911,3 2 2 2 2 3 3 3 3 3 3 3 3 3 3 3 3 3 3 3 3 3 3 3 2 2 2 2 3 3 3 3 3 3 3 3 3 3 3 3 3 3 2 3 3 3 3 2 2 2 2 3 3 3 3 0 3 0 3
150,SIPP_2^3,"45,32,0","1,43,0",1,485.56349599999993,361,0.46489,27.90231,5.49779,10.99557,6 6 6 6 6 6 6 6 6 6 6 5 5 5 6 6 6 6 6 6 6 5 5 5 6 5 5 5 5 6 6 6 6 6 6 6 6 6 6 6 6 6 6 5
150,SIPP_2^4,"45,32,0","1,43,0",1,478.43767199999996,321,1.20121,8.56158,1.71269,3.42539,12 12 12 12 12 12 12 12 12 12 12 12 12 12 12 12 12 12 11 12 12 12 12 12 12 12 12 12 12 12 11 11 11 10 10 10 10 10 10 10
150,SIPP_2^5,"45,32,0","1,43,0",1,469.984989,199,2.38615,9.12763,1.82369,3.64738,24 24 24 24 24 24 24 24 24 24 24 24 24 24 24 24 24 24 24 24 24 24 23 23 24 23 22 22 21 20 21 20
150,SIPP_BigCS,"45,32,3","1,43,13",1,474.0,896,69.05329,14.24305,2.7995,0.3947,3 7 7 7 7 15 363 7 7 35 183 323
150,SIPP_Standard,"45,32,3","1,43,13",1,497.82909100000006,96,2.83412,19.54304,3.7659,0.4515,19 -2.546 109 55 -5.283 67 47 19
151,SIPP_2^2,"11,47,0","36,44,0",1,320.0,242,0.17298,35.35534,7.85398,15.70796,1 1 1 1 1 1 1 1 1 1 1 1 2 2 1 1 0 0 0 0 1 1 1 1 1 1 1 1 1 1 1 0
151,SIPP_2^3,"11,47,0","36,44,0",1,304.220023,301,0.41524,39.89789,7.85398,15.70796,2 2 2 2 1 1 2 2 2 1 1 1 -7.754 1 2 2 2 3 3 2 3 -0.903 3 2 2 1 2
151,SIPP_2^4,"11,47,0","36,44,0",1,300.957669,304,1.13464,21.68699,4.35268,8.70536,4 3 3 3 2 3 4 -15.258 3 -0.276 5 -0.875 5 5 -6.800 5 4 3 4
151,SIPP_2^5,"11,47,0","36,44,0",1,300.219766,311,2.87836,33.33077,6.17219,12.34438,7 6 6 5 -1.113 8 -15.330 6 -0.276 10 8 8 9 -0.773 10 16 7
151,SIPP_BigCS,"11,47,7","36,44,2",1,312.517642,1760,29.30706,10.0205,1.8926,0.4259,5 5 5 85 343 -2.204 201 -35.819 201 -8.483 201 -0.012 305
151,SIPP_Standard,"11,47,7","36,44,2",1,352.384655,78,0.50841,16.35783,3.1986,0.5577,9 -14.385 29 41 87
152,SIPP_2^2,"28,29,0","39,58,0",1,477.597428,782,0.57345,70.71068,15.70796,31.41593,2 2 2 2 2 1 1 2 -12.250 2 2 2 3 2 2 -12.755 2 -0.012 2 -0.012 1 -0.012 2 -12.922 2 -0.093 2 -0.020 2 2 2 2 1 1 1 -19.520 2 2 2 2 2 2 2 2 1 1 1 1 1 1 2
152,SIPP_2^3,"28,29,0","39,58,0",1,385.40491499999996,467,0.59797,64.22006,13.35177,26.70354,3 3 3 3 3 3 3 3 4 4 3 4 4 4 4 4 3 3 4 5 4 4 5 5 4 4 -7.015 4 -0.012 2 -0.014 4 -0.011 2 -0.053 2 -0.310 4
152,SIPP_2^4,"28,29,0","39,58,0",1,323.093304,93,0.3047,15.7717,3.14159,6.28319,7 6 7 7 7 6 6 6 7 8 8 8 7 8 8 8 8 8 8 8 8 7
152,SIPP_2^5,"28,29,0","39,58,0",1,317.01832699999994,75,0.90035,11.61439,2.32111,4.64222,14 13 13 13 15 16 16 15 16 16 15 16 16 15
152,SIPP_BigCS,"28,29,10","39,58,14",1,317.0,147,13.88739,7.47898,1.3815,0.1212,180 200 200 272 4 4 4 4 80
152,SIPP_Standard,"28,29,10","39,58,14",1,327.0,17,0.91125,9.28498,1.7855,0.1509,64 52 88 16
153,SIPP_2^2,"16,13,0","15,53,0",1,465.620565,328,0.21635,56.56854,12.56637,25.13274,2 2 2 2 2 2 2 2 3 3 -9.660 2 2 2 2 2 2 2 2 2 2 2 2 2 2 2 2 2 2 2 1 2 1 2 2 2 2 2 2 2 2 2 2 2 3 -5.960 2
153,SIPP_2^3,"16,13,0","15,53,0",1,465.620565,649,0.87329,39.8198,7.85398,15.70796,4 4 4 4 5 5 4 4 4 5 4 4 4 4 3 4 4 4 4 4 4 4 4 4 4 3 3 4 4 4 4 4 4 4 4 4 4 5 -25.127 4 -11.498 4
153,SIPP_2^4,"16,13,0","15,53,0",1,465.620565,741,2.79903,18.66412,3.70918,7.41836,8 8 8 8 9 9 9 8 8 7 8 8 8 8 8 8 8 8 8 8 7 7 7 8 8 8 8 9 9 -32.876 8 -11.498 8
153,SIPP_2^5,"16,13,0","15,53,0",1,414.6049929999999,160,1.57015,14.57993,2.89576,5.79151,16 17 17 17 15 16 16 16 16 16 16 16 16 15 15 15 16 17 16 16 16 17
153,SIPP_BigCS,"16,13,4","15,53,13",1,416.0,472,8.2615,19.54306,3.7992,0.5945,4 84 382 360 4 4 28 376 366
153,SIPP_Standard,"16,13,4","15,53,13",1,467.474919,101,0.61965,25.32398,4.9121,0.8721,102 -22.888 96 102 88 -7.587 20
154,SIPP_2^2,"9,40,0","3,63,0",0,-1,0,0.0,0.0,0.0,0.0,
154,SIPP_2^3,"9,40,0","3,63,0",0,-1,0,0.0,0.0,0.0,0.0,
154,SIPP_2^4,"9,40,0","3,63,0",0,-1,0,0.0,0.0,0.0,0.0,
154,SIPP_2^5,"9,40,0","3,63,0",0,-1,0,0.0,0.0,0.0,0.0,
154,SIPP_BigCS,"9,40,0","3,63,0",0,-1,0,0.0,0.0,0.0,0.0,
154,SIPP_Standard,"9,40,0","3,63,10",0,-1,30663,180.00285,0.0,0.0,0.0,
155,SIPP_2^2,"14,36,0","51,39,0",1,546.568317,1105,0.85127,91.92388,20.42035,40.8407,1 1 1 2 2 2 1 -3.849 1 1 1 -2.283 0 -0.436 1 1 1 1 1 1 1 1 1 1 1 1 1 1 1 2 2 2 2 2 2 1 1 2 1 1 0 0 0 1 1 1 1 1 0 0 1 1 1 1 1 1 0
155,SIPP_2^3,"14,36,0","51,39,0",1,456.378877,614,0.73684,32.21695,6.28319,12.56637,1 1 1 1 2 2 2 2 2 1 1 2 2 2 2 2 2 2 2 2 3 3 3 -0.751 2 -0.011 2 -0.053 2 2 2 2 2 2 2 2 2 2 3 4 4 4 4 3
155,SIPP_2^4,"14,36,0","51,39,0",1,446.958101,588,2.05941,33.09986,6.52902,13.05805,2 2 2 2 4 4 4 4 3 3 4 4 5 4 4 4 5 5 -9.659 4 -0.011 4 -0.053 4 4 4 4 4 4 5 4 4 6 8 8 7
155,SIPP_2^5,"14,36,0","51,39,0",1,445.42924199999993,581,5.89281,19.92423,3.96495,7.92989,4 4 4 4 7 7 8 8 8 8 9 9 9 -13.348 8 -0.011 8 9 8 8 8 8 8 8 8 12 16 15
155,SIPP_BigCS,"14,36,9","51,39,10",1,448.01538300000004,2956,150.45805,32.23545,6.4377,2.048,321 332 5 65 169 73 100 160 -4.015 1 5 5 5 5 5 73 100 168 4
155,SIPP_Standard,"14,36,9","51,39,10",1,608.507716,490,2.76854,24.95062,4.6821,0.6477,8 48 -2.379 79 -8.093 80 13 -12.278 60 -4.757 76
156,SIPP_2^2,"49,51,0","53,35,0",1,265.022654,234,0.14828,63.63961,14.13717,28.27433,0 0 0 0 0 0 0 0 0 0 1 0 1 1 1 1 0 -5.023 3 3 3 0 1 0 0 0 1
156,SIPP_2^3,"49,51,0","53,35,0",1,227.27922399999994,195,0.23738,24.85372,4.71239,9.42478,0 0 0 0 0 0 1 1 1 1 1 1 1 1 0 6 7 6 6
156,SIPP_2^4,"49,51,0","53,35,0",1,218.37194399999998,186,0.62493,15.56814,3.14159,6.28319,0 0 2 2 2 1 1 1 1 1 14 12 12 12
156,SIPP_2^5,"49,51,0","53,35,0",1,216.29213199999998,182,1.66659,14.7251,2.99551,5.99102,0 1 3 3 2 3 28 24 24 24
156,SIPP_BigCS,"49,51,0","53,35,3",1,226.903715,969,15.68868,15.84437,3.1331,0.9477,94 101 101 101 101 101 165 -6.904 330 7
156,SIPP_Standard,"49,51,0","53,35,3",1,261.176553,56,0.38661,14.4177,2.8162,0.4919,54 -20.177 106 41
157,SIPP_2^2,"7,25,0","16,2,0",0,-1,0,0.0,0.0,0.0,0.0,
157,SIPP_2^3,"7,25,0","16,2,0",0,-1,0,0.0,0.0,0.0,0.0,
157,SIPP_2^4,"7,25,0","16,2,0",0,-1,0,0.0,0.0,0.0,0.0,
157,SIPP_2^5,"7,25,0","16,2,0",0,-1,0,0.0,0.0,0.0,0.0,
157,SIPP_BigCS,"7,25,0","16,2,0",0,-1,0,0.0,0.0,0.0,0.0,
157,SIPP_Standard,"7,25,4","16,2,6",0,-1,0,3e-05,0.0,0.0,0.0,
158,SIPP_2^2,"13,26,0","63,20,0",0,-1,0,0.0,0.0,0.0,0.0,
158,SIPP_2^3,"13,26,0","63,20,0",0,-1,0,0.0,0.0,0.0,0.0,
158,SIPP_2^4,"13,26,0","63,20,0",0,-1,0,0.0,0.0,0.0,0.0,
158,SIPP_2^5,"13,26,0","63,20,0",0,-1,0,0.0,0.0,0.0,0.0,
158,SIPP_BigCS,"13,26,0","63,20,0",0,-1,0,0.0,0.0,0.0,0.0,
158,SIPP_Standard,"13,26,10","63,20,12",0,-1,29751,180.00206,0.0,0.0,0.0,
159,SIPP_2^2,"4,0,0","26,7,0",0,-1,0,0.0,0.0,0.0,0.0,
159,SIPP_2^3,"4,0,0","26,7,0",0,-1,0,0.0,0.0,0.0,0.0,
159,SIPP_2^4,"4,0,0","26,7,0",0,-1,0,0.0,0.0,0.0,0.0,
159,SIPP_2^5,"4,0,0","26,7,0",0,-1,0,0.0,0.0,0.0,0.0,
159,SIPP_BigCS,"4,0,0","26,7,0",0,-1,0,0.0,0.0,0.0,0.0,
159,SIPP_Standard,"4,0,3","26,7,0",0,-1,0,1e-05,0.0,0.0,0.0,
160,SIPP_2^2,"63,5,0","50,32,0",0,-1,0,0.0,0.0,0.0,0.0,
160,SIPP_2^3,"63,5,0","50,32,0",0,-1,0,0.0,0.0,0.0,0.0,
160,SIPP_2^4,"63,5,0","50,32,0",0,-1,0,0.0,0.0,0.0,0.0,
160,SIPP_2^5,"63,5,0","50,32,0",0,-1,0,0.0,0.0,0.0,0.0,
160,SIPP_BigCS,"63,5,0","50,32,0",0,-1,0,0.0,0.0,0.0,0.0,
160,SIPP_Standard,"63,5,13","50,32,3",0,-1,0,1e-05,0.0,0.0,0.0,
161,SIPP_2^2,"36,24,0","32,4,0",1,249.65024300000002,96,0.05896,14.14214,3.14159,6.28319,0 -1.763 0 -1.424 0 0 0 0 0 0 0 3 3 3 3 -6.463 0 0 0 0 0 0 0 0 0 0 0
161,SIPP_2^3,"36,24,0","32,4,0",1,243.792379,128,0.15372,27.6719,5.49779,10.99557,0 7 0 0 0 0 0 7 7 6 6 -6.829 0 -0.395 0 0 0 0 0 0 0 0 0 1
161,SIPP_2^4,"36,24,0","32,4,0",1,239.091497,151,0.48594,23.37195,4.53254,9.06507,15 0 0 0 0 0 0 0 0 15 0 1 14 13 -15.482 0 -0.012 0 -0.012 0
161,SIPP_2^5,"36,24,0","32,4,0",1,239.091497,157,1.31358,19.53995,3.82305,7.6461,31 0 0 0 0 31 0 1 0 28 26 -17.696 0 -0.012 0 -0.012 0
161,SIPP_BigCS,"36,24,0","32,4,1",1,241.59851400000002,304,3.44624,17.83012,3.5353,1.0688,170 6 6 -1.929 70 -16.670 333 6 42
161,SIPP_Standard,"36,24,0","32,4,1",1,588.236947,384,3.21652,19.6894,3.7802,0.5813,70 -8.557 43 69 42 68 29 -4.680 53
162,SIPP_2^2,"29,8,0","7,27,0",1,449.389273,644,0.39308,106.06602,23.56194,47.12389,3 3 3 3 3 3 2 3 3 3 3 -39.389 2 2 2 2 2 2 3 3 3 2 2 3 2 2 3 3 3 3 3 2 2 2 2 2 3 2 3 2 3 2
162,SIPP_2^3,"29,8,0","7,27,0",1,365.091497,496,0.6011,30.53651,6.28319,12.56637,6 6 5 6 6 5 5 5 5 5 5 5 5 5 5 5 5 5 4 4 4 4 4 4 5 -2.959 6 6 6 0 0
162,SIPP_2^4,"29,8,0","7,27,0",1,365.091497,535,1.75942,26.15228,5.35589,10.71178,12 11 12 12 10 10 10 10 9 9 9 9 9 9 10 9 -1.346 11 -11.789 12 12 12 0 0
162,SIPP_2^5,"29,8,0","7,27,0",1,365.091497,545,4.64087,21.46141,4.0338,8.06761,24 24 23 20 20 19 19 18 19 19 18 18 -1.502 24 -12.379 24 24 24 0 0
162,SIPP_BigCS,"29,8,12","7,27,6",1,370.0,2007,26.86615,24.24823,4.7513,1.3996,7 7 67 103 127 206 206 310 72 103 175 333
162,SIPP_Standard,"29,8,12","7,27,6",1,682.653457,1457,9.99364,33.88586,6.538,0.9554,7 83 4 88 -9.653 20 43 85 6
163,SIPP_2^2,"48,12,0","45,26,0",1,190.0,109,0.07811,42.42641,9.42478,18.84956,2 2 2 2 2 2 2 2 2 2 2 3 2 3 3 3 2 1 2
163,SIPP_2^3,"48,12,0","45,26,0",1,176.986924,125,0.15457,23.7133,4.71239,9.42478,4 4 4 4 4 4 5 4 5 5 5 5 4 -2.134 3 2
163,SIPP_2^4,"48,12,0","45,26,0",1,174.915856,130,0.48074,9.8786,2.03444,4.06889,9 9 9 9 9 8 8 8 8 -3.112 4 4
163,SIPP_2^5,"48,12,0","45,26,0",1,174.915856,132,1.35634,13.05762,2.17634,4.35268,17 17 17 17 18 -6.064 8 8
163,SIPP_BigCS,"48,12,5","45,26,7",1,179.0,657,13.36764,12.27707,2.3586,0.7318,127 206 206 342 328
163,SIPP_Standard,"48,12,5","45,26,7",1,193.719804,37,0.35938,7.96806,1.569,0.233,51 -32.720 110
164,SIPP_2^2,"46,31,0","20,15,0",1,420.0,628,0.4634,42.42641,9.42478,18.84956,3 3 3 3 3 3 3 3 3 3 3 3 3 3 3 3 3 3 3 3 3 0 0 0 3 3 3 0 0 0 0 0 0 0 0 3 0 0 0 0 0 3
164,SIPP_2^3,"46,31,0","20,15,0",1,335.243611,183,0.2818,55.48655,10.99557,21.99115,7 7 7 6 6 7 6 7 7 6 6 6 7 7 7 7 -1.681 0 -1.430 7 6 7 7 6 6 6 7 6 7
164,SIPP_2^4,"46,31,0","20,15,0",1,329.899243,170,0.78188,28.64366,5.67764,11.35528,14 14 13 14 13 13 12 12 12 14 15 15 -4.731 12 -1.430 14 14 13 13 12 12 13
164,SIPP_2^5,"46,31,0","20,15,0",1,327.543364,154,2.16164,15.74142,3.15913,6.31827,27 27 28 25 24 26 31 -10.327 27 27 25 25
164,SIPP_BigCS,"46,31,1","20,15,3",1,328.555117,478,13.52669,17.44322,3.3666,0.6788,253 162 -7.412 55 -0.120 202 -0.024 322 205 309
164,SIPP_Standard,"46,31,1","20,15,3",1,420.301928,130,4.05757,23.20033,4.4675,0.7182,50 -10.302 109 43 85 6
165,SIPP_2^2,"50,2,0","2,33,0",1,790.0,2066,1.34249,247.48737,54.97787,109.95574,2 2 3 3 2 3 3 3 3 3 3 2 2 2 2 2 3 2 2 2 3 3 2 2 2 3 2 2 3 2 3 2 3 2 2 3 2 3 3 2 3 3 3 3 3 3 2 3 3 3 3 2 3 2 3 2 3 3 3 2 2 2 3 3 3 3 3 2 3 3 3 3 3 3 3 3 3 2 3
165,SIPP_2^3,"50,2,0","2,33,0",1,608.9161800000003,398,0.46785,43.49504,8.63938,17.27876,6 6 6 6 6 6 5 6 6 6 5 5 6 6 5 5 5 5 5 5 5 6 5 5 5 5 5 5 5 5 5 5 5 -0.510 5 5 6 6 6 6 5 5 5 5 5 5 5 6 5
165,SIPP_2^4,"50,2,0","2,33,0",1,591.4865720000001,321,1.05091,23.84032,4.75035,9.50069,11 12 12 12 11 12 11 11 11 11 10 11 11 10 10 10 -1.649 11 11 11 11 11 11 11 10 10 10 10 10 9 10 10 9 10
165,SIPP_2^5,"50,2,0","2,33,0",1,585.626425,227,1.94569,14.15983,2.82403,5.64805,23 23 24 23 22 22 22 21 21 20 20 19 20 20 20 20 20 20 20 20 23 23 22 20 20 21 20
165,SIPP_BigCS,"50,2,1","2,33,0",1,588.670884,857,13.33896,14.41106,2.5023,0.3175,15 203 203 203 219 -1.671 155 203 203 203 203 203 203 323 254 127
165,SIPP_Standard,"50,2,1","2,33,0",1,652.0,1173,7.38584,26.05637,4.9985,0.7169,20 51 70 55 99 109 47 3
166,SIPP_2^2,"36,1,0","29,55,0",1,636.267149,597,0.49845,70.71068,15.70796,31.41593,2 3 2 2 2 2 2 3 3 2 3 3 2 2 3 2 2 2 2 2 2 2 2 2 -25.583 2 -0.534 2 -0.151 2 2 2 2 2 2 2 2 2 2 2 2 2 2 2 2 2 2 2 3 2 2 2 2 2 2 2 2 2 2 2 2 2 2 2
166,SIPP_2^3,"36,1,0","29,55,0",1,599.1744600000001,529,0.55876,59.91362,11.78097,23.56195,4 5 4 4 4 5 -7.186 5 4 4 3 3 4 4 4 4 4 4 4 4 4 4 4 4 4 4 4 4 4 5 4 5 5 4 4 4 4 4 4 -5.944 4 -0.060 4 -0.420 4 4 4 4 4 4 4 4 5 4 5 4 4 5
166,SIPP_2^4,"36,1,0","29,55,0",1,587.0828389999999,466,1.46882,21.97383,4.35268,8.70536,9 9 8 -11.050 9 7 7 8 8 8 8 8 8 8 8 8 8 8 8 8 8 8 8 8 8 8 8 8 8 7 8 8 8 8 8 8 8 8 10 10 10 9 9 9 9
166,SIPP_2^5,"36,1,0","29,55,0",1,585.834529,463,4.57195,17.70462,3.54974,7.09948,18 17 -11.788 18 14 -0.675 15 16 16 16 16 16 16 16 16 16 16 16 16 16 16 16 16 16 16 16 15 16 16 16 16 16 16 16 16 16 20 20 18 18 18 19
166,SIPP_BigCS,"36,1,7","29,55,2",1,589.49992,2560,119.44732,15.02808,2.8571,0.5891,103 -5.003 123 -0.268 200 304 0 0 4 4 4 4 4 4 4 4 4 72 -5.229 179 206 206
166,SIPP_Standard,"36,1,7","29,55,2",1,604.119129,246,8.09742,26.70267,5.1762,0.8243,-19.003 35 88 20 39 0 16 -3.116 102
167,SIPP_2^2,"8,30,0","5,32,0",0,-1,0,0.0,0.0,0.0,0.0,
167,SIPP_2^3,"8,30,0","5,32,0",0,-1,0,0.0,0.0,0.0,0.0,
167,SIPP_2^4,"8,30,0","5,32,0",0,-1,0,0.0,0.0,0.0,0.0,
167,SIPP_2^5,"8,30,0","5,32,0",0,-1,0,0.0,0.0,0.0,0.0,
167,SIPP_BigCS,"8,30,0","5,32,0",0,-1,0,0.0,0.0,0.0,0.0,
167,SIPP_Standard,"8,30,2","5,32,7",0,-1,0,4e-05,0.0,0.0,0.0,
168,SIPP_2^2,"53,37,0","7,31,0",1,566.630809,501,0.36679,77.78175,17.27876,34.55752,3 2 3 -5.713 3 -0.918 3 3 3 3 3 3 3 3 3 3 3 3 3 0 3 3 3 3 3 3 3 3 3 0 0 3 0 0 0 3 3 3 3 3 3 3 0 0 3 3 3 3 3 3 3 3 3 3 3 3 3 2
168,SIPP_2^3,"53,37,0","7,31,0",1,509.7056319999999,386,0.48952,76.15026,14.92257,29.84513,6 5 5 6 6 6 6 6 6 6 6 6 6 7 7 6 6 6 7 6 6 6 7 6 7 6 6 6 6 6 6 5 6 6 6 6 6 6 7 6 7 6 7 6 6 7
168,SIPP_2^4,"53,37,0","7,31,0",1,490.75664199999994,278,1.04961,31.16111,6.20727,12.41454,10 11 12 13 12 12 13 12 12 12 12 13 12 12 12 12 12 12 12 13 12 12 13 -1.805 12 12 12 12 12 12 12 12 12 12 12 12 12 13 14 14
168,SIPP_2^5,"53,37,0","7,31,0",1,489.666498,300,3.23927,20.78845,4.1448,8.2896,20 -0.218 23 24 24 24 25 24 24 24 25 25 24 25 25 25 24 24 24 24 24 24 24 24 24 23 -1.199 24 -0.480 26 28 28
168,SIPP_BigCS,"53,37,13","7,31,14",1,490.01452499999994,1077,45.25127,18.5162,3.5847,0.4842,191 59 365 59 -4.015 309 7 7 7 7 7 7 7 47 102
168,SIPP_Standard,"53,37,13","7,31,14",1,542.5505909999999,316,8.01841,29.5356,5.6904,0.9953,43 93 23 -34.551 34 99 93
169,SIPP_2^2,"44,58,0","50,26,0",1,380.0,255,0.17403,49.49747,10.99557,21.99115,0 0 0 0 0 0 0 0 0 0 0 0 0 0 0 0 0 0 0 1 1 0 0 0 0 0 0 0 0 0 0 1 0 1 1 0 0 1
169,SIPP_2^3,"44,58,0","50,26,0",1,347.59692099999995,202,0.2543,35.54777,7.06858,14.13717,0 0 0 0 0 0 0 0 0 0 0 0 0 1 0 0 0 0 0 1 0 0 0 0 0 1 1 0 1 0 0 -2.744 1
169,SIPP_2^4,"44,58,0","50,26,0",1,346.137903,230,0.80963,10.24078,2.03444,4.06889,0 0 0 0 0 0 0 0 0 0 0 0 0 0 0 0 0 0 1 1 0 0 0 0 0 1 1 -4.335 3
169,SIPP_2^5,"44,58,0","50,26,0",1,346.137903,243,2.26191,12.04957,2.39415,4.7883,0 0 0 0 0 0 0 1 0 0 0 0 0 0 0 0 1 0 0 0 0 1 1 -7.286 6
169,SIPP_BigCS,"44,58,6","50,26,3",1,345.954457,1031,16.06727,10.75899,2.082,0.491,6 6 6 6 2 58 364 6 6 6 78 -0.954 201
169,SIPP_Standard,"44,58,6","50,26,3",1,362.654163,102,0.62277,12.56571,2.299,0.344,98 92 18 -16.654 60
170,SIPP_2^2,"18,15,0","36,44,0",0,-1,0,0.0,0.0,0.0,0.0,
170,SIPP_2^3,"18,15,0","36,44,0",0,-1,0,0.0,0.0,0.0,0.0,
170,SIPP_2^4,"18,15,0","36,44,0",0,-1,0,0.0,0.0,0.0,0.0,
170,SIPP_2^5,"18,15,0","36,44,0",0,-1,0,0.0,0.0,0.0,0.0,
170,SIPP_BigCS,"18,15,0","36,44,0",0,-1,0,0.0,0.0,0.0,0.0,
170,SIPP_Standard,"18,15,5","36,44,12",0,-1,0,4e-05,0.0,0.0,0.0,
171,SIPP_2^2,"9,40,0","15,2,0",0,-1,3,0.00133,0.0,0.0,0.0,
171,SIPP_2^3,"9,40,0","15,2,0",0,-1,3,0.00202,0.0,0.0,0.0,
171,SIPP_2^4,"9,40,0","15,2,0",0,-1,3,0.00545,0.0,0.0,0.0,
171,SIPP_2^5,"9,40,0","15,2,0",0,-1,3,0.01142,0.0,0.0,0.0,
171,SIPP_BigCS,"9,40,11","15,2,7",1,405.0,42,0.50592,11.87461,2.127,0.3228,282 364 6 6 6 6 6 6 86 196 204
171,SIPP_Standard,"9,40,11","15,2,7",1,933.0,1674,7.10899,59.8035,11.5557,2.0708,98 108 42 84 25 104 43 85 2 22 41
172,SIPP_2^2,"51,49,0","25,46,0",0,-1,1,0.00165,0.0,0.0,0.0,
172,SIPP_2^3,"51,49,0","25,46,0",1,288.99495199999996,161,0.19129,31.83723,6.28319,12.56637,7 6 6 6 6 6 6 6 6 6 6 6 6 6 6 5 5 6 7 6 6 7 7 6 6 7
172,SIPP_2^4,"51,49,0","25,46,0",1,278.866239,118,0.39047,10.87957,2.17634,4.35268,14 12 12 12 12 12 12 11 11 12 12 12 12 12 12 12 13 -0.560 13 13 13
172,SIPP_2^5,"51,49,0","25,46,0",1,276.68875699999995,112,1.0044,10.09182,2.0169,4.0338,28 24 24 24 24 24 24 24 24 24 24 23 23 25 25 27
172,SIPP_BigCS,"51,49,1","25,46,4",1,280.0,333,5.75932,11.7376,2.1783,0.4993,102 162 7 7 7 31 203 379 205 205 205
172,SIPP_Standard,"51,49,1","25,46,4",1,705.665867,1120,6.47469,32.41478,6.275,1.0467,34 83 -199.361 24 107 54 -2.305 106
173,SIPP_2^2,"61,11,0","14,30,0",1,715.945714,1999,1.25435,113.13708,25.13274,50.26548,3 2 2 2 3 3 3 2 2 2 3 3 2 2 2 3 2 3 3 3 2 3 3 3 3 3 3 3 3 3 3 3 3 3 -5.032 3 3 3 3 3 3 3 3 3 3 3 3 3 3 3 3 3 3 3 3 3 3 3 2 2 3 3 3 2 -10.750 2 -0.101 2 -0.062 2 2 1 2 1
173,SIPP_2^3,"61,11,0","14,30,0",1,548.7005839999999,544,0.75097,59.96857,11.78097,23.56195,5 5 5 5 6 6 5 6 6 6 6 6 6 6 5 6 5 6 6 6 6 6 6 6 6 6 5 5 5 5 5 5 5 5 6 6 5 6 5 5 6 6 6 5 6 6 6
173,SIPP_2^4,"61,11,0","14,30,0",1,516.634376,251,0.99975,21.94176,4.35268,8.70536,11 11 11 11 11 11 11 11 11 11 11 11 11 10 12 12 12 12 12 12 11 12 12 11 11 12 11 12 11
173,SIPP_2^5,"61,11,0","14,30,0",1,511.7596549999999,177,1.88227,5.16501,1.03411,2.06822,22 22 22 22 22 22 22 22 21 22 22 22 23 23 23 23 23 24 24 24 24 23
173,SIPP_BigCS,"61,11,0","14,30,6",1,508.0,115,2.09752,9.36211,1.4752,0.1625,203 203 203 203 203 203 203 203 203 203 203 203 203 307 7 7 83 307
173,SIPP_Standard,"61,11,0","14,30,6",1,520.0,122,0.89965,15.74514,2.6898,0.4476,59 59 59 91 11 43
174,SIPP_2^2,"59,1,0","3,38,0",0,-1,0,0.0,0.0,0.0,0.0,
174,SIPP_2^3,"59,1,0","3,38,0",0,-1,0,0.0,0.0,0.0,0.0,
174,SIPP_2^4,"59,1,0","3,38,0",0,-1,0,0.0,0.0,0.0,0.0,
174,SIPP_2^5,"59,1,0","3,38,0",0,-1,0,0.0,0.0,0.0,0.0,
174,SIPP_BigCS,"59,1,0","3,38,0",0,-1,0,0.0,0.0,0.0,0.0,
174,SIPP_Standard,"59,1,13","3,38,5",0,-1,0,4e-05,0.0,0.0,0.0,
175,SIPP_2^2,"56,12,0","32,7,0",1,290.0,136,0.08595,28.28427,6.28319,12.56637,3 3 3 3 3 3 3 3 3 3 3 3 3 0 0 0 3 3 3 0 0 3 3 3 3 3 3 3 3
175,SIPP_2^3,"56,12,0","32,7,0",1,260.71067999999997,91,0.11017,15.81256,3.14159,6.28319,6 6 6 6 6 6 6 6 6 6 6 6 7 7 7 6 7 7 6 6 6 6 6 6
175,SIPP_2^4,"56,12,0","32,7,0",1,257.147768,96,0.31982,7.78244,1.5708,3.14159,12 12 12 12 12 12 12 12 12 12 12 12 14 14 14 13 13 12 12 12 12 12
175,SIPP_2^5,"56,12,0","32,7,0",1,255.96256199999996,94,0.80318,7.81819,1.5708,3.14159,24 24 24 24 24 24 24 24 24 24 24 25 28 28 27 24 24 24 24 24
175,SIPP_BigCS,"56,12,12","32,7,6",1,255.0,215,2.85174,8.0202,1.5681,0.2263,7 7 7 7 7 7 7 7 7 63 186 7 7 7
175,SIPP_Standard,"56,12,12","32,7,6",1,369.080477,349,1.94101,7.32359,1.4426,0.1887,-97.186 93 3 -18.895 23
176,SIPP_2^2,"55,30,0","47,36,0",1,259.07486700000004,340,0.21243,35.35534,7.85398,15.70796,0 0 0 0 -39.013 3 -0.029 3 -0.034 3 3 3 3 2 2 2 2 2 2 2 3 2 2 2 3
176,SIPP_2^3,"55,30,0","47,36,0",1,122.42640800000001,41,0.04646,15.66785,3.14159,6.28319,4 4 4 5 5 6 6 6 6 5 6
176,SIPP_2^4,"55,30,0","47,36,0",1,118.602418,43,0.12888,10.52843,2.03444,4.06889,9 9 8 -1.520 11 12 12 12 12
176,SIPP_2^5,"55,30,0","47,36,0",1,118.12559300000001,41,0.31648,6.88544,1.39094,2.78189,18 17 20 24 24 24 24 24
176,SIPP_BigCS,"55,30,2","47,36,10",1,119.0,75,1.33184,7.98716,1.566,0.3811,4 72 191 7 7
176,SIPP_Standard,"55,30,2","47,36,10",1,552.2027499999999,1959,19.20676,21.88897,4.252,0.7215,-102.894 74 -13.791 109 -99.518 35 80
177,SIPP_2^2,"6,40,0","4,15,0",1,270.0,68,0.04684,14.14214,3.14159,6.28319,0 0 0 0 0 0 0 0 0 0 0 0 0 0 0 0 0 0 0 0 0 0 0 0 3 3 0
177,SIPP_2^3,"6,40,0","4,15,0",1,258.284272,59,0.08027,11.59279,2.35619,4.71239,0 0 0 0 0 0 0 0 0 0 0 0 0 0 0 0 0 0 0 0 0 7 0 0 7
177,SIPP_2^4,"6,40,0","4,15,0",1,254.72136,48,0.17805,6.94722,1.39094,2.78189,0 0 0 0 0 0 0 0 0 0 0 0 0 0 0 0 0 0 0 15 0 0 15
177,SIPP_2^5,"6,40,0","4,15,0",1,253.24555399999997,40,0.40449,4.82449,0.96525,1.9305,0 0 0 0 0 0 0 0 0 0 0 0 0 0 0 0 31 0 0 0 31
177,SIPP_BigCS,"6,40,4","4,15,8",1,254.0,60,0.78257,5.02813,0.9783,0.1089,6 6 6 6 2 30 362
177,SIPP_Standard,"6,40,4","4,15,8",1,377.602371,237,0.86835,18.47345,3.6003,0.6426,-36.602 13 108 30 42
178,SIPP_2^2,"14,28,0","59,21,0",1,584.389273,933,0.65287,98.99495,21.99115,43.9823,1 1 1 1 1 0 1 -18.110 0 -0.991 1 -1.890 1 1 1 1 1 1 1 1 1 1 2 1 1 1 1 1 1 1 1 1 0 1 1 1 1 1 1 0 0 0 1 1 1 1 1 0 1 1 1 1 0 -23.399 1 1 1 1
178,SIPP_2^3,"14,28,0","59,21,0",1,495.56349599999993,370,0.45397,47.82698,9.42478,18.84956,2 2 2 2 3 3 2 2 2 2 2 2 2 1 2 1 1 2 2 1 1 2 1 1 1 2 2 2 2 2 2 2 2 2 1 2 2 2 2 2 2 2 2 2 2
178,SIPP_2^4,"14,28,0","59,21,0",1,485.251697,339,1.22334,26.49311,5.27998,10.55995,4 4 4 5 4 4 5 4 4 4 3 4 3 3 3 3 3 3 2 3 3 -2.023 4 -0.436 4 4 4 4 4 4 4 4 5 -0.323 4 4
178,SIPP_2^5,"14,28,0","59,21,0",1,485.251697,384,4.15339,20.0637,3.99872,7.99744,8 8 9 9 7 8 7 7 7 5 5 6 5 -0.021 8 8 8 8 9 8 9 -1.721 8 8
178,SIPP_BigCS,"14,28,7","59,21,14",1,485.226077,1643,85.61119,23.0182,4.441,0.6404,57 383 305 89 181 201 313 -0.226 367
178,SIPP_Standard,"14,28,7","59,21,14",1,496.0,74,0.86694,15.29379,2.8999,0.3661,95 1 5 73 84 1
179,SIPP_2^2,"40,45,0","21,39,0",1,270.0,185,0.15338,56.56854,12.56637,25.13274,3 3 3 3 3 3 3 3 3 3 0 3 0 0 0 0 3 3 3 3 3 2 3 3 0 0 3
179,SIPP_2^3,"40,45,0","21,39,0",1,226.56854399999997,134,0.22068,27.77159,5.49779,10.99557,6 6 6 6 6 6 6 6 7 7 6 7 0 0 6 6 6 6 6 6 7
179,SIPP_2^4,"40,45,0","21,39,0",1,222.51408,127,0.58871,12.61372,2.49809,4.99618,14 14 14 14 13 13 13 12 12 12 12 11 11 14
179,SIPP_2^5,"40,45,0","21,39,0",1,218.84073600000002,114,1.36785,10.38062,2.08994,4.17988,27 28 28 27 26 24 23 23 -0.479 26
179,SIPP_BigCS,"40,45,2","21,39,14",1,220.0,403,7.50761,12.65201,2.5074,0.6593,102 102 126 317 347
179,SIPP_Standard,"40,45,2","21,39,14",1,277.136835,79,2.03513,11.23858,2.2114,0.2791,66 38 -25.137 15
180,SIPP_2^2,"50,55,0","24,57,0",0,-1,0,0.0,0.0,0.0,0.0,
180,SIPP_2^3,"50,55,0","24,57,0",0,-1,0,0.0,0.0,0.0,0.0,
180,SIPP_2^4,"50,55,0","24,57,0",0,-1,0,0.0,0.0,0.0,0.0,
180,SIPP_2^5,"50,55,0","24,57,0",0,-1,0,0.0,0.0,0.0,0.0,
180,SIPP_BigCS,"50,55,0","24,57,0",0,-1,0,0.0,0.0,0.0,0.0,
180,SIPP_Standard,"50,55,2","24,57,1",0,-1,0,4e-05,0.0,0.0,0.0,
181,SIPP_2^2,"40,1,0","11,4,0",1,340.0,104,0.05806,28.28427,6.28319,12.56637,3 3 3 3 3 3 3 3 3 3 3 3 3 3 3 3 2 2 2 2 3 3 0 3 3 3 3 3 3 3 3 3 3 3
181,SIPP_2^3,"40,1,0","11,4,0",1,310.71067999999997,89,0.09158,11.84623,2.35619,4.71239,6 6 6 6 6 6 6 6 6 6 6 6 6 6 6 5 5 5 5 6 6 6 6 6 6 6 6 6 7
181,SIPP_2^4,"40,1,0","11,4,0",1,305.366312,89,0.23321,10.12503,2.03444,4.06889,12 12 12 12 12 12 12 12 12 12 12 12 12 12 10 10 11 11 12 12 12 12 12 12 12 13
181,SIPP_2^5,"40,1,0","11,4,0",1,303.443203,84,0.54829,9.44938,1.89255,3.78509,24 24 24 24 24 24 24 24 24 24 24 24 24 23 20 21 24 24 24 24 24 24 25
181,SIPP_BigCS,"40,1,13","11,4,15",1,304.0,245,2.61881,10.18652,2.0374,0.3978,7 7 7 3 35 171 7 7 59
181,SIPP_Standard,"40,1,13","11,4,15",1,505.631314,282,1.40834,20.83059,3.8716,0.5784,-1.631 59 75 70 43 85 18
182,SIPP_2^2,"7,29,0","38,5,0",0,-1,0,0.0,0.0,0.0,0.0,
182,SIPP_2^3,"7,29,0","38,5,0",0,-1,0,0.0,0.0,0.0,0.0,
182,SIPP_2^4,"7,29,0","38,5,0",0,-1,0,0.0,0.0,0.0,0.0,
182,SIPP_2^5,"7,29,0","38,5,0",0,-1,0,0.0,0.0,0.0,0.0,
182,SIPP_BigCS,"7,29,0","38,5,0",0,-1,0,0.0,0.0,0.0,0.0,
182,SIPP_Standard,"7,29,9","38,5,0",0,-1,0,3e-05,0.0,0.0,0.0,
183,SIPP_2^2,"7,44,0","26,36,0",0,-1,0,0.0,0.0,0.0,0.0,
183,SIPP_2^3,"7,44,0","26,36,0",0,-1,0,0.0,0.0,0.0,0.0,
183,SIPP_2^4,"7,44,0","26,36,0",0,-1,0,0.0,0.0,0.0,0.0,
183,SIPP_2^5,"7,44,0","26,36,0",0,-1,0,0.0,0.0,0.0,0.0,
183,SIPP_BigCS,"7,44,0","26,36,0",0,-1,0,0.0,0.0,0.0,0.0,
183,SIPP_Standard,"7,44,11","26,36,7",0,-1,0,3e-05,0.0,0.0,0.0,
184,SIPP_2^2,"20,41,0","61,55,0",1,617.273327,1117,0.7627,91.92388,20.42035,40.8407,2 2 2 2 2 2 1 1 1 2 1 2 -18.683 1 1 1 1 1 1 1 1 1 1 1 2 1 2 1 1 2 2 2 1 1 1 2 -30.462 1 -18.128 1 1 1 1 1 1 1 1 1 1 1 1 1 1 1 1 1 1 1
184,SIPP_2^3,"20,41,0","61,55,0",1,467.9899039999999,322,0.3953,63.73406,12.56637,25.13274,3 3 2 2 2 2 2 2 2 2 2 2 3 2 2 2 2 3 3 3 2 2 3 2 3 2 2 2 2 2 3 3 3 2 3 2 2 2 3 2 3
184,SIPP_2^4,"20,41,0","61,55,0",1,446.612432,210,0.70061,29.58564,5.88552,11.77104,6 6 4 4 4 4 4 4 4 4 4 5 4 5 5 4 5 5 5 4 4 5 4 5 5 5 5 4 5
184,SIPP_2^5,"20,41,0","61,55,0",1,437.75759599999986,69,0.5923,5.5533,1.10715,2.2143,12 12 9 9 9 9 8 8 8 9 9 9 9 9 9 9 9
184,SIPP_BigCS,"20,41,3","61,55,15",1,441.0,296,3.77692,12.30667,2.2222,0.4052,100 160 5 5 5 85 207 207 207 207 207 207 207 311 5 57
184,SIPP_Standard,"20,41,3","61,55,15",1,505.0,287,0.86696,27.79389,5.41,0.8368,80 25 64 36 9 41
185,SIPP_2^2,"40,5,0","30,62,0",1,676.7480519999999,805,0.68369,70.71068,15.70796,31.41593,2 2 2 2 2 2 2 2 2 2 2 2 2 2 2 2 3 3 3 2 2 2 2 2 2 2 2 2 2 2 2 2 3 3 2 2 2 2 2 3 3 3 -6.267 2 -0.060 2 -0.420 2 2 2 2 2 2 2 2 2 2 2 2 3 2 2 2 2 2 2 2 2 3 2
185,SIPP_2^3,"40,5,0","30,62,0",1,642.6811640000001,767,0.88949,52.89782,10.21018,20.42035,4 4 4 4 4 4 4 4 4 4 4 4 5 5 5 4 4 4 4 4 4 4 5 5 4 4 4 4 4 4 4 4 4 5 -11.067 3 4 4 4 4 -11.908 5 4 4 4 4 4 5 5 5 4 4 4 4 4 4 4 4 5
185,SIPP_2^4,"40,5,0","30,62,0",1,635.5553399999999,753,2.38637,47.58043,9.45281,18.90561,8 8 8 8 8 8 8 8 8 8 8 9 8 9 -0.134 9 8 9 8 8 8 9 8 8 9 8 8 8 -21.923 7 8 8 8 8 -13.389 10 8 8 8 8 8 8 9 8 9 9 8 8 9
185,SIPP_2^5,"40,5,0","30,62,0",1,631.344049,740,6.8431,28.7276,5.7156,11.43119,16 16 16 16 16 16 16 16 16 16 16 17 18 -0.247 17 16 16 17 16 16 17 16 17 -25.499 14 16 16 16 -14.649 17 17 17 16 17 16 16 17 16
185,SIPP_BigCS,"40,5,6","30,62,14",1,634.994208,4419,164.23845,27.83827,5.3803,1.3702,4 4 4 4 4 4 4 4 56 -0.437 310 56 206 206 342 -21.983 200 344 -9.574 103 163 4 4 56 310
185,SIPP_Standard,"40,5,6","30,62,14",1,655.368626,1031,29.06335,23.66934,4.5354,0.6838,0 20 -5.369 51 102 64 40 70 51
186,SIPP_2^2,"9,58,0","0,2,0",0,-1,0,0.0,0.0,0.0,0.0,
186,SIPP_2^3,"9,58,0","0,2,0",0,-1,0,0.0,0.0,0.0,0.0,
186,SIPP_2^4,"9,58,0","0,2,0",0,-1,0,0.0,0.0,0.0,0.0,
186,SIPP_2^5,"9,58,0","0,2,0",0,-1,0,0.0,0.0,0.0,0.0,
186,SIPP_BigCS,"9,58,0","0,2,0",0,-1,0,0.0,0.0,0.0,0.0,
186,SIPP_Standard,"9,58,3","0,2,9",0,-1,28830,180.00335,0.0,0.0,0.0,
187,SIPP_2^2,"12,4,0","50,35,0",1,690.0,1790,1.06151,113.13708,25.13274,50.26548,2 2 2 2 2 2 2 2 1 1 1 1 1 2 2 2 2 1 1 1 1 1 1 1 1 2 2 2 1 1 1 2 1 1 1 1 1 1 1 1 1 1 1 1 1 1 1 1 1 2 1 2 2 2 2 2 2 2 1 2 1 2 2 1 1 2 2 2 2
187,SIPP_2^3,"12,4,0","50,35,0",1,567.7667599999999,884,1.00326,47.45051,9.42478,18.84956,3 4 4 4 3 4 4 3 4 4 4 3 3 3 -1.213 3 3 3 3 3 3 3 2 -3.000 3 3 3 3 3 3 2 3 3 3 3 3 2 2 2 2 2 2 2 2 2 2 2 1
187,SIPP_2^4,"12,4,0","50,35,0",1,540.7127889999999,640,2.11237,24.35267,4.85429,9.70857,6 7 -2.663 8 6 6 6 6 6 5 4 5 5 4 4 5 5 5 5 5 5 5 5 5 5 6 6 8 8 8 8 8 8 -1.863 8
187,SIPP_2^5,"12,4,0","50,35,0",1,540.7127889999999,679,6.15442,14.17395,2.81984,5.63968,15 -1.362 14 11 12 12 10 9 9 9 10 10 10 10 10 10 11 10 10 12 16 16 16 16 16 16 -4.715 16
187,SIPP_BigCS,"12,4,10","50,35,7",1,540.7127889999999,3128,58.94061,15.05034,2.6914,0.5373,200 -5.136 248 100 100 160 85 207 207 207 207 207 207 207 207 207 239 4 4 -4.577 4
187,SIPP_Standard,"12,4,10","50,35,7",1,592.4284319999999,931,8.74933,28.99285,5.5843,0.7528,-9.428 80 17 79 80 21 44 16
188,SIPP_2^2,"21,51,0","32,24,0",1,400.0,409,0.28949,127.27922,28.27433,56.54867,0 0 0 0 0 0 3 0 0 0 1 0 1 0 1 0 1 1 1 0 1 0 0 0 0 0 0 0 1 0 0 0 0 0 1 1 0 1 1 0
188,SIPP_2^3,"21,51,0","32,24,0",1,319.28133299999996,186,0.25722,40.32906,7.85398,15.70796,1 1 1 1 0 1 1 0 1 -3.718 0 0 0 0 0 0 0 0 0 0 0 0 1 1 0 1 0 1
188,SIPP_2^4,"21,51,0","32,24,0",1,301.311848,82,0.31163,18.81387,3.74714,7.49427,2 2 1 1 2 1 0 1 0 0 0 0 0 1 1 1 0 0 1
188,SIPP_2^5,"21,51,0","32,24,0",1,296.72772699999996,49,0.70405,8.78025,1.75065,3.5013,4 3 3 2 1 1 1 0 0 1 0 1
188,SIPP_BigCS,"21,51,8","32,24,6",1,305.0,163,6.93025,16.8713,3.3237,0.8641,101 101 101 101 101 161 74 161 6 58 308
188,SIPP_Standard,"21,51,8","32,24,6",1,331.0,59,1.77993,14.36023,2.8158,0.5322,42 68 29 33
189,SIPP_2^2,"10,55,0","33,47,0",1,330.0,266,0.15704,77.78175,17.27876,34.55752,1 2 1 1 1 1 1 1 1 1 1 1 0 1 1 1 1 0 0 0 0 0 1 1 1 1 0 1 0 1 1 1 0
189,SIPP_2^3,"10,55,0","33,47,0",1,271.42135999999994,115,0.14217,55.98145,10.99557,21.99115,2 3 2 1 1 1 2 1 2 1 1 2 1 2 2 2 2 1 2 2 1 2 2
189,SIPP_2^4,"10,55,0","33,47,0",1,268.07743700000003,127,0.4588,23.33742,4.53254,9.06507,5 4 3 3 2 2 2 3 3 4 4 3 -1.004 4 -0.370 4 -0.093 4 -0.020 4 4 0
189,SIPP_2^5,"10,55,0","33,47,0",1,268.07743700000003,138,1.18935,16.38908,3.21045,6.4209,10 7 6 5 5 6 7 -5.156 8 -0.370 8 -0.093 8 -0.020 8 8 0
189,SIPP_BigCS,"10,55,0","33,47,14",1,268.03142,394,6.04802,21.50437,4.2839,1.369,351 101 -0.333 101 169 69 -2.494 324 -0.204 361 5 5
189,SIPP_Standard,"10,55,0","33,47,14",1,464.655222,795,3.78567,11.5311,2.2482,0.2872,-86.885 5 -41.733 89 -80.037 13
190,SIPP_2^2,"30,16,0","56,25,0",1,370.0,365,0.24985,91.92388,20.42035,40.8407,1 1 1 1 1 1 1 1 0 1 1 1 1 1 1 1 1 1 2 2 1 1 1 1 2 2 1 2 2 1 2 2 1 2 1 1 2
190,SIPP_2^3,"30,16,0","56,25,0",1,311.42135999999994,159,0.19899,35.86932,7.06858,14.13717,2 2 2 2 2 1 2 2 2 3 3 3 3 3 4 3 3 2 2 2 2 2 3 2 2 2 3
190,SIPP_2^4,"30,16,0","56,25,0",1,296.656216,101,0.35613,8.55453,1.71269,3.42539,4 4 4 4 4 4 4 3 4 4 4 5 5 5 5 6 6 6 6 6 6
190,SIPP_2^5,"30,16,0","56,25,0",1,292.96670099999994,90,0.81501,7.14633,1.4289,2.8578,8 8 8 8 8 7 9 9 9 9 12 12 12 12 12 12
190,SIPP_BigCS,"30,16,15","56,25,12",1,295.0,243,3.48113,8.71907,1.6283,0.1881,361 5 57 207 207 207 359 100
190,SIPP_Standard,"30,16,15","56,25,12",1,321.0,41,0.32781,13.68565,2.6333,0.3065,45 17 79 72
191,SIPP_2^2,"12,49,0","54,15,0",1,806.023062,3215,1.97426,212.13203,50.26548,100.53096,1 0 1 0 1 0 1 0 1 1 1 0 0 1 0 1 1 1 1 1 1 1 1 1 0 1 1 0 0 1 1 1 0 0 1 1 1 1 0 0 1 0 1 -1.057 1 0 -14.300 2 1 1 1 0 0 0 0 0 0 0 0 0 0 0 0 0 0 0 0 1 1 1 0 0 1 -10.666 0 1 1 1 1 1 1
191,SIPP_2^3,"12,49,0","54,15,0",1,578.406216,472,0.54752,71.27976,14.13717,28.27433,1 1 1 1 1 1 1 1 1 1 2 2 1 2 1 1 1 1 2 1 1 2 1 2 2 2 2 1 1 2 1 1 1 1 1 1 2 1 1 1 0 1 0 0 1
191,SIPP_2^4,"12,49,0","54,15,0",1,556.538682,320,1.09513,14.39258,2.8578,5.7156,2 2 2 2 2 2 2 2 2 3 3 3 3 3 3 3 3 3 -3.586 4 2 2 2 2 2 2 2 2 1 2 2 2 1 2
191,SIPP_2^5,"12,49,0","54,15,0",1,554.359976,300,3.35952,10.56416,2.11167,4.22334,4 4 4 4 4 4 4 4 5 7 7 7 6 6 6 5 4 4 4 3 4 4 3 4 3 4
191,SIPP_BigCS,"12,49,2","54,15,7",1,553.0,1097,101.30807,15.73528,2.9268,0.5415,101 101 101 101 101 101 101 181 201 201 201 201 305 69 252 125 252
191,SIPP_Standard,"12,49,2","54,15,7",1,572.0,290,4.79767,16.62629,3.0589,0.3225,76 65 53 89 9 49 60
192,SIPP_2^2,"1,43,0","19,9,0",1,520.0,652,0.39874,113.13708,25.13274,50.26548,0 1 1 1 1 1 1 0 0 0 0 0 0 0 0 1 0 0 0 0 0 0 0 1 1 0 0 0 1 1 0 0 0 0 0 0 0 0 0 0 0 1 1 1 0 1 1 0 1 0 1 0
192,SIPP_2^3,"1,43,0","19,9,0",1,426.2741759999999,312,0.39039,46.78818,9.42478,18.84956,1 2 2 1 1 1 1 1 1 1 1 1 1 0 0 0 0 0 0 1 0 1 0 0 0 0 0 0 0 0 1 0 1 0 0 1
192,SIPP_2^4,"1,43,0","19,9,0",1,411.445185,238,0.81374,17.53086,3.46334,6.92669,3 3 2 0 0 0 1 1 1 1 1 1 1 0 0 0 -6.744 0 -1.586 1 1 1 2 1 2
192,SIPP_2^5,"1,43,0","19,9,0",1,410.997882,241,2.20954,10.94801,2.17634,4.35268,6 6 4 1 1 2 1 -0.234 1 1 1 -10.937 0 -1.586 2 2 2 3 4
192,SIPP_BigCS,"1,43,1","19,9,6",1,410.8511,975,15.1555,17.28375,3.1297,0.8606,201 201 321 204 204 204 204 204 204 380 -2.634 338 -1.217 204 204 204 204 324
192,SIPP_Standard,"1,43,1","19,9,6",1,424.0,47,0.36375,10.99627,1.9727,0.2407,57 81 2 18 68
193,SIPP_2^2,"34,28,0","63,49,0",0,-1,0,0.0,0.0,0.0,0.0,
193,SIPP_2^3,"34,28,0","63,49,0",0,-1,0,0.0,0.0,0.0,0.0,
193,SIPP_2^4,"34,28,0","63,49,0",0,-1,0,0.0,0.0,0.0,0.0,
193,SIPP_2^5,"34,28,0","63,49,0",0,-1,0,0.0,0.0,0.0,0.0,
193,SIPP_BigCS,"34,28,0","63,49,0",0,-1,0,0.0,0.0,0.0,0.0,
193,SIPP_Standard,"34,28,13","63,49,15",0,-1,38141,180.007,0.0,0.0,0.0,
194,SIPP_2^2,"26,0,0","42,17,0",0,-1,0,0.0,0.0,0.0,0.0,
194,SIPP_2^3,"26,0,0","42,17,0",0,-1,0,0.0,0.0,0.0,0.0,
194,SIPP_2^4,"26,0,0","42,17,0",0,-1,0,0.0,0.0,0.0,0.0,
194,SIPP_2^5,"26,0,0","42,17,0",0,-1,0,0.0,0.0,0.0,0.0,
194,SIPP_BigCS,"26,0,0","42,17,0",0,-1,0,0.0,0.0,0.0,0.0,
194,SIPP_Standard,"26,0,6","42,17,11",0,-1,0,1e-05,0.0,0.0,0.0,
195,SIPP_2^2,"14,34,0","57,63,0",0,-1,0,0.0,0.0,0.0,0.0,
195,SIPP_2^3,"14,34,0","57,63,0",0,-1,0,0.0,0.0,0.0,0.0,
195,SIPP_2^4,"14,34,0","57,63,0",0,-1,0,0.0,0.0,0.0,0.0,
195,SIPP_2^5,"14,34,0","57,63,0",0,-1,0,0.0,0.0,0.0,0.0,
195,SIPP_BigCS,"14,34,0","57,63,0",0,-1,0,0.0,0.0,0.0,0.0,
195,SIPP_Standard,"14,34,8","57,63,2",0,-1,0,3e-05,0.0,0.0,0.0,
196,SIPP_2^2,"8,38,0","60,55,0",1,770.0,2415,1.67358,155.56349,34.55752,69.11504,1 1 1 2 2 2 2 2 2 1 1 2 1 2 2 1 1 1 1 1 1 1 1 1 1 1 2 2 2 1 2 2 1 1 1 1 1 1 0 1 0 1 1 1 1 1 1 1 1 1 1 1 1 1 1 1 1 1 0 1 1 0 1 1 1 1 1 1 2 2 1 2 2 2 2 2 1
196,SIPP_2^3,"8,38,0","60,55,0",1,672.5208920000001,1596,2.02342,79.15935,15.70796,31.41593,1 0 -5.899 2 -0.053 2 -0.310 2 2 2 2 2 2 2 2 2 2 2 2 2 2 2 2 2 2 3 3 3 -2.214 3 3 3 3 3 -0.807 4 3 2 2 2 2 3 2 2 2 3 4 4 3 3 3 3 2 3 3 2 -16.252 3 2 1 2 1
196,SIPP_2^4,"8,38,0","60,55,0",1,602.6894240000004,523,1.88687,36.30771,7.17252,14.34505,1 2 4 5 5 5 5 5 5 5 5 4 5 5 4 4 4 4 3 6 4 4 4 4 4 4 4 5 5 5 4 6 6 6 6 6 6 6
196,SIPP_2^5,"8,38,0","60,55,0",1,587.7831699999999,327,3.06544,20.78851,4.14193,8.28386,2 -7.681 8 -0.053 8 10 9 9 10 10 10 9 9 9 7 9 9 9 9 9 12 11 11 12
196,SIPP_BigCS,"8,38,12","60,55,13",1,618.0,2311,37.93267,26.88778,5.2051,1.3748,78 337 207 207 367 5 5 5 5 61 100 100 100 100 160 5 1 73 100 100 180
196,SIPP_Standard,"8,38,12","60,55,13",1,696.397333,184,1.46348,31.62876,5.8944,0.8748,-7.397 84 25 56 56 80 17 111 45
197,SIPP_2^2,"40,38,0","45,23,0",1,204.915856,78,0.067,42.42641,9.42478,18.84956,0 0 1 1 1 0 0 0 0 0 0 0 -2.357 0 0 -2.474 1 -0.084 0 0 0 1 0
197,SIPP_2^3,"40,38,0","45,23,0",1,170.71067999999997,52,0.08204,27.47782,5.49779,10.99557,0 0 0 0 1 0 0 1 0 0 0 1 1 0 1
197,SIPP_2^4,"40,38,0","45,23,0",1,165.366312,43,0.18362,14.26066,2.81984,5.63968,1 0 0 0 1 0 0 0 0 2 1 2
197,SIPP_2^5,"40,38,0","45,23,0",1,163.152603,37,0.38713,5.56623,1.10715,2.2143,1 0 0 0 0 1 1 4 4
197,SIPP_BigCS,"40,38,2","45,23,1",1,163.0,64,1.05765,6.49008,1.2904,0.1551,308 6 6 62
197,SIPP_Standard,"40,38,2","45,23,1",1,609.780172,1458,5.89823,32.06693,6.1932,1.0256,102 -21.782 72 111 33 66 -3.998 54 106
198,SIPP_2^2,"53,7,0","31,16,0",1,343.132196,421,0.24288,84.85281,18.84956,37.69911,3 3 3 3 3 3 3 3 0 -13.132 3 3 2 2 2 2 3 2 2 3 2 2 3 3 3 3 2 3 3 3 3 3 2 3
198,SIPP_2^3,"53,7,0","31,16,0",1,257.279224,96,0.11789,12.13754,2.35619,4.71239,5 5 5 5 5 5 6 6 6 6 5 5 5 6 6 6 6 6 6 6 6 6
198,SIPP_2^4,"53,7,0","31,16,0",1,250.1534,86,0.28884,3.92661,0.7854,1.5708,10 10 10 10 10 11 11 11 11 12 12 12 12 12 12 12 12 12
198,SIPP_2^5,"53,7,0","31,16,0",1,248.07358799999997,83,0.71421,4.9204,0.98279,1.96559,21 21 21 20 20 23 24 24 24 24 24 24 24 24
198,SIPP_BigCS,"53,7,9","31,16,4",1,247.0,207,2.86636,5.85996,1.1057,0.1081,203 219 159 7 7 7 7 7 7
198,SIPP_Standard,"53,7,9","31,16,4",1,337.4865199999999,326,1.9068,20.91868,4.0636,0.7046,104 55 107 -7.487 34
199,SIPP_2^2,"55,19,0","59,63,0",0,-1,0,0.0,0.0,0.0,0.0,
199,SIPP_2^3,"55,19,0","59,63,0",0,-1,0,0.0,0.0,0.0,0.0,
199,SIPP_2^4,"55,19,0","59,63,0",0,-1,0,0.0,0.0,0.0,0.0,
199,SIPP_2^5,"55,19,0","59,63,0",0,-1,0,0.0,0.0,0.0,0.0,
199,SIPP_BigCS,"55,19,0","59,63,0",0,-1,0,0.0,0.0,0.0,0.0,
199,SIPP_Standard,"55,19,8","59,63,1",0,-1,30763,180.00425,0.0,0.0,0.0,
200,SIPP_2^2,"58,36,0","36,35,0",1,238.497328,58,0.042,14.14214,3.14159,6.28319,3 3 3 3 3 3 3 3 3 3 3 3 3 3 3 3 0 -8.028 3 -0.094 3 -0.375 3 3 3 3
200,SIPP_2^3,"58,36,0","36,35,0",1,232.42640799999998,78,0.10553,11.69247,2.35619,4.71239,6 6 6 6 6 6 6 6 6 6 6 6 6 6 7 7 6 6 6 6 6 5
200,SIPP_2^4,"58,36,0","36,35,0",1,230.482863,83,0.30047,6.97882,1.39094,2.78189,12 12 12 12 12 12 12 12 12 12 12 12 13 13 -3.285 12 -0.022 12 -0.094 12 12 11
200,SIPP_2^5,"58,36,0","36,35,0",1,229.58969100000002,84,0.80628,8.88649,1.75065,3.5013,24 24 24 24 24 24 24 24 25 25 24 25 22 22
200,SIPP_BigCS,"58,36,2","36,35,12",1,229.0,243,3.87974,7.52094,1.396,0.2491,7 7 7 7 7 7 7 59 205 381 203
200,SIPP_Standard,"58,36,2","36,35,12",1,347.664169,228,2.23362,16.83213,3.1463,0.5504,108 34 -9.664 59 75
201,SIPP_2^2,"12,45,0","13,3,0",1,470.0,181,0.12243,42.42641,9.42478,18.84956,0 0 0 3 3 0 0 0 0 0 0 0 0 0 0 0 0 0 0 0 0 0 0 0 1 0 1 1 0 0 0 0 0 0 0 0 0 0 0 0 0 0 0 0 0 0 0
201,SIPP_2^3,"12,45,0","13,3,0",1,452.568317,279,0.34941,31.69759,6.28319,12.56637,0 0 7 7 0 0 0 0 0 0 0 1 0 1 0 0 0 0 0 0 0 0 0 0 1 -11.422 0 -0.436 0 0 0 0 0 0 0 0 0 0 0 0 0 0 0 0
201,SIPP_2^4,"12,45,0","13,3,0",1,446.90871300000003,325,1.11935,25.61961,5.10012,10.20025,0 15 15 -0.941 15 0 15 0 0 0 0 0 0 0 0 0 0 0 0 0 0 15 0 0 1 1 1 1 0 1 0 1
201,SIPP_2^5,"12,45,0","13,3,0",1,441.1078089999999,247,2.32614,15.75826,3.14159,6.28319,31 28 31 0 31 0 0 0 0 0 0 0 0 0 31 0 0 1 1 1 1 2 1
201,SIPP_BigCS,"12,45,11","13,3,3",1,445.060023,1009,15.73104,18.02454,3.5105,0.7151,66 -0.197 170 -0.863 30 306 6 6 6 6 6 6 6 86 204 204 308
201,SIPP_Standard,"12,45,11","13,3,3",1,504.0,85,0.38864,24.48898,4.7672,0.831,81 10 30 42 68 33
202,SIPP_2^2,"45,52,0","39,63,0",0,-1,0,0.0,0.0,0.0,0.0,
202,SIPP_2^3,"45,52,0","39,63,0",0,-1,0,0.0,0.0,0.0,0.0,
202,SIPP_2^4,"45,52,0","39,63,0",0,-1,0,0.0,0.0,0.0,0.0,
202,SIPP_2^5,"45,52,0","39,63,0",0,-1,0,0.0,0.0,0.0,0.0,
202,SIPP_BigCS,"45,52,0","39,63,0",0,-1,0,0.0,0.0,0.0,0.0,
202,SIPP_Standard,"45,52,15","39,63,13",0,-1,31331,180.00653,0.0,0.0,0.0,
203,SIPP_2^2,"6,17,0","28,4,0",1,350.0,426,0.24274,120.20815,26.70354,53.40708,0 0 0 0 1 0 1 1 1 1 0 0 1 0 1 0 1 1 0 1 1 0 1 1 1 1 1 1 1 1 0 1 1 0 1
203,SIPP_2^3,"6,17,0","28,4,0",1,273.8477679999999,145,0.17662,40.1833,7.85398,15.70796,1 1 1 1 1 1 1 2 2 1 2 2 1 2 1 2 1 1 2 2 2 1
203,SIPP_2^4,"6,17,0","28,4,0",1,257.814664,42,0.13848,8.05886,1.60875,3.21751,2 2 3 3 3 3 2 3 3 3 2 3 3
203,SIPP_2^5,"6,17,0","28,4,0",1,256.025452,27,0.2165,0.62173,0.12436,0.24871,5 5 5 5 6 6 6 6 6
203,SIPP_BigCS,"6,17,14","28,4,11",1,255.0,43,0.69415,2.77521,0.3216,0.0203,101 101 181 193 201 201 201
203,SIPP_Standard,"6,17,14","28,4,11",1,353.27474399999994,329,1.17594,22.40137,4.3028,0.7782,106 41 -11.112 103 -5.163 73
204,SIPP_2^2,"1,53,0","35,51,0",0,-1,0,0.0,0.0,0.0,0.0,
204,SIPP_2^3,"1,53,0","35,51,0",0,-1,0,0.0,0.0,0.0,0.0,
204,SIPP_2^4,"1,53,0","35,51,0",0,-1,0,0.0,0.0,0.0,0.0,
204,SIPP_2^5,"1,53,0","35,51,0",0,-1,0,0.0,0.0,0.0,0.0,
204,SIPP_BigCS,"1,53,0","35,51,0",0,-1,0,0.0,0.0,0.0,0.0,
204,SIPP_Standard,"1,53,0","35,51,1",0,-1,0,3e-05,0.0,0.0,0.0,
205,SIPP_2^2,"39,26,0","3,11,0",0,-1,0,0.0,0.0,0.0,0.0,
205,SIPP_2^3,"39,26,0","3,11,0",0,-1,0,0.0,0.0,0.0,0.0,
205,SIPP_2^4,"39,26,0","3,11,0",0,-1,0,0.0,0.0,0.0,0.0,
205,SIPP_2^5,"39,26,0","3,11,0",0,-1,0,0.0,0.0,0.0,0.0,
205,SIPP_BigCS,"39,26,0","3,11,0",0,-1,0,0.0,0.0,0.0,0.0,
205,SIPP_Standard,"39,26,11","3,11,10",0,-1,0,5e-05,0.0,0.0,0.0,
206,SIPP_2^2,"49,14,0","27,34,0",1,423.565888,641,0.43427,113.13708,25.13274,50.26548,3 3 3 3 3 3 3 3 3 3 2 3 2 2 3 3 2 2 2 2 2 3 2 3 3 2 3 2 3 3 3 2 3 2 2 2 2 2 2 2 2 -3.566 3
206,SIPP_2^3,"49,14,0","27,34,0",1,337.0039909999999,216,0.28687,24.28319,4.71239,9.42478,5 5 5 5 5 6 6 6 6 6 5 4 4 -14.186 5 -2.402 4 5 5 5 5 5 5 5 5 5 5
206,SIPP_2^4,"49,14,0","27,34,0",1,308.459616,85,0.32945,12.88421,2.574,5.14801,10 10 9 10 9 9 10 9 10 11 11 11 11 11 11 10
206,SIPP_2^5,"49,14,0","27,34,0",1,306.223101,81,1.00852,3.21952,0.6435,1.287,19 19 19 19 20 22 22 22 22 22 21
206,SIPP_BigCS,"49,14,11","27,34,9",1,305.0,180,6.11951,4.74872,0.6634,0.0518,206 206 206 254 155 195 203
206,SIPP_Standard,"49,14,11","27,34,9",1,355.14250400000003,159,4.04973,17.62326,3.4087,0.4761,7 -19.143 83 24 75
207,SIPP_2^2,"56,12,0","15,7,0",1,534.250295,765,0.45092,70.71068,15.70796,31.41593,3 3 3 3 3 3 3 3 3 3 3 3 3 3 0 0 3 3 0 0 0 3 3 3 3 3 3 3 2 2 3 -11.169 3 3 -3.081 3 3 3 3 0 0 0 3 3 3 3 3 3 3 3 3 3 2 3
207,SIPP_2^3,"56,12,0","15,7,0",1,463.8477679999999,505,0.59883,43.97751,8.63938,17.27876,6 6 6 6 6 6 6 6 6 6 6 6 6 7 7 7 7 7 6 6 6 6 7 7 6 6 7 7 6 6 6 6 6 6 6 5 6 5 5 6 5
207,SIPP_2^4,"56,12,0","15,7,0",1,447.050707,392,1.3436,24.06139,4.81633,9.63266,12 12 12 12 12 12 12 12 12 12 12 12 14 14 14 13 13 12 12 13 13 12 -1.017 13 13 12 12 11 11 11 12 11
207,SIPP_2^5,"56,12,0","15,7,0",1,441.89638999999994,357,3.17618,15.58496,3.10364,6.20727,24 24 24 24 24 24 24 24 24 24 24 25 28 28 27 24 24 26 25 25 25 22 22 22 23
207,SIPP_BigCS,"56,12,2","15,7,3",1,448.01953399999996,1885,26.48584,17.11926,3.0061,0.6747,205 205 205 205 285 315 205 -1.020 205 205 341 195
207,SIPP_Standard,"56,12,2","15,7,3",1,488.0,301,1.80613,20.27481,3.903,0.4775,67 47 23 38 23 54
208,SIPP_2^2,"59,60,0","8,55,0",1,580.0,279,0.15037,84.85281,18.84956,37.69911,3 3 3 3 3 2 3 3 3 3 3 3 3 3 3 3 3 3 3 3 3 3 3 3 3 3 3 3 3 0 0 3 3 3 3 0 3 3 3 3 3 0 3 0 3 0 3 3 3 3 3 3 3 3 3 3 3 3
208,SIPP_2^3,"59,60,0","8,55,0",1,547.2792239999999,326,0.36547,31.80173,6.28319,12.56637,6 6 6 6 5 6 6 7 7 7 7 6 6 6 6 6 7 7 7 6 6 6 6 6 6 6 6 6 6 6 6 6 6 6 6 6 6 6 6 6 6 6 6 6 6 6 5 6 6 6 6
208,SIPP_2^4,"59,60,0","8,55,0",1,535.96748,328,1.01771,30.26869,6.02742,12.05484,12 12 12 12 11 12 12 12 12 13 13 13 12 13 12 13 13 13 12 12 12 12 12 12 12 12 13 12 12 12 12 12 12 11 12 12 12 12 12 11
208,SIPP_2^5,"59,60,0","8,55,0",1,529.1277,278,2.21257,20.96468,4.18276,8.36551,24 24 23 25 25 24 25 25 24 24 25 25 25 24 24 24 24 24 25 24 24 24 24 24 -1.277 23 24 24 24 23
208,SIPP_BigCS,"59,60,11","8,55,6",1,533.328136,1201,15.46895,18.60799,3.537,0.4103,315 205 309 7 43 205 309 7 7 7 -1.328 15 363
208,SIPP_Standard,"59,60,11","8,55,6",1,591.962405,184,0.75913,14.53233,2.7973,0.3694,-23.962 3 23 30 38 3 11 55
209,SIPP_2^2,"23,7,0","27,46,0",1,509.851905,681,0.62131,63.63961,14.13717,28.27433,2 2 3 -8.560 2 -0.410 2 -0.106 2 2 2 2 2 2 2 2 2 2 2 3 2 2 2 2 -3.460 1 -1.062 2 2 2 2 2 2 -3.538 2 -2.716 2 2 2 2 2 2 2 2 2 2 2 2 2 2 1 1 1 1 0 1
209,SIPP_2^3,"23,7,0","27,46,0",1,494.63084899999996,972,1.03361,65.70574,12.56637,25.13274,4 5 5 -0.276 4 -0.410 4 4 4 4 4 4 4 4 4 4 5 5 4 4 4 4 4 4 -7.329 2 -0.534 4 -0.151 4 -0.060 4 -0.420 4 3 4 4 4 4 4 4 4 4 4 3 3 4 3 -8.172 1 2 2
209,SIPP_2^4,"23,7,0","27,46,0",1,493.57409499999994,1213,3.69095,39.22702,7.35238,14.70476,10 9 -2.057 8 -0.410 8 8 8 8 8 8 8 8 8 8 8 9 8 8 8 -11.205 8 -12.047 8 -0.534 8 -0.151 8 -0.060 8 -1.874 7 -0.289 8 8 8 8 8 8 7 7 7 7 2 0 -0.137 4
209,SIPP_2^5,"23,7,0","27,46,0",1,493.57409499999994,1240,10.62796,60.32839,11.54849,23.09699,19 -2.504 16 -0.410 16 16 16 16 16 16 16 16 16 17 16 17 17 -0.745 8 -0.534 16 -7.604 13 -1.076 16 15 15 15 16 16 -0.434 14 4 0 -1.917 8
209,SIPP_BigCS,"23,7,8","27,46,7",0,-1,5582,180.04533,0.0,0.0,0.0,
209,SIPP_Standard,"23,7,8","27,46,7",1,557.158743,923,11.33042,28.77662,5.3996,0.8763,-4.581 62 -22.226 102 80 -11.352 25 104 39
210,SIPP_2^2,"6,1,0","6,54,0",1,676.3574199999999,831,0.43954,49.49747,10.99557,21.99115,2 2 2 2 2 2 2 2 2 2 2 2 2 2 -14.958 2 2 2 2 2 2 2 2 2 1 1 1 1 1 2 1 2 2 2 2 2 2 2 2 2 2 2 2 2 2 2 2 2 2 2 2 2 2 2 2 2 2 3 2 2 2 -11.400 3 3 3 3 3
210,SIPP_2^3,"6,1,0","6,54,0",1,577.3293839999999,492,0.47882,39.52969,7.85398,15.70796,4 4 4 4 4 4 4 4 4 4 4 4 4 4 5 4 4 4 4 5 4 4 4 4 4 4 4 -22.477 5 4 4 4 4 4 4 4 4 4 4 4 4 4 4 3 3 4 3 4 4 4 4 4 4 4
210,SIPP_2^4,"6,1,0","6,54,0",1,563.6725279999999,374,0.97796,21.73797,4.35268,8.70536,8 8 8 8 8 8 8 8 8 8 8 8 8 8 9 8 8 8 7 6 6 6 7 7 9 9 9 9 8 8 8 8 8 8 8 8 8 8 9 8 8 8 8 8
210,SIPP_2^5,"6,1,0","6,54,0",1,559.5357099999999,354,2.45143,19.40868,3.78509,7.57019,16 16 16 16 16 16 16 16 16 16 16 16 16 17 16 15 15 13 12 12 18 18 18 17 16 16 16 16 16 16 16 16 17 16 16 16 16 16
210,SIPP_BigCS,"6,1,3","6,54,1",1,562.471273,1550,22.29912,20.82729,3.9694,0.8262,336 366 4 4 4 4 4 4 4 -0.471 88 100 148 206 206 206 366 0 4 4
210,SIPP_Standard,"6,1,3","6,54,1",1,678.4443439999999,967,3.97382,30.86436,5.9959,0.8641,8 -16.230 52 64 44 20 39 20 -8.214 43
211,SIPP_2^2,"48,61,0","26,33,0",0,-1,0,0.0,0.0,0.0,0.0,
211,SIPP_2^3,"48,61,0","26,33,0",0,-1,0,0.0,0.0,0.0,0.0,
211,SIPP_2^4,"48,61,0","26,33,0",0,-1,0,0.0,0.0,0.0,0.0,
211,SIPP_2^5,"48,61,0","26,33,0",0,-1,0,0.0,0.0,0.0,0.0,
211,SIPP_BigCS,"48,61,0","26,33,0",0,-1,0,0.0,0.0,0.0,0.0,
211,SIPP_Standard,"48,61,15","26,33,3",0,-1,0,2e-05,0.0,0.0,0.0,
212,SIPP_2^2,"52,5,0","47,4,0",1,60.0,6,0.00248,7.07107,1.5708,3.14159,3 3 3 3 3 0
212,SIPP_2^3,"52,5,0","47,4,0",1,54.142136,5,0.00363,3.82683,0.7854,1.5708,6 6 6 6 7
212,SIPP_2^4,"52,5,0","47,4,0",1,52.36068,4,0.00767,2.29753,0.46365,0.9273,12 12 12 13
212,SIPP_2^5,"52,5,0","47,4,0",1,51.622777,3,0.01538,1.60182,0.32175,0.6435,24 24 25
212,SIPP_BigCS,"52,5,12","47,4,2",1,53.0,5,0.19624,3.85319,0.7822,0.2486,7 7 75
212,SIPP_Standard,"52,5,12","47,4,2",1,567.280216,1722,9.41428,34.14534,6.6049,1.1514,34 -64.280 75 110 32 81 14
213,SIPP_2^2,"42,57,0","60,48,0",1,270.0,228,0.13492,49.49747,10.99557,21.99115,1 1 1 1 1 1 1 1 1 1 1 1 1 1 1 0 0 0 0 1 0 0 1 0 0 1 0
213,SIPP_2^3,"42,57,0","60,48,0",1,221.92298599999998,104,0.12555,11.59279,2.35619,4.71239,2 2 2 1 2 2 2 2 2 2 1 -0.543 1 -1.372 1 1 1 -2.728 1 1 1
213,SIPP_2^4,"42,57,0","60,48,0",1,218.675067,98,0.31865,11.23873,2.2143,4.42859,2 2 2 1 2 4 4 4 4 4 4 4 4 3 -0.042 3 -0.840 2
213,SIPP_2^5,"42,57,0","60,48,0",1,218.242297,102,0.84008,8.91809,1.76819,3.53638,4 4 3 4 8 8 8 8 8 8 8 8 6 -1.344 5
213,SIPP_BigCS,"42,57,13","60,48,13",1,218.759208,240,2.67709,8.94837,1.7557,0.2502,5 5 5 5 5 5 25 -0.759 356
213,SIPP_Standard,"42,57,13","60,48,13",1,238.0,31,0.19778,9.88355,1.8902,0.2936,32 65 49
214,SIPP_2^2,"8,28,0","16,26,0",0,-1,0,0.0,0.0,0.0,0.0,
214,SIPP_2^3,"8,28,0","16,26,0",0,-1,0,0.0,0.0,0.0,0.0,
214,SIPP_2^4,"8,28,0","16,26,0",0,-1,0,0.0,0.0,0.0,0.0,
214,SIPP_2^5,"8,28,0","16,26,0",0,-1,0,0.0,0.0,0.0,0.0,
214,SIPP_BigCS,"8,28,0","16,26,0",0,-1,0,0.0,0.0,0.0,0.0,
214,SIPP_Standard,"8,28,5","16,26,0",0,-1,0,4e-05,0.0,0.0,0.0,
215,SIPP_2^2,"21,34,0","48,58,0",0,-1,0,0.0,0.0,0.0,0.0,
215,SIPP_2^3,"21,34,0","48,58,0",0,-1,0,0.0,0.0,0.0,0.0,
215,SIPP_2^4,"21,34,0","48,58,0",0,-1,0,0.0,0.0,0.0,0.0,
215,SIPP_2^5,"21,34,0","48,58,0",0,-1,0,0.0,0.0,0.0,0.0,
215,SIPP_BigCS,"21,34,0","48,58,0",0,-1,0,0.0,0.0,0.0,0.0,
215,SIPP_Standard,"21,34,5","48,58,8",0,-1,1,0.02309,0.0,0.0,0.0,
216,SIPP_2^2,"63,63,0","10,45,0",0,-1,0,0.0,0.0,0.0,0.0,
216,SIPP_2^3,"63,63,0","10,45,0",0,-1,0,0.0,0.0,0.0,0.0,
216,SIPP_2^4,"63,63,0","10,45,0",0,-1,0,0.0,0.0,0.0,0.0,
216,SIPP_2^5,"63,63,0","10,45,0",0,-1,0,0.0,0.0,0.0,0.0,
216,SIPP_BigCS,"63,63,0","10,45,0",0,-1,0,0.0,0.0,0.0,0.0,
216,SIPP_Standard,"63,63,10","10,45,3",0,-1,0,1e-05,0.0,0.0,0.0,
217,SIPP_2^2,"60,26,0","38,44,0",1,429.07486700000004,580,0.39158,70.71068,15.70796,31.41593,3 3 3 3 3 -29.013 3 -0.029 3 -0.034 3 3 2 2 2 2 2 2 2 2 2 2 2 2 3 2 2 2 3 2 3 3 3 2 3 3 3 3 3 3 3 2 3
217,SIPP_2^3,"60,26,0","38,44,0",1,400.485679,683,0.75887,70.98832,13.35177,26.70354,5 4 4 4 5 5 4 5 5 4 5 4 5 4 -9.697 7 6 5 5 5 5 5 5 6 -7.110 6 6 6 7 -31.546 6 6
217,SIPP_2^4,"60,26,0","38,44,0",1,352.82683299999997,413,1.28879,27.75742,5.53574,11.07149,12 13 13 -4.354 12 -0.013 12 12 9 9 10 10 9 9 9 10 10 11 10 11 10 7
217,SIPP_2^5,"60,26,0","38,44,0",1,351.767117,414,3.44994,19.53981,3.92699,7.85398,25 26 -5.092 24 -0.013 24 24 18 18 19 19 19 20 -0.729 22 21 20 14
217,SIPP_BigCS,"60,26,2","38,44,13",1,399.883169,4573,73.2264,19.50474,3.7758,0.8648,331 84 326 -27.000 219 -13.917 151 -28.966 205
217,SIPP_Standard,"60,26,2","38,44,13",1,430.32761600000003,578,3.54425,21.00879,4.0557,0.6157,-52.816 15 -10.089 94 -17.423 24 107
218,SIPP_2^2,"20,6,0","10,43,0",1,470.0,510,0.35184,77.78175,17.27876,34.55752,2 2 2 2 2 2 2 2 2 2 3 3 3 2 2 3 2 2 2 2 2 2 3 2 2 2 2 2 2 2 2 2 2 2 2 2 2 2 2 3 3 3 2 3 2 2 3
218,SIPP_2^3,"20,6,0","10,43,0",1,417.27922399999994,320,0.41794,43.73547,8.63938,17.27876,4 4 5 4 5 5 4 4 4 4 4 4 5 4 4 4 4 4 4 4 4 4 4 4 4 4 4 5 4 4 4 4 4 5 5 5 6 5
218,SIPP_2^4,"20,6,0","10,43,0",1,398.32816,213,0.76809,25.60646,5.10012,10.20025,8 9 9 9 8 8 9 8 9 9 9 8 8 8 9 9 8 8 8 8 8 9 9 8 7
218,SIPP_2^5,"20,6,0","10,43,0",1,389.4733239999999,146,1.45266,3.21219,0.6435,1.287,17 17 17 17 17 17 17 17 17 17 17 16 15
218,SIPP_BigCS,"20,6,0","10,43,9",1,393.0,554,9.17259,12.85651,2.3587,0.3302,4 84 206 206 206 206 206 366 84 382
218,SIPP_Standard,"20,6,0","10,43,9",1,431.267826,148,0.86067,17.95236,3.4668,0.441,-12.268 88 20 51 94 24
219,SIPP_2^2,"18,16,0","15,47,0",0,-1,0,0.0,0.0,0.0,0.0,
219,SIPP_2^3,"18,16,0","15,47,0",0,-1,0,0.0,0.0,0.0,0.0,
219,SIPP_2^4,"18,16,0","15,47,0",0,-1,0,0.0,0.0,0.0,0.0,
219,SIPP_2^5,"18,16,0","15,47,0",0,-1,0,0.0,0.0,0.0,0.0,
219,SIPP_BigCS,"18,16,0","15,47,0",0,-1,0,0.0,0.0,0.0,0.0,
219,SIPP_Standard,"18,16,15","15,47,5",0,-1,0,4e-05,0.0,0.0,0.0,
220,SIPP_2^2,"16,11,0","15,30,0",1,226.50497,77,0.04927,14.14214,3.14159,6.28319,2 2 2 2 2 2 2 2 2 3 -26.505 2 2 2 2 2 2 2 2 2 2
220,SIPP_2^3,"16,11,0","15,30,0",1,203.80253199999999,56,0.06951,11.69247,2.35619,4.71239,4 4 4 4 4 4 4 4 5 5 -1.376 4 4 4 4 4 4 4 4 3
220,SIPP_2^4,"16,11,0","15,30,0",1,202.021076,62,0.22328,6.97882,1.39094,2.78189,8 8 8 8 8 8 9 9 -4.939 8 8 8 8 8 8 8 7
220,SIPP_2^5,"16,11,0","15,30,0",1,198.11388499999998,50,0.50607,8.11419,1.60875,3.21751,16 16 16 17 17 17 15 16 15
220,SIPP_BigCS,"16,11,10","15,30,2",1,201.563231,173,2.75781,9.7862,1.9021,0.3104,376 -2.563 310 4 4 28
220,SIPP_Standard,"16,11,10","15,30,2",1,496.646594,240,1.19754,23.61699,4.5647,0.6058,53 105 44 -4.647 24 67 47
221,SIPP_2^2,"35,51,0","49,16,0",1,490.0,582,0.40555,106.06602,23.56194,47.12389,1 1 0 1 0 0 0 0 0 0 0 0 0 1 1 1 1 1 0 1 0 1 0 1 0 0 0 0 0 0 0 0 0 0 0 0 0 0 0 0 0 0 1 0 0 0 1 1 0
221,SIPP_2^3,"35,51,0","49,16,0",1,413.877169,223,0.30211,43.88253,8.63938,17.27876,2 -0.029 1 1 1 1 1 1 0 0 0 0 1 1 0 1 1 0 0 0 1 0 0 0 0 0 0 0 0 0 0 0 0 0 1 0 1
221,SIPP_2^4,"35,51,0","49,16,0",1,406.128337,229,0.84849,21.08289,4.21079,8.42157,4 -0.029 2 2 2 2 2 1 1 1 1 1 0 1 0 0 0 15 0 0 0 0 0 0 0 1 1 2
221,SIPP_2^5,"35,51,0","49,16,0",1,404.368049,223,2.24331,13.94222,2.8023,5.6046,8 -0.029 4 4 3 3 3 2 2 -0.790 1 0 31 0 0 0 0 0 0 0 0 -0.715 2 3
221,SIPP_BigCS,"35,51,1","49,16,7",1,405.912067,715,12.27829,14.07082,2.681,0.6982,69 204 204 204 204 252 161 6 6 6 6 6 6 6 6 6 6 -7.912 86
221,SIPP_Standard,"35,51,1","49,16,7",1,468.082396,53,0.65835,19.54724,3.7955,0.6186,13 92 -48.082 2 22 33
222,SIPP_2^2,"40,61,0","63,53,0",0,-1,0,0.0,0.0,0.0,0.0,
222,SIPP_2^3,"40,61,0","63,53,0",0,-1,0,0.0,0.0,0.0,0.0,
222,SIPP_2^4,"40,61,0","63,53,0",0,-1,0,0.0,0.0,0.0,0.0,
222,SIPP_2^5,"40,61,0","63,53,0",0,-1,0,0.0,0.0,0.0,0.0,
222,SIPP_BigCS,"40,61,0","63,53,0",0,-1,0,0.0,0.0,0.0,0.0,
222,SIPP_Standard,"40,61,2","63,53,6",0,-1,29140,180.00171,0.0,0.0,0.0,
223,SIPP_2^2,"43,2,0","18,12,0",1,381.99134799999996,417,0.25257,91.92388,23.56194,47.12389,3 3 3 3 3 3 2 2 3 3 2 3 3 2 2 2 3 2 3 3 3 3 3 3 3 2 -6.041 0 3 3 3 3 3 2 3 3 2 -5.950 2
223,SIPP_2^3,"43,2,0","18,12,0",1,300.52450899999997,181,0.21816,37.46058,7.06858,14.13717,6 6 6 6 6 6 6 6 6 6 5 5 5 5 5 6 6 5 5 5 -0.819 7 5 5 6 5
223,SIPP_2^4,"43,2,0","18,12,0",1,285.453984,134,0.43053,17.63599,3.28349,6.56698,12 12 12 12 11 11 11 11 11 11 11 11 12 14 10 10 10
223,SIPP_2^5,"43,2,0","18,12,0",1,283.97817799999996,132,1.11693,16.97578,3.28349,6.56698,24 24 24 23 22 22 22 22 22 22 23 28 20 20 20
223,SIPP_BigCS,"43,2,10","18,12,3",1,305.121167,992,13.33323,18.46529,3.6368,0.966,7 35 103 183 323 -0.121 326 347 102 102
223,SIPP_Standard,"43,2,10","18,12,3",1,505.0,759,4.47502,23.9225,4.4829,0.7107,96 62 78 107 50 85
224,SIPP_2^2,"62,4,0","5,12,0",0,-1,30,0.01595,0.0,0.0,0.0,
224,SIPP_2^3,"62,4,0","5,12,0",1,633.8477680000002,611,0.64836,43.79875,8.63938,17.27876,4 5 5 6 6 6 6 6 6 6 6 6 6 6 6 6 6 6 6 6 6 6 5 5 6 6 6 6 6 6 6 6 6 6 6 6 7 7 7 6 6 6 6 6 6 6 6 5 6 6 6 5 5 5 5 6 6 5
224,SIPP_2^4,"62,4,0","5,12,0",1,617.191656,465,1.42221,18.97788,3.74714,7.49428,10 9 12 12 12 12 12 12 12 12 12 12 12 12 12 12 12 12 12 12 12 12 12 12 12 11 11 11 11 11 11 11 11 11 12 12 12 13 13 13 12 12 12 13
224,SIPP_2^5,"62,4,0","5,12,0",1,610.103226,392,3.06857,15.61658,3.15913,6.31827,19 24 24 24 24 24 24 24 24 24 24 24 24 24 24 24 24 24 24 24 23 24 23 23 22 22 23 23 23 23 25 26 26 25
224,SIPP_BigCS,"62,4,11","5,12,13",1,611.0,1451,21.01937,16.20123,3.0009,0.3945,246 7 3 3 83 203 203 203 203 203 315 205 309
224,SIPP_Standard,"62,4,11","5,12,13",1,732.0,684,3.16349,20.80115,4.0304,0.5689,20 51 86 3 3 3 3 27 74
225,SIPP_2^2,"46,41,0","6,28,0",0,-1,0,0.0,0.0,0.0,0.0,
225,SIPP_2^3,"46,41,0","6,28,0",0,-1,0,0.0,0.0,0.0,0.0,
225,SIPP_2^4,"46,41,0","6,28,0",0,-1,0,0.0,0.0,0.0,0.0,
225,SIPP_2^5,"46,41,0","6,28,0",0,-1,0,0.0,0.0,0.0,0.0,
225,SIPP_BigCS,"46,41,0","6,28,0",0,-1,0,0.0,0.0,0.0,0.0,
225,SIPP_Standard,"46,41,10","6,28,10",0,-1,0,3e-05,0.0,0.0,0.0,
226,SIPP_2^2,"15,12,0","14,43,0",1,369.660396,243,0.15872,63.63961,14.13717,28.27433,2 2 2 2 2 2 2 2 2 3 -9.660 2 2 2 2 2 2 2 2 2 2 2 2 2 2 2 2 2 2 2 1 2 1 2 3 2 3
226,SIPP_2^3,"15,12,0","14,43,0",1,344.85281599999996,242,0.28906,31.76374,6.28319,12.56637,4 4 4 4 4 4 4 4 5 5 4 4 4 4 3 4 4 4 4 4 4 4 4 4 3 3 4 4 4 4 5 6
226,SIPP_2^4,"15,12,0","14,43,0",1,340.32276499999995,273,0.94343,21.73265,4.35268,8.70536,8 8 8 8 8 8 8 9 9 8 8 8 7 8 8 8 8 8 8 8 7 7 8 8 8 -4.377 10 12
226,SIPP_2^5,"15,12,0","14,43,0",1,340.32276499999995,283,2.62112,17.36819,3.5013,7.0026,16 16 16 16 16 16 17 17 16 16 15 16 16 16 16 16 16 16 15 15 -8.067 20 24
226,SIPP_BigCS,"15,12,5","14,43,3",1,352.493461,1590,28.0761,24.61482,4.8133,1.1818,4 4 4 56 382 200 376 342 -17.493 264
226,SIPP_Standard,"15,12,5","14,43,3",1,366.701837,56,0.35239,13.97272,2.5773,0.3616,56 -9.930 104 39 -17.772 16
227,SIPP_2^2,"19,13,0","42,46,0",0,-1,0,0.0,0.0,0.0,0.0,
227,SIPP_2^3,"19,13,0","42,46,0",0,-1,0,0.0,0.0,0.0,0.0,
227,SIPP_2^4,"19,13,0","42,46,0",0,-1,0,0.0,0.0,0.0,0.0,
227,SIPP_2^5,"19,13,0","42,46,0",0,-1,0,0.0,0.0,0.0,0.0,
227,SIPP_BigCS,"19,13,0","42,46,0",0,-1,0,0.0,0.0,0.0,0.0,
227,SIPP_Standard,"19,13,2","42,46,9",0,-1,0,3e-05,0.0,0.0,0.0,
228,SIPP_2^2,"48,41,0","31,14,0",0,-1,0,0.0,0.0,0.0,0.0,
228,SIPP_2^3,"48,41,0","31,14,0",0,-1,0,0.0,0.0,0.0,0.0,
228,SIPP_2^4,"48,41,0","31,14,0",0,-1,0,0.0,0.0,0.0,0.0,
228,SIPP_2^5,"48,41,0","31,14,0",0,-1,0,0.0,0.0,0.0,0.0,
228,SIPP_BigCS,"48,41,0","31,14,0",0,-1,0,0.0,0.0,0.0,0.0,
228,SIPP_Standard,"48,41,15","31,14,5",0,-1,0,3e-05,0.0,0.0,0.0,
229,SIPP_2^2,"52,32,0","56,47,0",1,190.0,82,0.05224,49.49747,10.99557,21.99115,2 2 2 2 2 2 2 2 2 2 2 2 1 2 1 2 1 2 1
229,SIPP_2^3,"52,32,0","56,47,0",1,170.614577,72,0.08944,23.46812,4.71239,9.42478,4 4 4 4 4 4 4 3 4 3 4 3 -0.916 3 -1.984 4 -1.147 4
229,SIPP_2^4,"52,32,0","56,47,0",1,170.614577,81,0.30479,22.8965,4.35268,8.70536,8 8 7 8 7 8 8 7 8 8 8 -2.386 8 -1.147 4
229,SIPP_2^5,"52,32,0","56,47,0",1,170.614577,85,0.87438,13.73206,2.53605,5.0721,15 16 16 16 16 15 15 16 -4.600 16 -1.147 8
229,SIPP_BigCS,"52,32,4","56,47,7",1,170.558384,296,5.07905,10.26896,2.0706,0.5601,304 4 4 4 64 -10.558 168
229,SIPP_Standard,"52,32,4","56,47,7",1,171.09558199999998,16,0.1376,6.75342,1.3299,0.1489,44 -10.096 4
230,SIPP_2^2,"28,44,0","19,4,0",1,542.520309,723,0.61477,113.13708,25.13274,50.26548,0 0 0 0 1 -12.520 1 0 0 0 0 0 0 0 3 3 3 3 0 0 0 0 0 3 0 0 0 0 0 0 0 0 0 0 3 0 3 0 3 0 0 0 3 0 0 0 0 0 0 0 0 3 3 0
230,SIPP_2^3,"28,44,0","19,4,0",1,487.61551699999995,430,0.50182,55.51145,10.99557,21.99115,1 1 1 -4.386 1 0 7 7 0 7 7 7 0 -3.271 7 0 0 -9.543 0 7 7 7 0 0 0 0 7 0 0 7 7 0 0 0 0 0 0 0 0 0 0 0 7
230,SIPP_2^4,"28,44,0","19,4,0",1,480.489693,406,1.43207,31.26663,6.14129,12.28258,2 3 -0.610 1 15 15 15 15 -6.320 13 0 0 -11.024 0 15 15 15 0 14 14 14 15 0 0 0 0 0 0 0 0 0 0 0 0
230,SIPP_2^5,"28,44,0","19,4,0",1,480.18744599999997,415,4.58925,26.90283,5.33548,10.67095,5 -1.057 2 31 31 31 30 -0.326 24 -0.094 24 -11.228 31 30 31 29 28 28 -1.891 0 0 0 0 0 0 0 0 0 0 0 0
230,SIPP_BigCS,"28,44,1","19,4,1",1,480.260544,1687,127.16828,23.89136,4.6513,1.1419,-20.163 121 322 333 -10.351 14 202 250 -0.746 170 2 6 6
230,SIPP_Standard,"28,44,1","19,4,1",1,484.146727,93,4.81373,10.39093,1.7534,0.2888,-26.808 100 -15.287 58 -4.568 58 -4.484 90 2
231,SIPP_2^2,"15,38,0","31,32,0",1,261.065523,202,0.15448,56.56854,12.56637,25.13274,-6.023 1 1 -30.230 1 1 1 -4.813 0 0 1 1 1 0 0 1 1 1 0 1 1 1 1 0 1
231,SIPP_2^3,"15,38,0","31,32,0",1,225.341312,135,0.17946,44.67218,8.63938,17.27876,0 0 1 1 -2.393 1 2 1 2 3 4 -3.491 2 -0.370 2 -0.093 2 2 2 1 2 2 1
231,SIPP_2^4,"15,38,0","31,32,0",1,216.590488,100,0.3286,19.61357,3.92699,7.85398,0 1 1 3 3 4 3 2 4 4 5 6 6
231,SIPP_2^5,"15,38,0","31,32,0",1,212.595323,93,0.82471,11.60647,2.31824,4.63648,1 2 7 6 6 6 9 12 12
231,SIPP_BigCS,"15,38,14","31,32,1",1,222.729323,224,4.42598,16.2328,3.1374,0.9176,-1.729 50 201 201 201 337 335
231,SIPP_Standard,"15,38,14","31,32,1",1,237.137941,23,0.55271,6.51253,1.1565,0.2278,-60.138 57 97
232,SIPP_2^2,"2,50,0","0,29,0",0,-1,0,0.0,0.0,0.0,0.0,
232,SIPP_2^3,"2,50,0","0,29,0",0,-1,0,0.0,0.0,0.0,0.0,
232,SIPP_2^4,"2,50,0","0,29,0",0,-1,0,0.0,0.0,0.0,0.0,
232,SIPP_2^5,"2,50,0","0,29,0",0,-1,0,0.0,0.0,0.0,0.0,
232,SIPP_BigCS,"2,50,0","0,29,0",0,-1,0,0.0,0.0,0.0,0.0,
232,SIPP_Standard,"2,50,15","0,29,4",0,-1,30809,180.0001,0.0,0.0,0.0,
233,SIPP_2^2,"36,41,0","60,57,0",0,-1,0,0.0,0.0,0.0,0.0,
233,SIPP_2^3,"36,41,0","60,57,0",0,-1,0,0.0,0.0,0.0,0.0,
233,SIPP_2^4,"36,41,0","60,57,0",0,-1,0,0.0,0.0,0.0,0.0,
233,SIPP_2^5,"36,41,0","60,57,0",0,-1,0,0.0,0.0,0.0,0.0,
233,SIPP_BigCS,"36,41,0","60,57,0",0,-1,0,0.0,0.0,0.0,0.0,
233,SIPP_Standard,"36,41,11","60,57,13",0,-1,0,4e-05,0.0,0.0,0.0,
234,SIPP_2^2,"26,7,0","44,42,0",1,530.841958,795,0.59138,56.56854,12.56637,25.13274,2 2 2 2 1 1 1 1 1 1 1 -0.842 1 1 1 2 2 2 2 2 2 2 2 2 2 2 2 2 2 2 2 2 2 2 2 2 2 2 2 2 2 2 1 1 2 1 2 2 1 1 1 1 1 2
234,SIPP_2^3,"26,7,0","44,42,0",1,433.4760139999999,361,0.45436,59.38156,11.78097,23.56195,4 4 4 3 4 3 4 4 4 4 3 3 4 4 4 4 4 3 4 3 3 3 4 3 3 3 3 4 4 4 3 -3.060 3 3 3 2 3
234,SIPP_2^4,"26,7,0","44,42,0",1,430.23553999999996,387,1.41951,30.09661,6.14129,12.28258,8 8 8 7 7 7 7 8 8 8 8 7 7 6 6 6 7 6 6 -0.477 7 -1.776 8 9 -3.020 5 6 5 6
234,SIPP_2^5,"26,7,0","44,42,0",1,429.788237,395,4.34478,30.93547,5.78158,11.56316,16 16 15 14 15 15 15 15 13 13 13 -0.842 8 -2.366 16 18 -3.020 10 11 12
234,SIPP_BigCS,"26,7,0","44,42,1",1,430.591648,1871,84.96645,17.52475,3.3539,0.7107,80 200 304 4 4 64 180 200 -17.461 200 -4.114 320 -0.017 207 327
234,SIPP_Standard,"26,7,0","44,42,1",1,513.9413689999999,162,0.98773,21.00735,4.0552,0.6668,97 87 0 16 110 -2.941 28
235,SIPP_2^2,"51,54,0","3,12,0",0,-1,1,0.09807,0.0,0.0,0.0,
235,SIPP_2^3,"51,54,0","3,12,0",1,851.7011620000007,1035,0.99786,80.53204,15.70796,31.41593,3 3 3 3 4 5 7 6 6 6 6 6 6 6 6 6 7 7 7 7 6 7 7 7 7 7 7 7 0 7 7 7 6 6 6 7 7 0 7 0 0 7 7 7 7 0 0 0 0 0 7 7 -3.589 7 7 7 7 7 7 7 7 7 7 7 7 7 0 7
235,SIPP_2^4,"51,54,0","3,12,0",1,826.493408,586,1.38475,39.01771,7.57019,15.14038,6 6 7 6 10 12 12 12 12 12 12 13 13 14 14 14 14 14 14 14 14 14 13 14 14 14 13 12 13 13 13 12 13 14 15 15 15 15 15 15 15 15 15 15 15 15 15 14
235,SIPP_2^5,"51,54,0","3,12,0",1,797.0391670000002,396,2.60462,33.2185,6.57535,13.1507,12 12 13 20 26 26 25 28 27 28 28 28 28 27 28 29 31 29 28 27 28 28 27 26 27 27 28 29 29 29 29 28
235,SIPP_BigCS,"51,54,13","3,12,13",1,912.1430439999999,3243,97.16622,40.4846,7.7501,2.139,100 100 164 -23.114 329 -24.703 66 102 102 102 102 102 102 -1.592 102 -0.441 162 7 59 333 6 -0.293 90 102 102 102 102 154 322 205 205 205 205 205 205 205 205 309 7 7
235,SIPP_Standard,"51,54,13","3,12,13",1,1042.7735969999999,1539,17.74412,45.84182,8.8545,1.274,32 81 -46.536 6 82 23 -7.238 38 3 7 107 54 66 46
236,SIPP_2^2,"14,43,0","23,28,0",1,274.582631,312,0.22991,49.49747,10.99557,21.99115,0 0 0 0 1 0 0 0 0 0 0 0 0 0 3 0 1 1 1 1 1 0 -2.536 1 -12.047 1 1 1
236,SIPP_2^3,"14,43,0","23,28,0",1,200.151175,90,0.12051,20.20749,3.92699,7.85398,1 1 1 1 -2.896 1 -9.976 0 1 0 1 1 1 0 0 0 0
236,SIPP_2^4,"14,43,0","23,28,0",1,198.568317,89,0.31808,13.69318,2.7159,5.4318,2 2 1 3 -11.880 1 2 2 1 0 0 0 -0.678 0
236,SIPP_2^5,"14,43,0","23,28,0",1,198.568317,90,0.85659,5.93501,1.18019,2.36038,4 4 4 4 -13.986 3 4 4 -0.392 2 0 0 0 -0.921 0
236,SIPP_BigCS,"14,43,4","23,28,7",1,198.568317,261,4.8996,12.78038,2.5375,0.5938,78 -10.774 353 -0.550 185 6 -1.244 6
236,SIPP_Standard,"14,43,4","23,28,7",1,335.0,156,0.89282,16.3107,3.1374,0.4774,27 106 45 1
237,SIPP_2^2,"40,9,0","48,7,0",1,100.0,21,0.0144,28.28427,6.28319,12.56637,1 1 1 1 1 1 0 1 0 1
237,SIPP_2^3,"40,9,0","48,7,0",1,88.28427199999999,14,0.01825,11.59279,2.35619,4.71239,2 2 2 1 2 2 2 1
237,SIPP_2^4,"40,9,0","48,7,0",1,84.72136,10,0.03625,6.94722,1.39094,2.78189,4 4 3 4 4 3
237,SIPP_2^5,"40,9,0","48,7,0",1,83.245554,7,0.06436,3.22267,0.6435,1.287,7 8 8 7
237,SIPP_BigCS,"40,9,8","48,7,2",1,84.0,7,0.34152,2.36385,0.463,0.0399,5 81
237,SIPP_Standard,"40,9,8","48,7,2",1,86.0,1,0.09043,4.17478,0.8457,0.1277,9
238,SIPP_2^2,"9,58,0","46,39,0",1,650.022654,1928,1.17134,141.42136,31.41593,62.83185,0 0 0 0 1 1 0 0 0 1 -1.285 1 0 0 0 0 0 0 1 1 1 1 1 1 1 1 0 1 1 1 1 1 1 1 1 -64.298 0 -4.440 1 0 1 1 1 1 1 1 1 1 0 1 1 0 1 0 1 1 1 0 1 1 2
238,SIPP_2^3,"9,58,0","46,39,0",1,456.98485599999987,351,0.41352,42.31083,8.63938,17.27876,2 2 2 2 2 2 2 2 2 2 2 2 2 1 1 1 1 1 1 1 2 1 1 1 1 1 1 2 1 3 1 1 1 1 1 2 1
238,SIPP_2^4,"9,58,0","46,39,0",1,431.73340599999995,229,0.78468,22.0071,4.39064,8.78128,3 3 3 3 3 3 2 2 2 2 2 -1.319 3 4 3 4 4 3 4 4 4 4 -1.310 3 2 2 3 2
238,SIPP_2^5,"9,58,0","46,39,0",1,430.9917239999999,239,2.09006,12.71283,2.53605,5.0721,6 6 6 6 5 4 4 4 4 4 -0.574 7 8 7 7 -0.842 8 -0.307 8 8 8 7 4 4 4 4
238,SIPP_BigCS,"9,58,0","46,39,3",1,429.72860999999995,689,12.0595,18.63948,3.515,0.705,193 353 169 -1.537 81 -0.192 305 65 153
238,SIPP_Standard,"9,58,0","46,39,3",1,537.055702,753,3.90532,26.77378,5.1804,0.7392,-22.848 106 -11.208 45 5 73 84 21
239,SIPP_2^2,"53,43,0","55,26,0",1,190.0,40,0.02283,14.14214,3.14159,6.28319,0 0 0 0 0 0 0 0 0 1 1 0 0 0 0 0 0 0 0
239,SIPP_2^3,"53,43,0","55,26,0",1,178.284272,33,0.03591,7.75965,1.5708,3.14159,0 0 0 0 0 0 0 0 0 1 1 0 0 0 0 0 0
239,SIPP_2^4,"53,43,0","55,26,0",1,174.72136,27,0.0819,9.28787,1.85459,3.70918,0 0 0 0 0 0 1 0 1 0 0 0 0 0 0
239,SIPP_2^5,"53,43,0","55,26,0",1,173.245554,25,0.20727,3.21833,0.6435,1.287,0 0 0 0 0 0 1 1 0 0 0 0 0
239,SIPP_BigCS,"53,43,9","55,26,12",1,174.0,36,0.83718,5.07843,0.9783,0.1089,6 6 6 58 364 6
239,SIPP_Standard,"53,43,9","55,26,12",1,507.0,1091,9.2333,26.25745,5.0441,0.7584,93 23 42 76 89 25
240,SIPP_2^2,"27,42,0","28,14,0",1,376.116469,441,0.31194,70.71068,15.70796,31.41593,0 0 0 0 0 0 0 0 0 0 0 0 0 0 0 0 1 0 0 0 0 1 0 0 0 1 -5.583 2 -0.534 2 3 0 0 0 0 0 0 3 0
240,SIPP_2^3,"27,42,0","28,14,0",1,300.71067999999997,142,0.1782,27.56293,5.49779,10.99557,0 0 0 0 0 0 0 0 0 0 0 0 0 0 0 0 1 0 0 0 1 1 0 0 0 7 0 7
240,SIPP_2^4,"27,42,0","28,14,0",1,293.361781,125,0.4531,14.14036,2.78189,5.56377,0 0 0 0 0 0 0 0 0 0 0 0 0 0 1 1 0 1 -1.558 15 15 0 0 0
240,SIPP_2^5,"27,42,0","28,14,0",1,292.201886,128,1.38414,11.44801,2.2143,4.42859,0 0 0 0 0 0 0 0 0 0 0 0 0 1 1 1 28 -0.831 30 0 0 0
240,SIPP_BigCS,"27,42,8","28,14,14",1,291.6848140000001,393,12.41327,12.65009,2.4952,0.8014,2 6 6 6 6 86 348 -0.685 170 6 6
240,SIPP_Standard,"27,42,8","28,14,14",1,408.730782,147,2.28247,16.69204,3.229,0.4404,-34.860 73 108 -43.871 46 6
241,SIPP_2^2,"18,44,0","57,40,0",1,562.800403,1084,0.67957,91.92388,20.42035,40.8407,1 1 1 1 1 1 1 1 1 0 0 0 -2.713 1 0 1 1 0 1 1 1 1 0 1 -6.703 1 2 2 2 2 2 -3.077 2 -0.307 1 1 1 1 1 1 1 1 1 1 1 1 1 1 1 1 1 1 1 1 0 0 0 1 0
241,SIPP_2^3,"18,44,0","57,40,0",1,431.084675,260,0.30585,31.81992,6.28319,12.56637,2 2 2 2 2 2 2 2 2 2 2 2 2 3 2 2 2 1 1 1 -0.865 1 -1.224 0 1 2 2 2 2 2 2 2 2 2 2 2 2 2 2 2 3 2
241,SIPP_2^4,"18,44,0","57,40,0",1,429.303219,273,0.84329,23.00971,4.53254,9.06507,4 4 4 4 4 4 4 4 4 4 4 4 5 4 3 -0.311 3 3 0 -3.047 0 2 4 4 4 4 4 4 4 4 4 4 4 4 4 4 4 5
241,SIPP_2^5,"18,44,0","57,40,0",1,428.565316,284,2.23143,20.95189,4.10684,8.21369,8 8 8 8 8 8 8 8 8 8 8 8 9 7 5 -0.204 0 -3.295 0 4 8 8 8 8 8 8 8 8 8 8 8 8 8 8 9
241,SIPP_BigCS,"18,44,12","57,40,14",1,437.0,1195,14.32437,13.39428,2.5923,0.2759,367 5 5 5 5 5 5 85 311 5 33 101 125
241,SIPP_Standard,"18,44,12","57,40,14",1,583.632437,929,11.52055,32.56211,6.2839,1.0567,-7.632 110 32 105 32 65 49 76
242,SIPP_2^2,"28,62,0","17,18,0",1,554.969757,579,0.39227,127.27922,28.27433,56.54867,0 0 0 0 0 0 0 0 0 0 0 3 0 -4.970 0 3 3 0 0 0 0 0 3 0 0 0 3 0 0 3 3 0 3 0 0 0 0 0 0 0 0 0 0 0 3 0 0 0 0 3 0 0 0 0 3 0
242,SIPP_2^3,"28,62,0","17,18,0",1,518.665708,692,0.80996,63.65477,12.56637,25.13274,0 0 0 0 0 0 0 7 0 0 0 7 -4.831 0 7 0 7 7 0 0 0 7 0 0 7 7 -4.003 7 0 0 0 0 0 0 0 0 0 0 0 7 0 0 -24.269 7 0 0 0
242,SIPP_2^4,"28,62,0","17,18,0",1,513.2684519999999,740,2.39958,29.91375,5.96143,11.92287,14 14 14 14 14 15 15 14 13 14 14 0 0 0 0 0 0 0 15 0 15 0 0 0 0 0 15 -0.022 15 0 1 1 1 2 1
242,SIPP_2^5,"28,62,0","17,18,0",1,512.131362,744,6.38232,22.83723,4.57468,9.14935,29 28 28 28 28 29 27 28 31 31 0 0 0 0 31 0 0 0 0 0 0 28 -0.895 0 -0.101 0 2 2 -0.110 2 3
242,SIPP_BigCS,"28,62,5","17,18,6",1,514.285979,3829,61.27203,24.30426,4.7609,1.1528,250 102 102 102 102 102 102 102 170 6 30 362 66 -4.124 170 -0.162 74 177
242,SIPP_Standard,"28,62,5","17,18,6",1,521.7665079999999,159,1.01015,19.58184,3.7955,0.6187,85 -8.310 2 -7.675 10 -0.782 30 42 92
243,SIPP_2^2,"0,39,0","15,45,0",0,-1,0,0.0,0.0,0.0,0.0,
243,SIPP_2^3,"0,39,0","15,45,0",0,-1,0,0.0,0.0,0.0,0.0,
243,SIPP_2^4,"0,39,0","15,45,0",0,-1,0,0.0,0.0,0.0,0.0,
243,SIPP_2^5,"0,39,0","15,45,0",0,-1,0,0.0,0.0,0.0,0.0,
243,SIPP_BigCS,"0,39,0","15,45,0",0,-1,0,0.0,0.0,0.0,0.0,
243,SIPP_Standard,"0,39,10","15,45,3",0,-1,0,2e-05,0.0,0.0,0.0,
244,SIPP_2^2,"34,32,0","17,46,0",1,310.0,303,0.22816,42.42641,9.42478,18.84956,3 3 3 3 3 3 3 3 3 3 3 3 2 2 2 2 2 2 2 2 2 2 2 2 3 2 3 3 3 2 3
244,SIPP_2^3,"34,32,0","17,46,0",1,265.56349599999993,178,0.19878,23.65519,4.71239,9.42478,5 6 6 6 6 6 5 6 6 6 5 5 5 5 5 5 5 5 4 4 4 3
244,SIPP_2^4,"34,32,0","17,46,0",1,258.43767199999996,156,0.508,10.13166,2.03444,4.06889,12 12 12 12 12 12 11 11 10 10 10 10 10 10 10 9 8 7
244,SIPP_2^5,"34,32,0","17,46,0",1,251.475845,124,1.39992,12.94441,2.60909,5.21818,23 23 24 23 22 20 20 19 20 20 15
244,SIPP_BigCS,"34,32,5","17,46,6",1,252.0,306,36.04011,12.81278,2.537,0.4526,307 7 91 103 103 103 123
244,SIPP_Standard,"34,32,5","17,46,6",1,319.762852,127,3.04865,10.84277,2.1298,0.3269,-50.268 51 -29.495 78 99
245,SIPP_2^2,"25,19,0","14,61,0",0,-1,3,0.03944,0.0,0.0,0.0,
245,SIPP_2^3,"25,19,0","14,61,0",0,-1,3,0.00215,0.0,0.0,0.0,
245,SIPP_2^4,"25,19,0","14,61,0",0,-1,3,0.00431,0.0,0.0,0.0,
245,SIPP_2^5,"25,19,0","14,61,0",0,-1,3,0.00973,0.0,0.0,0.0,
245,SIPP_BigCS,"25,19,6","14,61,3",1,770.8696039999999,3594,60.84052,53.75955,10.6127,3.0157,221 174 332 77 344 163 72 179 366 4 4 4 76 -0.870 235 4 4 4 28 304
245,SIPP_Standard,"25,19,6","14,61,3",1,1250.337302,528,6.22942,43.05032,8.1583,1.1312,69 42 84 -54.076 5 -16.192 105 44 0 16 -14.069 94 0 20 55 59 91
246,SIPP_2^2,"21,18,0","59,52,0",1,740.0,2125,1.38232,106.06602,23.56194,47.12389,1 0 1 1 1 1 1 1 1 2 1 1 1 1 2 1 1 1 1 1 1 1 1 1 1 1 1 2 2 2 2 2 2 2 2 2 2 1 1 1 1 1 2 2 2 2 2 2 2 1 2 2 1 1 1 1 1 1 1 2 1 2 2 2 2 2 2 2 2 2 2 2 2 2
246,SIPP_2^3,"21,18,0","59,52,0",1,572.3549439999998,539,0.65325,23.21719,4.71239,9.42478,1 2 -2.233 2 2 2 2 2 2 2 2 3 3 3 3 3 3 3 3 3 3 3 3 3 3 3 3 3 3 3 3 3 3 3 3 3 3 4 4 3 4 4 4 4 4 3
246,SIPP_2^4,"21,18,0","59,52,0",1,556.8353359999999,404,1.41957,24.00711,4.7883,9.5766,3 -4.014 4 4 4 4 4 5 5 6 5 6 6 5 6 6 6 7 6 7 6 6 6 7 7 6 6 6 6 6 7 7 7 7
246,SIPP_2^5,"21,18,0","59,52,0",1,551.7132990000001,294,3.27054,17.38816,3.47171,6.94342,6 -3.744 9 8 8 8 8 -0.359 10 11 12 12 11 13 13 12 13 12 13 13 13 13 13 12
246,SIPP_BigCS,"21,18,14","59,52,8",1,552.562707,814,65.86217,19.96815,3.8523,0.6903,-3.319 169 5 5 5 5 73 -0.244 124 359 152 248 180 200 216
246,SIPP_Standard,"21,18,14","59,52,8",1,572.0,88,0.7354,16.99583,3.1301,0.3893,41 63 71 52 64 52 88
247,SIPP_2^2,"22,50,0","24,25,0",1,370.0,441,0.30742,77.78175,17.27876,34.55752,0 3 3 0 0 0 0 0 0 0 0 0 0 0 1 0 1 1 1 1 0 0 0 0 0 0 0 3 3 3 0 0 0 0 1 0 1
247,SIPP_2^3,"22,50,0","24,25,0",1,288.88217799999995,200,0.28224,40.80849,7.85398,15.70796,0 0 0 0 7 7 -5.745 0 0 0 0 1 1 0 1 1 0 0 0 0 1 7 0 0 0 0
247,SIPP_2^4,"22,50,0","24,25,0",1,268.88543999999996,111,0.42442,13.96452,2.78189,5.56377,1 1 1 1 0 0 1 0 0 0 0 0 15 15 0 0 15
247,SIPP_2^5,"22,50,0","24,25,0",1,265.93382799999995,88,0.90055,13.68849,2.7159,5.4318,2 2 2 2 0 1 31 0 31 0 0 0 31
247,SIPP_BigCS,"22,50,11","24,25,10",1,278.85110000000003,446,7.12333,12.86175,2.4448,0.5377,-3.824 282 -3.547 204 -0.480 204 204 308 6 6 66
247,SIPP_Standard,"22,50,11","24,25,10",1,400.444851,289,7.76763,18.50683,3.6003,0.6427,-47.708 106 -11.737 29 33 82
248,SIPP_2^2,"50,43,0","38,38,0",1,170.0,82,0.05459,35.35534,7.85398,15.70796,3 3 3 3 3 3 3 3 3 3 0 3 0 0 0 3 0
248,SIPP_2^3,"50,43,0","38,38,0",1,140.71067999999997,44,0.05833,19.61218,3.92699,7.85398,6 6 6 6 7 6 7 7 7 6 6 7
248,SIPP_2^4,"50,43,0","38,38,0",1,131.8034,18,0.06689,9.33785,1.85459,3.70918,13 12 13 13 12 13 13
248,SIPP_2^5,"50,43,0","38,38,0",1,130.32759399999998,11,0.11834,0.71022,0.1419,0.28379,26 26 26 25 25
248,SIPP_BigCS,"50,43,6","38,38,10",1,130.0,5,0.37351,2.91107,0.5061,0.0613,205 205 205 309
248,SIPP_Standard,"50,43,6","38,38,10",1,175.0,29,0.35355,11.51907,2.2622,0.3989,99 85
249,SIPP_2^2,"63,18,0","14,58,0",0,-1,0,0.0,0.0,0.0,0.0,
249,SIPP_2^3,"63,18,0","14,58,0",0,-1,0,0.0,0.0,0.0,0.0,
249,SIPP_2^4,"63,18,0","14,58,0",0,-1,0,0.0,0.0,0.0,0.0,
249,SIPP_2^5,"63,18,0","14,58,0",0,-1,0,0.0,0.0,0.0,0.0,
249,SIPP_BigCS,"63,18,0","14,58,0",0,-1,0,0.0,0.0,0.0,0.0,
249,SIPP_Standard,"63,18,10","14,58,9",0,-1,0,2e-05,0.0,0.0,0.0,
250,SIPP_2^2,"63,7,0","5,42,0",0,-1,0,0.0,0.0,0.0,0.0,
250,SIPP_2^3,"63,7,0","5,42,0",0,-1,0,0.0,0.0,0.0,0.0,
250,SIPP_2^4,"63,7,0","5,42,0",0,-1,0,0.0,0.0,0.0,0.0,
250,SIPP_2^5,"63,7,0","5,42,0",0,-1,0,0.0,0.0,0.0,0.0,
250,SIPP_BigCS,"63,7,0","5,42,0",0,-1,0,0.0,0.0,0.0,0.0,
250,SIPP_Standard,"63,7,14","5,42,1",0,-1,0,1e-05,0.0,0.0,0.0,
