task_id,alg,start,goal,success,cost,steps,time_sec,curvature,heading_change,bending_energy,path
1,SIPP_2^2,"50,59,0","47,42,0",1,220.0,68,0.01783,21.2132,4.71239,9.42478,2 3 3 0 0 0 0 0 0 0 0 0 0 0 0 0 0 0 0 0 0 3
1,SIPP_2^3,"50,59,0","47,42,0",1,202.42640799999998,29,0.01302,15.29356,3.14159,6.28319,5 7 0 0 0 0 0 0 0 0 0 0 0 0 0 0 0 0 7
1,SIPP_2^4,"50,59,0","47,42,0",1,200.644952,28,0.03652,13.68072,2.81984,5.63968,10 14 0 0 0 0 0 0 0 0 0 0 0 0 0 0 0 15
1,SIPP_2^5,"50,59,0","47,42,0",1,199.90704899999997,27,0.09257,12.97013,2.67795,5.35589,20 28 0 0 0 0 0 0 0 0 0 0 0 0 0 0 31
1,SIPP_BigCS,"50,59,3","47,42,6",1,234.529371,79,0.42626,11.16583,2.0272,0.7068,69 -30.529 340 194 202 202
1,SIPP_Standard,"50,59,3","47,42,6",1,329.180459,36,0.07542,18.25009,3.5202,0.578,-4.180 43 85 22 53
2,SIPP_2^2,"16,47,0","11,13,0",1,390.0,256,0.06776,56.56854,12.56637,25.13274,0 0 0 0 0 0 0 0 0 0 0 0 0 0 0 0 0 0 0 0 0 3 0 0 3 0 0 0 0 0 0 3 0 0 0 0 3 3 0
2,SIPP_2^3,"16,47,0","11,13,0",1,360.71067999999997,190,0.08646,35.42857,7.06858,14.13717,0 0 0 0 0 0 0 0 0 0 0 0 0 7 0 0 7 0 0 0 0 0 7 0 0 0 0 7 0 0 0 0 0 7
2,SIPP_2^4,"16,47,0","11,13,0",1,351.8034,144,0.20966,11.6556,2.31824,4.63648,0 0 0 0 0 0 0 0 0 0 0 0 0 0 0 0 0 0 0 0 0 15 15 15 0 15 0 0 15
2,SIPP_2^5,"16,47,0","11,13,0",1,348.1138849999999,112,0.41189,8.06291,1.60875,3.21751,0 0 0 0 0 0 0 0 0 0 0 0 0 0 0 31 31 31 0 0 31 0 0 31
2,SIPP_BigCS,"16,47,4","11,13,13",1,350.0,367,3.05659,7.5725,1.4766,0.1563,362 6 6 6 6 6 6 2 82 306
2,SIPP_Standard,"16,47,4","11,13,13",1,402.0,682,1.92439,19.66966,3.7897,0.5448,106 49 108 54 74
3,SIPP_2^2,"30,63,0","18,1,0",0,-1,0,0.0,0.0,0.0,0.0,
3,SIPP_2^3,"30,63,0","18,1,0",0,-1,0,0.0,0.0,0.0,0.0,
3,SIPP_2^4,"30,63,0","18,1,0",0,-1,0,0.0,0.0,0.0,0.0,
3,SIPP_2^5,"30,63,0","18,1,0",0,-1,0,0.0,0.0,0.0,0.0,
3,SIPP_BigCS,"30,63,0","18,1,0",0,-1,0,0.0,0.0,0.0,0.0,
3,SIPP_Standard,"30,63,3","18,1,13",0,-1,0,6e-05,0.0,0.0,0.0,
4,SIPP_2^2,"48,19,0","17,27,0",0,-1,0,0.0,0.0,0.0,0.0,
4,SIPP_2^3,"48,19,0","17,27,0",0,-1,0,0.0,0.0,0.0,0.0,
4,SIPP_2^4,"48,19,0","17,27,0",0,-1,0,0.0,0.0,0.0,0.0,
4,SIPP_2^5,"48,19,0","17,27,0",0,-1,0,0.0,0.0,0.0,0.0,
4,SIPP_BigCS,"48,19,0","17,27,0",0,-1,0,0.0,0.0,0.0,0.0,
4,SIPP_Standard,"48,19,1","17,27,11",0,-1,0,3e-05,0.0,0.0,0.0,
5,SIPP_2^2,"22,55,0","12,0,0",0,-1,0,0.0,0.0,0.0,0.0,
5,SIPP_2^3,"22,55,0","12,0,0",0,-1,0,0.0,0.0,0.0,0.0,
5,SIPP_2^4,"22,55,0","12,0,0",0,-1,0,0.0,0.0,0.0,0.0,
5,SIPP_2^5,"22,55,0","12,0,0",0,-1,0,0.0,0.0,0.0,0.0,
5,SIPP_BigCS,"22,55,0","12,0,0",0,-1,0,0.0,0.0,0.0,0.0,
5,SIPP_Standard,"22,55,13","12,0,0",0,-1,89088,180.00054,0.0,0.0,0.0,
6,SIPP_2^2,"6,37,0","58,6,0",1,830.0,2303,0.68415,56.56854,12.56637,25.13274,1 1 1 1 1 1 1 1 1 1 1 1 1 1 1 1 1 1 1 1 1 1 1 1 1 1 1 1 1 1 1 1 1 1 1 1 1 1 1 1 0 0 0 0 0 0 0 0 0 0 0 0 0 0 0 1 0 0 0 0 0 0 0 1 1 1 1 1 1 1 1 1 0 0 0 0 0 1 0 0 0 0 1
6,SIPP_2^3,"6,37,0","58,6,0",1,656.690488,942,0.3642,39.22368,7.85398,15.70796,1 1 1 1 1 1 1 1 1 1 1 1 1 1 1 1 1 1 1 1 1 1 1 1 1 1 1 1 2 2 2 2 2 1 2 3 2 2 1 2 2 2 2 2 1 2 2 2 2 2 2 1
6,SIPP_2^4,"6,37,0","58,6,0",1,639.807513,854,0.91998,26.2685,5.27998,10.55996,3 3 3 3 3 3 3 3 3 3 3 3 3 3 4 4 4 3 3 4 3 3 3 3 3 3 -0.791 4 1 0 1 0 0 1
6,SIPP_2^5,"6,37,0","58,6,0",1,638.331707,883,2.63903,17.3063,3.34947,6.69895,6 6 6 6 6 7 6 6 7 7 6 6 6 6 6 6 6 6 7 6 6 6 -3.742 8 1 1 0 2
6,SIPP_BigCS,"6,37,9","58,6,8",1,638.7749799999999,6334,42.4431,12.45775,2.4056,0.2373,101 101 101 101 101 101 101 101 101 101 101 101 101 101 101 101 101 181 217 -9.775 157 5 5 29 361
6,SIPP_Standard,"6,37,9","58,6,8",1,658.896262,2782,8.00697,18.6957,3.6185,0.4893,1 9 29 49 76 65 -9.896 53 97
7,SIPP_2^2,"59,41,0","30,35,0",1,350.0,251,0.06661,35.35534,7.85398,15.70796,3 3 3 3 3 3 3 3 3 3 3 3 3 3 3 3 3 3 3 3 3 3 0 3 3 3 3 3 3 0 0 0 0 3 0
7,SIPP_2^3,"59,41,0","30,35,0",1,314.85281599999996,177,0.08439,43.49852,8.63938,17.27876,6 6 6 6 6 6 6 6 6 6 6 6 7 6 7 6 6 7 6 7 6 6 6 6 6 7 6 6 7
7,SIPP_2^4,"59,41,0","30,35,0",1,304.16408,125,0.17189,16.24469,3.24553,6.49107,12 12 12 12 12 12 12 12 13 12 13 13 13 12 12 12 12 12 12 13 12 12 13
7,SIPP_2^5,"59,41,0","30,35,0",1,299.7366619999999,84,0.32561,8.03476,1.60875,3.21751,24 24 24 24 24 24 24 25 24 24 24 25 25 25 25 24 25
7,SIPP_BigCS,"59,41,9","30,35,4",1,302.0,276,1.57638,7.5495,1.4752,0.1625,309 7 7 3 87 309
7,SIPP_Standard,"59,41,9","30,35,4",1,324.0,182,0.29762,13.15832,2.5485,0.3027,47 23 50 93
8,SIPP_2^2,"0,30,0","63,63,0",0,-1,0,0.0,0.0,0.0,0.0,
8,SIPP_2^3,"0,30,0","63,63,0",0,-1,0,0.0,0.0,0.0,0.0,
8,SIPP_2^4,"0,30,0","63,63,0",0,-1,0,0.0,0.0,0.0,0.0,
8,SIPP_2^5,"0,30,0","63,63,0",0,-1,0,0.0,0.0,0.0,0.0,
8,SIPP_BigCS,"0,30,0","63,63,0",0,-1,0,0.0,0.0,0.0,0.0,
8,SIPP_Standard,"0,30,0","63,63,2",0,-1,0,5e-05,0.0,0.0,0.0,
9,SIPP_2^2,"60,58,0","55,61,0",1,80.0,19,0.00356,35.35534,7.85398,15.70796,3 3 3 2 3 2 3 2
9,SIPP_2^3,"60,58,0","55,61,0",1,62.426408,9,0.00288,7.86564,1.5708,3.14159,5 5 6 6 5
9,SIPP_2^4,"60,58,0","55,61,0",1,58.863496,5,0.00449,1.6059,0.32175,0.6435,10 11 11
9,SIPP_2^5,"60,58,0","55,61,0",1,58.41619299999999,3,0.00645,0.62191,0.12435,0.24871,22 21
9,SIPP_BigCS,"60,58,3","55,61,1",1,61.0,8,0.06521,3.92094,0.7823,0.2502,103 103 171
9,SIPP_Standard,"60,58,3","55,61,1",1,500.331606,812,1.80661,27.71724,5.3132,0.8459,18 108 -4.332 34 83 8 52
10,SIPP_2^2,"15,50,0","9,43,0",1,130.0,49,0.018,35.35534,7.85398,15.70796,0 3 0 0 0 0 0 3 3 3 3 0 3
10,SIPP_2^3,"15,50,0","9,43,0",1,94.85281599999999,12,0.00949,8.06995,1.5708,3.14159,7 7 7 7 7 0 7
10,SIPP_2^4,"15,50,0","9,43,0",1,93.07136,11,0.02499,3.23189,0.6435,1.287,14 14 14 14 15 14
10,SIPP_2^5,"15,50,0","9,43,0",1,92.624057,9,0.0528,1.9758,0.39479,0.78958,28 28 28 29 28
10,SIPP_BigCS,"15,50,7","9,43,8",1,92.0,3,0.12892,1.74352,0.3314,0.0258,102 102 154
10,SIPP_Standard,"15,50,7","9,43,8",1,426.854353,1109,2.34902,25.57706,4.9369,0.8029,103 81 14 109 -3.854 55
11,SIPP_2^2,"31,29,0","53,8,0",1,430.0,644,0.16716,91.92388,20.42035,40.8407,0 0 0 0 0 0 0 0 0 0 0 0 0 0 0 1 0 1 1 1 0 1 1 1 1 1 1 0 1 1 1 1 1 0 1 1 1 1 0 1 1 0 1
11,SIPP_2^3,"31,29,0","53,8,0",1,306.98485599999987,42,0.01809,8.0151,1.5708,3.14159,1 1 1 1 1 1 1 1 1 1 1 1 1 1 1 1 1 1 2 1 1 1
11,SIPP_2^4,"31,29,0","53,8,0",1,305.2033999999999,41,0.049,3.23173,0.6435,1.287,2 2 2 2 2 2 2 2 2 2 2 2 2 2 2 2 2 2 3 2 2
11,SIPP_2^5,"31,29,0","53,8,0",1,304.7560969999999,39,0.13017,1.97672,0.39479,0.78958,4 4 4 4 4 4 4 4 4 4 4 4 4 4 4 4 4 4 5 4
11,SIPP_BigCS,"31,29,11","53,8,15",1,302.0,18,0.2219,1.74352,0.3314,0.0258,101 101 101 101 101 101 101 101 101 101 101 101 101 101 101 101 101 153
11,SIPP_Standard,"31,29,11","53,8,15",1,310.0,36,0.12058,8.40464,1.6163,0.1338,53 65 49 76
12,SIPP_2^2,"59,49,0","0,1,0",0,-1,0,0.0,0.0,0.0,0.0,
12,SIPP_2^3,"59,49,0","0,1,0",0,-1,0,0.0,0.0,0.0,0.0,
12,SIPP_2^4,"59,49,0","0,1,0",0,-1,0,0.0,0.0,0.0,0.0,
12,SIPP_2^5,"59,49,0","0,1,0",0,-1,0,0.0,0.0,0.0,0.0,
12,SIPP_BigCS,"59,49,0","0,1,0",0,-1,0,0.0,0.0,0.0,0.0,
12,SIPP_Standard,"59,49,0","0,1,13",0,-1,90548,180.00125,0.0,0.0,0.0,
13,SIPP_2^2,"56,47,0","12,28,0",1,630.0,1263,0.42542,63.63961,14.13717,28.27433,3 3 3 3 3 3 3 3 3 3 3 3 3 3 3 3 3 3 3 3 3 3 3 3 3 3 3 3 3 3 3 3 3 3 3 3 3 3 3 3 0 0 0 0 3 0 0 0 0 0 0 3 0 3 0 0 0 0 0 0 0 3 0
13,SIPP_2^3,"56,47,0","12,28,0",1,519.974044,633,0.21966,31.38071,6.28319,12.56637,7 7 7 7 7 7 7 7 7 7 7 7 7 7 6 6 6 6 6 6 6 6 7 6 6 6 6 6 6 6 6 7 7 6 6 6 6 6 6 7 6 6 -1.273 6 7
13,SIPP_2^4,"56,47,0","12,28,0",1,508.854925,614,0.6072,17.91052,3.60524,7.21048,13 13 13 13 13 13 13 13 13 13 13 13 12 12 12 12 12 12 12 12 12 12 12 13 13 13 13 -6.942 0 14 0
13,SIPP_2^5,"56,47,0","12,28,0",1,506.63744799999995,615,1.68436,9.4109,1.85459,3.70918,25 25 25 25 25 25 25 25 25 25 26 26 26 26 26 26 -0.709 24 -13.914 31
13,SIPP_BigCS,"56,47,14","12,28,15",1,510.815513,4428,30.44505,16.69105,3.0419,0.5837,205 205 205 205 205 205 205 309 87 309 87 205 -19.816 333
13,SIPP_Standard,"56,47,14","12,28,15",1,515.66628,933,2.96299,13.06394,2.2482,0.2873,61 93 3 19 61 -1.666 85
14,SIPP_2^2,"49,32,0","33,30,0",1,180.0,45,0.00896,21.2132,4.71239,9.42478,3 3 3 3 3 3 3 3 3 3 3 3 3 3 3 0 3 0
14,SIPP_2^3,"49,32,0","33,30,0",1,168.284272,35,0.01229,11.59279,2.35619,4.71239,6 6 6 6 6 6 6 6 6 6 6 7 6 6 6 7
14,SIPP_2^4,"49,32,0","33,30,0",1,164.72136,27,0.0284,6.94722,1.39094,2.78189,12 12 12 12 12 12 12 12 12 12 13 12 12 13
14,SIPP_2^5,"49,32,0","33,30,0",1,163.24555399999997,23,0.06815,4.82449,0.96525,1.9305,24 24 24 24 24 24 24 25 24 24 24 25
14,SIPP_BigCS,"49,32,2","33,30,10",1,164.0,43,0.51501,5.36699,1.0531,0.1103,365 7 43
14,SIPP_Standard,"49,32,2","33,30,10",1,166.0,3,0.1481,4.17478,0.8457,0.1277,3 23
15,SIPP_2^2,"33,34,0","49,43,0",1,250.0,197,0.03606,70.71068,15.70796,31.41593,1 1 1 1 1 2 1 2 1 2 2 2 1 1 2 2 2 1 1 1 1 1 1 2 1
15,SIPP_2^3,"33,34,0","49,43,0",1,197.27922399999994,84,0.03022,23.81928,4.71239,9.42478,3 2 2 2 2 2 3 3 2 3 3 3 3 3 2 3
15,SIPP_2^4,"33,34,0","49,43,0",1,184.80903199999997,23,0.02414,1.61388,0.32175,0.6435,5 5 5 5 5 5 5 6 6
15,SIPP_2^5,"33,34,0","49,43,0",1,183.914426,17,0.05407,1.86614,0.37307,0.74613,10 10 10 11 10 10 11
15,SIPP_BigCS,"33,34,12","49,43,13",1,183.0,8,0.19659,4.13479,0.6405,0.1703,207 207 207 207 207 207 207 327
15,SIPP_Standard,"33,34,12","49,43,13",1,254.0,143,1.25071,14.74935,2.8774,0.4341,110 36 9
16,SIPP_2^2,"42,17,0","17,11,0",1,310.0,215,0.0687,35.35534,7.85398,15.70796,3 3 3 3 3 3 3 3 3 3 3 3 3 3 3 3 3 3 3 3 3 3 3 0 0 3 0 0 0 3 0
16,SIPP_2^3,"42,17,0","17,11,0",1,280.71067999999997,190,0.09187,27.47782,5.49779,10.99557,6 6 6 6 6 6 6 6 6 6 6 6 6 6 6 6 6 7 6 6 7 6 7 7 0 7
16,SIPP_2^4,"42,17,0","17,11,0",1,275.366312,186,0.25676,7.14758,1.4289,2.8578,12 12 12 12 12 12 12 12 12 12 12 12 12 12 12 12 12 12 13 13 14 15 14
16,SIPP_2^5,"42,17,0","17,11,0",1,273.443203,179,0.66797,8.2476,1.62629,3.25259,24 24 24 24 24 24 24 24 24 24 24 24 24 24 24 25 25 24 28 29
16,SIPP_BigCS,"42,17,5","17,11,6",1,275.0,920,7.71705,11.19427,2.1568,0.4924,7 7 7 7 43 365 7 7 79 202
16,SIPP_Standard,"42,17,5","17,11,6",1,325.0,300,1.0104,14.64004,2.8772,0.4803,47 3 23 42
17,SIPP_2^2,"9,38,0","3,61,0",1,290.0,151,0.04401,14.14214,3.14159,6.28319,2 2 2 2 2 2 2 3 3 3 3 3 3 2 2 2 2 2 2 2 2 2 2 2 2 2 2 2 2
17,SIPP_2^3,"9,38,0","3,61,0",1,254.852816,73,0.04189,16.08935,3.14159,6.28319,5 5 5 5 4 4 4 4 5 4 4 4 4 4 4 4 4 4 4 4 4 4 5
17,SIPP_2^4,"9,38,0","3,61,0",1,244.16407999999998,68,0.09412,2.31131,0.46365,0.9273,9 9 9 9 9 9 8 8 8 8 8 8 8 8 8 8 8
17,SIPP_2^5,"9,38,0","3,61,0",1,240.47456499999998,43,0.17785,7.88736,1.5708,3.14159,17 17 18 17 16 16 16 17 16 16 16 17
17,SIPP_BigCS,"9,38,7","3,61,4",1,242.0,87,0.52974,5.55311,0.9783,0.1089,206 206 206 206 366 4 4 56
17,SIPP_Standard,"9,38,7","3,61,4",1,268.426828,52,0.10365,7.73685,1.2472,0.2589,40 -10.427 62 62
18,SIPP_2^2,"14,9,0","45,19,0",1,410.0,431,0.12741,98.99495,21.99115,43.9823,1 1 2 1 2 2 1 2 1 1 1 2 1 1 1 1 1 1 1 1 1 1 1 1 1 2 2 2 1 1 1 1 1 1 1 1 1 2 1 2 1
18,SIPP_2^3,"14,9,0","45,19,0",1,351.42135999999994,219,0.12079,52.05836,10.21018,20.42035,2 2 2 3 3 2 2 3 3 2 2 2 2 2 2 2 2 2 2 2 3 2 3 2 3 3 2 3 2 2 3
18,SIPP_2^4,"14,9,0","45,19,0",1,333.60679999999996,125,0.19765,25.61446,5.10012,10.20025,5 5 5 5 5 4 5 4 5 4 4 4 5 4 5 4 5 4 4 4 4
18,SIPP_2^5,"14,9,0","45,19,0",1,327.70357599999994,56,0.25198,7.86161,1.5708,3.14159,9 9 10 10 9 9 9 8 8 9 9 8 9
18,SIPP_BigCS,"14,9,10","45,19,2",1,330.0,176,1.21405,8.25636,1.483,0.1764,207 207 207 207 207 311 5 5 5 57 311
18,SIPP_Standard,"14,9,10","45,19,2",1,342.0,55,0.17431,15.862,3.0939,0.415,80 17 95 21
19,SIPP_2^2,"56,0,0","18,2,0",0,-1,0,0.0,0.0,0.0,0.0,
19,SIPP_2^3,"56,0,0","18,2,0",0,-1,0,0.0,0.0,0.0,0.0,
19,SIPP_2^4,"56,0,0","18,2,0",0,-1,0,0.0,0.0,0.0,0.0,
19,SIPP_2^5,"56,0,0","18,2,0",0,-1,0,0.0,0.0,0.0,0.0,
19,SIPP_BigCS,"56,0,0","18,2,0",0,-1,0,0.0,0.0,0.0,0.0,
19,SIPP_Standard,"56,0,0","18,2,15",0,-1,0,5e-05,0.0,0.0,0.0,
20,SIPP_2^2,"42,11,0","59,0,0",0,-1,0,0.0,0.0,0.0,0.0,
20,SIPP_2^3,"42,11,0","59,0,0",0,-1,0,0.0,0.0,0.0,0.0,
20,SIPP_2^4,"42,11,0","59,0,0",0,-1,0,0.0,0.0,0.0,0.0,
20,SIPP_2^5,"42,11,0","59,0,0",0,-1,0,0.0,0.0,0.0,0.0,
20,SIPP_BigCS,"42,11,0","59,0,0",0,-1,0,0.0,0.0,0.0,0.0,
20,SIPP_Standard,"42,11,4","59,0,6",0,-1,90085,180.00379,0.0,0.0,0.0,
21,SIPP_2^2,"50,63,0","45,41,0",0,-1,0,0.0,0.0,0.0,0.0,
21,SIPP_2^3,"50,63,0","45,41,0",0,-1,0,0.0,0.0,0.0,0.0,
21,SIPP_2^4,"50,63,0","45,41,0",0,-1,0,0.0,0.0,0.0,0.0,
21,SIPP_2^5,"50,63,0","45,41,0",0,-1,0,0.0,0.0,0.0,0.0,
21,SIPP_BigCS,"50,63,0","45,41,0",0,-1,0,0.0,0.0,0.0,0.0,
21,SIPP_Standard,"50,63,12","45,41,9",0,-1,0,6e-05,0.0,0.0,0.0,
22,SIPP_2^2,"14,10,0","40,29,0",1,479.883447,984,0.24226,56.56854,12.56637,25.13274,2 2 2 2 2 2 2 2 2 2 2 2 2 1 1 1 1 1 2 2 2 1 1 1 1 1 1 1 2 1 2 2 2 1 1 1 1 1 1 1 1 1 1 1 1 -9.782 1 -0.101 0
22,SIPP_2^3,"14,10,0","40,29,0",1,338.7005839999999,193,0.09006,8.0151,1.5708,3.14159,3 3 3 3 3 3 3 3 3 3 3 3 3 3 3 3 3 3 2 2 2 2 2 2 2 3
22,SIPP_2^4,"14,10,0","40,29,0",1,326.23039199999994,115,0.15027,22.5671,4.50451,9.00902,6 6 5 6 5 6 6 6 5 6 5 6 6 5 6 5 6 5 6
22,SIPP_2^5,"14,10,0","40,29,0",1,323.09927099999993,56,0.24623,2.96354,0.59219,1.18437,11 11 11 11 11 11 12 11 12 12 12 12
22,SIPP_BigCS,"14,10,15","40,29,3",1,322.0,19,0.20921,6.87553,1.2958,0.0749,176 223 100 124 223
22,SIPP_Standard,"14,10,15","40,29,3",1,326.0,26,0.08855,5.51354,0.9733,0.0991,28 48 63 79
23,SIPP_2^2,"33,52,0","46,0,0",0,-1,0,0.0,0.0,0.0,0.0,
23,SIPP_2^3,"33,52,0","46,0,0",0,-1,0,0.0,0.0,0.0,0.0,
23,SIPP_2^4,"33,52,0","46,0,0",0,-1,0,0.0,0.0,0.0,0.0,
23,SIPP_2^5,"33,52,0","46,0,0",0,-1,0,0.0,0.0,0.0,0.0,
23,SIPP_BigCS,"33,52,0","46,0,0",0,-1,0,0.0,0.0,0.0,0.0,
23,SIPP_Standard,"33,52,14","46,0,15",0,-1,88665,180.00074,0.0,0.0,0.0,
24,SIPP_2^2,"48,29,0","1,24,0",1,520.0,357,0.10382,35.35534,7.85398,15.70796,3 3 3 3 3 3 3 3 3 3 3 3 3 3 3 3 3 3 3 3 3 3 3 3 0 0 0 3 3 3 3 3 3 3 3 3 3 3 3 3 3 3 3 3 3 3 3 3 0 3 3 0
24,SIPP_2^3,"48,29,0","1,24,0",1,490.71067999999997,277,0.11185,35.42857,7.06858,14.13717,6 6 6 6 6 6 6 6 6 6 6 6 6 6 6 6 6 6 6 6 6 6 6 6 6 6 7 6 6 6 6 6 7 6 6 6 6 6 6 6 6 7 6 7 6 6 7
24,SIPP_2^4,"48,29,0","1,24,0",1,481.8034,229,0.2754,20.98658,4.17283,8.34566,12 12 12 12 12 12 12 12 12 12 12 12 12 12 12 12 12 12 12 12 12 12 12 12 12 12 13 12 12 12 12 12 12 13 12 12 13 12 12 13 12 13
24,SIPP_2^5,"48,29,0","1,24,0",1,478.1138849999999,194,0.57258,8.06291,1.60875,3.21751,24 24 24 24 24 24 24 24 24 24 24 24 24 24 24 24 24 24 24 24 24 24 24 24 24 24 24 24 25 25 25 24 25 24 24 24 25
24,SIPP_BigCS,"48,29,8","1,24,0",1,480.0,724,5.54961,10.04093,1.9552,0.224,7 7 7 7 7 3 59 365 3 7 59 309
24,SIPP_Standard,"48,29,8","1,24,0",1,485.0,66,0.44116,8.2271,1.63,0.2214,38 3 3 3 3 23
25,SIPP_2^2,"22,47,0","40,50,0",1,210.0,77,0.01897,14.14214,3.14159,6.28319,1 1 1 1 1 1 1 1 1 1 1 1 1 1 1 1 1 2 2 2 1
25,SIPP_2^3,"22,47,0","40,50,0",1,192.42640799999998,57,0.01862,19.45842,3.92699,7.85398,2 2 2 2 2 2 2 2 2 3 2 3 2 2 2 2 2 3
25,SIPP_2^4,"22,47,0","40,50,0",1,187.08204,41,0.04125,6.97882,1.39094,2.78189,4 4 4 4 4 4 4 4 4 4 5 5 4 4 5
25,SIPP_2^5,"22,47,0","40,50,0",1,184.868331,32,0.11584,4.83483,0.96525,1.9305,8 8 8 8 8 8 8 9 9 8 8 9
25,SIPP_BigCS,"22,47,15","40,50,12",1,186.0,69,1.46697,4.96249,0.9769,0.1151,5 5 5 5 5 5 57 311
25,SIPP_Standard,"22,47,15","40,50,12",1,233.0,103,0.56013,9.87444,1.8906,0.2533,53 105 52
26,SIPP_2^2,"18,0,0","48,42,0",0,-1,0,0.0,0.0,0.0,0.0,
26,SIPP_2^3,"18,0,0","48,42,0",0,-1,0,0.0,0.0,0.0,0.0,
26,SIPP_2^4,"18,0,0","48,42,0",0,-1,0,0.0,0.0,0.0,0.0,
26,SIPP_2^5,"18,0,0","48,42,0",0,-1,0,0.0,0.0,0.0,0.0,
26,SIPP_BigCS,"18,0,0","48,42,0",0,-1,0,0.0,0.0,0.0,0.0,
26,SIPP_Standard,"18,0,8","48,42,9",0,-1,0,5e-05,0.0,0.0,0.0,
27,SIPP_2^2,"2,52,0","39,40,0",1,490.0,612,0.15623,56.56854,12.56637,25.13274,1 0 1 0 0 0 0 1 0 0 0 0 0 0 1 1 1 1 1 1 1 1 1 1 1 1 1 1 1 1 1 1 1 1 1 1 1 1 1 1 1 1 1 1 1 1 1 0 1
27,SIPP_2^3,"2,52,0","39,40,0",1,419.7056319999999,351,0.17319,24.17088,4.71239,9.42478,1 1 1 1 1 1 1 2 2 2 2 2 2 2 1 2 2 2 2 2 2 2 2 2 2 2 2 2 2 2 2 1 1 1 2 2 1
27,SIPP_2^4,"2,52,0","39,40,0",1,400.741498,153,0.20923,11.55192,2.31824,4.63648,4 4 4 4 4 4 4 -2.413 3 3 3 3 3 3 3 3 3 3 4 4 4 4 3 4 4 3
27,SIPP_2^5,"2,52,0","39,40,0",1,395.35495899999995,67,0.22397,5.86185,1.17313,2.34627,8 8 8 8 8 8 -2.192 7 7 7 6 7 6 7 6 6 6 7 7
27,SIPP_BigCS,"2,52,15","39,40,10",1,396.411349,112,0.83334,8.39474,1.4399,0.155,5 5 5 5 -2.411 81 201 201 201 201 201 201 201 305 29
27,SIPP_Standard,"2,52,15","39,40,10",1,414.912021,70,0.17499,11.19268,2.1756,0.2766,-2.912 1 9 29 45 5
28,SIPP_2^2,"22,2,0","7,12,0",1,250.0,164,0.03824,49.49747,10.99557,21.99115,3 3 3 3 3 3 3 3 3 2 2 2 2 3 3 3 2 3 3 2 2 2 2 3 2
28,SIPP_2^3,"22,2,0","7,12,0",1,191.42135999999996,67,0.03047,31.99034,6.28319,12.56637,5 5 6 5 6 5 5 5 6 5 5 5 6 6 5
28,SIPP_2^4,"22,2,0","7,12,0",1,182.51407999999998,37,0.04927,8.07128,1.60875,3.21751,11 10 10 11 10 10 11 11 11 10
28,SIPP_2^5,"22,2,0","7,12,0",1,180.27756499999998,5,0.01677,0.0,0.0,0.0,21 21 21 21 21
28,SIPP_BigCS,"22,2,4","7,12,8",1,180.0,7,0.09672,3.54589,0.643,0.0347,203 219 183
28,SIPP_Standard,"22,2,4","7,12,8",1,360.574572,349,0.59078,21.82826,4.2431,0.6485,-18.575 87 24 107 38
29,SIPP_2^2,"16,42,0","57,63,0",0,-1,0,0.0,0.0,0.0,0.0,
29,SIPP_2^3,"16,42,0","57,63,0",0,-1,0,0.0,0.0,0.0,0.0,
29,SIPP_2^4,"16,42,0","57,63,0",0,-1,0,0.0,0.0,0.0,0.0,
29,SIPP_2^5,"16,42,0","57,63,0",0,-1,0,0.0,0.0,0.0,0.0,
29,SIPP_BigCS,"16,42,0","57,63,0",0,-1,0,0.0,0.0,0.0,0.0,
29,SIPP_Standard,"16,42,14","57,63,12",0,-1,91119,180.00065,0.0,0.0,0.0,
30,SIPP_2^2,"55,45,0","31,62,0",1,410.0,573,0.15524,77.78175,17.27876,34.55752,3 3 3 3 3 3 3 3 3 3 3 3 3 3 3 3 3 3 2 2 3 2 2 2 2 2 2 3 3 2 3 2 2 2 2 3 2 2 2 3 2
30,SIPP_2^3,"55,45,0","31,62,0",1,310.4163119999999,169,0.11308,31.06046,6.28319,12.56637,5 6 6 6 6 5 5 5 5 5 5 5 5 5 5 5 5 6 5 6 5 5 6 5
30,SIPP_2^4,"55,45,0","31,62,0",1,297.94611999999995,95,0.20027,11.29988,2.25225,4.50451,11 11 10 11 11 10 11 11 10 10 10 10 11 10 10 10 10
30,SIPP_2^5,"55,45,0","31,62,0",1,294.81499899999994,38,0.22828,2.96354,0.59219,1.18437,21 21 21 21 21 21 20 21 20 20
30,SIPP_BigCS,"55,45,12","31,62,15",1,294.0,11,0.238,5.42625,0.9742,0.0546,203 203 219 103 155 219
30,SIPP_Standard,"55,45,12","31,62,15",1,317.0,146,0.30676,13.43765,2.6033,0.3205,47 11 51 78
31,SIPP_2^2,"57,58,0","46,43,0",1,260.0,234,0.05961,42.42641,9.42478,18.84956,3 3 3 3 3 3 0 0 0 0 0 0 0 3 0 0 0 0 3 3 3 0 0 0 0 3
31,SIPP_2^3,"57,58,0","46,43,0",1,224.85281599999996,137,0.06477,19.91618,3.92699,7.85398,6 6 6 6 6 7 7 7 7 0 0 0 0 0 0 0 7 0 0 7
31,SIPP_2^4,"57,58,0","46,43,0",1,208.306216,51,0.0584,10.29183,2.03444,4.06889,0 0 0 0 0 15 15 0 14 13 13 13 13
31,SIPP_2^5,"57,58,0","46,43,0",1,206.83041,53,0.16351,8.87424,1.75065,3.5013,0 0 31 31 0 0 28 26 26 26 26
31,SIPP_BigCS,"57,58,14","46,43,2",1,210.0,146,1.12822,6.22643,1.1113,0.2241,6 6 6 30 322 197
31,SIPP_Standard,"57,58,14","46,43,2",1,250.0,72,0.18188,14.47014,2.8164,0.4457,107 54 106
32,SIPP_2^2,"0,41,0","20,38,0",0,-1,0,0.0,0.0,0.0,0.0,
32,SIPP_2^3,"0,41,0","20,38,0",0,-1,0,0.0,0.0,0.0,0.0,
32,SIPP_2^4,"0,41,0","20,38,0",0,-1,0,0.0,0.0,0.0,0.0,
32,SIPP_2^5,"0,41,0","20,38,0",0,-1,0,0.0,0.0,0.0,0.0,
32,SIPP_BigCS,"0,41,0","20,38,0",0,-1,0,0.0,0.0,0.0,0.0,
32,SIPP_Standard,"0,41,1","20,38,3",0,-1,0,4e-05,0.0,0.0,0.0,
33,SIPP_2^2,"7,49,0","13,53,0",1,100.0,26,0.00679,7.07107,1.5708,3.14159,1 1 1 1 1 1 2 2 2 2
33,SIPP_2^3,"7,49,0","13,53,0",1,88.820963,23,0.00951,11.84101,2.35619,4.71239,3 3 4 3 -6.395 2 2 2
33,SIPP_2^4,"7,49,0","13,53,0",1,87.147768,21,0.02413,8.33652,1.5708,3.14159,7 6 6 6 3
33,SIPP_2^5,"7,49,0","13,53,0",1,86.70046500000001,21,0.06237,7.29714,1.44644,2.89288,13 12 12 6
33,SIPP_BigCS,"7,49,13","13,53,15",1,88.76477,37,0.2761,7.90371,1.5645,0.4988,64 -2.765 160 5 5
33,SIPP_Standard,"7,49,13","13,53,15",1,489.0,1700,3.9925,27.43081,5.2761,0.8773,53 97 79 104 43 77
34,SIPP_2^2,"11,13,0","14,1,0",1,179.05470200000002,114,0.03141,21.2132,4.71239,9.42478,0 0 0 0 0 0 0 0 3 -9.030 0 -0.012 0 -0.012 0 0 1 1 1 1
34,SIPP_2^3,"11,13,0","14,1,0",1,173.184573,142,0.06408,23.4338,4.71239,9.42478,0 0 0 7 0 7 0 0 -0.734 0 -0.012 0 -0.012 0 1 2 2 2 2
34,SIPP_2^4,"11,13,0","14,1,0",1,171.403117,147,0.18694,12.82596,2.49809,4.99618,0 15 15 0 0 0 -4.297 0 -0.012 0 -0.012 0 3 4 4 4
34,SIPP_2^5,"11,13,0","14,1,0",1,170.665214,145,0.50349,14.76585,2.8578,5.7156,0 31 0 31 -5.772 0 -0.012 0 -0.012 0 7 8 8
34,SIPP_BigCS,"11,13,8","14,1,12",1,170.567252,613,2.52795,10.35134,2.0747,0.4193,306 6 -14.567 38
34,SIPP_Standard,"11,13,8","14,1,12",1,419.277844,372,0.5969,22.02737,4.252,0.6585,72 111 33 -5.278 66 38
35,SIPP_2^2,"35,54,0","25,55,0",1,110.0,11,0.00344,7.07107,1.5708,3.14159,3 3 3 3 3 3 3 3 3 3 2
35,SIPP_2^3,"35,54,0","25,55,0",1,104.142136,10,0.00582,3.82683,0.7854,1.5708,6 6 6 6 6 6 6 6 6 5
35,SIPP_2^4,"35,54,0","25,55,0",1,102.36068,9,0.01368,2.29753,0.46365,0.9273,12 12 12 12 12 12 12 12 11
35,SIPP_2^5,"35,54,0","25,55,0",1,101.622777,8,0.03043,1.60182,0.32175,0.6435,24 24 24 24 24 24 24 23
35,SIPP_BigCS,"35,54,14","25,55,7",1,102.0,8,0.13022,2.74653,0.5456,0.0552,7 7 15
35,SIPP_Standard,"35,54,14","25,55,7",1,425.0,904,1.87969,19.44182,3.6003,0.6426,2 14 109 35 56
36,SIPP_2^2,"22,5,0","8,28,0",1,387.91585599999996,640,0.17046,63.63961,14.13717,28.27433,3 3 3 3 3 3 3 3 2 3 3 2 2 2 2 2 2 2 2 3 3 2 3 2 3 2 2 2 -6.713 2 -11.119 2 -0.084 2 2 2 2 2 2 2
36,SIPP_2^3,"22,5,0","8,28,0",1,287.9899039999999,129,0.08411,15.82293,3.14159,6.28319,5 5 5 4 4 4 4 4 4 4 4 5 5 5 5 5 5 5 5 5 4 5 5
36,SIPP_2^4,"22,5,0","8,28,0",1,273.7382559999999,69,0.13033,12.66306,2.53605,5.0721,9 9 9 9 9 9 8 10 10 10 9 10 10 9 10
36,SIPP_2^5,"22,5,0","8,28,0",1,272.10574699999995,58,0.27934,5.01871,1.00034,2.00067,18 18 18 18 18 17 20 20 19 19 20 20
36,SIPP_BigCS,"22,5,10","8,28,5",1,274.0,124,0.94179,5.86469,1.106,0.0746,84 222 103 103 103 179
36,SIPP_Standard,"22,5,10","8,28,5",1,325.66946799999994,234,0.66469,13.19853,2.533,0.2994,44 24 67 -1.669 55
37,SIPP_2^2,"21,61,0","35,57,0",1,180.0,72,0.02372,49.49747,10.99557,21.99115,1 1 1 1 1 1 1 1 0 1 1 1 0 1 0 1 1 0
37,SIPP_2^3,"21,61,0","35,57,0",1,156.56854399999997,50,0.03286,19.64322,3.92699,7.85398,2 2 2 2 2 2 2 1 1 2 1 2 2 1
37,SIPP_2^4,"21,61,0","35,57,0",1,149.44272,31,0.05984,6.97882,1.39094,2.78189,4 4 4 4 3 3 4 4 3 3
37,SIPP_2^5,"21,61,0","35,57,0",1,146.491108,15,0.07161,6.45567,1.287,2.574,7 8 7 8 7 7
37,SIPP_BigCS,"21,61,1","35,57,7",1,148.0,31,0.45688,4.96131,0.9691,0.1012,305 5 81
37,SIPP_Standard,"21,61,1","35,57,7",1,406.0,842,1.99261,20.35063,3.9219,0.6,54 106 41 71 44
38,SIPP_2^2,"41,46,0","25,26,0",1,360.0,443,0.08368,98.99495,21.99115,43.9823,3 3 3 3 3 3 3 0 0 0 0 3 0 0 0 3 0 3 3 0 0 3 3 0 3 0 0 3 0 0 0 0 0 0 0 3
38,SIPP_2^3,"41,46,0","25,26,0",1,266.2741759999999,102,0.03348,11.68788,2.35619,4.71239,7 7 7 7 7 7 7 7 7 7 7 7 7 7 7 0 0 7 0 0
38,SIPP_2^4,"41,46,0","25,26,0",1,259.14835199999993,70,0.06291,4.84465,0.96525,1.9305,14 14 14 14 14 14 14 14 14 14 14 15 15 15 14 15
38,SIPP_2^5,"41,46,0","25,26,0",1,257.35913999999997,48,0.11863,3.95525,0.78958,1.57916,28 28 28 28 28 29 28 28 29 29 29 28
38,SIPP_BigCS,"41,46,9","25,26,10",1,256.0,14,0.35906,5.29273,0.9842,0.066,102 102 102 154 218 154
38,SIPP_Standard,"41,46,9","25,26,10",1,329.0,452,1.13623,8.60321,1.6513,0.2263,2 6 82 3
39,SIPP_2^2,"30,15,0","12,52,0",1,550.0,948,0.20728,106.06602,23.56194,47.12389,2 2 2 2 2 2 2 2 2 2 2 2 2 2 2 2 2 2 2 2 2 2 2 2 2 2 2 2 2 3 3 3 3 3 3 2 3 2 3 2 3 3 3 2 3 3 2 2 3 3 2 3 3 2 3
39,SIPP_2^3,"30,15,0","12,52,0",1,444.5584479999999,434,0.18116,27.40261,5.49779,10.99557,4 4 4 4 4 4 4 4 4 4 4 4 4 4 5 5 5 5 5 5 5 5 5 5 5 5 4 5 5 5 4 4 4 5 5 4 5
39,SIPP_2^4,"30,15,0","12,52,0",1,414.273696,83,0.10578,6.28506,1.24905,2.49809,9 9 9 9 9 9 9 9 9 9 9 9 9 8 8 9 9 9 9 10
39,SIPP_2^5,"30,15,0","12,52,0",1,412.350587,63,0.20527,3.45937,0.69194,1.38389,18 18 18 18 18 18 18 18 18 18 18 17 18 17 18 18 19
39,SIPP_BigCS,"30,15,0","12,52,2",1,413.0,91,0.66087,9.83464,1.6099,0.3302,198 198 206 206 206 310 72 179
39,SIPP_Standard,"30,15,0","12,52,2",1,418.0,40,0.15268,7.57611,1.1886,0.0899,16 62 62 70 51
40,SIPP_2^2,"8,4,0","35,39,0",1,620.0,1432,0.35236,113.13708,25.13274,50.26548,1 1 1 1 1 1 1 1 1 1 1 1 1 1 1 1 1 1 2 1 2 2 2 2 2 2 2 2 2 2 2 2 2 2 2 2 2 2 2 2 2 2 2 2 2 2 1 2 1 2 1 2 2 1 2 1 2 2 1 1 2 1
40,SIPP_2^3,"8,4,0","35,39,0",1,461.8376719999998,288,0.11852,39.79757,7.85398,15.70796,3 3 3 3 3 3 4 3 3 4 4 3 4 3 3 3 3 3 4 4 4 3 3 4 3 3 3 3 3 3 3 3 3 3 3
40,SIPP_2^4,"8,4,0","35,39,0",1,447.5860239999999,181,0.22024,19.37171,3.86101,7.72201,6 6 6 6 6 6 7 6 6 7 7 6 6 7 6 7 6 6 7 7 6 7 6 6 6 6 6
40,SIPP_2^5,"8,4,0","35,39,0",1,444.0075999999999,115,0.38394,6.9124,1.38177,2.76354,13 13 13 12 13 12 13 13 13 12 12 12 12 12 12 12 13 12 12
40,SIPP_BigCS,"8,4,11","35,39,0",1,442.0,46,0.33072,10.53503,1.969,0.1322,100 152 248 152 216 152 216
40,SIPP_Standard,"8,4,11","35,39,0",1,481.0,440,1.03524,9.44562,1.8103,0.1827,0 8 48 71 28 48
41,SIPP_2^2,"21,32,0","7,18,0",0,-1,0,0.0,0.0,0.0,0.0,
41,SIPP_2^3,"21,32,0","7,18,0",0,-1,0,0.0,0.0,0.0,0.0,
41,SIPP_2^4,"21,32,0","7,18,0",0,-1,0,0.0,0.0,0.0,0.0,
41,SIPP_2^5,"21,32,0","7,18,0",0,-1,0,0.0,0.0,0.0,0.0,
41,SIPP_BigCS,"21,32,0","7,18,0",0,-1,0,0.0,0.0,0.0,0.0,
41,SIPP_Standard,"21,32,14","7,18,10",0,-1,0,7e-05,0.0,0.0,0.0,
42,SIPP_2^2,"11,42,0","23,24,0",1,300.0,295,0.07384,63.63961,14.13717,28.27433,0 0 0 0 0 0 0 0 0 0 0 0 0 1 1 0 0 1 1 1 0 1 1 0 1 1 1 1 0 1
42,SIPP_2^3,"11,42,0","23,24,0",1,229.70563199999992,100,0.04282,19.54897,3.92699,7.85398,0 0 0 1 0 0 1 1 1 1 1 1 1 1 1 1 0 1
42,SIPP_2^4,"11,42,0","23,24,0",1,219.01689599999995,51,0.06157,1.60648,0.32175,0.6435,1 1 1 1 1 1 2 2 2 2 2 2
42,SIPP_2^5,"11,42,0","23,24,0",1,216.33307799999997,6,0.02123,0.0,0.0,0.0,3 3 3 3 3 3
42,SIPP_BigCS,"11,42,13","23,24,10",1,216.0,6,0.13665,3.85895,0.6528,0.0402,204 204 204 220 125
42,SIPP_Standard,"11,42,13","23,24,10",1,244.0,72,0.20663,12.35424,2.4143,0.3151,37 22 45
43,SIPP_2^2,"58,25,0","47,29,0",1,189.074867,132,0.03982,42.42641,9.42478,18.84956,3 3 3 2 -39.013 3 -0.029 3 -0.034 3 3 2 3 3 3 2 2 3
43,SIPP_2^3,"58,25,0","47,29,0",1,126.568544,27,0.01491,7.83653,1.5708,3.14159,6 6 5 5 5 5 6 6 6 6 6
43,SIPP_2^4,"58,25,0","47,29,0",1,119.44272,16,0.02423,4.68816,0.9273,1.85459,11 11 11 12 12 12 11
43,SIPP_2^5,"58,25,0","47,29,0",1,117.96691399999999,10,0.03697,3.93146,0.7854,1.5708,22 22 23 24 23
43,SIPP_BigCS,"58,25,10","47,29,7",1,118.0,8,0.1452,2.87528,0.5061,0.0613,203 203 307 7
43,SIPP_Standard,"58,25,10","47,29,7",1,421.0,1497,3.42602,24.1797,4.706,0.7507,66 38 15 110 32
44,SIPP_2^2,"50,58,0","61,25,0",1,444.49124400000005,467,0.14106,49.49747,10.99557,21.99115,1 1 1 0 1 1 0 0 0 1 1 0 0 0 -4.491 0 0 0 0 0 0 0 0 0 0 0 0 0 0 0 0 0 0 0 0 0 0 0 0 0 1 1 1 1 0
44,SIPP_2^3,"50,58,0","61,25,0",1,427.2081559999999,459,0.24596,44.98052,8.63938,17.27876,2 2 1 1 1 1 0 1 0 1 -22.544 7 0 0 0 0 0 0 0 0 0 0 0 0 0 0 0 0 0 0 0 0 0 1 1 2 -3.243 1
44,SIPP_2^4,"50,58,0","61,25,0",1,425.74913799999996,476,0.74266,32.27721,6.74683,13.49367,8 10 0 0 0 0 0 1 1 1 1 1 1 1 0 0 0 0 0 0 0 0 0 0 0 1 2 4 4 -6.219 1
44,SIPP_2^5,"50,58,0","61,25,0",1,425.74913799999996,491,1.93356,36.44705,8.03384,16.06767,16 12 31 1 1 1 1 2 1 0 0 0 0 0 0 0 0 1 0 -2.779 4 8 8 -8.605 2
44,SIPP_BigCS,"50,58,12","61,25,14",1,425.73314799999997,1690,9.53652,33.35073,6.6053,1.83,351 165 -7.296 378 364 6 6 30 338 -2.504 372 -0.932 321
44,SIPP_Standard,"50,58,12","61,25,14",1,458.823478,140,0.26498,23.10312,4.4472,0.6974,13 -38.823 92 10 42 76
45,SIPP_2^2,"15,49,0","56,57,0",1,490.0,481,0.14097,56.56854,12.56637,25.13274,1 1 1 1 1 1 1 1 1 1 1 1 1 1 1 1 1 1 1 1 2 2 1 1 1 1 2 2 1 1 1 1 1 1 1 1 1 1 1 2 2 2 1 1 1 1 1 2 1
45,SIPP_2^3,"15,49,0","56,57,0",1,443.13708799999995,331,0.18391,43.74499,8.63938,17.27876,2 2 2 2 2 2 2 2 2 3 2 2 3 3 2 3 2 2 2 3 2 2 2 2 2 2 2 2 2 2 2 2 3 3 2 2 2 2 2 2 3
45,SIPP_2^4,"15,49,0","56,57,0",1,428.88544,216,0.35211,11.6345,2.31824,4.63648,4 4 4 4 4 4 4 4 4 4 4 4 4 4 4 4 4 4 4 4 4 5 5 5 5 4 4 4 5 5 5 4 5
45,SIPP_2^5,"15,49,0","56,57,0",1,422.9822159999999,132,0.5502,11.28832,2.25225,4.50451,8 8 8 8 8 8 8 8 8 8 8 9 8 8 9 8 9 9 9 9 9 8 8 8 9
45,SIPP_BigCS,"15,49,1","56,57,11",1,426.0,553,4.0708,10.96399,2.03,0.2254,1 41 207 207 311 57 207 367
45,SIPP_Standard,"15,49,1","56,57,11",1,486.0,1161,2.27437,23.16038,4.4937,0.6309,48 79 80 9 53 105
46,SIPP_2^2,"27,7,0","31,6,0",1,70.0,14,0.00837,28.28427,6.28319,12.56637,1 1 0 0 1 2 1
46,SIPP_2^3,"27,7,0","31,6,0",1,52.426408,9,0.00546,11.61063,2.35619,4.71239,2 1 1 3
46,SIPP_2^4,"27,7,0","31,6,0",1,50.644951999999996,9,0.01371,9.91402,1.89255,3.78509,3 2 6
46,SIPP_2^5,"27,7,0","31,6,0",1,50.197649,8,0.02999,6.44121,1.3734,2.7468,5 12
46,SIPP_BigCS,"27,7,2","31,6,5",1,167.0,518,2.45172,23.55036,4.703,1.7087,350 164 329 70
46,SIPP_Standard,"27,7,2","31,6,5",1,425.0,366,0.8332,27.19369,5.2516,0.8689,15 110 32 81 6
47,SIPP_2^2,"57,57,0","39,34,0",1,410.0,578,0.14628,42.42641,9.42478,18.84956,0 0 0 0 0 0 0 0 3 0 0 0 3 3 3 3 3 3 3 3 3 3 3 3 3 3 3 3 0 0 0 0 0 0 0 0 0 0 0 3 0
47,SIPP_2^3,"57,57,0","39,34,0",1,304.55844799999994,61,0.02622,23.47506,4.71239,9.42478,7 0 0 7 7 0 0 7 7 7 7 7 7 7 7 7 7 7 7 0 7 7 7
47,SIPP_2^4,"57,57,0","39,34,0",1,295.6511679999999,47,0.05832,4.84482,0.96525,1.9305,15 15 15 15 14 14 14 14 14 14 14 14 14 14 14 14 15 14
47,SIPP_2^5,"57,57,0","39,34,0",1,294.7565619999999,43,0.17092,3.58405,0.71654,1.43308,30 30 30 29 28 28 28 28 28 28 28 29 28 28 28 28
47,SIPP_BigCS,"57,57,6","39,34,14",1,292.0,19,0.25657,3.71932,0.6528,0.0402,202 202 218 102 102 102 102 102 102 102 154
47,SIPP_Standard,"57,57,6","39,34,14",1,324.0,75,0.17081,13.99648,2.7359,0.4213,10 54 66 34
48,SIPP_2^2,"18,8,0","16,26,0",1,200.0,51,0.01548,28.28427,6.28319,12.56637,2 2 2 2 2 2 2 2 2 2 2 2 2 2 2 3 2 2 3 2
48,SIPP_2^3,"18,8,0","16,26,0",1,188.284272,41,0.02505,11.59279,2.35619,4.71239,4 4 4 4 4 4 4 4 4 4 4 4 4 4 5 4 4 5
48,SIPP_2^4,"18,8,0","16,26,0",1,184.72136,31,0.05715,6.94722,1.39094,2.78189,8 8 8 8 8 8 8 8 8 8 8 8 9 8 8 9
48,SIPP_2^5,"18,8,0","16,26,0",1,183.24555399999997,27,0.14669,4.82449,0.96525,1.9305,16 16 16 16 16 16 16 17 16 16 16 16 16 17
48,SIPP_BigCS,"18,8,6","16,26,9",1,184.0,51,0.49206,4.98532,0.9783,0.1089,366 4 4 4 4 4 56
48,SIPP_Standard,"18,8,6","16,26,9",1,334.0,539,1.51815,21.14604,4.1246,0.693,109 39 8 32
49,SIPP_2^2,"27,21,0","1,4,0",1,430.0,591,0.15094,28.28427,6.28319,12.56637,3 3 3 3 3 3 3 3 3 3 3 3 3 3 3 3 3 3 3 3 3 3 0 3 3 3 0 0 0 0 0 0 0 0 0 0 0 0 0 0 0 0 3
49,SIPP_2^3,"27,21,0","1,4,0",1,353.79976199999993,244,0.11409,27.23844,5.49779,10.99557,6 6 6 6 7 6 6 6 6 6 6 6 -1.023 6 -4.786 7 7 7 7 7 7 7 7 7 7 7 0 7 0 0 7
49,SIPP_2^4,"27,21,0","1,4,0",1,314.3832079999999,82,0.11564,4.83823,0.96525,1.9305,13 13 13 13 13 13 13 14 14 14 14 13 13 14 14 14 14
49,SIPP_2^5,"27,21,0","1,4,0",1,313.0412989999999,60,0.26491,3.58573,0.71654,1.43308,26 26 26 26 26 26 27 28 28 28 27 27 28 28
49,SIPP_BigCS,"27,21,0","1,4,5",1,310.0,13,0.21315,4.24799,0.6536,0.0463,205 205 205 205 205 205 253 102 102 102 178
49,SIPP_Standard,"27,21,0","1,4,5",1,343.00001000000003,58,0.27291,16.3154,3.1847,0.4412,50 -17.000 77 82 27
50,SIPP_2^2,"16,4,0","18,35,0",1,330.0,89,0.0237,21.2132,4.71239,9.42478,2 2 2 2 2 2 2 2 2 2 2 2 2 2 2 2 2 2 2 2 2 2 2 2 2 2 2 2 2 2 1 2 1
50,SIPP_2^3,"16,4,0","18,35,0",1,318.284272,79,0.03771,11.59279,2.35619,4.71239,4 4 4 4 4 4 4 4 4 4 4 4 4 4 4 4 4 4 4 4 4 4 4 4 4 4 4 4 3 4 3
50,SIPP_2^4,"16,4,0","18,35,0",1,314.72136,68,0.0986,6.94722,1.39094,2.78189,8 8 8 8 8 8 8 8 8 8 8 8 8 8 8 8 8 8 8 8 8 8 8 8 8 7 8 8 7
50,SIPP_2^5,"16,4,0","18,35,0",1,313.24555399999997,54,0.22194,4.82449,0.96525,1.9305,16 16 16 16 16 16 16 16 16 16 16 16 16 16 16 16 16 16 16 16 16 16 16 15 16 16 15
50,SIPP_BigCS,"16,4,4","18,35,11",1,314.0,111,0.92443,5.36699,1.0531,0.1103,360 4 4 4 4 4 4 4 4 0 12
50,SIPP_Standard,"16,4,4","18,35,11",1,321.0,31,0.10633,6.75321,1.3299,0.1489,44 0 0 16
51,SIPP_2^2,"35,39,0","17,24,0",1,330.0,369,0.06585,106.06602,23.56194,47.12389,3 3 3 3 3 3 3 3 0 0 0 3 3 0 0 3 0 0 0 3 0 3 0 3 3 0 0 3 3 0 0 3 0
51,SIPP_2^3,"35,39,0","17,24,0",1,242.13203999999993,73,0.02263,7.66202,1.5708,3.14159,7 7 7 7 7 7 7 7 7 7 7 7 7 7 6 6 6 7
51,SIPP_2^4,"35,39,0","17,24,0",1,236.78767199999996,55,0.04965,6.44861,1.287,2.574,14 14 14 14 14 14 14 14 14 13 14 13 13 14 14
51,SIPP_2^5,"35,39,0","17,24,0",1,235.44576299999994,41,0.1033,3.953,0.78958,1.57916,28 28 28 27 28 27 27 28 28 28 28 28
51,SIPP_BigCS,"35,39,15","17,24,0",1,234.0,12,0.18091,3.45046,0.6528,0.0402,102 102 102 102 102 102 126 221
51,SIPP_Standard,"35,39,15","17,24,0",1,237.0,10,0.06728,4.98437,0.9733,0.0991,30 50 77
52,SIPP_2^2,"28,14,0","45,4,0",1,270.0,229,0.06722,113.13708,25.13274,50.26548,1 1 1 1 0 1 1 0 1 1 1 0 1 0 0 1 1 0 1 0 1 0 0 1 1 0 1
52,SIPP_2^3,"28,14,0","45,4,0",1,211.42135999999996,94,0.05908,24.2439,4.71239,9.42478,1 1 1 1 1 2 2 1 2 2 1 1 1 2 2 2 1
52,SIPP_2^4,"28,14,0","45,4,0",1,198.95116799999997,34,0.06721,4.83601,0.96525,1.9305,3 3 3 3 3 3 2 2 3 2
52,SIPP_2^5,"28,14,0","45,4,0",1,197.60925899999998,19,0.10417,0.6221,0.12436,0.24871,6 6 6 6 5 5 5
52,SIPP_BigCS,"28,14,7","45,4,7",1,196.0,6,0.26833,2.29572,0.3214,0.0144,201 201 201 201 201 217
52,SIPP_Standard,"28,14,7","45,4,7",1,245.0,106,0.29772,12.07222,2.3529,0.367,32 65 37
53,SIPP_2^2,"29,57,0","36,15,0",1,545.030172,781,0.19953,28.28427,6.28319,12.56637,0 0 0 0 0 0 0 0 0 0 0 -55.006 0 -0.012 0 -0.012 0 0 0 0 0 0 0 0 0 0 0 0 0 0 0 0 0 0 0 0 0 0 0 0 0 0 1 1 1 0 0 1 1 1 1 0
53,SIPP_2^3,"29,57,0","36,15,0",1,448.99495199999996,294,0.10957,27.55956,5.49779,10.99557,0 0 0 0 0 0 0 0 0 0 0 0 0 1 0 0 0 0 0 0 0 0 0 0 0 0 0 0 0 0 0 0 1 0 0 0 1 1 1 1 0 1
53,SIPP_2^4,"29,57,0","36,15,0",1,436.52476,225,0.22688,16.23975,3.24553,6.49107,0 0 0 0 0 0 0 0 0 0 0 0 1 0 0 0 0 0 0 0 0 0 0 0 0 0 0 1 1 1 0 1 1 0 1
53,SIPP_2^5,"29,57,0","36,15,0",1,431.3594389999999,171,0.45794,11.25258,2.25225,4.50451,0 0 0 0 0 0 0 0 0 0 0 0 1 0 0 0 0 0 0 0 1 1 1 1 0 1 0 1
53,SIPP_BigCS,"29,57,8","36,15,0",1,434.0,683,3.71553,10.18883,1.9474,0.2101,308 6 6 6 6 6 6 2 86 204 364 58
53,SIPP_Standard,"29,57,8","36,15,0",1,482.0,1136,2.89931,16.50619,3.1915,0.3374,54 90 22 49 68 37
54,SIPP_2^2,"49,48,0","41,38,0",1,180.0,106,0.02464,98.99495,21.99115,43.9823,0 3 0 3 3 0 3 0 3 0 3 0 0 3 0 0 3 0
54,SIPP_2^3,"49,48,0","41,38,0",1,133.13708799999998,28,0.01258,16.17108,3.14159,6.28319,7 7 7 7 7 0 7 0 7 7
54,SIPP_2^4,"49,48,0","41,38,0",1,129.574176,20,0.02636,3.23064,0.6435,1.287,14 14 14 14 15 15 14 14
54,SIPP_2^5,"49,48,0","41,38,0",1,128.67956999999998,15,0.0543,3.95075,0.78958,1.57916,28 28 29 28 29 28
54,SIPP_BigCS,"49,48,9","41,38,2",1,128.0,6,0.17734,3.47705,0.6634,0.0518,154 250
54,SIPP_Standard,"49,48,9","41,38,2",1,169.0,27,0.11645,12.69066,2.4946,0.4716,108 34
55,SIPP_2^2,"49,6,0","42,44,0",1,450.0,393,0.12119,49.49747,10.99557,21.99115,2 2 2 2 2 2 2 2 2 2 2 2 2 2 2 2 2 2 2 2 2 2 2 2 2 2 2 2 2 2 2 2 2 2 3 3 2 2 3 3 2 3 3 2 3
55,SIPP_2^3,"49,6,0","42,44,0",1,408.99495199999996,271,0.13356,19.45842,3.92699,7.85398,4 4 4 4 4 4 4 4 4 4 4 4 4 4 4 4 4 4 4 4 4 4 4 4 4 4 5 4 5 4 4 4 4 5 5 5 5 5
55,SIPP_2^4,"49,6,0","42,44,0",1,401.24612,276,0.3935,30.29674,6.02742,12.05484,8 8 8 8 8 9 8 9 8 8 9 8 8 8 9 8 8 8 9 9 8 8 9 9 8 8 8 8 7
55,SIPP_2^5,"49,6,0","42,44,0",1,394.60499299999987,211,0.82435,4.83673,0.96525,1.9305,16 16 16 16 16 16 16 16 16 16 17 17 17 17 17 17 17 17 16 15
55,SIPP_BigCS,"49,6,14","42,44,2",1,398.0,1080,6.81345,15.30357,2.9483,0.3337,206 310 40 366 84 318
55,SIPP_Standard,"49,6,14","42,44,2",1,406.0,159,0.36593,15.23752,2.9599,0.3703,39 0 20 39 4
56,SIPP_2^2,"6,1,0","37,12,0",1,420.0,359,0.08415,56.56854,12.56637,25.13274,1 1 1 1 1 1 1 1 1 1 1 1 1 1 1 1 1 1 1 1 1 1 1 1 1 2 1 1 1 2 1 2 2 1 2 2 2 2 2 2 2 1
56,SIPP_2^3,"6,1,0","37,12,0",1,355.56349599999993,248,0.12366,67.72584,13.35177,26.70354,2 2 2 2 2 2 2 2 3 2 3 2 3 2 3 2 3 2 3 2 2 3 3 2 3 3 2 2 2 2 3
56,SIPP_2^4,"6,1,0","37,12,0",1,335.96747999999997,139,0.18948,11.6369,2.31824,4.63648,5 5 5 5 5 5 5 5 5 4 4 4 4 5 4 5 4 4 4 4
56,SIPP_2^5,"6,1,0","37,12,0",1,329.3263529999999,29,0.10869,1.4198,0.28379,0.56759,9 9 9 9 9 9 9 9 10 10 9
56,SIPP_BigCS,"6,1,2","37,12,2",1,332.0,154,1.01971,6.07731,0.9769,0.1151,207 207 207 207 207 207 207 207 311 5 5 5 57
56,SIPP_Standard,"6,1,2","37,12,2",1,337.0,35,0.09283,10.49299,1.9268,0.2099,36 17 63 95
57,SIPP_2^2,"4,34,0","40,2,0",1,680.0,1521,0.40513,176.7767,39.26991,78.53982,0 0 0 0 0 0 0 0 0 0 0 0 0 0 0 0 0 1 1 1 0 0 0 1 1 1 1 1 1 1 1 1 1 0 1 0 1 0 0 1 0 1 1 0 1 0 1 1 1 1 1 1 1 1 1 1 1 0 1 1 0 1 0 1 0 1 0 1
57,SIPP_2^3,"4,34,0","40,2,0",1,503.5042949999999,362,0.16681,23.70544,4.71239,9.42478,1 1 1 1 1 1 1 1 1 1 1 1 1 1 1 1 1 1 2 1 1 -1.660 1 1 1 1 1 1 1 -3.488 1 -5.808 1 2 2 1 1 2 1
57,SIPP_2^4,"4,34,0","40,2,0",1,500.26741799999996,461,0.59906,29.86688,5.7156,11.4312,2 2 2 2 2 2 2 2 2 2 2 2 3 2 2 3 3 2 2 2 2 2 2 2 2 2 3 -4.295 0 -0.022 0 -0.094 4 -0.500 2 3 2
57,SIPP_2^5,"4,34,0","40,2,0",1,499.56671900000003,478,1.72047,19.48882,3.73378,7.46756,4 4 4 4 4 4 4 4 4 4 4 4 4 5 4 5 4 4 4 4 4 4 4 4 4 -1.677 0 -0.020 8 -8.378 5 5
57,SIPP_BigCS,"4,34,1","40,2,12",1,500.09347599999995,2853,23.9358,19.08352,3.5771,0.7173,201 201 201 201 249 153 249 153 321 -1.931 308 -0.162 78 201
57,SIPP_Standard,"4,34,1","40,2,12",1,503.77816299999995,530,1.82509,12.31927,2.4004,0.2846,68 29 29 -2.365 53 73 -6.413 84
58,SIPP_2^2,"60,40,0","34,62,0",1,480.0,763,0.19782,106.06602,23.56194,47.12389,3 3 3 3 3 3 3 3 3 3 3 3 3 3 3 2 2 3 3 2 2 2 2 2 2 2 3 2 2 3 2 3 3 2 2 2 2 3 2 2 3 2 2 2 3 3 3 2
58,SIPP_2^3,"60,40,0","34,62,0",1,351.12699199999986,142,0.10017,16.1271,3.14159,6.28319,5 5 5 5 5 5 5 5 5 5 5 5 5 5 5 5 5 5 6 5 5 5 6 6 6 5
58,SIPP_2^4,"60,40,0","34,62,0",1,344.0011679999999,106,0.21625,12.89901,2.574,5.14801,10 10 10 10 10 10 10 10 10 11 10 10 11 10 10 10 11 10 10 11 10 10
58,SIPP_2^5,"60,40,0","34,62,0",1,342.21195599999993,79,0.44196,3.95221,0.78958,1.57916,20 20 20 20 20 20 21 20 20 20 20 20 21 21 21 20 20 20
58,SIPP_BigCS,"60,40,15","34,62,3",1,340.0,20,0.23781,5.29273,0.9842,0.066,103 103 103 103 103 103 103 103 103 155 219 155
58,SIPP_Standard,"60,40,15","34,62,3",1,406.0,767,1.42896,19.84148,3.8507,0.5332,47 11 55 75 110
59,SIPP_2^2,"13,27,0","63,4,0",0,-1,0,0.0,0.0,0.0,0.0,
59,SIPP_2^3,"13,27,0","63,4,0",0,-1,0,0.0,0.0,0.0,0.0,
59,SIPP_2^4,"13,27,0","63,4,0",0,-1,0,0.0,0.0,0.0,0.0,
59,SIPP_2^5,"13,27,0","63,4,0",0,-1,0,0.0,0.0,0.0,0.0,
59,SIPP_BigCS,"13,27,0","63,4,0",0,-1,0,0.0,0.0,0.0,0.0,
59,SIPP_Standard,"13,27,12","63,4,4",0,-1,89806,180.00108,0.0,0.0,0.0,
60,SIPP_2^2,"19,42,0","9,39,0",1,130.0,39,0.01103,21.2132,4.71239,9.42478,3 3 3 3 3 3 3 3 3 0 0 3 0
60,SIPP_2^3,"19,42,0","9,39,0",1,112.42640799999998,25,0.01136,19.45842,3.92699,7.85398,6 6 6 6 7 6 7 6 6 7
60,SIPP_2^4,"19,42,0","9,39,0",1,107.08203999999999,20,0.02703,2.34408,0.46365,0.9273,13 13 13 12 12 12 12
60,SIPP_2^5,"19,42,0","9,39,0",1,104.868331,7,0.0264,3.23301,0.6435,1.287,25 25 24 25
60,SIPP_BigCS,"19,42,3","9,39,4",1,106.0,13,0.47541,2.73576,0.5061,0.0613,205 309 7 7
60,SIPP_Standard,"19,42,3","9,39,4",1,416.0,1072,2.15049,25.81702,4.9904,0.8703,40 78 107 42 92
61,SIPP_2^2,"8,24,0","18,60,0",0,-1,0,0.0,0.0,0.0,0.0,
61,SIPP_2^3,"8,24,0","18,60,0",0,-1,0,0.0,0.0,0.0,0.0,
61,SIPP_2^4,"8,24,0","18,60,0",0,-1,0,0.0,0.0,0.0,0.0,
61,SIPP_2^5,"8,24,0","18,60,0",0,-1,0,0.0,0.0,0.0,0.0,
61,SIPP_BigCS,"8,24,0","18,60,0",0,-1,0,0.0,0.0,0.0,0.0,
61,SIPP_Standard,"8,24,10","18,60,11",0,-1,0,8e-05,0.0,0.0,0.0,
62,SIPP_2^2,"43,0,0","17,39,0",0,-1,0,0.0,0.0,0.0,0.0,
62,SIPP_2^3,"43,0,0","17,39,0",0,-1,0,0.0,0.0,0.0,0.0,
62,SIPP_2^4,"43,0,0","17,39,0",0,-1,0,0.0,0.0,0.0,0.0,
62,SIPP_2^5,"43,0,0","17,39,0",0,-1,0,0.0,0.0,0.0,0.0,
62,SIPP_BigCS,"43,0,0","17,39,0",0,-1,0,0.0,0.0,0.0,0.0,
62,SIPP_Standard,"43,0,14","17,39,0",0,-1,0,1e-05,0.0,0.0,0.0,
63,SIPP_2^2,"0,45,0","47,25,0",0,-1,0,0.0,0.0,0.0,0.0,
63,SIPP_2^3,"0,45,0","47,25,0",0,-1,0,0.0,0.0,0.0,0.0,
63,SIPP_2^4,"0,45,0","47,25,0",0,-1,0,0.0,0.0,0.0,0.0,
63,SIPP_2^5,"0,45,0","47,25,0",0,-1,0,0.0,0.0,0.0,0.0,
63,SIPP_BigCS,"0,45,0","47,25,0",0,-1,0,0.0,0.0,0.0,0.0,
63,SIPP_Standard,"0,45,14","47,25,4",0,-1,0,1e-05,0.0,0.0,0.0,
64,SIPP_2^2,"29,2,0","59,45,0",1,730.0,1642,0.40277,113.13708,25.13274,50.26548,1 1 1 1 1 1 1 1 1 1 1 1 1 1 1 1 1 1 1 2 2 2 2 2 2 2 2 2 2 2 2 2 2 2 2 2 2 1 1 2 1 2 2 1 1 2 1 2 2 2 2 2 2 2 1 2 2 2 2 2 2 2 2 2 2 2 1 1 2 2 1 2 1
64,SIPP_2^3,"29,2,0","59,45,0",1,579.890188,869,0.46431,23.20196,4.71239,9.42478,3 3 3 3 3 3 3 3 3 3 3 3 3 3 3 3 3 3 3 3 3 3 3 3 3 3 3 2 3 2 -2.787 3 4 4 4 4 4 4 4 4 -1.674 4 -0.534 4 -0.151 4 -0.060 4 -0.420 4 5
64,SIPP_2^4,"29,2,0","59,45,0",1,579.562466,1036,1.58477,12.78274,2.53605,5.0721,6 6 6 6 6 6 6 6 6 6 6 6 6 6 6 6 6 6 6 6 5 6 6 6 6 5 5 -2.938 7 8 8 8 8 8 8 8 8 -2.791 8 -0.534 8 -0.151 8 -0.060 8 -1.874 9
64,SIPP_2^5,"29,2,0","59,45,0",1,525.290213,94,0.38123,7.90841,1.57916,3.15833,13 13 13 13 13 13 13 12 13 12 13 12 13 13 13 12 13
64,SIPP_BigCS,"29,2,11","59,45,3",1,524.0,35,0.48784,9.39403,1.627,0.0948,200 200 200 200 200 216 100 100 152 216 152 216
64,SIPP_Standard,"29,2,11","59,45,3",1,581.7286369999999,2103,6.44533,16.10367,3.0802,0.2644,71 52 64 48 79 -16.729 88 16
65,SIPP_2^2,"14,56,0","14,3,0",0,-1,0,0.0,0.0,0.0,0.0,
65,SIPP_2^3,"14,56,0","14,3,0",0,-1,0,0.0,0.0,0.0,0.0,
65,SIPP_2^4,"14,56,0","14,3,0",0,-1,0,0.0,0.0,0.0,0.0,
65,SIPP_2^5,"14,56,0","14,3,0",0,-1,0,0.0,0.0,0.0,0.0,
65,SIPP_BigCS,"14,56,0","14,3,0",0,-1,0,0.0,0.0,0.0,0.0,
65,SIPP_Standard,"14,56,3","14,3,12",0,-1,0,7e-05,0.0,0.0,0.0,
66,SIPP_2^2,"40,11,0","19,33,0",1,430.0,640,0.15235,84.85281,18.84956,37.69911,3 3 3 3 3 3 3 3 3 3 3 3 2 3 3 3 3 2 2 2 2 2 2 2 2 2 2 2 2 2 2 2 2 3 2 3 2 2 3 2 3 2 3
66,SIPP_2^3,"40,11,0","19,33,0",1,306.98485599999987,42,0.01869,8.0151,1.5708,3.14159,5 5 5 5 5 5 5 5 5 5 5 5 5 5 5 5 5 5 4 5 5 5
66,SIPP_2^4,"40,11,0","19,33,0",1,305.2033999999999,41,0.05102,3.23173,0.6435,1.287,10 10 10 10 10 10 10 10 10 10 10 10 10 10 10 10 10 10 9 10 10
66,SIPP_2^5,"40,11,0","19,33,0",1,304.7560969999999,39,0.12681,1.97672,0.39479,0.78958,20 20 20 20 20 20 20 20 20 20 20 20 20 20 20 20 20 20 19 20
66,SIPP_BigCS,"40,11,15","19,33,3",1,302.0,18,0.27425,1.74352,0.3314,0.0258,103 103 103 103 103 103 103 103 103 103 103 103 103 103 103 103 103 127
66,SIPP_Standard,"40,11,15","19,33,3",1,310.0,36,0.12176,8.40464,1.6163,0.1338,51 70 55 75
67,SIPP_2^2,"31,53,0","40,51,0",1,110.0,19,0.00552,21.2132,4.71239,9.42478,1 1 1 0 1 1 1 1 1 1 0
67,SIPP_2^3,"31,53,0","40,51,0",1,98.28427199999999,13,0.00691,11.59279,2.35619,4.71239,2 2 1 2 2 2 2 2 1
67,SIPP_2^4,"31,53,0","40,51,0",1,94.72136,11,0.01606,6.94722,1.39094,2.78189,4 4 3 4 4 4 3
67,SIPP_2^5,"31,53,0","40,51,0",1,93.245554,9,0.03636,3.22267,0.6435,1.287,7 8 8 8 7
67,SIPP_BigCS,"31,53,8","40,51,1",1,94.0,10,0.14624,2.71936,0.5075,0.0551,201 361
67,SIPP_Standard,"31,53,8","40,51,1",1,435.039897,1252,3.26441,27.7759,5.3577,0.8925,107 42 84 25 -12.040 72
68,SIPP_2^2,"20,4,0","61,17,0",1,540.0,697,0.18944,70.71068,15.70796,31.41593,1 1 1 1 1 1 1 1 1 1 1 1 1 1 1 1 1 1 1 1 1 1 1 1 1 1 1 1 1 1 1 1 1 2 1 1 2 2 2 1 2 2 2 1 2 2 2 1 1 1 2 2 2 1
68,SIPP_2^3,"20,4,0","61,17,0",1,463.8477679999999,428,0.25101,27.67881,5.49779,10.99557,2 2 2 2 2 3 3 3 3 3 3 3 3 3 3 2 2 2 2 3 2 2 2 2 2 2 2 2 2 2 2 2 2 2 2 2 2 3 2 2 3
68,SIPP_2^4,"20,4,0","61,17,0",1,440.68884,212,0.39066,25.64912,5.10012,10.20025,4 4 4 4 4 4 4 4 4 5 5 4 5 4 5 5 5 5 5 5 4 5 4 5 5 4 4 5
68,SIPP_2^5,"20,4,0","61,17,0",1,431.09610099999986,21,0.10023,3.22267,0.6435,1.287,9 8 8 9 9 9 9 9 9 9 9 9 9 9 9
68,SIPP_BigCS,"20,4,0","61,17,0",1,436.0,344,2.64535,11.02615,1.9474,0.2101,5 85 207 207 207 207 207 207 207 367 57 311
68,SIPP_Standard,"20,4,0","61,17,0",1,488.0,1070,2.20727,10.79544,2.1142,0.3285,1 1 1 17 71 40
69,SIPP_2^2,"26,58,0","31,42,0",1,225.030172,154,0.07474,35.35534,7.85398,15.70796,0 0 0 0 0 0 0 0 0 0 1 0 0 1 1 -15.006 0 -0.012 0 -0.012 0 0 1 1
69,SIPP_2^3,"26,58,0","31,42,0",1,219.172308,201,0.10301,23.55323,4.71239,9.42478,0 0 0 0 0 0 0 0 1 0 1 1 -32.579 0 -0.012 0 -0.012 0 1 2
69,SIPP_2^4,"26,58,0","31,42,0",1,216.812947,208,0.30118,12.52901,3.14159,6.28319,1 1 1 1 1 1 0 0 0 0 0 0 -0.288 9
69,SIPP_2^5,"26,58,0","31,42,0",1,215.354604,206,0.83268,21.27142,3.74714,7.49427,1 1 1 2 2 1 0 0 20 16
69,SIPP_BigCS,"26,58,3","31,42,3",1,216.50592699999999,1066,7.73131,10.62923,2.0761,0.4131,362 6 6 6 6 -12.506 38 5
69,SIPP_Standard,"26,58,3","31,42,3",1,219.559454,67,0.14105,7.32357,1.4426,0.1887,92 -46.559 22
70,SIPP_2^2,"6,14,0","28,4,0",1,320.0,281,0.07357,77.78175,17.27876,34.55752,0 0 0 0 1 0 1 1 1 1 0 0 1 1 1 1 0 1 1 1 0 1 1 1 1 1 1 1 1 1 0 1
70,SIPP_2^3,"6,14,0","28,4,0",1,261.42135999999994,144,0.08046,27.989,5.49779,10.99557,2 2 2 2 2 2 2 1 1 1 1 2 1 2 1 1 1 1 2 2 2 1
70,SIPP_2^4,"6,14,0","28,4,0",1,243.6068,38,0.05892,4.62262,0.9273,1.85459,3 3 3 3 3 3 4 4 3 3 3 3
70,SIPP_2^5,"6,14,0","28,4,0",1,242.130994,26,0.10234,2.12926,0.42569,0.85138,6 6 6 6 6 7 6 6 6 7
70,SIPP_BigCS,"6,14,2","28,4,10",1,241.0,7,0.14647,3.74146,0.5061,0.0613,193 201 201 201 201 305
70,SIPP_Standard,"6,14,2","28,4,10",1,247.0,13,0.07225,6.78264,1.1673,0.148,9 53 57
71,SIPP_2^2,"63,62,0","16,25,0",0,-1,0,0.0,0.0,0.0,0.0,
71,SIPP_2^3,"63,62,0","16,25,0",0,-1,0,0.0,0.0,0.0,0.0,
71,SIPP_2^4,"63,62,0","16,25,0",0,-1,0,0.0,0.0,0.0,0.0,
71,SIPP_2^5,"63,62,0","16,25,0",0,-1,0,0.0,0.0,0.0,0.0,
71,SIPP_BigCS,"63,62,0","16,25,0",0,-1,0,0.0,0.0,0.0,0.0,
71,SIPP_Standard,"63,62,3","16,25,9",0,-1,0,6e-05,0.0,0.0,0.0,
72,SIPP_2^2,"49,35,0","47,28,0",1,90.0,18,0.00406,21.2132,4.71239,9.42478,0 0 0 0 0 3 0 0 3
72,SIPP_2^3,"49,35,0","47,28,0",1,78.28427199999999,12,0.00456,11.59279,2.35619,4.71239,0 0 0 7 0 0 7
72,SIPP_2^4,"49,35,0","47,28,0",1,74.72136,8,0.01102,6.94722,1.39094,2.78189,0 15 0 0 15
72,SIPP_2^5,"49,35,0","47,28,0",1,73.245554,4,0.01929,3.22267,0.6435,1.287,31 0 31
72,SIPP_BigCS,"49,35,15","47,28,8",1,74.0,4,0.40979,2.36385,0.463,0.0399,82
72,SIPP_Standard,"49,35,15","47,28,8",1,80.0,1,0.14875,6.1946,1.2472,0.2589,42
73,SIPP_2^2,"59,47,0","46,2,0",1,580.0,777,0.22667,91.92388,20.42035,40.8407,0 0 0 0 0 0 0 0 0 0 0 0 0 0 0 0 0 0 0 0 0 0 0 0 0 0 0 0 0 0 0 0 0 0 0 3 3 3 3 3 0 3 0 0 3 3 0 3 0 0 3 0 0 0 3 3 0 3
73,SIPP_2^3,"59,47,0","46,2,0",1,503.8477679999999,516,0.26167,43.54441,8.63938,17.27876,0 0 0 0 7 7 0 0 0 0 0 0 7 0 7 7 7 7 7 7 0 0 0 0 0 0 7 7 0 0 0 0 0 0 0 0 0 0 7 0 0 0 0 0 7
73,SIPP_2^4,"59,47,0","46,2,0",1,489.091497,431,0.63878,9.28293,1.85459,3.70918,0 0 0 0 0 0 0 0 0 0 0 0 0 0 15 15 15 15 15 15 15 15 15 15 15 15 0 0 15 -8.390 0 -0.012 0 0
73,SIPP_2^5,"59,47,0","46,2,0",1,489.091497,486,1.89932,9.48876,1.89255,3.78509,31 31 0 0 0 31 0 31 31 31 31 31 31 31 31 31 30 -17.245 0 -0.012 0 0
73,SIPP_BigCS,"59,47,0","46,2,10",1,488.928981,2398,18.62081,19.04887,3.6942,0.5877,202 306 6 6 6 6 6 82 362 6 6 82 322 -1.929 237
73,SIPP_Standard,"59,47,0","46,2,10",1,489.012275,194,0.54954,9.45831,1.7855,0.1509,2 6 66 54 90 -2.012 2
74,SIPP_2^2,"41,29,0","20,27,0",1,230.0,60,0.01207,21.2132,4.71239,9.42478,3 3 3 3 3 3 3 3 3 3 3 3 3 0 3 3 3 3 3 3 3 3 0
74,SIPP_2^3,"41,29,0","20,27,0",1,218.284272,50,0.01641,11.59279,2.35619,4.71239,6 6 6 6 6 6 6 6 6 6 6 6 6 6 6 6 6 7 6 6 7
74,SIPP_2^4,"41,29,0","20,27,0",1,214.72136,38,0.03599,6.94722,1.39094,2.78189,12 12 12 12 12 12 12 12 12 12 12 12 12 12 12 13 12 12 13
74,SIPP_2^5,"41,29,0","20,27,0",1,213.24555399999997,33,0.07953,4.82449,0.96525,1.9305,24 24 24 24 24 24 24 24 24 24 24 24 25 24 24 24 25
74,SIPP_BigCS,"41,29,14","20,27,1",1,214.0,63,0.45872,2.36385,0.463,0.0399,7 7 7 7 3 7 7 87
74,SIPP_Standard,"41,29,14","20,27,1",1,245.0,94,0.19497,11.7279,2.273,0.3191,86 23 50
75,SIPP_2^2,"19,62,0","7,25,0",1,490.0,595,0.16255,42.42641,9.42478,18.84956,0 0 0 0 0 0 0 0 0 0 0 0 0 0 0 0 0 0 0 0 0 0 0 0 0 0 0 0 0 0 0 0 3 3 3 3 0 3 3 3 0 0 0 3 3 3 3 3 0
75,SIPP_2^3,"19,62,0","7,25,0",1,419.7056319999999,371,0.21084,36.23623,7.06858,14.13717,7 7 7 7 7 7 0 0 0 0 0 0 0 0 7 7 0 0 0 0 0 0 0 7 0 0 0 0 0 7 0 7 7 0 0 0 0
75,SIPP_2^4,"19,62,0","7,25,0",1,398.32815999999997,214,0.38901,16.26017,3.24553,6.49107,15 15 15 15 15 15 15 15 15 0 15 0 15 0 15 0 0 0 0 0 0 0 0 0 0
75,SIPP_2^5,"19,62,0","7,25,0",1,390.2112269999999,63,0.30597,3.02792,0.60554,1.21109,31 31 31 31 31 31 31 31 31 30 31 31 0 0
75,SIPP_BigCS,"19,62,9","7,25,7",1,394.0,364,2.93251,9.1759,1.5592,0.1716,202 202 202 202 202 202 202 202 306 14 362
75,SIPP_Standard,"19,62,9","7,25,7",1,404.0,150,0.42246,13.32874,2.5485,0.3027,46 10 54 90 2
76,SIPP_2^2,"28,61,0","36,58,0",1,110.0,31,0.01126,28.28427,6.28319,12.56637,1 0 0 1 1 1 1 1 1 0 1
76,SIPP_2^3,"28,61,0","36,58,0",1,92.42640799999998,18,0.01309,11.59279,2.35619,4.71239,2 1 2 2 2 2 1 1
76,SIPP_2^4,"28,61,0","36,58,0",1,87.08204,10,0.02093,9.33099,1.85459,3.70918,3 4 3 4 3
76,SIPP_2^5,"28,61,0","36,58,0",1,85.606234,5,0.02664,1.41864,0.28379,0.56759,7 6 7
76,SIPP_BigCS,"28,61,4","36,58,11",1,89.0,20,0.33889,7.91089,1.566,0.3826,89 169
76,SIPP_Standard,"28,61,4","36,58,11",1,105.311867,4,0.0579,2.99427,0.5969,0.061,-18.312 89
77,SIPP_2^2,"35,59,0","42,46,0",1,200.0,106,0.03248,49.49747,10.99557,21.99115,0 1 1 0 0 0 0 0 0 0 0 0 0 1 0 1 1 1 0 1
77,SIPP_2^3,"35,59,0","42,46,0",1,158.99495199999998,41,0.02457,16.0207,3.14159,6.28319,1 1 1 0 0 0 1 1 0 0 0 1 1
77,SIPP_2^4,"35,59,0","42,46,0",1,151.869128,20,0.03518,10.96289,2.17634,4.35268,2 2 2 1 1 0 1 0 1
77,SIPP_2^5,"35,59,0","42,46,0",1,150.39332199999998,14,0.06598,3.03824,0.60554,1.21109,4 4 4 1 1 2 2
77,SIPP_BigCS,"35,59,10","42,46,0",1,152.0,15,0.23249,4.44871,0.8375,0.0871,101 125 308 6
77,SIPP_Standard,"35,59,10","42,46,0",1,327.0,382,0.85938,17.93878,3.459,0.4977,36 13 108 50
78,SIPP_2^2,"25,5,0","21,50,0",1,490.0,279,0.07832,14.14214,3.14159,6.28319,2 2 2 2 2 2 2 2 2 2 2 2 2 2 2 2 2 2 2 2 2 2 2 2 2 2 2 2 2 2 2 2 2 2 2 2 2 2 2 2 2 2 2 2 3 3 3 3 2
78,SIPP_2^3,"25,5,0","21,50,0",1,466.568544,225,0.10465,11.77758,2.35619,4.71239,4 4 4 4 4 4 4 4 4 4 4 4 4 4 4 4 4 4 4 4 4 4 4 4 4 4 4 4 4 4 4 4 5 5 5 4 4 4 4 4 4 4 4 4 5
78,SIPP_2^4,"25,5,0","21,50,0",1,459.44272,184,0.24776,16.31667,3.24553,6.49107,8 8 8 8 8 8 8 8 8 8 8 8 8 8 8 8 8 8 8 8 8 8 9 8 9 8 8 8 8 9 8 8 8 8 8 8 8 8 8 8 9
78,SIPP_2^5,"25,5,0","21,50,0",1,456.49110799999994,160,0.60144,8.0692,1.60875,3.21751,16 16 16 16 16 16 16 16 16 16 16 16 16 16 16 16 16 16 16 16 16 16 16 16 16 16 16 16 16 16 16 17 17 16 17 16 17
78,SIPP_BigCS,"25,5,12","21,50,13",1,458.0,550,3.60303,4.95204,0.9691,0.1012,4 4 4 4 0 4 0 4 4 4 0 84 310
78,SIPP_Standard,"25,5,12","21,50,13",1,488.0,573,2.28903,17.82294,3.4131,0.5529,51 110 40 94 0 0
79,SIPP_2^2,"20,28,0","25,47,0",1,240.0,135,0.0325,49.49747,10.99557,21.99115,2 2 2 2 2 2 2 2 2 2 1 1 2 2 2 2 1 2 2 2 1 2 2 1
79,SIPP_2^3,"20,28,0","25,47,0",1,210.71067999999997,87,0.04261,19.61218,3.92699,7.85398,4 4 4 4 4 4 4 4 4 4 3 4 4 3 3 3 4 4 3
79,SIPP_2^4,"20,28,0","25,47,0",1,201.8034,55,0.06967,6.94722,1.39094,2.78189,8 8 8 8 8 7 8 8 8 8 7 7 7 7
79,SIPP_2^5,"20,28,0","25,47,0",1,198.11388499999998,31,0.09027,6.45567,1.287,2.574,15 16 15 16 16 16 15 15 15
79,SIPP_BigCS,"20,28,7","25,47,2",1,200.0,86,0.46746,5.24015,0.9769,0.1151,200 200 304 4 4 4 28
79,SIPP_Standard,"20,28,7","25,47,2",1,237.0,98,0.47531,10.09685,1.9516,0.2417,39 8 48
80,SIPP_2^2,"4,58,0","6,31,0",1,321.91585599999996,208,0.07563,14.14214,3.14159,6.28319,0 0 0 0 0 0 0 0 0 1 1 -14.166 0 -1.248 0 0 0 0 0 0 0 0 0 0 0 0 0 0 -5.300 0 -11.119 0 -0.084 0
80,SIPP_2^3,"4,58,0","6,31,0",1,321.91585599999996,301,0.14847,41.05538,7.85398,15.70796,0 0 0 1 0 0 1 1 -7.635 1 0 0 0 0 0 0 0 0 0 0 0 0 0 0 0 7 -2.367 0 -11.119 6 -0.084 0
80,SIPP_2^4,"4,58,0","6,31,0",1,321.91585599999996,318,0.44416,16.73118,3.32145,6.64289,1 2 1 1 -3.770 2 -1.148 0 0 0 0 0 0 0 0 0 0 0 0 0 0 0 0 0 15 -9.186 12 -0.084 12
80,SIPP_2^5,"4,58,0","6,31,0",1,321.91585599999996,322,1.1964,17.2846,3.32145,6.64289,2 2 3 -4.218 4 -1.148 0 0 0 0 0 0 0 0 0 0 0 0 0 0 0 31 0 -9.924 24 -0.084 24
80,SIPP_BigCS,"4,58,0","6,31,7",1,321.801642,1817,12.90622,15.66872,3.0567,0.6842,101 101 125 364 6 6 6 70 -6.802 237
80,SIPP_Standard,"4,58,0","6,31,7",1,330.0,226,0.55326,17.84021,3.4681,0.5245,73 108 54 106
81,SIPP_2^2,"58,50,0","20,11,0",1,770.0,2202,0.54615,98.99495,21.99115,43.9823,3 3 3 3 3 3 3 3 3 3 3 3 3 3 3 3 3 3 3 3 3 3 3 3 3 3 3 0 3 0 3 3 0 0 3 0 0 0 0 0 0 0 0 0 0 0 0 0 0 0 0 0 0 0 0 0 0 0 0 0 3 3 3 3 0 0 0 3 0 3 0 0 0 0 0 0 3
81,SIPP_2^3,"58,50,0","20,11,0",1,547.4011679999999,76,0.04874,8.07826,1.5708,3.14159,7 7 7 7 7 7 7 7 7 7 7 7 7 7 7 7 7 7 7 7 7 7 7 7 7 7 7 7 7 7 7 7 7 7 7 7 7 0 7
81,SIPP_2^4,"58,50,0","20,11,0",1,545.6197119999998,75,0.09789,3.23109,0.6435,1.287,14 14 14 14 14 14 14 14 14 14 14 14 14 14 14 14 14 14 14 14 14 14 14 14 14 14 14 14 14 14 14 14 14 14 14 14 15 14
81,SIPP_2^5,"58,50,0","20,11,0",1,545.1724089999998,73,0.25931,0.98893,0.1974,0.39479,28 28 28 28 28 28 28 28 28 28 28 28 28 28 28 28 28 28 28 28 28 28 28 28 28 28 28 28 28 28 28 28 28 28 28 28 29
81,SIPP_BigCS,"58,50,7","20,11,6",1,540.0,35,0.40083,1.74352,0.3314,0.0258,102 102 102 102 102 102 102 102 102 102 102 102 102 102 102 102 102 102 102 102 102 102 102 102 102 102 102 102 102 102 102 102 102 102 154
81,SIPP_Standard,"58,50,7","20,11,6",1,553.0,219,0.72774,11.90717,2.2593,0.1685,54 66 30 50 77 66 50
82,SIPP_2^2,"5,11,0","11,24,0",1,190.0,103,0.02759,35.35534,7.85398,15.70796,2 2 2 2 2 2 2 2 2 2 2 1 1 1 1 2 1 2 1
82,SIPP_2^3,"5,11,0","11,24,0",1,154.852816,44,0.02263,19.45842,3.92699,7.85398,4 4 4 3 4 3 4 4 4 3 3 3 3
82,SIPP_2^4,"5,11,0","11,24,0",1,147.726992,27,0.03886,15.6335,3.10364,6.20727,7 8 7 8 7 8 7 6 6
82,SIPP_2^5,"5,11,0","11,24,0",1,145.749355,21,0.08122,2.32683,0.46365,0.9273,15 15 15 -0.236 14 12 12
82,SIPP_BigCS,"5,11,2","11,24,12",1,147.0,36,0.43435,5.89393,1.1035,0.2102,80 200 200 320
82,SIPP_Standard,"5,11,2","11,24,12",1,424.0,1082,2.69306,21.58767,4.0632,0.7449,57 105 40 70 43
83,SIPP_2^2,"40,57,0","45,58,0",1,60.0,6,0.00228,14.14214,3.14159,6.28319,1 1 1 1 2 1
83,SIPP_2^3,"40,57,0","45,58,0",1,54.142136,5,0.00341,3.82683,0.7854,1.5708,2 2 2 2 3
83,SIPP_2^4,"40,57,0","45,58,0",1,52.36068,4,0.0083,2.29753,0.46365,0.9273,4 4 4 5
83,SIPP_2^5,"40,57,0","45,58,0",1,51.622777,3,0.01747,1.60182,0.32175,0.6435,8 8 9
83,SIPP_BigCS,"40,57,5","45,58,3",1,53.0,5,0.18156,3.85319,0.7822,0.2486,5 5 73
83,SIPP_Standard,"40,57,5","45,58,3",1,485.285484,1519,3.19949,24.46366,4.706,0.8137,-25.295 27 -25.660 106 -11.330 41 87 0
84,SIPP_2^2,"24,56,0","6,23,0",1,510.0,826,0.24521,70.71068,15.70796,31.41593,0 0 0 0 0 0 0 0 0 0 3 0 0 0 0 0 0 0 0 0 0 0 0 0 0 0 0 0 3 3 0 3 3 3 3 3 3 3 3 3 3 3 3 3 0 0 0 3 0 3 0
84,SIPP_2^3,"24,56,0","6,23,0",1,404.5584479999999,340,0.21656,23.36561,4.71239,9.42478,7 7 7 7 7 7 7 7 7 7 7 7 7 7 0 0 0 0 0 0 0 0 0 7 0 0 7 7 0 0 0 0 7
84,SIPP_2^4,"24,56,0","6,23,0",1,390.15362999999996,262,0.40733,19.84164,3.96495,7.92989,15 15 15 15 15 15 14 14 14 15 15 14 14 15 14 14 -1.591 0 -1.302 14 -0.517 15 0 0 0 0
84,SIPP_2^5,"24,56,0","6,23,0",1,390.15362999999996,286,1.2108,4.17773,0.83671,1.67343,29 29 29 29 29 29 30 30 30 -6.744 29 -1.579 30 0 0 0 0
84,SIPP_BigCS,"24,56,1","6,23,8",1,387.95947099999995,1219,8.76194,7.25178,1.2399,0.0957,202 202 202 218 102 182 202 202 -8.959 274 6
84,SIPP_Standard,"24,56,1","6,23,8",1,401.839996,282,0.82469,11.64441,2.2219,0.2389,54 74 77 -2.840 90 2
85,SIPP_2^2,"56,57,0","38,15,0",1,637.913086,1518,0.38608,56.56854,12.56637,25.13274,0 0 0 0 0 0 0 0 3 0 0 3 3 3 3 3 3 3 3 0 3 3 3 3 3 3 3 3 3 3 0 0 0 0 0 0 0 0 0 0 0 0 0 0 0 0 0 0 0 0 0 0 0 0 0 0 0 0 0 -16.743 1 -1.170 0 0
85,SIPP_2^3,"56,57,0","38,15,0",1,494.5584479999999,442,0.2096,43.32503,8.63938,17.27876,0 0 0 0 0 0 0 0 0 0 0 0 0 7 7 0 7 7 7 0 0 0 0 0 7 7 7 7 7 7 7 7 7 7 0 7 0 0 7 0 0 7
85,SIPP_2^4,"56,57,0","38,15,0",1,462.49224,171,0.22566,13.89549,2.78189,5.56377,15 15 15 15 15 15 15 15 15 15 15 15 0 15 15 15 15 0 0 0 15 0 0 15
85,SIPP_2^5,"56,57,0","38,15,0",1,458.06482199999994,99,0.34428,5.6779,1.13518,2.27035,31 30 30 30 30 31 30 30 30 30 30 31 31 30 31 30 30 31
85,SIPP_BigCS,"56,57,3","38,15,14",1,456.0,45,0.41243,7.05419,0.9769,0.1151,202 202 202 202 202 202 202 202 202 202 202 202 202 202 202 306 30
85,SIPP_Standard,"56,57,3","38,15,14",1,484.0,404,0.96506,19.37028,3.709,0.4916,46 10 54 74 85 2
86,SIPP_2^2,"63,32,0","36,35,0",0,-1,0,0.0,0.0,0.0,0.0,
86,SIPP_2^3,"63,32,0","36,35,0",0,-1,0,0.0,0.0,0.0,0.0,
86,SIPP_2^4,"63,32,0","36,35,0",0,-1,0,0.0,0.0,0.0,0.0,
86,SIPP_2^5,"63,32,0","36,35,0",0,-1,0,0.0,0.0,0.0,0.0,
86,SIPP_BigCS,"63,32,0","36,35,0",0,-1,0,0.0,0.0,0.0,0.0,
86,SIPP_Standard,"63,32,10","36,35,12",0,-1,0,2e-05,0.0,0.0,0.0,
87,SIPP_2^2,"27,29,0","12,11,0",1,330.0,368,0.15482,84.85281,18.84956,37.69911,0 0 0 0 0 0 0 0 0 3 0 0 0 3 3 3 3 3 3 0 3 3 0 3 0 0 3 3 3 3 0 3 0
87,SIPP_2^3,"27,29,0","12,11,0",1,272.294017,219,0.09042,24.60012,4.71239,9.42478,7 7 7 7 7 7 7 0 0 0 7 7 7 -12.067 6 -12.237 0 7 7 7 7
87,SIPP_2^4,"27,29,0","12,11,0",1,267.36689599999994,225,0.26828,13.06867,2.53605,5.0721,14 13 13 14 14 14 14 14 14 14 13 14 14 14 1 1
87,SIPP_2^5,"27,29,0","12,11,0",1,266.02498699999995,221,0.7459,9.63194,1.84123,3.68247,27 27 28 28 27 28 28 28 28 28 28 2 2
87,SIPP_BigCS,"27,29,3","12,11,13",1,268.0,1258,16.97611,11.25465,2.2115,0.3963,102 102 178 221 134
87,SIPP_Standard,"27,29,3","12,11,13",1,274.005188,103,0.37977,4.98437,0.9733,0.0991,30 54 -37.005 74
88,SIPP_2^2,"62,61,0","23,19,0",1,810.0,1802,0.44093,155.56349,34.55752,69.11504,3 3 3 3 3 3 3 3 3 3 3 3 3 3 3 3 3 3 3 3 3 3 3 3 3 3 3 0 0 0 0 3 3 0 0 0 3 0 0 0 0 3 0 3 0 0 0 3 0 0 0 0 0 0 0 0 0 0 0 3 0 0 0 0 0 0 0 0 0 0 3 0 0 3 0 3 0 3 0 0 3
88,SIPP_2^3,"62,61,0","23,19,0",1,587.4011680000001,184,0.08219,31.95214,6.28319,12.56637,7 7 7 7 7 0 7 7 7 7 7 7 0 7 7 7 7 7 0 0 7 7 7 6 7 7 7 7 7 7 7 7 7 7 7 7 7 7 7 7 7 7 7
88,SIPP_2^4,"62,61,0","23,19,0",1,576.198936,110,0.1333,6.46371,1.287,2.57401,14 14 14 14 14 14 14 15 14 14 14 14 14 14 14 14 14 15 15 14 14 14 14 14 14 14 14 14 14 14 14 14 14 14 14 14 14 14 14
88,SIPP_2^5,"62,61,0","23,19,0",1,574.8570270000001,101,0.33425,3.95006,0.78958,1.57917,28 28 28 28 28 28 28 29 28 28 28 28 28 28 28 29 29 28 28 28 28 28 28 28 28 28 28 28 28 28 28 28 28 28 28 28
88,SIPP_BigCS,"62,61,14","23,19,6",1,571.0,35,0.26774,8.56093,1.6448,0.1568,102 102 102 102 154 250 102 102 102 102 102 154 354 102 102 102 102 102 102 102 102 102 102 102 102 102
88,SIPP_Standard,"62,61,14","23,19,6",1,582.0,107,0.29666,7.54299,1.2947,0.1135,77 58 66 30 30 30 50
89,SIPP_2^2,"15,61,0","34,35,0",1,450.0,644,0.192,98.99495,21.99115,43.9823,1 1 1 1 1 1 1 0 0 0 1 1 0 0 1 1 0 0 0 1 1 0 0 0 0 0 1 1 0 0 0 0 1 1 0 0 0 1 0 0 0 0 0 0 1
89,SIPP_2^3,"15,61,0","34,35,0",1,338.7005839999999,171,0.08795,23.53055,4.71239,9.42478,1 0 0 0 1 1 1 1 1 1 1 0 1 1 1 1 1 1 0 0 0 1 1 1 1 1
89,SIPP_2^4,"15,61,0","34,35,0",1,326.23039199999994,110,0.15096,3.22627,0.6435,1.287,2 2 1 1 1 1 1 1 1 2 2 2 2 2 2 2 2 2 2
89,SIPP_2^5,"15,61,0","34,35,0",1,323.09927099999993,56,0.22387,4.93989,0.98698,1.97396,3 3 3 3 3 4 3 4 3 4 4 4
89,SIPP_BigCS,"15,61,14","34,35,8",1,322.0,19,0.21595,6.87553,1.2958,0.0749,177 220 101 125 220
89,SIPP_Standard,"15,61,14","34,35,8",1,327.0,30,0.09279,7.44277,1.2947,0.1135,73 60 68 49
90,SIPP_2^2,"53,2,0","57,22,0",1,240.0,114,0.03022,21.2132,4.71239,9.42478,2 2 2 2 2 2 2 2 2 2 2 2 2 2 2 2 2 2 1 1 1 2 2 1
90,SIPP_2^3,"53,2,0","57,22,0",1,216.56854399999997,81,0.03633,19.54353,3.92699,7.85398,4 4 4 4 4 4 4 4 4 4 3 4 4 4 4 3 3 4 4 3
90,SIPP_2^4,"53,2,0","57,22,0",1,209.44272,57,0.06874,6.98569,1.39094,2.78189,8 8 8 8 8 8 8 8 8 8 7 7 7 8 8 7
90,SIPP_2^5,"53,2,0","57,22,0",1,206.491108,40,0.13187,8.05886,1.60875,3.21751,16 16 16 16 15 16 16 15 15 16 16 15
90,SIPP_BigCS,"53,2,9","57,22,8",1,208.0,103,0.96057,4.95204,0.9691,0.1012,4 4 4 4 4 4 4 80 304
90,SIPP_Standard,"53,2,9","57,22,8",1,257.0,135,0.28374,14.4341,2.8078,0.4541,16 102 80
91,SIPP_2^2,"7,1,0","41,29,0",1,620.0,1272,0.36061,134.35029,29.84513,59.69026,2 2 2 2 2 2 2 2 2 2 2 2 2 2 1 2 2 2 2 1 2 1 1 1 1 1 1 1 1 1 1 1 1 1 1 1 2 1 2 1 1 1 2 1 1 1 1 2 1 2 2 2 1 1 1 1 2 1 1 1 2 1
91,SIPP_2^3,"7,1,0","41,29,0",1,482.5873329999999,476,0.17753,19.72283,3.92699,7.85398,3 3 3 3 2 2 2 3 3 3 3 -4.181 3 3 3 3 3 3 3 3 3 3 3 3 3 3 3 3 3 3 3 3 3 3 1 0
91,SIPP_2^4,"7,1,0","41,29,0",1,479.42848799999996,563,0.58729,22.50236,4.2867,8.5734,6 6 5 5 5 6 6 5 6 6 6 6 6 6 6 6 6 6 6 6 6 6 6 6 6 6 7 6 6 -4.072 2 0
91,SIPP_2^5,"7,1,0","41,29,0",1,478.9781489999999,583,1.64205,15.96325,2.94838,5.89676,11 11 11 11 12 12 12 12 12 12 12 12 12 12 12 12 12 12 12 12 12 12 13 12 8 0 0
91,SIPP_BigCS,"7,1,8","41,29,10",1,482.489732,4271,24.3605,14.89395,2.8754,0.7537,124 207 207 255 100 100 100 100 100 100 100 100 100 100 180 320 -25.490 351
91,SIPP_Standard,"7,1,8","41,29,10",1,490.0,811,1.6082,20.94969,4.0372,0.5281,21 48 87 8 48 95
92,SIPP_2^2,"56,37,0","30,29,0",1,340.0,295,0.06739,35.35534,7.85398,15.70796,3 3 3 3 3 3 3 3 3 3 3 3 3 3 3 3 3 3 3 3 3 3 3 3 0 3 0 0 0 0 0 0 3 0
92,SIPP_2^3,"56,37,0","30,29,0",1,293.13708799999995,183,0.07573,35.92511,7.06858,14.13717,6 6 6 6 6 6 6 6 6 6 6 6 7 7 6 7 7 6 7 7 6 6 7 6 6 7
92,SIPP_2^4,"56,37,0","30,29,0",1,278.88544,102,0.12236,16.30244,3.24553,6.49107,12 12 12 12 12 13 12 12 13 13 12 13 13 13 13 12 12 13
92,SIPP_2^5,"56,37,0","30,29,0",1,272.98221599999994,34,0.11596,3.23082,0.6435,1.287,25 25 25 25 25 25 25 24 24 25
92,SIPP_BigCS,"56,37,8","30,29,11",1,276.0,156,0.87254,7.6959,1.4321,0.1411,87 205 205 309 7 7 87
92,SIPP_Standard,"56,37,8","30,29,11",1,327.0,374,0.745,11.95979,2.2943,0.261,86 19 69 54
93,SIPP_2^2,"8,20,0","13,32,0",1,170.0,26,0.0073,14.14214,3.14159,6.28319,1 1 1 1 2 2 2 2 2 2 2 2 2 2 2 2 1
93,SIPP_2^3,"8,20,0","13,32,0",1,158.284272,24,0.01245,11.59279,2.35619,4.71239,2 2 2 3 4 4 4 4 4 4 4 4 4 4 3
93,SIPP_2^4,"8,20,0","13,32,0",1,156.502816,23,0.03164,10.0194,2.03444,4.06889,4 4 4 6 8 8 8 8 8 8 8 8 8 7
93,SIPP_2^5,"8,20,0","13,32,0",1,155.76491299999998,21,0.07204,9.31571,1.89255,3.78509,8 8 8 12 16 16 16 16 16 16 16 16 15
93,SIPP_BigCS,"8,20,0","13,32,12",1,143.0,12,0.14809,8.45454,1.6493,0.4365,207 335 12
93,SIPP_Standard,"8,20,0","13,32,12",1,420.0,490,1.37578,25.64602,4.9393,0.8183,5 105 40 78 107
94,SIPP_2^2,"46,25,0","42,19,0",1,100.0,31,0.00663,28.28427,6.28319,12.56637,0 0 3 3 3 0 0 0 3 0
94,SIPP_2^3,"46,25,0","42,19,0",1,76.568544,12,0.00488,15.7167,3.14159,6.28319,7 0 7 7 0 7
94,SIPP_2^4,"46,25,0","42,19,0",1,73.00563199999999,8,0.01003,4.84172,0.96525,1.9305,15 14 15 14
94,SIPP_2^5,"46,25,0","42,19,0",1,72.111026,2,0.00718,0.0,0.0,0.0,29 29
94,SIPP_BigCS,"46,25,4","42,19,13",1,72.0,1,0.26007,1.70958,0.3216,0.0203,182
94,SIPP_Standard,"46,25,4","42,19,13",1,72.0,1,0.10414,1.70958,0.3216,0.0203,54
95,SIPP_2^2,"22,25,0","52,20,0",1,350.0,224,0.05326,42.42641,9.42478,18.84956,1 1 1 1 1 1 1 1 1 1 1 1 1 1 1 1 1 1 1 1 1 1 0 0 0 1 1 1 0 1 1 1 1 0 1
95,SIPP_2^3,"22,25,0","52,20,0",1,320.71067999999997,162,0.06332,19.61218,3.92699,7.85398,2 2 2 2 2 2 2 1 2 1 1 1 2 2 2 2 2 2 2 2 2 2 2 2 2 2 2 2 2 1
95,SIPP_2^4,"22,25,0","52,20,0",1,311.8034,122,0.13881,6.96744,1.39094,2.78189,4 4 4 4 4 4 4 4 4 4 4 4 4 4 4 4 4 4 3 3 3 3 4 4 3
95,SIPP_2^5,"22,25,0","52,20,0",1,308.1138849999999,89,0.27676,4.82854,0.96525,1.9305,8 8 8 8 8 8 8 8 8 8 7 7 7 7 8 8 8 8 8 7
95,SIPP_BigCS,"22,25,4","52,20,0",1,310.0,283,2.32227,10.48679,2.03,0.2254,361 5 13 305 5 5 29
95,SIPP_Standard,"22,25,4","52,20,0",1,325.0,112,0.69276,9.06119,1.7642,0.209,53 89 1 21
96,SIPP_2^2,"7,26,0","21,56,0",0,-1,0,0.0,0.0,0.0,0.0,
96,SIPP_2^3,"7,26,0","21,56,0",0,-1,0,0.0,0.0,0.0,0.0,
96,SIPP_2^4,"7,26,0","21,56,0",0,-1,0,0.0,0.0,0.0,0.0,
96,SIPP_2^5,"7,26,0","21,56,0",0,-1,0,0.0,0.0,0.0,0.0,
96,SIPP_BigCS,"7,26,0","21,56,0",0,-1,0,0.0,0.0,0.0,0.0,
96,SIPP_Standard,"7,26,3","21,56,15",0,-1,0,4e-05,0.0,0.0,0.0,
97,SIPP_2^2,"15,3,0","51,60,0",1,930.0,3051,0.80439,120.20815,26.70354,53.40708,2 2 2 2 2 2 2 2 2 2 2 2 2 1 1 2 2 2 2 2 2 2 2 2 2 2 2 2 2 2 2 2 2 2 2 2 2 2 2 2 2 2 2 2 2 2 1 1 1 1 1 1 1 1 2 1 1 2 2 2 2 2 2 2 1 1 2 1 1 1 1 1 1 1 1 1 1 2 1 1 2 1 1 1 1 1 1 1 2 1 1 2 1
97,SIPP_2^3,"15,3,0","51,60,0",1,719.116896,962,0.42694,48.12026,9.42478,18.84956,3 4 4 3 3 3 3 4 4 4 3 3 3 3 3 3 3 3 3 3 3 3 3 3 3 3 3 3 3 3 3 3 3 3 3 3 3 4 4 4 4 4 3 4 4 4 4 4 4 4 3 4 4 3 4 4 3
97,SIPP_2^4,"15,3,0","51,60,0",1,681.7063199999999,363,0.46301,9.65892,1.9305,3.86101,7 7 7 7 6 7 6 6 6 6 6 6 6 6 6 6 6 7 7 7 7 7 7 7 6 6 6 7 7 7 7 7 7 7 7 7
97,SIPP_2^5,"15,3,0","51,60,0",1,674.9967750000002,67,0.2457,3.11058,0.62178,1.24355,14 14 14 13 14 13 13 13 13 13 13 13 13 13 13 13 13 13 14 14 13
97,SIPP_BigCS,"15,3,14","51,60,13",1,672.0,22,0.20696,10.51035,1.627,0.0948,200 200 200 200 200 200 200 200 200 200 200 200 200 216 152 216 152 216
97,SIPP_Standard,"15,3,14","51,60,13",1,679.0,63,0.20128,9.21361,1.2947,0.1135,56 56 56 56 64 28 52 72
98,SIPP_2^2,"54,56,0","52,42,0",1,160.0,39,0.01141,28.28427,6.28319,12.56637,0 0 0 0 0 0 0 0 0 3 0 0 0 0 3 0
98,SIPP_2^3,"54,56,0","52,42,0",1,148.284272,29,0.01578,11.59279,2.35619,4.71239,0 0 0 0 0 0 0 0 0 0 7 0 0 7
98,SIPP_2^4,"54,56,0","52,42,0",1,144.72136,23,0.03593,6.94722,1.39094,2.78189,0 0 0 0 0 0 0 0 15 0 0 15
98,SIPP_2^5,"54,56,0","52,42,0",1,143.245554,19,0.07243,4.82449,0.96525,1.9305,0 0 0 0 0 31 0 0 0 31
98,SIPP_BigCS,"54,56,3","52,42,5",1,144.0,35,0.34179,5.02813,0.9783,0.1089,6 30 362
98,SIPP_Standard,"54,56,3","52,42,5",1,478.185833,1921,5.18712,19.86949,3.8308,0.6722,-57.186 99 69 42 84 1
99,SIPP_2^2,"41,13,0","29,41,0",1,400.0,476,0.09966,91.92388,20.42035,40.8407,3 3 3 3 3 3 2 2 2 2 2 2 2 2 3 2 2 2 2 2 2 2 3 2 3 2 2 3 2 2 2 3 2 2 2 2 2 2 3 2
99,SIPP_2^3,"41,13,0","29,41,0",1,329.7056319999999,245,0.08642,27.75737,5.49779,10.99557,4 4 4 4 4 4 4 4 4 4 4 4 5 5 5 4 5 5 5 5 5 5 5 4 5 4 4 5
99,SIPP_2^4,"41,13,0","29,41,0",1,308.32815999999997,79,0.07583,9.28381,1.85459,3.70918,9 9 9 9 9 9 9 9 9 8 8 9 9 8 8 9
99,SIPP_2^5,"41,13,0","29,41,0",1,305.37654799999996,45,0.11393,2.12909,0.42569,0.85138,18 18 18 18 18 18 18 17 18 17 17 17
99,SIPP_BigCS,"41,13,9","29,41,3",1,304.0,20,0.26699,3.9915,0.5061,0.0613,206 206 206 206 206 206 206 206 206 206 310 4 4
99,SIPP_Standard,"41,13,9","29,41,3",1,317.0,78,0.23327,7.44876,1.4273,0.1284,51 70 39 0
100,SIPP_2^2,"32,35,0","34,22,0",1,150.0,36,0.00584,14.14214,3.14159,6.28319,0 0 0 0 0 0 0 0 0 0 0 0 1 1 0
100,SIPP_2^3,"32,35,0","34,22,0",1,138.284272,26,0.00625,11.59279,2.35619,4.71239,0 0 0 0 0 0 0 0 0 1 0 0 1
100,SIPP_2^4,"32,35,0","34,22,0",1,134.72136,21,0.01386,6.94722,1.39094,2.78189,0 0 0 0 0 0 0 1 0 0 1
100,SIPP_2^5,"32,35,0","34,22,0",1,133.245554,17,0.02948,4.82449,0.96525,1.9305,0 0 0 0 0 0 1 0 1
100,SIPP_BigCS,"32,35,15","34,22,6",1,134.0,31,0.26244,5.02813,0.9783,0.1089,58 364
100,SIPP_Standard,"32,35,15","34,22,6",1,407.0,1637,7.23862,22.40793,4.3136,0.6984,23 54 106 41 79
101,SIPP_2^2,"3,49,0","40,62,0",1,500.0,629,0.17669,91.92388,20.42035,40.8407,1 1 1 1 2 2 1 2 2 2 1 1 1 1 2 2 1 1 1 1 1 1 1 1 2 2 1 1 1 1 1 1 1 2 1 1 1 1 1 1 1 1 1 1 2 2 1 1 1 2
101,SIPP_2^3,"3,49,0","40,62,0",1,423.8477679999999,336,0.20062,32.06267,6.28319,12.56637,3 3 3 3 2 2 2 2 2 2 2 2 2 2 3 2 2 3 2 2 2 2 2 2 2 2 2 2 3 3 3 3 3 3 2 2 3
101,SIPP_2^4,"3,49,0","40,62,0",1,402.470296,173,0.29844,17.13597,3.42539,6.85077,5 5 6 5 4 4 4 4 4 4 4 5 5 4 4 4 5 5 5 5 5 5 4 4 5
101,SIPP_2^5,"3,49,0","40,62,0",1,394.64396299999987,56,0.25582,5.17615,1.03411,2.06822,10 11 9 9 8 8 9 9 9 9 9 9 9 9
101,SIPP_BigCS,"3,49,11","40,62,12",1,400.0,365,2.89777,12.02431,2.2676,0.2366,176 207 207 311 85 311 5 5 57
101,SIPP_Standard,"3,49,11","40,62,12",1,406.0,60,0.19084,16.07159,3.0941,0.3579,48 95 21 36 17
102,SIPP_2^2,"11,31,0","40,33,0",1,310.0,84,0.01623,28.28427,6.28319,12.56637,1 1 1 1 1 1 1 1 1 1 1 1 1 1 1 1 1 1 1 1 1 1 1 1 1 1 1 2 1 2 1
102,SIPP_2^3,"11,31,0","40,33,0",1,298.284272,74,0.02517,11.59279,2.35619,4.71239,2 2 2 2 2 2 2 2 2 2 2 2 2 2 2 2 2 2 2 2 2 2 2 2 3 2 2 2 3
102,SIPP_2^4,"11,31,0","40,33,0",1,294.72136,62,0.06205,6.94722,1.39094,2.78189,4 4 4 4 4 4 4 4 4 4 4 4 4 4 4 4 4 4 4 4 4 4 4 5 4 4 5
102,SIPP_2^5,"11,31,0","40,33,0",1,293.24555399999997,49,0.14324,4.82449,0.96525,1.9305,8 8 8 8 8 8 8 8 8 8 8 8 8 8 8 8 8 8 8 8 9 8 8 8 9
102,SIPP_BigCS,"11,31,4","40,33,3",1,294.0,99,0.59981,4.98532,0.9783,0.1089,367 5 5 5 5 5 5 5 1 5 57
102,SIPP_Standard,"11,31,4","40,33,3",1,324.0,220,0.47492,13.15547,2.5485,0.3027,48 95 9 45
103,SIPP_2^2,"6,46,0","42,15,0",1,670.0,1594,0.38248,91.92388,20.42035,40.8407,0 0 0 0 0 0 0 0 0 0 0 0 0 0 0 0 0 0 0 0 1 0 0 0 1 1 1 1 1 0 0 0 0 1 1 1 1 1 1 1 1 1 1 1 1 1 1 1 0 1 1 1 1 1 1 1 1 1 1 1 1 0 1 0 1 0 1
103,SIPP_2^3,"6,46,0","42,15,0",1,488.4062159999998,251,0.11838,16.08209,3.14159,6.28319,1 1 1 1 1 1 1 1 1 1 1 1 1 1 1 1 1 1 2 1 2 2 2 2 1 1 1 1 1 1 1 1 1 1 1 1
103,SIPP_2^4,"6,46,0","42,15,0",1,479.49893599999984,190,0.23869,6.4603,1.287,2.57401,2 2 2 2 2 2 2 2 2 2 2 2 2 2 2 2 2 2 3 2 2 2 2 2 3 3 3 3 2 2 2
103,SIPP_2^5,"6,46,0","42,15,0",1,477.26242099999985,147,0.48888,5.92601,1.18437,2.36875,4 5 4 5 5 5 4 4 4 4 4 5 4 4 4 4 4 4 4 4 4 4 4 4 4 4
103,SIPP_BigCS,"6,46,11","42,15,9",1,474.0,28,0.24375,6.98582,1.3162,0.092,101 101 101 101 101 101 101 101 101 101 101 101 101 101 153 249 153 217
103,SIPP_Standard,"6,46,11","42,15,9",1,481.0,96,0.22423,10.24369,1.9377,0.1482,53 73 68 53 65 29
104,SIPP_2^2,"45,33,0","29,63,0",0,-1,0,0.0,0.0,0.0,0.0,
104,SIPP_2^3,"45,33,0","29,63,0",0,-1,0,0.0,0.0,0.0,0.0,
104,SIPP_2^4,"45,33,0","29,63,0",0,-1,0,0.0,0.0,0.0,0.0,
104,SIPP_2^5,"45,33,0","29,63,0",0,-1,0,0.0,0.0,0.0,0.0,
104,SIPP_BigCS,"45,33,0","29,63,0",0,-1,0,0.0,0.0,0.0,0.0,
104,SIPP_Standard,"45,33,15","29,63,4",0,-1,90516,180.00047,0.0,0.0,0.0,
105,SIPP_2^2,"52,57,0","26,62,0",1,310.0,130,0.03617,42.42641,9.42478,18.84956,3 2 2 3 3 3 3 3 3 3 3 3 3 3 3 3 3 3 3 3 3 3 2 3 3 3 3 3 2 2 3
105,SIPP_2^3,"52,57,0","26,62,0",1,286.568544,84,0.04444,19.64322,3.92699,7.85398,4 5 5 6 6 6 6 6 6 6 6 6 6 6 6 6 6 6 6 6 6 6 5 6 6 6 5
105,SIPP_2^4,"52,57,0","26,62,0",1,281.224176,62,0.08819,12.62542,2.49809,4.99618,9 10 12 12 12 12 12 12 12 12 12 12 12 12 12 12 12 12 12 11 12 12 12 11
105,SIPP_2^5,"52,57,0","26,62,0",1,279.74836999999997,49,0.17505,10.43037,2.0724,4.1448,18 20 24 24 24 24 24 24 24 24 24 24 24 24 24 24 24 23 24 24 24 23
105,SIPP_BigCS,"52,57,11","26,62,6",1,283.0,108,0.57428,8.09376,1.5745,0.4351,206 334 7 7 7 7 3 7 7 7 7 31
105,SIPP_Standard,"52,57,11","26,62,6",1,414.0,166,0.33336,22.05779,4.252,0.6585,108 34 75 70 47
106,SIPP_2^2,"2,18,0","7,6,0",1,170.0,76,0.01361,49.49747,10.99557,21.99115,0 0 0 0 0 0 0 0 1 1 0 0 1 0 1 0 1
106,SIPP_2^3,"2,18,0","7,6,0",1,140.71067999999997,44,0.01514,19.61218,3.92699,7.85398,0 0 0 1 0 0 0 1 1 1 0 1
106,SIPP_2^4,"2,18,0","7,6,0",1,131.8034,18,0.01825,9.33785,1.85459,3.70918,1 0 1 1 0 1 1
106,SIPP_2^5,"2,18,0","7,6,0",1,130.32759399999998,11,0.03118,0.71022,0.1419,0.28379,2 2 2 1 1
106,SIPP_BigCS,"2,18,2","7,6,4",1,130.0,5,0.13089,2.91107,0.5061,0.0613,204 204 204 308
106,SIPP_Standard,"2,18,2","7,6,4",1,459.89548,892,1.55255,22.83275,4.3028,0.7782,-33.895 63 111 33 74 101
107,SIPP_2^2,"43,51,0","57,58,0",1,210.0,132,0.03832,35.35534,7.85398,15.70796,1 1 1 1 2 2 1 1 1 1 1 1 1 1 2 2 2 2 1 1 2
107,SIPP_2^3,"43,51,0","57,58,0",1,168.99495199999996,63,0.03621,19.69392,3.92699,7.85398,2 2 3 2 2 2 3 3 3 3 3 2 2 3
107,SIPP_2^4,"43,51,0","57,58,0",1,156.52476,7,0.01102,0.0,0.0,0.0,5 5 5 5 5 5 5
107,SIPP_2^5,"43,51,0","57,58,0",1,156.52476,7,0.02958,0.0,0.0,0.0,10 10 10 10 10 10 10
107,SIPP_BigCS,"43,51,5","57,58,9",1,155.0,4,0.10166,1.04752,0.0,0.0,199 207 207 207
107,SIPP_Standard,"43,51,5","57,58,9",1,159.0,4,0.035,4.73187,0.9185,0.0813,48 95
108,SIPP_2^2,"38,11,0","54,25,0",1,300.0,307,0.08664,63.63961,14.13717,28.27433,2 2 2 2 2 2 1 2 2 2 2 2 1 1 1 1 1 1 1 1 1 2 1 1 1 1 2 1 2 1
108,SIPP_2^3,"38,11,0","54,25,0",1,217.98990399999994,52,0.02673,7.77347,1.5708,3.14159,3 3 3 3 3 3 3 3 3 3 3 3 3 2 2 3
108,SIPP_2^4,"38,11,0","54,25,0",1,214.42699199999996,38,0.05908,6.43595,1.287,2.574,6 6 6 6 6 6 6 6 6 6 5 6 5 6
108,SIPP_2^5,"38,11,0","54,25,0",1,213.53238599999995,33,0.14602,1.97768,0.39479,0.78958,12 12 12 12 12 12 12 12 11 11 12 12
108,SIPP_BigCS,"38,11,1","54,25,7",1,212.0,12,0.28601,3.49395,0.6634,0.0518,100 100 100 100 100 100 124 255
108,SIPP_Standard,"38,11,1","54,25,7",1,246.0,85,0.35148,11.82604,2.3238,0.3758,8 48 103
109,SIPP_2^2,"43,55,0","6,26,0",1,660.0,1494,0.37993,98.99495,21.99115,43.9823,3 3 3 3 3 3 3 3 3 3 3 3 3 3 3 3 3 3 3 3 3 3 3 3 3 3 0 0 0 3 3 3 0 3 3 0 0 0 0 0 0 0 0 0 0 3 0 0 0 0 0 0 0 0 3 0 0 0 0 3 3 0 3 0 0 3
109,SIPP_2^3,"43,55,0","6,26,0",1,490.12194399999987,266,0.12607,23.41252,4.71239,9.42478,7 6 7 6 6 6 7 7 7 7 7 7 7 7 7 7 7 7 7 7 7 7 7 7 7 7 7 7 7 7 7 6 6 6 6 7 7
109,SIPP_2^4,"43,55,0","6,26,0",1,475.87029599999994,163,0.21205,16.12395,3.21751,6.43501,14 14 13 13 13 13 14 14 14 13 14 14 14 14 14 14 14 14 14 14 14 14 14 13 14 13 14 13 14
109,SIPP_2^5,"43,55,0","6,26,0",1,472.29187199999996,102,0.36313,3.94914,0.78958,1.57916,27 27 27 27 27 28 28 28 28 28 28 28 28 28 27 28 28 28 28 27 27
109,SIPP_BigCS,"43,55,1","6,26,2",1,470.0,87,0.91353,5.69196,0.9744,0.0605,102 126 205 205 221 102 102 102 102 102 102 102 102 102 102 102 102 178 205
109,SIPP_Standard,"43,55,1","6,26,2",1,476.79306299999996,56,0.1911,13.61868,2.5894,0.227,69 50 -0.793 77 74 69 50
110,SIPP_2^2,"11,28,0","22,55,0",1,380.0,422,0.11801,84.85281,18.84956,37.69911,2 2 2 2 1 1 1 1 2 2 1 1 2 2 2 2 1 1 2 2 2 2 2 2 2 2 2 2 2 2 2 2 1 2 1 2 1 2
110,SIPP_2^3,"11,28,0","22,55,0",1,315.56349599999993,215,0.10492,16.09642,3.14159,6.28319,3 3 3 3 3 3 3 3 3 4 4 4 4 4 4 4 4 4 4 3 4 4 4 4 4 4 3
110,SIPP_2^4,"11,28,0","22,55,0",1,295.96748,85,0.10917,13.99138,2.78189,5.56377,7 8 7 7 8 8 7 7 7 7 7 7 7 8 8 7
110,SIPP_2^5,"11,28,0","22,55,0",1,292.46844799999997,40,0.14057,3.54894,0.70949,1.41897,14 15 14 14 14 15 14 14 15 -0.190 15 15
110,SIPP_BigCS,"11,28,14","22,55,9",1,292.0,23,0.29039,3.9751,0.5075,0.0551,200 200 200 200 200 200 200 200 200 200 360
110,SIPP_Standard,"11,28,14","22,55,9",1,321.0,143,0.61781,10.13424,1.9729,0.2466,48 87 0 4
111,SIPP_2^2,"4,43,0","2,12,0",1,330.0,90,0.0254,14.14214,3.14159,6.28319,0 0 0 0 0 0 0 0 0 0 0 0 0 0 0 0 0 0 0 0 0 0 0 0 0 0 0 0 0 0 3 3 0
111,SIPP_2^3,"4,43,0","2,12,0",1,318.284272,80,0.04351,11.59279,2.35619,4.71239,0 0 0 0 0 0 0 0 0 0 0 0 0 0 0 0 0 0 0 0 0 0 0 0 0 0 0 0 7 0 7
111,SIPP_2^4,"4,43,0","2,12,0",1,314.72136,68,0.10182,6.94722,1.39094,2.78189,0 0 0 0 0 0 0 0 0 0 0 0 0 0 0 0 0 0 0 0 0 0 0 0 0 15 0 0 15
111,SIPP_2^5,"4,43,0","2,12,0",1,313.24555399999997,54,0.2007,4.82449,0.96525,1.9305,0 0 0 0 0 0 0 0 0 0 0 0 0 0 0 0 0 0 0 0 0 0 31 0 0 0 31
111,SIPP_BigCS,"4,43,2","2,12,4",1,314.0,111,0.50057,4.98532,0.9783,0.1089,362 6 6 6 6 6 6 6 6 2 6 6 30
111,SIPP_Standard,"4,43,2","2,12,4",1,321.0,26,0.09884,6.75321,1.3299,0.1489,46 2 2 18
112,SIPP_2^2,"31,48,0","10,6,0",1,630.0,1282,0.29661,91.92388,20.42035,40.8407,3 3 3 3 3 3 3 3 3 3 0 0 0 0 0 0 3 0 0 0 0 0 0 0 0 3 3 3 3 0 0 0 0 0 0 0 0 0 0 0 3 3 3 0 0 0 0 0 0 0 0 0 0 3 0 0 0 0 3 0 0 3 0
112,SIPP_2^3,"31,48,0","10,6,0",1,506.98485599999987,542,0.25685,71.07706,14.13717,28.27433,7 0 7 0 7 7 7 0 7 7 7 7 7 7 7 7 0 0 7 0 7 0 7 7 7 0 0 0 0 0 0 0 7 0 7 0 0 0 0 0 0 7
112,SIPP_2^4,"31,48,0","10,6,0",1,469.57428,21,0.03062,0.0,0.0,0.0,15 15 15 15 15 15 15 15 15 15 15 15 15 15 15 15 15 15 15 15 15
112,SIPP_2^5,"31,48,0","10,6,0",1,469.57428,21,0.08159,0.0,0.0,0.0,30 30 30 30 30 30 30 30 30 30 30 30 30 30 30 30 30 30 30 30 30
112,SIPP_BigCS,"31,48,13","10,6,10",1,467.0,6,0.32443,3.34249,0.0,0.0,194 194 194 194 194 202
112,SIPP_Standard,"31,48,13","10,6,10",1,482.0,196,0.71703,16.51028,3.1915,0.3374,46 10 54 66 54 90
113,SIPP_2^2,"46,26,0","0,31,0",0,-1,0,0.0,0.0,0.0,0.0,
113,SIPP_2^3,"46,26,0","0,31,0",0,-1,0,0.0,0.0,0.0,0.0,
113,SIPP_2^4,"46,26,0","0,31,0",0,-1,0,0.0,0.0,0.0,0.0,
113,SIPP_2^5,"46,26,0","0,31,0",0,-1,0,0.0,0.0,0.0,0.0,
113,SIPP_BigCS,"46,26,0","0,31,0",0,-1,0,0.0,0.0,0.0,0.0,
113,SIPP_Standard,"46,26,12","0,31,0",0,-1,90343,180.00201,0.0,0.0,0.0,
114,SIPP_2^2,"61,52,0","51,22,0",1,400.0,332,0.09632,98.99495,21.99115,43.9823,0 0 0 0 0 0 0 0 0 0 3 0 0 0 0 0 0 0 3 3 0 0 0 0 3 0 0 0 0 0 3 3 3 0 3 0 3 0 3 0
114,SIPP_2^3,"61,52,0","51,22,0",1,341.42135999999994,229,0.13527,51.76533,10.21018,20.42035,0 0 0 0 0 7 0 0 0 7 0 7 7 0 0 0 7 7 7 0 0 0 7 0 0 0 7 0 0 7
114,SIPP_2^4,"61,52,0","51,22,0",1,323.6068,107,0.18139,16.31146,3.24553,6.49107,0 0 0 0 15 0 15 0 0 0 15 15 15 15 15 15 15 0 0 15
114,SIPP_2^5,"61,52,0","51,22,0",1,319.179382,66,0.29331,7.87462,1.5708,3.14159,31 0 0 31 0 0 31 31 30 30 30 30 31 31
114,SIPP_BigCS,"61,52,3","51,22,11",1,320.0,115,0.86917,8.10359,1.4752,0.1625,202 306 6 6 6 82 202 202 202 306
114,SIPP_Standard,"61,52,3","51,22,11",1,327.0,37,0.10207,12.05336,2.3098,0.2642,6 90 10 54
115,SIPP_2^2,"33,42,0","24,6,0",1,450.0,476,0.11036,28.28427,6.28319,12.56637,0 0 0 0 0 0 0 0 0 0 0 0 0 0 0 0 0 0 0 0 0 0 0 0 0 0 0 0 0 0 0 0 0 3 3 3 0 0 3 3 3 3 3 3 0
115,SIPP_2^3,"33,42,0","24,6,0",1,397.27922399999994,311,0.11216,27.80748,5.49779,10.99557,0 0 0 0 0 0 0 0 0 0 0 0 0 0 0 0 0 0 0 0 0 0 7 0 7 7 7 7 7 7 0 0 0 7 0 7
115,SIPP_2^4,"33,42,0","24,6,0",1,381.24612,201,0.20078,16.30182,3.24553,6.49107,0 0 0 0 0 0 0 0 0 0 0 0 0 0 0 15 0 15 15 15 15 15 15 0 15 0 15
115,SIPP_2^5,"33,42,0","24,6,0",1,374.6049929999999,111,0.29497,11.29377,2.25225,4.50451,0 0 0 31 0 0 31 31 0 31 31 31 31 31 0 0 0 31
115,SIPP_BigCS,"33,42,12","24,6,1",1,378.0,475,3.47798,12.76621,2.4535,0.2714,202 306 6 6 82 362 30 306
115,SIPP_Standard,"33,42,12","24,6,1",1,403.0,404,1.29817,14.35881,2.7663,0.367,2 18 108 54 74
116,SIPP_2^2,"52,55,0","42,57,0",1,154.50497000000001,79,0.02186,21.2132,4.71239,9.42478,2 2 2 -14.505 3 3 3 3 3 3 3 3 3 0 3
116,SIPP_2^3,"52,55,0","42,57,0",1,116.56854399999997,23,0.01248,19.54353,3.92699,7.85398,6 6 7 6 6 6 5 5 6 5
116,SIPP_2^4,"52,55,0","42,57,0",1,109.44272000000001,12,0.01708,11.66149,2.31824,4.63648,12 13 11 12 11 11
116,SIPP_2^5,"52,55,0","42,57,0",1,107.966914,10,0.03597,5.3802,1.06919,2.13838,25 22 23 22
116,SIPP_BigCS,"52,55,15","42,57,13",1,112.0,19,0.18693,7.87865,1.5666,0.344,162 35
116,SIPP_Standard,"52,55,15","42,57,13",1,499.0,1339,3.04081,27.03726,5.2228,0.81,50 93 11 35 80 13
117,SIPP_2^2,"41,62,0","7,20,0",1,760.0,1774,0.43391,134.35029,29.84513,59.69026,3 3 3 3 3 3 3 3 3 3 3 3 3 3 3 3 3 3 3 3 0 0 0 0 3 0 0 0 0 3 3 3 0 3 0 0 0 0 0 0 0 3 0 0 0 0 0 0 0 0 0 0 0 0 0 0 0 0 0 0 0 3 3 0 3 3 0 3 0 0 3 0 0 3 3 0
117,SIPP_2^3,"41,62,0","7,20,0",1,599.3349019999999,892,0.44435,23.46225,4.71239,9.42478,7 7 7 7 7 7 7 7 7 7 7 7 7 7 7 7 7 7 7 7 7 7 7 7 7 7 7 7 6 -22.562 6 -4.225 7 7 0 7 0 0 0 0 0 0 0 0 0 7
117,SIPP_2^4,"41,62,0","7,20,0",1,546.5809759999999,278,0.39264,12.87976,2.574,5.14801,14 14 14 14 14 14 14 14 14 14 14 14 14 14 14 14 14 14 15 15 14 14 14 14 14 15 15 15 15 14 15 14 15 14
117,SIPP_2^5,"41,62,0","7,20,0",1,543.0025519999999,196,0.75109,6.9148,1.38177,2.76354,28 28 28 28 28 28 28 28 28 28 28 28 29 29 29 28 28 28 29 29 28 28 29 29 28 29
117,SIPP_BigCS,"41,62,2","7,20,4",1,540.0,47,0.43565,10.53503,1.969,0.1322,102 102 102 102 102 102 102 102 154 250 154 218 154 218
117,SIPP_Standard,"41,62,2","7,20,4",1,548.0,175,0.73137,15.22297,2.911,0.2473,54 66 54 74 69 54 74
118,SIPP_2^2,"30,30,0","26,63,0",0,-1,0,0.0,0.0,0.0,0.0,
118,SIPP_2^3,"30,30,0","26,63,0",0,-1,0,0.0,0.0,0.0,0.0,
118,SIPP_2^4,"30,30,0","26,63,0",0,-1,0,0.0,0.0,0.0,0.0,
118,SIPP_2^5,"30,30,0","26,63,0",0,-1,0,0.0,0.0,0.0,0.0,
118,SIPP_BigCS,"30,30,0","26,63,0",0,-1,0,0.0,0.0,0.0,0.0,
118,SIPP_Standard,"30,30,7","26,63,11",0,-1,90482,180.00332,0.0,0.0,0.0,
119,SIPP_2^2,"20,10,0","21,46,0",1,370.0,37,0.00947,7.07107,1.5708,3.14159,2 2 2 2 2 2 2 2 2 2 2 2 2 2 2 2 2 2 2 2 2 2 2 2 2 2 2 2 2 2 2 2 2 2 2 2 1
119,SIPP_2^3,"20,10,0","21,46,0",1,364.142136,36,0.01687,3.82683,0.7854,1.5708,4 4 4 4 4 4 4 4 4 4 4 4 4 4 4 4 4 4 4 4 4 4 4 4 4 4 4 4 4 4 4 4 4 4 4 3
119,SIPP_2^4,"20,10,0","21,46,0",1,362.36068,35,0.04903,2.29753,0.46365,0.9273,8 8 8 8 8 8 8 8 8 8 8 8 8 8 8 8 8 8 8 8 8 8 8 8 8 8 8 8 8 8 8 8 8 8 7
119,SIPP_2^5,"20,10,0","21,46,0",1,361.622777,34,0.1306,1.60182,0.32175,0.6435,16 16 16 16 16 16 16 16 16 16 16 16 16 16 16 16 16 16 16 16 16 16 16 16 16 16 16 16 16 16 16 16 16 15
119,SIPP_BigCS,"20,10,13","21,46,9",1,362.0,34,0.31623,2.74653,0.5456,0.0552,4 4 4 0 0 4 0 12
119,SIPP_Standard,"20,10,13","21,46,9",1,397.0,445,1.55885,10.89729,2.0858,0.2293,52 88 0 20 51
120,SIPP_2^2,"28,44,0","22,26,0",1,240.0,148,0.03102,70.71068,15.70796,31.41593,0 0 0 0 0 0 0 0 3 0 0 3 0 0 3 0 0 3 0 0 0 3 3 0
120,SIPP_2^3,"28,44,0","22,26,0",1,204.85281599999996,89,0.03701,27.52838,5.49779,10.99557,0 0 0 0 0 0 0 0 7 0 7 0 7 7 7 0 0 7
120,SIPP_2^4,"28,44,0","22,26,0",1,194.16407999999998,54,0.07117,6.99946,1.39094,2.78189,15 15 15 0 15 15 15 0 0 0 0 0
120,SIPP_2^5,"28,44,0","22,26,0",1,189.73666199999997,6,0.02381,0.0,0.0,0.0,31 31 31 31 31 31
120,SIPP_BigCS,"28,44,13","22,26,2",1,192.0,41,0.33308,5.22831,0.9691,0.1012,6 82 202 202 306
120,SIPP_Standard,"28,44,13","22,26,2",1,244.0,107,0.226,12.35424,2.4143,0.3151,37 10 38
121,SIPP_2^2,"18,12,0","22,51,0",1,430.0,243,0.06973,21.2132,4.71239,9.42478,2 2 2 2 2 2 2 2 2 2 2 2 2 2 2 2 2 2 2 2 2 2 2 2 2 2 2 2 2 2 2 2 2 2 2 2 2 1 1 1 2 2 1
121,SIPP_2^3,"18,12,0","22,51,0",1,406.568544,192,0.0836,19.54353,3.92699,7.85398,4 4 4 4 4 4 4 4 4 4 4 4 4 4 4 4 4 4 4 4 4 4 4 4 4 4 4 4 4 4 4 3 4 4 3 3 4 4 3
121,SIPP_2^4,"18,12,0","22,51,0",1,399.44272,153,0.20174,6.98569,1.39094,2.78189,8 8 8 8 8 8 8 8 8 8 8 8 8 8 8 8 8 8 8 8 8 8 8 8 8 8 8 8 8 7 7 7 8 8 7
121,SIPP_2^5,"18,12,0","22,51,0",1,396.49110799999994,129,0.48889,8.0692,1.60875,3.21751,16 16 16 16 16 16 16 16 16 16 16 16 16 16 16 16 16 16 16 16 16 16 16 16 16 15 15 16 15 16 15
121,SIPP_BigCS,"18,12,1","22,51,8",1,398.0,425,3.31231,4.95204,0.9691,0.1012,4 4 0 0 0 80 304
121,SIPP_Standard,"18,12,1","22,51,8",1,401.0,39,0.17675,6.75321,1.3299,0.1489,44 0 0 0 4
122,SIPP_2^2,"9,9,0","41,23,0",1,460.0,656,0.17339,84.85281,18.84956,37.69911,2 2 2 2 2 1 1 1 1 1 1 2 2 1 1 2 2 1 1 1 1 1 1 1 1 1 1 1 1 1 2 2 1 2 1 2 1 1 1 1 1 1 1 1 1 2
122,SIPP_2^3,"9,9,0","41,23,0",1,377.9899039999999,291,0.14776,39.92866,7.85398,15.70796,3 3 3 3 3 3 3 3 2 2 2 2 2 3 2 2 2 2 2 3 2 2 2 2 3 2 3 3 2 2 2 3
122,SIPP_2^4,"9,9,0","41,23,0",1,353.04952,94,0.13523,4.67944,0.9273,1.85459,5 5 5 5 5 5 5 5 5 5 5 5 5 4 4 4 4 5
122,SIPP_2^5,"9,9,0","41,23,0",1,350.09790799999996,55,0.20315,3.54855,0.70949,1.41897,10 9 10 10 10 10 9 9 10 10 10 10 10 9
122,SIPP_BigCS,"9,9,14","41,23,15",1,348.0,22,0.24705,4.27055,0.5061,0.0613,207 207 207 207 207 207 207 207 207 207 207 207 311 5 5
122,SIPP_Standard,"9,9,14","41,23,15",1,355.0,23,0.10253,7.77831,1.1565,0.2278,63 63 63 103
123,SIPP_2^2,"18,40,0","28,29,0",1,210.0,142,0.03265,28.28427,6.28319,12.56637,0 1 1 1 1 1 1 0 0 0 0 0 0 0 0 0 1 1 1 1 0
123,SIPP_2^3,"18,40,0","28,29,0",1,163.13708799999998,40,0.0155,24.07888,4.71239,9.42478,1 1 2 2 1 1 1 1 0 1 0 0 1
123,SIPP_2^4,"18,40,0","28,29,0",1,154.229808,21,0.02627,8.05898,1.60875,3.21751,3 3 2 1 1 2 1 2
123,SIPP_2^5,"18,40,0","28,29,0",1,153.33520199999998,15,0.05267,3.84962,0.76786,1.53571,6 6 4 3 2 3
123,SIPP_BigCS,"18,40,8","28,29,9",1,155.0,26,0.46418,5.73251,1.1038,0.2689,65 101 101 177 204
123,SIPP_Standard,"18,40,8","28,29,9",1,230.783846,69,0.24017,7.22812,1.4273,0.1914,-71.784 53 81
124,SIPP_2^2,"22,5,0","11,28,0",1,340.0,351,0.08841,42.42641,9.42478,18.84956,2 2 2 2 2 2 2 2 2 2 2 2 2 2 2 2 2 2 2 2 3 3 2 3 3 3 3 2 3 3 3 3 3 2
124,SIPP_2^3,"22,5,0","11,28,0",1,275.56349599999993,151,0.08954,43.87825,8.63938,17.27876,4 4 4 4 5 5 4 5 5 4 5 4 5 5 5 5 4 4 4 5 4 4 5
124,SIPP_2^4,"22,5,0","11,28,0",1,255.96748,24,0.04543,4.62262,0.9273,1.85459,9 9 9 9 9 9 8 9 9 9 9 9
124,SIPP_2^5,"22,5,0","11,28,0",1,255.229577,17,0.08002,1.41869,0.28379,0.56759,18 18 18 18 18 18 17 18 18 18 18
124,SIPP_BigCS,"22,5,12","11,28,5",1,257.0,48,0.42379,8.71403,1.6099,0.3302,206 206 206 310 72 179 206
124,SIPP_Standard,"22,5,12","11,28,5",1,329.0,323,1.0514,16.21582,3.1381,0.4555,44 16 78 99
125,SIPP_2^2,"41,37,0","26,61,0",1,390.0,510,0.12111,113.13708,25.13274,50.26548,2 3 2 2 3 2 2 2 3 3 3 2 2 3 3 2 3 3 3 3 3 2 2 2 2 2 2 3 2 2 2 2 3 2 2 2 2 3 2
125,SIPP_2^3,"41,37,0","26,61,0",1,302.1320399999999,184,0.08199,15.43549,3.14159,6.28319,5 5 5 5 5 5 5 5 5 5 5 5 5 4 4 4 4 4 5 4 4 4 4 5
125,SIPP_2^4,"41,37,0","26,61,0",1,286.098936,75,0.10814,4.82472,0.96525,1.9305,9 9 9 9 9 10 10 9 9 9 9 10 10 10 10
125,SIPP_2^5,"41,37,0","26,61,0",1,283.41511799999995,28,0.11494,1.86604,0.37307,0.74613,19 19 19 19 18 19 19 18 18
125,SIPP_BigCS,"41,37,12","26,61,2",1,282.0,9,0.23623,4.27753,0.6528,0.0402,206 206 206 206 206 206 222 127
125,SIPP_Standard,"41,37,12","26,61,2",1,319.0,233,0.81074,10.17872,1.9729,0.1836,55 67 39 4
126,SIPP_2^2,"9,20,0","10,3,0",1,180.0,18,0.00447,7.07107,1.5708,3.14159,0 0 0 0 0 0 0 0 0 0 0 0 0 0 0 0 0 1
126,SIPP_2^3,"9,20,0","10,3,0",1,174.142136,17,0.00845,3.82683,0.7854,1.5708,0 0 0 0 0 0 0 0 0 0 0 0 0 0 0 0 1
126,SIPP_2^4,"9,20,0","10,3,0",1,172.36068,16,0.02185,2.29753,0.46365,0.9273,0 0 0 0 0 0 0 0 0 0 0 0 0 0 0 1
126,SIPP_2^5,"9,20,0","10,3,0",1,171.62277699999999,15,0.05438,1.60182,0.32175,0.6435,0 0 0 0 0 0 0 0 0 0 0 0 0 0 1
126,SIPP_BigCS,"9,20,13","10,3,4",1,172.0,15,0.14142,2.74653,0.5456,0.0552,2 6 42
126,SIPP_Standard,"9,20,13","10,3,4",1,241.0,143,0.17276,11.55118,2.2207,0.3118,77 106 53
127,SIPP_2^2,"24,36,0","12,31,0",1,170.0,67,0.0155,49.49747,10.99557,21.99115,3 0 0 3 3 3 3 3 3 3 0 3 3 3 0 3 0
127,SIPP_2^3,"24,36,0","12,31,0",1,144.52801699999998,38,0.01501,23.83578,4.71239,9.42478,7 -3.817 7 6 6 6 6 7 6 7 6 6 7
127,SIPP_2^4,"24,36,0","12,31,0",1,139.183649,26,0.0283,10.97482,2.17634,4.35268,14 -3.817 14 13 12 12 12 13 12 13
127,SIPP_2^5,"24,36,0","12,31,0",1,136.491108,11,0.03462,5.8471,1.24905,2.49809,0 25 25 25 25
127,SIPP_BigCS,"24,36,1","12,31,5",1,136.626601,20,0.36221,6.00377,1.1466,0.2316,-1.627 322 205 309 7 7
127,SIPP_Standard,"24,36,1","12,31,5",1,237.045197,100,0.51102,11.51907,2.2622,0.3989,-62.045 99 85
128,SIPP_2^2,"49,14,0","22,52,0",1,650.0,1489,0.35435,63.63961,14.13717,28.27433,3 3 3 3 3 3 3 3 3 3 3 3 3 3 3 3 3 3 3 3 3 3 2 2 2 2 2 2 2 2 2 2 3 2 2 2 2 2 2 2 2 2 2 2 2 2 2 2 2 2 2 2 2 2 2 3 2 2 3 3 2 2 2 3 2
128,SIPP_2^3,"49,14,0","22,52,0",1,491.8376719999998,417,0.16246,31.93089,6.28319,12.56637,5 5 5 5 5 5 5 5 5 5 5 5 5 5 5 5 5 5 4 5 5 5 5 5 4 5 5 4 4 4 4 4 4 5 4 4 4 5
128,SIPP_2^4,"49,14,0","22,52,0",1,472.24165599999986,230,0.2452,4.83659,0.96525,1.9305,9 9 9 9 9 9 9 9 9 10 9 9 10 10 10 10 10 10 10 10 10 10 10 10 10 10 10
128,SIPP_2^5,"49,14,0","22,52,0",1,467.321323,92,0.29066,4.94139,0.98698,1.97396,19 19 19 19 19 19 20 19 20 20 20 19 19 19 19 20
128,SIPP_BigCS,"49,14,7","22,52,9",1,466.0,23,0.27542,9.11498,1.627,0.0948,206 206 206 222 103 127 222 127 222
128,SIPP_Standard,"49,14,7","22,52,9",1,468.0,25,0.10001,11.82977,2.2593,0.1685,51 70 51 70 51 78
129,SIPP_2^2,"20,50,0","17,40,0",1,130.0,39,0.00897,42.42641,9.42478,18.84956,0 3 0 3 0 0 0 0 0 0 0 3 0
129,SIPP_2^3,"20,50,0","17,40,0",1,112.42640799999998,25,0.00984,19.45842,3.92699,7.85398,0 0 0 0 7 0 7 0 0 7
129,SIPP_2^4,"20,50,0","17,40,0",1,107.08203999999999,20,0.02456,2.34408,0.46365,0.9273,15 15 15 0 0 0 0
129,SIPP_2^5,"20,50,0","17,40,0",1,104.868331,7,0.02962,3.23301,0.6435,1.287,31 31 0 31
129,SIPP_BigCS,"20,50,2","17,40,4",1,106.0,13,0.16771,2.73576,0.5061,0.0613,202 306 6 6
129,SIPP_Standard,"20,50,2","17,40,4",1,423.0,1582,3.6757,30.73168,5.9532,1.0726,34 107 42 84 25
130,SIPP_2^2,"40,45,0","54,11,0",1,480.0,681,0.15548,70.71068,15.70796,31.41593,1 1 1 1 1 1 0 0 0 1 1 1 0 0 0 0 0 0 0 0 0 0 0 0 0 0 0 0 0 0 1 0 0 0 0 0 1 1 0 0 0 0 0 1 0 0 0 1
130,SIPP_2^3,"40,45,0","54,11,0",1,397.9899039999999,353,0.16212,31.74208,6.28319,12.56637,1 1 1 1 1 1 1 1 1 0 0 0 0 0 1 0 0 0 0 0 0 0 1 1 0 0 1 0 0 0 0 0 0 1
130,SIPP_2^4,"40,45,0","54,11,0",1,373.04952,133,0.18445,6.98997,1.39094,2.78189,1 1 1 1 1 1 1 1 1 1 1 1 0 0 1 1 0 0 0 0
130,SIPP_2^5,"40,45,0","54,11,0",1,368.6221019999999,66,0.22955,3.54816,0.70949,1.41897,2 1 2 2 2 2 2 2 1 1 1 1 2 1
130,SIPP_BigCS,"40,45,7","54,11,12",1,368.0,41,0.45115,6.49608,0.9769,0.1151,204 204 204 204 204 204 204 204 204 204 204 308 58
130,SIPP_Standard,"40,45,7","54,11,12",1,403.0,456,1.99162,6.02087,1.1673,0.148,2 2 22 29 53
131,SIPP_2^2,"34,30,0","45,58,0",1,390.0,437,0.092,56.56854,12.56637,25.13274,2 2 2 2 2 2 2 2 2 2 2 2 2 2 2 2 2 2 2 2 2 1 1 2 1 1 1 2 2 2 2 1 1 1 1 1 2 1 2
131,SIPP_2^3,"34,30,0","45,58,0",1,325.56349599999993,238,0.09202,36.12697,7.06858,14.13717,4 4 4 4 4 4 4 4 4 4 4 3 3 3 3 3 3 4 3 3 4 3 4 4 3 4 4 3
131,SIPP_2^4,"34,30,0","45,58,0",1,305.96747999999997,101,0.11301,11.64149,2.31824,4.63648,7 7 7 7 7 7 7 7 8 7 7 8 7 8 8 8 8
131,SIPP_2^5,"34,30,0","45,58,0",1,301.540062,41,0.1538,2.83857,0.56759,1.13518,15 14 14 15 14 14 14 15 15 15 15
131,SIPP_BigCS,"34,30,15","45,58,2",1,302.0,40,0.43424,6.0775,0.9769,0.1151,200 200 200 200 200 200 200 200 304 28
131,SIPP_Standard,"34,30,15","45,58,2",1,318.0,107,0.38061,9.3562,1.819,0.2268,0 8 52 72
132,SIPP_2^2,"57,39,0","15,17,0",1,643.334751,1407,0.32736,77.78175,17.27876,34.55752,3 3 3 3 3 3 3 3 3 3 3 3 3 3 3 3 3 3 3 3 3 3 3 3 3 3 3 3 3 3 3 3 3 3 3 3 3 0 0 0 0 0 3 0 3 0 3 0 0 0 0 0 0 0 0 0 0 0 0 0 3 0 3 -3.335 0
132,SIPP_2^3,"57,39,0","15,17,0",1,511.12699199999986,564,0.28654,39.99833,7.85398,15.70796,7 7 7 7 7 7 7 7 7 7 7 7 7 7 7 7 6 6 6 6 7 6 6 6 6 6 6 7 6 6 6 6 7 6 6 6 7 7 6 6 6 7
132,SIPP_2^4,"57,39,0","15,17,0",1,475.497872,73,0.08807,4.85003,0.96525,1.9305,13 13 13 13 13 13 13 13 13 13 13 13 13 13 13 13 13 13 13 14 13 14
132,SIPP_2^5,"57,39,0","15,17,0",1,474.603266,59,0.19386,0.62204,0.12436,0.24871,26 26 26 26 26 26 26 26 26 26 26 26 26 26 26 26 26 26 27 27
132,SIPP_BigCS,"57,39,13","15,17,0",1,472.0,12,0.25923,6.00483,0.6405,0.1703,197 197 197 205 205 205 205 205 205 205 205 325
132,SIPP_Standard,"57,39,13","15,17,0",1,484.0,165,0.71963,14.27902,2.5946,0.2764,50 61 69 38 23 50
133,SIPP_2^2,"62,18,0","26,2,0",1,520.0,757,0.20425,70.71068,15.70796,31.41593,3 3 3 3 3 3 3 3 3 3 3 3 3 3 3 3 3 3 3 3 3 3 3 3 3 3 3 3 3 3 0 0 3 0 0 0 0 3 0 3 0 0 0 0 3 3 0 0 0 0 0 3
133,SIPP_2^3,"62,18,0","26,2,0",1,443.8477679999999,527,0.24048,27.82521,5.49779,10.99557,6 6 6 6 6 6 6 6 6 6 6 6 6 6 6 6 7 7 7 7 7 7 7 7 6 6 6 6 6 6 6 7 7 0 7 7 0 0 7
133,SIPP_2^4,"62,18,0","26,2,0",1,431.332335,480,0.62225,15.0968,2.96174,5.92348,12 12 12 12 12 12 12 12 12 12 12 12 12 12 13 13 13 13 13 13 13 13 13 -3.004 12 15 15 0 15
133,SIPP_2^5,"62,18,0","26,2,0",1,429.26635899999997,472,1.64701,13.06475,2.53605,5.0721,24 24 24 24 24 24 25 25 25 25 25 25 25 24 24 25 24 -0.678 30 31 31
133,SIPP_BigCS,"62,18,5","26,2,4",1,431.938861,3179,20.28682,14.04063,2.5957,0.3943,205 309 7 7 59 365 7 59 325 -1.939 194
133,SIPP_Standard,"62,18,5","26,2,4",1,435.878261,423,1.0049,15.23812,2.7938,0.3425,19 61 93 19 -8.878 85
134,SIPP_2^2,"23,27,0","50,50,0",1,500.0,875,0.19314,106.06602,23.56194,47.12389,2 2 2 2 2 2 2 2 2 2 2 2 2 1 1 1 2 2 1 1 1 1 1 2 1 1 1 2 1 2 1 2 2 1 1 1 1 1 1 1 2 2 1 1 1 1 1 1 2 1
134,SIPP_2^3,"23,27,0","50,50,0",1,379.41126399999985,275,0.09539,16.09069,3.14159,6.28319,3 3 3 3 3 3 3 3 3 3 3 3 3 3 3 3 3 3 4 3 3 3 3 3 2 2 2 1
134,SIPP_2^4,"23,27,0","50,50,0",1,363.48767199999986,191,0.18443,7.22591,1.4289,2.8578,6 6 6 6 6 6 6 6 6 6 6 6 6 6 6 6 6 5 6 6 6 6 6 4 4 4
134,SIPP_2^5,"23,27,0","50,50,0",1,362.7497689999999,196,0.55348,3.96009,0.7854,1.5708,12 12 12 12 12 12 12 12 12 12 12 12 12 12 12 12 12 12 12 12 12 12 9 8 8
134,SIPP_BigCS,"23,27,15","50,50,13",1,359.0,434,3.96239,3.89807,0.7843,0.0937,100 100 100 100 100 100 100 100 100 100 100 100 100 100 100 100 100 100 100 100 128
134,SIPP_Standard,"23,27,15","50,50,13",1,410.0,526,1.51354,12.91292,2.4871,0.3546,41 71 28 52 88
135,SIPP_2^2,"22,58,0","24,51,0",1,90.0,18,0.00654,21.2132,4.71239,9.42478,0 0 1 0 0 0 0 0 1
135,SIPP_2^3,"22,58,0","24,51,0",1,78.28427199999999,12,0.00859,11.59279,2.35619,4.71239,0 0 1 0 0 0 1
135,SIPP_2^4,"22,58,0","24,51,0",1,74.72136,8,0.01711,6.94722,1.39094,2.78189,0 1 0 0 1
135,SIPP_2^5,"22,58,0","24,51,0",1,73.245554,4,0.02161,3.22267,0.6435,1.287,1 0 1
135,SIPP_BigCS,"22,58,8","24,51,0",1,74.0,4,0.17784,2.36385,0.463,0.0399,86
135,SIPP_Standard,"22,58,8","24,51,0",1,80.0,1,0.04609,6.1946,1.2472,0.2589,33
136,SIPP_2^2,"6,2,0","45,53,0",1,900.0,2632,0.68078,155.56349,34.55752,69.11504,2 2 2 2 2 2 2 2 2 2 2 2 2 2 2 2 1 1 1 1 2 1 2 1 1 1 1 1 1 1 1 1 1 1 1 1 1 1 1 1 1 1 1 1 1 2 2 2 2 2 2 2 2 2 2 2 2 2 1 2 2 2 1 1 2 2 1 1 2 2 2 2 2 2 2 1 1 2 2 1 2 2 2 1 2 1 2 1 1 2
136,SIPP_2^3,"6,2,0","45,53,0",1,671.5433040000004,380,0.16511,47.42519,9.42478,18.84956,3 4 4 4 3 4 4 4 4 3 4 3 3 4 3 3 3 4 3 3 3 3 3 3 3 3 3 3 3 3 3 3 3 3 3 3 3 3 4 4 3 3 3 3 3 3 3 3 3 3 3
136,SIPP_2^4,"6,2,0","45,53,0",1,659.0731120000002,265,0.31186,15.05123,2.9997,5.99939,8 8 8 7 7 8 8 7 6 7 6 6 6 6 6 6 6 6 6 6 6 6 6 6 6 6 6 6 6 6 6 6 6 6 6 6 6 6 6 7 7 7 6 6
136,SIPP_2^5,"6,2,0","45,53,0",1,654.779591,227,0.72316,7.88583,1.57498,3.14996,16 15 15 15 15 12 12 12 12 12 12 12 12 12 12 12 12 12 12 12 12 12 12 12 12 12 12 12 12 12 12 12 13 13 12 13 12
136,SIPP_BigCS,"6,2,1","45,53,5",1,652.0,323,2.95267,7.89776,1.4556,0.12,4 28 200 200 248 100 100 100 100 100 100 100 100 100 100 100 100 100 100 100 100 100 100 100 100 100 100 100 152 216
136,SIPP_Standard,"6,2,1","45,53,5",1,662.0,99,0.38723,10.1652,1.9516,0.2417,44 8 28 28 28 28 28 52
137,SIPP_2^2,"42,2,0","29,24,0",1,350.0,391,0.10585,21.2132,4.71239,9.42478,2 2 2 2 2 2 2 2 2 2 2 2 2 2 2 2 2 2 2 2 2 3 3 3 3 3 3 3 3 3 3 3 3 2 3
137,SIPP_2^3,"42,2,0","29,24,0",1,273.8477679999999,73,0.03769,11.92797,2.35619,4.71239,4 4 4 4 4 4 4 5 5 5 5 5 5 4 4 5 5 5 5 5 5 5
137,SIPP_2^4,"42,2,0","29,24,0",1,268.50339999999994,55,0.07627,10.36929,2.0724,4.1448,8 8 8 8 8 8 9 10 10 10 9 10 9 10 10 10 10 10 10
137,SIPP_2^5,"42,2,0","29,24,0",1,264.64213199999995,45,0.1662,7.8726,1.57498,3.14996,16 16 16 16 17 20 19 20 19 19 20 20 20 20
137,SIPP_BigCS,"42,2,6","29,24,2",1,264.0,32,0.27261,5.90742,1.1264,0.0917,4 4 84 254 103 103 103 127
137,SIPP_Standard,"42,2,6","29,24,2",1,320.143991,187,0.32748,4.53641,0.6517,0.0788,-62.144 62 62 78
138,SIPP_2^2,"34,31,0","8,8,0",1,490.0,834,0.18853,127.27922,28.27433,56.54867,0 0 0 0 0 0 0 0 0 0 0 0 3 0 3 0 0 3 3 3 3 3 3 3 3 0 3 0 3 3 3 3 3 0 3 3 3 0 0 3 3 0 3 3 0 3 3 3 0
138,SIPP_2^3,"34,31,0","8,8,0",1,355.26912799999985,121,0.05766,7.85902,1.5708,3.14159,7 7 7 7 7 7 7 7 7 7 7 7 7 7 7 7 6 6 6 7 7 7 7 7 7 7
138,SIPP_2^4,"34,31,0","8,8,0",1,349.9247599999999,95,0.12747,3.21951,0.6435,1.287,14 14 14 14 14 14 14 14 14 14 14 14 14 14 13 13 13 14 14 14 14 14 14
138,SIPP_2^5,"34,31,0","8,8,0",1,348.5828509999999,75,0.28715,4.93598,0.98698,1.97396,27 28 27 28 28 27 28 28 28 28 28 28 28 28 28 28 28 28 28 28
138,SIPP_BigCS,"34,31,14","8,8,13",1,346.0,20,0.30099,3.45046,0.6528,0.0402,102 102 102 102 102 102 102 102 102 102 102 102 102 102 126 221
138,SIPP_Standard,"34,31,14","8,8,13",1,403.0,712,2.09951,15.49734,2.9959,0.4017,43 69 54 66 46
139,SIPP_2^2,"50,59,0","40,11,0",1,600.0,758,0.20628,70.71068,15.70796,31.41593,2 3 3 0 0 0 0 0 0 0 0 0 0 0 0 0 0 0 0 0 0 0 0 0 0 0 0 0 0 3 3 0 0 0 0 0 0 0 0 0 3 3 0 0 0 0 0 0 0 0 0 0 0 3 3 3 0 0 3 0
139,SIPP_2^3,"50,59,0","40,11,0",1,541.4213599999999,463,0.21295,47.56784,9.42478,18.84956,5 7 0 0 0 0 0 0 0 0 0 0 0 7 7 0 0 7 0 0 0 0 0 0 0 0 0 7 7 0 0 0 0 0 0 0 0 0 0 0 0 0 7 7 0 0 0 0 0 7
139,SIPP_2^4,"50,59,0","40,11,0",1,527.169712,338,0.45259,27.7022,5.60173,11.20346,10 14 0 0 0 0 0 0 0 0 0 0 0 0 0 0 0 0 0 0 0 0 0 0 0 0 0 0 0 0 0 15 0 15 15 15 15 15 0 15 0 15
139,SIPP_2^5,"50,59,0","40,11,0",1,521.2664879999999,250,0.89659,25.82947,5.25195,10.5039,20 28 0 0 0 0 0 0 0 0 0 0 0 0 0 0 31 0 0 0 0 31 31 31 31 0 0 31 0 31 0 0 0 31
139,SIPP_BigCS,"50,59,1","40,11,7",1,554.42398,734,4.09813,17.12502,3.3704,0.8025,-4.424 171 79 362 6 2 2 6 6 6 2 30 306
139,SIPP_Standard,"50,59,1","40,11,7",1,609.161989,100,0.26499,16.58041,3.0589,0.3225,73 -37.162 92 10 54 58 66 54
140,SIPP_2^2,"11,32,0","48,63,0",0,-1,0,0.0,0.0,0.0,0.0,
140,SIPP_2^3,"11,32,0","48,63,0",0,-1,0,0.0,0.0,0.0,0.0,
140,SIPP_2^4,"11,32,0","48,63,0",0,-1,0,0.0,0.0,0.0,0.0,
140,SIPP_2^5,"11,32,0","48,63,0",0,-1,0,0.0,0.0,0.0,0.0,
140,SIPP_BigCS,"11,32,0","48,63,0",0,-1,0,0.0,0.0,0.0,0.0,
140,SIPP_Standard,"11,32,4","48,63,12",0,-1,91193,180.00199,0.0,0.0,0.0,
141,SIPP_2^2,"32,61,0","30,43,0",1,244.00198699999999,159,0.05117,14.14214,3.14159,6.28319,0 0 0 3 3 -44.002 0 0 0 0 0 0 0 0 0 0 0 0 0 0 0
141,SIPP_2^3,"32,61,0","30,43,0",1,205.042437,70,0.03987,31.9175,6.28319,12.56637,0 7 7 7 0 0 0 7 0 1 0 0 0 0 1 -0.165 0 -0.012 0 -0.012 0
141,SIPP_2^4,"32,61,0","30,43,0",1,205.042437,114,0.16224,14.13774,2.78189,5.56377,0 0 0 0 15 15 1 0 0 0 15 -15.575 0 -0.012 0 -0.012 0
141,SIPP_2^5,"32,61,0","30,43,0",1,205.042437,117,0.45741,15.34422,2.8578,5.7156,0 0 31 31 0 0 0 0 31 -10.137 0 -0.012 0 -0.012 0 -0.012 8
141,SIPP_BigCS,"32,61,8","30,43,0",1,204.95095,355,2.40672,2.76967,0.5075,0.0551,202 362 6 -20.951 2
141,SIPP_Standard,"32,61,8","30,43,0",1,303.95941100000005,294,0.6859,13.99631,2.6747,0.404,27 -55.959 106 49
142,SIPP_2^2,"52,37,0","34,33,0",1,220.0,102,0.02286,49.49747,10.99557,21.99115,3 3 0 3 3 3 3 3 3 3 3 0 3 3 3 3 3 3 3 0 3 0
142,SIPP_2^3,"52,37,0","34,33,0",1,196.56854399999997,70,0.02871,19.54353,3.92699,7.85398,6 6 6 6 6 6 7 6 6 6 6 6 7 7 6 6 6 7
142,SIPP_2^4,"52,37,0","34,33,0",1,189.44272,47,0.06034,11.66698,2.31824,4.63648,12 12 12 12 12 12 12 12 13 13 12 13 12 13
142,SIPP_2^5,"52,37,0","34,33,0",1,186.491108,32,0.11923,6.45704,1.287,2.574,25 24 24 25 25 24 24 24 24 25
142,SIPP_BigCS,"52,37,8","34,33,10",1,188.0,80,0.50524,4.95204,0.9691,0.1012,7 7 7 7 7 87 309
142,SIPP_Standard,"52,37,8","34,33,10",1,246.0,138,0.2508,11.44804,2.2203,0.3521,66 34 75
143,SIPP_2^2,"18,12,0","38,5,0",1,270.0,199,0.06412,35.35534,7.85398,15.70796,0 0 0 0 1 1 0 0 1 1 1 1 1 1 1 1 1 1 1 1 1 1 1 1 1 0 1
143,SIPP_2^3,"18,12,0","38,5,0",1,228.99495199999996,101,0.06789,19.54353,3.92699,7.85398,2 2 2 2 2 2 2 2 2 2 1 2 1 1 2 2 1 1 1 1
143,SIPP_2^4,"18,12,0","38,5,0",1,218.306216,37,0.06776,3.90401,0.7854,1.5708,4 4 4 4 4 4 4 3 3 3 3 3 3 2
143,SIPP_2^5,"18,12,0","38,5,0",1,217.828627,34,0.15315,2.9338,0.588,1.17601,8 8 8 8 8 8 -0.708 7 6 6 6 6 5
143,SIPP_BigCS,"18,12,0","38,5,14",1,219.0,87,0.65303,6.03345,1.1035,0.2102,5 5 5 5 5 81 201 201 201 321
143,SIPP_Standard,"18,12,0","38,5,14",1,238.0,23,0.0908,9.88355,1.8902,0.2936,32 65 53
144,SIPP_2^2,"7,23,0","24,16,0",0,-1,0,0.0,0.0,0.0,0.0,
144,SIPP_2^3,"7,23,0","24,16,0",0,-1,0,0.0,0.0,0.0,0.0,
144,SIPP_2^4,"7,23,0","24,16,0",0,-1,0,0.0,0.0,0.0,0.0,
144,SIPP_2^5,"7,23,0","24,16,0",0,-1,0,0.0,0.0,0.0,0.0,
144,SIPP_BigCS,"7,23,0","24,16,0",0,-1,0,0.0,0.0,0.0,0.0,
144,SIPP_Standard,"7,23,15","24,16,0",0,-1,0,3e-05,0.0,0.0,0.0,
145,SIPP_2^2,"50,39,0","56,44,0",1,110.0,38,0.01032,35.35534,7.85398,15.70796,2 2 2 1 1 2 1 1 1 2 1
145,SIPP_2^3,"50,39,0","56,44,0",1,80.71068,10,0.00542,7.95075,1.5708,3.14159,3 3 3 2 3 3
145,SIPP_2^4,"50,39,0","56,44,0",1,78.929224,9,0.01395,3.229,0.6435,1.287,6 6 6 5 6
145,SIPP_2^5,"50,39,0","56,44,0",1,78.481921,7,0.02883,1.97454,0.39479,0.78958,12 12 11 12
145,SIPP_BigCS,"50,39,10","56,44,1",1,78.0,2,0.14492,1.74352,0.3314,0.0258,100 124
145,SIPP_Standard,"50,39,10","56,44,1",1,80.0,1,0.05366,3.26273,0.6517,0.0788,79
146,SIPP_2^2,"37,18,0","29,52,0",1,420.0,391,0.08502,63.63961,14.13717,28.27433,2 2 2 2 2 2 2 2 2 3 2 3 2 3 3 2 2 2 2 2 2 2 2 2 2 2 2 2 2 2 3 3 3 2 2 2 2 2 2 2 2 3
146,SIPP_2^3,"37,18,0","29,52,0",1,373.13708799999995,259,0.08689,35.85646,7.06858,14.13717,4 4 4 4 5 5 4 4 4 4 4 4 4 5 4 4 5 5 5 4 4 4 4 4 4 4 4 5 4 4 4 4 4 5
146,SIPP_2^4,"37,18,0","29,52,0",1,358.88544,179,0.15568,11.5872,2.31824,4.63648,8 8 8 8 8 8 8 8 8 8 8 8 8 8 9 9 9 9 9 9 8 8 9 8 8 9
146,SIPP_2^5,"37,18,0","29,52,0",1,352.98221599999994,107,0.28211,9.68786,1.9305,3.86101,17 16 16 16 16 16 17 17 16 16 17 17 17 17 16 16 16 17
146,SIPP_BigCS,"37,18,14","29,52,10",1,356.0,420,2.73294,13.06142,2.5347,0.2929,310 4 40 310 4 56 310
146,SIPP_Standard,"37,18,14","29,52,10",1,399.0,691,3.76876,17.7689,3.4592,0.5266,52 104 51 70 35
147,SIPP_2^2,"29,6,0","61,31,0",1,590.0,1083,0.30174,70.71068,15.70796,31.41593,1 0 1 1 1 1 1 1 1 1 1 1 1 1 1 1 1 1 1 1 1 1 1 1 1 1 1 2 2 2 2 2 2 2 2 2 2 2 2 2 2 2 2 1 2 2 2 1 1 1 2 1 2 2 2 2 2 2 1
147,SIPP_2^3,"29,6,0","61,31,0",1,438.683637,277,0.1542,30.81765,6.28319,12.56637,2 1 3 3 3 3 3 3 3 3 3 3 3 3 3 2 2 2 3 3 3 3 3 3 3 3 3 3 3 2 -0.988 2 3 4
147,SIPP_2^4,"29,6,0","61,31,0",1,431.0832079999999,288,0.46331,18.1613,3.6432,7.28639,2 5 6 6 6 6 6 6 6 6 6 6 6 5 5 5 6 6 6 6 6 5 5 5 6 8 8
147,SIPP_2^5,"29,6,0","61,31,0",1,429.805775,289,1.26356,20.84779,4.18407,8.36814,4 10 12 12 12 12 12 12 11 12 11 12 12 12 11 12 12 11 -0.512 10 10 12 16 16
147,SIPP_BigCS,"29,6,15","61,31,11",1,431.89055099999996,1287,10.1387,21.80324,4.2994,0.9599,345 176 255 176 207 327 -1.891 352 188
147,SIPP_Standard,"29,6,15","61,31,11",1,441.79076299999997,61,0.15515,6.50651,1.2474,0.2127,105 28 28 28 -12.791 28
148,SIPP_2^2,"16,2,0","1,62,0",1,750.0,1407,0.37547,56.56854,12.56637,25.13274,2 2 2 2 2 2 2 2 3 3 3 3 3 2 2 2 2 2 2 2 2 2 2 2 2 2 2 2 2 2 2 2 2 3 3 3 3 2 3 3 3 3 3 2 2 2 2 2 2 2 2 2 2 2 2 2 2 2 2 2 2 2 2 2 2 2 2 2 2 2 2 2 2 3 2
148,SIPP_2^3,"16,2,0","1,62,0",1,662.13204,819,0.41039,67.27829,13.35177,26.70354,4 4 5 5 5 4 4 5 5 5 4 4 4 4 4 4 4 4 4 4 4 4 4 4 5 4 4 4 5 5 5 4 4 4 5 4 4 5 4 5 4 4 4 4 4 4 4 5 4 4 4 4 4 4 4 4 4 4 4 5
148,SIPP_2^4,"16,2,0","1,62,0",1,638.496686,532,0.80006,26.50008,5.27998,10.55995,9 9 9 10 9 -1.305 9 8 8 8 8 8 8 8 8 8 8 8 8 8 8 8 8 8 8 8 8 8 9 9 8 8 8 8 8 8 9 9 9 8 9 9 8 9 8 8 9
148,SIPP_2^5,"16,2,0","1,62,0",1,630.538821,324,1.2066,9.47818,1.89255,3.78509,16 16 16 16 16 16 16 16 15 16 16 16 17 17 17 17 18 18 18 18 17 17 17 17 17 17 17 16 16 17
148,SIPP_BigCS,"16,2,9","1,62,14",1,634.0,1595,9.3775,15.20405,2.8563,0.3132,179 206 310 4 4 0 56 206 206 310 4 4 4 4 4 4 40 310
148,SIPP_Standard,"16,2,9","1,62,14",1,650.0,304,0.60485,9.0839,1.7642,0.209,31 51 94 0 0 0 0 20
149,SIPP_2^2,"8,1,0","4,62,0",1,650.0,384,0.1135,42.42641,9.42478,18.84956,2 2 2 2 2 2 2 2 2 2 2 2 2 2 2 2 2 2 2 2 2 2 2 2 2 2 2 2 2 2 2 2 2 2 2 2 2 2 2 2 2 2 2 2 2 2 3 2 2 2 2 2 2 2 3 3 2 2 2 2 2 2 2 3 2
149,SIPP_2^3,"8,1,0","4,62,0",1,626.568544,323,0.17008,23.46812,4.71239,9.42478,4 4 4 4 4 4 4 4 4 4 4 4 4 4 4 4 4 4 4 4 4 4 4 4 4 4 4 4 4 4 4 4 4 4 4 4 5 4 4 4 4 5 4 4 4 4 4 4 5 5 4 4 4 4 4 4 4 4 4 4 4
149,SIPP_2^4,"8,1,0","4,62,0",1,619.44272,269,0.39853,6.94722,1.39094,2.78189,8 8 8 8 8 8 8 8 8 8 8 8 8 8 8 8 8 8 8 8 8 8 8 8 8 8 8 8 8 8 8 8 8 8 8 8 8 8 8 8 8 9 8 8 8 8 8 8 8 8 8 8 8 8 9 9 9
149,SIPP_2^5,"8,1,0","4,62,0",1,616.4911079999999,237,0.91122,9.67222,1.9305,3.86101,16 16 16 16 16 16 16 16 16 16 16 16 16 16 16 16 16 16 16 16 16 16 16 16 16 16 16 16 16 16 16 16 16 16 16 17 16 16 16 17 17 16 16 16 17 16 16 16 16 16 16 16 16
149,SIPP_BigCS,"8,1,4","4,62,11",1,618.0,791,5.18912,4.95204,0.9691,0.1012,4 4 4 4 4 4 4 0 0 0 4 0 0 84 310
149,SIPP_Standard,"8,1,4","4,62,11",1,651.0,607,1.04405,16.4491,3.1986,0.4947,0 0 0 0 8 40 70 39
150,SIPP_2^2,"45,32,0","1,43,0",1,550.0,710,0.23097,35.35534,7.85398,15.70796,3 3 3 3 3 3 3 3 3 3 3 3 3 3 3 3 3 3 3 3 3 3 3 3 3 3 3 3 3 3 3 3 3 3 3 3 3 3 3 3 3 2 2 2 3 3 2 2 2 2 2 2 2 3 2
150,SIPP_2^3,"45,32,0","1,43,0",1,485.56349599999993,431,0.1537,35.97372,7.06858,14.13717,6 6 6 6 6 6 6 6 6 6 5 5 5 6 5 5 6 5 5 5 6 6 6 6 6 6 6 5 5 6 6 6 6 6 6 6 6 6 6 6 6 6 6 5
150,SIPP_2^4,"45,32,0","1,43,0",1,469.389273,339,0.3635,13.90352,2.78189,5.56377,12 11 11 11 11 11 11 12 11 11 11 12 12 12 12 12 12 11 -2.896 11 -0.526 12 12 12 12 12 12 12 12 12 12 12 12 12 12
150,SIPP_2^5,"45,32,0","1,43,0",1,468.2185829999999,337,0.92645,5.89181,1.18019,2.36038,24 24 24 24 24 24 24 24 24 24 24 24 24 24 24 24 24 24 24 24 23 23 23 23 23 23 20 20 21 20
150,SIPP_BigCS,"45,32,3","1,43,13",1,469.0,1587,13.55234,11.23493,1.8957,0.2903,83 203 203 203 203 203 203 203 203 203 203 379 365 7 7 7 7 7
150,SIPP_Standard,"45,32,3","1,43,13",1,485.0,482,1.20876,9.19335,1.7642,0.209,91 3 3 3 11 51
151,SIPP_2^2,"11,47,0","36,44,0",1,280.0,112,0.03035,14.14214,3.14159,6.28319,1 1 1 1 1 1 1 1 1 1 1 1 1 1 1 1 1 1 1 1 1 1 1 1 0 0 0 1
151,SIPP_2^3,"11,47,0","36,44,0",1,262.426408,85,0.04004,19.45842,3.92699,7.85398,2 2 2 2 2 2 2 2 2 2 2 2 2 2 2 2 2 2 2 1 2 1 2 2 1
151,SIPP_2^4,"11,47,0","36,44,0",1,257.08204,69,0.09789,11.62852,2.31824,4.63648,4 4 4 4 4 4 4 4 4 4 4 4 4 4 4 4 3 4 3 4 4 3
151,SIPP_2^5,"11,47,0","36,44,0",1,255.091497,71,0.2722,3.21901,0.6435,1.287,8 8 8 8 7 7 7 -0.101 8 -0.106 8 -0.013 8 8 8 8 8 8 8 8 -0.003 8 8
151,SIPP_BigCS,"11,47,7","36,44,2",1,256.0,129,0.98303,4.96249,0.9769,0.1151,5 5 5 5 1 5 29 305
151,SIPP_Standard,"11,47,7","36,44,2",1,330.0,417,1.34761,12.33253,2.2207,0.3118,76 57 105 52
152,SIPP_2^2,"28,29,0","39,58,0",1,445.030172,669,0.14649,91.92388,20.42035,40.8407,2 2 2 2 2 2 2 2 2 2 2 1 -45.006 2 -0.012 2 -0.012 2 2 2 2 2 2 2 2 2 2 1 1 2 1 1 1 2 1 2 1 2 2 1 1 2 1
152,SIPP_2^3,"28,29,0","39,58,0",1,335.56349599999993,233,0.08347,36.01261,7.06858,14.13717,4 4 4 4 4 4 4 4 4 3 3 3 3 4 3 4 3 3 3 3 4 4 4 4 4 3 4 4 3
152,SIPP_2^4,"28,29,0","39,58,0",1,315.96747999999997,113,0.11847,11.6369,2.31824,4.63648,7 7 7 7 7 7 7 7 7 8 8 7 8 7 8 8 8 8
152,SIPP_2^5,"28,29,0","39,58,0",1,310.80215899999996,39,0.12248,4.26078,0.85138,1.70276,15 15 15 14 15 15 14 14 15 14 15
152,SIPP_BigCS,"28,29,10","39,58,14",1,312.0,71,0.91805,8.24601,1.4752,0.1625,200 200 200 200 200 304 80 304
152,SIPP_Standard,"28,29,10","39,58,14",1,323.0,80,0.23718,14.44031,2.7973,0.3694,8 44 8 52
153,SIPP_2^2,"16,13,0","15,53,0",1,430.0,178,0.05995,42.42641,9.42478,18.84956,2 2 2 2 2 2 2 2 2 2 2 2 2 2 2 2 2 2 2 2 2 1 2 2 2 2 2 2 2 2 2 2 2 2 2 2 2 3 2 2 2 3 2
153,SIPP_2^3,"16,13,0","15,53,0",1,412.426408,165,0.07376,19.45842,3.92699,7.85398,4 4 4 4 4 4 4 4 4 4 4 4 4 4 4 4 4 4 4 4 4 4 4 4 4 4 4 4 4 4 3 4 5 4 4 4 4 4 4 5
153,SIPP_2^4,"16,13,0","15,53,0",1,407.08204,148,0.19401,11.62852,2.31824,4.63648,8 8 8 8 8 8 8 8 8 8 8 8 8 8 8 8 8 8 8 8 8 8 8 8 8 8 8 8 8 7 8 8 9 8 8 8 9
153,SIPP_2^5,"16,13,0","15,53,0",1,404.86833099999996,133,0.51477,8.05749,1.60875,3.21751,16 16 16 16 16 16 16 16 16 16 16 16 16 16 16 16 16 16 16 16 16 16 16 15 16 16 16 16 16 17 16 16 16 17
153,SIPP_BigCS,"16,13,4","15,53,13",1,406.0,450,4.36281,4.98431,0.9705,0.095,360 4 4 4 4 4 0 4 4 4 4 4 0 84
153,SIPP_Standard,"16,13,4","15,53,13",1,416.0,72,0.22704,8.94829,1.7394,0.1772,88 0 0 16 94
154,SIPP_2^2,"9,40,0","3,63,0",0,-1,0,0.0,0.0,0.0,0.0,
154,SIPP_2^3,"9,40,0","3,63,0",0,-1,0,0.0,0.0,0.0,0.0,
154,SIPP_2^4,"9,40,0","3,63,0",0,-1,0,0.0,0.0,0.0,0.0,
154,SIPP_2^5,"9,40,0","3,63,0",0,-1,0,0.0,0.0,0.0,0.0,
154,SIPP_BigCS,"9,40,0","3,63,0",0,-1,0,0.0,0.0,0.0,0.0,
154,SIPP_Standard,"9,40,0","3,63,10",0,-1,90617,180.00026,0.0,0.0,0.0,
155,SIPP_2^2,"14,36,0","51,39,0",1,410.404915,254,0.05962,21.2132,4.71239,9.42478,1 1 1 -10.095 1 -0.310 1 1 1 1 1 1 1 1 1 1 1 1 1 1 1 1 1 1 1 1 1 1 1 1 1 1 1 1 1 1 2 2 1 1 1 2
155,SIPP_2^3,"14,36,0","51,39,0",1,390.71067999999997,183,0.06478,35.42857,7.06858,14.13717,2 1 2 2 2 2 2 2 2 2 2 2 2 2 2 2 2 2 2 2 2 2 2 2 2 2 2 2 3 2 2 3 2 2 3 2 3
155,SIPP_2^4,"14,36,0","51,39,0",1,381.8034,137,0.13957,16.31667,3.24553,6.49107,4 4 3 4 4 4 4 4 4 4 4 4 4 4 4 4 4 4 4 4 4 4 4 4 4 5 4 5 4 4 5 5
155,SIPP_2^5,"14,36,0","51,39,0",1,378.1138849999999,109,0.32886,11.28422,2.25225,4.50451,8 8 7 8 8 8 8 8 8 8 8 8 8 8 9 8 8 8 8 8 8 9 9 8 8 8 9
155,SIPP_BigCS,"14,36,9","51,39,10",1,380.0,312,2.20562,9.73517,1.903,0.2373,313 311 5 5 5 5 5 5 5 5 5 1 57
155,SIPP_Standard,"14,36,9","51,39,10",1,401.0,138,0.36808,10.23102,1.9816,0.2277,45 1 1 17 79
156,SIPP_2^2,"49,51,0","53,35,0",1,200.0,90,0.03606,35.35534,7.85398,15.70796,0 0 0 0 0 0 0 0 0 1 0 0 0 0 1 0 0 0 1 1
156,SIPP_2^3,"49,51,0","53,35,0",1,194.653699,137,0.07564,7.80221,1.5708,3.14159,0 0 0 0 0 0 0 0 0 0 0 0 0 1 1 -12.227 1 2
156,SIPP_2^4,"49,51,0","53,35,0",1,193.7438,150,0.25957,12.57007,2.49809,4.99618,0 0 0 0 0 0 0 0 0 0 0 0 1 0 -9.022 3 4
156,SIPP_2^5,"49,51,0","53,35,0",1,193.39402,148,0.66047,9.57042,1.89255,3.78509,0 0 0 0 0 0 0 0 0 0 1 0 0 -10.148 7
156,SIPP_BigCS,"49,51,0","53,35,3",1,193.06474,690,5.65827,8.37454,1.6493,0.4365,6 6 6 6 6 6 42 -12.065 332
156,SIPP_Standard,"49,51,0","53,35,3",1,241.0,138,0.48706,14.4177,2.8162,0.4919,54 106 41
157,SIPP_2^2,"7,25,0","16,2,0",0,-1,0,0.0,0.0,0.0,0.0,
157,SIPP_2^3,"7,25,0","16,2,0",0,-1,0,0.0,0.0,0.0,0.0,
157,SIPP_2^4,"7,25,0","16,2,0",0,-1,0,0.0,0.0,0.0,0.0,
157,SIPP_2^5,"7,25,0","16,2,0",0,-1,0,0.0,0.0,0.0,0.0,
157,SIPP_BigCS,"7,25,0","16,2,0",0,-1,0,0.0,0.0,0.0,0.0,
157,SIPP_Standard,"7,25,4","16,2,6",0,-1,0,2e-05,0.0,0.0,0.0,
158,SIPP_2^2,"13,26,0","63,20,0",0,-1,0,0.0,0.0,0.0,0.0,
158,SIPP_2^3,"13,26,0","63,20,0",0,-1,0,0.0,0.0,0.0,0.0,
158,SIPP_2^4,"13,26,0","63,20,0",0,-1,0,0.0,0.0,0.0,0.0,
158,SIPP_2^5,"13,26,0","63,20,0",0,-1,0,0.0,0.0,0.0,0.0,
158,SIPP_BigCS,"13,26,0","63,20,0",0,-1,0,0.0,0.0,0.0,0.0,
158,SIPP_Standard,"13,26,10","63,20,12",0,-1,91499,180.00629,0.0,0.0,0.0,
159,SIPP_2^2,"4,0,0","26,7,0",0,-1,0,0.0,0.0,0.0,0.0,
159,SIPP_2^3,"4,0,0","26,7,0",0,-1,0,0.0,0.0,0.0,0.0,
159,SIPP_2^4,"4,0,0","26,7,0",0,-1,0,0.0,0.0,0.0,0.0,
159,SIPP_2^5,"4,0,0","26,7,0",0,-1,0,0.0,0.0,0.0,0.0,
159,SIPP_BigCS,"4,0,0","26,7,0",0,-1,0,0.0,0.0,0.0,0.0,
159,SIPP_Standard,"4,0,3","26,7,0",0,-1,0,1e-05,0.0,0.0,0.0,
160,SIPP_2^2,"63,5,0","50,32,0",0,-1,0,0.0,0.0,0.0,0.0,
160,SIPP_2^3,"63,5,0","50,32,0",0,-1,0,0.0,0.0,0.0,0.0,
160,SIPP_2^4,"63,5,0","50,32,0",0,-1,0,0.0,0.0,0.0,0.0,
160,SIPP_2^5,"63,5,0","50,32,0",0,-1,0,0.0,0.0,0.0,0.0,
160,SIPP_BigCS,"63,5,0","50,32,0",0,-1,0,0.0,0.0,0.0,0.0,
160,SIPP_Standard,"63,5,13","50,32,3",0,-1,0,1e-05,0.0,0.0,0.0,
161,SIPP_2^2,"36,24,0","32,4,0",1,240.0,114,0.0326,42.42641,9.42478,18.84956,0 0 0 0 0 0 0 0 0 0 0 0 0 0 0 0 0 3 0 3 0 3 3 0
161,SIPP_2^3,"36,24,0","32,4,0",1,216.56854399999997,81,0.04041,11.77758,2.35619,4.71239,0 0 0 0 0 7 7 7 0 0 0 0 0 0 0 0 0 0 0 7
161,SIPP_2^4,"36,24,0","32,4,0",1,209.44272,57,0.07808,6.98569,1.39094,2.78189,0 0 0 0 0 0 0 0 0 0 15 15 15 0 0 15
161,SIPP_2^5,"36,24,0","32,4,0",1,206.491108,40,0.14439,4.83619,0.96525,1.9305,0 0 0 0 0 0 0 31 31 31 0 31
161,SIPP_BigCS,"36,24,0","32,4,1",1,208.0,103,1.30557,5.27406,0.9783,0.1089,202 202 362 6 6 6 30
161,SIPP_Standard,"36,24,0","32,4,1",1,257.0,135,0.52769,14.4341,2.8078,0.4541,18 100 82
162,SIPP_2^2,"29,8,0","7,27,0",1,410.0,642,0.1749,56.56854,12.56637,25.13274,3 3 3 3 3 3 3 3 3 3 3 3 3 3 3 3 3 2 2 2 2 2 3 3 2 2 2 2 3 2 3 2 2 2 2 2 2 2 2 2 3
162,SIPP_2^3,"29,8,0","7,27,0",1,298.7005839999999,97,0.05646,8.0151,1.5708,3.14159,5 5 5 5 5 5 5 5 5 5 5 5 5 5 5 5 5 5 6 6 6 5
162,SIPP_2^4,"29,8,0","7,27,0",1,293.3562159999999,75,0.12468,6.44305,1.287,2.57401,10 10 10 10 10 10 10 10 10 10 10 10 10 10 11 10 11 11 10
162,SIPP_2^5,"29,8,0","7,27,0",1,292.0143069999999,57,0.26452,3.94994,0.78958,1.57916,20 20 20 20 20 20 20 20 20 21 21 20 20 20 21 20
162,SIPP_BigCS,"29,8,12","7,27,6",1,290.0,16,0.21728,3.45046,0.6528,0.0402,103 103 103 103 103 103 103 103 103 103 155 219
162,SIPP_Standard,"29,8,12","7,27,6",1,325.11651299999994,182,0.53977,15.73527,3.0573,0.4128,51 86 11 -1.117 39
163,SIPP_2^2,"48,12,0","45,26,0",1,170.0,57,0.01599,35.35534,7.85398,15.70796,2 2 2 2 2 2 2 2 2 2 3 2 2 3 2 2 3
163,SIPP_2^3,"48,12,0","45,26,0",1,152.42640799999998,41,0.02147,11.69247,2.35619,4.71239,4 4 4 4 4 4 4 4 4 5 5 4 4 5
163,SIPP_2^4,"48,12,0","45,26,0",1,147.08204,29,0.04572,11.62852,2.31824,4.63648,8 8 8 8 9 8 9 8 8 8 9
163,SIPP_2^5,"48,12,0","45,26,0",1,144.868331,20,0.09962,8.05749,1.60875,3.21751,16 17 16 16 17 16 16 17
163,SIPP_BigCS,"48,12,5","45,26,7",1,146.0,37,0.31045,4.96249,0.9769,0.1151,4 4 56 310
163,SIPP_Standard,"48,12,5","45,26,7",1,161.0,15,0.06554,7.96806,1.569,0.233,51 110
164,SIPP_2^2,"46,31,0","20,15,0",1,420.0,583,0.11546,63.63961,14.13717,28.27433,3 3 3 3 3 3 3 3 3 3 3 3 3 3 3 3 3 3 3 0 0 0 3 3 0 0 0 3 0 0 0 0 0 3 0 0 0 0 3 3 3 0
164,SIPP_2^3,"46,31,0","20,15,0",1,326.2741759999999,214,0.08191,31.06604,6.28319,12.56637,7 7 7 7 7 7 7 7 7 7 7 7 6 6 6 6 7 6 7 6 6 6 6 7 6 7
164,SIPP_2^4,"46,31,0","20,15,0",1,308.459616,84,0.09654,4.81672,0.96525,1.9305,13 13 13 13 13 14 14 13 13 13 13 13 14 14 14 14
164,SIPP_2^5,"46,31,0","20,15,0",1,305.77579799999995,36,0.11762,0.62187,0.12436,0.24871,27 27 27 27 27 27 26 26 26 26
164,SIPP_BigCS,"46,31,1","20,15,3",1,304.0,10,0.14427,4.41705,0.6528,0.0402,205 205 205 205 205 205 205 221 126
164,SIPP_Standard,"46,31,1","20,15,3",1,323.0,118,0.47214,11.76085,2.273,0.2561,66 38 23 50
165,SIPP_2^2,"50,2,0","2,33,0",1,790.0,1836,0.47108,162.63456,36.12832,72.25663,2 2 2 2 2 2 2 2 2 2 2 2 2 2 2 2 3 2 2 3 3 3 3 3 2 3 3 3 2 3 3 3 3 3 3 3 3 3 2 2 3 2 3 3 2 2 3 3 3 3 3 3 2 3 3 3 3 3 3 3 3 2 3 3 3 3 3 3 3 3 3 3 2 3 2 2 3 2 3
165,SIPP_2^3,"50,2,0","2,33,0",1,608.4062159999999,627,0.31804,27.35212,5.49779,10.99558,5 6 6 6 5 6 6 6 5 5 5 5 5 5 5 5 5 5 5 5 5 5 5 5 5 5 5 5 5 5 5 5 5 5 5 6 6 5 5 6 6 6 6 6 6 6 6 6
165,SIPP_2^4,"50,2,0","2,33,0",1,585.2472880000001,282,0.41148,15.94211,3.17955,6.3591,11 12 12 12 12 11 11 11 11 11 11 11 10 10 10 10 10 11 11 11 10 10 10 10 10 10 10 10 11 10 10 10 10 11 10
165,SIPP_2^5,"50,2,0","2,33,0",1,578.560549,162,0.73113,13.4485,2.68631,5.37263,23 24 23 23 21 21 20 20 21 20 21 20 20 20 21 21 21 21 20 21 21 20
165,SIPP_BigCS,"50,2,1","2,33,0",1,578.0,107,0.9956,15.35157,2.9072,0.2889,307 91 183 203 219 103 103 103 103 183 219 155
165,SIPP_Standard,"50,2,1","2,33,0",1,585.0,55,0.17635,8.54161,1.51,0.1043,7 67 31 55 59 67 31
166,SIPP_2^2,"36,1,0","29,55,0",1,610.0,555,0.18901,28.28427,6.28319,12.56637,2 3 2 2 2 2 2 2 2 2 2 2 2 2 2 2 2 2 2 2 2 2 2 2 2 2 2 2 2 2 2 2 2 2 2 2 2 2 2 2 2 2 2 2 2 2 2 2 2 2 2 2 2 2 3 3 3 3 3 3 2
166,SIPP_2^3,"36,1,0","29,55,0",1,568.9949520000001,436,0.15243,27.56293,5.49779,10.99557,4 5 4 4 4 4 4 4 4 4 4 4 4 4 4 4 4 4 4 4 4 4 4 4 4 4 4 4 4 4 4 4 4 4 4 4 4 4 4 4 4 4 4 4 4 4 5 5 4 5 4 5 5 5
166,SIPP_2^4,"36,1,0","29,55,0",1,561.8691280000002,450,0.44046,6.26405,1.24905,2.49809,9 8 8 8 8 8 8 8 8 8 8 8 8 8 8 8 8 8 8 8 8 8 8 8 8 8 8 8 8 8 8 8 8 8 8 8 8 8 8 8 8 8 8 8 9 9 9 10 10 10
166,SIPP_2^5,"36,1,0","29,55,0",1,560.1591210000001,489,1.33199,8.8281,1.75065,3.5013,17 16 16 16 16 16 16 16 16 16 16 16 16 16 16 16 16 16 16 16 16 16 16 16 16 16 16 16 16 16 16 16 16 16 16 16 16 16 16 17 17 17 -0.609 16 -0.632 20 20 20
166,SIPP_BigCS,"36,1,7","29,55,2",1,561.0,2395,15.98199,11.64205,2.268,0.4126,366 4 4 4 4 4 4 4 0 4 4 4 4 56 366 0 4 72 103 103 103
166,SIPP_Standard,"36,1,7","29,55,2",1,566.0,222,0.73803,9.54088,1.89,0.2647,39 0 0 0 0 0 24
167,SIPP_2^2,"8,30,0","5,32,0",0,-1,0,0.0,0.0,0.0,0.0,
167,SIPP_2^3,"8,30,0","5,32,0",0,-1,0,0.0,0.0,0.0,0.0,
167,SIPP_2^4,"8,30,0","5,32,0",0,-1,0,0.0,0.0,0.0,0.0,
167,SIPP_2^5,"8,30,0","5,32,0",0,-1,0,0.0,0.0,0.0,0.0,
167,SIPP_BigCS,"8,30,0","5,32,0",0,-1,0,0.0,0.0,0.0,0.0,
167,SIPP_Standard,"8,30,2","5,32,7",0,-1,0,0.0001,0.0,0.0,0.0,
168,SIPP_2^2,"53,37,0","7,31,0",1,520.0,427,0.20832,35.35534,7.85398,15.70796,3 3 3 3 3 3 3 3 3 3 3 3 3 3 3 3 3 3 3 3 3 3 3 3 3 3 3 3 3 3 3 3 3 3 3 3 3 3 3 3 3 3 0 0 3 3 3 0 0 0 3 0
168,SIPP_2^3,"53,37,0","7,31,0",1,492.038124,438,0.14045,35.02602,7.06858,14.13717,6 6 6 6 6 6 6 6 6 6 6 6 6 6 6 6 6 6 6 6 6 6 6 6 6 6 6 6 6 6 6 6 6 6 6 6 6 7 6 7 6 6 -0.257 0 -1.070 6 7 7 7
168,SIPP_2^4,"53,37,0","7,31,0",1,489.666498,525,0.48203,15.60229,2.9997,5.99939,12 12 12 12 12 12 12 12 12 12 12 12 12 12 12 12 12 12 12 12 12 12 12 12 12 12 12 12 12 12 12 12 12 12 12 12 12 12 13 13 -3.820 0 -0.480 13 14 14
168,SIPP_2^5,"53,37,0","7,31,0",1,487.03140099999985,519,1.36785,16.89764,3.3594,6.71881,24 24 24 24 24 24 24 25 24 24 24 25 25 25 25 24 25 25 24 25 25 24 24 24 24 20 20 20
168,SIPP_BigCS,"53,37,13","7,31,14",1,488.0,3159,21.85885,16.50232,3.1895,0.7075,365 7 3 7 7 87 309 87 205 349 103 103
168,SIPP_Standard,"53,37,13","7,31,14",1,491.95133,460,1.67412,6.17713,1.1973,0.134,3 3 3 3 19 -9.951 77
169,SIPP_2^2,"44,58,0","50,26,0",1,380.0,286,0.08341,28.28427,6.28319,12.56637,0 0 0 0 0 0 0 0 0 0 0 0 0 0 0 0 0 0 0 0 0 0 0 0 0 0 0 0 0 0 1 1 1 1 1 0 1 0
169,SIPP_2^3,"44,58,0","50,26,0",1,344.85281599999996,202,0.09897,35.54777,7.06858,14.13717,0 0 0 0 0 0 0 0 0 0 0 0 1 0 0 1 0 0 0 0 0 1 1 0 0 0 0 0 0 1 0 1
169,SIPP_2^4,"44,58,0","50,26,0",1,334.16408,146,0.21252,11.61714,2.31824,4.63648,0 0 0 0 0 0 0 0 0 0 0 0 0 0 0 0 0 1 0 1 1 1 0 0 1 1
169,SIPP_2^5,"44,58,0","50,26,0",1,329.7366619999999,102,0.43311,8.03476,1.60875,3.21751,0 0 0 0 0 0 0 0 0 1 0 1 1 1 1 0 0 0 0 1
169,SIPP_BigCS,"44,58,6","50,26,3",1,332.0,358,3.11153,7.7217,1.4766,0.1563,204 364 6 6 2 86 308
169,SIPP_Standard,"44,58,6","50,26,3",1,335.0,31,0.1267,10.21727,1.9882,0.2439,18 92 2 22
170,SIPP_2^2,"18,15,0","36,44,0",1,470.0,732,0.15821,49.49747,10.99557,21.99115,2 2 2 2 2 2 2 2 2 2 2 2 2 2 2 2 2 2 2 2 2 2 2 2 1 1 1 1 1 1 2 2 2 1 1 1 1 2 1 1 1 1 1 1 1 2 1
170,SIPP_2^3,"18,15,0","36,44,0",1,364.5584479999999,268,0.09987,23.36561,4.71239,9.42478,3 3 3 3 3 3 3 3 3 3 3 3 3 3 4 4 4 4 4 4 4 3 4 3 3 4 4 4 3
170,SIPP_2^4,"18,15,0","36,44,0",1,344.9624319999999,107,0.11537,4.83659,0.96525,1.9305,7 7 7 7 7 7 7 7 7 6 7 7 6 6 6 6 6 6
170,SIPP_2^5,"18,15,0","36,44,0",1,341.83131099999997,42,0.12388,2.48789,0.49742,0.99484,13 13 13 13 13 14 13 14 14 14 13
170,SIPP_BigCS,"18,15,5","36,44,12",1,340.0,16,0.21931,4.55647,0.6528,0.0402,200 200 200 200 200 200 200 200 216 100 152
170,SIPP_Standard,"18,15,5","36,44,12",1,347.0,57,0.15772,5.34821,0.6517,0.0788,79 56 56 56
171,SIPP_2^2,"9,40,0","15,2,0",1,440.0,347,0.10608,21.2132,4.71239,9.42478,0 0 0 0 0 0 0 0 0 0 0 0 0 0 0 0 0 0 0 0 0 0 0 0 0 0 0 0 0 0 0 0 0 0 0 0 0 1 1 1 1 1 0 1
171,SIPP_2^3,"9,40,0","15,2,0",1,404.85281599999996,243,0.14267,27.68214,5.49779,10.99557,0 0 0 0 0 0 0 0 0 0 0 0 0 0 0 0 0 0 0 0 0 0 0 0 0 0 0 0 1 0 1 1 1 0 0 1 0 1
171,SIPP_2^4,"9,40,0","15,2,0",1,394.16408,159,0.26041,11.59499,2.31824,4.63648,0 0 0 0 0 0 0 0 0 0 0 0 0 0 0 0 0 0 0 0 0 0 0 0 1 1 1 1 0 1 0 1
171,SIPP_2^5,"9,40,0","15,2,0",1,389.73666199999997,123,0.55828,9.67182,1.9305,3.86101,0 1 1 1 0 1 0 0 0 0 1 1 0 0 0 0 0 0 0 0 0 0 0 0 0 0
171,SIPP_BigCS,"9,40,11","15,2,7",1,392.0,428,3.19875,5.22831,0.9691,0.1012,2 6 6 6 2 6 6 86 204 204 308
171,SIPP_Standard,"9,40,11","15,2,7",1,398.0,52,0.17855,6.08626,1.1673,0.148,2 2 2 22 49
172,SIPP_2^2,"51,49,0","25,46,0",1,290.0,117,0.05462,35.35534,7.85398,15.70796,3 3 3 3 3 3 3 3 3 3 3 3 3 3 3 3 3 3 3 3 0 3 3 3 3 3 0 3 0
172,SIPP_2^3,"51,49,0","25,46,0",1,272.426408,89,0.03591,19.45842,3.92699,7.85398,6 6 6 6 6 6 6 6 6 6 6 6 6 6 6 6 7 6 6 7 6 6 6 6 6 7
172,SIPP_2^4,"51,49,0","25,46,0",1,267.08204,73,0.08968,11.62852,2.31824,4.63648,12 12 12 12 12 12 12 12 12 12 12 12 12 12 12 12 12 13 12 12 13 12 13
172,SIPP_2^5,"51,49,0","25,46,0",1,264.86833099999996,56,0.20123,8.05749,1.60875,3.21751,24 24 24 24 24 24 24 24 24 24 24 24 25 24 24 24 25 24 24 25
172,SIPP_BigCS,"51,49,1","25,46,4",1,266.0,138,1.06874,7.44336,1.4491,0.1627,7 7 7 7 7 7 7 59 365 59
172,SIPP_Standard,"51,49,1","25,46,4",1,326.0,340,0.90647,13.87758,2.6759,0.3311,55 91 27 74
173,SIPP_2^2,"61,11,0","14,30,0",1,660.0,1220,0.30819,162.63456,36.12832,72.25663,3 2 2 2 2 3 3 2 2 3 2 2 3 2 3 3 2 2 3 2 3 3 3 3 3 3 3 3 3 3 3 3 3 3 2 3 3 3 3 2 3 2 2 3 2 3 3 3 3 3 3 3 3 3 3 3 3 3 3 2 3 3 3 3 3 2
173,SIPP_2^3,"61,11,0","14,30,0",1,548.7005839999999,633,0.28341,59.00288,11.78097,23.56195,5 5 5 5 5 5 5 5 5 5 5 6 6 6 6 6 6 6 6 6 6 5 5 6 6 6 5 6 5 6 6 6 6 6 6 5 6 6 5 6 5 6 6 5 6 6 6
173,SIPP_2^4,"61,11,0","14,30,0",1,514.8529199999999,254,0.33069,28.0413,5.56377,11.12754,11 11 11 11 11 11 11 11 12 11 12 11 11 11 12 12 12 11 11 12 11 12 11 11 11 12 12 11
173,SIPP_2^5,"61,11,0","14,30,0",1,508.2117929999999,119,0.43013,3.54849,0.70949,1.41897,22 22 22 22 22 23 22 22 23 23 23 23 23 23 23 22 22 22 23
173,SIPP_BigCS,"61,11,0","14,30,6",1,508.0,143,0.78956,7.22641,0.9705,0.095,203 203 203 203 203 203 203 203 203 203 203 203 203 203 203 203 363 7 83
173,SIPP_Standard,"61,11,0","14,30,6",1,515.0,83,0.16387,11.75877,1.9268,0.2099,47 7 59 59 59 91
174,SIPP_2^2,"59,1,0","3,38,0",1,930.0,2260,0.59444,183.84776,40.8407,81.68141,2 2 2 2 2 2 2 2 2 2 2 2 2 2 2 2 2 2 2 2 3 2 3 3 3 3 3 3 3 3 3 3 3 3 2 3 3 3 3 3 3 2 2 2 3 3 3 2 2 3 2 3 3 2 3 3 3 2 3 3 3 3 3 3 3 3 3 3 3 3 3 3 3 3 3 2 3 2 3 3 3 3 3 3 2 2 3 3 2 3 2 3 2
174,SIPP_2^3,"59,1,0","3,38,0",1,713.2590320000002,881,0.41123,48.09224,9.42478,18.84956,5 5 6 6 6 5 5 5 6 6 5 6 5 5 5 5 5 5 5 5 5 5 5 5 5 5 5 5 5 5 5 5 5 5 5 5 5 6 6 6 6 5 6 6 6 6 6 6 6 6 5 5 5 5 6 5
174,SIPP_2^4,"59,1,0","3,38,0",1,679.4113679999999,375,0.52638,9.6889,1.9305,3.86101,11 11 11 11 11 11 11 10 10 10 10 10 10 10 10 10 10 10 10 10 10 10 11 11 11 11 11 10 10 11 11 11 11 11 10 11 11
174,SIPP_2^5,"59,1,0","3,38,0",1,673.5964290000001,154,0.54774,4.57514,0.91394,1.82787,22 22 22 22 22 22 21 21 20 20 20 21 20 20 21 21 21 21 21 21 21 21 21 21
174,SIPP_BigCS,"59,1,13","3,38,5",1,670.0,41,0.49783,9.96753,1.6172,0.0893,203 203 203 203 203 203 203 203 203 203 219 103 103 103 183 219 103 155 219
174,SIPP_Standard,"59,1,13","3,38,5",1,680.0,80,0.44182,10.96914,1.6161,0.1279,59 59 59 75 70 55 59 67
175,SIPP_2^2,"56,12,0","32,7,0",1,290.0,171,0.05123,42.42641,9.42478,18.84956,3 3 3 3 3 3 3 3 3 3 3 3 3 3 3 3 3 0 3 3 3 3 3 0 3 0 0 0 3
175,SIPP_2^3,"56,12,0","32,7,0",1,260.71067999999997,109,0.06581,35.42857,7.06858,14.13717,6 6 6 6 6 6 6 6 6 6 6 6 7 6 7 6 7 6 7 6 6 6 6 7
175,SIPP_2^4,"56,12,0","32,7,0",1,251.8034,64,0.10938,6.96744,1.39094,2.78189,12 12 12 12 12 12 12 12 12 12 12 12 13 13 13 13 12 12 13
175,SIPP_2^5,"56,12,0","32,7,0",1,249.58969099999996,46,0.20463,3.02095,0.60554,1.21109,24 24 24 24 24 24 24 24 24 24 24 25 25 26 26 25
175,SIPP_BigCS,"56,12,12","32,7,6",1,250.0,84,0.62821,5.08878,0.9691,0.1012,7 3 87 205 309
175,SIPP_Standard,"56,12,12","32,7,6",1,251.0,10,0.05672,3.58159,0.5456,0.0552,3 19 61
176,SIPP_2^2,"55,30,0","47,36,0",1,140.0,63,0.01614,28.28427,6.28319,12.56637,3 3 3 3 3 2 2 2 2 3 3 2 2 3
176,SIPP_2^3,"55,30,0","47,36,0",1,104.85281599999999,20,0.00928,7.95075,1.5708,3.14159,5 5 5 6 6 5 5 5
176,SIPP_2^4,"55,30,0","47,36,0",1,101.28990399999998,14,0.01779,6.45237,1.287,2.574,10 11 10 11 10 10
176,SIPP_2^5,"55,30,0","47,36,0",1,100.395298,8,0.03498,2.95939,0.59219,1.18437,21 20 21 20
176,SIPP_BigCS,"55,30,2","47,36,10",1,100.0,6,0.23998,1.70958,0.3216,0.0203,103 103 183
176,SIPP_Standard,"55,30,2","47,36,10",1,438.89383499999997,1782,4.26139,21.88897,4.252,0.7215,-102.894 74 109 35 80
177,SIPP_2^2,"6,40,0","4,15,0",1,270.0,72,0.02513,28.28427,6.28319,12.56637,0 0 0 0 0 0 0 0 0 0 0 0 0 0 0 0 0 0 0 0 0 0 0 3 0 3 0
177,SIPP_2^3,"6,40,0","4,15,0",1,258.284272,62,0.04147,11.59279,2.35619,4.71239,0 0 0 0 0 0 0 0 0 0 0 0 0 0 0 0 0 0 0 0 0 0 7 0 7
177,SIPP_2^4,"6,40,0","4,15,0",1,254.72136,50,0.09296,6.94722,1.39094,2.78189,0 0 0 0 0 0 0 0 0 0 0 0 0 0 0 0 0 0 0 15 0 0 15
177,SIPP_2^5,"6,40,0","4,15,0",1,253.24555399999997,41,0.19879,4.82449,0.96525,1.9305,0 0 0 0 0 0 0 0 0 0 0 0 0 0 0 0 31 0 0 0 31
177,SIPP_BigCS,"6,40,4","4,15,8",1,254.0,82,0.54326,4.98532,0.9783,0.1089,362 6 6 6 6 2 30
177,SIPP_Standard,"6,40,4","4,15,8",1,341.0,342,0.51203,18.47345,3.6003,0.6426,13 108 30 42
178,SIPP_2^2,"14,28,0","59,21,0",1,520.0,485,0.14523,70.71068,15.70796,31.41593,1 1 1 1 1 1 1 1 1 1 1 1 1 1 1 1 1 1 1 1 1 1 1 1 1 1 1 1 1 1 0 1 1 1 0 1 1 1 1 1 1 1 1 0 1 1 0 1 0 0 0 1
178,SIPP_2^3,"14,28,0","59,21,0",1,478.99495199999996,356,0.11775,19.99792,3.92699,7.85398,2 2 2 2 2 2 2 2 2 2 2 2 2 2 2 2 2 2 2 2 2 2 2 2 2 2 2 2 2 2 2 2 2 2 2 1 1 1 1 1 2 2 1 2 1
178,SIPP_2^4,"14,28,0","59,21,0",1,471.75447499999996,382,0.38877,8.59216,1.71269,3.42539,4 4 4 4 4 4 4 4 4 4 4 4 4 4 4 4 4 4 4 4 4 4 4 4 4 4 4 4 4 3 3 3 4 4 4 3 3 3 -3.448 2
178,SIPP_2^5,"14,28,0","59,21,0",1,470.4745649999999,410,1.1218,5.47411,1.10715,2.2143,8 8 8 8 8 8 8 8 8 8 8 8 8 8 8 8 8 8 8 8 8 8 8 8 8 8 8 8 8 7 7 7 7 7 2
178,SIPP_BigCS,"14,28,7","59,21,14",1,470.279467,1878,14.46286,13.48861,2.5971,0.3881,361 5 5 5 5 5 5 5 1 29 201 361 29 -1.279 321
178,SIPP_Standard,"14,28,7","59,21,14",1,482.0,420,1.58732,15.04424,2.8989,0.3819,45 1 1 17 111 53
179,SIPP_2^2,"40,45,0","21,39,0",1,250.0,140,0.02837,28.28427,6.28319,12.56637,3 3 3 3 3 3 3 3 3 3 3 0 0 0 0 0 3 3 3 3 3 3 3 0 3
179,SIPP_2^3,"40,45,0","21,39,0",1,214.85281599999996,84,0.03438,11.89679,2.35619,4.71239,6 6 6 6 6 6 6 6 7 7 7 7 7 6 6 6 6 6 7
179,SIPP_2^4,"40,45,0","21,39,0",1,204.16407999999998,59,0.06958,2.31131,0.46365,0.9273,13 13 13 13 13 13 12 12 12 12 12 12 12
179,SIPP_2^5,"40,45,0","21,39,0",1,200.47456499999998,25,0.0681,4.67033,0.9273,1.85459,25 25 25 25 26 24 24 25
179,SIPP_BigCS,"40,45,2","21,39,14",1,202.0,53,0.3122,5.37968,0.9769,0.1151,205 205 205 309 7 59
179,SIPP_Standard,"40,45,2","21,39,14",1,252.0,85,0.28512,11.45073,2.2269,0.2824,91 23 46
180,SIPP_2^2,"50,55,0","24,57,0",1,300.0,119,0.04051,49.49747,10.99557,21.99115,3 0 3 3 3 3 3 3 3 3 3 3 3 3 3 3 3 3 3 3 3 3 3 2 3 2 3 3 3 2
180,SIPP_2^3,"50,55,0","24,57,0",1,276.568544,88,0.05957,23.58234,4.71239,9.42478,7 6 6 6 6 6 6 6 6 6 6 6 6 6 6 6 6 5 6 6 6 5 6 6 6 5
180,SIPP_2^4,"50,55,0","24,57,0",1,269.44272,69,0.13543,14.01914,2.78189,5.56377,13 12 12 12 12 12 12 12 12 12 12 12 12 12 12 12 12 11 12 11 12 11
180,SIPP_2^5,"50,55,0","24,57,0",1,266.49110799999994,52,0.28834,9.69004,1.9305,3.86101,25 24 24 24 24 24 24 24 24 24 24 23 24 23 24 24 24 23
180,SIPP_BigCS,"50,55,2","24,57,1",1,267.0,65,0.56261,10.1032,1.9783,0.3056,381 363 7 7 7 7 7 7 15
180,SIPP_Standard,"50,55,2","24,57,1",1,332.0,207,0.42959,14.74115,2.8631,0.3579,69 38 15 78
181,SIPP_2^2,"40,1,0","11,4,0",1,340.0,107,0.0278,42.42641,9.42478,18.84956,3 3 3 3 3 3 3 3 3 3 3 3 2 2 3 3 3 3 3 2 2 3 0 3 3 3 3 3 3 3 3 3 3 3
181,SIPP_2^3,"40,1,0","11,4,0",1,310.71067999999997,98,0.04728,19.71187,3.92699,7.85398,6 6 6 6 6 5 5 6 6 6 6 6 6 6 6 6 6 5 5 6 6 6 6 6 6 6 6 6 7
181,SIPP_2^4,"40,1,0","11,4,0",1,301.8034,90,0.11288,11.61714,2.31824,4.63648,12 11 12 11 11 11 12 12 12 12 12 12 12 12 12 12 12 12 12 12 12 12 12 13
181,SIPP_2^5,"40,1,0","11,4,0",1,298.113885,84,0.25931,8.05121,1.60875,3.21751,24 24 24 23 24 23 23 23 24 24 24 24 24 24 24 24 24 24 25
181,SIPP_BigCS,"40,1,13","11,4,15",1,300.0,293,1.55243,7.42065,1.4399,0.155,7 83 307 7 3 59
181,SIPP_Standard,"40,1,13","11,4,15",1,406.381166,179,0.31561,14.98516,2.8633,0.3868,-2.381 75 70 43 69 54
182,SIPP_2^2,"7,29,0","38,5,0",0,-1,0,0.0,0.0,0.0,0.0,
182,SIPP_2^3,"7,29,0","38,5,0",0,-1,0,0.0,0.0,0.0,0.0,
182,SIPP_2^4,"7,29,0","38,5,0",0,-1,0,0.0,0.0,0.0,0.0,
182,SIPP_2^5,"7,29,0","38,5,0",0,-1,0,0.0,0.0,0.0,0.0,
182,SIPP_BigCS,"7,29,0","38,5,0",0,-1,0,0.0,0.0,0.0,0.0,
182,SIPP_Standard,"7,29,9","38,5,0",0,-1,0,2e-05,0.0,0.0,0.0,
183,SIPP_2^2,"7,44,0","26,36,0",1,270.0,212,0.06154,14.14214,3.14159,6.28319,1 1 1 1 1 1 1 1 1 1 1 1 1 1 1 1 1 1 0 0 0 0 0 0 0 0 1
183,SIPP_2^3,"7,44,0","26,36,0",1,223.13708799999995,112,0.0611,43.89537,8.63938,17.27876,2 2 2 2 1 2 2 1 1 1 2 1 2 1 2 1 2 2 1
183,SIPP_2^4,"7,44,0","26,36,0",1,208.88544,40,0.06156,9.28967,1.85459,3.70918,3 3 3 3 3 3 4 4 3 4 3
183,SIPP_2^5,"7,44,0","26,36,0",1,206.67173099999997,23,0.08916,0.70936,0.1419,0.28379,6 6 6 6 6 7 7 7
183,SIPP_BigCS,"7,44,11","26,36,7",1,206.0,11,0.1238,3.43339,0.5061,0.0613,201 201 201 201 201 201 305 5
183,SIPP_Standard,"7,44,11","26,36,7",1,245.0,95,0.16981,11.60812,2.273,0.3191,49 84 21
184,SIPP_2^2,"20,41,0","61,55,0",1,550.0,952,0.23428,49.49747,10.99557,21.99115,1 1 1 1 1 1 1 1 1 1 1 1 1 1 1 1 1 1 1 1 1 1 1 1 1 1 1 1 1 2 2 2 2 2 2 2 2 2 2 1 2 1 1 1 1 1 1 1 1 2 2 1 1 1 2
184,SIPP_2^3,"20,41,0","61,55,0",1,467.9899039999999,452,0.20993,39.91933,7.85398,15.70796,3 3 3 3 3 2 2 2 2 3 2 2 2 2 2 2 2 3 3 2 2 2 2 2 2 2 2 2 2 2 2 3 3 3 3 2 2 3 2 2 3
184,SIPP_2^4,"20,41,0","61,55,0",1,443.04952,255,0.33835,11.62459,2.31824,4.63648,5 5 5 5 5 5 5 5 5 5 5 4 5 5 4 4 5 4 4 4 4 4 4 4 4 4 4
184,SIPP_2^5,"20,41,0","61,55,0",1,433.45678099999986,27,0.09822,1.41923,0.28379,0.56759,9 9 9 9 9 9 9 9 9 9 9 9 10 9
184,SIPP_BigCS,"20,41,3","61,55,15",1,438.0,417,3.36194,11.01567,1.9396,0.1962,85 207 207 207 207 207 207 207 367 85 311
184,SIPP_Standard,"20,41,3","61,55,15",1,478.0,937,2.62083,9.3562,1.819,0.2268,1 1 1 21 52 72
185,SIPP_2^2,"40,5,0","30,62,0",1,670.0,880,0.37207,28.28427,6.28319,12.56637,2 2 2 2 2 2 2 2 2 2 2 2 2 2 2 2 2 2 2 2 2 2 2 2 2 2 2 2 2 2 2 2 2 2 2 2 2 2 2 2 2 2 2 2 2 2 2 2 2 2 2 2 2 3 3 3 3 2 2 2 3 3 3 3 3 3 2
185,SIPP_2^3,"40,5,0","30,62,0",1,611.4213600000002,644,0.23186,51.98971,10.21018,20.42035,4 4 4 4 4 4 4 4 4 4 4 4 4 5 5 4 4 5 4 4 5 5 4 4 4 4 4 4 4 4 4 4 4 4 4 4 4 4 4 4 4 4 4 4 4 5 4 4 5 5 4 4 4 5 4 4 5
185,SIPP_2^4,"40,5,0","30,62,0",1,594.464266,475,0.45648,16.28438,3.24553,6.49107,8 8 8 8 8 8 8 8 8 8 8 8 8 8 8 8 8 8 8 8 8 8 8 8 8 8 8 8 8 8 8 8 8 9 9 8 8 9 9 9 9 -0.377 8 -0.480 9 9 9 8 9
185,SIPP_2^5,"40,5,0","30,62,0",1,591.847688,491,1.27823,9.38257,1.875,3.75001,16 16 16 16 16 16 16 16 16 16 16 16 16 16 16 16 16 16 16 16 16 16 16 16 16 17 16 16 16 16 16 16 16 17 17 17 16 17 17 19 19
185,SIPP_BigCS,"40,5,6","30,62,14",1,593.3915870000001,2509,16.10975,12.8663,2.4104,0.25,4 4 0 56 310 4 0 4 84 366 -3.392 84 206 206
185,SIPP_Standard,"40,5,6","30,62,14",1,635.0,2580,8.18415,14.32241,2.7288,0.264,51 70 51 94 0 0 8 52
186,SIPP_2^2,"9,58,0","0,2,0",0,-1,0,0.0,0.0,0.0,0.0,
186,SIPP_2^3,"9,58,0","0,2,0",0,-1,0,0.0,0.0,0.0,0.0,
186,SIPP_2^4,"9,58,0","0,2,0",0,-1,0,0.0,0.0,0.0,0.0,
186,SIPP_2^5,"9,58,0","0,2,0",0,-1,0,0.0,0.0,0.0,0.0,
186,SIPP_BigCS,"9,58,0","0,2,0",0,-1,0,0.0,0.0,0.0,0.0,
186,SIPP_Standard,"9,58,3","0,2,9",0,-1,90363,180.00009,0.0,0.0,0.0,
187,SIPP_2^2,"12,4,0","50,35,0",1,690.0,1749,0.43814,98.99495,21.99115,43.9823,1 1 1 1 1 1 1 1 1 1 1 1 1 1 1 1 1 1 1 1 1 1 1 1 1 1 1 1 1 1 1 2 1 2 2 1 2 2 2 2 2 2 2 2 1 2 2 2 2 2 2 2 2 2 1 2 2 1 2 2 2 2 2 1 2 2 2 2 1
187,SIPP_2^3,"12,4,0","50,35,0",1,514.2640799999999,384,0.1732,23.52362,4.71239,9.42478,3 3 3 3 3 3 3 3 4 3 3 3 3 3 3 3 3 3 3 3 3 3 3 3 3 3 3 3 3 2 2 2 2 2 2 2 3 2 3
187,SIPP_2^4,"12,4,0","50,35,0",1,500.5259279999999,235,0.29316,12.90953,2.574,5.14801,6 6 6 6 6 6 7 6 6 5 5 5 6 5 5 5 5 5 5 6 6 6 6 6 6 6 6 7 6
187,SIPP_2^5,"12,4,0","50,35,0",1,496.052898,159,0.55618,7.16541,1.43308,2.86617,12 12 12 12 12 12 13 12 11 11 11 11 11 11 11 10 11 13 12
187,SIPP_BigCS,"12,4,10","50,35,7",1,493.0,228,1.48918,10.6036,1.9564,0.1657,248 100 100 100 124 207 223 100 176 207 207 359 100
187,SIPP_Standard,"12,4,10","50,35,7",1,502.0,71,0.15773,9.70168,1.6161,0.1279,64 48 63 63 79 64
188,SIPP_2^2,"21,51,0","32,24,0",1,391.418387,475,0.1112,49.49747,10.99557,21.99115,0 0 0 0 0 0 0 0 0 -11.418 0 0 0 0 0 0 0 0 0 0 0 0 0 0 1 1 1 1 1 1 0 1 0 0 1 1 1 0 1
188,SIPP_2^3,"21,51,0","32,24,0",1,315.56349599999993,179,0.07207,16.12473,3.14159,6.28319,1 1 1 1 1 1 0 1 1 1 1 0 0 0 0 0 0 0 0 0 0 0 0 0 0 0 1
188,SIPP_2^4,"21,51,0","32,24,0",1,299.530392,92,0.09884,15.64025,3.10364,6.20727,2 2 1 1 1 1 1 1 0 1 0 0 0 0 1 0 0 1
188,SIPP_2^5,"21,51,0","32,24,0",1,294.94627099999997,47,0.17553,4.55119,0.90975,1.81951,3 3 2 2 1 1 1 0 0 1 1
188,SIPP_BigCS,"21,51,8","32,24,6",1,296.0,113,0.87266,9.41618,1.7968,0.1828,177 204 308 86 308
188,SIPP_Standard,"21,51,8","32,24,6",1,321.0,98,0.23044,10.13424,1.9729,0.2466,53 81 2 18
189,SIPP_2^2,"10,55,0","33,47,0",1,320.455872,272,0.07831,63.63961,14.13717,28.27433,1 1 -10.456 1 1 1 1 1 1 1 1 1 1 1 1 1 0 0 0 0 1 0 1 1 1 0 1 0 1 1 1 0
189,SIPP_2^3,"10,55,0","33,47,0",1,271.42135999999994,137,0.0985,39.58238,7.85398,15.70796,2 2 3 1 1 1 1 1 2 2 1 2 2 1 2 2 2 2 2 1 1 2 2
189,SIPP_2^4,"10,55,0","33,47,0",1,258.751142,81,0.12827,6.96458,1.39094,2.78189,4 4 -9.866 3 3 3 3 3 3 3 4 4 4 4 4 3
189,SIPP_2^5,"10,55,0","33,47,0",1,254.061397,51,0.20948,9.15727,1.81951,3.63901,9 5 5 6 6 6 7 8 8 7
189,SIPP_BigCS,"10,55,0","33,47,14",1,254.0,56,0.49834,12.91931,2.5406,0.6328,351 181 305 81
189,SIPP_Standard,"10,55,0","33,47,14",1,378.972977,733,1.88139,16.47587,3.199,0.4544,-52.973 22 53 105 36
190,SIPP_2^2,"30,16,0","56,25,0",1,350.0,329,0.08424,35.35534,7.85398,15.70796,1 1 1 1 1 1 2 2 2 2 2 2 1 1 1 1 1 1 1 1 1 1 1 1 1 1 1 1 1 2 2 1 1 1 2
190,SIPP_2^3,"30,16,0","56,25,0",1,297.27922399999994,195,0.08734,19.88016,3.92699,7.85398,2 2 2 2 2 2 2 2 2 2 2 2 2 2 3 3 3 2 3 3 3 3 3 2 2 3
190,SIPP_2^4,"30,16,0","56,25,0",1,281.24612,96,0.12265,18.64608,3.70918,7.41836,5 4 4 4 5 4 5 5 5 4 5 5 5 4 4 4 5
190,SIPP_2^5,"30,16,0","56,25,0",1,275.34289599999994,17,0.06565,1.41959,0.28379,0.56759,9 9 9 9 9 9 9 10 9
190,SIPP_BigCS,"30,16,15","56,25,12",1,278.0,102,1.25772,8.11702,1.483,0.1764,207 207 207 207 311 57 311
190,SIPP_Standard,"30,16,15","56,25,12",1,321.0,316,1.3346,13.68565,2.6333,0.3065,45 17 79 72
191,SIPP_2^2,"12,49,0","54,15,0",1,760.0,2097,0.54363,91.92388,20.42035,40.8407,0 0 0 0 0 0 0 0 0 0 0 0 0 0 0 0 0 0 0 0 0 0 0 1 1 1 1 1 1 1 1 1 1 1 1 1 1 1 1 1 1 1 1 1 1 1 0 1 1 1 1 1 1 0 0 1 0 1 1 1 1 1 0 1 0 0 1 1 1 1 1 0 0 0 0 1
191,SIPP_2^3,"12,49,0","54,15,0",1,560.8326239999999,413,0.17878,16.07464,3.14159,6.28319,1 1 1 1 1 1 1 1 1 1 1 1 1 1 1 1 1 1 1 1 1 1 1 1 1 1 1 1 1 1 1 1 2 2 2 2 2 1 2 2 2 1
191,SIPP_2^4,"12,49,0","54,15,0",1,546.5809759999999,268,0.32551,9.66416,1.9305,3.86101,2 2 2 2 2 3 3 3 3 2 2 2 3 3 3 2 2 2 2 2 2 2 2 2 2 2 2 2 2 2 2 2 3 2
191,SIPP_2^5,"12,49,0","54,15,0",1,543.0025519999999,184,0.61755,4.93726,0.98698,1.97396,4 4 4 4 4 4 4 4 4 4 4 4 4 5 5 5 4 4 4 5 5 5 5 4 4 5
191,SIPP_BigCS,"12,49,2","54,15,7",1,540.0,47,0.62982,10.53503,1.969,0.1322,101 101 101 101 101 101 101 101 153 249 153 217 153 217
191,SIPP_Standard,"12,49,2","54,15,7",1,551.970288,275,0.83683,15.22297,2.911,0.2473,53 -3.970 73 68 53 65 53 73
192,SIPP_2^2,"1,43,0","19,9,0",1,520.0,691,0.18714,106.06602,23.56194,47.12389,0 0 0 0 0 0 0 0 0 0 0 0 0 0 0 0 0 0 0 0 0 0 0 0 0 0 1 0 1 1 0 1 1 1 1 1 0 1 1 1 0 1 1 1 0 1 1 0 0 1 0 1
192,SIPP_2^3,"1,43,0","19,9,0",1,414.5584479999999,341,0.19666,38.99809,7.85398,15.70796,1 1 1 1 1 1 1 1 1 1 1 1 1 0 0 0 0 1 0 0 0 0 0 0 1 0 0 0 1 0 1 0 0 1
192,SIPP_2^4,"1,43,0","19,9,0",1,386.05515199999996,52,0.09249,4.82466,0.96525,1.9305,1 1 1 1 1 1 1 1 1 1 2 1 1 1 1 1 1 2
192,SIPP_2^5,"1,43,0","19,9,0",1,385.160546,41,0.1947,1.86511,0.37307,0.74613,2 2 2 2 2 2 2 2 2 2 2 3 2 2 2 3
192,SIPP_BigCS,"1,43,1","19,9,6",1,384.26603,16,0.2111,5.54075,0.6405,0.1703,196 196 204 204 204 -1.266 204 204 204 204 204 324
192,SIPP_Standard,"1,43,1","19,9,6",1,395.0,97,0.26095,13.48849,2.5946,0.2764,49 68 37 22 49
193,SIPP_2^2,"34,28,0","63,49,0",0,-1,0,0.0,0.0,0.0,0.0,
193,SIPP_2^3,"34,28,0","63,49,0",0,-1,0,0.0,0.0,0.0,0.0,
193,SIPP_2^4,"34,28,0","63,49,0",0,-1,0,0.0,0.0,0.0,0.0,
193,SIPP_2^5,"34,28,0","63,49,0",0,-1,0,0.0,0.0,0.0,0.0,
193,SIPP_BigCS,"34,28,0","63,49,0",0,-1,0,0.0,0.0,0.0,0.0,
193,SIPP_Standard,"34,28,13","63,49,15",0,-1,92621,180.00016,0.0,0.0,0.0,
194,SIPP_2^2,"26,0,0","42,17,0",0,-1,0,0.0,0.0,0.0,0.0,
194,SIPP_2^3,"26,0,0","42,17,0",0,-1,0,0.0,0.0,0.0,0.0,
194,SIPP_2^4,"26,0,0","42,17,0",0,-1,0,0.0,0.0,0.0,0.0,
194,SIPP_2^5,"26,0,0","42,17,0",0,-1,0,0.0,0.0,0.0,0.0,
194,SIPP_BigCS,"26,0,0","42,17,0",0,-1,0,0.0,0.0,0.0,0.0,
194,SIPP_Standard,"26,0,6","42,17,11",0,-1,0,1e-05,0.0,0.0,0.0,
195,SIPP_2^2,"14,34,0","57,63,0",0,-1,0,0.0,0.0,0.0,0.0,
195,SIPP_2^3,"14,34,0","57,63,0",0,-1,0,0.0,0.0,0.0,0.0,
195,SIPP_2^4,"14,34,0","57,63,0",0,-1,0,0.0,0.0,0.0,0.0,
195,SIPP_2^5,"14,34,0","57,63,0",0,-1,0,0.0,0.0,0.0,0.0,
195,SIPP_BigCS,"14,34,0","57,63,0",0,-1,0,0.0,0.0,0.0,0.0,
195,SIPP_Standard,"14,34,8","57,63,2",0,-1,92693,180.00118,0.0,0.0,0.0,
196,SIPP_2^2,"8,38,0","60,55,0",1,690.0,1273,0.3311,127.27922,28.27433,56.54867,1 1 1 1 1 1 1 1 2 1 1 2 1 1 2 1 1 1 1 1 1 1 2 2 2 2 1 1 1 1 1 1 1 1 1 1 1 1 1 2 2 2 2 2 1 1 1 1 1 1 2 1 2 2 1 1 1 1 1 1 1 1 1 1 1 2 1 2 1
196,SIPP_2^3,"8,38,0","60,55,0",1,590.4163119999998,736,0.32707,71.4592,14.13717,28.27433,2 2 3 2 3 2 3 2 2 3 2 3 3 3 3 2 2 2 2 2 2 2 2 2 2 3 2 2 3 2 2 2 2 2 3 3 3 3 3 3 2 2 2 3 2 2 2 2 2 2 2 2
196,SIPP_2^4,"8,38,0","60,55,0",1,560.1315599999999,363,0.45117,11.61363,2.31824,4.63648,5 5 5 5 5 5 5 5 5 5 5 5 5 5 5 4 4 5 4 4 4 4 4 4 4 4 4 4 4 4 4 5 4 4 4
196,SIPP_2^5,"8,38,0","60,55,0",1,552.0146269999999,207,0.72208,11.08648,2.2143,4.4286,9 8 8 8 8 9 9 8 9 9 8 8 9 9 9 9 9 10 10 10 10 10 10 9
196,SIPP_BigCS,"8,38,12","60,55,13",1,554.0,815,7.10043,9.26562,1.4413,0.1488,85 207 207 207 207 207 207 207 207 207 207 207 207 207 367 5 5 5 5 5 5 57
196,SIPP_Standard,"8,38,12","60,55,13",1,566.0,328,1.11791,16.90935,3.2283,0.3455,48 95 21 48 95 1 17
197,SIPP_2^2,"40,38,0","45,23,0",1,200.0,103,0.02243,35.35534,7.85398,15.70796,0 0 0 0 0 0 0 0 0 1 0 0 0 0 1 1 1 0 0 1
197,SIPP_2^3,"40,38,0","45,23,0",1,170.71067999999997,62,0.02689,11.84623,2.35619,4.71239,0 0 0 0 0 0 1 1 1 1 0 0 0 0 1
197,SIPP_2^4,"40,38,0","45,23,0",1,161.80339999999998,37,0.0523,6.98369,1.39094,2.78189,1 1 1 1 0 0 1 0 0 0
197,SIPP_2^5,"40,38,0","45,23,0",1,158.11388499999998,5,0.01692,0.0,0.0,0.0,1 1 1 1 1
197,SIPP_BigCS,"40,38,2","45,23,1",1,160.0,21,0.19136,3.13794,0.5075,0.0551,204 204 204 204 364
197,SIPP_Standard,"40,38,2","45,23,1",1,165.0,8,0.0323,8.22709,1.63,0.2214,37 22
198,SIPP_2^2,"53,7,0","31,16,0",1,310.0,257,0.07187,63.63961,14.13717,28.27433,2 2 3 2 2 3 3 3 3 3 3 2 2 3 3 3 3 3 3 3 3 3 3 3 3 3 2 3 2 2 3
198,SIPP_2^3,"53,7,0","31,16,0",1,257.279224,118,0.06302,8.10258,1.5708,3.14159,5 5 5 5 5 5 5 5 6 6 6 6 6 6 6 6 6 6 6 6 6 5
198,SIPP_2^4,"53,7,0","31,16,0",1,241.24612,55,0.08305,9.31015,1.85459,3.70918,11 11 11 11 11 11 12 12 11 11 12 12 11
198,SIPP_2^5,"53,7,0","31,16,0",1,238.29450799999995,28,0.11225,2.1286,0.42569,0.85138,22 23 22 22 22 22 23 23 23
198,SIPP_BigCS,"53,7,9","31,16,4",1,238.0,17,0.29832,3.57292,0.5061,0.0613,203 203 203 203 203 203 203 307 7 7
198,SIPP_Standard,"53,7,9","31,16,4",1,245.0,15,0.1016,9.06118,1.7642,0.209,55 91 11
199,SIPP_2^2,"55,19,0","59,63,0",0,-1,0,0.0,0.0,0.0,0.0,
199,SIPP_2^3,"55,19,0","59,63,0",0,-1,0,0.0,0.0,0.0,0.0,
199,SIPP_2^4,"55,19,0","59,63,0",0,-1,0,0.0,0.0,0.0,0.0,
199,SIPP_2^5,"55,19,0","59,63,0",0,-1,0,0.0,0.0,0.0,0.0,
199,SIPP_BigCS,"55,19,0","59,63,0",0,-1,0,0.0,0.0,0.0,0.0,
199,SIPP_Standard,"55,19,8","59,63,1",0,-1,92452,180.00022,0.0,0.0,0.0,
200,SIPP_2^2,"58,36,0","36,35,0",1,230.0,23,0.00605,7.07107,1.5708,3.14159,3 3 3 3 3 3 3 3 3 3 3 3 3 3 3 3 3 3 3 3 3 3 0
200,SIPP_2^3,"58,36,0","36,35,0",1,224.142136,22,0.01108,3.82683,0.7854,1.5708,6 6 6 6 6 6 6 6 6 6 6 6 6 6 6 6 6 6 6 6 6 7
200,SIPP_2^4,"58,36,0","36,35,0",1,222.36068,21,0.03288,2.29753,0.46365,0.9273,12 12 12 12 12 12 12 12 12 12 12 12 12 12 12 12 12 12 12 12 13
200,SIPP_2^5,"58,36,0","36,35,0",1,221.62277699999999,20,0.09083,1.60182,0.32175,0.6435,24 24 24 24 24 24 24 24 24 24 24 24 24 24 24 24 24 24 24 25
200,SIPP_BigCS,"58,36,2","36,35,12",1,222.0,20,0.21811,2.36487,0.4708,0.0538,3 3 59
200,SIPP_Standard,"58,36,2","36,35,12",1,245.0,70,0.14371,14.64003,2.8772,0.4803,47 23 34
201,SIPP_2^2,"12,45,0","13,3,0",1,430.0,43,0.01601,14.14214,3.14159,6.28319,0 0 0 0 0 0 0 0 0 0 0 0 0 0 0 0 0 0 0 0 0 0 0 0 0 1 0 0 0 0 0 0 0 0 0 0 0 0 0 0 0 0 0
201,SIPP_2^3,"12,45,0","13,3,0",1,426.837426,91,0.04933,7.70981,1.5708,3.14159,0 0 0 0 0 0 0 0 0 0 0 0 0 0 0 0 0 0 0 0 0 0 0 0 1 -2.695 0 0 0 0 0 0 0 0 0 0 0 0 0 0 0 0 0
201,SIPP_2^4,"12,45,0","13,3,0",1,426.837426,145,0.22104,4.62238,0.9273,1.85459,0 0 0 0 0 0 0 0 0 0 0 0 0 0 0 0 0 0 0 0 0 0 0 1 -4.477 0 0 0 0 0 0 0 0 0 0 0 0 0 0 0 0 0
201,SIPP_2^5,"12,45,0","13,3,0",1,424.86833099999996,120,0.47836,4.83483,0.96525,1.9305,0 0 0 0 0 0 0 0 0 0 0 0 0 0 0 0 0 0 0 0 0 1 1 0 0 0 0 0 0 0 0 0 0 0 0 31
201,SIPP_BigCS,"12,45,11","13,3,3",1,426.0,379,2.58084,7.4433,1.4491,0.1627,6 6 6 6 6 58 364 6 6 2 2 30
201,SIPP_Standard,"12,45,11","13,3,3",1,477.0,1197,2.80765,10.93095,2.0858,0.2293,54 90 2 2 22 53
202,SIPP_2^2,"45,52,0","39,63,0",0,-1,0,0.0,0.0,0.0,0.0,
202,SIPP_2^3,"45,52,0","39,63,0",0,-1,0,0.0,0.0,0.0,0.0,
202,SIPP_2^4,"45,52,0","39,63,0",0,-1,0,0.0,0.0,0.0,0.0,
202,SIPP_2^5,"45,52,0","39,63,0",0,-1,0,0.0,0.0,0.0,0.0,
202,SIPP_BigCS,"45,52,0","39,63,0",0,-1,0,0.0,0.0,0.0,0.0,
202,SIPP_Standard,"45,52,15","39,63,13",0,-1,91784,180.00154,0.0,0.0,0.0,
203,SIPP_2^2,"6,17,0","28,4,0",1,350.0,436,0.11417,35.35534,7.85398,15.70796,0 0 0 0 0 0 0 0 1 0 0 0 1 1 1 1 1 1 1 1 1 1 1 1 1 1 1 1 1 1 1 1 0 0 1
203,SIPP_2^3,"6,17,0","28,4,0",1,273.8477679999999,145,0.08116,23.85198,4.71239,9.42478,1 1 1 1 1 1 1 1 1 1 2 2 1 2 1 2 2 2 2 2 2 1
203,SIPP_2^4,"6,17,0","28,4,0",1,257.814664,42,0.06573,8.05524,1.60875,3.21751,2 2 3 3 3 3 2 3 3 2 3 3 3
203,SIPP_2^5,"6,17,0","28,4,0",1,256.025452,27,0.10528,0.62173,0.12436,0.24871,5 5 5 5 6 6 6 6 6
203,SIPP_BigCS,"6,17,14","28,4,11",1,255.0,44,0.35551,2.77521,0.3216,0.0203,101 101 181 193 201 201 201
203,SIPP_Standard,"6,17,14","28,4,11",1,353.27474399999994,364,0.70034,22.40137,4.3028,0.7782,106 41 -11.112 103 -5.163 73
204,SIPP_2^2,"1,53,0","35,51,0",1,400.0,294,0.08617,42.42641,9.42478,18.84956,1 1 1 1 1 1 1 1 1 1 1 1 1 1 1 1 1 1 2 2 1 1 1 1 1 1 1 1 1 1 1 1 0 0 0 1 1 1 0 1
204,SIPP_2^3,"1,53,0","35,51,0",1,364.85281599999996,251,0.12888,28.29129,5.49779,10.99557,2 2 2 2 2 2 2 2 1 1 1 2 2 2 2 2 2 2 1 3 2 2 2 2 2 2 2 2 2 2 2 2 2 3
204,SIPP_2^4,"1,53,0","35,51,0",1,354.16408,187,0.26504,20.93285,4.17283,8.34566,4 4 4 4 4 3 4 4 3 3 4 4 4 4 4 3 4 4 4 4 4 4 4 4 5 4 4 5
204,SIPP_2^5,"1,53,0","35,51,0",1,349.7366619999999,145,0.54681,11.31466,2.25225,4.50451,8 8 8 8 8 8 8 8 8 8 8 8 9 8 9 7 7 7 8 8 8 7
204,SIPP_BigCS,"1,53,0","35,51,1",1,351.0,463,3.9789,12.24451,2.3729,0.3642,5 5 1 57 383 305 5 29
204,SIPP_Standard,"1,53,0","35,51,1",1,399.0,539,1.55313,18.01469,3.4592,0.5266,32 65 53 105 48
205,SIPP_2^2,"39,26,0","3,11,0",1,510.0,749,0.17307,49.49747,10.99557,21.99115,3 3 3 3 3 3 3 3 3 3 3 3 3 3 3 3 3 3 3 3 3 3 3 3 3 3 3 3 0 0 0 3 0 0 0 0 0 0 0 0 0 0 3 3 3 0 3 3 3 3 0
205,SIPP_2^3,"39,26,0","3,11,0",1,422.1320399999999,394,0.17608,55.46287,10.99557,21.99115,7 7 7 7 7 7 7 7 6 7 6 6 6 6 6 6 6 6 7 6 6 6 6 7 6 6 7 6 7 6 7 6 6 6 6 7
205,SIPP_2^4,"39,26,0","3,11,0",1,395.4102,140,0.19035,18.69663,3.70918,7.41836,13 13 13 13 13 13 13 13 13 12 13 13 13 12 13 12 12 13 12 12 13
205,SIPP_2^5,"39,26,0","3,11,0",1,390.98278199999993,74,0.31937,3.54881,0.70949,1.41897,26 25 26 26 26 26 26 26 26 25 25 25 25 26 25
205,SIPP_BigCS,"39,26,11","3,11,10",1,390.0,42,0.45368,6.63561,0.9769,0.1151,205 205 205 205 205 205 205 205 205 205 205 205 309 59
205,SIPP_Standard,"39,26,11","3,11,10",1,403.0,126,0.43572,15.27396,2.9315,0.357,23 50 93 23 50
206,SIPP_2^2,"49,14,0","27,34,0",1,420.0,611,0.1417,63.63961,14.13717,28.27433,3 3 3 3 3 3 3 3 3 3 3 3 3 3 3 3 3 3 2 3 2 2 2 2 2 2 2 3 2 2 2 3 2 2 2 2 2 2 2 2 3 2
206,SIPP_2^3,"49,14,0","27,34,0",1,302.8427199999999,76,0.02967,8.0151,1.5708,3.14159,5 5 5 5 5 5 5 5 5 5 5 5 5 5 5 5 5 5 6 6 5 5
206,SIPP_2^4,"49,14,0","27,34,0",1,299.2798079999999,62,0.06551,3.22275,0.6435,1.287,10 10 10 10 10 10 10 10 10 10 10 10 10 10 10 11 11 10 10 10
206,SIPP_2^5,"49,14,0","27,34,0",1,298.38520199999994,51,0.14481,3.94465,0.78958,1.57917,20 20 20 20 20 20 20 20 20 20 20 20 20 20 21 20 21 20
206,SIPP_BigCS,"49,14,11","27,34,9",1,296.0,18,0.16508,3.49395,0.6634,0.0518,103 103 103 103 103 103 103 103 103 103 103 103 155 251
206,SIPP_Standard,"49,14,11","27,34,9",1,323.0,176,0.34474,11.70005,2.273,0.2561,20 55 67 47
207,SIPP_2^2,"56,12,0","15,7,0",1,480.0,439,0.12466,49.49747,10.99557,21.99115,3 3 3 3 3 3 3 3 3 3 3 3 3 3 3 3 3 3 3 3 3 3 3 3 3 3 3 3 2 3 3 3 3 3 3 3 3 3 3 3 0 0 0 0 3 0 3 0
207,SIPP_2^3,"56,12,0","15,7,0",1,441.4269109999999,349,0.18575,35.57895,7.06858,14.13717,6 6 6 6 6 6 6 6 6 6 6 6 6 6 6 6 6 6 6 6 6 6 6 6 6 6 6 6 5 -2.432 6 7 6 7 7 6 7 7 6 6 6 7
207,SIPP_2^4,"56,12,0","15,7,0",1,430.14800499999996,258,0.39002,6.94722,1.39094,2.78189,12 12 12 12 12 12 12 12 12 12 12 12 12 12 12 12 12 12 12 12 12 12 12 12 12 11 12 12 -3.623 13 13 13 13 13 13
207,SIPP_2^5,"56,12,0","15,7,0",1,430.14800499999996,271,1.07354,5.56336,1.10715,2.2143,24 24 24 24 24 24 24 24 24 24 24 24 24 24 24 24 24 24 24 24 24 24 24 24 24 24 23 -4.361 26 26 26 26 26 26
207,SIPP_BigCS,"56,12,2","15,7,3",1,428.921014,1051,7.71188,5.8995,0.9783,0.1089,363 7 3 7 3 -3.921 59 197 205
207,SIPP_Standard,"56,12,2","15,7,3",1,479.0,827,2.04781,11.12888,2.1071,0.1712,55 91 3 19 69 54
208,SIPP_2^2,"59,60,0","8,55,0",1,560.0,356,0.09627,49.49747,10.99557,21.99115,3 3 3 3 3 3 3 3 3 3 3 3 3 3 3 3 3 3 3 3 3 3 3 3 3 3 3 3 3 3 3 3 3 3 3 3 3 3 3 3 3 3 3 3 0 3 3 3 0 0 3 3 3 0 3 0
208,SIPP_2^3,"59,60,0","8,55,0",1,530.7106799999999,312,0.15611,15.81256,3.14159,6.28319,6 6 6 6 6 6 6 6 6 6 6 6 7 7 7 6 6 6 6 6 6 6 6 6 6 6 6 6 6 6 6 6 6 6 6 6 6 6 6 6 6 6 6 6 6 6 6 7 7 6 6
208,SIPP_2^4,"59,60,0","8,55,0",1,521.8034,263,0.39038,6.96744,1.39094,2.78189,12 12 12 12 12 12 12 12 12 12 12 12 12 12 12 12 12 12 12 12 12 12 12 12 12 12 12 12 12 12 12 12 12 12 12 12 12 12 12 13 13 13 13 12 12 13
208,SIPP_2^5,"59,60,0","8,55,0",1,518.113885,218,0.87905,4.83483,0.96525,1.9305,24 24 24 24 24 24 24 24 24 24 24 24 24 24 24 24 24 24 24 24 24 24 24 24 24 24 24 24 24 24 24 24 24 25 25 24 24 24 25 25 25
208,SIPP_BigCS,"59,60,11","8,55,6",1,520.0,852,6.26402,10.04093,1.9552,0.224,7 7 3 59 365 7 7 7 7 7 7 7 7 3 59 309
208,SIPP_Standard,"59,60,11","8,55,6",1,561.0,1082,2.21333,14.44148,2.7576,0.3229,3 3 19 69 50 109 55
209,SIPP_2^2,"23,7,0","27,46,0",1,430.0,243,0.07137,35.35534,7.85398,15.70796,2 2 2 2 2 2 2 2 2 2 2 2 2 2 2 2 2 2 2 2 2 2 2 2 2 2 2 2 2 2 2 2 2 2 2 2 2 1 1 2 1 2 1
209,SIPP_2^3,"23,7,0","27,46,0",1,406.568544,192,0.09022,27.40917,5.49779,10.99557,4 4 4 4 4 4 4 4 4 4 4 4 4 4 4 4 4 4 4 4 4 4 4 4 4 4 4 4 4 4 3 4 4 3 4 3 4 4 3
209,SIPP_2^4,"23,7,0","27,46,0",1,399.44272,153,0.20551,6.98569,1.39094,2.78189,8 8 8 8 8 8 8 8 8 8 8 8 8 8 8 8 8 8 8 8 8 8 8 8 8 8 8 8 8 7 7 7 8 8 7
209,SIPP_2^5,"23,7,0","27,46,0",1,396.49110799999994,129,0.47621,8.0692,1.60875,3.21751,16 16 16 16 16 16 16 16 16 16 16 16 16 16 16 16 16 16 16 16 16 16 16 16 16 15 15 16 15 16 15
209,SIPP_BigCS,"23,7,8","27,46,7",1,398.0,425,2.69385,8.01818,1.5592,0.1716,360 4 4 0 0 12 304
209,SIPP_Standard,"23,7,8","27,46,7",1,401.0,39,0.10425,6.75321,1.3299,0.1489,44 0 0 0 4
210,SIPP_2^2,"6,1,0","6,54,0",1,590.0,470,0.12124,49.49747,10.99557,21.99115,2 2 2 2 2 2 2 2 2 2 2 2 2 2 2 2 2 3 3 2 2 3 2 2 2 2 2 2 2 2 2 2 2 2 2 2 2 2 2 2 2 2 2 2 2 2 2 2 2 2 2 2 2 2 2 1 1 2 1
210,SIPP_2^3,"6,1,0","6,54,0",1,554.852816,423,0.19948,27.86693,5.49779,10.99557,4 4 4 4 4 4 4 4 4 4 4 4 4 4 4 4 4 4 4 4 4 4 4 4 4 3 3 3 4 4 4 4 4 4 4 4 5 4 4 4 4 5 4 4 4 4 4 4 4 4 4 4 5
210,SIPP_2^4,"6,1,0","6,54,0",1,544.16408,298,0.39364,16.29453,3.24553,6.49107,8 8 8 8 8 8 8 8 8 8 8 8 8 8 8 8 8 8 8 8 7 7 8 8 8 8 7 8 8 8 8 8 9 9 8 8 8 8 8 8 8 8 8 8 8 8 9
210,SIPP_2^5,"6,1,0","6,54,0",1,539.7366619999999,259,0.90296,14.5062,2.89576,5.79151,16 16 16 16 16 16 16 16 16 16 16 16 15 15 16 16 16 16 16 16 16 16 16 15 16 16 16 16 17 16 16 17 16 16 16 16 16 16 16 16 17
210,SIPP_BigCS,"6,1,3","6,54,1",1,541.0,930,6.24251,15.25675,2.9566,0.4145,360 4 4 4 4 0 12 376 366 4 4 4 4 4 4 4 4 56
210,SIPP_Standard,"6,1,3","6,54,1",1,571.0,535,1.09689,21.61844,4.1463,0.5946,0 4 104 51 110 44 0
211,SIPP_2^2,"48,61,0","26,33,0",1,500.0,789,0.19056,77.78175,17.27876,34.55752,3 3 3 3 3 3 3 3 3 3 3 3 3 3 0 0 3 0 0 0 0 3 3 3 0 3 3 0 0 0 0 0 0 0 0 0 0 0 0 0 0 0 0 0 0 0 3 0 3 0
211,SIPP_2^3,"48,61,0","26,33,0",1,371.12699199999986,188,0.08885,31.50286,6.28319,12.56637,7 7 7 7 7 7 7 7 7 7 7 7 7 0 7 7 0 7 0 0 0 7 7 7 7 7 0 7
211,SIPP_2^4,"48,61,0","26,33,0",1,360.4382559999999,102,0.13388,6.43042,1.287,2.57401,14 14 14 14 14 14 14 14 14 14 14 14 15 14 14 15 15 15 15 15 14 14
211,SIPP_2^5,"48,61,0","26,33,0",1,359.0963469999999,84,0.31216,2.23011,0.44611,0.89221,28 28 28 28 28 28 28 28 28 28 28 28 28 29 29 30 30 30 29
211,SIPP_BigCS,"48,61,15","26,33,3",1,357.0,78,0.58083,5.44449,0.9621,0.1906,102 102 102 102 102 102 102 102 102 102 102 102 182 202 202 202 202 322
211,SIPP_Standard,"48,61,15","26,33,3",1,399.0,423,0.95795,13.55965,2.6159,0.2813,50 69 50 85 18
212,SIPP_2^2,"52,5,0","47,4,0",1,60.0,6,0.00254,7.07107,1.5708,3.14159,3 3 3 3 3 0
212,SIPP_2^3,"52,5,0","47,4,0",1,54.142136,5,0.00238,3.82683,0.7854,1.5708,6 6 6 6 7
212,SIPP_2^4,"52,5,0","47,4,0",1,52.36068,4,0.0059,2.29753,0.46365,0.9273,12 12 12 13
212,SIPP_2^5,"52,5,0","47,4,0",1,51.622777,3,0.01452,1.60182,0.32175,0.6435,24 24 25
212,SIPP_BigCS,"52,5,12","47,4,2",1,53.0,5,0.33004,3.85319,0.7822,0.2486,7 7 75
212,SIPP_Standard,"52,5,12","47,4,2",1,423.0,564,1.25211,24.46366,4.706,0.8137,25 104 43 85 2
213,SIPP_2^2,"42,57,0","60,48,0",1,270.0,224,0.06176,77.78175,17.27876,34.55752,1 1 1 1 1 1 1 0 1 1 1 0 0 1 1 0 0 1 1 0 1 1 1 0 0 1 0
213,SIPP_2^3,"42,57,0","60,48,0",1,217.27922399999994,105,0.06323,11.84623,2.35619,4.71239,2 2 2 2 2 2 2 1 1 1 1 2 2 1 1 1 1 1
213,SIPP_2^4,"42,57,0","60,48,0",1,201.24612,9,0.01419,0.0,0.0,0.0,3 3 3 3 3 3 3 3 3
213,SIPP_2^5,"42,57,0","60,48,0",1,201.24612,9,0.0364,0.0,0.0,0.0,6 6 6 6 6 6 6 6 6
213,SIPP_BigCS,"42,57,13","60,48,13",1,200.0,3,0.12218,1.40227,0.0,0.0,193 193 201
213,SIPP_Standard,"42,57,13","60,48,13",1,238.0,88,0.19642,9.88355,1.8902,0.2936,32 65 49
214,SIPP_2^2,"8,28,0","16,26,0",0,-1,0,0.0,0.0,0.0,0.0,
214,SIPP_2^3,"8,28,0","16,26,0",0,-1,0,0.0,0.0,0.0,0.0,
214,SIPP_2^4,"8,28,0","16,26,0",0,-1,0,0.0,0.0,0.0,0.0,
214,SIPP_2^5,"8,28,0","16,26,0",0,-1,0,0.0,0.0,0.0,0.0,
214,SIPP_BigCS,"8,28,0","16,26,0",0,-1,0,0.0,0.0,0.0,0.0,
214,SIPP_Standard,"8,28,5","16,26,0",0,-1,0,4e-05,0.0,0.0,0.0,
215,SIPP_2^2,"21,34,0","48,58,0",1,510.0,803,0.17207,56.56854,12.56637,25.13274,1 1 1 1 1 1 1 1 1 1 1 1 1 1 1 1 1 1 1 1 1 1 2 1 2 2 2 2 2 1 1 2 2 2 2 2 2 2 2 2 2 2 2 2 2 2 1 2 2 2 1
215,SIPP_2^3,"21,34,0","48,58,0",1,369.41126399999985,53,0.02276,11.68585,2.35619,4.71239,2 2 3 3 3 3 3 3 3 3 3 3 3 3 3 3 3 3 2 3 3 3 3 3 3 3 3
215,SIPP_2^4,"21,34,0","48,58,0",1,367.62980799999985,51,0.06056,7.05134,1.4289,2.8578,4 4 6 6 6 6 6 6 6 6 6 6 6 6 6 6 6 6 5 6 6 6 6 6 6 6
215,SIPP_2^5,"21,34,0","48,58,0",1,367.1825049999999,49,0.17074,5.80127,1.18019,2.36038,8 8 12 12 12 12 12 12 12 12 12 12 12 12 12 12 12 12 11 12 12 12 12 12 12
215,SIPP_BigCS,"21,34,5","48,58,8",1,367.0,17,0.21436,12.32593,2.4236,0.3426,49 352 100 100 100 100 100 100 124 255
215,SIPP_Standard,"21,34,5","48,58,8",1,410.0,71,0.23464,20.11195,3.903,0.5405,21 48 87 8 36
216,SIPP_2^2,"63,63,0","10,45,0",0,-1,0,0.0,0.0,0.0,0.0,
216,SIPP_2^3,"63,63,0","10,45,0",0,-1,0,0.0,0.0,0.0,0.0,
216,SIPP_2^4,"63,63,0","10,45,0",0,-1,0,0.0,0.0,0.0,0.0,
216,SIPP_2^5,"63,63,0","10,45,0",0,-1,0,0.0,0.0,0.0,0.0,
216,SIPP_BigCS,"63,63,0","10,45,0",0,-1,0,0.0,0.0,0.0,0.0,
216,SIPP_Standard,"63,63,10","10,45,3",0,-1,0,1e-05,0.0,0.0,0.0,
217,SIPP_2^2,"60,26,0","38,44,0",1,429.07486700000004,613,0.17365,70.71068,15.70796,31.41593,3 3 3 3 3 -29.013 3 -0.029 3 -0.034 3 3 2 2 2 2 2 2 2 2 2 2 2 2 2 2 3 3 2 3 3 2 3 3 3 3 2 3 3 3 3 2 3
217,SIPP_2^3,"60,26,0","38,44,0",1,311.1269919999999,211,0.10704,8.87037,1.5708,3.14159,5 5 5 5 5 5 5 5 5 5 5 5 5 5 5 5 5 5 5 5 7 7
217,SIPP_2^4,"60,26,0","38,44,0",1,299.661848,192,0.26622,10.41094,2.0724,4.1448,10 10 10 10 11 11 11 11 11 11 10 10 10 11 10 8 8 8
217,SIPP_2^5,"60,26,0","38,44,0",1,297.099516,187,0.68647,4.98905,0.98279,1.96559,21 21 21 21 21 21 21 -0.569 20 16 16 16
217,SIPP_BigCS,"60,26,2","38,44,13",1,297.0,770,4.78553,6.4322,1.1057,0.1081,203 203 203 203 203 203 219 131
217,SIPP_Standard,"60,26,2","38,44,13",1,327.0,199,0.55905,13.05906,2.5421,0.3262,70 51 78 107
218,SIPP_2^2,"20,6,0","10,43,0",1,470.0,544,0.1437,42.42641,9.42478,18.84956,2 2 2 2 2 2 2 2 2 2 2 2 2 2 2 2 2 2 2 2 2 2 2 2 2 2 2 2 2 2 2 2 3 2 2 2 3 3 3 3 3 2 3 3 3 3 2
218,SIPP_2^3,"20,6,0","10,43,0",1,417.27922399999994,380,0.17967,11.92942,2.35619,4.71239,4 4 4 4 4 4 4 4 4 4 4 4 4 4 4 4 4 4 4 4 4 4 4 4 4 4 4 4 5 5 5 5 5 5 5 5 6 5
218,SIPP_2^4,"20,6,0","10,43,0",1,398.32816,264,0.3609,25.62694,5.10012,10.20025,8 9 9 9 8 9 8 8 9 9 9 9 8 8 8 9 8 9 9 8 8 8 8 8 7
218,SIPP_2^5,"20,6,0","10,43,0",1,389.4733239999999,170,0.66871,3.21219,0.6435,1.287,17 17 17 17 17 17 17 17 17 17 17 16 15
218,SIPP_BigCS,"20,6,0","10,43,9",1,393.0,818,6.42716,12.68304,2.3573,0.3364,4 84 206 206 206 206 310 4 4 4 84 382
218,SIPP_Standard,"20,6,0","10,43,9",1,410.0,248,0.73818,17.50351,3.3942,0.4304,39 20 51 94 8
219,SIPP_2^2,"18,16,0","15,47,0",1,340.0,142,0.07709,14.14214,3.14159,6.28319,2 2 2 2 2 2 2 2 2 2 2 2 2 2 2 2 2 2 2 2 2 2 2 2 2 2 2 2 2 2 3 3 3 2
219,SIPP_2^3,"18,16,0","15,47,0",1,328.284272,183,0.06339,11.59279,2.35619,4.71239,4 4 4 4 4 4 4 4 4 4 4 4 4 4 4 4 4 4 4 4 4 4 4 4 4 4 4 4 4 5 6 5
219,SIPP_2^4,"18,16,0","15,47,0",1,326.32289399999996,208,0.24001,3.91376,0.7854,1.5708,8 8 8 8 8 8 8 8 8 8 8 8 8 8 8 8 8 8 8 8 8 8 8 8 8 8 9 -7.459 9 10
219,SIPP_2^5,"18,16,0","15,47,0",1,326.055513,227,0.71294,4.71858,0.98279,1.96559,16 16 16 16 16 16 16 16 16 16 16 16 16 16 16 16 16 16 16 16 16 16 16 16 16 16 16 16 16 21
219,SIPP_BigCS,"18,16,15","15,47,5",1,326.00534300000004,1002,9.85422,6.79524,1.3532,0.1828,366 0 0 -8.005 44
219,SIPP_Standard,"18,16,15","15,47,5",1,330.0,95,0.39044,13.08095,2.5773,0.3616,39 0 4 104
220,SIPP_2^2,"16,11,0","15,30,0",1,200.0,20,0.00505,14.14214,3.14159,6.28319,2 2 2 2 2 2 2 2 2 2 2 2 2 2 2 2 2 2 3 2
220,SIPP_2^3,"16,11,0","15,30,0",1,194.142136,19,0.00895,3.82683,0.7854,1.5708,4 4 4 4 4 4 4 4 4 4 4 4 4 4 4 4 4 4 5
220,SIPP_2^4,"16,11,0","15,30,0",1,192.36068,18,0.02582,2.29753,0.46365,0.9273,8 8 8 8 8 8 8 8 8 8 8 8 8 8 8 8 8 9
220,SIPP_2^5,"16,11,0","15,30,0",1,191.62277699999999,17,0.07144,1.60182,0.32175,0.6435,16 16 16 16 16 16 16 16 16 16 16 16 16 16 16 16 17
220,SIPP_BigCS,"16,11,10","15,30,2",1,192.0,17,0.19734,2.36487,0.4708,0.0538,4 4 4 4 4 0 56
220,SIPP_Standard,"16,11,10","15,30,2",1,254.0,100,0.34545,9.91029,1.8991,0.2915,79 104 31
221,SIPP_2^2,"35,51,0","49,16,0",1,490.0,701,0.14431,63.63961,14.13717,28.27433,1 1 1 1 1 1 1 0 0 0 0 0 0 0 0 0 0 0 0 0 0 0 1 1 1 0 0 0 0 0 0 0 0 0 0 0 0 0 0 0 0 0 1 0 1 0 1 1 0
221,SIPP_2^3,"35,51,0","49,16,0",1,407.9899039999999,373,0.14769,39.69827,7.85398,15.70796,1 1 1 1 1 1 1 1 1 0 0 0 0 0 0 1 0 0 0 0 0 0 1 0 1 0 0 0 0 0 0 1 0 0 1
221,SIPP_2^4,"35,51,0","49,16,0",1,383.04952,146,0.1786,18.57951,3.70918,7.41836,1 1 1 1 1 1 1 1 1 1 0 0 1 0 0 0 1 0 1 0 1
221,SIPP_2^5,"35,51,0","49,16,0",1,377.8841989999999,67,0.25249,3.54665,0.70949,1.41897,2 1 2 2 2 2 2 1 1 1 1 1 2 1
221,SIPP_BigCS,"35,51,1","49,16,7",1,378.0,64,0.90325,6.49589,0.9769,0.1151,204 204 204 204 204 204 204 204 204 204 204 308 6 58
221,SIPP_Standard,"35,51,1","49,16,7",1,397.0,242,1.25732,13.404,2.6033,0.3205,37 2 22 49 76
222,SIPP_2^2,"40,61,0","63,53,0",0,-1,0,0.0,0.0,0.0,0.0,
222,SIPP_2^3,"40,61,0","63,53,0",0,-1,0,0.0,0.0,0.0,0.0,
222,SIPP_2^4,"40,61,0","63,53,0",0,-1,0,0.0,0.0,0.0,0.0,
222,SIPP_2^5,"40,61,0","63,53,0",0,-1,0,0.0,0.0,0.0,0.0,
222,SIPP_BigCS,"40,61,0","63,53,0",0,-1,0,0.0,0.0,0.0,0.0,
222,SIPP_Standard,"40,61,2","63,53,6",0,-1,92175,180.00375,0.0,0.0,0.0,
223,SIPP_2^2,"43,2,0","18,12,0",1,370.0,356,0.10457,84.85281,18.84956,37.69911,3 3 3 3 3 3 3 3 3 3 3 3 3 3 3 3 3 3 2 2 3 2 3 0 3 2 2 2 3 2 2 2 3 3 2 2 3
223,SIPP_2^3,"43,2,0","18,12,0",1,300.52450899999997,202,0.11034,28.60533,5.49779,10.99557,6 6 6 6 6 6 6 6 6 6 6 5 5 5 5 5 5 5 5 6 -0.819 7 5 5 6 5
223,SIPP_2^4,"43,2,0","18,12,0",1,285.453984,141,0.2057,17.63599,3.28349,6.56698,12 12 12 12 11 11 11 11 11 11 11 11 12 14 10 10 10
223,SIPP_2^5,"43,2,0","18,12,0",1,283.97817799999996,140,0.52253,16.97578,3.28349,6.56698,24 24 24 23 22 22 22 22 22 22 23 28 20 20 20
223,SIPP_BigCS,"43,2,10","18,12,3",1,303.0,1181,6.9804,12.11387,2.3558,0.6254,7 35 103 103 103 103 103 183 347 102 102
223,SIPP_Standard,"43,2,10","18,12,3",1,385.717173,293,0.68978,11.78333,2.1298,0.3269,-56.717 51 78 99 61
224,SIPP_2^2,"62,4,0","5,12,0",1,650.0,433,0.13252,70.71068,15.70796,31.41593,3 3 3 3 3 3 3 3 3 3 3 3 3 3 3 3 3 3 3 3 3 3 3 3 3 3 2 2 2 3 2 3 3 2 3 3 3 3 3 3 3 3 3 3 3 3 3 3 3 3 3 2 2 3 2 3 3 3 3 3 3 3 3 3 3
224,SIPP_2^3,"62,4,0","5,12,0",1,611.4213599999999,586,0.25842,27.53124,5.49779,10.99557,6 6 6 6 6 6 6 6 6 6 6 5 6 6 6 5 6 6 6 5 5 5 5 5 5 5 6 6 6 6 6 6 6 6 6 6 6 6 6 6 6 6 6 6 6 6 6 6 6 6 6 6 6 6 6 6 7
224,SIPP_2^4,"62,4,0","5,12,0",1,597.7201890000001,550,0.6816,25.77301,5.13808,10.27616,12 12 12 12 12 12 12 12 12 12 12 12 12 12 12 12 12 12 12 12 12 12 11 12 12 12 12 12 12 -0.550 13 12 12 12 12 11 11 12 12 11 12 12 12 12 12 11 11 10 11 10
224,SIPP_2^5,"62,4,0","5,12,0",1,589.4733239999999,462,1.55378,12.88588,2.574,5.14801,23 23 23 23 24 24 24 23 23 23 24 24 24 24 24 24 23 23 23 24 24 24 24 24 24 24 24 24 24 25 24 24 25
224,SIPP_BigCS,"62,4,11","5,12,13",1,594.0,2386,15.73218,10.57118,1.9382,0.2024,203 307 7 83 203 203 203 307 7 7 7 7 7 7 7 7 7 7 7 7 7 7 3 87
224,SIPP_Standard,"62,4,11","5,12,13",1,643.0,2124,4.95662,24.01558,4.6263,0.5828,38 11 55 67 55 107 38 3
225,SIPP_2^2,"46,41,0","6,28,0",1,549.611716,906,0.21834,77.78175,17.27876,34.55752,3 3 3 3 3 3 3 3 3 3 3 3 3 3 3 3 0 3 3 3 3 3 3 3 0 0 0 0 0 3 3 0 3 3 3 3 3 3 3 3 3 -18.542 3 -1.070 3 3 3 0 0 3 0 0 0 3 0
225,SIPP_2^3,"46,41,0","6,28,0",1,453.8477679999999,423,0.13834,32.08072,6.28319,12.56637,7 7 7 7 7 7 7 6 6 6 6 6 6 6 7 7 6 6 7 6 6 6 6 6 6 6 6 6 6 6 6 6 7 7 6 6 6 6 6 7
225,SIPP_2^4,"46,41,0","6,28,0",1,431.32755599999996,250,0.22258,11.63892,2.31824,4.63648,13 13 13 13 13 13 13 13 13 13 12 13 13 12 12 12 12 12 12 13 -0.428 12 -0.151 12 -0.060 12 12 12 12 12
225,SIPP_2^5,"46,41,0","6,28,0",1,429.5069759999999,251,0.626,3.92031,0.7854,1.5708,26 26 26 26 26 26 26 25 25 25 25 25 25 25 24 24 23
225,SIPP_BigCS,"46,41,10","6,28,10",1,430.0,1037,8.96804,10.90597,1.8952,0.2234,205 205 205 205 205 205 205 205 205 309 7 87 317
225,SIPP_Standard,"46,41,10","6,28,10",1,440.0,242,1.54337,9.34845,1.4426,0.1887,61 61 61 93 11
226,SIPP_2^2,"15,12,0","14,43,0",1,342.683407,180,0.09888,21.2132,4.71239,9.42478,2 2 2 2 2 2 2 2 2 2 2 2 2 2 2 2 2 2 2 2 2 2 2 2 2 2 2 2 2 2 1 -2.683 2 3 3
226,SIPP_2^3,"15,12,0","14,43,0",1,340.32276499999995,275,0.10936,15.5256,3.14159,6.28319,4 4 4 4 4 4 4 4 4 4 4 4 4 4 4 4 4 4 4 4 4 4 4 4 4 4 4 3 4 4 -12.038 5 6
226,SIPP_2^4,"15,12,0","14,43,0",1,339.389273,311,0.36339,17.47565,3.42539,6.85077,8 8 8 8 8 8 8 8 8 8 8 8 8 8 8 8 8 8 8 8 8 7 8 8 8 7 8 8 -1.782 11 -0.526 12
226,SIPP_2^5,"15,12,0","14,43,0",1,339.389273,325,1.06761,11.76501,2.2143,4.42859,16 16 16 16 16 16 16 16 16 16 16 16 16 16 16 16 16 16 16 16 16 16 16 16 15 15 -3.258 22 -0.526 24
226,SIPP_BigCS,"15,12,5","14,43,3",1,339.337544,1809,14.37141,12.58197,2.4902,0.7459,4 4 4 0 0 80 336 -4.338 334
226,SIPP_Standard,"15,12,5","14,43,3",1,351.58888,182,0.59722,8.63736,1.7026,0.232,88 0 0 -17.589 24
227,SIPP_2^2,"19,13,0","42,46,0",1,560.0,1096,0.24739,63.63961,14.13717,28.27433,2 2 2 2 2 2 2 2 2 2 2 2 2 2 2 2 2 2 2 2 2 2 2 2 2 2 1 2 2 2 1 1 1 1 1 2 2 1 1 1 1 1 1 2 1 1 1 1 1 1 1 1 1 1 2 1
227,SIPP_2^3,"19,13,0","42,46,0",1,425.26912799999985,320,0.13732,23.69401,4.71239,9.42478,3 3 4 4 4 4 4 3 3 3 3 3 3 3 3 3 4 3 4 4 4 4 3 3 3 3 3 3 3 3 3 3 3
227,SIPP_2^4,"19,13,0","42,46,0",1,407.4545679999999,173,0.17686,8.05556,1.60875,3.21751,7 7 7 7 7 7 7 7 6 6 6 6 6 7 6 6 7 6 6 6 6 6 6
227,SIPP_2^5,"19,13,0","42,46,0",1,402.981538,56,0.17799,2.96525,0.59219,1.18437,13 13 13 13 13 13 13 13 13 12 13 12 12
227,SIPP_BigCS,"19,13,2","42,46,9",1,402.0,17,0.20907,8.75712,1.6286,0.107,200 200 216 180 248 180 248
227,SIPP_Standard,"19,13,2","42,46,9",1,402.0,10,0.0533,8.44902,1.6074,0.0838,64 52 64 52 64
228,SIPP_2^2,"48,41,0","31,14,0",1,440.0,646,0.13425,63.63961,14.13717,28.27433,0 0 0 0 0 0 0 0 0 0 0 0 0 0 0 0 0 0 0 0 0 0 3 3 3 3 3 3 0 3 3 3 3 3 3 0 3 0 0 3 3 3 0 3
228,SIPP_2^3,"48,41,0","31,14,0",1,340.4163119999999,229,0.09104,15.52103,3.14159,6.28319,7 7 7 7 7 7 7 7 7 7 7 7 7 7 0 0 7 7 0 0 0 0 0 0 0 0 7
228,SIPP_2^4,"48,41,0","31,14,0",1,322.6017519999999,97,0.11183,8.06292,1.60875,3.21751,15 15 15 15 15 15 15 15 14 15 14 14 15 14 14 14 14
228,SIPP_2^5,"48,41,0","31,14,0",1,319.47063099999997,33,0.09927,2.48827,0.49742,0.99484,29 29 29 29 29 30 29 30 30 29
228,SIPP_BigCS,"48,41,15","31,14,5",1,318.0,15,0.32676,4.41695,0.6528,0.0402,202 202 202 202 202 202 202 218 102 154
228,SIPP_Standard,"48,41,15","31,14,5",1,319.0,4,0.13469,5.76629,0.9646,0.055,54 58 66 54
229,SIPP_2^2,"52,32,0","56,47,0",1,190.0,84,0.02715,35.35534,7.85398,15.70796,2 2 2 2 2 2 2 2 2 1 1 2 2 2 2 1 2 2 1
229,SIPP_2^3,"52,32,0","56,47,0",1,170.614577,73,0.0428,15.60248,3.14159,6.28319,4 4 4 4 4 4 4 3 4 4 3 3 3 -2.899 4 -1.147 4
229,SIPP_2^4,"52,32,0","56,47,0",1,170.614577,87,0.14477,13.56551,2.49809,4.99618,8 8 8 8 8 7 7 7 8 8 8 -2.386 8 -1.147 4
229,SIPP_2^5,"52,32,0","56,47,0",1,170.614577,91,0.40701,13.73206,2.53605,5.0721,15 16 16 16 16 15 15 16 -4.600 16 -1.147 8
229,SIPP_BigCS,"52,32,4","56,47,7",1,170.517412,339,2.21575,4.95204,0.9691,0.1012,4 4 80 -12.517 304
229,SIPP_Standard,"52,32,4","56,47,7",1,170.52309,16,0.05699,5.68818,1.1057,0.1711,87 -3.523 0
230,SIPP_2^2,"28,44,0","19,4,0",1,490.0,537,0.15309,77.78175,17.27876,34.55752,0 0 0 0 0 0 0 0 0 0 0 0 0 0 0 0 0 0 0 3 3 0 0 0 3 3 3 0 3 0 0 0 0 0 3 0 0 0 0 0 0 0 0 0 0 3 0 0 3
230,SIPP_2^3,"28,44,0","19,4,0",1,437.27922399999994,355,0.14157,43.92801,8.63938,17.27876,0 0 0 0 0 0 0 0 0 7 0 7 7 7 0 0 0 7 7 0 0 0 0 0 0 0 0 0 0 0 0 0 7 0 0 0 7 0 0 7
230,SIPP_2^4,"28,44,0","19,4,0",1,421.24612,244,0.27528,11.65212,2.31824,4.63648,0 0 0 0 0 0 0 0 0 0 0 0 0 0 0 0 0 0 15 15 15 15 15 15 15 0 0 15 0 0 15
230,SIPP_2^5,"28,44,0","19,4,0",1,414.6049929999999,153,0.48545,8.06974,1.60875,3.21751,0 0 0 0 0 0 31 31 0 0 0 0 31 31 31 31 31 31 0 0 0 31
230,SIPP_BigCS,"28,44,1","19,4,1",1,418.0,686,6.64267,13.80535,2.6109,0.2881,202 362 6 14 202 306 14 306
230,SIPP_Standard,"28,44,1","19,4,1",1,420.0,52,0.20178,9.55774,1.6881,0.1714,6 58 90 2 6
231,SIPP_2^2,"15,38,0","31,32,0",1,220.0,115,0.02231,49.49747,10.99557,21.99115,1 1 0 0 0 1 1 1 1 1 1 1 1 1 1 0 1 1 1 0 1 0
231,SIPP_2^3,"15,38,0","31,32,0",1,184.852816,52,0.01722,24.0401,4.71239,9.42478,1 1 1 2 2 2 2 2 1 2 2 2 1 2 2 1
231,SIPP_2^4,"15,38,0","31,32,0",1,179.508448,42,0.03972,13.32038,2.63999,5.27998,2 2 2 4 4 3 4 3 3 4 4 4 4
231,SIPP_2^5,"15,38,0","31,32,0",1,177.294739,26,0.07487,5.54929,1.10715,2.2143,4 4 4 7 7 8 8 8 8 7
231,SIPP_BigCS,"15,38,14","31,32,1",1,178.0,31,0.23869,8.28353,1.5771,0.2611,236 81 201
231,SIPP_Standard,"15,38,14","31,32,1",1,204.56296700000001,27,0.06721,6.51253,1.1565,0.2278,-27.563 57 97
232,SIPP_2^2,"2,50,0","0,29,0",0,-1,0,0.0,0.0,0.0,0.0,
232,SIPP_2^3,"2,50,0","0,29,0",0,-1,0,0.0,0.0,0.0,0.0,
232,SIPP_2^4,"2,50,0","0,29,0",0,-1,0,0.0,0.0,0.0,0.0,
232,SIPP_2^5,"2,50,0","0,29,0",0,-1,0,0.0,0.0,0.0,0.0,
232,SIPP_BigCS,"2,50,0","0,29,0",0,-1,0,0.0,0.0,0.0,0.0,
232,SIPP_Standard,"2,50,15","0,29,4",0,-1,90723,180.00033,0.0,0.0,0.0,
233,SIPP_2^2,"36,41,0","60,57,0",1,400.0,533,0.13368,28.28427,6.28319,12.56637,1 1 1 1 1 1 1 1 1 1 1 1 1 1 1 1 1 1 1 1 1 1 2 2 1 2 2 2 2 2 2 2 2 2 2 2 2 2 2 1
233,SIPP_2^3,"36,41,0","60,57,0",1,306.2741759999999,178,0.08592,23.19385,4.71239,9.42478,3 3 3 3 3 3 3 3 3 3 3 3 3 2 2 2 3 2 2 2 2 3 2 3
233,SIPP_2^4,"36,41,0","60,57,0",1,292.02252799999997,86,0.11659,4.8454,0.96525,1.9305,5 5 5 5 5 5 5 6 6 6 6 5 6 6 6 6
233,SIPP_2^5,"36,41,0","60,57,0",1,288.444104,8,0.02906,0.0,0.0,0.0,11 11 11 11 11 11 11 11
233,SIPP_BigCS,"36,41,11","60,57,13",1,288.0,11,0.14355,5.48532,0.975,0.0607,207 207 207 223 176 255
233,SIPP_Standard,"36,41,11","60,57,13",1,317.0,191,0.48514,7.44876,1.4273,0.1284,52 64 36 1
234,SIPP_2^2,"26,7,0","44,42,0",1,530.0,925,0.22475,91.92388,20.42035,40.8407,2 2 2 2 2 2 2 2 2 2 2 2 2 2 2 2 2 2 2 2 2 2 2 2 2 2 2 1 1 2 1 1 1 1 1 1 1 1 1 2 1 2 1 2 1 1 1 2 2 2 1 2 1
234,SIPP_2^3,"26,7,0","44,42,0",1,424.5584479999999,361,0.15258,39.09026,7.85398,15.70796,3 3 4 4 3 3 3 3 3 3 3 3 3 3 3 3 4 4 4 4 4 4 3 4 4 4 4 3 4 3 4 4 4 4 3
234,SIPP_2^4,"26,7,0","44,42,0",1,394.273696,35,0.04299,1.60562,0.32175,0.6435,7 7 7 7 7 7 7 7 7 7 7 7 7 7 7 7 7 6
234,SIPP_2^5,"26,7,0","44,42,0",1,393.826393,32,0.10591,0.62174,0.12436,0.24871,14 14 14 14 14 14 14 14 14 14 14 14 14 14 14 14 13
234,SIPP_BigCS,"26,7,0","44,42,1",1,394.0,105,0.74546,7.55484,1.1038,0.2689,64 180 192 192 192 200
234,SIPP_Standard,"26,7,0","44,42,1",1,403.0,56,0.15974,12.59475,2.4072,0.2437,64 52 88 8 52
235,SIPP_2^2,"51,54,0","3,12,0",1,900.0,2970,0.76811,98.99495,21.99115,43.9823,3 3 3 3 3 3 3 3 3 3 3 3 3 3 3 3 3 3 3 3 3 3 3 3 3 3 3 3 3 3 3 3 3 3 3 3 3 3 3 3 0 0 3 0 0 0 0 0 0 0 0 0 0 0 0 0 3 0 0 3 0 0 0 0 0 0 0 0 0 0 0 0 0 0 0 0 0 0 3 0 0 0 3 0 0 0 3 3 0 3
235,SIPP_2^3,"51,54,0","3,12,0",1,653.9697120000001,406,0.17742,15.8935,3.14159,6.28319,7 7 7 7 7 7 7 7 7 7 7 7 7 7 7 7 7 7 7 7 7 7 7 7 7 7 7 7 7 7 7 7 7 7 7 7 6 6 6 6 7 7 7 7 7 6 6 7
235,SIPP_2^4,"51,54,0","3,12,0",1,643.2809759999998,301,0.35249,1.61724,0.32175,0.6435,14 14 14 14 14 14 14 14 14 14 14 14 14 14 14 14 14 14 14 14 14 14 14 14 14 14 14 14 14 14 14 14 14 14 14 14 13 13 13 13 13 13
235,SIPP_2^5,"51,54,0","3,12,0",1,640.5971579999999,231,0.73441,2.95986,0.59219,1.18437,28 28 28 28 28 28 28 28 28 28 28 28 28 28 28 28 28 28 28 28 28 28 28 28 28 28 28 27 28 28 28 27 27 27 27 27
235,SIPP_BigCS,"51,54,13","3,12,13",1,636.0,40,0.34221,6.99966,1.3056,0.0804,102 102 102 102 102 102 102 102 102 102 102 102 102 102 102 102 102 102 102 102 102 102 102 102 126 221 126 221
235,SIPP_Standard,"51,54,13","3,12,13",1,643.0,106,0.23235,8.49406,1.6076,0.0897,30 30 50 69 50 69 30 54
236,SIPP_2^2,"14,43,0","23,28,0",1,240.0,180,0.04208,63.63961,14.13717,28.27433,0 0 0 0 0 0 0 1 1 1 1 0 0 1 0 0 0 0 1 1 0 1 0 1
236,SIPP_2^3,"14,43,0","23,28,0",1,187.27922399999997,70,0.0285,19.61218,3.92699,7.85398,0 1 0 0 0 1 1 1 0 0 1 1 1 1 1
236,SIPP_2^4,"14,43,0","23,28,0",1,176.59048799999997,28,0.03135,1.60648,0.32175,0.6435,1 1 1 1 1 1 2 2 2
236,SIPP_2^5,"14,43,0","23,28,0",1,175.24857899999998,15,0.04545,2.4882,0.49742,0.99484,3 2 2 3 2 3
236,SIPP_BigCS,"14,43,4","23,28,7",1,174.0,5,0.12442,2.1562,0.3214,0.0144,204 204 204 204 220
236,SIPP_Standard,"14,43,4","23,28,7",1,175.0,2,0.03729,2.37631,0.3214,0.0144,60 68
237,SIPP_2^2,"40,9,0","48,7,0",1,100.0,21,0.00759,28.28427,6.28319,12.56637,1 1 1 1 1 1 0 1 0 1
237,SIPP_2^3,"40,9,0","48,7,0",1,88.28427199999999,14,0.00942,11.59279,2.35619,4.71239,2 2 2 1 2 2 2 1
237,SIPP_2^4,"40,9,0","48,7,0",1,84.72136,10,0.01822,6.94722,1.39094,2.78189,4 4 3 4 4 3
237,SIPP_2^5,"40,9,0","48,7,0",1,83.245554,7,0.03162,3.22267,0.6435,1.287,7 8 8 7
237,SIPP_BigCS,"40,9,8","48,7,2",1,84.0,7,0.16521,2.36385,0.463,0.0399,5 81
237,SIPP_Standard,"40,9,8","48,7,2",1,86.0,1,0.04356,4.17478,0.8457,0.1277,9
238,SIPP_2^2,"9,58,0","46,39,0",1,560.0,940,0.25058,98.99495,21.99115,43.9823,1 0 0 1 0 0 0 0 0 0 0 0 1 0 1 1 1 1 1 1 1 1 1 1 0 0 0 1 1 1 1 1 1 1 1 1 1 1 1 1 0 1 1 1 1 1 1 0 0 0 1 1 1 1 0 1
238,SIPP_2^3,"9,58,0","46,39,0",1,448.7005839999999,436,0.2397,39.23972,7.85398,15.70796,1 1 1 1 1 1 1 1 1 1 1 1 1 1 2 2 2 2 2 2 2 1 2 2 1 2 2 2 2 1 2 2 2 1 2 2 1
238,SIPP_2^4,"9,58,0","46,39,0",1,420.197288,96,0.14016,14.28423,2.8578,5.7156,3 3 3 3 2 3 2 3 2 3 3 3 3 3 3 3 3 3 4 4 3
238,SIPP_2^5,"9,58,0","46,39,0",1,417.379573,66,0.25446,2.5753,0.51496,1.02992,5 5 6 6 5 6 6 6 6 6 6 6 6 6 7 7
238,SIPP_BigCS,"9,58,0","46,39,3",1,416.0,31,0.37234,6.04472,0.8277,0.0816,101 181 193 193 201 201 201 201 305
238,SIPP_Standard,"9,58,0","46,39,3",1,424.0,34,0.13863,10.37937,1.7995,0.2625,57 65 53 57 97
239,SIPP_2^2,"53,43,0","55,26,0",1,190.0,41,0.01253,14.14214,3.14159,6.28319,0 0 0 0 0 0 0 0 0 0 0 1 1 0 0 0 0 0 0
239,SIPP_2^3,"53,43,0","55,26,0",1,178.284272,34,0.01886,7.75965,1.5708,3.14159,0 0 0 0 0 0 0 0 0 0 1 1 0 0 0 0 0
239,SIPP_2^4,"53,43,0","55,26,0",1,174.72136,28,0.04178,9.28787,1.85459,3.70918,0 0 0 0 0 0 0 0 1 0 1 0 0 0 0
239,SIPP_2^5,"53,43,0","55,26,0",1,173.245554,27,0.10423,3.21833,0.6435,1.287,0 0 0 0 0 0 0 1 1 0 0 0 0
239,SIPP_BigCS,"53,43,9","55,26,12",1,174.0,42,0.35389,5.02813,0.9783,0.1089,6 6 6 6 58 364
239,SIPP_Standard,"53,43,9","55,26,12",1,335.0,507,1.30569,20.91012,4.0632,0.7449,107 42 68 41
240,SIPP_2^2,"27,42,0","28,14,0",1,290.0,29,0.00602,7.07107,1.5708,3.14159,0 0 0 0 0 0 0 0 0 0 0 0 0 0 0 0 0 0 0 0 0 0 0 0 0 0 0 0 1
240,SIPP_2^3,"27,42,0","28,14,0",1,284.142136,28,0.0104,3.82683,0.7854,1.5708,0 0 0 0 0 0 0 0 0 0 0 0 0 0 0 0 0 0 0 0 0 0 0 0 0 0 0 1
240,SIPP_2^4,"27,42,0","28,14,0",1,282.36068,27,0.0289,2.29753,0.46365,0.9273,0 0 0 0 0 0 0 0 0 0 0 0 0 0 0 0 0 0 0 0 0 0 0 0 0 0 1
240,SIPP_2^5,"27,42,0","28,14,0",1,281.622777,26,0.07342,1.60182,0.32175,0.6435,0 0 0 0 0 0 0 0 0 0 0 0 0 0 0 0 0 0 0 0 0 0 0 0 0 1
240,SIPP_BigCS,"27,42,8","28,14,14",1,282.0,26,0.19913,2.74653,0.5456,0.0552,2 2 6 6 6 6 42
240,SIPP_Standard,"27,42,8","28,14,14",1,317.0,244,0.64247,10.89728,2.0858,0.2293,49 92 10 54
241,SIPP_2^2,"18,44,0","57,40,0",1,430.0,227,0.0575,49.49747,10.99557,21.99115,1 1 1 1 1 1 1 1 1 1 1 1 1 1 1 1 1 1 1 1 1 1 1 1 1 1 1 1 1 0 1 1 1 1 1 1 1 0 1 1 0 1 0
241,SIPP_2^3,"18,44,0","57,40,0",1,406.568544,185,0.07766,11.77758,2.35619,4.71239,2 2 2 2 2 2 2 2 2 2 1 1 1 2 2 2 2 2 2 2 2 2 2 2 2 2 2 2 2 2 2 2 2 2 2 2 2 2 1
241,SIPP_2^4,"18,44,0","57,40,0",1,399.44272,151,0.17703,11.66698,2.31824,4.63648,4 4 4 4 4 4 4 4 4 4 4 4 4 4 4 4 4 4 4 4 4 4 4 4 4 4 4 4 3 3 4 3 4 4 3
241,SIPP_2^5,"18,44,0","57,40,0",1,396.49110799999994,129,0.39497,8.0692,1.60875,3.21751,8 8 8 8 8 8 8 8 8 8 8 8 8 8 8 8 8 8 8 8 7 7 8 8 8 7 8 8 8 8 7
241,SIPP_BigCS,"18,44,12","57,40,14",1,398.0,424,2.81901,10.10662,1.9566,0.2178,5 5 5 5 5 1 29 361 29 361
241,SIPP_Standard,"18,44,12","57,40,14",1,401.0,36,0.11656,6.75321,1.3299,0.1489,45 1 1 1 5
242,SIPP_2^2,"28,62,0","17,18,0",1,550.0,714,0.17371,42.42641,9.42478,18.84956,0 0 0 0 0 0 0 0 0 0 0 0 0 0 0 0 0 0 0 0 0 0 0 0 0 0 0 0 0 0 0 0 0 0 0 0 0 0 0 0 0 3 3 3 3 3 3 3 0 3 0 3 3 3 0
242,SIPP_2^3,"28,62,0","17,18,0",1,485.56349599999993,452,0.18805,60.02429,11.78097,23.56195,0 0 0 0 7 7 0 0 0 0 0 0 7 0 7 7 0 7 7 0 0 0 0 0 0 0 0 0 0 0 0 0 0 0 0 0 7 0 7 0 7 0 0 7
242,SIPP_2^4,"28,62,0","17,18,0",1,465.96748,300,0.3648,16.30564,3.24553,6.49107,0 0 0 0 0 0 0 0 0 0 0 0 0 0 0 0 0 0 15 15 15 15 15 15 15 0 15 0 15 15 0 0 15
242,SIPP_2^5,"28,62,0","17,18,0",1,457.8505469999999,169,0.55252,19.33879,3.86101,7.72201,31 0 0 31 0 0 0 31 31 0 31 0 31 31 31 31 0 31 0 0 0 31
242,SIPP_BigCS,"28,62,5","17,18,6",1,462.0,867,5.99944,10.42362,1.9382,0.2024,6 6 82 202 202 202 306 6 6 2 82 306
242,SIPP_Standard,"28,62,5","17,18,6",1,478.0,389,1.38509,9.3562,1.819,0.2268,2 2 2 10 54 74
243,SIPP_2^2,"0,39,0","15,45,0",0,-1,0,0.0,0.0,0.0,0.0,
243,SIPP_2^3,"0,39,0","15,45,0",0,-1,0,0.0,0.0,0.0,0.0,
243,SIPP_2^4,"0,39,0","15,45,0",0,-1,0,0.0,0.0,0.0,0.0,
243,SIPP_2^5,"0,39,0","15,45,0",0,-1,0,0.0,0.0,0.0,0.0,
243,SIPP_BigCS,"0,39,0","15,45,0",0,-1,0,0.0,0.0,0.0,0.0,
243,SIPP_Standard,"0,39,10","15,45,3",0,-1,0,1e-05,0.0,0.0,0.0,
244,SIPP_2^2,"34,32,0","17,46,0",1,310.0,326,0.0618,84.85281,18.84956,37.69911,3 3 3 3 3 3 3 3 3 2 2 3 2 3 3 2 2 3 2 2 2 3 2 2 2 3 3 2 2 2 3
244,SIPP_2^3,"34,32,0","17,46,0",1,227.98990399999994,53,0.01937,16.06829,3.14159,6.28319,5 5 5 5 5 5 5 6 6 5 5 5 5 6 5 5 5
244,SIPP_2^4,"34,32,0","17,46,0",1,222.64553599999996,42,0.04696,6.44411,1.287,2.574,10 10 10 10 10 11 11 10 10 11 10 10 10 10
244,SIPP_2^5,"34,32,0","17,46,0",1,221.30362699999995,34,0.1149,3.95383,0.78958,1.57916,20 20 20 21 21 20 20 20 20 21 20
244,SIPP_BigCS,"34,32,5","17,46,6",1,220.0,13,0.16248,5.27884,0.9948,0.0776,103 155 251 103 155
244,SIPP_Standard,"34,32,5","17,46,6",1,238.0,36,0.22674,9.3562,1.819,0.2268,11 51 78
245,SIPP_2^2,"25,19,0","14,61,0",1,530.0,685,0.15172,113.13708,25.13274,50.26548,2 2 2 2 2 2 2 2 2 2 2 2 2 3 2 2 3 3 2 3 3 2 3 2 2 2 2 2 2 2 2 2 2 3 2 2 2 2 2 2 2 3 3 2 2 2 2 3 2 2 2 3 2
245,SIPP_2^3,"25,19,0","14,61,0",1,465.56349599999993,432,0.16882,43.90245,8.63938,17.27876,4 4 4 4 4 4 4 4 4 4 4 4 4 4 4 4 4 4 4 4 4 4 4 4 5 4 5 5 5 5 5 4 5 4 5 5 4 4 5 4 4 5
245,SIPP_2^4,"25,19,0","14,61,0",1,445.96748,265,0.30291,16.2283,3.24553,6.49107,8 8 8 8 8 8 8 8 8 8 8 8 8 8 9 8 8 9 9 9 9 8 8 9 9 9 9 9 8 8 9
245,SIPP_2^5,"25,19,0","14,61,0",1,437.8505469999999,132,0.38497,16.11393,3.21751,6.43501,17 17 17 17 16 16 17 16 17 17 16 16 17 17 16 16 16 17 16 17
245,SIPP_BigCS,"25,19,6","14,61,3",1,442.0,684,5.06232,13.11934,2.4471,0.2513,206 310 4 4 84 366 84 206 206 366
245,SIPP_Standard,"25,19,6","14,61,3",1,482.0,991,2.81816,16.58059,3.1915,0.3374,51 70 51 94 8 44
246,SIPP_2^2,"21,18,0","59,52,0",1,720.0,1855,0.39973,56.56854,12.56637,25.13274,1 1 1 1 1 1 1 1 1 1 1 1 1 1 1 1 1 1 1 1 1 1 1 1 1 1 1 1 1 1 1 1 1 2 1 1 2 2 2 2 2 2 2 1 2 2 2 1 2 2 2 2 2 2 2 2 2 2 2 2 2 2 2 2 2 2 2 2 2 2 2 1
246,SIPP_2^3,"21,18,0","59,52,0",1,538.4062159999999,458,0.16105,35.51409,7.06858,14.13717,3 2 2 2 2 3 3 3 3 3 3 3 3 3 3 3 3 3 3 3 2 3 3 3 2 2 3 3 3 3 3 3 3 3 3 3 3 4 3 4 4
246,SIPP_2^4,"21,18,0","59,52,0",1,516.0017519999998,189,0.17975,8.05096,1.60875,3.21751,6 6 6 6 6 6 6 6 6 6 6 6 6 6 5 5 5 6 5 5 6 6 6 6 6 6 6 6 6 6 6 6 7
246,SIPP_2^5,"21,18,0","59,52,0",1,513.3179339999999,163,0.42211,5.93099,1.18437,2.36875,12 12 12 11 11 11 12 12 12 12 12 11 11 12 12 12 12 12 12 12 12 12 12 12 12 13 12
246,SIPP_BigCS,"21,18,14","59,52,8",1,510.0,200,1.58512,8.6902,1.6484,0.1239,100 100 100 100 100 100 176 255 124 255 100 100 100 100 100 100 100 152
246,SIPP_Standard,"21,18,14","59,52,8",1,554.0,1488,4.54633,12.9365,2.4533,0.2174,1 21 52 64 52 64 52
247,SIPP_2^2,"22,50,0","24,25,0",1,301.418387,164,0.04561,49.49747,10.99557,21.99115,0 0 0 0 3 0 0 0 0 -11.418 0 0 0 0 0 0 0 0 0 0 0 0 0 1 0 0 1 0 0 1
247,SIPP_2^3,"22,50,0","24,25,0",1,274.85281599999996,138,0.05893,27.78182,5.49779,10.99557,0 0 0 0 0 0 0 7 7 0 0 1 1 0 0 0 0 0 0 1 0 0 0 0 1
247,SIPP_2^4,"22,50,0","24,25,0",1,264.16408,117,0.14312,25.61414,5.10012,10.20025,0 0 0 0 15 0 15 0 0 0 0 0 1 0 1 0 1 0 1
247,SIPP_2^5,"22,50,0","24,25,0",1,259.73666199999997,70,0.25383,14.55309,2.89576,5.79151,0 0 31 31 1 0 1 0 1 0 0 0 1
247,SIPP_BigCS,"22,50,11","24,25,10",1,261.0,174,1.46448,12.24451,2.3729,0.3642,30 378 308 6 6 58
247,SIPP_Standard,"22,50,11","24,25,10",1,319.0,308,0.64701,11.57191,2.212,0.2677,68 49 108 50
248,SIPP_2^2,"50,43,0","38,38,0",1,170.0,82,0.01767,35.35534,7.85398,15.70796,3 3 3 3 3 3 3 0 3 3 3 3 0 0 0 3 0
248,SIPP_2^3,"50,43,0","38,38,0",1,140.71067999999997,44,0.01829,19.61218,3.92699,7.85398,6 6 6 6 7 6 7 7 7 6 6 7
248,SIPP_2^4,"50,43,0","38,38,0",1,131.8034,18,0.02246,9.33785,1.85459,3.70918,13 12 13 13 12 13 13
248,SIPP_2^5,"50,43,0","38,38,0",1,130.32759399999998,11,0.03906,0.71022,0.1419,0.28379,26 26 26 25 25
248,SIPP_BigCS,"50,43,6","38,38,10",1,130.0,5,0.11919,2.91107,0.5061,0.0613,205 205 205 309
248,SIPP_Standard,"50,43,6","38,38,10",1,175.0,29,0.07973,11.51907,2.2622,0.3989,99 85
249,SIPP_2^2,"63,18,0","14,58,0",0,-1,0,0.0,0.0,0.0,0.0,
249,SIPP_2^3,"63,18,0","14,58,0",0,-1,0,0.0,0.0,0.0,0.0,
249,SIPP_2^4,"63,18,0","14,58,0",0,-1,0,0.0,0.0,0.0,0.0,
249,SIPP_2^5,"63,18,0","14,58,0",0,-1,0,0.0,0.0,0.0,0.0,
249,SIPP_BigCS,"63,18,0","14,58,0",0,-1,0,0.0,0.0,0.0,0.0,
249,SIPP_Standard,"63,18,10","14,58,9",0,-1,0,2e-05,0.0,0.0,0.0,
250,SIPP_2^2,"63,7,0","5,42,0",0,-1,0,0.0,0.0,0.0,0.0,
250,SIPP_2^3,"63,7,0","5,42,0",0,-1,0,0.0,0.0,0.0,0.0,
250,SIPP_2^4,"63,7,0","5,42,0",0,-1,0,0.0,0.0,0.0,0.0,
250,SIPP_2^5,"63,7,0","5,42,0",0,-1,0,0.0,0.0,0.0,0.0,
250,SIPP_BigCS,"63,7,0","5,42,0",0,-1,0,0.0,0.0,0.0,0.0,
250,SIPP_Standard,"63,7,14","5,42,1",0,-1,0,1e-05,0.0,0.0,0.0,
