task_id,alg,start,goal,success,cost,steps,time_sec,curvature,heading_change,bending_energy,path
1,SIPP_2^2,"50,59,0","47,42,0",1,200.0,72,0.00862,42.42641,9.42478,18.84956,0 0 0 0 0 0 0 0 0 0 0 0 0 0 3 0 3 0 3 0
1,SIPP_2^3,"50,59,0","47,42,0",1,182.42640799999998,53,0.01189,19.45842,3.92699,7.85398,0 0 0 0 0 0 0 0 0 0 7 0 0 7 0 0 7
1,SIPP_2^4,"50,59,0","47,42,0",1,177.08204,38,0.02356,11.62852,2.31824,4.63648,0 0 0 0 0 0 0 0 15 0 0 15 0 15
1,SIPP_2^5,"50,59,0","47,42,0",1,174.868331,29,0.04612,8.05749,1.60875,3.21751,0 0 0 0 31 0 31 0 0 0 31
1,SIPP_BigCS,"50,59,3","47,42,6",1,176.0,62,0.20077,4.98431,0.9705,0.095,362 6 6 6 82
1,SIPP_Standard,"50,59,3","47,42,6",1,325.0,592,0.54016,18.25009,3.5202,0.578,43 85 22 53
2,SIPP_2^2,"16,47,0","11,13,0",1,390.0,256,0.03232,56.56854,12.56637,25.13274,0 0 0 0 0 0 0 0 0 0 0 0 0 0 0 0 0 0 0 0 0 0 0 0 0 0 0 0 3 3 0 3 0 0 0 3 0 3 0
2,SIPP_2^3,"16,47,0","11,13,0",1,360.71067999999997,190,0.04357,19.79698,3.92699,7.85398,0 0 0 0 0 0 0 0 0 0 0 0 0 0 0 0 0 0 0 7 7 7 0 7 0 0 0 0 0 0 0 0 0 7
2,SIPP_2^4,"16,47,0","11,13,0",1,351.8034,146,0.09213,6.96744,1.39094,2.78189,0 0 0 0 0 0 0 0 0 0 0 0 0 0 0 0 0 0 0 0 0 0 15 15 15 15 0 0 15
2,SIPP_2^5,"16,47,0","11,13,0",1,348.1138849999999,114,0.18332,8.06155,1.60875,3.21751,0 0 0 0 0 0 0 0 0 0 0 0 0 0 0 0 31 31 0 31 31 0 0 31
2,SIPP_BigCS,"16,47,4","11,13,13",1,350.0,374,1.06459,7.55996,1.483,0.1764,306 2 2 30 306
2,SIPP_Standard,"16,47,4","11,13,13",1,402.0,843,0.87374,19.66966,3.7897,0.5448,106 49 108 54 74
3,SIPP_2^2,"30,63,0","18,1,0",0,-1,0,0.0,0.0,0.0,0.0,
3,SIPP_2^3,"30,63,0","18,1,0",0,-1,0,0.0,0.0,0.0,0.0,
3,SIPP_2^4,"30,63,0","18,1,0",0,-1,0,0.0,0.0,0.0,0.0,
3,SIPP_2^5,"30,63,0","18,1,0",0,-1,0,0.0,0.0,0.0,0.0,
3,SIPP_BigCS,"30,63,0","18,1,0",0,-1,0,0.0,0.0,0.0,0.0,
3,SIPP_Standard,"30,63,3","18,1,13",0,-1,0,0.00017,0.0,0.0,0.0,
4,SIPP_2^2,"48,19,0","17,27,0",1,390.0,363,0.04455,35.35534,7.85398,15.70796,3 3 3 3 3 3 3 3 3 3 3 3 3 3 3 3 3 3 3 3 3 3 3 3 3 3 3 3 2 2 2 3 2 2 2 2 3 3 2
4,SIPP_2^3,"48,19,0","17,27,0",1,343.13708799999995,234,0.05337,43.82672,8.63938,17.27876,6 6 6 6 6 6 6 6 5 6 6 6 5 5 6 6 5 5 6 6 5 6 6 6 6 5 6 6 6 6 5
4,SIPP_2^4,"48,19,0","17,27,0",1,328.88544,151,0.09507,6.96458,1.39094,2.78189,12 12 12 12 12 12 12 12 12 12 12 12 12 11 11 11 11 11 11 11 12 12 11
4,SIPP_2^5,"48,19,0","17,27,0",1,322.98221599999994,82,0.15028,9.68649,1.9305,3.86101,23 24 24 24 24 23 24 24 23 23 23 23 23 24 23
4,SIPP_BigCS,"48,19,1","17,27,11",1,326.0,320,0.89678,7.82732,1.4752,0.1625,203 203 307 3 83 307
4,SIPP_Standard,"48,19,1","17,27,11",1,330.0,44,0.05275,12.76904,2.4724,0.2651,47 7 91 7
5,SIPP_2^2,"22,55,0","12,0,0",0,-1,0,0.0,0.0,0.0,0.0,
5,SIPP_2^3,"22,55,0","12,0,0",0,-1,0,0.0,0.0,0.0,0.0,
5,SIPP_2^4,"22,55,0","12,0,0",0,-1,0,0.0,0.0,0.0,0.0,
5,SIPP_2^5,"22,55,0","12,0,0",0,-1,0,0.0,0.0,0.0,0.0,
5,SIPP_BigCS,"22,55,0","12,0,0",0,-1,0,0.0,0.0,0.0,0.0,
5,SIPP_Standard,"22,55,13","12,0,0",0,-1,55136,41.59313,0.0,0.0,0.0,
6,SIPP_2^2,"6,37,0","58,6,0",1,830.0,2209,0.25939,212.13203,47.12389,94.24778,1 1 1 1 1 1 1 1 1 1 1 1 1 1 1 1 1 1 1 1 1 1 1 1 1 0 0 1 1 0 0 0 0 1 0 1 1 0 0 0 1 0 0 0 0 0 0 1 0 1 1 1 1 1 0 1 1 1 1 0 0 0 0 0 1 0 1 1 1 0 0 1 0 1 1 0 1 0 1 0 1 0 1
6,SIPP_2^3,"6,37,0","58,6,0",1,648.4062159999999,875,0.20195,27.24316,5.49779,10.99558,1 1 1 1 1 1 1 1 1 1 1 1 1 1 1 1 1 1 1 1 1 1 1 1 1 1 1 1 2 2 2 2 1 2 2 1 2 2 1 2 2 2 2 2 2 2 2 2 2 2 2 2
6,SIPP_2^4,"6,37,0","58,6,0",1,610.99564,287,0.18186,16.10432,3.21751,6.43501,3 3 3 3 3 3 3 3 3 2 2 3 2 3 3 2 3 3 3 2 2 2 2 2 3 3 3 3 2 3 3
6,SIPP_2^5,"6,37,0","58,6,0",1,606.52261,145,0.23548,1.86651,0.37307,0.74613,5 5 5 5 5 5 5 5 6 5 5 6 6 6 6 6 6 6 6 6 6
6,SIPP_BigCS,"6,37,9","58,6,8",1,602.0,25,0.10544,7.37962,0.9742,0.0546,201 201 201 201 201 201 201 201 201 201 201 201 201 201 201 201 217 101 153 217
6,SIPP_Standard,"6,37,9","58,6,8",1,611.0,171,0.16425,8.31203,0.9731,0.0932,76 57 57 57 57 57 65
7,SIPP_2^2,"59,41,0","30,35,0",1,350.0,256,0.03124,63.63961,14.13717,28.27433,3 3 3 3 3 3 3 3 3 3 3 3 3 3 3 3 3 3 3 3 3 3 3 3 0 0 3 3 0 3 0 3 0 3 0
7,SIPP_2^3,"59,41,0","30,35,0",1,314.85281599999996,177,0.04008,19.76243,3.92699,7.85398,6 6 6 6 6 6 6 6 6 6 6 6 6 6 6 6 6 6 6 6 6 7 7 6 7 7 7 6 7
7,SIPP_2^4,"59,41,0","30,35,0",1,304.16408,125,0.07819,11.57478,2.31824,4.63648,12 12 12 12 12 12 12 12 12 12 12 12 12 12 13 12 13 13 13 13 12 12 13
7,SIPP_2^5,"59,41,0","30,35,0",1,299.7366619999999,84,0.18979,8.03476,1.60875,3.21751,24 24 24 24 24 24 24 25 24 24 24 25 25 25 25 24 25
7,SIPP_BigCS,"59,41,9","30,35,4",1,302.0,276,0.76272,10.84552,2.1034,0.233,309 7 43 309 43
7,SIPP_Standard,"59,41,9","30,35,4",1,324.0,184,0.18957,13.15832,2.5485,0.3027,47 23 50 93
8,SIPP_2^2,"0,30,0","63,63,0",0,-1,0,0.0,0.0,0.0,0.0,
8,SIPP_2^3,"0,30,0","63,63,0",0,-1,0,0.0,0.0,0.0,0.0,
8,SIPP_2^4,"0,30,0","63,63,0",0,-1,0,0.0,0.0,0.0,0.0,
8,SIPP_2^5,"0,30,0","63,63,0",0,-1,0,0.0,0.0,0.0,0.0,
8,SIPP_BigCS,"0,30,0","63,63,0",0,-1,0,0.0,0.0,0.0,0.0,
8,SIPP_Standard,"0,30,0","63,63,2",0,-1,0,0.0001,0.0,0.0,0.0,
9,SIPP_2^2,"60,58,0","55,61,0",1,80.0,19,0.00228,35.35534,7.85398,15.70796,3 3 3 2 3 2 3 2
9,SIPP_2^3,"60,58,0","55,61,0",1,62.426408,9,0.00203,7.86564,1.5708,3.14159,5 5 6 6 5
9,SIPP_2^4,"60,58,0","55,61,0",1,58.863496,5,0.00315,1.6059,0.32175,0.6435,10 11 11
9,SIPP_2^5,"60,58,0","55,61,0",1,58.41619299999999,3,0.00474,0.62191,0.12435,0.24871,22 21
9,SIPP_BigCS,"60,58,3","55,61,1",1,61.0,8,0.04847,3.92094,0.7823,0.2502,103 103 171
9,SIPP_Standard,"60,58,3","55,61,1",1,496.0,1087,0.93228,27.71724,5.3132,0.8459,18 108 34 83 8 52
10,SIPP_2^2,"15,50,0","9,43,0",1,130.0,55,0.00639,49.49747,10.99557,21.99115,3 3 3 0 3 0 0 0 3 0 0 3 0
10,SIPP_2^3,"15,50,0","9,43,0",1,94.85281599999999,12,0.0027,8.0194,1.5708,3.14159,7 7 7 7 0 7 7
10,SIPP_2^4,"15,50,0","9,43,0",1,93.07136,11,0.00684,3.229,0.6435,1.287,14 14 14 15 14 14
10,SIPP_2^5,"15,50,0","9,43,0",1,92.624057,9,0.01476,1.9758,0.39479,0.78958,28 28 28 29 28
10,SIPP_BigCS,"15,50,7","9,43,8",1,92.0,3,0.05,1.74352,0.3314,0.0258,102 102 154
10,SIPP_Standard,"15,50,7","9,43,8",1,414.0,1037,0.82202,24.67346,4.7763,0.7718,9 33 74 109 39
11,SIPP_2^2,"31,29,0","53,8,0",1,430.0,644,0.07376,120.20815,26.70354,53.40708,0 0 0 0 0 1 1 0 0 0 1 1 1 0 1 1 0 0 0 0 0 0 0 1 1 1 0 1 0 1 1 1 1 1 0 1 1 1 1 0 1 0 1
11,SIPP_2^3,"31,29,0","53,8,0",1,306.98485599999987,42,0.00931,8.0151,1.5708,3.14159,1 1 1 1 1 1 1 1 1 1 1 1 1 1 1 1 1 1 2 1 1 1
11,SIPP_2^4,"31,29,0","53,8,0",1,305.2033999999999,41,0.02518,3.22874,0.6435,1.287,2 2 2 2 2 2 2 2 2 2 2 2 2 2 2 2 2 3 2 2 2
11,SIPP_2^5,"31,29,0","53,8,0",1,304.7560969999999,39,0.06185,1.97443,0.39479,0.78958,4 4 4 4 4 4 4 4 4 4 4 4 4 4 4 4 5 4 4 4
11,SIPP_BigCS,"31,29,11","53,8,15",1,302.0,18,0.08674,1.74352,0.3314,0.0258,101 101 101 101 101 101 101 101 101 101 101 101 101 101 101 101 101 153
11,SIPP_Standard,"31,29,11","53,8,15",1,310.0,36,0.04609,8.40464,1.6163,0.1338,53 65 49 76
12,SIPP_2^2,"59,49,0","0,1,0",0,-1,0,0.0,0.0,0.0,0.0,
12,SIPP_2^3,"59,49,0","0,1,0",0,-1,0,0.0,0.0,0.0,0.0,
12,SIPP_2^4,"59,49,0","0,1,0",0,-1,0,0.0,0.0,0.0,0.0,
12,SIPP_2^5,"59,49,0","0,1,0",0,-1,0,0.0,0.0,0.0,0.0,
12,SIPP_BigCS,"59,49,0","0,1,0",0,-1,0,0.0,0.0,0.0,0.0,
12,SIPP_Standard,"59,49,0","0,1,13",0,-1,55136,41.73171,0.0,0.0,0.0,
13,SIPP_2^2,"56,47,0","12,28,0",1,630.0,1200,0.14026,91.92388,20.42035,40.8407,3 3 3 3 3 3 3 3 3 3 3 3 3 3 3 3 3 3 3 3 3 3 3 3 3 3 3 3 3 3 3 3 3 3 3 3 0 0 0 0 0 0 0 0 0 3 0 0 0 3 0 3 3 0 0 3 0 3 0 0 3 3 0
13,SIPP_2^3,"56,47,0","12,28,0",1,518.7005839999999,606,0.13782,27.88829,5.49779,10.99557,6 6 6 6 6 6 6 6 6 6 6 6 6 6 6 6 6 6 6 6 7 7 7 7 7 7 6 7 7 7 7 7 7 7 7 7 7 7 6 6 6 7 6 7
13,SIPP_2^4,"56,47,0","12,28,0",1,484.85292,185,0.11665,18.5595,3.70918,7.41836,13 13 13 13 13 13 13 13 13 13 13 13 12 12 12 13 13 13 13 12 13 12 13 12 13
13,SIPP_2^5,"56,47,0","12,28,0",1,480.42550199999994,107,0.17335,2.13038,0.42569,0.85138,26 26 26 26 26 26 26 26 26 25 25 25 25 25 26 26 26 26 25
13,SIPP_BigCS,"56,47,14","12,28,15",1,478.0,46,0.1605,7.19371,0.9769,0.1151,205 205 205 205 205 205 205 205 205 205 205 205 205 205 205 205 309 59
13,SIPP_Standard,"56,47,14","12,28,15",1,492.0,204,0.19925,16.09852,2.9315,0.357,23 50 61 93 23 50
14,SIPP_2^2,"49,32,0","33,30,0",1,180.0,45,0.00538,28.28427,6.28319,12.56637,3 3 3 3 3 3 3 3 3 3 3 3 3 3 0 3 0 3
14,SIPP_2^3,"49,32,0","33,30,0",1,168.284272,35,0.00776,11.59279,2.35619,4.71239,6 6 6 6 6 6 6 6 6 7 6 6 6 6 6 7
14,SIPP_2^4,"49,32,0","33,30,0",1,164.72136,27,0.01672,6.94722,1.39094,2.78189,12 12 12 12 12 12 12 12 12 12 13 12 12 13
14,SIPP_2^5,"49,32,0","33,30,0",1,163.24555399999997,23,0.03652,4.82449,0.96525,1.9305,24 24 24 24 24 24 25 24 24 24 24 25
14,SIPP_BigCS,"49,32,2","33,30,10",1,164.0,43,0.20304,4.98532,0.9783,0.1089,365 7 7 7 59
14,SIPP_Standard,"49,32,2","33,30,10",1,166.0,3,0.0258,4.17478,0.8457,0.1277,3 23
15,SIPP_2^2,"33,34,0","49,43,0",1,250.0,197,0.0224,42.42641,9.42478,18.84956,1 1 1 1 1 1 1 1 1 1 1 1 1 2 2 2 2 1 2 2 2 1 2 2 1
15,SIPP_2^3,"33,34,0","49,43,0",1,197.27922399999994,84,0.01849,19.69537,3.92699,7.85398,2 2 2 2 3 2 3 3 3 3 3 3 3 2 2 3
15,SIPP_2^4,"33,34,0","49,43,0",1,184.80903199999997,23,0.01418,1.61388,0.32175,0.6435,5 5 5 5 5 5 5 6 6
15,SIPP_2^5,"33,34,0","49,43,0",1,183.914426,17,0.02662,0.62169,0.12436,0.24871,10 10 10 10 10 11 11
15,SIPP_BigCS,"33,34,12","49,43,13",1,183.0,8,0.06163,4.13479,0.6405,0.1703,207 207 207 207 207 207 207 327
15,SIPP_Standard,"33,34,12","49,43,13",1,254.0,143,0.14335,15.51351,3.0465,0.4925,45 25 96
16,SIPP_2^2,"42,17,0","17,11,0",1,310.0,216,0.02632,63.63961,14.13717,28.27433,3 3 3 3 3 3 3 3 3 3 3 3 3 0 3 3 0 3 3 3 3 3 3 3 0 3 0 0 3 3 0
16,SIPP_2^3,"42,17,0","17,11,0",1,274.85281599999996,145,0.0329,27.71317,5.49779,10.99557,6 6 6 6 6 6 6 6 6 6 6 6 6 6 6 6 7 7 6 7 6 7 7 6 7
16,SIPP_2^4,"42,17,0","17,11,0",1,264.16408,96,0.06027,20.94423,4.17283,8.34566,12 12 13 12 13 12 12 13 12 12 12 12 13 13 12 12 12 12 13
16,SIPP_2^5,"42,17,0","17,11,0",1,259.73666199999997,59,0.09544,6.437,1.287,2.574,25 25 25 25 24 25 24 24 24 24 24 24 25
16,SIPP_BigCS,"42,17,5","17,11,6",1,262.0,182,0.53372,7.7217,1.4766,0.1563,205 365 7 7 7 87 309
16,SIPP_Standard,"42,17,5","17,11,6",1,319.0,415,0.39218,11.5382,2.212,0.2677,66 50 109 55
17,SIPP_2^2,"9,38,0","3,61,0",1,290.0,197,0.0232,35.35534,7.85398,15.70796,2 2 2 2 2 2 2 2 2 2 2 2 2 2 2 2 2 2 2 2 2 3 3 3 3 2 3 2 3
17,SIPP_2^3,"9,38,0","3,61,0",1,254.85281599999996,129,0.02887,27.68214,5.49779,10.99557,4 4 4 4 5 4 5 5 5 4 4 4 4 4 4 4 4 4 4 4 5 4 5
17,SIPP_2^4,"9,38,0","3,61,0",1,244.16407999999998,91,0.05618,2.31131,0.46365,0.9273,9 9 9 9 9 9 8 8 8 8 8 8 8 8 8 8 8
17,SIPP_2^5,"9,38,0","3,61,0",1,239.73666199999997,45,0.07183,6.43294,1.287,2.574,17 16 16 16 16 17 17 17 17 16 17
17,SIPP_BigCS,"9,38,7","3,61,4",1,242.0,139,0.384,5.55311,0.9783,0.1089,206 206 206 206 366 4 4 56
17,SIPP_Standard,"9,38,7","3,61,4",1,247.0,23,0.03272,11.13054,2.1756,0.2766,20 39 16
18,SIPP_2^2,"14,9,0","45,19,0",1,410.0,446,0.0539,91.92388,20.42035,40.8407,1 1 1 1 1 1 1 1 1 1 1 1 1 2 1 1 1 1 1 2 1 1 1 1 1 2 1 2 2 2 2 1 1 2 1 2 1 1 1 1 2
18,SIPP_2^3,"14,9,0","45,19,0",1,351.42135999999994,265,0.06044,59.82431,11.78097,23.56194,2 2 2 2 2 2 2 3 2 2 3 2 3 3 2 2 2 3 2 2 2 3 2 3 3 2 2 3 2 2 3
18,SIPP_2^4,"14,9,0","45,19,0",1,333.60679999999996,148,0.09297,16.36429,3.24553,6.49107,5 5 5 5 5 5 5 4 4 5 4 4 4 4 5 4 5 4 4 4 4
18,SIPP_2^5,"14,9,0","45,19,0",1,326.2277699999999,28,0.04589,3.22997,0.6435,1.287,9 9 9 9 9 9 9 9 9 8 9
18,SIPP_BigCS,"14,9,10","45,19,2",1,330.0,222,0.63414,8.27981,1.4766,0.1563,207 207 207 207 207 367 5 85 311
18,SIPP_Standard,"14,9,10","45,19,2",1,336.0,57,0.06586,11.86044,2.1756,0.2766,21 36 17 63
19,SIPP_2^2,"56,0,0","18,2,0",0,-1,0,0.0,0.0,0.0,0.0,
19,SIPP_2^3,"56,0,0","18,2,0",0,-1,0,0.0,0.0,0.0,0.0,
19,SIPP_2^4,"56,0,0","18,2,0",0,-1,0,0.0,0.0,0.0,0.0,
19,SIPP_2^5,"56,0,0","18,2,0",0,-1,0,0.0,0.0,0.0,0.0,
19,SIPP_BigCS,"56,0,0","18,2,0",0,-1,0,0.0,0.0,0.0,0.0,
19,SIPP_Standard,"56,0,0","18,2,15",0,-1,0,8e-05,0.0,0.0,0.0,
20,SIPP_2^2,"42,11,0","59,0,0",0,-1,0,0.0,0.0,0.0,0.0,
20,SIPP_2^3,"42,11,0","59,0,0",0,-1,0,0.0,0.0,0.0,0.0,
20,SIPP_2^4,"42,11,0","59,0,0",0,-1,0,0.0,0.0,0.0,0.0,
20,SIPP_2^5,"42,11,0","59,0,0",0,-1,0,0.0,0.0,0.0,0.0,
20,SIPP_BigCS,"42,11,0","59,0,0",0,-1,0,0.0,0.0,0.0,0.0,
20,SIPP_Standard,"42,11,4","59,0,6",0,-1,55136,41.34672,0.0,0.0,0.0,
21,SIPP_2^2,"50,63,0","45,41,0",0,-1,0,0.0,0.0,0.0,0.0,
21,SIPP_2^3,"50,63,0","45,41,0",0,-1,0,0.0,0.0,0.0,0.0,
21,SIPP_2^4,"50,63,0","45,41,0",0,-1,0,0.0,0.0,0.0,0.0,
21,SIPP_2^5,"50,63,0","45,41,0",0,-1,0,0.0,0.0,0.0,0.0,
21,SIPP_BigCS,"50,63,0","45,41,0",0,-1,0,0.0,0.0,0.0,0.0,
21,SIPP_Standard,"50,63,12","45,41,9",0,-1,0,0.00022,0.0,0.0,0.0,
22,SIPP_2^2,"14,10,0","40,29,0",1,450.0,689,0.07883,113.13708,25.13274,50.26548,1 1 1 1 1 1 1 1 1 1 1 1 1 1 2 2 2 2 2 1 2 2 2 1 1 2 2 2 1 1 2 1 2 1 1 2 2 1 1 2 1 2 2 2 1
22,SIPP_2^3,"14,10,0","40,29,0",1,338.7005839999999,193,0.04277,8.0151,1.5708,3.14159,3 3 3 3 3 3 3 3 3 3 3 3 3 3 3 3 3 3 2 2 2 2 2 2 2 3
22,SIPP_2^4,"14,10,0","40,29,0",1,326.23039199999994,115,0.07077,4.8286,0.96525,1.9305,5 5 5 5 5 6 6 5 5 6 6 6 6 6 6 6 6 6 6
22,SIPP_2^5,"14,10,0","40,29,0",1,323.09927099999993,56,0.08844,4.93989,0.98698,1.97396,11 11 11 11 11 12 11 12 11 12 12 12
22,SIPP_BigCS,"14,10,15","40,29,3",1,322.0,19,0.08958,6.87553,1.2958,0.0749,176 223 100 124 223
22,SIPP_Standard,"14,10,15","40,29,3",1,326.0,26,0.0378,5.51354,0.9733,0.0991,28 48 63 79
23,SIPP_2^2,"33,52,0","46,0,0",0,-1,0,0.0,0.0,0.0,0.0,
23,SIPP_2^3,"33,52,0","46,0,0",0,-1,0,0.0,0.0,0.0,0.0,
23,SIPP_2^4,"33,52,0","46,0,0",0,-1,0,0.0,0.0,0.0,0.0,
23,SIPP_2^5,"33,52,0","46,0,0",0,-1,0,0.0,0.0,0.0,0.0,
23,SIPP_BigCS,"33,52,0","46,0,0",0,-1,0,0.0,0.0,0.0,0.0,
23,SIPP_Standard,"33,52,14","46,0,15",0,-1,55136,41.39707,0.0,0.0,0.0,
24,SIPP_2^2,"48,29,0","1,24,0",1,520.0,367,0.0476,49.49747,10.99557,21.99115,3 3 3 3 3 3 3 3 3 3 3 3 3 3 3 3 3 3 3 3 3 3 3 3 3 3 3 3 3 3 3 3 3 3 3 3 3 3 3 3 0 3 3 3 0 3 3 0 0 3 3 0
24,SIPP_2^3,"48,29,0","1,24,0",1,490.71067999999997,288,0.06601,19.61218,3.92699,7.85398,6 6 6 6 6 6 6 6 6 6 6 6 6 6 6 6 6 6 6 6 6 6 6 6 6 6 6 6 6 6 6 6 6 6 6 6 6 6 7 6 6 6 7 7 7 6 7
24,SIPP_2^4,"48,29,0","1,24,0",1,481.8034,234,0.14696,11.64873,2.31824,4.63648,12 12 12 12 12 12 12 12 12 12 12 12 12 12 12 12 12 12 12 12 12 12 12 12 12 12 12 12 12 12 12 12 12 12 13 13 12 13 13 12 12 13
24,SIPP_2^5,"48,29,0","1,24,0",1,478.1138849999999,194,0.31278,11.28422,2.25225,4.50451,24 24 24 24 24 24 24 24 24 24 24 24 24 25 24 24 25 24 24 25 25 24 24 24 24 24 24 24 24 24 24 24 24 24 24 24 25
24,SIPP_BigCS,"48,29,8","1,24,0",1,480.0,733,2.01526,10.04093,1.9552,0.224,7 7 7 7 7 7 3 59 365 3 59 309
24,SIPP_Standard,"48,29,8","1,24,0",1,485.0,68,0.07455,8.2752,1.63,0.2214,3 3 3 3 23 38
25,SIPP_2^2,"22,47,0","40,50,0",1,210.0,77,0.00904,42.42641,9.42478,18.84956,1 1 1 1 1 1 1 1 1 1 1 1 1 1 2 1 1 2 1 2 1
25,SIPP_2^3,"22,47,0","40,50,0",1,192.42640799999998,57,0.01264,11.69247,2.35619,4.71239,2 2 2 2 2 2 2 2 2 2 2 2 2 3 3 2 2 3
25,SIPP_2^4,"22,47,0","40,50,0",1,187.08204,41,0.0251,6.94722,1.39094,2.78189,4 4 4 4 4 4 5 4 4 4 4 4 4 5 5
25,SIPP_2^5,"22,47,0","40,50,0",1,184.868331,32,0.05017,4.82449,0.96525,1.9305,8 8 8 8 8 8 9 8 8 8 9 9
25,SIPP_BigCS,"22,47,15","40,50,12",1,186.0,69,0.2229,5.39772,1.0517,0.1165,5 5 5 5 41 311
25,SIPP_Standard,"22,47,15","40,50,12",1,233.0,110,0.11419,9.87444,1.8906,0.2533,53 105 52
26,SIPP_2^2,"18,0,0","48,42,0",0,-1,0,0.0,0.0,0.0,0.0,
26,SIPP_2^3,"18,0,0","48,42,0",0,-1,0,0.0,0.0,0.0,0.0,
26,SIPP_2^4,"18,0,0","48,42,0",0,-1,0,0.0,0.0,0.0,0.0,
26,SIPP_2^5,"18,0,0","48,42,0",0,-1,0,0.0,0.0,0.0,0.0,
26,SIPP_BigCS,"18,0,0","48,42,0",0,-1,0,0.0,0.0,0.0,0.0,
26,SIPP_Standard,"18,0,8","48,42,9",0,-1,0,0.00019,0.0,0.0,0.0,
27,SIPP_2^2,"2,52,0","39,40,0",1,490.0,619,0.07464,127.27922,28.27433,56.54867,1 1 1 1 1 1 1 1 1 1 1 1 1 0 1 1 1 1 1 1 1 1 1 0 0 1 0 0 1 0 1 1 1 0 1 1 0 0 1 1 0 1 1 1 1 0 1 0 1
27,SIPP_2^3,"2,52,0","39,40,0",1,419.7056319999999,382,0.08675,83.797,16.49336,32.98672,2 2 2 1 2 1 2 2 2 2 2 2 2 1 2 2 1 2 1 1 2 1 2 1 2 2 2 2 2 1 2 1 2 1 2 2 1
27,SIPP_2^4,"2,52,0","39,40,0",1,398.32815999999997,217,0.13548,11.57723,2.31824,4.63648,3 3 3 3 3 3 3 3 3 3 4 4 3 4 3 4 4 4 4 4 4 4 4 4 4
27,SIPP_2^5,"2,52,0","39,40,0",1,389.4733239999999,34,0.05463,3.23491,0.6435,1.287,7 7 7 7 7 7 7 7 8 7 7 7 7
27,SIPP_BigCS,"2,52,15","39,40,10",1,394.0,366,1.00524,11.14841,2.0208,0.2177,81 201 201 201 201 201 305 13 305
27,SIPP_Standard,"2,52,15","39,40,10",1,404.0,149,0.14607,13.15833,2.5485,0.3027,45 1 9 53 89
28,SIPP_2^2,"22,2,0","7,12,0",1,250.0,183,0.02091,77.78175,17.27876,34.55752,3 3 3 3 3 3 3 2 2 2 3 3 2 2 3 3 2 3 2 3 2 2 3 3 2
28,SIPP_2^3,"22,2,0","7,12,0",1,191.42135999999996,69,0.01544,15.63159,3.14159,6.28319,5 6 6 6 5 6 6 5 5 5 5 5 5 5 5
28,SIPP_2^4,"22,2,0","7,12,0",1,182.51407999999998,37,0.02284,8.05979,1.60875,3.21751,11 11 11 10 11 10 10 11 10 10
28,SIPP_2^5,"22,2,0","7,12,0",1,180.27756499999998,5,0.00779,0.0,0.0,0.0,21 21 21 21 21
28,SIPP_BigCS,"22,2,4","7,12,8",1,180.0,7,0.0477,3.54589,0.643,0.0347,203 219 183
28,SIPP_Standard,"22,2,4","7,12,8",1,335.0,535,0.40011,17.00155,3.2716,0.465,88 24 107 50
29,SIPP_2^2,"16,42,0","57,63,0",0,-1,0,0.0,0.0,0.0,0.0,
29,SIPP_2^3,"16,42,0","57,63,0",0,-1,0,0.0,0.0,0.0,0.0,
29,SIPP_2^4,"16,42,0","57,63,0",0,-1,0,0.0,0.0,0.0,0.0,
29,SIPP_2^5,"16,42,0","57,63,0",0,-1,0,0.0,0.0,0.0,0.0,
29,SIPP_BigCS,"16,42,0","57,63,0",0,-1,0,0.0,0.0,0.0,0.0,
29,SIPP_Standard,"16,42,14","57,63,12",0,-1,55136,41.31747,0.0,0.0,0.0,
30,SIPP_2^2,"55,45,0","31,62,0",1,410.0,568,0.12051,91.92388,20.42035,40.8407,3 3 3 3 3 3 3 2 3 3 3 2 2 3 2 2 2 3 2 2 3 3 2 2 2 2 2 3 3 3 3 3 3 3 2 2 2 3 3 3 2
30,SIPP_2^3,"55,45,0","31,62,0",1,310.4163119999999,170,0.07052,15.52103,3.14159,6.28319,5 5 5 5 5 5 5 5 5 5 5 5 5 5 6 5 5 6 6 6 6 6 6 5
30,SIPP_2^4,"55,45,0","31,62,0",1,297.94611999999995,95,0.10993,9.66607,1.9305,3.86101,10 11 11 11 11 11 10 10 11 10 10 11 10 10 10 10 10
30,SIPP_2^5,"55,45,0","31,62,0",1,294.81499899999994,38,0.11279,2.96354,0.59219,1.18437,21 21 21 21 21 21 20 21 20 20
30,SIPP_BigCS,"55,45,12","31,62,15",1,294.0,11,0.12834,5.42625,0.9742,0.0546,203 203 219 103 155 219
30,SIPP_Standard,"55,45,12","31,62,15",1,317.0,155,0.16551,13.43765,2.6033,0.3205,47 11 51 78
31,SIPP_2^2,"57,58,0","46,43,0",1,260.0,227,0.02589,49.49747,10.99557,21.99115,0 0 0 0 0 0 0 0 0 0 0 3 0 3 3 3 3 3 0 3 3 3 3 0 0 3
31,SIPP_2^3,"57,58,0","46,43,0",1,195.56349599999996,65,0.01425,23.78665,4.71239,9.42478,7 0 7 7 0 7 7 0 0 7 7 7 7 7 7
31,SIPP_2^4,"57,58,0","46,43,0",1,188.43767199999996,40,0.02439,6.43551,1.287,2.574,14 15 15 15 14 14 14 15 14 14 14
31,SIPP_2^5,"57,58,0","46,43,0",1,186.64845999999997,21,0.03285,2.96061,0.59219,1.18437,29 29 28 29 29 28 28
31,SIPP_BigCS,"57,58,14","46,43,2",1,186.0,16,0.07766,3.57979,0.6528,0.0402,202 218 102 154
31,SIPP_Standard,"57,58,14","46,43,2",1,248.0,129,0.1289,15.61374,3.0554,0.5655,33 74 101
32,SIPP_2^2,"0,41,0","20,38,0",0,-1,0,0.0,0.0,0.0,0.0,
32,SIPP_2^3,"0,41,0","20,38,0",0,-1,0,0.0,0.0,0.0,0.0,
32,SIPP_2^4,"0,41,0","20,38,0",0,-1,0,0.0,0.0,0.0,0.0,
32,SIPP_2^5,"0,41,0","20,38,0",0,-1,0,0.0,0.0,0.0,0.0,
32,SIPP_BigCS,"0,41,0","20,38,0",0,-1,0,0.0,0.0,0.0,0.0,
32,SIPP_Standard,"0,41,1","20,38,3",0,-1,0,8e-05,0.0,0.0,0.0,
33,SIPP_2^2,"7,49,0","13,53,0",1,100.0,31,0.00592,35.35534,7.85398,15.70796,1 2 2 1 2 1 1 1 1 2
33,SIPP_2^3,"7,49,0","13,53,0",1,76.568544,12,0.00481,7.76595,1.5708,3.14159,3 2 2 3 3 3
33,SIPP_2^4,"7,49,0","13,53,0",1,73.00563199999999,8,0.00911,3.22647,0.6435,1.287,5 6 6 5
33,SIPP_2^5,"7,49,0","13,53,0",1,72.111026,2,0.00586,0.0,0.0,0.0,11 11
33,SIPP_BigCS,"7,49,13","13,53,15",1,72.0,1,0.06533,1.70958,0.3216,0.0203,176
33,SIPP_Standard,"7,49,13","13,53,15",1,72.0,1,0.02133,1.70958,0.3216,0.0203,48
34,SIPP_2^2,"11,13,0","14,1,0",1,150.0,47,0.00542,35.35534,7.85398,15.70796,0 0 0 0 0 0 0 0 0 1 0 1 0 0 1
34,SIPP_2^3,"11,13,0","14,1,0",1,132.42640799999998,33,0.00719,19.45842,3.92699,7.85398,0 0 0 0 0 0 1 0 0 1 0 1
34,SIPP_2^4,"11,13,0","14,1,0",1,127.08203999999999,29,0.01757,2.34408,0.46365,0.9273,1 1 1 0 0 0 0 0 0
34,SIPP_2^5,"11,13,0","14,1,0",1,124.868331,14,0.02182,6.45567,1.287,2.574,1 0 0 1 0 1
34,SIPP_BigCS,"11,13,8","14,1,12",1,126.0,24,0.09472,4.96252,0.9769,0.1151,308 58
34,SIPP_Standard,"11,13,8","14,1,12",1,256.0,99,0.07654,18.48518,3.6003,0.6427,111 33 82
35,SIPP_2^2,"35,54,0","25,55,0",1,110.0,11,0.0014,7.07107,1.5708,3.14159,3 3 3 3 3 3 3 3 3 3 2
35,SIPP_2^3,"35,54,0","25,55,0",1,104.142136,10,0.00231,3.82683,0.7854,1.5708,6 6 6 6 6 6 6 6 6 5
35,SIPP_2^4,"35,54,0","25,55,0",1,102.36068,9,0.00562,2.29753,0.46365,0.9273,12 12 12 12 12 12 12 12 11
35,SIPP_2^5,"35,54,0","25,55,0",1,101.622777,8,0.01284,1.60182,0.32175,0.6435,24 24 24 24 24 24 24 23
35,SIPP_BigCS,"35,54,14","25,55,7",1,102.0,8,0.0638,2.74653,0.5456,0.0552,7 7 15
35,SIPP_Standard,"35,54,14","25,55,7",1,423.0,1240,1.07839,25.512,4.9456,0.784,100 74 109 39 12
36,SIPP_2^2,"22,5,0","8,28,0",1,370.0,448,0.05175,106.06602,23.56194,47.12389,2 2 3 3 3 3 3 2 2 2 2 2 3 2 2 2 3 2 2 2 2 3 2 2 2 3 3 2 2 3 3 2 2 2 3 2 3
36,SIPP_2^3,"22,5,0","8,28,0",1,287.9899039999999,171,0.03835,43.42704,8.63938,17.27876,4 4 5 4 5 4 4 5 5 5 5 5 5 5 4 5 4 5 5 4 4 5 5
36,SIPP_2^4,"22,5,0","8,28,0",1,271.9568,65,0.04027,6.44761,1.287,2.574,10 10 9 9 9 9 9 9 9 9 10 10 9 10
36,SIPP_2^5,"22,5,0","8,28,0",1,269.72028499999993,30,0.04778,3.11005,0.62177,1.24355,19 18 19 19 18 19 19 18 18
36,SIPP_BigCS,"22,5,10","8,28,5",1,268.0,11,0.06752,4.104,0.643,0.0347,206 206 206 206 206 222 179
36,SIPP_Standard,"22,5,10","8,28,5",1,324.0,381,0.35828,13.19853,2.533,0.2994,44 24 67 55
37,SIPP_2^2,"21,61,0","35,57,0",1,180.0,72,0.00842,49.49747,10.99557,21.99115,1 1 1 1 1 1 0 1 0 1 1 1 0 1 1 1 1 0
37,SIPP_2^3,"21,61,0","35,57,0",1,156.56854399999997,50,0.01124,27.40917,5.49779,10.99557,2 2 2 1 2 2 2 2 1 2 1 2 2 1
37,SIPP_2^4,"21,61,0","35,57,0",1,149.44272,31,0.01937,11.63538,2.31824,4.63648,4 4 4 3 4 3 3 4 4 3
37,SIPP_2^5,"21,61,0","35,57,0",1,146.491108,15,0.02368,3.23437,0.6435,1.287,7 7 7 8 8 7
37,SIPP_BigCS,"21,61,1","35,57,7",1,148.0,31,0.11182,5.10081,0.9769,0.1151,201 305 29
37,SIPP_Standard,"21,61,1","35,57,7",1,406.0,944,0.85729,20.35063,3.9219,0.6,54 106 41 71 44
38,SIPP_2^2,"41,46,0","25,26,0",1,360.0,442,0.05233,120.20815,26.70354,53.40708,3 3 3 3 0 0 0 3 0 3 3 0 0 3 0 0 0 0 0 0 3 3 0 3 3 0 3 3 0 0 0 3 0 0 3 0
38,SIPP_2^3,"41,46,0","25,26,0",1,266.2741759999999,102,0.02358,11.59153,2.35619,4.71239,7 7 7 7 7 7 7 7 7 7 7 7 7 7 0 0 7 7 0 0
38,SIPP_2^4,"41,46,0","25,26,0",1,259.14835199999993,70,0.04424,11.2829,2.25225,4.50451,14 14 14 14 14 14 15 14 14 14 15 14 15 14 14 15
38,SIPP_2^5,"41,46,0","25,26,0",1,257.35913999999997,48,0.0785,1.9778,0.39479,0.78958,28 28 28 28 28 28 28 29 29 29 29 28
38,SIPP_BigCS,"41,46,9","25,26,10",1,256.0,14,0.08007,5.29273,0.9842,0.066,102 102 102 154 218 154
38,SIPP_Standard,"41,46,9","25,26,10",1,329.0,476,0.46315,8.60321,1.6513,0.2263,2 6 82 3
39,SIPP_2^2,"30,15,0","12,52,0",1,550.0,950,0.11067,77.78175,17.27876,34.55752,2 2 2 2 2 2 2 2 2 2 2 2 2 2 2 2 2 2 2 2 2 2 2 2 2 2 2 2 2 2 2 3 3 3 3 3 3 3 3 3 3 2 3 3 2 3 3 3 2 3 2 2 3 2 3
39,SIPP_2^3,"30,15,0","12,52,0",1,444.5584479999999,440,0.09977,67.10186,13.35177,26.70354,4 4 5 4 4 5 4 4 4 4 5 5 5 4 5 5 5 5 4 5 4 4 4 5 5 5 4 4 5 5 4 4 4 5 5 4 5
39,SIPP_2^4,"30,15,0","12,52,0",1,412.49224,49,0.03062,4.6175,0.9273,1.85459,9 9 9 9 9 9 9 9 9 9 9 9 9 9 9 9 9 8 9
39,SIPP_2^5,"30,15,0","12,52,0",1,411.75433699999996,35,0.05568,0.70922,0.1419,0.28379,18 18 18 18 18 18 18 18 18 18 18 18 18 18 18 18 18 17
39,SIPP_BigCS,"30,15,0","12,52,2",1,411.0,50,0.17069,6.07086,0.8277,0.0816,179 198 206 206 206 206 206 206 206 206 310 4
39,SIPP_Standard,"30,15,0","12,52,2",1,418.0,50,0.06003,7.57611,1.1886,0.0899,16 62 62 70 51
40,SIPP_2^2,"8,4,0","35,39,0",1,620.0,1215,0.1436,141.42136,31.41593,62.83185,2 2 2 2 2 2 2 2 2 2 2 2 2 2 2 2 2 2 2 2 2 1 1 2 1 1 2 2 2 1 1 1 2 1 1 1 1 1 1 1 2 1 1 1 1 2 1 2 1 1 2 2 2 1 2 1 2 1 1 1 1 2
40,SIPP_2^3,"8,4,0","35,39,0",1,461.8376719999998,319,0.07332,39.12569,7.85398,15.70796,3 3 3 3 3 3 3 3 3 4 4 4 4 3 3 3 3 4 3 4 3 4 3 4 3 3 3 3 3 3 3 3 3 3 3
40,SIPP_2^4,"8,4,0","35,39,0",1,447.5860239999999,203,0.12846,16.10798,3.21751,6.43501,6 6 7 7 7 7 6 6 7 6 6 6 6 6 7 6 6 6 6 7 6 7 6 6 6 6 6
40,SIPP_2^5,"8,4,0","35,39,0",1,444.0075999999999,123,0.19891,2.96436,0.59219,1.18437,13 13 13 13 13 13 13 12 12 12 12 12 12 12 13 12 12 12 12
40,SIPP_BigCS,"8,4,11","35,39,0",1,442.0,46,0.16163,10.53503,1.969,0.1322,100 152 248 152 216 152 216
40,SIPP_Standard,"8,4,11","35,39,0",1,477.0,845,0.79664,14.23527,2.7307,0.286,48 79 72 71 44 0
41,SIPP_2^2,"21,32,0","7,18,0",1,280.0,267,0.03097,106.06602,23.56194,47.12389,3 3 3 0 0 3 0 0 0 3 3 3 3 0 0 3 0 0 3 0 3 0 3 0 0 3 3 0
41,SIPP_2^3,"21,32,0","7,18,0",1,197.98990399999994,14,0.00319,0.0,0.0,0.0,7 7 7 7 7 7 7 7 7 7 7 7 7 7
41,SIPP_2^4,"21,32,0","7,18,0",1,197.98990399999994,14,0.00867,0.0,0.0,0.0,14 14 14 14 14 14 14 14 14 14 14 14 14 14
41,SIPP_2^5,"21,32,0","7,18,0",1,197.98990399999994,14,0.02237,0.0,0.0,0.0,28 28 28 28 28 28 28 28 28 28 28 28 28 28
41,SIPP_BigCS,"21,32,14","7,18,10",1,196.0,14,0.07834,0.0,0.0,0.0,102 102 102 102 102 102 102 102 102 102 102 102 102 102
41,SIPP_Standard,"21,32,14","7,18,10",1,332.0,684,0.54993,17.87485,3.4741,0.5413,47 23 42 92
42,SIPP_2^2,"11,42,0","23,24,0",1,300.0,296,0.03326,77.78175,17.27876,34.55752,0 0 0 0 0 0 0 0 1 1 1 0 0 1 0 1 1 1 0 1 0 0 0 0 1 1 1 0 0 1
42,SIPP_2^3,"11,42,0","23,24,0",1,229.70563199999992,100,0.02183,19.54897,3.92699,7.85398,0 0 0 1 0 0 1 1 1 1 1 1 1 1 1 1 0 1
42,SIPP_2^4,"11,42,0","23,24,0",1,219.01689599999995,51,0.0306,1.60648,0.32175,0.6435,1 1 1 1 1 1 2 2 2 2 2 2
42,SIPP_2^5,"11,42,0","23,24,0",1,216.33307799999997,6,0.00934,0.0,0.0,0.0,3 3 3 3 3 3
42,SIPP_BigCS,"11,42,13","23,24,10",1,216.0,6,0.05502,3.85895,0.6528,0.0402,204 204 204 220 125
42,SIPP_Standard,"11,42,13","23,24,10",1,244.0,72,0.07847,12.35424,2.4143,0.3151,37 22 45
43,SIPP_2^2,"58,25,0","47,29,0",1,150.0,59,0.00699,35.35534,7.85398,15.70796,3 3 3 3 3 3 3 3 3 2 2 3 2 3 2
43,SIPP_2^3,"58,25,0","47,29,0",1,126.56854399999997,35,0.00793,11.77758,2.35619,4.71239,6 6 6 6 6 6 5 5 5 6 5
43,SIPP_2^4,"58,25,0","47,29,0",1,119.44272,21,0.01322,2.33496,0.46365,0.9273,11 11 11 11 12 12 12
43,SIPP_2^5,"58,25,0","47,29,0",1,117.229011,7,0.01146,1.41864,0.28379,0.56759,23 22 23 23
43,SIPP_BigCS,"58,25,10","47,29,7",1,118.0,8,0.06256,2.87528,0.5061,0.0613,203 203 307 7
43,SIPP_Standard,"58,25,10","47,29,7",1,414.0,1584,1.49928,24.69106,4.7763,0.7718,44 20 43 77 106
44,SIPP_2^2,"50,58,0","61,25,0",1,440.0,526,0.06405,28.28427,6.28319,12.56637,0 0 0 0 0 0 0 0 0 0 0 0 0 0 0 0 0 0 0 0 0 0 0 0 0 0 0 0 0 0 0 1 1 1 1 1 1 1 1 0 1 1 1 0
44,SIPP_2^3,"50,58,0","61,25,0",1,375.56349599999993,308,0.07274,27.7889,5.49779,10.99557,0 0 0 0 0 0 0 0 0 0 0 0 0 0 0 0 1 1 0 1 1 1 1 1 1 1 0 0 0 1 0 0 1
44,SIPP_2^4,"50,58,0","61,25,0",1,355.96747999999997,165,0.10544,11.6369,2.31824,4.63648,1 1 1 1 1 1 1 1 1 0 0 0 0 1 0 0 0 1 0 0 0 0
44,SIPP_2^5,"50,58,0","61,25,0",1,347.8505469999999,11,0.01777,0.0,0.0,0.0,1 1 1 1 1 1 1 1 1 1 1
44,SIPP_BigCS,"50,58,12","61,25,14",1,352.0,240,0.66872,8.83111,1.5578,0.1778,204 204 204 204 204 204 308 6 42 308
44,SIPP_Standard,"50,58,12","61,25,14",1,402.0,676,0.54559,10.16521,1.9516,0.2417,46 2 22 29 53
45,SIPP_2^2,"15,49,0","56,57,0",1,490.0,495,0.06381,106.06602,23.56194,47.12389,1 1 1 1 1 1 1 1 1 1 1 1 1 1 1 1 1 1 1 1 1 1 1 1 1 1 1 1 1 1 1 2 1 2 1 2 1 1 2 1 2 1 2 1 2 1 1 1 2
45,SIPP_2^3,"15,49,0","56,57,0",1,443.13708799999995,346,0.11061,43.89537,8.63938,17.27876,2 2 2 2 2 2 2 2 2 3 2 3 3 3 2 2 2 2 2 3 2 2 2 2 2 2 2 2 2 2 2 2 2 2 2 3 2 3 2 2 3
45,SIPP_2^4,"15,49,0","56,57,0",1,428.88544,246,0.15602,16.26205,3.24553,6.49107,4 5 5 5 5 4 5 4 4 4 4 4 4 4 4 4 4 4 4 4 5 5 4 4 4 4 4 4 4 4 4 4 5
45,SIPP_2^5,"15,49,0","56,57,0",1,422.9822159999999,170,0.27469,17.71641,3.53926,7.07851,8 8 8 8 8 8 8 8 8 8 8 8 9 8 9 8 9 9 9 8 9 8 9 8 9
45,SIPP_BigCS,"15,49,1","56,57,11",1,426.0,737,2.07368,12.77669,2.4613,0.2853,207 311 5 5 5 5 5 5 57 367 5 5 57 311
45,SIPP_Standard,"15,49,1","56,57,11",1,475.0,1382,1.21086,14.24924,2.7288,0.264,53 89 21 48 71 48
46,SIPP_2^2,"27,7,0","31,6,0",1,50.0,5,0.00066,14.14214,3.14159,6.28319,1 1 1 0 1
46,SIPP_2^3,"27,7,0","31,6,0",1,44.142136,4,0.00093,3.82683,0.7854,1.5708,2 2 2 1
46,SIPP_2^4,"27,7,0","31,6,0",1,42.36068,3,0.00189,2.29753,0.46365,0.9273,4 4 3
46,SIPP_2^5,"27,7,0","31,6,0",1,41.622777,2,0.00322,1.60182,0.32175,0.6435,8 7
46,SIPP_BigCS,"27,7,2","31,6,5",1,43.0,4,0.05141,3.85319,0.7822,0.2486,5 65
46,SIPP_Standard,"27,7,2","31,6,5",1,425.0,735,0.64358,27.19369,5.2516,0.8689,15 110 32 81 6
47,SIPP_2^2,"57,57,0","39,34,0",1,410.0,567,0.06507,162.63456,36.12832,72.25663,0 0 0 0 0 0 0 3 0 3 0 0 3 3 3 3 3 0 3 0 0 0 3 3 0 3 0 3 3 0 3 0 0 3 0 3 0 3 0 0 3
47,SIPP_2^3,"57,57,0","39,34,0",1,304.5584479999999,133,0.02964,31.33608,6.28319,12.56637,7 7 7 7 7 7 7 7 7 7 7 7 7 0 7 7 0 7 0 0 7 0 7
47,SIPP_2^4,"57,57,0","39,34,0",1,295.6511679999999,92,0.05693,6.4583,1.287,2.574,14 14 14 14 14 14 14 14 14 14 15 15 15 14 14 15 15 14
47,SIPP_2^5,"57,57,0","39,34,0",1,293.41465299999993,59,0.09345,5.92746,1.18437,2.36875,28 29 29 29 28 29 28 28 28 28 29 28 28
47,SIPP_BigCS,"57,57,6","39,34,14",1,292.0,15,0.07601,6.98582,1.3162,0.092,102 154 250 154 218
47,SIPP_Standard,"57,57,6","39,34,14",1,317.0,171,0.16895,13.47788,2.5946,0.3394,50 85 10 50
48,SIPP_2^2,"18,8,0","16,26,0",1,200.0,51,0.00603,28.28427,6.28319,12.56637,2 2 2 2 2 2 2 2 2 2 2 2 2 2 2 2 3 2 3 2
48,SIPP_2^3,"18,8,0","16,26,0",1,188.284272,41,0.009,11.59279,2.35619,4.71239,4 4 4 4 4 4 4 4 4 4 4 4 4 4 5 4 4 5
48,SIPP_2^4,"18,8,0","16,26,0",1,184.72136,31,0.01897,6.94722,1.39094,2.78189,8 8 8 8 8 8 8 8 8 8 8 8 9 8 8 9
48,SIPP_2^5,"18,8,0","16,26,0",1,183.24555399999997,27,0.04245,4.82449,0.96525,1.9305,16 16 16 16 16 16 16 16 16 17 16 16 16 17
48,SIPP_BigCS,"18,8,6","16,26,9",1,184.0,51,0.17133,4.98532,0.9783,0.1089,366 4 4 4 4 4 56
48,SIPP_Standard,"18,8,6","16,26,9",1,248.0,150,0.15356,13.99631,2.6747,0.404,15 110 52
49,SIPP_2^2,"27,21,0","1,4,0",1,430.0,619,0.07163,120.20815,26.70354,53.40708,3 3 3 3 3 3 3 3 3 3 3 3 3 3 3 3 0 3 3 3 0 3 0 0 0 3 0 0 3 0 0 3 0 0 3 0 3 0 0 0 0 3 0
49,SIPP_2^3,"27,21,0","1,4,0",1,330.4163119999999,210,0.04741,7.85902,1.5708,3.14159,7 7 7 7 7 7 7 7 7 7 7 7 7 7 7 7 6 6 6 6 6 6 6 6 6 7
49,SIPP_2^4,"27,21,0","1,4,0",1,314.3832079999999,98,0.06113,4.83847,0.96525,1.9305,13 13 13 13 13 13 13 13 14 14 14 14 13 14 14 14 14
49,SIPP_2^5,"27,21,0","1,4,0",1,310.804784,17,0.02732,1.24416,0.24871,0.49742,27 27 27 27 27 27 27 26 27
49,SIPP_BigCS,"27,21,0","1,4,5",1,310.0,12,0.07053,5.62484,0.975,0.0607,205 205 205 205 221 178 253
49,SIPP_Standard,"27,21,0","1,4,5",1,323.0,78,0.07911,9.61139,1.8902,0.2936,50 69 30 34
50,SIPP_2^2,"16,4,0","18,35,0",1,330.0,90,0.01081,21.2132,4.71239,9.42478,2 2 2 2 2 2 2 2 2 2 2 2 2 2 2 2 2 2 2 2 2 2 2 2 2 2 2 2 2 2 1 2 1
50,SIPP_2^3,"16,4,0","18,35,0",1,318.284272,80,0.01775,11.59279,2.35619,4.71239,4 4 4 4 4 4 4 4 4 4 4 4 4 4 4 4 4 4 4 4 4 4 4 4 4 4 4 4 3 4 3
50,SIPP_2^4,"16,4,0","18,35,0",1,314.72136,68,0.04188,6.94722,1.39094,2.78189,8 8 8 8 8 8 8 8 8 8 8 8 8 8 8 8 8 8 8 8 8 8 8 8 8 7 8 8 7
50,SIPP_2^5,"16,4,0","18,35,0",1,313.24555399999997,54,0.0853,4.82449,0.96525,1.9305,16 16 16 16 16 16 16 16 16 16 16 16 16 16 16 16 16 16 16 16 16 16 16 15 16 16 15
50,SIPP_BigCS,"16,4,4","18,35,11",1,314.0,111,0.32428,4.98532,0.9783,0.1089,360 4 4 4 4 0 4 4 4 4 4 4 28
50,SIPP_Standard,"16,4,4","18,35,11",1,321.0,31,0.03993,6.75321,1.3299,0.1489,44 0 0 16
51,SIPP_2^2,"35,39,0","17,24,0",1,330.0,372,0.04244,91.92388,20.42035,40.8407,3 3 3 3 3 3 3 3 3 3 0 0 0 0 0 0 0 3 0 0 3 0 3 0 3 0 3 3 0 0 3 3 0
51,SIPP_2^3,"35,39,0","17,24,0",1,242.13203999999993,73,0.01613,15.43549,3.14159,6.28319,7 7 7 7 7 7 7 7 7 7 7 7 7 6 7 6 6 7
51,SIPP_2^4,"35,39,0","17,24,0",1,236.78767199999996,55,0.03385,3.22472,0.6435,1.287,14 14 13 13 13 14 14 14 14 14 14 14 14 14 14
51,SIPP_2^5,"35,39,0","17,24,0",1,235.44576299999994,41,0.06515,5.9281,1.18437,2.36875,28 28 27 28 27 28 27 28 28 28 28 28
51,SIPP_BigCS,"35,39,15","17,24,0",1,234.0,12,0.07078,3.45046,0.6528,0.0402,102 102 102 102 102 102 126 221
51,SIPP_Standard,"35,39,15","17,24,0",1,237.0,10,0.02311,4.98437,0.9733,0.0991,30 50 77
52,SIPP_2^2,"28,14,0","45,4,0",1,270.0,234,0.0268,106.06602,23.56194,47.12389,1 1 1 1 1 0 1 1 0 0 1 0 1 0 1 0 1 1 0 1 1 1 0 0 1 1 0
52,SIPP_2^3,"28,14,0","45,4,0",1,211.42135999999996,94,0.02079,16.18493,3.14159,6.28319,1 1 1 1 1 1 1 2 1 1 2 2 2 2 2 2 1
52,SIPP_2^4,"28,14,0","45,4,0",1,198.95116799999997,34,0.02078,4.83601,0.96525,1.9305,3 3 3 3 3 3 2 2 3 2
52,SIPP_2^5,"28,14,0","45,4,0",1,197.60925899999998,19,0.02971,0.6221,0.12436,0.24871,6 6 6 6 5 5 5
52,SIPP_BigCS,"28,14,7","45,4,7",1,196.0,6,0.05581,2.29572,0.3214,0.0144,201 201 201 201 201 217
52,SIPP_Standard,"28,14,7","45,4,7",1,245.0,110,0.12591,12.07222,2.3529,0.367,32 65 37
53,SIPP_2^2,"29,57,0","36,15,0",1,490.0,449,0.05745,49.49747,10.99557,21.99115,0 0 0 0 0 0 0 0 0 0 0 0 0 0 0 0 0 0 0 0 0 0 0 0 0 0 0 0 0 0 0 0 0 0 0 0 0 1 1 0 0 0 1 1 0 1 1 0 1
53,SIPP_2^3,"29,57,0","36,15,0",1,448.99495199999996,325,0.07443,27.89811,5.49779,10.99557,0 0 0 0 0 0 0 0 0 0 0 0 0 0 0 0 0 0 0 0 0 0 0 0 0 0 0 0 0 0 0 1 1 1 0 1 0 0 1 1 0 1
53,SIPP_2^4,"29,57,0","36,15,0",1,436.52476,242,0.15352,16.21761,3.24553,6.49107,0 0 0 0 0 0 0 0 0 0 0 0 0 0 0 0 0 0 0 0 0 1 1 1 1 0 1 0 0 0 0 1 0 0 1
53,SIPP_2^5,"29,57,0","36,15,0",1,431.3594389999999,179,0.28242,11.27531,2.25225,4.50451,0 0 0 0 0 0 0 0 0 0 0 0 0 0 0 0 1 0 0 1 0 1 1 1 1 0 0 1
53,SIPP_BigCS,"29,57,8","36,15,0",1,434.0,741,2.1107,12.63839,2.4613,0.2853,308 6 6 6 6 6 6 6 6 6 58 364 6 6 58 308
53,SIPP_Standard,"29,57,8","36,15,0",1,481.0,1354,1.30106,21.14905,4.0565,0.5473,49 108 54 106 49 92
54,SIPP_2^2,"49,48,0","41,38,0",1,180.0,106,0.01205,91.92388,20.42035,40.8407,0 0 3 0 3 3 0 0 3 0 3 0 0 3 0 3 0 3
54,SIPP_2^3,"49,48,0","41,38,0",1,133.13708799999998,28,0.00615,8.0194,1.5708,3.14159,7 7 7 7 0 0 7 7 7 7
54,SIPP_2^4,"49,48,0","41,38,0",1,129.574176,20,0.01218,6.46251,1.287,2.574,14 14 14 15 14 15 14 14
54,SIPP_2^5,"49,48,0","41,38,0",1,128.67956999999998,15,0.0235,2.96301,0.59219,1.18437,28 28 29 28 28 29
54,SIPP_BigCS,"49,48,9","41,38,2",1,128.0,6,0.05476,3.43849,0.6634,0.0518,250 154
54,SIPP_Standard,"49,48,9","41,38,2",1,169.0,27,0.03826,12.69066,2.4946,0.4716,108 34
55,SIPP_2^2,"49,6,0","42,44,0",1,450.0,400,0.05115,28.28427,6.28319,12.56637,2 2 2 2 2 2 2 2 2 2 2 2 2 2 2 2 2 2 2 2 2 2 2 2 2 2 2 2 2 2 2 2 2 2 2 3 3 3 3 3 3 2 2 3 2
55,SIPP_2^3,"49,6,0","42,44,0",1,408.99495199999996,285,0.06552,19.99792,3.92699,7.85398,4 4 4 4 4 4 4 4 4 4 4 4 4 4 4 4 4 4 4 4 4 4 4 4 4 4 4 4 5 5 5 5 5 4 5 4 4 5
55,SIPP_2^4,"49,6,0","42,44,0",1,396.52476,206,0.13149,11.56984,2.31824,4.63648,8 8 8 8 8 8 8 8 8 8 8 8 8 8 8 8 8 8 8 8 9 8 8 9 9 9 9 9 8 8 9
55,SIPP_2^5,"49,6,0","42,44,0",1,391.3594389999999,147,0.23911,17.71367,3.53926,7.07851,16 16 16 16 16 16 16 16 16 17 16 17 17 16 17 16 16 17 16 17 16 16 16 17
55,SIPP_BigCS,"49,6,14","42,44,2",1,394.0,584,1.63381,13.08625,2.5297,0.2666,366 4 4 4 40 366 84 310
55,SIPP_Standard,"49,6,14","42,44,2",1,399.0,84,0.08967,4.85755,0.9185,0.0813,51 94 0 0 0
56,SIPP_2^2,"6,1,0","37,12,0",1,420.0,365,0.04276,56.56854,12.56637,25.13274,1 1 1 1 1 1 1 1 1 1 1 1 1 1 1 1 1 1 1 1 1 1 1 1 1 1 2 2 2 2 2 2 1 2 1 1 2 2 1 2 2 1
56,SIPP_2^3,"6,1,0","37,12,0",1,355.56349599999993,251,0.056,36.09579,7.06858,14.13717,2 2 2 2 2 2 2 2 2 2 2 2 2 3 3 3 3 3 2 2 3 3 3 2 3 2 2 3 2 2 3
56,SIPP_2^4,"6,1,0","37,12,0",1,335.96747999999997,139,0.08405,16.32443,3.24553,6.49107,5 5 5 5 5 5 5 5 4 4 4 5 4 5 4 5 4 4 4 4
56,SIPP_2^5,"6,1,0","37,12,0",1,329.3263529999999,29,0.0452,1.4198,0.28379,0.56759,9 9 9 9 9 9 9 9 10 10 9
56,SIPP_BigCS,"6,1,2","37,12,2",1,332.0,154,0.42996,6.15281,0.9705,0.095,5 85 207 207 207 207 207 207 207 207 367
56,SIPP_Standard,"6,1,2","37,12,2",1,337.0,35,0.03891,10.49299,1.9268,0.2099,36 17 63 95
57,SIPP_2^2,"4,34,0","40,2,0",1,680.0,1489,0.1721,169.70563,37.69911,75.39822,0 0 0 0 0 0 0 0 0 0 0 0 0 0 0 1 0 0 0 1 0 0 1 0 1 0 1 1 1 1 1 1 1 1 1 1 1 0 1 1 1 1 1 0 1 1 1 1 0 1 1 1 1 0 0 1 1 1 1 0 0 1 0 1 0 1 1 0
57,SIPP_2^3,"4,34,0","40,2,0",1,492.5483519999998,216,0.04983,31.94538,6.28319,12.56637,1 1 1 1 1 1 1 1 1 1 1 1 1 1 1 1 1 1 2 1 1 1 2 1 1 1 1 1 2 1 1 1 1 1 2 1
57,SIPP_2^4,"4,34,0","40,2,0",1,485.42252799999983,171,0.10544,9.67847,1.9305,3.86101,2 2 2 2 2 2 2 2 2 2 2 2 2 2 2 2 3 3 2 2 2 2 2 2 2 2 3 2 3 2 2 2
57,SIPP_2^5,"4,34,0","40,2,0",1,483.63331599999987,140,0.22371,3.95085,0.78958,1.57917,4 4 4 5 5 5 4 4 4 4 4 4 4 4 4 4 4 4 5 4 4 4 4 4 4 4 4 4
57,SIPP_BigCS,"4,34,1","40,2,12",1,480.0,30,0.11056,5.29273,0.9842,0.066,101 101 101 101 101 101 101 101 101 101 101 101 101 101 101 101 101 101 101 153 217 153
57,SIPP_Standard,"4,34,1","40,2,12",1,486.0,62,0.07023,6.83242,1.286,0.0694,65 29 29 53 65 49
58,SIPP_2^2,"60,40,0","34,62,0",1,480.0,738,0.08672,155.56349,34.55752,69.11504,3 2 2 2 2 3 3 2 2 3 3 2 3 3 3 3 3 2 2 3 3 3 3 2 3 3 2 2 2 2 2 3 3 3 3 3 2 3 2 3 2 3 2 3 2 2 2 3
58,SIPP_2^3,"60,40,0","34,62,0",1,351.12699199999986,142,0.03225,23.97955,4.71239,9.42478,5 5 5 5 6 5 5 6 5 5 5 5 5 5 5 5 5 5 6 6 5 5 5 5 5 5
58,SIPP_2^4,"60,40,0","34,62,0",1,344.0011679999999,106,0.06673,9.67291,1.9305,3.86101,10 10 10 10 10 10 10 10 11 10 11 10 10 10 11 11 10 10 10 10 10 10
58,SIPP_2^5,"60,40,0","34,62,0",1,342.21195599999993,79,0.12756,5.92674,1.18437,2.36875,20 21 21 20 21 20 20 20 21 20 20 20 20 20 20 20 20 20
58,SIPP_BigCS,"60,40,15","34,62,3",1,340.0,20,0.08672,5.29273,0.9842,0.066,103 103 103 103 103 103 103 103 103 155 219 155
58,SIPP_Standard,"60,40,15","34,62,3",1,406.0,930,0.74189,19.84148,3.8507,0.5332,47 11 55 75 110
59,SIPP_2^2,"13,27,0","63,4,0",0,-1,0,0.0,0.0,0.0,0.0,
59,SIPP_2^3,"13,27,0","63,4,0",0,-1,0,0.0,0.0,0.0,0.0,
59,SIPP_2^4,"13,27,0","63,4,0",0,-1,0,0.0,0.0,0.0,0.0,
59,SIPP_2^5,"13,27,0","63,4,0",0,-1,0,0.0,0.0,0.0,0.0,
59,SIPP_BigCS,"13,27,0","63,4,0",0,-1,0,0.0,0.0,0.0,0.0,
59,SIPP_Standard,"13,27,12","63,4,4",0,-1,55136,42.6,0.0,0.0,0.0,
60,SIPP_2^2,"19,42,0","9,39,0",1,130.0,39,0.0047,21.2132,4.71239,9.42478,3 3 3 3 3 3 3 3 3 0 0 3 0
60,SIPP_2^3,"19,42,0","9,39,0",1,112.42640799999998,25,0.00573,19.45842,3.92699,7.85398,6 6 6 6 7 6 7 6 6 7
60,SIPP_2^4,"19,42,0","9,39,0",1,107.08203999999999,20,0.01272,2.34408,0.46365,0.9273,13 13 13 12 12 12 12
60,SIPP_2^5,"19,42,0","9,39,0",1,104.868331,7,0.01147,3.23301,0.6435,1.287,25 25 24 25
60,SIPP_BigCS,"19,42,3","9,39,4",1,106.0,13,0.07836,2.73576,0.5061,0.0613,205 309 7 7
60,SIPP_Standard,"19,42,3","9,39,4",1,416.0,1248,1.00592,25.81702,4.9904,0.8703,40 78 107 42 92
61,SIPP_2^2,"8,24,0","18,60,0",1,460.0,528,0.06515,63.63961,14.13717,28.27433,2 2 2 2 2 2 2 2 2 2 2 2 2 2 2 2 2 2 2 2 2 2 2 2 2 2 2 2 2 1 2 2 2 1 1 2 1 1 1 1 1 2 2 1 2 1
61,SIPP_2^3,"8,24,0","18,60,0",1,401.42135999999994,332,0.07669,19.96961,3.92699,7.85398,4 4 4 4 4 4 4 4 4 4 4 4 4 4 4 4 4 4 4 4 4 4 4 3 3 3 3 3 4 4 3 3 3 3 4 3
61,SIPP_2^4,"8,24,0","18,60,0",1,383.60679999999996,213,0.1371,7.0143,1.39094,2.78189,7 7 7 7 7 7 7 7 8 8 8 8 8 7 7 8 8 8 8 8 8 8 8 8 8 8
61,SIPP_2^5,"8,24,0","18,60,0",1,376.2277699999999,96,0.15708,6.46488,1.287,2.574,15 15 15 15 15 15 15 15 16 15 16 16 16 16 16 15
61,SIPP_BigCS,"8,24,10","18,60,11",1,380.0,455,1.2886,13.33772,2.5347,0.2929,304 28 200 200 304 12 304
61,SIPP_Standard,"8,24,10","18,60,11",1,403.0,378,0.36336,11.6524,2.273,0.2561,52 64 44 0 20
62,SIPP_2^2,"43,0,0","17,39,0",0,-1,0,0.0,0.0,0.0,0.0,
62,SIPP_2^3,"43,0,0","17,39,0",0,-1,0,0.0,0.0,0.0,0.0,
62,SIPP_2^4,"43,0,0","17,39,0",0,-1,0,0.0,0.0,0.0,0.0,
62,SIPP_2^5,"43,0,0","17,39,0",0,-1,0,0.0,0.0,0.0,0.0,
62,SIPP_BigCS,"43,0,0","17,39,0",0,-1,0,0.0,0.0,0.0,0.0,
62,SIPP_Standard,"43,0,14","17,39,0",0,-1,0,9e-05,0.0,0.0,0.0,
63,SIPP_2^2,"0,45,0","47,25,0",0,-1,0,0.0,0.0,0.0,0.0,
63,SIPP_2^3,"0,45,0","47,25,0",0,-1,0,0.0,0.0,0.0,0.0,
63,SIPP_2^4,"0,45,0","47,25,0",0,-1,0,0.0,0.0,0.0,0.0,
63,SIPP_2^5,"0,45,0","47,25,0",0,-1,0,0.0,0.0,0.0,0.0,
63,SIPP_BigCS,"0,45,0","47,25,0",0,-1,0,0.0,0.0,0.0,0.0,
63,SIPP_Standard,"0,45,14","47,25,4",0,-1,0,8e-05,0.0,0.0,0.0,
64,SIPP_2^2,"29,2,0","59,45,0",1,730.0,1630,0.19332,134.35029,29.84513,59.69026,1 1 1 1 1 1 1 1 1 1 1 1 1 1 1 1 1 1 1 1 2 1 1 2 2 2 2 2 2 1 2 1 2 2 2 1 2 2 2 2 2 2 2 2 2 2 1 2 2 2 2 2 2 2 2 2 2 2 2 2 1 2 2 2 2 2 1 2 2 1 2 1 2
64,SIPP_2^3,"29,2,0","59,45,0",1,554.2640799999999,545,0.12548,67.1245,13.35177,26.70354,4 3 4 3 3 4 3 4 4 3 3 3 3 3 3 3 3 3 3 3 3 3 3 3 4 3 3 4 3 3 3 3 4 4 4 3 3 3 4 3 4 4 3
64,SIPP_2^4,"29,2,0","59,45,0",1,531.105152,287,0.18177,16.11631,3.21751,6.43501,6 6 7 7 7 7 6 6 7 7 7 7 6 6 6 6 6 6 7 7 6 6 6 6 6 7 7 6 7 6
64,SIPP_2^5,"29,2,0","59,45,0",1,525.290213,94,0.15366,3.95423,0.78958,1.57916,13 13 13 13 13 13 13 12 12 12 13 13 13 13 13 12 13
64,SIPP_BigCS,"29,2,11","59,45,3",1,524.0,35,0.12737,9.39403,1.627,0.0948,200 200 200 200 200 216 100 100 152 216 152 216
64,SIPP_Standard,"29,2,11","59,45,3",1,557.0,1202,1.11948,17.61624,3.3737,0.3837,48 79 64 52 72 87 0
65,SIPP_2^2,"14,56,0","14,3,0",1,530.0,53,0.00611,0.0,0.0,0.0,0 0 0 0 0 0 0 0 0 0 0 0 0 0 0 0 0 0 0 0 0 0 0 0 0 0 0 0 0 0 0 0 0 0 0 0 0 0 0 0 0 0 0 0 0 0 0 0 0 0 0 0 0
65,SIPP_2^3,"14,56,0","14,3,0",1,530.0,53,0.01187,0.0,0.0,0.0,0 0 0 0 0 0 0 0 0 0 0 0 0 0 0 0 0 0 0 0 0 0 0 0 0 0 0 0 0 0 0 0 0 0 0 0 0 0 0 0 0 0 0 0 0 0 0 0 0 0 0 0 0
65,SIPP_2^4,"14,56,0","14,3,0",1,530.0,53,0.03237,0.0,0.0,0.0,0 0 0 0 0 0 0 0 0 0 0 0 0 0 0 0 0 0 0 0 0 0 0 0 0 0 0 0 0 0 0 0 0 0 0 0 0 0 0 0 0 0 0 0 0 0 0 0 0 0 0 0 0
65,SIPP_2^5,"14,56,0","14,3,0",1,530.0,53,0.0831,0.0,0.0,0.0,0 0 0 0 0 0 0 0 0 0 0 0 0 0 0 0 0 0 0 0 0 0 0 0 0 0 0 0 0 0 0 0 0 0 0 0 0 0 0 0 0 0 0 0 0 0 0 0 0 0 0 0 0
65,SIPP_BigCS,"14,56,3","14,3,12",1,530.0,11,0.06509,0.0,0.0,0.0,2 2 2 2 2 2 6 6 6 6 6
65,SIPP_Standard,"14,56,3","14,3,12",1,560.0,632,0.59536,12.2687,2.3533,0.3267,54 106 37 2 2 2 2
66,SIPP_2^2,"40,11,0","19,33,0",1,430.0,644,0.07423,134.35029,29.84513,59.69026,2 3 2 3 2 3 2 3 3 2 3 2 2 2 3 3 3 2 3 3 3 3 3 3 3 3 2 2 2 2 2 2 3 2 2 3 3 2 2 2 2 2 3
66,SIPP_2^3,"40,11,0","19,33,0",1,306.98485599999987,42,0.00939,8.0151,1.5708,3.14159,5 5 5 5 5 5 5 5 5 5 5 5 5 5 5 5 5 5 4 5 5 5
66,SIPP_2^4,"40,11,0","19,33,0",1,305.2033999999999,41,0.02531,3.22874,0.6435,1.287,10 10 10 10 10 10 10 10 10 10 10 10 10 10 10 10 10 9 10 10 10
66,SIPP_2^5,"40,11,0","19,33,0",1,304.7560969999999,39,0.06181,1.97443,0.39479,0.78958,20 20 20 20 20 20 20 20 20 20 20 20 20 20 20 20 19 20 20 20
66,SIPP_BigCS,"40,11,15","19,33,3",1,302.0,18,0.08655,1.74352,0.3314,0.0258,103 103 103 103 103 103 103 103 103 103 103 103 103 103 103 103 103 127
66,SIPP_Standard,"40,11,15","19,33,3",1,310.0,36,0.04698,8.40464,1.6163,0.1338,51 70 55 75
67,SIPP_2^2,"31,53,0","40,51,0",1,110.0,24,0.00296,21.2132,4.71239,9.42478,1 1 1 1 1 1 1 1 0 1 0
67,SIPP_2^3,"31,53,0","40,51,0",1,98.28427199999999,16,0.00361,11.59279,2.35619,4.71239,2 2 2 2 1 2 2 2 1
67,SIPP_2^4,"31,53,0","40,51,0",1,94.72136,12,0.00747,6.94722,1.39094,2.78189,4 4 4 3 4 4 3
67,SIPP_2^5,"31,53,0","40,51,0",1,93.245554,9,0.01438,3.22267,0.6435,1.287,7 8 8 8 7
67,SIPP_BigCS,"31,53,8","40,51,1",1,94.0,11,0.07163,2.36385,0.463,0.0399,5 5 81
67,SIPP_Standard,"31,53,8","40,51,1",1,414.0,1344,1.21301,23.42265,4.5285,0.7066,46 22 41 87 16
68,SIPP_2^2,"20,4,0","61,17,0",1,540.0,689,0.08627,113.13708,25.13274,50.26548,1 1 1 1 1 1 1 1 1 1 1 1 1 1 1 1 1 1 1 1 1 1 1 1 1 2 2 2 1 2 1 1 1 1 2 2 1 1 2 1 1 1 1 1 2 2 1 2 2 1 2 1 2 1
68,SIPP_2^3,"20,4,0","61,17,0",1,463.8477679999999,461,0.10551,43.85276,8.63938,17.27876,2 2 2 2 2 2 2 2 2 2 2 2 2 2 2 2 2 2 2 2 2 3 3 3 3 3 3 2 2 3 3 3 2 3 2 3 2 3 2 2 3
68,SIPP_2^4,"20,4,0","61,17,0",1,440.68883999999997,264,0.16609,6.9854,1.39094,2.78189,5 5 5 5 5 5 5 5 5 5 5 5 4 4 4 4 4 5 4 4 4 4 4 4 4 4 4 4
68,SIPP_2^5,"20,4,0","61,17,0",1,431.09610099999986,60,0.09693,6.45864,1.287,2.574,9 9 9 9 9 9 9 8 9 9 9 9 9 8 9
68,SIPP_BigCS,"20,4,0","61,17,0",1,436.0,539,1.51909,11.00402,1.9538,0.2302,207 207 207 207 207 207 207 311 5 5 57 311 5 57
68,SIPP_Standard,"20,4,0","61,17,0",1,483.0,1347,1.63768,21.67887,4.1719,0.5938,48 71 36 9 41 79
69,SIPP_2^2,"26,58,0","31,42,0",1,210.0,111,0.01294,21.2132,4.71239,9.42478,0 0 0 0 0 0 0 0 0 0 0 0 0 0 0 1 1 1 1 0 1
69,SIPP_2^3,"26,58,0","31,42,0",1,180.71067999999997,68,0.01509,27.56293,5.49779,10.99557,0 0 0 1 0 0 1 1 0 0 1 0 0 0 0 1
69,SIPP_2^4,"26,58,0","31,42,0",1,171.8034,40,0.0246,9.31961,1.85459,3.70918,1 0 0 0 0 1 1 1 0 0 1
69,SIPP_2^5,"26,58,0","31,42,0",1,168.11388499999998,13,0.02079,3.22672,0.6435,1.287,1 1 1 1 0 1
69,SIPP_BigCS,"26,58,3","31,42,3",1,170.0,34,0.12456,5.24034,0.9769,0.1151,204 204 308 58
69,SIPP_Standard,"26,58,3","31,42,3",1,171.0,6,0.01783,3.58159,0.5456,0.0552,18 60
70,SIPP_2^2,"6,14,0","28,4,0",1,320.0,309,0.03562,49.49747,10.99557,21.99115,1 1 1 1 1 1 1 1 1 1 1 1 1 1 1 1 1 0 0 0 0 1 0 0 0 1 0 0 1 1 1 0
70,SIPP_2^3,"6,14,0","28,4,0",1,261.42135999999994,154,0.03452,35.8803,7.06858,14.13717,2 2 2 2 2 2 1 2 1 1 1 1 1 1 2 2 1 2 1 2 2 1
70,SIPP_2^4,"6,14,0","28,4,0",1,243.6068,38,0.02359,9.28967,1.85459,3.70918,3 3 3 3 3 3 4 3 4 3 3 3
70,SIPP_2^5,"6,14,0","28,4,0",1,242.130994,26,0.04171,2.1286,0.42569,0.85138,6 6 6 6 6 6 7 6 6 7
70,SIPP_BigCS,"6,14,2","28,4,10",1,241.0,7,0.05657,3.74146,0.5061,0.0613,193 201 201 201 201 305
70,SIPP_Standard,"6,14,2","28,4,10",1,247.0,13,0.02443,6.78264,1.1673,0.148,9 53 57
71,SIPP_2^2,"63,62,0","16,25,0",0,-1,0,0.0,0.0,0.0,0.0,
71,SIPP_2^3,"63,62,0","16,25,0",0,-1,0,0.0,0.0,0.0,0.0,
71,SIPP_2^4,"63,62,0","16,25,0",0,-1,0,0.0,0.0,0.0,0.0,
71,SIPP_2^5,"63,62,0","16,25,0",0,-1,0,0.0,0.0,0.0,0.0,
71,SIPP_BigCS,"63,62,0","16,25,0",0,-1,0,0.0,0.0,0.0,0.0,
71,SIPP_Standard,"63,62,3","16,25,9",0,-1,0,1e-05,0.0,0.0,0.0,
72,SIPP_2^2,"49,35,0","47,28,0",1,90.0,18,0.00216,28.28427,6.28319,12.56637,0 0 0 0 0 3 0 3 0
72,SIPP_2^3,"49,35,0","47,28,0",1,78.28427199999999,12,0.00268,11.59279,2.35619,4.71239,0 0 0 7 0 0 7
72,SIPP_2^4,"49,35,0","47,28,0",1,74.72136,8,0.00495,6.94722,1.39094,2.78189,0 15 0 0 15
72,SIPP_2^5,"49,35,0","47,28,0",1,73.245554,4,0.00635,3.22267,0.6435,1.287,31 0 31
72,SIPP_BigCS,"49,35,15","47,28,8",1,74.0,4,0.05042,2.36385,0.463,0.0399,82
72,SIPP_Standard,"49,35,15","47,28,8",1,80.0,1,0.01486,6.1946,1.2472,0.2589,42
73,SIPP_2^2,"59,47,0","46,2,0",1,580.0,754,0.09379,141.42136,31.41593,62.83185,0 0 0 0 0 0 0 0 0 0 0 0 0 0 0 0 0 0 0 0 0 0 0 0 0 0 0 0 0 0 0 0 3 0 3 0 3 0 3 3 0 3 3 0 3 0 3 0 0 3 0 0 3 0 0 3 3 0
73,SIPP_2^3,"59,47,0","46,2,0",1,503.8477679999999,527,0.12218,59.98427,11.78097,23.56195,0 0 0 7 7 7 7 0 0 0 7 7 0 0 0 0 0 0 0 0 0 0 0 0 0 0 0 7 0 0 0 7 7 0 0 7 0 0 0 7 0 7 0 0 7
73,SIPP_2^4,"59,47,0","46,2,0",1,480.68883999999997,313,0.20009,13.98214,2.78189,5.56377,15 15 15 15 15 15 15 15 15 0 0 0 0 0 15 0 0 0 0 0 0 0 0 0 0 0 0 15 15 0 0 15
73,SIPP_2^5,"59,47,0","46,2,0",1,471.09610099999986,131,0.24089,16.11892,3.21751,6.43501,31 31 31 0 31 0 31 31 0 31 31 31 31 31 0 0 31 0 31
73,SIPP_BigCS,"59,47,0","46,2,10",1,476.0,820,2.25335,13.47432,2.4613,0.2853,202 202 202 202 202 202 306 6 30 362 6 30 306
73,SIPP_Standard,"59,47,0","46,2,10",1,486.0,248,0.23848,16.07535,3.0941,0.3579,46 2 10 54 90 6
74,SIPP_2^2,"41,29,0","20,27,0",1,230.0,60,0.0073,21.2132,4.71239,9.42478,3 3 3 3 3 3 3 3 3 3 3 3 3 3 3 3 3 3 3 0 3 3 0
74,SIPP_2^3,"41,29,0","20,27,0",1,218.284272,50,0.01122,11.59279,2.35619,4.71239,6 6 6 6 6 6 6 6 6 6 6 6 6 6 6 6 6 7 6 6 7
74,SIPP_2^4,"41,29,0","20,27,0",1,214.72136,38,0.02368,6.94722,1.39094,2.78189,12 12 12 12 12 12 12 12 12 12 12 12 12 12 12 13 12 12 13
74,SIPP_2^5,"41,29,0","20,27,0",1,213.24555399999997,33,0.0528,4.82449,0.96525,1.9305,24 24 24 24 24 24 24 24 24 24 24 24 24 24 25 24 25
74,SIPP_BigCS,"41,29,14","20,27,1",1,214.0,63,0.20601,4.98532,0.9783,0.1089,365 3 59
74,SIPP_Standard,"41,29,14","20,27,1",1,245.0,94,0.10242,11.7279,2.273,0.3191,86 23 50
75,SIPP_2^2,"19,62,0","7,25,0",1,490.0,604,0.07359,98.99495,21.99115,43.9823,0 0 0 0 0 0 0 0 0 0 0 0 0 0 0 0 0 0 0 0 0 0 0 0 3 0 0 3 3 3 0 0 3 3 0 3 0 3 3 3 0 0 0 0 3 0 0 3 0
75,SIPP_2^3,"19,62,0","7,25,0",1,419.7056319999999,378,0.08697,40.26443,7.85398,15.70796,7 7 7 7 7 0 0 0 0 0 7 7 0 0 0 7 0 0 0 0 0 0 0 0 0 0 0 0 0 7 7 0 0 7 0 0 7
75,SIPP_2^4,"19,62,0","7,25,0",1,398.32815999999997,217,0.13703,11.57723,2.31824,4.63648,15 15 15 15 15 15 15 15 15 15 0 0 15 0 15 0 0 0 0 0 0 0 0 0 0
75,SIPP_2^5,"19,62,0","7,25,0",1,389.4733239999999,34,0.05473,3.23491,0.6435,1.287,31 31 31 31 31 31 31 31 0 31 31 31 31
75,SIPP_BigCS,"19,62,9","7,25,7",1,394.0,366,1.02257,9.14409,1.5592,0.1716,202 202 202 202 202 202 202 202 362 14 306
75,SIPP_Standard,"19,62,9","7,25,7",1,404.0,149,0.15026,13.15833,2.5485,0.3027,46 2 10 54 90
76,SIPP_2^2,"28,61,0","36,58,0",1,110.0,31,0.00357,28.28427,6.28319,12.56637,1 1 1 1 1 1 0 0 1 0 1
76,SIPP_2^3,"28,61,0","36,58,0",1,92.42640799999998,18,0.004,11.59279,2.35619,4.71239,2 1 2 2 2 2 1 1
76,SIPP_2^4,"28,61,0","36,58,0",1,87.08203999999999,12,0.00731,2.34408,0.46365,0.9273,3 3 3 4 4
76,SIPP_2^5,"28,61,0","36,58,0",1,85.606234,5,0.00765,1.41864,0.28379,0.56759,7 6 7
76,SIPP_BigCS,"28,61,4","36,58,11",1,86.0,3,0.03694,2.63201,0.5061,0.0613,201 305
76,SIPP_Standard,"28,61,4","36,58,11",1,87.0,1,0.01056,2.99427,0.5969,0.061,89
77,SIPP_2^2,"35,59,0","42,46,0",1,200.0,124,0.01453,63.63961,14.13717,28.27433,0 0 0 0 0 0 0 0 1 0 1 1 1 0 1 0 1 0 0 1
77,SIPP_2^3,"35,59,0","42,46,0",1,158.99495199999996,55,0.01243,15.86708,3.14159,6.28319,1 0 0 0 0 0 1 1 1 1 1 0 1
77,SIPP_2^4,"35,59,0","42,46,0",1,148.30621599999998,13,0.00815,1.60648,0.32175,0.6435,1 1 1 1 1 1 2
77,SIPP_2^5,"35,59,0","42,46,0",1,147.858913,11,0.01745,0.62169,0.12436,0.24871,2 2 2 2 2 3
77,SIPP_BigCS,"35,59,10","42,46,0",1,149.0,30,0.11926,5.81735,1.1038,0.2689,74 177 204 204
77,SIPP_Standard,"35,59,10","42,46,0",1,327.0,505,0.48489,17.93878,3.459,0.4977,36 13 108 50
78,SIPP_2^2,"25,5,0","21,50,0",1,490.0,285,0.03731,42.42641,9.42478,18.84956,2 2 2 2 2 2 2 2 2 2 2 2 2 2 2 2 2 2 2 2 2 2 2 2 2 2 2 2 2 2 3 2 2 2 2 2 2 2 2 2 3 2 2 2 2 2 3 3 2
78,SIPP_2^3,"25,5,0","21,50,0",1,466.568544,228,0.0528,19.54353,3.92699,7.85398,4 4 4 4 4 4 4 4 4 4 4 4 4 4 4 4 4 4 4 4 4 4 4 4 4 4 4 4 4 4 4 4 4 4 4 4 4 5 4 5 5 4 4 4 5
78,SIPP_2^4,"25,5,0","21,50,0",1,459.44272,187,0.11834,6.98569,1.39094,2.78189,8 8 8 8 8 8 8 8 8 8 8 8 8 8 8 8 8 8 8 8 8 8 8 8 8 8 8 8 8 8 8 8 8 8 8 9 9 9 8 8 9
78,SIPP_2^5,"25,5,0","21,50,0",1,456.49110799999994,160,0.29084,8.05886,1.60875,3.21751,16 16 16 16 16 16 16 16 16 16 16 16 16 16 16 16 16 16 16 16 16 16 16 16 16 16 16 16 16 16 16 17 16 17 17 16 17
78,SIPP_BigCS,"25,5,12","21,50,13",1,458.0,550,1.55375,10.54184,2.0314,0.2192,4 4 4 4 56 366 4 4 4 4 4 4 4 4 4 4 4 4 4 40 366
78,SIPP_Standard,"25,5,12","21,50,13",1,488.0,698,0.67573,17.82294,3.4131,0.5529,51 110 40 94 0 0
79,SIPP_2^2,"20,28,0","25,47,0",1,240.0,135,0.01622,35.35534,7.85398,15.70796,2 2 2 2 2 2 2 2 2 2 2 2 2 2 2 2 2 1 1 2 1 1 2 1
79,SIPP_2^3,"20,28,0","25,47,0",1,210.71067999999997,87,0.01968,19.61218,3.92699,7.85398,4 4 4 4 4 4 4 4 4 3 4 4 4 3 3 3 4 4 3
79,SIPP_2^4,"20,28,0","25,47,0",1,201.80339999999998,62,0.03891,7.00193,1.39094,2.78189,7 7 7 8 8 7 7 8 8 8 8 8 8 8
79,SIPP_2^5,"20,28,0","25,47,0",1,198.11388499999998,31,0.05127,6.46738,1.287,2.574,15 15 16 15 16 16 16 15 15
79,SIPP_BigCS,"20,28,7","25,47,2",1,200.0,86,0.27112,7.55996,1.483,0.1764,304 4 28 304
79,SIPP_Standard,"20,28,7","25,47,2",1,237.0,101,0.1269,10.09685,1.9516,0.2417,39 8 48
80,SIPP_2^2,"4,58,0","6,31,0",1,290.0,78,0.00959,21.2132,4.71239,9.42478,0 0 0 0 0 0 0 0 0 0 0 0 0 0 0 0 0 0 0 0 0 0 0 0 0 0 1 0 1
80,SIPP_2^3,"4,58,0","6,31,0",1,278.284272,68,0.01521,11.59279,2.35619,4.71239,0 0 0 0 0 0 0 0 0 0 0 0 0 0 0 0 0 0 0 0 0 0 1 0 0 0 1
80,SIPP_2^4,"4,58,0","6,31,0",1,274.72136,56,0.03487,6.94722,1.39094,2.78189,0 0 0 0 0 0 0 0 0 0 0 0 0 0 0 0 0 0 0 0 0 1 0 0 1
80,SIPP_2^5,"4,58,0","6,31,0",1,273.24555399999997,45,0.0723,4.82449,0.96525,1.9305,0 0 0 0 0 0 0 0 0 0 0 0 0 0 0 0 0 0 1 0 0 0 1
80,SIPP_BigCS,"4,58,0","6,31,7",1,274.0,90,0.26713,4.98532,0.9783,0.1089,364 6 6 6 6 6 6 2 58
80,SIPP_Standard,"4,58,0","6,31,7",1,330.0,306,0.28504,17.84021,3.4681,0.5245,73 108 54 106
81,SIPP_2^2,"58,50,0","20,11,0",1,770.0,1920,0.22717,183.84776,40.8407,81.68141,0 0 0 0 0 0 0 0 0 0 0 0 0 0 0 0 0 0 0 0 0 0 3 3 3 3 3 3 0 3 3 0 0 3 3 3 3 3 3 3 3 3 3 3 0 3 0 3 3 3 3 0 3 0 3 3 0 3 3 0 3 3 3 0 3 0 0 0 3 3 0 0 3 0 3 3 0
81,SIPP_2^3,"58,50,0","20,11,0",1,547.4011679999999,76,0.01794,8.07826,1.5708,3.14159,7 7 7 7 7 7 7 7 7 7 7 7 7 7 7 7 7 7 7 7 7 7 7 7 7 7 7 7 7 7 7 7 7 7 7 7 7 0 7
81,SIPP_2^4,"58,50,0","20,11,0",1,545.6197119999998,75,0.04759,3.23109,0.6435,1.287,14 14 14 14 14 14 14 14 14 14 14 14 14 14 14 14 14 14 14 14 14 14 14 14 14 14 14 14 14 14 14 14 14 14 14 14 15 14
81,SIPP_2^5,"58,50,0","20,11,0",1,545.1724089999998,73,0.11859,0.98893,0.1974,0.39479,28 28 28 28 28 28 28 28 28 28 28 28 28 28 28 28 28 28 28 28 28 28 28 28 28 28 28 28 28 28 28 28 28 28 28 28 29
81,SIPP_BigCS,"58,50,7","20,11,6",1,540.0,35,0.13138,1.74352,0.3314,0.0258,102 102 102 102 102 102 102 102 102 102 102 102 102 102 102 102 102 102 102 102 102 102 102 102 102 102 102 102 102 102 102 102 102 102 154
81,SIPP_Standard,"58,50,7","20,11,6",1,553.0,219,0.22195,11.86731,2.2593,0.1685,30 54 66 50 77 66 50
82,SIPP_2^2,"5,11,0","11,24,0",1,190.0,105,0.0124,49.49747,10.99557,21.99115,2 2 2 2 2 2 2 2 2 1 1 2 1 2 2 1 1 2 1
82,SIPP_2^3,"5,11,0","11,24,0",1,154.852816,54,0.01223,19.84753,3.92699,7.85398,4 4 4 3 3 3 4 3 3 4 4 4 3
82,SIPP_2^4,"5,11,0","11,24,0",1,144.16407999999998,13,0.0083,4.62755,0.9273,1.85459,7 7 7 7 7 8 7
82,SIPP_2^5,"5,11,0","11,24,0",1,143.426177,11,0.01793,0.70936,0.1419,0.28379,14 14 14 14 14 15
82,SIPP_BigCS,"5,11,2","11,24,12",1,146.0,29,0.11801,4.32458,0.8277,0.0816,180 304 4
82,SIPP_Standard,"5,11,2","11,24,12",1,337.0,517,0.46699,22.10095,4.3028,0.7782,97 79 104 43
83,SIPP_2^2,"40,57,0","45,58,0",1,60.0,6,0.00079,14.14214,3.14159,6.28319,1 1 1 1 2 1
83,SIPP_2^3,"40,57,0","45,58,0",1,54.142136,5,0.00117,3.82683,0.7854,1.5708,2 2 2 2 3
83,SIPP_2^4,"40,57,0","45,58,0",1,52.36068,4,0.00251,2.29753,0.46365,0.9273,4 4 4 5
83,SIPP_2^5,"40,57,0","45,58,0",1,51.622777,3,0.00486,1.60182,0.32175,0.6435,8 8 9
83,SIPP_BigCS,"40,57,5","45,58,3",1,53.0,5,0.05291,3.85319,0.7822,0.2486,5 5 73
83,SIPP_Standard,"40,57,5","45,58,3",1,423.0,759,0.62485,24.46366,4.706,0.8137,27 106 41 87 0
84,SIPP_2^2,"24,56,0","6,23,0",1,510.0,841,0.09908,169.70563,37.69911,75.39822,0 0 0 3 3 0 3 3 0 0 3 3 0 3 3 3 3 0 0 0 0 0 3 0 0 3 0 0 3 0 0 3 0 0 0 0 3 0 0 0 0 0 0 3 0 0 0 3 0 3 0
84,SIPP_2^3,"24,56,0","6,23,0",1,404.5584479999999,352,0.08128,31.22462,6.28319,12.56637,7 7 7 7 7 7 7 7 7 7 7 7 7 7 0 0 0 0 0 0 0 0 0 7 0 0 7 0 7 0 0 0 7
84,SIPP_2^4,"24,56,0","6,23,0",1,377.83660799999996,74,0.04705,3.23317,0.6435,1.287,15 15 15 15 15 15 15 15 15 15 15 15 15 14 14 14 15 15
84,SIPP_2^5,"24,56,0","6,23,0",1,376.494699,53,0.08567,3.10882,0.62178,1.24355,30 30 30 30 30 29 30 29 30 30 30 30 30 30 29
84,SIPP_BigCS,"24,56,1","6,23,8",1,373.0,11,0.07067,3.44159,0.3214,0.0144,194 202 202 202 202 202 202 202 202 202 218
84,SIPP_Standard,"24,56,1","6,23,8",1,399.0,298,0.2929,11.64441,2.2219,0.2389,54 74 77 90 2
85,SIPP_2^2,"56,57,0","38,15,0",1,600.0,1038,0.12186,63.63961,14.13717,28.27433,0 0 0 0 0 0 0 0 0 0 0 0 0 0 0 0 0 0 0 0 0 0 0 0 0 0 0 0 0 0 0 0 0 0 0 0 0 3 0 3 3 3 3 3 3 3 3 3 0 3 3 3 3 3 3 0 3 0 0 3
85,SIPP_2^3,"56,57,0","38,15,0",1,494.5584479999999,548,0.12658,43.23573,8.63938,17.27876,0 0 0 0 0 0 0 0 0 0 0 0 0 0 0 0 7 7 7 7 7 7 7 7 7 0 7 7 7 7 0 7 7 0 0 7 0 0 7 0 0 7
85,SIPP_2^4,"56,57,0","38,15,0",1,462.49224,174,0.10946,9.24981,1.85459,3.70918,15 15 15 15 15 15 15 15 15 15 15 15 15 15 15 15 0 0 0 0 0 15 0 15
85,SIPP_2^5,"56,57,0","38,15,0",1,458.06482199999994,99,0.15826,4.25899,0.85138,1.70277,31 30 30 30 31 30 30 30 30 30 30 30 31 31 31 30 30 31
85,SIPP_BigCS,"56,57,3","38,15,14",1,456.0,45,0.15948,6.91345,0.9691,0.1012,202 202 202 202 202 202 202 202 202 202 202 202 202 202 306 6 82
85,SIPP_Standard,"56,57,3","38,15,14",1,475.0,354,0.35089,13.4885,2.5946,0.2764,54 66 46 2 10 54
86,SIPP_2^2,"63,32,0","36,35,0",0,-1,0,0.0,0.0,0.0,0.0,
86,SIPP_2^3,"63,32,0","36,35,0",0,-1,0,0.0,0.0,0.0,0.0,
86,SIPP_2^4,"63,32,0","36,35,0",0,-1,0,0.0,0.0,0.0,0.0,
86,SIPP_2^5,"63,32,0","36,35,0",0,-1,0,0.0,0.0,0.0,0.0,
86,SIPP_BigCS,"63,32,0","36,35,0",0,-1,0,0.0,0.0,0.0,0.0,
86,SIPP_Standard,"63,32,10","36,35,12",0,-1,0,1e-05,0.0,0.0,0.0,
87,SIPP_2^2,"27,29,0","12,11,0",1,330.0,372,0.04342,98.99495,21.99115,43.9823,3 0 3 3 3 0 0 3 3 3 0 0 0 3 0 0 0 0 0 0 3 3 0 3 3 3 0 0 0 0 3 0 3
87,SIPP_2^3,"27,29,0","12,11,0",1,242.13203999999993,73,0.0164,15.43549,3.14159,6.28319,7 7 7 7 7 7 7 7 7 7 7 7 7 0 7 0 0 7
87,SIPP_2^4,"27,29,0","12,11,0",1,236.78767199999996,55,0.03453,9.66583,1.9305,3.86101,14 14 14 14 14 14 14 14 14 15 14 15 14 15 14
87,SIPP_2^5,"27,29,0","12,11,0",1,235.44576299999994,41,0.06588,1.97617,0.39479,0.78958,28 28 28 29 29 29 28 28 28 28 28 28
87,SIPP_BigCS,"27,29,3","12,11,13",1,234.0,12,0.07355,3.45046,0.6528,0.0402,102 102 102 102 102 102 154 218
87,SIPP_Standard,"27,29,3","12,11,13",1,237.0,10,0.02373,4.98437,0.9733,0.0991,30 54 74
88,SIPP_2^2,"62,61,0","23,19,0",1,810.0,1676,0.19488,296.98485,65.97345,131.94689,0 0 0 0 0 0 0 0 0 0 0 3 3 3 0 3 3 0 0 3 3 3 3 0 3 0 3 0 3 0 3 0 3 0 3 0 3 3 3 3 3 3 0 3 0 3 3 0 0 0 3 3 3 0 3 0 3 0 0 3 0 0 0 0 0 3 0 3 3 3 3 0 0 3 0 3 0 0 3 3 0
88,SIPP_2^3,"62,61,0","23,19,0",1,581.5433039999999,217,0.04908,16.13692,3.14159,6.28319,7 7 7 7 7 7 7 7 7 7 7 7 7 7 7 7 7 7 7 7 7 7 7 7 7 7 7 7 7 7 7 7 7 7 7 7 0 7 7 0 0 7
88,SIPP_2^4,"62,61,0","23,19,0",1,576.1989359999998,175,0.10873,1.61724,0.32175,0.6435,14 14 14 14 14 14 14 14 14 14 14 14 14 14 14 14 14 14 14 14 14 14 14 14 14 14 14 14 14 14 14 14 14 14 14 14 15 15 15
88,SIPP_2^5,"62,61,0","23,19,0",1,574.8570269999999,156,0.25189,3.95274,0.78958,1.57917,28 28 28 28 28 28 28 28 28 28 28 28 28 28 28 28 28 28 28 28 28 28 28 28 28 28 28 28 28 28 28 29 28 29 29 28
88,SIPP_BigCS,"62,61,14","23,19,6",1,570.0,36,0.11383,3.45046,0.6528,0.0402,102 102 102 102 102 102 102 102 102 102 102 102 102 102 102 102 102 102 102 102 102 102 102 102 102 102 102 102 102 102 154 218
88,SIPP_Standard,"62,61,14","23,19,6",1,577.0,57,0.0595,4.98437,0.9733,0.0991,30 30 30 30 30 54 74
89,SIPP_2^2,"15,61,0","34,35,0",1,450.0,625,0.07273,155.56349,34.55752,69.11504,0 0 0 0 0 1 0 1 1 1 1 1 1 0 0 0 1 0 0 0 0 0 1 0 0 0 1 0 0 1 0 1 1 0 0 1 1 0 1 0 1 0 1 1 0
89,SIPP_2^3,"15,61,0","34,35,0",1,338.7005839999999,193,0.04385,42.83914,8.63938,17.27876,0 1 0 1 0 1 1 1 1 1 1 1 1 1 1 1 0 1 0 0 1 1 1 0 1 1
89,SIPP_2^4,"15,61,0","34,35,0",1,326.23039199999994,115,0.07198,4.8286,0.96525,1.9305,1 1 1 1 1 2 2 1 1 2 2 2 2 2 2 2 2 2 2
89,SIPP_2^5,"15,61,0","34,35,0",1,323.09927099999993,56,0.08928,4.93989,0.98698,1.97396,3 3 3 3 3 4 3 4 3 4 4 4
89,SIPP_BigCS,"15,61,14","34,35,8",1,322.0,18,0.07739,6.87553,1.2958,0.0749,177 220 101 125 220
89,SIPP_Standard,"15,61,14","34,35,8",1,326.0,26,0.03467,5.51354,0.9733,0.0991,29 49 60 76
90,SIPP_2^2,"53,2,0","57,22,0",1,240.0,114,0.01377,28.28427,6.28319,12.56637,2 2 2 2 2 2 2 2 2 2 2 2 2 2 2 2 2 1 1 1 2 2 1 2
90,SIPP_2^3,"53,2,0","57,22,0",1,216.56854399999997,81,0.01836,27.40917,5.49779,10.99557,4 4 4 4 4 4 4 4 4 4 3 4 4 4 3 4 3 4 4 3
90,SIPP_2^4,"53,2,0","57,22,0",1,209.44272,57,0.03623,6.98569,1.39094,2.78189,8 8 8 8 8 8 8 8 8 8 7 7 7 8 8 7
90,SIPP_2^5,"53,2,0","57,22,0",1,206.491108,40,0.06487,4.83619,0.96525,1.9305,16 16 16 16 16 16 16 15 15 15 16 15
90,SIPP_BigCS,"53,2,9","57,22,8",1,208.0,103,0.30533,4.95204,0.9691,0.1012,4 4 4 4 4 4 4 80 304
90,SIPP_Standard,"53,2,9","57,22,8",1,257.0,135,0.12117,14.4341,2.8078,0.4541,16 102 80
91,SIPP_2^2,"7,1,0","41,29,0",1,620.0,1075,0.12713,176.7767,39.26991,78.53982,1 1 1 1 1 1 1 1 1 1 1 1 1 1 2 2 1 2 2 2 2 1 2 2 2 2 2 2 1 1 2 2 2 1 1 2 1 1 1 2 1 2 2 2 2 1 2 2 1 1 1 1 2 1 2 1 2 1 1 2 1 2
91,SIPP_2^3,"7,1,0","41,29,0",1,455.9798079999998,257,0.05856,23.67469,4.71239,9.42478,3 3 3 3 3 3 3 3 3 3 3 3 3 3 3 3 3 3 2 2 2 3 3 3 3 3 3 3 3 2 3 2 2 3
91,SIPP_2^4,"7,1,0","41,29,0",1,445.2910719999999,185,0.11627,12.89322,2.574,5.14801,6 6 6 6 6 6 6 5 6 6 5 6 6 6 5 5 6 6 6 6 6 6 5 5 6 6 6 6
91,SIPP_2^5,"7,1,0","41,29,0",1,442.6072539999999,132,0.21478,2.95824,0.59219,1.18437,11 11 11 11 11 12 12 12 12 12 12 12 12 12 12 12 12 11 12 12 12 12
91,SIPP_BigCS,"7,1,8","41,29,10",1,440.0,26,0.09665,6.99966,1.3056,0.0804,100 100 100 100 100 100 100 100 100 100 124 223 124 223
91,SIPP_Standard,"7,1,8","41,29,10",1,477.0,887,0.85595,11.67623,2.2132,0.1948,52 64 52 72 95 1
92,SIPP_2^2,"56,37,0","30,29,0",1,340.0,298,0.03641,98.99495,21.99115,43.9823,3 3 3 3 3 3 3 3 3 3 3 3 3 0 3 3 3 3 0 3 3 3 3 0 3 0 3 0 3 0 0 3 0 3
92,SIPP_2^3,"56,37,0","30,29,0",1,293.13708799999995,183,0.0419,27.66262,5.49779,10.99557,6 6 6 6 6 6 6 6 6 6 6 6 6 7 7 6 7 6 7 6 6 6 7 7 7 7
92,SIPP_2^4,"56,37,0","30,29,0",1,278.88544,102,0.06461,6.94722,1.39094,2.78189,12 12 12 12 12 12 12 13 12 12 12 13 13 13 13 13 13 13
92,SIPP_2^5,"56,37,0","30,29,0",1,272.98221599999994,34,0.05513,6.44465,1.287,2.574,25 25 25 24 25 25 24 25 25 25
92,SIPP_BigCS,"56,37,8","30,29,11",1,276.0,156,0.46422,6.04039,1.0517,0.1165,205 205 205 205 205 309 7 7 43
92,SIPP_Standard,"56,37,8","30,29,11",1,327.0,389,0.38456,16.11518,3.1376,0.5063,66 50 109 43
93,SIPP_2^2,"8,20,0","13,32,0",1,170.0,82,0.00963,35.35534,7.85398,15.70796,2 2 2 2 2 2 2 2 2 1 2 1 1 1 2 2 1
93,SIPP_2^3,"8,20,0","13,32,0",1,140.71067999999997,44,0.00991,19.61218,3.92699,7.85398,4 4 4 4 3 4 3 3 3 4 4 3
93,SIPP_2^4,"8,20,0","13,32,0",1,131.8034,18,0.0113,9.33785,1.85459,3.70918,7 8 7 7 8 7 7
93,SIPP_2^5,"8,20,0","13,32,0",1,130.32759399999998,11,0.01784,0.71022,0.1419,0.28379,14 14 14 15 15
93,SIPP_BigCS,"8,20,0","13,32,12",1,130.0,5,0.05444,2.91107,0.5061,0.0613,200 200 200 304
93,SIPP_Standard,"8,20,0","13,32,12",1,175.0,29,0.04135,11.51907,2.2622,0.3989,102 80
94,SIPP_2^2,"46,25,0","42,19,0",1,100.0,31,0.00364,42.42641,9.42478,18.84956,0 3 3 0 3 0 0 0 3 0
94,SIPP_2^3,"46,25,0","42,19,0",1,76.568544,12,0.0027,7.95075,1.5708,3.14159,7 7 7 0 0 7
94,SIPP_2^4,"46,25,0","42,19,0",1,73.00563199999999,8,0.00499,3.22647,0.6435,1.287,15 14 14 15
94,SIPP_2^5,"46,25,0","42,19,0",1,72.111026,2,0.00322,0.0,0.0,0.0,29 29
94,SIPP_BigCS,"46,25,4","42,19,13",1,72.0,1,0.04344,1.70958,0.3216,0.0203,182
94,SIPP_Standard,"46,25,4","42,19,13",1,72.0,1,0.01513,1.70958,0.3216,0.0203,54
95,SIPP_2^2,"22,25,0","52,20,0",1,350.0,224,0.02827,56.56854,12.56637,25.13274,1 1 1 1 1 1 1 1 1 1 1 1 1 1 1 1 1 1 1 1 1 1 1 1 1 0 1 1 0 1 0 0 1 0 1
95,SIPP_2^3,"22,25,0","52,20,0",1,320.71067999999997,162,0.03745,27.66262,5.49779,10.99557,2 2 2 2 2 2 2 2 2 2 2 2 2 2 2 2 2 2 2 2 2 1 1 2 1 2 1 2 2 1
95,SIPP_2^4,"22,25,0","52,20,0",1,311.8034,122,0.07743,11.6556,2.31824,4.63648,4 4 4 4 4 4 4 4 4 4 4 4 4 4 4 4 4 4 3 3 3 4 3 4 3
95,SIPP_2^5,"22,25,0","52,20,0",1,308.1138849999999,89,0.14488,8.06155,1.60875,3.21751,8 8 8 8 8 8 8 8 8 8 7 7 8 7 7 8 8 8 8 7
95,SIPP_BigCS,"22,25,4","52,20,0",1,310.0,283,0.81791,7.5725,1.4766,0.1563,361 5 5 1 81 305
95,SIPP_Standard,"22,25,4","52,20,0",1,325.0,112,0.11995,9.06119,1.7642,0.209,53 89 1 21
96,SIPP_2^2,"7,26,0","21,56,0",1,440.0,593,0.07001,91.92388,20.42035,40.8407,2 2 2 2 2 2 2 2 2 2 2 1 2 1 2 2 1 1 1 1 1 1 2 2 1 1 2 2 1 1 2 2 2 2 2 2 2 2 2 1 2 2 2 1
96,SIPP_2^3,"7,26,0","21,56,0",1,357.9899039999999,288,0.06694,35.64584,7.06858,14.13717,4 4 4 4 4 4 4 4 4 3 3 3 3 4 3 4 3 3 3 3 3 3 4 4 4 3 3 4 4 3
96,SIPP_2^4,"7,26,0","21,56,0",1,333.04952,57,0.03591,9.33296,1.85459,3.70918,7 7 7 7 7 7 7 7 7 7 8 7 7 7 8 7
96,SIPP_2^5,"7,26,0","21,56,0",1,331.57371399999994,40,0.06511,0.70962,0.1419,0.28379,14 14 14 14 14 14 14 14 14 14 14 14 15 15
96,SIPP_BigCS,"7,26,3","21,56,15",1,330.0,8,0.0617,4.31703,0.5061,0.0613,192 192 200 200 200 200 304
96,SIPP_Standard,"7,26,3","21,56,15",1,336.0,25,0.03751,7.36463,1.1673,0.148,8 52 56 56
97,SIPP_2^2,"15,3,0","51,60,0",1,930.0,2658,0.31708,311.12698,69.11504,138.23008,2 2 2 2 2 2 2 2 2 2 2 2 2 2 1 2 1 2 1 2 1 1 2 1 1 1 1 1 1 1 2 1 2 2 2 2 2 2 2 1 1 2 2 2 2 1 2 1 2 1 1 2 1 1 2 2 2 1 2 2 1 2 2 2 2 2 2 2 2 1 2 1 2 1 1 2 1 1 2 2 1 2 2 1 1 2 1 1 2 1 2 1 2
97,SIPP_2^3,"15,3,0","51,60,0",1,719.1168959999998,1036,0.24266,4.05259,0.7854,1.5708,3 3 3 3 3 3 3 3 3 3 3 3 3 3 3 3 3 3 3 3 3 3 3 3 3 3 3 3 3 3 3 3 3 3 3 3 4 4 4 4 4 4 4 4 4 4 4 4 4 4 4 4 4 4 4 4 4
97,SIPP_2^4,"15,3,0","51,60,0",1,681.70632,413,0.26394,14.52172,2.89576,5.79151,7 7 7 7 7 7 7 7 7 7 7 7 7 7 6 6 7 6 6 6 6 6 6 6 6 6 6 7 6 7 7 6 7 7 7 6
97,SIPP_2^5,"15,3,0","51,60,0",1,674.9967750000001,127,0.2085,4.97669,0.99484,1.98968,13 13 13 13 13 13 14 13 14 13 13 13 14 13 13 14 14 14 13 13 13
97,SIPP_BigCS,"15,3,14","51,60,13",1,672.0,22,0.09426,10.51035,1.627,0.0948,200 200 200 200 200 200 200 200 200 200 200 200 200 216 152 216 152 216
97,SIPP_Standard,"15,3,14","51,60,13",1,679.0,152,0.15264,9.43057,1.2947,0.1135,56 56 56 64 28 52 56 72
98,SIPP_2^2,"54,56,0","52,42,0",1,160.0,39,0.00477,28.28427,6.28319,12.56637,0 0 0 0 0 0 0 0 0 0 0 0 3 0 3 0
98,SIPP_2^3,"54,56,0","52,42,0",1,148.284272,29,0.00656,11.59279,2.35619,4.71239,0 0 0 0 0 0 0 0 0 0 7 0 0 7
98,SIPP_2^4,"54,56,0","52,42,0",1,144.72136,23,0.01447,6.94722,1.39094,2.78189,0 0 0 0 0 0 0 15 0 0 0 15
98,SIPP_2^5,"54,56,0","52,42,0",1,143.245554,19,0.03057,4.82449,0.96525,1.9305,0 0 0 0 0 0 0 31 0 31
98,SIPP_BigCS,"54,56,3","52,42,5",1,144.0,35,0.13694,2.36385,0.463,0.0399,6 6 6 6 6 6 6 82
98,SIPP_Standard,"54,56,3","52,42,5",1,416.0,1336,1.19106,25.20454,4.8475,0.9016,34 107 42 84 1
99,SIPP_2^2,"41,13,0","29,41,0",1,400.0,476,0.05621,70.71068,15.70796,31.41593,2 2 2 2 2 2 3 2 2 2 3 3 2 2 2 3 2 2 2 2 3 3 3 3 3 3 2 2 2 2 2 2 2 2 2 2 2 3 3 2
99,SIPP_2^3,"41,13,0","29,41,0",1,329.7056319999999,245,0.05589,32.15519,6.28319,12.56637,5 5 5 5 5 5 5 5 4 4 4 4 5 4 4 4 4 4 4 4 5 4 4 4 5 4 4 5
99,SIPP_2^4,"41,13,0","29,41,0",1,308.32815999999997,79,0.04967,18.549,3.70918,7.41836,9 9 9 9 9 8 9 9 8 9 9 9 8 9 8 9
99,SIPP_2^5,"41,13,0","29,41,0",1,305.37654799999996,45,0.07311,2.12942,0.42569,0.85138,18 18 18 18 18 18 18 17 17 17 18 17
99,SIPP_BigCS,"41,13,9","29,41,3",1,304.0,20,0.0944,3.9915,0.5061,0.0613,206 206 206 206 206 206 206 206 206 206 310 4 4
99,SIPP_Standard,"41,13,9","29,41,3",1,317.0,78,0.08799,7.44876,1.4273,0.1284,51 70 39 0
100,SIPP_2^2,"32,35,0","34,22,0",1,150.0,36,0.00441,28.28427,6.28319,12.56637,0 0 0 0 0 0 0 0 0 0 0 1 0 1 0
100,SIPP_2^3,"32,35,0","34,22,0",1,138.284272,26,0.00586,11.59279,2.35619,4.71239,0 0 0 0 0 0 0 0 0 1 0 0 1
100,SIPP_2^4,"32,35,0","34,22,0",1,134.72136,21,0.01324,6.94722,1.39094,2.78189,0 0 0 0 0 0 0 1 0 0 1
100,SIPP_2^5,"32,35,0","34,22,0",1,133.245554,17,0.0277,4.82449,0.96525,1.9305,0 0 0 1 0 0 0 0 1
100,SIPP_BigCS,"32,35,15","34,22,6",1,134.0,31,0.12806,5.02813,0.9783,0.1089,58 364
100,SIPP_Standard,"32,35,15","34,22,6",1,407.0,1643,1.60542,22.40793,4.3136,0.6984,23 54 106 41 79
101,SIPP_2^2,"3,49,0","40,62,0",1,500.0,680,0.08119,134.35029,29.84513,59.69026,1 1 1 1 1 1 1 1 1 1 1 1 1 1 1 1 1 1 2 1 1 2 1 2 2 1 1 1 2 2 1 2 2 1 1 2 1 1 1 2 1 1 1 2 1 1 2 1 1 2
101,SIPP_2^3,"3,49,0","40,62,0",1,423.8477679999999,397,0.09129,43.3104,8.63938,17.27876,2 2 2 2 2 2 2 2 2 2 2 2 2 2 2 2 2 3 2 3 2 3 3 3 3 3 3 3 3 2 3 2 2 3 2 2 3
101,SIPP_2^4,"3,49,0","40,62,0",1,400.68883999999997,199,0.1251,16.23979,3.24553,6.49107,5 5 5 5 5 5 5 5 5 5 4 4 5 4 4 4 4 5 4 5 4 4 4 4
101,SIPP_2^5,"3,49,0","40,62,0",1,392.5719069999999,35,0.05639,1.41934,0.28379,0.56759,9 9 9 9 9 9 10 10 9 9 9 9 9
101,SIPP_BigCS,"3,49,11","40,62,12",1,396.0,269,0.70873,8.69839,1.4766,0.1563,207 207 207 207 207 207 207 207 367 5 85 311
101,SIPP_Standard,"3,49,11","40,62,12",1,406.0,135,0.12312,16.07534,3.0941,0.3579,36 21 48 95 17
102,SIPP_2^2,"11,31,0","40,33,0",1,310.0,84,0.01019,28.28427,6.28319,12.56637,1 1 1 1 1 1 1 1 1 1 1 1 1 1 1 1 1 1 1 1 1 1 1 1 1 2 1 1 1 2 1
102,SIPP_2^3,"11,31,0","40,33,0",1,298.284272,74,0.01652,11.59279,2.35619,4.71239,2 2 2 2 2 2 2 2 2 2 2 2 2 2 2 2 2 2 2 2 2 2 2 2 2 2 3 2 3
102,SIPP_2^4,"11,31,0","40,33,0",1,294.72136,62,0.0383,6.94722,1.39094,2.78189,4 4 4 4 4 4 4 4 4 4 4 4 4 4 4 4 4 4 4 4 4 4 4 5 4 4 5
102,SIPP_2^5,"11,31,0","40,33,0",1,293.24555399999997,49,0.07846,4.82449,0.96525,1.9305,8 8 8 8 8 8 8 8 8 8 8 8 8 8 8 8 8 8 8 8 9 8 8 8 9
102,SIPP_BigCS,"11,31,4","40,33,3",1,294.0,99,0.30379,4.98532,0.9783,0.1089,367 5 5 1 5 5 5 5 5 5 57
102,SIPP_Standard,"11,31,4","40,33,3",1,324.0,220,0.37947,13.15547,2.5485,0.3027,48 95 9 45
103,SIPP_2^2,"6,46,0","42,15,0",1,670.0,1503,0.18156,261.62951,58.11946,116.23893,1 1 1 1 0 1 1 0 0 1 1 0 0 1 1 1 0 0 1 0 0 0 1 1 0 0 0 1 1 1 1 0 1 0 0 1 0 1 1 0 0 1 0 1 1 0 1 1 1 0 1 0 0 0 0 1 0 1 1 1 0 1 0 1 0 1 0
103,SIPP_2^3,"6,46,0","42,15,0",1,488.4062159999998,251,0.05843,31.68513,6.28319,12.56637,1 1 1 1 1 1 1 1 1 1 1 1 1 1 1 1 1 1 2 1 2 2 1 1 1 1 1 1 1 1 1 1 2 1 2 1
103,SIPP_2^4,"6,46,0","42,15,0",1,479.49893599999984,190,0.12126,12.91716,2.574,5.14801,2 2 2 2 2 2 2 2 2 2 2 2 2 2 2 2 2 2 3 2 2 2 2 2 3 3 2 3 2 3 2
103,SIPP_2^5,"6,46,0","42,15,0",1,477.26242099999985,147,0.24198,3.95137,0.78958,1.57917,4 5 5 5 5 4 4 4 4 4 4 5 4 4 4 4 4 4 4 4 4 4 4 4 4 4
103,SIPP_BigCS,"6,46,11","42,15,9",1,474.0,28,0.11775,6.98582,1.3162,0.092,101 101 101 101 101 101 101 101 101 101 101 101 101 101 153 249 153 217
103,SIPP_Standard,"6,46,11","42,15,9",1,481.0,96,0.10711,10.10722,1.9377,0.1482,68 53 65 29 53 73
104,SIPP_2^2,"45,33,0","29,63,0",0,-1,0,0.0,0.0,0.0,0.0,
104,SIPP_2^3,"45,33,0","29,63,0",0,-1,0,0.0,0.0,0.0,0.0,
104,SIPP_2^4,"45,33,0","29,63,0",0,-1,0,0.0,0.0,0.0,0.0,
104,SIPP_2^5,"45,33,0","29,63,0",0,-1,0,0.0,0.0,0.0,0.0,
104,SIPP_BigCS,"45,33,0","29,63,0",0,-1,0,0.0,0.0,0.0,0.0,
104,SIPP_Standard,"45,33,15","29,63,4",0,-1,55136,41.23688,0.0,0.0,0.0,
105,SIPP_2^2,"52,57,0","26,62,0",1,310.0,192,0.02327,49.49747,10.99557,21.99115,3 3 3 3 3 3 3 3 3 3 3 3 3 3 3 3 3 3 3 3 3 3 2 3 2 2 3 3 2 3 2
105,SIPP_2^3,"52,57,0","26,62,0",1,280.71067999999997,134,0.03029,19.79698,3.92699,7.85398,6 6 6 6 6 6 6 6 6 6 6 6 6 6 6 6 6 6 5 5 5 6 5 6 6 5
105,SIPP_2^4,"52,57,0","26,62,0",1,271.8034,98,0.06141,16.29843,3.24553,6.49107,12 12 12 12 12 12 11 12 12 11 12 12 12 12 11 11 12 12 12 12 11
105,SIPP_2^5,"52,57,0","26,62,0",1,268.1138849999999,69,0.10867,8.05749,1.60875,3.21751,24 24 24 24 24 24 24 24 23 24 24 23 24 23 23 23
105,SIPP_BigCS,"52,57,11","26,62,6",1,270.0,203,0.50194,7.5725,1.4766,0.1563,363 7 7 7 7 7 7 83 307
105,SIPP_Standard,"52,57,11","26,62,6",1,332.0,259,0.21099,14.01897,2.7357,0.3925,82 3 11 39
106,SIPP_2^2,"2,18,0","7,6,0",1,170.0,76,0.00864,35.35534,7.85398,15.70796,0 0 0 0 1 1 1 0 0 0 0 0 1 0 0 0 1
106,SIPP_2^3,"2,18,0","7,6,0",1,140.71067999999997,44,0.00978,19.61218,3.92699,7.85398,0 0 0 0 1 0 1 1 1 0 0 1
106,SIPP_2^4,"2,18,0","7,6,0",1,131.8034,18,0.01109,9.33785,1.85459,3.70918,1 0 1 1 0 1 1
106,SIPP_2^5,"2,18,0","7,6,0",1,130.32759399999998,11,0.01726,0.71022,0.1419,0.28379,2 2 2 1 1
106,SIPP_BigCS,"2,18,2","7,6,4",1,130.0,5,0.04241,2.91107,0.5061,0.0613,204 204 204 308
106,SIPP_Standard,"2,18,2","7,6,4",1,420.0,797,0.61157,25.64602,4.9393,0.8183,17 111 33 74 109
107,SIPP_2^2,"43,51,0","57,58,0",1,210.0,135,0.01568,42.42641,9.42478,18.84956,1 1 1 1 1 2 2 1 1 1 1 1 2 2 2 1 1 1 2 2 1
107,SIPP_2^3,"43,51,0","57,58,0",1,168.99495199999996,64,0.0144,23.93704,4.71239,9.42478,3 2 2 2 2 2 3 3 3 3 2 3 2 3
107,SIPP_2^4,"43,51,0","57,58,0",1,156.52476,7,0.00443,0.0,0.0,0.0,5 5 5 5 5 5 5
107,SIPP_2^5,"43,51,0","57,58,0",1,156.52476,7,0.01119,0.0,0.0,0.0,10 10 10 10 10 10 10
107,SIPP_BigCS,"43,51,5","57,58,9",1,155.0,4,0.05172,1.04752,0.0,0.0,199 207 207 207
107,SIPP_Standard,"43,51,5","57,58,9",1,159.0,4,0.01787,4.73187,0.9185,0.0813,48 95
108,SIPP_2^2,"38,11,0","54,25,0",1,300.0,308,0.03624,84.85281,18.84956,37.69911,2 2 2 2 2 1 2 2 2 2 1 1 1 1 1 1 1 1 1 1 2 1 1 2 1 2 1 2 1 2
108,SIPP_2^3,"38,11,0","54,25,0",1,217.98990399999994,52,0.01177,7.77347,1.5708,3.14159,3 3 3 3 3 3 3 3 3 3 3 3 3 2 2 3
108,SIPP_2^4,"38,11,0","54,25,0",1,214.42699199999996,38,0.02401,3.22056,0.6435,1.287,6 6 6 6 6 6 6 6 6 6 5 5 6 6
108,SIPP_2^5,"38,11,0","54,25,0",1,213.53238599999995,33,0.05358,1.97768,0.39479,0.78958,12 12 12 12 12 12 12 12 11 11 12 12
108,SIPP_BigCS,"38,11,1","54,25,7",1,212.0,12,0.07363,3.49395,0.6634,0.0518,100 100 100 100 100 100 124 255
108,SIPP_Standard,"38,11,1","54,25,7",1,246.0,85,0.09577,11.82604,2.3238,0.3758,8 48 103
109,SIPP_2^2,"43,55,0","6,26,0",1,660.0,1470,0.17398,268.70058,59.69026,119.38052,3 3 3 3 0 3 3 3 0 3 3 3 0 3 3 0 3 3 3 0 0 3 0 0 3 0 0 3 3 3 0 0 3 3 0 3 3 0 3 0 3 0 0 0 3 0 3 0 3 3 0 0 0 3 0 0 3 3 3 0 3 0 0 3 0 3
109,SIPP_2^3,"43,55,0","6,26,0",1,490.1219439999998,345,0.07868,31.3997,6.28319,12.56637,7 7 7 7 7 7 7 7 7 7 7 7 7 7 7 6 7 6 6 6 7 7 7 7 7 6 6 7 7 7 7 7 7 7 6 6 7
109,SIPP_2^4,"43,55,0","6,26,0",1,475.8702959999999,226,0.14204,12.8702,2.574,5.14801,14 14 13 13 13 13 14 13 14 14 14 14 14 14 13 13 14 13 14 14 14 14 14 14 14 14 14 14 14
109,SIPP_2^5,"43,55,0","6,26,0",1,472.2918719999999,144,0.23414,2.96494,0.59219,1.18437,27 27 27 27 27 27 27 28 28 27 28 28 28 28 28 28 28 28 28 28 28
109,SIPP_BigCS,"43,55,1","6,26,2",1,470.0,42,0.15606,10.53503,1.969,0.1322,102 102 102 126 253 126 221 126 221
109,SIPP_Standard,"43,55,1","6,26,2",1,474.0,55,0.0665,10.2573,1.929,0.1041,69 50 69 50 69 54
110,SIPP_2^2,"11,28,0","22,55,0",1,380.0,422,0.04932,56.56854,12.56637,25.13274,2 2 2 2 2 2 2 2 2 2 2 2 2 2 2 2 2 2 2 2 1 2 2 2 1 1 1 1 2 1 2 2 1 1 1 1 1 2
110,SIPP_2^3,"11,28,0","22,55,0",1,315.56349599999993,225,0.0505,24.20853,4.71239,9.42478,3 3 3 3 3 3 3 4 4 4 4 4 3 3 4 4 3 4 4 4 4 4 4 4 4 4 3
110,SIPP_2^4,"11,28,0","22,55,0",1,295.96748,85,0.05282,23.34075,4.63648,9.27295,7 8 7 7 7 7 7 7 8 7 8 7 8 7 8 7
110,SIPP_2^5,"11,28,0","22,55,0",1,292.277965,41,0.06518,3.54894,0.70949,1.41897,14 15 14 14 14 15 14 14 15 15 15
110,SIPP_BigCS,"11,28,14","22,55,9",1,292.0,24,0.10526,3.9751,0.5075,0.0551,200 200 200 200 200 200 200 200 200 200 360
110,SIPP_Standard,"11,28,14","22,55,9",1,317.0,168,0.17303,10.09687,1.9516,0.2417,44 0 8 48
111,SIPP_2^2,"4,43,0","2,12,0",1,330.0,90,0.01091,28.28427,6.28319,12.56637,0 0 0 0 0 0 0 0 0 0 0 0 0 0 0 0 0 0 0 0 0 0 0 0 0 0 0 0 0 3 0 3 0
111,SIPP_2^3,"4,43,0","2,12,0",1,318.284272,80,0.01823,11.59279,2.35619,4.71239,0 0 0 0 0 0 0 0 0 0 0 0 0 0 0 0 0 0 0 0 0 0 0 0 0 0 0 0 7 0 7
111,SIPP_2^4,"4,43,0","2,12,0",1,314.72136,68,0.043,6.94722,1.39094,2.78189,0 0 0 0 0 0 0 0 0 0 0 0 0 0 0 0 0 0 0 0 0 0 0 0 0 15 0 0 15
111,SIPP_2^5,"4,43,0","2,12,0",1,313.24555399999997,54,0.0859,4.82449,0.96525,1.9305,0 0 0 0 0 0 0 0 0 0 0 0 0 0 0 0 0 0 0 0 0 0 0 31 0 0 31
111,SIPP_BigCS,"4,43,2","2,12,4",1,314.0,111,0.28207,4.98532,0.9783,0.1089,362 6 6 6 6 6 6 6 6 6 6 2 30
111,SIPP_Standard,"4,43,2","2,12,4",1,321.0,26,0.03183,6.75321,1.3299,0.1489,46 2 2 18
112,SIPP_2^2,"31,48,0","10,6,0",1,630.0,1261,0.14927,169.70563,37.69911,75.39822,0 0 0 0 0 0 0 0 0 0 0 0 0 0 0 0 0 0 0 0 0 0 0 0 0 3 0 3 0 3 0 3 3 3 3 0 3 3 3 0 3 0 3 0 0 0 3 3 3 0 0 3 0 0 3 0 3 3 0 0 3 3 0
112,SIPP_2^3,"31,48,0","10,6,0",1,506.98485599999987,569,0.13186,31.6876,6.28319,12.56637,7 7 7 7 7 7 7 7 7 7 7 7 7 7 0 0 0 0 0 0 0 0 0 7 7 0 0 0 0 0 0 0 0 7 7 7 0 0 7 0 0 7
112,SIPP_2^4,"31,48,0","10,6,0",1,469.57428,21,0.01335,0.0,0.0,0.0,15 15 15 15 15 15 15 15 15 15 15 15 15 15 15 15 15 15 15 15 15
112,SIPP_2^5,"31,48,0","10,6,0",1,469.57428,21,0.03384,0.0,0.0,0.0,30 30 30 30 30 30 30 30 30 30 30 30 30 30 30 30 30 30 30 30 30
112,SIPP_BigCS,"31,48,13","10,6,10",1,467.0,6,0.05784,3.34249,0.0,0.0,194 194 194 194 194 202
112,SIPP_Standard,"31,48,13","10,6,10",1,482.0,222,0.23061,16.58059,3.1915,0.3374,54 66 54 90 10 46
113,SIPP_2^2,"46,26,0","0,31,0",0,-1,0,0.0,0.0,0.0,0.0,
113,SIPP_2^3,"46,26,0","0,31,0",0,-1,0,0.0,0.0,0.0,0.0,
113,SIPP_2^4,"46,26,0","0,31,0",0,-1,0,0.0,0.0,0.0,0.0,
113,SIPP_2^5,"46,26,0","0,31,0",0,-1,0,0.0,0.0,0.0,0.0,
113,SIPP_BigCS,"46,26,0","0,31,0",0,-1,0,0.0,0.0,0.0,0.0,
113,SIPP_Standard,"46,26,12","0,31,0",0,-1,55136,41.26511,0.0,0.0,0.0,
114,SIPP_2^2,"61,52,0","51,22,0",1,400.0,351,0.04187,84.85281,18.84956,37.69911,0 0 0 0 0 0 0 0 0 0 0 0 0 0 0 0 0 0 0 3 3 0 3 0 3 3 0 0 3 0 0 0 3 0 0 0 3 3 3 0
114,SIPP_2^3,"61,52,0","51,22,0",1,341.42135999999994,243,0.0552,43.89969,8.63938,17.27876,0 0 0 0 0 0 7 0 0 0 7 7 7 0 7 7 7 0 0 0 0 0 0 0 7 0 7 0 0 7
114,SIPP_2^4,"61,52,0","51,22,0",1,323.60679999999996,138,0.08677,7.0097,1.39094,2.78189,15 15 15 15 15 15 15 15 15 0 0 0 0 0 15 0 0 0 0 0
114,SIPP_2^5,"61,52,0","51,22,0",1,316.2277699999999,10,0.01618,0.0,0.0,0.0,31 31 31 31 31 31 31 31 31 31
114,SIPP_BigCS,"61,52,3","51,22,11",1,320.0,185,0.52454,6.31945,1.0517,0.1165,202 202 202 202 202 202 202 306 6 6 14
114,SIPP_Standard,"61,52,3","51,22,11",1,327.0,55,0.06144,11.96419,2.3098,0.2642,10 54 90 6
115,SIPP_2^2,"33,42,0","24,6,0",1,450.0,476,0.05986,70.71068,15.70796,31.41593,0 0 0 0 0 0 0 0 0 0 0 0 0 0 3 0 0 0 0 0 0 0 0 0 3 3 0 0 3 3 3 3 0 0 0 3 0 0 0 0 0 0 0 3 0
115,SIPP_2^3,"33,42,0","24,6,0",1,397.27922399999994,312,0.0723,28.1005,5.49779,10.99557,0 0 0 0 0 0 0 0 0 0 0 0 0 0 0 0 0 0 0 0 0 0 0 0 7 7 7 7 7 0 7 0 7 7 0 7
115,SIPP_2^4,"33,42,0","24,6,0",1,381.24612,202,0.12904,16.27474,3.24553,6.49107,0 0 0 0 0 0 0 0 0 0 0 0 0 15 15 15 15 15 15 0 15 0 15 0 0 0 15
115,SIPP_2^5,"33,42,0","24,6,0",1,374.6049929999999,113,0.21615,3.23491,0.6435,1.287,31 31 31 31 31 31 31 31 0 0 0 0 0 0 0 0 0 31
115,SIPP_BigCS,"33,42,12","24,6,1",1,378.0,486,1.37019,12.47653,2.409,0.2562,6 6 82 306 82 306 6 6 30
115,SIPP_Standard,"33,42,12","24,6,1",1,403.0,404,0.3997,14.35881,2.7663,0.367,2 18 108 54 74
116,SIPP_2^2,"52,55,0","42,57,0",1,120.0,27,0.00348,21.2132,4.71239,9.42478,3 3 3 3 3 3 3 3 2 3 3 2
116,SIPP_2^3,"52,55,0","42,57,0",1,108.28427199999999,18,0.00416,11.59279,2.35619,4.71239,6 6 6 6 5 6 6 6 6 5
116,SIPP_2^4,"52,55,0","42,57,0",1,104.72136,15,0.00952,6.94722,1.39094,2.78189,12 12 12 11 12 12 12 11
116,SIPP_2^5,"52,55,0","42,57,0",1,103.245554,11,0.0179,4.82449,0.96525,1.9305,24 23 24 24 24 23
116,SIPP_BigCS,"52,55,15","42,57,13",1,104.0,16,0.08937,2.36385,0.463,0.0399,7 7 7 83
116,SIPP_Standard,"52,55,15","42,57,13",1,415.0,941,0.81453,25.99324,5.0363,0.8151,33 74 109 39 12
117,SIPP_2^2,"41,62,0","7,20,0",1,760.0,1729,0.20382,127.27922,28.27433,56.54867,3 3 3 3 3 3 3 3 3 3 3 3 3 3 3 3 3 3 3 3 3 3 3 3 0 0 0 0 0 0 0 0 0 0 0 3 0 0 0 3 3 0 0 0 3 0 3 0 0 3 0 0 0 0 0 0 0 0 3 0 0 0 0 0 0 0 0 0 0 0 3 0 3 0 0 3
117,SIPP_2^3,"41,62,0","7,20,0",1,560.8326239999999,411,0.09364,16.07464,3.14159,6.28319,7 7 7 7 7 7 7 7 7 7 7 7 7 7 7 7 7 7 7 7 7 7 7 7 7 7 7 7 7 7 7 7 0 0 0 0 0 7 0 0 0 7
117,SIPP_2^4,"41,62,0","7,20,0",1,546.5809759999999,282,0.17736,16.09369,3.21751,6.43501,14 14 14 14 14 14 14 14 14 14 14 15 14 14 14 14 15 14 14 14 14 14 14 14 14 15 14 15 15 15 15 14 15 14
117,SIPP_2^5,"41,62,0","7,20,0",1,543.0025519999999,196,0.31784,4.93708,0.98698,1.97396,28 28 28 28 28 28 28 28 28 28 28 28 28 29 29 29 28 28 28 29 29 29 28 28 29 29
117,SIPP_BigCS,"41,62,2","7,20,4",1,540.0,47,0.15269,10.53503,1.969,0.1322,102 102 102 102 102 102 102 102 154 250 154 218 154 218
117,SIPP_Standard,"41,62,2","7,20,4",1,548.0,186,0.18717,15.22297,2.911,0.2473,54 66 54 74 69 54 74
118,SIPP_2^2,"30,30,0","26,63,0",0,-1,0,0.0,0.0,0.0,0.0,
118,SIPP_2^3,"30,30,0","26,63,0",0,-1,0,0.0,0.0,0.0,0.0,
118,SIPP_2^4,"30,30,0","26,63,0",0,-1,0,0.0,0.0,0.0,0.0,
118,SIPP_2^5,"30,30,0","26,63,0",0,-1,0,0.0,0.0,0.0,0.0,
118,SIPP_BigCS,"30,30,0","26,63,0",0,-1,0,0.0,0.0,0.0,0.0,
118,SIPP_Standard,"30,30,7","26,63,11",0,-1,55136,41.31647,0.0,0.0,0.0,
119,SIPP_2^2,"20,10,0","21,46,0",1,370.0,37,0.00455,7.07107,1.5708,3.14159,2 2 2 2 2 2 2 2 2 2 2 2 2 2 2 2 2 2 2 2 2 2 2 2 2 2 2 2 2 2 2 2 2 2 2 2 1
119,SIPP_2^3,"20,10,0","21,46,0",1,364.142136,36,0.00817,3.82683,0.7854,1.5708,4 4 4 4 4 4 4 4 4 4 4 4 4 4 4 4 4 4 4 4 4 4 4 4 4 4 4 4 4 4 4 4 4 4 4 3
119,SIPP_2^4,"20,10,0","21,46,0",1,362.36068,35,0.02221,2.29753,0.46365,0.9273,8 8 8 8 8 8 8 8 8 8 8 8 8 8 8 8 8 8 8 8 8 8 8 8 8 8 8 8 8 8 8 8 8 8 7
119,SIPP_2^5,"20,10,0","21,46,0",1,361.622777,34,0.05523,1.60182,0.32175,0.6435,16 16 16 16 16 16 16 16 16 16 16 16 16 16 16 16 16 16 16 16 16 16 16 16 16 16 16 16 16 16 16 16 16 15
119,SIPP_BigCS,"20,10,13","21,46,9",1,362.0,34,0.13019,2.74653,0.5456,0.0552,4 4 0 0 4 4 0 12
119,SIPP_Standard,"20,10,13","21,46,9",1,397.0,450,0.44804,10.89729,2.0858,0.2293,52 88 0 20 51
120,SIPP_2^2,"28,44,0","22,26,0",1,240.0,151,0.018,56.56854,12.56637,25.13274,0 0 0 0 0 0 3 0 0 0 3 3 3 0 0 0 0 0 0 3 0 0 3 0
120,SIPP_2^3,"28,44,0","22,26,0",1,204.85281599999996,91,0.02082,19.66274,3.92699,7.85398,0 0 0 7 0 0 0 0 7 7 7 7 0 0 0 0 0 7
120,SIPP_2^4,"28,44,0","22,26,0",1,194.16407999999998,54,0.03452,6.99946,1.39094,2.78189,15 15 15 0 15 15 15 0 0 0 0 0
120,SIPP_2^5,"28,44,0","22,26,0",1,189.73666199999997,6,0.00986,0.0,0.0,0.0,31 31 31 31 31 31
120,SIPP_BigCS,"28,44,13","22,26,2",1,192.0,41,0.15351,5.23913,0.9691,0.1012,202 202 306 6 82
120,SIPP_Standard,"28,44,13","22,26,2",1,244.0,122,0.13273,12.35424,2.4143,0.3151,37 10 38
121,SIPP_2^2,"18,12,0","22,51,0",1,430.0,243,0.03103,35.35534,7.85398,15.70796,2 2 2 2 2 2 2 2 2 2 2 2 2 2 2 2 2 2 2 2 2 2 2 2 2 2 2 2 2 2 2 2 2 2 2 2 1 1 2 2 1 2 1
121,SIPP_2^3,"18,12,0","22,51,0",1,406.568544,192,0.0439,11.77758,2.35619,4.71239,4 4 4 4 4 4 4 4 4 4 3 3 3 4 4 4 4 4 4 4 4 4 4 4 4 4 4 4 4 4 4 4 4 4 4 4 4 4 3
121,SIPP_2^4,"18,12,0","22,51,0",1,399.44272,153,0.09694,11.63538,2.31824,4.63648,8 8 8 8 8 8 8 8 8 8 8 8 8 8 8 8 8 8 8 8 8 8 8 8 8 8 8 8 7 8 7 7 8 8 7
121,SIPP_2^5,"18,12,0","22,51,0",1,396.49110799999994,129,0.21021,8.05886,1.60875,3.21751,16 16 16 16 16 16 16 16 16 16 16 16 16 16 16 16 16 16 16 16 16 15 16 16 15 15 16 16 16 16 15
121,SIPP_BigCS,"18,12,1","22,51,8",1,398.0,425,1.20374,7.58295,1.4844,0.1702,360 4 0 0 4 4 4 28 304
121,SIPP_Standard,"18,12,1","22,51,8",1,401.0,39,0.05177,6.75321,1.3299,0.1489,44 0 0 0 4
122,SIPP_2^2,"9,9,0","41,23,0",1,460.0,640,0.07605,106.06602,23.56194,47.12389,1 1 1 1 1 1 1 1 1 1 1 2 1 1 1 1 1 1 2 2 1 1 2 2 2 1 2 2 2 1 1 1 1 2 2 1 2 1 1 1 1 1 1 2 1 2
122,SIPP_2^3,"9,9,0","41,23,0",1,377.9899039999999,322,0.07434,59.33477,11.78097,23.56195,2 2 2 2 2 2 2 2 2 3 2 3 3 2 3 2 3 3 3 3 2 3 3 2 3 3 2 2 3 2 2 3
122,SIPP_2^4,"9,9,0","41,23,0",1,353.04952,95,0.06059,9.22348,1.85459,3.70918,5 5 5 5 5 5 4 4 5 5 5 5 5 4 4 5 5 5
122,SIPP_2^5,"9,9,0","41,23,0",1,350.09790799999996,57,0.09309,3.54758,0.70949,1.41897,10 10 10 10 10 10 9 10 9 10 10 10 9 9
122,SIPP_BigCS,"9,9,14","41,23,15",1,348.0,22,0.10138,4.27055,0.5061,0.0613,207 207 207 207 207 207 207 207 207 207 207 207 311 5 5
122,SIPP_Standard,"9,9,14","41,23,15",1,355.0,25,0.03844,7.77831,1.1565,0.2278,63 63 63 103
123,SIPP_2^2,"18,40,0","28,29,0",1,210.0,148,0.01748,70.71068,15.70796,31.41593,1 1 0 0 1 0 1 1 0 0 0 0 0 0 1 1 0 1 1 0 1
123,SIPP_2^3,"18,40,0","28,29,0",1,151.42135999999996,20,0.00458,8.07282,1.5708,3.14159,1 1 1 1 1 1 1 1 1 0 1
123,SIPP_2^4,"18,40,0","28,29,0",1,149.63990399999997,19,0.01193,3.2307,0.6435,1.287,2 2 2 2 2 2 2 2 1 2
123,SIPP_2^5,"18,40,0","28,29,0",1,149.19260099999997,17,0.02733,1.97796,0.39479,0.78958,4 4 4 4 4 4 4 3 4
123,SIPP_BigCS,"18,40,8","28,29,9",1,148.0,7,0.06067,1.74352,0.3314,0.0258,101 101 101 101 101 101 125
123,SIPP_Standard,"18,40,8","28,29,9",1,159.0,9,0.02323,7.22812,1.4273,0.1914,53 81
124,SIPP_2^2,"22,5,0","11,28,0",1,340.0,356,0.04226,70.71068,15.70796,31.41593,2 2 2 2 2 2 2 2 2 2 2 2 2 2 3 3 3 2 3 3 2 2 3 2 2 3 3 3 3 2 2 2 3 2
124,SIPP_2^3,"22,5,0","11,28,0",1,275.56349599999993,171,0.03904,24.19901,4.71239,9.42478,5 5 5 5 5 5 5 5 4 4 4 4 4 4 4 5 4 5 4 4 4 4 5
124,SIPP_2^4,"22,5,0","11,28,0",1,255.96748,28,0.01787,4.65352,0.9273,1.85459,9 9 9 9 9 9 9 9 9 9 8 9
124,SIPP_2^5,"22,5,0","11,28,0",1,255.229577,21,0.03412,0.70974,0.1419,0.28379,18 18 18 18 18 18 18 18 18 18 17
124,SIPP_BigCS,"22,5,12","11,28,5",1,256.0,30,0.11821,5.02214,0.8277,0.0816,179 206 206 206 206 206 310 4
124,SIPP_Standard,"22,5,12","11,28,5",1,263.0,28,0.03891,9.43503,1.7026,0.232,62 94 24
125,SIPP_2^2,"41,37,0","26,61,0",1,390.0,503,0.05952,120.20815,26.70354,53.40708,3 3 3 3 3 3 2 2 2 2 2 2 2 2 2 2 3 2 2 2 2 2 3 2 3 2 3 2 3 3 2 3 2 3 2 2 2 3 2
125,SIPP_2^3,"41,37,0","26,61,0",1,302.1320399999999,184,0.04197,23.30768,4.71239,9.42478,5 5 5 5 5 5 5 5 5 5 5 5 4 4 5 4 4 4 5 4 4 4 4 5
125,SIPP_2^4,"41,37,0","26,61,0",1,286.098936,75,0.04736,8.07731,1.60875,3.21751,9 9 9 10 10 9 9 9 9 10 9 9 10 10 10
125,SIPP_2^5,"41,37,0","26,61,0",1,283.41511799999995,28,0.04565,1.86591,0.37307,0.74613,19 19 19 18 19 19 19 18 18
125,SIPP_BigCS,"41,37,12","26,61,2",1,282.0,9,0.0663,4.27753,0.6528,0.0402,206 206 206 206 206 206 222 127
125,SIPP_Standard,"41,37,12","26,61,2",1,319.0,233,0.24657,10.17872,1.9729,0.1836,55 67 39 4
126,SIPP_2^2,"9,20,0","10,3,0",1,180.0,18,0.00221,7.07107,1.5708,3.14159,0 0 0 0 0 0 0 0 0 0 0 0 0 0 0 0 0 1
126,SIPP_2^3,"9,20,0","10,3,0",1,174.142136,17,0.00386,3.82683,0.7854,1.5708,0 0 0 0 0 0 0 0 0 0 0 0 0 0 0 0 1
126,SIPP_2^4,"9,20,0","10,3,0",1,172.36068,16,0.00993,2.29753,0.46365,0.9273,0 0 0 0 0 0 0 0 0 0 0 0 0 0 0 1
126,SIPP_2^5,"9,20,0","10,3,0",1,171.62277699999999,15,0.02387,1.60182,0.32175,0.6435,0 0 0 0 0 0 0 0 0 0 0 0 0 0 1
126,SIPP_BigCS,"9,20,13","10,3,4",1,172.0,15,0.07883,2.74653,0.5456,0.0552,6 2 42
126,SIPP_Standard,"9,20,13","10,3,4",1,241.0,145,0.11579,11.55118,2.2207,0.3118,77 106 53
127,SIPP_2^2,"24,36,0","12,31,0",1,170.0,82,0.00964,35.35534,7.85398,15.70796,3 3 3 3 3 3 3 3 3 0 3 0 0 0 3 3 0
127,SIPP_2^3,"24,36,0","12,31,0",1,140.71067999999997,44,0.00993,19.61218,3.92699,7.85398,6 6 6 6 7 6 7 7 7 6 6 7
127,SIPP_2^4,"24,36,0","12,31,0",1,131.8034,18,0.01135,9.33785,1.85459,3.70918,13 12 13 13 12 13 13
127,SIPP_2^5,"24,36,0","12,31,0",1,130.32759399999998,11,0.0179,0.71022,0.1419,0.28379,26 26 26 25 25
127,SIPP_BigCS,"24,36,1","12,31,5",1,130.0,5,0.05483,2.91107,0.5061,0.0613,205 205 205 309
127,SIPP_Standard,"24,36,1","12,31,5",1,175.0,29,0.04179,11.51907,2.2622,0.3989,99 85
128,SIPP_2^2,"49,14,0","22,52,0",1,650.0,1448,0.1698,240.41631,53.40708,106.81415,2 2 2 2 2 2 2 2 3 2 2 3 3 2 2 2 3 2 2 3 3 3 3 2 2 3 2 2 3 2 2 3 3 2 3 3 2 3 2 2 3 2 2 2 3 2 3 2 2 3 3 2 2 3 2 3 3 3 2 3 3 2 2 3 2
128,SIPP_2^3,"49,14,0","22,52,0",1,491.8376719999998,417,0.09421,32.02541,6.28319,12.56637,5 5 5 5 5 5 5 5 5 5 5 5 5 5 5 5 5 5 4 5 5 5 5 4 5 5 4 4 4 4 4 4 5 5 4 4 4 5
128,SIPP_2^4,"49,14,0","22,52,0",1,472.24165599999986,230,0.14355,11.28353,2.25225,4.50451,9 9 9 9 9 9 9 9 10 10 10 10 10 9 10 9 10 10 10 9 10 10 10 10 10 10 10
128,SIPP_2^5,"49,14,0","22,52,0",1,467.321323,92,0.14666,4.94227,0.98698,1.97396,19 19 19 19 19 19 20 20 19 20 20 19 19 19 19 20
128,SIPP_BigCS,"49,14,7","22,52,9",1,466.0,23,0.10377,9.11498,1.627,0.0948,206 206 206 222 103 127 222 127 222
128,SIPP_Standard,"49,14,7","22,52,9",1,468.0,25,0.03854,11.82977,2.2593,0.1685,51 70 51 70 51 78
129,SIPP_2^2,"20,50,0","17,40,0",1,130.0,39,0.00482,42.42641,9.42478,18.84956,0 0 0 0 0 0 0 3 0 3 0 3 0
129,SIPP_2^3,"20,50,0","17,40,0",1,112.42640799999998,25,0.00579,19.45842,3.92699,7.85398,0 0 0 0 7 0 7 0 0 7
129,SIPP_2^4,"20,50,0","17,40,0",1,107.08203999999999,20,0.01263,2.34408,0.46365,0.9273,15 15 15 0 0 0 0
129,SIPP_2^5,"20,50,0","17,40,0",1,104.868331,7,0.01145,3.23301,0.6435,1.287,31 31 0 31
129,SIPP_BigCS,"20,50,2","17,40,4",1,106.0,13,0.07965,2.73576,0.5061,0.0613,202 306 6 6
129,SIPP_Standard,"20,50,2","17,40,4",1,416.0,1707,1.48158,25.81702,4.9904,0.8703,32 73 108 34 91
130,SIPP_2^2,"40,45,0","54,11,0",1,480.0,682,0.08112,63.63961,14.13717,28.27433,0 0 0 0 0 0 0 0 0 0 0 0 0 0 0 0 0 0 0 0 0 0 0 0 0 0 0 0 0 0 1 1 0 1 1 1 1 1 1 0 1 0 1 1 1 1 0 1
130,SIPP_2^3,"40,45,0","54,11,0",1,397.9899039999999,356,0.08166,39.93819,7.85398,15.70796,1 1 1 1 1 1 1 0 0 0 0 1 1 0 0 0 1 0 0 0 0 0 0 0 1 0 0 0 0 1 1 0 0 1
130,SIPP_2^4,"40,45,0","54,11,0",1,373.04952,133,0.08366,7.02373,1.39094,2.78189,1 1 1 1 1 1 1 1 1 1 1 1 1 0 0 1 0 0 0 0
130,SIPP_2^5,"40,45,0","54,11,0",1,368.6221019999999,66,0.10647,3.54652,0.70949,1.41897,2 1 2 2 2 2 2 2 1 2 1 1 1 1
130,SIPP_BigCS,"40,45,7","54,11,12",1,368.0,41,0.15131,6.49608,0.9769,0.1151,204 204 204 204 204 204 204 204 204 204 204 308 58
130,SIPP_Standard,"40,45,7","54,11,12",1,403.0,492,0.48362,6.02087,1.1673,0.148,2 2 22 29 53
131,SIPP_2^2,"34,30,0","45,58,0",1,390.0,439,0.05205,77.78175,17.27876,34.55752,2 2 2 2 2 2 2 2 2 2 2 2 2 2 2 2 1 1 2 2 2 2 2 1 1 2 2 2 1 2 2 1 2 1 1 1 1 2 1
131,SIPP_2^3,"34,30,0","45,58,0",1,325.56349599999993,238,0.05424,27.66682,5.49779,10.99557,4 4 4 4 4 4 4 4 4 4 4 4 4 3 3 4 3 4 3 3 3 3 3 3 3 4 4 3
131,SIPP_2^4,"34,30,0","45,58,0",1,305.96747999999997,101,0.06333,11.6369,2.31824,4.63648,7 7 7 7 7 7 7 7 7 8 7 8 7 8 8 8 8
131,SIPP_2^5,"34,30,0","45,58,0",1,301.540062,41,0.06602,1.41944,0.28379,0.56759,15 15 15 15 14 14 14 14 14 15 15
131,SIPP_BigCS,"34,30,15","45,58,2",1,302.0,40,0.14821,5.93676,0.9691,0.1012,200 200 200 200 200 200 200 304 4 80
131,SIPP_Standard,"34,30,15","45,58,2",1,318.0,107,0.11692,9.3562,1.819,0.2268,0 8 52 72
132,SIPP_2^2,"57,39,0","15,17,0",1,640.0,1298,0.15499,176.7767,39.26991,78.53982,3 3 0 0 0 0 3 3 3 3 3 3 3 3 3 3 0 0 3 0 0 3 0 0 3 3 3 3 0 3 3 3 3 3 3 3 3 0 3 3 0 3 3 0 3 3 3 3 3 0 0 3 3 0 0 3 0 3 3 0 0 3 3 0
132,SIPP_2^3,"57,39,0","15,17,0",1,511.12699199999986,570,0.13247,59.89061,11.78097,23.56195,6 6 6 6 7 7 6 6 6 6 6 7 6 6 7 7 7 7 7 7 7 6 6 6 7 7 7 7 7 7 7 6 6 7 7 6 7 6 7 6 6 7
132,SIPP_2^4,"57,39,0","15,17,0",1,475.497872,73,0.04702,4.85003,0.96525,1.9305,13 13 13 13 13 13 13 13 13 13 13 13 13 13 13 13 13 13 13 14 13 14
132,SIPP_2^5,"57,39,0","15,17,0",1,474.603266,59,0.09673,2.48684,0.49742,0.99484,26 26 26 26 26 26 26 26 26 26 26 26 26 26 26 26 27 26 27 26
132,SIPP_BigCS,"57,39,13","15,17,0",1,472.0,12,0.07356,6.00483,0.6405,0.1703,197 197 197 205 205 205 205 205 205 205 205 325
132,SIPP_Standard,"57,39,13","15,17,0",1,484.0,166,0.17483,14.27902,2.5946,0.2764,50 61 69 38 23 50
133,SIPP_2^2,"62,18,0","26,2,0",1,520.0,753,0.08789,42.42641,9.42478,18.84956,3 3 3 3 3 3 3 3 3 3 3 3 3 3 3 3 3 3 3 3 3 3 3 3 3 3 3 3 3 3 3 3 3 0 3 0 0 0 3 0 0 0 0 0 0 0 0 0 0 0 0 3
133,SIPP_2^3,"62,18,0","26,2,0",1,426.2741759999999,403,0.09192,35.15415,7.06858,14.13717,6 6 6 6 6 6 6 6 6 6 6 6 6 6 7 7 7 6 7 7 7 7 7 7 7 7 6 7 7 7 6 7 6 6 6 7
133,SIPP_2^4,"62,18,0","26,2,0",1,397.77088,111,0.06925,13.96224,2.78189,5.56377,13 13 13 13 13 13 12 12 13 12 13 13 13 13 13 13 13 13 12 13
133,SIPP_2^5,"62,18,0","26,2,0",1,394.81926799999997,69,0.11026,2.1282,0.42569,0.85138,26 26 26 26 26 26 26 25 26 26 26 26 26 25 25 25
133,SIPP_BigCS,"62,18,5","26,2,4",1,392.0,24,0.08685,4.5496,0.5061,0.0613,205 205 205 205 205 205 205 205 205 205 205 205 205 205 309 7 7
133,SIPP_Standard,"62,18,5","26,2,4",1,404.0,104,0.09996,13.99241,2.6827,0.2903,50 93 23 50 93
134,SIPP_2^2,"23,27,0","50,50,0",1,500.0,869,0.18994,113.13708,25.13274,50.26548,2 2 2 2 2 2 2 2 2 2 1 1 2 2 2 2 2 1 1 1 1 2 1 1 2 1 1 2 2 1 1 1 1 1 1 1 1 1 1 1 2 1 1 1 2 1 2 1 1 2
134,SIPP_2^3,"23,27,0","50,50,0",1,365.26912799999985,149,0.06295,16.08209,3.14159,6.28319,3 3 3 3 3 3 3 3 3 3 3 3 3 3 3 3 3 3 2 3 2 2 2 3 3 3 3
134,SIPP_2^4,"23,27,0","50,50,0",1,358.1433039999999,112,0.13061,6.45621,1.287,2.57401,6 6 6 6 6 6 6 5 5 6 6 6 6 6 5 5 6 6 6 6 6 6 6
134,SIPP_2^5,"23,27,0","50,50,0",1,356.3540919999999,85,0.18787,1.97384,0.39479,0.78958,12 11 11 11 11 12 12 12 12 12 12 12 12 12 12 12 12 12 12
134,SIPP_BigCS,"23,27,15","50,50,13",1,354.0,21,0.18824,5.29273,0.9842,0.066,100 100 100 100 100 100 100 100 100 100 124 223 124
134,SIPP_Standard,"23,27,15","50,50,13",1,404.0,738,1.36209,14.91571,2.8633,0.3868,41 79 64 52 64
135,SIPP_2^2,"22,58,0","24,51,0",1,90.0,18,0.00218,21.2132,4.71239,9.42478,0 0 0 0 0 1 0 0 1
135,SIPP_2^3,"22,58,0","24,51,0",1,78.28427199999999,12,0.00272,11.59279,2.35619,4.71239,0 0 0 1 0 0 1
135,SIPP_2^4,"22,58,0","24,51,0",1,74.72136,8,0.00503,6.94722,1.39094,2.78189,0 1 0 0 1
135,SIPP_2^5,"22,58,0","24,51,0",1,73.245554,4,0.00644,3.22267,0.6435,1.287,1 0 1
135,SIPP_BigCS,"22,58,8","24,51,0",1,74.0,4,0.04825,2.36385,0.463,0.0399,86
135,SIPP_Standard,"22,58,8","24,51,0",1,80.0,1,0.01362,6.1946,1.2472,0.2589,33
136,SIPP_2^2,"6,2,0","45,53,0",1,900.0,2256,0.26848,332.34019,73.82743,147.65485,2 2 1 2 1 1 2 1 2 1 1 2 1 2 2 1 1 2 1 1 2 2 1 2 1 1 2 1 2 2 2 2 2 1 2 1 1 1 2 2 2 1 2 2 2 2 1 1 1 1 2 2 1 2 2 2 1 2 2 1 2 2 2 2 1 2 1 1 2 1 1 2 2 2 2 2 1 2 2 2 1 1 2 2 2 1 1 1 2 1
136,SIPP_2^3,"6,2,0","45,53,0",1,671.5433039999999,681,0.15764,16.10999,3.14159,6.28319,3 3 3 3 3 3 3 3 3 3 3 3 3 3 3 3 3 3 3 3 3 3 3 3 3 3 3 3 3 3 3 3 3 3 3 3 3 4 4 4 3 4 4 4 4 4 4 4 4 4 3
136,SIPP_2^4,"6,2,0","45,53,0",1,650.1658319999999,423,0.27029,8.06757,1.60875,3.21751,6 6 6 6 6 6 6 6 6 6 6 6 6 6 6 6 6 6 6 6 6 6 6 7 7 7 7 7 7 6 6 6 7 7 6 7 7 7 7
136,SIPP_2^5,"6,2,0","45,53,0",1,644.7981960000001,249,0.40726,9.87334,1.97396,3.94791,12 12 12 12 12 12 12 13 13 13 13 13 12 12 13 12 12 13 13 12 13 12 13 13 13 12 12
136,SIPP_BigCS,"6,2,1","45,53,5",1,642.0,84,0.2598,14.09808,2.6112,0.1608,100 100 100 152 216 152 216 152 216 152 216
136,SIPP_Standard,"6,2,1","45,53,5",1,644.0,31,0.03858,10.23667,1.929,0.1041,52 64 52 64 28 52 64 28
137,SIPP_2^2,"42,2,0","29,24,0",1,350.0,372,0.0438,91.92388,20.42035,40.8407,2 2 2 2 2 3 3 2 2 3 2 3 3 3 3 2 2 2 2 2 3 2 2 2 2 2 3 3 2 2 3 3 2 2 3
137,SIPP_2^3,"42,2,0","29,24,0",1,273.8477679999999,157,0.03547,23.85198,4.71239,9.42478,5 5 5 5 5 5 5 5 5 5 4 4 4 4 4 5 4 4 5 4 4 5
137,SIPP_2^4,"42,2,0","29,24,0",1,257.814664,54,0.03385,8.04628,1.60875,3.21751,9 9 9 9 9 10 9 10 9 9 9 10 10
137,SIPP_2^5,"42,2,0","29,24,0",1,256.025452,30,0.04823,3.11001,0.62178,1.24355,18 18 19 18 18 19 18 19 19
137,SIPP_BigCS,"42,2,6","29,24,2",1,254.0,11,0.05975,2.67342,0.3214,0.0144,206 206 206 206 206 206 206 222 103
137,SIPP_Standard,"42,2,6","29,24,2",1,258.0,11,0.02044,4.53641,0.6517,0.0788,62 62 78
138,SIPP_2^2,"34,31,0","8,8,0",1,490.0,836,0.09843,63.63961,14.13717,28.27433,0 0 0 0 0 0 0 0 0 0 0 0 0 0 0 0 0 0 3 0 0 3 3 3 0 3 3 3 3 3 3 3 3 3 3 3 3 3 3 0 3 3 3 3 3 3 3 0 3
138,SIPP_2^3,"34,31,0","8,8,0",1,355.26912799999985,121,0.02756,16.11903,3.14159,6.28319,7 7 7 7 7 7 7 7 7 7 7 7 7 7 7 7 7 7 6 7 7 7 7 6 6 7
138,SIPP_2^4,"34,31,0","8,8,0",1,349.9247599999999,95,0.05994,3.21951,0.6435,1.287,14 14 14 14 14 14 14 14 14 14 14 14 14 14 13 13 13 14 14 14 14 14 14
138,SIPP_2^5,"34,31,0","8,8,0",1,348.5828509999999,75,0.12261,3.95362,0.78958,1.57917,28 28 28 28 28 28 28 27 27 28 28 28 27 28 28 28 28 28 28 28
138,SIPP_BigCS,"34,31,14","8,8,13",1,346.0,20,0.09664,3.45046,0.6528,0.0402,102 102 102 102 102 102 102 102 102 102 102 102 102 102 126 221
138,SIPP_Standard,"34,31,14","8,8,13",1,403.0,840,0.80587,15.49734,2.9959,0.4017,43 69 54 66 46
139,SIPP_2^2,"50,59,0","40,11,0",1,580.0,722,0.08334,35.35534,7.85398,15.70796,0 0 0 0 0 0 0 0 0 0 0 0 0 0 0 0 0 0 0 0 0 0 0 0 0 0 0 0 0 0 0 0 0 0 0 0 0 0 0 0 0 0 0 0 0 0 3 3 3 3 3 3 3 3 0 3 0 3
139,SIPP_2^3,"50,59,0","40,11,0",1,521.4213599999999,497,0.10127,67.93642,13.35177,26.70354,0 0 0 0 0 0 0 0 0 7 0 7 0 0 0 7 7 0 7 0 0 0 0 0 0 0 0 0 0 7 0 0 0 0 0 0 0 0 7 0 0 7 0 0 7 0 0 7
139,SIPP_2^4,"50,59,0","40,11,0",1,503.6068,346,0.19039,6.98047,1.39094,2.78189,0 0 0 0 0 0 0 0 0 0 0 0 0 0 0 0 0 0 0 0 0 0 0 0 0 0 15 15 15 15 15 15 15 15 15 0 0 15
139,SIPP_2^5,"50,59,0","40,11,0",1,496.22776999999985,230,0.31906,11.29753,2.25225,4.50451,0 0 0 0 0 0 0 0 0 0 0 0 0 31 31 31 31 31 31 31 0 31 0 31 0 0 0 31
139,SIPP_BigCS,"50,59,1","40,11,7",1,500.0,1131,3.10862,15.66855,2.9991,0.3266,6 6 6 6 6 30 202 306 6 14 362 82 306
139,SIPP_Standard,"50,59,1","40,11,7",1,504.0,117,0.1249,16.18739,3.1307,0.3601,6 90 6 90 2 10
140,SIPP_2^2,"11,32,0","48,63,0",0,-1,0,0.0,0.0,0.0,0.0,
140,SIPP_2^3,"11,32,0","48,63,0",0,-1,0,0.0,0.0,0.0,0.0,
140,SIPP_2^4,"11,32,0","48,63,0",0,-1,0,0.0,0.0,0.0,0.0,
140,SIPP_2^5,"11,32,0","48,63,0",0,-1,0,0.0,0.0,0.0,0.0,
140,SIPP_BigCS,"11,32,0","48,63,0",0,-1,0,0.0,0.0,0.0,0.0,
140,SIPP_Standard,"11,32,4","48,63,12",0,-1,55136,41.44797,0.0,0.0,0.0,
141,SIPP_2^2,"32,61,0","30,43,0",1,200.0,51,0.00628,28.28427,6.28319,12.56637,0 0 0 0 0 0 0 0 0 0 0 0 0 0 0 0 3 0 3 0
141,SIPP_2^3,"32,61,0","30,43,0",1,188.284272,41,0.00926,11.59279,2.35619,4.71239,0 0 0 0 0 0 0 0 0 0 0 0 0 0 7 0 0 7
141,SIPP_2^4,"32,61,0","30,43,0",1,184.72136,31,0.01957,6.94722,1.39094,2.78189,0 0 0 0 0 0 0 0 0 0 0 0 15 0 0 15
141,SIPP_2^5,"32,61,0","30,43,0",1,183.24555399999997,27,0.04352,4.82449,0.96525,1.9305,0 0 0 0 0 0 0 0 0 31 0 0 0 31
141,SIPP_BigCS,"32,61,8","30,43,0",1,184.0,51,0.16637,4.98532,0.9783,0.1089,362 6 6 6 6 6 30
141,SIPP_Standard,"32,61,8","30,43,0",1,248.0,150,0.15297,13.99631,2.6747,0.404,27 106 49
142,SIPP_2^2,"52,37,0","34,33,0",1,220.0,102,0.01251,21.2132,4.71239,9.42478,3 3 3 3 3 3 3 3 3 3 3 3 3 3 3 3 3 0 0 0 3 0
142,SIPP_2^3,"52,37,0","34,33,0",1,196.56854399999997,70,0.01608,27.40917,5.49779,10.99557,6 6 6 6 6 6 6 6 6 6 7 6 6 7 6 7 6 7
142,SIPP_2^4,"52,37,0","34,33,0",1,189.44272,47,0.02987,11.63538,2.31824,4.63648,12 12 12 12 12 12 12 13 12 13 13 12 12 13
142,SIPP_2^5,"52,37,0","34,33,0",1,186.491108,32,0.05286,6.45704,1.287,2.574,25 24 25 25 24 24 24 24 24 25
142,SIPP_BigCS,"52,37,8","34,33,10",1,188.0,80,0.26108,4.95204,0.9691,0.1012,7 7 7 7 7 87 309
142,SIPP_Standard,"52,37,8","34,33,10",1,246.0,138,0.149,11.44804,2.2203,0.3521,66 34 75
143,SIPP_2^2,"18,12,0","38,5,0",1,270.0,197,0.02321,42.42641,9.42478,18.84956,1 1 1 1 1 1 1 1 1 1 1 1 1 1 1 0 0 0 1 1 1 0 0 0 1 0 1
143,SIPP_2^3,"18,12,0","38,5,0",1,228.99495199999996,114,0.02591,19.99792,3.92699,7.85398,2 2 2 2 2 2 2 2 1 1 1 1 1 2 1 2 2 2 2 1
143,SIPP_2^4,"18,12,0","38,5,0",1,216.52476,58,0.03615,9.25017,1.85459,3.70918,3 3 3 3 3 4 3 4 4 4 4 4 3
143,SIPP_2^5,"18,12,0","38,5,0",1,212.09734199999997,13,0.02087,1.41904,0.28379,0.56759,7 7 7 7 7 6 7
143,SIPP_BigCS,"18,12,0","38,5,14",1,214.0,41,0.14958,5.37866,0.9691,0.1012,201 201 201 305 5 81
143,SIPP_Standard,"18,12,0","38,5,14",1,238.0,72,0.07664,9.88355,1.8902,0.2936,32 65 53
144,SIPP_2^2,"7,23,0","24,16,0",1,240.0,165,0.01945,42.42641,9.42478,18.84956,1 1 1 1 1 1 0 1 1 1 1 0 0 0 0 0 1 1 1 1 1 1 0 1
144,SIPP_2^3,"7,23,0","24,16,0",1,198.99495199999996,89,0.02014,27.76387,5.49779,10.99557,2 2 2 2 1 2 1 1 1 1 2 1 2 2 2 2 1
144,SIPP_2^4,"7,23,0","24,16,0",1,186.52476,34,0.02138,4.62262,0.9273,1.85459,3 3 3 3 3 3 4 4 4 3
144,SIPP_2^5,"7,23,0","24,16,0",1,184.31105100000002,19,0.03066,2.12884,0.42569,0.85138,6 7 6 6 6 7 7
144,SIPP_BigCS,"7,23,15","24,16,0",1,184.0,10,0.06703,3.29386,0.5061,0.0613,201 201 201 201 201 305 5
144,SIPP_Standard,"7,23,15","24,16,0",1,253.0,144,0.15095,13.83837,2.6898,0.4476,22 41 95
145,SIPP_2^2,"50,39,0","56,44,0",1,110.0,38,0.00446,42.42641,9.42478,18.84956,1 1 2 1 2 2 1 1 2 2 1
145,SIPP_2^3,"50,39,0","56,44,0",1,80.71068,10,0.00228,8.0194,1.5708,3.14159,3 3 3 3 2 3
145,SIPP_2^4,"50,39,0","56,44,0",1,78.929224,9,0.00566,3.229,0.6435,1.287,6 6 6 5 6
145,SIPP_2^5,"50,39,0","56,44,0",1,78.481921,7,0.01166,1.97454,0.39479,0.78958,12 12 11 12
145,SIPP_BigCS,"50,39,10","56,44,1",1,78.0,2,0.04611,1.74352,0.3314,0.0258,100 124
145,SIPP_Standard,"50,39,10","56,44,1",1,80.0,1,0.01517,3.26273,0.6517,0.0788,79
146,SIPP_2^2,"37,18,0","29,52,0",1,420.0,402,0.05021,70.71068,15.70796,31.41593,2 2 2 2 2 2 2 2 2 2 2 2 2 2 3 2 2 2 2 2 2 2 2 2 2 3 3 2 3 3 3 2 2 2 2 2 2 3 2 2 3 2
146,SIPP_2^3,"37,18,0","29,52,0",1,373.13708799999995,267,0.06137,43.82672,8.63938,17.27876,4 4 4 4 4 4 4 4 5 4 4 4 5 5 4 4 5 5 4 4 4 4 4 4 4 4 5 4 4 4 5 4 4 5
146,SIPP_2^4,"37,18,0","29,52,0",1,358.88544,179,0.11282,16.26205,3.24553,6.49107,8 8 8 9 9 9 9 8 8 8 8 8 9 8 8 8 8 8 8 9 9 8 8 8 8 9
146,SIPP_2^5,"37,18,0","29,52,0",1,352.98221599999994,107,0.17327,6.44864,1.287,2.574,17 17 17 17 17 17 16 17 16 16 16 16 16 16 16 16 16 17
146,SIPP_BigCS,"37,18,14","29,52,10",1,356.0,420,1.23083,13.49676,2.6095,0.2943,310 40 310 40 310
146,SIPP_Standard,"37,18,14","29,52,10",1,399.0,717,0.70954,17.7689,3.4592,0.5266,52 104 51 70 35
147,SIPP_2^2,"29,6,0","61,31,0",1,570.0,1074,0.1268,113.13708,25.13274,50.26548,2 2 2 2 2 2 2 2 1 2 1 1 1 1 2 2 2 2 2 1 2 2 1 1 1 2 2 2 2 2 1 1 1 1 1 1 1 1 1 2 1 1 1 1 1 1 1 1 1 1 1 2 1 1 2 1 2
147,SIPP_2^3,"29,6,0","61,31,0",1,423.55339999999984,262,0.0604,32.02654,6.28319,12.56637,3 3 3 3 3 3 3 3 3 2 2 3 3 3 3 3 3 3 2 2 3 3 3 2 3 3 3 3 3 2 2 3
147,SIPP_2^4,"29,6,0","61,31,0",1,411.0832079999999,170,0.10691,3.21586,0.6435,1.287,6 6 6 6 6 6 6 6 6 6 6 6 6 6 5 5 5 5 5 5 5 6 6 6 6
147,SIPP_2^5,"29,6,0","61,31,0",1,407.9520869999999,107,0.17283,2.96398,0.59219,1.18437,11 11 11 11 11 12 12 11 11 12 12 12 12 12 12 12 12 12
147,SIPP_BigCS,"29,6,15","61,31,11",1,406.0,35,0.1345,6.87553,1.2958,0.0749,100 100 100 100 100 100 176 223 100 124 223
147,SIPP_Standard,"29,6,15","61,31,11",1,411.0,57,0.06665,5.73555,0.9733,0.0991,28 28 48 63 79
148,SIPP_2^2,"16,2,0","1,62,0",1,750.0,1299,0.13688,91.92388,20.42035,40.8407,2 2 2 2 2 2 2 2 2 2 2 2 2 2 2 2 2 2 2 2 2 2 2 2 2 2 2 2 2 2 2 2 2 2 2 2 2 2 2 2 2 2 2 2 2 2 2 2 2 2 2 3 3 3 3 2 3 3 3 2 3 3 2 3 3 2 3 2 3 3 2 2 2 2 3
148,SIPP_2^3,"16,2,0","1,62,0",1,662.13204,872,0.16821,90.97562,18.06416,36.12832,4 4 4 4 4 4 4 4 5 4 4 5 4 4 4 4 4 5 4 5 4 4 4 4 4 5 4 5 4 4 4 5 4 5 5 5 5 4 5 4 4 5 4 4 4 4 4 4 4 4 4 4 4 4 4 4 4 5 4 5
148,SIPP_2^4,"16,2,0","1,62,0",1,635.4102,563,0.29629,30.22443,6.02742,12.05484,8 8 8 8 8 8 8 8 8 8 8 8 8 8 8 8 8 8 8 8 8 8 9 9 8 9 9 9 8 8 8 9 9 9 9 8 9 9 8 9 8 9 9 8 9
148,SIPP_2^5,"16,2,0","1,62,0",1,624.3416549999998,323,0.44482,4.84525,0.96525,1.9305,17 17 17 17 17 17 17 17 17 17 17 17 17 16 16 16 16 16 16 17 17 16 16 16 16 16 16 16 16 16
148,SIPP_BigCS,"16,2,9","1,62,14",1,630.0,1973,4.81798,13.45332,2.4457,0.2575,206 206 206 206 206 206 310 4 4 4 84 366 4 4 4 4 0 84 310
148,SIPP_Standard,"16,2,9","1,62,14",1,643.0,708,0.59734,15.27397,2.9315,0.357,0 0 20 51 94 0 20 51
149,SIPP_2^2,"8,1,0","4,62,0",1,650.0,394,0.04482,42.42641,9.42478,18.84956,2 2 2 2 2 2 2 2 2 2 2 2 2 2 2 2 2 2 2 2 2 2 2 2 2 2 2 2 2 2 2 3 2 2 2 2 2 2 2 2 2 2 2 2 2 2 2 2 2 2 2 3 2 2 2 2 2 2 2 2 2 2 3 3 2
149,SIPP_2^3,"8,1,0","4,62,0",1,626.568544,335,0.06683,15.60248,3.14159,6.28319,4 4 4 4 4 4 4 4 4 4 4 4 4 4 4 4 4 4 4 4 4 4 4 4 4 4 4 4 4 4 4 4 4 4 4 4 4 4 4 4 4 4 5 4 4 4 4 5 5 5 4 4 4 4 4 4 4 4 4 4 4
149,SIPP_2^4,"8,1,0","4,62,0",1,619.44272,283,0.15439,6.98569,1.39094,2.78189,8 9 9 9 8 8 8 8 8 8 8 8 8 8 8 8 8 8 8 8 8 8 8 8 8 8 8 8 8 8 8 8 8 8 8 8 8 8 8 8 8 8 8 8 8 8 8 8 8 8 8 8 8 8 8 8 9
149,SIPP_2^5,"8,1,0","4,62,0",1,616.4911079999999,250,0.34607,6.44819,1.287,2.574,16 16 16 16 16 16 16 16 16 16 16 16 16 16 16 16 16 16 16 16 16 16 16 16 16 16 16 16 16 16 16 16 16 16 16 17 17 16 16 16 16 16 16 17 17 16 16 16 16 16 16 16 16
149,SIPP_BigCS,"8,1,4","4,62,11",1,618.0,921,2.43087,7.58295,1.4844,0.1702,366 4 4 4 4 4 0 4 0 0 4 4 0 4 4 56 310
149,SIPP_Standard,"8,1,4","4,62,11",1,648.0,1034,0.87013,17.82294,3.4131,0.5529,51 110 40 94 0 0 0 0
150,SIPP_2^2,"45,32,0","1,43,0",1,550.0,721,0.08105,98.99495,21.99115,43.9823,3 3 3 3 3 3 3 3 3 3 3 3 3 3 3 3 3 3 3 3 3 3 3 3 3 2 2 2 2 3 2 3 2 3 3 3 3 2 3 2 3 3 2 3 3 3 3 3 3 3 3 3 2 2 3
150,SIPP_2^3,"45,32,0","1,43,0",1,485.56349599999993,469,0.09665,59.91362,11.78097,23.56195,6 6 6 6 6 6 6 6 5 6 6 5 5 6 5 5 6 5 6 6 6 6 6 6 6 6 5 5 6 6 6 6 6 6 5 6 6 6 6 6 5 6 6 5
150,SIPP_2^4,"45,32,0","1,43,0",1,465.96748,300,0.16966,16.30626,3.24553,6.49107,12 12 12 12 12 12 12 12 12 12 12 12 12 12 12 12 12 12 11 11 11 12 11 11 11 11 12 12 11 11 11 12 11
150,SIPP_2^5,"45,32,0","1,43,0",1,457.8505469999999,169,0.23934,8.02824,1.60875,3.21751,24 24 24 24 24 24 23 23 23 23 23 24 24 24 24 23 23 23 23 23 24 23
150,SIPP_BigCS,"45,32,3","1,43,13",1,462.0,867,2.40579,13.63049,2.5361,0.2867,203 203 203 203 307 7 31 363 7 7 15 307
150,SIPP_Standard,"45,32,3","1,43,13",1,478.0,416,0.39646,9.3562,1.819,0.2268,3 3 3 11 55 75
151,SIPP_2^2,"11,47,0","36,44,0",1,280.0,112,0.01415,28.28427,6.28319,12.56637,1 1 1 1 1 1 1 1 1 1 1 1 1 1 0 1 1 1 1 1 1 1 1 1 1 0 0 1
151,SIPP_2^3,"11,47,0","36,44,0",1,262.426408,85,0.01982,19.45842,3.92699,7.85398,2 2 2 2 2 2 2 2 2 2 2 2 2 2 2 2 2 2 1 2 2 1 2 2 1
151,SIPP_2^4,"11,47,0","36,44,0",1,257.08204,69,0.04423,11.62852,2.31824,4.63648,4 4 4 4 4 4 4 4 4 4 4 4 4 4 4 3 4 4 3 4 4 3
151,SIPP_2^5,"11,47,0","36,44,0",1,254.86833099999996,53,0.08759,8.05749,1.60875,3.21751,8 8 8 8 8 8 8 8 8 8 8 8 7 8 8 7 8 8 7
151,SIPP_BigCS,"11,47,7","36,44,2",1,256.0,129,0.39754,5.39772,1.0517,0.1165,5 5 5 1 13 305
151,SIPP_Standard,"11,47,7","36,44,2",1,329.0,501,0.50701,18.58872,3.6007,0.5394,105 48 111 37
152,SIPP_2^2,"28,29,0","39,58,0",1,400.0,456,0.05473,77.78175,17.27876,34.55752,2 2 2 2 2 2 2 2 2 2 2 2 2 2 2 2 2 2 2 2 2 1 1 2 2 2 1 1 1 2 1 1 1 2 1 2 1 2 2 1
152,SIPP_2^3,"28,29,0","39,58,0",1,335.56349599999993,251,0.05774,44.11519,8.63938,17.27876,4 4 4 4 4 4 4 4 4 4 4 3 3 3 3 4 3 4 3 3 3 4 3 4 4 3 4 4 3
152,SIPP_2^4,"28,29,0","39,58,0",1,315.96747999999997,113,0.07123,11.6369,2.31824,4.63648,7 7 7 7 7 7 7 7 7 8 8 7 8 7 8 8 8 8
152,SIPP_2^5,"28,29,0","39,58,0",1,310.80215899999996,39,0.06375,1.41993,0.28379,0.56759,15 14 14 14 14 15 15 15 15 15 15
152,SIPP_BigCS,"28,29,10","39,58,14",1,312.0,71,0.23417,6.07731,0.9769,0.1151,200 200 200 200 200 200 200 200 304 4 28
152,SIPP_Standard,"28,29,10","39,58,14",1,323.0,80,0.0918,14.44031,2.7973,0.3694,8 44 8 52
153,SIPP_2^2,"16,13,0","15,53,0",1,410.0,41,0.00505,14.14214,3.14159,6.28319,2 2 2 2 2 2 2 2 2 2 2 2 2 2 2 2 2 2 2 2 2 2 2 2 2 2 2 2 2 2 2 2 2 2 2 2 2 2 2 3 2
153,SIPP_2^3,"16,13,0","15,53,0",1,404.142136,40,0.00906,3.82683,0.7854,1.5708,4 4 4 4 4 4 4 4 4 4 4 4 4 4 4 4 4 4 4 4 4 4 4 4 4 4 4 4 4 4 4 4 4 4 4 4 4 4 4 5
153,SIPP_2^4,"16,13,0","15,53,0",1,402.36068,39,0.02463,2.29753,0.46365,0.9273,8 8 8 8 8 8 8 8 8 8 8 8 8 8 8 8 8 8 8 8 8 8 8 8 8 8 8 8 8 8 8 8 8 8 8 8 8 8 9
153,SIPP_2^5,"16,13,0","15,53,0",1,401.622777,38,0.06187,1.60182,0.32175,0.6435,16 16 16 16 16 16 16 16 16 16 16 16 16 16 16 16 16 16 16 16 16 16 16 16 16 16 16 16 16 16 16 16 16 16 16 16 16 17
153,SIPP_BigCS,"16,13,4","15,53,13",1,402.0,38,0.13993,2.74653,0.5456,0.0552,4 4 0 0 4 4 4 4 4 4 0 40
153,SIPP_Standard,"16,13,4","15,53,13",1,402.0,5,0.01883,2.74653,0.5456,0.0552,0 0 0 0 16
154,SIPP_2^2,"9,40,0","3,63,0",0,-1,0,0.0,0.0,0.0,0.0,
154,SIPP_2^3,"9,40,0","3,63,0",0,-1,0,0.0,0.0,0.0,0.0,
154,SIPP_2^4,"9,40,0","3,63,0",0,-1,0,0.0,0.0,0.0,0.0,
154,SIPP_2^5,"9,40,0","3,63,0",0,-1,0,0.0,0.0,0.0,0.0,
154,SIPP_BigCS,"9,40,0","3,63,0",0,-1,0,0.0,0.0,0.0,0.0,
154,SIPP_Standard,"9,40,0","3,63,10",0,-1,55136,41.28109,0.0,0.0,0.0,
155,SIPP_2^2,"14,36,0","51,39,0",1,400.0,172,0.02144,35.35534,7.85398,15.70796,1 1 1 1 1 1 1 1 1 1 1 1 1 1 1 1 1 1 1 1 1 1 1 1 1 1 1 1 1 1 1 1 1 1 1 2 1 2 1 2
155,SIPP_2^3,"14,36,0","51,39,0",1,382.426408,140,0.03208,11.69247,2.35619,4.71239,2 2 2 2 2 2 2 2 2 2 2 2 2 2 2 2 2 2 2 2 2 2 2 2 2 2 2 2 2 2 3 3 2 2 2 2 3
155,SIPP_2^4,"14,36,0","51,39,0",1,377.08204,118,0.07503,11.62852,2.31824,4.63648,4 4 4 4 4 4 4 4 4 4 4 4 4 4 4 4 4 4 4 4 4 4 4 4 4 4 4 4 5 4 4 5 4 5
155,SIPP_2^5,"14,36,0","51,39,0",1,374.86833099999996,101,0.16579,8.05749,1.60875,3.21751,8 8 8 8 8 8 8 8 8 8 8 8 8 8 8 8 8 8 8 8 8 8 9 8 8 8 9 8 8 8 9
155,SIPP_BigCS,"14,36,9","51,39,10",1,376.0,271,0.78075,4.98431,0.9705,0.095,367 5 5 1 5 5 5 5 1 5 85
155,SIPP_Standard,"14,36,9","51,39,10",1,397.0,250,0.25338,10.0632,1.9516,0.2417,45 1 1 21 48
156,SIPP_2^2,"49,51,0","53,35,0",1,200.0,90,0.01081,28.28427,6.28319,12.56637,0 0 0 0 0 0 0 0 0 0 0 1 1 1 0 0 0 0 1 0
156,SIPP_2^3,"49,51,0","53,35,0",1,176.56854399999997,60,0.01345,11.77758,2.35619,4.71239,0 0 0 0 0 0 0 0 0 0 1 1 1 0 0 1
156,SIPP_2^4,"49,51,0","53,35,0",1,169.44272,39,0.02445,11.66698,2.31824,4.63648,0 0 0 0 0 1 1 0 0 1 0 1
156,SIPP_2^5,"49,51,0","53,35,0",1,166.491108,24,0.03916,6.45704,1.287,2.574,1 0 0 0 1 1 0 1
156,SIPP_BigCS,"49,51,0","53,35,3",1,168.0,53,0.19108,5.10062,0.9769,0.1151,204 308 6 6 58
156,SIPP_Standard,"49,51,0","53,35,3",1,169.0,4,0.01811,5.88796,1.1425,0.1162,18 92
157,SIPP_2^2,"7,25,0","16,2,0",1,320.0,292,0.03433,70.71068,15.70796,31.41593,0 0 0 0 0 0 0 0 0 0 0 0 0 0 0 0 0 1 1 1 0 1 0 0 1 1 0 1 0 1 1 0
157,SIPP_2^3,"7,25,0","16,2,0",1,267.27922399999994,160,0.03752,19.94882,3.92699,7.85398,0 0 0 0 0 0 0 0 0 0 0 1 1 1 1 0 1 1 1 1 0 0 1
157,SIPP_2^4,"7,25,0","16,2,0",1,251.24612,67,0.04238,13.93771,2.78189,5.56377,1 1 1 1 1 0 1 0 0 1 1 0 0 1
157,SIPP_2^5,"7,25,0","16,2,0",1,247.55660499999993,29,0.04715,2.12883,0.42569,0.85138,2 2 2 1 1 1 2 1 1
157,SIPP_BigCS,"7,25,4","16,2,6",1,248.0,23,0.09898,3.69604,0.5075,0.0551,204 204 204 204 204 204 204 204 364
157,SIPP_Standard,"7,25,4","16,2,6",1,255.0,31,0.04142,7.69565,1.4639,0.1306,92 18 68
158,SIPP_2^2,"13,26,0","63,20,0",0,-1,0,0.0,0.0,0.0,0.0,
158,SIPP_2^3,"13,26,0","63,20,0",0,-1,0,0.0,0.0,0.0,0.0,
158,SIPP_2^4,"13,26,0","63,20,0",0,-1,0,0.0,0.0,0.0,0.0,
158,SIPP_2^5,"13,26,0","63,20,0",0,-1,0,0.0,0.0,0.0,0.0,
158,SIPP_BigCS,"13,26,0","63,20,0",0,-1,0,0.0,0.0,0.0,0.0,
158,SIPP_Standard,"13,26,10","63,20,12",0,-1,55136,41.1581,0.0,0.0,0.0,
159,SIPP_2^2,"4,0,0","26,7,0",0,-1,0,0.0,0.0,0.0,0.0,
159,SIPP_2^3,"4,0,0","26,7,0",0,-1,0,0.0,0.0,0.0,0.0,
159,SIPP_2^4,"4,0,0","26,7,0",0,-1,0,0.0,0.0,0.0,0.0,
159,SIPP_2^5,"4,0,0","26,7,0",0,-1,0,0.0,0.0,0.0,0.0,
159,SIPP_BigCS,"4,0,0","26,7,0",0,-1,0,0.0,0.0,0.0,0.0,
159,SIPP_Standard,"4,0,3","26,7,0",0,-1,0,1e-05,0.0,0.0,0.0,
160,SIPP_2^2,"63,5,0","50,32,0",0,-1,0,0.0,0.0,0.0,0.0,
160,SIPP_2^3,"63,5,0","50,32,0",0,-1,0,0.0,0.0,0.0,0.0,
160,SIPP_2^4,"63,5,0","50,32,0",0,-1,0,0.0,0.0,0.0,0.0,
160,SIPP_2^5,"63,5,0","50,32,0",0,-1,0,0.0,0.0,0.0,0.0,
160,SIPP_BigCS,"63,5,0","50,32,0",0,-1,0,0.0,0.0,0.0,0.0,
160,SIPP_Standard,"63,5,13","50,32,3",0,-1,0,1e-05,0.0,0.0,0.0,
161,SIPP_2^2,"36,24,0","32,4,0",1,240.0,114,0.01383,42.42641,9.42478,18.84956,0 0 0 0 0 0 0 0 0 0 0 0 0 0 3 0 0 0 0 3 3 0 3 0
161,SIPP_2^3,"36,24,0","32,4,0",1,216.56854399999997,81,0.01831,27.40917,5.49779,10.99557,0 0 0 0 0 0 0 0 7 0 0 0 0 0 7 0 7 0 0 7
161,SIPP_2^4,"36,24,0","32,4,0",1,209.44272,57,0.03582,6.98569,1.39094,2.78189,0 0 0 0 0 0 0 0 0 0 15 15 15 0 0 15
161,SIPP_2^5,"36,24,0","32,4,0",1,206.491108,40,0.06428,4.83619,0.96525,1.9305,0 0 0 0 0 0 0 31 31 31 0 31
161,SIPP_BigCS,"36,24,0","32,4,1",1,208.0,103,0.3195,7.58295,1.4844,0.1702,362 6 30 306
161,SIPP_Standard,"36,24,0","32,4,1",1,257.0,135,0.14079,14.4341,2.8078,0.4541,18 100 82
162,SIPP_2^2,"29,8,0","7,27,0",1,410.0,581,0.06931,176.7767,39.26991,78.53982,3 3 3 3 3 3 2 2 2 3 3 2 2 3 2 3 3 2 3 2 2 3 2 2 3 2 3 2 3 3 3 2 2 3 2 3 2 3 2 3 2
162,SIPP_2^3,"29,8,0","7,27,0",1,298.7005839999999,97,0.02228,8.0151,1.5708,3.14159,5 5 5 5 5 5 5 5 5 5 5 5 5 5 5 5 5 5 6 6 6 5
162,SIPP_2^4,"29,8,0","7,27,0",1,293.3562159999999,75,0.04749,6.44195,1.287,2.57401,10 10 10 10 10 10 10 10 10 10 10 10 10 11 10 11 11 10 10
162,SIPP_2^5,"29,8,0","7,27,0",1,292.0143069999999,57,0.09287,5.92828,1.18437,2.36875,20 20 20 20 20 20 21 20 20 21 20 20 20 20 21 20
162,SIPP_BigCS,"29,8,12","7,27,6",1,290.0,16,0.08465,3.45046,0.6528,0.0402,103 103 103 103 103 103 103 103 103 103 155 219
162,SIPP_Standard,"29,8,12","7,27,6",1,324.0,227,0.23199,13.19198,2.5485,0.3027,47 11 51 94
163,SIPP_2^2,"48,12,0","45,26,0",1,170.0,57,0.00697,42.42641,9.42478,18.84956,2 2 2 2 2 2 3 2 2 2 2 2 2 3 2 3 2
163,SIPP_2^3,"48,12,0","45,26,0",1,152.42640799999998,41,0.00927,19.45842,3.92699,7.85398,4 4 4 4 4 4 4 4 5 4 4 5 4 5
163,SIPP_2^4,"48,12,0","45,26,0",1,147.08204,29,0.0184,11.62852,2.31824,4.63648,8 8 8 9 8 8 8 9 8 8 9
163,SIPP_2^5,"48,12,0","45,26,0",1,144.868331,20,0.0322,8.05749,1.60875,3.21751,16 17 16 16 16 17 16 17
163,SIPP_BigCS,"48,12,5","45,26,7",1,146.0,37,0.14305,4.96249,0.9769,0.1151,4 4 56 310
163,SIPP_Standard,"48,12,5","45,26,7",1,161.0,15,0.02893,7.96806,1.569,0.233,51 110
164,SIPP_2^2,"46,31,0","20,15,0",1,420.0,583,0.06866,49.49747,10.99557,21.99115,3 3 3 3 3 3 3 3 3 3 3 3 3 3 3 3 3 3 3 3 3 3 0 0 3 0 0 0 3 3 0 0 0 0 0 0 0 0 0 0 3 0
164,SIPP_2^3,"46,31,0","20,15,0",1,326.2741759999999,214,0.04889,23.29257,4.71239,9.42478,7 7 7 7 7 7 7 7 7 7 7 7 6 7 7 6 6 6 6 6 6 6 7 6 6 7
164,SIPP_2^4,"46,31,0","20,15,0",1,308.459616,84,0.053,9.68108,1.9305,3.86101,13 13 13 14 13 14 13 13 13 13 14 14 14 14 13 13
164,SIPP_2^5,"46,31,0","20,15,0",1,305.77579799999995,36,0.05781,1.86591,0.37307,0.74613,27 27 27 26 27 27 27 26 26 26
164,SIPP_BigCS,"46,31,1","20,15,3",1,304.0,10,0.06913,4.41705,0.6528,0.0402,205 205 205 205 205 205 205 221 126
164,SIPP_Standard,"46,31,1","20,15,3",1,323.0,118,0.12859,11.76085,2.273,0.2561,66 38 23 50
165,SIPP_2^2,"50,2,0","2,33,0",1,790.0,1732,0.20963,91.92388,20.42035,40.8407,3 3 3 3 3 3 3 3 3 3 3 3 3 3 3 3 3 3 3 3 3 3 3 3 3 3 3 3 3 3 3 3 3 3 3 3 3 3 3 2 2 2 2 3 2 3 3 2 2 3 2 2 2 2 3 2 2 2 2 2 2 2 2 2 2 2 2 2 2 2 2 2 2 3 2 3 3 3 2
165,SIPP_2^3,"50,2,0","2,33,0",1,608.4062159999999,713,0.18237,27.17177,5.49779,10.99558,5 5 5 5 5 5 5 5 5 5 5 5 5 5 5 5 5 5 5 5 5 5 5 5 5 5 5 6 6 5 6 5 6 6 6 6 6 5 5 6 6 6 6 6 6 6 6 6
165,SIPP_2^4,"50,2,0","2,33,0",1,578.121464,311,0.23313,19.35615,3.86101,7.72201,11 11 11 11 11 11 11 11 11 10 11 10 10 11 10 10 10 11 10 11 11 10 10 10 10 10 10 11 10 11 11
165,SIPP_2^5,"50,2,0","2,33,0",1,571.859222,68,0.11047,3.73259,0.74613,1.49226,21 21 21 21 22 21 21 22 21 21 22 21 21 21 21 21 21
165,SIPP_BigCS,"50,2,1","2,33,0",1,570.0,26,0.10189,9.81434,1.6278,0.1009,203 203 203 203 203 203 203 203 203 219 183 251 155 219
165,SIPP_Standard,"50,2,1","2,33,0",1,574.0,57,0.06427,11.36791,1.9377,0.1482,67 55 59 59 67 55 75
166,SIPP_2^2,"36,1,0","29,55,0",1,610.0,579,0.066,63.63961,14.13717,28.27433,2 2 2 2 2 2 2 2 2 2 2 2 2 2 2 2 2 2 2 2 3 3 3 2 3 2 2 2 2 2 2 2 2 2 2 2 3 2 2 2 2 2 2 2 2 2 2 2 2 2 2 2 2 3 2 2 2 2 2 2 3
166,SIPP_2^3,"36,1,0","29,55,0",1,568.994952,447,0.08743,19.99792,3.92699,7.85398,4 4 4 4 4 4 4 4 4 4 4 4 4 4 4 4 4 4 4 4 4 4 4 4 4 4 4 4 4 4 4 4 4 4 4 4 4 4 4 4 4 4 4 4 5 5 5 5 5 4 5 4 4 5
166,SIPP_2^4,"36,1,0","29,55,0",1,556.52476,353,0.19121,20.91715,4.17283,8.34566,8 8 8 8 8 8 8 8 8 8 8 8 8 8 8 8 8 8 8 8 8 8 8 8 8 8 8 8 8 8 8 8 8 8 8 9 9 8 9 8 9 9 8 9 8 8 9
166,SIPP_2^5,"36,1,0","29,55,0",1,551.3594389999998,282,0.38239,19.32909,3.86101,7.72201,16 16 16 16 16 16 16 16 16 16 16 17 16 16 16 17 17 16 16 16 17 16 16 17 16 16 16 16 16 16 16 16 16 17 16 17 16 16 16 16
166,SIPP_BigCS,"36,1,7","29,55,2",1,554.0,1234,3.30094,10.01828,1.946,0.2163,4 4 4 0 4 0 56 310 4 0 84 310
166,SIPP_Standard,"36,1,7","29,55,2",1,559.0,154,0.15587,4.85755,0.9185,0.0813,51 94 0 0 0 0 0
167,SIPP_2^2,"8,30,0","5,32,0",1,50.0,7,0.00091,21.2132,4.71239,9.42478,3 2 3 3 2
167,SIPP_2^3,"8,30,0","5,32,0",1,38.284272,4,0.00092,7.76595,1.5708,3.14159,5 6 5
167,SIPP_2^4,"8,30,0","5,32,0",1,36.502815999999996,3,0.00189,1.61101,0.32175,0.6435,11 10
167,SIPP_2^5,"8,30,0","5,32,0",1,36.055513,1,0.00164,0.0,0.0,0.0,21
167,SIPP_BigCS,"8,30,2","5,32,7",1,39.0,5,0.05645,5.46041,1.1037,0.3813,334
167,SIPP_Standard,"8,30,2","5,32,7",1,495.0,2045,1.92848,29.50294,5.6793,0.9128,48 111 33 82 15 78
168,SIPP_2^2,"53,37,0","7,31,0",1,520.0,427,0.05092,35.35534,7.85398,15.70796,3 3 3 3 3 3 3 3 3 3 3 3 3 3 3 3 3 3 3 3 3 3 3 3 3 3 3 3 3 3 3 3 3 3 3 3 3 3 3 3 3 3 3 3 0 3 0 0 0 0 3 0
168,SIPP_2^3,"53,37,0","7,31,0",1,484.85281599999996,327,0.06845,27.86693,5.49779,10.99557,6 6 6 6 6 6 6 6 6 6 7 7 7 6 6 6 6 6 6 6 6 6 6 6 6 6 6 6 6 6 6 6 6 6 6 6 6 6 7 6 7 6 6 6 6 7
168,SIPP_2^4,"53,37,0","7,31,0",1,474.16408,256,0.14702,20.94423,4.17283,8.34566,12 12 12 12 13 12 13 12 12 12 13 12 12 12 12 12 12 12 12 12 12 12 12 12 12 13 13 12 12 12 12 12 12 12 12 12 12 12 12 13
168,SIPP_2^5,"53,37,0","7,31,0",1,469.7366619999999,203,0.295,14.49586,2.89576,5.79151,24 24 24 24 24 24 24 24 24 24 24 24 24 24 24 24 24 24 24 24 24 24 24 24 25 24 25 25 24 25 24 25 24 25
168,SIPP_BigCS,"53,37,13","7,31,14",1,472.0,813,2.29612,10.46564,2.0222,0.2115,7 3 3 7 87 365 43 309
168,SIPP_Standard,"53,37,13","7,31,14",1,478.0,110,0.12148,6.08626,1.1673,0.148,3 3 3 3 23 50
169,SIPP_2^2,"44,58,0","50,26,0",1,380.0,286,0.03602,56.56854,12.56637,25.13274,0 0 0 0 0 0 0 0 0 0 0 0 0 1 0 0 0 0 0 0 0 0 0 0 0 0 1 0 0 1 0 0 0 0 1 1 1 0
169,SIPP_2^3,"44,58,0","50,26,0",1,344.85281599999996,202,0.04596,19.66274,3.92699,7.85398,0 0 0 0 0 0 0 0 0 1 0 1 1 1 1 0 0 0 0 0 0 0 0 0 0 0 0 0 0 0 0 1
169,SIPP_2^4,"44,58,0","50,26,0",1,334.16408,147,0.12149,6.92508,1.39094,2.78189,0 0 0 0 0 0 0 0 0 0 0 0 0 0 0 0 0 0 1 1 1 1 1 0 0 1
169,SIPP_2^5,"44,58,0","50,26,0",1,329.7366619999999,102,0.16337,8.03476,1.60875,3.21751,0 0 0 0 0 0 0 0 1 0 0 1 1 1 1 0 0 0 0 1
169,SIPP_BigCS,"44,58,6","50,26,3",1,332.0,358,1.00579,7.7217,1.4766,0.1563,204 364 6 2 6 86 308
169,SIPP_Standard,"44,58,6","50,26,3",1,335.0,31,0.04187,10.21726,1.9882,0.2439,2 18 92 22
170,SIPP_2^2,"18,15,0","36,44,0",1,470.0,732,0.08745,134.35029,29.84513,59.69026,2 1 1 1 2 2 1 1 1 2 1 2 2 2 2 2 1 1 1 2 1 1 2 2 2 1 2 2 2 2 2 2 2 2 1 1 2 2 2 2 2 2 1 2 1 2 1
170,SIPP_2^3,"18,15,0","36,44,0",1,364.5584479999999,268,0.06179,23.38071,4.71239,9.42478,3 3 3 3 3 3 3 3 3 3 3 3 3 4 4 4 3 4 4 4 4 4 4 3 3 3 4 4 3
170,SIPP_2^4,"18,15,0","36,44,0",1,344.9624319999999,107,0.06766,4.83659,0.96525,1.9305,7 7 7 7 7 7 7 7 7 6 7 7 6 6 6 6 6 6
170,SIPP_2^5,"18,15,0","36,44,0",1,341.83131099999997,42,0.06855,2.48777,0.49742,0.99484,13 13 13 13 14 13 13 14 14 14 13
170,SIPP_BigCS,"18,15,5","36,44,12",1,340.0,16,0.08607,4.55647,0.6528,0.0402,200 200 200 200 200 200 200 200 216 100 152
170,SIPP_Standard,"18,15,5","36,44,12",1,347.0,57,0.06996,5.34821,0.6517,0.0788,79 56 56 56
171,SIPP_2^2,"9,40,0","15,2,0",1,440.0,346,0.04438,35.35534,7.85398,15.70796,0 0 0 0 0 0 0 0 0 0 0 0 0 0 0 0 0 0 0 0 0 0 0 0 0 0 0 0 0 0 0 0 0 0 0 0 1 1 1 1 0 1 0 1
171,SIPP_2^3,"9,40,0","15,2,0",1,404.85281599999996,255,0.05866,35.63288,7.06858,14.13717,0 0 0 0 0 0 0 0 0 0 0 0 0 0 0 0 0 1 0 0 0 0 0 1 1 0 0 0 0 0 0 0 1 0 0 1 0 1
171,SIPP_2^4,"9,40,0","15,2,0",1,394.16408,190,0.12022,25.61414,5.10012,10.20025,0 0 0 0 0 0 0 0 0 0 0 0 1 0 0 0 0 1 0 0 1 0 0 0 0 1 0 0 1 0 0 1
171,SIPP_2^5,"9,40,0","15,2,0",1,389.7366619999999,145,0.2271,14.49586,2.89576,5.79151,0 0 0 0 0 1 0 0 0 0 0 1 1 0 0 0 1 0 0 0 0 1 0 0 0 1
171,SIPP_BigCS,"9,40,11","15,2,7",1,392.0,552,1.57263,10.42277,2.0222,0.2115,364 6 6 6 6 6 6 6 6 86 308 6 6 42
171,SIPP_Standard,"9,40,11","15,2,7",1,398.0,79,0.08972,6.08626,1.1673,0.148,2 2 2 22 49
172,SIPP_2^2,"51,49,0","25,46,0",1,290.0,117,0.01442,35.35534,7.85398,15.70796,3 3 3 3 3 3 3 3 3 3 3 3 3 3 3 3 3 3 3 3 3 3 3 3 0 3 0 3 0
172,SIPP_2^3,"51,49,0","25,46,0",1,272.426408,89,0.02026,11.69247,2.35619,4.71239,6 6 6 6 6 6 6 6 6 6 6 6 6 6 6 6 6 6 6 6 6 7 7 6 6 7
172,SIPP_2^4,"51,49,0","25,46,0",1,267.08204,73,0.04579,6.97882,1.39094,2.78189,12 12 12 12 12 12 12 12 12 12 12 12 12 12 12 12 12 13 13 12 12 12 13
172,SIPP_2^5,"51,49,0","25,46,0",1,264.86833099999996,56,0.09104,8.05749,1.60875,3.21751,24 24 24 24 24 24 24 24 24 24 24 24 24 24 25 24 25 24 24 25
172,SIPP_BigCS,"51,49,1","25,46,4",1,266.0,138,0.41285,5.39772,1.0517,0.1165,7 7 7 7 3 43 309
172,SIPP_Standard,"51,49,1","25,46,4",1,326.0,420,0.41863,13.87758,2.6759,0.3311,55 91 27 74
173,SIPP_2^2,"61,11,0","14,30,0",1,660.0,1212,0.14365,49.49747,10.99557,21.99115,3 3 3 3 3 3 3 3 3 3 3 3 3 3 3 3 3 3 3 3 3 3 3 3 3 3 3 3 3 3 3 3 3 3 3 3 3 3 3 3 3 3 3 2 2 2 2 2 3 2 2 2 2 2 2 2 2 3 2 2 2 2 2 3 3 2
173,SIPP_2^3,"61,11,0","14,30,0",1,548.7005839999999,678,0.15611,51.05765,10.21018,20.42035,5 5 5 5 5 5 5 5 5 5 5 6 6 6 6 6 6 6 6 6 6 5 5 6 6 6 5 6 5 6 6 5 6 6 6 6 6 6 5 5 6 6 6 5 6 6 6
173,SIPP_2^4,"61,11,0","14,30,0",1,514.8529199999999,254,0.1618,32.64647,6.49107,12.98213,11 11 11 11 11 11 11 11 11 12 12 11 12 11 11 12 11 12 12 11 12 11 11 12 11 11 12 11
173,SIPP_2^5,"61,11,0","14,30,0",1,508.2117929999999,119,0.19424,3.54736,0.70949,1.41897,22 22 22 22 22 22 23 22 23 23 23 23 23 23 22 22 22 23 23
173,SIPP_BigCS,"61,11,0","14,30,6",1,508.0,143,0.41464,7.36702,0.9783,0.1089,203 203 203 203 203 203 203 203 203 203 203 203 203 203 203 203 203 363 31
173,SIPP_Standard,"61,11,0","14,30,6",1,515.0,83,0.09027,11.75877,1.9268,0.2099,47 7 59 59 59 91
174,SIPP_2^2,"59,1,0","3,38,0",1,930.0,2172,0.26971,261.62951,58.11946,116.23893,3 3 3 3 3 3 3 3 3 3 3 3 3 3 2 3 2 2 2 2 2 3 3 3 2 2 2 2 2 2 2 3 3 3 3 3 2 3 3 2 3 2 3 3 2 2 3 3 2 2 2 2 3 2 3 2 3 2 3 2 2 2 2 3 3 3 2 3 2 3 2 3 3 3 3 3 3 3 3 3 3 3 2 3 3 2 3 3 3 2 2 3 2
174,SIPP_2^3,"59,1,0","3,38,0",1,713.2590319999998,942,0.219,12.14431,2.3562,4.71239,5 5 5 5 5 5 5 5 5 5 5 5 5 5 5 5 5 5 5 5 5 5 5 5 5 5 5 5 5 5 5 5 5 5 5 5 6 5 6 6 6 6 6 6 6 6 6 6 6 6 6 6 6 6 6 6
174,SIPP_2^4,"59,1,0","3,38,0",1,679.4113679999999,441,0.28109,17.74449,3.53926,7.07851,10 10 10 10 10 10 10 10 10 10 10 10 10 11 11 11 11 10 11 11 11 10 11 11 10 11 11 10 11 11 11 11 11 11 10 11 11
174,SIPP_2^5,"59,1,0","3,38,0",1,671.3599140000001,37,0.06,1.24447,0.24871,0.49742,21 21 21 21 21 21 21 21 21 21 21 21 21 21 21 21 21 22 21
174,SIPP_BigCS,"59,1,13","3,38,5",1,670.0,41,0.13687,9.96753,1.6172,0.0893,203 203 203 203 203 203 203 203 203 203 219 103 103 103 183 219 103 155 219
174,SIPP_Standard,"59,1,13","3,38,5",1,678.0,262,0.25229,7.52988,0.9733,0.0991,31 31 55 59 59 59 59 75
175,SIPP_2^2,"56,12,0","32,7,0",1,290.0,176,0.02172,56.56854,12.56637,25.13274,3 3 3 3 3 3 3 3 3 3 3 3 3 3 3 3 3 3 3 3 0 3 0 0 3 0 3 0 3
175,SIPP_2^3,"56,12,0","32,7,0",1,260.71067999999997,120,0.02792,11.84623,2.35619,4.71239,6 6 6 6 6 6 6 6 6 6 6 6 6 6 6 6 6 7 7 7 7 6 6 7
175,SIPP_2^4,"56,12,0","32,7,0",1,251.8034,85,0.05394,20.98658,4.17283,8.34566,12 12 13 12 12 12 12 12 13 12 12 12 13 12 12 13 12 12 13
175,SIPP_2^5,"56,12,0","32,7,0",1,248.11388499999998,57,0.09306,8.06291,1.60875,3.21751,24 25 25 25 24 25 24 24 24 24 24 24 24 25
175,SIPP_BigCS,"56,12,12","32,7,6",1,250.0,166,0.49688,8.16739,1.5592,0.1716,205 365 7 43 309
175,SIPP_Standard,"56,12,12","32,7,6",1,251.0,11,0.02428,8.74359,1.6881,0.1714,19 93 19
176,SIPP_2^2,"55,30,0","47,36,0",1,140.0,63,0.0075,49.49747,10.99557,21.99115,3 3 3 2 3 3 2 3 2 2 2 3 3 2
176,SIPP_2^3,"55,30,0","47,36,0",1,104.85281599999999,20,0.00456,16.08935,3.14159,6.28319,5 5 5 5 6 5 6 5
176,SIPP_2^4,"55,30,0","47,36,0",1,101.28990399999998,14,0.00887,3.22307,0.6435,1.287,10 11 11 10 10 10
176,SIPP_2^5,"55,30,0","47,36,0",1,100.395298,8,0.01298,1.97317,0.39479,0.78958,21 20 20 21
176,SIPP_BigCS,"55,30,2","47,36,10",1,100.0,6,0.05771,1.70958,0.3216,0.0203,103 103 183
176,SIPP_Standard,"55,30,2","47,36,10",1,336.0,447,0.42342,21.88897,4.252,0.7215,74 109 35 80
177,SIPP_2^2,"6,40,0","4,15,0",1,270.0,72,0.0088,28.28427,6.28319,12.56637,0 0 0 0 0 0 0 0 0 0 0 0 0 0 3 0 0 0 0 0 0 0 0 0 0 3 0
177,SIPP_2^3,"6,40,0","4,15,0",1,258.284272,62,0.01419,11.59279,2.35619,4.71239,0 0 0 0 0 0 0 0 0 0 0 0 0 0 0 0 0 0 0 0 0 7 0 0 7
177,SIPP_2^4,"6,40,0","4,15,0",1,254.72136,50,0.03189,6.94722,1.39094,2.78189,0 0 0 0 0 0 0 0 0 0 0 0 0 0 0 0 0 0 0 15 0 0 15
177,SIPP_2^5,"6,40,0","4,15,0",1,253.24555399999997,41,0.0665,4.82449,0.96525,1.9305,0 0 0 0 0 0 0 0 0 0 0 0 0 0 0 0 31 0 0 0 31
177,SIPP_BigCS,"6,40,4","4,15,8",1,254.0,82,0.25039,4.98532,0.9783,0.1089,362 6 6 6 6 2 30
177,SIPP_Standard,"6,40,4","4,15,8",1,324.0,332,0.28505,13.18833,2.5485,0.3027,49 92 10 38
178,SIPP_2^2,"14,28,0","59,21,0",1,520.0,485,0.05656,42.42641,9.42478,18.84956,1 1 1 1 1 1 1 1 1 1 1 1 1 1 1 1 1 1 1 1 1 1 1 1 1 1 1 1 1 1 1 1 1 1 1 1 1 1 1 1 1 0 1 1 0 0 0 1 0 0 0 1
178,SIPP_2^3,"14,28,0","59,21,0",1,478.99495199999996,356,0.07265,43.8337,8.63938,17.27876,2 2 2 2 1 1 2 2 2 2 2 2 2 2 2 2 1 2 2 1 2 2 2 2 2 2 2 2 2 2 2 2 2 2 2 1 2 2 1 2 2 2 2 2 1
178,SIPP_2^4,"14,28,0","59,21,0",1,466.52476,270,0.14868,6.92015,1.39094,2.78189,4 4 4 4 4 4 4 4 4 4 4 4 4 4 4 4 4 4 4 4 4 4 4 4 4 4 4 4 4 3 3 3 3 3 3 4 4 3
178,SIPP_2^5,"14,28,0","59,21,0",1,461.3594389999999,205,0.28507,14.48964,2.89576,5.79151,8 8 8 8 8 8 8 8 8 8 8 8 8 8 8 8 8 8 8 8 7 7 8 7 7 8 7 8 7 8 7
178,SIPP_BigCS,"14,28,7","59,21,14",1,464.0,860,2.37564,10.01997,1.9396,0.1962,5 5 1 1 81 361 81 305
178,SIPP_Standard,"14,28,7","59,21,14",1,482.0,420,0.41691,15.04424,2.8989,0.3819,45 1 1 17 111 53
179,SIPP_2^2,"40,45,0","21,39,0",1,250.0,160,0.01925,56.56854,12.56637,25.13274,3 3 3 3 3 3 3 3 3 3 3 0 0 0 3 0 3 3 3 0 3 3 3 0 3
179,SIPP_2^3,"40,45,0","21,39,0",1,214.85281599999996,98,0.02239,19.91618,3.92699,7.85398,6 6 6 6 6 6 6 6 7 7 7 7 6 6 6 7 6 6 7
179,SIPP_2^4,"40,45,0","21,39,0",1,204.16407999999998,62,0.03885,2.31131,0.46365,0.9273,13 13 13 13 13 13 12 12 12 12 12 12 12
179,SIPP_2^5,"40,45,0","21,39,0",1,199.73666199999997,16,0.02621,3.22672,0.6435,1.287,25 25 25 25 24 25 25
179,SIPP_BigCS,"40,45,2","21,39,14",1,202.0,58,0.19848,5.37968,0.9769,0.1151,205 205 205 309 7 59
179,SIPP_Standard,"40,45,2","21,39,14",1,252.0,127,0.13655,11.45073,2.2269,0.2824,91 23 46
180,SIPP_2^2,"50,55,0","24,57,0",1,280.0,75,0.00914,21.2132,4.71239,9.42478,3 3 3 3 3 3 3 3 3 3 3 3 3 3 3 3 3 3 3 3 3 3 3 3 3 2 3 2
180,SIPP_2^3,"50,55,0","24,57,0",1,268.284272,65,0.01464,11.59279,2.35619,4.71239,6 6 6 6 6 6 6 6 6 6 6 6 6 6 6 6 6 6 6 6 6 6 6 5 6 5
180,SIPP_2^4,"50,55,0","24,57,0",1,264.72136,53,0.03423,6.94722,1.39094,2.78189,12 12 12 12 12 12 12 12 12 12 12 12 12 12 12 12 12 12 12 12 11 12 12 11
180,SIPP_2^5,"50,55,0","24,57,0",1,263.24555399999997,43,0.07039,4.82449,0.96525,1.9305,24 24 24 24 24 24 24 24 24 24 24 24 24 24 24 24 24 24 23 24 24 23
180,SIPP_BigCS,"50,55,2","24,57,1",1,264.0,86,0.26903,4.98532,0.9783,0.1089,363 7 7 7 7 3 7 31
180,SIPP_Standard,"50,55,2","24,57,1",1,322.0,353,0.31167,16.39971,3.138,0.466,107 50 109 51
181,SIPP_2^2,"40,1,0","11,4,0",1,320.0,89,0.01064,35.35534,7.85398,15.70796,3 3 3 3 3 3 3 3 3 3 3 3 3 3 3 3 3 3 3 3 3 3 3 3 3 3 3 2 3 2 3 2
181,SIPP_2^3,"40,1,0","11,4,0",1,302.426408,82,0.01781,19.45842,3.92699,7.85398,6 6 6 6 6 6 6 6 6 6 6 6 6 6 6 6 6 6 6 6 6 6 6 5 6 5 6 6 5
181,SIPP_2^4,"40,1,0","11,4,0",1,297.08204,74,0.04257,6.97882,1.39094,2.78189,12 12 12 12 12 12 12 12 12 12 12 12 12 12 12 12 12 12 12 12 12 11 11 12 12 11
181,SIPP_2^5,"40,1,0","11,4,0",1,294.86833099999996,66,0.09183,8.05749,1.60875,3.21751,24 24 24 24 24 24 24 24 24 24 24 23 24 24 24 24 24 24 24 24 23 24 23
181,SIPP_BigCS,"40,1,13","11,4,15",1,296.0,163,0.41722,7.82497,1.5239,0.1641,7 7 7 31 363 7 7 7 7 7 15
181,SIPP_Standard,"40,1,13","11,4,15",1,325.0,123,0.1107,15.47411,3.0114,0.4679,55 91 23 34
182,SIPP_2^2,"7,29,0","38,5,0",1,550.0,1035,0.12303,113.13708,25.13274,50.26548,0 0 0 0 0 0 0 0 0 1 1 1 1 1 1 0 0 0 0 1 0 0 0 1 1 1 1 1 1 1 0 0 1 1 1 1 1 0 1 1 1 1 1 0 1 1 1 1 1 0 0 1 0 1 0
182,SIPP_2^3,"7,29,0","38,5,0",1,409.41126399999985,250,0.05705,24.19462,4.71239,9.42478,1 1 1 1 1 1 1 1 1 1 1 1 1 1 1 1 1 1 2 1 1 1 1 2 2 1 2 2 2 2 1
182,SIPP_2^4,"7,29,0","38,5,0",1,396.9410719999999,160,0.10004,12.89008,2.574,5.14801,2 2 3 3 3 3 2 2 2 3 2 2 2 2 3 2 2 2 2 2 3 2 2 2
182,SIPP_2^5,"7,29,0","38,5,0",1,393.8099509999999,98,0.15846,2.96304,0.59219,1.18437,5 5 5 5 5 4 5 5 4 4 4 4 4 4 4 4 4
182,SIPP_BigCS,"7,29,9","38,5,0",1,392.0,39,0.14685,8.69458,1.6376,0.1064,249 101 101 153 217 153 217
182,SIPP_Standard,"7,29,9","38,5,0",1,395.0,28,0.04041,8.40974,1.6163,0.1338,53 65 29 53 73
183,SIPP_2^2,"7,44,0","26,36,0",1,270.0,212,0.02498,56.56854,12.56637,25.13274,1 1 1 1 1 1 1 1 1 0 1 0 0 0 0 1 1 1 1 0 1 1 1 1 0 0 1
183,SIPP_2^3,"7,44,0","26,36,0",1,223.13708799999995,112,0.0255,27.80602,5.49779,10.99557,2 2 2 2 1 2 2 1 1 1 1 1 2 2 2 1 2 2 1
183,SIPP_2^4,"7,44,0","26,36,0",1,208.88544,40,0.02512,9.28967,1.85459,3.70918,3 3 3 3 3 3 4 3 4 4 3
183,SIPP_2^5,"7,44,0","26,36,0",1,206.67173099999997,23,0.03716,0.70936,0.1419,0.28379,6 6 6 6 6 7 7 7
183,SIPP_BigCS,"7,44,11","26,36,7",1,206.0,11,0.07024,3.43339,0.5061,0.0613,201 201 201 201 201 201 305 5
183,SIPP_Standard,"7,44,11","26,36,7",1,245.0,95,0.10572,11.60812,2.273,0.3191,49 84 21
184,SIPP_2^2,"20,41,0","61,55,0",1,550.0,836,0.09126,120.20815,26.70354,53.40708,1 1 1 1 1 1 1 1 1 1 1 1 1 1 1 1 1 1 1 1 1 1 1 1 2 1 2 1 2 2 2 2 2 1 2 2 1 2 1 1 1 1 1 2 1 1 1 1 2 1 1 2 1 1 2
184,SIPP_2^3,"20,41,0","61,55,0",1,467.9899039999999,477,0.099,35.35753,7.06858,14.13717,2 2 2 2 2 2 2 2 2 2 2 2 2 2 2 2 2 2 2 2 2 3 3 2 3 3 2 3 3 3 3 3 3 3 3 2 2 3 2 2 3
184,SIPP_2^4,"20,41,0","61,55,0",1,443.04952,255,0.14454,11.62459,2.31824,4.63648,5 5 5 5 5 5 5 5 5 5 5 4 5 5 4 4 5 4 4 4 4 4 4 4 4 4 4
184,SIPP_2^5,"20,41,0","61,55,0",1,433.45678099999986,27,0.0396,1.41923,0.28379,0.56759,9 9 9 9 9 9 9 9 9 9 9 9 10 9
184,SIPP_BigCS,"20,41,3","61,55,15",1,438.0,417,1.16888,13.16226,2.4443,0.2637,207 207 207 207 311 85 311 5 85 311
184,SIPP_Standard,"20,41,3","61,55,15",1,478.0,1084,0.98763,9.3562,1.819,0.2268,1 1 1 21 52 72
185,SIPP_2^2,"40,5,0","30,62,0",1,670.0,878,0.09574,106.06602,23.56194,47.12389,2 2 2 2 2 2 2 2 2 2 2 2 2 2 2 2 2 2 2 2 2 2 2 2 2 2 2 2 2 3 2 2 2 2 2 2 2 2 3 2 2 2 2 2 2 3 2 2 2 2 2 2 3 3 2 2 3 2 2 2 3 2 3 3 2 2 3
185,SIPP_2^3,"40,5,0","30,62,0",1,611.4213599999999,625,0.11886,59.86646,11.78097,23.56194,4 4 4 4 5 4 4 4 5 4 5 5 4 4 4 4 4 4 4 4 4 4 4 5 5 4 4 5 4 4 4 4 4 4 4 4 4 4 4 4 5 4 4 5 4 4 4 4 4 4 4 4 4 4 4 4 5
185,SIPP_2^4,"40,5,0","30,62,0",1,593.6068,457,0.23976,16.28931,3.24553,6.49107,8 8 8 8 8 8 8 8 8 8 8 8 8 8 8 8 8 8 8 8 8 8 8 8 8 8 8 8 8 8 8 8 9 9 8 8 9 9 9 8 9 9 9 9 8 8 9
185,SIPP_2^5,"40,5,0","30,62,0",1,586.2277699999999,339,0.45358,25.78308,5.14801,10.29602,16 16 16 16 16 16 16 17 16 16 16 17 17 17 16 16 16 16 17 16 16 17 16 17 16 16 16 17 16 17 16 17 16 16 16 16 16
185,SIPP_BigCS,"40,5,6","30,62,14",1,590.0,1684,3.95107,18.3228,3.508,0.3755,366 4 4 4 4 4 4 4 56 366 40 206 366 84 310
185,SIPP_Standard,"40,5,6","30,62,14",1,635.0,2842,2.60269,14.32241,2.7288,0.264,51 70 51 94 0 0 8 52
186,SIPP_2^2,"9,58,0","0,2,0",0,-1,0,0.0,0.0,0.0,0.0,
186,SIPP_2^3,"9,58,0","0,2,0",0,-1,0,0.0,0.0,0.0,0.0,
186,SIPP_2^4,"9,58,0","0,2,0",0,-1,0,0.0,0.0,0.0,0.0,
186,SIPP_2^5,"9,58,0","0,2,0",0,-1,0,0.0,0.0,0.0,0.0,
186,SIPP_BigCS,"9,58,0","0,2,0",0,-1,0,0.0,0.0,0.0,0.0,
186,SIPP_Standard,"9,58,3","0,2,9",0,-1,55136,41.04438,0.0,0.0,0.0,
187,SIPP_2^2,"12,4,0","50,35,0",1,690.0,1487,0.17715,205.06097,45.55309,91.10619,1 1 1 1 1 1 1 1 1 1 1 1 1 1 1 1 2 1 1 2 2 1 1 1 2 1 2 2 1 1 2 2 2 1 2 2 1 2 2 2 2 1 2 2 1 2 2 2 1 2 2 2 1 1 2 2 1 1 2 2 1 2 1 1 2 2 1 1 2
187,SIPP_2^3,"12,4,0","50,35,0",1,508.4062159999998,336,0.07758,32.00815,6.28319,12.56637,3 3 3 3 3 3 3 3 3 3 3 3 3 3 3 3 2 2 2 3 3 3 3 3 2 3 3 2 3 3 2 2 3 3 3 3 3 3
187,SIPP_2^4,"12,4,0","50,35,0",1,495.93602399999986,231,0.14667,12.89457,2.574,5.14801,6 6 5 5 5 6 6 6 5 6 6 5 5 6 5 6 6 6 6 6 6 6 6 6 6 6 6 6 6 6 6
187,SIPP_2^5,"12,4,0","50,35,0",1,492.8049029999999,164,0.29829,4.93841,0.98698,1.97396,11 11 11 11 12 12 11 12 12 12 12 12 12 12 11 11 12 12 12 12 12 12 12 12
187,SIPP_BigCS,"12,4,10","50,35,7",1,490.0,41,0.14755,6.87553,1.2958,0.0749,100 100 100 100 100 100 100 100 100 100 100 100 176 223 100 124 223
187,SIPP_Standard,"12,4,10","50,35,7",1,496.0,92,0.10158,5.51354,0.9733,0.0991,28 28 28 48 63 79
188,SIPP_2^2,"21,51,0","32,24,0",1,380.0,422,0.05013,70.71068,15.70796,31.41593,0 0 0 0 0 0 0 0 0 0 0 0 0 0 0 0 0 0 0 0 1 0 0 0 1 0 1 1 1 1 0 1 0 1 1 1 1 0
188,SIPP_2^3,"21,51,0","32,24,0",1,315.56349599999993,225,0.05119,16.13571,3.14159,6.28319,1 1 1 1 1 1 1 0 0 1 1 1 0 0 0 0 0 0 0 0 0 0 0 0 0 0 1
188,SIPP_2^4,"21,51,0","32,24,0",1,295.96748,85,0.05353,23.34075,4.63648,9.27295,1 0 1 1 1 1 1 1 0 1 0 1 0 1 0 1
188,SIPP_2^5,"21,51,0","32,24,0",1,292.277965,41,0.06612,3.54894,0.70949,1.41897,2 1 2 2 2 1 2 2 1 1 1
188,SIPP_BigCS,"21,51,8","32,24,6",1,292.0,24,0.1054,3.9751,0.5075,0.0551,204 204 204 204 204 204 204 204 204 204 364
188,SIPP_Standard,"21,51,8","32,24,6",1,317.0,168,0.17554,10.09687,1.9516,0.2417,37 2 22 53
189,SIPP_2^2,"10,55,0","33,47,0",1,310.0,262,0.0313,84.85281,18.84956,37.69911,1 1 1 1 1 1 1 1 1 1 1 1 0 1 1 1 1 0 0 1 1 0 1 0 1 0 1 1 0 0 1
189,SIPP_2^3,"10,55,0","33,47,0",1,263.13708799999995,152,0.03475,20.04007,3.92699,7.85398,2 2 2 2 2 2 2 2 2 2 2 2 1 1 1 1 1 1 2 2 1 2 1
189,SIPP_2^4,"10,55,0","33,47,0",1,248.88544,76,0.04801,4.66706,0.9273,1.85459,3 3 3 3 3 3 3 4 4 4 4 4 4 4 3
189,SIPP_2^5,"10,55,0","33,47,0",1,243.72011899999995,15,0.02442,1.41864,0.28379,0.56759,7 7 7 7 7 7 6 7
189,SIPP_BigCS,"10,55,0","33,47,14",1,246.0,69,0.22864,5.65873,0.9769,0.1151,201 201 201 201 201 305 5 29
189,SIPP_Standard,"10,55,0","33,47,14",1,250.0,22,0.03542,7.48332,1.3299,0.1489,45 5 57
190,SIPP_2^2,"30,16,0","56,25,0",1,350.0,335,0.04035,70.71068,15.70796,31.41593,1 1 1 1 1 1 1 1 1 1 1 1 1 1 1 1 1 1 2 2 2 1 1 1 2 2 1 2 1 1 2 2 1 2 1
190,SIPP_2^3,"30,16,0","56,25,0",1,297.27922399999994,195,0.04493,27.64612,5.49779,10.99557,2 2 2 2 2 2 2 2 2 2 2 2 2 3 2 3 3 2 3 3 3 3 3 2 2 3
190,SIPP_2^4,"30,16,0","56,25,0",1,281.24612,96,0.06069,6.94722,1.39094,2.78189,4 4 4 4 4 5 4 4 4 5 5 5 5 5 5 5 5
190,SIPP_2^5,"30,16,0","56,25,0",1,275.34289599999994,17,0.02854,1.41959,0.28379,0.56759,9 9 9 9 9 9 9 10 9
190,SIPP_BigCS,"30,16,15","56,25,12",1,278.0,102,0.31926,7.96685,1.4752,0.1625,207 207 207 311 5 85 311
190,SIPP_Standard,"30,16,15","56,25,12",1,319.0,303,0.30465,10.295,1.9729,0.1836,45 17 71 52
191,SIPP_2^2,"12,49,0","54,15,0",1,760.0,2016,0.24351,296.98485,65.97345,131.94689,1 0 1 0 0 1 0 1 0 0 1 1 0 1 1 1 1 0 0 0 1 0 0 0 0 1 1 1 0 1 1 0 1 1 1 0 1 0 1 1 1 1 1 1 1 0 1 0 0 0 1 1 1 1 1 0 1 0 0 0 1 0 1 0 1 1 0 0 1 0 1 0 0 1 0 1
191,SIPP_2^3,"12,49,0","54,15,0",1,560.8326239999999,414,0.097,24.01426,4.71239,9.42478,1 1 1 1 1 1 1 1 1 1 1 1 1 1 1 1 1 1 1 1 1 1 1 1 1 1 1 1 1 1 1 2 2 2 1 2 2 2 1 2 2 1
191,SIPP_2^4,"12,49,0","54,15,0",1,546.5809759999999,282,0.17808,12.89145,2.574,5.14801,2 2 2 2 2 2 2 2 2 2 2 2 2 2 2 2 2 2 3 3 2 2 2 3 2 2 2 3 3 3 2 3 3 2
191,SIPP_2^5,"12,49,0","54,15,0",1,543.0025519999999,196,0.35059,4.93708,0.98698,1.97396,4 4 4 4 4 4 4 4 4 4 4 4 4 5 5 5 4 4 4 5 5 5 4 4 5 5
191,SIPP_BigCS,"12,49,2","54,15,7",1,540.0,46,0.17072,10.53503,1.969,0.1322,101 101 101 101 101 101 101 101 153 249 153 217 153 217
191,SIPP_Standard,"12,49,2","54,15,7",1,548.0,186,0.19548,15.22297,2.911,0.2473,53 65 53 73 68 53 73
192,SIPP_2^2,"1,43,0","19,9,0",1,520.0,676,0.08007,176.7767,39.26991,78.53982,0 0 0 0 0 0 0 0 0 0 0 0 0 0 0 1 0 0 0 0 0 1 0 1 1 1 0 1 0 1 1 0 1 1 0 1 0 0 0 1 0 1 1 0 0 1 0 1 0 1 0 1
192,SIPP_2^3,"1,43,0","19,9,0",1,414.5584479999999,355,0.08169,66.94019,13.35177,26.70354,0 0 0 1 0 1 0 0 0 0 1 0 0 1 0 1 1 1 1 1 1 0 1 0 1 1 0 0 1 1 0 1 1 1
192,SIPP_2^4,"1,43,0","19,9,0",1,386.05515199999996,57,0.03579,4.83182,0.96525,1.9305,1 1 1 1 1 1 1 1 1 1 1 1 1 1 1 2 1 2
192,SIPP_2^5,"1,43,0","19,9,0",1,385.160546,44,0.07067,1.86607,0.37307,0.74613,2 2 2 2 2 2 2 2 2 2 2 2 3 2 2 3
192,SIPP_BigCS,"1,43,1","19,9,6",1,383.0,11,0.05514,5.54075,0.6405,0.1703,196 196 204 204 204 204 204 204 204 204 324
192,SIPP_Standard,"1,43,1","19,9,6",1,395.0,111,0.11516,13.48849,2.5946,0.2764,49 68 37 22 49
193,SIPP_2^2,"34,28,0","63,49,0",0,-1,0,0.0,0.0,0.0,0.0,
193,SIPP_2^3,"34,28,0","63,49,0",0,-1,0,0.0,0.0,0.0,0.0,
193,SIPP_2^4,"34,28,0","63,49,0",0,-1,0,0.0,0.0,0.0,0.0,
193,SIPP_2^5,"34,28,0","63,49,0",0,-1,0,0.0,0.0,0.0,0.0,
193,SIPP_BigCS,"34,28,0","63,49,0",0,-1,0,0.0,0.0,0.0,0.0,
193,SIPP_Standard,"34,28,13","63,49,15",0,-1,55136,41.2513,0.0,0.0,0.0,
194,SIPP_2^2,"26,0,0","42,17,0",0,-1,0,0.0,0.0,0.0,0.0,
194,SIPP_2^3,"26,0,0","42,17,0",0,-1,0,0.0,0.0,0.0,0.0,
194,SIPP_2^4,"26,0,0","42,17,0",0,-1,0,0.0,0.0,0.0,0.0,
194,SIPP_2^5,"26,0,0","42,17,0",0,-1,0,0.0,0.0,0.0,0.0,
194,SIPP_BigCS,"26,0,0","42,17,0",0,-1,0,0.0,0.0,0.0,0.0,
194,SIPP_Standard,"26,0,6","42,17,11",0,-1,0,1e-05,0.0,0.0,0.0,
195,SIPP_2^2,"14,34,0","57,63,0",0,-1,0,0.0,0.0,0.0,0.0,
195,SIPP_2^3,"14,34,0","57,63,0",0,-1,0,0.0,0.0,0.0,0.0,
195,SIPP_2^4,"14,34,0","57,63,0",0,-1,0,0.0,0.0,0.0,0.0,
195,SIPP_2^5,"14,34,0","57,63,0",0,-1,0,0.0,0.0,0.0,0.0,
195,SIPP_BigCS,"14,34,0","57,63,0",0,-1,0,0.0,0.0,0.0,0.0,
195,SIPP_Standard,"14,34,8","57,63,2",0,-1,55136,41.05161,0.0,0.0,0.0,
196,SIPP_2^2,"8,38,0","60,55,0",1,690.0,1299,0.13631,169.70563,37.69911,75.39822,1 1 1 1 1 1 1 1 1 1 1 1 1 1 1 1 1 1 1 1 1 1 1 1 1 1 1 2 1 1 1 1 1 1 2 1 1 1 2 1 2 2 1 1 2 2 2 1 2 1 1 1 1 1 2 1 2 1 2 2 1 2 1 2 1 1 2 2 1
196,SIPP_2^3,"8,38,0","60,55,0",1,590.4163119999998,768,0.14996,67.25438,13.35177,26.70354,3 3 2 3 2 2 3 3 3 3 2 2 2 3 2 2 2 2 2 2 2 2 2 2 2 3 3 3 2 3 3 2 2 3 2 3 3 2 2 2 2 2 2 3 2 2 2 2 2 2 2 2
196,SIPP_2^4,"8,38,0","60,55,0",1,560.13156,401,0.21188,20.95176,4.17283,8.34566,4 4 4 4 4 4 4 4 4 4 4 4 4 5 5 5 5 4 5 5 5 5 5 5 5 5 5 4 4 5 5 4 5 4 5
196,SIPP_2^5,"8,38,0","60,55,0",1,547.5872089999998,49,0.06617,3.2058,0.6435,1.287,9 9 9 9 9 9 9 9 9 9 9 9 9 9 9 9 8 9
196,SIPP_BigCS,"8,38,12","60,55,13",1,554.0,977,2.56432,14.33672,2.5283,0.2728,207 207 207 207 207 207 207 207 311 85 207 367 41 311
196,SIPP_Standard,"8,38,12","60,55,13",1,566.0,415,0.45138,16.90935,3.2283,0.3455,48 95 21 48 95 1 17
197,SIPP_2^2,"40,38,0","45,23,0",1,200.0,103,0.0123,35.35534,7.85398,15.70796,0 0 0 0 0 0 0 0 0 1 0 0 0 0 0 1 1 1 0 1
197,SIPP_2^3,"40,38,0","45,23,0",1,170.71067999999997,62,0.01422,19.79698,3.92699,7.85398,0 0 0 0 0 0 0 1 1 1 0 1 0 0 1
197,SIPP_2^4,"40,38,0","45,23,0",1,161.80339999999998,37,0.02349,6.98369,1.39094,2.78189,1 1 1 1 0 0 1 0 0 0
197,SIPP_2^5,"40,38,0","45,23,0",1,158.11388499999998,5,0.00818,0.0,0.0,0.0,1 1 1 1 1
197,SIPP_BigCS,"40,38,2","45,23,1",1,160.0,21,0.09841,3.13794,0.5075,0.0551,204 204 204 204 364
197,SIPP_Standard,"40,38,2","45,23,1",1,165.0,8,0.02214,8.22709,1.63,0.2214,37 22
198,SIPP_2^2,"53,7,0","31,16,0",1,310.0,278,0.0329,70.71068,15.70796,31.41593,3 3 3 3 3 3 3 3 3 3 3 3 2 2 2 2 3 3 2 3 3 3 3 3 2 2 3 2 3 2 3
198,SIPP_2^3,"53,7,0","31,16,0",1,257.27922399999994,148,0.03394,27.7965,5.49779,10.99557,6 6 6 6 6 6 5 6 6 5 5 5 5 5 6 6 5 5 6 6 6 5
198,SIPP_2^4,"53,7,0","31,16,0",1,241.24612,56,0.03686,9.31015,1.85459,3.70918,11 11 11 11 11 11 12 12 12 11 11 12 11
198,SIPP_2^5,"53,7,0","31,16,0",1,238.29450799999995,29,0.05282,2.1286,0.42569,0.85138,22 23 22 22 22 22 23 23 23
198,SIPP_BigCS,"53,7,9","31,16,4",1,238.0,17,0.08614,3.57292,0.5061,0.0613,203 203 203 203 203 203 203 307 7 7
198,SIPP_Standard,"53,7,9","31,16,4",1,245.0,18,0.0311,9.10855,1.7642,0.209,11 55 91
199,SIPP_2^2,"55,19,0","59,63,0",0,-1,0,0.0,0.0,0.0,0.0,
199,SIPP_2^3,"55,19,0","59,63,0",0,-1,0,0.0,0.0,0.0,0.0,
199,SIPP_2^4,"55,19,0","59,63,0",0,-1,0,0.0,0.0,0.0,0.0,
199,SIPP_2^5,"55,19,0","59,63,0",0,-1,0,0.0,0.0,0.0,0.0,
199,SIPP_BigCS,"55,19,0","59,63,0",0,-1,0,0.0,0.0,0.0,0.0,
199,SIPP_Standard,"55,19,8","59,63,1",0,-1,55136,40.89836,0.0,0.0,0.0,
200,SIPP_2^2,"58,36,0","36,35,0",1,230.0,23,0.00285,7.07107,1.5708,3.14159,3 3 3 3 3 3 3 3 3 3 3 3 3 3 3 3 3 3 3 3 3 3 0
200,SIPP_2^3,"58,36,0","36,35,0",1,224.142136,22,0.00503,3.82683,0.7854,1.5708,6 6 6 6 6 6 6 6 6 6 6 6 6 6 6 6 6 6 6 6 6 7
200,SIPP_2^4,"58,36,0","36,35,0",1,222.36068,21,0.01341,2.29753,0.46365,0.9273,12 12 12 12 12 12 12 12 12 12 12 12 12 12 12 12 12 12 12 12 13
200,SIPP_2^5,"58,36,0","36,35,0",1,221.62277699999999,20,0.03245,1.60182,0.32175,0.6435,24 24 24 24 24 24 24 24 24 24 24 24 24 24 24 24 24 24 24 25
200,SIPP_BigCS,"58,36,2","36,35,12",1,222.0,20,0.09095,2.36487,0.4708,0.0538,3 3 59
200,SIPP_Standard,"58,36,2","36,35,12",1,245.0,70,0.0799,14.64003,2.8772,0.4803,47 23 34
201,SIPP_2^2,"12,45,0","13,3,0",1,430.0,43,0.00498,7.07107,1.5708,3.14159,0 0 0 0 0 0 0 0 0 0 0 0 0 0 0 0 0 0 0 0 0 0 0 0 0 0 0 0 0 0 0 0 0 0 0 0 0 0 0 0 0 0 1
201,SIPP_2^3,"12,45,0","13,3,0",1,424.142136,42,0.00899,3.82683,0.7854,1.5708,0 0 0 0 0 0 0 0 0 0 0 0 0 0 0 0 0 0 0 0 0 0 0 0 0 0 0 0 0 0 0 0 0 0 0 0 0 0 0 0 0 1
201,SIPP_2^4,"12,45,0","13,3,0",1,422.36068,41,0.02473,2.29753,0.46365,0.9273,0 0 0 0 0 0 0 0 0 0 0 0 0 0 0 0 0 0 0 0 0 0 0 0 0 0 0 0 0 0 0 0 0 0 0 0 0 0 0 0 1
201,SIPP_2^5,"12,45,0","13,3,0",1,421.622777,40,0.06105,1.60182,0.32175,0.6435,0 0 0 0 0 0 0 0 0 0 0 0 0 0 0 0 0 0 0 0 0 0 0 0 0 0 0 0 0 0 0 0 0 0 0 0 0 0 0 1
201,SIPP_BigCS,"12,45,11","13,3,3",1,422.0,40,0.14207,2.36487,0.4708,0.0538,6 6 2 2 6 6 2 2 58
201,SIPP_Standard,"12,45,11","13,3,3",1,477.0,1293,1.2594,10.93095,2.0858,0.2293,54 90 2 2 22 53
202,SIPP_2^2,"45,52,0","39,63,0",0,-1,0,0.0,0.0,0.0,0.0,
202,SIPP_2^3,"45,52,0","39,63,0",0,-1,0,0.0,0.0,0.0,0.0,
202,SIPP_2^4,"45,52,0","39,63,0",0,-1,0,0.0,0.0,0.0,0.0,
202,SIPP_2^5,"45,52,0","39,63,0",0,-1,0,0.0,0.0,0.0,0.0,
202,SIPP_BigCS,"45,52,0","39,63,0",0,-1,0,0.0,0.0,0.0,0.0,
202,SIPP_Standard,"45,52,15","39,63,13",0,-1,55136,40.88299,0.0,0.0,0.0,
203,SIPP_2^2,"6,17,0","28,4,0",1,350.0,399,0.04782,134.35029,29.84513,59.69026,1 1 1 1 1 1 1 1 1 0 1 0 1 1 0 0 1 0 1 0 1 0 0 1 1 1 0 1 0 0 1 1 0 1 0
203,SIPP_2^3,"6,17,0","28,4,0",1,273.8477679999999,157,0.06375,23.85198,4.71239,9.42478,1 1 1 1 1 1 1 1 1 1 2 2 2 2 1 2 2 2 1 2 2 1
203,SIPP_2^4,"6,17,0","28,4,0",1,257.814664,54,0.03459,8.04628,1.60875,3.21751,3 3 3 3 3 2 3 2 3 3 3 2 2
203,SIPP_2^5,"6,17,0","28,4,0",1,256.025452,30,0.04812,1.86549,0.37307,0.74613,6 5 6 6 6 6 5 5 5
203,SIPP_BigCS,"6,17,14","28,4,11",1,254.0,11,0.06933,2.67342,0.3214,0.0144,201 201 201 201 201 201 201 217 101
203,SIPP_Standard,"6,17,14","28,4,11",1,258.0,11,0.02341,4.53641,0.6517,0.0788,57 57 73
204,SIPP_2^2,"1,53,0","35,51,0",1,360.0,99,0.01217,28.28427,6.28319,12.56637,1 1 1 1 1 1 1 1 1 1 1 1 1 1 1 1 1 1 1 1 1 1 1 1 1 1 1 1 1 1 1 0 1 1 0 1
204,SIPP_2^3,"1,53,0","35,51,0",1,348.284272,89,0.01976,11.59279,2.35619,4.71239,2 2 2 2 2 2 2 2 2 2 2 2 2 2 2 2 2 2 2 2 2 2 2 2 2 2 2 2 2 2 1 2 2 1
204,SIPP_2^4,"1,53,0","35,51,0",1,344.72136,77,0.04709,6.94722,1.39094,2.78189,4 4 4 4 4 4 4 4 4 4 4 4 4 4 4 4 4 4 4 4 4 4 4 4 4 4 4 4 3 4 4 3
204,SIPP_2^5,"1,53,0","35,51,0",1,343.24555399999997,63,0.09721,4.82449,0.96525,1.9305,8 8 8 8 8 8 8 8 8 8 8 8 8 8 8 8 8 8 8 8 8 8 8 8 8 8 7 8 8 7
204,SIPP_BigCS,"1,53,0","35,51,1",1,344.0,129,0.37481,4.98532,0.9783,0.1089,361 5 5 5 5 5 5 5 1 5 5 5 5 5 5 29
204,SIPP_Standard,"1,53,0","35,51,1",1,399.0,804,0.79755,18.01469,3.4592,0.5266,32 65 53 105 48
205,SIPP_2^2,"39,26,0","3,11,0",1,510.0,774,0.09299,91.92388,20.42035,40.8407,3 3 3 3 3 3 3 3 3 3 3 3 3 3 3 3 3 3 3 3 3 3 3 3 3 3 3 3 3 0 0 0 3 0 0 3 3 0 0 0 3 0 0 3 0 0 3 0 0 3 0
205,SIPP_2^3,"39,26,0","3,11,0",1,422.1320399999999,400,0.09229,43.3447,8.63938,17.27876,6 6 6 6 6 6 6 6 6 6 6 6 6 6 6 7 7 7 7 7 7 7 7 6 7 7 6 7 6 7 7 6 7 6 6 7
205,SIPP_2^4,"39,26,0","3,11,0",1,395.4102,140,0.08893,4.68857,0.9273,1.85459,13 13 13 13 13 13 13 13 13 13 13 13 13 13 12 12 12 12 12 12 13
205,SIPP_2^5,"39,26,0","3,11,0",1,390.98278199999993,74,0.1217,3.54836,0.70949,1.41897,26 26 26 26 26 25 26 26 26 25 26 25 25 25 25
205,SIPP_BigCS,"39,26,11","3,11,10",1,390.0,42,0.15423,6.63561,0.9769,0.1151,205 205 205 205 205 205 205 205 205 205 205 205 309 59
205,SIPP_Standard,"39,26,11","3,11,10",1,403.0,137,0.14623,15.27396,2.9315,0.357,23 50 93 23 50
206,SIPP_2^2,"49,14,0","27,34,0",1,420.0,612,0.07278,91.92388,20.42035,40.8407,3 3 3 3 3 3 3 3 3 3 3 3 2 2 2 2 2 3 3 3 3 3 2 2 2 2 2 3 2 2 2 2 2 2 3 2 3 2 3 2 3 2
206,SIPP_2^3,"49,14,0","27,34,0",1,302.8427199999999,76,0.01734,16.08209,3.14159,6.28319,5 5 5 5 5 5 5 5 5 5 5 5 5 5 5 5 5 5 6 5 6 5
206,SIPP_2^4,"49,14,0","27,34,0",1,299.2798079999999,62,0.03971,3.22923,0.6435,1.287,10 10 10 10 10 10 10 10 10 10 10 10 10 10 10 10 10 11 11 10
206,SIPP_2^5,"49,14,0","27,34,0",1,298.38520199999994,51,0.08278,3.94758,0.78958,1.57917,20 20 20 20 20 20 20 20 20 20 20 20 21 20 20 20 21 20
206,SIPP_BigCS,"49,14,11","27,34,9",1,296.0,18,0.09136,3.49395,0.6634,0.0518,103 103 103 103 103 103 103 103 103 103 103 103 155 251
206,SIPP_Standard,"49,14,11","27,34,9",1,323.0,176,0.18461,11.70005,2.273,0.2561,20 55 67 47
207,SIPP_2^2,"56,12,0","15,7,0",1,460.0,313,0.03416,28.28427,6.28319,12.56637,3 3 3 3 3 3 3 3 3 3 3 3 3 3 3 3 3 3 3 3 3 3 3 3 3 3 3 3 3 3 3 3 3 3 3 3 3 3 3 0 3 0 0 0 0 3
207,SIPP_2^3,"56,12,0","15,7,0",1,430.71067999999997,240,0.04645,19.79698,3.92699,7.85398,6 6 6 6 6 6 6 6 6 6 6 6 6 6 6 6 6 6 6 6 6 6 6 6 6 6 6 6 6 6 6 6 6 7 7 7 6 6 7 6 7
207,SIPP_2^4,"56,12,0","15,7,0",1,421.8034,191,0.10133,6.96744,1.39094,2.78189,12 12 12 12 12 12 12 12 12 12 12 12 12 12 12 12 12 12 12 12 12 12 12 12 12 12 12 12 12 13 13 13 13 12 12 13
207,SIPP_2^5,"56,12,0","15,7,0",1,418.1138849999999,156,0.21064,4.82854,0.96525,1.9305,24 24 24 24 24 24 24 24 24 24 24 24 24 24 24 24 24 24 24 24 24 24 24 25 25 25 25 24 24 24 25
207,SIPP_BigCS,"56,12,2","15,7,3",1,420.0,572,1.4287,7.5725,1.4766,0.1563,365 7 7 7 7 3 3 7 87 309
207,SIPP_Standard,"56,12,2","15,7,3",1,479.0,1556,1.40523,11.12888,2.1071,0.1712,55 91 3 19 69 54
208,SIPP_2^2,"59,60,0","8,55,0",1,560.0,356,0.03728,28.28427,6.28319,12.56637,3 3 3 3 3 3 3 3 3 3 3 3 3 3 3 3 3 3 3 3 3 3 3 3 3 3 3 3 3 3 3 3 3 3 3 3 3 3 3 3 3 3 3 3 3 3 3 0 0 3 3 3 0 0 0 3
208,SIPP_2^3,"59,60,0","8,55,0",1,530.7106799999999,312,0.0584,31.44415,6.28319,12.56637,6 6 6 6 6 6 6 6 6 6 6 6 6 6 6 6 6 6 6 6 6 6 6 6 6 6 6 6 6 6 6 6 6 7 6 6 6 6 6 6 6 6 7 6 7 6 6 7 7 6 6
208,SIPP_2^4,"59,60,0","8,55,0",1,521.8034,263,0.1349,6.96744,1.39094,2.78189,12 12 12 12 12 12 12 12 12 12 12 12 12 12 12 12 12 12 12 12 12 12 12 12 12 12 12 12 12 12 12 12 12 12 12 12 12 12 12 13 13 13 13 12 12 13
208,SIPP_2^5,"59,60,0","8,55,0",1,518.113885,218,0.28751,8.05121,1.60875,3.21751,24 24 24 24 24 24 24 24 24 24 24 24 24 24 24 25 24 24 25 25 25 24 24 24 24 24 24 24 24 24 24 24 24 24 24 24 24 24 24 24 25
208,SIPP_BigCS,"59,60,11","8,55,6",1,520.0,852,1.94396,7.5725,1.4766,0.1563,365 7 7 7 7 3 3 3 7 7 7 87 309
208,SIPP_Standard,"59,60,11","8,55,6",1,561.0,1176,1.09494,14.44148,2.7576,0.3229,3 3 19 69 50 109 55
209,SIPP_2^2,"23,7,0","27,46,0",1,430.0,243,0.02974,35.35534,7.85398,15.70796,2 2 2 2 2 2 2 2 2 2 2 2 2 2 2 2 2 2 2 2 2 2 2 2 2 2 2 2 2 2 2 2 2 2 2 2 1 1 2 2 1 2 1
209,SIPP_2^3,"23,7,0","27,46,0",1,406.568544,192,0.04079,11.77758,2.35619,4.71239,4 4 4 4 4 4 4 4 4 4 3 3 3 4 4 4 4 4 4 4 4 4 4 4 4 4 4 4 4 4 4 4 4 4 4 4 4 4 3
209,SIPP_2^4,"23,7,0","27,46,0",1,399.44272,153,0.08915,11.63538,2.31824,4.63648,8 8 8 8 8 8 8 8 8 8 8 8 8 8 8 8 8 8 8 8 8 8 8 8 8 8 8 8 7 8 7 7 8 8 7
209,SIPP_2^5,"23,7,0","27,46,0",1,396.49110799999994,129,0.19118,8.05886,1.60875,3.21751,16 16 16 16 16 16 16 16 16 16 16 16 16 16 16 16 16 16 16 16 16 15 16 16 15 15 16 16 16 16 15
209,SIPP_BigCS,"23,7,8","27,46,7",1,398.0,425,1.22021,7.58295,1.4844,0.1702,360 4 0 0 4 4 4 28 304
209,SIPP_Standard,"23,7,8","27,46,7",1,401.0,39,0.05148,6.75321,1.3299,0.1489,44 0 0 0 4
210,SIPP_2^2,"6,1,0","6,54,0",1,530.0,53,0.00626,0.0,0.0,0.0,2 2 2 2 2 2 2 2 2 2 2 2 2 2 2 2 2 2 2 2 2 2 2 2 2 2 2 2 2 2 2 2 2 2 2 2 2 2 2 2 2 2 2 2 2 2 2 2 2 2 2 2 2
210,SIPP_2^3,"6,1,0","6,54,0",1,530.0,53,0.01264,0.0,0.0,0.0,4 4 4 4 4 4 4 4 4 4 4 4 4 4 4 4 4 4 4 4 4 4 4 4 4 4 4 4 4 4 4 4 4 4 4 4 4 4 4 4 4 4 4 4 4 4 4 4 4 4 4 4 4
210,SIPP_2^4,"6,1,0","6,54,0",1,530.0,53,0.03305,0.0,0.0,0.0,8 8 8 8 8 8 8 8 8 8 8 8 8 8 8 8 8 8 8 8 8 8 8 8 8 8 8 8 8 8 8 8 8 8 8 8 8 8 8 8 8 8 8 8 8 8 8 8 8 8 8 8 8
210,SIPP_2^5,"6,1,0","6,54,0",1,530.0,53,0.08518,0.0,0.0,0.0,16 16 16 16 16 16 16 16 16 16 16 16 16 16 16 16 16 16 16 16 16 16 16 16 16 16 16 16 16 16 16 16 16 16 16 16 16 16 16 16 16 16 16 16 16 16 16 16 16 16 16 16 16
210,SIPP_BigCS,"6,1,3","6,54,1",1,530.0,11,0.05276,0.0,0.0,0.0,0 0 0 0 0 0 4 4 4 4 4
210,SIPP_Standard,"6,1,3","6,54,1",1,560.0,581,0.50411,12.2687,2.3533,0.3267,52 104 39 0 0 0 0
211,SIPP_2^2,"48,61,0","26,33,0",1,500.0,774,0.12113,205.06097,45.55309,91.10619,0 0 0 0 3 0 3 0 0 3 0 0 3 0 3 0 0 3 3 3 3 3 0 0 0 3 0 0 3 3 0 0 3 0 0 3 0 0 3 3 3 0 3 0 3 0 0 3 0 3
211,SIPP_2^3,"48,61,0","26,33,0",1,371.12699199999986,198,0.04517,40.08254,7.85398,15.70796,7 7 7 7 7 7 7 7 7 0 7 0 7 7 7 7 7 7 0 7 7 0 7 7 7 0 0 7
211,SIPP_2^4,"48,61,0","26,33,0",1,360.4382559999999,132,0.08316,12.87258,2.574,5.14801,14 14 14 14 14 14 14 14 14 14 14 14 15 14 15 15 15 14 15 14 15 14
211,SIPP_2^5,"48,61,0","26,33,0",1,357.75443799999994,84,0.13623,1.97431,0.39479,0.78958,28 29 29 29 29 29 29 28 28 28 28 28 28 28 28 28
211,SIPP_BigCS,"48,61,15","26,33,3",1,356.0,20,0.08685,6.99966,1.3056,0.0804,102 102 102 102 154 218 154 218
211,SIPP_Standard,"48,61,15","26,33,3",1,399.0,611,0.59788,13.55965,2.6159,0.2813,50 69 50 85 18
212,SIPP_2^2,"52,5,0","47,4,0",1,60.0,6,0.00081,7.07107,1.5708,3.14159,3 3 3 3 3 0
212,SIPP_2^3,"52,5,0","47,4,0",1,54.142136,5,0.00117,3.82683,0.7854,1.5708,6 6 6 6 7
212,SIPP_2^4,"52,5,0","47,4,0",1,52.36068,4,0.00253,2.29753,0.46365,0.9273,12 12 12 13
212,SIPP_2^5,"52,5,0","47,4,0",1,51.622777,3,0.00486,1.60182,0.32175,0.6435,24 24 25
212,SIPP_BigCS,"52,5,12","47,4,2",1,53.0,5,0.05173,3.85319,0.7822,0.2486,7 7 75
212,SIPP_Standard,"52,5,12","47,4,2",1,423.0,583,0.50922,24.46366,4.706,0.8137,25 104 43 85 2
213,SIPP_2^2,"42,57,0","60,48,0",1,270.0,224,0.02677,98.99495,21.99115,43.9823,1 1 1 1 0 0 1 1 1 0 1 0 1 1 0 1 1 1 1 0 0 1 1 0 1 0 1
213,SIPP_2^3,"42,57,0","60,48,0",1,217.27922399999994,105,0.02584,19.69537,3.92699,7.85398,2 2 2 1 2 2 1 1 1 1 1 1 1 2 2 2 2 1
213,SIPP_2^4,"42,57,0","60,48,0",1,201.24612,9,0.00584,0.0,0.0,0.0,3 3 3 3 3 3 3 3 3
213,SIPP_2^5,"42,57,0","60,48,0",1,201.24612,9,0.01569,0.0,0.0,0.0,6 6 6 6 6 6 6 6 6
213,SIPP_BigCS,"42,57,13","60,48,13",1,200.0,3,0.04879,1.40227,0.0,0.0,193 193 201
213,SIPP_Standard,"42,57,13","60,48,13",1,238.0,88,0.08968,9.88355,1.8902,0.2936,32 65 49
214,SIPP_2^2,"8,28,0","16,26,0",1,100.0,21,0.00257,28.28427,6.28319,12.56637,1 1 1 1 1 1 0 1 0 1
214,SIPP_2^3,"8,28,0","16,26,0",1,88.28427199999999,14,0.00319,11.59279,2.35619,4.71239,2 2 2 2 1 2 2 1
214,SIPP_2^4,"8,28,0","16,26,0",1,84.72136,10,0.00635,6.94722,1.39094,2.78189,4 4 3 4 4 3
214,SIPP_2^5,"8,28,0","16,26,0",1,83.245554,7,0.01142,3.22267,0.6435,1.287,7 8 8 7
214,SIPP_BigCS,"8,28,5","16,26,0",1,84.0,7,0.06008,2.36385,0.463,0.0399,5 81
214,SIPP_Standard,"8,28,5","16,26,0",1,86.0,1,0.01526,4.17478,0.8457,0.1277,9
215,SIPP_2^2,"21,34,0","48,58,0",1,510.0,905,0.10867,127.27922,28.27433,56.54867,2 2 2 2 2 2 2 2 2 2 2 2 2 2 1 2 1 2 1 1 1 2 1 2 1 1 1 1 1 1 1 1 1 1 1 2 1 1 1 1 1 1 2 2 1 1 2 1 2 1 2
215,SIPP_2^3,"21,34,0","48,58,0",1,369.41126399999985,127,0.02921,16.11468,3.14159,6.28319,3 3 3 3 3 3 3 3 3 3 3 3 3 3 3 3 3 3 2 2 3 3 2 3 3 3 3
215,SIPP_2^4,"21,34,0","48,58,0",1,364.0668959999999,100,0.0634,3.21951,0.6435,1.287,6 6 6 6 6 6 6 6 6 6 6 6 6 6 5 5 5 6 6 6 6 6 6 6
215,SIPP_2^5,"21,34,0","48,58,0",1,362.7249869999999,80,0.1302,5.93129,1.18437,2.36875,12 12 12 11 12 12 11 12 12 11 12 12 12 12 12 12 12 12 12 12 12
215,SIPP_BigCS,"21,34,5","48,58,8",1,360.0,21,0.1022,3.45046,0.6528,0.0402,100 100 100 100 100 100 100 100 100 100 100 100 100 100 100 124 223
215,SIPP_Standard,"21,34,5","48,58,8",1,403.0,601,0.57895,17.8209,3.4403,0.4671,8 52 80 21 48
216,SIPP_2^2,"63,63,0","10,45,0",0,-1,0,0.0,0.0,0.0,0.0,
216,SIPP_2^3,"63,63,0","10,45,0",0,-1,0,0.0,0.0,0.0,0.0,
216,SIPP_2^4,"63,63,0","10,45,0",0,-1,0,0.0,0.0,0.0,0.0,
216,SIPP_2^5,"63,63,0","10,45,0",0,-1,0,0.0,0.0,0.0,0.0,
216,SIPP_BigCS,"63,63,0","10,45,0",0,-1,0,0.0,0.0,0.0,0.0,
216,SIPP_Standard,"63,63,10","10,45,3",0,-1,0,1e-05,0.0,0.0,0.0,
217,SIPP_2^2,"60,26,0","38,44,0",1,400.0,514,0.06101,141.42136,31.41593,62.83185,3 3 3 3 3 3 2 2 3 2 3 3 2 3 2 3 3 2 2 3 2 2 2 3 3 2 2 2 3 2 3 3 3 3 2 3 2 2 2 3
217,SIPP_2^3,"60,26,0","38,44,0",1,294.5584479999999,114,0.02612,15.80424,3.14159,6.28319,5 5 5 5 5 5 5 5 5 5 5 5 5 5 5 5 6 6 6 5 6 5
217,SIPP_2^4,"60,26,0","38,44,0",1,287.4326239999999,82,0.05189,3.22672,0.6435,1.287,10 10 10 10 10 10 10 10 10 10 10 10 11 11 11 11 10 10
217,SIPP_2^5,"60,26,0","38,44,0",1,285.64341199999996,58,0.12409,3.9539,0.78958,1.57916,20 20 20 20 20 20 20 20 21 21 21 20 21 20
217,SIPP_BigCS,"60,26,2","38,44,13",1,284.0,16,0.07886,5.29273,0.9842,0.066,103 103 103 103 103 155 219 155
217,SIPP_Standard,"60,26,2","38,44,13",1,327.0,289,0.29273,13.05906,2.5421,0.3262,70 51 78 107
218,SIPP_2^2,"20,6,0","10,43,0",1,470.0,545,0.06138,70.71068,15.70796,31.41593,2 2 2 2 2 2 2 2 2 2 2 2 2 3 2 2 2 2 2 2 2 2 2 3 3 2 2 3 3 3 3 2 2 2 2 2 2 3 2 2 2 2 2 2 3 3 2
218,SIPP_2^3,"20,6,0","10,43,0",1,411.42135999999994,345,0.07131,51.89002,10.21018,20.42035,4 4 4 4 4 4 4 4 5 4 4 5 5 4 4 5 5 4 4 5 4 4 4 4 4 4 4 4 4 5 5 4 4 4 5 4 5
218,SIPP_2^4,"20,6,0","10,43,0",1,393.60679999999996,225,0.12773,11.69724,2.31824,4.63648,9 9 9 9 9 9 9 9 8 8 8 8 8 8 9 8 9 8 8 8 8 8 8 8 8 8 8
218,SIPP_2^5,"20,6,0","10,43,0",1,386.2277699999999,107,0.15287,3.22997,0.6435,1.287,17 17 17 17 17 17 17 17 17 16 16 16 16 16 16 16 17
218,SIPP_BigCS,"20,6,0","10,43,9",1,390.0,504,1.39933,10.58544,1.9538,0.2302,206 206 206 206 310 4 4 4 56 310 4 4 56
218,SIPP_Standard,"20,6,0","10,43,9",1,400.0,163,0.17296,6.31034,1.1886,0.0899,0 0 16 70 51
219,SIPP_2^2,"18,16,0","15,47,0",1,340.0,142,0.01805,35.35534,7.85398,15.70796,2 2 2 2 2 2 2 2 2 2 2 2 2 2 2 2 2 2 2 2 2 2 2 2 2 2 2 2 3 2 3 2 2 3
219,SIPP_2^3,"18,16,0","15,47,0",1,322.426408,109,0.02479,19.45842,3.92699,7.85398,4 4 4 4 4 4 4 4 4 4 4 4 4 4 4 4 4 4 4 4 5 4 4 4 4 4 4 4 5 4 5
219,SIPP_2^4,"18,16,0","15,47,0",1,317.08204,94,0.05933,6.97882,1.39094,2.78189,8 8 8 8 8 8 8 8 8 8 8 8 8 8 8 8 8 8 8 8 8 9 9 8 8 8 8 9
219,SIPP_2^5,"18,16,0","15,47,0",1,314.86833099999996,76,0.12245,4.83483,0.96525,1.9305,16 16 16 16 16 16 16 16 16 16 16 16 16 16 16 16 16 16 16 17 17 16 16 16 17
219,SIPP_BigCS,"18,16,15","15,47,5",1,316.0,199,0.61019,4.96249,0.9769,0.1151,4 4 0 0 4 56 310
219,SIPP_Standard,"18,16,15","15,47,5",1,319.0,19,0.03278,4.02346,0.7843,0.0937,39 0 0 0
220,SIPP_2^2,"16,11,0","15,30,0",1,200.0,20,0.00248,14.14214,3.14159,6.28319,2 2 2 2 2 2 2 2 2 2 2 2 2 2 2 2 2 2 3 2
220,SIPP_2^3,"16,11,0","15,30,0",1,194.142136,19,0.00432,3.82683,0.7854,1.5708,4 4 4 4 4 4 4 4 4 4 4 4 4 4 4 4 4 4 5
220,SIPP_2^4,"16,11,0","15,30,0",1,192.36068,18,0.01128,2.29753,0.46365,0.9273,8 8 8 8 8 8 8 8 8 8 8 8 8 8 8 8 8 9
220,SIPP_2^5,"16,11,0","15,30,0",1,191.62277699999999,17,0.02732,1.60182,0.32175,0.6435,16 16 16 16 16 16 16 16 16 16 16 16 16 16 16 16 17
220,SIPP_BigCS,"16,11,10","15,30,2",1,192.0,17,0.08535,2.36487,0.4708,0.0538,4 4 4 4 4 0 56
220,SIPP_Standard,"16,11,10","15,30,2",1,241.0,122,0.13166,11.51746,2.2207,0.3118,75 110 52
221,SIPP_2^2,"35,51,0","49,16,0",1,490.0,703,0.08445,28.28427,6.28319,12.56637,0 0 0 0 0 0 0 0 0 0 0 0 0 0 0 0 0 0 0 0 0 0 0 0 0 0 0 0 0 0 0 0 1 1 0 0 1 1 1 1 1 1 1 1 1 1 1 1 0
221,SIPP_2^3,"35,51,0","49,16,0",1,407.9899039999999,374,0.08658,27.62931,5.49779,10.99557,0 0 0 0 0 0 0 0 0 0 0 0 0 0 0 0 1 1 1 1 1 1 1 1 1 0 1 1 0 1 1 0 0 0 1
221,SIPP_2^4,"35,51,0","49,16,0",1,383.04952,146,0.09299,13.94736,2.78189,5.56377,1 1 1 1 1 1 1 0 0 1 1 1 1 0 0 0 1 1 0 0 1
221,SIPP_2^5,"35,51,0","49,16,0",1,377.8841989999999,67,0.10982,2.12916,0.42569,0.85138,2 2 2 2 2 1 1 1 1 2 2 1 1 1
221,SIPP_BigCS,"35,51,1","49,16,7",1,378.0,64,0.2164,6.49589,0.9769,0.1151,204 204 204 204 204 204 204 204 204 204 204 308 6 58
221,SIPP_Standard,"35,51,1","49,16,7",1,397.0,242,0.27818,13.404,2.6033,0.3205,37 2 22 49 76
222,SIPP_2^2,"40,61,0","63,53,0",0,-1,0,0.0,0.0,0.0,0.0,
222,SIPP_2^3,"40,61,0","63,53,0",0,-1,0,0.0,0.0,0.0,0.0,
222,SIPP_2^4,"40,61,0","63,53,0",0,-1,0,0.0,0.0,0.0,0.0,
222,SIPP_2^5,"40,61,0","63,53,0",0,-1,0,0.0,0.0,0.0,0.0,
222,SIPP_BigCS,"40,61,0","63,53,0",0,-1,0,0.0,0.0,0.0,0.0,
222,SIPP_Standard,"40,61,2","63,53,6",0,-1,55136,40.95112,0.0,0.0,0.0,
223,SIPP_2^2,"43,2,0","18,12,0",1,350.0,296,0.03466,49.49747,10.99557,21.99115,3 3 3 3 3 3 3 3 3 3 3 3 3 3 3 3 3 3 3 3 3 2 2 3 2 2 2 2 2 3 2 2 3 3 2
223,SIPP_2^3,"43,2,0","18,12,0",1,291.42135999999994,187,0.04257,20.00224,3.92699,7.85398,6 6 6 6 6 6 6 6 6 6 6 5 5 5 5 5 5 5 5 6 6 5 6 6 5
223,SIPP_2^4,"43,2,0","18,12,0",1,273.6068,76,0.04822,18.70208,3.70918,7.41836,11 12 11 12 11 12 11 11 11 11 11 11 12 12 11
223,SIPP_2^5,"43,2,0","18,12,0",1,269.917285,35,0.05692,2.83897,0.56759,1.13518,23 23 22 22 23 22 22 22 23 23
223,SIPP_BigCS,"43,2,10","18,12,3",1,270.0,23,0.09194,3.83557,0.5075,0.0551,203 203 203 203 203 203 203 203 203 363
223,SIPP_Standard,"43,2,10","18,12,3",1,327.0,334,0.31964,11.13033,2.1756,0.2766,20 47 3 19
224,SIPP_2^2,"62,4,0","5,12,0",1,650.0,612,0.07118,84.85281,18.84956,37.69911,3 3 3 3 3 3 3 3 3 3 3 3 3 3 3 3 3 3 3 3 3 3 3 3 3 3 3 3 3 3 3 3 3 3 3 3 3 3 3 3 3 3 3 3 3 2 2 3 3 2 3 2 3 3 2 3 3 3 3 3 2 2 3 2 3
224,SIPP_2^3,"62,4,0","5,12,0",1,603.137088,529,0.10164,40.01935,7.85398,15.70796,6 6 6 6 6 6 6 6 6 6 6 5 5 5 6 6 6 6 6 6 6 6 6 6 6 6 6 6 6 6 6 6 6 6 6 5 6 6 6 6 6 6 5 6 6 5 6 5 5 6 6 6 6 6 6 6 6
224,SIPP_2^4,"62,4,0","5,12,0",1,588.88544,411,0.21696,16.28419,3.24553,6.49107,12 12 12 12 12 12 12 12 12 12 12 12 12 12 12 12 12 12 12 12 12 12 12 12 12 12 12 12 12 12 12 12 12 12 12 12 12 11 12 12 11 11 11 12 11 11 11 12 11
224,SIPP_2^5,"62,4,0","5,12,0",1,582.9822159999999,320,0.42168,20.95078,4.18276,8.36551,24 24 24 24 24 24 24 24 24 24 23 24 24 24 23 24 24 23 24 23 23 24 24 24 24 24 24 24 24 24 24 23 24 23 24 24 24 24 24 24 23
224,SIPP_BigCS,"62,4,11","5,12,13",1,586.0,1499,3.3487,12.62785,2.4535,0.2714,307 7 7 3 7 3 83 363 7 7 7 7 7 7 31 307
224,SIPP_Standard,"62,4,11","5,12,13",1,638.0,2826,2.4304,18.35496,3.5206,0.4747,55 107 38 3 3 3 11 51
225,SIPP_2^2,"46,41,0","6,28,0",1,530.0,759,0.08336,28.28427,6.28319,12.56637,3 3 3 3 3 3 3 3 3 3 3 3 3 3 3 3 3 3 3 3 3 3 3 3 3 3 3 3 3 3 3 3 3 3 3 3 3 0 0 0 0 0 0 0 0 0 0 0 3 3 0 0 3
225,SIPP_2^3,"46,41,0","6,28,0",1,453.8477679999999,445,0.09116,43.94272,8.63938,17.27876,6 6 6 6 6 6 6 6 6 6 6 6 6 6 6 6 6 6 6 6 7 7 7 7 7 7 7 6 7 6 7 6 7 7 6 6 7 6 6 7
225,SIPP_2^4,"46,41,0","6,28,0",1,430.68883999999997,244,0.13724,16.23979,3.24553,6.49107,13 13 13 13 13 13 13 13 13 13 12 12 12 13 12 12 12 12 12 12 13 12 13 12 12 12 12
225,SIPP_2^5,"46,41,0","6,28,0",1,421.09610099999986,37,0.05335,3.23491,0.6435,1.287,25 25 25 25 25 25 25 25 24 25 25 25 25 25
225,SIPP_BigCS,"46,41,10","6,28,10",1,426.0,458,1.26652,13.16994,2.4521,0.2776,205 205 205 309 87 205 309 7 59 309
225,SIPP_Standard,"46,41,10","6,28,10",1,429.0,43,0.05461,10.02888,1.6881,0.1714,19 61 61 93 19
226,SIPP_2^2,"15,12,0","14,43,0",1,320.0,32,0.00397,14.14214,3.14159,6.28319,2 2 2 2 2 2 2 2 2 2 2 2 2 2 2 2 2 2 2 2 2 2 2 2 2 2 2 2 2 2 3 2
226,SIPP_2^3,"15,12,0","14,43,0",1,314.142136,31,0.00709,3.82683,0.7854,1.5708,4 4 4 4 4 4 4 4 4 4 4 4 4 4 4 4 4 4 4 4 4 4 4 4 4 4 4 4 4 4 5
226,SIPP_2^4,"15,12,0","14,43,0",1,312.36068,30,0.01911,2.29753,0.46365,0.9273,8 8 8 8 8 8 8 8 8 8 8 8 8 8 8 8 8 8 8 8 8 8 8 8 8 8 8 8 8 9
226,SIPP_2^5,"15,12,0","14,43,0",1,311.622777,29,0.04751,1.60182,0.32175,0.6435,16 16 16 16 16 16 16 16 16 16 16 16 16 16 16 16 16 16 16 16 16 16 16 16 16 16 16 16 17
226,SIPP_BigCS,"15,12,5","14,43,3",1,312.0,29,0.11765,2.36487,0.4708,0.0538,4 4 0 0 4 4 4 4 4 4 4 56
226,SIPP_Standard,"15,12,5","14,43,3",1,325.0,53,0.06472,8.2271,1.63,0.2214,39 0 0 8
227,SIPP_2^2,"19,13,0","42,46,0",1,560.0,1069,0.13206,176.7767,39.26991,78.53982,1 1 1 1 2 1 1 2 2 2 2 2 1 2 2 2 1 2 2 2 2 2 2 2 1 1 2 2 2 2 1 2 1 2 2 2 1 1 1 1 2 1 1 2 2 2 1 2 2 1 2 1 1 2 1 2
227,SIPP_2^3,"19,13,0","42,46,0",1,425.26912799999985,320,0.07325,55.96203,10.99557,21.99115,3 3 3 3 3 3 3 3 3 3 3 3 4 3 3 3 3 4 4 3 4 3 4 4 3 4 3 4 3 3 4 4 3
227,SIPP_2^4,"19,13,0","42,46,0",1,407.4545679999999,173,0.10874,11.2721,2.25225,4.50451,7 7 7 7 7 7 6 7 7 6 6 6 6 7 6 6 7 6 6 6 6 6 6
227,SIPP_2^5,"19,13,0","42,46,0",1,402.981538,56,0.09092,2.96525,0.59219,1.18437,13 13 13 13 13 13 13 13 13 12 13 12 12
227,SIPP_BigCS,"19,13,2","42,46,9",1,402.0,17,0.11496,8.75712,1.6286,0.107,200 200 216 180 248 180 248
227,SIPP_Standard,"19,13,2","42,46,9",1,402.0,10,0.02402,8.44902,1.6074,0.0838,64 52 64 52 64
228,SIPP_2^2,"48,41,0","31,14,0",1,440.0,644,0.07631,91.92388,20.42035,40.8407,0 0 3 3 3 3 3 3 0 0 0 0 0 0 0 0 0 0 0 3 3 3 0 0 0 0 3 3 3 3 0 0 3 0 0 3 0 0 0 0 0 3 0 3
228,SIPP_2^3,"48,41,0","31,14,0",1,340.4163119999999,229,0.05313,27.22668,5.49779,10.99557,0 0 0 7 7 0 0 0 0 0 7 7 7 7 7 7 7 7 7 7 0 7 7 0 7 7 7
228,SIPP_2^4,"48,41,0","31,14,0",1,322.6017519999999,97,0.06188,4.836,0.96525,1.9305,15 15 15 15 15 15 15 15 14 14 14 15 15 14 14 14 14
228,SIPP_2^5,"48,41,0","31,14,0",1,319.47063099999997,33,0.05434,2.48827,0.49742,0.99484,29 29 29 29 29 30 29 30 30 29
228,SIPP_BigCS,"48,41,15","31,14,5",1,318.0,15,0.08284,4.41695,0.6528,0.0402,202 202 202 202 202 202 202 218 102 154
228,SIPP_Standard,"48,41,15","31,14,5",1,319.0,4,0.01823,5.76629,0.9646,0.055,54 58 66 54
229,SIPP_2^2,"52,32,0","56,47,0",1,190.0,84,0.01022,28.28427,6.28319,12.56637,2 2 2 2 2 2 2 2 2 2 2 2 2 1 2 1 1 1 2
229,SIPP_2^3,"52,32,0","56,47,0",1,166.56854399999997,55,0.01251,19.64322,3.92699,7.85398,4 4 4 4 4 4 4 4 3 3 4 3 4 4 3
229,SIPP_2^4,"52,32,0","56,47,0",1,159.44272,35,0.02239,6.98569,1.39094,2.78189,8 8 8 8 8 7 7 7 8 8 7
229,SIPP_2^5,"52,32,0","56,47,0",1,156.491108,19,0.03109,3.22267,0.6435,1.287,15 16 16 16 15 15 15
229,SIPP_BigCS,"52,32,4","56,47,7",1,158.0,43,0.15726,4.95204,0.9691,0.1012,4 4 80 304
229,SIPP_Standard,"52,32,4","56,47,7",1,161.0,8,0.02165,6.75342,1.3299,0.1489,44 4
230,SIPP_2^2,"28,44,0","19,4,0",1,490.0,537,0.05772,14.14214,3.14159,6.28319,0 0 0 0 0 0 0 0 0 0 0 0 0 0 0 0 0 0 0 0 0 0 0 0 0 0 0 0 0 0 0 0 0 0 0 0 0 0 0 3 3 3 3 3 3 3 3 3 0
230,SIPP_2^3,"28,44,0","19,4,0",1,437.27922399999994,362,0.07114,43.82818,8.63938,17.27876,0 0 0 0 0 0 0 0 7 0 0 7 7 0 0 0 7 7 0 0 0 0 0 0 0 0 0 0 0 0 0 7 7 0 7 0 0 0 0 7
230,SIPP_2^4,"28,44,0","19,4,0",1,421.24612,244,0.13203,20.98207,4.17283,8.34566,0 0 0 0 0 0 0 0 0 0 0 0 0 0 0 0 0 15 15 0 15 0 15 15 0 0 15 15 15 0 15
230,SIPP_2^5,"28,44,0","19,4,0",1,414.6049929999999,153,0.21068,11.27722,2.25225,4.50451,0 0 0 0 0 0 0 31 0 31 31 31 31 31 0 0 31 31 0 0 0 31
230,SIPP_BigCS,"28,44,1","19,4,1",1,418.0,686,1.7962,15.09694,2.9243,0.3252,6 6 30 306 30 362 82 306
230,SIPP_Standard,"28,44,1","19,4,1",1,420.0,52,0.06322,9.55781,1.6881,0.1714,2 6 58 90 6
231,SIPP_2^2,"15,38,0","31,32,0",1,220.0,133,0.01535,56.56854,12.56637,25.13274,1 1 1 1 1 1 0 1 1 1 0 0 0 1 1 1 1 0 1 1 0 1
231,SIPP_2^3,"15,38,0","31,32,0",1,184.85281599999996,76,0.01697,11.59279,2.35619,4.71239,2 2 2 2 2 2 2 1 2 2 2 1 1 1 1 1
231,SIPP_2^4,"15,38,0","31,32,0",1,174.16407999999998,38,0.02375,6.93886,1.39094,2.78189,3 3 3 3 3 4 3 4 4 4
231,SIPP_2^5,"15,38,0","31,32,0",1,171.212468,14,0.02272,2.13009,0.42569,0.85138,7 7 6 7 7 6
231,SIPP_BigCS,"15,38,14","31,32,1",1,172.0,15,0.08,3.15434,0.5061,0.0613,201 201 201 201 305 5 5
231,SIPP_Standard,"15,38,14","31,32,1",1,177.0,8,0.02174,6.51253,1.1565,0.2278,57 97
232,SIPP_2^2,"2,50,0","0,29,0",0,-1,0,0.0,0.0,0.0,0.0,
232,SIPP_2^3,"2,50,0","0,29,0",0,-1,0,0.0,0.0,0.0,0.0,
232,SIPP_2^4,"2,50,0","0,29,0",0,-1,0,0.0,0.0,0.0,0.0,
232,SIPP_2^5,"2,50,0","0,29,0",0,-1,0,0.0,0.0,0.0,0.0,
232,SIPP_BigCS,"2,50,0","0,29,0",0,-1,0,0.0,0.0,0.0,0.0,
232,SIPP_Standard,"2,50,15","0,29,4",0,-1,55137,40.74223,0.0,0.0,0.0,
233,SIPP_2^2,"36,41,0","60,57,0",1,400.0,535,0.06564,141.42136,31.41593,62.83185,1 1 1 1 2 1 2 1 2 1 1 1 2 1 2 2 1 1 1 2 2 2 2 2 1 2 2 1 1 2 1 1 2 1 1 1 1 1 2 1
233,SIPP_2^3,"36,41,0","60,57,0",1,306.2741759999999,178,0.04068,23.19385,4.71239,9.42478,3 3 3 3 3 3 3 3 3 3 3 3 3 2 3 2 2 2 2 2 2 3 2 3
233,SIPP_2^4,"36,41,0","60,57,0",1,292.02252799999997,86,0.05521,14.52391,2.89576,5.79151,6 6 5 6 5 5 6 5 5 6 5 6 6 6 5 5
233,SIPP_2^5,"36,41,0","60,57,0",1,288.444104,8,0.01277,0.0,0.0,0.0,11 11 11 11 11 11 11 11
233,SIPP_BigCS,"36,41,11","60,57,13",1,288.0,11,0.10487,5.48532,0.975,0.0607,207 207 207 223 176 255
233,SIPP_Standard,"36,41,11","60,57,13",1,317.0,191,0.18594,7.44876,1.4273,0.1284,52 64 36 1
234,SIPP_2^2,"26,7,0","44,42,0",1,530.0,894,0.10527,127.27922,28.27433,56.54867,2 2 2 2 1 2 2 1 1 2 1 2 2 2 1 1 1 1 1 1 1 1 2 1 2 2 2 2 2 2 1 2 2 2 2 2 2 2 2 2 2 2 2 2 2 2 1 2 1 1 2 1 2
234,SIPP_2^3,"26,7,0","44,42,0",1,424.5584479999999,397,0.08756,47.03487,9.42478,18.84956,3 3 3 3 3 3 3 3 3 3 4 3 3 4 4 4 4 4 4 4 4 4 4 4 4 3 4 3 4 3 4 3 3 4 3
234,SIPP_2^4,"26,7,0","44,42,0",1,394.273696,35,0.02158,1.60562,0.32175,0.6435,7 7 7 7 7 7 7 7 7 7 7 7 7 7 7 7 7 6
234,SIPP_2^5,"26,7,0","44,42,0",1,393.826393,33,0.05101,0.62174,0.12436,0.24871,14 14 14 14 14 14 14 14 14 14 14 14 14 14 14 14 13
234,SIPP_BigCS,"26,7,0","44,42,1",1,393.0,88,0.28289,5.82402,0.8277,0.0816,100 180 192 200 200 200 200 200 200 200 304
234,SIPP_Standard,"26,7,0","44,42,1",1,403.0,86,0.09806,12.53368,2.4072,0.2437,8 52 64 52 88
235,SIPP_2^2,"51,54,0","3,12,0",1,900.0,2707,0.31413,254.55844,56.54867,113.09734,3 3 3 3 3 3 3 3 3 3 3 3 3 3 3 3 3 3 3 3 3 0 0 3 0 0 0 3 0 0 0 3 0 0 3 3 3 3 3 3 3 3 0 0 3 0 0 3 0 0 0 0 0 3 0 0 3 0 3 3 0 3 0 0 3 0 0 3 3 0 0 0 3 0 0 0 0 0 0 3 0 3 0 0 0 3 0 3 0 3
235,SIPP_2^3,"51,54,0","3,12,0",1,653.9697120000001,414,0.08833,31.71845,6.28319,12.56637,7 7 7 7 7 7 7 7 7 7 7 7 7 7 7 7 7 7 7 7 7 7 7 7 7 7 7 7 7 7 7 7 7 7 7 7 7 6 6 7 7 6 7 6 7 6 6 7
235,SIPP_2^4,"51,54,0","3,12,0",1,643.2809759999998,312,0.21205,1.61724,0.32175,0.6435,14 14 14 14 14 14 14 14 14 14 14 14 14 14 14 14 14 14 14 14 14 14 14 14 14 14 14 14 14 14 14 14 14 14 14 14 13 13 13 13 13 13
235,SIPP_2^5,"51,54,0","3,12,0",1,640.5971579999999,246,0.35773,4.93174,0.98698,1.97396,28 28 28 28 28 28 28 28 28 28 28 28 28 28 28 28 28 28 28 28 28 28 28 28 28 28 28 27 28 27 28 28 27 27 27 27
235,SIPP_BigCS,"51,54,13","3,12,13",1,636.0,40,0.15066,6.99966,1.3056,0.0804,102 102 102 102 102 102 102 102 102 102 102 102 102 102 102 102 102 102 102 102 102 102 102 102 126 221 126 221
235,SIPP_Standard,"51,54,13","3,12,13",1,643.0,127,0.13687,8.38104,1.6076,0.0897,30 30 30 50 69 50 69 54
236,SIPP_2^2,"14,43,0","23,28,0",1,240.0,183,0.02158,77.78175,17.27876,34.55752,0 0 0 0 0 0 0 0 1 0 1 0 1 1 1 0 0 0 1 0 1 1 0 1
236,SIPP_2^3,"14,43,0","23,28,0",1,187.27922399999997,73,0.01657,19.45842,3.92699,7.85398,0 1 0 0 0 1 0 0 1 1 1 1 1 1 1
236,SIPP_2^4,"14,43,0","23,28,0",1,176.59048799999997,29,0.01825,1.60648,0.32175,0.6435,1 1 1 1 1 1 2 2 2
236,SIPP_2^5,"14,43,0","23,28,0",1,175.24857899999998,15,0.02419,1.86597,0.37307,0.74613,3 2 2 3 3 2
236,SIPP_BigCS,"14,43,4","23,28,7",1,174.0,5,0.05596,2.1562,0.3214,0.0144,204 204 204 204 220
236,SIPP_Standard,"14,43,4","23,28,7",1,175.0,3,0.01743,2.37631,0.3214,0.0144,60 68
237,SIPP_2^2,"40,9,0","48,7,0",1,100.0,21,0.00269,28.28427,6.28319,12.56637,1 1 1 1 1 1 0 1 0 1
237,SIPP_2^3,"40,9,0","48,7,0",1,88.28427199999999,14,0.00322,11.59279,2.35619,4.71239,2 2 2 2 1 2 2 1
237,SIPP_2^4,"40,9,0","48,7,0",1,84.72136,10,0.0064,6.94722,1.39094,2.78189,4 4 3 4 4 3
237,SIPP_2^5,"40,9,0","48,7,0",1,83.245554,7,0.01152,3.22267,0.6435,1.287,7 8 8 7
237,SIPP_BigCS,"40,9,8","48,7,2",1,84.0,7,0.06067,2.36385,0.463,0.0399,5 81
237,SIPP_Standard,"40,9,8","48,7,2",1,86.0,1,0.01541,4.17478,0.8457,0.1277,9
238,SIPP_2^2,"9,58,0","46,39,0",1,560.0,921,0.10589,98.99495,21.99115,43.9823,1 1 1 1 1 1 1 1 1 1 1 1 1 1 1 1 1 1 1 1 1 1 1 1 1 1 1 1 1 1 0 0 0 0 0 1 0 0 0 0 0 0 0 0 1 0 0 1 0 1 0 1 0 1 0 1
238,SIPP_2^3,"9,58,0","46,39,0",1,448.7005839999999,443,0.09684,55.24697,10.99557,21.99115,1 1 1 1 1 1 1 1 1 1 2 1 1 2 2 2 2 2 2 2 2 1 2 2 1 1 2 1 2 2 1 2 2 1 2 2 1
238,SIPP_2^4,"9,58,0","46,39,0",1,416.634376,37,0.02207,1.61338,0.32175,0.6435,3 3 3 3 3 3 3 3 3 3 3 3 3 3 3 3 3 3 2
238,SIPP_2^5,"9,58,0","46,39,0",1,416.187073,35,0.05237,0.6216,0.12436,0.24871,6 6 6 6 6 6 6 6 6 6 6 6 6 6 6 6 6 5
238,SIPP_BigCS,"9,58,0","46,39,3",1,416.0,96,0.30061,6.04472,0.8277,0.0816,101 181 193 193 201 201 201 201 305
238,SIPP_Standard,"9,58,0","46,39,3",1,422.0,50,0.06012,8.96889,1.4887,0.1624,9 53 57 57 65
239,SIPP_2^2,"53,43,0","55,26,0",1,190.0,48,0.00541,21.2132,4.71239,9.42478,0 0 0 0 0 0 0 0 0 0 0 0 0 0 0 1 0 0 1
239,SIPP_2^3,"53,43,0","55,26,0",1,178.284272,38,0.00794,11.59279,2.35619,4.71239,0 0 0 0 0 0 0 0 0 0 0 0 0 1 0 0 1
239,SIPP_2^4,"53,43,0","55,26,0",1,174.72136,29,0.01689,6.94722,1.39094,2.78189,0 0 0 0 0 0 0 0 0 0 0 1 0 0 1
239,SIPP_2^5,"53,43,0","55,26,0",1,173.24555399999997,25,0.03723,4.82449,0.96525,1.9305,0 0 0 0 0 0 0 0 1 0 0 0 1
239,SIPP_BigCS,"53,43,9","55,26,12",1,174.0,47,0.15647,4.98532,0.9783,0.1089,364 6 6 6 6 58
239,SIPP_Standard,"53,43,9","55,26,12",1,335.0,617,0.5342,20.91012,4.0632,0.7449,107 42 68 41
240,SIPP_2^2,"27,42,0","28,14,0",1,290.0,29,0.00344,7.07107,1.5708,3.14159,0 0 0 0 0 0 0 0 0 0 0 0 0 0 0 0 0 0 0 0 0 0 0 0 0 0 0 0 1
240,SIPP_2^3,"27,42,0","28,14,0",1,284.142136,28,0.00613,3.82683,0.7854,1.5708,0 0 0 0 0 0 0 0 0 0 0 0 0 0 0 0 0 0 0 0 0 0 0 0 0 0 0 1
240,SIPP_2^4,"27,42,0","28,14,0",1,282.36068,27,0.01641,2.29753,0.46365,0.9273,0 0 0 0 0 0 0 0 0 0 0 0 0 0 0 0 0 0 0 0 0 0 0 0 0 0 1
240,SIPP_2^5,"27,42,0","28,14,0",1,281.622777,26,0.04036,1.60182,0.32175,0.6435,0 0 0 0 0 0 0 0 0 0 0 0 0 0 0 0 0 0 0 0 0 0 0 0 0 1
240,SIPP_BigCS,"27,42,8","28,14,14",1,282.0,26,0.10842,2.74653,0.5456,0.0552,6 6 2 2 6 6 42
240,SIPP_Standard,"27,42,8","28,14,14",1,317.0,252,0.25628,10.89728,2.0858,0.2293,49 92 10 54
241,SIPP_2^2,"18,44,0","57,40,0",1,430.0,243,0.02811,42.42641,9.42478,18.84956,1 1 1 1 1 1 1 1 1 1 1 1 1 1 1 1 1 1 1 1 1 1 1 1 1 1 1 1 1 1 1 1 1 1 1 0 1 1 0 0 1 0 1
241,SIPP_2^3,"18,44,0","57,40,0",1,406.568544,192,0.0389,11.77758,2.35619,4.71239,2 2 2 2 2 2 2 2 2 2 1 1 1 2 2 2 2 2 2 2 2 2 2 2 2 2 2 2 2 2 2 2 2 2 2 2 2 2 1
241,SIPP_2^4,"18,44,0","57,40,0",1,399.44272,153,0.08454,11.63538,2.31824,4.63648,4 4 4 4 4 4 4 4 4 4 4 4 4 4 4 4 4 4 4 4 4 4 4 4 4 4 4 4 3 4 3 3 4 4 3
241,SIPP_2^5,"18,44,0","57,40,0",1,396.49110799999994,129,0.18029,4.83619,0.96525,1.9305,8 8 8 8 8 8 8 8 8 8 8 8 8 8 8 8 8 8 8 8 8 8 8 8 8 7 7 7 8 8 7
241,SIPP_BigCS,"18,44,12","57,40,14",1,398.0,425,1.13344,7.58295,1.4844,0.1702,361 5 1 1 5 5 5 29 305
241,SIPP_Standard,"18,44,12","57,40,14",1,401.0,39,0.05202,6.75321,1.3299,0.1489,45 1 1 1 5
242,SIPP_2^2,"28,62,0","17,18,0",1,550.0,685,0.07077,120.20815,26.70354,53.40708,0 0 0 0 0 0 0 0 0 0 0 0 0 0 0 0 0 0 0 0 0 0 0 0 0 0 0 0 0 3 0 3 0 3 0 0 0 0 3 0 0 3 3 3 0 3 0 3 0 0 0 0 3 0 3
242,SIPP_2^3,"28,62,0","17,18,0",1,485.56349599999993,465,0.08937,59.91362,11.78097,23.56195,0 0 0 0 0 0 0 0 7 0 0 7 7 0 7 7 0 7 0 0 0 0 0 0 0 0 7 7 0 0 0 0 0 0 0 0 0 0 7 0 7 0 0 7
242,SIPP_2^4,"28,62,0","17,18,0",1,465.96748,300,0.15782,16.26614,3.24553,6.49107,0 0 0 0 0 0 0 0 0 0 0 0 0 0 0 0 0 0 15 15 15 15 15 0 15 15 15 0 15 15 0 0 15
242,SIPP_2^5,"28,62,0","17,18,0",1,457.8505469999999,169,0.22628,11.2707,2.25225,4.50451,0 0 0 0 0 0 31 31 31 31 31 31 0 0 0 31 31 0 31 31 0 31
242,SIPP_BigCS,"28,62,5","17,18,6",1,462.0,867,2.09707,13.6539,2.5297,0.2666,202 202 202 202 362 82 362 6 14 306
242,SIPP_Standard,"28,62,5","17,18,6",1,478.0,416,0.4035,9.3562,1.819,0.2268,2 2 2 10 54 74
243,SIPP_2^2,"0,39,0","15,45,0",0,-1,0,0.0,0.0,0.0,0.0,
243,SIPP_2^3,"0,39,0","15,45,0",0,-1,0,0.0,0.0,0.0,0.0,
243,SIPP_2^4,"0,39,0","15,45,0",0,-1,0,0.0,0.0,0.0,0.0,
243,SIPP_2^5,"0,39,0","15,45,0",0,-1,0,0.0,0.0,0.0,0.0,
243,SIPP_BigCS,"0,39,0","15,45,0",0,-1,0,0.0,0.0,0.0,0.0,
243,SIPP_Standard,"0,39,10","15,45,3",0,-1,0,1e-05,0.0,0.0,0.0,
244,SIPP_2^2,"34,32,0","17,46,0",1,310.0,328,0.03867,98.99495,21.99115,43.9823,3 3 3 3 3 2 3 2 3 3 2 2 2 2 2 2 3 3 3 3 2 2 3 3 2 3 2 3 2 2 3
244,SIPP_2^3,"34,32,0","17,46,0",1,227.98990399999994,67,0.01507,7.86564,1.5708,3.14159,5 5 6 6 6 5 5 5 5 5 5 5 5 5 5 5 5
244,SIPP_2^4,"34,32,0","17,46,0",1,222.64553599999996,50,0.03128,6.44956,1.287,2.574,10 11 10 10 11 11 10 10 10 10 10 10 10 10
244,SIPP_2^5,"34,32,0","17,46,0",1,221.30362699999995,37,0.05849,3.95334,0.78958,1.57916,20 20 20 21 21 20 21 20 20 20 20
244,SIPP_BigCS,"34,32,5","17,46,6",1,220.0,11,0.10355,3.45046,0.6528,0.0402,103 103 103 103 103 155 219
244,SIPP_Standard,"34,32,5","17,46,6",1,238.0,48,0.06058,9.3562,1.819,0.2268,11 51 78
245,SIPP_2^2,"25,19,0","14,61,0",1,530.0,685,0.07101,42.42641,9.42478,18.84956,2 2 2 2 2 2 2 2 2 2 2 2 2 2 2 2 2 2 2 2 2 2 2 2 2 2 2 2 2 2 2 2 2 2 2 2 2 2 2 3 3 2 3 3 3 3 2 3 3 3 3 3 2
245,SIPP_2^3,"25,19,0","14,61,0",1,465.56349599999993,437,0.08263,48.43164,9.42478,18.84956,5 5 5 5 4 5 5 4 4 4 4 4 4 4 4 4 4 4 4 4 4 4 4 4 5 4 5 4 4 4 4 5 4 4 4 4 5 4 4 4 4 5
245,SIPP_2^4,"25,19,0","14,61,0",1,445.96747999999997,284,0.14879,16.32443,3.24553,6.49107,9 9 9 9 9 9 9 9 8 8 8 8 8 8 8 9 8 9 8 8 9 8 8 8 8 8 8 8 8 8 8
245,SIPP_2^5,"25,19,0","14,61,0",1,437.8505469999999,144,0.19282,16.11397,3.21751,6.43501,17 16 16 16 17 17 17 17 16 17 17 17 16 16 16 17 16 17 16 17
245,SIPP_BigCS,"25,19,6","14,61,3",1,442.0,741,1.74542,13.19526,2.4613,0.2853,206 206 206 206 310 4 4 56 366 4 56 310
245,SIPP_Standard,"25,19,6","14,61,3",1,482.0,1179,1.04805,16.58059,3.1915,0.3374,51 70 51 94 8 44
246,SIPP_2^2,"21,18,0","59,52,0",1,720.0,1821,0.18478,219.2031,48.69469,97.38937,1 1 1 1 1 1 1 1 1 1 1 1 1 1 1 1 1 1 2 1 2 1 2 2 2 2 2 1 2 2 2 2 2 1 1 1 2 2 2 1 1 2 1 2 2 2 1 2 1 2 1 1 2 1 2 2 2 2 1 2 1 2 2 2 2 1 2 1 1 2 1 2
246,SIPP_2^3,"21,18,0","59,52,0",1,520.8326239999999,232,0.04521,24.01426,4.71239,9.42478,3 3 3 3 3 3 3 3 3 3 3 3 3 3 3 3 3 3 3 3 3 3 3 3 3 3 3 3 3 3 3 2 3 2 3 2 2 3
246,SIPP_2^4,"21,18,0","59,52,0",1,513.7067999999998,185,0.09899,8.06055,1.60875,3.21751,6 6 6 6 6 6 6 6 6 6 6 6 6 6 6 6 6 6 6 6 6 6 6 5 6 6 6 5 6 6 6 6 5 5
246,SIPP_2^5,"21,18,0","59,52,0",1,511.91758799999985,152,0.20607,5.92245,1.18437,2.36875,12 12 12 12 12 12 12 12 12 12 12 12 11 12 11 11 12 12 12 12 11 12 12 12 12 12 12 12 12 12
246,SIPP_BigCS,"21,18,14","59,52,8",1,508.0,32,0.11207,5.29273,0.9842,0.066,100 100 100 100 100 100 100 100 100 100 100 100 100 100 100 100 100 100 100 100 100 124 223 124
246,SIPP_Standard,"21,18,14","59,52,8",1,554.0,1737,1.50988,12.9365,2.4533,0.2174,1 21 52 64 52 64 52
247,SIPP_2^2,"22,50,0","24,25,0",1,270.0,72,0.00793,21.2132,4.71239,9.42478,0 0 0 0 0 0 0 0 0 0 0 0 0 0 0 0 0 0 0 0 0 0 0 0 1 0 1
247,SIPP_2^3,"22,50,0","24,25,0",1,258.284272,62,0.01255,11.59279,2.35619,4.71239,0 0 0 0 0 0 0 0 0 0 0 0 0 0 0 0 0 0 0 0 0 1 0 0 1
247,SIPP_2^4,"22,50,0","24,25,0",1,254.72136,50,0.02828,6.94722,1.39094,2.78189,0 0 0 0 0 0 0 0 0 0 0 0 0 0 0 0 0 0 0 1 0 0 1
247,SIPP_2^5,"22,50,0","24,25,0",1,253.24555399999997,41,0.05949,4.82449,0.96525,1.9305,0 0 0 0 0 0 0 0 0 0 0 0 0 0 0 0 0 1 0 0 1
247,SIPP_BigCS,"22,50,11","24,25,10",1,254.0,82,0.23914,4.98532,0.9783,0.1089,364 6 6 6 6 2 58
247,SIPP_Standard,"22,50,11","24,25,10",1,319.0,426,0.43696,11.57191,2.212,0.2677,68 49 108 50
248,SIPP_2^2,"50,43,0","38,38,0",1,170.0,82,0.00932,35.35534,7.85398,15.70796,3 3 3 3 3 3 3 3 3 0 3 0 0 0 3 3 0
248,SIPP_2^3,"50,43,0","38,38,0",1,140.71067999999997,44,0.0096,19.61218,3.92699,7.85398,6 6 6 6 7 6 7 7 7 6 6 7
248,SIPP_2^4,"50,43,0","38,38,0",1,131.8034,18,0.01084,9.33785,1.85459,3.70918,13 12 13 13 12 13 13
248,SIPP_2^5,"50,43,0","38,38,0",1,130.32759399999998,11,0.01702,0.71022,0.1419,0.28379,26 26 26 25 25
248,SIPP_BigCS,"50,43,6","38,38,10",1,130.0,5,0.0839,2.91107,0.5061,0.0613,205 205 205 309
248,SIPP_Standard,"50,43,6","38,38,10",1,175.0,29,0.0426,11.51907,2.2622,0.3989,99 85
249,SIPP_2^2,"63,18,0","14,58,0",0,-1,0,0.0,0.0,0.0,0.0,
249,SIPP_2^3,"63,18,0","14,58,0",0,-1,0,0.0,0.0,0.0,0.0,
249,SIPP_2^4,"63,18,0","14,58,0",0,-1,0,0.0,0.0,0.0,0.0,
249,SIPP_2^5,"63,18,0","14,58,0",0,-1,0,0.0,0.0,0.0,0.0,
249,SIPP_BigCS,"63,18,0","14,58,0",0,-1,0,0.0,0.0,0.0,0.0,
249,SIPP_Standard,"63,18,10","14,58,9",0,-1,0,2e-05,0.0,0.0,0.0,
250,SIPP_2^2,"63,7,0","5,42,0",0,-1,0,0.0,0.0,0.0,0.0,
250,SIPP_2^3,"63,7,0","5,42,0",0,-1,0,0.0,0.0,0.0,0.0,
250,SIPP_2^4,"63,7,0","5,42,0",0,-1,0,0.0,0.0,0.0,0.0,
250,SIPP_2^5,"63,7,0","5,42,0",0,-1,0,0.0,0.0,0.0,0.0,
250,SIPP_BigCS,"63,7,0","5,42,0",0,-1,0,0.0,0.0,0.0,0.0,
250,SIPP_Standard,"63,7,14","5,42,1",0,-1,0,2e-05,0.0,0.0,0.0,
