task_id,alg,start,goal,success,cost,steps,time_sec,curvature,heading_change,bending_energy,path
1,SIPP_2^2,"50,59,0","47,42,0",1,337.983083,272,0.174,14.14214,6.28319,12.56637,1 1 1 1 2 -37.983 0 0 0 0 0 0 0 0 0 0 0 0 0 0 0 0 0 0 3 3 3 3 3 3 3
1,SIPP_2^3,"50,59,0","47,42,0",1,283.420165,184,0.20351,27.75533,8.63938,17.27876,2 2 2 3 -27.881 7 -1.818 0 0 0 0 -0.584 7 0 0 0 0 0 0 7 7 7 7 0 7
1,SIPP_2^4,"50,59,0","47,42,0",1,277.525759,176,0.51587,20.7503,7.21048,14.42096,5 6 -21.807 14 -1.578 0 0 0 1 -3.658 15 15 15 15 0 0 -1.532 14 15
1,SIPP_2^5,"50,59,0","47,42,0",1,277.525759,187,1.4113,31.09882,5.99939,11.99878,10 12 20 28 30 31 31 0 0 0 0 1 0 -9.007 28 30
1,SIPP_BigCS,"50,59,3","47,42,6",1,331.667263,990,13.35651,24.72498,4.8801,1.5171,160 69 -40.963 340 306 6 6 66 -2.263 102 -0.441 162 7 7
1,SIPP_Standard,"50,59,3","47,42,6",1,359.52451199999996,31,0.13329,19.51404,3.7432,0.6114,111 -11.418 33 -12.107 74 93
2,SIPP_2^2,"16,47,0","11,13,0",1,410.0,270,0.23068,49.49747,10.99557,21.99115,0 0 0 0 0 0 0 0 0 3 3 3 0 0 0 0 1 0 0 0 0 0 0 0 0 0 0 0 0 0 0 0 0 0 0 0 0 3 3 0 3
2,SIPP_2^3,"16,47,0","11,13,0",1,360.71067999999997,114,0.19142,19.79698,3.92699,7.85398,0 0 0 0 0 0 0 0 0 7 7 7 0 0 0 0 0 0 0 0 0 0 0 0 0 0 0 7 0 0 0 0 0 7
2,SIPP_2^4,"16,47,0","11,13,0",1,353.584856,84,0.39696,14.99253,2.96174,5.92348,0 0 0 0 0 0 0 15 15 14 0 0 0 0 0 0 0 0 0 0 0 0 0 0 15 0 0 0 0 15
2,SIPP_2^5,"16,47,0","11,13,0",1,352.71890899999994,93,1.16309,10.67856,2.14126,4.28251,0 0 0 0 0 0 0 -0.132 29 31 0 0 0 0 0 0 0 0 0 0 0 0 0 -1.663 31 0 0 31
2,SIPP_BigCS,"16,47,4","11,13,13",1,355.0,210,4.48699,15.86002,3.1305,0.8799,6 6 6 6 6 6 66 190 6 6 6 6 6 6 6 6 6 6 6 66 170 6 6 6
2,SIPP_Standard,"16,47,4","11,13,13",1,526.555662,428,6.18924,15.70243,3.0573,0.4128,-120.032 50 85 2 -0.675 22 -1.849 37
3,SIPP_2^2,"30,63,0","18,1,0",0,-1,0,0.0,0.0,0.0,0.0,
3,SIPP_2^3,"30,63,0","18,1,0",0,-1,0,0.0,0.0,0.0,0.0,
3,SIPP_2^4,"30,63,0","18,1,0",0,-1,0,0.0,0.0,0.0,0.0,
3,SIPP_2^5,"30,63,0","18,1,0",0,-1,0,0.0,0.0,0.0,0.0,
3,SIPP_BigCS,"30,63,0","18,1,0",0,-1,0,0.0,0.0,0.0,0.0,
3,SIPP_Standard,"30,63,3","18,1,13",0,-1,0,8e-05,0.0,0.0,0.0,
4,SIPP_2^2,"48,19,0","17,27,0",0,-1,0,0.0,0.0,0.0,0.0,
4,SIPP_2^3,"48,19,0","17,27,0",0,-1,0,0.0,0.0,0.0,0.0,
4,SIPP_2^4,"48,19,0","17,27,0",0,-1,0,0.0,0.0,0.0,0.0,
4,SIPP_2^5,"48,19,0","17,27,0",0,-1,0,0.0,0.0,0.0,0.0,
4,SIPP_BigCS,"48,19,0","17,27,0",0,-1,0,0.0,0.0,0.0,0.0,
4,SIPP_Standard,"48,19,1","17,27,11",0,-1,0,6e-05,0.0,0.0,0.0,
5,SIPP_2^2,"22,55,0","12,0,0",0,-1,0,0.0,0.0,0.0,0.0,
5,SIPP_2^3,"22,55,0","12,0,0",0,-1,0,0.0,0.0,0.0,0.0,
5,SIPP_2^4,"22,55,0","12,0,0",0,-1,0,0.0,0.0,0.0,0.0,
5,SIPP_2^5,"22,55,0","12,0,0",0,-1,0,0.0,0.0,0.0,0.0,
5,SIPP_BigCS,"22,55,0","12,0,0",0,-1,0,0.0,0.0,0.0,0.0,
5,SIPP_Standard,"22,55,13","12,0,0",0,-1,0,6e-05,0.0,0.0,0.0,
6,SIPP_2^2,"6,37,0","58,6,0",1,842.5740949999999,2582,2.06299,148.49242,32.98672,65.97345,0 0 0 0 1 1 1 1 1 1 1 1 1 1 1 -7.205 1 1 1 1 1 0 1 1 1 1 0 1 1 1 1 0 0 0 1 1 1 1 1 1 0 0 0 0 0 0 0 0 0 0 0 0 0 0 1 1 0 1 0 1 1 0 0 -5.369 1 0 0 1 0 1 1 1 1 1 0 1 1 1 1 1 1 1 1 1 1
6,SIPP_2^3,"6,37,0","58,6,0",1,686.4110120000004,1216,1.7836,110.82349,21.99115,43.9823,1 1 1 1 1 1 0 1 1 0 1 2 2 2 2 1 2 2 1 2 1 1 1 2 1 2 2 2 2 2 -13.472 2 0 2 2 2 2 1 2 2 1 2 2 1 2 2 0 1 1 -1.101 2 1 1 1 1 1 1 1
6,SIPP_2^4,"6,37,0","58,6,0",1,684.3184390000002,1403,5.7641,36.05394,7.21048,14.42096,2 2 1 2 1 2 2 2 2 3 4 3 4 -2.405 3 -0.411 4 -0.259 3 3 3 4 4 4 4 -26.685 3 4 4 4 4 4 3 3 3 3 3 -15.021 1 2 2 -0.279 2 2 2 2
6,SIPP_2^5,"6,37,0","58,6,0",1,683.0834990000002,1433,16.48611,22.68652,4.53959,9.07918,7 8 8 8 8 8 8 8 8 8 7 8 7 7 7 7 8 8 8 8 8 -0.066 6 5 4 4 4 4 4 4 4 5 4 4 4 4 31 0 0 0 1
6,SIPP_BigCS,"6,37,9","58,6,8",0,-1,2866,180.00922,0.0,0.0,0.0,
6,SIPP_Standard,"6,37,9","58,6,8",1,829.631211,3875,35.01015,37.38067,7.1479,1.1264,26 -3.591 73 100 106 -55.245 41 95 -10.795 5 89 1
7,SIPP_2^2,"59,41,0","30,35,0",0,-1,0,0.0,0.0,0.0,0.0,
7,SIPP_2^3,"59,41,0","30,35,0",0,-1,0,0.0,0.0,0.0,0.0,
7,SIPP_2^4,"59,41,0","30,35,0",0,-1,0,0.0,0.0,0.0,0.0,
7,SIPP_2^5,"59,41,0","30,35,0",0,-1,0,0.0,0.0,0.0,0.0,
7,SIPP_BigCS,"59,41,0","30,35,0",0,-1,0,0.0,0.0,0.0,0.0,
7,SIPP_Standard,"59,41,9","30,35,4",0,-1,5,0.0442,0.0,0.0,0.0,
8,SIPP_2^2,"0,30,0","63,63,0",0,-1,0,0.0,0.0,0.0,0.0,
8,SIPP_2^3,"0,30,0","63,63,0",0,-1,0,0.0,0.0,0.0,0.0,
8,SIPP_2^4,"0,30,0","63,63,0",0,-1,0,0.0,0.0,0.0,0.0,
8,SIPP_2^5,"0,30,0","63,63,0",0,-1,0,0.0,0.0,0.0,0.0,
8,SIPP_BigCS,"0,30,0","63,63,0",0,-1,0,0.0,0.0,0.0,0.0,
8,SIPP_Standard,"0,30,0","63,63,2",0,-1,0,5e-05,0.0,0.0,0.0,
9,SIPP_2^2,"60,58,0","55,61,0",1,80.0,19,0.00621,35.35534,7.85398,15.70796,3 3 3 2 3 2 3 2
9,SIPP_2^3,"60,58,0","55,61,0",1,62.426408,9,0.00547,7.86564,1.5708,3.14159,5 5 6 6 5
9,SIPP_2^4,"60,58,0","55,61,0",1,58.863496,5,0.00836,1.6059,0.32175,0.6435,10 11 11
9,SIPP_2^5,"60,58,0","55,61,0",1,58.41619299999999,3,0.01437,0.62191,0.12435,0.24871,22 21
9,SIPP_BigCS,"60,58,3","55,61,1",1,61.0,8,0.17649,3.92094,0.7823,0.2502,103 103 171
9,SIPP_Standard,"60,58,3","55,61,1",1,543.242876,481,3.37193,27.80821,5.3432,0.8319,18 -22.965 108 34 83 4 -20.278 72
10,SIPP_2^2,"15,50,0","9,43,0",1,204.001987,150,0.11847,35.35534,10.99557,21.99115,0 3 0 0 0 0 3 3 0 0 0 -54.002 2 3 3 3
10,SIPP_2^3,"15,50,0","9,43,0",1,100.71068,16,0.02571,15.78535,3.14159,6.28319,7 0 0 7 7 7 6 7
10,SIPP_2^4,"15,50,0","9,43,0",1,97.14776800000001,12,0.04343,9.51443,1.89255,3.78509,15 0 14 14 13 14
10,SIPP_2^5,"15,50,0","9,43,0",1,95.96256199999999,9,0.07903,3.31185,0.66104,1.32209,31 28 28 27
10,SIPP_BigCS,"15,50,7","9,43,8",1,97.0,11,0.35093,5.65264,1.1136,0.2744,66 126
10,SIPP_Standard,"15,50,7","9,43,8",1,640.6434340000001,398,13.62132,33.36622,6.4547,1.0195,68 -31.110 41 87 -21.533 24 107 50 85
11,SIPP_2^2,"31,29,0","53,8,0",1,654.022654,2657,2.47807,141.42136,31.41593,62.83185,3 -26.357 0 0 0 -20.655 0 -0.029 0 -0.034 1 -0.032 0 0 1 1 -0.435 0 -12.222 0 0 0 0 0 0 0 0 1 1 1 0 1 0 1 1 1 2 1 2 1 1 1 1 1 1 1 1 1 -90.730 0 -13.529 1 0 0 0 1 0 1
11,SIPP_2^3,"31,29,0","53,8,0",1,346.349677,149,0.22588,39.8774,7.85398,15.70796,1 1 2 2 2 2 1 1 1 1 1 0 0 0 -4.218 0 0 0 1 2 1 1 2 1 1 1 2 1 1
11,SIPP_2^4,"31,29,0","53,8,0",1,340.382048,146,0.67677,30.03458,5.96143,11.92287,3 4 3 4 2 2 2 2 2 0 0 15 1 -2.436 2 2 3 3 2 3 2 2
11,SIPP_2^5,"31,29,0","53,8,0",1,338.42562599999997,156,2.5676,16.95555,3.3039,6.60781,5 6 5 4 2 0 31 -7.017 5 5 6 5 4 4
11,SIPP_BigCS,"31,29,11","53,8,15",1,340.186969,401,37.13682,15.84484,3.0562,0.6025,29 369 -1.187 364 78 201 201 249
11,SIPP_Standard,"31,29,11","53,8,15",1,671.55468,984,10.92233,11.31728,2.2116,0.308,-210.635 65 -13.847 53 65 -123.073 33
12,SIPP_2^2,"59,49,0","0,1,0",0,-1,0,0.0,0.0,0.0,0.0,
12,SIPP_2^3,"59,49,0","0,1,0",0,-1,0,0.0,0.0,0.0,0.0,
12,SIPP_2^4,"59,49,0","0,1,0",0,-1,0,0.0,0.0,0.0,0.0,
12,SIPP_2^5,"59,49,0","0,1,0",0,-1,0,0.0,0.0,0.0,0.0,
12,SIPP_BigCS,"59,49,0","0,1,0",0,-1,0,0.0,0.0,0.0,0.0,
12,SIPP_Standard,"59,49,0","0,1,13",0,-1,17950,180.25819,0.0,0.0,0.0,
13,SIPP_2^2,"56,47,0","12,28,0",1,633.565888,1162,1.00376,141.42136,31.41593,62.83185,3 3 3 3 3 3 3 0 0 3 3 3 3 3 3 3 3 0 0 3 3 0 0 -2.800 0 3 0 3 3 0 0 3 3 3 3 3 3 3 3 3 0 3 -0.765 3 3 0 3 0 0 3 3 3 3 3 3 3 3 3 0 0 0 3 0 0 3
13,SIPP_2^3,"56,47,0","12,28,0",1,561.126992,615,1.03835,43.96474,8.63938,17.27876,6 6 6 6 6 6 6 6 6 6 6 6 6 6 6 6 6 5 5 5 6 7 6 7 7 7 7 7 7 7 6 6 6 7 7 7 7 7 7 7 7 7 0 7 0 0 7
13,SIPP_2^4,"56,47,0","12,28,0",1,543.312432,480,2.33391,27.60684,5.49779,10.99557,12 12 12 12 12 12 12 11 12 12 12 11 12 12 11 12 12 12 13 14 14 14 14 14 13 13 13 14 14 14 14 14 15 15 14 15 14
13,SIPP_2^5,"56,47,0","12,28,0",1,536.276656,365,4.55372,11.49236,2.29152,4.58304,23 23 23 24 24 24 24 24 24 24 24 24 24 24 25 28 28 28 28 28 27 28 27 28 28 28 28 29 29 28
13,SIPP_BigCS,"56,47,14","12,28,15",1,536.0,1968,40.04254,18.75248,3.6133,0.4569,363 7 7 7 15 379 253 102 126 357 102 182
13,SIPP_Standard,"56,47,14","12,28,15",1,630.111421,845,25.32661,17.09537,3.2,0.4385,3 27 -42.822 74 -66.372 61 -11.917 93 23
14,SIPP_2^2,"49,32,0","33,30,0",1,277.11169,234,0.22084,49.49747,10.99557,21.99115,3 3 3 3 3 -47.017 3 -0.014 2 -0.011 3 -30.070 0 3 3 3 3 3 3 3 3 0 3 0
14,SIPP_2^3,"49,32,0","33,30,0",1,229.70563199999995,170,0.29869,32.72063,6.28319,12.56637,5 5 6 6 5 5 6 6 5 5 7 7 7 7 7 0 0 7
14,SIPP_2^4,"49,32,0","33,30,0",1,223.093304,155,0.71682,24.13695,4.75035,9.50069,10 11 11 10 12 11 10 13 15 14 15 15
14,SIPP_2^5,"49,32,0","33,30,0",1,221.411778,152,1.68092,11.9933,2.42505,4.8501,20 21 23 21 -0.398 26 29 30 30
14,SIPP_BigCS,"49,32,2","33,30,10",1,230.147769,408,8.60729,16.04116,3.1473,0.9182,67 -5.148 155 347 102 102 190
14,SIPP_Standard,"49,32,2","33,30,10",1,743.3250899999999,1271,12.61011,27.7668,5.0794,0.8119,79 -40.496 88 24 99 -15.798 61 69 -1.030 42 60
15,SIPP_2^2,"33,34,0","49,43,0",1,359.56764599999997,434,0.374,77.78175,20.42035,40.8407,0 1 1 1 1 0 -27.007 1 -0.022 1 -0.094 1 1 1 2 -9.990 0 -10.872 1 -1.584 1 2 1 1 1 2 2 2 2 2 2 2 2 1 2 2 1
15,SIPP_2^3,"33,34,0","49,43,0",1,242.13203999999993,173,0.27422,29.84975,6.28319,12.56637,1 3 3 3 3 3 3 3 3 3 3 3 2 2 2 3 1 7
15,SIPP_2^4,"33,34,0","49,43,0",1,198.437672,41,0.22687,21.04203,4.2867,8.5734,2 6 5 6 5 6 6 5 6 6 5 4
15,SIPP_2^5,"33,34,0","49,43,0",1,194.956633,13,0.25385,9.19389,1.89255,3.78509,4 11 12 11 -0.090 11 11 10
15,SIPP_BigCS,"33,34,12","49,43,13",1,253.086373,637,55.35433,18.26543,3.6028,0.963,-1.485 345 -20.396 128 -16.205 37 4
15,SIPP_Standard,"33,34,12","49,43,13",1,685.504769,2466,15.45017,21.86846,4.0559,0.5587,-72.638 51 -29.867 94 12 63 111 37 2
16,SIPP_2^2,"42,17,0","17,11,0",1,330.0,252,0.24541,70.71068,15.70796,31.41593,3 3 3 3 3 3 3 0 3 3 3 3 3 3 3 3 0 0 3 3 3 3 2 3 3 3 3 0 0 3 0 0 3
16,SIPP_2^3,"42,17,0","17,11,0",1,288.99495199999996,172,0.28319,43.5297,8.63938,17.27876,6 6 6 6 7 6 6 6 6 6 6 6 7 6 6 6 6 7 6 5 6 6 7 7 0 7
16,SIPP_2^4,"42,17,0","17,11,0",1,280.087672,148,0.65276,25.87443,5.13808,10.27616,12 12 12 12 12 13 12 12 12 12 12 13 12 13 12 12 11 12 14 15 14
16,SIPP_2^5,"42,17,0","17,11,0",1,276.68875699999995,137,1.5345,13.20646,2.59155,5.18309,25 24 24 24 24 24 24 24 24 24 24 25 25 23 28 29
16,SIPP_BigCS,"42,17,5","17,11,6",1,285.0,605,10.60524,19.88424,3.9262,1.1812,365 7 7 7 87 341 347 170
16,SIPP_Standard,"42,17,5","17,11,6",1,735.871671,1767,24.72917,25.6898,4.846,0.755,-4.535 31 51 70 47 -46.676 27 98 60 -10.660 100
17,SIPP_2^2,"9,38,0","3,61,0",1,398.410248,475,0.3609,106.06602,23.56194,47.12389,1 1 -4.804 2 2 2 2 2 2 1 1 -3.606 2 1 2 3 3 2 2 3 3 3 3 2 2 3 2 2 3 3 2 2 2 2 2 2 2 2 3 3 2
17,SIPP_2^3,"9,38,0","3,61,0",1,336.23157199999997,283,0.43319,50.76018,10.21018,20.42035,2 2 -4.804 4 4 4 3 4 3 3 4 -5.864 5 6 6 6 5 5 5 5 4 4 4 4 5 5 4 4 4 5
17,SIPP_2^4,"9,38,0","3,61,0",1,325.542836,236,0.87742,32.93335,6.56698,13.13396,5 5 7 9 7 -11.291 10 12 12 12 10 9 9 9 9 9 8 9
17,SIPP_2^5,"9,38,0","3,61,0",1,324.804933,238,2.22131,29.02867,5.78158,11.56316,10 10 14 18 14 -11.291 20 24 24 24 20 18 18 18 18 18 17
17,SIPP_BigCS,"9,38,7","3,61,4",1,318.0,266,2.86022,14.07325,2.6703,0.5571,207 327 200 312 206 222 171 7 7
17,SIPP_Standard,"9,38,7","3,61,4",1,379.42573100000004,31,0.12328,17.12781,3.3264,0.4829,79 104 -51.426 51 86
18,SIPP_2^2,"14,9,0","45,19,0",0,-1,0,0.0,0.0,0.0,0.0,
18,SIPP_2^3,"14,9,0","45,19,0",0,-1,0,0.0,0.0,0.0,0.0,
18,SIPP_2^4,"14,9,0","45,19,0",0,-1,0,0.0,0.0,0.0,0.0,
18,SIPP_2^5,"14,9,0","45,19,0",0,-1,0,0.0,0.0,0.0,0.0,
18,SIPP_BigCS,"14,9,0","45,19,0",0,-1,0,0.0,0.0,0.0,0.0,
18,SIPP_Standard,"14,9,10","45,19,2",0,-1,5,0.05829,0.0,0.0,0.0,
19,SIPP_2^2,"56,0,0","18,2,0",0,-1,0,0.0,0.0,0.0,0.0,
19,SIPP_2^3,"56,0,0","18,2,0",0,-1,0,0.0,0.0,0.0,0.0,
19,SIPP_2^4,"56,0,0","18,2,0",0,-1,0,0.0,0.0,0.0,0.0,
19,SIPP_2^5,"56,0,0","18,2,0",0,-1,0,0.0,0.0,0.0,0.0,
19,SIPP_BigCS,"56,0,0","18,2,0",0,-1,0,0.0,0.0,0.0,0.0,
19,SIPP_Standard,"56,0,0","18,2,15",0,-1,0,6e-05,0.0,0.0,0.0,
20,SIPP_2^2,"42,11,0","59,0,0",0,-1,0,0.0,0.0,0.0,0.0,
20,SIPP_2^3,"42,11,0","59,0,0",0,-1,0,0.0,0.0,0.0,0.0,
20,SIPP_2^4,"42,11,0","59,0,0",0,-1,0,0.0,0.0,0.0,0.0,
20,SIPP_2^5,"42,11,0","59,0,0",0,-1,0,0.0,0.0,0.0,0.0,
20,SIPP_BigCS,"42,11,0","59,0,0",0,-1,0,0.0,0.0,0.0,0.0,
20,SIPP_Standard,"42,11,4","59,0,6",0,-1,18923,180.00135,0.0,0.0,0.0,
21,SIPP_2^2,"50,63,0","45,41,0",0,-1,0,0.0,0.0,0.0,0.0,
21,SIPP_2^3,"50,63,0","45,41,0",0,-1,0,0.0,0.0,0.0,0.0,
21,SIPP_2^4,"50,63,0","45,41,0",0,-1,0,0.0,0.0,0.0,0.0,
21,SIPP_2^5,"50,63,0","45,41,0",0,-1,0,0.0,0.0,0.0,0.0,
21,SIPP_BigCS,"50,63,0","45,41,0",0,-1,0,0.0,0.0,0.0,0.0,
21,SIPP_Standard,"50,63,12","45,41,9",0,-1,0,5e-05,0.0,0.0,0.0,
22,SIPP_2^2,"14,10,0","40,29,0",0,-1,0,0.0,0.0,0.0,0.0,
22,SIPP_2^3,"14,10,0","40,29,0",0,-1,0,0.0,0.0,0.0,0.0,
22,SIPP_2^4,"14,10,0","40,29,0",0,-1,0,0.0,0.0,0.0,0.0,
22,SIPP_2^5,"14,10,0","40,29,0",0,-1,0,0.0,0.0,0.0,0.0,
22,SIPP_BigCS,"14,10,0","40,29,0",0,-1,0,0.0,0.0,0.0,0.0,
22,SIPP_Standard,"14,10,15","40,29,3",0,-1,0,0.00033,0.0,0.0,0.0,
23,SIPP_2^2,"33,52,0","46,0,0",0,-1,0,0.0,0.0,0.0,0.0,
23,SIPP_2^3,"33,52,0","46,0,0",0,-1,0,0.0,0.0,0.0,0.0,
23,SIPP_2^4,"33,52,0","46,0,0",0,-1,0,0.0,0.0,0.0,0.0,
23,SIPP_2^5,"33,52,0","46,0,0",0,-1,0,0.0,0.0,0.0,0.0,
23,SIPP_BigCS,"33,52,0","46,0,0",0,-1,0,0.0,0.0,0.0,0.0,
23,SIPP_Standard,"33,52,14","46,0,15",0,-1,27464,180.00395,0.0,0.0,0.0,
24,SIPP_2^2,"48,29,0","1,24,0",1,700.0,1805,1.65099,141.42136,31.41593,62.83185,3 3 3 0 0 0 0 0 0 3 0 0 0 3 3 3 3 3 0 0 3 3 3 0 3 3 3 3 0 3 0 3 3 3 3 3 3 3 3 3 3 3 2 3 3 3 3 3 3 3 3 3 3 3 3 3 3 3 3 2 2 2 3 2 2 3 2 2 2 3
24,SIPP_2^3,"48,29,0","1,24,0",1,528.084675,420,0.78391,43.75904,8.63938,17.27876,6 6 7 7 6 6 6 6 6 7 -3.059 6 6 5 6 6 6 6 6 6 6 -1.866 6 7 7 7 7 7 -7.289 6 -0.307 6 6 6 6 6 6 6 6 6 6 6 6 6 6 6 6 5 6 6 5
24,SIPP_2^4,"48,29,0","1,24,0",1,500.084616,197,1.03483,31.43155,6.20727,12.41454,13 13 -1.873 12 -0.370 12 -0.093 12 13 13 11 12 12 12 12 11 11 12 13 12 12 12 12 12 12 12 12 12 12 14 13 12 12 12 12 12 12 12 12 13
24,SIPP_2^5,"48,29,0","1,24,0",1,493.04533799999996,154,1.97513,26.25614,5.21399,10.42799,26 26 -1.873 24 -0.370 24 25 26 23 24 23 24 23 24 24 24 24 24 24 24 25 24 25 26 24 24 24 24 24 24 25
24,SIPP_BigCS,"48,29,8","1,24,0",1,505.438665,639,17.4847,28.39402,5.6441,1.5944,330 59 349 171 -3.439 3 7 7 7 7 7 7 7 63 162 31
24,SIPP_Standard,"48,29,8","1,24,0",1,902.8517129999999,361,6.32287,27.5398,5.0844,0.6583,79 104 -40.738 55 59 -13.834 107 50 -29.458 61 -0.822 69 54 74
25,SIPP_2^2,"22,47,0","40,50,0",1,230.0,119,0.10508,35.35534,7.85398,15.70796,1 1 1 1 1 1 1 0 1 1 1 1 1 1 2 2 2 1 1 1 1 1 2
25,SIPP_2^3,"22,47,0","40,50,0",1,200.71067999999997,77,0.13438,19.61218,3.92699,7.85398,2 2 2 2 1 2 2 2 2 2 2 2 3 3 3 2 2 3
25,SIPP_2^4,"22,47,0","40,50,0",1,191.8034,49,0.22436,11.66149,2.31824,4.63648,4 4 4 4 4 4 3 5 4 4 5 5 5
25,SIPP_2^5,"22,47,0","40,50,0",1,188.851788,36,0.42417,6.25937,1.24905,2.49809,8 8 8 8 7 9 9 10 9
25,SIPP_BigCS,"22,47,15","40,50,12",1,190.0,92,2.11746,5.35262,0.9705,0.095,361 85 207 207
25,SIPP_Standard,"22,47,15","40,50,12",1,233.0,50,0.55411,9.87444,1.8906,0.2533,53 105 52
26,SIPP_2^2,"18,0,0","48,42,0",0,-1,0,0.0,0.0,0.0,0.0,
26,SIPP_2^3,"18,0,0","48,42,0",0,-1,0,0.0,0.0,0.0,0.0,
26,SIPP_2^4,"18,0,0","48,42,0",0,-1,0,0.0,0.0,0.0,0.0,
26,SIPP_2^5,"18,0,0","48,42,0",0,-1,0,0.0,0.0,0.0,0.0,
26,SIPP_BigCS,"18,0,0","48,42,0",0,-1,0,0.0,0.0,0.0,0.0,
26,SIPP_Standard,"18,0,8","48,42,9",0,-1,0,0.00028,0.0,0.0,0.0,
27,SIPP_2^2,"2,52,0","39,40,0",0,-1,0,0.0,0.0,0.0,0.0,
27,SIPP_2^3,"2,52,0","39,40,0",0,-1,0,0.0,0.0,0.0,0.0,
27,SIPP_2^4,"2,52,0","39,40,0",0,-1,0,0.0,0.0,0.0,0.0,
27,SIPP_2^5,"2,52,0","39,40,0",0,-1,0,0.0,0.0,0.0,0.0,
27,SIPP_BigCS,"2,52,0","39,40,0",0,-1,0,0.0,0.0,0.0,0.0,
27,SIPP_Standard,"2,52,15","39,40,10",0,-1,0,5e-05,0.0,0.0,0.0,
28,SIPP_2^2,"22,2,0","7,12,0",1,250.0,169,0.10627,49.49747,10.99557,21.99115,3 3 3 3 3 3 3 3 3 2 2 2 3 3 3 3 2 2 2 2 2 3 2 3 2
28,SIPP_2^3,"22,2,0","7,12,0",1,191.42135999999996,39,0.05441,19.95834,3.92699,7.85398,6 6 6 5 5 5 5 6 5 5 5 6 5 5 5
28,SIPP_2^4,"22,2,0","7,12,0",1,187.85844799999998,32,0.12165,10.28771,2.0724,4.1448,12 12 12 10 10 10 11 10 10 11 10 10 10
28,SIPP_2^5,"22,2,0","7,12,0",1,186.67324199999996,29,0.28133,5.90266,1.18019,2.36038,24 24 23 20 20 20 20 20 21 20 20
28,SIPP_BigCS,"22,2,4","7,12,8",1,185.0,16,0.41437,5.71804,1.1157,0.1196,35 103 103 103 155
28,SIPP_Standard,"22,2,4","7,12,8",1,436.27502,82,0.35765,21.82826,4.2431,0.6485,-30.481 87 -59.150 24 -4.644 107 38
29,SIPP_2^2,"16,42,0","57,63,0",0,-1,0,0.0,0.0,0.0,0.0,
29,SIPP_2^3,"16,42,0","57,63,0",0,-1,0,0.0,0.0,0.0,0.0,
29,SIPP_2^4,"16,42,0","57,63,0",0,-1,0,0.0,0.0,0.0,0.0,
29,SIPP_2^5,"16,42,0","57,63,0",0,-1,0,0.0,0.0,0.0,0.0,
29,SIPP_BigCS,"16,42,0","57,63,0",0,-1,0,0.0,0.0,0.0,0.0,
29,SIPP_Standard,"16,42,14","57,63,12",0,-1,22733,180.0007,0.0,0.0,0.0,
30,SIPP_2^2,"55,45,0","31,62,0",1,469.80378099999996,869,0.70129,42.42641,9.42478,18.84956,3 3 3 3 3 3 3 3 3 3 3 3 3 3 3 3 3 3 2 2 2 2 2 3 3 2 2 2 2 3 2 2 2 2 2 -7.042 2 -0.012 2 -0.012 2 -52.737 3 3 3
30,SIPP_2^3,"55,45,0","31,62,0",1,384.32755599999996,593,0.97995,31.62095,6.28319,12.56637,6 6 6 5 5 6 6 6 5 5 5 5 5 5 5 5 5 5 5 5 5 5 7 7 -39.558 4 -0.151 4 -0.060 4
30,SIPP_2^4,"55,45,0","31,62,0",1,301.876901,98,0.45541,8.11664,1.60875,3.21751,11 11 11 11 11 11 10 10 10 10 -1.636 9 11 11 10 10 10
30,SIPP_2^5,"55,45,0","31,62,0",1,301.429598,101,1.26621,8.71926,1.73311,3.46622,21 22 22 22 22 22 20 20 20 -2.083 18 22 21 20 20
30,SIPP_BigCS,"55,45,12","31,62,15",1,300.735023,220,5.37775,9.15839,1.613,0.3666,203 203 203 203 203 203 323 206 -2.735 326 203 251
30,SIPP_Standard,"55,45,12","31,62,15",1,384.23898899999995,356,2.20993,13.75533,2.6747,0.3411,109 55 67 -58.239 39
31,SIPP_2^2,"57,58,0","46,43,0",1,324.029362,304,0.1765,77.78175,17.27876,34.55752,3 3 2 2 3 2 3 -4.029 0 0 0 0 0 0 0 3 3 3 3 0 3 3 0 0 0 0 0 0 0 3 0 0 0
31,SIPP_2^3,"57,58,0","46,43,0",1,283.420165,242,0.25835,40.00832,7.85398,15.70796,5 5 6 -33.739 7 -1.818 0 0 0 0 -0.584 7 0 7 0 0 0 0 0 7 7 7 6 7
31,SIPP_2^4,"57,58,0","46,43,0",1,278.861291,232,0.65789,31.8985,6.24523,12.49046,10 10 11 -7.664 14 -1.578 0 0 1 0 -3.658 15 15 0 15 15 0 -1.532 14 -1.336 13
31,SIPP_2^5,"57,58,0","46,43,0",1,278.861291,238,1.7425,21.22788,4.30424,8.60848,21 20 -8.112 28 -1.578 0 1 -4.175 31 31 31 30 -3.967 28 -1.336 26
31,SIPP_BigCS,"57,58,14","46,43,2",1,289.953633,727,8.53725,26.40495,5.1665,1.5171,326 -8.954 347 102 150 204 380 330
31,SIPP_Standard,"57,58,14","46,43,2",1,359.965009,143,1.22379,16.76023,3.1374,0.4774,60 -15.965 108 38 15
32,SIPP_2^2,"0,41,0","20,38,0",0,-1,0,0.0,0.0,0.0,0.0,
32,SIPP_2^3,"0,41,0","20,38,0",0,-1,0,0.0,0.0,0.0,0.0,
32,SIPP_2^4,"0,41,0","20,38,0",0,-1,0,0.0,0.0,0.0,0.0,
32,SIPP_2^5,"0,41,0","20,38,0",0,-1,0,0.0,0.0,0.0,0.0,
32,SIPP_BigCS,"0,41,0","20,38,0",0,-1,0,0.0,0.0,0.0,0.0,
32,SIPP_Standard,"0,41,1","20,38,3",0,-1,0,5e-05,0.0,0.0,0.0,
33,SIPP_2^2,"7,49,0","13,53,0",1,100.0,22,0.01434,14.14214,3.14159,6.28319,1 2 2 2 2 1 1 1 1 1
33,SIPP_2^3,"7,49,0","13,53,0",1,96.568544,23,0.02945,11.77758,2.35619,4.71239,4 4 3 3 3 2 2 1
33,SIPP_2^4,"7,49,0","13,53,0",1,93.005632,21,0.06928,12.64428,2.49809,4.99618,7 8 6 6 4 3
33,SIPP_2^5,"7,49,0","13,53,0",1,91.529826,20,0.15904,7.68005,1.5708,3.14159,15 12 12 7
33,SIPP_BigCS,"7,49,13","13,53,15",1,102.24886500000001,36,0.5934,11.76429,2.3536,0.8934,4 -0.961 68 -8.287 351
33,SIPP_Standard,"7,49,13","13,53,15",1,565.941209,309,1.94147,27.37719,5.3193,0.8057,-14.612 68 -35.919 45 25 96 -2.275 86 -0.135 23
34,SIPP_2^2,"11,13,0","14,1,0",1,179.05470200000002,110,0.07602,21.2132,4.71239,9.42478,0 0 0 0 0 0 0 0 3 -9.030 0 -0.012 0 -0.012 0 0 1 1 1 1
34,SIPP_2^3,"11,13,0","14,1,0",1,173.184573,142,0.18248,15.66785,3.14159,6.28319,0 7 7 0 0 0 0 0 -0.734 0 -0.012 0 -0.012 0 1 2 2 2 2
34,SIPP_2^4,"11,13,0","14,1,0",1,171.403117,146,0.52185,12.82596,2.49809,4.99618,0 0 0 0 15 15 -4.297 0 -0.012 0 -0.012 0 3 4 4 4
34,SIPP_2^5,"11,13,0","14,1,0",1,170.665214,144,1.34879,9.94136,1.89255,3.78509,31 31 0 0 -5.772 0 -0.012 0 -0.012 0 7 8 8
34,SIPP_BigCS,"11,13,8","14,1,12",1,170.567252,608,5.67317,10.35134,2.0747,0.4193,306 6 -14.567 38
34,SIPP_Standard,"11,13,8","14,1,12",1,661.892835,1050,5.50199,33.77125,6.4791,1.0327,71 40 78 -1.893 107 42 92 22 49
35,SIPP_2^2,"35,54,0","25,55,0",1,110.0,11,0.0086,7.07107,1.5708,3.14159,3 3 3 3 3 3 3 3 3 3 2
35,SIPP_2^3,"35,54,0","25,55,0",1,104.142136,10,0.01438,3.82683,0.7854,1.5708,6 6 6 6 6 6 6 6 6 5
35,SIPP_2^4,"35,54,0","25,55,0",1,102.36068,9,0.03154,2.29753,0.46365,0.9273,12 12 12 12 12 12 12 12 11
35,SIPP_2^5,"35,54,0","25,55,0",1,101.622777,8,0.07125,1.60182,0.32175,0.6435,24 24 24 24 24 24 24 23
35,SIPP_BigCS,"35,54,14","25,55,7",1,102.0,8,0.31841,2.74653,0.5456,0.0552,7 7 15
35,SIPP_Standard,"35,54,14","25,55,7",1,1107.1294149999999,1827,16.55588,35.52363,6.686,0.9627,7 59 -20.205 99 -68.741 85 -62.878 2 22 -62.949 45 -45.356 25 88 16
36,SIPP_2^2,"22,5,0","8,28,0",1,410.582631,591,0.47455,141.42136,31.41593,62.83185,2 3 2 -5.103 2 2 2 2 2 2 2 2 2 -18.862 3 -0.093 3 2 3 3 2 2 3 2 3 2 3 2 3 3 2 3 2 -4.484 2 -12.041 3 3 2 2 3 2
36,SIPP_2^3,"22,5,0","8,28,0",1,355.56345999999996,505,0.75,61.46571,11.78097,23.56195,5 4 5 4 5 5 5 5 5 5 7 6 -6.487 4 4 4 4 4 4 4 5 4 4 4 4 4 4 5 6 6 -3.513 0
36,SIPP_2^4,"22,5,0","8,28,0",1,355.56345999999996,558,2.25137,37.90544,7.39033,14.78067,-0.213 9 10 8 8 8 8 8 8 8 7 8 7 -0.520 9 10 11 10 11 11 11 10 12 12 -9.377 0
36,SIPP_2^5,"22,5,0","8,28,0",1,355.56345999999996,573,5.94137,27.31778,5.21399,10.42799,20 17 16 16 16 15 16 15 16 16 21 21 21 21 -1.859 24 24 -10.472 0
36,SIPP_BigCS,"22,5,10","8,28,5",1,396.404879,3205,57.67345,32.99388,6.6152,1.9111,-24.730 336 342 336 -4.831 326 323 326 323 326 -67.844 371
36,SIPP_Standard,"22,5,10","8,28,5",1,785.137579,378,2.56831,28.05149,5.4104,0.7965,84 1 25 104 -40.138 47 3 11 31 55
37,SIPP_2^2,"21,61,0","35,57,0",1,180.0,72,0.06007,42.42641,9.42478,18.84956,1 1 1 1 1 1 1 1 1 1 0 1 1 0 0 1 0 1
37,SIPP_2^3,"21,61,0","35,57,0",1,156.56854399999997,50,0.08471,27.40917,5.49779,10.99557,2 2 2 2 2 2 1 2 1 2 1 2 2 1
37,SIPP_2^4,"21,61,0","35,57,0",1,149.44272,31,0.14925,11.66698,2.31824,4.63648,4 4 4 4 3 3 4 3 4 3
37,SIPP_2^5,"21,61,0","35,57,0",1,146.491108,15,0.1818,3.23301,0.6435,1.287,7 7 8 8 7 7
37,SIPP_BigCS,"21,61,1","35,57,7",1,148.0,31,0.72525,5.10081,0.9769,0.1151,201 305 29
37,SIPP_Standard,"21,61,1","35,57,7",1,755.055752,2230,16.35862,41.15558,7.966,1.2565,111 37 -29.983 10 -52.073 34 83 8 36 13
38,SIPP_2^2,"41,46,0","25,26,0",1,398.65106899999995,506,0.51013,84.85281,18.84956,37.69911,3 2 -6.375 3 0 0 0 3 0 0 0 0 0 3 3 3 0 0 0 0 0 0 0 0 0 0 0 3 3 0 3 3 3 0 -8.682 3 -3.594 3 3 3 3
38,SIPP_2^3,"41,46,0","25,26,0",1,390.91308599999996,717,1.05393,43.42639,8.63938,17.27876,5 -12.233 6 7 7 0 0 0 0 7 7 7 7 7 7 7 7 7 7 6 7 7 7 0 0 0 1 2 -18.264 4 4
38,SIPP_2^4,"41,46,0","25,26,0",1,389.94759,748,3.19133,37.61834,7.57019,15.14038,9 -0.860 15 15 0 15 14 14 14 14 14 14 14 14 14 14 14 13 14 0 0 0 2 -31.076 7
38,SIPP_2^5,"41,46,0","25,26,0",1,389.94759,761,9.75643,33.47118,6.67798,13.35595,18 -0.860 30 31 30 28 28 28 28 28 28 28 28 28 28 27 28 0 0 0 4 -32.261 14
38,SIPP_BigCS,"41,46,9","25,26,10",0,-1,1249,180.33507,0.0,0.0,0.0,
38,SIPP_Standard,"41,46,9","25,26,10",1,775.611028,5009,34.796,18.0779,3.52,0.5721,-115.468 68 33 -43.400 82 3 -197.743 23
39,SIPP_2^2,"30,15,0","12,52,0",0,-1,0,0.0,0.0,0.0,0.0,
39,SIPP_2^3,"30,15,0","12,52,0",0,-1,0,0.0,0.0,0.0,0.0,
39,SIPP_2^4,"30,15,0","12,52,0",0,-1,0,0.0,0.0,0.0,0.0,
39,SIPP_2^5,"30,15,0","12,52,0",0,-1,0,0.0,0.0,0.0,0.0,
39,SIPP_BigCS,"30,15,0","12,52,0",0,-1,0,0.0,0.0,0.0,0.0,
39,SIPP_Standard,"30,15,0","12,52,2",0,-1,2,0.03115,0.0,0.0,0.0,
40,SIPP_2^2,"8,4,0","35,39,0",0,-1,0,0.0,0.0,0.0,0.0,
40,SIPP_2^3,"8,4,0","35,39,0",0,-1,0,0.0,0.0,0.0,0.0,
40,SIPP_2^4,"8,4,0","35,39,0",0,-1,0,0.0,0.0,0.0,0.0,
40,SIPP_2^5,"8,4,0","35,39,0",0,-1,0,0.0,0.0,0.0,0.0,
40,SIPP_BigCS,"8,4,0","35,39,0",0,-1,0,0.0,0.0,0.0,0.0,
40,SIPP_Standard,"8,4,11","35,39,0",0,-1,0,8e-05,0.0,0.0,0.0,
41,SIPP_2^2,"21,32,0","7,18,0",0,-1,0,0.0,0.0,0.0,0.0,
41,SIPP_2^3,"21,32,0","7,18,0",0,-1,0,0.0,0.0,0.0,0.0,
41,SIPP_2^4,"21,32,0","7,18,0",0,-1,0,0.0,0.0,0.0,0.0,
41,SIPP_2^5,"21,32,0","7,18,0",0,-1,0,0.0,0.0,0.0,0.0,
41,SIPP_BigCS,"21,32,0","7,18,0",0,-1,0,0.0,0.0,0.0,0.0,
41,SIPP_Standard,"21,32,14","7,18,10",0,-1,0,8e-05,0.0,0.0,0.0,
42,SIPP_2^2,"11,42,0","23,24,0",0,-1,0,0.0,0.0,0.0,0.0,
42,SIPP_2^3,"11,42,0","23,24,0",0,-1,0,0.0,0.0,0.0,0.0,
42,SIPP_2^4,"11,42,0","23,24,0",0,-1,0,0.0,0.0,0.0,0.0,
42,SIPP_2^5,"11,42,0","23,24,0",0,-1,0,0.0,0.0,0.0,0.0,
42,SIPP_BigCS,"11,42,0","23,24,0",0,-1,0,0.0,0.0,0.0,0.0,
42,SIPP_Standard,"11,42,13","23,24,10",0,-1,0,6e-05,0.0,0.0,0.0,
43,SIPP_2^2,"58,25,0","47,29,0",1,189.074867,124,0.1056,35.35534,7.85398,15.70796,3 3 3 2 -39.013 3 -0.029 3 -0.034 3 3 2 2 3 3 3 3 2
43,SIPP_2^3,"58,25,0","47,29,0",1,170.844013,110,0.18107,31.73879,6.28319,12.56637,7 7 6 -10.685 6 -0.106 6 -0.013 6 4 5 5 4 -5.187 5 6 5
43,SIPP_2^4,"58,25,0","47,29,0",1,166.401319,106,0.48836,19.95267,3.92699,7.85398,14 13 -12.467 12 -0.106 12 -0.013 12 9 8 9 -0.231 11 12
43,SIPP_2^5,"58,25,0","47,29,0",1,165.98312299999998,104,1.25942,13.38706,2.76434,5.52869,27 -12.914 24 -0.106 24 -0.013 24 17 18 -1.288 23
43,SIPP_BigCS,"58,25,10","47,29,7",1,167.226869,285,6.44171,11.41479,2.2091,0.583,-29.146 269 -4.081 326 203
43,SIPP_Standard,"58,25,10","47,29,7",1,726.092214,3076,46.44536,28.42701,5.4716,0.8768,-73.442 83 -13.252 0 20 43 -53.798 85 22 -7.601 49
44,SIPP_2^2,"50,58,0","61,25,0",1,478.614062,354,0.23755,42.42641,9.42478,18.84956,1 1 1 0 1 1 1 1 1 0 -25.166 0 -12.370 0 -1.078 0 0 0 0 0 0 0 0 0 0 0 0 0 0 0 0 0 0 0 0 0 0 0 0 0 0 0 1 1 0 0 1
44,SIPP_2^3,"50,58,0","61,25,0",1,458.499463,391,0.48087,43.8337,8.63938,17.27876,2 2 1 1 2 2 2 2 1 -22.739 0 -12.370 0 -4.395 7 0 0 0 0 0 0 0 0 0 0 0 0 0 0 0 0 0 0 0 0 0 0 1 0 1 0 1
44,SIPP_2^4,"50,58,0","61,25,0",1,455.608077,400,1.36066,68.28967,13.13396,26.26792,4 5 6 10 14 0 1 1 0 0 0 0 0 0 0 0 0 0 0 1 0 0 1 1 0 1 0 0 0 2 -0.154 1 0 4 0
44,SIPP_2^5,"50,58,0","61,25,0",1,455.608077,414,3.62098,54.23881,11.03353,22.06706,9 12 20 28 0 1 1 0 0 0 1 0 0 0 0 0 1 1 1 0 0 0 4 -5.319 2 0 8 0
44,SIPP_BigCS,"50,58,12","61,25,14",1,455.40677,1019,11.5635,23.28746,4.5612,1.2442,207 383 321 340 -16.554 362 6 6 6 6 6 6 6 2 74 101 -0.853 161
44,SIPP_Standard,"50,58,12","61,25,14",1,1067.4418,2602,25.73269,46.52151,8.8515,1.36,5 81 -34.547 10 34 59 -11.095 99 -6.044 85 26 -56.649 89 -17.107 5 89
45,SIPP_2^2,"15,49,0","56,57,0",1,529.638417,431,0.35804,42.42641,9.42478,18.84956,1 1 1 1 1 1 1 1 1 2 2 2 2 2 2 2 1 1 1 1 1 1 1 0 1 1 1 1 1 1 1 1 1 1 1 1 1 1 1 1 1 2 2 -19.638 1 1 1 1 1 1 1 1
45,SIPP_2^3,"15,49,0","56,57,0",1,459.7056319999999,270,0.45533,63.74693,12.56637,25.13274,2 2 3 2 3 3 2 3 3 3 3 2 1 2 2 2 2 2 1 2 3 2 2 2 2 2 2 3 2 3 2 2 2 2 2 2 2 2 2 2 2
45,SIPP_2^4,"15,49,0","56,57,0",1,443.672528,208,0.98244,29.72166,5.92348,11.84696,4 5 6 6 5 5 6 5 3 4 4 4 3 5 5 4 4 4 4 4 4 5 4 4 4 4 4 4 4 4 4 4
45,SIPP_2^5,"15,49,0","56,57,0",1,438.3505039999999,167,2.08053,22.3533,4.46655,8.9331,8 10 11 12 11 9 8 7 8 7 8 8 8 8 8 8 8 9 8 9 8 8 8 9
45,SIPP_BigCS,"15,49,1","56,57,11",1,440.0,490,9.17542,18.12395,3.5232,0.6399,73 124 207 383 361 5 5 5 5 5 5 5 57 311
45,SIPP_Standard,"15,49,1","56,57,11",1,999.153668,6128,54.11415,18.4883,3.449,0.4482,22 45 1 -147.416 21 -78.340 48 -134.089 79 -67.309 56
46,SIPP_2^2,"27,7,0","31,6,0",1,70.0,14,0.02667,28.28427,6.28319,12.56637,1 0 0 1 1 2 1
46,SIPP_2^3,"27,7,0","31,6,0",1,52.426408,9,0.01377,11.61063,2.35619,4.71239,2 1 1 3
46,SIPP_2^4,"27,7,0","31,6,0",1,50.644951999999996,9,0.03267,9.91402,1.89255,3.78509,3 2 6
46,SIPP_2^5,"27,7,0","31,6,0",1,50.197649,8,0.0708,6.44121,1.3734,2.7468,5 12
46,SIPP_BigCS,"27,7,2","31,6,5",1,393.369671,3288,46.82128,30.45112,5.9839,1.9641,325 202 330 67 -1.479 163 -12.504 4 -35.160 68 207 -1.227 351 181
46,SIPP_Standard,"27,7,2","31,6,5",1,1059.100476,3981,37.98395,41.27913,7.701,1.1697,84 -62.107 21 -3.685 40 62 -10.359 62 78 107 -3.071 46 22 49 -62.878 76
47,SIPP_2^2,"57,57,0","39,34,0",1,504.029362,762,0.59639,113.13708,25.13274,50.26548,2 3 2 2 3 3 -14.029 3 0 0 0 0 0 0 3 3 3 3 0 0 3 3 0 0 0 0 0 0 3 3 3 3 3 0 3 0 0 0 0 3 3 3 0 0 0 0 1 0 0 0
47,SIPP_2^3,"57,57,0","39,34,0",1,487.12832499999996,1056,1.5741,88.12035,17.27876,34.55752,5 5 5 -29.597 7 -1.818 0 0 0 0 -0.584 7 0 7 0 0 7 0 0 7 6 -9.884 7 -2.111 6 6 6 -3.524 6 6 7 -7.766 0 7 -9.712 6 7 0 0 1 1 0 0 7
47,SIPP_2^4,"57,57,0","39,34,0",1,483.565413,1080,4.28847,71.95237,14.06125,28.12251,10 10 10 10 -1.741 14 -1.578 0 1 0 0 -3.658 15 15 0 15 15 0 -1.532 14 -1.926 12 12 11 -5.346 12 13 -9.547 0 14 -9.712 12 14 0 0 1 1 14
47,SIPP_2^5,"57,57,0","39,34,0",1,481.406477,1073,10.63323,43.93118,8.49748,16.99497,20 20 20 20 -1.741 28 -1.578 0 1 -4.175 31 31 31 30 -3.967 28 -1.926 24 23 -6.084 24 24 -20.805 27 31 1 2 28
47,SIPP_BigCS,"57,57,6","39,34,14",1,482.54522399999996,6354,126.63366,48.36934,9.5435,3.0414,76 379 205 333 74 -23.805 165 -11.993 330 75 102 -5.747 150 348
47,SIPP_Standard,"57,57,6","39,34,14",1,501.15375099999994,385,3.41333,18.1805,3.5413,0.491,-123.130 46 6 -32.634 82 -10.390 27
48,SIPP_2^2,"18,8,0","16,26,0",1,280.0,215,0.16662,77.78175,17.27876,34.55752,2 2 2 2 2 1 2 2 2 2 2 1 1 2 1 2 2 3 3 3 3 2 3 2 2 2 2 3
48,SIPP_2^3,"18,8,0","16,26,0",1,213.13708799999995,92,0.14497,19.54353,3.92699,7.85398,4 4 4 4 3 4 4 4 3 3 4 4 4 5 5 5 5 5
48,SIPP_2^4,"18,8,0","16,26,0",1,206.01126399999998,84,0.35496,18.09064,3.56728,7.13457,8 8 7 8 7 8 8 8 7 9 10 10 10 10
48,SIPP_2^5,"18,8,0","16,26,0",1,203.79755499999996,79,0.90259,8.90129,1.75065,3.5013,15 15 16 16 16 15 18 20 20 20 20
48,SIPP_BigCS,"18,8,6","16,26,9",1,204.0,178,2.92387,8.68853,1.7129,0.5512,4 4 4 80 344 103 103 103 103
48,SIPP_Standard,"18,8,6","16,26,9",1,865.234611,847,7.55689,39.40532,7.4515,1.211,4 96 78 59 -24.235 75 110 32 81 2 22
49,SIPP_2^2,"27,21,0","1,4,0",0,-1,0,0.0,0.0,0.0,0.0,
49,SIPP_2^3,"27,21,0","1,4,0",0,-1,0,0.0,0.0,0.0,0.0,
49,SIPP_2^4,"27,21,0","1,4,0",0,-1,0,0.0,0.0,0.0,0.0,
49,SIPP_2^5,"27,21,0","1,4,0",0,-1,0,0.0,0.0,0.0,0.0,
49,SIPP_BigCS,"27,21,0","1,4,0",0,-1,0,0.0,0.0,0.0,0.0,
49,SIPP_Standard,"27,21,0","1,4,5",0,-1,0,0.00011,0.0,0.0,0.0,
50,SIPP_2^2,"16,4,0","18,35,0",1,492.11168999999995,1053,0.79892,91.92388,20.42035,40.8407,3 2 3 3 2 2 2 3 3 2 -1.285 2 2 -12.220 2 2 2 1 2 2 2 2 2 2 2 2 2 2 2 2 2 2 2 2 2 2 2 2 1 2 2 2 -8.607 1 1 0 1 1 1 0
50,SIPP_2^3,"16,4,0","18,35,0",1,391.396325,348,0.50559,39.73756,7.85398,15.70796,5 5 5 5 5 5 5 4 4 3 3 -9.264 3 4 4 4 4 4 4 4 4 3 4 4 3 4 4 4 4 3 2 3 3
50,SIPP_2^4,"16,4,0","18,35,0",1,367.60322399999995,294,1.24451,37.29797,7.53223,15.06446,10 9 -2.663 8 6 6 6 6 6 7 4 10 10 8 8 8 8 8 8 8 8 8 8 8 8 7 9 9
50,SIPP_2^5,"16,4,0","18,35,0",1,364.19087699999994,267,2.9129,14.25487,2.81984,5.63968,20 20 20 20 20 20 20 16 15 14 16 16 16 15 15 15 15 14 10
50,SIPP_BigCS,"16,4,4","18,35,11",1,365.378602,579,9.75592,19.79487,3.8211,0.6772,326 371 -0.379 382 200 200 200 360 24
50,SIPP_Standard,"16,4,4","18,35,11",1,490.672192,351,2.41822,20.27068,3.9372,0.6603,-147.945 110 -0.063 40 -0.664 94 8
51,SIPP_2^2,"35,39,0","17,24,0",0,-1,0,0.0,0.0,0.0,0.0,
51,SIPP_2^3,"35,39,0","17,24,0",0,-1,0,0.0,0.0,0.0,0.0,
51,SIPP_2^4,"35,39,0","17,24,0",0,-1,0,0.0,0.0,0.0,0.0,
51,SIPP_2^5,"35,39,0","17,24,0",0,-1,0,0.0,0.0,0.0,0.0,
51,SIPP_BigCS,"35,39,0","17,24,0",0,-1,0,0.0,0.0,0.0,0.0,
51,SIPP_Standard,"35,39,15","17,24,0",0,-1,0,0.00012,0.0,0.0,0.0,
52,SIPP_2^2,"28,14,0","45,4,0",0,-1,0,0.0,0.0,0.0,0.0,
52,SIPP_2^3,"28,14,0","45,4,0",0,-1,0,0.0,0.0,0.0,0.0,
52,SIPP_2^4,"28,14,0","45,4,0",0,-1,0,0.0,0.0,0.0,0.0,
52,SIPP_2^5,"28,14,0","45,4,0",0,-1,0,0.0,0.0,0.0,0.0,
52,SIPP_BigCS,"28,14,0","45,4,0",0,-1,0,0.0,0.0,0.0,0.0,
52,SIPP_Standard,"28,14,7","45,4,7",0,-1,0,5e-05,0.0,0.0,0.0,
53,SIPP_2^2,"29,57,0","36,15,0",0,-1,0,0.0,0.0,0.0,0.0,
53,SIPP_2^3,"29,57,0","36,15,0",0,-1,0,0.0,0.0,0.0,0.0,
53,SIPP_2^4,"29,57,0","36,15,0",0,-1,0,0.0,0.0,0.0,0.0,
53,SIPP_2^5,"29,57,0","36,15,0",0,-1,0,0.0,0.0,0.0,0.0,
53,SIPP_BigCS,"29,57,0","36,15,0",0,-1,0,0.0,0.0,0.0,0.0,
53,SIPP_Standard,"29,57,8","36,15,0",0,-1,0,4e-05,0.0,0.0,0.0,
54,SIPP_2^2,"49,48,0","41,38,0",1,216.035846,188,0.16687,49.49747,10.99557,21.99115,3 3 3 0 3 3 0 0 3 3 0 0 0 0 -36.036 3 0 0 0
54,SIPP_2^3,"49,48,0","41,38,0",1,210.693534,229,0.39037,20.13992,3.92699,7.85398,7 7 7 7 6 6 7 0 0 -63.328 7 -1.237 0 -1.275 0
54,SIPP_2^4,"49,48,0","41,38,0",1,210.693534,244,1.16102,15.36278,2.9997,5.99939,14 14 13 13 14 -0.888 0 0 -66.003 14 -1.237 0 -1.275 0
54,SIPP_2^5,"49,48,0","41,38,0",1,210.693534,246,3.14966,12.79786,2.55359,5.10718,27 27 28 -1.783 0 0 -66.003 28 -1.237 0 -1.275 0
54,SIPP_BigCS,"49,48,9","41,38,2",1,210.609592,1195,30.28154,17.9921,3.5958,1.064,340 330 -57.610 39
54,SIPP_Standard,"49,48,9","41,38,2",1,667.0,1908,42.24554,32.27884,6.171,0.8821,91 7 99 85 18 76 105 48
55,SIPP_2^2,"49,6,0","42,44,0",1,490.0,548,0.42359,56.56854,12.56637,25.13274,2 2 2 2 2 2 2 2 2 2 2 2 1 2 2 2 2 2 2 2 2 2 2 2 2 2 2 2 2 2 2 2 2 2 2 2 3 2 3 3 2 2 2 3 3 3 3 3 0
55,SIPP_2^3,"49,6,0","42,44,0",1,423.13708799999995,339,0.55236,27.57053,5.49779,10.99557,4 4 4 4 4 4 4 4 4 4 4 4 4 4 4 4 4 3 4 4 4 4 4 4 4 4 5 4 4 4 4 4 5 5 5 5 5 6 5
55,SIPP_2^4,"49,6,0","42,44,0",1,416.011264,324,1.43326,11.78355,2.35619,4.71239,8 8 8 8 8 8 8 8 8 8 8 8 8 8 8 8 7 8 8 8 8 8 8 8 8 8 8 8 9 9 10 10 10 11 10
55,SIPP_2^5,"49,6,0","42,44,0",1,415.39440899999994,330,3.77231,12.47106,2.46719,4.93438,16 16 16 16 16 16 16 16 16 16 16 15 16 16 16 16 16 16 16 16 16 16 16 16 17 17 16 -2.044 20 20 21 20
55,SIPP_BigCS,"49,6,14","42,44,2",1,415.290032,1527,28.80966,13.5505,2.5915,0.335,360 4 0 56 366 4 -0.290 52 203
55,SIPP_Standard,"49,6,14","42,44,2",1,501.745297,846,5.7125,25.02179,4.8475,0.8386,28 40 70 35 104 -2.745 47
56,SIPP_2^2,"6,1,0","37,12,0",1,479.075676,615,0.41824,91.92388,20.42035,40.8407,-1.983 1 1 2 2 2 1 1 1 1 2 2 1 1 2 2 -6.485 1 -12.516 2 -15.710 1 1 1 1 1 1 1 1 1 -2.800 2 -0.307 1 1 1 1 1 1 -18.759 1 -0.410 1 -0.106 1 2 1 1 1 1 2
56,SIPP_2^3,"6,1,0","37,12,0",1,406.94571399999995,358,0.42171,60.24485,10.99557,21.99115,-1.983 2 2 2 2 2 2 2 2 2 2 2 2 2 2 2 2 2 2 2 2 2 3 3 2 2 3 2 4 4 2 3 3 3 3 -5.804 6 -0.101 4 -0.062 4
56,SIPP_2^4,"6,1,0","37,12,0",1,406.94571399999995,541,1.84224,40.00274,8.24172,16.48343,-1.393 5 4 4 4 4 5 4 5 5 5 5 4 4 4 4 4 5 4 5 5 4 5 4 6 -7.640 12 -0.101 12 -0.062 12
56,SIPP_2^5,"6,1,0","37,12,0",1,406.94571399999995,566,4.93898,17.03195,3.46334,6.92669,-1.713 9 8 8 8 9 9 9 9 9 9 9 9 9 -28.842 16 -0.101 24 -0.062 24
56,SIPP_BigCS,"6,1,2","37,12,2",1,406.873209,2672,42.57223,8.24771,1.611,0.2653,-1.977 1 5 5 5 5 5 1 85 327 -19.896 360
56,SIPP_Standard,"6,1,2","37,12,2",1,472.339165,288,2.27162,9.43502,1.7026,0.232,-1.414 63 -113.284 95 -14.641 1 25
57,SIPP_2^2,"4,34,0","40,2,0",0,-1,0,0.0,0.0,0.0,0.0,
57,SIPP_2^3,"4,34,0","40,2,0",0,-1,0,0.0,0.0,0.0,0.0,
57,SIPP_2^4,"4,34,0","40,2,0",0,-1,0,0.0,0.0,0.0,0.0,
57,SIPP_2^5,"4,34,0","40,2,0",0,-1,0,0.0,0.0,0.0,0.0,
57,SIPP_BigCS,"4,34,0","40,2,0",0,-1,0,0.0,0.0,0.0,0.0,
57,SIPP_Standard,"4,34,1","40,2,12",0,-1,0,0.0001,0.0,0.0,0.0,
58,SIPP_2^2,"60,40,0","34,62,0",0,-1,0,0.0,0.0,0.0,0.0,
58,SIPP_2^3,"60,40,0","34,62,0",0,-1,0,0.0,0.0,0.0,0.0,
58,SIPP_2^4,"60,40,0","34,62,0",0,-1,0,0.0,0.0,0.0,0.0,
58,SIPP_2^5,"60,40,0","34,62,0",0,-1,0,0.0,0.0,0.0,0.0,
58,SIPP_BigCS,"60,40,0","34,62,0",0,-1,0,0.0,0.0,0.0,0.0,
58,SIPP_Standard,"60,40,15","34,62,3",0,-1,1,0.0495,0.0,0.0,0.0,
59,SIPP_2^2,"13,27,0","63,4,0",0,-1,0,0.0,0.0,0.0,0.0,
59,SIPP_2^3,"13,27,0","63,4,0",0,-1,0,0.0,0.0,0.0,0.0,
59,SIPP_2^4,"13,27,0","63,4,0",0,-1,0,0.0,0.0,0.0,0.0,
59,SIPP_2^5,"13,27,0","63,4,0",0,-1,0,0.0,0.0,0.0,0.0,
59,SIPP_BigCS,"13,27,0","63,4,0",0,-1,0,0.0,0.0,0.0,0.0,
59,SIPP_Standard,"13,27,12","63,4,4",0,-1,21773,180.00604,0.0,0.0,0.0,
60,SIPP_2^2,"19,42,0","9,39,0",1,130.0,33,0.02743,35.35534,7.85398,15.70796,3 3 3 3 3 3 3 3 0 3 0 3 0
60,SIPP_2^3,"19,42,0","9,39,0",1,112.42640799999998,19,0.02791,3.82683,0.7854,1.5708,6 6 6 6 6 6 6 7 7 7
60,SIPP_2^4,"19,42,0","9,39,0",1,112.42640799999998,21,0.0829,3.82683,0.7854,1.5708,12 12 12 12 12 12 12 14 14 14
60,SIPP_2^5,"19,42,0","9,39,0",1,112.42640799999998,22,0.22573,3.82683,0.7854,1.5708,24 24 24 24 24 24 24 28 28 28
60,SIPP_BigCS,"19,42,3","9,39,4",1,120.0,60,1.11426,9.49349,1.888,0.4212,171 55
60,SIPP_Standard,"19,42,3","9,39,4",1,750.016597,877,5.12799,31.75619,6.1186,0.8526,-18.977 39 -5.550 4 -4.970 80 -18.857 13 -31.066 108 30 38 -0.597 19
61,SIPP_2^2,"8,24,0","18,60,0",0,-1,0,0.0,0.0,0.0,0.0,
61,SIPP_2^3,"8,24,0","18,60,0",0,-1,0,0.0,0.0,0.0,0.0,
61,SIPP_2^4,"8,24,0","18,60,0",0,-1,0,0.0,0.0,0.0,0.0,
61,SIPP_2^5,"8,24,0","18,60,0",0,-1,0,0.0,0.0,0.0,0.0,
61,SIPP_BigCS,"8,24,0","18,60,0",0,-1,0,0.0,0.0,0.0,0.0,
61,SIPP_Standard,"8,24,10","18,60,11",0,-1,0,0.0001,0.0,0.0,0.0,
62,SIPP_2^2,"43,0,0","17,39,0",0,-1,0,0.0,0.0,0.0,0.0,
62,SIPP_2^3,"43,0,0","17,39,0",0,-1,0,0.0,0.0,0.0,0.0,
62,SIPP_2^4,"43,0,0","17,39,0",0,-1,0,0.0,0.0,0.0,0.0,
62,SIPP_2^5,"43,0,0","17,39,0",0,-1,0,0.0,0.0,0.0,0.0,
62,SIPP_BigCS,"43,0,0","17,39,0",0,-1,0,0.0,0.0,0.0,0.0,
62,SIPP_Standard,"43,0,14","17,39,0",0,-1,0,1e-05,0.0,0.0,0.0,
63,SIPP_2^2,"0,45,0","47,25,0",0,-1,0,0.0,0.0,0.0,0.0,
63,SIPP_2^3,"0,45,0","47,25,0",0,-1,0,0.0,0.0,0.0,0.0,
63,SIPP_2^4,"0,45,0","47,25,0",0,-1,0,0.0,0.0,0.0,0.0,
63,SIPP_2^5,"0,45,0","47,25,0",0,-1,0,0.0,0.0,0.0,0.0,
63,SIPP_BigCS,"0,45,0","47,25,0",0,-1,0,0.0,0.0,0.0,0.0,
63,SIPP_Standard,"0,45,14","47,25,4",0,-1,0,1e-05,0.0,0.0,0.0,
64,SIPP_2^2,"29,2,0","59,45,0",1,770.9575629999999,2277,1.61742,169.70563,37.69911,75.39822,1 1 1 1 1 1 0 1 1 1 1 1 1 1 1 2 2 2 1 1 2 2 1 2 1 1 1 2 2 1 2 1 1 2 1 2 2 2 2 2 2 2 2 2 2 2 2 2 2 2 2 2 2 1 1 1 2 2 2 2 2 2 2 3 -0.958 2 2 2 2 2 2 2 1 1 2 1 2 1
64,SIPP_2^3,"29,2,0","59,45,0",1,618.26211,988,1.3576,69.19224,13.35177,26.70354,3 3 3 3 3 2 3 2 2 2 3 3 2 2 3 3 3 3 3 3 3 3 4 4 4 4 3 4 3 3 4 4 3 4 3 3 4 -5.230 4 4 4 4 4 4 4 4 4 4 4 -11.905 4 2 2
64,SIPP_2^4,"29,2,0","59,45,0",1,618.26211,1397,5.03656,40.73131,7.71208,15.42417,6 6 5 6 5 -0.809 9 7 7 6 6 6 6 6 6 6 6 6 7 7 7 7 7 6 -15.278 8 -18.191 7 7 7 7 7 -24.726 8 4 4
64,SIPP_2^5,"29,2,0","59,45,0",1,618.26211,1419,12.98131,33.9231,6.28319,12.56637,16 16 15 -5.209 16 13 11 11 11 12 12 12 12 12 14 14 14 15 14 -34.534 13 14 14 14 14 20 -11.258 8 8 8
64,SIPP_BigCS,"29,2,11","59,45,3",0,-1,10629,180.225,0.0,0.0,0.0,
64,SIPP_Standard,"29,2,11","59,45,3",1,838.7948749999999,4371,64.20862,30.34083,5.8731,0.8699,-28.891 105 -66.802 44 -99.239 8 28 -7.710 44 12 -44.153 87
65,SIPP_2^2,"14,56,0","14,3,0",0,-1,0,0.0,0.0,0.0,0.0,
65,SIPP_2^3,"14,56,0","14,3,0",0,-1,0,0.0,0.0,0.0,0.0,
65,SIPP_2^4,"14,56,0","14,3,0",0,-1,0,0.0,0.0,0.0,0.0,
65,SIPP_2^5,"14,56,0","14,3,0",0,-1,0,0.0,0.0,0.0,0.0,
65,SIPP_BigCS,"14,56,0","14,3,0",0,-1,0,0.0,0.0,0.0,0.0,
65,SIPP_Standard,"14,56,3","14,3,12",0,-1,0,9e-05,0.0,0.0,0.0,
66,SIPP_2^2,"40,11,0","19,33,0",1,519.028448,1034,0.91497,91.92388,20.42035,40.8407,2 2 2 2 2 3 3 3 3 3 3 3 3 0 3 3 3 3 3 0 0 3 3 3 2 2 2 2 2 3 2 2 2 2 2 2 2 2 -1.782 2 -0.101 2 -0.062 2 -27.083 3 2 3 3 2 2 2 3
66,SIPP_2^3,"40,11,0","19,33,0",1,333.7374659999999,193,0.37533,32.60586,6.28319,12.56637,5 5 5 5 5 5 5 5 4 4 5 5 5 4 4 5 5 5 5 5 6 5 -0.895 5 5 7
66,SIPP_2^4,"40,11,0","19,33,0",1,332.3238309999999,210,1.07516,20.21895,4.1448,8.2896,10 10 10 10 10 10 10 -1.502 9 9 9 9 10 10 11 10 11 -4.524 9 10 -0.067 14
66,SIPP_2^5,"40,11,0","19,33,0",1,332.3238309999999,216,2.67331,18.56004,3.5013,7.0026,20 20 20 20 20 20 20 -1.502 18 18 18 19 20 21 22 -5.419 18 20 -0.067 28
66,SIPP_BigCS,"40,11,15","19,33,3",1,334.33312199999995,654,12.41923,9.73399,1.81,0.2834,254 103 103 -4.140 127 206 206 206 326 -15.193 307
66,SIPP_Standard,"40,11,15","19,33,3",1,738.9859499999999,2333,49.42343,13.99909,2.6747,0.3411,71 52 104 47 3 3 -172.986 3
67,SIPP_2^2,"31,53,0","40,51,0",1,196.91585600000002,129,0.10364,63.63961,14.13717,28.27433,0 0 0 0 0 -6.832 0 -0.084 1 1 2 1 2 1 1 1 1 2 1 2 1
67,SIPP_2^3,"31,53,0","40,51,0",1,173.4844,90,0.13693,26.52949,5.49779,10.99557,0 0 0 0 0 -6.832 0 -0.084 2 3 2 3 2 2 2 3 3
67,SIPP_2^4,"31,53,0","40,51,0",1,166.358576,66,0.24369,9.3686,2.03444,4.06889,0 0 0 0 0 -6.832 0 -0.084 4 5 5 5 5
67,SIPP_2^5,"31,53,0","40,51,0",1,165.536725,65,0.60493,8.82213,2.03444,4.06889,0 0 0 0 0 -6.832 0 9 10 10 10
67,SIPP_BigCS,"31,53,8","40,51,1",1,171.258363,125,2.02017,15.84446,3.1331,0.9477,174 -3.258 332 93 100 100
67,SIPP_Standard,"31,53,8","40,51,1",1,850.6412310000001,2613,23.03723,41.65751,8.0381,1.3182,82 3 11 35 80 -75.616 5 -5.231 97 -11.794 111 37
68,SIPP_2^2,"20,4,0","61,17,0",1,574.212589,1168,0.87899,70.71068,15.70796,31.41593,1 1 1 1 1 1 1 1 1 1 1 1 1 1 1 1 1 1 1 1 1 1 1 1 1 1 1 1 1 1 1 1 1 1 2 1 1 1 1 2 2 2 2 1 2 2 2 2 2 -14.213 2 3 2 1 1 2 1
68,SIPP_2^3,"20,4,0","61,17,0",1,463.8477679999999,215,0.34282,35.84315,7.06858,14.13717,2 2 2 2 2 2 2 2 2 2 2 2 2 2 2 2 2 2 2 2 2 2 3 3 3 3 2 3 3 2 2 3 3 3 3 2 2 3 3 2 3
68,SIPP_2^4,"20,4,0","61,17,0",1,453.15903199999997,127,0.51332,13.5054,2.7159,5.4318,4 4 4 4 4 4 4 4 4 4 4 4 4 4 4 4 4 4 4 4 4 4 6 6 6 5 5 5 6 5 5 6 5 6 6
68,SIPP_2^5,"20,4,0","61,17,0",1,450.18461400000007,87,0.84086,5.89347,1.18019,2.36038,8 8 8 8 8 8 8 8 8 8 8 8 8 8 8 8 8 8 8 8 8 9 11 11 12 11 11 11 12
68,SIPP_BigCS,"20,4,0","61,17,0",1,450.0,222,2.74114,7.94122,1.4887,0.1624,5 5 5 5 5 5 5 5 5 1 45 176 207 223 100
68,SIPP_Standard,"20,4,0","61,17,0",1,579.836326,607,2.63195,16.14682,3.0786,0.3547,45 17 -5.755 71 -0.270 52 80 -87.811 1
69,SIPP_2^2,"26,58,0","31,42,0",1,351.91585599999996,574,0.51464,49.49747,10.99557,21.99115,0 1 1 1 -54.002 1 -8.802 0 -0.909 0 -0.918 0 0 0 0 0 0 3 -2.964 0 -0.370 0 -0.093 0 0 1 -53.775 0 -0.084 0 0 1
69,SIPP_2^3,"26,58,0","31,42,0",1,346.05799199999996,776,1.29477,45.40348,8.63938,17.27876,0 0 0 0 7 0 7 7 0 -50.892 1 1 1 -0.741 0 2 2 2 2 -65.346 0 -0.084 0 1
69,SIPP_2^4,"26,58,0","31,42,0",1,247.08204,201,0.87254,18.2468,3.42539,6.85077,0 15 15 0 0 0 0 15 0 0 0 0 0 4 4 4 4 4 4 4 4
69,SIPP_2^5,"26,58,0","31,42,0",1,245.520309,193,2.19744,15.33388,2.8578,5.7156,0 31 0 0 31 31 0 0 0 0 8 8 8 8 8 8 8 -0.652 8
69,SIPP_BigCS,"26,58,3","31,42,3",1,342.975623,4622,86.04068,32.85934,6.5567,2.2105,320 351 165 338 -12.676 348 -56.300 150
69,SIPP_Standard,"26,58,3","31,42,3",1,371.198237,217,1.54482,12.45215,2.4143,0.401,-37.585 9 -32.500 33 -49.114 66
70,SIPP_2^2,"6,14,0","28,4,0",1,343.748052,266,0.17158,84.85281,18.84956,37.69911,1 0 0 0 0 1 1 1 0 0 1 1 0 1 1 1 1 0 1 1 0 1 0 1 -10.439 1 -12.143 1 -0.534 1 -0.151 1 -0.060 1 -0.420 1 1 1
70,SIPP_2^3,"6,14,0","28,4,0",1,343.748052,332,0.3963,21.47585,3.92699,7.85398,1 1 1 1 1 1 1 1 1 2 -10.256 2 -11.482 0 -0.012 2 -0.012 2 -0.012 2 -41.385 2 -12.143 2 -0.534 2 -0.151 2 -0.060 2 -0.420 2 2 2
70,SIPP_2^4,"6,14,0","28,4,0",1,343.748052,357,1.12678,20.55309,3.92699,7.85398,2 2 2 2 2 2 2 2 3 -12.038 4 -11.482 0 -0.012 4 -0.012 4 -0.012 4 -41.385 4 -12.143 4 -0.534 4 -0.151 4 -0.060 4 -0.420 4 4 4
70,SIPP_2^5,"6,14,0","28,4,0",1,342.19351499999993,350,2.8076,25.40108,4.89224,9.78449,4 4 4 4 4 4 4 4 6 -12.038 8 -11.482 0 -0.012 8 -0.012 8 -0.012 8 -49.717 7 8 8 -0.177 9
70,SIPP_BigCS,"6,14,2","28,4,10",1,343.656565,1548,16.92723,12.00322,2.3524,0.4905,185 -1.166 38 5 5 5 5 5 -54.490 1 5 5
70,SIPP_Standard,"6,14,2","28,4,10",1,360.071585,111,0.64556,8.24022,1.4781,0.2481,-48.818 53 -62.254 57 97
71,SIPP_2^2,"63,62,0","16,25,0",0,-1,0,0.0,0.0,0.0,0.0,
71,SIPP_2^3,"63,62,0","16,25,0",0,-1,0,0.0,0.0,0.0,0.0,
71,SIPP_2^4,"63,62,0","16,25,0",0,-1,0,0.0,0.0,0.0,0.0,
71,SIPP_2^5,"63,62,0","16,25,0",0,-1,0,0.0,0.0,0.0,0.0,
71,SIPP_BigCS,"63,62,0","16,25,0",0,-1,0,0.0,0.0,0.0,0.0,
71,SIPP_Standard,"63,62,3","16,25,9",0,-1,0,0.00019,0.0,0.0,0.0,
72,SIPP_2^2,"49,35,0","47,28,0",1,187.404915,162,0.13218,35.35534,7.85398,15.70796,0 0 3 3 3 3 0 0 0 3 -17.042 3 -0.053 0 -0.310 0 1 1 1 1
72,SIPP_2^3,"49,35,0","47,28,0",1,100.71068,46,0.07449,16.30556,3.14159,6.28319,0 0 7 7 7 7 1 2
72,SIPP_2^4,"49,35,0","47,28,0",1,97.14776799999999,43,0.17877,15.6661,2.9997,5.99939,14 15 14 15 2 4
72,SIPP_2^5,"49,35,0","47,28,0",1,96.253162,44,0.45727,10.46433,2.1588,4.3176,29 29 4 8
72,SIPP_BigCS,"49,35,15","47,28,8",1,102.729443,112,2.1025,11.17996,2.2074,0.7634,205 333 -2.729 78
72,SIPP_Standard,"49,35,15","47,28,8",1,1035.8887789999999,2701,67.19113,44.21655,8.5108,1.269,25 -99.472 88 20 -53.936 55 -25.796 99 85 22 53 -13.856 81 -3.829 14
73,SIPP_2^2,"59,47,0","46,2,0",0,-1,0,0.0,0.0,0.0,0.0,
73,SIPP_2^3,"59,47,0","46,2,0",0,-1,0,0.0,0.0,0.0,0.0,
73,SIPP_2^4,"59,47,0","46,2,0",0,-1,0,0.0,0.0,0.0,0.0,
73,SIPP_2^5,"59,47,0","46,2,0",0,-1,0,0.0,0.0,0.0,0.0,
73,SIPP_BigCS,"59,47,0","46,2,0",0,-1,0,0.0,0.0,0.0,0.0,
73,SIPP_Standard,"59,47,0","46,2,10",0,-1,8,0.03696,0.0,0.0,0.0,
74,SIPP_2^2,"41,29,0","20,27,0",1,287.023062,236,0.33717,49.49747,10.99557,21.99115,3 3 3 3 3 3 3 3 3 3 2 3 3 3 -27.007 3 -0.022 0 -0.094 3 -0.375 3 -9.526 0 3 3 3 3 3 0
74,SIPP_2^3,"41,29,0","20,27,0",1,278.748826,299,0.45796,34.31427,7.06858,14.13717,6 6 6 6 6 6 6 6 6 6 6 6 5 -32.865 6 -0.022 6 -0.094 0 -0.375 6 -12.967 7 6 6 6 7
74,SIPP_2^4,"41,29,0","20,27,0",1,264.411335,243,1.14941,19.91809,3.88903,7.77807,12 12 11 11 11 12 12 12 12 11 12 -1.384 13 13 13 14 1
74,SIPP_2^5,"41,29,0","20,27,0",1,261.238146,234,4.11764,15.05262,2.9997,5.99939,23 23 23 24 23 -0.473 24 -0.093 24 25 27 28 2
74,SIPP_BigCS,"41,29,14","20,27,1",0,-1,876,180.27093,0.0,0.0,0.0,
74,SIPP_Standard,"41,29,14","20,27,1",1,296.278727,102,3.29069,11.7279,2.273,0.3191,86 -5.861 23 -45.418 50
75,SIPP_2^2,"19,62,0","7,25,0",1,491.32755599999996,593,0.52049,106.06602,23.56194,47.12389,0 0 0 0 0 0 0 0 0 0 0 0 3 0 3 3 3 0 0 0 0 0 0 0 0 0 0 0 3 0 0 0 0 0 0 3 0 0 -1.328 3 0 3 3 3 0 3 0 0 0 3
75,SIPP_2^3,"19,62,0","7,25,0",1,419.7056319999999,281,0.45116,47.71238,9.42478,18.84956,0 0 7 0 7 7 7 7 7 0 0 0 7 7 0 0 0 0 0 7 7 0 0 0 0 0 0 0 7 0 0 0 7 0 0 0 0
75,SIPP_2^4,"19,62,0","7,25,0",1,405.453984,187,0.81904,26.64435,5.27998,10.55995,0 15 15 14 14 14 14 0 0 15 15 15 0 0 0 15 0 0 0 0 15 0 0 0 0 15 0 0 0
75,SIPP_2^5,"19,62,0","7,25,0",1,400.28866299999993,138,1.51253,12.72249,2.53605,5.0721,31 30 28 28 28 28 31 31 31 31 0 0 0 0 0 0 0 31 0 31 0 0
75,SIPP_BigCS,"19,62,9","7,25,7",1,404.496134,369,6.10657,18.06505,3.5134,0.5927,90 102 102 102 -1.496 170 82 306 30 362
75,SIPP_Standard,"19,62,9","7,25,7",1,532.578716,340,1.88874,23.57496,4.4844,0.6612,81 -22.639 10 -1.940 50 61 85 26
76,SIPP_2^2,"28,61,0","36,58,0",1,110.0,31,0.02604,21.2132,4.71239,9.42478,1 1 1 1 0 0 1 1 1 1 0
76,SIPP_2^3,"28,61,0","36,58,0",1,92.42640799999998,18,0.03028,11.59279,2.35619,4.71239,2 1 2 2 2 2 1 1
76,SIPP_2^4,"28,61,0","36,58,0",1,90.59698900000001,16,0.07291,4.6497,0.9273,1.85459,3 4 4 3 -3.515 3
76,SIPP_2^5,"28,61,0","36,58,0",1,90.59698900000001,17,0.19371,0.71015,0.1419,0.28379,7 7 -4.991 6
76,SIPP_BigCS,"28,61,4","36,58,11",1,91.0,38,1.04045,5.63142,1.1113,0.2241,29 321
76,SIPP_Standard,"28,61,4","36,58,11",1,105.311867,3,0.10171,2.99427,0.5969,0.061,-18.312 89
77,SIPP_2^2,"35,59,0","42,46,0",1,200.0,79,0.06795,49.49747,10.99557,21.99115,0 1 1 1 0 1 0 0 0 0 0 0 0 0 0 0 1 1 0 1
77,SIPP_2^3,"35,59,0","42,46,0",1,170.71067999999997,47,0.07616,15.63159,3.14159,6.28319,1 2 2 1 0 0 0 0 0 0 0 0 1 1 1
77,SIPP_2^4,"35,59,0","42,46,0",1,163.584856,34,0.14261,19.60689,3.88903,7.77807,4 3 2 0 0 0 1 0 1 0 1
77,SIPP_2^5,"35,59,0","42,46,0",1,160.633244,23,0.24301,7.87257,1.5708,3.14159,7 4 1 0 0 1 1
77,SIPP_BigCS,"35,59,10","42,46,0",1,162.92418,28,0.70767,10.49638,2.0275,0.5387,65 -0.924 161 86 204
77,SIPP_Standard,"35,59,10","42,46,0",1,420.21923,132,0.87403,17.93878,3.459,0.4977,36 -86.819 13 108 -6.400 50
78,SIPP_2^2,"25,5,0","21,50,0",1,601.493357,867,0.78281,70.71068,15.70796,31.41593,3 3 3 2 2 2 2 2 2 2 2 2 2 2 3 3 -13.705 2 -1.137 2 2 2 2 2 2 2 2 2 2 2 2 2 2 2 2 2 3 3 2 2 1 2 2 2 2 2 2 2 2 2 2 2 1 1 1 -16.651 2 2 2 3
78,SIPP_2^3,"25,5,0","21,50,0",1,513.5076429999999,326,0.4864,59.3601,11.78097,23.56195,6 5 6 -0.960 4 -1.126 4 4 4 4 4 4 3 3 4 4 4 4 4 5 5 5 4 4 4 4 4 4 4 4 4 5 4 4 5 4 3 4 4 4 4 4 4 4 4 4 4 4 3
78,SIPP_2^4,"25,5,0","21,50,0",1,496.31609100000003,183,0.70561,27.55021,5.45983,10.91966,12 11 -2.742 8 -1.126 8 8 8 8 8 8 8 8 7 7 9 10 10 8 8 8 8 8 8 8 8 8 8 8 9 8 8 8 8 8 8 8 8 8 8 8 8 7
78,SIPP_2^5,"25,5,0","21,50,0",1,492.62657599999994,169,1.68706,22.46963,4.42859,8.85719,23 -3.480 16 -1.126 16 16 16 16 16 15 15 17 20 20 16 16 16 16 16 16 16 16 16 16 16 17 16 16 16 16 16 16 16 16 16 16 15
78,SIPP_BigCS,"25,5,12","21,50,13",0,-1,2273,180.00277,0.0,0.0,0.0,
78,SIPP_Standard,"25,5,12","21,50,13",1,722.770232,280,2.41216,33.5771,6.368,1.1686,34 -12.537 83 -9.082 4 -36.266 96 -28.647 102 56 -34.239 96
79,SIPP_2^2,"20,28,0","25,47,0",0,-1,0,0.0,0.0,0.0,0.0,
79,SIPP_2^3,"20,28,0","25,47,0",0,-1,0,0.0,0.0,0.0,0.0,
79,SIPP_2^4,"20,28,0","25,47,0",0,-1,0,0.0,0.0,0.0,0.0,
79,SIPP_2^5,"20,28,0","25,47,0",0,-1,0,0.0,0.0,0.0,0.0,
79,SIPP_BigCS,"20,28,0","25,47,0",0,-1,0,0.0,0.0,0.0,0.0,
79,SIPP_Standard,"20,28,7","25,47,2",0,-1,0,0.00011,0.0,0.0,0.0,
80,SIPP_2^2,"4,58,0","6,31,0",1,322.023062,129,0.07368,28.28427,6.28319,12.56637,0 1 1 1 0 0 0 0 0 0 3 0 0 -12.023 0 0 0 0 0 0 0 0 0 0 0 0 0 0 0 0 0 0
80,SIPP_2^3,"4,58,0","6,31,0",1,321.91585599999996,200,0.23201,23.74685,4.71239,9.42478,2 1 1 0 0 0 0 0 7 7 -6.991 0 -0.410 0 1 0 0 0 0 0 -6.709 0 -0.206 0 -0.049 0 0 0 0 0 0 -6.756 0 -0.084 0
80,SIPP_2^4,"4,58,0","6,31,0",1,321.91585599999996,206,0.66985,14.95036,2.96174,5.92348,3 2 0 0 0 15 15 -12.336 0 1 0 0 0 0 0 -8.900 0 -0.206 0 -0.049 0 0 0 0 0 0 -6.756 0 -0.084 0
80,SIPP_2^5,"4,58,0","6,31,0",1,321.91585599999996,220,1.90915,24.87533,5.17604,10.35207,6 4 31 30 31 -1.451 8 -0.140 1 0 0 0 0 -9.499 0 -0.206 0 -0.049 0 0 0 0 0 0 -6.756 0 -0.084 0
80,SIPP_BigCS,"4,58,0","6,31,7",1,321.824369,484,7.05093,18.58196,3.6377,1.1252,201 329 66 102 102 174 -3.930 308 -6.895 2
80,SIPP_Standard,"4,58,0","6,31,7",1,337.153506,17,0.13022,19.04066,3.683,0.5326,13 -0.154 108 46 6
81,SIPP_2^2,"58,50,0","20,11,0",1,811.1164689999999,2114,1.64035,162.63456,36.12832,72.25663,1 0 1 0 0 0 0 0 0 0 0 0 0 0 3 3 0 0 3 3 3 3 3 3 3 3 3 3 3 3 3 3 3 3 3 3 3 3 3 3 3 3 3 0 3 0 3 0 0 0 0 0 0 0 0 0 3 3 3 3 0 0 0 3 3 3 0 3 0 3 0 0 0 0 3 0 0 0 0 3 -1.116 0
81,SIPP_2^3,"58,50,0","20,11,0",1,637.2452470000003,1074,1.6452,88.52909,17.27876,34.55752,7 6 6 6 7 7 6 6 7 7 6 6 6 7 7 6 7 7 -2.226 6 -3.295 0 7 7 7 0 0 7 7 7 0 0 7 7 7 7 7 7 7 0 0 -16.288 1 -1.172 0 7 0 7 7 7 7 7 7
81,SIPP_2^4,"58,50,0","20,11,0",1,622.373983,972,4.1166,25.36723,5.03414,10.06828,2 -0.462 1 0 0 0 15 15 0 15 15 15 13 14 14 14 14 14 14 14 14 14 14 14 14 14 -0.872 13 13 12 12 12 12 12 12 12 13 13 13 13 15
81,SIPP_2^5,"58,50,0","20,11,0",1,621.4973279999999,996,12.01891,20.09865,3.92699,7.85398,4 -0.462 2 31 31 31 31 0 28 28 28 28 28 28 28 28 28 28 28 28 28 28 28 25 25 25 25 25 25 -2.205 25 -2.345 0
81,SIPP_BigCS,"58,50,7","20,11,6",0,-1,2245,180.29442,0.0,0.0,0.0,
81,SIPP_Standard,"58,50,7","20,11,6",1,642.0,85,0.79717,26.35858,5.0192,0.6083,37 10 50 77 74 93 23 50
82,SIPP_2^2,"5,11,0","11,24,0",1,192.56346,92,0.06234,56.56854,12.56637,25.13274,2 2 2 2 2 1 2 1 1 2 1 1 -0.899 2 2 2 2 2 1 -1.665 2
82,SIPP_2^3,"5,11,0","11,24,0",1,154.852816,39,0.05883,35.47912,7.06858,14.13717,4 4 3 4 3 4 4 3 4 3 3 4 3
82,SIPP_2^4,"5,11,0","11,24,0",1,149.858627,30,0.12771,14.27684,2.81984,5.63968,7 8 8 7 7 8 -2.132 6 7 6
82,SIPP_2^5,"5,11,0","11,24,0",1,149.411324,28,0.32627,3.33255,0.66104,1.32209,15 15 15 -4.345 12 13
82,SIPP_BigCS,"5,11,2","11,24,12",1,151.078413,63,1.70835,6.12038,1.1771,0.1535,16 -1.078 152
82,SIPP_Standard,"5,11,2","11,24,12",1,494.963518,874,5.87659,22.10095,4.3028,0.7782,-43.363 97 -55.884 79 104 -58.716 43
83,SIPP_2^2,"40,57,0","45,58,0",1,60.0,6,0.00524,14.14214,3.14159,6.28319,1 1 1 1 2 1
83,SIPP_2^3,"40,57,0","45,58,0",1,54.142136,5,0.00824,3.82683,0.7854,1.5708,2 2 2 2 3
83,SIPP_2^4,"40,57,0","45,58,0",1,52.36068,4,0.01863,2.29753,0.46365,0.9273,4 4 4 5
83,SIPP_2^5,"40,57,0","45,58,0",1,51.622777,3,0.03547,1.60182,0.32175,0.6435,8 8 9
83,SIPP_BigCS,"40,57,5","45,58,3",1,53.0,5,0.27769,3.85319,0.7822,0.2486,5 5 73
83,SIPP_Standard,"40,57,5","45,58,3",1,516.694892,733,3.77053,22.62696,4.3659,0.7057,-25.695 2 22 41 87 20 55
84,SIPP_2^2,"24,56,0","6,23,0",1,510.0,780,0.66921,98.99495,21.99115,43.9823,0 0 0 0 3 0 3 0 0 0 0 3 0 0 3 3 3 3 3 3 0 0 0 0 0 0 3 0 0 0 0 3 3 3 3 0 0 3 3 3 3 0 0 0 0 0 0 0 0 0 0
84,SIPP_2^3,"24,56,0","6,23,0",1,411.21771899999993,306,0.51683,31.60131,6.28319,12.56637,7 7 7 7 7 7 7 7 7 7 0 7 7 7 0 0 7 7 -0.803 7 0 0 0 0 0 0 -5.857 7 0 0 0 0 0 0 7
84,SIPP_2^4,"24,56,0","6,23,0",1,407.955365,317,1.47438,23.32818,4.39064,8.78128,14 14 14 14 14 14 14 14 14 14 15 15 15 15 0 0 0 0 0 0 0 0 -2.370 13 12 0 0 0 0 15
84,SIPP_2^5,"24,56,0","6,23,0",1,407.21746199999995,321,3.93469,18.2037,3.57016,7.14031,28 28 28 28 28 28 28 28 29 30 30 29 -3.266 30 0 0 0 0 0 -7.638 26 0 0 0 0 31
84,SIPP_BigCS,"24,56,1","6,23,8",1,406.532238,1366,25.49357,12.51668,2.4096,0.3932,250 102 102 102 102 154 -1.824 322 -4.708 245 2 6 6
84,SIPP_Standard,"24,56,1","6,23,8",1,412.034361,96,0.80088,12.68904,2.4372,0.2297,74 69 54 -5.034 90 18
85,SIPP_2^2,"56,57,0","38,15,0",0,-1,0,0.0,0.0,0.0,0.0,
85,SIPP_2^3,"56,57,0","38,15,0",0,-1,0,0.0,0.0,0.0,0.0,
85,SIPP_2^4,"56,57,0","38,15,0",0,-1,0,0.0,0.0,0.0,0.0,
85,SIPP_2^5,"56,57,0","38,15,0",0,-1,0,0.0,0.0,0.0,0.0,
85,SIPP_BigCS,"56,57,0","38,15,0",0,-1,0,0.0,0.0,0.0,0.0,
85,SIPP_Standard,"56,57,3","38,15,14",0,-1,17,0.07743,0.0,0.0,0.0,
86,SIPP_2^2,"63,32,0","36,35,0",0,-1,0,0.0,0.0,0.0,0.0,
86,SIPP_2^3,"63,32,0","36,35,0",0,-1,0,0.0,0.0,0.0,0.0,
86,SIPP_2^4,"63,32,0","36,35,0",0,-1,0,0.0,0.0,0.0,0.0,
86,SIPP_2^5,"63,32,0","36,35,0",0,-1,0,0.0,0.0,0.0,0.0,
86,SIPP_BigCS,"63,32,0","36,35,0",0,-1,0,0.0,0.0,0.0,0.0,
86,SIPP_Standard,"63,32,10","36,35,12",0,-1,0,6e-05,0.0,0.0,0.0,
87,SIPP_2^2,"27,29,0","12,11,0",0,-1,0,0.0,0.0,0.0,0.0,
87,SIPP_2^3,"27,29,0","12,11,0",0,-1,0,0.0,0.0,0.0,0.0,
87,SIPP_2^4,"27,29,0","12,11,0",0,-1,0,0.0,0.0,0.0,0.0,
87,SIPP_2^5,"27,29,0","12,11,0",0,-1,0,0.0,0.0,0.0,0.0,
87,SIPP_BigCS,"27,29,0","12,11,0",0,-1,0,0.0,0.0,0.0,0.0,
87,SIPP_Standard,"27,29,3","12,11,13",0,-1,0,6e-05,0.0,0.0,0.0,
88,SIPP_2^2,"62,61,0","23,19,0",1,893.630809,3404,2.50639,155.56349,34.55752,69.11504,0 0 0 0 0 0 0 0 0 0 0 0 0 0 0 0 0 0 0 -2.713 0 -0.918 3 0 0 3 0 0 0 0 3 3 3 0 0 0 0 0 0 3 3 3 3 3 3 0 0 0 0 0 0 0 3 3 3 3 3 3 3 3 0 0 3 3 0 3 3 3 3 3 3 3 0 0 3 0 3 3 3 0 3 3 3 2 2 2 3 3 3 3 2
88,SIPP_2^3,"62,61,0","23,19,0",1,686.8339570000003,977,1.18909,104.70723,20.42035,40.84071,7 6 6 6 6 7 6 -7.710 7 7 0 0 7 0 0 7 7 0 0 0 7 6 -4.172 7 -2.111 6 6 6 -3.524 6 7 6 -7.766 0 7 -9.712 6 7 7 7 7 7 7 7 7 0 0 0 7 7 0 0 7 7 0 0 7 7 7 7
88,SIPP_2^4,"62,61,0","23,19,0",1,669.946704,905,3.0755,21.46183,4.24874,8.49748,0 0 0 0 0 0 0 0 0 0 0 0 0 0 0 0 15 14 15 14 14 14 14 14 14 14 14 14 14 14 14 14 14 14 14 14 13 13 14 13 13 11 11 12 12 12 12 13
88,SIPP_2^5,"62,61,0","23,19,0",1,666.1004859999999,891,7.74136,17.45466,3.46334,6.92669,0 0 0 0 0 0 0 0 0 0 0 0 0 31 0 31 28 28 28 28 28 28 28 28 28 28 28 28 28 28 28 28 28 27 27 26 26 22 23 24 24 25
88,SIPP_BigCS,"62,61,14","23,19,6",1,666.0,4888,88.99314,19.58767,3.8367,0.7947,6 6 6 6 6 6 6 2 66 102 102 102 102 102 102 102 102 102 102 102 102 102 102 154 322 205 285 315
88,SIPP_Standard,"62,61,14","23,19,6",1,899.7150119999999,6009,111.41074,31.50525,5.9188,0.888,107 -31.444 46 -44.572 6 74 -15.068 93 -1.937 3 -45.365 23 -9.329 42 60
89,SIPP_2^2,"15,61,0","34,35,0",1,451.91585599999996,610,0.4932,98.99495,21.99115,43.9823,1 1 1 1 1 1 1 1 1 1 0 1 0 1 0 1 1 0 0 0 0 0 0 0 0 1 0 0 0 0 0 -1.832 0 -0.084 0 0 0 0 0 0 1 0 0 1 1 0 1
89,SIPP_2^3,"15,61,0","34,35,0",1,380.627815,363,0.60359,39.65646,7.85398,15.70796,0 1 0 1 1 1 0 0 1 1 1 1 -0.181 1 1 1 -0.741 0 2 2 2 2 2 2 2 1 0 0 0 0 0 0 0 0 0
89,SIPP_2^4,"15,61,0","34,35,0",1,378.886979,390,1.73148,21.88426,4.2867,8.5734,2 2 1 1 1 2 1 2 -7.307 2 1 -3.863 3 4 4 4 4 4 4 -0.482 1 0 0 0 0 0 0 0 0
89,SIPP_2^5,"15,61,0","34,35,0",1,378.468783,391,4.3648,16.60756,3.19709,6.39418,3 3 3 3 -9.096 4 2 -3.863 6 8 8 8 8 8 8 -0.801 1 0 0 0 0 0 0 0
89,SIPP_BigCS,"15,61,14","34,35,8",1,379.712529,1706,31.17553,16.04102,3.0441,0.6808,177 204 204 204 -17.745 332 -1.759 29 -0.208 321 364 6 6
89,SIPP_Standard,"15,61,14","34,35,8",1,426.0,215,1.55083,26.13096,4.8983,0.9583,41 111 33 98 60
90,SIPP_2^2,"53,2,0","57,22,0",1,240.0,113,0.07354,35.35534,7.85398,15.70796,2 2 2 2 2 2 2 2 2 2 2 2 2 2 2 2 2 2 1 2 1 2 1 1
90,SIPP_2^3,"53,2,0","57,22,0",1,238.748052,177,0.21289,7.75965,1.5708,3.14159,4 4 4 4 4 4 4 4 4 4 4 4 4 4 4 4 4 4 3 3 -10.043 2 -0.420 2
90,SIPP_2^4,"53,2,0","57,22,0",1,238.748052,185,0.61449,13.35879,2.49809,4.99618,8 8 8 8 8 8 8 8 8 8 8 8 8 8 8 7 7 8 -13.606 4 -0.420 4
90,SIPP_2^5,"53,2,0","57,22,0",1,238.748052,189,1.63408,11.98685,2.2143,4.42859,16 16 16 16 16 16 16 16 16 16 16 16 16 15 15 16 -15.082 8 -0.420 8
90,SIPP_BigCS,"53,2,9","57,22,8",1,238.648924,925,13.85929,10.37433,2.0761,0.4131,366 4 4 4 4 4 4 4 4 -4.649 8
90,SIPP_Standard,"53,2,9","57,22,8",1,257.0,72,0.46787,14.4341,2.8078,0.4541,16 102 80
91,SIPP_2^2,"7,1,0","41,29,0",0,-1,0,0.0,0.0,0.0,0.0,
91,SIPP_2^3,"7,1,0","41,29,0",0,-1,0,0.0,0.0,0.0,0.0,
91,SIPP_2^4,"7,1,0","41,29,0",0,-1,0,0.0,0.0,0.0,0.0,
91,SIPP_2^5,"7,1,0","41,29,0",0,-1,0,0.0,0.0,0.0,0.0,
91,SIPP_BigCS,"7,1,0","41,29,0",0,-1,0,0.0,0.0,0.0,0.0,
91,SIPP_Standard,"7,1,8","41,29,10",0,-1,0,0.00028,0.0,0.0,0.0,
92,SIPP_2^2,"56,37,0","30,29,0",1,442.80040299999996,765,0.65439,98.99495,21.99115,43.9823,3 3 3 3 2 2 3 3 3 2 2 3 3 3 3 3 3 3 3 3 -19.505 3 -3.295 0 3 3 0 0 0 0 0 0 3 0 0 0 3 3 0 3 3 3 0 3
92,SIPP_2^3,"56,37,0","30,29,0",1,368.390947,356,0.62049,35.73257,7.06858,14.13717,0 0 0 0 0 0 0 0 7 7 6 6 6 6 6 6 6 6 6 7 -3.168 6 -0.370 6 5 6 6 6 6 6 6 6 5 6 6 5
92,SIPP_2^4,"56,37,0","30,29,0",1,364.828035,357,1.68992,32.37759,6.38713,12.77425,0 0 0 0 15 0 0 0 14 12 12 12 12 12 12 12 13 12 -6.731 12 -0.370 12 10 12 12 12 12 12 11 12 12 11
92,SIPP_2^5,"56,37,0","30,29,0",1,360.56240699999995,335,4.18237,19.14798,3.82305,7.6461,0 0 0 0 0 0 31 28 24 24 24 24 24 24 25 24 -8.207 24 -0.099 23 24 23 24 24 24 23
92,SIPP_BigCS,"56,37,8","30,29,11",1,363.663325,1445,28.22344,26.90396,5.3206,1.6181,161 6 6 66 -0.148 162 7 7 59 -3.515 349 171 7 7 31
92,SIPP_Standard,"56,37,8","30,29,11",1,392.58496,116,0.96257,15.86747,3.066,0.4798,-6.427 11 -19.054 43 -35.104 77 66
93,SIPP_2^2,"8,20,0","13,32,0",1,290.898533,260,0.20108,63.63961,14.13717,28.27433,-6.002 3 0 0 -31.387 1 1 1 -23.509 2 2 1 2 2 2 1 2 2 2 2 2 2 2 2 1 2
93,SIPP_2^3,"8,20,0","13,32,0",1,210.96705599999999,112,0.16638,26.83349,5.49779,10.99557,-6.002 6 6 -2.408 4 3 -19.522 3 4 4 4 4 -2.615 4 -3.929 3 -1.638 3 3 2 3
93,SIPP_2^4,"8,20,0","13,32,0",1,205.913948,96,0.36468,19.7304,4.24874,8.49748,-6.002 12 12 -1.818 7 -21.894 6 8 8 8 8 -2.615 8 7 5 5
93,SIPP_2^5,"8,20,0","13,32,0",1,205.913948,98,0.91007,18.66359,4.24874,8.49748,-6.002 24 24 -5.905 12 -17.285 15 16 16 16 -3.875 16 14 10 10
93,SIPP_BigCS,"8,20,0","13,32,12",1,236.201081,185,2.392,19.88765,3.9167,0.9913,-6.002 7 67 -2.199 107 100 184 73
93,SIPP_Standard,"8,20,0","13,32,12",1,822.567286,284,3.29066,37.87948,7.0959,1.1426,89 5 105 -23.968 40 62 -17.916 62 86 -1.683 27 106
94,SIPP_2^2,"46,25,0","42,19,0",0,-1,0,0.0,0.0,0.0,0.0,
94,SIPP_2^3,"46,25,0","42,19,0",0,-1,0,0.0,0.0,0.0,0.0,
94,SIPP_2^4,"46,25,0","42,19,0",0,-1,0,0.0,0.0,0.0,0.0,
94,SIPP_2^5,"46,25,0","42,19,0",0,-1,0,0.0,0.0,0.0,0.0,
94,SIPP_BigCS,"46,25,0","42,19,0",0,-1,0,0.0,0.0,0.0,0.0,
94,SIPP_Standard,"46,25,4","42,19,13",0,-1,0,4e-05,0.0,0.0,0.0,
95,SIPP_2^2,"22,25,0","52,20,0",0,-1,0,0.0,0.0,0.0,0.0,
95,SIPP_2^3,"22,25,0","52,20,0",0,-1,0,0.0,0.0,0.0,0.0,
95,SIPP_2^4,"22,25,0","52,20,0",0,-1,0,0.0,0.0,0.0,0.0,
95,SIPP_2^5,"22,25,0","52,20,0",0,-1,0,0.0,0.0,0.0,0.0,
95,SIPP_BigCS,"22,25,0","52,20,0",0,-1,0,0.0,0.0,0.0,0.0,
95,SIPP_Standard,"22,25,4","52,20,0",0,-1,2,0.05222,0.0,0.0,0.0,
96,SIPP_2^2,"7,26,0","21,56,0",0,-1,0,0.0,0.0,0.0,0.0,
96,SIPP_2^3,"7,26,0","21,56,0",0,-1,0,0.0,0.0,0.0,0.0,
96,SIPP_2^4,"7,26,0","21,56,0",0,-1,0,0.0,0.0,0.0,0.0,
96,SIPP_2^5,"7,26,0","21,56,0",0,-1,0,0.0,0.0,0.0,0.0,
96,SIPP_BigCS,"7,26,0","21,56,0",0,-1,0,0.0,0.0,0.0,0.0,
96,SIPP_Standard,"7,26,3","21,56,15",0,-1,0,4e-05,0.0,0.0,0.0,
97,SIPP_2^2,"15,3,0","51,60,0",1,959.03214,3727,2.82216,176.7767,39.26991,78.53982,2 2 2 -9.166 2 -1.248 2 1 1 1 1 1 1 1 2 2 2 2 2 2 2 2 2 1 1 1 2 -8.073 2 1 1 1 2 2 1 2 2 2 2 1 2 2 1 1 1 1 1 1 1 1 2 2 1 2 1 1 1 1 1 1 2 2 2 2 2 2 2 2 2 1 2 2 2 1 2 2 -6.626 1 -3.920 2 2 2 2 2 2 2 2 2 2 2 2 2 2 2 1 1 2 1
97,SIPP_2^3,"15,3,0","51,60,0",1,888.0624160000001,3793,5.16892,138.12922,27.48894,54.97787,4 4 4 -9.166 4 -4.786 3 2 2 2 2 2 3 3 2 3 3 3 3 3 3 4 3 4 -0.743 4 -0.151 2 -0.060 4 -0.420 4 3 3 3 4 4 3 3 -5.107 2 -4.576 3 3 3 4 3 3 3 4 -1.447 3 2 2 3 2 2 2 3 3 -11.358 3 4 4 4 4 4 4 5 4 4 4 4 4 3 4 4 5 5 4 4 -1.841 7
97,SIPP_2^4,"15,3,0","51,60,0",1,887.375136,4358,15.78176,89.04183,17.09891,34.19781,9 8 8 -1.892 5 4 4 4 4 4 6 5 6 6 6 6 6 5 5 6 6 6 6 6 3 5 5 5 5 6 6 7 7 7 7 7 10 10 -0.289 5 8 8 8 9 8 9 8 8 8 8 8 8 8 8 8 8 9 8 -8.210 12 0
97,SIPP_2^5,"15,3,0","51,60,0",1,857.022654,3510,34.08207,69.36901,13.28291,26.56583,17 16 -2.630 10 8 8 8 8 9 11 12 12 11 12 12 12 12 12 12 12 6 10 10 10 11 12 14 14 14 14 14 20 20 12 8 -0.304 16 16 16 16 17 17 16 16 16 16 16 16 16 17 -0.354 24
97,SIPP_BigCS,"15,3,14","51,60,13",0,-1,4091,180.07324,0.0,0.0,0.0,
97,SIPP_Standard,"15,3,14","51,60,13",1,932.9946719999999,4709,78.21898,20.17624,3.7371,0.4556,-54.112 28 -39.879 48 -22.422 87 0 -13.185 4 -1.523 88 -35.550 8 48 -26.325 63
98,SIPP_2^2,"54,56,0","52,42,0",1,287.983083,243,0.20233,7.07107,4.71239,9.42478,2 2 2 2 -47.983 0 0 0 0 0 0 0 0 0 0 0 0 0 0 0 0 0 0 3 3
98,SIPP_2^3,"54,56,0","52,42,0",1,276.273327,264,0.2879,15.66785,6.28319,12.56637,4 4 3 -51.852 7 -1.148 0 0 0 0 0 0 0 0 0 0 0 0 0 0 0 7 -0.846 6
98,SIPP_2^4,"54,56,0","52,42,0",1,276.273327,281,0.85265,32.63516,6.56698,13.13396,8 8 8 8 10 -4.167 14 -1.578 0 1 0 1 0 0 0 0 0 0 0 0 0 0 0 -1.269 14 -2.111 12
98,SIPP_2^5,"54,56,0","52,42,0",1,276.273327,289,2.33947,26.34358,5.35589,10.71178,16 16 16 16 20 -4.167 28 -1.578 0 1 1 0 0 0 0 0 0 0 0 0 0 -2.745 28 -2.111 24
98,SIPP_BigCS,"54,56,3","52,42,5",1,280.851905,653,4.26624,17.53701,3.461,1.0236,204 252 101 161 -27.569 66 162 7 -1.283 7 67
98,SIPP_Standard,"54,56,3","52,42,5",1,1158.9910380000001,1078,7.43467,48.2067,9.2044,1.4646,13 -93.870 108 38 23 -5.770 30 50 -35.713 109 35 -14.234 72 -7.404 103 89 1
99,SIPP_2^2,"41,13,0","29,41,0",1,615.7480519999999,2471,2.23653,98.99495,21.99115,43.9823,2 2 2 3 -52.100 2 -1.890 2 3 3 -60.384 3 2 2 2 2 2 -0.222 2 3 2 2 2 3 3 2 2 2 3 3 2 2 3 2 2 2 -100.670 2 -0.060 2 -0.420 2 3 3 2 2 2
99,SIPP_2^3,"41,13,0","29,41,0",1,353.92297299999996,255,0.39977,24.07794,4.71239,9.42478,6 6 5 5 5 5 5 5 -5.343 5 4 4 4 4 4 4 4 4 4 4 4 4 4 4 4 4 4 5 4 4 -1.300 5 6
99,SIPP_2^4,"41,13,0","29,41,0",1,353.88219999999995,320,1.5307,17.25023,3.46334,6.92669,10 10 11 11 11 10 -2.759 8 9 8 8 8 8 8 8 8 8 8 8 8 8 8 8 8 8 8 8 -6.894 11
99,SIPP_2^5,"41,13,0","29,41,0",1,351.851905,388,6.59233,36.42024,7.53223,15.06446,17 18 18 16 16 16 20 20 18 17 17 16 16 17 -4.259 16 -1.151 16 -4.559 24 -7.309 16 -2.716 24 24
99,SIPP_BigCS,"41,13,9","29,41,3",1,351.925003,1107,128.50902,26.70927,5.223,1.4695,206 310 48 331 28 344 -3.925 171
99,SIPP_Standard,"41,13,9","29,41,3",1,494.91636199999994,316,4.46825,12.11099,2.2203,0.3521,28 40 -63.617 78 59 -11.299 67
100,SIPP_2^2,"32,35,0","34,22,0",1,167.13896300000002,76,0.1099,7.07107,1.5708,3.14159,0 0 0 0 0 0 0 0 -0.615 0 -16.460 0 -0.032 0 -0.033 0 0 1 1
100,SIPP_2^3,"32,35,0","34,22,0",1,162.453194,89,0.0959,30.38145,6.28319,12.56637,0 0 0 0 0 0 0 0 7 -2.899 0 -0.034 0 -0.032 2 -0.033 0 -1.172 1 2
100,SIPP_2^4,"32,35,0","34,22,0",1,160.972296,91,0.49232,12.57007,2.49809,4.99618,0 0 0 0 0 0 0 15 -4.681 0 -0.034 0 -0.032 0 -1.505 3 4
100,SIPP_2^5,"32,35,0","34,22,0",1,160.972296,93,2.7935,11.13312,2.2143,4.42859,0 0 0 0 0 0 31 -5.419 0 -0.034 0 -0.032 0 -1.505 6 8
100,SIPP_BigCS,"32,35,15","34,22,6",1,160.92620900000003,290,99.65947,12.63317,2.4997,0.6304,30 -2.571 378 -4.356 332
100,SIPP_Standard,"32,35,15","34,22,6",1,746.632899,6788,40.40439,28.65768,5.5519,0.8844,30 46 -39.548 22 -37.476 53 105 -55.125 40 -36.484 86
101,SIPP_2^2,"3,49,0","40,62,0",1,559.11169,896,0.64524,98.99495,21.99115,43.9823,1 1 1 1 2 -6.023 2 2 1 1 1 1 1 1 2 2 1 1 1 1 1 2 2 -10.359 1 1 1 1 1 1 1 0 1 1 2 2 2 1 2 -22.730 2 2 1 1 1 1 1 1 1 1 1 1 1 2 1
101,SIPP_2^3,"3,49,0","40,62,0",1,449.07670999999993,405,0.60071,86.12555,17.27876,34.55752,2 2 3 3 3 3 2 3 2 2 2 3 2 2 2 3 2 3 2 2 2 2 2 1 2 3 2 2 3 3 -5.266 3 2 2 2 -5.821 3 2 4 2
101,SIPP_2^4,"3,49,0","40,62,0",1,447.04243699999995,433,1.79749,38.56247,7.67413,15.34826,5 4 6 6 6 5 5 5 5 4 4 4 4 4 4 4 3 4 4 4 4 4 4 4 5 5 5 -13.333 8 -0.012 8 -0.012 4 -0.012 8
101,SIPP_2^5,"3,49,0","40,62,0",1,447.04243699999995,438,4.67224,24.9265,5.03414,10.06828,9 12 12 12 10 9 9 9 -1.824 8 -0.855 7 8 8 8 8 8 8 9 9 9 -16.557 16 -0.012 16 -0.012 16 -0.012 8
101,SIPP_BigCS,"3,49,11","40,62,12",1,447.04243699999995,1713,24.1107,25.80942,5.0271,1.2765,73 100 100 100 160 85 207 343 361 5 5 5 5 -6.931 37 -0.111 4
101,SIPP_Standard,"3,49,11","40,62,12",1,579.00001,295,1.61024,27.04574,5.2307,0.7608,110 48 111 -85.000 45 21 36
102,SIPP_2^2,"11,31,0","40,33,0",1,350.03054099999997,143,0.12839,35.35534,7.85398,15.70796,-0.005 2 -0.012 2 -0.014 1 1 1 1 1 2 2 1 1 1 1 1 1 1 1 1 1 1 1 1 1 1 1 1 1 1 1 1 1 1 0 0 1
102,SIPP_2^3,"11,31,0","40,33,0",1,329.03626599999996,128,0.23618,42.85433,8.63938,17.27876,-0.005 4 -0.037 2 3 2 3 3 3 2 2 2 2 2 2 2 2 2 2 2 2 1 2 2 2 2 2 1 2 2 2 1
102,SIPP_2^4,"11,31,0","40,33,0",1,321.254841,100,0.53866,26.51038,5.45983,10.91966,-0.005 8 -0.037 4 6 6 5 -1.126 5 4 4 4 4 4 4 4 4 4 4 4 4 4 3 4 3 4 4 3
102,SIPP_2^5,"11,31,0","40,33,0",1,318.92203099999995,90,1.47765,20.07598,4.10684,8.21369,-0.005 16 9 12 12 12 8 7 8 8 8 8 8 8 8 8 8 8 7 8 8 8 7
102,SIPP_BigCS,"11,31,4","40,33,3",1,320.99397,155,8.90828,9.20299,1.7626,0.2026,-7.994 100 100 128 5 5 5 5 5 29 201 361
102,SIPP_Standard,"11,31,4","40,33,3",1,346.047019,43,4.6862,13.15547,2.5485,0.3027,-22.047 48 95 9 45
103,SIPP_2^2,"6,46,0","42,15,0",1,699.578097,2048,1.64901,91.92388,20.42035,40.8407,0 0 0 0 0 0 1 1 0 1 1 1 1 1 0 1 0 1 1 1 1 1 1 1 1 1 1 1 1 0 0 1 1 1 1 1 1 1 1 1 1 1 1 1 -5.743 1 0 0 1 1 -2.823 1 -1.012 0 0 0 0 0 0 0 0 0 0 0 0 0 0 0 0 0 0 3
103,SIPP_2^3,"6,46,0","42,15,0",1,546.9848559999998,744,1.12412,63.13771,12.56637,25.13274,0 1 1 0 0 1 1 1 1 1 1 2 2 2 2 2 1 1 2 2 2 2 1 1 2 1 2 2 1 1 2 2 2 1 0 0 0 1 1 1 1 1 0 0 0 0
103,SIPP_2^4,"6,46,0","42,15,0",1,531.765978,678,2.9205,33.84507,6.74683,13.49367,1 2 1 1 2 2 2 -1.373 2 4 4 4 3 4 4 4 4 3 3 3 3 4 3 3 -5.404 2 0 0 0 2 2 1 1 1 -1.163 0
103,SIPP_2^5,"6,46,0","42,15,0",1,531.765978,704,8.73847,20.76126,4.10266,8.20532,2 3 3 2 7 7 7 7 7 8 8 8 8 8 7 -1.550 3 -0.238 0 0 1 3 3 -3.619 0
103,SIPP_BigCS,"6,46,11","42,15,9",1,531.687747,3343,168.78893,27.53774,5.2784,1.0587,204 204 204 204 324 305 81 305 5 -3.286 9 74 -0.402 113
103,SIPP_Standard,"6,46,11","42,15,9",1,558.128159,342,12.77614,15.59323,2.8544,0.3138,-26.530 53 -32.598 65 45 13 60 68
104,SIPP_2^2,"45,33,0","29,63,0",0,-1,0,0.0,0.0,0.0,0.0,
104,SIPP_2^3,"45,33,0","29,63,0",0,-1,0,0.0,0.0,0.0,0.0,
104,SIPP_2^4,"45,33,0","29,63,0",0,-1,0,0.0,0.0,0.0,0.0,
104,SIPP_2^5,"45,33,0","29,63,0",0,-1,0,0.0,0.0,0.0,0.0,
104,SIPP_BigCS,"45,33,0","29,63,0",0,-1,0,0.0,0.0,0.0,0.0,
104,SIPP_Standard,"45,33,15","29,63,4",0,-1,21402,180.03624,0.0,0.0,0.0,
105,SIPP_2^2,"52,57,0","26,62,0",1,470.0,486,0.34275,84.85281,18.84956,37.69911,2 2 1 1 2 2 3 3 3 3 3 3 3 3 3 3 3 0 0 0 0 0 0 3 3 3 3 3 3 3 3 3 3 3 3 2 2 3 2 3 3 3 2 2 2 3 2
105,SIPP_2^3,"52,57,0","26,62,0",1,447.39596199999994,621,0.90151,49.43828,9.42478,18.84956,3 4 4 4 5 6 6 6 6 6 6 6 6 6 6 7 7 7 6 6 6 6 6 5 5 7 7 6 6 -81.832 4 5 5
105,SIPP_2^4,"52,57,0","26,62,0",1,353.2455279999999,183,0.6287,41.19506,8.27967,16.55935,8 8 7 10 12 13 13 12 12 12 12 12 12 12 12 12 12 13 -1.934 12 -0.488 11 10 14 -0.025 14 10 10 10
105,SIPP_2^5,"52,57,0","26,62,0",1,353.2455279999999,186,1.56405,36.94141,7.0335,14.067,16 15 20 24 25 25 24 24 24 24 24 24 24 25 -4.886 24 -0.069 21 28 -0.891 28 20 20 20
105,SIPP_BigCS,"52,57,11","26,62,6",1,470.0,1246,13.99474,42.72221,8.3355,2.6719,173 335 76 339 205 205 205 205 205 301 103 171 71 326
105,SIPP_Standard,"52,57,11","26,62,6",1,1156.494931,1709,12.83727,46.48517,8.9497,1.3248,65 37 -5.937 14 109 31 55 107 50 109 35 -138.804 64 -18.753 36
106,SIPP_2^2,"2,18,0","7,6,0",0,-1,0,0.0,0.0,0.0,0.0,
106,SIPP_2^3,"2,18,0","7,6,0",0,-1,0,0.0,0.0,0.0,0.0,
106,SIPP_2^4,"2,18,0","7,6,0",0,-1,0,0.0,0.0,0.0,0.0,
106,SIPP_2^5,"2,18,0","7,6,0",0,-1,0,0.0,0.0,0.0,0.0,
106,SIPP_BigCS,"2,18,0","7,6,0",0,-1,0,0.0,0.0,0.0,0.0,
106,SIPP_Standard,"2,18,2","7,6,4",0,-1,0,3e-05,0.0,0.0,0.0,
107,SIPP_2^2,"43,51,0","57,58,0",1,210.0,89,0.07358,28.28427,6.28319,12.56637,1 2 2 1 2 2 2 2 2 1 1 1 1 1 1 1 1 1 1 1 1
107,SIPP_2^3,"43,51,0","57,58,0",1,168.99495199999998,40,0.05656,16.17108,3.14159,6.28319,3 3 3 3 3 2 2 2 2 2 3 2 2 3
107,SIPP_2^4,"43,51,0","57,58,0",1,165.43204,32,0.12613,11.06365,2.17634,4.35268,6 6 6 6 6 4 4 4 5 4 4 5
107,SIPP_2^5,"43,51,0","57,58,0",1,163.956234,28,0.2822,5.56125,1.10715,2.2143,12 12 12 12 12 9 8 8 8 9
107,SIPP_BigCS,"43,51,5","57,58,9",1,163.0,39,0.82234,6.33446,1.2453,0.2901,100 100 100 100 160 85
107,SIPP_Standard,"43,51,5","57,58,9",1,227.526737,50,0.27358,6.50651,1.2474,0.2127,-53.527 105 28
108,SIPP_2^2,"38,11,0","54,25,0",1,372.50496999999996,665,0.50376,35.35534,10.99557,21.99115,1 1 1 1 1 1 1 1 1 1 1 1 1 1 1 -52.505 3 2 2 2 2 2 2 2 2 2 2 2 2 1 2 1 2
108,SIPP_2^3,"38,11,0","54,25,0",1,217.98990399999994,52,0.08198,16.12619,3.14159,6.28319,3 3 3 3 3 3 3 3 2 3 3 2 3 3 3 3
108,SIPP_2^4,"38,11,0","54,25,0",1,214.42699199999996,38,0.1575,6.44575,1.287,2.574,6 6 6 6 6 6 6 5 6 6 5 6 6 6
108,SIPP_2^5,"38,11,0","54,25,0",1,213.53238599999995,33,0.35808,2.96592,0.59219,1.18437,12 12 12 12 12 12 12 12 11 12 12 11
108,SIPP_BigCS,"38,11,1","54,25,7",1,212.0,12,0.44418,3.49395,0.6634,0.0518,100 100 100 100 100 100 124 255
108,SIPP_Standard,"38,11,1","54,25,7",1,250.0,73,0.46894,12.04038,2.3538,0.3618,17 79 96
109,SIPP_2^2,"43,55,0","6,26,0",1,660.0,1539,1.40738,148.49242,32.98672,65.97345,0 0 3 3 3 3 3 3 3 3 3 0 3 3 3 3 0 0 3 0 3 3 0 0 0 0 0 0 3 3 0 0 3 3 0 0 3 3 3 3 3 3 0 0 0 0 0 0 0 0 0 0 3 3 3 3 3 0 3 3 3 3 0 3 0 3
109,SIPP_2^3,"43,55,0","6,26,0",1,504.61139199999985,247,0.45427,43.36065,8.63938,17.27876,6 -2.100 6 -0.632 7 6 6 6 -0.041 6 7 6 7 6 7 7 7 7 7 7 0 0 7 7 7 7 7 7 7 7 7 7 7 7 7 7 7 7 7 6 6 7
109,SIPP_2^4,"43,55,0","6,26,0",1,496.52267099999995,222,1.08131,21.1005,4.24874,8.49748,12 -2.100 12 -0.632 14 12 12 12 13 13 -0.346 13 13 14 14 15 0 15 14 14 14 14 14 14 14 14 14 14 14 14 14 14 14 13 13
109,SIPP_2^5,"43,55,0","6,26,0",1,494.8901619999999,221,2.8735,13.42926,2.67795,5.35589,24 -4.360 25 -0.648 24 -0.201 24 26 26 -0.389 26 27 29 31 28 28 28 28 28 28 28 28 28 28 28 28 28 28 28 26 26
109,SIPP_BigCS,"43,55,1","6,26,2",1,499.893659,834,21.77852,12.27967,2.2748,0.2658,-12.419 205 -0.095 309 95 154 202 -3.379 250 102 102 102 102 102 102 102 178 205
109,SIPP_Standard,"43,55,1","6,26,2",1,591.098904,413,3.36645,19.46937,3.6387,0.4705,-9.991 38 -42.165 27 66 -32.057 50 -1.934 61 -4.952 85
110,SIPP_2^2,"11,28,0","22,55,0",0,-1,0,0.0,0.0,0.0,0.0,
110,SIPP_2^3,"11,28,0","22,55,0",0,-1,0,0.0,0.0,0.0,0.0,
110,SIPP_2^4,"11,28,0","22,55,0",0,-1,0,0.0,0.0,0.0,0.0,
110,SIPP_2^5,"11,28,0","22,55,0",0,-1,0,0.0,0.0,0.0,0.0,
110,SIPP_BigCS,"11,28,0","22,55,0",0,-1,0,0.0,0.0,0.0,0.0,
110,SIPP_Standard,"11,28,14","22,55,9",0,-1,0,0.00039,0.0,0.0,0.0,
111,SIPP_2^2,"4,43,0","2,12,0",1,490.620565,632,0.47618,84.85281,21.99115,43.9823,0 0 0 1 1 0 0 0 0 0 1 1 0 1 -11.520 3 -4.317 0 0 0 0 0 0 0 0 -1.300 0 0 3 3 3 0 0 0 0 0 0 3 -31.870 3 -0.022 0 -0.094 3 -11.498 0 0 0 0 0
111,SIPP_2^3,"4,43,0","2,12,0",1,398.2001689999999,307,0.48438,47.68688,9.42478,18.84956,1 1 -5.357 1 1 1 1 1 1 1 0 0 7 7 0 7 0 7 0 0 7 7 7 7 0 7 7 0 0 0 0 7
111,SIPP_2^4,"4,43,0","2,12,0",1,377.123255,200,0.81313,22.37116,4.46655,8.9331,1 -1.582 3 2 2 1 1 2 1 15 15 15 14 15 15 15 14 15 15 14
111,SIPP_2^5,"4,43,0","2,12,0",1,373.901391,176,1.79545,14.7605,2.99551,5.99102,5 1 4 3 3 30 30 29 30 29 30 30 29
111,SIPP_BigCS,"4,43,2","2,12,4",1,373.20360600000004,433,6.11391,13.72178,2.5377,0.5084,-3.204 353 101 121 202 202 202 202 202 202 202 202 322
111,SIPP_Standard,"4,43,2","2,12,4",1,422.040311,91,0.60331,11.99265,2.2943,0.198,-2.668 65 -0.626 37 6 -13.746 66 50
112,SIPP_2^2,"31,48,0","10,6,0",1,650.990737,1482,1.38514,197.9899,43.9823,87.96459,0 3 3 3 0 0 0 0 0 3 0 -0.991 0 1 0 3 3 0 0 3 0 0 0 0 0 3 0 3 0 0 0 0 3 0 0 0 0 0 0 3 3 0 0 3 0 3 3 0 3 3 3 3 0 0 0 0 0 0 0 0 0 3 3 0 3 0
112,SIPP_2^3,"31,48,0","10,6,0",1,523.658917,424,0.81497,55.75653,10.99557,21.99115,7 6 7 7 7 0 0 0 -2.532 0 1 0 0 0 0 0 0 0 0 0 0 0 7 7 0 7 7 7 7 7 7 7 0 0 7 7 7 7 0 7 7 7 0 7
112,SIPP_2^4,"31,48,0","10,6,0",1,498.61301599999996,216,1.22212,14.18129,2.81984,5.63969,1 1 0 0 15 15 15 15 15 15 15 15 15 15 0 14 14 14 15 15 14 14 14 14 14 14 14 14
112,SIPP_2^5,"31,48,0","10,6,0",1,495.50470099999995,198,3.24086,12.93469,2.60622,5.21243,2 1 30 30 30 30 30 30 30 31 30 31 28 28 28 28 28 28 28 29 28 29 28
112,SIPP_BigCS,"31,48,13","10,6,10",1,494.0,299,12.49885,11.42031,1.9189,0.4025,204 204 340 202 202 202 202 202 202 202 202 202 250 102 102 154 250
112,SIPP_Standard,"31,48,13","10,6,10",1,501.0,11,0.62755,11.08363,1.8902,0.2936,33 58 58 66 30 54
113,SIPP_2^2,"46,26,0","0,31,0",0,-1,0,0.0,0.0,0.0,0.0,
113,SIPP_2^3,"46,26,0","0,31,0",0,-1,0,0.0,0.0,0.0,0.0,
113,SIPP_2^4,"46,26,0","0,31,0",0,-1,0,0.0,0.0,0.0,0.0,
113,SIPP_2^5,"46,26,0","0,31,0",0,-1,0,0.0,0.0,0.0,0.0,
113,SIPP_BigCS,"46,26,0","0,31,0",0,-1,0,0.0,0.0,0.0,0.0,
113,SIPP_Standard,"46,26,12","0,31,0",0,-1,0,5e-05,0.0,0.0,0.0,
114,SIPP_2^2,"61,52,0","51,22,0",1,465.826059,586,0.46195,113.13708,25.13274,50.26548,0 0 0 0 0 0 0 3 3 0 3 0 3 0 0 0 3 3 3 3 3 3 0 0 0 3 0 0 0 0 0 3 3 0 0 0 0 -5.826 0 0 0 0 1 1 0 1 0
114,SIPP_2^3,"61,52,0","51,22,0",1,410.37875599999995,519,0.79786,50.48881,10.21018,20.42035,0 0 0 0 0 7 0 0 0 7 0 7 0 0 0 7 7 7 7 7 7 7 7 7 7 7 0 7 1 1 -1.678 1 2 3
114,SIPP_2^4,"61,52,0","51,22,0",1,408.439553,536,2.24536,34.76574,6.85077,13.70155,15 0 0 15 0 15 0 0 15 0 0 0 15 14 14 14 14 14 14 14 14 14 14 -1.695 1 -6.437 3 5
114,SIPP_2^5,"61,52,0","51,22,0",1,407.535484,548,5.9696,22.9256,4.57049,9.14098,31 0 0 0 31 31 31 0 30 28 28 28 28 28 28 28 28 28 28 -4.564 0 -4.282 5 10
114,SIPP_BigCS,"61,52,3","51,22,11",1,415.35696899999994,3280,60.27851,24.31721,4.7632,1.3213,6 30 306 66 -1.535 102 102 126 205 -4.304 325 346 -0.518 169 5 5
114,SIPP_Standard,"61,52,3","51,22,11",1,652.31449,1081,8.64991,16.69689,3.2025,0.4491,-169.847 77 74 -68.467 77 106 29
115,SIPP_2^2,"33,42,0","24,6,0",1,485.03213999999997,429,0.46071,42.42641,9.42478,18.84956,0 3 3 3 -22.520 0 0 0 0 0 0 0 0 0 0 0 0 0 0 3 3 3 3 3 0 0 0 0 0 0 0 0 0 0 0 0 0 0 0 3 -12.512 0 0 0 0 0 0
115,SIPP_2^3,"33,42,0","24,6,0",1,459.1986379999999,577,1.04216,60.24632,11.78097,23.56195,0 1 1 -0.498 0 0 0 0 7 7 7 7 0 0 0 0 7 0 7 0 0 1 1 1 0 0 0 7 7 7 7 7 0 0 0 0 7 7 5
115,SIPP_2^4,"33,42,0","24,6,0",1,402.71772899999996,165,0.84127,20.49368,4.06889,8.13778,1 2 -2.280 0 0 0 15 0 0 0 15 15 15 15 0 0 0 0 0 0 -4.405 0 15 15 15 14 14 15
115,SIPP_2^5,"33,42,0","24,6,0",1,391.96219099999996,111,2.22554,13.99217,2.8023,5.6046,3 -2.727 0 0 0 31 31 31 31 31 31 0 31 29 28 31 0
115,SIPP_BigCS,"33,42,12","24,6,1",1,401.51452099999995,482,83.86188,19.74623,3.7403,1.1464,101 -1.726 161 6 6 82 202 202 202 202 338 -0.788 348 182 202
115,SIPP_Standard,"33,42,12","24,6,1",1,477.526564,259,4.10804,14.95675,2.7359,0.4213,-58.941 10 54 -5.585 66 42 60
116,SIPP_2^2,"52,55,0","42,57,0",0,-1,0,0.0,0.0,0.0,0.0,
116,SIPP_2^3,"52,55,0","42,57,0",0,-1,0,0.0,0.0,0.0,0.0,
116,SIPP_2^4,"52,55,0","42,57,0",0,-1,0,0.0,0.0,0.0,0.0,
116,SIPP_2^5,"52,55,0","42,57,0",0,-1,0,0.0,0.0,0.0,0.0,
116,SIPP_BigCS,"52,55,0","42,57,0",0,-1,0,0.0,0.0,0.0,0.0,
116,SIPP_Standard,"52,55,15","42,57,13",0,-1,38,0.09505,0.0,0.0,0.0,
117,SIPP_2^2,"41,62,0","7,20,0",1,760.0,2154,1.6804,176.7767,39.26991,78.53982,3 3 3 3 3 3 3 3 3 3 3 3 3 3 0 0 0 0 0 0 0 3 3 3 3 3 0 0 3 0 0 0 0 0 3 3 0 0 0 3 0 3 0 0 0 0 0 0 0 3 0 3 0 3 0 0 0 0 3 0 3 0 3 3 3 0 0 0 0 0 0 0 0 3 3 0
117,SIPP_2^3,"41,62,0","7,20,0",1,637.279802,1117,1.59847,71.79398,14.13717,28.27433,7 6 6 6 7 7 0 0 0 7 7 7 7 7 7 7 0 0 0 7 7 0 7 7 7 7 7 7 7 7 7 7 7 0 7 -21.300 5 6 7 0 0 0 0 0 0 0 0 7 6 6 7
117,SIPP_2^4,"41,62,0","7,20,0",1,627.454873,1075,4.22602,43.92666,11.63908,23.27815,15 15 0 15 14 14 14 13 13 13 14 14 15 0 15 14 14 14 14 14 14 14 14 14 14 -7.834 0 -21.891 8 -1.170 12 13 -0.175 14 0 0 0 0 0 0 15 14 13
117,SIPP_2^5,"41,62,0","7,20,0",1,556.2076249999999,253,2.5479,17.81287,3.55811,7.11622,30 31 30 28 27 27 27 30 30 28 28 29 28 28 28 28 28 28 28 28 31 31 27 29
117,SIPP_BigCS,"41,62,2","7,20,4",0,-1,6048,180.72802,0.0,0.0,0.0,
117,SIPP_Standard,"41,62,2","7,20,4",1,659.544899,1168,13.3666,18.45149,3.3171,0.4502,-19.408 61 -11.183 61 -20.721 85 14 69 -11.233 46 2
118,SIPP_2^2,"30,30,0","26,63,0",0,-1,0,0.0,0.0,0.0,0.0,
118,SIPP_2^3,"30,30,0","26,63,0",0,-1,0,0.0,0.0,0.0,0.0,
118,SIPP_2^4,"30,30,0","26,63,0",0,-1,0,0.0,0.0,0.0,0.0,
118,SIPP_2^5,"30,30,0","26,63,0",0,-1,0,0.0,0.0,0.0,0.0,
118,SIPP_BigCS,"30,30,0","26,63,0",0,-1,0,0.0,0.0,0.0,0.0,
118,SIPP_Standard,"30,30,7","26,63,11",0,-1,26801,180.00225,0.0,0.0,0.0,
119,SIPP_2^2,"20,10,0","21,46,0",0,-1,0,0.0,0.0,0.0,0.0,
119,SIPP_2^3,"20,10,0","21,46,0",0,-1,0,0.0,0.0,0.0,0.0,
119,SIPP_2^4,"20,10,0","21,46,0",0,-1,0,0.0,0.0,0.0,0.0,
119,SIPP_2^5,"20,10,0","21,46,0",0,-1,0,0.0,0.0,0.0,0.0,
119,SIPP_BigCS,"20,10,0","21,46,0",0,-1,0,0.0,0.0,0.0,0.0,
119,SIPP_Standard,"20,10,13","21,46,9",0,-1,0,5e-05,0.0,0.0,0.0,
120,SIPP_2^2,"28,44,0","22,26,0",1,330.99073699999997,276,0.26711,113.13708,25.13274,50.26548,2 2 3 0 0 0 0 3 0 -9.100 0 -1.890 1 1 0 0 0 0 0 3 0 0 3 3 0 0 3 0 3 0 0 0 3 0
120,SIPP_2^3,"28,44,0","22,26,0",1,273.953285,122,0.23449,33.12513,7.06858,14.13717,4 4 7 7 0 0 -8.155 0 -12.661 0 1 0 0 0 0 7 7 0 0 0 0 7 7 7
120,SIPP_2^4,"28,44,0","22,26,0",1,268.608917,110,0.58572,28.26987,5.78158,11.56316,8 10 15 0 0 -9.937 0 -12.661 0 1 15 0 0 0 0 0 15 14 14 14
120,SIPP_2^5,"28,44,0","22,26,0",1,261.154252,110,1.53997,36.68773,7.39033,14.78067,16 20 31 31 -0.224 0 8 4 0 0 0 31 31 -1.433 30 26
120,SIPP_BigCS,"28,44,13","22,26,2",1,309.0,206,3.9401,26.37312,5.1599,1.5091,76 339 333 74 101 185 82 202
120,SIPP_Standard,"28,44,13","22,26,2",1,906.897215,2993,22.59026,33.19809,6.3473,0.9275,16 70 -56.969 47 23 42 -30.859 76 -30.236 81 22 -37.832 29
121,SIPP_2^2,"18,12,0","22,51,0",1,515.7480519999999,551,0.49536,106.06602,23.56194,47.12389,2 -5.418 2 2 2 2 2 2 2 2 1 1 2 2 2 2 3 2 2 2 2 3 2 -19.164 1 -0.534 2 -0.151 2 -0.060 2 -0.420 1 1 2 2 2 3 2 2 2 2 2 2 2 2 2 2 2 2 2 1 2 2 1
121,SIPP_2^3,"18,12,0","22,51,0",1,462.06047499999994,482,0.85397,60.3317,11.78097,23.56194,4 -5.264 3 4 4 4 4 4 4 4 3 5 4 4 4 -5.375 4 4 4 4 4 4 3 3 4 4 4 4 4 4 4 4 4 4 4 3 3 4 3 4 4 5 7
121,SIPP_2^4,"18,12,0","22,51,0",1,416.44683299999997,209,1.09101,38.64765,7.59822,15.19643,9 8 8 8 8 8 7 -0.517 7 8 8 9 7 8 8 8 8 7 7 10 -0.542 8 8 8 8 8 8 8 7 8 7 8
121,SIPP_2^5,"18,12,0","22,51,0",1,414.97102699999994,204,2.88195,27.62604,5.4318,10.86361,17 16 16 16 15 15 17 15 15 16 15 -0.574 20 -5.650 16 16 15 16 16 16 16 16 15
121,SIPP_BigCS,"18,12,1","22,51,8",1,415.14089399999995,600,14.06654,28.26427,5.458,1.3991,163 28 376 342 200 200 200 336 -2.141 382 360 4
121,SIPP_Standard,"18,12,1","22,51,8",1,620.517537,539,7.64521,21.2006,4.0672,0.4511,-25.817 95 -21.090 21 44 16 70 -1.610 51 78
122,SIPP_2^2,"9,9,0","41,23,0",1,580.455872,1822,1.28111,84.85281,18.84956,37.69911,1 1 1 1 1 1 1 1 1 1 1 0 1 1 1 1 1 1 1 1 1 1 1 1 1 1 1 1 1 1 2 2 2 1 1 1 1 1 2 1 2 2 1 2 2 2 2 2 2 1 2 2 2 -0.456 3 3 3 3 3
122,SIPP_2^3,"9,9,0","41,23,0",1,386.2741759999999,264,0.36433,62.97841,12.56637,25.13274,3 3 3 3 2 2 3 2 2 2 2 2 2 2 2 3 2 2 2 3 2 3 2 3 3 2 3 3 3 1 3 3
122,SIPP_2^4,"9,9,0","41,23,0",1,366.67815999999993,190,0.72542,27.31921,5.31793,10.63587,5 5 5 5 5 5 4 4 5 4 4 4 5 5 5 5 6 6 6 2 6
122,SIPP_2^5,"9,9,0","41,23,0",1,362.541342,192,1.84446,20.22616,4.03093,8.06186,10 9 10 10 9 9 9 9 10 10 11 12 12 4 12
122,SIPP_BigCS,"9,9,14","41,23,15",1,463.55054899999993,6352,110.7746,24.53106,4.7036,1.3527,157 77 -8.680 200 -0.186 200 200 -13.814 200 -12.196 320 -9.195 207 207 383 -1.479 345 100 100 100
122,SIPP_Standard,"9,9,14","41,23,15",1,618.342054,3039,61.31302,32.96468,6.3972,1.1154,9 41 87 -11.973 0 8 32 -20.369 81
123,SIPP_2^2,"18,40,0","28,29,0",1,261.065523,168,0.16676,98.99495,21.99115,43.9823,3 3 0 1 0 -6.253 1 1 1 -4.813 0 0 0 1 1 0 1 1 0 1 1 0 1 0 0 0 1
123,SIPP_2^3,"18,40,0","28,29,0",1,221.50429499999998,102,0.17931,33.27387,7.06858,14.13717,6 7 2 2 -15.322 1 -0.243 2 -7.216 0 1 1 1 -1.494 1 -5.808 1 1 1 1
123,SIPP_2^4,"18,40,0","28,29,0",1,218.31255899999996,94,0.43786,37.13706,7.71208,15.42417,12 14 4 -15.930 3 -1.416 4 -7.216 0 2 2 2 -1.815 3 2 1 2
123,SIPP_2^5,"18,40,0","28,29,0",1,217.07620999999997,86,0.99888,22.51315,4.91397,9.82794,24 28 8 8 -26.413 3 5 -2.299 5 3
123,SIPP_BigCS,"18,40,8","28,29,9",1,315.0,670,14.83791,34.00851,6.7298,2.208,206 350 164 329 94 161 6 74 161
123,SIPP_Standard,"18,40,8","28,29,9",1,905.4303709999999,368,9.66368,29.01776,5.622,0.8995,20 -13.228 35 72 -121.502 111 -26.083 37 2 -84.618 2 10
124,SIPP_2^2,"22,5,0","11,28,0",1,381.26714899999996,495,0.3877,70.71068,15.70796,31.41593,2 3 2 -5.103 2 2 2 2 2 2 2 2 2 -18.862 3 -0.093 3 2 3 3 3 3 2 2 2 3 3 2 2 2 2 2 3 -4.484 3 -12.041 2 -0.534 2 -0.151 2
124,SIPP_2^3,"22,5,0","11,28,0",1,307.90811399999996,172,0.2652,45.32382,8.63938,17.27876,5 4 5 4 5 5 5 5 5 5 7 6 -6.487 4 4 4 4 4 4 4 5 4 4 4 4 4 4
124,SIPP_2^4,"22,5,0","11,28,0",1,302.04442,158,0.63237,27.13263,5.35589,10.71178,-0.213 9 10 8 8 8 8 7 8 8 8 8 7 -0.520 9 11 10 11 10 11 11
124,SIPP_2^5,"22,5,0","11,28,0",1,299.537686,143,1.41074,16.78791,3.3039,6.60781,20 17 16 16 16 15 16 16 15 16 21 21 22 21
124,SIPP_BigCS,"22,5,12","11,28,5",1,305.560599,288,4.57019,22.14661,4.3729,1.3291,-24.730 336 342 336 -4.831 326 323 206 222 103
124,SIPP_Standard,"22,5,12","11,28,5",1,850.916062,1484,25.13441,28.55827,5.3195,0.8346,84 21 -13.949 28 -1.090 40 -7.528 70 55 59 -69.350 99 69
125,SIPP_2^2,"41,37,0","26,61,0",1,467.05704000000003,629,0.56779,91.92388,23.56194,47.12389,1 1 1 -16.595 3 -0.370 3 -0.093 3 2 2 2 2 2 2 2 2 2 2 2 2 2 2 2 3 2 3 3 2 3 3 3 3 2 3 3 3 3 3 3 2 3 2 2 2 2 3 2
125,SIPP_2^3,"41,37,0","26,61,0",1,346.7374659999999,135,0.2368,23.7484,4.71239,9.42478,3 3 3 3 4 5 5 5 5 5 5 5 5 5 5 6 5 5 5 -2.543 5 5 4 -3.068 5 5 5
125,SIPP_2^4,"41,37,0","26,61,0",1,344.923146,151,0.69541,16.06432,3.17955,6.3591,6 6 6 6 8 10 10 10 10 10 10 10 10 11 11 10 10 -0.548 9 -0.937 9 -1.284 9 11
125,SIPP_2^5,"41,37,0","26,61,0",1,344.136489,158,1.97031,19.4373,3.85813,7.71627,12 12 12 12 16 20 20 21 21 20 20 20 20 20 20 -1.443 18 16 -0.100 19 22
125,SIPP_BigCS,"41,37,12","26,61,2",1,349.0,383,7.74087,29.02397,5.7187,1.7489,320 335 76 251 103 155 331 76 203
125,SIPP_Standard,"41,37,12","26,61,2",1,639.693313,1016,4.07284,31.60315,6.1129,0.9321,74 101 -8.414 83 -19.183 20 -9.572 51 -4.646 110 -16.878 36
126,SIPP_2^2,"9,20,0","10,3,0",1,203.187446,69,0.04363,28.28427,6.28319,12.56637,0 -1.763 0 -1.424 3 0 0 0 0 0 0 0 0 0 0 0 0 0 0 1 1 0
126,SIPP_2^3,"9,20,0","10,3,0",1,186.73047599999998,50,0.06404,19.45842,3.92699,7.85398,0 -1.763 0 -2.541 7 0 0 0 0 0 0 0 0 0 1 0 0 0 1
126,SIPP_2^4,"9,20,0","10,3,0",1,183.167564,40,0.14196,14.68442,2.96174,5.92348,0 -1.763 0 -2.541 14 0 0 0 0 0 0 0 0 1 0 0 1
126,SIPP_2^5,"9,20,0","10,3,0",1,180.432079,30,0.27921,8.05749,1.60875,3.21751,0 -5.564 31 0 0 0 1 0 0 0 0 1
126,SIPP_BigCS,"9,20,13","10,3,4",1,187.046538,51,0.75679,10.32246,2.0275,0.5387,-5.047 66 170 6 6 86 204
126,SIPP_Standard,"9,20,13","10,3,4",1,957.568735,981,14.29662,43.24445,8.3389,1.2677,45 13 76 105 -13.869 40 86 -89.182 3 19 -21.517 85 6
127,SIPP_2^2,"24,36,0","12,31,0",1,224.748052,97,0.09928,49.49747,10.99557,21.99115,1 1 0 0 3 0 3 3 3 -14.267 3 -0.060 3 -0.420 3 3 3 3 3 3 0 3 3 0
127,SIPP_2^3,"24,36,0","12,31,0",1,208.61394499999997,100,0.18831,37.83769,7.85398,15.70796,1 2 7 7 6 -14.685 6 -4.934 5 6 6 6 7 6 6 6 7 7
127,SIPP_2^4,"24,36,0","12,31,0",1,203.269577,87,0.42593,26.59964,5.31793,10.63587,2 2 13 12 -16.467 12 -4.934 10 12 12 13 13 12 13
127,SIPP_2^5,"24,36,0","12,31,0",1,200.534092,81,0.97571,17.57396,3.60524,7.21048,4 4 25 -23.398 23 25 26 25
127,SIPP_BigCS,"24,36,1","12,31,5",1,248.244681,212,7.44983,19.29366,3.7761,1.0082,329 6 6 -2.245 10 67 183
127,SIPP_Standard,"24,36,1","12,31,5",1,584.984697,317,4.64969,27.6606,5.2585,0.8232,-0.985 48 87 24 107 54 58 98
128,SIPP_2^2,"49,14,0","22,52,0",1,684.826059,1999,1.57335,84.85281,18.84956,37.69911,2 2 2 2 2 2 2 2 2 2 2 2 -14.826 2 2 2 2 2 2 2 2 2 2 2 2 2 2 2 2 2 3 2 2 2 3 3 3 2 3 3 3 3 2 3 3 2 3 3 3 3 3 3 3 3 3 2 2 2 2 3 3 3 3 3 3 3 3 0
128,SIPP_2^3,"49,14,0","22,52,0",1,626.6536990000001,1622,2.36619,83.4485,17.27876,34.55752,4 4 4 4 4 4 4 4 4 4 4 4 4 3 4 4 4 4 4 5 4 4 5 4 4 5 5 4 4 5 5 5 5 5 5 6 5 6 6 6 6 6 6 6 7 -4.209 6 6 6 6 6 6 6 5 -0.312 3 6 4
128,SIPP_2^4,"49,14,0","22,52,0",1,625.7438,1764,7.02605,51.33443,10.35207,20.70415,8 8 8 8 8 8 8 8 8 8 8 8 7 8 8 8 8 8 8 8 9 9 9 9 10 10 10 10 10 11 10 12 12 12 13 13 12 12 12 12 12 12 12 -7.033 7 -0.251 11 8 12
128,SIPP_2^5,"49,14,0","22,52,0",1,625.3940200000001,1808,19.60149,40.50536,7.92989,15.85979,16 16 16 16 16 16 16 16 16 15 16 17 16 17 17 16 16 16 17 20 20 20 20 20 20 23 24 24 25 24 25 23 24 -34.313 17 24
128,SIPP_BigCS,"49,14,7","22,52,9",0,-1,5324,180.20818,0.0,0.0,0.0,
128,SIPP_Standard,"49,14,7","22,52,9",1,625.741306,787,7.86512,18.53226,3.4155,0.4353,88 0 16 -22.927 86 11 -7.473 55 -12.342 59
129,SIPP_2^2,"20,50,0","17,40,0",1,130.0,36,0.03004,42.42641,9.42478,18.84956,0 0 0 0 0 0 3 0 0 3 0 3 0
129,SIPP_2^3,"20,50,0","17,40,0",1,112.42640799999998,24,0.03772,19.45842,3.92699,7.85398,0 0 0 0 7 0 7 0 0 7
129,SIPP_2^4,"20,50,0","17,40,0",1,107.08203999999999,20,0.08465,2.34408,0.46365,0.9273,15 15 15 0 0 0 0
129,SIPP_2^5,"20,50,0","17,40,0",1,104.868331,7,0.08487,3.22267,0.6435,1.287,31 0 31 31
129,SIPP_BigCS,"20,50,2","17,40,4",1,106.0,13,0.78253,2.73576,0.5061,0.0613,202 306 6 6
129,SIPP_Standard,"20,50,2","17,40,4",1,536.5218130000001,711,20.69083,29.37693,5.6394,0.9384,-14.869 24 99 77 -17.653 106 53 97
130,SIPP_2^2,"40,45,0","54,11,0",1,620.9753019999999,1759,1.57514,183.84776,40.8407,81.68141,1 0 1 1 1 1 1 0 0 0 -13.513 3 -0.288 0 0 0 0 0 1 1 0 0 0 0 0 0 0 0 0 0 0 3 0 -11.037 0 1 1 0 0 1 1 0 1 0 1 0 0 1 -8.300 0 1 -6.583 1 -1.255 1 0 0 1 0 0 3 3 0 3
130,SIPP_2^3,"40,45,0","54,11,0",1,488.50520299999994,626,1.0718,95.89211,18.84956,37.69911,1 2 1 2 1 -38.837 7 0 1 0 0 -3.394 1 0 1 0 0 0 0 0 0 7 0 7 0 0 0 1 0 1 1 0 0 0 1 1 1 2 2 1
130,SIPP_2^4,"40,45,0","54,11,0",1,484.08615299999997,696,3.36965,43.64162,8.13778,16.27555,3 3 -41.317 14 -1.561 1 1 -6.779 1 1 0 0 0 0 0 0 0 0 15 15 1 1 1 1 2 -5.456 0 4 4 3
130,SIPP_2^5,"40,45,0","54,11,0",1,481.84242299999994,686,9.10743,26.24637,8.35559,16.71117,12 -31.130 28 -0.142 0 2 2 3 -2.909 6 1 0 0 0 31 31 0 1 1 1 2 4 8 8 8 8
130,SIPP_BigCS,"40,45,7","54,11,12",1,484.076105,2333,46.81547,42.08142,8.346,2.4351,343 329 -43.076 58 364 66 170 6 78 329 38
130,SIPP_Standard,"40,45,7","54,11,12",1,843.682734,1984,8.49298,35.56806,6.6787,1.0544,110 -76.582 32 81 14 85 18 60 -80.100 68
131,SIPP_2^2,"34,30,0","45,58,0",1,515.638417,1031,0.96072,70.71068,18.84956,37.69911,2 1 1 2 1 -37.007 1 -0.022 1 -0.094 1 1 1 2 -9.990 0 -10.872 1 -1.584 1 2 1 1 1 2 2 2 2 2 2 2 2 2 2 2 2 2 2 2 2 2 2 3 3 2 -6.071 2 2 2 2 2 2
131,SIPP_2^3,"34,30,0","45,58,0",1,325.56349599999993,137,0.21997,32.14689,6.28319,12.56637,3 3 3 4 4 3 3 4 3 3 3 4 4 4 4 4 4 4 4 4 4 4 4 3 3 4 4 3
131,SIPP_2^4,"34,30,0","45,58,0",1,309.530392,83,0.45819,21.87488,4.35268,8.70536,7 7 6 6 7 7 7 8 8 8 7 8 7 8 8 8 7 8 7
131,SIPP_2^5,"34,30,0","45,58,0",1,304.94627099999997,53,1.28153,4.56335,0.90975,1.81951,13 13 14 14 15 15 15 15 16 16 16 15
131,SIPP_BigCS,"34,30,15","45,58,2",1,306.941487,112,21.55627,9.41607,1.7968,0.1828,-0.941 180 200 304 4 80 304
131,SIPP_Standard,"34,30,15","45,58,2",1,321.941487,31,4.65046,15.82658,3.0471,0.4811,-0.941 52 96 110 52
132,SIPP_2^2,"57,39,0","15,17,0",1,712.028448,2056,1.81144,176.7767,39.26991,78.53982,0 0 0 0 0 0 0 0 3 0 3 0 3 3 0 3 3 3 0 0 3 3 0 3 0 0 0 3 -11.505 3 3 3 3 3 0 0 0 3 -4.838 0 3 3 3 3 3 3 3 3 0 3 3 3 3 3 3 0 3 3 3 3 3 2 2 3 -11.111 3 3 3 0 -4.552 3 -0.022 3
132,SIPP_2^3,"57,39,0","15,17,0",1,649.028631,1720,3.02512,63.7304,12.56637,25.13274,6 6 6 6 5 5 6 6 6 6 6 6 6 5 6 6 7 -32.936 6 -7.840 7 7 7 7 7 7 7 7 7 7 7 7 6 6 7 6 6 -9.428 6 7 7 7 0 7 -23.063 6 -4.635 7 0 0 0 0 0
132,SIPP_2^4,"57,39,0","15,17,0",1,551.3995199999999,503,2.4388,35.36537,7.03063,14.06125,0 0 0 0 0 0 15 15 14 12 12 12 12 12 13 13 12 12 11 12 12 13 12 12 14 13 14 14 14 13 13 13 13 13 12 12 11
132,SIPP_2^5,"57,39,0","15,17,0",1,542.969181,449,5.73692,26.82447,5.32081,10.64161,31 31 0 0 0 0 28 25 24 25 24 24 24 24 23 25 24 25 27 27 27 27 25 23
132,SIPP_BigCS,"57,39,13","15,17,0",1,552.088037,1964,37.6076,32.59791,6.288,1.6525,362 66 -2.318 162 59 381 339 205 -2.770 205 205 205 205 205 253 162 67
132,SIPP_Standard,"57,39,13","15,17,0",1,813.006513,2165,26.48771,35.26525,6.6918,1.1752,59 107 -38.527 30 30 34 -3.479 91 27 106 41
133,SIPP_2^2,"62,18,0","26,2,0",1,529.273327,560,0.39481,98.99495,21.99115,43.9823,3 3 0 0 0 3 3 3 3 3 3 3 0 0 0 0 0 0 3 3 3 3 3 3 0 3 -9.273 3 3 3 3 3 3 3 3 3 3 3 0 3 3 0 3 3 3 0 0 0 3 3 3 0 3
133,SIPP_2^3,"62,18,0","26,2,0",1,476.6431319999999,576,0.80598,77.29558,15.70796,31.41593,7 7 7 7 7 6 7 6 6 7 7 7 7 6 6 7 6 7 -9.369 5 5 6 6 6 6 6 6 6 6 -2.680 7 0 -1.261 5 6 6 -0.491 7 7 7 0 7
133,SIPP_2^4,"62,18,0","26,2,0",1,465.980549,606,2.38883,29.18668,5.81954,11.63908,12 12 11 12 11 11 12 12 12 12 12 12 12 12 12 -1.398 13 13 14 13 14 13 14 14 15 14 14 -2.936 15 -0.826 15 0 15
133,SIPP_2^5,"62,18,0","26,2,0",1,464.47174499999994,617,6.23666,17.63988,3.5013,7.0026,23 24 23 24 24 24 24 24 24 24 24 23 25 27 27 27 28 28 28 28 31 0 0 31
133,SIPP_BigCS,"62,18,5","26,2,4",1,465.0,3042,45.33509,20.07767,3.8662,0.6623,363 7 15 379 205 221 102 102 158 66
133,SIPP_Standard,"62,18,5","26,2,4",1,763.035895,2942,44.81883,33.03241,6.3868,1.0289,70 43 -97.022 101 -29.279 107 -7.927 46 10 -41.808 46
134,SIPP_2^2,"23,27,0","50,50,0",0,-1,0,0.0,0.0,0.0,0.0,
134,SIPP_2^3,"23,27,0","50,50,0",0,-1,0,0.0,0.0,0.0,0.0,
134,SIPP_2^4,"23,27,0","50,50,0",0,-1,0,0.0,0.0,0.0,0.0,
134,SIPP_2^5,"23,27,0","50,50,0",0,-1,0,0.0,0.0,0.0,0.0,
134,SIPP_BigCS,"23,27,0","50,50,0",0,-1,0,0.0,0.0,0.0,0.0,
134,SIPP_Standard,"23,27,15","50,50,13",0,-1,0,6e-05,0.0,0.0,0.0,
135,SIPP_2^2,"22,58,0","24,51,0",1,90.0,18,0.01512,21.2132,4.71239,9.42478,0 0 0 0 0 0 1 0 1
135,SIPP_2^3,"22,58,0","24,51,0",1,78.28427199999999,12,0.0197,11.59279,2.35619,4.71239,0 0 0 1 0 0 1
135,SIPP_2^4,"22,58,0","24,51,0",1,74.72136,8,0.03777,6.94722,1.39094,2.78189,0 1 0 0 1
135,SIPP_2^5,"22,58,0","24,51,0",1,73.245554,4,0.05508,3.22267,0.6435,1.287,1 0 1
135,SIPP_BigCS,"22,58,8","24,51,0",1,74.0,4,0.38388,2.36385,0.463,0.0399,86
135,SIPP_Standard,"22,58,8","24,51,0",1,80.0,1,0.10539,6.1946,1.2472,0.2589,33
136,SIPP_2^2,"6,2,0","45,53,0",0,-1,0,0.0,0.0,0.0,0.0,
136,SIPP_2^3,"6,2,0","45,53,0",0,-1,0,0.0,0.0,0.0,0.0,
136,SIPP_2^4,"6,2,0","45,53,0",0,-1,0,0.0,0.0,0.0,0.0,
136,SIPP_2^5,"6,2,0","45,53,0",0,-1,0,0.0,0.0,0.0,0.0,
136,SIPP_BigCS,"6,2,0","45,53,0",0,-1,0,0.0,0.0,0.0,0.0,
136,SIPP_Standard,"6,2,1","45,53,5",0,-1,0,2e-05,0.0,0.0,0.0,
137,SIPP_2^2,"42,2,0","29,24,0",1,398.565888,393,0.30961,70.71068,15.70796,31.41593,3 3 3 3 3 2 3 3 2 3 -47.079 2 -1.487 2 2 2 2 2 2 2 2 2 2 2 2 3 2 2 2 2 3 3 3 2 2 2 3
137,SIPP_2^3,"42,2,0","29,24,0",1,345.03232399999996,320,0.4713,35.88296,7.06858,14.13717,6 6 6 6 6 6 6 6 6 5 5 4 5 5 4 3 4 4 4 4 3 4 4 4 4 4 4 -1.475 4 -0.420 4 5 5
137,SIPP_2^4,"42,2,0","29,24,0",1,344.70460199999997,361,1.40967,25.75877,5.13808,10.27616,12 12 12 12 12 12 11 12 11 -1.731 9 9 8 8 8 7 8 7 8 8 8 -0.221 8 -10.211 8 -1.874 9 10
137,SIPP_2^5,"42,2,0","29,24,0",1,344.70460199999997,388,3.92723,15.154,2.9997,5.99939,24 24 24 24 24 23 23 20 16 16 16 16 16 16 16 16 16 16 16 15 -7.106 16 -10.211 16 -1.874 18 20
137,SIPP_BigCS,"42,2,6","29,24,2",1,343.80687199999994,790,12.03724,17.06467,3.3206,0.67,7 7 7 7 7 -2.242 27 382 360 4 -1.874 4 -10.690 72 103
137,SIPP_Standard,"42,2,6","29,24,2",1,364.98099299999996,21,0.18184,15.28751,2.9507,0.4228,7 -7.382 75 -12.025 102 -8.574 88
138,SIPP_2^2,"34,31,0","8,8,0",1,569.568317,1420,1.29156,49.49747,10.99557,21.99115,3 3 3 3 3 3 3 3 3 3 0 -23.631 3 -5.481 3 -3.871 3 3 3 3 3 3 3 3 0 3 3 0 0 0 0 -15.558 3 -12.041 3 3 3 -5.900 0 -2.366 0 0 0 0 -10.719 0 0 0 0 0 0 0 0 0 0 0 0
138,SIPP_2^3,"34,31,0","8,8,0",1,361.1269919999999,101,0.17041,15.73484,3.14159,6.28319,7 7 7 7 7 7 7 7 7 6 6 6 6 7 7 7 7 7 0 7 7 7 7 7 7 7 7
138,SIPP_2^4,"34,31,0","8,8,0",1,352.5640419999999,87,0.45005,6.4513,1.287,2.57401,14 14 13 13 13 13 14 14 14 -0.344 14 14 14 14 14 14 15 14 14 14 14 14 14
138,SIPP_2^5,"34,31,0","8,8,0",1,351.3835429999999,86,1.65503,2.96398,0.59219,1.18437,27 27 27 27 27 28 28 29 29 28 28 28 28 28
138,SIPP_BigCS,"34,31,14","8,8,13",1,349.0,97,18.74406,6.93125,1.303,0.1253,102 102 102 178 205 205 357 102 102 102 102 154
138,SIPP_Standard,"34,31,14","8,8,13",1,496.66979399999997,1146,9.07352,18.57579,3.4295,0.5469,-69.516 99 -3.354 61 85 10 -1.800 54
139,SIPP_2^2,"50,59,0","40,11,0",1,757.9830830000001,1533,1.24767,162.63456,39.26991,78.53982,1 1 1 1 2 -37.983 0 0 0 0 0 0 0 0 0 0 0 0 0 0 0 0 0 0 3 3 0 0 0 0 0 0 3 3 0 0 1 1 0 0 0 3 3 0 0 0 3 0 3 3 3 0 0 3 0 3 0 3 0 0 0 0 0 0 0 3 0 0 0 0 3 3 0
139,SIPP_2^3,"50,59,0","40,11,0",1,622.4151170000002,551,0.73288,59.46751,14.92257,29.84513,2 2 2 3 -27.881 7 -1.818 0 0 0 0 -0.584 7 7 7 0 0 0 0 0 0 0 7 7 0 0 0 0 0 0 0 0 0 0 0 0 0 7 0 0 0 0 7 7 7 0 0 0 7 0 0 7 7 0 0 7
139,SIPP_2^4,"50,59,0","40,11,0",1,607.56346,472,1.65188,43.16275,11.6671,23.33421,5 6 -21.807 14 -1.578 0 0 0 1 -3.658 15 15 15 15 0 0 -2.948 15 0 0 0 0 0 15 0 0 15 0 0 0 0 0 15 15 0 0 15 15 0 15 15 -3.878 0
139,SIPP_2^5,"50,59,0","40,11,0",1,607.56346,518,4.76247,43.73872,8.39354,16.78708,10 12 20 28 30 31 31 1 0 0 0 0 -10.267 31 31 0 0 0 0 0 31 31 31 31 0 31 0 0 0 0 0 31 -2.299 24
139,SIPP_BigCS,"50,59,1","40,11,7",1,618.516588,749,8.95553,22.02501,4.1028,1.0103,164 -39.517 329 6 6 6 6 6 6 6 82 202 202 202 202 202 202 202 202 202 306 6 34
139,SIPP_Standard,"50,59,1","40,11,7",1,750.574509,456,2.97818,38.66208,7.4785,1.1513,9 -37.537 33 -0.077 82 27 -30.923 90 -4.000 18 108 -1.038 46
140,SIPP_2^2,"11,32,0","48,63,0",0,-1,0,0.0,0.0,0.0,0.0,
140,SIPP_2^3,"11,32,0","48,63,0",0,-1,0,0.0,0.0,0.0,0.0,
140,SIPP_2^4,"11,32,0","48,63,0",0,-1,0,0.0,0.0,0.0,0.0,
140,SIPP_2^5,"11,32,0","48,63,0",0,-1,0,0.0,0.0,0.0,0.0,
140,SIPP_BigCS,"11,32,0","48,63,0",0,-1,0,0.0,0.0,0.0,0.0,
140,SIPP_Standard,"11,32,4","48,63,12",0,-1,0,3e-05,0.0,0.0,0.0,
141,SIPP_2^2,"32,61,0","30,43,0",1,278.05704000000003,224,0.19429,70.71068,15.70796,31.41593,0 3 3 0 0 3 0 -24.002 1 -8.802 0 -0.909 0 -0.918 0 0 0 0 0 0 3 -2.964 0 -0.370 0 -0.093 0 0 0 1 0
141,SIPP_2^3,"32,61,0","30,43,0",1,255.809905,231,0.37047,23.83742,4.71239,9.42478,7 7 7 7 7 7 7 7 0 0 7 0 1 1 1 -3.678 1 1 2 1
141,SIPP_2^4,"32,61,0","30,43,0",1,251.207039,219,0.91551,20.35373,4.10684,8.21369,14 14 14 14 15 14 14 15 15 -1.383 2 2 2 -0.741 0 3 3
141,SIPP_2^5,"32,61,0","30,43,0",1,250.887994,219,2.39224,15.33871,2.93084,5.86168,28 28 29 29 29 28 -2.725 4 2 -2.651 5 6
141,SIPP_BigCS,"32,61,8","30,43,0",1,253.327208,821,16.38594,9.82559,1.9127,0.5629,102 102 102 102 154 -6.811 346 101 -4.516 153
141,SIPP_Standard,"32,61,8","30,43,0",1,672.0,1799,30.91102,36.74559,7.1019,1.1882,97 103 81 6 66 50 109 35
142,SIPP_2^2,"52,37,0","34,33,0",1,362.80040299999996,471,0.41436,98.99495,21.99115,43.9823,3 2 2 3 3 3 2 2 3 2 3 3 3 3 3 3 -2.029 3 3 -37.476 0 -3.295 0 3 3 0 0 3 0 0 3 0 0 0 3
142,SIPP_2^3,"52,37,0","34,33,0",1,271.974363,199,0.3189,48.40934,9.42478,18.84956,5 5 5 6 5 5 6 -10.553 7 0 7 0 0 7 0 7 6 6 6 6 6 6 7
142,SIPP_2^4,"52,37,0","34,33,0",1,264.848539,196,0.84073,26.96021,5.31793,10.63587,10 10 10 11 11 -14.116 14 0 0 15 15 12 12 13 12 12 13
142,SIPP_2^5,"52,37,0","34,33,0",1,261.47584499999994,183,2.01844,22.59319,4.28383,8.56765,20 20 20 21 20 31 30 31 25 24 24 25
142,SIPP_BigCS,"52,37,8","34,33,10",1,265.0,468,9.84356,24.25953,4.7407,1.5315,4 76 203 339 333 6 70 309 7
142,SIPP_Standard,"52,37,8","34,33,10",1,709.887376,2866,25.84421,25.20871,4.8861,0.7461,0 24 -204.891 107 50 -2.996 85 26
143,SIPP_2^2,"18,12,0","38,5,0",1,307.800637,286,0.26051,77.78175,17.27876,34.55752,1 -17.513 2 -0.288 1 1 1 1 1 1 0 0 0 1 1 1 1 1 0 1 1 1 1 0 1 1 1 0 0 1 0
143,SIPP_2^3,"18,12,0","38,5,0",1,289.094605,309,0.73723,45.57897,8.63938,17.27876,1 1 1 -1.731 1 1 1 2 2 3 3 3 2 2 1 0 -15.915 0 -0.012 2 -0.012 2 2 2 2 0 -0.003 2
143,SIPP_2^4,"18,12,0","38,5,0",1,289.094605,371,1.59954,50.7046,9.88843,19.77685,3 2 2 2 -0.169 2 2 5 5 5 2 14 -10.448 0 -0.012 4 -0.012 4 -0.012 4 4 4 4 0 -0.003 4
143,SIPP_2^5,"18,12,0","38,5,0",1,289.094605,376,4.23324,20.43542,3.92699,7.85398,4 4 4 5 4 11 10 -0.190 9 -0.263 8 -0.151 8 -0.060 8 -0.420 8 -12.607 2 0 -0.325 0 -0.053 0
143,SIPP_BigCS,"18,12,0","38,5,14",1,288.99547700000005,1313,27.22978,16.80908,3.3278,0.7233,-24.889 160 29 305 -23.106 9
143,SIPP_Standard,"18,12,0","38,5,14",1,289.421897,39,0.36043,15.39251,3.0046,0.5088,-25.456 32 73 -16.966 84
144,SIPP_2^2,"7,23,0","24,16,0",0,-1,0,0.0,0.0,0.0,0.0,
144,SIPP_2^3,"7,23,0","24,16,0",0,-1,0,0.0,0.0,0.0,0.0,
144,SIPP_2^4,"7,23,0","24,16,0",0,-1,0,0.0,0.0,0.0,0.0,
144,SIPP_2^5,"7,23,0","24,16,0",0,-1,0,0.0,0.0,0.0,0.0,
144,SIPP_BigCS,"7,23,0","24,16,0",0,-1,0,0.0,0.0,0.0,0.0,
144,SIPP_Standard,"7,23,15","24,16,0",0,-1,0,4e-05,0.0,0.0,0.0,
145,SIPP_2^2,"50,39,0","56,44,0",1,110.0,38,0.0328,42.42641,9.42478,18.84956,2 2 1 2 1 2 1 1 1 1 2
145,SIPP_2^3,"50,39,0","56,44,0",1,80.71068,10,0.01777,8.0194,1.5708,3.14159,3 3 3 3 2 3
145,SIPP_2^4,"50,39,0","56,44,0",1,78.929224,9,0.04751,3.229,0.6435,1.287,6 6 6 5 6
145,SIPP_2^5,"50,39,0","56,44,0",1,78.481921,7,0.09512,1.97454,0.39479,0.78958,12 12 11 12
145,SIPP_BigCS,"50,39,10","56,44,1",1,78.0,2,0.23001,1.74352,0.3314,0.0258,100 124
145,SIPP_Standard,"50,39,10","56,44,1",1,80.0,1,0.07198,3.26273,0.6517,0.0788,79
146,SIPP_2^2,"37,18,0","29,52,0",0,-1,0,0.0,0.0,0.0,0.0,
146,SIPP_2^3,"37,18,0","29,52,0",0,-1,0,0.0,0.0,0.0,0.0,
146,SIPP_2^4,"37,18,0","29,52,0",0,-1,0,0.0,0.0,0.0,0.0,
146,SIPP_2^5,"37,18,0","29,52,0",0,-1,0,0.0,0.0,0.0,0.0,
146,SIPP_BigCS,"37,18,0","29,52,0",0,-1,0,0.0,0.0,0.0,0.0,
146,SIPP_Standard,"37,18,14","29,52,10",0,-1,4,0.0527,0.0,0.0,0.0,
147,SIPP_2^2,"29,6,0","61,31,0",1,601.9835559999999,1091,0.86879,169.70563,37.69911,75.39822,1 0 1 1 2 1 1 2 1 -4.137 2 2 1 1 1 1 1 1 1 1 1 1 1 1 1 2 1 2 1 1 1 1 2 1 2 2 1 2 2 2 2 2 -7.846 2 1 2 2 2 2 2 2 1 1 1 2 2 1 2 2 2 1
147,SIPP_2^3,"29,6,0","61,31,0",1,449.4112639999999,157,0.24377,75.94996,14.92257,29.84513,2 1 3 3 3 2 2 2 3 3 2 3 2 3 2 3 2 3 3 3 3 3 3 3 3 3 3 3 4 3 4 3 3 4 3
147,SIPP_2^4,"29,6,0","61,31,0",1,437.382226,161,0.70004,27.02653,5.39385,10.78769,2 5 5 5 5 6 5 5 5 6 5 6 6 6 7 7 7 6 6 6 6 6 -3.011 4 -0.480 7
147,SIPP_2^5,"29,6,0","61,31,0",1,437.382226,181,2.0766,23.39777,4.57468,9.14935,6 10 10 10 11 10 11 11 12 12 13 12 13 12 13 12 -5.694 8 -0.480 14
147,SIPP_BigCS,"29,6,15","61,31,11",1,437.088247,563,8.46693,12.77406,2.2291,0.4174,377 207 207 207 207 255 -1.752 152 200 200 200 200 320 -5.218 207 -0.118 207
147,SIPP_Standard,"29,6,15","61,31,11",1,573.562751,275,1.11582,23.94488,4.4931,0.6423,84 -4.053 21 -61.510 44 12 79 56
148,SIPP_2^2,"16,2,0","1,62,0",1,836.983083,1533,1.17598,169.70563,37.69911,75.39822,3 3 3 2 2 2 3 3 3 2 2 2 2 2 2 3 2 3 3 2 2 2 2 1 1 2 -6.983 2 1 2 2 2 2 1 2 2 2 3 3 2 3 2 2 2 3 3 3 3 2 2 3 2 2 2 2 2 2 2 2 2 2 2 2 2 2 2 2 2 2 2 2 2 2 2 2 2 2 2 2 2 2 3 2 3
148,SIPP_2^3,"16,2,0","1,62,0",1,689.3294739999999,693,0.92549,51.78725,10.21018,20.42035,5 5 5 5 5 5 4 4 4 4 3 3 -10.629 4 4 4 4 4 4 4 4 5 4 4 4 4 4 5 5 4 5 5 5 4 4 5 5 4 4 4 5 5 5 4 4 4 4 4 4 4 4 4 4 4 4 4 4 4 4 4 4
148,SIPP_2^4,"16,2,0","1,62,0",1,675.915856,665,2.48526,27.54235,5.49779,10.99557,10 10 10 10 9 9 8 8 8 7 -2.893 6 8 8 8 8 8 8 8 8 8 8 9 10 10 10 10 9 9 -1.005 9 -1.284 10 -0.933 9 8 8 8 8 8 8 9 8 -7.050 8 -0.084 8 8 8 8 8 8 8 8 8 8 8
148,SIPP_2^5,"16,2,0","1,62,0",1,675.915856,674,6.51291,31.6712,6.33868,12.67737,19 20 20 20 17 16 14 -5.338 15 16 16 16 16 16 17 16 16 16 19 19 20 20 20 -1.526 16 -1.874 20 -1.252 17 16 16 16 16 17 16 -8.206 16 -0.084 16 16 16 16 16 16 16 16 16 16 16
148,SIPP_BigCS,"16,2,9","1,62,14",1,675.8243689999999,2784,39.7699,22.02404,4.2591,0.8557,254 187 64 -3.567 100 168 4 4 84 206 206 254 103 103 187 -6.257 0 0 4 4
148,SIPP_Standard,"16,2,9","1,62,14",1,772.494181,366,1.74053,20.51552,3.9643,0.6189,-92.073 102 -12.422 96 70 31 39 0 0 16
149,SIPP_2^2,"8,1,0","4,62,0",1,736.945714,876,0.6244,77.78175,17.27876,34.55752,1 2 2 2 2 2 2 2 2 2 1 2 2 2 2 1 1 2 2 2 2 2 2 2 2 2 2 2 2 2 2 2 2 2 3 3 3 3 3 3 2 3 2 2 3 2 -6.782 2 -0.101 2 -0.062 2 2 2 2 2 2 2 2 2 2 2 2 2 2 2 2 2 2 2 2 2 2 2 2 2
149,SIPP_2^3,"8,1,0","4,62,0",1,686.7314640000001,855,1.19052,75.48571,14.92257,29.84513,3 4 4 4 4 4 4 4 4 4 4 4 3 3 -4.117 3 4 4 4 4 4 4 4 4 4 4 5 4 5 4 4 4 4 5 5 5 4 4 4 4 4 3 -2.244 4 -0.101 4 -0.062 4 5 4 5 4 4 4 4 4 5 -8.348 4 -3.869 5 4 4 4 4 4 4
149,SIPP_2^4,"8,1,0","4,62,0",1,682.913948,863,3.26422,42.37922,8.42157,16.84314,-1.393 7 8 8 8 8 8 8 7 8 -0.546 8 7 -7.522 6 8 8 8 8 8 8 8 8 8 8 9 10 10 10 10 9 9 -1.005 9 -1.284 10 -0.933 9 8 8 9 8 8 8 8 8 -7.050 8 7 8 8 8 7 8 8 7
149,SIPP_2^5,"8,1,0","4,62,0",1,680.7841870000001,841,8.10261,28.25666,5.6046,11.2092,-1.713 15 16 16 16 16 16 16 16 -0.297 13 -8.115 15 16 16 16 16 16 16 16 16 17 19 19 20 20 20 -1.526 16 -1.874 20 -1.252 17 16 16 16 16 17 16 -8.206 16 -0.084 16 16 15 15 15
149,SIPP_BigCS,"8,1,4","4,62,11",1,681.7438659999999,4083,59.78572,25.5196,4.9012,0.9486,-0.194 168 4 4 4 4 4 4 88 -7.373 100 168 4 56 206 206 222 103 103 187 4 4 4 4 4 -6.177 28 304 4
149,SIPP_Standard,"8,1,4","4,62,11",1,689.498875,207,1.02126,22.50563,4.3415,0.5706,-3.702 110 -13.290 44 0 20 51 -11.937 94 -5.569 0 4
150,SIPP_2^2,"45,32,0","1,43,0",1,590.0,1044,0.92151,113.13708,25.13274,50.26548,3 3 3 3 3 3 3 3 3 3 3 3 3 3 3 3 3 2 3 3 3 3 2 2 2 3 2 3 2 3 2 2 3 3 2 2 3 3 3 3 3 3 3 3 3 3 3 2 2 2 3 3 3 3 3 3 0 0 3
150,SIPP_2^3,"45,32,0","1,43,0",1,491.42135999999994,348,0.5034,35.66406,7.06858,14.13717,6 6 6 6 6 6 6 6 6 6 6 6 6 6 6 6 6 6 6 6 6 6 6 5 6 6 6 6 6 6 5 5 6 6 6 6 5 6 5 5 4 5 5 5 5
150,SIPP_2^4,"45,32,0","1,43,0",1,483.027576,331,1.51946,19.53302,3.88903,7.77807,12 12 12 12 12 12 12 12 12 12 12 12 12 11 12 12 12 12 12 12 12 12 12 12 12 12 12 12 11 12 11 12 11 11 11 10 9 9
150,SIPP_2^5,"45,32,0","1,43,0",1,479.3380609999999,322,5.06453,11.99895,2.39415,4.7883,24 24 24 24 24 24 24 24 24 24 24 24 24 24 24 24 24 24 24 24 24 23 23 24 24 23 23 24 23 22 20 18 18
150,SIPP_BigCS,"45,32,3","1,43,13",1,483.0,1347,161.36815,11.68264,2.1644,0.3344,7 7 15 363 7 3 7 7 7 7 31 203 203 323 206 206
150,SIPP_Standard,"45,32,3","1,43,13",1,563.941209,179,3.09255,18.47201,3.5572,0.4769,19 -2.546 109 -0.430 31 -36.070 55 -6.836 91 -17.058 23
151,SIPP_2^2,"11,47,0","36,44,0",1,340.0,284,0.25706,49.49747,10.99557,21.99115,1 1 1 1 1 1 1 1 1 0 0 0 0 1 1 1 0 1 1 1 1 2 2 2 1 1 1 1 1 1 1 1 1 0
151,SIPP_2^3,"11,47,0","36,44,0",1,304.220023,253,0.45475,39.89789,7.85398,15.70796,2 2 2 2 1 1 2 2 2 1 1 1 -7.754 1 2 2 3 3 2 2 3 -0.903 3 2 2 1 2
151,SIPP_2^4,"11,47,0","36,44,0",1,300.957669,256,1.23745,36.87941,7.21048,14.42096,4 3 2 2 3 3 2 2 -5.192 5 -0.276 5 4 4 5 4 -0.035 7 4 3 4
151,SIPP_2^5,"11,47,0","36,44,0",1,300.219766,259,3.08523,14.09139,2.89288,5.78577,7 4 5 5 4 -6.825 10 -0.276 10 -0.875 10 10 -6.800 10 8 7
151,SIPP_BigCS,"11,47,7","36,44,2",1,312.92196099999995,1384,27.18809,15.63211,2.9529,0.8911,89 101 101 101 -12.393 173 -0.174 207 -0.030 207 207 -4.909 207 343 -10.416 201
151,SIPP_Standard,"11,47,7","36,44,2",1,352.384655,67,0.54301,16.35783,3.1986,0.5577,9 -14.385 29 41 87
152,SIPP_2^2,"28,29,0","39,58,0",0,-1,0,0.0,0.0,0.0,0.0,
152,SIPP_2^3,"28,29,0","39,58,0",0,-1,0,0.0,0.0,0.0,0.0,
152,SIPP_2^4,"28,29,0","39,58,0",0,-1,0,0.0,0.0,0.0,0.0,
152,SIPP_2^5,"28,29,0","39,58,0",0,-1,0,0.0,0.0,0.0,0.0,
152,SIPP_BigCS,"28,29,0","39,58,0",0,-1,0,0.0,0.0,0.0,0.0,
152,SIPP_Standard,"28,29,10","39,58,14",0,-1,0,3e-05,0.0,0.0,0.0,
153,SIPP_2^2,"16,13,0","15,53,0",1,565.7480519999999,833,0.74733,141.42136,31.41593,62.83185,2 2 1 1 1 2 2 2 2 2 2 1 2 2 2 3 2 2 2 2 2 -34.583 1 -0.534 2 -0.151 2 -0.060 2 -0.420 2 1 2 3 2 2 2 2 2 2 3 2 2 2 2 2 2 3 2 2 3 2 2 2 2 3 3 2
153,SIPP_2^3,"16,13,0","15,53,0",1,465.620565,469,0.82846,96.2274,18.84956,37.69911,4 4 3 4 4 3 4 4 4 -2.979 3 4 4 4 4 5 3 4 4 4 4 4 3 4 3 4 4 5 4 5 4 4 4 5 4 5 4 4 4 4 5 -2.936 6
153,SIPP_2^4,"16,13,0","15,53,0",1,465.620565,549,2.75848,47.25264,9.34887,18.69773,8 7 8 7 7 6 -0.194 8 8 9 9 7 7 7 8 8 8 10 10 8 9 8 8 8 9 9 8 8 -5.440 8 -0.094 8 -11.498 12
153,SIPP_2^5,"16,13,0","15,53,0",1,465.620565,563,7.32634,31.14621,6.24523,12.49046,15 14 15 -0.433 12 -1.561 18 -0.056 17 15 15 15 16 -1.284 20 20 17 17 17 16 16 16 -8.942 16 -0.094 16 -11.498 24
153,SIPP_BigCS,"16,13,4","15,53,13",1,465.506351,2762,60.19661,25.05172,4.7533,1.1721,64 -6.152 148 206 -2.365 206 206 206 206 206 206 310 68 -4.989 239
153,SIPP_Standard,"16,13,4","15,53,13",1,541.960701,210,1.35922,25.22598,4.8857,0.7235,-3.168 87 24 -33.793 67 35 64 44
154,SIPP_2^2,"9,40,0","3,63,0",0,-1,0,0.0,0.0,0.0,0.0,
154,SIPP_2^3,"9,40,0","3,63,0",0,-1,0,0.0,0.0,0.0,0.0,
154,SIPP_2^4,"9,40,0","3,63,0",0,-1,0,0.0,0.0,0.0,0.0,
154,SIPP_2^5,"9,40,0","3,63,0",0,-1,0,0.0,0.0,0.0,0.0,
154,SIPP_BigCS,"9,40,0","3,63,0",0,-1,0,0.0,0.0,0.0,0.0,
154,SIPP_Standard,"9,40,0","3,63,10",0,-1,3,0.05462,0.0,0.0,0.0,
155,SIPP_2^2,"14,36,0","51,39,0",1,603.611716,1746,1.46363,56.56854,12.56637,25.13274,1 2 2 1 1 -6.253 1 1 1 -4.813 0 -3.219 1 1 1 1 1 1 1 1 1 1 1 1 1 1 1 2 -86.458 1 -42.638 1 -3.649 1 1 1 1 1 2 -33.080 1 -3.309 1 1 1 1 1 -0.193 1 1 1
155,SIPP_2^3,"14,36,0","51,39,0",1,511.389273,1264,1.88398,72.90407,14.13717,28.27433,2 3 3 3 3 3 -5.328 1 -1.237 2 -14.676 1 2 2 2 3 3 3 3 3 -4.988 3 2 2 1 -8.273 2 -0.307 2 2 2 2 1 1 2 1 2 1 1 1 2 -0.325 2 -12.273 2 -1.138 4
155,SIPP_2^4,"14,36,0","51,39,0",1,511.389273,1354,5.58188,49.94703,9.56668,19.13335,6 6 6 -7.646 3 -1.416 4 -22.283 4 -1.586 5 5 5 5 5 -6.715 7 4 3 -11.536 4 -0.307 4 4 4 4 2 2 2 2 3 3 4 -3.888 4 -12.273 8 -1.138 4
155,SIPP_2^5,"14,36,0","51,39,0",1,511.389273,1370,15.60631,41.95086,8.35559,16.71117,12 12 12 11 -24.637 5 10 10 10 14 -7.619 10 7 -12.274 8 -0.307 8 8 8 7 4 5 4 4 7 -5.724 16 -1.138 16
155,SIPP_BigCS,"14,36,9","51,39,10",0,-1,1853,180.11508,0.0,0.0,0.0,
155,SIPP_Standard,"14,36,9","51,39,10",1,717.3784519999999,532,3.28014,9.92167,1.7855,0.1509,-13.583 53 89 17 -179.687 63 -108.109 71
156,SIPP_2^2,"49,51,0","53,35,0",1,265.022654,234,0.19669,56.56854,12.56637,25.13274,0 0 0 0 1 1 1 0 0 1 1 0 0 0 0 0 0 -5.023 3 3 3 0 0 0 1 1 0
156,SIPP_2^3,"49,51,0","53,35,0",1,227.27922399999994,193,0.31446,24.85372,4.71239,9.42478,0 0 0 0 0 0 1 1 1 1 1 1 1 1 0 6 7 6 6
156,SIPP_2^4,"49,51,0","53,35,0",1,218.37194399999998,182,0.82238,15.56814,3.14159,6.28319,0 0 2 2 2 1 1 1 1 1 14 12 12 12
156,SIPP_2^5,"49,51,0","53,35,0",1,216.29213199999998,177,2.20696,14.7251,2.99551,5.99102,0 1 3 3 2 3 28 24 24 24
156,SIPP_BigCS,"49,51,0","53,35,3",1,226.903715,935,21.13949,15.84437,3.1331,0.9477,94 101 101 101 101 101 165 -6.904 330 7
156,SIPP_Standard,"49,51,0","53,35,3",1,261.176553,49,0.46715,14.4177,2.8162,0.4919,54 -20.177 106 41
157,SIPP_2^2,"7,25,0","16,2,0",0,-1,0,0.0,0.0,0.0,0.0,
157,SIPP_2^3,"7,25,0","16,2,0",0,-1,0,0.0,0.0,0.0,0.0,
157,SIPP_2^4,"7,25,0","16,2,0",0,-1,0,0.0,0.0,0.0,0.0,
157,SIPP_2^5,"7,25,0","16,2,0",0,-1,0,0.0,0.0,0.0,0.0,
157,SIPP_BigCS,"7,25,0","16,2,0",0,-1,0,0.0,0.0,0.0,0.0,
157,SIPP_Standard,"7,25,4","16,2,6",0,-1,0,5e-05,0.0,0.0,0.0,
158,SIPP_2^2,"13,26,0","63,20,0",0,-1,0,0.0,0.0,0.0,0.0,
158,SIPP_2^3,"13,26,0","63,20,0",0,-1,0,0.0,0.0,0.0,0.0,
158,SIPP_2^4,"13,26,0","63,20,0",0,-1,0,0.0,0.0,0.0,0.0,
158,SIPP_2^5,"13,26,0","63,20,0",0,-1,0,0.0,0.0,0.0,0.0,
158,SIPP_BigCS,"13,26,0","63,20,0",0,-1,0,0.0,0.0,0.0,0.0,
158,SIPP_Standard,"13,26,10","63,20,12",0,-1,20254,180.00344,0.0,0.0,0.0,
159,SIPP_2^2,"4,0,0","26,7,0",0,-1,0,0.0,0.0,0.0,0.0,
159,SIPP_2^3,"4,0,0","26,7,0",0,-1,0,0.0,0.0,0.0,0.0,
159,SIPP_2^4,"4,0,0","26,7,0",0,-1,0,0.0,0.0,0.0,0.0,
159,SIPP_2^5,"4,0,0","26,7,0",0,-1,0,0.0,0.0,0.0,0.0,
159,SIPP_BigCS,"4,0,0","26,7,0",0,-1,0,0.0,0.0,0.0,0.0,
159,SIPP_Standard,"4,0,3","26,7,0",0,-1,0,1e-05,0.0,0.0,0.0,
160,SIPP_2^2,"63,5,0","50,32,0",0,-1,0,0.0,0.0,0.0,0.0,
160,SIPP_2^3,"63,5,0","50,32,0",0,-1,0,0.0,0.0,0.0,0.0,
160,SIPP_2^4,"63,5,0","50,32,0",0,-1,0,0.0,0.0,0.0,0.0,
160,SIPP_2^5,"63,5,0","50,32,0",0,-1,0,0.0,0.0,0.0,0.0,
160,SIPP_BigCS,"63,5,0","50,32,0",0,-1,0,0.0,0.0,0.0,0.0,
160,SIPP_Standard,"63,5,13","50,32,3",0,-1,0,1e-05,0.0,0.0,0.0,
161,SIPP_2^2,"36,24,0","32,4,0",0,-1,0,0.0,0.0,0.0,0.0,
161,SIPP_2^3,"36,24,0","32,4,0",0,-1,0,0.0,0.0,0.0,0.0,
161,SIPP_2^4,"36,24,0","32,4,0",0,-1,0,0.0,0.0,0.0,0.0,
161,SIPP_2^5,"36,24,0","32,4,0",0,-1,0,0.0,0.0,0.0,0.0,
161,SIPP_BigCS,"36,24,0","32,4,0",0,-1,0,0.0,0.0,0.0,0.0,
161,SIPP_Standard,"36,24,0","32,4,1",0,-1,0,5e-05,0.0,0.0,0.0,
162,SIPP_2^2,"29,8,0","7,27,0",0,-1,0,0.0,0.0,0.0,0.0,
162,SIPP_2^3,"29,8,0","7,27,0",0,-1,0,0.0,0.0,0.0,0.0,
162,SIPP_2^4,"29,8,0","7,27,0",0,-1,0,0.0,0.0,0.0,0.0,
162,SIPP_2^5,"29,8,0","7,27,0",0,-1,0,0.0,0.0,0.0,0.0,
162,SIPP_BigCS,"29,8,0","7,27,0",0,-1,0,0.0,0.0,0.0,0.0,
162,SIPP_Standard,"29,8,12","7,27,6",0,-1,7,0.06641,0.0,0.0,0.0,
163,SIPP_2^2,"48,12,0","45,26,0",1,190.0,109,0.08923,42.42641,9.42478,18.84956,2 2 2 2 2 2 2 2 2 2 2 3 2 3 3 3 2 1 2
163,SIPP_2^3,"48,12,0","45,26,0",1,176.986924,125,0.19948,24.60091,4.71239,9.42478,4 4 4 4 4 4 4 5 5 5 5 4 5 -2.134 3 2
163,SIPP_2^4,"48,12,0","45,26,0",1,174.915856,130,0.57842,16.84604,3.42539,6.85077,8 8 9 9 9 9 8 9 8 -3.112 4 4
163,SIPP_2^5,"48,12,0","45,26,0",1,174.915856,132,1.61129,11.95392,2.03444,4.06889,18 17 17 17 17 -6.064 8 8
163,SIPP_BigCS,"48,12,5","45,26,7",1,179.0,657,14.50183,12.27707,2.3586,0.7318,127 206 206 342 328
163,SIPP_Standard,"48,12,5","45,26,7",1,193.719804,35,0.40227,7.96806,1.569,0.233,51 -32.720 110
164,SIPP_2^2,"46,31,0","20,15,0",1,420.0,562,0.54348,63.63961,14.13717,28.27433,3 3 3 3 3 3 3 3 3 3 3 3 3 3 3 3 3 3 0 3 3 0 0 0 0 0 0 0 0 0 0 0 0 3 3 0 3 3 0 3 3 0
164,SIPP_2^3,"46,31,0","20,15,0",1,352.76490299999995,245,0.43576,47.66326,9.42478,18.84956,7 0 0 7 6 6 6 7 6 6 -3.059 6 6 6 7 7 7 0 7 7 7 7 0 7 6 6 6 6 6 6 7
164,SIPP_2^4,"46,31,0","20,15,0",1,348.114532,237,1.22373,36.79417,7.21048,14.42096,15 15 -1.873 12 -0.370 12 -0.093 12 13 13 11 14 15 14 14 14 14 14 -0.259 0 14 12 12 12 12 12 13
164,SIPP_2^5,"46,31,0","20,15,0",1,347.376629,240,4.05776,34.95958,6.81987,13.63975,30 30 -1.873 24 -0.370 24 25 26 22 28 28 28 29 28 28 -1.537 0 28 24 24 24 24 25
164,SIPP_BigCS,"46,31,1","20,15,3",1,351.773328,622,56.99064,11.87758,2.2094,0.5523,7 7 7 7 7 7 55 202 202 202 -5.773 202 202 330 7 7 7 7 7
164,SIPP_Standard,"46,31,1","20,15,3",1,495.40632199999993,172,4.18997,11.82754,2.2114,0.3421,3 27 -152.406 58 82
165,SIPP_2^2,"50,2,0","2,33,0",1,790.683407,1689,1.35445,134.35029,29.84513,59.69026,3 3 3 3 3 3 2 2 3 3 2 2 2 2 2 2 2 3 2 2 3 -0.683 3 2 2 2 2 2 2 3 3 3 3 2 2 3 3 3 3 3 3 3 3 3 3 3 3 3 3 3 2 2 2 2 2 2 3 3 3 3 3 3 2 2 3 2 3 3 2 2 3 3 3 3 3 3 3 3 3 2
165,SIPP_2^3,"50,2,0","2,33,0",1,643.872121,593,0.91956,55.27901,10.99557,21.99115,5 6 6 6 6 6 6 6 6 6 5 6 6 6 6 4 4 4 4 5 5 5 6 6 -0.319 5 5 5 5 5 5 5 5 5 4 4 5 5 5 5 5 5 5 5 6 5 5 6 6 6 6 6 6 6 5
165,SIPP_2^4,"50,2,0","2,33,0",1,621.1474469999999,469,2.0165,33.87252,6.78479,13.56958,12 12 12 12 12 12 12 12 12 12 12 11 11 -1.780 9 8 10 11 10 10 10 10 10 10 10 10 10 10 10 10 10 10 10 10 12 12 12 12 10 10 8 8 11 11 11 10
165,SIPP_2^5,"50,2,0","2,33,0",1,617.4443709999999,452,5.09349,34.46548,6.85783,13.71566,24 24 24 24 24 24 24 24 23 24 23 20 16 16 20 20 20 21 20 20 20 20 20 20 20 20 20 20 20 20 20 24 24 24 22 20 16 16 20 22 22 22
165,SIPP_BigCS,"50,2,1","2,33,0",1,619.687557,1492,27.38948,19.25522,3.638,0.673,7 7 7 7 7 15 -6.688 323 206 326 251 103 103 103 103 103 103 127 206 206 326 203 203 363
165,SIPP_Standard,"50,2,1","2,33,0",1,838.966627,780,5.82588,26.69762,5.1206,0.6149,-44.100 75 -18.057 70 31 39 -23.815 16 78 -12.945 107 -0.049 50 93
166,SIPP_2^2,"36,1,0","29,55,0",1,866.030541,3677,2.81267,127.27922,28.27433,56.54867,2 3 2 2 3 3 3 3 3 -17.030 2 -0.012 2 -0.012 2 2 2 2 2 2 2 2 2 2 2 2 2 1 1 -9.212 2 -0.060 2 -0.420 2 2 2 2 2 2 2 2 2 2 2 2 2 1 -62.815 2 2 -5.704 2 -0.060 2 -0.420 2 1 2 2 1 2 2 2 2 1 2 2 2 2 -4.293 2 -0.034 2 -0.032 2 2 3 3 3 3 3 -11.676 0 -0.101 3 -0.062 3 -4.059 2 -0.012 2 -0.014 2
166,SIPP_2^3,"36,1,0","29,55,0",1,662.5913770000001,1018,1.43006,104.4327,19.63495,39.26991,4 5 5 5 5 5 4 4 4 7 4 4 4 3 3 4 4 4 4 3 3 3 -0.019 4 -0.534 4 4 5 4 4 4 4 4 5 4 4 4 5 5 5 4 4 5 -1.514 4 -1.083 4 4 4 4 4 5 5 4 4 4 4 4 -4.932 4 -0.101 2 -1.566 3
166,SIPP_2^4,"36,1,0","29,55,0",1,598.1235919999999,426,1.74722,36.23887,7.13457,14.26914,9 9 8 -11.050 9 7 7 6 7 7 9 8 8 8 8 -0.306 9 9 9 9 8 8 8 8 9 8 8 -4.830 8 -0.014 8 -0.011 8 8 8 8 8 8 8 9 9 8 9
166,SIPP_2^5,"36,1,0","29,55,0",1,595.909883,403,5.1432,23.69735,4.67731,9.35461,17 18 -11.788 18 14 14 13 -0.927 17 15 16 -0.359 16 -0.888 17 17 17 17 17 16 -8.576 16 -0.014 16 -0.011 16 16 16 17 17 16 16 17
166,SIPP_BigCS,"36,1,7","29,55,2",1,606.357582,1494,79.63897,27.80291,5.1726,1.2025,206 206 -14.841 382 200 200 200 200 -11.517 336 206 310 84 206 342 376 206 310 4
166,SIPP_Standard,"36,1,7","29,55,2",1,866.511546,5276,75.51376,32.1101,6.1914,0.9931,11 51 102 -28.559 64 40 -168.031 102 88 -0.922 16
167,SIPP_2^2,"8,30,0","5,32,0",0,-1,0,0.0,0.0,0.0,0.0,
167,SIPP_2^3,"8,30,0","5,32,0",0,-1,0,0.0,0.0,0.0,0.0,
167,SIPP_2^4,"8,30,0","5,32,0",0,-1,0,0.0,0.0,0.0,0.0,
167,SIPP_2^5,"8,30,0","5,32,0",0,-1,0,0.0,0.0,0.0,0.0,
167,SIPP_BigCS,"8,30,0","5,32,0",0,-1,0,0.0,0.0,0.0,0.0,
167,SIPP_Standard,"8,30,2","5,32,7",0,-1,0,5e-05,0.0,0.0,0.0,
168,SIPP_2^2,"53,37,0","7,31,0",1,653.565888,963,0.82368,169.70563,37.69911,75.39822,3 2 3 2 3 3 3 3 2 2 3 2 3 3 3 3 3 3 0 -29.505 3 -3.295 0 3 0 3 3 3 0 0 3 3 3 3 3 3 3 3 0 3 -0.765 3 3 3 0 0 0 3 3 3 3 3 3 3 3 3 3 3 3 3 0 3 3 0 3
168,SIPP_2^3,"53,37,0","7,31,0",1,596.2798019999999,896,1.29059,55.83307,10.99557,21.99115,5 5 5 5 5 6 6 6 -0.553 7 0 0 7 0 0 7 7 6 6 6 7 7 7 7 6 6 6 6 6 6 7 -21.168 7 6 6 5 5 6 6 6 6 6 6 6 6 6 6 6 6 6 6 5
168,SIPP_2^4,"53,37,0","7,31,0",1,567.6079679999999,614,2.48846,22.90028,4.46655,8.9331,10 10 10 10 10 10 11 11 10 11 11 11 10 13 14 13 14 14 14 14 14 13 13 13 13 14 14 14 14 13 13 13
168,SIPP_2^5,"53,37,0","7,31,0",1,563.134938,561,7.17188,13.47917,2.60909,5.21818,21 21 21 21 20 21 20 20 26 27 28 28 28 28 28 27 26 26 26 27 27 27
168,SIPP_BigCS,"53,37,13","7,31,14",1,560.0,2272,179.69947,13.80643,2.4727,0.3198,103 103 103 103 103 155 203 283 253 126 205 205 205 205 221 102
168,SIPP_Standard,"53,37,13","7,31,14",1,651.0,666,11.76025,24.02026,4.6298,0.5775,78 75 78 107 30 50 69 46
169,SIPP_2^2,"44,58,0","50,26,0",1,405.630809,405,0.3453,42.42641,9.42478,18.84956,0 0 0 0 0 0 0 0 0 0 0 0 0 0 0 0 0 0 0 1 1 0 0 0 0 0 0 0 0 0 1 0 0 0 0 -3.804 0 -0.909 1 -0.918 1 1 2
169,SIPP_2^3,"44,58,0","50,26,0",1,347.59692099999995,197,0.33366,27.47782,5.49779,10.99557,0 0 0 0 0 0 0 0 0 0 0 0 0 1 0 0 0 0 0 1 0 0 0 0 0 1 1 0 0 0 1 -2.744 1
169,SIPP_2^4,"44,58,0","50,26,0",1,346.137903,221,1.04209,14.89048,2.96174,5.92348,0 0 0 0 0 0 0 0 0 0 0 0 0 0 0 0 1 0 0 1 0 0 0 0 0 1 1 -4.335 3
169,SIPP_2^5,"44,58,0","50,26,0",1,346.137903,231,2.93291,12.04957,2.39415,4.7883,0 0 0 0 0 0 0 1 0 0 0 0 0 0 0 0 1 0 0 0 0 1 1 -7.286 6
169,SIPP_BigCS,"44,58,6","50,26,3",1,346.063564,990,21.13176,14.94183,2.9522,0.7748,6 6 6 6 6 6 6 2 86 340 338 -0.064 372
169,SIPP_Standard,"44,58,6","50,26,3",1,618.84536,1796,24.39766,32.27231,6.193,0.9967,103 73 108 38 -21.845 27 106 29
170,SIPP_2^2,"18,15,0","36,44,0",0,-1,0,0.0,0.0,0.0,0.0,
170,SIPP_2^3,"18,15,0","36,44,0",0,-1,0,0.0,0.0,0.0,0.0,
170,SIPP_2^4,"18,15,0","36,44,0",0,-1,0,0.0,0.0,0.0,0.0,
170,SIPP_2^5,"18,15,0","36,44,0",0,-1,0,0.0,0.0,0.0,0.0,
170,SIPP_BigCS,"18,15,0","36,44,0",0,-1,0,0.0,0.0,0.0,0.0,
170,SIPP_Standard,"18,15,5","36,44,12",0,-1,0,5e-05,0.0,0.0,0.0,
171,SIPP_2^2,"9,40,0","15,2,0",0,-1,0,0.0,0.0,0.0,0.0,
171,SIPP_2^3,"9,40,0","15,2,0",0,-1,0,0.0,0.0,0.0,0.0,
171,SIPP_2^4,"9,40,0","15,2,0",0,-1,0,0.0,0.0,0.0,0.0,
171,SIPP_2^5,"9,40,0","15,2,0",0,-1,0,0.0,0.0,0.0,0.0,
171,SIPP_BigCS,"9,40,0","15,2,0",0,-1,0,0.0,0.0,0.0,0.0,
171,SIPP_Standard,"9,40,11","15,2,7",0,-1,3,0.05613,0.0,0.0,0.0,
172,SIPP_2^2,"51,49,0","25,46,0",0,-1,1,0.00607,0.0,0.0,0.0,
172,SIPP_2^3,"51,49,0","25,46,0",1,311.72588699999994,261,0.43418,40.69394,7.85398,15.70796,7 6 6 6 6 6 6 6 6 6 6 6 6 6 6 5 5 6 7 6 7 0 7 7 7 -0.305 5 5
172,SIPP_2^4,"51,49,0","25,46,0",1,310.666896,275,1.2703,30.09944,5.96143,11.92287,14 12 12 12 12 12 12 11 11 12 12 12 12 12 12 12 13 12 15 15 13 9
172,SIPP_2^5,"51,49,0","25,46,0",1,308.45318699999996,276,3.41966,23.29669,4.75035,9.50069,28 24 24 24 24 24 24 24 24 24 23 23 24 24 25 30 30 26 18
172,SIPP_BigCS,"51,49,1","25,46,4",1,329.939253,1309,28.93166,25.12383,5.0386,1.2853,102 166 355 175 -3.939 357 122
172,SIPP_Standard,"51,49,1","25,46,4",1,793.701816,1195,8.61559,27.16813,5.217,0.6732,50 -93.322 69 54 74 109 51 -61.380 110 36
173,SIPP_2^2,"61,11,0","14,30,0",1,819.0774369999999,2888,2.01806,148.49242,32.98672,65.97345,3 2 2 2 3 3 3 3 3 3 3 3 2 2 2 2 2 2 2 2 3 2 2 2 2 2 3 3 3 3 3 3 3 3 3 0 0 3 -1.782 3 3 2 3 3 2 2 2 2 2 2 2 2 2 3 3 3 3 3 3 3 3 3 3 3 -6.711 3 3 3 3 -2.564 0 -3.594 3 -4.313 3 -0.093 0 -0.020 3 0 3 3 3 3 0 3 0
173,SIPP_2^3,"61,11,0","14,30,0",1,603.781205,781,0.96619,68.06013,13.35177,26.70354,6 6 6 6 6 6 6 6 6 6 7 7 7 -3.038 5 5 5 5 4 5 -21.332 5 5 5 5 6 5 5 5 5 6 5 5 6 6 5 6 6 5 5 5 6 6 6 6 5 6 6 6 5
173,SIPP_2^4,"61,11,0","14,30,0",1,585.966645,588,1.87224,32.50843,6.46304,12.92608,12 12 12 12 12 12 12 12 12 12 14 14 14 11 9 10 9 -23.856 10 11 10 10 10 10 10 11 11 11 11 11 11 11 12 11 12 12 11
173,SIPP_2^5,"61,11,0","14,30,0",1,583.3056330000001,560,4.54686,20.84442,4.14193,8.28386,24 24 24 24 24 24 24 24 24 24 28 28 28 22 18 19 -24.304 20 21 20 20 20 20 22 22 22 22 22 23 23 22 23
173,SIPP_BigCS,"61,11,0","14,30,6",1,603.459211,3897,102.06087,18.10313,3.3866,0.4692,103 179 206 206 206 206 254 -9.459 151 365 7 7 7 7 7 7 7 59 365
173,SIPP_Standard,"61,11,0","14,30,6",1,765.9774669999999,2893,64.32133,25.07375,4.441,0.6639,62 62 78 107 54 -11.977 66 34 75 62
174,SIPP_2^2,"59,1,0","3,38,0",0,-1,0,0.0,0.0,0.0,0.0,
174,SIPP_2^3,"59,1,0","3,38,0",0,-1,0,0.0,0.0,0.0,0.0,
174,SIPP_2^4,"59,1,0","3,38,0",0,-1,0,0.0,0.0,0.0,0.0,
174,SIPP_2^5,"59,1,0","3,38,0",0,-1,0,0.0,0.0,0.0,0.0,
174,SIPP_BigCS,"59,1,0","3,38,0",0,-1,0,0.0,0.0,0.0,0.0,
174,SIPP_Standard,"59,1,13","3,38,5",0,-1,0,2e-05,0.0,0.0,0.0,
175,SIPP_2^2,"56,12,0","32,7,0",1,407.800637,582,0.39646,56.56854,15.70796,31.41593,3 3 3 3 3 3 3 3 0 0 0 0 3 0 3 3 3 3 3 0 0 0 -3.253 2 2 2 2 3 3 3 3 3 3 3 3 -16.864 0 -17.684 3 3
175,SIPP_2^3,"56,12,0","32,7,0",1,389.58375099999995,858,1.15621,47.498,9.42478,18.84956,7 6 7 6 6 6 6 7 7 7 -2.384 5 5 5 5 5 5 -2.736 6 7 7 7 7 7 -58.645 7 0 -1.261 5
175,SIPP_2^4,"56,12,0","32,7,0",1,309.939079,340,1.24246,24.03056,4.57049,9.14098,12 12 13 13 12 14 14 14 14 13 13 13 13 14 -2.059 10 9 9 10
175,SIPP_2^5,"56,12,0","32,7,0",1,309.74309099999994,349,3.32319,16.61043,3.28349,6.56698,24 25 25 28 28 28 28 26 26 26 26 26 18 17 20
175,SIPP_BigCS,"56,12,12","32,7,6",1,403.750221,5870,90.57519,19.0465,3.6387,1.02,203 203 203 203 307 -2.320 3 7 -2.275 79 202 378 -4.155 332
175,SIPP_Standard,"56,12,12","32,7,6",1,616.547175,768,5.11753,24.41724,4.5565,0.6598,4 -13.336 96 86 27 -10.700 58 66 -1.510 54
176,SIPP_2^2,"55,30,0","47,36,0",1,259.07486700000004,363,0.30027,42.42641,9.42478,18.84956,0 0 0 0 -39.013 3 -0.029 3 -0.034 3 3 3 3 2 2 2 2 2 2 2 2 3 2 3 2
176,SIPP_2^3,"55,30,0","47,36,0",1,122.42640800000001,41,0.06245,15.66785,3.14159,6.28319,4 4 4 5 5 6 6 6 6 5 6
176,SIPP_2^4,"55,30,0","47,36,0",1,118.602418,43,0.17091,10.52843,2.03444,4.06889,9 9 8 -1.520 11 12 12 12 12
176,SIPP_2^5,"55,30,0","47,36,0",1,118.12559300000001,41,0.41849,6.88544,1.39094,2.78189,18 17 20 24 24 24 24 24
176,SIPP_BigCS,"55,30,2","47,36,10",1,119.0,75,1.46048,7.98716,1.566,0.3811,4 72 191 7 7
176,SIPP_Standard,"55,30,2","47,36,10",1,689.7198040000001,2147,16.4494,26.70443,5.1693,0.8756,0 0 24 -72.424 107 -37.644 54 -2.652 106 41
177,SIPP_2^2,"6,40,0","4,15,0",1,397.137088,324,0.25644,63.63961,14.13717,28.27433,2 -2.100 1 -13.612 1 1 0 0 0 0 0 0 0 -25.808 3 -4.317 0 0 0 0 0 0 0 0 -1.300 0 0 0 3 3 0 0 0 0 0 3 0 0 0 3
177,SIPP_2^3,"6,40,0","4,15,0",1,357.84482899999995,285,0.44611,66.14337,13.35177,26.70354,4 -2.100 2 -13.612 0 1 0 1 1 1 1 0 1 7 7 7 7 0 0 0 0 7 7 7 0 7 0 0 0 7
177,SIPP_2^4,"6,40,0","4,15,0",1,279.12793,111,0.41319,17.57649,3.42539,6.85077,0 0 0 0 0 0 0 1 1 14 14 14 14 15 -3.117 1 0 0 0 0 0 0
177,SIPP_2^5,"6,40,0","4,15,0",1,278.709734,114,1.04382,17.45049,3.53638,7.07277,0 0 0 0 0 0 1 2 28 29 28 28 -4.622 1 0 0 0 0 0
177,SIPP_BigCS,"6,40,4","4,15,8",1,345.602102,522,6.38254,16.40379,3.1326,0.842,-35.713 5 -0.889 69 204 204 380 202 202 218 170
177,SIPP_Standard,"6,40,4","4,15,8",1,377.602371,38,0.27731,18.47345,3.6003,0.6426,-36.602 13 108 30 42
178,SIPP_2^2,"14,28,0","59,21,0",1,738.8374259999999,2239,1.84588,141.42136,34.55752,69.11504,0 0 0 1 1 1 1 2 2 1 1 -12.713 1 1 0 0 0 0 0 -24.310 2 1 1 1 1 1 0 1 0 0 1 1 1 1 1 1 1 0 1 1 1 1 1 1 1 1 1 1 1 1 1 1 1 1 1 0 0 0 -1.814 0 1 1 1 2 2 2 1 2 1 2 1 1 2
178,SIPP_2^3,"14,28,0","59,21,0",1,495.56349599999993,294,0.43175,55.54943,10.99557,21.99115,2 2 3 2 2 3 2 2 2 2 2 2 2 2 2 2 2 1 2 1 2 2 1 2 1 1 1 1 2 2 2 2 2 1 1 2 2 2 2 2 2 2 2 2 2
178,SIPP_2^4,"14,28,0","59,21,0",1,489.88273499999997,295,1.2779,29.70299,5.92348,11.84696,4 4 5 4 4 4 5 4 4 4 4 4 4 4 4 4 3 3 -0.287 2 2 3 4 3 2 2 2 3 4 4 4 4 4 4 4 5 4 4
178,SIPP_2^5,"14,28,0","59,21,0",1,487.7124989999999,293,4.31088,32.04061,6.3591,12.7182,8 9 8 8 8 9 8 7 8 8 8 7 8 8 6 2 6 -0.987 7 4 4 7 8 8 8 8 8 8 9 8
178,SIPP_BigCS,"14,28,7","59,21,14",1,490.541557,1030,135.3225,16.05547,3.0972,0.378,311 29 361 5 89 -5.899 181 -6.643 361 5 5 5 5 5 5 5
178,SIPP_Standard,"14,28,7","59,21,14",1,588.1284760000001,252,2.46412,13.74671,2.6898,0.4476,95 1 -10.913 1 -64.182 9 29 -15.033 41
179,SIPP_2^2,"40,45,0","21,39,0",1,354.630809,466,0.44112,70.71068,15.70796,31.41593,2 2 2 3 3 3 3 3 3 3 2 2 -3.713 3 -0.918 3 3 3 0 3 3 0 0 0 0 0 0 3 3 3 0 0 0 3 3 3 0
179,SIPP_2^3,"40,45,0","21,39,0",1,284.54258799999997,205,0.37768,35.46218,7.06858,14.13717,4 4 -6.375 6 6 6 6 6 6 7 7 7 7 -0.888 0 0 0 6 6 6 5 5 6 7 7 7
179,SIPP_2^4,"40,45,0","21,39,0",1,280.979676,205,1.05988,42.98331,8.27967,16.55935,8 9 13 12 12 12 14 14 14 14 -2.542 0 0 0 11 12 12 11 14 14 14
179,SIPP_2^5,"40,45,0","21,39,0",1,279.50386999999995,203,2.63144,32.23239,6.46304,12.92608,17 24 25 24 28 28 28 28 -4.018 0 0 0 23 23 28 28 28
179,SIPP_BigCS,"40,45,2","21,39,14",1,296.91585599999996,387,8.91426,24.2229,4.6991,1.2517,206 334 75 -3.759 190 -0.157 6 66 118 203
179,SIPP_Standard,"40,45,2","21,39,14",1,438.57346800000005,109,0.84234,22.8938,4.4383,0.6244,-1.102 24 91 -11.471 23 46 26
180,SIPP_2^2,"50,55,0","24,57,0",0,-1,0,0.0,0.0,0.0,0.0,
180,SIPP_2^3,"50,55,0","24,57,0",0,-1,0,0.0,0.0,0.0,0.0,
180,SIPP_2^4,"50,55,0","24,57,0",0,-1,0,0.0,0.0,0.0,0.0,
180,SIPP_2^5,"50,55,0","24,57,0",0,-1,0,0.0,0.0,0.0,0.0,
180,SIPP_BigCS,"50,55,0","24,57,0",0,-1,0,0.0,0.0,0.0,0.0,
180,SIPP_Standard,"50,55,2","24,57,1",0,-1,0,4e-05,0.0,0.0,0.0,
181,SIPP_2^2,"40,1,0","11,4,0",1,505.138963,406,0.30893,63.63961,14.13717,28.27433,3 3 3 3 3 2 3 2 2 -57.079 2 -1.487 2 2 2 3 3 3 3 3 3 0 -6.509 0 -0.032 0 -0.033 0 0 0 3 3 3 3 2 3 3 3 3 3 3 3 3 3 3 3 3 3 2
181,SIPP_2^3,"40,1,0","11,4,0",1,417.455872,494,0.73696,65.90878,12.56637,25.13274,6 6 6 6 6 6 5 6 5 5 5 5 5 5 6 6 5 5 -18.748 0 6 6 5 6 7 0 0 0 7 -12.749 7 -2.111 6 6 6 6
181,SIPP_2^4,"40,1,0","11,4,0",1,397.87535799999995,401,1.53817,28.80896,5.78158,11.56316,12 12 12 12 11 11 11 10 10 10 10 10 11 -33.492 13 11 12 13 13 13 14 14 2
181,SIPP_2^5,"40,1,0","11,4,0",1,395.973052,402,3.88131,42.74165,7.39033,14.78067,23 23 23 23 20 20 20 21 -31.054 0 23 25 26 27 28 4
181,SIPP_BigCS,"40,1,13","11,4,15",1,417.261438,1307,20.2398,38.64969,7.7046,2.3551,171 7 7 -2.154 11 76 347 -23.299 162 -16.092 79 -3.717 234
181,SIPP_Standard,"40,1,13","11,4,15",1,651.088911,234,1.27858,23.08482,4.3049,0.6543,11 -15.758 51 70 -8.607 55 -37.821 107 -14.903 42 60
182,SIPP_2^2,"7,29,0","38,5,0",0,-1,0,0.0,0.0,0.0,0.0,
182,SIPP_2^3,"7,29,0","38,5,0",0,-1,0,0.0,0.0,0.0,0.0,
182,SIPP_2^4,"7,29,0","38,5,0",0,-1,0,0.0,0.0,0.0,0.0,
182,SIPP_2^5,"7,29,0","38,5,0",0,-1,0,0.0,0.0,0.0,0.0,
182,SIPP_BigCS,"7,29,0","38,5,0",0,-1,0,0.0,0.0,0.0,0.0,
182,SIPP_Standard,"7,29,9","38,5,0",0,-1,0,5e-05,0.0,0.0,0.0,
183,SIPP_2^2,"7,44,0","26,36,0",0,-1,0,0.0,0.0,0.0,0.0,
183,SIPP_2^3,"7,44,0","26,36,0",0,-1,0,0.0,0.0,0.0,0.0,
183,SIPP_2^4,"7,44,0","26,36,0",0,-1,0,0.0,0.0,0.0,0.0,
183,SIPP_2^5,"7,44,0","26,36,0",0,-1,0,0.0,0.0,0.0,0.0,
183,SIPP_BigCS,"7,44,0","26,36,0",0,-1,0,0.0,0.0,0.0,0.0,
183,SIPP_Standard,"7,44,11","26,36,7",0,-1,0,4e-05,0.0,0.0,0.0,
184,SIPP_2^2,"20,41,0","61,55,0",1,697.8985329999999,2086,1.89136,91.92388,20.42035,40.8407,2 2 2 2 2 2 1 2 2 2 2 1 2 2 -24.002 3 2 2 2 2 1 1 0 1 1 1 1 1 1 1 1 1 1 1 1 2 1 1 1 1 1 1 1 1 1 1 1 1 1 1 1 1 1 1 1 -43.897 1 1 1 1 1 1 0 0 1
184,SIPP_2^3,"20,41,0","61,55,0",1,467.9899039999999,320,0.5276,63.84782,12.56637,25.13274,3 3 2 2 2 2 2 2 2 2 2 2 3 2 2 2 2 3 3 2 3 2 3 2 3 2 2 2 2 2 2 2 3 3 3 3 2 2 3 2 3
184,SIPP_2^4,"20,41,0","61,55,0",1,446.612432,210,0.93504,29.58564,5.88552,11.77104,6 6 4 4 4 4 4 4 4 4 4 5 4 5 5 4 5 5 5 4 4 5 4 5 5 5 5 4 5
184,SIPP_2^5,"20,41,0","61,55,0",1,437.75759599999986,69,0.7841,5.54182,1.10715,2.2143,12 12 9 9 9 9 9 9 9 8 8 8 9 9 9 9 9
184,SIPP_BigCS,"20,41,3","61,55,15",1,441.0,296,5.10781,12.30667,2.2222,0.4052,100 160 5 5 5 85 207 207 207 207 207 207 207 311 5 57
184,SIPP_Standard,"20,41,3","61,55,15",1,505.0,287,1.18703,27.79389,5.41,0.8368,80 25 64 36 9 41
185,SIPP_2^2,"40,5,0","30,62,0",1,986.26211,4850,4.18079,113.13708,28.27433,56.54867,3 0 0 0 3 3 3 3 3 2 2 -37.079 2 -1.487 2 2 2 2 2 2 2 2 2 2 2 2 2 2 3 2 2 2 2 2 2 2 2 2 2 2 2 2 2 2 2 3 -30.998 1 2 -5.704 2 -0.060 2 -0.420 2 2 1 2 2 2 2 2 2 2 2 2 1 1 -4.293 2 1 1 2 2 2 2 2 2 -29.525 2 -17.347 2 3 -9.349 3 3 3 3 3 3 2 2 2 2 3
185,SIPP_2^3,"40,5,0","30,62,0",1,708.4062160000004,753,1.12535,79.38902,15.70796,31.41593,3 3 3 3 3 3 3 3 3 3 4 4 4 4 4 3 4 4 4 4 4 4 4 4 4 5 4 4 4 5 4 4 5 5 5 5 4 4 5 5 5 5 4 5 5 4 5 4 4 5 5 5 5 5 4 5 6 5
185,SIPP_2^4,"40,5,0","30,62,0",1,655.094897,669,3.01985,47.98743,9.70857,19.41714,8 7 8 7 7 7 8 8 8 8 8 9 8 8 8 -3.791 8 -0.370 12 9 9 10 9 9 9 9 -4.628 6 8 8 8 8 -8.983 10 10 10 10 10 9 8 8 8 8 8 8 8 8 8 8 8
185,SIPP_2^5,"40,5,0","30,62,0",1,647.650757,577,7.00564,47.18388,9.12344,18.24688,15 15 15 18 16 16 16 16 16 16 15 -6.743 16 -0.370 24 19 18 18 18 19 -5.001 15 17 20 16 16 15 16 16 16 16 16 16 20 20 20 19
185,SIPP_BigCS,"40,5,6","30,62,14",1,652.158555,1782,60.74273,20.56169,3.9034,0.6051,200 200 200 304 -2.159 16 168 4 4 4 4 4 4 4 4 60 103 103 103 179 254 127
185,SIPP_Standard,"40,5,6","30,62,14",1,747.0,677,3.11962,28.9234,5.5659,0.726,28 52 88 16 70 51 86 15 110
186,SIPP_2^2,"9,58,0","0,2,0",0,-1,0,0.0,0.0,0.0,0.0,
186,SIPP_2^3,"9,58,0","0,2,0",0,-1,0,0.0,0.0,0.0,0.0,
186,SIPP_2^4,"9,58,0","0,2,0",0,-1,0,0.0,0.0,0.0,0.0,
186,SIPP_2^5,"9,58,0","0,2,0",0,-1,0,0.0,0.0,0.0,0.0,
186,SIPP_BigCS,"9,58,0","0,2,0",0,-1,0,0.0,0.0,0.0,0.0,
186,SIPP_Standard,"9,58,3","0,2,9",0,-1,24572,180.16436,0.0,0.0,0.0,
187,SIPP_2^2,"12,4,0","50,35,0",1,694.565888,1827,1.4213,141.42136,31.41593,62.83185,1 2 1 2 2 1 2 1 1 1 1 1 1 2 2 2 2 2 2 2 2 2 1 1 1 1 2 2 2 2 1 1 1 1 2 2 2 2 1 2 1 2 1 2 2 2 1 1 1 1 1 1 1 1 1 1 1 1 1 2 2 2 2 2 1 -4.566 1 1 1 1
187,SIPP_2^3,"12,4,0","50,35,0",1,586.077887,1007,1.56266,63.36704,12.56637,25.13274,3 3 2 -0.881 4 -4.786 3 2 2 2 2 2 3 3 3 3 3 3 3 2 3 3 3 3 2 2 3 3 3 1 2 2 2 2 2 3 3 3 3 3 3 3 4 4 4 4 4 4 -2.715 5
187,SIPP_2^4,"12,4,0","50,35,0",1,541.3191489999999,487,2.00347,30.73192,6.14129,12.28258,6 7 -2.663 8 6 6 6 6 6 5 4 4 4 5 5 5 5 5 5 6 -0.688 5 4 5 5 5 6 5 6 8 8 8 8 8 8 8
187,SIPP_2^5,"12,4,0","50,35,0",1,540.7127889999999,494,5.08092,22.12733,4.39064,8.78128,15 -1.362 14 11 12 12 10 9 9 9 10 10 11 12 -1.168 8 9 11 10 10 12 16 16 16 16 16 16 -1.169 16
187,SIPP_BigCS,"12,4,10","50,35,7",1,548.365569,2270,38.19387,28.35186,5.5438,1.056,327 -8.366 328 5 61 100 124 255 184 61 188 4 4 4 4 4
187,SIPP_Standard,"12,4,10","50,35,7",1,662.570412,2001,46.98348,21.0831,4.0492,0.4414,-24.010 95 17 95 -17.469 21 52 -35.070 88 -3.022 16
188,SIPP_2^2,"21,51,0","32,24,0",1,400.0,392,0.37228,120.20815,26.70354,53.40708,0 0 0 0 0 0 3 0 0 0 0 1 1 0 1 0 1 1 1 0 0 0 1 0 1 0 0 0 1 1 0 0 0 0 0 1 0 0 0 1
188,SIPP_2^3,"21,51,0","32,24,0",1,319.28133299999996,185,0.3332,44.38613,8.63938,17.27876,1 1 1 1 0 1 1 0 1 -3.718 0 0 0 0 0 0 0 1 0 0 1 0 0 0 0 1 1 0
188,SIPP_2^4,"21,51,0","32,24,0",1,306.32755599999996,127,0.64435,16.46499,3.28349,6.56698,2 2 1 1 2 1 0 1 0 0 0 0 0 1 1 1 1 -4.955 0 -0.060 0
188,SIPP_2^5,"21,51,0","32,24,0",1,306.32755599999996,137,2.74755,8.15569,1.62629,3.25259,3 3 4 2 1 1 1 1 0 1 -9.539 0 -0.060 0
188,SIPP_BigCS,"21,51,8","32,24,6",1,306.230391,201,21.11114,16.8713,3.3237,0.8641,101 101 101 101 101 161 74 161 6 58 -1.230 308
188,SIPP_Standard,"21,51,8","32,24,6",1,331.0,59,3.3582,14.36023,2.8158,0.5322,42 68 29 33
189,SIPP_2^2,"10,55,0","33,47,0",0,-1,0,0.0,0.0,0.0,0.0,
189,SIPP_2^3,"10,55,0","33,47,0",0,-1,0,0.0,0.0,0.0,0.0,
189,SIPP_2^4,"10,55,0","33,47,0",0,-1,0,0.0,0.0,0.0,0.0,
189,SIPP_2^5,"10,55,0","33,47,0",0,-1,0,0.0,0.0,0.0,0.0,
189,SIPP_BigCS,"10,55,0","33,47,0",0,-1,0,0.0,0.0,0.0,0.0,
189,SIPP_Standard,"10,55,0","33,47,14",0,-1,0,4e-05,0.0,0.0,0.0,
190,SIPP_2^2,"30,16,0","56,25,0",1,486.228419,1202,1.00795,56.56854,15.70796,31.41593,1 1 1 1 1 2 -28.578 2 2 2 1 1 1 1 1 1 1 2 1 2 1 1 1 1 2 2 2 2 -55.226 0 -0.909 1 -0.918 1 -27.207 1 1 1 1 -3.391 1 1 1
190,SIPP_2^3,"30,16,0","56,25,0",1,399.7713979999999,535,0.84032,65.65134,13.35177,26.70354,2 2 2 2 2 2 2 2 -10.028 0 3 3 4 3 3 3 3 -17.878 1 2 -29.733 1 2 1 3 3 3 3 3 2 3
190,SIPP_2^4,"30,16,0","56,25,0",1,382.90228399999995,419,1.72284,32.70469,7.06858,14.13717,4 4 4 4 4 4 4 4 -10.028 0 6 6 6 6 -33.358 5 -0.444 6 -30.055 3 5 5 5 5 6
190,SIPP_2^5,"30,16,0","56,25,0",1,382.454981,419,4.29088,13.47328,2.60072,5.20144,-45.159 11 -1.228 10 10 10 11 -4.204 5 -31.117 6 10 10 10 11
190,SIPP_BigCS,"30,16,15","56,25,12",1,385.543721,1413,21.71632,21.71134,4.2329,1.3517,-45.587 73 100 100 -2.341 100 160 65 -34.011 173 -0.332 207 -0.273 207 207 207 327
190,SIPP_Standard,"30,16,15","56,25,12",1,401.058087,63,0.48736,13.69762,2.6244,0.3195,-66.058 84 17 79 64
191,SIPP_2^2,"12,49,0","54,15,0",1,807.725473,2452,1.90535,141.42136,31.41593,62.83185,1 0 1 0 0 0 0 3 3 0 0 0 0 0 0 1 1 1 1 1 1 1 1 1 1 1 1 0 1 0 0 0 1 1 0 1 1 1 1 1 1 1 0 1 1 -7.725 1 1 1 1 1 1 1 0 0 0 0 0 0 0 0 0 0 0 0 0 0 0 1 1 0 1 1 1 0 1 1 1 1 1 1
191,SIPP_2^3,"12,49,0","54,15,0",1,627.753852,1159,1.72635,66.05973,13.35177,26.70354,1 1 1 1 1 1 1 1 1 1 1 2 2 2 1 1 1 2 2 1 1 1 1 2 2 2 2 1 1 2 1 1 1 1 1 1 2 1 0 0 0 0 0 1 0 0 -17.632 2 3 2
191,SIPP_2^4,"12,49,0","54,15,0",1,556.538682,319,1.39473,14.39258,2.8578,5.7156,2 2 2 2 2 2 2 2 2 3 3 3 3 3 3 3 3 3 -3.586 4 2 2 2 2 2 2 2 2 1 2 2 2 1 2
191,SIPP_2^5,"12,49,0","54,15,0",1,554.359976,299,4.60395,12.55985,2.50646,5.01292,4 4 4 4 4 4 5 4 4 7 7 7 6 6 6 5 4 4 4 3 4 4 3 4 3 4
191,SIPP_BigCS,"12,49,2","54,15,7",1,553.0,1095,153.37474,15.73528,2.9268,0.5415,101 101 101 101 101 101 101 181 201 201 201 201 305 69 252 125 252
191,SIPP_Standard,"12,49,2","54,15,7",1,742.00001,2136,19.36065,16.49838,3.0589,0.3225,65 -19.858 53 89 -118.311 9 -12.842 49 60 -18.990 76
192,SIPP_2^2,"1,43,0","19,9,0",1,525.837426,628,0.49496,113.13708,25.13274,50.26548,0 1 1 1 1 1 1 0 0 0 0 0 0 0 1 -1.520 0 -4.317 0 1 0 0 0 0 0 0 0 0 0 1 1 1 0 0 0 0 0 0 0 0 0 1 0 0 1 0 1 1 0 0 1 1 1 0
192,SIPP_2^3,"1,43,0","19,9,0",1,426.2741759999999,234,0.38469,46.95529,9.42478,18.84956,1 1 2 2 1 1 1 1 1 1 1 1 0 0 0 0 1 1 0 0 0 1 0 0 0 0 0 1 0 1 0 0 0 0 0 1
192,SIPP_2^4,"1,43,0","19,9,0",1,413.483389,184,0.82301,14.09788,2.81984,5.63968,3 3 2 2 2 2 2 2 2 1 0 0 0 0 0 0 0 1 0 0 0 0 -1.461 0 1 1 1 1 2
192,SIPP_2^5,"1,43,0","19,9,0",1,412.171475,173,2.08319,8.51213,1.69515,3.3903,6 6 4 4 4 4 4 4 4 1 0 0 0 0 0 0 0 0 0 0 0 0 2 2 3 3
192,SIPP_BigCS,"1,43,1","19,9,6",1,411.729341,495,8.84619,14.03594,2.6204,0.3984,201 201 353 129 6 6 6 6 -0.729 42 204 204 204 324
192,SIPP_Standard,"1,43,1","19,9,6",1,494.731288,223,1.51504,21.02592,4.0202,0.5743,111 49 -7.731 68 49 100 74
193,SIPP_2^2,"34,28,0","63,49,0",0,-1,0,0.0,0.0,0.0,0.0,
193,SIPP_2^3,"34,28,0","63,49,0",0,-1,0,0.0,0.0,0.0,0.0,
193,SIPP_2^4,"34,28,0","63,49,0",0,-1,0,0.0,0.0,0.0,0.0,
193,SIPP_2^5,"34,28,0","63,49,0",0,-1,0,0.0,0.0,0.0,0.0,
193,SIPP_BigCS,"34,28,0","63,49,0",0,-1,0,0.0,0.0,0.0,0.0,
193,SIPP_Standard,"34,28,13","63,49,15",0,-1,23436,180.00856,0.0,0.0,0.0,
194,SIPP_2^2,"26,0,0","42,17,0",0,-1,0,0.0,0.0,0.0,0.0,
194,SIPP_2^3,"26,0,0","42,17,0",0,-1,0,0.0,0.0,0.0,0.0,
194,SIPP_2^4,"26,0,0","42,17,0",0,-1,0,0.0,0.0,0.0,0.0,
194,SIPP_2^5,"26,0,0","42,17,0",0,-1,0,0.0,0.0,0.0,0.0,
194,SIPP_BigCS,"26,0,0","42,17,0",0,-1,0,0.0,0.0,0.0,0.0,
194,SIPP_Standard,"26,0,6","42,17,11",0,-1,0,1e-05,0.0,0.0,0.0,
195,SIPP_2^2,"14,34,0","57,63,0",0,-1,0,0.0,0.0,0.0,0.0,
195,SIPP_2^3,"14,34,0","57,63,0",0,-1,0,0.0,0.0,0.0,0.0,
195,SIPP_2^4,"14,34,0","57,63,0",0,-1,0,0.0,0.0,0.0,0.0,
195,SIPP_2^5,"14,34,0","57,63,0",0,-1,0,0.0,0.0,0.0,0.0,
195,SIPP_BigCS,"14,34,0","57,63,0",0,-1,0,0.0,0.0,0.0,0.0,
195,SIPP_Standard,"14,34,8","57,63,2",0,-1,0,4e-05,0.0,0.0,0.0,
196,SIPP_2^2,"8,38,0","60,55,0",1,770.0,2346,2.09113,141.42136,31.41593,62.83185,1 1 1 2 2 2 2 1 2 1 2 2 1 2 2 1 1 1 1 1 1 1 1 1 2 2 2 2 1 2 1 1 1 1 1 1 1 1 1 0 0 1 1 1 1 1 1 1 1 1 1 1 1 1 1 1 1 1 1 1 0 0 1 1 1 1 1 2 2 1 1 2 2 2 2 2 1
196,SIPP_2^3,"8,38,0","60,55,0",1,672.5208920000001,1596,2.72011,71.33781,14.13717,28.27433,1 0 -5.899 2 -0.053 2 -0.310 2 3 3 3 3 3 3 2 2 2 2 3 3 3 2 2 2 2 2 2 2 2 2 2 2 -8.879 2 3 2 2 2 2 2 2 2 3 3 4 4 3 3 3 3 3 3 2 2 -16.252 3 2 1 2 1
196,SIPP_2^4,"8,38,0","60,55,0",1,606.7658320000003,554,2.64094,40.86468,8.13778,16.27555,1 2 4 5 5 5 5 5 5 5 5 5 4 5 4 4 4 3 4 6 4 4 4 4 4 4 4 4 5 5 5 6 8 6 6 6 6 5
196,SIPP_2^5,"8,38,0","60,55,0",1,596.7214250000001,462,5.45274,28.23042,5.63968,11.27937,2 -7.681 8 -0.053 8 10 9 9 10 10 10 9 9 9 7 9 9 9 9 9 12 16 -3.967 12 10 10 10
196,SIPP_BigCS,"8,38,12","60,55,13",1,620.373214,1912,40.89324,31.03061,5.9261,1.5731,78 345 176 207 207 207 287 337 207 255 100 -13.373 124 367 5 5 5
196,SIPP_Standard,"8,38,12","60,55,13",1,968.6537559999999,1048,11.08348,26.4683,4.7239,0.6364,60 -10.484 84 -158.085 17 63 -12.016 63 -14.069 95 21 44 20
197,SIPP_2^2,"40,38,0","45,23,0",1,220.0,77,0.06796,42.42641,9.42478,18.84956,0 1 1 1 1 0 0 0 0 0 0 3 0 0 0 0 1 1 0 0 0 0
197,SIPP_2^3,"40,38,0","45,23,0",1,205.378877,99,0.16623,40.8425,7.85398,15.70796,1 1 0 1 1 0 0 0 -20.473 6 -0.053 0 1 0 0 0 0 1
197,SIPP_2^4,"40,38,0","45,23,0",1,176.590488,60,0.25343,14.45433,2.81984,5.63968,1 1 1 2 15 15 1 2 2
197,SIPP_2^5,"40,38,0","45,23,0",1,175.69588199999998,58,0.60886,12.56569,2.42505,4.8501,2 2 3 30 30 3 4
197,SIPP_BigCS,"40,38,2","45,23,1",1,176.0,135,2.16211,14.27075,2.8156,0.8769,321 204 380 346 101 101
197,SIPP_Standard,"40,38,2","45,23,1",1,865.5847289999999,1518,10.86453,33.38648,6.4276,0.9351,17 79 104 43 -66.282 69 -2.458 46 2 -48.237 22 -7.608 45
198,SIPP_2^2,"53,7,0","31,16,0",1,490.644229,1063,0.75639,91.92388,23.56194,47.12389,3 3 3 0 0 0 3 3 3 3 3 3 3 0 3 3 3 0 3 3 0 3 3 3 2 2 2 2 2 2 2 2 3 2 2 2 3 3 3 3 -40.644 1 2 2 2 2
198,SIPP_2^3,"53,7,0","31,16,0",1,293.8477679999999,233,0.33687,39.78757,7.85398,15.70796,5 5 4 5 5 5 4 5 5 5 5 5 6 7 6 6 6 6 6 7 6 6 6 7
198,SIPP_2^4,"53,7,0","31,16,0",1,285.80378099999996,215,0.84654,24.29751,4.85429,9.70857,10 10 10 10 10 9 10 10 9 10 12 12 12 13 12 13 12 13 -0.863 12
198,SIPP_2^5,"53,7,0","31,16,0",1,285.80378099999996,222,2.29115,17.90955,3.50548,7.01097,20 20 20 20 19 20 19 20 25 24 25 24 25 -3.972 24
198,SIPP_BigCS,"53,7,9","31,16,4",1,285.80378099999996,652,10.61048,12.63944,2.4152,0.5471,103 127 254 175 205 309 -2.804 7
198,SIPP_Standard,"53,7,9","31,16,4",1,571.6103659999999,727,8.47909,18.06457,3.3616,0.5412,4 104 -19.692 43 -125.918 61 69
199,SIPP_2^2,"55,19,0","59,63,0",0,-1,0,0.0,0.0,0.0,0.0,
199,SIPP_2^3,"55,19,0","59,63,0",0,-1,0,0.0,0.0,0.0,0.0,
199,SIPP_2^4,"55,19,0","59,63,0",0,-1,0,0.0,0.0,0.0,0.0,
199,SIPP_2^5,"55,19,0","59,63,0",0,-1,0,0.0,0.0,0.0,0.0,
199,SIPP_BigCS,"55,19,0","59,63,0",0,-1,0,0.0,0.0,0.0,0.0,
199,SIPP_Standard,"55,19,8","59,63,1",0,-1,21223,180.00428,0.0,0.0,0.0,
200,SIPP_2^2,"58,36,0","36,35,0",1,330.0,334,0.29914,91.92388,20.42035,40.8407,3 3 3 3 3 3 3 3 2 2 2 3 3 3 3 3 2 3 3 3 3 2 3 3 0 3 0 3 0 0 0 3 0
200,SIPP_2^3,"58,36,0","36,35,0",1,305.22681099999994,296,0.51015,36.77752,7.06858,14.13717,6 6 6 6 6 5 5 5 6 6 5 6 6 6 5 5 6 6 6 -4.652 0 -3.295 0 0 0 7 7 7
200,SIPP_2^4,"58,36,0","36,35,0",1,300.31775999999996,290,1.35719,10.06882,2.03444,4.06889,12 11 11 11 11 11 12 12 12 12 12 -4.232 12 12 -23.469 12 -3.731 15 15 15
200,SIPP_2^5,"58,36,0","36,35,0",1,300.20823,294,3.60632,16.25311,3.19003,6.38007,22 23 22 23 23 23 26 -25.932 24 -3.025 31 29
200,SIPP_BigCS,"58,36,2","36,35,12",1,299.23209599999996,1266,22.83943,14.01109,2.6753,0.8005,67 183 203 203 347 -12.232 182 202
200,SIPP_Standard,"58,36,2","36,35,12",1,443.661251,374,11.05287,14.26043,2.7359,0.4213,10 34 -119.661 67 55
201,SIPP_2^2,"12,45,0","13,3,0",1,490.0,211,0.18299,56.56854,12.56637,25.13274,0 0 0 3 3 0 0 0 0 1 1 0 0 0 0 1 1 0 0 0 0 0 0 0 0 0 0 0 0 0 0 0 0 0 0 0 0 0 0 0 0 0 0 0 0 0 0 3 0
201,SIPP_2^3,"12,45,0","13,3,0",1,455.820963,253,0.42709,23.74685,4.71239,9.42478,0 0 7 7 0 0 0 1 1 0 0 0 0 1 0 0 0 0 0 0 0 0 0 0 0 -11.422 0 -0.436 0 0 0 0 0 0 0 0 0 0 0 -3.253 0 0 0 0 0
201,SIPP_2^4,"12,45,0","13,3,0",1,455.820963,321,1.48278,14.11656,2.78189,5.56377,0 15 15 -0.941 1 0 0 0 1 1 0 0 0 0 0 0 0 0 0 0 0 -19.388 0 -0.436 0 0 0 0 0 0 0 0 0 0 0 -3.253 0 0 0 0 0
201,SIPP_2^5,"12,45,0","13,3,0",1,455.81387099999995,337,4.06228,14.22708,2.8578,5.7156,31 30 -1.999 1 0 1 1 0 0 0 0 0 0 0 0 0 0 -21.282 0 -0.436 0 0 0 0 0 1 0 0 0 0 0 31
201,SIPP_BigCS,"12,45,11","13,3,3",1,455.729476,1023,19.32299,18.08001,3.4575,1.0686,6 66 174 204 204 204 204 204 340 -8.471 306 6 6 6 -3.258 2 6 6 6 6
201,SIPP_Standard,"12,45,11","13,3,3",1,514.0,35,0.33119,9.34111,1.5686,0.2733,29 29 33 58 58 66
202,SIPP_2^2,"45,52,0","39,63,0",0,-1,0,0.0,0.0,0.0,0.0,
202,SIPP_2^3,"45,52,0","39,63,0",0,-1,0,0.0,0.0,0.0,0.0,
202,SIPP_2^4,"45,52,0","39,63,0",0,-1,0,0.0,0.0,0.0,0.0,
202,SIPP_2^5,"45,52,0","39,63,0",0,-1,0,0.0,0.0,0.0,0.0,
202,SIPP_BigCS,"45,52,0","39,63,0",0,-1,0,0.0,0.0,0.0,0.0,
202,SIPP_Standard,"45,52,15","39,63,13",0,-1,23663,180.01825,0.0,0.0,0.0,
203,SIPP_2^2,"6,17,0","28,4,0",0,-1,0,0.0,0.0,0.0,0.0,
203,SIPP_2^3,"6,17,0","28,4,0",0,-1,0,0.0,0.0,0.0,0.0,
203,SIPP_2^4,"6,17,0","28,4,0",0,-1,0,0.0,0.0,0.0,0.0,
203,SIPP_2^5,"6,17,0","28,4,0",0,-1,0,0.0,0.0,0.0,0.0,
203,SIPP_BigCS,"6,17,0","28,4,0",0,-1,0,0.0,0.0,0.0,0.0,
203,SIPP_Standard,"6,17,14","28,4,11",0,-1,0,4e-05,0.0,0.0,0.0,
204,SIPP_2^2,"1,53,0","35,51,0",0,-1,0,0.0,0.0,0.0,0.0,
204,SIPP_2^3,"1,53,0","35,51,0",0,-1,0,0.0,0.0,0.0,0.0,
204,SIPP_2^4,"1,53,0","35,51,0",0,-1,0,0.0,0.0,0.0,0.0,
204,SIPP_2^5,"1,53,0","35,51,0",0,-1,0,0.0,0.0,0.0,0.0,
204,SIPP_BigCS,"1,53,0","35,51,0",0,-1,0,0.0,0.0,0.0,0.0,
204,SIPP_Standard,"1,53,0","35,51,1",0,-1,0,2e-05,0.0,0.0,0.0,
205,SIPP_2^2,"39,26,0","3,11,0",0,-1,0,0.0,0.0,0.0,0.0,
205,SIPP_2^3,"39,26,0","3,11,0",0,-1,0,0.0,0.0,0.0,0.0,
205,SIPP_2^4,"39,26,0","3,11,0",0,-1,0,0.0,0.0,0.0,0.0,
205,SIPP_2^5,"39,26,0","3,11,0",0,-1,0,0.0,0.0,0.0,0.0,
205,SIPP_BigCS,"39,26,0","3,11,0",0,-1,0,0.0,0.0,0.0,0.0,
205,SIPP_Standard,"39,26,11","3,11,10",0,-1,0,6e-05,0.0,0.0,0.0,
206,SIPP_2^2,"49,14,0","27,34,0",1,477.72547299999997,1032,0.83652,77.78175,17.27876,34.55752,3 3 3 3 3 2 3 3 3 3 2 3 3 2 2 -44.375 3 2 2 2 2 2 -0.222 2 2 2 2 2 2 2 3 3 3 2 2 2 3 3 3 3 3 -0.123 3 -13.005 3 2
206,SIPP_2^3,"49,14,0","27,34,0",1,406.018788,500,0.7803,36.1881,7.06858,14.13717,6 6 6 6 6 6 6 5 5 6 -7.429 6 5 6 -27.837 5 -0.470 3 -3.445 3 4 4 4 -0.564 4 5 5 5 5 5 5 5 5 5 5
206,SIPP_2^4,"49,14,0","27,34,0",1,404.0230239999999,529,2.24122,43.75034,8.27967,16.55935,12 12 12 12 12 11 11 13 12 -9.750 12 -0.084 8 -11.077 9 -0.834 4 7 8 8 8 -0.835 9 10 10 10 10 10 10 10 10 10
206,SIPP_2^5,"49,14,0","27,34,0",1,404.0230239999999,537,6.02434,17.16167,3.32145,6.64289,23 24 24 24 24 23 -12.769 23 -43.550 16 15 16 -0.629 16 -0.944 18 20 20 20 20 20 20 20 20 20
206,SIPP_BigCS,"49,14,11","27,34,9",1,402.367573,2503,50.90724,14.64343,2.8572,0.5686,363 67 -72.258 187 -1.109 92 103 103 103 103 103 103 103 103
206,SIPP_Standard,"49,14,11","27,34,9",1,483.659485,391,11.27247,16.69854,3.26,0.4428,44 20 -73.659 47 3 11
207,SIPP_2^2,"56,12,0","15,7,0",1,678.485679,1435,0.96407,120.20815,26.70354,53.40708,3 3 3 3 3 3 3 3 0 0 0 0 3 0 3 3 0 0 3 0 3 3 -3.253 2 2 2 2 3 3 3 3 3 3 3 3 -16.864 0 -17.684 3 3 3 3 0 0 0 0 3 3 3 3 3 3 3 3 3 3 3 3 3 -20.685 2 2 2 3 3 2
207,SIPP_2^3,"56,12,0","15,7,0",1,485.53622299999995,544,0.74609,47.76087,9.42478,18.84956,6 6 6 6 7 7 6 7 7 7 -2.384 5 5 5 5 5 5 -2.736 6 7 7 6 6 7 6 6 6 6 6 6 6 6 7 7 7 6 6 6 6 6 6 6 6
207,SIPP_2^4,"56,12,0","15,7,0",1,477.880392,559,2.13995,25.43005,4.99618,9.99237,12 11 11 11 11 11 11 12 12 12 12 12 13 12 12 12 12 12 12 0 15 14 14 14 14 14 14 14 12 12 12 12 12 12 12
207,SIPP_2^5,"56,12,0","15,7,0",1,475.192622,541,5.39414,26.20619,5.17604,10.35207,22 23 22 22 22 23 24 24 24 24 28 28 29 30 26 23 27 28 25 24 24 24 24 24 24
207,SIPP_BigCS,"56,12,2","15,7,3",1,474.595561,2004,30.24431,14.51003,2.7241,0.7196,203 203 203 203 307 -2.320 3 7 -2.275 79 250 102 102 102 162 7 7 7 7 7
207,SIPP_Standard,"56,12,2","15,7,3",1,766.14994,2143,50.23395,42.45551,8.1801,1.355,35 104 -74.510 43 85 -10.641 14 93 23 -5.999 38
208,SIPP_2^2,"59,60,0","8,55,0",1,580.0,215,0.16286,42.42641,9.42478,18.84956,3 3 3 3 3 2 3 3 3 3 3 3 3 3 3 3 3 3 3 3 3 3 3 0 0 0 3 3 0 0 0 3 3 3 3 3 3 3 3 3 3 3 3 3 3 3 3 3 3 3 3 3 3 3 3 3 3 3
208,SIPP_2^3,"59,60,0","8,55,0",1,547.2792239999999,287,0.41549,47.81066,9.42478,18.84956,6 6 6 6 5 6 6 6 6 6 6 6 6 6 7 6 7 7 7 7 6 6 6 6 6 7 6 6 6 6 6 6 6 6 6 7 6 6 6 6 6 6 6 6 6 6 5 6 6 6 6
208,SIPP_2^4,"59,60,0","8,55,0",1,535.96748,294,1.23157,30.2988,6.02742,12.05484,12 12 12 12 11 13 13 13 13 12 12 12 12 12 12 12 12 12 13 13 12 13 12 12 12 13 12 12 12 12 12 12 12 11 12 12 12 12 12 11
208,SIPP_2^5,"59,60,0","8,55,0",1,529.1277,255,2.73483,20.97222,4.18276,8.36551,24 24 23 25 25 24 25 25 25 24 25 25 24 24 24 24 24 24 25 24 24 24 24 24 -1.277 23 24 24 24 23
208,SIPP_BigCS,"59,60,11","8,55,6",1,533.328136,1112,20.11598,18.36997,3.4572,0.3826,315 205 365 7 87 205 205 365 -1.328 15 363
208,SIPP_Standard,"59,60,11","8,55,6",1,715.403327,834,4.13531,35.46603,6.7883,1.246,-77.211 34 -9.262 107 34 99 -39.930 69 34 67
209,SIPP_2^2,"23,7,0","27,46,0",1,604.841958,1263,1.03832,70.71068,15.70796,31.41593,0 3 -15.103 2 -1.126 2 2 2 2 2 2 2 2 2 3 3 -17.477 2 -1.137 2 2 2 2 2 2 2 2 2 2 2 2 2 2 2 2 2 3 3 2 2 1 2 2 2 2 2 2 2 2 2 2 2 1 1 1 1 1 1 1 1 0
209,SIPP_2^3,"23,7,0","27,46,0",1,514.808231,737,1.03123,63.28797,12.56637,25.13274,7 5 -6.818 4 4 4 4 4 4 4 4 3 3 4 3 4 5 5 5 4 4 4 4 4 4 4 4 4 4 4 5 4 4 4 4 4 4 4 3 3 4 3 3 2 2 1
209,SIPP_2^4,"23,7,0","27,46,0",1,501.68823599999996,788,2.94346,56.58786,11.34535,22.69071,14 10 10 8 8 7 8 8 7 8 7 8 9 9 8 8 8 -0.353 8 -0.534 8 -0.151 8 -0.060 8 -0.420 8 8 9 8 8 8 7 7 8 7 8 -4.076 8 -0.060 4 3 4
209,SIPP_2^5,"23,7,0","27,46,0",1,500.88992599999995,807,7.93218,49.12711,9.7185,19.437,28 20 20 15 16 15 15 16 17 17 16 17 16 16 16 15 17 15 16 16 15 -0.462 16 -0.151 8 7 8
209,SIPP_BigCS,"23,7,8","27,46,7",0,-1,3118,180.67547,0.0,0.0,0.0,
209,SIPP_Standard,"23,7,8","27,46,7",1,801.9828279999999,424,4.84953,31.10162,6.0152,0.9463,53 105 -28.962 52 -108.739 104 39 20 -12.281 31 35
210,SIPP_2^2,"6,1,0","6,54,0",1,736.56346,980,0.70678,120.20815,26.70354,53.40708,-1.983 1 2 2 2 2 2 2 2 2 2 2 2 2 2 3 2 2 1 1 1 -38.485 2 -16.515 2 1 2 2 2 2 2 1 2 2 3 2 2 2 2 2 3 3 2 2 2 1 2 2 2 2 2 2 2 3 3 3 -8.580 2 2 2 2 2 2 2 2 -1.000 2 2 2 2 2 2
210,SIPP_2^3,"6,1,0","6,54,0",1,592.0878499999999,477,0.60537,44.07374,8.63938,17.27876,3 3 4 4 4 4 4 4 4 3 3 3 3 -8.913 4 4 4 4 4 4 4 4 4 4 4 4 5 4 4 4 5 4 4 5 5 5 4 4 4 4 4 -3.306 4 -0.101 4 -0.062 4 5 4 4 4 4 4 4 4 4 4
210,SIPP_2^4,"6,1,0","6,54,0",1,582.990737,519,1.88522,46.57996,9.20697,18.41394,6 -0.552 7 8 7 7 8 8 8 8 7 -2.406 6 8 8 8 8 8 8 8 8 8 9 8 9 9 9 9 7 8 7 8 8 8 8 9 11 -1.059 8 8 8 8 8 8
210,SIPP_2^5,"6,1,0","6,54,0",1,582.990737,535,4.99598,27.55161,5.49779,10.99557,12 -0.872 15 16 15 15 14 -5.560 15 16 16 16 16 16 16 16 16 17 18 18 17 17 15 15 16 16 20 -2.927 22 -1.300 16 16 16 16 16 16
210,SIPP_BigCS,"6,1,3","6,54,1",1,582.918944,2262,36.24798,30.58089,5.8843,1.5708,-0.018 100 188 16 -0.549 100 168 4 56 206 206 206 206 206 350 -3.785 172 -0.567 310 4 4 4 4
210,SIPP_Standard,"6,1,3","6,54,1",1,715.55302,586,3.34573,24.02098,4.6383,0.5591,-13.249 44 -103.181 4 -21.123 104 51 94 4 88
211,SIPP_2^2,"48,61,0","26,33,0",0,-1,0,0.0,0.0,0.0,0.0,
211,SIPP_2^3,"48,61,0","26,33,0",0,-1,0,0.0,0.0,0.0,0.0,
211,SIPP_2^4,"48,61,0","26,33,0",0,-1,0,0.0,0.0,0.0,0.0,
211,SIPP_2^5,"48,61,0","26,33,0",0,-1,0,0.0,0.0,0.0,0.0,
211,SIPP_BigCS,"48,61,0","26,33,0",0,-1,0,0.0,0.0,0.0,0.0,
211,SIPP_Standard,"48,61,15","26,33,3",0,-1,0,3e-05,0.0,0.0,0.0,
212,SIPP_2^2,"52,5,0","47,4,0",1,70.683407,13,0.00839,14.14214,3.14159,6.28319,3 3 3 0 -10.683 3 3
212,SIPP_2^3,"52,5,0","47,4,0",1,62.426408,15,0.01775,7.86564,1.5708,3.14159,7 7 6 6 5
212,SIPP_2^4,"52,5,0","47,4,0",1,58.863496,12,0.04052,6.68723,1.24905,2.49809,13 13 10
212,SIPP_2^5,"52,5,0","47,4,0",1,58.863496,12,0.10453,6.68723,1.24905,2.49809,26 26 20
212,SIPP_BigCS,"52,5,12","47,4,2",1,70.683407,35,0.67224,3.97605,0.7823,0.2502,162 -17.683 7 7
212,SIPP_Standard,"52,5,12","47,4,2",1,746.103563,1246,7.31798,26.12773,5.0274,0.8281,-260.312 87 24 -56.792 107 42 68
213,SIPP_2^2,"42,57,0","60,48,0",1,270.0,227,0.17446,70.71068,15.70796,31.41593,1 0 0 0 0 1 1 0 0 1 1 1 0 1 0 1 1 1 1 1 1 1 1 1 1 0 1
213,SIPP_2^3,"42,57,0","60,48,0",1,221.92298599999998,104,0.1545,11.59279,2.35619,4.71239,2 2 2 1 2 2 2 2 2 2 1 -0.543 1 -1.372 1 1 1 -2.728 1 1 1
213,SIPP_2^4,"42,57,0","60,48,0",1,218.675067,98,0.38961,11.23873,2.2143,4.42859,2 2 2 1 2 4 4 4 4 4 4 4 4 3 -0.042 3 -0.840 2
213,SIPP_2^5,"42,57,0","60,48,0",1,218.242297,102,1.03554,8.91809,1.76819,3.53638,4 4 3 4 8 8 8 8 8 8 8 8 6 -1.344 5
213,SIPP_BigCS,"42,57,13","60,48,13",1,218.759208,240,3.38253,8.94837,1.7557,0.2502,5 5 5 5 5 5 25 -0.759 356
213,SIPP_Standard,"42,57,13","60,48,13",1,238.0,31,0.26248,9.88355,1.8902,0.2936,32 65 49
214,SIPP_2^2,"8,28,0","16,26,0",0,-1,0,0.0,0.0,0.0,0.0,
214,SIPP_2^3,"8,28,0","16,26,0",0,-1,0,0.0,0.0,0.0,0.0,
214,SIPP_2^4,"8,28,0","16,26,0",0,-1,0,0.0,0.0,0.0,0.0,
214,SIPP_2^5,"8,28,0","16,26,0",0,-1,0,0.0,0.0,0.0,0.0,
214,SIPP_BigCS,"8,28,0","16,26,0",0,-1,0,0.0,0.0,0.0,0.0,
214,SIPP_Standard,"8,28,5","16,26,0",0,-1,0,6e-05,0.0,0.0,0.0,
215,SIPP_2^2,"21,34,0","48,58,0",0,-1,0,0.0,0.0,0.0,0.0,
215,SIPP_2^3,"21,34,0","48,58,0",0,-1,0,0.0,0.0,0.0,0.0,
215,SIPP_2^4,"21,34,0","48,58,0",0,-1,0,0.0,0.0,0.0,0.0,
215,SIPP_2^5,"21,34,0","48,58,0",0,-1,0,0.0,0.0,0.0,0.0,
215,SIPP_BigCS,"21,34,0","48,58,0",0,-1,0,0.0,0.0,0.0,0.0,
215,SIPP_Standard,"21,34,5","48,58,8",0,-1,1,0.02716,0.0,0.0,0.0,
216,SIPP_2^2,"63,63,0","10,45,0",0,-1,0,0.0,0.0,0.0,0.0,
216,SIPP_2^3,"63,63,0","10,45,0",0,-1,0,0.0,0.0,0.0,0.0,
216,SIPP_2^4,"63,63,0","10,45,0",0,-1,0,0.0,0.0,0.0,0.0,
216,SIPP_2^5,"63,63,0","10,45,0",0,-1,0,0.0,0.0,0.0,0.0,
216,SIPP_BigCS,"63,63,0","10,45,0",0,-1,0,0.0,0.0,0.0,0.0,
216,SIPP_Standard,"63,63,10","10,45,3",0,-1,0,1e-05,0.0,0.0,0.0,
217,SIPP_2^2,"60,26,0","38,44,0",1,429.07486700000004,567,0.42897,63.63961,14.13717,28.27433,3 3 3 3 3 -29.013 3 -0.029 3 -0.034 3 3 2 2 2 2 2 2 2 2 2 2 2 2 3 3 2 3 3 2 2 2 3 2 3 3 3 3 3 3 3 3 2
217,SIPP_2^3,"60,26,0","38,44,0",1,400.485679,660,0.9091,59.02541,11.78097,23.56195,5 5 4 4 4 4 5 5 4 4 5 4 5 5 -9.697 7 6 5 5 5 5 5 5 6 -7.110 6 6 6 6 6 -25.688 0 6
217,SIPP_2^4,"60,26,0","38,44,0",1,400.044735,712,2.6497,26.5434,5.35589,10.71178,9 9 9 9 9 9 -34.829 11 -0.867 11 10 10 10 10 10 10 13 -0.573 14 -10.195 0 -10.939 12 -0.040 11
217,SIPP_2^5,"60,26,0","38,44,0",1,400.044735,732,7.15087,23.48987,4.4286,8.85719,18 18 18 18 18 18 -34.829 22 -0.008 21 20 20 20 20 20 -1.593 30 -0.287 28 -10.195 24 -10.939 24 -0.040 22
217,SIPP_BigCS,"60,26,2","38,44,13",1,399.883169,3875,74.94224,17.88653,3.4566,0.7491,103 131 4 76 -27.000 219 -13.917 151 -28.966 205
217,SIPP_Standard,"60,26,2","38,44,13",1,662.974612,2444,45.30403,19.58645,3.6371,0.5878,-52.286 91 -123.534 19 -25.380 109 35 -34.775 56
218,SIPP_2^2,"20,6,0","10,43,0",1,510.439393,703,0.58066,77.78175,17.27876,34.55752,2 -1.984 2 -1.584 2 2 2 2 2 3 3 2 3 3 3 -3.263 3 3 3 2 2 2 2 2 2 2 2 2 2 2 2 2 2 2 2 2 2 2 2 2 1 2 2 -13.609 2 2 3 2 2 3 2 2 3
218,SIPP_2^3,"20,6,0","10,43,0",1,456.4103659999999,511,0.87743,35.71979,7.06858,14.13717,4 -1.984 4 -1.584 4 4 4 3 3 4 4 4 4 4 4 4 4 5 5 5 5 5 5 5 5 5 5 5 5 5 5 5 4 3 4 4 3 4 3
218,SIPP_2^4,"20,6,0","10,43,0",1,433.2842759999999,319,1.42829,30.83175,6.10333,12.20666,8 -1.984 8 -0.994 7 8 8 8 8 8 8 8 8 7 9 10 10 10 10 10 10 9 10 10 10 9 9 10 7 8 7
218,SIPP_2^5,"20,6,0","10,43,0",1,426.7160189999999,356,4.155,22.97496,4.42859,8.85719,17 19 19 23 24 16 16 16 16 16 15 17 17 17 17 16 15 15
218,SIPP_BigCS,"20,6,0","10,43,9",1,425.56764599999997,1065,21.55682,18.85898,3.6207,0.8642,4 -1.984 4 -1.584 4 4 4 28 344 103 127 222 123 200
218,SIPP_Standard,"20,6,0","10,43,9",1,727.021005,646,8.40237,16.66681,3.199,0.4544,-3.537 8 -145.419 28 52 104 -2.065 31 47 3
219,SIPP_2^2,"18,16,0","15,47,0",0,-1,0,0.0,0.0,0.0,0.0,
219,SIPP_2^3,"18,16,0","15,47,0",0,-1,0,0.0,0.0,0.0,0.0,
219,SIPP_2^4,"18,16,0","15,47,0",0,-1,0,0.0,0.0,0.0,0.0,
219,SIPP_2^5,"18,16,0","15,47,0",0,-1,0,0.0,0.0,0.0,0.0,
219,SIPP_BigCS,"18,16,0","15,47,0",0,-1,0,0.0,0.0,0.0,0.0,
219,SIPP_Standard,"18,16,15","15,47,5",0,-1,0,5e-05,0.0,0.0,0.0,
220,SIPP_2^2,"16,11,0","15,30,0",1,320.0,360,0.29786,42.42641,9.42478,18.84956,2 2 2 2 2 2 2 1 1 1 1 1 1 2 2 2 2 3 3 3 3 3 2 2 2 2 2 2 2 3 3 2
220,SIPP_2^3,"16,11,0","15,30,0",1,227.27922399999994,106,0.16391,28.32392,5.49779,10.99557,4 4 4 4 4 4 3 3 3 4 3 5 5 5 5 4 4 4 5
220,SIPP_2^4,"16,11,0","15,30,0",1,214.129989,77,0.33222,6.28716,1.24905,2.49809,7 7 7 7 8 8 -1.102 9 9 9 9 10
220,SIPP_2^5,"16,11,0","15,30,0",1,211.70071699999997,73,0.82302,6.08341,1.19355,2.38709,15 14 15 15 18 19 19
220,SIPP_BigCS,"16,11,10","15,30,2",1,212.0,173,2.8909,10.53573,2.0345,0.5715,80 200 344 179
220,SIPP_Standard,"16,11,10","15,30,2",1,871.3618180000001,2291,17.47685,26.76718,5.1196,0.6937,53 105 44 -16.681 0 16 -193.665 78 -18.016 107 54
221,SIPP_2^2,"35,51,0","49,16,0",1,822.800403,2502,1.89816,190.91883,42.4115,84.823,3 3 3 3 3 3 3 0 3 3 3 3 0 3 -20.958 0 0 1 1 1 1 1 1 1 0 0 -40.874 0 -0.084 1 0 0 0 0 1 0 1 1 1 1 1 0 1 1 0 0 1 1 1 1 1 0 0 1 0 -5.089 1 -0.012 0 -0.014 1 -0.011 0 -0.053 0 -0.310 1 0 0 0 0 0 0 0 0 0 0 0 0 0 0 0 1 -5.395 2
221,SIPP_2^3,"35,51,0","49,16,0",1,524.0705349999998,560,0.75876,55.64875,10.99557,21.99115,6 6 6 7 7 7 0 0 0 0 0 -0.286 0 1 1 1 1 0 1 1 1 1 -12.181 2 -0.011 2 -0.053 2 2 -11.041 0 -1.798 1 1 1 1 0 1 0 0 1 1 1 0 0 0 0 0
221,SIPP_2^4,"35,51,0","49,16,0",1,449.367932,204,0.8271,24.06475,4.75035,9.50069,13 13 0 -2.111 0 1 1 2 1 0 0 0 0 0 0 0 0 1 1 1 1 1 3 2 2 3 3 2
221,SIPP_2^5,"35,51,0","49,16,0",1,438.92594699999995,151,1.65434,19.81764,3.89322,7.78644,26 26 0 -2.111 0 2 2 1 1 0 1 1 2 2 1 4 5 4 5 4
221,SIPP_BigCS,"35,51,1","49,16,7",0,-1,1322,180.04774,0.0,0.0,0.0,
221,SIPP_Standard,"35,51,1","49,16,7",1,714.5087679999999,260,2.44376,27.86349,5.4191,0.7776,77 -0.385 106 37 -134.124 2 22 45 25
222,SIPP_2^2,"40,61,0","63,53,0",0,-1,0,0.0,0.0,0.0,0.0,
222,SIPP_2^3,"40,61,0","63,53,0",0,-1,0,0.0,0.0,0.0,0.0,
222,SIPP_2^4,"40,61,0","63,53,0",0,-1,0,0.0,0.0,0.0,0.0,
222,SIPP_2^5,"40,61,0","63,53,0",0,-1,0,0.0,0.0,0.0,0.0,
222,SIPP_BigCS,"40,61,0","63,53,0",0,-1,0,0.0,0.0,0.0,0.0,
222,SIPP_Standard,"40,61,2","63,53,6",0,-1,21301,180.00412,0.0,0.0,0.0,
223,SIPP_2^2,"43,2,0","18,12,0",0,-1,0,0.0,0.0,0.0,0.0,
223,SIPP_2^3,"43,2,0","18,12,0",0,-1,0,0.0,0.0,0.0,0.0,
223,SIPP_2^4,"43,2,0","18,12,0",0,-1,0,0.0,0.0,0.0,0.0,
223,SIPP_2^5,"43,2,0","18,12,0",0,-1,0,0.0,0.0,0.0,0.0,
223,SIPP_BigCS,"43,2,0","18,12,0",0,-1,0,0.0,0.0,0.0,0.0,
223,SIPP_Standard,"43,2,10","18,12,3",0,-1,0,4e-05,0.0,0.0,0.0,
224,SIPP_2^2,"62,4,0","5,12,0",0,-1,30,0.01471,0.0,0.0,0.0,
224,SIPP_2^3,"62,4,0","5,12,0",1,660.6441170000003,681,0.90361,74.68898,14.92257,29.84513,4 5 5 6 6 6 6 6 6 7 6 5 6 5 5 5 5 5 5 5 -1.944 5 6 6 6 5 6 6 6 7 6 6 6 6 6 6 6 6 6 6 6 6 6 6 6 6 5 6 6 7 7 6 6 6 6 7 6 6 7
224,SIPP_2^4,"62,4,0","5,12,0",1,648.173925,612,2.16245,44.53668,8.74332,17.48664,10 9 12 12 12 12 12 13 11 11 11 10 9 10 10 -6.774 10 12 12 12 12 11 13 11 12 12 12 12 12 12 12 12 12 12 12 12 12 12 12 12 12 13 13 13 12 12 13
224,SIPP_2^5,"62,4,0","5,12,0",1,641.7489250000001,551,4.92061,29.19933,5.84414,11.68827,19 24 24 25 24 23 23 19 19 -5.732 23 23 24 24 25 23 24 24 24 24 24 24 24 24 24 24 24 24 25 25 25 24 25
224,SIPP_BigCS,"62,4,11","5,12,13",1,650.3258900000001,2192,33.36833,39.40847,7.6133,1.9369,76 339 205 205 365 7 -3.088 71 -1.238 206 334 83 307 31 379 205 309 7
224,SIPP_Standard,"62,4,11","5,12,13",1,912.302985,320,4.53741,35.6383,6.6639,1.0482,62 94 20 43 -14.171 101 -4.094 107 -30.470 54 -25.568 74 93 3
225,SIPP_2^2,"46,41,0","6,28,0",0,-1,0,0.0,0.0,0.0,0.0,
225,SIPP_2^3,"46,41,0","6,28,0",0,-1,0,0.0,0.0,0.0,0.0,
225,SIPP_2^4,"46,41,0","6,28,0",0,-1,0,0.0,0.0,0.0,0.0,
225,SIPP_2^5,"46,41,0","6,28,0",0,-1,0,0.0,0.0,0.0,0.0,
225,SIPP_BigCS,"46,41,0","6,28,0",0,-1,0,0.0,0.0,0.0,0.0,
225,SIPP_Standard,"46,41,10","6,28,10",0,-1,0,4e-05,0.0,0.0,0.0,
226,SIPP_2^2,"15,12,0","14,43,0",1,475.748052,720,0.66126,127.27922,28.27433,56.54867,2 2 1 2 2 2 1 2 1 1 2 1 1 1 2 2 2 2 3 2 2 2 -2.536 2 -12.047 2 -0.534 2 -0.151 2 -0.060 2 -0.420 2 2 2 3 2 2 2 2 2 3 3 3 3 2 2 3 2 3 2
226,SIPP_2^3,"15,12,0","14,43,0",1,394.497328,478,0.74656,55.74101,10.99557,21.99115,4 4 3 4 4 3 4 3 3 3 4 4 4 5 4 4 4 4 4 3 3 4 4 4 5 4 4 4 5 5 5 -4.417 6 -0.375 6 6
226,SIPP_2^4,"15,12,0","14,43,0",1,388.76460199999997,514,2.28419,33.50571,6.70888,13.41775,8 8 7 7 7 8 7 8 8 9 7 7 7 8 8 8 8 10 9 9 -0.637 9 -3.282 12 -0.094 12 -0.500 14
226,SIPP_2^5,"15,12,0","14,43,0",1,388.76460199999997,532,6.20634,21.30463,4.13774,8.27549,15 15 15 -0.370 14 -0.022 18 -2.080 19 18 18 18 18 17 17 14 -0.863 8 -0.094 8 -0.500 4
226,SIPP_BigCS,"15,12,5","14,43,3",1,389.0,2440,50.37373,33.19782,6.4675,2.078,200 200 280 382 200 200 344 163 76 347
226,SIPP_Standard,"15,12,5","14,43,3",1,693.3181519999999,1492,13.16783,20.56803,3.9011,0.6932,21 -159.326 28 40 62 -25.992 78 99
227,SIPP_2^2,"19,13,0","42,46,0",0,-1,0,0.0,0.0,0.0,0.0,
227,SIPP_2^3,"19,13,0","42,46,0",0,-1,0,0.0,0.0,0.0,0.0,
227,SIPP_2^4,"19,13,0","42,46,0",0,-1,0,0.0,0.0,0.0,0.0,
227,SIPP_2^5,"19,13,0","42,46,0",0,-1,0,0.0,0.0,0.0,0.0,
227,SIPP_BigCS,"19,13,0","42,46,0",0,-1,0,0.0,0.0,0.0,0.0,
227,SIPP_Standard,"19,13,2","42,46,9",0,-1,0,4e-05,0.0,0.0,0.0,
228,SIPP_2^2,"48,41,0","31,14,0",0,-1,0,0.0,0.0,0.0,0.0,
228,SIPP_2^3,"48,41,0","31,14,0",0,-1,0,0.0,0.0,0.0,0.0,
228,SIPP_2^4,"48,41,0","31,14,0",0,-1,0,0.0,0.0,0.0,0.0,
228,SIPP_2^5,"48,41,0","31,14,0",0,-1,0,0.0,0.0,0.0,0.0,
228,SIPP_BigCS,"48,41,0","31,14,0",0,-1,0,0.0,0.0,0.0,0.0,
228,SIPP_Standard,"48,41,15","31,14,5",0,-1,0,3e-05,0.0,0.0,0.0,
229,SIPP_2^2,"52,32,0","56,47,0",1,190.0,82,0.07479,14.14214,3.14159,6.28319,2 2 2 2 2 2 2 2 2 2 2 2 2 2 1 1 1 1 2
229,SIPP_2^3,"52,32,0","56,47,0",1,170.614577,72,0.12753,23.65292,4.71239,9.42478,4 4 4 4 4 3 3 4 4 3 4 4 -0.916 3 -1.984 4 -1.147 4
229,SIPP_2^4,"52,32,0","56,47,0",1,170.614577,81,0.42416,18.21521,3.42539,6.85077,8 8 8 8 8 7 8 8 7 7 8 -2.386 8 -1.147 4
229,SIPP_2^5,"52,32,0","56,47,0",1,170.614577,85,1.22193,13.73206,2.53605,5.0721,15 16 16 16 16 15 15 16 -4.600 16 -1.147 8
229,SIPP_BigCS,"52,32,4","56,47,7",1,170.558384,296,6.93895,10.26896,2.0706,0.5601,304 4 4 4 64 -10.558 168
229,SIPP_Standard,"52,32,4","56,47,7",1,171.09558199999998,16,0.1957,6.75342,1.3299,0.1489,44 -10.096 4
230,SIPP_2^2,"28,44,0","19,4,0",1,570.0,522,0.48175,84.85281,18.84956,37.69911,2 2 3 3 3 3 3 3 3 0 0 0 0 0 0 0 0 3 0 3 0 1 0 0 0 3 3 0 0 0 0 0 0 0 1 0 0 0 0 0 0 0 0 0 0 0 0 0 0 0 0 0 0 0 0 0 0
230,SIPP_2^3,"28,44,0","19,4,0",1,506.3796929999999,344,0.66009,65.38424,13.35177,26.70354,4 4 7 7 0 0 -8.155 0 -12.661 0 1 0 0 0 7 0 0 0 0 0 7 7 0 0 7 0 0 7 7 0 0 0 0 0 0 0 0 0 7 0 0 0 0 0 0 7
230,SIPP_2^4,"28,44,0","19,4,0",1,490.346589,218,1.1332,45.19932,9.16901,18.33802,8 10 15 0 0 -9.937 0 -12.661 0 1 0 15 0 0 0 15 0 15 15 15 0 0 15 0 15 0 0 0 0 0 0 0 0 0 0 15
230,SIPP_2^5,"28,44,0","19,4,0",1,480.99883499999993,212,3.01603,40.19888,8.10269,16.20538,16 20 31 31 -0.224 0 8 4 0 31 0 0 0 0 0 31 31 29 29 -0.643 31 0 0 0 0 0 0 0 0 0 0
230,SIPP_BigCS,"28,44,1","19,4,1",1,534.0,407,7.86954,31.42783,6.1383,1.508,76 339 333 94 185 82 202 306 6 6 6 6 6 6 6 6 6 30
230,SIPP_Standard,"28,44,1","19,4,1",1,737.393008,336,1.97586,28.06764,5.3963,0.6862,36 13 68 33 66 50 69 -9.393 50 77
231,SIPP_2^2,"15,38,0","31,32,0",1,261.065523,187,0.17991,42.42641,9.42478,18.84956,-6.023 1 1 -30.230 1 1 1 -4.813 0 0 1 1 1 1 1 1 1 0 0 1 1 1 0 0 1
231,SIPP_2^3,"15,38,0","31,32,0",1,225.341312,131,0.22682,44.67218,8.63938,17.27876,0 0 1 1 -2.393 1 2 1 2 3 4 -3.491 2 -0.370 2 -0.093 2 2 2 1 2 2 1
231,SIPP_2^4,"15,38,0","31,32,0",1,216.590488,99,0.40838,17.30044,3.46334,6.92669,1 0 0 3 3 3 3 2 4 4 5 6 6
231,SIPP_2^5,"15,38,0","31,32,0",1,212.595323,93,1.02382,12.31534,2.46014,4.92027,2 1 6 7 6 6 9 12 12
231,SIPP_BigCS,"15,38,14","31,32,1",1,222.729323,204,4.74922,16.2328,3.1374,0.9176,-1.729 50 201 201 201 337 335
231,SIPP_Standard,"15,38,14","31,32,1",1,237.137941,18,0.73702,6.51253,1.1565,0.2278,-60.138 57 97
232,SIPP_2^2,"2,50,0","0,29,0",0,-1,0,0.0,0.0,0.0,0.0,
232,SIPP_2^3,"2,50,0","0,29,0",0,-1,0,0.0,0.0,0.0,0.0,
232,SIPP_2^4,"2,50,0","0,29,0",0,-1,0,0.0,0.0,0.0,0.0,
232,SIPP_2^5,"2,50,0","0,29,0",0,-1,0,0.0,0.0,0.0,0.0,
232,SIPP_BigCS,"2,50,0","0,29,0",0,-1,0,0.0,0.0,0.0,0.0,
232,SIPP_Standard,"2,50,15","0,29,4",0,-1,23396,180.0046,0.0,0.0,0.0,
233,SIPP_2^2,"36,41,0","60,57,0",0,-1,0,0.0,0.0,0.0,0.0,
233,SIPP_2^3,"36,41,0","60,57,0",0,-1,0,0.0,0.0,0.0,0.0,
233,SIPP_2^4,"36,41,0","60,57,0",0,-1,0,0.0,0.0,0.0,0.0,
233,SIPP_2^5,"36,41,0","60,57,0",0,-1,0,0.0,0.0,0.0,0.0,
233,SIPP_BigCS,"36,41,0","60,57,0",0,-1,0,0.0,0.0,0.0,0.0,
233,SIPP_Standard,"36,41,11","60,57,13",0,-1,0,6e-05,0.0,0.0,0.0,
234,SIPP_2^2,"26,7,0","44,42,0",1,633.578097,1415,1.09432,148.49242,36.12832,72.25663,2 2 2 2 1 1 1 1 1 1 1 -0.842 1 1 1 2 1 1 1 2 1 -9.841 3 2 2 2 2 3 2 2 2 2 2 -12.319 1 1 2 -0.185 2 3 2 2 2 2 -0.391 2 2 2 1 1 2 2 1 1 2 2 2 2 2 3 2 2 1 2 2 1
234,SIPP_2^3,"26,7,0","44,42,0",1,516.003508,914,1.29927,82.27217,15.70796,31.41593,4 4 4 3 2 3 2 2 2 3 2 2 3 4 4 4 -1.124 5 -0.470 3 -3.445 3 4 4 4 -0.564 4 4 4 4 4 4 4 4 4 4 4 4 4 4 -8.783 4 -3.649 2 2 2 4 3 4 3 -0.690 2 2
234,SIPP_2^4,"26,7,0","44,42,0",1,516.003508,1168,4.55855,57.3951,11.27937,22.55874,8 8 8 6 6 5 6 9 10 -5.542 8 8 8 8 8 8 8 8 8 8 7 8 7 8 7 7 7 -1.722 4 -9.986 4 -2.213 4 3 -1.216 4 7 8 -1.257 6 -2.111 4 4
234,SIPP_2^5,"26,7,0","44,42,0",1,516.003508,1208,13.04339,47.83265,9.70857,19.41714,16 16 16 12 12 11 19 20 16 16 16 16 16 15 15 13 13 13 -24.394 16 -2.213 8 6 -1.216 8 -0.166 15 -1.829 12 -2.111 8 8
234,SIPP_BigCS,"26,7,0","44,42,1",1,521.939799,3144,103.70629,39.8296,7.8456,2.378,342 328 5 5 5 73 -0.905 172 -10.677 342 -2.406 376 310 4 4 68 -4.535 207 -16.417 255 100
234,SIPP_Standard,"26,7,0","44,42,1",1,693.316116,483,3.01737,25.64847,4.8503,0.6807,84 -56.259 21 -0.849 52 56 -19.890 104 -20.378 39 -11.940 16
235,SIPP_2^2,"51,54,0","3,12,0",0,-1,1,0.12435,0.0,0.0,0.0,
235,SIPP_2^3,"51,54,0","3,12,0",1,910.5653370000005,2181,2.82416,111.67221,21.99115,43.9823,1 1 3 1 2 1 0 1 1 1 0 1 0 -1.821 0 -0.632 7 7 7 7 7 7 7 7 7 7 7 7 7 7 7 7 7 0 7 7 7 7 7 7 6 6 6 7 6 5 5 6 7 7 6 6 6 6 6 7 7 7 6 6 6 6 6 7 6 7 6 6 6 6 6 6 6 6 7
235,SIPP_2^4,"51,54,0","3,12,0",1,841.7720479999999,826,2.47729,48.31299,9.38682,18.77364,6 6 7 6 10 12 12 12 12 12 12 12 12 12 13 12 13 13 13 12 13 12 14 14 14 14 14 14 14 14 14 14 14 14 14 13 14 15 15 15 15 15 15 15 15 15 0 15 15 15 0 15
235,SIPP_2^5,"51,54,0","3,12,0",1,814.7757069999999,590,5.21318,26.783,5.30458,10.60915,12 12 13 20 25 26 26 28 28 27 28 28 27 27 28 28 25 25 25 25 27 30 30 30 30 30 30 30 30 30 30 30 30 29
235,SIPP_BigCS,"51,54,13","3,12,13",0,-1,4245,180.17791,0.0,0.0,0.0,
235,SIPP_Standard,"51,54,13","3,12,13",1,1066.123157,331,2.51324,41.49217,7.9885,1.1255,32 81 -46.397 14 93 23 30 38 -101.726 19 77 66 38
236,SIPP_2^2,"14,43,0","23,28,0",1,279.56345999999996,323,0.27854,56.56854,12.56637,25.13274,0 0 0 0 1 1 1 1 1 0 1 1 0 1 1 1 0 0 0 0 0 0 -19.563 0 0 3 0
236,SIPP_2^3,"14,43,0","23,28,0",1,200.151175,80,0.12702,20.20749,3.92699,7.85398,1 1 1 1 -2.896 1 -9.976 0 1 0 1 1 1 0 0 0 0
236,SIPP_2^4,"14,43,0","23,28,0",1,198.568317,80,0.33158,13.69318,2.7159,5.4318,2 2 1 3 -11.880 1 2 2 1 0 0 0 -0.678 0
236,SIPP_2^5,"14,43,0","23,28,0",1,198.568317,81,0.8537,5.93501,1.18019,2.36038,4 4 4 4 -13.986 3 4 4 -0.392 2 0 0 0 -0.921 0
236,SIPP_BigCS,"14,43,4","23,28,7",1,198.568317,222,4.25501,12.78038,2.5375,0.5938,78 -10.774 353 -0.550 185 6 -1.244 6
236,SIPP_Standard,"14,43,4","23,28,7",1,811.199067,6268,63.1343,33.73132,6.4702,0.9597,-33.566 40 110 36 -14.787 13 -30.665 92 -44.556 10 54 -21.625 66
237,SIPP_2^2,"40,9,0","48,7,0",1,100.0,21,0.01744,21.2132,4.71239,9.42478,1 1 1 1 1 1 0 1 1 0
237,SIPP_2^3,"40,9,0","48,7,0",1,88.28427199999999,14,0.02235,11.59279,2.35619,4.71239,2 2 2 2 1 2 2 1
237,SIPP_2^4,"40,9,0","48,7,0",1,84.72136,10,0.04467,6.94722,1.39094,2.78189,4 4 3 4 4 3
237,SIPP_2^5,"40,9,0","48,7,0",1,83.983457,9,0.09637,3.93717,0.7854,1.5708,7 8 8 8 6
237,SIPP_BigCS,"40,9,8","48,7,2",1,84.0,7,0.32686,2.36385,0.463,0.0399,5 81
237,SIPP_Standard,"40,9,8","48,7,2",1,86.0,1,0.08308,4.17478,0.8457,0.1277,9
238,SIPP_2^2,"9,58,0","46,39,0",1,654.228419,1663,1.14703,148.49242,32.98672,65.97345,1 2 1 -9.166 1 -1.248 0 1 1 1 1 1 1 1 -17.122 0 -12.448 1 -13.119 1 -1.126 1 0 0 0 1 1 1 1 1 1 1 1 1 0 0 1 1 0 1 1 1 1 0 1 1 1 1 0 0 0 0 1 0 1 1 0 0 0 0 0 0 0 1 1 2
238,SIPP_2^3,"9,58,0","46,39,0",1,479.7005479999999,374,0.45413,34.98528,7.06858,14.13717,-1.983 0 -3.078 1 2 2 2 2 2 2 2 2 2 2 2 2 2 2 2 1 1 1 1 1 1 1 1 1 1 1 -11.797 2 3 1 1 1 1 1 1 2 1
238,SIPP_2^4,"9,58,0","46,39,0",1,475.54746599999993,360,1.18493,27.02286,5.49779,10.99557,-1.983 0 -3.078 2 4 4 4 4 4 4 4 4 4 4 4 4 4 4 4 2 2 2 2 2 2 2 2 2 2 2 -11.207 5 2 2 2 2 2 3 2
238,SIPP_2^5,"9,58,0","46,39,0",1,475.10016299999995,367,3.08227,25.76617,5.24908,10.49815,-1.983 0 -3.078 4 8 8 8 8 8 8 8 8 8 8 8 8 8 8 8 4 4 4 4 4 4 4 4 4 4 4 -11.207 10 4 4 4 4 5 4
238,SIPP_BigCS,"9,58,0","46,39,3",1,546.0024449999999,4534,74.89787,30.75464,6.0576,1.5165,124 343 -16.181 201 321 -26.917 324 321 -17.337 236 -1.265 69 252 101 101 -2.303 153
238,SIPP_Standard,"9,58,0","46,39,3",1,665.3590300000001,1498,11.28642,24.2816,4.6821,0.6478,80 -21.985 9 -32.888 49 -74.700 76 -6.414 73 -37.371 84
239,SIPP_2^2,"53,43,0","55,26,0",1,194.915856,51,0.04457,14.14214,3.14159,6.28319,0 0 0 0 0 0 0 0 0 1 1 0 0 0 -4.832 0 -0.084 0 0 0 0
239,SIPP_2^3,"53,43,0","55,26,0",1,191.997061,76,0.12547,19.64322,3.92699,7.85398,0 0 0 0 0 0 0 0 0 1 1 -5.429 0 7 0 0 0 1
239,SIPP_2^4,"53,43,0","55,26,0",1,187.84397900000002,70,0.32365,16.45248,3.24553,6.49107,0 0 0 0 0 0 1 0 1 -8.401 15 0 0 1
239,SIPP_2^5,"53,43,0","55,26,0",1,186.867891,68,0.88597,8.16737,1.60875,3.21751,0 0 0 0 0 1 1 -10.234 31 -0.143 1
239,SIPP_BigCS,"53,43,9","55,26,12",1,192.63233400000001,295,6.6138,16.41844,3.2774,1.05,86 -4.498 348 -4.134 170 74
239,SIPP_Standard,"53,43,9","55,26,12",1,671.2682259999999,1432,12.15102,38.57954,7.4506,1.2162,-0.266 79 104 43 85 -4.002 10 42 68 45
240,SIPP_2^2,"27,42,0","28,14,0",0,-1,0,0.0,0.0,0.0,0.0,
240,SIPP_2^3,"27,42,0","28,14,0",0,-1,0,0.0,0.0,0.0,0.0,
240,SIPP_2^4,"27,42,0","28,14,0",0,-1,0,0.0,0.0,0.0,0.0,
240,SIPP_2^5,"27,42,0","28,14,0",0,-1,0,0.0,0.0,0.0,0.0,
240,SIPP_BigCS,"27,42,0","28,14,0",0,-1,0,0.0,0.0,0.0,0.0,
240,SIPP_Standard,"27,42,8","28,14,14",0,-1,0,6e-05,0.0,0.0,0.0,
241,SIPP_2^2,"18,44,0","57,40,0",1,645.389273,2129,1.79208,113.13708,25.13274,50.26548,1 1 1 1 1 1 1 1 1 0 0 0 -2.713 1 0 1 1 1 -12.317 2 -0.012 2 -0.012 2 -13.002 2 -0.020 1 1 2 -0.045 1 0 1 -4.371 1 -0.307 1 1 1 1 1 1 1 1 1 1 1 1 1 1 2 1 1 1 0 0 1 1 1 1 1 1 1 0 0 0 3 -1.451 3 -1.138 3
241,SIPP_2^3,"18,44,0","57,40,0",1,434.85281599999996,272,0.41327,47.54909,9.42478,18.84956,2 2 2 2 2 2 2 2 2 2 2 2 2 3 2 2 2 1 2 1 0 1 0 1 2 2 2 2 2 2 2 2 2 2 2 2 2 2 2 3 2
241,SIPP_2^4,"18,44,0","57,40,0",1,429.508448,261,1.01252,23.06942,4.53254,9.06507,4 4 4 4 4 4 4 4 4 4 4 4 5 4 4 4 3 2 2 0 0 2 4 4 4 4 4 4 4 4 4 4 4 4 4 4 4 5
241,SIPP_2^5,"18,44,0","57,40,0",1,428.565316,272,2.70169,20.69677,4.10684,8.21369,8 8 8 8 8 8 8 8 8 8 8 8 9 8 7 4 4 0 -1.271 0 4 8 8 8 8 8 8 8 8 8 8 8 8 8 8 9
241,SIPP_BigCS,"18,44,12","57,40,14",1,442.171578,1280,20.07887,21.92879,4.2889,0.7819,5 5 5 5 57 367 85 319 321 324 321 -1.172 204
241,SIPP_Standard,"18,44,12","57,40,14",1,668.767115,1408,21.00524,16.4998,3.1392,0.3931,-67.875 49 76 105 -85.362 48 -35.529 95 1
242,SIPP_2^2,"28,62,0","17,18,0",1,699.057046,1703,1.35986,120.20815,26.70354,53.40708,0 0 0 0 1 1 -34.002 0 -8.802 0 -0.909 0 -0.918 0 0 0 3 3 3 3 0 0 0 0 3 3 3 0 3 3 3 0 0 0 0 0 3 0 0 0 0 0 3 3 0 0 0 0 0 0 0 0 0 0 0 0 -19.353 1 -1.584 1 -3.489 0 0 0 3 0 0 0 0 3
242,SIPP_2^3,"28,62,0","17,18,0",1,525.35087,614,0.99567,59.16359,11.78097,23.56195,0 7 7 7 7 7 0 7 7 7 7 6 7 7 0 7 0 0 0 0 0 7 7 0 0 0 0 0 0 0 0 0 0 -0.792 0 1 0 0 0 0 0 0 1 1 0 1
242,SIPP_2^4,"28,62,0","17,18,0",1,513.2684519999999,536,2.31441,37.75566,7.53223,15.06446,14 14 14 14 14 14 14 15 14 15 13 0 15 0 0 15 0 15 0 0 0 0 0 0 0 0 0 -0.022 15 0 1 1 1 2 1
242,SIPP_2^5,"28,62,0","17,18,0",1,512.131362,543,5.80406,23.07562,4.57468,9.14935,29 28 28 28 28 28 29 27 0 0 0 0 31 31 31 0 0 0 0 0 0 28 -0.895 0 -0.101 0 2 2 -0.110 2 3
242,SIPP_BigCS,"28,62,5","17,18,6",1,514.285979,2184,38.46038,24.3045,4.7609,1.1528,250 102 102 102 102 102 102 102 170 30 362 6 66 -4.124 170 -0.162 74 177
242,SIPP_Standard,"28,62,5","17,18,6",1,570.200846,283,1.89072,25.84691,4.9928,0.7527,6 74 -62.448 85 10 -5.753 42 92
243,SIPP_2^2,"0,39,0","15,45,0",0,-1,0,0.0,0.0,0.0,0.0,
243,SIPP_2^3,"0,39,0","15,45,0",0,-1,0,0.0,0.0,0.0,0.0,
243,SIPP_2^4,"0,39,0","15,45,0",0,-1,0,0.0,0.0,0.0,0.0,
243,SIPP_2^5,"0,39,0","15,45,0",0,-1,0,0.0,0.0,0.0,0.0,
243,SIPP_BigCS,"0,39,0","15,45,0",0,-1,0,0.0,0.0,0.0,0.0,
243,SIPP_Standard,"0,39,10","15,45,3",0,-1,0,1e-05,0.0,0.0,0.0,
244,SIPP_2^2,"34,32,0","17,46,0",1,327.638417,343,0.30895,77.78175,17.27876,34.55752,3 3 3 3 3 3 3 3 3 3 3 2 3 2 2 2 2 2 3 2 -17.638 2 2 3 2 2 2 3 3 2 3 2
244,SIPP_2^3,"34,32,0","17,46,0",1,294.841958,315,0.4408,15.78728,3.14159,6.28319,6 6 6 6 6 6 6 6 5 5 5 4 4 4 4 4 4 4 4 4 4 5 6 6 6 6 -8.273 6
244,SIPP_2^4,"34,32,0","17,46,0",1,278.13708799999995,243,1.1385,24.94585,4.71239,9.42478,12 12 12 12 12 12 11 11 10 8 8 8 8 8 8 8 8 10 10 12 12 12 12 -0.989 8
244,SIPP_2^5,"34,32,0","17,46,0",1,267.48021,186,3.38233,19.71131,3.78509,7.57019,23 23 24 24 23 16 16 16 16 16 16 16 16 -2.705 20 20 24 23
244,SIPP_BigCS,"34,32,5","17,46,6",1,278.13708799999995,810,90.5568,16.42893,3.2138,0.9353,7 15 331 4 4 4 4 4 -1.066 72 103 171 -6.071 7
244,SIPP_Standard,"34,32,5","17,46,6",1,376.52529300000003,166,5.51407,9.32304,1.7942,0.195,-86.407 7 -41.118 75 94
245,SIPP_2^2,"25,19,0","14,61,0",0,-1,0,0.0,0.0,0.0,0.0,
245,SIPP_2^3,"25,19,0","14,61,0",0,-1,0,0.0,0.0,0.0,0.0,
245,SIPP_2^4,"25,19,0","14,61,0",0,-1,0,0.0,0.0,0.0,0.0,
245,SIPP_2^5,"25,19,0","14,61,0",0,-1,0,0.0,0.0,0.0,0.0,
245,SIPP_BigCS,"25,19,0","14,61,0",0,-1,0,0.0,0.0,0.0,0.0,
245,SIPP_Standard,"25,19,6","14,61,3",0,-1,2,0.04245,0.0,0.0,0.0,
246,SIPP_2^2,"21,18,0","59,52,0",0,-1,0,0.0,0.0,0.0,0.0,
246,SIPP_2^3,"21,18,0","59,52,0",0,-1,0,0.0,0.0,0.0,0.0,
246,SIPP_2^4,"21,18,0","59,52,0",0,-1,0,0.0,0.0,0.0,0.0,
246,SIPP_2^5,"21,18,0","59,52,0",0,-1,0,0.0,0.0,0.0,0.0,
246,SIPP_BigCS,"21,18,0","59,52,0",0,-1,0,0.0,0.0,0.0,0.0,
246,SIPP_Standard,"21,18,14","59,52,8",0,-1,0,3e-05,0.0,0.0,0.0,
247,SIPP_2^2,"22,50,0","24,25,0",1,370.0,443,0.40311,49.49747,10.99557,21.99115,0 3 3 0 0 0 0 0 0 0 0 0 0 0 0 1 1 1 1 1 0 0 0 0 0 0 0 3 3 3 0 0 0 0 0 1 1
247,SIPP_2^3,"22,50,0","24,25,0",1,288.88217799999995,200,0.37317,40.80849,7.85398,15.70796,0 0 0 0 7 7 -5.745 0 0 0 0 1 1 0 1 1 0 0 0 0 1 7 0 0 0 0
247,SIPP_2^4,"22,50,0","24,25,0",1,268.88543999999996,111,0.56364,13.96452,2.78189,5.56377,1 1 1 1 0 0 1 0 0 0 0 0 15 15 0 0 15
247,SIPP_2^5,"22,50,0","24,25,0",1,265.93382799999995,88,1.17453,13.68849,2.7159,5.4318,2 2 2 2 0 1 31 0 31 0 0 0 31
247,SIPP_BigCS,"22,50,11","24,25,10",1,278.85110000000003,435,9.27932,12.86175,2.4448,0.5377,-3.824 282 -3.547 204 -0.480 204 204 308 6 6 66
247,SIPP_Standard,"22,50,11","24,25,10",1,410.1654,230,13.42324,18.50683,3.6003,0.6427,-47.708 106 -11.737 29 33 -9.721 82
248,SIPP_2^2,"50,43,0","38,38,0",1,272.80040299999996,311,0.24577,35.35534,7.85398,15.70796,3 3 3 3 3 3 2 3 3 3 3 3 -27.556 0 0 -51.949 0 -3.295 0 0 3 0
248,SIPP_2^3,"50,43,0","38,38,0",1,250.923736,345,0.51463,35.68598,7.06858,14.13717,6 6 6 6 6 6 -26.039 7 -1.237 0 0 0 0 -1.834 0 7 0 -0.634 6 -0.094 6 -0.375 6 5 5 3
248,SIPP_2^4,"50,43,0","38,38,0",1,248.767135,354,1.44772,42.49772,8.27967,16.55935,12 12 12 12 12 11 14 -1.533 0 1 0 0 -2.266 15 0 -3.005 12 -0.094 12 11 10 6
248,SIPP_2^5,"50,43,0","38,38,0",1,248.767135,356,3.89353,34.98486,6.78479,13.56958,24 24 24 24 23 -0.400 28 -1.871 0 1 0 -3.324 31 -3.423 24 -0.094 24 22 20 12
248,SIPP_BigCS,"50,43,6","38,38,10",1,264.250026,2069,39.81688,20.45095,4.0674,1.1541,251 171 75 174 -36.250 380
248,SIPP_Standard,"50,43,6","38,38,10",1,612.1958999999999,1670,28.76624,32.51143,6.2774,0.9291,17 87 24 107 50 -22.196 85 10
249,SIPP_2^2,"63,18,0","14,58,0",0,-1,0,0.0,0.0,0.0,0.0,
249,SIPP_2^3,"63,18,0","14,58,0",0,-1,0,0.0,0.0,0.0,0.0,
249,SIPP_2^4,"63,18,0","14,58,0",0,-1,0,0.0,0.0,0.0,0.0,
249,SIPP_2^5,"63,18,0","14,58,0",0,-1,0,0.0,0.0,0.0,0.0,
249,SIPP_BigCS,"63,18,0","14,58,0",0,-1,0,0.0,0.0,0.0,0.0,
249,SIPP_Standard,"63,18,10","14,58,9",0,-1,0,2e-05,0.0,0.0,0.0,
250,SIPP_2^2,"63,7,0","5,42,0",0,-1,0,0.0,0.0,0.0,0.0,
250,SIPP_2^3,"63,7,0","5,42,0",0,-1,0,0.0,0.0,0.0,0.0,
250,SIPP_2^4,"63,7,0","5,42,0",0,-1,0,0.0,0.0,0.0,0.0,
250,SIPP_2^5,"63,7,0","5,42,0",0,-1,0,0.0,0.0,0.0,0.0,
250,SIPP_BigCS,"63,7,0","5,42,0",0,-1,0,0.0,0.0,0.0,0.0,
250,SIPP_Standard,"63,7,14","5,42,1",0,-1,0,1e-05,0.0,0.0,0.0,
