task_id,alg,start,goal,success,cost,steps,time_sec,curvature,heading_change,bending_energy,path
1,SIPP_2^2,"50,59,0","47,42,0",1,240.574095,155,0.05208,21.2132,4.71239,9.42478,2 3 -2.975 0 0 0 0 0 0 0 0 0 0 0 0 0 0 0 0 0 -17.599 0 3 3
1,SIPP_2^3,"50,59,0","47,42,0",1,235.564425,209,0.13044,27.43163,5.49779,10.99557,5 7 0 0 0 0 0 0 0 0 0 0 0 0 0 0 0 1 -18.996 7 6
1,SIPP_2^4,"50,59,0","47,42,0",1,235.564425,227,0.4042,24.35671,4.85429,9.70857,10 14 0 0 0 0 0 0 0 0 0 0 0 0 0 0 1 -20.777 14 12
1,SIPP_2^5,"50,59,0","47,42,0",1,234.30474600000002,225,1.08023,21.19977,4.24874,8.49748,20 28 0 0 0 0 0 0 0 0 0 0 1 1 -11.152 25
1,SIPP_BigCS,"50,59,3","47,42,6",1,245.927869,341,3.16961,16.28893,3.1316,1.0639,5 65 165 -8.928 202 202 202 202 202 330
1,SIPP_Standard,"50,59,3","47,42,6",1,342.172868,56,0.13934,19.99062,3.9011,0.6932,9 33 74 -8.173 101
2,SIPP_2^2,"16,47,0","11,13,0",1,390.0,213,0.08181,42.42641,9.42478,18.84956,0 0 0 0 0 0 0 0 3 0 0 0 0 0 0 0 3 0 0 0 0 0 0 0 0 0 0 0 0 0 0 0 0 0 0 3 3 3 0
2,SIPP_2^3,"16,47,0","11,13,0",1,360.71067999999997,163,0.11775,19.71187,3.92699,7.85398,0 0 0 0 0 0 0 0 0 0 0 0 0 0 7 7 0 0 0 0 0 0 0 0 0 0 0 0 0 0 7 7 0 7
2,SIPP_2^4,"16,47,0","11,13,0",1,351.8034,126,0.25583,16.29843,3.24553,6.49107,0 0 0 0 0 0 0 0 0 0 0 15 0 0 15 0 0 0 0 0 0 0 0 0 15 15 0 0 15
2,SIPP_2^5,"16,47,0","11,13,0",1,348.1138849999999,103,0.55853,8.0692,1.60875,3.21751,0 0 0 0 0 0 0 0 0 0 31 31 0 0 0 0 31 0 0 0 0 0 31 31
2,SIPP_BigCS,"16,47,4","11,13,13",1,350.0,317,3.04444,7.86531,1.5147,0.1564,6 14 306 6 6 6 2 6 82
2,SIPP_Standard,"16,47,4","11,13,13",1,407.856312,637,1.82398,15.87193,3.0573,0.4128,50 85 22 -3.856 37 2
3,SIPP_2^2,"30,63,0","18,1,0",0,-1,0,0.0,0.0,0.0,0.0,
3,SIPP_2^3,"30,63,0","18,1,0",0,-1,0,0.0,0.0,0.0,0.0,
3,SIPP_2^4,"30,63,0","18,1,0",0,-1,0,0.0,0.0,0.0,0.0,
3,SIPP_2^5,"30,63,0","18,1,0",0,-1,0,0.0,0.0,0.0,0.0,
3,SIPP_BigCS,"30,63,0","18,1,0",0,-1,0,0.0,0.0,0.0,0.0,
3,SIPP_Standard,"30,63,3","18,1,13",0,-1,0,6e-05,0.0,0.0,0.0,
4,SIPP_2^2,"48,19,0","17,27,0",0,-1,0,0.0,0.0,0.0,0.0,
4,SIPP_2^3,"48,19,0","17,27,0",0,-1,0,0.0,0.0,0.0,0.0,
4,SIPP_2^4,"48,19,0","17,27,0",0,-1,0,0.0,0.0,0.0,0.0,
4,SIPP_2^5,"48,19,0","17,27,0",0,-1,0,0.0,0.0,0.0,0.0,
4,SIPP_BigCS,"48,19,0","17,27,0",0,-1,0,0.0,0.0,0.0,0.0,
4,SIPP_Standard,"48,19,1","17,27,11",0,-1,0,3e-05,0.0,0.0,0.0,
5,SIPP_2^2,"22,55,0","12,0,0",0,-1,0,0.0,0.0,0.0,0.0,
5,SIPP_2^3,"22,55,0","12,0,0",0,-1,0,0.0,0.0,0.0,0.0,
5,SIPP_2^4,"22,55,0","12,0,0",0,-1,0,0.0,0.0,0.0,0.0,
5,SIPP_2^5,"22,55,0","12,0,0",0,-1,0,0.0,0.0,0.0,0.0,
5,SIPP_BigCS,"22,55,0","12,0,0",0,-1,0,0.0,0.0,0.0,0.0,
5,SIPP_Standard,"22,55,13","12,0,0",0,-1,64849,180.00255,0.0,0.0,0.0,
6,SIPP_2^2,"6,37,0","58,6,0",1,830.0,2473,0.87204,155.56349,34.55752,69.11504,0 0 0 0 0 0 0 0 0 0 0 0 0 0 0 0 1 1 1 1 1 1 0 1 0 1 0 1 1 1 1 1 1 0 0 0 0 0 1 1 1 1 1 1 0 1 1 0 1 1 1 1 1 0 1 1 1 1 1 1 1 1 1 0 1 1 1 0 1 1 1 1 1 1 1 1 1 1 1 1 0 1 0
6,SIPP_2^3,"6,37,0","58,6,0",1,662.6571210000002,1013,0.63213,43.96369,8.63938,17.27876,1 1 1 1 1 0 1 1 1 0 1 1 1 1 1 1 1 1 1 1 1 1 1 1 1 2 2 2 2 2 2 2 2 1 1 2 -2.006 2 -0.410 2 -0.106 2 -0.013 2 2 2 1 2 1 1 1 2 2 2 2 2 2 2
6,SIPP_2^4,"6,37,0","58,6,0",1,639.807513,825,1.46535,23.92643,4.81633,9.63266,4 4 3 3 4 4 3 3 3 3 3 3 3 3 3 3 3 3 3 3 3 3 3 3 3 3 -0.791 4 1 0 0 1 0 1
6,SIPP_2^5,"6,37,0","58,6,0",1,638.331707,861,4.20336,13.77408,2.63999,5.27998,7 7 7 7 6 6 6 6 6 6 6 6 6 6 6 6 6 6 6 6 6 6 -3.742 8 1 0 1 2
6,SIPP_BigCS,"6,37,9","58,6,8",1,638.7749799999999,4936,52.68705,16.41595,3.0796,0.3007,101 101 125 252 101 101 101 181 201 201 201 249 -5.775 157 5 5 29 361
6,SIPP_Standard,"6,37,9","58,6,8",1,658.896262,1855,7.86822,26.75158,5.168,0.758,97 111 49 68 53 65 -5.896 53 97
7,SIPP_2^2,"59,41,0","30,35,0",1,350.0,232,0.088,49.49747,10.99557,21.99115,3 3 3 3 3 3 3 3 3 3 0 0 3 3 3 3 3 3 3 0 0 3 3 3 3 3 3 3 3 0 3 3 3 3 0
7,SIPP_2^3,"59,41,0","30,35,0",1,314.85281599999996,144,0.10483,27.78182,5.49779,10.99557,6 6 6 6 7 7 6 6 6 6 6 6 7 7 6 6 6 7 6 6 6 6 6 6 6 6 6 6 7
7,SIPP_2^4,"59,41,0","30,35,0",1,304.16408,112,0.22425,16.30831,3.24553,6.49107,13 13 12 12 12 13 12 12 13 13 12 13 12 12 12 12 12 12 12 12 12 12 12
7,SIPP_2^5,"59,41,0","30,35,0",1,299.73666199999997,78,0.42165,4.83563,0.96525,1.9305,25 25 25 25 24 25 25 24 24 24 24 24 24 24 24 24 24
7,SIPP_BigCS,"59,41,9","30,35,4",1,302.0,223,2.02558,7.80365,1.4766,0.1563,205 309 7 87 365 7 7 7 7 7 7
7,SIPP_Standard,"59,41,9","30,35,4",1,325.0,105,0.36,12.19761,2.3529,0.367,43 69 38 3
8,SIPP_2^2,"0,30,0","63,63,0",0,-1,0,0.0,0.0,0.0,0.0,
8,SIPP_2^3,"0,30,0","63,63,0",0,-1,0,0.0,0.0,0.0,0.0,
8,SIPP_2^4,"0,30,0","63,63,0",0,-1,0,0.0,0.0,0.0,0.0,
8,SIPP_2^5,"0,30,0","63,63,0",0,-1,0,0.0,0.0,0.0,0.0,
8,SIPP_BigCS,"0,30,0","63,63,0",0,-1,0,0.0,0.0,0.0,0.0,
8,SIPP_Standard,"0,30,0","63,63,2",0,-1,0,4e-05,0.0,0.0,0.0,
9,SIPP_2^2,"60,58,0","55,61,0",1,80.0,19,0.00391,35.35534,7.85398,15.70796,3 3 3 2 3 2 3 2
9,SIPP_2^3,"60,58,0","55,61,0",1,62.426408,9,0.00352,7.86564,1.5708,3.14159,5 5 6 6 5
9,SIPP_2^4,"60,58,0","55,61,0",1,58.863496,5,0.00527,1.6059,0.32175,0.6435,10 11 11
9,SIPP_2^5,"60,58,0","55,61,0",1,58.41619299999999,3,0.00767,0.62191,0.12435,0.24871,22 21
9,SIPP_BigCS,"60,58,3","55,61,1",1,61.0,8,0.06805,3.92094,0.7823,0.2502,103 103 171
9,SIPP_Standard,"60,58,3","55,61,1",1,500.331606,773,2.28515,27.71724,5.3132,0.8459,18 108 -4.332 34 83 8 52
10,SIPP_2^2,"15,50,0","9,43,0",1,130.0,48,0.02074,35.35534,7.85398,15.70796,0 3 0 0 0 0 0 3 3 3 3 0 3
10,SIPP_2^3,"15,50,0","9,43,0",1,94.85281599999999,12,0.01059,8.06995,1.5708,3.14159,7 7 7 7 7 0 7
10,SIPP_2^4,"15,50,0","9,43,0",1,93.07136,11,0.02844,3.23189,0.6435,1.287,14 14 14 14 15 14
10,SIPP_2^5,"15,50,0","9,43,0",1,92.624057,9,0.06107,1.9758,0.39479,0.78958,28 28 28 29 28
10,SIPP_BigCS,"15,50,7","9,43,8",1,92.0,3,0.14923,1.74352,0.3314,0.0258,102 102 154
10,SIPP_Standard,"15,50,7","9,43,8",1,426.854353,1022,2.36183,25.57706,4.9369,0.8029,103 81 14 109 -3.854 55
11,SIPP_2^2,"31,29,0","53,8,0",1,430.0,638,0.23521,84.85281,18.84956,37.69911,1 1 1 1 1 1 1 1 0 0 0 0 0 0 0 0 0 0 1 1 0 1 1 1 0 1 1 1 1 1 0 0 0 1 1 0 0 0 1 0 0 0 1
11,SIPP_2^3,"31,29,0","53,8,0",1,342.1320399999999,205,0.13593,39.228,7.85398,15.70796,1 2 2 2 1 2 1 2 2 2 1 1 1 1 1 1 1 1 1 0 0 0 0 1 0 0 1 1
11,SIPP_2^4,"31,29,0","53,8,0",1,317.94611999999995,73,0.1344,15.87422,3.14159,6.28319,3 4 3 4 2 3 2 2 2 2 2 2 2 2 2 1 1 1 1
11,SIPP_2^5,"31,29,0","53,8,0",1,312.59399599999995,68,0.34959,7.18178,1.43308,2.86617,6 5 5 4 5 4 5 4 4 2 2 2 2
11,SIPP_BigCS,"31,29,11","53,8,15",1,310.0,115,2.14751,7.51395,1.3157,0.1309,201 249 101 153 201 257 204 204
11,SIPP_Standard,"31,29,11","53,8,15",1,389.441667,285,1.25529,14.7694,2.7357,0.3925,-48.442 60 84 9 37
12,SIPP_2^2,"59,49,0","0,1,0",0,-1,0,0.0,0.0,0.0,0.0,
12,SIPP_2^3,"59,49,0","0,1,0",0,-1,0,0.0,0.0,0.0,0.0,
12,SIPP_2^4,"59,49,0","0,1,0",0,-1,0,0.0,0.0,0.0,0.0,
12,SIPP_2^5,"59,49,0","0,1,0",0,-1,0,0.0,0.0,0.0,0.0,
12,SIPP_BigCS,"59,49,0","0,1,0",0,-1,0,0.0,0.0,0.0,0.0,
12,SIPP_Standard,"59,49,0","0,1,13",0,-1,66206,180.00023,0.0,0.0,0.0,
13,SIPP_2^2,"56,47,0","12,28,0",1,630.0,1349,0.53487,49.49747,10.99557,21.99115,3 3 3 3 3 3 3 3 3 3 3 3 3 3 3 3 3 3 3 3 3 3 3 3 3 3 3 3 3 3 3 3 3 3 3 3 3 0 0 3 0 0 0 0 0 0 0 3 0 0 0 0 0 0 0 0 0 3 3 3 3 3 0
13,SIPP_2^3,"56,47,0","12,28,0",1,519.974044,565,0.3409,47.43717,9.42478,18.84956,7 7 7 7 7 7 7 7 7 6 6 6 7 7 7 6 6 6 6 6 6 6 6 6 6 6 6 6 6 6 6 6 6 7 6 7 7 6 7 7 6 7 -1.273 6 7
13,SIPP_2^4,"56,47,0","12,28,0",1,510.30679999999995,535,0.91147,25.79803,5.13808,10.27616,14 14 14 14 14 14 14 14 14 13 13 13 12 12 12 12 13 13 12 12 12 12 12 12 13 12 12 12 13 12 12 12 12 12 13 14 0
13,SIPP_2^5,"56,47,0","12,28,0",1,506.63744799999995,580,2.79892,10.83133,2.13838,4.27677,25 25 25 25 25 25 25 26 26 26 26 25 25 25 26 26 -0.709 24 -13.914 31
13,SIPP_BigCS,"56,47,14","12,28,15",1,510.815513,3234,43.47388,19.10136,3.7319,0.6597,221 102 102 102 102 130 7 7 59 309 7 7 43 -2.816 333
13,SIPP_Standard,"56,47,14","12,28,15",1,520.348925,471,3.71681,15.12645,2.9067,0.3252,30 50 -7.555 93 19 93 -13.794 23
14,SIPP_2^2,"49,32,0","33,30,0",1,180.0,43,0.01438,21.2132,4.71239,9.42478,3 3 3 3 3 3 3 3 3 3 3 3 3 3 0 3 3 0
14,SIPP_2^3,"49,32,0","33,30,0",1,168.284272,33,0.02244,11.59279,2.35619,4.71239,6 6 6 6 6 6 6 6 6 6 6 6 7 6 6 7
14,SIPP_2^4,"49,32,0","33,30,0",1,164.72136,24,0.04682,2.29753,0.46365,0.9273,12 12 12 12 12 12 12 12 12 12 12 12 13 13
14,SIPP_2^5,"49,32,0","33,30,0",1,163.983457,27,0.15157,2.31153,0.46365,0.9273,24 24 24 24 24 24 24 24 24 24 24 25 26
14,SIPP_BigCS,"49,32,2","33,30,10",1,164.0,36,0.38464,2.36385,0.463,0.0399,7 3 87
14,SIPP_Standard,"49,32,2","33,30,10",1,166.0,3,0.04199,4.17478,0.8457,0.1277,3 23
15,SIPP_2^2,"33,34,0","49,43,0",1,304.638417,413,0.13924,28.28427,6.28319,12.56637,1 1 1 1 1 1 1 1 1 1 1 1 2 2 2 -9.007 1 -0.022 1 -0.094 1 -0.375 2 2 2 2 2 2 -45.141 1
15,SIPP_2^3,"33,34,0","49,43,0",1,197.27922399999994,85,0.06266,23.73178,4.71239,9.42478,2 2 3 2 2 2 3 3 3 3 3 3 3 2 3 2
15,SIPP_2^4,"33,34,0","49,43,0",1,184.80903199999997,23,0.04659,1.61388,0.32175,0.6435,5 5 5 5 5 5 5 6 6
15,SIPP_2^5,"33,34,0","49,43,0",1,183.914426,17,0.0936,1.86614,0.37307,0.74613,10 10 10 11 10 10 11
15,SIPP_BigCS,"33,34,12","49,43,13",1,183.0,8,0.82339,4.13479,0.6405,0.1703,207 207 207 207 207 207 207 327
15,SIPP_Standard,"33,34,12","49,43,13",1,255.021724,126,0.65394,15.51351,3.0465,0.4925,45 25 -1.022 96
16,SIPP_2^2,"42,17,0","17,11,0",1,310.0,212,0.08905,35.35534,7.85398,15.70796,3 3 3 3 3 3 3 3 3 3 3 3 3 3 3 3 3 3 3 3 3 3 3 0 0 3 0 0 0 3 0
16,SIPP_2^3,"42,17,0","17,11,0",1,280.71067999999997,169,0.12914,19.71187,3.92699,7.85398,6 6 6 6 6 6 6 6 6 6 6 6 6 6 6 6 7 7 6 6 6 6 7 7 0 7
16,SIPP_2^4,"42,17,0","17,11,0",1,275.366312,162,0.34727,7.14758,1.4289,2.8578,12 12 12 12 12 12 12 12 12 12 12 12 12 12 12 12 12 12 13 13 14 15 14
16,SIPP_2^5,"42,17,0","17,11,0",1,273.443203,153,0.87689,8.2476,1.62629,3.25259,24 24 24 24 24 24 24 24 24 24 24 24 24 24 24 25 25 24 28 29
16,SIPP_BigCS,"42,17,5","17,11,6",1,275.0,694,6.86787,8.39835,1.6188,0.2792,365 7 3 59 325 202
16,SIPP_Standard,"42,17,5","17,11,6",1,330.69336,222,0.82911,14.64004,2.8772,0.4803,47 -5.693 3 23 42
17,SIPP_2^2,"9,38,0","3,61,0",1,310.0,249,0.07883,35.35534,7.85398,15.70796,2 2 2 3 3 3 3 2 2 2 3 3 3 2 2 2 2 2 2 2 2 2 2 2 2 2 2 2 2 2 1
17,SIPP_2^3,"9,38,0","3,61,0",1,254.852816,71,0.04635,12.06996,2.35619,4.71239,5 5 5 5 4 4 4 5 5 4 4 4 4 4 4 4 4 4 4 4 4 4 4
17,SIPP_2^4,"9,38,0","3,61,0",1,244.16407999999998,56,0.08839,6.93886,1.39094,2.78189,9 9 9 9 9 8 9 8 8 8 8 8 8 8 8 8 8
17,SIPP_2^5,"9,38,0","3,61,0",1,242.68827399999998,43,0.2,3.94475,0.7854,1.5708,18 18 18 18 17 16 16 16 16 16 16 16 16 16 17
17,SIPP_BigCS,"9,38,7","3,61,4",1,242.0,62,0.52639,5.55311,0.9783,0.1089,206 206 206 206 366 4 4 56
17,SIPP_Standard,"9,38,7","3,61,4",1,268.426828,51,0.14079,7.73685,1.2472,0.2589,40 -10.427 62 62
18,SIPP_2^2,"14,9,0","45,19,0",1,410.0,431,0.16901,70.71068,15.70796,31.41593,1 1 2 1 2 2 1 2 1 1 1 2 1 1 1 1 1 1 1 1 1 1 1 1 1 1 1 1 1 1 1 1 1 1 1 2 2 2 2 2 1
18,SIPP_2^3,"14,9,0","45,19,0",1,351.42135999999994,219,0.16419,24.28751,4.71239,9.42478,3 3 3 3 3 3 3 2 2 2 2 2 2 2 2 2 2 2 2 2 2 3 2 2 2 2 2 3 2 2 3
18,SIPP_2^4,"14,9,0","45,19,0",1,333.60679999999996,125,0.26729,11.69724,2.31824,4.63648,5 5 5 5 5 5 5 5 4 4 4 4 4 4 5 4 5 4 4 4 4
18,SIPP_2^5,"14,9,0","45,19,0",1,327.70357599999994,56,0.3154,4.64305,0.9273,1.85459,9 9 10 10 9 8 8 8 9 9 9 9 9
18,SIPP_BigCS,"14,9,10","45,19,2",1,330.0,176,1.68412,8.27981,1.4766,0.1563,207 207 207 207 207 367 5 85 311
18,SIPP_Standard,"14,9,10","45,19,2",1,342.0,55,0.2118,15.862,3.0939,0.415,80 17 95 21
19,SIPP_2^2,"56,0,0","18,2,0",0,-1,0,0.0,0.0,0.0,0.0,
19,SIPP_2^3,"56,0,0","18,2,0",0,-1,0,0.0,0.0,0.0,0.0,
19,SIPP_2^4,"56,0,0","18,2,0",0,-1,0,0.0,0.0,0.0,0.0,
19,SIPP_2^5,"56,0,0","18,2,0",0,-1,0,0.0,0.0,0.0,0.0,
19,SIPP_BigCS,"56,0,0","18,2,0",0,-1,0,0.0,0.0,0.0,0.0,
19,SIPP_Standard,"56,0,0","18,2,15",0,-1,0,5e-05,0.0,0.0,0.0,
20,SIPP_2^2,"42,11,0","59,0,0",0,-1,0,0.0,0.0,0.0,0.0,
20,SIPP_2^3,"42,11,0","59,0,0",0,-1,0,0.0,0.0,0.0,0.0,
20,SIPP_2^4,"42,11,0","59,0,0",0,-1,0,0.0,0.0,0.0,0.0,
20,SIPP_2^5,"42,11,0","59,0,0",0,-1,0,0.0,0.0,0.0,0.0,
20,SIPP_BigCS,"42,11,0","59,0,0",0,-1,0,0.0,0.0,0.0,0.0,
20,SIPP_Standard,"42,11,4","59,0,6",0,-1,65137,180.00034,0.0,0.0,0.0,
21,SIPP_2^2,"50,63,0","45,41,0",0,-1,0,0.0,0.0,0.0,0.0,
21,SIPP_2^3,"50,63,0","45,41,0",0,-1,0,0.0,0.0,0.0,0.0,
21,SIPP_2^4,"50,63,0","45,41,0",0,-1,0,0.0,0.0,0.0,0.0,
21,SIPP_2^5,"50,63,0","45,41,0",0,-1,0,0.0,0.0,0.0,0.0,
21,SIPP_BigCS,"50,63,0","45,41,0",0,-1,0,0.0,0.0,0.0,0.0,
21,SIPP_Standard,"50,63,12","45,41,9",0,-1,0,2e-05,0.0,0.0,0.0,
22,SIPP_2^2,"14,10,0","40,29,0",1,479.883447,1036,0.37681,70.71068,15.70796,31.41593,2 2 2 2 2 2 2 2 2 2 1 1 1 1 2 2 2 1 2 2 1 1 1 1 1 1 1 1 1 1 1 1 1 1 2 2 1 2 2 2 1 1 1 1 1 -9.782 1 -0.101 0
22,SIPP_2^3,"14,10,0","40,29,0",1,338.7005839999999,185,0.15126,31.69782,6.28319,12.56637,3 3 3 2 3 3 2 2 2 3 3 3 3 3 3 3 3 3 2 2 3 3 3 3 2 3
22,SIPP_2^4,"14,10,0","40,29,0",1,326.23039199999994,111,0.27201,12.901,2.574,5.14801,6 6 5 6 5 5 6 6 6 6 6 5 6 5 5 5 6 6 6
22,SIPP_2^5,"14,10,0","40,29,0",1,323.09927099999993,56,0.38496,0.98763,0.1974,0.39479,11 11 11 11 11 11 11 12 12 12 12 12
22,SIPP_BigCS,"14,10,15","40,29,3",1,322.0,19,0.33113,6.87553,1.2958,0.0749,176 223 100 124 223
22,SIPP_Standard,"14,10,15","40,29,3",1,326.0,26,0.15944,5.51354,0.9733,0.0991,28 48 63 79
23,SIPP_2^2,"33,52,0","46,0,0",0,-1,0,0.0,0.0,0.0,0.0,
23,SIPP_2^3,"33,52,0","46,0,0",0,-1,0,0.0,0.0,0.0,0.0,
23,SIPP_2^4,"33,52,0","46,0,0",0,-1,0,0.0,0.0,0.0,0.0,
23,SIPP_2^5,"33,52,0","46,0,0",0,-1,0,0.0,0.0,0.0,0.0,
23,SIPP_BigCS,"33,52,0","46,0,0",0,-1,0,0.0,0.0,0.0,0.0,
23,SIPP_Standard,"33,52,14","46,0,15",0,-1,65934,180.00286,0.0,0.0,0.0,
24,SIPP_2^2,"48,29,0","1,24,0",1,520.0,235,0.09537,49.49747,10.99557,21.99115,3 3 3 3 3 3 3 3 0 0 3 0 3 3 3 3 3 3 3 3 3 3 3 3 3 3 3 3 3 3 3 3 3 3 3 3 3 3 3 3 3 3 3 3 3 3 3 3 0 3 3 0
24,SIPP_2^3,"48,29,0","1,24,0",1,490.71067999999997,188,0.14872,31.69759,6.28319,12.56637,6 6 6 6 7 7 6 6 6 7 6 6 6 6 6 6 6 6 6 6 6 6 7 6 6 6 7 6 6 6 6 6 6 6 6 6 6 6 6 6 6 6 6 6 6 6 6
24,SIPP_2^4,"48,29,0","1,24,0",1,481.8034,141,0.3272,11.6556,2.31824,4.63648,12 13 13 13 12 12 12 12 12 12 12 12 12 12 12 12 12 12 12 12 12 12 12 12 12 12 12 12 12 12 12 12 12 12 12 12 12 12 12 13 12 13
24,SIPP_2^5,"48,29,0","1,24,0",1,478.113885,114,0.72574,8.06291,1.60875,3.21751,24 24 25 25 25 24 24 24 24 24 24 24 24 24 24 24 24 24 24 24 24 24 24 24 24 24 24 24 24 24 24 25 24 24 24 24 25
24,SIPP_BigCS,"48,29,8","1,24,0",1,480.0,277,2.61464,7.42065,1.4399,0.155,87 309 7 3 3 7 7 7 7 7 7 7 7 7 7 7 59
24,SIPP_Standard,"48,29,8","1,24,0",1,485.0,41,0.21955,8.2271,1.63,0.2214,38 3 3 3 3 23
25,SIPP_2^2,"22,47,0","40,50,0",1,210.0,77,0.02507,42.42641,9.42478,18.84956,1 1 1 1 1 1 1 1 1 2 1 1 1 1 1 2 1 1 1 2 1
25,SIPP_2^3,"22,47,0","40,50,0",1,192.42640799999998,57,0.03422,19.45842,3.92699,7.85398,2 2 2 2 2 3 2 3 2 2 2 2 2 2 2 2 2 3
25,SIPP_2^4,"22,47,0","40,50,0",1,187.08204,41,0.10199,6.97882,1.39094,2.78189,4 4 4 4 4 4 4 4 4 4 5 5 4 4 5
25,SIPP_2^5,"22,47,0","40,50,0",1,184.868331,32,0.15416,4.83483,0.96525,1.9305,8 8 8 8 8 8 9 9 8 8 8 9
25,SIPP_BigCS,"22,47,15","40,50,12",1,186.0,69,0.83091,4.96249,0.9769,0.1151,5 5 5 5 5 5 57 311
25,SIPP_Standard,"22,47,15","40,50,12",1,233.0,104,0.39765,9.87444,1.8906,0.2533,53 105 52
26,SIPP_2^2,"18,0,0","48,42,0",0,-1,0,0.0,0.0,0.0,0.0,
26,SIPP_2^3,"18,0,0","48,42,0",0,-1,0,0.0,0.0,0.0,0.0,
26,SIPP_2^4,"18,0,0","48,42,0",0,-1,0,0.0,0.0,0.0,0.0,
26,SIPP_2^5,"18,0,0","48,42,0",0,-1,0,0.0,0.0,0.0,0.0,
26,SIPP_BigCS,"18,0,0","48,42,0",0,-1,0,0.0,0.0,0.0,0.0,
26,SIPP_Standard,"18,0,8","48,42,9",0,-1,0,5e-05,0.0,0.0,0.0,
27,SIPP_2^2,"2,52,0","39,40,0",1,520.568317,818,0.27862,106.06602,23.56194,47.12389,1 1 1 1 1 1 -13.004 1 1 0 0 1 1 1 1 1 1 1 0 0 1 1 1 1 1 1 1 1 1 1 1 1 0 1 1 0 1 1 1 1 1 0 0 1 0 1 0 1 0 -17.565 0
27,SIPP_2^3,"2,52,0","39,40,0",1,419.705632,329,0.22454,16.06829,3.14159,6.28319,1 1 1 1 1 1 1 2 2 2 2 2 2 2 2 2 2 2 2 2 2 2 2 2 2 2 2 2 2 2 1 1 1 1 2 2 1
27,SIPP_2^4,"2,52,0","39,40,0",1,404.830976,155,0.28682,17.90003,3.56728,7.13457,4 4 4 4 4 5 3 4 4 3 3 3 3 4 4 4 3 3 3 3 3 3 3 2
27,SIPP_2^5,"2,52,0","39,40,0",1,399.787695,94,0.42637,7.57632,1.5153,3.0306,8 9 8 8 -0.569 7 6 6 6 7 7 7 7 7 6 6 5
27,SIPP_BigCS,"2,52,15","39,40,10",1,403.0,368,3.67631,13.7913,2.5804,0.4252,367 81 201 201 201 305 65 181 201
27,SIPP_Standard,"2,52,15","39,40,10",1,421.0,113,0.39602,16.29206,3.1292,0.4055,103 65 45 5 65
28,SIPP_2^2,"22,2,0","7,12,0",1,250.0,164,0.04326,49.49747,10.99557,21.99115,3 3 3 3 3 3 3 3 3 2 2 2 3 3 3 2 2 2 3 3 2 2 2 3 2
28,SIPP_2^3,"22,2,0","7,12,0",1,191.42135999999996,67,0.03562,24.28751,4.71239,9.42478,5 5 5 5 5 5 5 6 5 6 6 5 6 6 5
28,SIPP_2^4,"22,2,0","7,12,0",1,182.51407999999998,37,0.05613,8.04972,1.60875,3.21751,11 11 11 10 10 10 11 10 11 10
28,SIPP_2^5,"22,2,0","7,12,0",1,180.27756499999998,5,0.01761,0.0,0.0,0.0,21 21 21 21 21
28,SIPP_BigCS,"22,2,4","7,12,8",1,180.0,7,0.11102,3.54589,0.643,0.0347,203 219 183
28,SIPP_Standard,"22,2,4","7,12,8",1,360.574572,349,0.75417,21.82826,4.2431,0.6485,-18.575 87 24 107 38
29,SIPP_2^2,"16,42,0","57,63,0",0,-1,0,0.0,0.0,0.0,0.0,
29,SIPP_2^3,"16,42,0","57,63,0",0,-1,0,0.0,0.0,0.0,0.0,
29,SIPP_2^4,"16,42,0","57,63,0",0,-1,0,0.0,0.0,0.0,0.0,
29,SIPP_2^5,"16,42,0","57,63,0",0,-1,0,0.0,0.0,0.0,0.0,
29,SIPP_BigCS,"16,42,0","57,63,0",0,-1,0,0.0,0.0,0.0,0.0,
29,SIPP_Standard,"16,42,14","57,63,12",0,-1,63894,180.00038,0.0,0.0,0.0,
30,SIPP_2^2,"55,45,0","31,62,0",1,410.0,573,0.19548,70.71068,15.70796,31.41593,3 3 3 3 3 3 3 3 3 3 3 3 3 3 3 3 3 2 2 2 3 3 2 2 2 2 2 2 2 2 2 2 3 3 2 3 2 2 3 2 3
30,SIPP_2^3,"55,45,0","31,62,0",1,310.4163119999999,169,0.13343,15.52103,3.14159,6.28319,5 5 5 5 5 5 5 5 5 5 5 5 5 5 6 6 5 5 6 6 6 6 6 5
30,SIPP_2^4,"55,45,0","31,62,0",1,297.94611999999995,95,0.24125,14.5157,2.89576,5.79151,11 11 10 11 11 10 11 10 11 10 10 11 10 10 10 10 10
30,SIPP_2^5,"55,45,0","31,62,0",1,294.81499899999994,38,0.28446,2.96354,0.59219,1.18437,21 21 21 21 21 21 20 21 20 20
30,SIPP_BigCS,"55,45,12","31,62,15",1,294.0,11,0.31956,5.42625,0.9742,0.0546,203 203 219 103 155 219
30,SIPP_Standard,"55,45,12","31,62,15",1,317.0,146,0.42371,13.43765,2.6033,0.3205,47 11 51 78
31,SIPP_2^2,"57,58,0","46,43,0",1,260.0,235,0.09562,42.42641,9.42478,18.84956,3 3 3 3 3 3 0 0 0 0 0 0 0 3 0 0 0 0 3 3 0 0 0 0 3 3
31,SIPP_2^3,"57,58,0","46,43,0",1,249.706561,293,0.17566,27.89811,5.49779,10.99557,0 0 0 0 0 0 0 0 0 0 7 7 7 6 6 7 6 7 -10.712 7 6 5
31,SIPP_2^4,"57,58,0","46,43,0",1,247.925105,304,0.51775,20.39247,4.06889,8.13778,15 0 0 0 0 15 0 0 14 14 14 14 13 -27.772 14 11
31,SIPP_2^5,"57,58,0","46,43,0",1,246.94865299999998,305,1.38934,13.38229,2.67795,5.35589,0 0 31 31 0 0 28 28 28 28 -28.718 27 22
31,SIPP_BigCS,"57,58,14","46,43,2",1,248.303883,1556,15.32115,14.54432,2.8673,0.7967,306 30 322 205 -27.304 349
31,SIPP_Standard,"57,58,14","46,43,2",1,305.09391600000004,244,0.83303,14.47014,2.8164,0.4457,107 54 -55.094 106
32,SIPP_2^2,"0,41,0","20,38,0",0,-1,0,0.0,0.0,0.0,0.0,
32,SIPP_2^3,"0,41,0","20,38,0",0,-1,0,0.0,0.0,0.0,0.0,
32,SIPP_2^4,"0,41,0","20,38,0",0,-1,0,0.0,0.0,0.0,0.0,
32,SIPP_2^5,"0,41,0","20,38,0",0,-1,0,0.0,0.0,0.0,0.0,
32,SIPP_BigCS,"0,41,0","20,38,0",0,-1,0,0.0,0.0,0.0,0.0,
32,SIPP_Standard,"0,41,1","20,38,3",0,-1,0,5e-05,0.0,0.0,0.0,
33,SIPP_2^2,"7,49,0","13,53,0",1,100.0,25,0.00713,7.07107,1.5708,3.14159,1 1 1 1 1 1 2 2 2 2
33,SIPP_2^3,"7,49,0","13,53,0",1,94.142136,26,0.01295,7.70981,1.5708,3.14159,2 2 2 2 2 3 4 4 4
33,SIPP_2^4,"7,49,0","13,53,0",1,93.005632,25,0.03192,12.64428,2.49809,4.99618,7 8 6 6 4 3
33,SIPP_2^5,"7,49,0","13,53,0",1,91.529826,23,0.07739,7.68005,1.5708,3.14159,15 12 12 7
33,SIPP_BigCS,"7,49,13","13,53,15",1,102.24886500000001,59,0.51579,11.76429,2.3536,0.8934,4 68 -9.249 351
33,SIPP_Standard,"7,49,13","13,53,15",1,489.0,1569,3.93158,27.43081,5.2761,0.8773,53 97 79 104 43 77
34,SIPP_2^2,"11,13,0","14,1,0",1,179.05470200000002,114,0.03491,21.2132,4.71239,9.42478,0 0 0 0 0 0 0 0 3 -9.030 0 -0.012 0 -0.012 0 0 1 1 1 1
34,SIPP_2^3,"11,13,0","14,1,0",1,173.184573,142,0.07144,23.4338,4.71239,9.42478,0 0 0 7 0 7 0 0 -0.734 0 -0.012 0 -0.012 0 1 2 2 2 2
34,SIPP_2^4,"11,13,0","14,1,0",1,171.403117,147,0.20782,12.82596,2.49809,4.99618,0 15 15 0 0 0 -4.297 0 -0.012 0 -0.012 0 3 4 4 4
34,SIPP_2^5,"11,13,0","14,1,0",1,170.665214,145,0.56331,14.76585,2.8578,5.7156,0 31 0 31 -5.772 0 -0.012 0 -0.012 0 7 8 8
34,SIPP_BigCS,"11,13,8","14,1,12",1,170.567252,613,2.88751,10.35134,2.0747,0.4193,306 6 -14.567 38
34,SIPP_Standard,"11,13,8","14,1,12",1,419.277844,368,0.78832,22.02737,4.252,0.6585,72 111 33 -5.278 66 38
35,SIPP_2^2,"35,54,0","25,55,0",1,110.0,11,0.0047,7.07107,1.5708,3.14159,3 3 3 3 3 3 3 3 3 3 2
35,SIPP_2^3,"35,54,0","25,55,0",1,104.142136,10,0.00784,3.82683,0.7854,1.5708,6 6 6 6 6 6 6 6 6 5
35,SIPP_2^4,"35,54,0","25,55,0",1,102.36068,9,0.018,2.29753,0.46365,0.9273,12 12 12 12 12 12 12 12 11
35,SIPP_2^5,"35,54,0","25,55,0",1,101.622777,8,0.03875,1.60182,0.32175,0.6435,24 24 24 24 24 24 24 23
35,SIPP_BigCS,"35,54,14","25,55,7",1,102.0,8,0.16358,2.74653,0.5456,0.0552,7 7 15
35,SIPP_Standard,"35,54,14","25,55,7",1,478.434208,1270,3.62936,19.44182,3.6003,0.6426,2 14 109 -53.434 35 56
36,SIPP_2^2,"22,5,0","8,28,0",1,387.91585599999996,635,0.23959,77.78175,17.27876,34.55752,3 3 3 3 3 3 2 3 3 3 2 2 2 3 2 2 2 2 2 3 3 2 3 2 3 2 2 2 -6.713 2 -11.119 2 -0.084 2 2 2 2 2 2 2
36,SIPP_2^3,"22,5,0","8,28,0",1,287.9899039999999,129,0.10325,23.84233,4.71239,9.42478,5 5 5 4 4 4 4 4 5 4 4 4 5 5 5 5 5 5 5 5 4 5 5
36,SIPP_2^4,"22,5,0","8,28,0",1,273.7382559999999,69,0.15737,12.66306,2.53605,5.0721,9 9 9 9 9 9 8 10 10 10 9 10 10 9 10
36,SIPP_2^5,"22,5,0","8,28,0",1,272.10574699999995,58,0.34331,5.01871,1.00034,2.00067,18 18 18 18 18 17 20 20 19 19 20 20
36,SIPP_BigCS,"22,5,10","8,28,5",1,274.0,124,1.10788,5.86469,1.106,0.0746,84 222 103 103 103 179
36,SIPP_Standard,"22,5,10","8,28,5",1,333.91938500000003,232,0.77244,14.14685,2.7115,0.3492,-3.919 4 104 55 91
37,SIPP_2^2,"21,61,0","35,57,0",1,180.0,72,0.02482,21.2132,4.71239,9.42478,1 1 1 1 1 1 1 1 1 1 1 1 0 0 0 1 1 0
37,SIPP_2^3,"21,61,0","35,57,0",1,156.56854399999997,50,0.03451,27.40917,5.49779,10.99557,2 2 2 2 2 2 1 2 1 2 1 2 2 1
37,SIPP_2^4,"21,61,0","35,57,0",1,149.44272,31,0.06084,11.63538,2.31824,4.63648,4 4 4 3 4 3 3 4 4 3
37,SIPP_2^5,"21,61,0","35,57,0",1,146.491108,15,0.07599,3.23301,0.6435,1.287,7 7 8 8 7 7
37,SIPP_BigCS,"21,61,1","35,57,7",1,148.0,31,0.53227,4.96131,0.9691,0.1012,305 5 81
37,SIPP_Standard,"21,61,1","35,57,7",1,406.0,827,2.34376,20.35063,3.9219,0.6,54 106 41 71 44
38,SIPP_2^2,"41,46,0","25,26,0",1,360.0,444,0.15347,77.78175,17.27876,34.55752,3 3 3 3 3 3 3 0 0 0 0 0 3 3 3 3 0 3 0 0 0 0 0 0 3 0 0 0 3 3 0 0 0 0 3 0
38,SIPP_2^3,"41,46,0","25,26,0",1,266.2741759999999,102,0.06178,19.34989,3.92699,7.85398,7 7 7 7 7 7 7 7 7 7 7 7 7 7 0 7 0 7 0 0
38,SIPP_2^4,"41,46,0","25,26,0",1,259.14835199999993,70,0.12062,11.29299,2.25225,4.50451,14 14 14 14 14 15 14 15 14 14 15 14 14 14 14 15
38,SIPP_2^5,"41,46,0","25,26,0",1,257.35913999999997,48,0.25796,7.90728,1.57916,3.15833,28 28 29 28 28 29 28 28 29 28 29 28
38,SIPP_BigCS,"41,46,9","25,26,10",1,256.0,14,0.40933,5.29273,0.9842,0.066,102 102 102 154 218 154
38,SIPP_Standard,"41,46,9","25,26,10",1,332.0,382,2.59799,20.50748,3.9829,0.6514,33 82 23 46
39,SIPP_2^2,"30,15,0","12,52,0",1,550.0,1083,0.41729,91.92388,20.42035,40.8407,3 3 3 3 3 3 3 3 3 3 2 3 2 2 3 3 2 3 3 2 2 2 2 2 2 2 2 2 2 2 2 2 2 2 2 2 2 2 2 2 2 2 2 2 3 2 2 2 2 3 2 2 2 3 2
39,SIPP_2^3,"30,15,0","12,52,0",1,444.5584479999999,419,0.32474,31.34925,6.28319,12.56637,5 5 5 5 5 5 5 5 5 5 5 5 4 4 4 4 4 4 4 4 4 4 4 4 4 4 5 4 5 5 4 4 5 5 4 4 5
39,SIPP_2^4,"30,15,0","12,52,0",1,427.257384,247,0.57123,29.77422,5.92348,11.84696,9 8 9 9 9 9 9 9 10 10 10 11 10 8 9 8 8 8 8 9 8 9 9 8 9
39,SIPP_2^5,"30,15,0","12,52,0",1,423.85846899999996,207,1.23722,11.94739,2.39128,4.78256,18 18 18 18 18 17 18 20 20 21 20 17 16 16 16 16 17 18 18 17
39,SIPP_BigCS,"30,15,0","12,52,2",1,426.0,910,8.37719,14.86007,2.8644,0.4705,84 206 206 358 103 103 103 103 163 4 84 310
39,SIPP_Standard,"30,15,0","12,52,2",1,436.269934,143,0.61895,7.58871,1.1886,0.0899,16 70 51 -18.270 62 62
40,SIPP_2^2,"8,4,0","35,39,0",1,620.0,1439,0.48436,84.85281,18.84956,37.69911,2 2 2 2 2 2 2 2 2 2 2 2 2 2 2 2 2 2 2 2 2 2 2 2 2 2 2 2 1 2 1 1 1 1 1 1 1 2 1 1 1 1 2 2 1 1 1 1 1 1 1 1 1 1 1 1 2 1 1 2 1 2
40,SIPP_2^3,"8,4,0","35,39,0",1,468.13546999999994,318,0.19179,51.48338,10.21018,20.42035,3 3 3 3 3 3 4 3 3 3 4 4 3 3 3 3 4 4 3 4 4 3 3 4 3 3 3 3 3 3 3 4 3 3 3 -0.440 2
40,SIPP_2^4,"8,4,0","35,39,0",1,447.5860239999999,159,0.27563,12.89461,2.574,5.14801,6 6 6 7 7 7 6 6 7 6 6 6 6 7 7 7 6 6 6 6 6 6 6 6 6 7 6
40,SIPP_2^5,"8,4,0","35,39,0",1,444.0075999999999,112,0.55944,6.91034,1.38177,2.76354,13 12 13 13 13 13 13 12 13 12 12 12 12 12 12 12 12 13 12
40,SIPP_BigCS,"8,4,11","35,39,0",1,442.0,38,0.55249,10.53503,1.969,0.1322,100 152 248 152 216 152 216
40,SIPP_Standard,"8,4,11","35,39,0",1,481.57607799999994,340,3.65748,9.44562,1.8103,0.1827,0 8 48 71 28 -0.576 48
41,SIPP_2^2,"21,32,0","7,18,0",0,-1,0,0.0,0.0,0.0,0.0,
41,SIPP_2^3,"21,32,0","7,18,0",0,-1,0,0.0,0.0,0.0,0.0,
41,SIPP_2^4,"21,32,0","7,18,0",0,-1,0,0.0,0.0,0.0,0.0,
41,SIPP_2^5,"21,32,0","7,18,0",0,-1,0,0.0,0.0,0.0,0.0,
41,SIPP_BigCS,"21,32,0","7,18,0",0,-1,0,0.0,0.0,0.0,0.0,
41,SIPP_Standard,"21,32,14","7,18,10",0,-1,0,8e-05,0.0,0.0,0.0,
42,SIPP_2^2,"11,42,0","23,24,0",1,300.0,295,0.1196,77.78175,17.27876,34.55752,0 0 0 0 0 0 0 0 0 0 0 1 1 0 1 0 0 1 1 1 0 1 1 1 0 1 1 0 0 1
42,SIPP_2^3,"11,42,0","23,24,0",1,240.520892,134,0.10155,33.96254,6.28319,12.56637,1 1 1 1 1 1 0 0 2 0 0 1 1 0 0 0 -4.957 1 1 1
42,SIPP_2^4,"11,42,0","23,24,0",1,238.70657200000002,142,0.29274,22.25719,4.42859,8.85719,1 1 1 1 2 -0.682 4 -0.060 4 -1.874 1 2 -0.278 0 0 0 -1.002 1 3
42,SIPP_2^5,"11,42,0","23,24,0",1,238.70657200000002,147,0.79822,13.83335,2.73344,5.46689,3 2 2 2 -8.583 5 4 -1.065 0 0 0 -1.002 2 6
42,SIPP_BigCS,"11,42,13","23,24,10",1,245.0,807,7.03386,11.11441,2.1193,0.2874,204 364 54 305
42,SIPP_Standard,"11,42,13","23,24,10",1,254.0,58,0.24068,8.80534,1.7026,0.232,2 26 89
43,SIPP_2^2,"58,25,0","47,29,0",1,189.074867,132,0.05159,49.49747,10.99557,21.99115,3 3 3 2 -39.013 3 -0.029 3 -0.034 3 3 2 3 3 2 3 3 2
43,SIPP_2^3,"58,25,0","47,29,0",1,126.568544,27,0.01952,15.78728,3.14159,6.28319,6 5 5 5 6 5 6 6 6 6 6
43,SIPP_2^4,"58,25,0","47,29,0",1,119.44272,16,0.03315,4.68816,0.9273,1.85459,11 11 11 12 12 12 11
43,SIPP_2^5,"58,25,0","47,29,0",1,118.70481699999999,16,0.08743,4.64463,0.9273,1.85459,22 22 23 24 24 22
43,SIPP_BigCS,"58,25,10","47,29,7",1,119.0,12,0.26291,6.58911,1.2883,0.3099,203 307 67
43,SIPP_Standard,"58,25,10","47,29,7",1,469.79950499999995,2063,7.02206,24.69106,4.7763,0.7718,44 20 -42.328 43 -7.472 77 -6.000 106
44,SIPP_2^2,"50,58,0","61,25,0",1,444.49124400000005,457,0.16455,70.71068,15.70796,31.41593,1 1 1 0 1 1 0 0 1 0 0 0 1 0 -4.491 0 0 0 0 0 0 0 0 0 0 0 0 0 0 0 0 0 0 0 0 0 0 0 0 1 1 1 0 0 1
44,SIPP_2^3,"50,58,0","61,25,0",1,427.2081559999999,449,0.28281,44.98052,8.63938,17.27876,2 2 1 1 1 1 0 1 0 1 -22.544 7 0 0 0 0 0 0 0 0 0 0 0 0 0 0 0 0 0 0 0 0 0 1 1 2 -3.243 1
44,SIPP_2^4,"50,58,0","61,25,0",1,425.74913799999996,468,0.82645,32.27721,6.74683,13.49367,8 10 0 0 0 0 0 1 1 1 1 1 1 1 0 0 0 0 0 0 0 0 0 0 0 1 2 4 4 -6.219 1
44,SIPP_2^5,"50,58,0","61,25,0",1,425.74913799999996,484,2.26523,36.44705,8.03384,16.06767,16 12 31 1 1 1 1 2 1 0 0 0 0 0 0 0 0 1 0 -2.779 4 8 8 -8.605 2
44,SIPP_BigCS,"50,58,12","61,25,14",1,425.73314799999997,1637,12.49236,33.35073,6.6053,1.83,351 165 -7.296 378 364 6 6 30 338 -2.504 372 -0.932 321
44,SIPP_Standard,"50,58,12","61,25,14",1,459.035895,107,0.29859,20.41225,3.8414,0.5635,57 81 -31.036 10 46 26
45,SIPP_2^2,"15,49,0","56,57,0",1,490.0,480,0.18468,49.49747,10.99557,21.99115,1 1 1 1 1 1 1 1 1 1 1 1 1 1 1 1 1 1 1 1 1 1 1 1 1 1 1 1 2 1 1 1 1 1 1 1 1 1 1 1 2 1 2 2 2 2 2 1 2
45,SIPP_2^3,"15,49,0","56,57,0",1,443.13708799999995,331,0.24633,35.97904,7.06858,14.13717,2 2 2 2 2 2 2 2 2 2 2 3 3 3 2 2 2 2 2 2 2 2 2 2 3 2 3 2 2 2 2 2 2 2 2 3 3 2 2 2 3
45,SIPP_2^4,"15,49,0","56,57,0",1,428.88544,216,0.44808,16.31579,3.24553,6.49107,4 4 4 4 4 4 4 4 4 4 4 4 4 4 4 4 4 4 4 4 4 5 5 4 5 5 4 5 5 5 4 4 5
45,SIPP_2^5,"15,49,0","56,57,0",1,422.9822159999999,132,0.72824,11.28832,2.25225,4.50451,8 8 8 8 8 8 8 8 8 8 8 9 8 8 9 8 9 9 9 9 9 8 8 8 9
45,SIPP_BigCS,"15,49,1","56,57,11",1,426.0,553,4.79253,12.64043,2.4471,0.2513,367 5 5 5 5 5 5 5 85 367 85 311
45,SIPP_Standard,"15,49,1","56,57,11",1,486.0,1146,2.70003,23.16038,4.4937,0.6309,48 79 80 9 53 105
46,SIPP_2^2,"27,7,0","31,6,0",1,70.0,14,0.007,28.28427,6.28319,12.56637,1 1 0 0 1 2 1
46,SIPP_2^3,"27,7,0","31,6,0",1,52.426408,9,0.00563,11.61063,2.35619,4.71239,2 1 1 3
46,SIPP_2^4,"27,7,0","31,6,0",1,50.644951999999996,9,0.01469,9.91402,1.89255,3.78509,3 2 6
46,SIPP_2^5,"27,7,0","31,6,0",1,50.197649,8,0.03174,6.44121,1.3734,2.7468,5 12
46,SIPP_BigCS,"27,7,2","31,6,5",1,171.319074,448,2.3325,23.55036,4.703,1.7087,-4.319 350 164 329 70
46,SIPP_Standard,"27,7,2","31,6,5",1,471.023014,282,0.75517,27.19369,5.2516,0.8689,15 110 -46.023 32 81 6
47,SIPP_2^2,"57,57,0","39,34,0",1,410.0,554,0.18318,42.42641,9.42478,18.84956,0 0 0 0 0 0 0 0 0 0 0 0 0 0 0 0 0 0 0 0 3 3 3 3 3 0 3 3 3 3 0 3 3 3 3 3 3 3 3 3 0
47,SIPP_2^3,"57,57,0","39,34,0",1,322.1320399999999,155,0.09461,39.2703,7.85398,15.70796,7 0 0 7 7 0 0 7 6 6 6 7 7 7 7 7 7 7 7 0 0 7 7 0 0 7
47,SIPP_2^4,"57,57,0","39,34,0",1,297.94611999999995,63,0.10537,8.06752,1.60875,3.21751,15 15 15 15 14 14 14 14 14 14 13 14 14 15 15 14 14
47,SIPP_2^5,"57,57,0","39,34,0",1,296.15690799999993,49,0.20553,5.55677,1.11133,2.22267,30 30 30 29 28 28 28 28 27 28 29 29 28
47,SIPP_BigCS,"57,57,6","39,34,14",1,293.0,31,0.32424,5.27513,0.9716,0.0995,202 202 202 354 102 102 102 102 102 102 182
47,SIPP_Standard,"57,57,6","39,34,14",1,328.836942,45,0.123,14.66432,2.8176,0.3728,108 54 -0.837 74 93
48,SIPP_2^2,"18,8,0","16,26,0",1,200.0,51,0.02009,28.28427,6.28319,12.56637,2 2 2 2 2 2 2 2 2 2 2 2 3 2 2 2 2 2 3 2
48,SIPP_2^3,"18,8,0","16,26,0",1,188.284272,41,0.03182,11.59279,2.35619,4.71239,4 4 4 4 4 4 4 4 4 4 4 4 4 4 5 4 4 5
48,SIPP_2^4,"18,8,0","16,26,0",1,184.72136,31,0.07131,6.94722,1.39094,2.78189,8 8 8 8 8 8 8 8 8 8 8 9 8 8 8 9
48,SIPP_2^5,"18,8,0","16,26,0",1,183.24555399999997,27,0.17684,4.82449,0.96525,1.9305,16 16 16 16 16 16 16 16 16 17 16 16 16 17
48,SIPP_BigCS,"18,8,6","16,26,9",1,184.0,51,0.67623,5.36699,1.0531,0.1103,366 4 4 4 40
48,SIPP_Standard,"18,8,6","16,26,9",1,334.0,448,1.50216,21.14604,4.1246,0.693,109 39 8 32
49,SIPP_2^2,"27,21,0","1,4,0",1,443.187446,615,0.2252,77.78175,17.27876,34.55752,-11.763 0 -1.424 0 3 3 3 3 3 3 3 3 3 3 3 3 3 3 3 3 3 3 3 3 0 0 0 3 0 3 0 0 0 0 0 0 3 3 0 3 0 0 0 0 3
49,SIPP_2^3,"27,21,0","1,4,0",1,362.2939719999999,196,0.13824,19.70489,3.92699,7.85398,-11.763 0 -2.541 7 6 6 6 6 6 6 6 6 6 6 6 6 7 7 7 7 7 7 0 0 7 7 7 7 7 7 7
49,SIPP_2^4,"27,21,0","1,4,0",1,358.7310599999999,180,0.36236,18.03945,3.6432,7.28639,-11.763 0 -2.541 14 12 12 12 12 12 12 12 12 12 12 12 12 14 14 14 14 14 14 15 14 14 14 15 14 14
49,SIPP_2^5,"27,21,0","1,4,0",1,356.9258719999999,170,0.97516,16.60048,3.53638,7.07277,4 -1.422 25 24 24 24 24 24 24 24 24 24 24 -0.349 24 28 28 28 28 29 29 28 28 28 28 28
49,SIPP_BigCS,"27,21,0","1,4,5",1,331.063906,29,0.37197,13.24958,2.3847,0.7227,-12.756 70 205 205 205 205 -0.307 325 322 197 205 205
49,SIPP_Standard,"27,21,0","1,4,5",1,361.979086,24,0.17527,9.26168,1.7642,0.209,-31.979 93 23 30 54
50,SIPP_2^2,"16,4,0","18,35,0",1,330.0,89,0.03118,21.2132,4.71239,9.42478,2 2 2 2 2 2 2 2 2 2 2 2 2 2 2 2 2 2 2 2 2 2 2 2 2 2 2 2 2 1 2 2 1
50,SIPP_2^3,"16,4,0","18,35,0",1,318.284272,79,0.05335,11.59279,2.35619,4.71239,4 4 4 4 4 4 4 4 4 4 4 4 4 4 4 4 4 4 4 4 4 4 4 4 4 4 4 4 3 4 3
50,SIPP_2^4,"16,4,0","18,35,0",1,314.72136,68,0.13319,6.94722,1.39094,2.78189,8 8 8 8 8 8 8 8 8 8 8 8 8 8 8 8 8 8 8 8 8 8 8 8 8 7 8 8 7
50,SIPP_2^5,"16,4,0","18,35,0",1,313.24555399999997,54,0.28735,4.82449,0.96525,1.9305,16 16 16 16 16 16 16 16 16 16 16 16 16 16 16 16 16 16 16 16 16 16 16 15 16 16 15
50,SIPP_BigCS,"16,4,4","18,35,11",1,314.0,111,1.02843,5.02813,0.9783,0.1089,4 4 0 0 28 360
50,SIPP_Standard,"16,4,4","18,35,11",1,321.0,31,0.15055,6.75321,1.3299,0.1489,44 0 0 16
51,SIPP_2^2,"35,39,0","17,24,0",1,330.0,361,0.14236,42.42641,9.42478,18.84956,0 0 0 0 0 0 0 0 3 3 3 0 0 0 0 0 3 3 3 3 3 3 3 3 3 3 3 3 3 0 3 3 0
51,SIPP_2^3,"35,39,0","17,24,0",1,247.98990399999994,91,0.05734,23.79704,4.71239,9.42478,7 7 7 6 6 7 7 7 7 7 7 6 6 7 7 7 7 0 7
51,SIPP_2^4,"35,39,0","17,24,0",1,239.923679,71,0.14068,12.91147,2.574,5.14801,14 14 13 14 13 14 14 13 13 -0.841 14 14 14 15 14
51,SIPP_2^5,"35,39,0","17,24,0",1,239.476376,71,0.48828,7.18101,1.43308,2.86617,28 27 27 27 28 -0.890 26 -1.293 28 28 29 28
51,SIPP_BigCS,"35,39,15","17,24,0",1,239.018179,176,4.51137,5.48202,0.9814,0.105,205 205 205 205 -1.974 357 -0.045 102 154
51,SIPP_Standard,"35,39,15","17,24,0",1,248.0,31,0.49429,7.98042,1.4273,0.1914,50 61 85
52,SIPP_2^2,"28,14,0","45,4,0",1,270.0,208,0.08004,21.2132,4.71239,9.42478,1 1 1 1 1 1 1 1 1 1 1 1 1 1 1 1 0 0 0 0 0 0 0 0 0 1 0
52,SIPP_2^3,"28,14,0","45,4,0",1,240.71067999999997,151,0.11307,19.71187,3.92699,7.85398,2 2 2 2 2 2 2 2 2 2 2 2 1 1 0 0 0 0 1 1 0 1
52,SIPP_2^4,"28,14,0","45,4,0",1,218.306216,54,0.1032,7.19108,1.4289,2.8578,4 4 4 4 4 4 4 3 3 3 1 1 1 2
52,SIPP_2^5,"28,14,0","45,4,0",1,213.64085199999997,46,0.22454,5.91983,1.18019,2.36038,8 8 8 8 8 7 7 4 3 3 4
52,SIPP_BigCS,"28,14,7","45,4,7",1,215.0,117,1.03573,8.56736,1.6118,0.2323,305 5 5 25 204 204
52,SIPP_Standard,"28,14,7","45,4,7",1,278.42441,109,0.29411,11.13054,2.1756,0.2766,-31.424 22 45 17
53,SIPP_2^2,"29,57,0","36,15,0",1,545.030172,773,0.33149,21.2132,4.71239,9.42478,0 0 0 0 0 0 0 0 0 0 0 -55.006 0 -0.012 0 -0.012 0 0 0 0 0 0 0 0 0 0 0 0 0 0 0 0 0 0 0 0 0 0 0 0 0 0 0 0 1 1 1 1 1 1 0 1
53,SIPP_2^3,"29,57,0","36,15,0",1,448.99495199999996,294,0.19885,51.59965,10.21018,20.42035,0 0 0 0 0 0 0 0 0 0 0 0 0 1 0 0 0 0 0 0 0 1 0 0 0 0 0 0 1 0 0 0 0 0 1 0 1 0 0 1 0 1
53,SIPP_2^4,"29,57,0","36,15,0",1,436.52476,225,0.47738,11.56984,2.31824,4.63648,0 0 0 0 0 0 0 0 0 0 1 0 0 0 0 0 0 0 0 0 0 0 0 0 0 0 0 1 1 1 1 1 0 0 1
53,SIPP_2^5,"29,57,0","36,15,0",1,431.3594389999999,169,1.02213,11.26149,2.25225,4.50451,0 0 0 0 0 0 0 0 0 0 0 0 1 0 0 0 0 0 1 1 1 0 0 0 1 0 1 1
53,SIPP_BigCS,"29,57,8","36,15,0",1,434.0,678,14.14639,13.08447,2.5361,0.2867,364 2 6 58 308 42 308
53,SIPP_Standard,"29,57,8","36,15,0",1,482.0,851,6.07026,16.50619,3.1915,0.3374,54 90 22 49 68 37
54,SIPP_2^2,"49,48,0","41,38,0",1,180.0,106,0.03693,63.63961,14.13717,28.27433,0 3 0 3 3 3 0 0 0 0 0 0 3 0 3 3 0 3
54,SIPP_2^3,"49,48,0","41,38,0",1,133.13708799999998,28,0.01833,8.11211,1.5708,3.14159,7 7 7 7 7 7 7 0 0 7
54,SIPP_2^4,"49,48,0","41,38,0",1,129.574176,20,0.03648,3.22937,0.6435,1.287,14 14 14 15 15 14 14 14
54,SIPP_2^5,"49,48,0","41,38,0",1,128.67956999999998,15,0.08088,1.97479,0.39479,0.78958,28 28 29 29 28 28
54,SIPP_BigCS,"49,48,9","41,38,2",1,128.0,6,0.23203,3.47705,0.6634,0.0518,154 250
54,SIPP_Standard,"49,48,9","41,38,2",1,169.0,27,0.17131,12.69066,2.4946,0.4716,108 34
55,SIPP_2^2,"49,6,0","42,44,0",1,450.0,393,0.15573,28.28427,6.28319,12.56637,2 2 2 2 2 2 2 2 2 2 2 2 2 2 2 2 2 2 2 2 2 2 2 2 2 2 2 2 2 2 2 2 2 3 3 3 3 3 3 2 2 2 2 3 2
55,SIPP_2^3,"49,6,0","42,44,0",1,408.99495199999996,271,0.20044,11.69247,2.35619,4.71239,4 4 4 4 4 4 4 4 4 4 4 4 4 4 4 4 4 4 4 4 4 4 4 4 4 4 4 4 5 5 4 4 4 5 5 5 5 5
55,SIPP_2^4,"49,6,0","42,44,0",1,401.24612,276,0.62918,16.27759,3.24553,6.49107,8 9 9 9 9 8 8 9 9 8 8 8 8 8 8 9 9 8 8 8 8 8 8 8 8 8 8 8 7
55,SIPP_2^5,"49,6,0","42,44,0",1,394.60499299999987,211,1.24456,4.83673,0.96525,1.9305,16 16 16 16 16 16 16 16 16 16 17 17 17 17 17 17 17 17 16 15
55,SIPP_BigCS,"49,6,14","42,44,2",1,398.0,1080,10.56792,5.79825,0.9769,0.1151,206 206 206 206 206 206 310 4 0 4 4 4 4 4 28
55,SIPP_Standard,"49,6,14","42,44,2",1,406.0,159,0.57335,15.23752,2.9599,0.3703,39 0 20 39 4
56,SIPP_2^2,"6,1,0","37,12,0",1,420.0,359,0.09598,63.63961,14.13717,28.27433,1 1 1 1 1 1 1 1 1 1 1 2 1 1 1 1 1 1 1 1 1 1 1 1 1 1 1 1 1 2 1 2 2 1 2 2 2 2 2 2 1 2
56,SIPP_2^3,"6,1,0","37,12,0",1,355.56349599999993,248,0.14432,44.23621,8.63938,17.27876,2 2 2 2 2 2 2 2 2 2 2 2 2 3 3 3 3 3 2 3 2 3 2 3 2 3 3 2 2 2 3
56,SIPP_2^4,"6,1,0","37,12,0",1,335.96747999999997,139,0.2248,16.30395,3.24553,6.49107,5 5 5 5 5 5 5 4 5 5 4 4 4 5 4 5 4 4 4 4
56,SIPP_2^5,"6,1,0","37,12,0",1,329.3263529999999,29,0.12663,1.4198,0.28379,0.56759,9 9 9 9 9 9 9 9 10 10 9
56,SIPP_BigCS,"6,1,2","37,12,2",1,332.0,154,1.26144,6.07731,0.9769,0.1151,207 207 207 207 207 207 207 207 311 5 5 5 57
56,SIPP_Standard,"6,1,2","37,12,2",1,337.0,35,0.13126,10.49299,1.9268,0.2099,36 17 63 95
57,SIPP_2^2,"4,34,0","40,2,0",1,680.0,1585,0.60985,120.20815,26.70354,53.40708,0 0 0 0 0 0 0 0 0 0 0 0 0 0 0 0 0 0 0 1 1 1 1 1 1 1 1 1 1 1 1 1 0 0 1 0 1 1 1 1 1 1 1 1 1 1 1 1 0 1 1 1 0 0 1 1 0 1 0 1 1 0 1 0 0 0 0 1
57,SIPP_2^3,"4,34,0","40,2,0",1,503.5042949999999,348,0.26985,38.44025,7.85398,15.70796,1 1 1 1 1 1 1 1 1 1 1 1 1 1 1 1 1 1 2 2 1 1 1 1 1 1 1 1 1 2 -5.098 1 0 2 1 1 2 1
57,SIPP_2^4,"4,34,0","40,2,0",1,500.26741799999996,404,0.86997,23.2368,4.4286,8.85719,2 2 2 2 2 2 2 2 2 2 2 2 3 3 3 3 2 2 2 2 2 2 2 2 2 2 2 -4.295 0 -0.022 0 -0.094 4 -0.500 2 3 2
57,SIPP_2^5,"4,34,0","40,2,0",1,499.56671900000003,416,2.3398,19.49365,3.73378,7.46756,4 4 4 4 4 4 4 4 4 4 4 4 4 4 4 5 4 4 5 4 4 4 4 4 4 -1.677 0 -0.020 8 -8.378 5 5
57,SIPP_BigCS,"4,34,1","40,2,12",1,500.09347599999995,2343,24.79054,17.27352,3.2353,0.6858,101 101 101 101 153 249 181 201 -1.071 201 201 201 321 -0.860 308 -0.162 78 201
57,SIPP_Standard,"4,34,1","40,2,12",1,503.77816299999995,387,1.50764,12.31927,2.4004,0.2846,68 29 29 -2.365 53 73 -6.413 84
58,SIPP_2^2,"60,40,0","34,62,0",1,480.0,790,0.26264,91.92388,20.42035,40.8407,3 3 3 3 3 3 3 3 3 3 3 3 3 3 3 2 2 2 2 3 3 3 3 2 2 2 2 2 2 2 2 2 2 3 2 2 3 3 2 2 3 3 2 3 2 2 3 2
58,SIPP_2^3,"60,40,0","34,62,0",1,351.12699199999986,142,0.11365,16.1271,3.14159,6.28319,5 5 5 5 5 5 5 5 5 5 5 5 5 5 5 5 5 5 6 5 5 5 6 6 6 5
58,SIPP_2^4,"60,40,0","34,62,0",1,344.0011679999999,106,0.25978,6.45122,1.287,2.57401,10 10 10 10 10 10 10 10 10 10 10 11 11 10 11 11 10 10 10 10 10 10
58,SIPP_2^5,"60,40,0","34,62,0",1,342.21195599999993,79,0.55617,3.9505,0.78958,1.57916,20 21 21 21 20 20 21 20 20 20 20 20 20 20 20 20 20 20
58,SIPP_BigCS,"60,40,15","34,62,3",1,340.0,20,0.30855,5.29273,0.9842,0.066,103 103 103 103 103 103 103 103 103 155 219 155
58,SIPP_Standard,"60,40,15","34,62,3",1,406.0,767,1.62442,19.84148,3.8507,0.5332,47 11 55 75 110
59,SIPP_2^2,"13,27,0","63,4,0",0,-1,0,0.0,0.0,0.0,0.0,
59,SIPP_2^3,"13,27,0","63,4,0",0,-1,0,0.0,0.0,0.0,0.0,
59,SIPP_2^4,"13,27,0","63,4,0",0,-1,0,0.0,0.0,0.0,0.0,
59,SIPP_2^5,"13,27,0","63,4,0",0,-1,0,0.0,0.0,0.0,0.0,
59,SIPP_BigCS,"13,27,0","63,4,0",0,-1,0,0.0,0.0,0.0,0.0,
59,SIPP_Standard,"13,27,12","63,4,4",0,-1,65270,180.00128,0.0,0.0,0.0,
60,SIPP_2^2,"19,42,0","9,39,0",1,130.0,39,0.01476,35.35534,7.85398,15.70796,3 3 3 3 3 3 3 3 0 3 0 3 0
60,SIPP_2^3,"19,42,0","9,39,0",1,112.42640799999998,25,0.0177,19.45842,3.92699,7.85398,6 6 6 6 7 6 7 6 6 7
60,SIPP_2^4,"19,42,0","9,39,0",1,107.08203999999999,20,0.04103,2.34408,0.46365,0.9273,13 13 13 12 12 12 12
60,SIPP_2^5,"19,42,0","9,39,0",1,104.868331,7,0.03679,3.23301,0.6435,1.287,25 25 24 25
60,SIPP_BigCS,"19,42,3","9,39,4",1,106.0,13,0.26214,2.73576,0.5061,0.0613,205 309 7 7
60,SIPP_Standard,"19,42,3","9,39,4",1,416.0,928,1.95597,25.81702,4.9904,0.8703,40 78 107 42 92
61,SIPP_2^2,"8,24,0","18,60,0",0,-1,0,0.0,0.0,0.0,0.0,
61,SIPP_2^3,"8,24,0","18,60,0",0,-1,0,0.0,0.0,0.0,0.0,
61,SIPP_2^4,"8,24,0","18,60,0",0,-1,0,0.0,0.0,0.0,0.0,
61,SIPP_2^5,"8,24,0","18,60,0",0,-1,0,0.0,0.0,0.0,0.0,
61,SIPP_BigCS,"8,24,0","18,60,0",0,-1,0,0.0,0.0,0.0,0.0,
61,SIPP_Standard,"8,24,10","18,60,11",0,-1,0,9e-05,0.0,0.0,0.0,
62,SIPP_2^2,"43,0,0","17,39,0",0,-1,0,0.0,0.0,0.0,0.0,
62,SIPP_2^3,"43,0,0","17,39,0",0,-1,0,0.0,0.0,0.0,0.0,
62,SIPP_2^4,"43,0,0","17,39,0",0,-1,0,0.0,0.0,0.0,0.0,
62,SIPP_2^5,"43,0,0","17,39,0",0,-1,0,0.0,0.0,0.0,0.0,
62,SIPP_BigCS,"43,0,0","17,39,0",0,-1,0,0.0,0.0,0.0,0.0,
62,SIPP_Standard,"43,0,14","17,39,0",0,-1,0,1e-05,0.0,0.0,0.0,
63,SIPP_2^2,"0,45,0","47,25,0",0,-1,0,0.0,0.0,0.0,0.0,
63,SIPP_2^3,"0,45,0","47,25,0",0,-1,0,0.0,0.0,0.0,0.0,
63,SIPP_2^4,"0,45,0","47,25,0",0,-1,0,0.0,0.0,0.0,0.0,
63,SIPP_2^5,"0,45,0","47,25,0",0,-1,0,0.0,0.0,0.0,0.0,
63,SIPP_BigCS,"0,45,0","47,25,0",0,-1,0,0.0,0.0,0.0,0.0,
63,SIPP_Standard,"0,45,14","47,25,4",0,-1,0,1e-05,0.0,0.0,0.0,
64,SIPP_2^2,"29,2,0","59,45,0",1,730.0,1728,0.60998,127.27922,28.27433,56.54867,1 1 1 1 1 1 1 2 2 2 1 2 2 1 2 2 2 2 2 2 2 2 2 2 2 2 2 2 2 2 2 2 2 2 2 2 2 2 2 2 2 2 2 2 2 1 1 1 1 1 1 2 2 1 1 1 1 1 2 1 1 1 2 1 1 1 2 1 2 1 1 2 1
64,SIPP_2^3,"29,2,0","59,45,0",1,585.453194,801,0.51641,66.31048,13.35177,26.70354,3 4 4 4 4 -2.690 2 -0.084 4 3 -1.008 3 -2.563 3 3 4 3 3 3 3 3 3 3 3 3 4 3 3 3 3 3 3 3 2 2 3 3 4 4 4 4 -0.218 4 -0.084 4 3 -1.434 3 -1.411 3 4 4 -4.124 3 4
64,SIPP_2^4,"29,2,0","59,45,0",1,579.562466,955,1.70564,31.4767,6.32114,12.64228,6 6 5 5 5 6 5 5 6 5 6 6 6 6 7 6 6 6 7 7 7 7 7 -3.209 8 -0.632 6 8 7 8 8 8 -0.347 8 -0.534 8 -0.151 8 -0.060 8 -1.874 9
64,SIPP_2^5,"29,2,0","59,45,0",1,579.327105,1001,4.67916,14.36867,2.8578,5.7156,11 11 11 11 11 10 12 12 12 12 13 13 13 12 12 12 -0.226 15 16 16 16 16 16 16 15 16 19
64,SIPP_BigCS,"29,2,11","59,45,3",1,578.8068719999999,6289,50.60061,12.14508,2.2627,0.3704,176 207 207 223 100 100 100 100 100 100 100 152 200 -1.038 304 4 -4.138 0 -0.631 72
64,SIPP_Standard,"29,2,11","59,45,3",1,584.005508,1286,3.94489,16.10331,3.0802,0.2644,71 48 -19.000 79 -0.005 64 52 88 16
65,SIPP_2^2,"14,56,0","14,3,0",0,-1,0,0.0,0.0,0.0,0.0,
65,SIPP_2^3,"14,56,0","14,3,0",0,-1,0,0.0,0.0,0.0,0.0,
65,SIPP_2^4,"14,56,0","14,3,0",0,-1,0,0.0,0.0,0.0,0.0,
65,SIPP_2^5,"14,56,0","14,3,0",0,-1,0,0.0,0.0,0.0,0.0,
65,SIPP_BigCS,"14,56,0","14,3,0",0,-1,0,0.0,0.0,0.0,0.0,
65,SIPP_Standard,"14,56,3","14,3,12",0,-1,0,8e-05,0.0,0.0,0.0,
66,SIPP_2^2,"40,11,0","19,33,0",1,430.0,654,0.25382,106.06602,23.56194,47.12389,2 2 2 2 2 2 2 2 2 2 2 2 2 2 3 3 3 3 3 3 3 2 3 2 3 3 3 2 3 3 3 2 3 2 3 2 2 3 3 3 3 2 3
66,SIPP_2^3,"40,11,0","19,33,0",1,315.471809,119,0.10208,24.18467,4.71239,9.42478,5 5 5 5 5 5 5 5 4 5 5 5 5 5 5 -1.352 5 5 5 -1.277 5 6 5 4 5
66,SIPP_2^4,"40,11,0","19,33,0",1,311.908897,131,0.30487,8.06958,1.60875,3.21751,10 10 10 10 10 10 10 10 10 9 10 10 10 -1.761 10 11 11 -0.354 10 9 9
66,SIPP_2^5,"40,11,0","19,33,0",1,310.65558599999997,126,0.77796,6.79128,1.36004,2.72009,20 20 20 20 20 20 19 19 20 21 22 22 -0.357 19 18
66,SIPP_BigCS,"40,11,15","19,33,3",1,309.46961999999996,368,3.65196,8.88256,1.6465,0.1564,103 127 254 -0.388 155 -1.081 227 206
66,SIPP_Standard,"40,11,15","19,33,3",1,310.822596,33,0.1733,8.40464,1.6163,0.1338,51 70 55 -0.823 75
67,SIPP_2^2,"31,53,0","40,51,0",1,110.0,19,0.00804,21.2132,4.71239,9.42478,1 1 1 0 1 1 1 1 1 1 0
67,SIPP_2^3,"31,53,0","40,51,0",1,98.28427199999999,13,0.01046,11.59279,2.35619,4.71239,2 2 1 2 2 2 2 2 1
67,SIPP_2^4,"31,53,0","40,51,0",1,94.72136,11,0.02386,6.94722,1.39094,2.78189,4 4 3 4 4 4 3
67,SIPP_2^5,"31,53,0","40,51,0",1,93.245554,9,0.0537,3.22267,0.6435,1.287,7 8 8 8 7
67,SIPP_BigCS,"31,53,8","40,51,1",1,94.0,10,0.20222,2.71936,0.5075,0.0551,201 361
67,SIPP_Standard,"31,53,8","40,51,1",1,438.82142999999996,1121,3.2475,23.42265,4.5285,0.7066,46 22 41 -24.821 87 16
68,SIPP_2^2,"20,4,0","61,17,0",1,540.0,697,0.23083,113.13708,25.13274,50.26548,1 1 1 1 1 1 1 1 1 1 1 2 1 1 1 2 2 1 1 2 2 1 2 1 1 1 1 1 1 1 1 1 2 2 1 1 2 1 1 1 1 1 1 1 1 1 2 1 1 1 2 2 2 1
68,SIPP_2^3,"20,4,0","61,17,0",1,463.8477679999999,357,0.23912,35.7814,7.06858,14.13717,2 2 2 2 2 2 2 2 2 2 2 2 2 2 2 2 2 3 3 3 3 3 3 3 3 2 3 3 2 3 2 2 2 3 2 2 2 2 2 2 3
68,SIPP_2^4,"20,4,0","61,17,0",1,440.68884,132,0.25118,20.94411,4.17283,8.34566,4 4 4 4 4 4 4 5 4 5 4 4 4 4 5 5 4 5 5 5 5 5 5 5 5 4 4 5
68,SIPP_2^5,"20,4,0","61,17,0",1,435.52351899999996,84,0.41541,9.28771,1.85459,3.70918,9 8 8 8 8 9 9 9 8 8 8 8 9 10 10 10 10 9 10 10 9
68,SIPP_BigCS,"20,4,0","61,17,0",1,436.0,180,1.39064,10.70267,1.9382,0.2024,5 5 5 85 311 5 5 85 207 207 207 207 207 311
68,SIPP_Standard,"20,4,0","61,17,0",1,488.0,799,1.942,10.79544,2.1142,0.3285,1 1 1 17 71 40
69,SIPP_2^2,"26,58,0","31,42,0",1,225.030172,154,0.06797,21.2132,4.71239,9.42478,0 0 0 0 0 0 0 0 0 0 0 0 1 1 1 -15.006 0 -0.012 0 -0.012 0 0 1 1
69,SIPP_2^3,"26,58,0","31,42,0",1,219.172308,201,0.14493,15.78728,3.14159,6.28319,0 0 0 0 0 0 0 0 1 1 1 0 -32.579 0 -0.012 0 -0.012 0 1 2
69,SIPP_2^4,"26,58,0","31,42,0",1,216.812947,208,0.41949,12.52901,3.14159,6.28319,1 1 1 1 1 1 0 0 0 0 0 0 -0.288 9
69,SIPP_2^5,"26,58,0","31,42,0",1,215.354604,206,1.10116,21.27142,3.74714,7.49427,1 1 1 2 2 1 0 0 20 16
69,SIPP_BigCS,"26,58,3","31,42,3",1,216.50592699999999,1066,10.00996,10.62923,2.0761,0.4131,362 6 6 6 6 -12.506 38 5
69,SIPP_Standard,"26,58,3","31,42,3",1,219.559454,67,0.26572,7.32357,1.4426,0.1887,92 -46.559 22
70,SIPP_2^2,"6,14,0","28,4,0",1,320.0,281,0.0863,70.71068,15.70796,31.41593,0 0 0 0 1 0 1 1 1 1 0 0 1 1 1 1 1 0 1 1 0 1 1 1 1 1 1 1 1 1 1 0
70,SIPP_2^3,"6,14,0","28,4,0",1,261.42135999999994,144,0.09446,27.989,5.49779,10.99557,2 2 2 2 2 2 2 1 1 1 1 2 1 2 1 1 1 1 2 2 2 1
70,SIPP_2^4,"6,14,0","28,4,0",1,243.6068,38,0.06379,4.62262,0.9273,1.85459,3 3 3 3 3 3 4 4 3 3 3 3
70,SIPP_2^5,"6,14,0","28,4,0",1,242.130994,26,0.11063,2.1286,0.42569,0.85138,6 6 6 6 6 6 7 6 6 7
70,SIPP_BigCS,"6,14,2","28,4,10",1,241.0,7,0.16754,3.74146,0.5061,0.0613,193 201 201 201 201 305
70,SIPP_Standard,"6,14,2","28,4,10",1,247.0,13,0.06355,6.78264,1.1673,0.148,9 53 57
71,SIPP_2^2,"63,62,0","16,25,0",0,-1,0,0.0,0.0,0.0,0.0,
71,SIPP_2^3,"63,62,0","16,25,0",0,-1,0,0.0,0.0,0.0,0.0,
71,SIPP_2^4,"63,62,0","16,25,0",0,-1,0,0.0,0.0,0.0,0.0,
71,SIPP_2^5,"63,62,0","16,25,0",0,-1,0,0.0,0.0,0.0,0.0,
71,SIPP_BigCS,"63,62,0","16,25,0",0,-1,0,0.0,0.0,0.0,0.0,
71,SIPP_Standard,"63,62,3","16,25,9",0,-1,0,6e-05,0.0,0.0,0.0,
72,SIPP_2^2,"49,35,0","47,28,0",1,130.0,69,0.02376,35.35534,7.85398,15.70796,0 0 0 0 3 3 3 3 0 0 1 0 1
72,SIPP_2^3,"49,35,0","47,28,0",1,100.71068,46,0.02979,12.05437,2.35619,4.71239,7 7 7 7 0 0 1 2
72,SIPP_2^4,"49,35,0","47,28,0",1,97.14776799999999,43,0.073,15.6661,2.9997,5.99939,14 15 14 15 2 4
72,SIPP_2^5,"49,35,0","47,28,0",1,96.253162,44,0.1939,10.46433,2.1588,4.3176,29 29 4 8
72,SIPP_BigCS,"49,35,15","47,28,8",1,102.729443,112,0.94019,11.17996,2.2074,0.7634,205 333 -2.729 78
72,SIPP_Standard,"49,35,15","47,28,8",1,418.0,746,3.3095,26.14548,5.0454,0.8419,78 107 42 76 105
73,SIPP_2^2,"59,47,0","46,2,0",1,580.0,766,0.28018,120.20815,26.70354,53.40708,0 0 0 0 0 0 0 0 0 0 0 0 0 0 0 0 3 0 0 0 0 0 0 3 3 0 0 3 3 0 0 0 0 0 3 0 0 0 0 0 3 0 3 0 0 0 3 3 0 0 0 0 0 0 3 3 0 3
73,SIPP_2^3,"59,47,0","46,2,0",1,503.8477679999999,456,0.33155,59.65942,11.78097,23.56195,0 0 0 0 0 0 0 0 7 0 0 7 7 0 7 7 7 7 0 0 0 0 0 0 0 0 7 0 0 7 0 7 7 0 0 7 0 0 0 0 0 0 0 0 7
73,SIPP_2^4,"59,47,0","46,2,0",1,489.091497,400,0.84163,23.18131,4.63648,9.27295,0 0 0 0 0 0 0 0 15 15 15 15 15 15 0 0 15 0 0 15 15 15 0 0 15 0 0 15 15 -8.390 0 -0.012 0 0
73,SIPP_2^5,"59,47,0","46,2,0",1,489.091497,467,2.60448,9.47842,1.89255,3.78509,31 0 0 0 31 31 0 31 31 31 31 31 31 31 31 31 30 -17.245 0 -0.012 0 0
73,SIPP_BigCS,"59,47,0","46,2,10",1,488.928981,2054,17.77885,24.30759,4.7461,0.8761,306 14 306 6 82 362 70 -1.929 237
73,SIPP_Standard,"59,47,0","46,2,10",1,489.109485,149,0.46177,20.76611,4.0443,0.5365,46 2 10 46 10 -0.109 46
74,SIPP_2^2,"41,29,0","20,27,0",1,250.0,128,0.04701,14.14214,3.14159,6.28319,3 3 3 3 3 3 3 3 3 3 3 3 3 3 3 3 3 3 3 3 3 3 0 0 1
74,SIPP_2^3,"41,29,0","20,27,0",1,218.284272,49,0.02769,11.59279,2.35619,4.71239,6 6 6 6 6 6 6 6 6 6 6 6 6 6 6 6 6 6 7 6 7
74,SIPP_2^4,"41,29,0","20,27,0",1,216.502816,57,0.10847,3.90853,0.7854,1.5708,12 12 12 12 12 12 12 12 12 12 12 12 12 12 12 12 12 12 13 14
74,SIPP_2^5,"41,29,0","20,27,0",1,215.76491299999998,55,0.30787,3.92766,0.7854,1.5708,24 24 24 24 24 24 24 24 24 24 24 24 24 24 24 24 24 25 28
74,SIPP_BigCS,"41,29,14","20,27,1",1,217.0,157,3.28245,3.94316,0.7822,0.2486,3 3 7 75 102
74,SIPP_Standard,"41,29,14","20,27,1",1,296.278727,176,0.94194,11.7279,2.273,0.3191,86 23 -51.279 50
75,SIPP_2^2,"19,62,0","7,25,0",1,490.0,579,0.20924,70.71068,15.70796,31.41593,0 0 0 0 0 0 0 0 0 0 0 0 0 0 0 0 0 3 0 3 3 3 0 0 0 0 0 0 0 0 0 0 0 0 0 0 0 0 3 3 0 3 3 3 3 3 0 3 0
75,SIPP_2^3,"19,62,0","7,25,0",1,419.7056319999999,358,0.25579,28.22361,5.49779,10.99557,7 7 7 7 7 7 7 0 0 0 0 7 0 0 0 0 0 0 0 0 0 0 0 7 0 0 0 0 0 0 7 7 7 0 0 0 0
75,SIPP_2^4,"19,62,0","7,25,0",1,398.32815999999997,214,0.47251,11.57723,2.31824,4.63648,15 15 15 15 15 15 15 15 15 15 0 0 15 0 15 0 0 0 0 0 0 0 0 0 0
75,SIPP_2^5,"19,62,0","7,25,0",1,390.2112269999999,63,0.37511,3.02792,0.60554,1.21109,31 31 31 31 31 31 31 31 31 30 31 31 0 0
75,SIPP_BigCS,"19,62,9","7,25,7",1,394.0,364,3.81401,9.1759,1.5592,0.1716,202 202 202 202 202 202 202 202 306 14 362
75,SIPP_Standard,"19,62,9","7,25,7",1,404.0,150,0.52397,13.32874,2.5485,0.3027,46 10 54 90 2
76,SIPP_2^2,"28,61,0","36,58,0",1,110.0,31,0.01147,42.42641,9.42478,18.84956,1 1 0 1 1 1 0 1 1 0 1
76,SIPP_2^3,"28,61,0","36,58,0",1,92.42640799999998,18,0.01408,11.59279,2.35619,4.71239,2 2 1 2 2 2 1 1
76,SIPP_2^4,"28,61,0","36,58,0",1,87.08204,10,0.02034,9.33099,1.85459,3.70918,3 4 3 4 3
76,SIPP_2^5,"28,61,0","36,58,0",1,85.606234,5,0.02742,1.41864,0.28379,0.56759,7 6 7
76,SIPP_BigCS,"28,61,4","36,58,11",1,89.0,20,0.38367,7.84807,1.566,0.3811,189 65
76,SIPP_Standard,"28,61,4","36,58,11",1,105.311867,4,0.0678,2.99427,0.5969,0.061,-18.312 89
77,SIPP_2^2,"35,59,0","42,46,0",1,200.0,106,0.04173,49.49747,10.99557,21.99115,0 1 1 0 0 0 0 0 0 0 0 1 0 1 1 1 0 0 0 1
77,SIPP_2^3,"35,59,0","42,46,0",1,158.99495199999998,41,0.03293,15.97014,3.14159,6.28319,1 1 1 0 0 0 0 1 0 0 1 1 1
77,SIPP_2^4,"35,59,0","42,46,0",1,151.869128,20,0.0452,10.96289,2.17634,4.35268,2 2 2 1 1 0 1 0 1
77,SIPP_2^5,"35,59,0","42,46,0",1,150.39332199999998,14,0.08591,3.03824,0.60554,1.21109,4 4 4 1 1 2 2
77,SIPP_BigCS,"35,59,10","42,46,0",1,152.0,15,0.35422,4.44871,0.8375,0.0871,101 125 308 6
77,SIPP_Standard,"35,59,10","42,46,0",1,327.0,357,1.10056,17.93878,3.459,0.4977,36 13 108 50
78,SIPP_2^2,"25,5,0","21,50,0",1,490.0,102,0.044,42.42641,9.42478,18.84956,2 2 2 3 3 2 2 2 2 2 2 2 2 2 2 2 2 2 2 3 2 3 2 2 2 2 2 2 2 2 2 2 2 2 2 2 2 2 2 2 2 2 2 2 2 2 2 2 2
78,SIPP_2^3,"25,5,0","21,50,0",1,474.852816,153,0.11096,19.66274,3.92699,7.85398,4 5 4 5 5 5 5 4 4 4 4 4 4 4 4 4 4 4 4 4 4 4 4 4 4 4 4 4 4 4 4 4 4 4 4 4 4 4 4 4 4 4 4 4 3
78,SIPP_2^4,"25,5,0","21,50,0",1,468.108732,158,0.31892,15.63284,3.10364,6.20727,10 9 9 8 8 8 8 8 8 8 8 8 8 8 8 9 8 9 8 -0.998 8 -0.534 8 -0.151 8 -0.060 8 -0.420 8 8 8 8 8 8 8 8 8 8 8 8 8 8 8 8 7
78,SIPP_2^5,"25,5,0","21,50,0",1,465.79217499999993,154,0.8359,10.99032,2.19676,4.39351,19 17 16 16 16 16 17 17 17 16 16 16 16 16 16 16 16 16 16 16 16 16 16 16 16 16 15 16 16 16 15
78,SIPP_BigCS,"25,5,12","21,50,13",1,467.656565,459,4.87854,11.4526,2.2334,0.2564,131 56 366 -2.657 0 4 4 4 4 4 4 4 4 4 4 4 28
78,SIPP_Standard,"25,5,12","21,50,13",1,489.0,267,0.97198,18.06733,3.4958,0.4429,51 94 0 16 110 44
79,SIPP_2^2,"20,28,0","25,47,0",1,240.0,106,0.04656,28.28427,6.28319,12.56637,2 2 2 2 2 2 1 1 2 2 2 2 2 2 2 2 2 2 2 2 1 1 1 2
79,SIPP_2^3,"20,28,0","25,47,0",1,210.71068,59,0.05196,19.79698,3.92699,7.85398,4 3 3 3 4 4 4 4 4 4 4 4 4 4 4 3 4 4 3
79,SIPP_2^4,"20,28,0","25,47,0",1,201.80339999999998,41,0.10241,9.35807,1.85459,3.70918,7 7 7 8 8 8 8 7 8 8 8 8 8 7
79,SIPP_2^5,"20,28,0","25,47,0",1,198.851788,32,0.21809,7.88185,1.5708,3.14159,15 15 14 16 16 15 16 16 16 15
79,SIPP_BigCS,"20,28,7","25,47,2",1,200.0,57,0.62078,5.27304,0.9705,0.095,200 200 360 4 80
79,SIPP_Standard,"20,28,7","25,47,2",1,322.0,430,1.74578,16.43343,3.138,0.466,105 52 104 55
80,SIPP_2^2,"4,58,0","6,31,0",1,321.91585599999996,205,0.08697,21.2132,4.71239,9.42478,0 0 0 0 0 0 0 0 1 1 -0.418 1 -2.150 0 0 0 0 0 0 0 0 0 0 0 0 0 0 0 0 0 0 -9.264 0 -0.084 3
80,SIPP_2^3,"4,58,0","6,31,0",1,321.91585599999996,296,0.17578,31.11105,6.28319,12.56637,0 0 0 0 0 0 1 1 -12.134 2 -2.150 0 0 0 0 0 0 0 0 0 0 0 0 0 0 0 0 0 0 -9.264 6 -0.084 0
80,SIPP_2^4,"4,58,0","6,31,0",1,321.91585599999996,309,0.52222,17.15328,3.28349,6.56698,2 2 2 2 2 -2.293 0 -3.980 0 0 0 0 0 0 0 0 0 0 0 0 0 0 0 0 15 15 -10.127 0 -0.084 12
80,SIPP_2^5,"4,58,0","6,31,0",1,321.91585599999996,313,1.43968,13.60882,2.7159,5.4318,4 4 4 4 4 -2.022 1 0 0 31 0 31 0 31 31 -9.866 0 -11.119 0 -0.084 0
80,SIPP_BigCS,"4,58,0","6,31,7",1,321.801642,1737,16.05961,15.11959,3.0021,0.697,101 101 101 101 -1.585 129 6 6 6 6 6 6 70 -4.217 237
80,SIPP_Standard,"4,58,0","6,31,7",1,330.0,218,0.70414,17.84021,3.4681,0.5245,73 108 54 106
81,SIPP_2^2,"58,50,0","20,11,0",1,770.0,2396,0.86883,106.06602,23.56194,47.12389,3 3 3 3 3 3 3 3 3 3 3 3 3 3 3 3 3 3 3 3 3 3 3 3 3 3 0 0 3 0 0 0 0 0 0 0 0 0 0 3 3 3 0 3 0 0 0 0 0 0 0 3 3 3 0 3 3 0 0 3 0 0 0 0 0 0 0 0 0 0 0 0 0 0 0 3 0
81,SIPP_2^3,"58,50,0","20,11,0",1,553.2590319999999,153,0.12085,24.17317,4.71239,9.42478,7 7 7 7 7 7 7 7 7 7 7 6 7 7 7 7 7 7 7 7 7 7 7 7 7 7 7 7 7 7 7 7 7 7 7 7 0 7 0 7
81,SIPP_2^4,"58,50,0","20,11,0",1,547.9146639999998,136,0.30187,4.83935,0.96525,1.9305,14 14 14 14 14 14 14 14 14 14 13 14 14 14 14 14 14 14 14 14 14 14 14 14 14 14 14 14 14 14 14 14 14 14 14 15 15
81,SIPP_2^5,"58,50,0","20,11,0",1,546.5727549999998,117,0.69656,4.94029,0.98698,1.97396,28 28 28 28 28 28 28 28 28 27 28 28 28 28 28 28 28 28 28 28 28 28 28 28 28 28 28 28 28 28 28 29 28 29
81,SIPP_BigCS,"58,50,7","20,11,6",1,543.0,38,0.54384,8.52661,1.6448,0.1568,102 102 102 102 102 102 102 126 357 102 102 102 102 102 102 102 102 102 102 102 102 102 154 250
81,SIPP_Standard,"58,50,7","20,11,6",1,553.0,100,0.60298,11.83377,2.2593,0.1685,30 50 77 66 54 66 50
82,SIPP_2^2,"5,11,0","11,24,0",1,190.0,103,0.03129,35.35534,7.85398,15.70796,2 2 2 2 2 2 2 2 2 2 2 1 1 1 1 2 1 2 1
82,SIPP_2^3,"5,11,0","11,24,0",1,154.852816,44,0.02517,19.45842,3.92699,7.85398,4 4 3 4 4 3 4 4 4 3 3 3 3
82,SIPP_2^4,"5,11,0","11,24,0",1,147.726992,27,0.04241,10.95221,2.17634,4.35268,7 8 8 7 7 8 7 6 6
82,SIPP_2^5,"5,11,0","11,24,0",1,145.749355,21,0.08968,2.32683,0.46365,0.9273,15 15 15 -0.236 14 12 12
82,SIPP_BigCS,"5,11,2","11,24,12",1,147.0,36,0.48165,5.89393,1.1035,0.2102,80 200 200 320
82,SIPP_Standard,"5,11,2","11,24,12",1,424.0,1043,3.13948,21.58767,4.0632,0.7449,57 105 40 70 43
83,SIPP_2^2,"40,57,0","45,58,0",1,60.0,6,0.00246,14.14214,3.14159,6.28319,1 1 1 1 2 1
83,SIPP_2^3,"40,57,0","45,58,0",1,54.142136,5,0.00373,3.82683,0.7854,1.5708,2 2 2 2 3
83,SIPP_2^4,"40,57,0","45,58,0",1,52.36068,4,0.00906,2.29753,0.46365,0.9273,4 4 4 5
83,SIPP_2^5,"40,57,0","45,58,0",1,51.622777,3,0.02008,1.60182,0.32175,0.6435,8 8 9
83,SIPP_BigCS,"40,57,5","45,58,3",1,53.0,5,0.26473,3.85319,0.7822,0.2486,5 5 73
83,SIPP_Standard,"40,57,5","45,58,3",1,485.285484,1374,3.20697,24.46366,4.706,0.8137,-25.295 27 -25.660 106 -11.330 41 87 0
84,SIPP_2^2,"24,56,0","6,23,0",1,510.0,849,0.3292,91.92388,20.42035,40.8407,3 3 3 3 3 3 3 0 0 0 0 0 0 0 0 3 0 0 3 0 0 0 3 0 0 0 0 0 0 0 0 0 3 0 0 0 0 0 3 3 3 3 3 3 0 0 0 0 0 3 0
84,SIPP_2^3,"24,56,0","6,23,0",1,404.5584479999999,324,0.25356,31.2378,6.28319,12.56637,7 7 7 7 7 7 7 7 7 7 7 7 0 0 7 7 0 0 0 0 0 0 0 7 0 0 7 7 0 0 0 0 7
84,SIPP_2^4,"24,56,0","6,23,0",1,390.15362999999996,254,0.53463,8.91027,1.75065,3.5013,15 15 15 15 15 15 15 15 15 15 15 15 15 14 13 -0.601 13 0 0 0 0
84,SIPP_2^5,"24,56,0","6,23,0",1,390.15362999999996,271,1.5248,12.72328,2.49678,4.99356,30 30 30 30 30 29 30 29 30 29 30 -3.107 29 -1.579 26 0 0 0 0
84,SIPP_BigCS,"24,56,1","6,23,8",1,387.95947099999995,1127,9.36569,7.25178,1.2399,0.0957,202 202 202 218 102 182 202 202 -8.959 274 6
84,SIPP_Standard,"24,56,1","6,23,8",1,401.839996,230,0.72136,11.64441,2.2219,0.2389,54 74 77 -2.840 90 2
85,SIPP_2^2,"56,57,0","38,15,0",1,637.913086,1571,0.56096,113.13708,25.13274,50.26548,0 0 0 0 0 0 0 0 0 0 3 3 3 3 3 3 0 0 0 0 0 0 3 3 3 0 0 0 0 3 0 0 0 0 0 0 0 3 0 0 3 0 0 0 0 3 3 0 0 0 0 3 3 0 0 3 3 -36.743 0 -1.170 0 0
85,SIPP_2^3,"56,57,0","38,15,0",1,494.5584479999999,385,0.26868,51.45526,10.21018,20.42035,0 0 0 0 0 0 0 0 0 0 0 0 7 7 7 7 0 7 0 0 0 0 0 7 7 7 7 0 7 7 7 7 7 0 0 7 7 0 7 0 0 7
85,SIPP_2^4,"56,57,0","38,15,0",1,466.055152,159,0.30769,28.14657,5.60173,11.20346,15 0 15 15 0 15 0 0 0 15 0 0 15 15 15 15 15 15 15 15 0 15 15 14 15 14
85,SIPP_2^5,"56,57,0","38,15,0",1,459.59588500000007,79,0.39156,4.55839,0.90975,1.81951,31 31 31 31 0 31 -0.197 31 30 30 30 30 30 30 30 30 30 30 29
85,SIPP_BigCS,"56,57,3","38,15,14",1,461.0,241,2.30587,12.06324,2.0726,0.3114,82 202 306 82 202 202 202 202 202 202 202 202 202 322
85,SIPP_Standard,"56,57,3","38,15,14",1,488.0,238,0.78255,22.95428,4.4273,0.5908,10 46 10 46 10 50
86,SIPP_2^2,"63,32,0","36,35,0",0,-1,0,0.0,0.0,0.0,0.0,
86,SIPP_2^3,"63,32,0","36,35,0",0,-1,0,0.0,0.0,0.0,0.0,
86,SIPP_2^4,"63,32,0","36,35,0",0,-1,0,0.0,0.0,0.0,0.0,
86,SIPP_2^5,"63,32,0","36,35,0",0,-1,0,0.0,0.0,0.0,0.0,
86,SIPP_BigCS,"63,32,0","36,35,0",0,-1,0,0.0,0.0,0.0,0.0,
86,SIPP_Standard,"63,32,10","36,35,12",0,-1,0,2e-05,0.0,0.0,0.0,
87,SIPP_2^2,"27,29,0","12,11,0",1,330.0,361,0.154,63.63961,14.13717,28.27433,3 3 3 3 0 0 0 0 0 0 3 3 3 3 3 3 3 0 0 3 3 0 0 0 0 0 0 3 0 0 0 3 0
87,SIPP_2^3,"27,29,0","12,11,0",1,272.294017,194,0.15115,32.14409,6.28319,12.56637,7 7 7 0 0 0 7 6 7 7 6 7 7 7 -6.209 0 -12.237 0 7 7 7 7
87,SIPP_2^4,"27,29,0","12,11,0",1,272.294017,210,0.46287,20.74847,4.10684,8.21369,15 15 15 -0.767 15 14 13 14 14 14 -14.349 12 -12.237 0 14 14 14 14
87,SIPP_2^5,"27,29,0","12,11,0",1,271.945256,223,1.30279,6.95636,1.39513,2.79025,30 31 29 27 27 -31.313 29 28 28 28
87,SIPP_BigCS,"27,29,3","12,11,13",1,270.55834300000004,1020,10.99081,19.38585,3.7719,1.2622,170 70 -1.571 205 205 205 333 -16.988 66 102 102 102
87,SIPP_Standard,"27,29,3","12,11,13",1,274.005188,76,0.3138,12.50364,2.4091,0.3286,14 77 -27.005 74
88,SIPP_2^2,"62,61,0","23,19,0",1,810.0,1884,0.67099,141.42136,31.41593,62.83185,3 3 3 3 3 3 3 3 3 3 3 3 3 3 3 3 3 0 3 3 0 0 0 0 0 0 0 0 3 0 0 3 3 3 0 0 0 0 0 0 0 0 0 0 0 0 0 0 3 3 3 3 3 3 3 0 3 3 0 3 3 0 0 0 0 0 0 0 0 3 0 0 0 3 0 0 0 3 3 0 3
88,SIPP_2^3,"62,61,0","23,19,0",1,616.690488,617,0.39405,47.92383,9.42478,18.84956,7 7 7 7 7 7 7 0 7 7 0 0 0 0 7 7 7 7 0 0 7 7 7 7 7 0 7 7 7 7 7 7 7 7 7 7 7 7 7 0 7 6 6 6 6 6 6 7
88,SIPP_2^4,"62,61,0","23,19,0",1,588.941656,383,0.72467,19.19343,3.82305,7.6461,14 14 14 14 14 14 14 15 14 15 15 15 15 14 14 14 14 14 14 14 14 14 14 14 14 14 15 14 14 14 15 14 14 13 12 12 13
88,SIPP_2^5,"62,61,0","23,19,0",1,585.302901,351,1.87492,7.49067,1.50194,3.00388,28 28 28 28 28 28 29 30 30 29 -0.074 29 28 29 29 28 28 28 28 28 28 28 28 28 28 28 28 28 28 25 25
88,SIPP_BigCS,"62,61,14","23,19,6",1,574.0,199,2.58837,7.46584,1.3268,0.1036,102 102 102 102 154 202 202 202 250 102 102 102 102 102 102 102 102 102 102 102 102 102 102 126 253
88,SIPP_Standard,"62,61,14","23,19,6",1,621.8170479999999,925,4.13636,16.03862,2.7305,0.343,27 58 58 74 61 -21.817 77 66
89,SIPP_2^2,"15,61,0","34,35,0",1,450.0,625,0.22067,120.20815,26.70354,53.40708,1 1 1 1 1 1 1 1 0 1 1 1 0 0 0 0 0 0 0 0 1 0 1 0 1 0 1 0 0 0 0 0 0 0 0 0 0 1 0 0 1 0 1 1 0
89,SIPP_2^3,"15,61,0","34,35,0",1,338.7005839999999,167,0.11798,31.46246,6.28319,12.56637,1 0 0 0 1 1 1 0 0 1 1 1 1 1 1 1 1 1 1 0 1 1 1 1 0 1
89,SIPP_2^4,"15,61,0","34,35,0",1,326.23039199999994,110,0.2173,12.90132,2.574,5.14801,2 2 1 1 2 1 2 2 2 1 1 2 2 2 1 1 2 2 2
89,SIPP_2^5,"15,61,0","34,35,0",1,323.09927099999993,56,0.30975,0.98763,0.1974,0.39479,3 3 3 3 3 3 3 4 4 4 4 4
89,SIPP_BigCS,"15,61,14","34,35,8",1,322.0,19,0.2466,6.87553,1.2958,0.0749,177 220 101 125 220
89,SIPP_Standard,"15,61,14","34,35,8",1,327.0,30,0.13513,7.44277,1.2947,0.1135,73 60 68 49
90,SIPP_2^2,"53,2,0","57,22,0",1,240.0,114,0.03415,35.35534,7.85398,15.70796,2 2 2 2 2 2 2 2 2 2 2 2 2 2 1 2 2 1 1 2 2 2 2 1
90,SIPP_2^3,"53,2,0","57,22,0",1,216.56854399999997,81,0.04137,11.77758,2.35619,4.71239,4 4 4 4 4 4 4 4 4 4 4 4 4 4 3 3 3 4 4 3
90,SIPP_2^4,"53,2,0","57,22,0",1,209.44272,57,0.08235,6.98569,1.39094,2.78189,8 8 8 8 8 8 8 8 8 8 7 7 7 8 8 7
90,SIPP_2^5,"53,2,0","57,22,0",1,206.491108,40,0.164,4.83619,0.96525,1.9305,16 16 16 16 16 15 15 15 16 16 16 15
90,SIPP_BigCS,"53,2,9","57,22,8",1,208.0,103,1.16644,4.95204,0.9691,0.1012,4 4 4 4 4 4 4 80 304
90,SIPP_Standard,"53,2,9","57,22,8",1,257.0,121,0.35667,14.4341,2.8078,0.4541,16 102 80
91,SIPP_2^2,"7,1,0","41,29,0",1,641.851905,1486,0.49317,84.85281,18.84956,37.69911,2 2 2 2 2 2 2 2 2 2 2 2 2 2 2 2 2 2 2 2 1 1 1 1 1 1 1 1 1 2 2 2 1 1 1 2 2 1 1 1 1 1 1 1 1 1 1 1 1 1 2 1 1 1 2 1 1 1 1 2 2 1 1 -1.852 0
91,SIPP_2^3,"7,1,0","41,29,0",1,488.1913109999999,485,0.28299,31.065,6.28319,12.56637,3 2 2 2 3 3 3 3 3 3 3 -4.181 3 3 3 3 3 3 4 4 3 -2.173 4 3 3 3 3 3 3 3 3 3 3 3 2 2 2 2 1
91,SIPP_2^4,"7,1,0","41,29,0",1,483.92446199999995,557,0.90074,25.30999,5.0721,10.14419,6 6 5 5 5 6 6 5 6 7 8 7 7 7 6 6 6 6 6 6 5 6 5 5 5 -11.749 4 2
91,SIPP_2^5,"7,1,0","41,29,0",1,481.55283599999996,557,2.41481,16.26124,3.41203,6.82406,11 11 11 11 12 14 14 14 15 12 12 11 11 11 11 12 12 -1.333 2
91,SIPP_BigCS,"7,1,8","41,29,10",1,482.489732,3357,33.87968,16.89795,3.1836,0.8014,176 207 207 327 -3.866 200 200 200 200 200 352 176 207 -14.624 351
91,SIPP_Standard,"7,1,8","41,29,10",1,490.0,470,1.97958,20.94969,4.0372,0.5281,21 48 87 8 48 95
92,SIPP_2^2,"56,37,0","30,29,0",1,340.0,275,0.09991,63.63961,14.13717,28.27433,3 3 3 3 3 3 3 3 3 3 3 0 3 3 3 0 0 3 3 3 3 3 3 3 3 3 0 3 3 0 0 0 3 0
92,SIPP_2^3,"56,37,0","30,29,0",1,293.13708799999995,149,0.10398,43.8337,8.63938,17.27876,6 6 6 7 7 6 6 6 7 6 7 6 6 7 6 7 6 6 6 6 6 6 6 6 7 7
92,SIPP_2^4,"56,37,0","30,29,0",1,278.88544,87,0.17322,20.92999,4.17283,8.34566,12 13 12 13 13 12 13 13 12 12 12 12 12 13 13 12 12 13
92,SIPP_2^5,"56,37,0","30,29,0",1,273.21446999999995,36,0.22067,6.4411,1.287,2.574,25 25 25 25 -0.232 25 24 25 25 24 25
92,SIPP_BigCS,"56,37,8","30,29,11",1,276.0,125,1.21219,8.05152,1.4766,0.1563,205 205 309 87 205 365
92,SIPP_Standard,"56,37,8","30,29,11",1,329.0,186,1.28259,19.52585,3.798,0.6292,43 77 74 109
93,SIPP_2^2,"8,20,0","13,32,0",1,170.0,26,0.00898,14.14214,3.14159,6.28319,1 1 1 1 2 2 2 2 2 2 2 2 2 2 2 2 1
93,SIPP_2^3,"8,20,0","13,32,0",1,158.284272,24,0.01524,11.59279,2.35619,4.71239,2 2 2 3 4 4 4 4 4 4 4 4 4 4 3
93,SIPP_2^4,"8,20,0","13,32,0",1,156.502816,23,0.03865,10.0194,2.03444,4.06889,4 4 4 6 8 8 8 8 8 8 8 8 8 7
93,SIPP_2^5,"8,20,0","13,32,0",1,155.76491299999998,21,0.0894,9.31571,1.89255,3.78509,8 8 8 12 16 16 16 16 16 16 16 16 15
93,SIPP_BigCS,"8,20,0","13,32,12",1,143.0,12,0.17669,8.45454,1.6493,0.4365,207 335 12
93,SIPP_Standard,"8,20,0","13,32,12",1,420.0,304,1.01385,25.64602,4.9393,0.8183,5 105 40 78 107
94,SIPP_2^2,"46,25,0","42,19,0",1,120.0,28,0.01074,35.35534,7.85398,15.70796,2 3 3 0 0 0 0 0 3 0 0 3
94,SIPP_2^3,"46,25,0","42,19,0",1,96.568544,15,0.01141,23.24431,4.71239,9.42478,5 7 0 0 7 0 0 7
94,SIPP_2^4,"46,25,0","42,19,0",1,93.005632,10,0.02333,13.71393,2.81984,5.63968,10 14 15 0 0 15
94,SIPP_2^5,"46,25,0","42,19,0",1,91.529826,6,0.03352,9.74791,2.03444,4.06889,20 28 31 31
94,SIPP_BigCS,"46,25,4","42,19,13",1,150.0,51,0.52721,17.36545,3.4573,1.2747,334 79 346 101 101
94,SIPP_Standard,"46,25,4","42,19,13",1,499.0,559,2.48029,20.3795,3.9217,0.5711,31 47 27 106 45 1
95,SIPP_2^2,"22,25,0","52,20,0",1,350.0,214,0.1028,49.49747,10.99557,21.99115,1 1 1 1 1 1 1 1 1 1 1 1 1 1 1 1 0 1 0 0 1 1 1 1 1 1 1 0 1 1 1 1 1 1 0
95,SIPP_2^3,"22,25,0","52,20,0",1,330.77644599999996,245,0.19781,15.81256,3.14159,6.28319,2 2 2 2 2 2 2 2 2 1 1 1 2 2 2 2 2 2 2 2 2 2 2 1 -10.066 1 2 2 2 2 2
95,SIPP_2^4,"22,25,0","52,20,0",1,322.392944,204,0.47542,21.05106,4.17283,8.34566,4 4 4 4 4 4 4 3 3 3 4 3 3 3 4 4 -1.147 3 5 4 4 5
95,SIPP_2^5,"22,25,0","52,20,0",1,321.46473499999996,203,1.29537,12.04888,2.42505,4.8501,8 8 8 8 8 8 7 7 7 7 7 -3.308 5 10 -0.004 8 9
95,SIPP_BigCS,"22,25,4","52,20,0",1,321.0,883,9.93735,8.33686,1.396,0.2491,5 5 5 29 201 201 201 201 201 201 377 207 207
95,SIPP_Standard,"22,25,4","52,20,0",1,327.0,65,0.27432,12.34474,2.4147,0.3607,1 9 53 105
96,SIPP_2^2,"7,26,0","21,56,0",0,-1,0,0.0,0.0,0.0,0.0,
96,SIPP_2^3,"7,26,0","21,56,0",0,-1,0,0.0,0.0,0.0,0.0,
96,SIPP_2^4,"7,26,0","21,56,0",0,-1,0,0.0,0.0,0.0,0.0,
96,SIPP_2^5,"7,26,0","21,56,0",0,-1,0,0.0,0.0,0.0,0.0,
96,SIPP_BigCS,"7,26,0","21,56,0",0,-1,0,0.0,0.0,0.0,0.0,
96,SIPP_Standard,"7,26,3","21,56,15",0,-1,0,4e-05,0.0,0.0,0.0,
97,SIPP_2^2,"15,3,0","51,60,0",1,930.0,3191,1.16668,226.27417,50.26548,100.53096,2 2 2 2 2 2 1 2 2 2 1 2 1 2 2 1 1 1 1 2 2 2 2 2 2 1 1 1 1 1 1 1 1 1 1 1 2 1 2 2 2 2 2 2 2 2 2 2 2 1 2 1 2 1 1 1 1 1 1 1 2 1 2 1 2 1 2 2 2 2 2 2 2 2 2 2 2 1 1 2 2 1 2 2 2 2 2 2 1 2 2 1 2
97,SIPP_2^3,"15,3,0","51,60,0",1,719.1168960000002,857,0.51588,43.17517,8.63938,17.27876,3 4 3 4 3 3 3 4 4 4 3 3 3 3 3 3 3 3 3 3 3 3 3 3 3 3 3 3 3 3 3 3 3 4 4 4 4 4 4 4 4 4 4 4 4 4 3 4 3 3 3 3 3 3 3 4 4
97,SIPP_2^4,"15,3,0","51,60,0",1,708.255736,933,1.6144,18.44591,3.68115,7.36231,7 7 7 7 6 7 6 6 6 6 6 6 6 6 6 7 7 7 7 7 7 7 6 6 7 6 6 6 7 7 7 6 6 6 7 7 -21.056 8 -0.033 8 -0.117 8
97,SIPP_2^5,"15,3,0","51,60,0",1,708.255736,986,4.69118,6.83302,1.35586,2.71172,14 14 14 13 14 12 12 12 12 13 13 13 13 13 13 13 13 13 13 13 13 13 -27.318 16 -0.033 16 -0.117 16
97,SIPP_BigCS,"15,3,14","51,60,13",1,708.1415219999999,6312,74.43413,17.13608,3.0504,0.4664,200 200 200 200 216 152 200 200 200 200 200 200 216 100 100 100 180 320 -27.142 239
97,SIPP_Standard,"15,3,14","51,60,13",1,720.887276,1416,6.81221,10.04867,1.2947,0.1135,56 72 71 52 56 56 56 -37.887 56
98,SIPP_2^2,"54,56,0","52,42,0",1,160.0,39,0.01278,28.28427,6.28319,12.56637,0 0 0 0 0 0 0 0 0 3 0 0 0 0 3 0
98,SIPP_2^3,"54,56,0","52,42,0",1,148.284272,29,0.01763,11.59279,2.35619,4.71239,0 0 0 0 0 0 0 0 0 7 0 0 0 7
98,SIPP_2^4,"54,56,0","52,42,0",1,144.72136,23,0.03968,6.94722,1.39094,2.78189,0 0 0 0 0 0 0 15 0 0 0 15
98,SIPP_2^5,"54,56,0","52,42,0",1,143.245554,19,0.07997,4.82449,0.96525,1.9305,0 0 0 0 0 31 0 0 0 31
98,SIPP_BigCS,"54,56,3","52,42,5",1,144.0,35,0.46919,4.98532,0.9783,0.1089,362 6 30
98,SIPP_Standard,"54,56,3","52,42,5",1,547.951768,3608,11.27784,24.20069,4.706,0.8137,-57.200 107 30 42 84 -62.752 25
99,SIPP_2^2,"41,13,0","29,41,0",1,424.597428,645,0.39053,42.42641,9.42478,18.84956,2 2 2 2 2 3 3 3 3 3 3 3 3 3 2 2 2 2 2 2 2 2 2 2 2 2 2 2 2 2 3 3 2 2 2 2 3 -24.597 2 2 2
99,SIPP_2^3,"41,13,0","29,41,0",1,351.851905,420,0.25625,15.96438,3.14159,6.28319,4 4 4 4 4 4 4 4 4 4 4 4 4 4 4 4 4 4 5 5 5 5 5 5 4 5 5 5 -1.856 6 -2.716 6 6
99,SIPP_2^4,"41,13,0","29,41,0",1,348.332976,436,0.79572,20.00974,3.88903,7.77807,8 8 8 8 8 8 8 8 8 9 8 8 9 9 9 9 9 9 9 8 -4.726 11 13
99,SIPP_2^5,"41,13,0","29,41,0",1,348.332976,446,2.39344,12.32218,2.35619,4.71239,17 17 17 17 17 17 17 17 16 16 -4.134 16 -0.151 16 -6.344 22 26
99,SIPP_BigCS,"41,13,9","29,41,3",1,347.90590999999995,3087,55.49426,14.91863,2.8597,0.9547,206 206 206 206 310 4 4 4 0 76 -2.906 347
99,SIPP_Standard,"41,13,9","29,41,3",1,351.794875,384,4.65304,14.40204,2.7938,0.3425,16 94 16 -13.795 86
100,SIPP_2^2,"32,35,0","34,22,0",1,150.0,36,0.01446,21.2132,4.71239,9.42478,0 0 0 0 0 0 0 0 0 0 0 0 1 0 1
100,SIPP_2^3,"32,35,0","34,22,0",1,138.284272,26,0.01329,11.59279,2.35619,4.71239,0 0 0 0 0 0 0 0 0 1 0 0 1
100,SIPP_2^4,"32,35,0","34,22,0",1,134.72136,20,0.03089,6.94722,1.39094,2.78189,0 0 0 0 0 0 0 0 1 0 1
100,SIPP_2^5,"32,35,0","34,22,0",1,133.245554,16,0.0785,1.60182,0.32175,0.6435,0 0 0 0 0 0 0 1 1
100,SIPP_BigCS,"32,35,15","34,22,6",1,134.0,25,2.47406,2.36385,0.463,0.0399,6 6 6 6 6 6 86
100,SIPP_Standard,"32,35,15","34,22,6",1,449.08456,1972,7.54579,22.40793,4.3136,0.6984,23 -42.085 54 106 41 79
101,SIPP_2^2,"3,49,0","40,62,0",1,500.0,626,0.20835,91.92388,20.42035,40.8407,1 1 1 2 1 2 2 1 1 1 1 1 1 1 2 2 1 1 1 2 1 1 1 1 1 1 1 1 1 1 1 1 1 1 1 1 1 1 1 1 2 1 2 2 2 2 2 1 1 2
101,SIPP_2^3,"3,49,0","40,62,0",1,423.8477679999999,331,0.2213,43.65546,8.63938,17.27876,2 3 2 3 3 3 2 2 2 2 2 2 2 2 2 3 2 3 2 2 2 2 2 2 2 2 2 3 3 3 3 3 3 2 2 2 3
101,SIPP_2^4,"3,49,0","40,62,0",1,404.251752,178,0.33605,24.92177,4.95823,9.91645,6 6 5 5 4 4 4 4 4 4 4 5 5 4 4 5 5 5 4 5 4 4 5 5 4 5
101,SIPP_2^5,"3,49,0","40,62,0",1,396.4254189999999,75,0.38552,8.77557,1.75065,3.5013,12 11 9 9 9 9 9 9 9 8 9 9 8 8 9
101,SIPP_BigCS,"3,49,11","40,62,12",1,400.0,318,3.13151,12.17438,2.2754,0.2505,176 207 207 207 311 57 311 5 57
101,SIPP_Standard,"3,49,11","40,62,12",1,406.0,37,0.15206,16.07159,3.0941,0.3579,48 95 21 36 17
102,SIPP_2^2,"11,31,0","40,33,0",1,310.0,81,0.02882,21.2132,4.71239,9.42478,1 1 1 1 1 1 1 1 1 1 1 1 1 1 1 1 1 1 1 1 1 1 1 1 1 2 1 1 1 1 2
102,SIPP_2^3,"11,31,0","40,33,0",1,298.284272,74,0.04407,11.59279,2.35619,4.71239,2 2 2 2 2 2 2 2 2 2 2 2 2 2 2 2 2 2 2 2 2 2 2 2 2 2 3 2 3
102,SIPP_2^4,"11,31,0","40,33,0",1,294.72136,62,0.10497,6.94722,1.39094,2.78189,4 4 4 4 4 4 4 4 4 4 4 4 4 4 4 4 4 4 4 4 4 4 4 5 4 4 5
102,SIPP_2^5,"11,31,0","40,33,0",1,293.24555399999997,49,0.24348,4.82449,0.96525,1.9305,8 8 8 8 8 8 8 8 8 8 8 8 8 8 8 8 8 8 8 8 8 9 8 8 9
102,SIPP_BigCS,"11,31,4","40,33,3",1,294.0,99,2.19529,2.36385,0.463,0.0399,5 5 5 5 1 1 5 5 85
102,SIPP_Standard,"11,31,4","40,33,3",1,325.0,127,1.97529,11.72792,2.273,0.3191,84 1 21 48
103,SIPP_2^2,"6,46,0","42,15,0",1,670.0,1723,0.6304,77.78175,17.27876,34.55752,0 0 0 0 0 0 0 0 0 0 0 0 0 0 0 0 0 0 0 0 0 0 0 1 1 1 1 1 1 1 1 1 1 1 1 1 1 1 1 1 1 1 1 1 1 1 1 1 1 1 0 1 1 0 1 1 0 0 1 1 0 0 1 1 0 0 1
103,SIPP_2^3,"6,46,0","42,15,0",1,488.40621599999986,190,0.1442,31.13488,6.28319,12.56637,1 1 1 1 1 1 1 1 1 1 1 1 1 2 1 1 2 2 1 1 1 1 1 1 1 1 1 1 1 1 1 1 2 1 2 1
103,SIPP_2^4,"6,46,0","42,15,0",1,479.4989359999999,146,0.30514,6.4561,1.287,2.57401,2 2 2 2 2 2 2 2 2 2 2 3 3 3 2 2 2 2 2 2 2 2 2 2 2 2 3 3 2 2 2
103,SIPP_2^5,"6,46,0","42,15,0",1,477.2624209999999,118,0.63514,3.95547,0.78958,1.57917,4 4 4 4 4 4 4 4 5 5 5 4 4 4 4 4 4 4 4 4 4 4 5 5 4 4
103,SIPP_BigCS,"6,46,11","42,15,9",1,474.0,41,0.42079,7.18679,1.3268,0.1036,101 101 101 101 101 101 101 101 153 201 249 101 101 101 101 101 101 153 249
103,SIPP_Standard,"6,46,11","42,15,9",1,481.0,55,0.30378,10.15962,1.9377,0.1482,65 53 73 68 29 53
104,SIPP_2^2,"45,33,0","29,63,0",0,-1,0,0.0,0.0,0.0,0.0,
104,SIPP_2^3,"45,33,0","29,63,0",0,-1,0,0.0,0.0,0.0,0.0,
104,SIPP_2^4,"45,33,0","29,63,0",0,-1,0,0.0,0.0,0.0,0.0,
104,SIPP_2^5,"45,33,0","29,63,0",0,-1,0,0.0,0.0,0.0,0.0,
104,SIPP_BigCS,"45,33,0","29,63,0",0,-1,0,0.0,0.0,0.0,0.0,
104,SIPP_Standard,"45,33,15","29,63,4",0,-1,65354,180.00003,0.0,0.0,0.0,
105,SIPP_2^2,"52,57,0","26,62,0",1,310.0,130,0.04039,35.35534,7.85398,15.70796,3 2 2 3 3 3 3 3 3 3 3 3 3 3 3 3 3 3 3 3 3 3 3 3 3 3 3 2 2 3 2
105,SIPP_2^3,"52,57,0","26,62,0",1,286.568544,84,0.04955,19.64322,3.92699,7.85398,4 5 5 6 6 6 6 6 6 6 6 6 6 6 6 6 6 6 6 6 6 6 6 6 5 6 5
105,SIPP_2^4,"52,57,0","26,62,0",1,281.224176,62,0.09675,12.62542,2.49809,4.99618,9 10 12 12 12 12 12 12 12 12 12 12 12 12 12 12 12 12 12 12 11 12 12 11
105,SIPP_2^5,"52,57,0","26,62,0",1,279.74836999999997,49,0.18563,10.43037,2.0724,4.1448,18 20 24 24 24 24 24 24 24 24 24 24 24 24 24 23 24 24 24 24 24 23
105,SIPP_BigCS,"52,57,11","26,62,6",1,283.0,108,0.58452,8.09376,1.5745,0.4351,206 334 3 3 31
105,SIPP_Standard,"52,57,11","26,62,6",1,414.0,166,0.3655,22.05779,4.252,0.6585,108 34 75 70 47
106,SIPP_2^2,"2,18,0","7,6,0",1,170.0,76,0.01643,21.2132,4.71239,9.42478,0 0 0 0 0 0 0 0 0 0 0 1 1 1 1 0 1
106,SIPP_2^3,"2,18,0","7,6,0",1,140.71067999999997,44,0.01898,19.61218,3.92699,7.85398,0 0 0 0 1 0 1 1 1 0 0 1
106,SIPP_2^4,"2,18,0","7,6,0",1,131.8034,18,0.02318,9.33785,1.85459,3.70918,1 0 1 1 0 1 1
106,SIPP_2^5,"2,18,0","7,6,0",1,130.32759399999998,11,0.04087,0.71022,0.1419,0.28379,2 2 2 1 1
106,SIPP_BigCS,"2,18,2","7,6,4",1,130.0,5,0.13324,2.91107,0.5061,0.0613,204 204 204 308
106,SIPP_Standard,"2,18,2","7,6,4",1,459.89548,892,1.74338,22.83275,4.3028,0.7782,-33.895 63 111 33 74 101
107,SIPP_2^2,"43,51,0","57,58,0",1,210.0,132,0.04571,77.78175,17.27876,34.55752,1 2 2 1 1 1 1 1 1 1 1 2 1 2 1 2 1 2 1 1 2
107,SIPP_2^3,"43,51,0","57,58,0",1,168.99495199999996,63,0.04262,19.69392,3.92699,7.85398,2 2 3 2 2 2 3 3 3 3 3 2 2 3
107,SIPP_2^4,"43,51,0","57,58,0",1,156.52476,7,0.01378,0.0,0.0,0.0,5 5 5 5 5 5 5
107,SIPP_2^5,"43,51,0","57,58,0",1,156.52476,7,0.03875,0.0,0.0,0.0,10 10 10 10 10 10 10
107,SIPP_BigCS,"43,51,5","57,58,9",1,155.0,4,0.15803,1.04752,0.0,0.0,199 207 207 207
107,SIPP_Standard,"43,51,5","57,58,9",1,159.0,4,0.05505,4.73187,0.9185,0.0813,48 95
108,SIPP_2^2,"38,11,0","54,25,0",1,300.0,307,0.11729,113.13708,25.13274,50.26548,1 2 1 1 2 2 2 1 2 2 1 2 2 2 1 1 1 1 1 1 2 1 2 1 1 2 1 2 2 1
108,SIPP_2^3,"38,11,0","54,25,0",1,217.98990399999994,52,0.03434,16.02901,3.14159,6.28319,3 3 3 3 3 3 3 3 3 2 3 3 2 3 3 3
108,SIPP_2^4,"38,11,0","54,25,0",1,214.42699199999996,38,0.06989,3.22056,0.6435,1.287,6 6 6 6 6 6 6 6 6 6 5 5 6 6
108,SIPP_2^5,"38,11,0","54,25,0",1,213.53238599999995,33,0.16143,1.97768,0.39479,0.78958,12 12 12 12 12 12 12 12 11 11 12 12
108,SIPP_BigCS,"38,11,1","54,25,7",1,212.0,12,0.209,3.49395,0.6634,0.0518,100 100 100 100 100 100 124 255
108,SIPP_Standard,"38,11,1","54,25,7",1,246.0,85,0.33559,11.82604,2.3238,0.3758,8 48 103
109,SIPP_2^2,"43,55,0","6,26,0",1,660.0,1602,0.58562,176.7767,39.26991,78.53982,0 0 3 0 0 0 3 0 3 0 0 0 3 3 3 3 3 3 3 3 0 0 0 3 3 3 3 0 3 0 3 3 3 3 0 0 3 0 3 0 0 0 0 0 0 3 3 3 0 0 0 0 3 3 3 3 3 3 3 3 0 3 3 3 0 3
109,SIPP_2^3,"43,55,0","6,26,0",1,490.12194399999987,248,0.19122,47.40377,9.42478,18.84956,7 7 7 6 7 7 6 7 7 7 7 6 6 7 7 7 7 7 7 7 6 7 7 7 7 7 7 7 7 7 7 7 6 6 7 6 7
109,SIPP_2^4,"43,55,0","6,26,0",1,475.87029599999994,156,0.33151,12.89938,2.574,5.14801,14 14 14 13 13 13 14 13 13 14 14 14 14 14 14 14 14 14 14 14 14 14 13 14 14 13 13 14 14
109,SIPP_2^5,"43,55,0","6,26,0",1,472.29187199999996,94,0.5456,3.94616,0.78958,1.57916,27 27 27 27 27 28 28 28 28 28 28 28 28 28 28 28 27 28 28 27 27
109,SIPP_BigCS,"43,55,1","6,26,2",1,470.0,87,1.12078,5.42865,0.9646,0.055,102 102 178 205 221 102 102 102 102 102 102 102 102 102 102 102 102 178 205
109,SIPP_Standard,"43,55,1","6,26,2",1,482.21243999999996,71,0.27868,12.57378,2.268,0.2126,50 61 77 66 -3.212 50 77
110,SIPP_2^2,"11,28,0","22,55,0",1,380.0,418,0.15773,113.13708,25.13274,50.26548,2 2 2 2 1 1 2 2 2 1 1 2 2 2 2 2 2 1 1 2 2 1 2 2 2 2 1 2 2 2 1 2 1 2 2 2 1 2
110,SIPP_2^3,"11,28,0","22,55,0",1,315.56349599999993,210,0.15142,24.19614,4.71239,9.42478,3 3 3 3 3 4 4 3 3 3 4 4 4 4 4 4 4 3 3 4 4 4 4 4 4 4 3
110,SIPP_2^4,"11,28,0","22,55,0",1,295.96748,85,0.16825,13.97027,2.78189,5.56377,7 8 7 7 7 7 7 7 8 8 7 7 7 8 8 7
110,SIPP_2^5,"11,28,0","22,55,0",1,292.46844799999997,40,0.22581,4.96612,0.99328,1.98656,14 15 14 15 14 15 14 14 14 -0.190 15 15
110,SIPP_BigCS,"11,28,14","22,55,9",1,292.0,23,0.37437,3.9751,0.5075,0.0551,200 200 200 200 200 200 200 200 200 200 360
110,SIPP_Standard,"11,28,14","22,55,9",1,325.0,148,0.50482,15.00154,2.9247,0.3979,52 72 87 20
111,SIPP_2^2,"4,43,0","2,12,0",1,330.0,90,0.02989,14.14214,3.14159,6.28319,0 0 0 0 0 0 0 0 0 0 0 0 0 0 0 0 0 0 0 0 0 0 0 0 0 0 0 0 0 0 3 3 0
111,SIPP_2^3,"4,43,0","2,12,0",1,318.284272,80,0.0521,11.59279,2.35619,4.71239,0 0 0 0 0 0 0 0 0 0 0 0 0 0 0 0 0 0 0 0 0 0 0 0 0 0 0 7 0 0 7
111,SIPP_2^4,"4,43,0","2,12,0",1,314.72136,68,0.11752,6.94722,1.39094,2.78189,0 0 0 0 0 0 0 0 0 0 0 0 0 0 0 0 0 0 0 0 0 0 0 0 0 15 0 0 15
111,SIPP_2^5,"4,43,0","2,12,0",1,313.24555399999997,54,0.24352,4.82449,0.96525,1.9305,0 0 0 0 0 0 0 0 0 0 0 0 0 0 0 0 0 0 0 0 0 0 0 31 0 0 31
111,SIPP_BigCS,"4,43,2","2,12,4",1,314.0,111,0.53052,4.98532,0.9783,0.1089,362 6 6 6 6 6 6 6 6 6 2 6 30
111,SIPP_Standard,"4,43,2","2,12,4",1,321.0,26,0.06476,6.75321,1.3299,0.1489,46 2 2 18
112,SIPP_2^2,"31,48,0","10,6,0",1,630.0,1296,0.49483,141.42136,31.41593,62.83185,0 0 0 0 3 0 0 3 3 3 0 0 3 3 0 3 3 3 3 0 0 0 0 3 3 3 3 0 0 0 0 0 0 0 0 0 0 0 3 0 0 0 0 0 0 0 0 3 0 3 3 0 3 0 0 0 0 0 0 0 3 3 0
112,SIPP_2^3,"31,48,0","10,6,0",1,506.98485599999987,530,0.3874,47.86982,9.42478,18.84956,7 7 7 7 7 0 0 0 7 7 7 7 7 7 0 7 7 7 0 0 0 7 7 7 7 0 0 0 0 7 0 0 0 0 7 0 0 0 0 0 0 7
112,SIPP_2^4,"31,48,0","10,6,0",1,476.700104,166,0.35516,18.7328,3.74714,7.49428,14 14 15 15 15 14 14 15 15 15 15 15 15 0 15 0 0 15 15 15 15 15 15 0 15
112,SIPP_2^5,"31,48,0","10,6,0",1,471.9592799999999,106,0.61308,4.16941,0.83384,1.66768,29 29 29 29 30 30 30 30 30 30 31 31 30 30 31 30 31
112,SIPP_BigCS,"31,48,13","10,6,10",1,472.0,125,1.23346,9.50146,1.6121,0.1359,202 202 202 218 182 202 202 202 202 202 306 82
112,SIPP_Standard,"31,48,13","10,6,10",1,482.0,83,0.28069,16.58362,3.1915,0.3374,54 66 46 10 54 90
113,SIPP_2^2,"46,26,0","0,31,0",0,-1,0,0.0,0.0,0.0,0.0,
113,SIPP_2^3,"46,26,0","0,31,0",0,-1,0,0.0,0.0,0.0,0.0,
113,SIPP_2^4,"46,26,0","0,31,0",0,-1,0,0.0,0.0,0.0,0.0,
113,SIPP_2^5,"46,26,0","0,31,0",0,-1,0,0.0,0.0,0.0,0.0,
113,SIPP_BigCS,"46,26,0","0,31,0",0,-1,0,0.0,0.0,0.0,0.0,
113,SIPP_Standard,"46,26,12","0,31,0",0,-1,65490,180.00121,0.0,0.0,0.0,
114,SIPP_2^2,"61,52,0","51,22,0",1,426.535622,467,0.16755,84.85281,18.84956,37.69911,0 0 0 0 0 0 0 0 0 3 3 0 0 0 0 0 3 0 0 0 0 0 0 3 3 0 3 0 0 0 0 0 0 3 0 0 0 0 3 -6.536 3 3 2
114,SIPP_2^3,"61,52,0","51,22,0",1,347.27922399999994,287,0.2038,11.92942,2.35619,4.71239,0 0 0 0 0 0 0 0 0 0 0 0 0 0 0 0 0 0 0 0 0 7 7 7 7 7 7 7 7 6 7
114,SIPP_2^4,"61,52,0","51,22,0",1,333.027576,219,0.46543,7.97065,1.5708,3.14159,0 0 0 0 0 0 0 0 0 0 0 0 0 15 15 15 15 15 15 15 15 14 12
114,SIPP_2^5,"61,52,0","51,22,0",1,327.12435199999993,173,0.94684,16.07002,3.17955,6.3591,31 0 0 31 0 0 31 31 31 31 0 31 31 28 24
114,SIPP_BigCS,"61,52,3","51,22,11",1,333.0,1047,9.50725,15.73827,3.0511,0.5914,306 30 362 82 202 330
114,SIPP_Standard,"61,52,3","51,22,11",1,335.454168,83,0.27816,12.2214,2.3398,0.2502,6 90 6 -4.454 74
115,SIPP_2^2,"33,42,0","24,6,0",1,450.0,482,0.21833,77.78175,17.27876,34.55752,0 0 0 0 0 0 0 0 0 0 0 0 0 0 0 3 0 0 3 3 3 3 0 3 0 3 0 0 0 0 0 0 0 0 3 0 0 0 0 0 0 0 0 0 3
115,SIPP_2^3,"33,42,0","24,6,0",1,397.27922399999994,280,0.19723,36.13088,7.06858,14.13717,0 0 0 0 0 0 0 0 0 0 0 0 0 0 0 0 0 0 0 0 0 7 7 7 7 0 7 0 7 7 0 0 7 0 0 7
115,SIPP_2^4,"33,42,0","24,6,0",1,381.24612,178,0.36049,30.25349,6.02742,12.05484,0 0 0 0 0 0 0 0 0 0 0 15 15 0 15 15 0 15 0 0 15 0 15 0 15 0 15
115,SIPP_2^5,"33,42,0","24,6,0",1,374.6049929999999,100,0.56892,14.50268,2.89576,5.79151,0 31 0 0 31 0 31 31 31 0 31 31 31 0 0 0 0 31
115,SIPP_BigCS,"33,42,12","24,6,1",1,378.0,389,10.32385,12.78967,2.4471,0.2513,202 362 82 362 82 306
115,SIPP_Standard,"33,42,12","24,6,1",1,403.0,184,1.16964,14.35881,2.7663,0.367,2 18 108 54 74
116,SIPP_2^2,"52,55,0","42,57,0",1,154.50497000000001,79,0.02434,14.14214,3.14159,6.28319,2 2 2 -14.505 3 3 3 3 3 3 3 3 3 3 0
116,SIPP_2^3,"52,55,0","42,57,0",1,116.56854399999997,23,0.01362,19.54353,3.92699,7.85398,6 6 7 6 6 6 5 5 6 5
116,SIPP_2^4,"52,55,0","42,57,0",1,109.44272000000001,12,0.01871,11.66149,2.31824,4.63648,12 13 11 12 11 11
116,SIPP_2^5,"52,55,0","42,57,0",1,107.966914,10,0.04086,5.3802,1.06919,2.13838,25 22 23 22
116,SIPP_BigCS,"52,55,15","42,57,13",1,112.0,19,0.22008,7.87865,1.5666,0.344,162 35
116,SIPP_Standard,"52,55,15","42,57,13",1,499.0,1235,2.93339,27.03726,5.2228,0.81,50 93 11 35 80 13
117,SIPP_2^2,"41,62,0","7,20,0",1,760.0,1907,0.68302,127.27922,28.27433,56.54867,3 3 3 3 3 3 3 3 3 3 3 3 3 3 3 3 3 3 3 3 3 3 3 0 3 0 0 0 0 0 0 3 3 0 0 0 0 0 0 0 0 0 0 0 0 3 3 0 3 0 0 0 0 3 0 0 0 0 3 0 0 3 0 0 0 3 0 0 0 0 0 0 0 0 0 3
117,SIPP_2^3,"41,62,0","7,20,0",1,599.3349019999999,880,0.65584,63.57201,12.56637,25.13274,7 7 7 7 7 7 7 7 7 7 7 7 7 7 7 7 6 6 7 6 6 7 7 7 7 7 0 7 0 7 7 0 -4.988 6 -4.225 7 7 0 0 7 0 0 0 0 0 0 0 0 7
117,SIPP_2^4,"41,62,0","7,20,0",1,546.5809759999999,236,0.47905,16.11186,3.21751,6.43501,14 14 14 14 14 14 14 14 14 14 15 14 14 14 15 14 15 14 14 14 14 14 14 14 14 14 14 15 15 15 15 14 15 14
117,SIPP_2^5,"41,62,0","7,20,0",1,543.0025519999999,164,0.88948,10.86031,2.17135,4.3427,28 28 28 28 28 28 28 28 28 28 28 29 29 28 29 28 29 28 28 29 28 29 29 28 28 29
117,SIPP_BigCS,"41,62,2","7,20,4",1,540.0,41,0.48646,8.71791,1.6272,0.1007,102 102 102 102 102 102 102 102 102 102 102 102 182 218 154 218 154
117,SIPP_Standard,"41,62,2","7,20,4",1,569.0,474,1.4664,22.20585,4.2904,0.4863,54 66 46 14 77 66 38
118,SIPP_2^2,"30,30,0","26,63,0",0,-1,0,0.0,0.0,0.0,0.0,
118,SIPP_2^3,"30,30,0","26,63,0",0,-1,0,0.0,0.0,0.0,0.0,
118,SIPP_2^4,"30,30,0","26,63,0",0,-1,0,0.0,0.0,0.0,0.0,
118,SIPP_2^5,"30,30,0","26,63,0",0,-1,0,0.0,0.0,0.0,0.0,
118,SIPP_BigCS,"30,30,0","26,63,0",0,-1,0,0.0,0.0,0.0,0.0,
118,SIPP_Standard,"30,30,7","26,63,11",0,-1,67162,180.00189,0.0,0.0,0.0,
119,SIPP_2^2,"20,10,0","21,46,0",1,390.0,113,0.04632,35.35534,7.85398,15.70796,2 3 2 2 2 2 2 2 2 2 2 2 2 2 2 2 2 2 2 2 2 2 2 2 2 2 2 2 2 2 2 2 2 2 2 2 1 2 1
119,SIPP_2^3,"20,10,0","21,46,0",1,375.79695499999997,111,0.08583,19.45842,3.92699,7.85398,4 5 -3.371 4 4 4 4 4 4 4 4 4 4 4 4 4 4 4 4 4 4 4 4 4 4 4 4 4 4 4 4 4 4 3 4 4 3
119,SIPP_2^4,"20,10,0","21,46,0",1,372.234043,101,0.22565,9.33099,1.85459,3.70918,9 -5.152 8 8 8 8 8 8 8 8 8 8 8 8 8 8 8 8 8 8 8 8 8 8 8 8 8 8 8 8 7 8 8 7
119,SIPP_2^5,"20,10,0","21,46,0",1,370.63324399999993,101,0.61262,5.52609,1.10715,2.2143,20 17 16 16 16 16 16 16 16 16 16 16 16 16 16 16 16 16 16 16 16 16 16 16 16 15 15 15
119,SIPP_BigCS,"20,10,13","21,46,9",1,371.45649000000003,202,2.45702,6.31857,1.2453,0.2901,-4.456 163 4 4 4 4 4 4 0 4 4 4 0 4 80
119,SIPP_Standard,"20,10,13","21,46,9",1,410.0,174,0.69668,20.54022,3.9829,0.5884,39 20 35 64 44
120,SIPP_2^2,"28,44,0","22,26,0",1,245.89853300000001,171,0.11158,21.2132,4.71239,9.42478,0 0 0 0 0 0 0 0 0 0 0 0 0 0 3 0 0 0 0 -5.899 3 3 3 3 3
120,SIPP_2^3,"28,44,0","22,26,0",1,232.53562200000002,202,0.15807,40.69914,7.85398,15.70796,0 0 0 0 0 7 0 0 7 7 7 7 0 7 7 0 7 1 -5.256 2
120,SIPP_2^4,"28,44,0","22,26,0",1,232.53562200000002,218,0.48294,23.17763,4.53254,9.06507,15 15 15 15 0 15 15 -4.948 0 -1.883 14 -0.558 15 -0.039 2 -10.299 4
120,SIPP_2^5,"28,44,0","22,26,0",1,232.53562200000002,223,1.36235,17.75184,3.60524,7.21048,30 30 30 30 30 31 -5.686 0 -1.883 28 -0.558 30 -0.039 4 -10.299 8
120,SIPP_BigCS,"28,44,13","22,26,2",1,241.285784,1359,16.88254,8.00877,1.5686,0.358,6 6 6 6 2 6 -19.286 10 7
120,SIPP_Standard,"28,44,13","22,26,2",1,244.0,105,0.33131,12.35424,2.4143,0.3151,37 10 38
121,SIPP_2^2,"18,12,0","22,51,0",1,443.065523,294,0.11492,35.35534,7.85398,15.70796,2 -5.418 2 2 2 2 2 2 2 2 2 1 2 2 2 2 -7.647 2 2 2 2 2 2 2 2 2 2 2 2 2 2 2 2 2 2 2 2 2 2 2 1 1 2 2 1
121,SIPP_2^3,"18,12,0","22,51,0",1,420.27120299999996,265,0.19079,35.46593,7.06858,14.13717,4 -5.418 4 4 4 4 4 4 4 4 4 3 4 4 4 4 5 3 3 4 4 4 4 4 4 4 4 4 4 4 4 4 4 4 4 4 3 4 4 3
121,SIPP_2^4,"18,12,0","22,51,0",1,409.419816,196,0.41662,23.30882,4.63648,9.27295,9 8 8 8 8 8 8 8 8 9 8 -0.248 8 -0.106 8 -0.013 8 8 8 8 -0.018 8 -0.033 8 -0.117 8 7 8 8 7 7 7 8 7 8 8 7
121,SIPP_2^5,"18,12,0","22,51,0",1,407.1846899999999,180,1.04006,11.08396,2.2143,4.4286,17 16 16 17 16 16 16 16 -1.314 16 -0.410 16 -0.106 16 -0.013 16 16 16 16 -0.018 16 -0.033 16 -0.117 16 14 14 16 -0.716 15 15 15 15
121,SIPP_BigCS,"18,12,1","22,51,8",1,407.575202,428,4.94867,8.10172,1.4766,0.1563,206 366 4 4 4 -0.560 4 -0.499 0 -0.517 80 200 200 304 4
121,SIPP_Standard,"18,12,1","22,51,8",1,418.0,69,0.29176,13.23006,2.4864,0.3767,39 0 4 56 96
122,SIPP_2^2,"9,9,0","41,23,0",1,460.0,672,0.24215,70.71068,15.70796,31.41593,1 1 1 1 1 1 2 2 2 2 1 1 2 2 1 1 1 1 1 1 1 1 1 1 1 1 1 1 1 1 1 1 1 1 2 1 2 1 1 2 2 2 2 2 2 1
122,SIPP_2^3,"9,9,0","41,23,0",1,377.9899039999999,289,0.21358,51.81856,10.21018,20.42035,2 3 3 3 2 3 3 2 2 2 2 2 2 3 2 3 3 3 2 3 2 2 3 3 3 2 2 2 2 2 2 3
122,SIPP_2^4,"9,9,0","41,23,0",1,353.04952,94,0.20988,18.60126,3.70918,7.41836,5 5 5 5 5 5 4 5 5 5 5 4 5 5 4 5 4 5
122,SIPP_2^5,"9,9,0","41,23,0",1,350.09790799999996,55,0.31449,2.12934,0.42569,0.85138,10 10 10 10 10 10 10 9 10 10 10 9 9 9
122,SIPP_BigCS,"9,9,14","41,23,15",1,348.0,22,0.35457,4.27055,0.5061,0.0613,207 207 207 207 207 207 207 207 207 207 207 207 311 5 5
122,SIPP_Standard,"9,9,14","41,23,15",1,355.0,23,0.14664,7.77831,1.1565,0.2278,63 63 63 103
123,SIPP_2^2,"18,40,0","28,29,0",1,250.0,216,0.08162,49.49747,10.99557,21.99115,1 2 1 2 1 1 1 1 1 1 1 0 0 0 0 0 0 0 0 0 0 0 0 1 0
123,SIPP_2^3,"18,40,0","28,29,0",1,203.77161599999997,93,0.06203,3.82683,0.7854,1.5708,0 -49.465 1 -2.886 1 1 1 1 1 1 1 1 1
123,SIPP_2^4,"18,40,0","28,29,0",1,198.306216,87,0.15914,23.82009,4.67443,9.34887,6 5 3 3 0 0 1 0 1 0 0 1
123,SIPP_2^5,"18,40,0","28,29,0",1,182.993924,45,0.20887,14.34628,2.8578,5.7156,31 1 4 2 7 8 8 7
123,SIPP_BigCS,"18,40,8","28,29,9",1,199.0,111,0.92709,14.43827,2.8138,0.6517,104 161 6 86
123,SIPP_Standard,"18,40,8","28,29,9",1,230.783846,22,0.10768,7.22812,1.4273,0.1914,-71.784 53 81
124,SIPP_2^2,"22,5,0","11,28,0",1,340.0,348,0.12066,70.71068,15.70796,31.41593,2 2 3 3 3 3 2 2 2 2 2 2 2 3 2 2 2 3 3 2 2 2 2 2 3 3 2 2 2 2 2 3 3 2
124,SIPP_2^3,"22,5,0","11,28,0",1,275.56349599999993,149,0.1159,43.87825,8.63938,17.27876,4 4 4 4 5 5 4 5 5 4 5 4 5 5 5 5 4 4 5 4 4 4 5
124,SIPP_2^4,"22,5,0","11,28,0",1,255.96748,24,0.05758,4.62262,0.9273,1.85459,9 9 9 9 9 9 8 9 9 9 9 9
124,SIPP_2^5,"22,5,0","11,28,0",1,255.229577,17,0.10593,1.41869,0.28379,0.56759,18 18 18 18 18 18 17 18 18 18 18
124,SIPP_BigCS,"22,5,12","11,28,5",1,257.0,48,0.53089,8.71403,1.6099,0.3302,206 206 206 310 72 179 206
124,SIPP_Standard,"22,5,12","11,28,5",1,332.0,262,0.87558,14.75169,2.8699,0.38,11 51 94 12
125,SIPP_2^2,"41,37,0","26,61,0",1,390.0,510,0.19387,70.71068,15.70796,31.41593,2 2 2 2 2 2 2 2 2 2 2 2 2 2 2 2 2 2 3 2 2 3 2 3 3 3 2 3 3 3 3 3 3 2 3 3 3 3 2
125,SIPP_2^3,"41,37,0","26,61,0",1,302.1320399999999,184,0.13507,23.30768,4.71239,9.42478,5 5 5 5 5 5 5 5 5 5 5 5 4 4 4 4 5 4 5 4 4 4 4 5
125,SIPP_2^4,"41,37,0","26,61,0",1,286.098936,75,0.15621,8.05426,1.60875,3.21751,9 9 10 9 9 9 10 9 9 9 9 10 10 10 10
125,SIPP_2^5,"41,37,0","26,61,0",1,283.41511799999995,28,0.15376,1.86604,0.37307,0.74613,19 19 19 19 18 19 19 18 18
125,SIPP_BigCS,"41,37,12","26,61,2",1,282.0,9,0.19841,4.27753,0.6528,0.0402,206 206 206 206 206 206 222 127
125,SIPP_Standard,"41,37,12","26,61,2",1,319.0,233,0.48715,10.17872,1.9729,0.1836,55 67 39 4
126,SIPP_2^2,"9,20,0","10,3,0",1,180.0,18,0.00494,7.07107,1.5708,3.14159,0 0 0 0 0 0 0 0 0 0 0 0 0 0 0 0 0 1
126,SIPP_2^3,"9,20,0","10,3,0",1,174.142136,17,0.00901,3.82683,0.7854,1.5708,0 0 0 0 0 0 0 0 0 0 0 0 0 0 0 0 1
126,SIPP_2^4,"9,20,0","10,3,0",1,172.36068,16,0.02424,2.29753,0.46365,0.9273,0 0 0 0 0 0 0 0 0 0 0 0 0 0 0 1
126,SIPP_2^5,"9,20,0","10,3,0",1,171.62277699999999,15,0.06028,1.60182,0.32175,0.6435,0 0 0 0 0 0 0 0 0 0 0 0 0 0 1
126,SIPP_BigCS,"9,20,13","10,3,4",1,172.0,15,0.16289,2.74653,0.5456,0.0552,2 6 42
126,SIPP_Standard,"9,20,13","10,3,4",1,241.0,143,0.19538,11.55118,2.2207,0.3118,77 106 53
127,SIPP_2^2,"24,36,0","12,31,0",1,224.32755600000002,165,0.06872,28.28427,6.28319,12.56637,3 0 0 3 -54.116 3 -0.151 3 -0.060 3 3 3 3 3 3 3 0 0 0 3
127,SIPP_2^3,"24,36,0","12,31,0",1,144.52801699999998,38,0.02904,15.88504,3.14159,6.28319,7 -3.817 7 6 6 6 7 7 6 6 6 6 7
127,SIPP_2^4,"24,36,0","12,31,0",1,139.183649,26,0.0545,10.97482,2.17634,4.35268,14 -3.817 14 13 12 12 13 12 12 13
127,SIPP_2^5,"24,36,0","12,31,0",1,136.491108,11,0.06325,5.8471,1.24905,2.49809,0 25 25 25 25
127,SIPP_BigCS,"24,36,1","12,31,5",1,136.626601,20,0.37566,6.00377,1.1466,0.2316,-1.627 322 205 309 7 7
127,SIPP_Standard,"24,36,1","12,31,5",1,237.045197,59,0.22446,11.51907,2.2622,0.3989,-62.045 99 85
128,SIPP_2^2,"49,14,0","22,52,0",1,650.0,1539,0.67258,98.99495,21.99115,43.9823,2 2 2 2 2 2 2 2 2 2 2 2 2 2 2 2 2 2 2 2 2 2 2 2 2 2 2 2 3 2 3 2 3 2 3 3 2 2 3 3 2 2 3 3 2 2 3 3 3 3 3 3 3 3 3 3 3 3 3 3 3 3 3 3 2
128,SIPP_2^3,"49,14,0","22,52,0",1,497.69553599999983,432,0.28328,55.80375,10.99557,21.99115,5 5 5 5 5 5 5 5 5 5 5 4 5 4 5 5 5 5 4 4 4 4 4 5 5 4 5 5 5 6 5 5 5 4 5 4 4 4 5
128,SIPP_2^4,"49,14,0","22,52,0",1,478.851479,311,0.60747,20.99124,4.18276,8.36551,10 10 9 9 9 9 10 10 9 10 10 9 10 9 9 10 10 -1.200 9 10 11 -0.820 11 9 9 9 9
128,SIPP_2^5,"49,14,0","22,52,0",1,476.591641,298,1.67909,10.43096,2.06822,4.13643,19 19 19 19 19 18 19 18 18 19 23 22 18 18 18 19
128,SIPP_BigCS,"49,14,7","22,52,9",1,477.328436,1492,26.17546,9.83298,1.6144,0.2697,103 103 179 206 206 206 206 206 206 206 206 326 -2.564 203 -1.764 203 259 206 206
128,SIPP_Standard,"49,14,7","22,52,9",1,488.0,366,2.25536,15.11525,2.9247,0.3349,20 31 51 78 67 39
129,SIPP_2^2,"20,50,0","17,40,0",1,130.0,39,0.01357,28.28427,6.28319,12.56637,0 0 0 0 0 0 0 3 0 0 3 3 0
129,SIPP_2^3,"20,50,0","17,40,0",1,112.42640799999998,25,0.01635,19.45842,3.92699,7.85398,0 0 0 0 7 0 7 0 0 7
129,SIPP_2^4,"20,50,0","17,40,0",1,107.08203999999999,20,0.04051,2.34408,0.46365,0.9273,15 15 15 0 0 0 0
129,SIPP_2^5,"20,50,0","17,40,0",1,104.868331,7,0.04388,3.23301,0.6435,1.287,31 31 0 31
129,SIPP_BigCS,"20,50,2","17,40,4",1,106.0,13,0.2543,2.73576,0.5061,0.0613,202 306 6 6
129,SIPP_Standard,"20,50,2","17,40,4",1,423.0,1348,4.0479,30.73168,5.9532,1.0726,34 107 42 84 25
130,SIPP_2^2,"40,45,0","54,11,0",1,480.0,667,0.25513,77.78175,17.27876,34.55752,0 0 0 0 0 0 0 0 0 0 1 1 0 0 0 0 0 0 0 0 0 0 0 0 0 0 0 0 0 0 0 1 1 1 1 1 1 1 0 1 0 0 1 0 1 1 0 1
130,SIPP_2^3,"40,45,0","54,11,0",1,397.9899039999999,295,0.21716,59.52391,11.78097,23.56195,0 1 1 0 1 1 0 0 0 1 0 1 1 1 1 0 0 1 0 0 0 0 1 1 0 0 0 0 0 1 0 0 0 1
130,SIPP_2^4,"40,45,0","54,11,0",1,373.04952000000003,113,0.25434,13.97482,2.78189,5.56377,1 0 1 1 1 1 1 1 1 1 1 1 1 0 0 1 0 0 0 1
130,SIPP_2^5,"40,45,0","54,11,0",1,370.09790799999996,88,0.51562,5.35497,1.06919,2.13838,2 1 2 2 2 2 2 2 2 2 2 1 1 0 0 1
130,SIPP_BigCS,"40,45,7","54,11,12",1,373.0,285,2.81899,13.67518,2.579,0.4314,204 204 204 308 74 177 308 86
130,SIPP_Standard,"40,45,7","54,11,12",1,410.0,255,0.78505,20.12314,3.8807,0.5192,37 18 76 73 108
131,SIPP_2^2,"34,30,0","45,58,0",1,390.0,431,0.15396,49.49747,10.99557,21.99115,2 2 2 2 2 2 2 2 2 2 2 2 2 2 2 2 2 2 2 2 2 2 2 1 1 1 2 2 2 1 2 1 1 1 1 1 1 2 1
131,SIPP_2^3,"34,30,0","45,58,0",1,325.56349599999993,238,0.16788,27.82818,5.49779,10.99557,4 4 4 4 4 4 4 4 4 4 4 4 4 3 3 4 3 3 3 3 3 4 3 3 3 4 4 3
131,SIPP_2^4,"34,30,0","45,58,0",1,305.96747999999997,101,0.21769,11.6369,2.31824,4.63648,7 7 7 7 7 7 7 7 7 8 7 8 7 8 8 8 8
131,SIPP_2^5,"34,30,0","45,58,0",1,301.540062,41,0.23775,4.25751,0.85138,1.70276,15 14 14 15 15 15 14 14 15 14 15
131,SIPP_BigCS,"34,30,15","45,58,2",1,302.0,40,1.35407,5.93676,0.9691,0.1012,200 200 200 200 200 200 200 304 4 80
131,SIPP_Standard,"34,30,15","45,58,2",1,318.0,107,0.64853,9.3562,1.819,0.2268,0 8 52 72
132,SIPP_2^2,"57,39,0","15,17,0",1,643.334751,1429,0.53161,106.06602,23.56194,47.12389,3 3 3 3 3 3 3 3 0 3 3 3 0 3 0 3 3 3 0 3 3 3 3 3 3 3 3 3 3 3 3 3 3 3 3 3 3 3 3 3 3 0 0 0 0 0 0 0 0 0 3 3 3 0 0 0 0 0 0 3 0 0 3 -3.335 0
132,SIPP_2^3,"57,39,0","15,17,0",1,511.12699199999986,524,0.40573,51.95122,10.21018,20.42035,6 6 6 6 7 7 6 6 6 6 7 6 6 7 7 7 7 7 7 6 7 6 6 6 6 6 7 7 7 7 7 7 7 7 7 7 6 6 7 6 6 7
132,SIPP_2^4,"57,39,0","15,17,0",1,480.84224,146,0.31425,10.94347,2.17634,4.35268,13 12 13 13 12 12 13 13 13 13 13 13 13 13 13 13 13 13 13 13 14 14 14 14 14
132,SIPP_2^5,"57,39,0","15,17,0",1,476.39201600000007,87,0.54253,5.94816,1.18936,2.37873,26 25 26 25 25 26 26 27 27 26 26 27 26 26 26 27 27
132,SIPP_BigCS,"57,39,13","15,17,0",1,474.0,63,0.83995,7.39793,1.106,0.0746,87 205 205 205 205 205 205 205 205 205 205 205 221 178
132,SIPP_Standard,"57,39,13","15,17,0",1,485.0,28,0.13988,12.75776,2.4285,0.1856,19 69 50 69 50 93
133,SIPP_2^2,"62,18,0","26,2,0",1,520.0,759,0.27126,56.56854,12.56637,25.13274,3 3 3 3 3 3 3 3 3 3 3 3 3 3 3 3 3 3 3 3 3 3 3 3 3 3 3 3 3 0 0 0 3 3 0 0 0 0 0 0 0 0 0 0 0 3 3 3 0 3 0 3
133,SIPP_2^3,"62,18,0","26,2,0",1,443.8477679999999,521,0.32236,27.76732,5.49779,10.99557,6 6 6 6 6 6 6 6 6 6 6 6 6 6 6 6 6 6 6 7 7 7 7 7 7 7 6 6 6 6 7 7 7 7 0 7 0 0 7
133,SIPP_2^4,"62,18,0","26,2,0",1,433.672528,486,0.86317,5.51296,1.10715,2.2143,12 12 12 12 12 12 12 12 12 12 12 12 12 12 12 12 12 12 12 13 13 13 13 13 14 14 14 15 15 15 15
133,SIPP_2^5,"62,18,0","26,2,0",1,432.188966,486,2.20275,6.22948,1.24905,2.49809,24 24 24 24 24 24 24 24 24 24 24 24 24 24 24 24 24 24 25 27 27 27 27 30 30 31
133,SIPP_BigCS,"62,18,5","26,2,4",1,431.536963,2746,22.113,9.26469,1.7561,0.348,3 3 7 7 75 178 205 -0.537 261 202 202
133,SIPP_Standard,"62,18,5","26,2,4",1,459.363794,586,1.43492,16.86819,3.26,0.4428,38 -5.729 23 -32.392 38 23 -6.243 30
134,SIPP_2^2,"23,27,0","50,50,0",1,500.0,888,0.39154,127.27922,28.27433,56.54867,2 2 2 2 2 2 2 2 2 1 1 1 1 1 1 1 1 2 1 1 1 1 1 1 2 2 2 2 1 1 1 1 1 1 2 2 1 2 2 1 2 1 2 1 2 1 2 1 1 2
134,SIPP_2^3,"23,27,0","50,50,0",1,382.8427199999999,256,0.14542,31.68933,6.28319,12.56637,3 3 3 3 3 3 3 3 3 3 3 3 3 3 2 2 2 2 2 2 3 3 3 2 3 4 3 4 4 3
134,SIPP_2^4,"23,27,0","50,50,0",1,377.13469799999996,254,0.42249,14.12756,2.81984,5.63968,6 6 6 6 6 6 6 6 6 6 6 6 5 5 4 4 4 -1.530 5 5 6 -1.930 6 -1.521 7 8 7
134,SIPP_2^5,"23,27,0","50,50,0",1,376.39679499999994,259,1.32586,12.20866,2.42924,4.85847,12 12 12 12 12 12 12 12 11 12 12 11 8 8 8 9 12 12 -3.310 12 -1.521 14 15
134,SIPP_BigCS,"23,27,15","50,50,13",1,376.78214299999996,1247,29.85731,13.69711,2.7104,0.4876,255 100 100 100 100 100 100 100 128 73 100 -4.782 140
134,SIPP_Standard,"23,27,15","50,50,13",1,410.0,328,1.65021,12.91292,2.4871,0.3546,41 71 28 52 88
135,SIPP_2^2,"22,58,0","24,51,0",1,90.0,18,0.00758,21.2132,4.71239,9.42478,0 0 1 0 0 0 0 0 1
135,SIPP_2^3,"22,58,0","24,51,0",1,78.28427199999999,12,0.01014,11.59279,2.35619,4.71239,0 0 1 0 0 0 1
135,SIPP_2^4,"22,58,0","24,51,0",1,74.72136,8,0.02029,6.94722,1.39094,2.78189,0 1 0 0 1
135,SIPP_2^5,"22,58,0","24,51,0",1,73.245554,4,0.02617,3.22267,0.6435,1.287,1 0 1
135,SIPP_BigCS,"22,58,8","24,51,0",1,74.0,4,0.26318,2.36385,0.463,0.0399,86
135,SIPP_Standard,"22,58,8","24,51,0",1,80.0,1,0.06673,6.1946,1.2472,0.2589,33
136,SIPP_2^2,"6,2,0","45,53,0",1,900.0,2637,0.95029,176.7767,39.26991,78.53982,2 2 2 2 2 2 2 2 2 2 2 2 2 2 2 1 2 1 1 1 1 2 2 1 1 1 1 1 1 1 1 1 1 1 1 1 1 1 1 1 1 1 1 1 1 2 2 2 1 1 2 2 1 2 2 2 1 2 2 2 1 2 2 2 2 2 2 2 2 2 1 2 2 2 1 1 2 2 1 2 2 2 1 2 2 2 2 1 2 1
136,SIPP_2^3,"6,2,0","45,53,0",1,681.1967600000002,658,0.35892,47.83573,9.42478,18.84956,3 4 4 4 4 3 4 3 4 4 4 3 3 4 3 3 3 3 3 3 3 3 3 3 3 3 3 3 3 3 3 3 3 3 3 3 3 3 3 3 3 3 3 3 3 2 -3.796 3 4 4 4 4 3
136,SIPP_2^4,"6,2,0","45,53,0",1,678.338156,906,1.46707,24.08749,4.7883,9.5766,8 8 8 8 8 7 7 7 6 7 6 6 6 6 6 6 6 6 6 6 6 6 6 6 6 6 6 6 6 6 6 6 7 5 6 6 5 6 5 -6.632 7 -0.404 7 8 8 8
136,SIPP_2^5,"6,2,0","45,53,0",1,675.0609240000001,887,3.97491,17.25393,3.39867,6.79734,15 15 16 15 15 12 12 12 12 12 12 12 13 13 12 12 12 12 12 12 12 12 12 13 13 13 13 12 13 12 7
136,SIPP_BigCS,"6,2,1","45,53,5",1,674.0,4756,57.92371,17.76186,3.3572,0.4313,4 28 200 200 248 100 100 100 100 100 100 100 180 248 180 200 200 248 120
136,SIPP_Standard,"6,2,1","45,53,5",1,689.0,1304,7.1728,26.16899,4.6713,0.7275,80 25 56 56 56 72 79 96
137,SIPP_2^2,"42,2,0","29,24,0",1,350.0,412,0.1508,56.56854,12.56637,25.13274,3 3 3 3 3 2 2 2 2 2 2 3 2 2 2 2 2 2 2 2 3 3 3 3 3 2 2 2 2 2 2 3 2 2 3
137,SIPP_2^3,"42,2,0","29,24,0",1,285.56349599999993,129,0.09041,19.61218,3.92699,7.85398,4 4 4 4 4 4 4 5 4 4 4 4 5 5 5 6 6 5 5 5 5 5 5 5
137,SIPP_2^4,"42,2,0","29,24,0",1,268.50339999999994,38,0.06923,3.91488,0.7854,1.5708,8 8 8 8 8 8 9 9 9 10 10 10 10 10 10 10 10 10 10
137,SIPP_2^5,"42,2,0","29,24,0",1,267.02759399999997,40,0.18464,3.92362,0.7854,1.5708,16 16 16 16 17 17 18 20 20 20 20 20 20 20 20 20 20
137,SIPP_BigCS,"42,2,6","29,24,2",1,267.0,53,0.46454,5.80932,1.113,0.1191,4 4 4 84 206 358 103 103 103 103 103
137,SIPP_Standard,"42,2,6","29,24,2",1,324.0,125,0.39881,13.19198,2.5485,0.3027,44 20 55 91
138,SIPP_2^2,"34,31,0","8,8,0",1,494.327556,889,0.32939,70.71068,15.70796,31.41593,0 3 3 0 0 0 -4.135 0 0 0 0 -0.132 0 -0.060 0 0 0 0 0 0 0 3 3 3 3 3 3 3 3 3 0 0 0 0 3 3 3 3 3 0 3 3 3 3 3 3 0 3 3 3 3 0
138,SIPP_2^3,"34,31,0","8,8,0",1,355.26912799999985,119,0.07807,16.11903,3.14159,6.28319,7 7 7 7 7 7 7 7 7 7 7 7 7 7 7 7 7 7 6 6 7 7 7 7 6 7
138,SIPP_2^4,"34,31,0","8,8,0",1,349.9247599999999,95,0.19048,3.22535,0.6435,1.287,14 14 14 14 14 14 14 14 14 14 14 14 14 14 14 14 14 14 13 13 13 14 14
138,SIPP_2^5,"34,31,0","8,8,0",1,348.5828509999999,75,0.4274,3.94988,0.78958,1.57917,28 27 27 28 28 27 28 28 28 28 28 28 28 28 28 28 28 28 28 28
138,SIPP_BigCS,"34,31,14","8,8,13",1,346.0,20,1.20352,3.45046,0.6528,0.0402,102 102 102 102 102 102 102 102 102 102 102 102 102 102 126 221
138,SIPP_Standard,"34,31,14","8,8,13",1,419.0,600,1.85695,19.42484,3.7509,0.5613,100 82 23 50 69
139,SIPP_2^2,"50,59,0","40,11,0",1,617.660396,846,0.30635,98.99495,25.13274,50.26548,1 -17.660 3 0 0 0 0 0 0 0 0 0 0 0 0 0 0 0 0 0 0 0 0 0 0 0 3 0 0 0 0 0 0 3 3 0 0 3 0 3 0 0 0 0 0 0 0 3 3 0 0 0 0 0 0 3 3 0 0 0 3
139,SIPP_2^3,"50,59,0","40,11,0",1,541.42136,404,0.27926,47.59902,9.42478,18.84956,5 7 0 7 7 0 7 7 0 0 0 0 0 0 0 0 0 0 7 0 0 0 0 0 0 0 0 0 0 0 0 0 0 0 0 0 0 0 0 0 0 0 0 0 0 0 7 7 0 7
139,SIPP_2^4,"50,59,0","40,11,0",1,527.169712,267,0.53018,36.97942,7.45632,14.91264,10 14 0 15 15 0 0 15 0 0 0 0 0 0 15 0 0 0 0 0 0 0 0 0 0 0 0 0 0 0 0 0 0 15 0 15 15 0 0 0 0 15
139,SIPP_2^5,"50,59,0","40,11,0",1,521.266488,202,1.06016,32.30078,6.53895,13.0779,20 28 31 0 31 0 0 31 0 0 0 31 0 0 0 0 0 0 0 0 0 31 0 0 31 0 0 0 0 31 0 0 0 31
139,SIPP_BigCS,"50,59,1","40,11,7",1,556.927869,1100,9.60122,19.07944,3.5109,0.859,5 65 165 -8.928 202 202 202 202 202 202 202 202 202 202 306 6 6 6 6 6 30 306
139,SIPP_Standard,"50,59,1","40,11,7",1,609.939929,101,0.29651,21.98293,4.2154,0.5503,73 -38.940 100 66 54 90 10 54
140,SIPP_2^2,"11,32,0","48,63,0",0,-1,0,0.0,0.0,0.0,0.0,
140,SIPP_2^3,"11,32,0","48,63,0",0,-1,0,0.0,0.0,0.0,0.0,
140,SIPP_2^4,"11,32,0","48,63,0",0,-1,0,0.0,0.0,0.0,0.0,
140,SIPP_2^5,"11,32,0","48,63,0",0,-1,0,0.0,0.0,0.0,0.0,
140,SIPP_BigCS,"11,32,0","48,63,0",0,-1,0,0.0,0.0,0.0,0.0,
140,SIPP_Standard,"11,32,4","48,63,12",0,-1,64612,180.00446,0.0,0.0,0.0,
141,SIPP_2^2,"32,61,0","30,43,0",1,244.00198699999999,159,0.06081,28.28427,6.28319,12.56637,0 3 3 3 0 0 0 -24.002 1 0 0 0 0 0 0 0 0 0 0 0 0 0 0
141,SIPP_2^3,"32,61,0","30,43,0",1,205.042437,70,0.0486,31.9175,6.28319,12.56637,0 0 0 7 7 7 0 7 0 1 0 0 0 0 1 -0.165 0 -0.012 0 -0.012 0
141,SIPP_2^4,"32,61,0","30,43,0",1,205.042437,114,0.21523,13.56551,2.49809,4.99618,0 0 0 0 15 15 15 0 0 0 0 0 -7.924 0 -0.012 0 -0.012 0 -0.012 4
141,SIPP_2^5,"32,61,0","30,43,0",1,205.042437,117,0.5921,15.34422,2.8578,5.7156,0 0 31 31 0 31 0 0 0 -10.137 0 -0.012 0 -0.012 0 -0.012 8
141,SIPP_BigCS,"32,61,8","30,43,0",1,204.95095,355,3.62731,2.76967,0.5075,0.0551,202 362 6 -20.951 2
141,SIPP_Standard,"32,61,8","30,43,0",1,334.0,439,1.37101,18.62359,3.6003,0.5797,111 33 66 38
142,SIPP_2^2,"52,37,0","34,33,0",1,220.0,99,0.0369,21.2132,4.71239,9.42478,3 3 3 3 3 3 3 3 3 3 3 3 3 3 3 3 0 0 0 3 3 0
142,SIPP_2^3,"52,37,0","34,33,0",1,196.56854399999997,70,0.05047,19.64322,3.92699,7.85398,6 6 6 6 6 6 6 6 6 6 6 6 7 7 6 7 6 7
142,SIPP_2^4,"52,37,0","34,33,0",1,189.44272,47,0.09442,6.98569,1.39094,2.78189,12 12 12 12 12 12 12 12 13 13 13 12 12 13
142,SIPP_2^5,"52,37,0","34,33,0",1,186.491108,32,0.16242,9.69004,1.9305,3.86101,25 24 24 25 24 24 24 25 24 25
142,SIPP_BigCS,"52,37,8","34,33,10",1,188.0,80,0.71639,5.10062,0.9769,0.1151,205 309 7 7 7 7 59
142,SIPP_Standard,"52,37,8","34,33,10",1,258.0,121,0.38572,13.41362,2.4946,0.4716,59 107 42
143,SIPP_2^2,"18,12,0","38,5,0",1,270.0,155,0.06197,49.49747,10.99557,21.99115,1 0 1 0 0 0 0 1 1 1 1 1 1 1 1 1 1 1 1 1 1 1 1 0 1 1 0
143,SIPP_2^3,"18,12,0","38,5,0",1,228.99495199999998,40,0.02956,8.10113,1.5708,3.14159,1 1 1 1 1 1 2 2 2 2 2 2 2 2 2 2 2 2 2 1
143,SIPP_2^4,"18,12,0","38,5,0",1,225.43204,36,0.07242,6.30445,1.24905,2.49809,2 2 2 2 2 3 4 4 4 4 4 4 4 4 4 4 4 3
143,SIPP_2^5,"18,12,0","38,5,0",1,223.956234,34,0.17138,5.56125,1.10715,2.2143,4 4 4 4 4 7 8 8 8 8 8 8 8 8 8 7
143,SIPP_BigCS,"18,12,0","38,5,14",1,223.0,45,0.41042,6.75321,1.3299,0.1489,101 101 101 157 5 5 13
143,SIPP_Standard,"18,12,0","38,5,14",1,254.0,18,0.06812,13.9191,2.7251,0.5011,68 41 103
144,SIPP_2^2,"7,23,0","24,16,0",0,-1,0,0.0,0.0,0.0,0.0,
144,SIPP_2^3,"7,23,0","24,16,0",0,-1,0,0.0,0.0,0.0,0.0,
144,SIPP_2^4,"7,23,0","24,16,0",0,-1,0,0.0,0.0,0.0,0.0,
144,SIPP_2^5,"7,23,0","24,16,0",0,-1,0,0.0,0.0,0.0,0.0,
144,SIPP_BigCS,"7,23,0","24,16,0",0,-1,0,0.0,0.0,0.0,0.0,
144,SIPP_Standard,"7,23,15","24,16,0",0,-1,0,3e-05,0.0,0.0,0.0,
145,SIPP_2^2,"50,39,0","56,44,0",1,110.0,38,0.01395,35.35534,7.85398,15.70796,1 2 2 2 1 1 2 1 1 1 2
145,SIPP_2^3,"50,39,0","56,44,0",1,80.71068,10,0.00735,8.0194,1.5708,3.14159,3 3 3 3 2 3
145,SIPP_2^4,"50,39,0","56,44,0",1,78.929224,9,0.0187,3.21945,0.6435,1.287,6 5 6 6 6
145,SIPP_2^5,"50,39,0","56,44,0",1,78.481921,7,0.0391,1.97454,0.39479,0.78958,12 12 11 12
145,SIPP_BigCS,"50,39,10","56,44,1",1,78.0,2,0.12385,1.74352,0.3314,0.0258,100 124
145,SIPP_Standard,"50,39,10","56,44,1",1,80.0,1,0.04025,3.26273,0.6517,0.0788,79
146,SIPP_2^2,"37,18,0","29,52,0",1,467.32755599999996,635,0.25396,84.85281,18.84956,37.69911,2 2 1 2 2 -0.413 2 3 3 2 3 2 2 2 2 2 2 2 2 2 2 2 2 2 2 3 -11.150 2 2 2 2 2 2 2 2 -15.553 2 -0.151 2 -0.060 2 2 3 3 3 3 2 3 2
146,SIPP_2^3,"37,18,0","29,52,0",1,398.99495199999996,321,0.22823,31.75212,6.28319,12.56637,5 6 5 6 6 5 5 4 4 4 4 4 4 4 4 4 4 4 4 4 4 4 4 4 5 5 4 4 4 4 4 4 4 4 4 4 3
146,SIPP_2^4,"37,18,0","29,52,0",1,379.530392,171,0.37829,23.62978,4.53254,9.06507,7 7 11 10 10 9 9 9 8 9 9 8 8 8 8 8 9 8 8 8 8 8 8 8 8 8
146,SIPP_2^5,"37,18,0","29,52,0",1,375.10297399999996,154,0.92345,15.9035,2.9997,5.99939,14 14 22 20 20 17 17 17 17 17 16 16 16 16 16 16 16 16 16 17
146,SIPP_BigCS,"37,18,14","29,52,10",1,378.062516,322,7.13954,17.96639,3.4721,0.9165,200 344 103 -9.063 103 163 84 206 310 4 4 56
146,SIPP_Standard,"37,18,14","29,52,10",1,447.26204299999995,819,4.20924,23.06734,4.4462,0.7133,44 -27.524 20 -4.128 35 -3.353 104 -6.257 55
147,SIPP_2^2,"29,6,0","61,31,0",1,590.0,1134,0.4214,98.99495,21.99115,43.9823,1 0 1 1 1 1 1 1 1 1 1 1 1 1 1 1 1 1 1 1 1 1 1 1 1 1 2 2 2 2 2 2 2 2 2 2 2 2 1 2 1 2 2 2 2 2 2 2 1 2 2 1 2 1 1 2 2 2 1
147,SIPP_2^3,"29,6,0","61,31,0",1,449.41126399999985,170,0.13049,83.69563,16.49336,32.98672,2 1 3 3 3 2 2 3 2 3 2 3 2 3 2 3 2 3 3 3 4 3 3 3 3 3 3 4 3 3 3 3 3 4 3
147,SIPP_2^4,"29,6,0","61,31,0",1,433.7067569999999,144,0.32347,18.07563,3.6432,7.28639,2 5 5 5 5 6 5 5 5 6 5 6 6 6 6 6 6 6 6 6 -0.329 6 6 6 7 8 8
147,SIPP_2^5,"29,6,0","61,31,0",1,432.698694,156,0.90762,14.20533,2.82403,5.64805,6 10 10 10 10 11 11 11 12 12 12 12 12 13 12 11 12 15 16
147,SIPP_BigCS,"29,6,15","61,31,11",1,432.0,395,3.05038,16.06137,3.0224,0.4588,377 207 207 207 207 207 255 100 152 352 188
147,SIPP_Standard,"29,6,15","61,31,11",1,461.83846000000005,123,0.3129,6.50651,1.2474,0.2127,105 -29.757 28 -3.081 28 28 28
148,SIPP_2^2,"16,2,0","1,62,0",1,750.0,1405,0.4867,120.20815,26.70354,53.40708,3 3 2 2 3 3 3 2 2 2 2 2 2 2 2 2 3 2 2 2 2 2 2 2 2 2 2 2 2 2 2 2 2 2 3 3 3 3 2 3 2 2 3 2 2 3 2 2 2 2 2 2 2 2 2 2 2 2 2 2 2 2 2 2 2 2 2 2 2 2 3 2 2 3 2
148,SIPP_2^3,"16,2,0","1,62,0",1,662.13204,815,0.53402,47.54031,9.42478,18.84956,5 5 5 5 4 4 4 5 5 4 4 4 4 4 4 4 4 4 4 4 4 4 4 4 5 4 4 4 5 5 5 5 5 4 4 4 4 4 5 4 4 4 4 4 4 4 4 4 4 4 4 4 4 4 4 4 5 4 4 5
148,SIPP_2^4,"16,2,0","1,62,0",1,638.496686,499,0.93532,26.4434,5.27998,10.55995,9 9 9 10 9 -1.305 9 8 8 8 8 8 8 8 8 8 8 8 9 8 8 8 8 9 9 9 9 9 8 8 8 8 8 8 8 8 8 8 8 8 9 8 8 9 8 8 9
148,SIPP_2^5,"16,2,0","1,62,0",1,630.538821,324,1.5386,9.47818,1.89255,3.78509,16 16 16 16 16 16 16 16 15 16 16 16 17 17 17 17 18 18 18 18 17 17 17 17 17 17 17 16 16 17
148,SIPP_BigCS,"16,2,9","1,62,14",1,634.0,1522,11.08177,15.20405,2.8563,0.3132,179 206 310 4 4 4 0 56 206 206 310 4 4 4 4 4 40 310
148,SIPP_Standard,"16,2,9","1,62,14",1,651.0,293,0.71574,21.75625,4.1756,0.4857,51 94 4 104 51 94 0 16
149,SIPP_2^2,"8,1,0","4,62,0",1,650.0,384,0.12928,42.42641,9.42478,18.84956,2 2 2 2 2 2 2 2 2 2 2 2 2 2 2 2 2 2 2 2 2 2 2 2 2 2 2 2 2 2 2 2 2 2 2 2 2 2 2 2 2 2 2 2 2 2 2 2 2 2 2 2 2 2 3 3 2 2 3 2 2 2 2 3 2
149,SIPP_2^3,"8,1,0","4,62,0",1,626.568544,323,0.19164,23.46812,4.71239,9.42478,4 4 4 4 4 4 4 4 4 4 4 4 4 4 4 4 4 4 4 4 4 4 4 4 4 4 4 4 4 4 4 4 4 4 5 4 4 5 4 4 4 4 4 4 4 4 4 4 5 5 4 4 4 4 4 4 4 4 4 4 4
149,SIPP_2^4,"8,1,0","4,62,0",1,619.44272,269,0.45319,11.63538,2.31824,4.63648,8 8 8 8 8 8 8 8 8 8 8 8 8 8 8 8 8 8 8 8 8 8 8 8 8 8 8 8 8 8 8 8 8 8 8 8 8 9 8 8 8 8 8 8 9 9 8 8 8 8 8 8 8 8 8 8 9
149,SIPP_2^5,"8,1,0","4,62,0",1,616.4911079999999,237,1.05766,9.67222,1.9305,3.86101,16 16 16 16 16 16 16 16 16 16 16 16 16 16 16 16 16 16 16 16 16 16 16 16 16 16 16 16 16 16 16 16 16 17 16 17 17 16 16 16 16 16 16 16 17 16 16 16 16 16 16 16 16
149,SIPP_BigCS,"8,1,4","4,62,11",1,618.0,791,6.16988,4.95204,0.9691,0.1012,0 4 4 0 0 4 4 4 4 4 0 4 0 84 310
149,SIPP_Standard,"8,1,4","4,62,11",1,651.0,471,0.95693,16.4491,3.1986,0.4947,0 0 0 0 8 40 70 39
150,SIPP_2^2,"45,32,0","1,43,0",1,590.0,1072,0.43025,106.06602,23.56194,47.12389,3 3 3 3 3 3 3 3 3 3 3 3 3 3 3 3 3 3 2 2 2 3 2 3 2 2 3 2 3 3 3 3 3 3 3 3 3 3 2 2 2 3 2 2 2 3 3 3 3 3 3 3 3 3 3 3 0 3 0
150,SIPP_2^3,"45,32,0","1,43,0",1,485.56349599999993,403,0.25671,59.62325,11.78097,23.56195,6 5 6 5 6 6 6 6 6 6 6 6 5 6 5 6 6 6 6 6 5 6 5 6 6 5 5 5 5 6 6 6 6 6 6 6 6 6 6 6 6 6 6 5
150,SIPP_2^4,"45,32,0","1,43,0",1,470.68883999999997,326,0.59424,9.33322,1.85459,3.70918,11 11 11 11 11 11 11 11 12 11 11 11 11 12 12 12 12 12 12 12 12 12 12 12 12 12 12 12 12 12 13
150,SIPP_2^5,"45,32,0","1,43,0",1,468.2185829999999,317,1.68014,5.89181,1.18019,2.36038,24 24 24 24 24 24 24 24 24 24 24 24 24 24 24 24 24 24 24 24 23 23 23 23 23 23 20 20 21 20
150,SIPP_BigCS,"45,32,3","1,43,13",1,469.042612,1430,25.60828,6.5298,0.9783,0.1089,203 203 203 203 203 203 203 203 203 203 203 -3.043 363 7 7 7 7 7 7 7 7 7 59
150,SIPP_Standard,"45,32,3","1,43,13",1,485.0,294,2.19258,9.19335,1.7642,0.209,91 3 3 3 11 51
151,SIPP_2^2,"11,47,0","36,44,0",1,280.0,112,0.04258,42.42641,9.42478,18.84956,1 1 1 1 1 1 1 1 1 1 1 1 1 1 1 1 1 1 1 1 0 1 1 1 0 1 0 1
151,SIPP_2^3,"11,47,0","36,44,0",1,262.426408,85,0.06197,19.45842,3.92699,7.85398,2 2 2 2 2 2 2 2 2 2 2 2 2 2 2 2 2 2 1 2 1 2 2 2 1
151,SIPP_2^4,"11,47,0","36,44,0",1,257.08204,69,0.145,6.97882,1.39094,2.78189,4 4 4 4 4 4 4 4 4 4 4 4 4 4 4 4 4 3 3 4 4 3
151,SIPP_2^5,"11,47,0","36,44,0",1,255.091497,71,0.38911,3.21901,0.6435,1.287,8 8 8 8 7 7 7 -0.101 8 -0.106 8 -0.013 8 8 8 8 8 8 8 8 -0.003 8 8
151,SIPP_BigCS,"11,47,7","36,44,2",1,256.0,129,1.42613,4.96249,0.9769,0.1151,5 5 5 5 5 1 29 305
151,SIPP_Standard,"11,47,7","36,44,2",1,333.831736,426,1.29954,12.33253,2.2207,0.3118,76 57 105 -3.832 52
152,SIPP_2^2,"28,29,0","39,58,0",1,445.030172,634,0.23441,63.63961,14.13717,28.27433,2 2 2 2 2 2 2 2 2 2 1 2 -45.006 2 -0.012 2 -0.012 2 2 2 2 2 2 2 2 2 2 1 2 2 2 2 1 1 1 2 1 1 1 1 1 2 1
152,SIPP_2^3,"28,29,0","39,58,0",1,335.56349599999993,233,0.15529,43.70991,8.63938,17.27876,4 4 4 4 4 4 4 4 4 4 3 4 3 3 4 4 3 3 4 4 3 3 3 3 4 3 4 4 3
152,SIPP_2^4,"28,29,0","39,58,0",1,315.96747999999997,113,0.22722,6.95396,1.39094,2.78189,7 7 7 7 7 7 7 7 7 7 8 8 8 7 8 8 8 8
152,SIPP_2^5,"28,29,0","39,58,0",1,310.80215899999996,39,0.22585,2.83836,0.56759,1.13518,15 15 15 15 15 14 15 14 14 14 15
152,SIPP_BigCS,"28,29,10","39,58,14",1,312.0,71,1.17508,8.24601,1.4752,0.1625,200 200 200 200 200 304 80 304
152,SIPP_Standard,"28,29,10","39,58,14",1,323.0,80,0.5617,14.44031,2.7973,0.3694,8 44 8 52
153,SIPP_2^2,"16,13,0","15,53,0",1,432.683407,213,0.08483,14.14214,3.14159,6.28319,2 2 2 2 2 2 2 2 2 2 2 -14.560 2 -0.410 2 -0.106 2 -0.013 2 2 2 2 -0.018 2 -0.033 2 -0.117 2 -0.395 2 2 2 2 2 2 2 2 -7.033 2 2 2 2 2 2 2 2 2 2 3 2
153,SIPP_2^3,"16,13,0","15,53,0",1,422.21878699999996,226,0.16531,35.42857,7.06858,14.13717,4 4 4 4 4 4 4 4 4 4 4 5 -0.418 4 -0.410 4 -0.106 4 -0.013 4 4 4 4 -0.018 4 -0.033 4 -0.117 4 -0.395 4 3 4 4 3 4 4 4 4 5 4 4 4 4 4 4 4 5
153,SIPP_2^4,"16,13,0","15,53,0",1,414.698456,176,0.36913,16.30529,3.24553,6.49107,8 8 8 8 8 8 8 8 8 8 9 -2.199 8 -0.410 8 -0.106 8 -0.013 8 8 8 8 -0.018 8 -0.033 8 -0.117 8 7 7 8 8 8 8 8 8 8 8 9 8 8 9
153,SIPP_2^5,"16,13,0","15,53,0",1,411.35943899999995,161,0.90346,11.24052,2.25225,4.50451,16 16 16 16 16 16 16 16 17 17 16 16 16 16 16 16 16 16 15 15 15 17 16 16 16 17
153,SIPP_BigCS,"16,13,4","15,53,13",1,412.54383900000005,613,5.92091,12.88752,2.4858,0.3607,366 4 4 4 4 -3.034 0 -0.510 12 376 366 4
153,SIPP_Standard,"16,13,4","15,53,13",1,422.0,74,0.30141,13.29348,2.5851,0.3049,94 0 4 88 20
154,SIPP_2^2,"9,40,0","3,63,0",0,-1,0,0.0,0.0,0.0,0.0,
154,SIPP_2^3,"9,40,0","3,63,0",0,-1,0,0.0,0.0,0.0,0.0,
154,SIPP_2^4,"9,40,0","3,63,0",0,-1,0,0.0,0.0,0.0,0.0,
154,SIPP_2^5,"9,40,0","3,63,0",0,-1,0,0.0,0.0,0.0,0.0,
154,SIPP_BigCS,"9,40,0","3,63,0",0,-1,0,0.0,0.0,0.0,0.0,
154,SIPP_Standard,"9,40,0","3,63,10",0,-1,64011,180.00105,0.0,0.0,0.0,
155,SIPP_2^2,"14,36,0","51,39,0",1,432.597428,281,0.12937,28.28427,6.28319,12.56637,1 1 1 2 2 -6.253 1 1 1 1 1 1 1 1 1 1 1 1 1 1 1 1 1 1 -3.163 1 1 1 1 1 1 2 -23.181 1 1 1 1 1 1 1 1 1 1
155,SIPP_2^3,"14,36,0","51,39,0",1,407.279224,310,0.22874,19.84753,3.92699,7.85398,2 2 2 1 1 1 2 2 2 2 2 2 2 2 2 2 2 2 2 2 2 2 2 2 2 2 2 2 3 3 2 2 2 3 3 3 3
155,SIPP_2^4,"14,36,0","51,39,0",1,394.809032,223,0.45358,23.46736,4.67443,9.34887,3 4 3 3 4 4 4 4 4 4 4 4 4 4 4 4 4 4 4 5 4 4 4 5 4 4 5 6 5 6
155,SIPP_2^5,"14,36,0","51,39,0",1,387.55660499999993,145,0.86649,12.54673,2.49809,4.99618,6 7 6 8 8 8 8 8 8 8 8 8 9 9 9 8 9 8 8 8 8 10 10
155,SIPP_BigCS,"14,36,9","51,39,10",1,387.0,344,7.3071,10.36314,1.8957,0.2903,201 201 377 207 367 5 5 1 85 207
155,SIPP_Standard,"14,36,9","51,39,10",1,401.0,59,0.4418,10.23102,1.9816,0.2277,45 1 1 17 79
156,SIPP_2^2,"49,51,0","53,35,0",1,200.0,88,0.04366,35.35534,7.85398,15.70796,0 0 0 0 0 0 0 0 0 0 0 1 0 1 0 0 0 0 1 1
156,SIPP_2^3,"49,51,0","53,35,0",1,194.653699,135,0.10011,7.80221,1.5708,3.14159,0 0 0 0 0 0 0 0 0 0 0 0 0 1 1 -12.227 1 2
156,SIPP_2^4,"49,51,0","53,35,0",1,193.7438,148,0.31076,27.24363,4.99618,9.99237,0 0 0 0 0 1 0 0 0 0 0 1 -2.299 14 -0.221 3 4
156,SIPP_2^5,"49,51,0","53,35,0",1,193.39402,146,0.82896,18.77218,3.46334,6.92669,0 0 0 0 0 0 0 0 1 1 -3.775 28 -0.609 7
156,SIPP_BigCS,"49,51,0","53,35,3",1,206.220657,974,8.86489,12.96798,2.4921,0.7374,204 204 204 340 -25.221 266
156,SIPP_Standard,"49,51,0","53,35,3",1,261.176553,136,0.40976,14.4177,2.8162,0.4919,54 -20.177 106 41
157,SIPP_2^2,"7,25,0","16,2,0",0,-1,0,0.0,0.0,0.0,0.0,
157,SIPP_2^3,"7,25,0","16,2,0",0,-1,0,0.0,0.0,0.0,0.0,
157,SIPP_2^4,"7,25,0","16,2,0",0,-1,0,0.0,0.0,0.0,0.0,
157,SIPP_2^5,"7,25,0","16,2,0",0,-1,0,0.0,0.0,0.0,0.0,
157,SIPP_BigCS,"7,25,0","16,2,0",0,-1,0,0.0,0.0,0.0,0.0,
157,SIPP_Standard,"7,25,4","16,2,6",0,-1,0,3e-05,0.0,0.0,0.0,
158,SIPP_2^2,"13,26,0","63,20,0",0,-1,0,0.0,0.0,0.0,0.0,
158,SIPP_2^3,"13,26,0","63,20,0",0,-1,0,0.0,0.0,0.0,0.0,
158,SIPP_2^4,"13,26,0","63,20,0",0,-1,0,0.0,0.0,0.0,0.0,
158,SIPP_2^5,"13,26,0","63,20,0",0,-1,0,0.0,0.0,0.0,0.0,
158,SIPP_BigCS,"13,26,0","63,20,0",0,-1,0,0.0,0.0,0.0,0.0,
158,SIPP_Standard,"13,26,10","63,20,12",0,-1,65928,180.0002,0.0,0.0,0.0,
159,SIPP_2^2,"4,0,0","26,7,0",0,-1,0,0.0,0.0,0.0,0.0,
159,SIPP_2^3,"4,0,0","26,7,0",0,-1,0,0.0,0.0,0.0,0.0,
159,SIPP_2^4,"4,0,0","26,7,0",0,-1,0,0.0,0.0,0.0,0.0,
159,SIPP_2^5,"4,0,0","26,7,0",0,-1,0,0.0,0.0,0.0,0.0,
159,SIPP_BigCS,"4,0,0","26,7,0",0,-1,0,0.0,0.0,0.0,0.0,
159,SIPP_Standard,"4,0,3","26,7,0",0,-1,0,2e-05,0.0,0.0,0.0,
160,SIPP_2^2,"63,5,0","50,32,0",0,-1,0,0.0,0.0,0.0,0.0,
160,SIPP_2^3,"63,5,0","50,32,0",0,-1,0,0.0,0.0,0.0,0.0,
160,SIPP_2^4,"63,5,0","50,32,0",0,-1,0,0.0,0.0,0.0,0.0,
160,SIPP_2^5,"63,5,0","50,32,0",0,-1,0,0.0,0.0,0.0,0.0,
160,SIPP_BigCS,"63,5,0","50,32,0",0,-1,0,0.0,0.0,0.0,0.0,
160,SIPP_Standard,"63,5,13","50,32,3",0,-1,0,1e-05,0.0,0.0,0.0,
161,SIPP_2^2,"36,24,0","32,4,0",1,249.65024300000002,109,0.04415,42.42641,9.42478,18.84956,0 0 0 0 0 0 3 3 0 0 3 0 3 -9.650 0 0 0 0 0 0 0 0 0 0 0
161,SIPP_2^3,"36,24,0","32,4,0",1,237.934515,147,0.11056,27.90571,5.49779,10.99557,0 0 7 7 0 7 7 7 7 -4.286 0 -0.117 0 -0.395 0 0 0 0 1 0 0 0 1
161,SIPP_2^4,"36,24,0","32,4,0",1,215.945536,75,0.15005,18.08359,3.56728,7.13457,0 0 0 0 0 0 15 0 0 15 0 1 15 15 14
161,SIPP_2^5,"36,24,0","32,4,0",1,212.546621,63,0.32484,9.50124,1.875,3.75001,0 0 0 0 0 31 31 1 31 29
161,SIPP_BigCS,"36,24,0","32,4,1",1,226.0,425,4.08791,17.63909,3.498,0.9565,6 6 14 378 340 330
161,SIPP_Standard,"36,24,0","32,4,1",1,419.55159399999997,683,1.63943,23.48925,4.3935,0.8093,34 107 42 76 -1.552 57
162,SIPP_2^2,"29,8,0","7,27,0",1,410.0,482,0.17217,56.56854,12.56637,25.13274,3 3 3 3 3 3 3 3 3 3 3 3 3 3 3 3 2 3 3 2 3 2 2 2 2 2 2 2 2 3 3 2 2 2 2 2 2 2 2 2 3
162,SIPP_2^3,"29,8,0","7,27,0",1,304.55844799999994,48,0.04091,19.53801,3.92699,7.85398,6 6 5 6 6 5 5 5 5 5 5 5 5 5 5 5 5 5 5 5 5 4 5
162,SIPP_2^4,"29,8,0","7,27,0",1,300.9955359999999,45,0.10002,11.80955,2.35619,4.71239,12 11 12 12 10 10 10 10 10 10 10 10 10 10 10 10 10 10 10 9 10
162,SIPP_2^5,"29,8,0","7,27,0",1,299.8103299999999,43,0.24016,5.90265,1.18019,2.36038,24 24 23 20 20 20 20 20 20 20 20 20 20 20 20 20 20 19 20
162,SIPP_BigCS,"29,8,12","7,27,6",1,299.0,25,0.32802,5.65405,1.1136,0.2744,7 7 67 103 103 103 103 103 103 103 103 103 103 103 103 103 127
162,SIPP_Standard,"29,8,12","7,27,6",1,402.0,276,0.81095,15.88658,3.0331,0.3695,50 109 51 94 16
163,SIPP_2^2,"48,12,0","45,26,0",1,170.0,57,0.02195,42.42641,9.42478,18.84956,2 2 2 2 2 2 2 2 2 2 2 3 2 3 2 3 2
163,SIPP_2^3,"48,12,0","45,26,0",1,152.42640799999998,41,0.03037,11.59279,2.35619,4.71239,4 4 4 4 4 4 4 5 4 4 4 4 5 5
163,SIPP_2^4,"48,12,0","45,26,0",1,147.08204,29,0.06316,6.94722,1.39094,2.78189,8 8 8 8 9 8 8 8 8 9 9
163,SIPP_2^5,"48,12,0","45,26,0",1,144.868331,20,0.12277,8.05749,1.60875,3.21751,16 17 16 17 16 16 16 17
163,SIPP_BigCS,"48,12,5","45,26,7",1,146.0,37,0.41737,4.96233,0.9769,0.1151,310 4 4 56
163,SIPP_Standard,"48,12,5","45,26,7",1,161.0,15,0.08716,7.96806,1.569,0.233,51 110
164,SIPP_2^2,"46,31,0","20,15,0",1,420.0,587,0.21697,77.78175,17.27876,34.55752,3 3 3 3 3 3 3 3 3 3 3 0 0 0 0 0 3 0 0 0 3 0 3 3 3 3 3 3 0 0 0 0 0 3 3 3 3 0 3 3 3 0
164,SIPP_2^3,"46,31,0","20,15,0",1,326.2741759999999,190,0.15964,23.19385,4.71239,9.42478,7 7 7 7 7 7 7 7 7 7 7 7 7 6 6 6 6 6 7 6 6 6 6 7 6 7
164,SIPP_2^4,"46,31,0","20,15,0",1,308.459616,59,0.17375,9.67946,1.9305,3.86101,14 14 13 14 13 13 13 13 13 13 13 14 14 13 13 14
164,SIPP_2^5,"46,31,0","20,15,0",1,305.77579799999995,30,0.19447,0.62187,0.12436,0.24871,27 27 27 27 27 27 26 26 26 26
164,SIPP_BigCS,"46,31,1","20,15,3",1,305.0,32,0.46375,4.37489,0.643,0.0347,205 221 102 178 197 205
164,SIPP_Standard,"46,31,1","20,15,3",1,327.0,73,0.27412,11.85513,2.303,0.2421,77 66 38 19
165,SIPP_2^2,"50,2,0","2,33,0",1,790.0,1959,0.72196,141.42136,31.41593,62.83185,2 2 2 2 2 2 2 2 2 2 2 2 2 2 3 2 2 3 2 3 3 3 3 3 3 3 3 3 3 3 3 2 2 3 3 3 3 3 2 2 2 2 3 3 3 3 3 2 3 3 3 3 3 3 2 3 2 2 2 3 3 3 3 3 3 3 3 3 3 2 3 3 3 3 2 3 3 3 2
165,SIPP_2^3,"50,2,0","2,33,0",1,608.4062160000002,451,0.31099,59.28968,11.78097,23.56195,6 6 6 6 6 6 5 6 6 6 5 5 5 6 5 5 5 5 5 5 5 5 6 6 5 6 5 5 5 5 5 5 5 5 5 6 6 5 6 5 5 5 5 5 5 5 6 5
165,SIPP_2^4,"50,2,0","2,33,0",1,585.2472880000001,228,0.4463,19.16911,3.82305,7.6461,11 12 12 12 12 11 11 11 11 11 11 10 10 10 10 10 11 11 10 10 10 10 11 10 10 10 10 11 11 10 10 10 10 11 10
165,SIPP_2^5,"50,2,0","2,33,0",1,579.902458,155,0.85051,13.44127,2.68631,5.37263,23 24 23 23 22 22 22 21 20 21 20 20 21 21 20 20 20 20 21 20 20 20 21 21 20
165,SIPP_BigCS,"50,2,1","2,33,0",1,578.0,107,1.179,13.41859,2.432,0.1721,7 83 203 203 203 251 155 219 155 219 155
165,SIPP_Standard,"50,2,1","2,33,0",1,591.0,35,0.1225,12.77597,2.1704,0.2272,7 59 75 78 59 67 31
166,SIPP_2^2,"36,1,0","29,55,0",1,610.0,358,0.21225,70.71068,15.70796,31.41593,2 3 2 2 2 2 2 3 3 2 2 3 3 2 3 2 2 2 2 2 2 2 2 2 2 2 2 2 2 2 2 2 2 2 2 2 2 2 2 2 2 2 2 2 2 2 2 2 2 2 2 2 2 2 2 2 2 2 2 3 2
166,SIPP_2^3,"36,1,0","29,55,0",1,584.854925,492,0.29821,24.07794,4.71239,9.42478,4 5 5 5 5 5 5 5 -0.111 4 -0.033 4 -0.117 4 4 4 4 4 4 4 4 4 4 4 4 4 4 4 4 4 4 4 4 4 4 4 4 4 4 4 4 4 4 4 4 4 4 4 4 4 4 3 -7.315 4 5 4 4 4
166,SIPP_2^4,"36,1,0","29,55,0",1,580.171829,502,0.88383,10.90803,2.17634,4.35268,10 10 10 10 10 10 9 -1.893 8 -0.033 8 -0.117 8 8 8 8 8 8 8 8 8 8 8 8 8 8 8 8 8 8 8 8 8 8 8 8 8 8 8 8 8 8 8 8 8 8 8 7 7 8 -1.473 9 9
166,SIPP_2^5,"36,1,0","29,55,0",1,578.14943,488,2.45502,16.386,3.25259,6.50518,20 20 19 20 20 20 -2.340 16 -0.033 16 15 16 16 16 16 16 16 16 16 16 16 16 16 16 16 16 16 16 16 16 16 16 16 16 16 16 16 16 15 16 16 16 16 16 16 16 17 20
166,SIPP_BigCS,"36,1,7","29,55,2",1,579.1671690000001,2208,33.55007,13.00143,2.5463,0.335,103 103 103 103 -4.167 131 0 0 0 4 28 360 92
166,SIPP_Standard,"36,1,7","29,55,2",1,601.789481,464,3.08231,4.85755,0.9185,0.0813,-5.380 51 -28.308 94 0 0 0 0 -9.101 0
167,SIPP_2^2,"8,30,0","5,32,0",0,-1,0,0.0,0.0,0.0,0.0,
167,SIPP_2^3,"8,30,0","5,32,0",0,-1,0,0.0,0.0,0.0,0.0,
167,SIPP_2^4,"8,30,0","5,32,0",0,-1,0,0.0,0.0,0.0,0.0,
167,SIPP_2^5,"8,30,0","5,32,0",0,-1,0,0.0,0.0,0.0,0.0,
167,SIPP_BigCS,"8,30,0","5,32,0",0,-1,0,0.0,0.0,0.0,0.0,
167,SIPP_Standard,"8,30,2","5,32,7",0,-1,0,3e-05,0.0,0.0,0.0,
168,SIPP_2^2,"53,37,0","7,31,0",1,520.0,375,0.22624,63.63961,14.13717,28.27433,3 3 3 3 3 3 3 3 3 3 3 3 3 3 3 3 3 3 3 0 3 3 3 3 3 0 3 3 3 3 0 3 3 3 3 3 3 3 3 3 3 3 3 3 3 3 3 3 0 0 3 0
168,SIPP_2^3,"53,37,0","7,31,0",1,492.53809799999993,397,0.23719,11.77758,2.35619,4.71239,6 6 6 6 6 6 6 6 6 6 6 6 6 6 6 6 7 7 7 6 6 6 6 6 6 6 6 6 6 -7.685 6 6 6 6 6 6 6 6 6 6 6 6 6 6 7 7 7
168,SIPP_2^4,"53,37,0","7,31,0",1,489.666498,484,0.84424,13.20147,2.63999,5.27998,12 12 12 12 12 12 12 12 12 12 12 12 12 12 12 12 12 13 13 13 13 12 12 12 12 12 11 12 12 12 12 12 12 12 12 12 -6.738 12 -0.480 13 14 14
168,SIPP_2^5,"53,37,0","7,31,0",1,487.03140099999985,484,2.44104,20.3111,4.0029,8.00581,24 24 24 24 24 24 24 24 24 25 24 25 24 25 24 25 25 25 25 25 24 24 24 24 25 20 20 20
168,SIPP_BigCS,"53,37,13","7,31,14",1,488.0,2570,36.76657,14.3417,2.6912,0.6601,7 3 7 59 205 205 205 365 7 7 87 205 349 103 103
168,SIPP_Standard,"53,37,13","7,31,14",1,498.0,367,2.93691,18.19152,3.5103,0.5896,3 3 19 101 99 77
169,SIPP_2^2,"44,58,0","50,26,0",1,380.0,282,0.12653,35.35534,7.85398,15.70796,0 0 0 0 0 0 0 0 0 0 0 0 0 0 0 0 0 0 0 0 0 0 0 0 0 0 0 0 0 1 1 0 1 1 1 0 0 1
169,SIPP_2^3,"44,58,0","50,26,0",1,347.59692099999995,223,0.16015,27.68214,5.49779,10.99557,0 0 0 0 0 0 0 0 0 0 0 0 0 0 0 0 0 0 0 0 0 0 1 0 1 1 1 0 1 0 0 -2.744 1
169,SIPP_2^4,"44,58,0","50,26,0",1,346.137903,285,0.60355,14.89734,2.96174,5.92348,0 0 0 0 0 0 0 0 0 0 0 0 0 0 0 0 0 0 0 0 0 1 0 1 1 0 1 -4.335 3
169,SIPP_2^5,"44,58,0","50,26,0",1,346.137903,303,1.62403,8.82826,1.75065,3.5013,0 0 0 0 0 0 0 0 0 0 0 0 0 0 0 0 0 0 1 1 1 0 1 -7.286 6
169,SIPP_BigCS,"44,58,6","50,26,3",1,345.954457,1411,13.92307,11.19427,2.1568,0.4924,6 6 2 6 6 42 364 6 78 -0.954 201
169,SIPP_Standard,"44,58,6","50,26,3",1,362.654163,232,0.77722,12.56571,2.299,0.344,98 92 18 -16.654 60
170,SIPP_2^2,"18,15,0","36,44,0",0,-1,0,0.0,0.0,0.0,0.0,
170,SIPP_2^3,"18,15,0","36,44,0",0,-1,0,0.0,0.0,0.0,0.0,
170,SIPP_2^4,"18,15,0","36,44,0",0,-1,0,0.0,0.0,0.0,0.0,
170,SIPP_2^5,"18,15,0","36,44,0",0,-1,0,0.0,0.0,0.0,0.0,
170,SIPP_BigCS,"18,15,0","36,44,0",0,-1,0,0.0,0.0,0.0,0.0,
170,SIPP_Standard,"18,15,5","36,44,12",0,-1,0,4e-05,0.0,0.0,0.0,
171,SIPP_2^2,"9,40,0","15,2,0",1,440.0,347,0.12628,35.35534,7.85398,15.70796,0 0 0 0 0 0 0 0 0 0 0 0 0 0 0 0 0 0 0 0 0 0 0 0 0 0 0 0 0 0 0 0 0 0 0 1 1 0 0 1 1 1 0 1
171,SIPP_2^3,"9,40,0","15,2,0",1,404.85281599999996,243,0.17499,27.68214,5.49779,10.99557,0 0 0 0 0 0 0 0 0 0 0 0 0 0 0 0 0 0 0 0 0 0 0 0 0 0 0 0 1 0 1 1 1 0 0 1 0 1
171,SIPP_2^4,"9,40,0","15,2,0",1,394.16408,159,0.33263,11.60637,2.31824,4.63648,0 0 0 0 0 0 0 0 0 0 0 0 0 0 0 0 0 0 0 0 0 0 0 0 1 1 0 1 1 1 0 1
171,SIPP_2^5,"9,40,0","15,2,0",1,389.73666199999997,123,0.71507,8.07,1.60875,3.21751,1 1 1 0 1 0 0 0 0 0 1 1 0 0 0 0 0 0 0 0 0 0 0 0 0 0
171,SIPP_BigCS,"9,40,11","15,2,7",1,392.0,428,4.21307,5.22831,0.9691,0.1012,2 6 6 6 2 6 6 86 204 204 308
171,SIPP_Standard,"9,40,11","15,2,7",1,398.0,50,0.23234,6.08626,1.1673,0.148,2 2 2 22 49
172,SIPP_2^2,"51,49,0","25,46,0",1,290.0,117,0.04307,28.28427,6.28319,12.56637,3 3 3 3 3 3 3 3 3 3 3 3 3 3 3 3 3 3 3 3 3 3 3 3 0 0 3 0 3
172,SIPP_2^3,"51,49,0","25,46,0",1,272.426408,89,0.05993,19.45842,3.92699,7.85398,6 6 6 6 6 6 6 6 6 6 6 6 6 6 6 6 6 6 6 7 6 7 6 6 6 7
172,SIPP_2^4,"51,49,0","25,46,0",1,267.08204,73,0.14154,11.62852,2.31824,4.63648,12 12 12 12 12 12 12 12 12 12 12 12 12 12 12 12 13 12 12 12 13 12 13
172,SIPP_2^5,"51,49,0","25,46,0",1,264.86833099999996,56,0.28584,4.83483,0.96525,1.9305,24 24 24 24 24 24 24 24 24 24 24 24 24 24 25 25 24 24 24 25
172,SIPP_BigCS,"51,49,1","25,46,4",1,266.0,138,1.47535,4.98431,0.9705,0.095,365 7 7 7 7 3 87
172,SIPP_Standard,"51,49,1","25,46,4",1,326.0,340,0.97051,13.87758,2.6759,0.3311,55 91 27 74
173,SIPP_2^2,"61,11,0","14,30,0",1,660.0,1250,0.44823,148.49242,32.98672,65.97345,3 3 3 3 3 3 3 2 3 3 2 2 3 3 2 2 2 2 3 2 3 3 2 3 3 3 3 3 3 2 3 3 3 2 3 3 3 3 3 3 3 3 3 2 2 2 3 3 3 3 2 2 3 3 3 3 3 3 3 3 3 3 2 2 3 2
173,SIPP_2^3,"61,11,0","14,30,0",1,548.7005839999999,573,0.41544,59.08125,11.78097,23.56195,5 5 5 5 5 5 5 5 5 5 6 5 6 6 6 6 6 6 6 6 6 5 5 6 6 6 5 6 5 6 6 6 5 6 6 6 6 6 6 5 5 6 6 5 6 6 6
173,SIPP_2^4,"61,11,0","14,30,0",1,514.8529199999999,248,0.52426,23.30438,4.63648,9.27295,11 11 11 11 11 11 11 11 11 12 12 11 11 11 12 12 12 11 12 11 11 11 12 12 11 11 12 11
173,SIPP_2^5,"61,11,0","14,30,0",1,508.2117929999999,111,0.61695,2.12951,0.42569,0.85138,22 22 22 22 22 23 22 22 22 22 22 23 23 23 23 23 23 23 23
173,SIPP_BigCS,"61,11,0","14,30,6",1,508.0,143,1.30892,7.19352,0.9769,0.1151,203 203 203 203 203 203 203 203 203 203 203 203 203 203 203 203 307 7 7 7 31
173,SIPP_Standard,"61,11,0","14,30,6",1,520.0,169,0.58827,15.74514,2.6898,0.4476,59 59 59 91 11 43
174,SIPP_2^2,"59,1,0","3,38,0",0,-1,0,0.0,0.0,0.0,0.0,
174,SIPP_2^3,"59,1,0","3,38,0",0,-1,0,0.0,0.0,0.0,0.0,
174,SIPP_2^4,"59,1,0","3,38,0",0,-1,0,0.0,0.0,0.0,0.0,
174,SIPP_2^5,"59,1,0","3,38,0",0,-1,0,0.0,0.0,0.0,0.0,
174,SIPP_BigCS,"59,1,0","3,38,0",0,-1,0,0.0,0.0,0.0,0.0,
174,SIPP_Standard,"59,1,13","3,38,5",0,-1,0,2e-05,0.0,0.0,0.0,
175,SIPP_2^2,"56,12,0","32,7,0",1,290.0,136,0.04744,28.28427,6.28319,12.56637,3 3 3 3 3 3 3 3 3 3 3 3 3 0 0 0 3 3 3 0 0 3 3 3 3 3 3 3 3
175,SIPP_2^3,"56,12,0","32,7,0",1,260.71067999999997,91,0.05997,15.81256,3.14159,6.28319,6 6 6 6 6 6 6 6 6 6 6 6 7 7 7 6 7 7 6 6 6 6 6 6
175,SIPP_2^4,"56,12,0","32,7,0",1,257.147768,96,0.17499,7.78244,1.5708,3.14159,12 12 12 12 12 12 12 12 12 12 12 12 14 14 14 13 13 12 12 12 12 12
175,SIPP_2^5,"56,12,0","32,7,0",1,255.96256199999996,94,0.44485,7.81819,1.5708,3.14159,24 24 24 24 24 24 24 24 24 24 24 25 28 28 27 24 24 24 24 24
175,SIPP_BigCS,"56,12,12","32,7,6",1,255.0,215,1.73718,8.0202,1.5681,0.2263,7 3 63 186 7 7 7
175,SIPP_Standard,"56,12,12","32,7,6",1,270.330897,37,0.14758,8.08267,1.4426,0.1887,61 -8.331 93 11
176,SIPP_2^2,"55,30,0","47,36,0",1,189.030172,155,0.05724,21.2132,4.71239,9.42478,3 3 3 3 0 -29.006 3 -0.012 3 -0.012 3 3 2 2 2 2 2 2 2
176,SIPP_2^3,"55,30,0","47,36,0",1,104.85281599999999,20,0.01386,8.06995,1.5708,3.14159,5 5 5 5 5 6 6 5
176,SIPP_2^4,"55,30,0","47,36,0",1,101.28990399999998,14,0.02501,6.45237,1.287,2.574,10 11 10 11 10 10
176,SIPP_2^5,"55,30,0","47,36,0",1,100.395298,8,0.03948,2.95939,0.59219,1.18437,21 20 21 20
176,SIPP_BigCS,"55,30,2","47,36,10",1,100.0,6,0.24596,1.70958,0.3216,0.0203,103 103 183
176,SIPP_Standard,"55,30,2","47,36,10",1,438.89383499999997,1415,4.84045,21.88897,4.252,0.7215,-102.894 74 109 35 80
177,SIPP_2^2,"6,40,0","4,15,0",1,270.0,72,0.02724,28.28427,6.28319,12.56637,0 0 0 0 0 0 0 0 0 0 0 0 0 0 0 0 0 0 0 0 0 0 0 3 0 3 0
177,SIPP_2^3,"6,40,0","4,15,0",1,258.284272,62,0.04493,11.59279,2.35619,4.71239,0 0 0 0 0 0 0 0 0 0 0 0 0 0 0 0 0 0 7 0 0 0 0 0 7
177,SIPP_2^4,"6,40,0","4,15,0",1,254.72136,50,0.10031,6.94722,1.39094,2.78189,0 0 0 0 0 0 0 0 0 0 0 0 0 0 0 0 0 0 0 15 0 0 15
177,SIPP_2^5,"6,40,0","4,15,0",1,253.24555399999997,41,0.21802,4.82449,0.96525,1.9305,0 0 0 0 0 0 0 0 0 0 0 0 0 0 0 0 31 0 0 0 31
177,SIPP_BigCS,"6,40,4","4,15,8",1,254.0,82,0.58663,4.98532,0.9783,0.1089,362 6 6 6 6 2 30
177,SIPP_Standard,"6,40,4","4,15,8",1,341.0,331,0.60364,18.47345,3.6003,0.6426,13 108 30 42
178,SIPP_2^2,"14,28,0","59,21,0",1,520.0,473,0.19738,56.56854,12.56637,25.13274,1 1 1 1 1 1 1 1 1 1 1 1 1 1 1 1 1 1 1 1 1 1 1 1 1 1 1 1 1 1 1 0 1 1 1 1 1 1 1 1 1 1 1 0 0 0 0 1 0 1 0 1
178,SIPP_2^3,"14,28,0","59,21,0",1,486.23661999999996,411,0.27807,31.70072,6.28319,12.56637,2 2 2 2 2 2 2 2 2 1 2 1 1 2 2 2 2 2 2 2 2 2 2 2 2 2 2 2 2 2 1 1 1 2 -7.242 1 2 2 2 2 2 2 2 2 2 2
178,SIPP_2^4,"14,28,0","59,21,0",1,479.508448,402,0.7685,11.79625,2.35619,4.71239,4 4 4 4 4 4 4 4 4 4 4 4 4 4 4 4 4 4 4 4 4 4 4 4 4 4 4 4 4 4 4 4 4 4 3 4 4 4 3 2 2 1 2
178,SIPP_2^5,"14,28,0","59,21,0",1,471.21246799999994,342,1.82737,5.59673,1.10715,2.2143,8 8 8 8 8 8 8 8 8 8 8 8 8 8 8 8 8 8 8 8 8 8 8 8 8 8 8 8 8 8 7 7 7 7 6 2
178,SIPP_BigCS,"14,28,7","59,21,14",1,471.636063,1550,19.8857,9.50861,1.836,0.2103,5 5 5 5 5 5 1 1 13 305 5 33 -2.636 101
178,SIPP_Standard,"14,28,7","59,21,14",1,490.338762,355,1.52332,20.89149,4.0443,0.5365,36 9 45 9 -1.339 45 1
179,SIPP_2^2,"40,45,0","21,39,0",1,250.0,140,0.05459,49.49747,10.99557,21.99115,3 3 3 3 3 3 3 3 3 0 3 0 0 0 3 0 3 3 3 3 3 3 3 3 0
179,SIPP_2^3,"40,45,0","21,39,0",1,214.85281599999996,84,0.06587,11.89679,2.35619,4.71239,6 6 6 6 6 6 6 6 7 7 7 7 7 6 6 6 6 6 7
179,SIPP_2^4,"40,45,0","21,39,0",1,204.16407999999998,59,0.12876,2.31131,0.46365,0.9273,13 13 13 13 13 13 12 12 12 12 12 12 12
179,SIPP_2^5,"40,45,0","21,39,0",1,200.47456499999998,25,0.13474,4.67033,0.9273,1.85459,25 25 25 25 26 24 24 25
179,SIPP_BigCS,"40,45,2","21,39,14",1,202.0,53,0.59654,5.37968,0.9769,0.1151,205 205 205 309 7 59
179,SIPP_Standard,"40,45,2","21,39,14",1,252.0,85,0.42817,11.45073,2.2269,0.2824,91 23 46
180,SIPP_2^2,"50,55,0","24,57,0",1,300.0,119,0.04895,42.42641,9.42478,18.84956,3 0 3 3 3 3 3 3 3 3 3 3 3 3 3 3 3 3 3 3 3 3 3 2 3 3 3 2 2 3
180,SIPP_2^3,"50,55,0","24,57,0",1,276.568544,88,0.07161,15.7167,3.14159,6.28319,7 6 6 6 6 6 6 6 6 6 6 6 6 6 6 6 6 6 6 6 5 5 6 6 6 5
180,SIPP_2^4,"50,55,0","24,57,0",1,269.44272,69,0.16248,14.01914,2.78189,5.56377,13 12 12 12 12 12 12 12 12 12 12 12 12 12 12 12 11 12 12 11 12 11
180,SIPP_2^5,"50,55,0","24,57,0",1,266.49110799999994,52,0.33602,9.69004,1.9305,3.86101,25 24 24 24 24 24 24 24 24 24 24 23 24 24 23 24 24 23
180,SIPP_BigCS,"50,55,2","24,57,1",1,267.0,65,0.70099,9.74268,1.9035,0.3042,381 363 3 31
180,SIPP_Standard,"50,55,2","24,57,1",1,332.0,207,0.51953,14.74115,2.8631,0.3579,69 38 15 78
181,SIPP_2^2,"40,1,0","11,4,0",1,340.0,107,0.03224,42.42641,9.42478,18.84956,3 3 3 3 3 3 3 3 3 3 3 3 2 2 3 3 3 3 3 2 2 3 0 3 3 3 3 3 3 3 3 3 3 3
181,SIPP_2^3,"40,1,0","11,4,0",1,310.71067999999997,98,0.05479,19.71187,3.92699,7.85398,6 6 6 6 6 5 5 6 6 6 6 6 6 6 6 6 6 5 5 6 6 6 6 6 6 6 6 6 7
181,SIPP_2^4,"40,1,0","11,4,0",1,301.8034,90,0.12824,11.61714,2.31824,4.63648,12 11 12 11 11 11 12 12 12 12 12 12 12 12 12 12 12 12 12 12 12 12 12 13
181,SIPP_2^5,"40,1,0","11,4,0",1,298.113885,84,0.29359,8.05121,1.60875,3.21751,24 24 24 23 24 23 23 23 24 24 24 24 24 24 24 24 24 24 25
181,SIPP_BigCS,"40,1,13","11,4,15",1,300.0,293,1.76888,10.22206,1.9566,0.2178,363 7 31 203 363 59
181,SIPP_Standard,"40,1,13","11,4,15",1,424.666426,213,0.47783,15.54841,2.8544,0.3768,-3.666 67 51 86 27 58
182,SIPP_2^2,"7,29,0","38,5,0",0,-1,0,0.0,0.0,0.0,0.0,
182,SIPP_2^3,"7,29,0","38,5,0",0,-1,0,0.0,0.0,0.0,0.0,
182,SIPP_2^4,"7,29,0","38,5,0",0,-1,0,0.0,0.0,0.0,0.0,
182,SIPP_2^5,"7,29,0","38,5,0",0,-1,0,0.0,0.0,0.0,0.0,
182,SIPP_BigCS,"7,29,0","38,5,0",0,-1,0,0.0,0.0,0.0,0.0,
182,SIPP_Standard,"7,29,9","38,5,0",0,-1,0,3e-05,0.0,0.0,0.0,
183,SIPP_2^2,"7,44,0","26,36,0",1,270.0,212,0.08189,28.28427,6.28319,12.56637,1 1 1 1 1 1 1 1 1 1 1 1 1 1 1 1 1 0 0 0 0 0 1 0 0 0 1
183,SIPP_2^3,"7,44,0","26,36,0",1,223.13708799999995,112,0.08867,43.89537,8.63938,17.27876,2 2 2 2 2 1 2 1 1 1 2 1 2 1 2 1 2 2 1
183,SIPP_2^4,"7,44,0","26,36,0",1,208.88544,40,0.09335,9.28967,1.85459,3.70918,3 3 3 3 3 3 4 4 3 4 3
183,SIPP_2^5,"7,44,0","26,36,0",1,206.67173099999997,23,0.13891,1.4197,0.28379,0.56759,7 6 6 6 6 6 7 7
183,SIPP_BigCS,"7,44,11","26,36,7",1,206.0,11,0.19585,3.43339,0.5061,0.0613,201 201 201 201 201 201 305 5
183,SIPP_Standard,"7,44,11","26,36,7",1,245.0,95,0.36829,11.60812,2.273,0.3191,49 84 21
184,SIPP_2^2,"20,41,0","61,55,0",1,581.6145769999999,1224,0.46082,98.99495,21.99115,43.9823,2 1 2 1 1 1 1 1 1 1 1 1 1 1 1 1 2 2 2 2 2 1 2 1 1 1 2 1 1 1 1 1 1 2 2 1 1 0 1 1 1 1 1 1 1 1 1 1 1 1 -9.106 1 -0.033 1 -0.117 1 -0.395 2 -0.869 2 -1.096 2 2
184,SIPP_2^3,"20,41,0","61,55,0",1,467.9899039999999,382,0.27073,79.94548,15.70796,31.41593,3 3 2 2 2 2 2 2 2 2 2 2 3 3 2 3 2 2 2 3 2 2 3 2 2 2 3 2 2 2 3 2 3 3 2 3 2 3 2 2 3
184,SIPP_2^4,"20,41,0","61,55,0",1,446.612432,239,0.47178,20.1406,4.03093,8.06186,6 6 4 4 4 4 4 4 4 4 4 4 5 5 5 5 4 5 5 5 5 5 5 4 4 5 4 4 5
184,SIPP_2^5,"20,41,0","61,55,0",1,437.75759599999986,74,0.39669,8.75323,1.75065,3.5013,12 12 9 9 9 9 9 9 9 8 8 9 9 9 9 8 9
184,SIPP_BigCS,"20,41,3","61,55,15",1,441.0,393,3.11917,15.09246,2.8031,0.4679,100 160 85 207 207 207 207 207 311 41 311
184,SIPP_Standard,"20,41,3","61,55,15",1,488.0,682,1.45034,17.99348,3.5202,0.515,28 48 71 36 9 41
185,SIPP_2^2,"40,5,0","30,62,0",1,670.0,893,0.36953,21.2132,4.71239,9.42478,2 2 2 2 2 2 2 2 2 2 2 2 2 2 2 2 2 2 2 2 2 2 2 2 2 2 2 2 2 2 2 2 2 2 2 2 2 2 2 2 2 2 2 2 2 2 2 2 2 2 2 2 2 2 2 2 3 3 3 3 3 3 3 3 3 2 3
185,SIPP_2^3,"40,5,0","30,62,0",1,611.4213600000002,591,0.37011,36.21548,7.06858,14.13717,4 4 4 4 4 4 4 4 4 4 4 4 4 4 4 4 4 4 4 4 4 4 4 4 4 4 4 4 4 4 4 4 4 4 4 4 4 4 4 4 4 5 5 5 5 5 5 4 5 4 4 5 4 5 4 4 5
185,SIPP_2^4,"40,5,0","30,62,0",1,594.574391,432,0.79252,16.33854,3.24553,6.49107,8 8 8 8 8 8 8 8 8 8 8 8 8 8 8 8 8 8 8 8 8 8 8 8 8 8 8 8 8 9 9 9 8 8 8 9 8 8 8 8 9 -0.968 9 9 9 9 8 9
185,SIPP_2^5,"40,5,0","30,62,0",1,591.847688,446,2.26426,2.93318,0.588,1.17601,16 16 16 16 16 16 16 16 16 16 16 16 16 16 16 16 16 16 16 16 16 16 16 16 16 16 16 16 16 16 16 16 16 17 17 17 17 17 17 19 19
185,SIPP_BigCS,"40,5,6","30,62,14",1,595.0,2306,30.70146,11.09669,2.0804,0.3253,4 4 4 4 0 4 56 206 310 4 0 0 84 206 206 326
185,SIPP_Standard,"40,5,6","30,62,14",1,643.0,2070,12.24292,18.31682,3.5202,0.515,39 0 0 0 8 40 70 55
186,SIPP_2^2,"9,58,0","0,2,0",0,-1,0,0.0,0.0,0.0,0.0,
186,SIPP_2^3,"9,58,0","0,2,0",0,-1,0,0.0,0.0,0.0,0.0,
186,SIPP_2^4,"9,58,0","0,2,0",0,-1,0,0.0,0.0,0.0,0.0,
186,SIPP_2^5,"9,58,0","0,2,0",0,-1,0,0.0,0.0,0.0,0.0,
186,SIPP_BigCS,"9,58,0","0,2,0",0,-1,0,0.0,0.0,0.0,0.0,
186,SIPP_Standard,"9,58,3","0,2,9",0,-1,64882,180.00357,0.0,0.0,0.0,
187,SIPP_2^2,"12,4,0","50,35,0",1,690.0,1737,0.60843,141.42136,31.41593,62.83185,2 2 2 2 2 2 2 1 1 1 1 2 2 2 1 2 2 2 2 2 2 2 1 1 1 2 1 2 2 2 1 2 1 1 1 1 1 1 1 1 1 1 1 1 2 1 1 1 1 1 1 1 1 2 1 2 1 1 1 2 2 1 1 1 1 2 2 2 2
187,SIPP_2^3,"12,4,0","50,35,0",1,514.2640799999999,379,0.29247,23.52362,4.71239,9.42478,3 3 3 3 3 3 3 3 4 3 3 3 3 3 3 3 3 3 3 3 3 3 3 3 3 3 3 3 3 2 2 2 2 2 2 3 2 2 3
187,SIPP_2^4,"12,4,0","50,35,0",1,500.5259279999999,235,0.51548,16.12865,3.21751,6.43501,6 6 6 6 6 7 6 6 6 5 5 5 5 6 5 5 6 6 6 6 6 5 5 5 6 6 6 7 6
187,SIPP_2^5,"12,4,0","50,35,0",1,496.052898,159,0.9191,7.16552,1.43308,2.86617,12 12 12 12 12 12 13 12 11 11 11 11 11 11 10 11 11 13 12
187,SIPP_BigCS,"12,4,10","50,35,7",1,493.0,228,2.51644,10.34034,1.9466,0.1602,248 100 100 100 100 100 176 207 223 176 207 359 100
187,SIPP_Standard,"12,4,10","50,35,7",1,502.0,67,0.25768,9.70168,1.6161,0.1279,64 48 63 63 79 64
188,SIPP_2^2,"21,51,0","32,24,0",1,391.418387,465,0.1795,49.49747,10.99557,21.99115,0 0 0 0 0 0 0 0 0 -11.418 0 0 0 0 0 0 0 0 0 0 0 1 1 1 0 0 0 0 0 1 0 1 1 1 1 1 1 0 1
188,SIPP_2^3,"21,51,0","32,24,0",1,315.56349599999993,179,0.1197,32.30825,6.28319,12.56637,1 1 1 1 1 0 1 1 0 0 0 0 0 0 0 0 0 0 0 0 0 1 0 1 1 0 1
188,SIPP_2^4,"21,51,0","32,24,0",1,299.530392,92,0.17551,10.93385,2.17634,4.35268,2 2 1 1 1 1 0 0 0 0 0 0 1 1 1 1 0 1
188,SIPP_2^5,"21,51,0","32,24,0",1,294.94627099999997,47,0.28846,7.76555,1.55325,3.10651,3 3 2 2 1 0 1 0 1 1 1
188,SIPP_BigCS,"21,51,8","32,24,6",1,296.0,113,2.29673,7.24748,1.2985,0.1354,177 204 204 204 204 308 6 58
188,SIPP_Standard,"21,51,8","32,24,6",1,321.0,98,1.10761,10.13424,1.9729,0.2466,53 81 2 18
189,SIPP_2^2,"10,55,0","33,47,0",1,330.0,292,0.10277,56.56854,12.56637,25.13274,2 1 1 1 1 1 1 1 1 1 1 1 1 1 1 1 1 1 1 1 0 1 0 0 0 0 0 0 1 1 0 1 0
189,SIPP_2^3,"10,55,0","33,47,0",1,271.42135999999994,124,0.08671,39.88112,7.85398,15.70796,2 3 2 1 1 1 1 1 2 2 2 1 1 2 2 2 2 1 2 2 1 2 2
189,SIPP_2^4,"10,55,0","33,47,0",1,258.951168,73,0.13807,20.40214,4.06889,8.13778,5 4 3 3 2 2 3 2 3 4 4 4 4 3 4 3
189,SIPP_2^5,"10,55,0","33,47,0",1,254.061397,47,0.23434,9.15727,1.81951,3.63901,9 5 5 6 6 6 7 8 8 7
189,SIPP_BigCS,"10,55,0","33,47,14",1,254.0,53,0.64418,12.91931,2.5406,0.6328,351 181 305 81
189,SIPP_Standard,"10,55,0","33,47,14",1,408.823467,984,2.71465,14.12063,2.757,0.3973,-52.929 18 84 1 -19.895 25
190,SIPP_2^2,"30,16,0","56,25,0",1,350.0,324,0.12658,113.13708,25.13274,50.26548,1 1 1 1 1 1 1 1 1 1 2 1 2 1 2 1 2 2 1 1 1 1 1 2 1 1 1 2 1 1 1 2 1 2 1
190,SIPP_2^3,"30,16,0","56,25,0",1,297.27922399999994,188,0.13924,56.22156,10.99557,21.99115,3 3 2 3 2 2 3 2 2 2 2 3 2 3 2 2 2 2 3 2 3 2 2 2 2 3
190,SIPP_2^4,"30,16,0","56,25,0",1,281.24612,95,0.19603,6.98507,1.39094,2.78189,4 4 4 4 4 4 5 5 5 5 5 5 5 5 4 4 5
190,SIPP_2^5,"30,16,0","56,25,0",1,275.34289599999994,17,0.09579,1.41959,0.28379,0.56759,9 9 9 9 9 9 9 10 9
190,SIPP_BigCS,"30,16,15","56,25,12",1,278.0,102,1.14749,8.11702,1.483,0.1764,207 207 207 207 311 57 311
190,SIPP_Standard,"30,16,15","56,25,12",1,321.0,269,0.93579,13.68565,2.6333,0.3065,45 17 79 72
191,SIPP_2^2,"12,49,0","54,15,0",1,760.0,2259,0.84866,113.13708,25.13274,50.26548,0 0 0 0 0 0 0 0 0 0 0 0 0 0 0 0 0 0 0 0 0 0 1 1 1 1 1 1 1 1 1 0 0 1 1 1 1 0 1 0 1 1 1 0 1 1 1 1 1 1 1 1 0 0 1 1 1 1 0 0 0 1 1 1 1 1 1 1 1 1 1 0 1 1 1 0
191,SIPP_2^3,"12,49,0","54,15,0",1,560.8326239999999,391,0.29169,24.01986,4.71239,9.42478,1 1 1 1 1 1 1 1 1 1 1 1 1 1 1 1 1 2 2 2 1 1 1 1 1 1 1 1 1 1 1 1 1 1 1 2 2 2 1 2 2 1
191,SIPP_2^4,"12,49,0","54,15,0",1,546.5809759999999,267,0.58521,16.11856,3.21751,6.43501,2 2 2 2 2 2 2 2 2 2 2 2 2 2 2 2 2 2 3 3 2 2 2 2 3 3 3 2 3 2 3 2 3 2
191,SIPP_2^5,"12,49,0","54,15,0",1,543.0025519999999,184,1.22524,4.93708,0.98698,1.97396,4 4 4 4 4 4 4 4 4 4 4 4 4 5 5 5 4 4 4 5 5 5 4 4 5 5
191,SIPP_BigCS,"12,49,2","54,15,7",1,540.0,46,1.15665,10.53503,1.969,0.1322,101 101 101 101 101 101 101 101 153 249 153 217 153 217
191,SIPP_Standard,"12,49,2","54,15,7",1,551.970288,255,1.42823,15.22297,2.911,0.2473,53 -3.970 73 68 53 65 53 73
192,SIPP_2^2,"1,43,0","19,9,0",1,520.0,684,0.23355,77.78175,17.27876,34.55752,0 0 0 0 0 0 0 0 0 0 0 0 0 0 0 0 0 0 0 0 0 0 0 0 0 0 0 1 1 1 1 1 1 1 0 0 1 1 1 1 0 1 0 1 1 1 0 0 1 1 0 1
192,SIPP_2^3,"1,43,0","19,9,0",1,414.5584479999999,341,0.24697,47.41458,9.42478,18.84956,1 1 1 1 1 1 1 1 1 1 0 0 1 0 0 0 0 0 0 1 0 0 0 0 1 1 1 0 1 0 0 1 0 1
192,SIPP_2^4,"1,43,0","19,9,0",1,386.05515199999996,52,0.1094,4.82466,0.96525,1.9305,1 1 1 1 1 1 1 1 1 1 2 1 1 1 1 1 1 2
192,SIPP_2^5,"1,43,0","19,9,0",1,385.160546,41,0.23218,1.86511,0.37307,0.74613,2 2 2 2 2 2 2 2 2 2 2 3 2 2 2 3
192,SIPP_BigCS,"1,43,1","19,9,6",1,384.26603,16,0.22944,5.54075,0.6405,0.1703,196 196 204 204 204 -1.266 204 204 204 204 204 324
192,SIPP_Standard,"1,43,1","19,9,6",1,395.0,97,0.31575,13.48849,2.5946,0.2764,49 68 37 22 49
193,SIPP_2^2,"34,28,0","63,49,0",0,-1,0,0.0,0.0,0.0,0.0,
193,SIPP_2^3,"34,28,0","63,49,0",0,-1,0,0.0,0.0,0.0,0.0,
193,SIPP_2^4,"34,28,0","63,49,0",0,-1,0,0.0,0.0,0.0,0.0,
193,SIPP_2^5,"34,28,0","63,49,0",0,-1,0,0.0,0.0,0.0,0.0,
193,SIPP_BigCS,"34,28,0","63,49,0",0,-1,0,0.0,0.0,0.0,0.0,
193,SIPP_Standard,"34,28,13","63,49,15",0,-1,68980,180.00089,0.0,0.0,0.0,
194,SIPP_2^2,"26,0,0","42,17,0",0,-1,0,0.0,0.0,0.0,0.0,
194,SIPP_2^3,"26,0,0","42,17,0",0,-1,0,0.0,0.0,0.0,0.0,
194,SIPP_2^4,"26,0,0","42,17,0",0,-1,0,0.0,0.0,0.0,0.0,
194,SIPP_2^5,"26,0,0","42,17,0",0,-1,0,0.0,0.0,0.0,0.0,
194,SIPP_BigCS,"26,0,0","42,17,0",0,-1,0,0.0,0.0,0.0,0.0,
194,SIPP_Standard,"26,0,6","42,17,11",0,-1,0,1e-05,0.0,0.0,0.0,
195,SIPP_2^2,"14,34,0","57,63,0",0,-1,0,0.0,0.0,0.0,0.0,
195,SIPP_2^3,"14,34,0","57,63,0",0,-1,0,0.0,0.0,0.0,0.0,
195,SIPP_2^4,"14,34,0","57,63,0",0,-1,0,0.0,0.0,0.0,0.0,
195,SIPP_2^5,"14,34,0","57,63,0",0,-1,0,0.0,0.0,0.0,0.0,
195,SIPP_BigCS,"14,34,0","57,63,0",0,-1,0,0.0,0.0,0.0,0.0,
195,SIPP_Standard,"14,34,8","57,63,2",0,-1,65391,180.00135,0.0,0.0,0.0,
196,SIPP_2^2,"8,38,0","60,55,0",1,690.0,1288,0.47667,84.85281,18.84956,37.69911,1 1 1 1 1 1 1 1 1 1 1 1 1 1 1 1 1 1 1 1 1 1 1 1 1 1 1 2 2 2 2 2 2 1 2 2 2 2 2 2 1 1 1 1 1 1 1 1 1 1 1 1 1 1 1 1 2 1 2 2 1 1 1 1 1 2 1 2 1
196,SIPP_2^3,"8,38,0","60,55,0",1,590.416312,721,0.45223,19.44422,3.92699,7.85398,2 2 2 2 2 2 2 2 2 2 2 2 2 2 2 2 2 2 2 2 2 2 2 2 2 2 3 3 3 3 3 3 3 3 3 3 3 3 3 3 3 2 2 2 3 2 2 2 2 2 2 3
196,SIPP_2^4,"8,38,0","60,55,0",1,583.2502949999999,844,1.49716,19.01495,3.88903,7.77807,5 5 5 5 5 5 5 5 5 5 5 5 5 5 5 4 4 4 5 4 4 4 4 4 4 4 4 4 4 4 4 3 4 4 -0.387 4 -1.096 8 -1.636 8
196,SIPP_2^5,"8,38,0","60,55,0",1,583.2502949999999,877,4.09196,24.72434,4.75035,9.50069,9 9 9 9 8 9 9 8 8 8 9 7 8 9 9 9 9 10 10 10 10 10 -9.242 8 -1.096 16 -1.636 16
196,SIPP_BigCS,"8,38,12","60,55,13",1,583.151167,5618,43.00303,25.96044,4.9017,1.0482,207 207 207 207 367 5 5 5 57 383 337 207 207 207 207 311 5 -2.151 37
196,SIPP_Standard,"8,38,12","60,55,13",1,583.7824589999999,742,2.04443,15.6252,2.7663,0.367,1 5 105 48 63 63 -2.782 79
197,SIPP_2^2,"40,38,0","45,23,0",1,200.0,102,0.0431,14.14214,3.14159,6.28319,0 0 0 0 0 0 0 0 0 0 0 0 0 0 1 1 1 1 1 0
197,SIPP_2^3,"40,38,0","45,23,0",1,170.71067999999997,62,0.05064,11.84623,2.35619,4.71239,0 0 0 0 0 0 0 0 0 1 1 1 1 0 1
197,SIPP_2^4,"40,38,0","45,23,0",1,161.80339999999998,37,0.08495,6.98369,1.39094,2.78189,1 1 1 1 0 0 1 0 0 0
197,SIPP_2^5,"40,38,0","45,23,0",1,158.11388499999998,5,0.02816,0.0,0.0,0.0,1 1 1 1 1
197,SIPP_BigCS,"40,38,2","45,23,1",1,160.0,21,0.31739,5.08878,0.9691,0.1012,86 204 308
197,SIPP_Standard,"40,38,2","45,23,1",1,165.0,8,0.06946,8.2752,1.63,0.2214,22 37
198,SIPP_2^2,"53,7,0","31,16,0",1,343.132196,430,0.15026,49.49747,10.99557,21.99115,3 3 3 3 3 3 3 3 0 -13.132 3 3 3 3 3 3 3 3 3 3 3 3 2 2 2 2 2 2 3 2 2 2 3 2
198,SIPP_2^3,"53,7,0","31,16,0",1,257.279224,96,0.06659,20.00655,3.92699,7.85398,5 5 5 6 6 6 5 6 5 5 5 5 5 6 6 6 6 6 6 6 6 6
198,SIPP_2^4,"53,7,0","31,16,0",1,250.1534,86,0.16584,7.15686,1.4289,2.8578,10 10 10 11 10 10 11 11 11 12 12 12 12 12 12 12 12 12
198,SIPP_2^5,"53,7,0","31,16,0",1,248.07358799999997,83,0.41086,4.9204,0.98279,1.96559,21 21 21 20 20 23 24 24 24 24 24 24 24 24
198,SIPP_BigCS,"53,7,9","31,16,4",1,247.0,207,1.89595,6.00386,1.1163,0.1197,203 203 251 159 7 7 7 7 7 7
198,SIPP_Standard,"53,7,9","31,16,4",1,337.4865199999999,335,1.115,20.91868,4.0636,0.7046,104 55 107 -7.487 34
199,SIPP_2^2,"55,19,0","59,63,0",0,-1,0,0.0,0.0,0.0,0.0,
199,SIPP_2^3,"55,19,0","59,63,0",0,-1,0,0.0,0.0,0.0,0.0,
199,SIPP_2^4,"55,19,0","59,63,0",0,-1,0,0.0,0.0,0.0,0.0,
199,SIPP_2^5,"55,19,0","59,63,0",0,-1,0,0.0,0.0,0.0,0.0,
199,SIPP_BigCS,"55,19,0","59,63,0",0,-1,0,0.0,0.0,0.0,0.0,
199,SIPP_Standard,"55,19,8","59,63,1",0,-1,67345,180.00033,0.0,0.0,0.0,
200,SIPP_2^2,"58,36,0","36,35,0",1,238.497328,58,0.02489,14.14214,3.14159,6.28319,3 3 3 3 3 3 3 3 3 3 3 3 3 3 3 3 0 -8.028 3 -0.094 3 -0.375 3 3 3 3
200,SIPP_2^3,"58,36,0","36,35,0",1,232.42640799999998,80,0.05973,11.69247,2.35619,4.71239,6 6 6 6 6 6 6 6 6 6 6 6 6 6 7 7 6 6 6 6 6 5
200,SIPP_2^4,"58,36,0","36,35,0",1,230.482863,88,0.17555,6.97882,1.39094,2.78189,12 12 12 12 12 12 12 12 12 12 12 12 13 13 -3.285 12 -0.022 12 -0.094 12 12 11
200,SIPP_2^5,"58,36,0","36,35,0",1,229.58969100000002,90,0.47063,5.56257,1.10715,2.2143,24 24 24 24 24 24 24 24 25 25 25 24 22 22
200,SIPP_BigCS,"58,36,2","36,35,12",1,229.0,280,2.27483,7.35271,1.3882,0.2352,3 87 381 203
200,SIPP_Standard,"58,36,2","36,35,12",1,252.471124,60,0.21218,14.64003,2.8772,0.4803,47 23 -7.471 34
201,SIPP_2^2,"12,45,0","13,3,0",1,430.0,43,0.02069,14.14214,3.14159,6.28319,0 0 0 0 0 0 0 0 0 0 0 0 0 0 0 0 0 0 0 0 0 0 0 0 0 1 0 0 0 0 0 0 0 0 0 0 0 0 0 0 0 0 0
201,SIPP_2^3,"12,45,0","13,3,0",1,426.837426,91,0.06897,7.70981,1.5708,3.14159,0 0 0 0 0 0 0 0 0 0 0 0 0 0 0 0 0 0 0 0 0 0 0 0 1 -2.695 0 0 0 0 0 0 0 0 0 0 0 0 0 0 0 0 0
201,SIPP_2^4,"12,45,0","13,3,0",1,426.837426,145,0.30087,4.62238,0.9273,1.85459,0 0 0 0 0 0 0 0 0 0 0 0 0 0 0 0 0 0 0 0 0 0 0 1 -4.477 0 0 0 0 0 0 0 0 0 0 0 0 0 0 0 0 0
201,SIPP_2^5,"12,45,0","13,3,0",1,424.86833099999996,120,0.67816,4.83483,0.96525,1.9305,0 0 0 0 0 0 0 0 0 0 0 0 0 0 0 0 0 0 0 0 0 1 1 0 0 0 0 0 0 0 0 0 0 0 0 31
201,SIPP_BigCS,"12,45,11","13,3,3",1,426.0,379,3.63133,7.4433,1.4491,0.1627,6 6 6 6 58 364 6 6 6 2 2 30
201,SIPP_Standard,"12,45,11","13,3,3",1,477.0,979,2.22353,10.93095,2.0858,0.2293,54 90 2 2 22 53
202,SIPP_2^2,"45,52,0","39,63,0",0,-1,0,0.0,0.0,0.0,0.0,
202,SIPP_2^3,"45,52,0","39,63,0",0,-1,0,0.0,0.0,0.0,0.0,
202,SIPP_2^4,"45,52,0","39,63,0",0,-1,0,0.0,0.0,0.0,0.0,
202,SIPP_2^5,"45,52,0","39,63,0",0,-1,0,0.0,0.0,0.0,0.0,
202,SIPP_BigCS,"45,52,0","39,63,0",0,-1,0,0.0,0.0,0.0,0.0,
202,SIPP_Standard,"45,52,15","39,63,13",0,-1,65988,180.00197,0.0,0.0,0.0,
203,SIPP_2^2,"6,17,0","28,4,0",1,350.0,436,0.1413,106.06602,23.56194,47.12389,0 0 0 1 0 1 0 0 1 1 1 0 1 0 0 1 1 1 0 1 1 1 0 1 1 1 1 1 1 1 1 1 0 0 1
203,SIPP_2^3,"6,17,0","28,4,0",1,273.8477679999999,145,0.08892,23.85198,4.71239,9.42478,1 1 1 1 1 1 1 1 1 1 2 2 2 1 2 2 2 2 1 2 2 1
203,SIPP_2^4,"6,17,0","28,4,0",1,257.814664,42,0.06895,8.05524,1.60875,3.21751,2 2 3 3 3 3 2 3 3 2 3 3 3
203,SIPP_2^5,"6,17,0","28,4,0",1,256.025452,27,0.11231,0.62173,0.12436,0.24871,5 5 5 5 6 6 6 6 6
203,SIPP_BigCS,"6,17,14","28,4,11",1,255.0,44,0.39453,2.77521,0.3216,0.0203,101 101 181 193 201 201 201
203,SIPP_Standard,"6,17,14","28,4,11",1,353.27474399999994,364,0.82575,22.40137,4.3028,0.7782,106 41 -11.112 103 -5.163 73
204,SIPP_2^2,"1,53,0","35,51,0",1,400.0,293,0.10737,49.49747,10.99557,21.99115,1 1 1 1 1 1 1 1 1 1 2 2 1 1 1 1 1 1 1 1 1 1 1 1 1 1 1 1 1 1 1 1 1 0 1 1 0 0 1 0
204,SIPP_2^3,"1,53,0","35,51,0",1,364.85281599999996,245,0.14746,19.76243,3.92699,7.85398,2 2 2 2 2 2 2 2 2 2 2 2 2 2 2 2 2 3 3 2 2 2 2 2 2 2 2 2 2 1 1 1 2 1
204,SIPP_2^4,"1,53,0","35,51,0",1,358.65369899999996,249,0.42432,13.27429,2.63999,5.27998,4 4 4 4 4 4 4 4 4 4 4 4 4 4 4 4 5 5 4 4 4 4 4 3 4 4 3 3 -2.708 2
204,SIPP_2^5,"1,53,0","35,51,0",1,358.1138849999999,265,1.25213,14.06725,2.8578,5.7156,8 8 8 8 8 8 8 8 8 8 8 8 8 9 8 8 9 8 8 8 8 7 7 7 0
204,SIPP_BigCS,"1,53,0","35,51,1",1,357.178691,1021,11.15199,10.69934,2.0818,0.3191,5 5 5 5 57 367 1 81 -0.179 321
204,SIPP_Standard,"1,53,0","35,51,1",1,402.0,559,1.80404,13.926,2.5423,0.3321,48 63 111 53 73
205,SIPP_2^2,"39,26,0","3,11,0",0,-1,0,0.0,0.0,0.0,0.0,
205,SIPP_2^3,"39,26,0","3,11,0",0,-1,0,0.0,0.0,0.0,0.0,
205,SIPP_2^4,"39,26,0","3,11,0",0,-1,0,0.0,0.0,0.0,0.0,
205,SIPP_2^5,"39,26,0","3,11,0",0,-1,0,0.0,0.0,0.0,0.0,
205,SIPP_BigCS,"39,26,0","3,11,0",0,-1,0,0.0,0.0,0.0,0.0,
205,SIPP_Standard,"39,26,11","3,11,10",0,-1,0,3e-05,0.0,0.0,0.0,
206,SIPP_2^2,"49,14,0","27,34,0",1,423.565888,662,0.24516,84.85281,18.84956,37.69911,3 3 3 3 3 3 3 3 3 3 2 3 3 3 3 3 3 2 3 2 2 2 2 2 2 3 2 2 2 2 2 2 3 3 2 3 2 2 2 2 2 -3.566 3
206,SIPP_2^3,"49,14,0","27,34,0",1,302.8427199999999,76,0.05294,8.0151,1.5708,3.14159,5 5 5 5 5 5 5 5 5 5 5 5 5 5 5 5 5 5 6 6 5 5
206,SIPP_2^4,"49,14,0","27,34,0",1,299.2798079999999,62,0.11915,3.22923,0.6435,1.287,10 10 10 10 10 10 10 10 10 10 10 10 10 10 10 10 10 11 11 10
206,SIPP_2^5,"49,14,0","27,34,0",1,298.38520199999994,51,0.32716,3.94465,0.78958,1.57917,20 20 20 20 20 20 20 20 20 20 20 20 20 20 21 20 21 20
206,SIPP_BigCS,"49,14,11","27,34,9",1,296.0,18,0.30837,3.49395,0.6634,0.0518,103 103 103 103 103 103 103 103 103 103 103 103 155 251
206,SIPP_Standard,"49,14,11","27,34,9",1,323.0,176,1.59073,11.70005,2.273,0.2561,20 55 67 47
207,SIPP_2^2,"56,12,0","15,7,0",1,510.95756300000005,624,0.22352,91.92388,20.42035,40.8407,3 3 3 3 3 3 3 3 3 3 3 3 3 3 0 -10.958 3 3 3 2 2 3 3 3 3 3 3 3 3 3 3 3 3 3 3 3 3 3 3 0 0 3 0 3 0 3 3 0 3 3 0
207,SIPP_2^3,"56,12,0","15,7,0",1,455.56349599999993,477,0.32908,27.78172,5.49779,10.99557,6 6 6 6 6 6 6 6 6 6 6 6 6 7 7 5 5 5 6 6 6 6 6 6 6 6 6 6 6 6 6 6 6 7 6 6 7 7 7 7 7
207,SIPP_2^4,"56,12,0","15,7,0",1,439.530392,343,0.6546,29.91142,5.92348,11.84696,13 13 13 14 13 13 12 12 12 12 12 12 13 12 12 12 12 12 12 12 12 14 11 12 12 11 12 12 12 12 12 11
207,SIPP_2^5,"56,12,0","15,7,0",1,432.87421499999994,255,1.25558,11.57411,2.32111,4.64222,26 26 27 26 25 25 24 24 24 24 24 24 24 24 24 24 24 25 23 23 24 24 24 23
207,SIPP_BigCS,"56,12,2","15,7,3",1,436.0,1093,9.04754,13.15521,2.3651,0.3503,7 7 7 31 203 203 379 309 7 7 87 197
207,SIPP_Standard,"56,12,2","15,7,3",1,488.0,643,1.79931,20.27481,3.903,0.4775,67 47 23 38 23 54
208,SIPP_2^2,"59,60,0","8,55,0",1,560.0,356,0.11409,35.35534,7.85398,15.70796,3 3 3 3 3 3 3 3 3 3 3 3 3 3 3 3 3 3 3 3 3 3 3 3 3 3 3 3 3 3 3 3 3 3 3 3 3 3 3 3 3 3 3 3 0 0 0 3 3 3 3 3 0 3 3 0
208,SIPP_2^3,"59,60,0","8,55,0",1,530.7106799999999,312,0.18204,39.46354,7.85398,15.70796,6 6 6 6 6 6 6 6 6 7 6 6 6 6 6 6 7 6 6 6 6 6 6 6 6 6 6 6 6 6 6 6 6 6 7 6 6 6 6 7 6 6 6 6 6 6 6 6 7 6 6
208,SIPP_2^4,"59,60,0","8,55,0",1,521.8034,263,0.45559,16.33689,3.24553,6.49107,12 12 12 12 12 12 12 12 12 12 12 12 12 12 12 12 12 12 12 12 12 12 12 12 12 12 12 12 12 12 12 12 12 12 12 12 12 12 13 13 12 13 12 13 12 13
208,SIPP_2^5,"59,60,0","8,55,0",1,518.113885,218,1.06681,4.82854,0.96525,1.9305,24 24 24 24 24 24 24 24 24 24 24 24 24 24 24 24 24 24 24 24 24 24 24 24 24 24 24 24 24 24 24 24 24 24 25 25 25 25 24 24 25
208,SIPP_BigCS,"59,60,11","8,55,6",1,520.0,852,7.34954,7.5725,1.4766,0.1563,365 7 7 7 7 3 3 7 3 7 7 87 309
208,SIPP_Standard,"59,60,11","8,55,6",1,561.0,1080,2.82116,14.44148,2.7576,0.3229,3 3 19 69 50 109 55
209,SIPP_2^2,"23,7,0","27,46,0",1,481.512683,522,0.38056,49.49747,10.99557,21.99115,2 2 3 -8.560 2 -0.410 2 -0.106 2 2 2 2 2 2 2 2 2 2 1 2 1 1 1 1 1 2 2 2 2 2 2 2 2 2 2 2 2 2 2 2 2 2 2 2 2 2 2 -2.437 2 2 3
209,SIPP_2^3,"23,7,0","27,46,0",1,471.3115479999999,740,0.44537,38.87506,7.85398,15.70796,4 5 5 5 4 4 4 4 4 4 4 4 4 4 4 4 4 4 4 4 5 4 -8.014 4 -0.534 4 -0.151 4 -0.060 4 -0.420 4 3 3 3 3 4 3 3 3 3 3 3 5 6
209,SIPP_2^4,"23,7,0","27,46,0",1,463.40581899999995,827,1.42976,27.99754,5.49779,10.99557,6 6 6 5 6 8 8 8 8 8 8 8 8 8 8 8 8 8 8 8 8 8 8 7 8 8 8 8 8 8 8 8 8 8 8 10 -6.680 8 -17.152 10 12
209,SIPP_2^5,"23,7,0","27,46,0",1,462.102853,835,4.02387,19.69668,3.85813,7.71627,12 12 12 11 16 16 16 16 16 16 16 16 16 16 16 16 16 16 16 16 16 16 16 16 16 16 16 16 16 15 15 -1.537 17 20 -0.713 26
209,SIPP_BigCS,"23,7,8","27,46,7",1,469.491485,6002,73.78042,23.80084,4.5806,1.4082,206 -5.682 350 180 200 304 4 4 4 28 200 200 344 -2.275 103 -0.534 171 7
209,SIPP_Standard,"23,7,8","27,46,7",1,477.98083899999995,839,4.65284,19.687,3.8247,0.5743,-16.748 110 44 0 -41.756 4 -0.477 104
210,SIPP_2^2,"6,1,0","6,54,0",1,590.0,358,0.11353,49.49747,10.99557,21.99115,2 2 2 2 2 2 2 2 2 2 2 2 2 2 2 2 2 2 2 2 2 2 2 2 2 2 2 1 2 1 1 2 2 2 2 2 2 3 3 2 2 2 2 2 2 2 2 2 2 2 2 2 2 2 2 2 2 2 3
210,SIPP_2^3,"6,1,0","6,54,0",1,554.852816,339,0.19523,35.63288,7.06858,14.13717,4 4 4 4 4 4 4 4 4 4 4 4 4 4 4 4 4 4 4 4 3 4 3 3 4 4 4 4 4 4 4 4 4 4 4 4 5 4 4 4 4 4 4 4 4 4 4 4 5 4 4 4 5
210,SIPP_2^4,"6,1,0","6,54,0",1,544.16408,282,0.45573,20.96444,4.17283,8.34566,8 8 8 8 8 8 8 8 7 7 8 8 8 8 8 8 8 8 8 8 8 8 8 8 8 8 7 8 8 8 8 8 9 8 8 8 8 8 8 8 8 9 8 8 8 8 9
210,SIPP_2^5,"6,1,0","6,54,0",1,539.7366619999999,257,1.10086,14.5062,2.89576,5.79151,16 16 16 16 16 16 16 16 16 16 16 16 15 15 16 16 16 15 16 16 16 16 16 16 16 16 16 16 17 16 16 16 16 16 16 16 17 16 16 16 17
210,SIPP_BigCS,"6,1,3","6,54,1",1,541.0,926,7.4836,15.25675,2.9566,0.4145,360 4 4 4 4 0 12 376 366 4 4 4 4 4 4 4 4 56
210,SIPP_Standard,"6,1,3","6,54,1",1,571.0,441,1.0328,21.61844,4.1463,0.5946,16 110 52 104 39 0 0
211,SIPP_2^2,"48,61,0","26,33,0",1,500.0,783,0.27258,84.85281,18.84956,37.69911,3 3 3 3 3 3 3 3 0 3 3 3 0 0 0 0 0 0 0 0 0 0 0 0 0 3 3 0 0 0 0 0 3 3 0 0 0 3 3 0 3 3 3 3 0 0 0 0 0 3
211,SIPP_2^3,"48,61,0","26,33,0",1,371.12699199999986,183,0.13643,31.71458,6.28319,12.56637,7 7 7 7 7 7 7 7 7 7 7 7 7 0 7 7 7 0 0 7 7 0 7 0 0 7 7 7
211,SIPP_2^4,"48,61,0","26,33,0",1,360.4382559999999,102,0.21311,9.64553,1.9305,3.86101,14 14 14 14 14 14 14 14 14 14 14 14 14 15 14 15 15 15 15 14 15 14
211,SIPP_2^5,"48,61,0","26,33,0",1,359.0963469999999,84,0.46306,4.20762,0.8409,1.68179,28 28 28 28 28 28 29 28 28 28 28 28 28 28 29 30 30 30 29
211,SIPP_BigCS,"48,61,15","26,33,3",1,357.0,78,0.92466,5.44449,0.9621,0.1906,102 102 102 102 102 102 102 102 102 102 102 102 182 202 202 202 202 322
211,SIPP_Standard,"48,61,15","26,33,3",1,409.206957,433,1.96158,11.70005,2.273,0.2561,-6.207 2 10 50 69 38
212,SIPP_2^2,"52,5,0","47,4,0",1,60.0,6,0.00254,7.07107,1.5708,3.14159,3 3 3 3 3 0
212,SIPP_2^3,"52,5,0","47,4,0",1,54.142136,5,0.00285,3.82683,0.7854,1.5708,6 6 6 6 7
212,SIPP_2^4,"52,5,0","47,4,0",1,52.36068,4,0.00764,2.29753,0.46365,0.9273,12 12 12 13
212,SIPP_2^5,"52,5,0","47,4,0",1,51.622777,3,0.0176,1.60182,0.32175,0.6435,24 24 25
212,SIPP_BigCS,"52,5,12","47,4,2",1,53.0,5,0.37169,3.85319,0.7822,0.2486,7 7 75
212,SIPP_Standard,"52,5,12","47,4,2",1,436.10912800000006,553,1.6055,26.12773,5.0274,0.8281,87 24 -7.109 107 42 68
213,SIPP_2^2,"42,57,0","60,48,0",1,270.0,224,0.07158,63.63961,14.13717,28.27433,0 0 0 1 0 0 1 1 1 1 0 0 1 1 1 1 1 1 1 1 1 0 1 1 1 0 1
213,SIPP_2^3,"42,57,0","60,48,0",1,217.27922399999994,105,0.06948,27.72429,5.49779,10.99557,2 2 2 1 2 2 1 1 1 2 2 2 1 1 1 2 1 1
213,SIPP_2^4,"42,57,0","60,48,0",1,201.24612,9,0.01521,0.0,0.0,0.0,3 3 3 3 3 3 3 3 3
213,SIPP_2^5,"42,57,0","60,48,0",1,201.24612,9,0.04133,0.0,0.0,0.0,6 6 6 6 6 6 6 6 6
213,SIPP_BigCS,"42,57,13","60,48,13",1,200.0,3,0.18189,1.40227,0.0,0.0,193 193 201
213,SIPP_Standard,"42,57,13","60,48,13",1,238.0,88,0.27968,9.88355,1.8902,0.2936,32 65 49
214,SIPP_2^2,"8,28,0","16,26,0",0,-1,0,0.0,0.0,0.0,0.0,
214,SIPP_2^3,"8,28,0","16,26,0",0,-1,0,0.0,0.0,0.0,0.0,
214,SIPP_2^4,"8,28,0","16,26,0",0,-1,0,0.0,0.0,0.0,0.0,
214,SIPP_2^5,"8,28,0","16,26,0",0,-1,0,0.0,0.0,0.0,0.0,
214,SIPP_BigCS,"8,28,0","16,26,0",0,-1,0,0.0,0.0,0.0,0.0,
214,SIPP_Standard,"8,28,5","16,26,0",0,-1,0,4e-05,0.0,0.0,0.0,
215,SIPP_2^2,"21,34,0","48,58,0",1,528.122183,959,0.35571,42.42641,9.42478,18.84956,1 1 1 1 1 1 1 1 1 1 1 1 1 1 1 -18.007 1 -0.022 1 -0.094 1 1 1 1 1 1 2 1 2 2 2 1 1 2 2 2 2 2 2 2 2 2 2 2 2 2 2 2 2 2 2 2 2 1
215,SIPP_2^3,"21,34,0","48,58,0",1,369.41126399999985,53,0.04204,11.68585,2.35619,4.71239,2 2 3 3 3 3 3 3 3 3 3 3 3 3 3 3 3 3 2 3 3 3 3 3 3 3 3
215,SIPP_2^4,"21,34,0","48,58,0",1,367.62980799999985,51,0.10495,7.05134,1.4289,2.8578,4 4 6 6 6 6 6 6 6 6 6 6 6 6 6 6 6 6 5 6 6 6 6 6 6 6
215,SIPP_2^5,"21,34,0","48,58,0",1,367.1825049999999,49,0.26405,5.80127,1.18019,2.36038,8 8 12 12 12 12 12 12 12 12 12 12 12 12 12 12 12 12 11 12 12 12 12 12 12
215,SIPP_BigCS,"21,34,5","48,58,8",1,367.0,17,0.17883,12.32593,2.4236,0.3426,49 352 100 100 100 100 100 100 124 255
215,SIPP_Standard,"21,34,5","48,58,8",1,410.0,54,0.16878,20.11195,3.903,0.5405,21 48 87 8 36
216,SIPP_2^2,"63,63,0","10,45,0",0,-1,0,0.0,0.0,0.0,0.0,
216,SIPP_2^3,"63,63,0","10,45,0",0,-1,0,0.0,0.0,0.0,0.0,
216,SIPP_2^4,"63,63,0","10,45,0",0,-1,0,0.0,0.0,0.0,0.0,
216,SIPP_2^5,"63,63,0","10,45,0",0,-1,0,0.0,0.0,0.0,0.0,
216,SIPP_BigCS,"63,63,0","10,45,0",0,-1,0,0.0,0.0,0.0,0.0,
216,SIPP_Standard,"63,63,10","10,45,3",0,-1,0,2e-05,0.0,0.0,0.0,
217,SIPP_2^2,"60,26,0","38,44,0",1,429.07486700000004,613,0.24059,49.49747,10.99557,21.99115,3 3 3 3 3 -29.013 3 -0.029 3 -0.034 3 3 3 3 3 3 3 3 3 3 3 3 2 2 2 2 2 2 3 2 2 2 2 2 2 2 2 2 2 3 2 3 2
217,SIPP_2^3,"60,26,0","38,44,0",1,311.3353869999999,180,0.13807,12.03064,2.35619,4.71239,5 5 5 5 5 5 6 6 6 6 6 6 5 5 5 5 5 5 5 5 -5.061 5 5 4 4
217,SIPP_2^4,"60,26,0","38,44,0",1,303.22475999999995,173,0.36288,13.52729,2.67795,5.35589,11 10 11 11 11 12 12 11 10 10 10 10 10 10 10 10 10 8 8 8
217,SIPP_2^5,"60,26,0","38,44,0",1,302.77745699999997,182,0.99537,10.96551,2.1588,4.3176,21 22 22 22 24 24 22 20 20 20 20 20 20 20 20 20 16 16 16
217,SIPP_BigCS,"60,26,2","38,44,13",1,303.019805,654,5.67618,16.95471,3.323,0.7101,219 171 -0.020 67 155 243
217,SIPP_Standard,"60,26,2","38,44,13",1,352.28474900000003,285,0.8621,13.05906,2.5421,0.3262,70 51 -25.285 78 107
218,SIPP_2^2,"20,6,0","10,43,0",1,470.0,534,0.19881,91.92388,20.42035,40.8407,2 2 2 2 2 2 2 2 2 2 2 2 2 2 2 2 2 3 2 2 2 3 2 2 2 2 2 2 2 2 2 2 2 3 2 2 3 3 3 2 3 3 2 3 2 2 3
218,SIPP_2^3,"20,6,0","10,43,0",1,417.27922399999994,364,0.26355,35.63096,7.06858,14.13717,4 4 4 4 4 4 4 4 4 4 4 4 4 4 4 4 4 4 4 4 4 5 4 5 4 4 4 5 5 5 4 4 4 5 5 5 6 5
218,SIPP_2^4,"20,6,0","10,43,0",1,398.32816,260,0.514,25.60646,5.10012,10.20025,8 9 9 9 8 9 8 8 9 9 9 8 9 9 8 8 8 8 8 9 9 8 8 8 7
218,SIPP_2^5,"20,6,0","10,43,0",1,389.4733239999999,170,0.90499,6.42534,1.287,2.574,17 17 17 17 17 17 17 17 17 16 17 17 15
218,SIPP_BigCS,"20,6,0","10,43,9",1,393.0,818,7.715,15.00032,2.8634,0.3977,206 310 4 4 84 206 310 84 382
218,SIPP_Standard,"20,6,0","10,43,9",1,410.0,222,0.74382,17.50351,3.3942,0.4304,39 20 51 94 8
219,SIPP_2^2,"18,16,0","15,47,0",0,-1,0,0.0,0.0,0.0,0.0,
219,SIPP_2^3,"18,16,0","15,47,0",0,-1,0,0.0,0.0,0.0,0.0,
219,SIPP_2^4,"18,16,0","15,47,0",0,-1,0,0.0,0.0,0.0,0.0,
219,SIPP_2^5,"18,16,0","15,47,0",0,-1,0,0.0,0.0,0.0,0.0,
219,SIPP_BigCS,"18,16,0","15,47,0",0,-1,0,0.0,0.0,0.0,0.0,
219,SIPP_Standard,"18,16,15","15,47,5",0,-1,0,3e-05,0.0,0.0,0.0,
220,SIPP_2^2,"16,11,0","15,30,0",1,200.0,20,0.00777,14.14214,3.14159,6.28319,2 2 2 2 2 2 2 2 2 2 2 2 2 2 2 2 2 2 3 2
220,SIPP_2^3,"16,11,0","15,30,0",1,194.142136,19,0.01401,3.82683,0.7854,1.5708,4 4 4 4 4 4 4 4 4 4 4 4 4 4 4 4 4 4 5
220,SIPP_2^4,"16,11,0","15,30,0",1,192.36068,18,0.03892,2.29753,0.46365,0.9273,8 8 8 8 8 8 8 8 8 8 8 8 8 8 8 8 8 9
220,SIPP_2^5,"16,11,0","15,30,0",1,191.62277699999999,17,0.10339,1.60182,0.32175,0.6435,16 16 16 16 16 16 16 16 16 16 16 16 16 16 16 16 17
220,SIPP_BigCS,"16,11,10","15,30,2",1,192.0,17,0.26811,2.36487,0.4708,0.0538,4 4 4 4 0 4 56
220,SIPP_Standard,"16,11,10","15,30,2",1,257.075174,106,0.42293,9.91029,1.8991,0.2915,-3.075 79 104 31
221,SIPP_2^2,"35,51,0","49,16,0",1,490.0,700,0.25114,63.63961,14.13717,28.27433,0 0 0 0 0 0 0 0 0 0 0 0 0 0 0 0 0 0 0 0 0 0 0 0 0 0 0 0 0 1 1 1 1 1 0 1 1 0 1 1 1 1 0 0 1 1 0 0 1
221,SIPP_2^3,"35,51,0","49,16,0",1,407.9899039999999,362,0.25526,27.62931,5.49779,10.99557,0 0 0 0 0 0 0 0 0 0 0 0 0 0 0 0 0 1 1 1 1 1 1 1 1 1 0 1 1 0 0 1 1 0 1
221,SIPP_2^4,"35,51,0","49,16,0",1,389.49193099999997,223,0.43422,15.49521,3.10364,6.20727,1 1 1 1 1 1 1 0 0 0 0 0 0 0 0 1 0 1 1 1 -1.098 0 2 2 2
221,SIPP_2^5,"35,51,0","49,16,0",1,389.301376,239,1.23131,12.60752,2.51563,5.03127,1 2 2 2 1 2 1 0 0 0 0 1 1 0 1 -1.706 2 5
221,SIPP_BigCS,"35,51,1","49,16,7",1,389.0,1017,9.26918,9.12753,1.6205,0.1742,204 204 204 204 204 204 364 6 6 6 6 86 356
221,SIPP_Standard,"35,51,1","49,16,7",1,411.0,302,1.02132,15.98482,3.1187,0.4468,22 53 81 2 22
222,SIPP_2^2,"40,61,0","63,53,0",0,-1,0,0.0,0.0,0.0,0.0,
222,SIPP_2^3,"40,61,0","63,53,0",0,-1,0,0.0,0.0,0.0,0.0,
222,SIPP_2^4,"40,61,0","63,53,0",0,-1,0,0.0,0.0,0.0,0.0,
222,SIPP_2^5,"40,61,0","63,53,0",0,-1,0,0.0,0.0,0.0,0.0,
222,SIPP_BigCS,"40,61,0","63,53,0",0,-1,0,0.0,0.0,0.0,0.0,
222,SIPP_Standard,"40,61,2","63,53,6",0,-1,66516,180.00048,0.0,0.0,0.0,
223,SIPP_2^2,"43,2,0","18,12,0",1,370.0,352,0.1227,77.78175,17.27876,34.55752,3 3 3 3 3 3 3 3 3 3 3 3 3 3 3 3 3 3 2 2 3 2 3 0 3 3 3 2 2 2 2 2 3 2 2 3 2
223,SIPP_2^3,"43,2,0","18,12,0",1,300.52450899999997,199,0.12857,45.60387,8.63938,17.27876,6 6 6 6 6 6 6 6 6 6 5 5 5 5 5 5 6 5 6 5 -0.819 7 5 5 6 5
223,SIPP_2^4,"43,2,0","18,12,0",1,285.453984,141,0.24498,17.63599,3.28349,6.56698,12 12 12 12 11 11 11 11 11 11 11 11 12 14 10 10 10
223,SIPP_2^5,"43,2,0","18,12,0",1,283.97817799999996,140,0.62982,16.97578,3.28349,6.56698,24 24 24 23 22 22 22 22 22 22 23 28 20 20 20
223,SIPP_BigCS,"43,2,10","18,12,3",1,303.0,1135,8.57092,12.11387,2.3558,0.6254,7 35 103 103 103 103 103 183 347 102 102
223,SIPP_Standard,"43,2,10","18,12,3",1,421.39300799999995,353,1.09089,23.84671,4.6246,0.7523,96 78 107 -3.393 50 109
224,SIPP_2^2,"62,4,0","5,12,0",0,-1,60,0.03084,0.0,0.0,0.0,
224,SIPP_2^3,"62,4,0","5,12,0",1,625.563496,551,0.32927,35.85885,7.06858,14.13717,4 5 5 6 6 6 6 6 6 6 6 6 6 6 6 6 6 6 6 6 6 6 5 5 5 6 6 6 6 6 6 6 6 6 6 6 6 6 6 6 6 6 6 5 5 5 5 6 6 6 6 6 6 7 6 6 6 7
224,SIPP_2^4,"62,4,0","5,12,0",1,607.748936,408,0.69345,28.35349,5.60173,11.20346,10 9 12 12 12 12 12 12 12 12 12 12 12 12 12 12 12 12 12 11 11 11 12 12 12 12 12 12 12 12 12 12 12 12 12 11 11 11 12 11 12 12 12 12 13 12 12 13
224,SIPP_2^5,"62,4,0","5,12,0",1,600.6605059999999,336,1.57481,12.82867,2.59155,5.18309,19 24 24 24 24 24 24 24 24 24 24 24 24 24 24 24 23 23 23 23 23 23 23 24 24 24 24 24 24 24 24 24 24 24 25 24 24 25
224,SIPP_BigCS,"62,4,11","5,12,13",1,603.0,1317,12.85226,13.38502,2.5378,0.3122,246 7 3 7 7 83 203 203 307 7 7 7 7 7 7 7 3 87
224,SIPP_Standard,"62,4,11","5,12,13",1,652.0,523,1.28272,33.12642,6.3583,0.9253,86 19 109 55 107 50 109 55
225,SIPP_2^2,"46,41,0","6,28,0",1,549.611716,921,0.34047,91.92388,20.42035,40.8407,3 3 3 3 3 3 3 3 3 3 0 0 3 3 3 3 3 0 3 3 3 3 3 3 3 3 3 3 3 3 3 3 3 3 3 0 3 0 0 -7.826 3 -0.006 3 -10.710 0 -1.070 3 3 3 3 0 0 0 0 0 3 0
225,SIPP_2^3,"46,41,0","6,28,0",1,453.8477679999999,403,0.25379,40.18185,7.85398,15.70796,7 7 7 7 7 7 6 6 6 7 6 6 6 6 7 7 6 6 6 6 7 6 7 7 6 6 6 6 6 6 6 6 6 6 6 6 6 6 6 7
225,SIPP_2^4,"46,41,0","6,28,0",1,431.32755599999996,217,0.40247,11.63892,2.31824,4.63648,13 13 13 13 13 13 13 13 13 13 12 13 13 12 12 12 13 12 12 12 -0.428 12 -0.151 12 -0.060 12 12 12 12 12
225,SIPP_2^5,"46,41,0","6,28,0",1,431.32755599999996,267,1.38283,8.75609,1.75065,3.5013,26 26 26 26 26 26 26 26 26 25 -0.902 25 24 25 24 24 25 -2.477 24 -0.151 24 -0.060 24 24 24 24 24
225,SIPP_BigCS,"46,41,10","6,28,10",1,431.23606899999993,908,16.24699,5.30119,0.8277,0.0816,178 205 205 205 205 205 205 205 309 7 7 -1.236 3 7 7 7 7
225,SIPP_Standard,"46,41,10","6,28,10",1,445.311773,267,1.34092,9.34845,1.4426,0.1887,61 61 -5.312 61 93 11
226,SIPP_2^2,"15,12,0","14,43,0",1,342.683407,180,0.07992,21.2132,4.71239,9.42478,2 2 2 2 2 2 2 2 2 2 2 2 2 2 2 2 2 2 2 2 2 2 2 2 2 2 2 2 2 2 1 -2.683 2 3 3
226,SIPP_2^3,"15,12,0","14,43,0",1,340.32276499999995,275,0.17287,15.18758,3.14159,6.28319,4 4 4 4 4 4 4 4 4 4 4 4 4 4 4 4 4 4 4 4 4 4 4 4 4 4 4 4 4 3 -12.038 5 6
226,SIPP_2^4,"15,12,0","14,43,0",1,339.389273,301,0.55061,18.01191,3.42539,6.85077,8 8 8 8 8 8 8 8 8 8 8 8 8 8 8 8 8 8 8 8 8 8 8 8 8 7 8 7 -1.782 11 -0.526 12
226,SIPP_2^5,"15,12,0","14,43,0",1,339.389273,314,1.52934,14.98768,2.8578,5.7156,16 16 16 16 16 16 16 16 16 16 16 16 16 16 16 16 16 16 16 16 16 16 15 16 16 15 -3.258 22 -0.526 24
226,SIPP_BigCS,"15,12,5","14,43,3",1,339.337544,1632,15.94271,13.20454,2.5728,0.7612,4 4 4 4 4 4 0 4 4 -0.481 12 200 336 -3.856 334
226,SIPP_Standard,"15,12,5","14,43,3",1,351.58888,157,0.65909,8.63736,1.7026,0.232,88 -6.758 0 -3.728 0 -7.102 24
227,SIPP_2^2,"19,13,0","42,46,0",0,-1,0,0.0,0.0,0.0,0.0,
227,SIPP_2^3,"19,13,0","42,46,0",0,-1,0,0.0,0.0,0.0,0.0,
227,SIPP_2^4,"19,13,0","42,46,0",0,-1,0,0.0,0.0,0.0,0.0,
227,SIPP_2^5,"19,13,0","42,46,0",0,-1,0,0.0,0.0,0.0,0.0,
227,SIPP_BigCS,"19,13,0","42,46,0",0,-1,0,0.0,0.0,0.0,0.0,
227,SIPP_Standard,"19,13,2","42,46,9",0,-1,0,3e-05,0.0,0.0,0.0,
228,SIPP_2^2,"48,41,0","31,14,0",1,440.0,616,0.2259,98.99495,21.99115,43.9823,0 0 0 0 0 3 0 0 3 0 3 0 0 0 0 0 0 0 0 0 0 0 0 0 3 0 0 3 0 0 3 3 3 3 3 0 3 3 3 3 3 3 3 0
228,SIPP_2^3,"48,41,0","31,14,0",1,340.4163119999999,187,0.14938,43.03973,8.63938,17.27876,0 7 0 0 0 7 0 7 0 0 7 7 7 7 7 7 7 7 7 0 0 7 7 7 0 7 7
228,SIPP_2^4,"48,41,0","31,14,0",1,322.6017519999999,88,0.19692,4.836,0.96525,1.9305,15 15 15 15 15 15 15 15 14 14 14 15 15 14 14 14 14
228,SIPP_2^5,"48,41,0","31,14,0",1,319.917934,33,0.18479,2.23033,0.44611,0.89221,29 30 30 30 30 29 29 29 29 29 28
228,SIPP_BigCS,"48,41,15","31,14,5",1,318.0,15,0.23978,4.41695,0.6528,0.0402,202 202 202 202 202 202 202 218 102 154
228,SIPP_Standard,"48,41,15","31,14,5",1,323.87638400000003,17,0.0882,5.76629,0.9646,0.055,54 -4.876 58 66 54
229,SIPP_2^2,"52,32,0","56,47,0",1,190.0,84,0.0353,28.28427,6.28319,12.56637,2 2 2 2 2 2 2 2 2 2 1 1 2 2 2 2 1 1 2
229,SIPP_2^3,"52,32,0","56,47,0",1,170.614577,73,0.05544,15.60248,3.14159,6.28319,4 4 4 4 4 4 4 3 4 4 3 3 3 -2.899 4 -1.147 4
229,SIPP_2^4,"52,32,0","56,47,0",1,170.614577,87,0.18747,18.2468,3.42539,6.85077,8 8 8 8 8 7 7 8 8 7 8 -2.386 8 -1.147 4
229,SIPP_2^5,"52,32,0","56,47,0",1,170.614577,91,0.535,13.73206,2.53605,5.0721,15 16 16 16 16 15 15 16 -4.600 16 -1.147 8
229,SIPP_BigCS,"52,32,4","56,47,7",1,170.517412,339,2.87762,4.95204,0.9691,0.1012,4 4 80 -12.517 304
229,SIPP_Standard,"52,32,4","56,47,7",1,170.52309,16,0.07614,5.68818,1.1057,0.1711,87 -3.523 0
230,SIPP_2^2,"28,44,0","19,4,0",1,490.0,525,0.20041,56.56854,12.56637,25.13274,0 0 0 0 0 0 0 3 3 3 3 0 3 3 3 0 0 3 0 0 0 0 3 0 0 0 0 0 0 0 0 0 0 0 0 0 0 0 0 0 0 0 0 0 0 0 0 0 0
230,SIPP_2^3,"28,44,0","19,4,0",1,437.27922399999994,231,0.15935,27.95012,5.49779,10.99557,0 7 7 7 0 0 0 0 7 7 0 0 0 7 7 7 0 0 0 0 0 0 0 0 0 0 0 0 0 0 0 0 0 0 0 0 0 0 0 7
230,SIPP_2^4,"28,44,0","19,4,0",1,430.415933,214,0.44103,12.49036,2.49809,4.99618,15 15 15 15 15 15 0 -4.948 0 -1.883 14 -0.558 15 0 0 0 0 0 0 0 0 0 0 0 0 0 0 0 0 0 0 0 0 0 15
230,SIPP_2^5,"28,44,0","19,4,0",1,429.25983399999996,215,1.16997,12.61882,2.49809,4.99618,31 30 30 30 30 30 -5.686 0 -1.883 28 -0.878 31 0 0 0 0 0 0 0 0 0 0 0 0 0 0 0 0 0 0 0 31
230,SIPP_BigCS,"28,44,1","19,4,1",1,429.971522,887,10.34105,10.84558,2.1123,0.3597,6 82 -4.972 218 170 6 6 6 2 6 6 6 14
230,SIPP_Standard,"28,44,1","19,4,1",1,448.731396,199,1.1376,8.59925,1.4426,0.1887,58 -17.731 58 90 2 22
231,SIPP_2^2,"15,38,0","31,32,0",1,256.252763,207,0.07785,56.56854,15.70796,31.41593,1 1 1 2 -16.253 0 1 1 0 0 1 1 1 1 0 0 0 1 1 1 1 1 1 0 1
231,SIPP_2^3,"15,38,0","31,32,0",1,184.852816,31,0.01987,8.06995,1.5708,3.14159,1 1 1 1 1 2 2 2 2 2 2 2 2 2 2 1
231,SIPP_2^4,"15,38,0","31,32,0",1,183.07136,30,0.05389,6.37533,1.24905,2.49809,2 2 2 2 2 4 4 4 4 4 4 4 4 4 3
231,SIPP_2^5,"15,38,0","31,32,0",1,182.333457,29,0.14638,5.65111,1.10715,2.2143,4 4 4 4 4 8 8 8 8 8 8 8 8 7
231,SIPP_BigCS,"15,38,14","31,32,1",1,181.0,33,0.44618,6.72143,1.3279,0.3054,101 101 101 101 169 5 13
231,SIPP_Standard,"15,38,14","31,32,1",1,237.137941,49,0.3206,6.51253,1.1565,0.2278,-60.138 57 97
232,SIPP_2^2,"2,50,0","0,29,0",0,-1,0,0.0,0.0,0.0,0.0,
232,SIPP_2^3,"2,50,0","0,29,0",0,-1,0,0.0,0.0,0.0,0.0,
232,SIPP_2^4,"2,50,0","0,29,0",0,-1,0,0.0,0.0,0.0,0.0,
232,SIPP_2^5,"2,50,0","0,29,0",0,-1,0,0.0,0.0,0.0,0.0,
232,SIPP_BigCS,"2,50,0","0,29,0",0,-1,0,0.0,0.0,0.0,0.0,
232,SIPP_Standard,"2,50,15","0,29,4",0,-1,64170,180.00188,0.0,0.0,0.0,
233,SIPP_2^2,"36,41,0","60,57,0",1,400.0,532,0.21666,70.71068,15.70796,31.41593,1 1 1 1 1 1 1 1 1 1 1 1 1 1 1 1 1 2 2 2 2 2 1 1 1 2 1 2 2 2 1 2 2 2 2 1 2 2 2 1
233,SIPP_2^3,"36,41,0","60,57,0",1,306.2741759999999,178,0.11733,15.42038,3.14159,6.28319,3 3 3 3 3 3 3 3 3 3 3 3 3 3 2 2 2 2 2 2 2 3 2 3
233,SIPP_2^4,"36,41,0","60,57,0",1,292.02252799999997,86,0.15582,4.84703,0.96525,1.9305,5 5 5 5 5 5 5 6 5 6 6 6 6 6 6 6
233,SIPP_2^5,"36,41,0","60,57,0",1,288.444104,8,0.03899,0.0,0.0,0.0,11 11 11 11 11 11 11 11
233,SIPP_BigCS,"36,41,11","60,57,13",1,288.0,11,0.19981,5.48532,0.975,0.0607,207 207 207 223 176 255
233,SIPP_Standard,"36,41,11","60,57,13",1,317.0,191,0.41635,7.44876,1.4273,0.1284,52 64 36 1
234,SIPP_2^2,"26,7,0","44,42,0",1,530.841958,862,0.32328,42.42641,9.42478,18.84956,2 2 2 2 1 1 1 1 1 1 1 -0.842 1 1 1 2 2 2 2 2 2 2 2 2 2 2 2 2 2 2 2 2 2 2 2 2 2 2 2 2 2 2 2 2 1 1 1 1 1 1 2 1 1 2
234,SIPP_2^3,"26,7,0","44,42,0",1,424.5584479999999,317,0.24723,35.26163,7.06858,14.13717,4 4 4 3 3 3 3 3 3 3 3 3 3 3 3 4 4 4 4 4 4 4 4 4 3 3 3 4 3 4 4 3 4 4 3
234,SIPP_2^4,"26,7,0","44,42,0",1,399.618064,91,0.20332,10.35842,2.0724,4.1448,8 8 8 7 7 7 7 7 7 7 7 7 6 7 6 7 7 7 7 6 6
234,SIPP_2^5,"26,7,0","44,42,0",1,397.090949,55,0.36239,5.42154,1.08542,2.17085,16 16 15 14 14 14 14 14 13 14 14 13 13 14 14 13
234,SIPP_BigCS,"26,7,0","44,42,1",1,394.0,19,0.32659,5.54877,0.7844,0.0543,80 200 200 200 200 200 200 200 200 200 200 216 100
234,SIPP_Standard,"26,7,0","44,42,1",1,414.0,13,0.10051,17.87208,3.4,0.432,12 87 4 64 52
235,SIPP_2^2,"51,54,0","3,12,0",1,900.0,3288,1.19938,70.71068,15.70796,31.41593,3 3 3 3 3 3 3 3 3 3 3 3 3 3 3 3 3 3 3 3 3 3 3 3 3 3 3 3 3 3 3 3 3 3 3 3 3 3 3 3 3 0 0 0 0 0 0 0 0 0 0 0 0 0 0 0 0 0 0 0 0 0 0 3 0 0 0 0 0 0 0 0 0 3 3 0 0 0 0 3 3 0 0 0 3 0 0 0 0 3
235,SIPP_2^3,"51,54,0","3,12,0",1,653.9697120000002,330,0.23306,23.62413,4.71239,9.42478,7 7 7 6 6 7 7 7 7 7 7 7 7 7 7 7 7 7 7 7 7 7 7 7 7 7 7 7 7 7 7 7 7 7 7 7 7 7 7 7 7 7 6 6 7 6 6 7
235,SIPP_2^4,"51,54,0","3,12,0",1,643.280976,252,0.49907,6.45314,1.287,2.57401,14 14 14 14 14 14 14 14 14 14 14 14 14 13 13 14 14 14 14 14 14 14 14 14 14 14 14 14 14 14 14 14 14 14 13 13 13 13 14 14 14 14
235,SIPP_2^5,"51,54,0","3,12,0",1,640.5971579999999,200,1.10487,5.92472,1.18437,2.36875,28 28 28 28 28 28 28 28 28 28 27 28 28 27 28 28 28 28 28 28 28 28 28 28 28 28 28 28 28 28 28 27 27 27 27 28
235,SIPP_BigCS,"51,54,13","3,12,13",1,636.0,38,0.59747,8.82804,1.6476,0.1178,102 102 102 102 102 102 102 102 102 102 102 126 253 102 102 102 102 102 102 102 102 102 102 126 221 126
235,SIPP_Standard,"51,54,13","3,12,13",1,645.0,110,0.43989,11.80197,2.2504,0.1185,69 30 50 69 54 66 50 69
236,SIPP_2^2,"14,43,0","23,28,0",1,263.59742800000004,278,0.10869,14.14214,3.14159,6.28319,0 0 0 0 0 0 0 0 0 0 0 0 0 0 0 0 1 1 1 1 1 1 -2.536 1 -1.062 1 1 2
236,SIPP_2^3,"14,43,0","23,28,0",1,198.568317,102,0.07755,28.35223,5.49779,10.99557,1 1 1 1 -2.896 1 -2.886 1 0 0 0 1 0 1 0 1 -5.507 0
236,SIPP_2^4,"14,43,0","23,28,0",1,198.568317,115,0.24107,15.09526,2.9997,5.99939,2 2 1 3 -3.487 2 1 0 0 1 1 -10.852 0
236,SIPP_2^5,"14,43,0","23,28,0",1,198.568317,117,0.63722,8.29271,1.66138,3.32276,3 -0.434 5 -3.948 4 1 2 1 -12.328 0
236,SIPP_BigCS,"14,43,4","23,28,7",1,198.47115200000002,399,3.55105,4.48408,0.8375,0.0871,101 101 -13.560 125 204 -6.911 308
236,SIPP_Standard,"14,43,4","23,28,7",1,335.0,446,1.60439,16.3107,3.1374,0.4774,27 106 45 1
237,SIPP_2^2,"40,9,0","48,7,0",1,100.0,21,0.0082,28.28427,6.28319,12.56637,1 1 1 1 1 1 0 1 0 1
237,SIPP_2^3,"40,9,0","48,7,0",1,88.28427199999999,14,0.01018,11.59279,2.35619,4.71239,2 2 2 1 2 2 2 1
237,SIPP_2^4,"40,9,0","48,7,0",1,84.72136,10,0.02056,6.94722,1.39094,2.78189,4 4 3 4 4 3
237,SIPP_2^5,"40,9,0","48,7,0",1,83.245554,7,0.03686,3.22267,0.6435,1.287,7 8 8 7
237,SIPP_BigCS,"40,9,8","48,7,2",1,84.0,7,0.18636,2.36385,0.463,0.0399,5 81
237,SIPP_Standard,"40,9,8","48,7,2",1,86.0,1,0.04696,4.17478,0.8457,0.1277,9
238,SIPP_2^2,"9,58,0","46,39,0",1,560.0,927,0.31234,148.49242,32.98672,65.97345,0 0 0 0 1 1 0 0 0 1 1 1 1 1 1 1 1 1 0 0 0 1 1 1 1 1 1 1 1 1 1 1 1 0 1 0 1 1 1 0 0 1 1 0 1 0 1 0 1 0 1 1 1 1 0 1
238,SIPP_2^3,"9,58,0","46,39,0",1,448.7005839999999,411,0.27761,63.04417,12.56637,25.13274,1 2 1 1 1 1 1 1 1 1 2 2 2 2 1 2 2 2 1 1 2 2 2 1 2 2 1 2 1 1 2 1 1 2 2 2 1
238,SIPP_2^4,"9,58,0","46,39,0",1,420.197288,88,0.17044,14.14792,2.81984,5.63968,2 2 3 3 3 3 3 3 2 3 4 3 3 3 3 3 3 3 3 4 3
238,SIPP_2^5,"9,58,0","46,39,0",1,417.379573,62,0.32014,3.99589,0.79876,1.59751,5 5 6 6 5 6 7 6 6 6 6 6 6 6 6 7
238,SIPP_BigCS,"9,58,0","46,39,3",1,420.0,260,3.25189,12.29965,2.2072,0.4748,201 201 201 217 169 81 201 201 201 201 201 201 321
238,SIPP_Standard,"9,58,0","46,39,3",1,468.190478,676,2.4037,10.37937,1.7995,0.2625,57 65 53 -44.190 57 97
239,SIPP_2^2,"53,43,0","55,26,0",1,190.0,41,0.01629,14.14214,3.14159,6.28319,0 0 0 0 0 0 0 0 0 0 0 1 1 0 0 0 0 0 0
239,SIPP_2^3,"53,43,0","55,26,0",1,178.284272,34,0.0249,7.75965,1.5708,3.14159,0 0 0 0 0 0 0 0 0 0 1 1 0 0 0 0 0
239,SIPP_2^4,"53,43,0","55,26,0",1,174.72136,28,0.05559,9.28787,1.85459,3.70918,0 0 0 0 0 0 0 0 1 0 1 0 0 0 0
239,SIPP_2^5,"53,43,0","55,26,0",1,173.245554,27,0.14148,6.44099,1.287,2.574,0 0 0 0 0 0 1 0 1 0 0 0 0
239,SIPP_BigCS,"53,43,9","55,26,12",1,174.0,42,0.46369,5.02813,0.9783,0.1089,6 6 6 6 58 364
239,SIPP_Standard,"53,43,9","55,26,12",1,335.0,367,0.96922,19.41345,3.7804,0.5751,50 85 26 105
240,SIPP_2^2,"27,42,0","28,14,0",1,290.0,30,0.01281,14.14214,3.14159,6.28319,0 0 0 0 0 0 0 0 0 0 0 0 0 0 0 0 1 0 0 0 0 0 0 0 0 0 0 0 0
240,SIPP_2^3,"27,42,0","28,14,0",1,284.142136,29,0.02317,7.70981,1.5708,3.14159,0 0 0 0 0 0 0 0 0 0 0 0 0 0 0 0 1 0 0 0 0 0 0 0 0 0 0 0
240,SIPP_2^4,"27,42,0","28,14,0",1,282.36068,28,0.06392,4.62238,0.9273,1.85459,0 0 0 0 0 0 0 0 0 0 0 0 0 0 0 1 0 0 0 0 0 0 0 0 0 0 0
240,SIPP_2^5,"27,42,0","28,14,0",1,281.622777,27,0.1621,3.21316,0.6435,1.287,0 0 0 0 0 0 0 0 0 0 0 0 0 0 0 1 0 0 0 0 0 0 0 0 0 0
240,SIPP_BigCS,"27,42,8","28,14,14",1,282.0,34,0.43918,2.62046,0.5075,0.0551,364 2 2 6 6 6 6 6
240,SIPP_Standard,"27,42,8","28,14,14",1,321.0,165,1.12589,11.06532,2.1158,0.2153,49 92 6 74
241,SIPP_2^2,"18,44,0","57,40,0",1,430.0,204,0.07256,42.42641,9.42478,18.84956,1 1 1 1 1 1 1 1 1 1 1 1 1 1 1 1 1 1 1 1 1 1 1 0 0 1 1 1 1 1 1 1 1 1 1 1 1 1 1 0 1 0 1
241,SIPP_2^3,"18,44,0","57,40,0",1,406.568544,160,0.13465,19.54353,3.92699,7.85398,2 2 2 2 2 2 2 2 2 2 2 2 2 2 2 2 2 1 2 2 2 2 2 1 1 2 2 2 2 2 2 2 2 2 2 2 2 2 1
241,SIPP_2^4,"18,44,0","57,40,0",1,399.44272,126,0.23247,6.98569,1.39094,2.78189,4 4 4 4 4 4 4 3 3 3 4 4 4 4 4 4 4 4 4 4 4 4 4 4 4 4 4 4 4 4 4 4 4 4 3
241,SIPP_2^5,"18,44,0","57,40,0",1,396.49110799999994,111,0.51894,8.05886,1.60875,3.21751,8 8 8 8 8 8 8 8 8 8 8 7 8 7 7 8 8 8 8 8 8 8 8 8 8 8 8 8 8 8 7
241,SIPP_BigCS,"18,44,12","57,40,14",1,398.0,344,2.63507,10.06376,1.9566,0.2178,361 5 5 5 5 5 5 5 5 5 5 29 361 5 5 5 29
241,SIPP_Standard,"18,44,12","57,40,14",1,411.101252,90,0.30676,11.13054,2.1756,0.2766,1 1 9 -4.101 45 17
242,SIPP_2^2,"28,62,0","17,18,0",1,550.0,720,0.24891,77.78175,17.27876,34.55752,0 0 0 0 0 0 0 0 0 0 0 0 0 0 0 3 3 3 0 0 0 0 0 0 0 0 0 0 0 0 0 3 3 3 3 0 0 0 3 0 0 0 0 3 0 0 3 0 0 0 0 0 0 0 3
242,SIPP_2^3,"28,62,0","17,18,0",1,485.56349599999993,436,0.30314,36.13795,7.06858,14.13717,0 0 0 0 0 0 0 0 0 0 0 0 0 0 0 0 0 0 0 0 0 0 0 0 7 7 7 7 7 7 7 0 7 0 0 0 0 7 0 0 7 0 0 7
242,SIPP_2^4,"28,62,0","17,18,0",1,465.96748,254,0.49082,16.30912,3.24553,6.49107,0 0 0 0 0 0 0 0 0 0 0 0 0 0 0 0 15 15 15 0 0 15 0 0 15 15 15 15 15 15 0 0 15
242,SIPP_2^5,"28,62,0","17,18,0",1,460.8021589999999,194,1.00212,14.12394,2.81984,5.63968,0 0 0 0 0 0 0 31 0 0 0 0 0 31 31 0 0 31 0 31 30 31 30 30 30 31
242,SIPP_BigCS,"28,62,5","17,18,6",1,462.0,666,6.68318,13.21597,2.4549,0.2652,202 362 6 6 6 30 362 82 202 202 202 306
242,SIPP_Standard,"28,62,5","17,18,6",1,478.0,220,0.77576,9.3562,1.819,0.2268,2 2 2 10 54 74
243,SIPP_2^2,"0,39,0","15,45,0",0,-1,0,0.0,0.0,0.0,0.0,
243,SIPP_2^3,"0,39,0","15,45,0",0,-1,0,0.0,0.0,0.0,0.0,
243,SIPP_2^4,"0,39,0","15,45,0",0,-1,0,0.0,0.0,0.0,0.0,
243,SIPP_2^5,"0,39,0","15,45,0",0,-1,0,0.0,0.0,0.0,0.0,
243,SIPP_BigCS,"0,39,0","15,45,0",0,-1,0,0.0,0.0,0.0,0.0,
243,SIPP_Standard,"0,39,10","15,45,3",0,-1,0,1e-05,0.0,0.0,0.0,
244,SIPP_2^2,"34,32,0","17,46,0",1,310.0,323,0.1166,70.71068,15.70796,31.41593,3 3 3 3 3 3 3 3 3 3 2 3 3 2 2 2 2 2 2 2 2 3 3 2 2 3 2 2 3 2 3
244,SIPP_2^3,"34,32,0","17,46,0",1,227.98990399999994,53,0.03387,16.09222,3.14159,6.28319,5 5 5 5 6 6 5 5 5 5 5 6 5 5 5 5 5
244,SIPP_2^4,"34,32,0","17,46,0",1,222.64553599999996,42,0.08757,4.84111,0.96525,1.9305,11 10 10 10 11 11 10 10 10 10 10 10 10 10
244,SIPP_2^5,"34,32,0","17,46,0",1,221.30362699999995,34,0.23619,3.95275,0.78958,1.57916,20 20 21 21 20 20 20 20 21 20 20
244,SIPP_BigCS,"34,32,5","17,46,6",1,220.0,13,1.142,5.27884,0.9948,0.0776,103 155 251 103 155
244,SIPP_Standard,"34,32,5","17,46,6",1,238.0,36,0.45469,9.3562,1.819,0.2268,11 51 78
245,SIPP_2^2,"25,19,0","14,61,0",0,-1,3,0.00256,0.0,0.0,0.0,
245,SIPP_2^3,"25,19,0","14,61,0",0,-1,3,0.00112,0.0,0.0,0.0,
245,SIPP_2^4,"25,19,0","14,61,0",0,-1,3,0.00271,0.0,0.0,0.0,
245,SIPP_2^5,"25,19,0","14,61,0",0,-1,3,0.00682,0.0,0.0,0.0,
245,SIPP_BigCS,"25,19,6","14,61,3",1,538.0,194,1.49861,23.38341,4.6081,0.9774,219 159 71 342 304 4 4 0 80 304
245,SIPP_Standard,"25,19,6","14,61,3",1,992.0,952,2.29828,44.64019,8.5567,1.2839,67 47 27 106 41 79 104 31 39 0 8 52
246,SIPP_2^2,"21,18,0","59,52,0",1,720.0,2063,0.74281,84.85281,18.84956,37.69911,2 2 2 2 2 2 2 1 1 1 1 1 1 1 1 1 1 1 1 1 1 1 1 1 1 1 1 1 1 1 1 1 1 1 1 1 2 1 1 2 2 2 2 2 2 1 2 2 2 2 2 2 2 2 1 2 2 2 2 2 2 1 2 2 2 2 2 1 1 1 1 2
246,SIPP_2^3,"21,18,0","59,52,0",1,560.6392159999998,711,0.46911,39.39838,7.85398,15.70796,2 1 -2.233 2 3 4 3 4 4 3 4 4 3 3 3 3 3 3 3 3 3 3 3 3 3 3 3 3 3 3 3 3 3 3 3 3 3 3 3 2 2 2 2 2
246,SIPP_2^4,"21,18,0","59,52,0",1,542.2416559999999,361,0.67847,26.3993,5.28991,10.57981,8 8 8 8 8 8 8 6 6 6 6 6 6 6 5 6 5 6 5 6 5 6 6 5 5 5 5 5 6 6 5 6 5 6
246,SIPP_2^5,"21,18,0","59,52,0",1,538.663232,267,1.42578,15.10941,3.05938,6.11876,16 16 16 16 16 16 16 11 12 11 12 12 12 12 11 12 12 11 12 11 11 10 11 10 10 11
246,SIPP_BigCS,"21,18,14","59,52,8",1,534.0,339,6.6979,11.55299,2.0795,0.2073,4 4 4 4 88 100 100 124 223 176 207 207 207 207 223 100
246,SIPP_Standard,"21,18,14","59,52,8",1,565.0,96,0.38257,17.39826,3.1849,0.4071,41 71 52 72 71 52 56
247,SIPP_2^2,"22,50,0","24,25,0",1,301.418387,151,0.0587,28.28427,6.28319,12.56637,0 0 0 0 0 3 0 0 0 -11.418 0 0 0 0 0 0 0 0 0 0 0 1 1 1 0 0 0 0 0 0
247,SIPP_2^3,"22,50,0","24,25,0",1,283.13708799999995,213,0.15696,32.70736,6.28319,12.56637,0 0 0 0 0 0 0 7 7 0 1 1 0 0 0 0 0 0 1 1 1 7 0 0 0
247,SIPP_2^4,"22,50,0","24,25,0",1,264.16408,113,0.23302,11.59499,2.31824,4.63648,0 1 1 1 1 0 0 0 0 0 0 0 0 0 0 15 0 0 15
247,SIPP_2^5,"22,50,0","24,25,0",1,261.212468,99,0.55294,7.84894,1.5708,3.14159,1 2 2 1 0 0 0 31 0 0 0 0 0 0 31
247,SIPP_BigCS,"22,50,11","24,25,10",1,262.0,221,2.2476,5.23913,0.9691,0.1012,204 204 308 2 82
247,SIPP_Standard,"22,50,11","24,25,10",1,319.0,219,0.75483,11.57191,2.212,0.2677,68 49 108 50
248,SIPP_2^2,"50,43,0","38,38,0",1,170.0,82,0.02825,35.35534,7.85398,15.70796,3 3 3 3 3 3 3 3 3 0 0 3 3 0 0 3 0
248,SIPP_2^3,"50,43,0","38,38,0",1,140.71067999999997,44,0.03003,11.59279,2.35619,4.71239,6 6 6 6 7 6 6 6 7 7 7 7
248,SIPP_2^4,"50,43,0","38,38,0",1,131.8034,18,0.03675,9.33785,1.85459,3.70918,13 12 13 13 12 13 13
248,SIPP_2^5,"50,43,0","38,38,0",1,130.32759399999998,11,0.06306,0.71022,0.1419,0.28379,26 26 26 25 25
248,SIPP_BigCS,"50,43,6","38,38,10",1,130.0,5,0.17607,2.91107,0.5061,0.0613,205 205 205 309
248,SIPP_Standard,"50,43,6","38,38,10",1,175.0,29,0.13438,11.51907,2.2622,0.3989,99 85
249,SIPP_2^2,"63,18,0","14,58,0",0,-1,0,0.0,0.0,0.0,0.0,
249,SIPP_2^3,"63,18,0","14,58,0",0,-1,0,0.0,0.0,0.0,0.0,
249,SIPP_2^4,"63,18,0","14,58,0",0,-1,0,0.0,0.0,0.0,0.0,
249,SIPP_2^5,"63,18,0","14,58,0",0,-1,0,0.0,0.0,0.0,0.0,
249,SIPP_BigCS,"63,18,0","14,58,0",0,-1,0,0.0,0.0,0.0,0.0,
249,SIPP_Standard,"63,18,10","14,58,9",0,-1,0,1e-05,0.0,0.0,0.0,
250,SIPP_2^2,"63,7,0","5,42,0",0,-1,0,0.0,0.0,0.0,0.0,
250,SIPP_2^3,"63,7,0","5,42,0",0,-1,0,0.0,0.0,0.0,0.0,
250,SIPP_2^4,"63,7,0","5,42,0",0,-1,0,0.0,0.0,0.0,0.0,
250,SIPP_2^5,"63,7,0","5,42,0",0,-1,0,0.0,0.0,0.0,0.0,
250,SIPP_BigCS,"63,7,0","5,42,0",0,-1,0,0.0,0.0,0.0,0.0,
250,SIPP_Standard,"63,7,14","5,42,1",0,-1,0,1e-05,0.0,0.0,0.0,
